ISO-10303-21;
HEADER;
/* Generated by software containing ST-Developer
 * from STEP Tools, Inc. (www.steptools.com) 
 */

FILE_DESCRIPTION(
/* description */ ('STEP AP203'),
/* implementation_level */ '2;1');

FILE_NAME(
/* name */ 'Back panel.step',
/* time_stamp */ '2026-07-23T10:27:21+08:00',
/* author */ (''),
/* organization */ (''),
/* preprocessor_version */ 'ST-DEVELOPER v20.1',
/* originating_system */ 'Autodesk Translation Framework v15.8.0.0',
/* authorisation */ '');

FILE_SCHEMA (('AUTOMOTIVE_DESIGN { 1 0 10303 214 3 1 1 }'));
ENDSEC;

DATA;
#10=MECHANICAL_DESIGN_GEOMETRIC_PRESENTATION_REPRESENTATION('',(#13),#3206);
#11=SHAPE_REPRESENTATION_RELATIONSHIP('SRR','None',#3213,#12);
#12=ADVANCED_BREP_SHAPE_REPRESENTATION('',(#14),#3205);
#13=STYLED_ITEM('',(#3222),#14);
#14=MANIFOLD_SOLID_BREP('Body1',#1343);
#15=B_SPLINE_CURVE_WITH_KNOTS('',3,(#2127,#2128,#2129,#2130,#2131,#2132,
#2133,#2134,#2135,#2136,#2137,#2138,#2139,#2140,#2141,#2142),
 .UNSPECIFIED.,.F.,.F.,(4,2,2,2,2,2,2,4),(-0.666839099695647,-0.594069395659559,
-0.530163373776263,-0.428882223129612,-0.370824667373389,-0.202064762459557,
-0.105487936482356,0.),.UNSPECIFIED.);
#16=B_SPLINE_CURVE_WITH_KNOTS('',3,(#2143,#2144,#2145,#2146,#2147,#2148,
#2149,#2150,#2151,#2152,#2153,#2154,#2155,#2156,#2157,#2158,#2159,#2160,
#2161,#2162,#2163,#2164),.UNSPECIFIED.,.F.,.F.,(4,2,2,2,2,2,2,2,2,2,4),
(-0.391701678517822,-0.348103756711838,-0.310413654449484,-0.244238498997574,
-0.227426532197638,-0.216074339092093,-0.169710974357013,-0.130656044641728,
-0.0679869100436754,-0.0347643792958326,0.),.UNSPECIFIED.);
#17=B_SPLINE_CURVE_WITH_KNOTS('',3,(#2269,#2270,#2271,#2272,#2273,#2274,
#2275,#2276,#2277,#2278,#2279,#2280,#2281,#2282,#2283,#2284),
 .UNSPECIFIED.,.F.,.F.,(4,2,2,2,2,2,2,4),(-0.639148858827566,-0.55676994567065,
-0.474885654960499,-0.420248863978447,-0.352525030347692,-0.239623331789987,
-0.131177677031394,0.),.UNSPECIFIED.);
#18=B_SPLINE_CURVE_WITH_KNOTS('',3,(#2286,#2287,#2288,#2289,#2290,#2291,
#2292,#2293,#2294,#2295,#2296,#2297,#2298,#2299,#2300,#2301,#2302,#2303,
#2304,#2305),.UNSPECIFIED.,.F.,.F.,(4,2,2,2,2,2,2,2,2,4),(-0.451929375128931,
-0.396465872356655,-0.340001417569469,-0.301135897879904,-0.252286571452285,
-0.226641290631827,-0.186032067670084,-0.105356020938959,-0.0557430640130593,
0.),.UNSPECIFIED.);
#19=B_SPLINE_CURVE_WITH_KNOTS('',3,(#2437,#2438,#2439,#2440,#2441,#2442,
#2443,#2444,#2445,#2446,#2447,#2448,#2449,#2450,#2451,#2452),
 .UNSPECIFIED.,.F.,.F.,(4,2,2,2,2,2,2,4),(-0.639148858824858,-0.55676994566096,
-0.474885654950685,-0.420248863972354,-0.352525030347085,-0.23962333176753,
-0.131177677010853,0.),.UNSPECIFIED.);
#20=B_SPLINE_CURVE_WITH_KNOTS('',3,(#2454,#2455,#2456,#2457,#2458,#2459,
#2460,#2461,#2462,#2463,#2464,#2465,#2466,#2467,#2468,#2469,#2470,#2471,
#2472,#2473),.UNSPECIFIED.,.F.,.F.,(4,2,2,2,2,2,2,2,2,4),(-0.451929375221795,
-0.396465872420487,-0.34000141760831,-0.301135897904147,-0.252286571462298,
-0.226641290634489,-0.186032067660019,-0.105356020924681,-0.055743064003497,
0.),.UNSPECIFIED.);
#21=B_SPLINE_CURVE_WITH_KNOTS('',3,(#2526,#2527,#2528,#2529,#2530,#2531,
#2532,#2533,#2534,#2535,#2536,#2537,#2538,#2539,#2540,#2541,#2542,#2543,
#2544,#2545,#2546,#2547,#2548,#2549,#2550),.UNSPECIFIED.,.F.,.F.,(4,2,2,
2,2,2,2,1,2,2,2,2,4),(0.,0.25,0.375,0.4375,0.46875,0.484375,0.4921875,0.49609375,
0.498046875,0.5,0.625,0.75,1.),.UNSPECIFIED.);
#22=B_SPLINE_CURVE_WITH_KNOTS('',3,(#2551,#2552,#2553,#2554,#2555,#2556,
#2557,#2558,#2559,#2560,#2561,#2562,#2563,#2564,#2565,#2566,#2567,#2568,
#2569,#2570,#2571,#2572,#2573,#2574,#2575,#2576,#2577,#2578,#2579,#2580,
#2581,#2582,#2583,#2584,#2585,#2586,#2587,#2588,#2589,#2590,#2591,#2592,
#2593,#2594,#2595,#2596,#2597,#2598,#2599,#2600,#2601,#2602,#2603,#2604,
#2605),.UNSPECIFIED.,.F.,.F.,(4,3,3,3,3,3,3,3,3,3,3,3,3,3,3,3,3,3,4),(0.,
0.0741075376771916,0.151963250384089,0.233869592117805,0.249999999999973,
0.374999999999959,0.437499999999952,0.468749988906273,0.484374997386565,
0.492187499857631,0.496093749999944,0.498046874999908,0.499999999999947,
0.625000000000354,0.749999999999973,0.817387899486673,0.88219804496973,
0.942348136067001,1.),.UNSPECIFIED.);
#23=B_SPLINE_CURVE_WITH_KNOTS('',3,(#2681,#2682,#2683,#2684,#2685,#2686,
#2687,#2688,#2689,#2690,#2691,#2692,#2693,#2694,#2695,#2696,#2697,#2698,
#2699,#2700,#2701,#2702,#2703),.UNSPECIFIED.,.F.,.F.,(4,2,2,2,2,2,2,1,2,
2,2,4),(0.,0.25,0.375,0.4375,0.46875,0.484375,0.4921875,0.49609375,0.498046875,
0.5,0.75,1.),.UNSPECIFIED.);
#24=B_SPLINE_CURVE_WITH_KNOTS('',3,(#2704,#2705,#2706,#2707,#2708,#2709,
#2710,#2711,#2712,#2713,#2714,#2715,#2716,#2717,#2718,#2719,#2720,#2721,
#2722),.UNSPECIFIED.,.F.,.F.,(4,2,2,2,1,1,1,2,2,2,4),(0.,0.250000000000004,
0.375000000000006,0.437500000000012,0.46875000000002,0.484375000000018,
0.492187500000011,0.496093749999995,0.49999999999998,0.74999999999999,1.),
 .UNSPECIFIED.);
#25=B_SPLINE_CURVE_WITH_KNOTS('',3,(#2827,#2828,#2829,#2830,#2831,#2832,
#2833,#2834,#2835,#2836,#2837,#2838,#2839,#2840,#2841,#2842,#2843,#2844),
 .UNSPECIFIED.,.F.,.F.,(4,2,2,2,2,2,2,2,4),(-0.825564152118036,-0.695353881149829,
-0.581680844299219,-0.515254509356018,-0.369942766412433,-0.282660116813836,
-0.212116920967737,-0.106379201262604,0.),.UNSPECIFIED.);
#26=B_SPLINE_CURVE_WITH_KNOTS('',3,(#2845,#2846,#2847,#2848,#2849,#2850,
#2851,#2852,#2853,#2854,#2855,#2856,#2857,#2858,#2859,#2860,#2861,#2862),
 .UNSPECIFIED.,.F.,.F.,(4,2,2,2,2,2,2,2,4),(-0.482751092256647,-0.420835626899393,
-0.365724298092902,-0.276208514951765,-0.231210643781338,-0.176487959722916,
-0.0860048249238939,-0.0428091204206923,0.),.UNSPECIFIED.);
#27=B_SPLINE_CURVE_WITH_KNOTS('',3,(#2920,#2921,#2922,#2923,#2924,#2925,
#2926,#2927,#2928,#2929,#2930,#2931,#2932,#2933,#2934,#2935,#2936,#2937,
#2938,#2939,#2940,#2941,#2942),.UNSPECIFIED.,.F.,.F.,(4,2,2,2,2,2,2,1,2,
2,2,4),(0.,0.25,0.375,0.4375,0.46875,0.484375,0.4921875,0.49609375,0.4990234375,
0.5,0.75,1.),.UNSPECIFIED.);
#28=B_SPLINE_CURVE_WITH_KNOTS('',3,(#2943,#2944,#2945,#2946,#2947,#2948,
#2949,#2950,#2951,#2952,#2953,#2954,#2955,#2956,#2957,#2958,#2959,#2960,
#2961,#2962,#2963,#2964,#2965,#2966,#2967,#2968,#2969,#2970,#2971,#2972,
#2973,#2974,#2975,#2976,#2977,#2978,#2979,#2980,#2981,#2982,#2983,#2984,
#2985,#2986,#2987,#2988,#2989,#2990,#2991,#2992,#2993,#2994),
 .UNSPECIFIED.,.F.,.F.,(4,3,3,3,3,3,3,3,3,3,3,3,3,3,3,3,3,4),(0.,0.0985481694127707,
0.199227051130192,0.249999999999573,0.374999999999364,0.437499999999259,
0.468749997871587,0.484374999537556,0.492187499999167,0.49609374999916,
0.498046874999162,0.499023437499167,0.499999999999163,0.749999999999582,
0.833792937525476,0.916896468762738,0.991941494846482,1.),.UNSPECIFIED.);
#29=B_SPLINE_CURVE_WITH_KNOTS('',3,(#3047,#3048,#3049,#3050,#3051,#3052,
#3053,#3054,#3055,#3056,#3057,#3058,#3059,#3060,#3061,#3062,#3063,#3064,
#3065,#3066,#3067,#3068,#3069,#3070,#3071),.UNSPECIFIED.,.F.,.F.,(4,2,2,
2,2,2,2,1,2,2,2,2,4),(0.,0.25,0.375,0.4375,0.46875,0.484375,0.4921875,0.49609375,
0.498046875,0.5,0.625,0.75,1.),.UNSPECIFIED.);
#30=B_SPLINE_CURVE_WITH_KNOTS('',3,(#3074,#3075,#3076,#3077,#3078,#3079,
#3080,#3081,#3082,#3083,#3084,#3085,#3086,#3087,#3088,#3089,#3090,#3091,
#3092,#3093,#3094,#3095,#3096,#3097,#3098,#3099,#3100,#3101,#3102,#3103,
#3104,#3105,#3106,#3107,#3108,#3109,#3110,#3111,#3112,#3113,#3114,#3115,
#3116,#3117,#3118,#3119,#3120,#3121,#3122,#3123,#3124,#3125,#3126,#3127,
#3128),.UNSPECIFIED.,.F.,.F.,(4,3,3,3,3,3,3,3,3,3,3,3,3,3,3,3,3,3,4),(0.,
0.0741075376784086,0.151963250386371,0.233869592121143,0.249999999999753,
0.374999999999636,0.437499999999584,0.4687499889059,0.48437499738616,0.492187499857201,
0.496093749999532,0.498046874999525,0.499999999999533,0.624999999999772,
0.749999999999767,0.817387899485605,0.882198044967672,0.942348136064066,
1.),.UNSPECIFIED.);
#31=B_SPLINE_SURFACE_WITH_KNOTS('',1,3,((#2022,#2023,#2024,#2025,#2026,
#2027,#2028,#2029,#2030,#2031,#2032,#2033,#2034,#2035,#2036,#2037,#2038,
#2039,#2040,#2041,#2042,#2043,#2044,#2045,#2046,#2047),(#2048,#2049,#2050,
#2051,#2052,#2053,#2054,#2055,#2056,#2057,#2058,#2059,#2060,#2061,#2062,
#2063,#2064,#2065,#2066,#2067,#2068,#2069,#2070,#2071,#2072,#2073),(#2074,
#2075,#2076,#2077,#2078,#2079,#2080,#2081,#2082,#2083,#2084,#2085,#2086,
#2087,#2088,#2089,#2090,#2091,#2092,#2093,#2094,#2095,#2096,#2097,#2098,
#2099),(#2100,#2101,#2102,#2103,#2104,#2105,#2106,#2107,#2108,#2109,#2110,
#2111,#2112,#2113,#2114,#2115,#2116,#2117,#2118,#2119,#2120,#2121,#2122,
#2123,#2124,#2125)),.UNSPECIFIED.,.F.,.F.,.F.,(2,1,1,2),(4,2,2,2,2,2,2,
2,2,2,2,2,4),(-0.01,0.,1.,1.0101),(-1.80696156157884E-5,0.25,0.375,0.4375,
0.46875,0.484375,0.4921875,0.49609375,0.498046875,0.5,0.625,0.75,1.00001806961562),
 .UNSPECIFIED.);
#32=B_SPLINE_SURFACE_WITH_KNOTS('',1,3,((#2165,#2166,#2167,#2168,#2169,
#2170,#2171,#2172,#2173,#2174,#2175,#2176,#2177,#2178,#2179,#2180,#2181,
#2182,#2183,#2184,#2185,#2186,#2187,#2188,#2189,#2190),(#2191,#2192,#2193,
#2194,#2195,#2196,#2197,#2198,#2199,#2200,#2201,#2202,#2203,#2204,#2205,
#2206,#2207,#2208,#2209,#2210,#2211,#2212,#2213,#2214,#2215,#2216),(#2217,
#2218,#2219,#2220,#2221,#2222,#2223,#2224,#2225,#2226,#2227,#2228,#2229,
#2230,#2231,#2232,#2233,#2234,#2235,#2236,#2237,#2238,#2239,#2240,#2241,
#2242),(#2243,#2244,#2245,#2246,#2247,#2248,#2249,#2250,#2251,#2252,#2253,
#2254,#2255,#2256,#2257,#2258,#2259,#2260,#2261,#2262,#2263,#2264,#2265,
#2266,#2267,#2268)),.UNSPECIFIED.,.F.,.F.,.F.,(2,1,1,2),(4,2,2,2,2,2,2,
2,2,2,2,2,4),(-0.0101,0.,1.,1.01),(-3.94275041486096E-5,0.25,0.375,0.4375,
0.46875,0.484375,0.4921875,0.49609375,0.498046875,0.4990234375,0.5,0.75,
1.00003942750415),.UNSPECIFIED.);
#33=B_SPLINE_SURFACE_WITH_KNOTS('',1,3,((#2333,#2334,#2335,#2336,#2337,
#2338,#2339,#2340,#2341,#2342,#2343,#2344,#2345,#2346,#2347,#2348,#2349,
#2350,#2351,#2352,#2353,#2354,#2355,#2356,#2357,#2358),(#2359,#2360,#2361,
#2362,#2363,#2364,#2365,#2366,#2367,#2368,#2369,#2370,#2371,#2372,#2373,
#2374,#2375,#2376,#2377,#2378,#2379,#2380,#2381,#2382,#2383,#2384),(#2385,
#2386,#2387,#2388,#2389,#2390,#2391,#2392,#2393,#2394,#2395,#2396,#2397,
#2398,#2399,#2400,#2401,#2402,#2403,#2404,#2405,#2406,#2407,#2408,#2409,
#2410),(#2411,#2412,#2413,#2414,#2415,#2416,#2417,#2418,#2419,#2420,#2421,
#2422,#2423,#2424,#2425,#2426,#2427,#2428,#2429,#2430,#2431,#2432,#2433,
#2434,#2435,#2436)),.UNSPECIFIED.,.F.,.F.,.F.,(2,1,1,2),(4,2,2,2,2,2,2,
2,2,2,2,2,4),(-0.0101,0.,1.,1.01),(-3.94275040373835E-5,0.25,0.375,0.4375,
0.46875,0.484375,0.4921875,0.49609375,0.498046875,0.4990234375,0.5,0.75,
1.00003942750403),.UNSPECIFIED.);
#34=B_SPLINE_SURFACE_WITH_KNOTS('',1,3,((#2474,#2475,#2476,#2477,#2478,
#2479,#2480,#2481,#2482,#2483,#2484,#2485,#2486,#2487,#2488,#2489,#2490,
#2491,#2492,#2493,#2494,#2495,#2496,#2497,#2498,#2499),(#2500,#2501,#2502,
#2503,#2504,#2505,#2506,#2507,#2508,#2509,#2510,#2511,#2512,#2513,#2514,
#2515,#2516,#2517,#2518,#2519,#2520,#2521,#2522,#2523,#2524,#2525)),
 .UNSPECIFIED.,.F.,.F.,.F.,(2,2),(4,2,2,2,2,2,2,2,2,2,2,2,4),(0.,1.),(0.,
0.25,0.375,0.4375,0.46875,0.484375,0.4921875,0.49609375,0.498046875,0.5,
0.625,0.75,1.),.UNSPECIFIED.);
#35=B_SPLINE_SURFACE_WITH_KNOTS('',1,3,((#2633,#2634,#2635,#2636,#2637,
#2638,#2639,#2640,#2641,#2642,#2643,#2644,#2645,#2646,#2647,#2648,#2649,
#2650,#2651,#2652,#2653,#2654,#2655,#2656),(#2657,#2658,#2659,#2660,#2661,
#2662,#2663,#2664,#2665,#2666,#2667,#2668,#2669,#2670,#2671,#2672,#2673,
#2674,#2675,#2676,#2677,#2678,#2679,#2680)),.UNSPECIFIED.,.F.,.F.,.F.,(2,
2),(4,2,2,2,2,2,2,2,2,2,2,4),(0.,1.),(0.,0.25,0.375,0.4375,0.46875,0.484375,
0.4921875,0.49609375,0.498046875,0.5,0.75,1.),.UNSPECIFIED.);
#36=B_SPLINE_SURFACE_WITH_KNOTS('',1,3,((#2723,#2724,#2725,#2726,#2727,
#2728,#2729,#2730,#2731,#2732,#2733,#2734,#2735,#2736,#2737,#2738,#2739,
#2740,#2741,#2742,#2743,#2744,#2745,#2746,#2747,#2748),(#2749,#2750,#2751,
#2752,#2753,#2754,#2755,#2756,#2757,#2758,#2759,#2760,#2761,#2762,#2763,
#2764,#2765,#2766,#2767,#2768,#2769,#2770,#2771,#2772,#2773,#2774),(#2775,
#2776,#2777,#2778,#2779,#2780,#2781,#2782,#2783,#2784,#2785,#2786,#2787,
#2788,#2789,#2790,#2791,#2792,#2793,#2794,#2795,#2796,#2797,#2798,#2799,
#2800),(#2801,#2802,#2803,#2804,#2805,#2806,#2807,#2808,#2809,#2810,#2811,
#2812,#2813,#2814,#2815,#2816,#2817,#2818,#2819,#2820,#2821,#2822,#2823,
#2824,#2825,#2826)),.UNSPECIFIED.,.F.,.F.,.F.,(2,1,1,2),(4,2,2,2,2,2,2,
2,2,2,2,2,4),(-0.01,0.,1.,1.0101),(-3.58116790325004E-5,0.25,0.375,0.4375,
0.46875,0.484375,0.4921875,0.49609375,0.498046875,0.4990234375,0.5,0.75,
1.00003581167903),.UNSPECIFIED.);
#37=B_SPLINE_SURFACE_WITH_KNOTS('',1,3,((#2866,#2867,#2868,#2869,#2870,
#2871,#2872,#2873,#2874,#2875,#2876,#2877,#2878,#2879,#2880,#2881,#2882,
#2883,#2884,#2885,#2886,#2887,#2888,#2889,#2890,#2891),(#2892,#2893,#2894,
#2895,#2896,#2897,#2898,#2899,#2900,#2901,#2902,#2903,#2904,#2905,#2906,
#2907,#2908,#2909,#2910,#2911,#2912,#2913,#2914,#2915,#2916,#2917)),
 .UNSPECIFIED.,.F.,.F.,.F.,(2,2),(4,2,2,2,2,2,2,2,2,2,2,2,4),(0.,1.),(0.,
0.25,0.375,0.4375,0.46875,0.484375,0.4921875,0.49609375,0.498046875,0.4990234375,
0.5,0.75,1.),.UNSPECIFIED.);
#38=B_SPLINE_SURFACE_WITH_KNOTS('',1,3,((#2995,#2996,#2997,#2998,#2999,
#3000,#3001,#3002,#3003,#3004,#3005,#3006,#3007,#3008,#3009,#3010,#3011,
#3012,#3013,#3014,#3015,#3016,#3017,#3018,#3019,#3020),(#3021,#3022,#3023,
#3024,#3025,#3026,#3027,#3028,#3029,#3030,#3031,#3032,#3033,#3034,#3035,
#3036,#3037,#3038,#3039,#3040,#3041,#3042,#3043,#3044,#3045,#3046)),
 .UNSPECIFIED.,.F.,.F.,.F.,(2,2),(4,2,2,2,2,2,2,2,2,2,2,2,4),(0.,1.),(0.,
0.25,0.375,0.4375,0.46875,0.484375,0.4921875,0.49609375,0.498046875,0.5,
0.625,0.75,1.),.UNSPECIFIED.);
#39=FACE_BOUND('',#195,.T.);
#40=FACE_BOUND('',#196,.T.);
#41=FACE_BOUND('',#197,.T.);
#42=FACE_BOUND('',#198,.T.);
#43=FACE_BOUND('',#199,.T.);
#44=FACE_BOUND('',#201,.T.);
#45=FACE_BOUND('',#202,.T.);
#46=FACE_BOUND('',#204,.T.);
#47=FACE_BOUND('',#205,.T.);
#48=FACE_BOUND('',#206,.T.);
#49=FACE_BOUND('',#207,.T.);
#50=FACE_BOUND('',#208,.T.);
#51=FACE_BOUND('',#209,.T.);
#52=FACE_BOUND('',#210,.T.);
#53=FACE_BOUND('',#211,.T.);
#54=FACE_BOUND('',#213,.T.);
#55=FACE_BOUND('',#214,.T.);
#56=FACE_BOUND('',#215,.T.);
#57=FACE_BOUND('',#216,.T.);
#58=FACE_BOUND('',#217,.T.);
#59=FACE_BOUND('',#218,.T.);
#60=FACE_BOUND('',#219,.T.);
#61=FACE_BOUND('',#220,.T.);
#62=FACE_BOUND('',#223,.T.);
#63=FACE_BOUND('',#224,.T.);
#64=FACE_BOUND('',#255,.T.);
#65=FACE_BOUND('',#256,.T.);
#66=FACE_BOUND('',#257,.T.);
#67=FACE_BOUND('',#258,.T.);
#68=FACE_BOUND('',#259,.T.);
#69=PLANE('',#1402);
#70=PLANE('',#1408);
#71=PLANE('',#1411);
#72=PLANE('',#1412);
#73=PLANE('',#1413);
#74=PLANE('',#1414);
#75=PLANE('',#1417);
#76=PLANE('',#1418);
#77=PLANE('',#1421);
#78=PLANE('',#1422);
#79=PLANE('',#1423);
#80=PLANE('',#1424);
#81=PLANE('',#1425);
#82=PLANE('',#1428);
#83=PLANE('',#1429);
#84=PLANE('',#1430);
#85=PLANE('',#1431);
#86=PLANE('',#1432);
#87=PLANE('',#1437);
#88=PLANE('',#1438);
#89=PLANE('',#1444);
#90=PLANE('',#1445);
#91=PLANE('',#1447);
#92=PLANE('',#1448);
#93=PLANE('',#1450);
#94=PLANE('',#1451);
#95=PLANE('',#1453);
#96=PLANE('',#1454);
#97=PLANE('',#1456);
#98=PLANE('',#1457);
#99=PLANE('',#1459);
#100=PLANE('',#1460);
#101=PLANE('',#1462);
#102=PLANE('',#1463);
#103=PLANE('',#1465);
#104=PLANE('',#1466);
#105=FACE_OUTER_BOUND('',#179,.T.);
#106=FACE_OUTER_BOUND('',#180,.T.);
#107=FACE_OUTER_BOUND('',#181,.T.);
#108=FACE_OUTER_BOUND('',#182,.T.);
#109=FACE_OUTER_BOUND('',#183,.T.);
#110=FACE_OUTER_BOUND('',#184,.T.);
#111=FACE_OUTER_BOUND('',#185,.T.);
#112=FACE_OUTER_BOUND('',#186,.T.);
#113=FACE_OUTER_BOUND('',#187,.T.);
#114=FACE_OUTER_BOUND('',#188,.T.);
#115=FACE_OUTER_BOUND('',#189,.T.);
#116=FACE_OUTER_BOUND('',#190,.T.);
#117=FACE_OUTER_BOUND('',#191,.T.);
#118=FACE_OUTER_BOUND('',#192,.T.);
#119=FACE_OUTER_BOUND('',#193,.T.);
#120=FACE_OUTER_BOUND('',#194,.T.);
#121=FACE_OUTER_BOUND('',#200,.T.);
#122=FACE_OUTER_BOUND('',#203,.T.);
#123=FACE_OUTER_BOUND('',#212,.T.);
#124=FACE_OUTER_BOUND('',#221,.T.);
#125=FACE_OUTER_BOUND('',#222,.T.);
#126=FACE_OUTER_BOUND('',#225,.T.);
#127=FACE_OUTER_BOUND('',#226,.T.);
#128=FACE_OUTER_BOUND('',#227,.T.);
#129=FACE_OUTER_BOUND('',#228,.T.);
#130=FACE_OUTER_BOUND('',#229,.T.);
#131=FACE_OUTER_BOUND('',#230,.T.);
#132=FACE_OUTER_BOUND('',#231,.T.);
#133=FACE_OUTER_BOUND('',#232,.T.);
#134=FACE_OUTER_BOUND('',#233,.T.);
#135=FACE_OUTER_BOUND('',#234,.T.);
#136=FACE_OUTER_BOUND('',#235,.T.);
#137=FACE_OUTER_BOUND('',#236,.T.);
#138=FACE_OUTER_BOUND('',#237,.T.);
#139=FACE_OUTER_BOUND('',#238,.T.);
#140=FACE_OUTER_BOUND('',#239,.T.);
#141=FACE_OUTER_BOUND('',#240,.T.);
#142=FACE_OUTER_BOUND('',#241,.T.);
#143=FACE_OUTER_BOUND('',#242,.T.);
#144=FACE_OUTER_BOUND('',#243,.T.);
#145=FACE_OUTER_BOUND('',#244,.T.);
#146=FACE_OUTER_BOUND('',#245,.T.);
#147=FACE_OUTER_BOUND('',#246,.T.);
#148=FACE_OUTER_BOUND('',#247,.T.);
#149=FACE_OUTER_BOUND('',#248,.T.);
#150=FACE_OUTER_BOUND('',#249,.T.);
#151=FACE_OUTER_BOUND('',#250,.T.);
#152=FACE_OUTER_BOUND('',#251,.T.);
#153=FACE_OUTER_BOUND('',#252,.T.);
#154=FACE_OUTER_BOUND('',#253,.T.);
#155=FACE_OUTER_BOUND('',#254,.T.);
#156=FACE_OUTER_BOUND('',#260,.T.);
#157=FACE_OUTER_BOUND('',#261,.T.);
#158=FACE_OUTER_BOUND('',#262,.T.);
#159=FACE_OUTER_BOUND('',#263,.T.);
#160=FACE_OUTER_BOUND('',#264,.T.);
#161=FACE_OUTER_BOUND('',#265,.T.);
#162=FACE_OUTER_BOUND('',#266,.T.);
#163=FACE_OUTER_BOUND('',#267,.T.);
#164=FACE_OUTER_BOUND('',#268,.T.);
#165=FACE_OUTER_BOUND('',#269,.T.);
#166=FACE_OUTER_BOUND('',#270,.T.);
#167=FACE_OUTER_BOUND('',#271,.T.);
#168=FACE_OUTER_BOUND('',#272,.T.);
#169=FACE_OUTER_BOUND('',#273,.T.);
#170=FACE_OUTER_BOUND('',#274,.T.);
#171=FACE_OUTER_BOUND('',#275,.T.);
#172=FACE_OUTER_BOUND('',#276,.T.);
#173=FACE_OUTER_BOUND('',#277,.T.);
#174=FACE_OUTER_BOUND('',#278,.T.);
#175=FACE_OUTER_BOUND('',#279,.T.);
#176=FACE_OUTER_BOUND('',#280,.T.);
#177=FACE_OUTER_BOUND('',#281,.T.);
#178=FACE_OUTER_BOUND('',#282,.T.);
#179=EDGE_LOOP('',(#871,#872,#873,#874));
#180=EDGE_LOOP('',(#875,#876,#877,#878));
#181=EDGE_LOOP('',(#879,#880,#881,#882));
#182=EDGE_LOOP('',(#883,#884,#885,#886));
#183=EDGE_LOOP('',(#887,#888,#889,#890));
#184=EDGE_LOOP('',(#891,#892,#893,#894));
#185=EDGE_LOOP('',(#895,#896,#897,#898));
#186=EDGE_LOOP('',(#899,#900,#901,#902));
#187=EDGE_LOOP('',(#903,#904,#905,#906));
#188=EDGE_LOOP('',(#907,#908,#909,#910));
#189=EDGE_LOOP('',(#911,#912,#913,#914));
#190=EDGE_LOOP('',(#915,#916,#917,#918));
#191=EDGE_LOOP('',(#919,#920,#921,#922));
#192=EDGE_LOOP('',(#923,#924,#925,#926));
#193=EDGE_LOOP('',(#927,#928,#929,#930));
#194=EDGE_LOOP('',(#931,#932,#933,#934));
#195=EDGE_LOOP('',(#935,#936,#937,#938));
#196=EDGE_LOOP('',(#939,#940,#941,#942));
#197=EDGE_LOOP('',(#943,#944,#945,#946));
#198=EDGE_LOOP('',(#947,#948,#949,#950));
#199=EDGE_LOOP('',(#951,#952,#953,#954));
#200=EDGE_LOOP('',(#955,#956,#957,#958));
#201=EDGE_LOOP('',(#959,#960,#961,#962));
#202=EDGE_LOOP('',(#963,#964,#965,#966));
#203=EDGE_LOOP('',(#967,#968,#969,#970));
#204=EDGE_LOOP('',(#971));
#205=EDGE_LOOP('',(#972));
#206=EDGE_LOOP('',(#973));
#207=EDGE_LOOP('',(#974));
#208=EDGE_LOOP('',(#975));
#209=EDGE_LOOP('',(#976));
#210=EDGE_LOOP('',(#977));
#211=EDGE_LOOP('',(#978));
#212=EDGE_LOOP('',(#979,#980,#981,#982));
#213=EDGE_LOOP('',(#983));
#214=EDGE_LOOP('',(#984));
#215=EDGE_LOOP('',(#985));
#216=EDGE_LOOP('',(#986));
#217=EDGE_LOOP('',(#987));
#218=EDGE_LOOP('',(#988));
#219=EDGE_LOOP('',(#989));
#220=EDGE_LOOP('',(#990));
#221=EDGE_LOOP('',(#991,#992,#993,#994));
#222=EDGE_LOOP('',(#995,#996,#997,#998));
#223=EDGE_LOOP('',(#999,#1000,#1001,#1002));
#224=EDGE_LOOP('',(#1003,#1004,#1005,#1006));
#225=EDGE_LOOP('',(#1007,#1008,#1009,#1010));
#226=EDGE_LOOP('',(#1011,#1012,#1013,#1014));
#227=EDGE_LOOP('',(#1015,#1016,#1017,#1018));
#228=EDGE_LOOP('',(#1019,#1020,#1021,#1022));
#229=EDGE_LOOP('',(#1023,#1024,#1025,#1026));
#230=EDGE_LOOP('',(#1027,#1028,#1029,#1030));
#231=EDGE_LOOP('',(#1031,#1032,#1033,#1034));
#232=EDGE_LOOP('',(#1035,#1036,#1037,#1038));
#233=EDGE_LOOP('',(#1039,#1040,#1041,#1042));
#234=EDGE_LOOP('',(#1043,#1044,#1045,#1046));
#235=EDGE_LOOP('',(#1047,#1048,#1049,#1050));
#236=EDGE_LOOP('',(#1051,#1052,#1053,#1054));
#237=EDGE_LOOP('',(#1055,#1056,#1057,#1058));
#238=EDGE_LOOP('',(#1059,#1060,#1061,#1062));
#239=EDGE_LOOP('',(#1063,#1064,#1065,#1066));
#240=EDGE_LOOP('',(#1067,#1068,#1069,#1070));
#241=EDGE_LOOP('',(#1071,#1072,#1073,#1074));
#242=EDGE_LOOP('',(#1075,#1076,#1077,#1078));
#243=EDGE_LOOP('',(#1079,#1080,#1081,#1082));
#244=EDGE_LOOP('',(#1083,#1084,#1085,#1086));
#245=EDGE_LOOP('',(#1087,#1088,#1089,#1090));
#246=EDGE_LOOP('',(#1091,#1092,#1093,#1094));
#247=EDGE_LOOP('',(#1095,#1096,#1097,#1098));
#248=EDGE_LOOP('',(#1099,#1100,#1101,#1102));
#249=EDGE_LOOP('',(#1103,#1104,#1105,#1106));
#250=EDGE_LOOP('',(#1107,#1108,#1109,#1110));
#251=EDGE_LOOP('',(#1111,#1112,#1113,#1114));
#252=EDGE_LOOP('',(#1115,#1116,#1117,#1118));
#253=EDGE_LOOP('',(#1119,#1120,#1121,#1122));
#254=EDGE_LOOP('',(#1123,#1124,#1125,#1126));
#255=EDGE_LOOP('',(#1127,#1128,#1129,#1130));
#256=EDGE_LOOP('',(#1131,#1132,#1133,#1134));
#257=EDGE_LOOP('',(#1135,#1136,#1137,#1138));
#258=EDGE_LOOP('',(#1139,#1140,#1141,#1142));
#259=EDGE_LOOP('',(#1143,#1144,#1145,#1146));
#260=EDGE_LOOP('',(#1147,#1148,#1149,#1150));
#261=EDGE_LOOP('',(#1151,#1152,#1153,#1154));
#262=EDGE_LOOP('',(#1155,#1156,#1157,#1158));
#263=EDGE_LOOP('',(#1159,#1160,#1161,#1162));
#264=EDGE_LOOP('',(#1163,#1164,#1165,#1166));
#265=EDGE_LOOP('',(#1167,#1168,#1169,#1170));
#266=EDGE_LOOP('',(#1171,#1172,#1173,#1174));
#267=EDGE_LOOP('',(#1175,#1176,#1177,#1178));
#268=EDGE_LOOP('',(#1179,#1180,#1181,#1182));
#269=EDGE_LOOP('',(#1183,#1184,#1185,#1186));
#270=EDGE_LOOP('',(#1187,#1188,#1189,#1190));
#271=EDGE_LOOP('',(#1191,#1192,#1193,#1194));
#272=EDGE_LOOP('',(#1195,#1196,#1197,#1198));
#273=EDGE_LOOP('',(#1199,#1200,#1201,#1202));
#274=EDGE_LOOP('',(#1203,#1204,#1205,#1206));
#275=EDGE_LOOP('',(#1207,#1208,#1209,#1210));
#276=EDGE_LOOP('',(#1211,#1212,#1213,#1214));
#277=EDGE_LOOP('',(#1215,#1216,#1217,#1218));
#278=EDGE_LOOP('',(#1219,#1220,#1221,#1222));
#279=EDGE_LOOP('',(#1223,#1224,#1225,#1226));
#280=EDGE_LOOP('',(#1227,#1228,#1229,#1230));
#281=EDGE_LOOP('',(#1231,#1232,#1233,#1234));
#282=EDGE_LOOP('',(#1235,#1236,#1237,#1238));
#283=LINE('',#1818,#407);
#284=LINE('',#1824,#408);
#285=LINE('',#1830,#409);
#286=LINE('',#1836,#410);
#287=LINE('',#1842,#411);
#288=LINE('',#1848,#412);
#289=LINE('',#1855,#413);
#290=LINE('',#1858,#414);
#291=LINE('',#1864,#415);
#292=LINE('',#1867,#416);
#293=LINE('',#1873,#417);
#294=LINE('',#1876,#418);
#295=LINE('',#1882,#419);
#296=LINE('',#1885,#420);
#297=LINE('',#1891,#421);
#298=LINE('',#1894,#422);
#299=LINE('',#1900,#423);
#300=LINE('',#1903,#424);
#301=LINE('',#1909,#425);
#302=LINE('',#1912,#426);
#303=LINE('',#1917,#427);
#304=LINE('',#1923,#428);
#305=LINE('',#1928,#429);
#306=LINE('',#1930,#430);
#307=LINE('',#1932,#431);
#308=LINE('',#1933,#432);
#309=LINE('',#1935,#433);
#310=LINE('',#1937,#434);
#311=LINE('',#1940,#435);
#312=LINE('',#1942,#436);
#313=LINE('',#1945,#437);
#314=LINE('',#1947,#438);
#315=LINE('',#1950,#439);
#316=LINE('',#1953,#440);
#317=LINE('',#1955,#441);
#318=LINE('',#1958,#442);
#319=LINE('',#1962,#443);
#320=LINE('',#1964,#444);
#321=LINE('',#1966,#445);
#322=LINE('',#1967,#446);
#323=LINE('',#1971,#447);
#324=LINE('',#1972,#448);
#325=LINE('',#1976,#449);
#326=LINE('',#1977,#450);
#327=LINE('',#1981,#451);
#328=LINE('',#1983,#452);
#329=LINE('',#1985,#453);
#330=LINE('',#1986,#454);
#331=LINE('',#1990,#455);
#332=LINE('',#1992,#456);
#333=LINE('',#1994,#457);
#334=LINE('',#1995,#458);
#335=LINE('',#1998,#459);
#336=LINE('',#2000,#460);
#337=LINE('',#2001,#461);
#338=LINE('',#2004,#462);
#339=LINE('',#2006,#463);
#340=LINE('',#2007,#464);
#341=LINE('',#2009,#465);
#342=LINE('',#2012,#466);
#343=LINE('',#2016,#467);
#344=LINE('',#2017,#468);
#345=LINE('',#2019,#469);
#346=LINE('',#2021,#470);
#347=LINE('',#2126,#471);
#348=LINE('',#2285,#472);
#349=LINE('',#2311,#473);
#350=LINE('',#2313,#474);
#351=LINE('',#2315,#475);
#352=LINE('',#2316,#476);
#353=LINE('',#2319,#477);
#354=LINE('',#2321,#478);
#355=LINE('',#2322,#479);
#356=LINE('',#2325,#480);
#357=LINE('',#2326,#481);
#358=LINE('',#2329,#482);
#359=LINE('',#2330,#483);
#360=LINE('',#2332,#484);
#361=LINE('',#2453,#485);
#362=LINE('',#2611,#486);
#363=LINE('',#2613,#487);
#364=LINE('',#2615,#488);
#365=LINE('',#2616,#489);
#366=LINE('',#2619,#490);
#367=LINE('',#2621,#491);
#368=LINE('',#2622,#492);
#369=LINE('',#2625,#493);
#370=LINE('',#2626,#494);
#371=LINE('',#2629,#495);
#372=LINE('',#2630,#496);
#373=LINE('',#2632,#497);
#374=LINE('',#2863,#498);
#375=LINE('',#2919,#499);
#376=LINE('',#3073,#500);
#377=LINE('',#3130,#501);
#378=LINE('',#3135,#502);
#379=LINE('',#3136,#503);
#380=LINE('',#3137,#504);
#381=LINE('',#3139,#505);
#382=LINE('',#3140,#506);
#383=LINE('',#3142,#507);
#384=LINE('',#3144,#508);
#385=LINE('',#3147,#509);
#386=LINE('',#3150,#510);
#387=LINE('',#3152,#511);
#388=LINE('',#3155,#512);
#389=LINE('',#3157,#513);
#390=LINE('',#3160,#514);
#391=LINE('',#3162,#515);
#392=LINE('',#3165,#516);
#393=LINE('',#3169,#517);
#394=LINE('',#3170,#518);
#395=LINE('',#3174,#519);
#396=LINE('',#3175,#520);
#397=LINE('',#3179,#521);
#398=LINE('',#3180,#522);
#399=LINE('',#3184,#523);
#400=LINE('',#3185,#524);
#401=LINE('',#3189,#525);
#402=LINE('',#3190,#526);
#403=LINE('',#3194,#527);
#404=LINE('',#3195,#528);
#405=LINE('',#3199,#529);
#406=LINE('',#3200,#530);
#407=VECTOR('',#1473,6.00000000000001);
#408=VECTOR('',#1480,6.00000000000001);
#409=VECTOR('',#1487,6.00000000000001);
#410=VECTOR('',#1494,6.00000000000001);
#411=VECTOR('',#1501,6.00000000000001);
#412=VECTOR('',#1508,6.00000000000001);
#413=VECTOR('',#1515,1000.);
#414=VECTOR('',#1518,1000.);
#415=VECTOR('',#1523,1000.);
#416=VECTOR('',#1526,1000.);
#417=VECTOR('',#1531,1000.);
#418=VECTOR('',#1534,1000.);
#419=VECTOR('',#1539,1000.);
#420=VECTOR('',#1542,1000.);
#421=VECTOR('',#1547,1000.);
#422=VECTOR('',#1550,1000.);
#423=VECTOR('',#1555,1000.);
#424=VECTOR('',#1558,1000.);
#425=VECTOR('',#1563,1000.);
#426=VECTOR('',#1566,1000.);
#427=VECTOR('',#1571,9.49999999999999);
#428=VECTOR('',#1578,9.50000000000001);
#429=VECTOR('',#1583,1000.);
#430=VECTOR('',#1584,1000.);
#431=VECTOR('',#1585,1000.);
#432=VECTOR('',#1586,1000.);
#433=VECTOR('',#1587,1000.);
#434=VECTOR('',#1588,1000.);
#435=VECTOR('',#1591,1000.);
#436=VECTOR('',#1592,1000.);
#437=VECTOR('',#1595,1000.);
#438=VECTOR('',#1596,1000.);
#439=VECTOR('',#1599,1000.);
#440=VECTOR('',#1602,1000.);
#441=VECTOR('',#1603,1000.);
#442=VECTOR('',#1606,1000.);
#443=VECTOR('',#1609,1000.);
#444=VECTOR('',#1610,1000.);
#445=VECTOR('',#1611,1000.);
#446=VECTOR('',#1612,1000.);
#447=VECTOR('',#1615,1000.);
#448=VECTOR('',#1616,1000.);
#449=VECTOR('',#1619,1000.);
#450=VECTOR('',#1620,1000.);
#451=VECTOR('',#1623,1000.);
#452=VECTOR('',#1624,1000.);
#453=VECTOR('',#1625,1000.);
#454=VECTOR('',#1626,1000.);
#455=VECTOR('',#1629,1000.);
#456=VECTOR('',#1630,1000.);
#457=VECTOR('',#1631,1000.);
#458=VECTOR('',#1632,1000.);
#459=VECTOR('',#1635,1000.);
#460=VECTOR('',#1636,1000.);
#461=VECTOR('',#1637,1000.);
#462=VECTOR('',#1640,1000.);
#463=VECTOR('',#1641,1000.);
#464=VECTOR('',#1642,1000.);
#465=VECTOR('',#1643,1000.);
#466=VECTOR('',#1646,1000.);
#467=VECTOR('',#1649,1000.);
#468=VECTOR('',#1650,1000.);
#469=VECTOR('',#1653,10.);
#470=VECTOR('',#1656,10.);
#471=VECTOR('',#1657,10.);
#472=VECTOR('',#1658,10.);
#473=VECTOR('',#1665,1000.);
#474=VECTOR('',#1666,1000.);
#475=VECTOR('',#1667,1000.);
#476=VECTOR('',#1668,1000.);
#477=VECTOR('',#1671,1000.);
#478=VECTOR('',#1672,1000.);
#479=VECTOR('',#1673,1000.);
#480=VECTOR('',#1676,10.);
#481=VECTOR('',#1677,1000.);
#482=VECTOR('',#1680,1000.);
#483=VECTOR('',#1681,1000.);
#484=VECTOR('',#1684,10.);
#485=VECTOR('',#1685,10.);
#486=VECTOR('',#1692,1000.);
#487=VECTOR('',#1693,1000.);
#488=VECTOR('',#1694,1000.);
#489=VECTOR('',#1695,1000.);
#490=VECTOR('',#1698,1000.);
#491=VECTOR('',#1699,1000.);
#492=VECTOR('',#1700,1000.);
#493=VECTOR('',#1703,10.);
#494=VECTOR('',#1704,1000.);
#495=VECTOR('',#1707,1000.);
#496=VECTOR('',#1708,1000.);
#497=VECTOR('',#1711,10.);
#498=VECTOR('',#1712,10.);
#499=VECTOR('',#1717,10.);
#500=VECTOR('',#1718,10.);
#501=VECTOR('',#1721,1000.);
#502=VECTOR('',#1726,1000.);
#503=VECTOR('',#1727,1000.);
#504=VECTOR('',#1728,1000.);
#505=VECTOR('',#1731,1000.);
#506=VECTOR('',#1732,1000.);
#507=VECTOR('',#1733,1000.);
#508=VECTOR('',#1734,1000.);
#509=VECTOR('',#1737,1000.);
#510=VECTOR('',#1740,1000.);
#511=VECTOR('',#1741,1000.);
#512=VECTOR('',#1744,1000.);
#513=VECTOR('',#1745,1000.);
#514=VECTOR('',#1748,1000.);
#515=VECTOR('',#1749,1000.);
#516=VECTOR('',#1752,1000.);
#517=VECTOR('',#1759,1000.);
#518=VECTOR('',#1760,1000.);
#519=VECTOR('',#1767,1000.);
#520=VECTOR('',#1768,1000.);
#521=VECTOR('',#1775,1000.);
#522=VECTOR('',#1776,1000.);
#523=VECTOR('',#1783,1000.);
#524=VECTOR('',#1784,1000.);
#525=VECTOR('',#1791,1000.);
#526=VECTOR('',#1792,1000.);
#527=VECTOR('',#1799,1000.);
#528=VECTOR('',#1800,1000.);
#529=VECTOR('',#1807,1000.);
#530=VECTOR('',#1808,1000.);
#531=CIRCLE('',#1358,6.00000000000001);
#532=CIRCLE('',#1359,6.00000000000001);
#533=CIRCLE('',#1361,6.00000000000001);
#534=CIRCLE('',#1362,6.00000000000001);
#535=CIRCLE('',#1364,6.00000000000001);
#536=CIRCLE('',#1365,6.00000000000001);
#537=CIRCLE('',#1367,6.00000000000001);
#538=CIRCLE('',#1368,6.00000000000001);
#539=CIRCLE('',#1370,6.00000000000001);
#540=CIRCLE('',#1371,6.00000000000001);
#541=CIRCLE('',#1373,6.00000000000001);
#542=CIRCLE('',#1374,6.00000000000001);
#543=CIRCLE('',#1376,2.14999999999999);
#544=CIRCLE('',#1377,2.14999999999999);
#545=CIRCLE('',#1379,2.14999999999999);
#546=CIRCLE('',#1380,2.14999999999999);
#547=CIRCLE('',#1382,2.14999999999999);
#548=CIRCLE('',#1383,2.14999999999999);
#549=CIRCLE('',#1385,2.14999999999999);
#550=CIRCLE('',#1386,2.14999999999999);
#551=CIRCLE('',#1388,2.14999999999999);
#552=CIRCLE('',#1389,2.14999999999999);
#553=CIRCLE('',#1391,2.14999999999999);
#554=CIRCLE('',#1392,2.14999999999999);
#555=CIRCLE('',#1394,2.14999999999999);
#556=CIRCLE('',#1395,2.14999999999999);
#557=CIRCLE('',#1397,9.49999999999999);
#558=CIRCLE('',#1398,9.49999999999999);
#559=CIRCLE('',#1400,9.50000000000001);
#560=CIRCLE('',#1401,9.50000000000001);
#561=CIRCLE('',#1403,2.14999999999999);
#562=CIRCLE('',#1404,2.14999999999999);
#563=CIRCLE('',#1405,2.14999999999999);
#564=CIRCLE('',#1406,2.14999999999999);
#565=CIRCLE('',#1407,2.14999999999999);
#566=CIRCLE('',#1409,2.14999999999999);
#567=CIRCLE('',#1410,2.14999999999999);
#568=CIRCLE('',#1415,2.14999999999999);
#569=CIRCLE('',#1416,2.14999999999999);
#570=CIRCLE('',#1439,2.14999999999999);
#571=CIRCLE('',#1440,2.14999999999999);
#572=CIRCLE('',#1441,2.14999999999999);
#573=CIRCLE('',#1442,2.14999999999999);
#574=CIRCLE('',#1443,2.14999999999999);
#575=VERTEX_POINT('',#1815);
#576=VERTEX_POINT('',#1817);
#577=VERTEX_POINT('',#1821);
#578=VERTEX_POINT('',#1823);
#579=VERTEX_POINT('',#1827);
#580=VERTEX_POINT('',#1829);
#581=VERTEX_POINT('',#1833);
#582=VERTEX_POINT('',#1835);
#583=VERTEX_POINT('',#1839);
#584=VERTEX_POINT('',#1841);
#585=VERTEX_POINT('',#1845);
#586=VERTEX_POINT('',#1847);
#587=VERTEX_POINT('',#1851);
#588=VERTEX_POINT('',#1852);
#589=VERTEX_POINT('',#1854);
#590=VERTEX_POINT('',#1856);
#591=VERTEX_POINT('',#1860);
#592=VERTEX_POINT('',#1861);
#593=VERTEX_POINT('',#1863);
#594=VERTEX_POINT('',#1865);
#595=VERTEX_POINT('',#1869);
#596=VERTEX_POINT('',#1870);
#597=VERTEX_POINT('',#1872);
#598=VERTEX_POINT('',#1874);
#599=VERTEX_POINT('',#1878);
#600=VERTEX_POINT('',#1879);
#601=VERTEX_POINT('',#1881);
#602=VERTEX_POINT('',#1883);
#603=VERTEX_POINT('',#1887);
#604=VERTEX_POINT('',#1888);
#605=VERTEX_POINT('',#1890);
#606=VERTEX_POINT('',#1892);
#607=VERTEX_POINT('',#1896);
#608=VERTEX_POINT('',#1897);
#609=VERTEX_POINT('',#1899);
#610=VERTEX_POINT('',#1901);
#611=VERTEX_POINT('',#1905);
#612=VERTEX_POINT('',#1906);
#613=VERTEX_POINT('',#1908);
#614=VERTEX_POINT('',#1910);
#615=VERTEX_POINT('',#1914);
#616=VERTEX_POINT('',#1916);
#617=VERTEX_POINT('',#1920);
#618=VERTEX_POINT('',#1922);
#619=VERTEX_POINT('',#1926);
#620=VERTEX_POINT('',#1927);
#621=VERTEX_POINT('',#1929);
#622=VERTEX_POINT('',#1931);
#623=VERTEX_POINT('',#1934);
#624=VERTEX_POINT('',#1936);
#625=VERTEX_POINT('',#1939);
#626=VERTEX_POINT('',#1941);
#627=VERTEX_POINT('',#1944);
#628=VERTEX_POINT('',#1946);
#629=VERTEX_POINT('',#1949);
#630=VERTEX_POINT('',#1951);
#631=VERTEX_POINT('',#1954);
#632=VERTEX_POINT('',#1956);
#633=VERTEX_POINT('',#1960);
#634=VERTEX_POINT('',#1961);
#635=VERTEX_POINT('',#1963);
#636=VERTEX_POINT('',#1965);
#637=VERTEX_POINT('',#1968);
#638=VERTEX_POINT('',#1969);
#639=VERTEX_POINT('',#1973);
#640=VERTEX_POINT('',#1974);
#641=VERTEX_POINT('',#1979);
#642=VERTEX_POINT('',#1980);
#643=VERTEX_POINT('',#1982);
#644=VERTEX_POINT('',#1984);
#645=VERTEX_POINT('',#1988);
#646=VERTEX_POINT('',#1989);
#647=VERTEX_POINT('',#1991);
#648=VERTEX_POINT('',#1993);
#649=VERTEX_POINT('',#1997);
#650=VERTEX_POINT('',#1999);
#651=VERTEX_POINT('',#2003);
#652=VERTEX_POINT('',#2005);
#653=VERTEX_POINT('',#2008);
#654=VERTEX_POINT('',#2010);
#655=VERTEX_POINT('',#2013);
#656=VERTEX_POINT('',#2014);
#657=VERTEX_POINT('',#2309);
#658=VERTEX_POINT('',#2310);
#659=VERTEX_POINT('',#2312);
#660=VERTEX_POINT('',#2314);
#661=VERTEX_POINT('',#2318);
#662=VERTEX_POINT('',#2320);
#663=VERTEX_POINT('',#2324);
#664=VERTEX_POINT('',#2328);
#665=VERTEX_POINT('',#2609);
#666=VERTEX_POINT('',#2610);
#667=VERTEX_POINT('',#2612);
#668=VERTEX_POINT('',#2614);
#669=VERTEX_POINT('',#2618);
#670=VERTEX_POINT('',#2620);
#671=VERTEX_POINT('',#2624);
#672=VERTEX_POINT('',#2628);
#673=VERTEX_POINT('',#2918);
#674=VERTEX_POINT('',#3072);
#675=VERTEX_POINT('',#3133);
#676=VERTEX_POINT('',#3134);
#677=VERTEX_POINT('',#3141);
#678=VERTEX_POINT('',#3143);
#679=VERTEX_POINT('',#3146);
#680=VERTEX_POINT('',#3148);
#681=VERTEX_POINT('',#3151);
#682=VERTEX_POINT('',#3153);
#683=VERTEX_POINT('',#3156);
#684=VERTEX_POINT('',#3158);
#685=VERTEX_POINT('',#3161);
#686=VERTEX_POINT('',#3163);
#687=EDGE_CURVE('',#575,#575,#531,.T.);
#688=EDGE_CURVE('',#575,#576,#283,.T.);
#689=EDGE_CURVE('',#576,#576,#532,.T.);
#690=EDGE_CURVE('',#577,#577,#533,.T.);
#691=EDGE_CURVE('',#577,#578,#284,.T.);
#692=EDGE_CURVE('',#578,#578,#534,.T.);
#693=EDGE_CURVE('',#579,#579,#535,.T.);
#694=EDGE_CURVE('',#579,#580,#285,.T.);
#695=EDGE_CURVE('',#580,#580,#536,.T.);
#696=EDGE_CURVE('',#581,#581,#537,.T.);
#697=EDGE_CURVE('',#581,#582,#286,.T.);
#698=EDGE_CURVE('',#582,#582,#538,.T.);
#699=EDGE_CURVE('',#583,#583,#539,.T.);
#700=EDGE_CURVE('',#583,#584,#287,.T.);
#701=EDGE_CURVE('',#584,#584,#540,.T.);
#702=EDGE_CURVE('',#585,#585,#541,.T.);
#703=EDGE_CURVE('',#585,#586,#288,.T.);
#704=EDGE_CURVE('',#586,#586,#542,.T.);
#705=EDGE_CURVE('',#587,#588,#543,.T.);
#706=EDGE_CURVE('',#589,#588,#289,.T.);
#707=EDGE_CURVE('',#589,#590,#544,.T.);
#708=EDGE_CURVE('',#590,#587,#290,.T.);
#709=EDGE_CURVE('',#591,#592,#545,.T.);
#710=EDGE_CURVE('',#593,#592,#291,.T.);
#711=EDGE_CURVE('',#593,#594,#546,.T.);
#712=EDGE_CURVE('',#594,#591,#292,.T.);
#713=EDGE_CURVE('',#595,#596,#547,.T.);
#714=EDGE_CURVE('',#597,#596,#293,.T.);
#715=EDGE_CURVE('',#597,#598,#548,.T.);
#716=EDGE_CURVE('',#598,#595,#294,.T.);
#717=EDGE_CURVE('',#599,#600,#549,.T.);
#718=EDGE_CURVE('',#601,#600,#295,.T.);
#719=EDGE_CURVE('',#601,#602,#550,.T.);
#720=EDGE_CURVE('',#602,#599,#296,.T.);
#721=EDGE_CURVE('',#603,#604,#551,.T.);
#722=EDGE_CURVE('',#605,#604,#297,.T.);
#723=EDGE_CURVE('',#605,#606,#552,.T.);
#724=EDGE_CURVE('',#606,#603,#298,.T.);
#725=EDGE_CURVE('',#607,#608,#553,.T.);
#726=EDGE_CURVE('',#609,#608,#299,.T.);
#727=EDGE_CURVE('',#609,#610,#554,.T.);
#728=EDGE_CURVE('',#610,#607,#300,.T.);
#729=EDGE_CURVE('',#611,#612,#555,.T.);
#730=EDGE_CURVE('',#613,#612,#301,.T.);
#731=EDGE_CURVE('',#613,#614,#556,.T.);
#732=EDGE_CURVE('',#614,#611,#302,.T.);
#733=EDGE_CURVE('',#615,#615,#557,.T.);
#734=EDGE_CURVE('',#615,#616,#303,.T.);
#735=EDGE_CURVE('',#616,#616,#558,.T.);
#736=EDGE_CURVE('',#617,#617,#559,.T.);
#737=EDGE_CURVE('',#617,#618,#304,.T.);
#738=EDGE_CURVE('',#618,#618,#560,.T.);
#739=EDGE_CURVE('',#619,#620,#305,.T.);
#740=EDGE_CURVE('',#621,#620,#306,.T.);
#741=EDGE_CURVE('',#622,#621,#307,.T.);
#742=EDGE_CURVE('',#622,#619,#308,.T.);
#743=EDGE_CURVE('',#623,#606,#309,.T.);
#744=EDGE_CURVE('',#624,#605,#310,.T.);
#745=EDGE_CURVE('',#623,#624,#561,.T.);
#746=EDGE_CURVE('',#625,#602,#311,.T.);
#747=EDGE_CURVE('',#626,#601,#312,.T.);
#748=EDGE_CURVE('',#625,#626,#562,.T.);
#749=EDGE_CURVE('',#627,#598,#313,.T.);
#750=EDGE_CURVE('',#628,#597,#314,.T.);
#751=EDGE_CURVE('',#627,#628,#563,.T.);
#752=EDGE_CURVE('',#629,#593,#315,.T.);
#753=EDGE_CURVE('',#630,#629,#564,.T.);
#754=EDGE_CURVE('',#630,#594,#316,.T.);
#755=EDGE_CURVE('',#631,#589,#317,.T.);
#756=EDGE_CURVE('',#632,#631,#565,.T.);
#757=EDGE_CURVE('',#632,#590,#318,.T.);
#758=EDGE_CURVE('',#633,#634,#319,.T.);
#759=EDGE_CURVE('',#634,#635,#320,.T.);
#760=EDGE_CURVE('',#636,#635,#321,.T.);
#761=EDGE_CURVE('',#633,#636,#322,.T.);
#762=EDGE_CURVE('',#637,#638,#566,.T.);
#763=EDGE_CURVE('',#610,#637,#323,.T.);
#764=EDGE_CURVE('',#609,#638,#324,.T.);
#765=EDGE_CURVE('',#639,#640,#567,.T.);
#766=EDGE_CURVE('',#614,#639,#325,.T.);
#767=EDGE_CURVE('',#613,#640,#326,.T.);
#768=EDGE_CURVE('',#641,#642,#327,.T.);
#769=EDGE_CURVE('',#643,#641,#328,.T.);
#770=EDGE_CURVE('',#643,#644,#329,.T.);
#771=EDGE_CURVE('',#644,#642,#330,.T.);
#772=EDGE_CURVE('',#645,#646,#331,.T.);
#773=EDGE_CURVE('',#647,#646,#332,.T.);
#774=EDGE_CURVE('',#648,#647,#333,.T.);
#775=EDGE_CURVE('',#648,#645,#334,.T.);
#776=EDGE_CURVE('',#635,#649,#335,.T.);
#777=EDGE_CURVE('',#650,#649,#336,.T.);
#778=EDGE_CURVE('',#636,#650,#337,.T.);
#779=EDGE_CURVE('',#651,#649,#338,.T.);
#780=EDGE_CURVE('',#652,#651,#339,.T.);
#781=EDGE_CURVE('',#652,#650,#340,.T.);
#782=EDGE_CURVE('',#653,#607,#341,.T.);
#783=EDGE_CURVE('',#654,#653,#568,.T.);
#784=EDGE_CURVE('',#608,#654,#342,.T.);
#785=EDGE_CURVE('',#655,#656,#569,.T.);
#786=EDGE_CURVE('',#612,#655,#343,.T.);
#787=EDGE_CURVE('',#656,#611,#344,.T.);
#788=EDGE_CURVE('',#633,#652,#345,.T.);
#789=EDGE_CURVE('',#634,#651,#346,.T.);
#790=EDGE_CURVE('',#647,#644,#347,.T.);
#791=EDGE_CURVE('',#647,#633,#15,.T.);
#792=EDGE_CURVE('',#644,#652,#16,.T.);
#793=EDGE_CURVE('',#634,#646,#17,.T.);
#794=EDGE_CURVE('',#642,#646,#348,.T.);
#795=EDGE_CURVE('',#651,#642,#18,.T.);
#796=EDGE_CURVE('',#657,#658,#349,.T.);
#797=EDGE_CURVE('',#659,#658,#350,.T.);
#798=EDGE_CURVE('',#660,#659,#351,.T.);
#799=EDGE_CURVE('',#660,#657,#352,.T.);
#800=EDGE_CURVE('',#661,#657,#353,.T.);
#801=EDGE_CURVE('',#662,#661,#354,.T.);
#802=EDGE_CURVE('',#662,#658,#355,.T.);
#803=EDGE_CURVE('',#663,#662,#356,.T.);
#804=EDGE_CURVE('',#663,#659,#357,.T.);
#805=EDGE_CURVE('',#664,#663,#358,.T.);
#806=EDGE_CURVE('',#664,#660,#359,.T.);
#807=EDGE_CURVE('',#664,#661,#360,.T.);
#808=EDGE_CURVE('',#664,#645,#19,.T.);
#809=EDGE_CURVE('',#645,#641,#361,.T.);
#810=EDGE_CURVE('',#661,#641,#20,.T.);
#811=EDGE_CURVE('',#646,#663,#21,.T.);
#812=EDGE_CURVE('',#642,#662,#22,.T.);
#813=EDGE_CURVE('',#665,#666,#362,.T.);
#814=EDGE_CURVE('',#667,#666,#363,.T.);
#815=EDGE_CURVE('',#668,#667,#364,.T.);
#816=EDGE_CURVE('',#668,#665,#365,.T.);
#817=EDGE_CURVE('',#669,#665,#366,.T.);
#818=EDGE_CURVE('',#670,#669,#367,.T.);
#819=EDGE_CURVE('',#670,#666,#368,.T.);
#820=EDGE_CURVE('',#671,#670,#369,.T.);
#821=EDGE_CURVE('',#671,#667,#370,.T.);
#822=EDGE_CURVE('',#672,#671,#371,.T.);
#823=EDGE_CURVE('',#672,#668,#372,.T.);
#824=EDGE_CURVE('',#672,#669,#373,.T.);
#825=EDGE_CURVE('',#672,#647,#23,.T.);
#826=EDGE_CURVE('',#669,#644,#24,.T.);
#827=EDGE_CURVE('',#648,#671,#25,.T.);
#828=EDGE_CURVE('',#643,#670,#26,.T.);
#829=EDGE_CURVE('',#643,#648,#374,.T.);
#830=EDGE_CURVE('',#622,#673,#375,.T.);
#831=EDGE_CURVE('',#622,#648,#27,.T.);
#832=EDGE_CURVE('',#673,#643,#28,.T.);
#833=EDGE_CURVE('',#645,#621,#29,.T.);
#834=EDGE_CURVE('',#621,#674,#376,.T.);
#835=EDGE_CURVE('',#641,#674,#30,.T.);
#836=EDGE_CURVE('',#673,#674,#377,.T.);
#837=EDGE_CURVE('',#675,#676,#378,.T.);
#838=EDGE_CURVE('',#620,#676,#379,.T.);
#839=EDGE_CURVE('',#619,#675,#380,.T.);
#840=EDGE_CURVE('',#674,#676,#381,.T.);
#841=EDGE_CURVE('',#673,#675,#382,.T.);
#842=EDGE_CURVE('',#588,#677,#383,.T.);
#843=EDGE_CURVE('',#587,#678,#384,.T.);
#844=EDGE_CURVE('',#677,#678,#570,.T.);
#845=EDGE_CURVE('',#591,#679,#385,.T.);
#846=EDGE_CURVE('',#680,#679,#571,.T.);
#847=EDGE_CURVE('',#592,#680,#386,.T.);
#848=EDGE_CURVE('',#595,#681,#387,.T.);
#849=EDGE_CURVE('',#682,#681,#572,.T.);
#850=EDGE_CURVE('',#596,#682,#388,.T.);
#851=EDGE_CURVE('',#599,#683,#389,.T.);
#852=EDGE_CURVE('',#684,#683,#573,.T.);
#853=EDGE_CURVE('',#600,#684,#390,.T.);
#854=EDGE_CURVE('',#603,#685,#391,.T.);
#855=EDGE_CURVE('',#686,#685,#574,.T.);
#856=EDGE_CURVE('',#604,#686,#392,.T.);
#857=EDGE_CURVE('',#639,#656,#393,.T.);
#858=EDGE_CURVE('',#655,#640,#394,.T.);
#859=EDGE_CURVE('',#637,#653,#395,.T.);
#860=EDGE_CURVE('',#654,#638,#396,.T.);
#861=EDGE_CURVE('',#623,#685,#397,.T.);
#862=EDGE_CURVE('',#686,#624,#398,.T.);
#863=EDGE_CURVE('',#625,#683,#399,.T.);
#864=EDGE_CURVE('',#684,#626,#400,.T.);
#865=EDGE_CURVE('',#627,#681,#401,.T.);
#866=EDGE_CURVE('',#682,#628,#402,.T.);
#867=EDGE_CURVE('',#630,#679,#403,.T.);
#868=EDGE_CURVE('',#680,#629,#404,.T.);
#869=EDGE_CURVE('',#632,#678,#405,.T.);
#870=EDGE_CURVE('',#677,#631,#406,.T.);
#871=ORIENTED_EDGE('',*,*,#687,.F.);
#872=ORIENTED_EDGE('',*,*,#688,.T.);
#873=ORIENTED_EDGE('',*,*,#689,.T.);
#874=ORIENTED_EDGE('',*,*,#688,.F.);
#875=ORIENTED_EDGE('',*,*,#690,.F.);
#876=ORIENTED_EDGE('',*,*,#691,.T.);
#877=ORIENTED_EDGE('',*,*,#692,.T.);
#878=ORIENTED_EDGE('',*,*,#691,.F.);
#879=ORIENTED_EDGE('',*,*,#693,.F.);
#880=ORIENTED_EDGE('',*,*,#694,.T.);
#881=ORIENTED_EDGE('',*,*,#695,.T.);
#882=ORIENTED_EDGE('',*,*,#694,.F.);
#883=ORIENTED_EDGE('',*,*,#696,.F.);
#884=ORIENTED_EDGE('',*,*,#697,.T.);
#885=ORIENTED_EDGE('',*,*,#698,.T.);
#886=ORIENTED_EDGE('',*,*,#697,.F.);
#887=ORIENTED_EDGE('',*,*,#699,.F.);
#888=ORIENTED_EDGE('',*,*,#700,.T.);
#889=ORIENTED_EDGE('',*,*,#701,.T.);
#890=ORIENTED_EDGE('',*,*,#700,.F.);
#891=ORIENTED_EDGE('',*,*,#702,.F.);
#892=ORIENTED_EDGE('',*,*,#703,.T.);
#893=ORIENTED_EDGE('',*,*,#704,.T.);
#894=ORIENTED_EDGE('',*,*,#703,.F.);
#895=ORIENTED_EDGE('',*,*,#705,.T.);
#896=ORIENTED_EDGE('',*,*,#706,.F.);
#897=ORIENTED_EDGE('',*,*,#707,.T.);
#898=ORIENTED_EDGE('',*,*,#708,.T.);
#899=ORIENTED_EDGE('',*,*,#709,.T.);
#900=ORIENTED_EDGE('',*,*,#710,.F.);
#901=ORIENTED_EDGE('',*,*,#711,.T.);
#902=ORIENTED_EDGE('',*,*,#712,.T.);
#903=ORIENTED_EDGE('',*,*,#713,.T.);
#904=ORIENTED_EDGE('',*,*,#714,.F.);
#905=ORIENTED_EDGE('',*,*,#715,.T.);
#906=ORIENTED_EDGE('',*,*,#716,.T.);
#907=ORIENTED_EDGE('',*,*,#717,.T.);
#908=ORIENTED_EDGE('',*,*,#718,.F.);
#909=ORIENTED_EDGE('',*,*,#719,.T.);
#910=ORIENTED_EDGE('',*,*,#720,.T.);
#911=ORIENTED_EDGE('',*,*,#721,.T.);
#912=ORIENTED_EDGE('',*,*,#722,.F.);
#913=ORIENTED_EDGE('',*,*,#723,.T.);
#914=ORIENTED_EDGE('',*,*,#724,.T.);
#915=ORIENTED_EDGE('',*,*,#725,.T.);
#916=ORIENTED_EDGE('',*,*,#726,.F.);
#917=ORIENTED_EDGE('',*,*,#727,.T.);
#918=ORIENTED_EDGE('',*,*,#728,.T.);
#919=ORIENTED_EDGE('',*,*,#729,.T.);
#920=ORIENTED_EDGE('',*,*,#730,.F.);
#921=ORIENTED_EDGE('',*,*,#731,.T.);
#922=ORIENTED_EDGE('',*,*,#732,.T.);
#923=ORIENTED_EDGE('',*,*,#733,.F.);
#924=ORIENTED_EDGE('',*,*,#734,.T.);
#925=ORIENTED_EDGE('',*,*,#735,.T.);
#926=ORIENTED_EDGE('',*,*,#734,.F.);
#927=ORIENTED_EDGE('',*,*,#736,.F.);
#928=ORIENTED_EDGE('',*,*,#737,.T.);
#929=ORIENTED_EDGE('',*,*,#738,.T.);
#930=ORIENTED_EDGE('',*,*,#737,.F.);
#931=ORIENTED_EDGE('',*,*,#739,.T.);
#932=ORIENTED_EDGE('',*,*,#740,.F.);
#933=ORIENTED_EDGE('',*,*,#741,.F.);
#934=ORIENTED_EDGE('',*,*,#742,.T.);
#935=ORIENTED_EDGE('',*,*,#743,.T.);
#936=ORIENTED_EDGE('',*,*,#723,.F.);
#937=ORIENTED_EDGE('',*,*,#744,.F.);
#938=ORIENTED_EDGE('',*,*,#745,.F.);
#939=ORIENTED_EDGE('',*,*,#746,.T.);
#940=ORIENTED_EDGE('',*,*,#719,.F.);
#941=ORIENTED_EDGE('',*,*,#747,.F.);
#942=ORIENTED_EDGE('',*,*,#748,.F.);
#943=ORIENTED_EDGE('',*,*,#749,.T.);
#944=ORIENTED_EDGE('',*,*,#715,.F.);
#945=ORIENTED_EDGE('',*,*,#750,.F.);
#946=ORIENTED_EDGE('',*,*,#751,.F.);
#947=ORIENTED_EDGE('',*,*,#752,.F.);
#948=ORIENTED_EDGE('',*,*,#753,.F.);
#949=ORIENTED_EDGE('',*,*,#754,.T.);
#950=ORIENTED_EDGE('',*,*,#711,.F.);
#951=ORIENTED_EDGE('',*,*,#707,.F.);
#952=ORIENTED_EDGE('',*,*,#755,.F.);
#953=ORIENTED_EDGE('',*,*,#756,.F.);
#954=ORIENTED_EDGE('',*,*,#757,.T.);
#955=ORIENTED_EDGE('',*,*,#758,.T.);
#956=ORIENTED_EDGE('',*,*,#759,.T.);
#957=ORIENTED_EDGE('',*,*,#760,.F.);
#958=ORIENTED_EDGE('',*,*,#761,.F.);
#959=ORIENTED_EDGE('',*,*,#762,.F.);
#960=ORIENTED_EDGE('',*,*,#763,.F.);
#961=ORIENTED_EDGE('',*,*,#727,.F.);
#962=ORIENTED_EDGE('',*,*,#764,.T.);
#963=ORIENTED_EDGE('',*,*,#765,.F.);
#964=ORIENTED_EDGE('',*,*,#766,.F.);
#965=ORIENTED_EDGE('',*,*,#731,.F.);
#966=ORIENTED_EDGE('',*,*,#767,.T.);
#967=ORIENTED_EDGE('',*,*,#768,.F.);
#968=ORIENTED_EDGE('',*,*,#769,.F.);
#969=ORIENTED_EDGE('',*,*,#770,.T.);
#970=ORIENTED_EDGE('',*,*,#771,.T.);
#971=ORIENTED_EDGE('',*,*,#687,.T.);
#972=ORIENTED_EDGE('',*,*,#690,.T.);
#973=ORIENTED_EDGE('',*,*,#693,.T.);
#974=ORIENTED_EDGE('',*,*,#696,.T.);
#975=ORIENTED_EDGE('',*,*,#699,.T.);
#976=ORIENTED_EDGE('',*,*,#702,.T.);
#977=ORIENTED_EDGE('',*,*,#733,.T.);
#978=ORIENTED_EDGE('',*,*,#736,.T.);
#979=ORIENTED_EDGE('',*,*,#772,.T.);
#980=ORIENTED_EDGE('',*,*,#773,.F.);
#981=ORIENTED_EDGE('',*,*,#774,.F.);
#982=ORIENTED_EDGE('',*,*,#775,.T.);
#983=ORIENTED_EDGE('',*,*,#689,.F.);
#984=ORIENTED_EDGE('',*,*,#692,.F.);
#985=ORIENTED_EDGE('',*,*,#695,.F.);
#986=ORIENTED_EDGE('',*,*,#698,.F.);
#987=ORIENTED_EDGE('',*,*,#701,.F.);
#988=ORIENTED_EDGE('',*,*,#704,.F.);
#989=ORIENTED_EDGE('',*,*,#735,.F.);
#990=ORIENTED_EDGE('',*,*,#738,.F.);
#991=ORIENTED_EDGE('',*,*,#760,.T.);
#992=ORIENTED_EDGE('',*,*,#776,.T.);
#993=ORIENTED_EDGE('',*,*,#777,.F.);
#994=ORIENTED_EDGE('',*,*,#778,.F.);
#995=ORIENTED_EDGE('',*,*,#777,.T.);
#996=ORIENTED_EDGE('',*,*,#779,.F.);
#997=ORIENTED_EDGE('',*,*,#780,.F.);
#998=ORIENTED_EDGE('',*,*,#781,.T.);
#999=ORIENTED_EDGE('',*,*,#725,.F.);
#1000=ORIENTED_EDGE('',*,*,#782,.F.);
#1001=ORIENTED_EDGE('',*,*,#783,.F.);
#1002=ORIENTED_EDGE('',*,*,#784,.F.);
#1003=ORIENTED_EDGE('',*,*,#785,.F.);
#1004=ORIENTED_EDGE('',*,*,#786,.F.);
#1005=ORIENTED_EDGE('',*,*,#729,.F.);
#1006=ORIENTED_EDGE('',*,*,#787,.F.);
#1007=ORIENTED_EDGE('',*,*,#781,.F.);
#1008=ORIENTED_EDGE('',*,*,#788,.F.);
#1009=ORIENTED_EDGE('',*,*,#761,.T.);
#1010=ORIENTED_EDGE('',*,*,#778,.T.);
#1011=ORIENTED_EDGE('',*,*,#779,.T.);
#1012=ORIENTED_EDGE('',*,*,#776,.F.);
#1013=ORIENTED_EDGE('',*,*,#759,.F.);
#1014=ORIENTED_EDGE('',*,*,#789,.T.);
#1015=ORIENTED_EDGE('',*,*,#790,.F.);
#1016=ORIENTED_EDGE('',*,*,#791,.T.);
#1017=ORIENTED_EDGE('',*,*,#788,.T.);
#1018=ORIENTED_EDGE('',*,*,#792,.F.);
#1019=ORIENTED_EDGE('',*,*,#793,.T.);
#1020=ORIENTED_EDGE('',*,*,#794,.F.);
#1021=ORIENTED_EDGE('',*,*,#795,.F.);
#1022=ORIENTED_EDGE('',*,*,#789,.F.);
#1023=ORIENTED_EDGE('',*,*,#780,.T.);
#1024=ORIENTED_EDGE('',*,*,#795,.T.);
#1025=ORIENTED_EDGE('',*,*,#771,.F.);
#1026=ORIENTED_EDGE('',*,*,#792,.T.);
#1027=ORIENTED_EDGE('',*,*,#758,.F.);
#1028=ORIENTED_EDGE('',*,*,#791,.F.);
#1029=ORIENTED_EDGE('',*,*,#773,.T.);
#1030=ORIENTED_EDGE('',*,*,#793,.F.);
#1031=ORIENTED_EDGE('',*,*,#796,.T.);
#1032=ORIENTED_EDGE('',*,*,#797,.F.);
#1033=ORIENTED_EDGE('',*,*,#798,.F.);
#1034=ORIENTED_EDGE('',*,*,#799,.T.);
#1035=ORIENTED_EDGE('',*,*,#796,.F.);
#1036=ORIENTED_EDGE('',*,*,#800,.F.);
#1037=ORIENTED_EDGE('',*,*,#801,.F.);
#1038=ORIENTED_EDGE('',*,*,#802,.T.);
#1039=ORIENTED_EDGE('',*,*,#802,.F.);
#1040=ORIENTED_EDGE('',*,*,#803,.F.);
#1041=ORIENTED_EDGE('',*,*,#804,.T.);
#1042=ORIENTED_EDGE('',*,*,#797,.T.);
#1043=ORIENTED_EDGE('',*,*,#805,.F.);
#1044=ORIENTED_EDGE('',*,*,#806,.T.);
#1045=ORIENTED_EDGE('',*,*,#798,.T.);
#1046=ORIENTED_EDGE('',*,*,#804,.F.);
#1047=ORIENTED_EDGE('',*,*,#800,.T.);
#1048=ORIENTED_EDGE('',*,*,#799,.F.);
#1049=ORIENTED_EDGE('',*,*,#806,.F.);
#1050=ORIENTED_EDGE('',*,*,#807,.T.);
#1051=ORIENTED_EDGE('',*,*,#807,.F.);
#1052=ORIENTED_EDGE('',*,*,#808,.T.);
#1053=ORIENTED_EDGE('',*,*,#809,.T.);
#1054=ORIENTED_EDGE('',*,*,#810,.F.);
#1055=ORIENTED_EDGE('',*,*,#811,.T.);
#1056=ORIENTED_EDGE('',*,*,#803,.T.);
#1057=ORIENTED_EDGE('',*,*,#812,.F.);
#1058=ORIENTED_EDGE('',*,*,#794,.T.);
#1059=ORIENTED_EDGE('',*,*,#768,.T.);
#1060=ORIENTED_EDGE('',*,*,#812,.T.);
#1061=ORIENTED_EDGE('',*,*,#801,.T.);
#1062=ORIENTED_EDGE('',*,*,#810,.T.);
#1063=ORIENTED_EDGE('',*,*,#772,.F.);
#1064=ORIENTED_EDGE('',*,*,#808,.F.);
#1065=ORIENTED_EDGE('',*,*,#805,.T.);
#1066=ORIENTED_EDGE('',*,*,#811,.F.);
#1067=ORIENTED_EDGE('',*,*,#813,.T.);
#1068=ORIENTED_EDGE('',*,*,#814,.F.);
#1069=ORIENTED_EDGE('',*,*,#815,.F.);
#1070=ORIENTED_EDGE('',*,*,#816,.T.);
#1071=ORIENTED_EDGE('',*,*,#813,.F.);
#1072=ORIENTED_EDGE('',*,*,#817,.F.);
#1073=ORIENTED_EDGE('',*,*,#818,.F.);
#1074=ORIENTED_EDGE('',*,*,#819,.T.);
#1075=ORIENTED_EDGE('',*,*,#819,.F.);
#1076=ORIENTED_EDGE('',*,*,#820,.F.);
#1077=ORIENTED_EDGE('',*,*,#821,.T.);
#1078=ORIENTED_EDGE('',*,*,#814,.T.);
#1079=ORIENTED_EDGE('',*,*,#822,.F.);
#1080=ORIENTED_EDGE('',*,*,#823,.T.);
#1081=ORIENTED_EDGE('',*,*,#815,.T.);
#1082=ORIENTED_EDGE('',*,*,#821,.F.);
#1083=ORIENTED_EDGE('',*,*,#817,.T.);
#1084=ORIENTED_EDGE('',*,*,#816,.F.);
#1085=ORIENTED_EDGE('',*,*,#823,.F.);
#1086=ORIENTED_EDGE('',*,*,#824,.T.);
#1087=ORIENTED_EDGE('',*,*,#824,.F.);
#1088=ORIENTED_EDGE('',*,*,#825,.T.);
#1089=ORIENTED_EDGE('',*,*,#790,.T.);
#1090=ORIENTED_EDGE('',*,*,#826,.F.);
#1091=ORIENTED_EDGE('',*,*,#827,.T.);
#1092=ORIENTED_EDGE('',*,*,#820,.T.);
#1093=ORIENTED_EDGE('',*,*,#828,.F.);
#1094=ORIENTED_EDGE('',*,*,#829,.T.);
#1095=ORIENTED_EDGE('',*,*,#770,.F.);
#1096=ORIENTED_EDGE('',*,*,#828,.T.);
#1097=ORIENTED_EDGE('',*,*,#818,.T.);
#1098=ORIENTED_EDGE('',*,*,#826,.T.);
#1099=ORIENTED_EDGE('',*,*,#774,.T.);
#1100=ORIENTED_EDGE('',*,*,#825,.F.);
#1101=ORIENTED_EDGE('',*,*,#822,.T.);
#1102=ORIENTED_EDGE('',*,*,#827,.F.);
#1103=ORIENTED_EDGE('',*,*,#830,.F.);
#1104=ORIENTED_EDGE('',*,*,#831,.T.);
#1105=ORIENTED_EDGE('',*,*,#829,.F.);
#1106=ORIENTED_EDGE('',*,*,#832,.F.);
#1107=ORIENTED_EDGE('',*,*,#833,.T.);
#1108=ORIENTED_EDGE('',*,*,#834,.T.);
#1109=ORIENTED_EDGE('',*,*,#835,.F.);
#1110=ORIENTED_EDGE('',*,*,#809,.F.);
#1111=ORIENTED_EDGE('',*,*,#769,.T.);
#1112=ORIENTED_EDGE('',*,*,#835,.T.);
#1113=ORIENTED_EDGE('',*,*,#836,.F.);
#1114=ORIENTED_EDGE('',*,*,#832,.T.);
#1115=ORIENTED_EDGE('',*,*,#775,.F.);
#1116=ORIENTED_EDGE('',*,*,#831,.F.);
#1117=ORIENTED_EDGE('',*,*,#741,.T.);
#1118=ORIENTED_EDGE('',*,*,#833,.F.);
#1119=ORIENTED_EDGE('',*,*,#837,.T.);
#1120=ORIENTED_EDGE('',*,*,#838,.F.);
#1121=ORIENTED_EDGE('',*,*,#739,.F.);
#1122=ORIENTED_EDGE('',*,*,#839,.T.);
#1123=ORIENTED_EDGE('',*,*,#836,.T.);
#1124=ORIENTED_EDGE('',*,*,#840,.T.);
#1125=ORIENTED_EDGE('',*,*,#837,.F.);
#1126=ORIENTED_EDGE('',*,*,#841,.F.);
#1127=ORIENTED_EDGE('',*,*,#842,.F.);
#1128=ORIENTED_EDGE('',*,*,#705,.F.);
#1129=ORIENTED_EDGE('',*,*,#843,.T.);
#1130=ORIENTED_EDGE('',*,*,#844,.F.);
#1131=ORIENTED_EDGE('',*,*,#709,.F.);
#1132=ORIENTED_EDGE('',*,*,#845,.T.);
#1133=ORIENTED_EDGE('',*,*,#846,.F.);
#1134=ORIENTED_EDGE('',*,*,#847,.F.);
#1135=ORIENTED_EDGE('',*,*,#713,.F.);
#1136=ORIENTED_EDGE('',*,*,#848,.T.);
#1137=ORIENTED_EDGE('',*,*,#849,.F.);
#1138=ORIENTED_EDGE('',*,*,#850,.F.);
#1139=ORIENTED_EDGE('',*,*,#717,.F.);
#1140=ORIENTED_EDGE('',*,*,#851,.T.);
#1141=ORIENTED_EDGE('',*,*,#852,.F.);
#1142=ORIENTED_EDGE('',*,*,#853,.F.);
#1143=ORIENTED_EDGE('',*,*,#721,.F.);
#1144=ORIENTED_EDGE('',*,*,#854,.T.);
#1145=ORIENTED_EDGE('',*,*,#855,.F.);
#1146=ORIENTED_EDGE('',*,*,#856,.F.);
#1147=ORIENTED_EDGE('',*,*,#840,.F.);
#1148=ORIENTED_EDGE('',*,*,#834,.F.);
#1149=ORIENTED_EDGE('',*,*,#740,.T.);
#1150=ORIENTED_EDGE('',*,*,#838,.T.);
#1151=ORIENTED_EDGE('',*,*,#841,.T.);
#1152=ORIENTED_EDGE('',*,*,#839,.F.);
#1153=ORIENTED_EDGE('',*,*,#742,.F.);
#1154=ORIENTED_EDGE('',*,*,#830,.T.);
#1155=ORIENTED_EDGE('',*,*,#785,.T.);
#1156=ORIENTED_EDGE('',*,*,#857,.F.);
#1157=ORIENTED_EDGE('',*,*,#765,.T.);
#1158=ORIENTED_EDGE('',*,*,#858,.F.);
#1159=ORIENTED_EDGE('',*,*,#786,.T.);
#1160=ORIENTED_EDGE('',*,*,#858,.T.);
#1161=ORIENTED_EDGE('',*,*,#767,.F.);
#1162=ORIENTED_EDGE('',*,*,#730,.T.);
#1163=ORIENTED_EDGE('',*,*,#787,.T.);
#1164=ORIENTED_EDGE('',*,*,#732,.F.);
#1165=ORIENTED_EDGE('',*,*,#766,.T.);
#1166=ORIENTED_EDGE('',*,*,#857,.T.);
#1167=ORIENTED_EDGE('',*,*,#783,.T.);
#1168=ORIENTED_EDGE('',*,*,#859,.F.);
#1169=ORIENTED_EDGE('',*,*,#762,.T.);
#1170=ORIENTED_EDGE('',*,*,#860,.F.);
#1171=ORIENTED_EDGE('',*,*,#784,.T.);
#1172=ORIENTED_EDGE('',*,*,#860,.T.);
#1173=ORIENTED_EDGE('',*,*,#764,.F.);
#1174=ORIENTED_EDGE('',*,*,#726,.T.);
#1175=ORIENTED_EDGE('',*,*,#782,.T.);
#1176=ORIENTED_EDGE('',*,*,#728,.F.);
#1177=ORIENTED_EDGE('',*,*,#763,.T.);
#1178=ORIENTED_EDGE('',*,*,#859,.T.);
#1179=ORIENTED_EDGE('',*,*,#855,.T.);
#1180=ORIENTED_EDGE('',*,*,#861,.F.);
#1181=ORIENTED_EDGE('',*,*,#745,.T.);
#1182=ORIENTED_EDGE('',*,*,#862,.F.);
#1183=ORIENTED_EDGE('',*,*,#724,.F.);
#1184=ORIENTED_EDGE('',*,*,#743,.F.);
#1185=ORIENTED_EDGE('',*,*,#861,.T.);
#1186=ORIENTED_EDGE('',*,*,#854,.F.);
#1187=ORIENTED_EDGE('',*,*,#856,.T.);
#1188=ORIENTED_EDGE('',*,*,#862,.T.);
#1189=ORIENTED_EDGE('',*,*,#744,.T.);
#1190=ORIENTED_EDGE('',*,*,#722,.T.);
#1191=ORIENTED_EDGE('',*,*,#852,.T.);
#1192=ORIENTED_EDGE('',*,*,#863,.F.);
#1193=ORIENTED_EDGE('',*,*,#748,.T.);
#1194=ORIENTED_EDGE('',*,*,#864,.F.);
#1195=ORIENTED_EDGE('',*,*,#720,.F.);
#1196=ORIENTED_EDGE('',*,*,#746,.F.);
#1197=ORIENTED_EDGE('',*,*,#863,.T.);
#1198=ORIENTED_EDGE('',*,*,#851,.F.);
#1199=ORIENTED_EDGE('',*,*,#853,.T.);
#1200=ORIENTED_EDGE('',*,*,#864,.T.);
#1201=ORIENTED_EDGE('',*,*,#747,.T.);
#1202=ORIENTED_EDGE('',*,*,#718,.T.);
#1203=ORIENTED_EDGE('',*,*,#849,.T.);
#1204=ORIENTED_EDGE('',*,*,#865,.F.);
#1205=ORIENTED_EDGE('',*,*,#751,.T.);
#1206=ORIENTED_EDGE('',*,*,#866,.F.);
#1207=ORIENTED_EDGE('',*,*,#716,.F.);
#1208=ORIENTED_EDGE('',*,*,#749,.F.);
#1209=ORIENTED_EDGE('',*,*,#865,.T.);
#1210=ORIENTED_EDGE('',*,*,#848,.F.);
#1211=ORIENTED_EDGE('',*,*,#850,.T.);
#1212=ORIENTED_EDGE('',*,*,#866,.T.);
#1213=ORIENTED_EDGE('',*,*,#750,.T.);
#1214=ORIENTED_EDGE('',*,*,#714,.T.);
#1215=ORIENTED_EDGE('',*,*,#846,.T.);
#1216=ORIENTED_EDGE('',*,*,#867,.F.);
#1217=ORIENTED_EDGE('',*,*,#753,.T.);
#1218=ORIENTED_EDGE('',*,*,#868,.F.);
#1219=ORIENTED_EDGE('',*,*,#712,.F.);
#1220=ORIENTED_EDGE('',*,*,#754,.F.);
#1221=ORIENTED_EDGE('',*,*,#867,.T.);
#1222=ORIENTED_EDGE('',*,*,#845,.F.);
#1223=ORIENTED_EDGE('',*,*,#847,.T.);
#1224=ORIENTED_EDGE('',*,*,#868,.T.);
#1225=ORIENTED_EDGE('',*,*,#752,.T.);
#1226=ORIENTED_EDGE('',*,*,#710,.T.);
#1227=ORIENTED_EDGE('',*,*,#844,.T.);
#1228=ORIENTED_EDGE('',*,*,#869,.F.);
#1229=ORIENTED_EDGE('',*,*,#756,.T.);
#1230=ORIENTED_EDGE('',*,*,#870,.F.);
#1231=ORIENTED_EDGE('',*,*,#708,.F.);
#1232=ORIENTED_EDGE('',*,*,#757,.F.);
#1233=ORIENTED_EDGE('',*,*,#869,.T.);
#1234=ORIENTED_EDGE('',*,*,#843,.F.);
#1235=ORIENTED_EDGE('',*,*,#842,.T.);
#1236=ORIENTED_EDGE('',*,*,#870,.T.);
#1237=ORIENTED_EDGE('',*,*,#755,.T.);
#1238=ORIENTED_EDGE('',*,*,#706,.T.);
#1239=CYLINDRICAL_SURFACE('',#1357,6.00000000000001);
#1240=CYLINDRICAL_SURFACE('',#1360,6.00000000000001);
#1241=CYLINDRICAL_SURFACE('',#1363,6.00000000000001);
#1242=CYLINDRICAL_SURFACE('',#1366,6.00000000000001);
#1243=CYLINDRICAL_SURFACE('',#1369,6.00000000000001);
#1244=CYLINDRICAL_SURFACE('',#1372,6.00000000000001);
#1245=CYLINDRICAL_SURFACE('',#1375,2.14999999999999);
#1246=CYLINDRICAL_SURFACE('',#1378,2.14999999999999);
#1247=CYLINDRICAL_SURFACE('',#1381,2.14999999999999);
#1248=CYLINDRICAL_SURFACE('',#1384,2.14999999999999);
#1249=CYLINDRICAL_SURFACE('',#1387,2.14999999999999);
#1250=CYLINDRICAL_SURFACE('',#1390,2.14999999999999);
#1251=CYLINDRICAL_SURFACE('',#1393,2.14999999999999);
#1252=CYLINDRICAL_SURFACE('',#1396,9.49999999999999);
#1253=CYLINDRICAL_SURFACE('',#1399,9.50000000000001);
#1254=CYLINDRICAL_SURFACE('',#1419,2.4);
#1255=CYLINDRICAL_SURFACE('',#1420,4.4);
#1256=CYLINDRICAL_SURFACE('',#1426,2.40000000000001);
#1257=CYLINDRICAL_SURFACE('',#1427,4.39999999999999);
#1258=CYLINDRICAL_SURFACE('',#1433,2.40000000000001);
#1259=CYLINDRICAL_SURFACE('',#1434,4.39999999999999);
#1260=CYLINDRICAL_SURFACE('',#1435,2.4);
#1261=CYLINDRICAL_SURFACE('',#1436,4.4);
#1262=CYLINDRICAL_SURFACE('',#1446,2.14999999999999);
#1263=CYLINDRICAL_SURFACE('',#1449,2.14999999999999);
#1264=CYLINDRICAL_SURFACE('',#1452,2.14999999999999);
#1265=CYLINDRICAL_SURFACE('',#1455,2.14999999999999);
#1266=CYLINDRICAL_SURFACE('',#1458,2.14999999999999);
#1267=CYLINDRICAL_SURFACE('',#1461,2.14999999999999);
#1268=CYLINDRICAL_SURFACE('',#1464,2.14999999999999);
#1269=ADVANCED_FACE('',(#105),#1239,.F.);
#1270=ADVANCED_FACE('',(#106),#1240,.F.);
#1271=ADVANCED_FACE('',(#107),#1241,.F.);
#1272=ADVANCED_FACE('',(#108),#1242,.F.);
#1273=ADVANCED_FACE('',(#109),#1243,.F.);
#1274=ADVANCED_FACE('',(#110),#1244,.F.);
#1275=ADVANCED_FACE('',(#111),#1245,.F.);
#1276=ADVANCED_FACE('',(#112),#1246,.F.);
#1277=ADVANCED_FACE('',(#113),#1247,.F.);
#1278=ADVANCED_FACE('',(#114),#1248,.F.);
#1279=ADVANCED_FACE('',(#115),#1249,.F.);
#1280=ADVANCED_FACE('',(#116),#1250,.F.);
#1281=ADVANCED_FACE('',(#117),#1251,.F.);
#1282=ADVANCED_FACE('',(#118),#1252,.F.);
#1283=ADVANCED_FACE('',(#119),#1253,.F.);
#1284=ADVANCED_FACE('',(#120,#39,#40,#41,#42,#43),#69,.F.);
#1285=ADVANCED_FACE('',(#121,#44,#45),#70,.F.);
#1286=ADVANCED_FACE('',(#122,#46,#47,#48,#49,#50,#51,#52,#53),#71,.T.);
#1287=ADVANCED_FACE('',(#123,#54,#55,#56,#57,#58,#59,#60,#61),#72,.F.);
#1288=ADVANCED_FACE('',(#124),#73,.T.);
#1289=ADVANCED_FACE('',(#125,#62,#63),#74,.T.);
#1290=ADVANCED_FACE('',(#126),#75,.T.);
#1291=ADVANCED_FACE('',(#127),#76,.F.);
#1292=ADVANCED_FACE('',(#128),#31,.F.);
#1293=ADVANCED_FACE('',(#129),#32,.F.);
#1294=ADVANCED_FACE('',(#130),#1254,.F.);
#1295=ADVANCED_FACE('',(#131),#1255,.T.);
#1296=ADVANCED_FACE('',(#132),#77,.F.);
#1297=ADVANCED_FACE('',(#133),#78,.T.);
#1298=ADVANCED_FACE('',(#134),#79,.T.);
#1299=ADVANCED_FACE('',(#135),#80,.F.);
#1300=ADVANCED_FACE('',(#136),#81,.F.);
#1301=ADVANCED_FACE('',(#137),#33,.F.);
#1302=ADVANCED_FACE('',(#138),#34,.F.);
#1303=ADVANCED_FACE('',(#139),#1256,.F.);
#1304=ADVANCED_FACE('',(#140),#1257,.T.);
#1305=ADVANCED_FACE('',(#141),#82,.F.);
#1306=ADVANCED_FACE('',(#142),#83,.T.);
#1307=ADVANCED_FACE('',(#143),#84,.T.);
#1308=ADVANCED_FACE('',(#144),#85,.F.);
#1309=ADVANCED_FACE('',(#145),#86,.F.);
#1310=ADVANCED_FACE('',(#146),#35,.F.);
#1311=ADVANCED_FACE('',(#147),#36,.F.);
#1312=ADVANCED_FACE('',(#148),#1258,.F.);
#1313=ADVANCED_FACE('',(#149),#1259,.T.);
#1314=ADVANCED_FACE('',(#150),#37,.F.);
#1315=ADVANCED_FACE('',(#151),#38,.F.);
#1316=ADVANCED_FACE('',(#152),#1260,.F.);
#1317=ADVANCED_FACE('',(#153),#1261,.T.);
#1318=ADVANCED_FACE('',(#154),#87,.T.);
#1319=ADVANCED_FACE('',(#155,#64,#65,#66,#67,#68),#88,.T.);
#1320=ADVANCED_FACE('',(#156),#89,.T.);
#1321=ADVANCED_FACE('',(#157),#90,.F.);
#1322=ADVANCED_FACE('',(#158),#1262,.F.);
#1323=ADVANCED_FACE('',(#159),#91,.F.);
#1324=ADVANCED_FACE('',(#160),#92,.F.);
#1325=ADVANCED_FACE('',(#161),#1263,.F.);
#1326=ADVANCED_FACE('',(#162),#93,.F.);
#1327=ADVANCED_FACE('',(#163),#94,.F.);
#1328=ADVANCED_FACE('',(#164),#1264,.F.);
#1329=ADVANCED_FACE('',(#165),#95,.T.);
#1330=ADVANCED_FACE('',(#166),#96,.F.);
#1331=ADVANCED_FACE('',(#167),#1265,.F.);
#1332=ADVANCED_FACE('',(#168),#97,.T.);
#1333=ADVANCED_FACE('',(#169),#98,.F.);
#1334=ADVANCED_FACE('',(#170),#1266,.F.);
#1335=ADVANCED_FACE('',(#171),#99,.T.);
#1336=ADVANCED_FACE('',(#172),#100,.F.);
#1337=ADVANCED_FACE('',(#173),#1267,.F.);
#1338=ADVANCED_FACE('',(#174),#101,.T.);
#1339=ADVANCED_FACE('',(#175),#102,.F.);
#1340=ADVANCED_FACE('',(#176),#1268,.F.);
#1341=ADVANCED_FACE('',(#177),#103,.T.);
#1342=ADVANCED_FACE('',(#178),#104,.F.);
#1343=CLOSED_SHELL('',(#1269,#1270,#1271,#1272,#1273,#1274,#1275,#1276,
#1277,#1278,#1279,#1280,#1281,#1282,#1283,#1284,#1285,#1286,#1287,#1288,
#1289,#1290,#1291,#1292,#1293,#1294,#1295,#1296,#1297,#1298,#1299,#1300,
#1301,#1302,#1303,#1304,#1305,#1306,#1307,#1308,#1309,#1310,#1311,#1312,
#1313,#1314,#1315,#1316,#1317,#1318,#1319,#1320,#1321,#1322,#1323,#1324,
#1325,#1326,#1327,#1328,#1329,#1330,#1331,#1332,#1333,#1334,#1335,#1336,
#1337,#1338,#1339,#1340,#1341,#1342));
#1344=DERIVED_UNIT_ELEMENT(#1346,1.);
#1345=DERIVED_UNIT_ELEMENT(#3208,-3.);
#1346=(
MASS_UNIT()
NAMED_UNIT(*)
SI_UNIT(.KILO.,.GRAM.)
);
#1347=DERIVED_UNIT((#1344,#1345));
#1348=MEASURE_REPRESENTATION_ITEM('density measure',
POSITIVE_RATIO_MEASURE(7850.),#1347);
#1349=PROPERTY_DEFINITION_REPRESENTATION(#1354,#1351);
#1350=PROPERTY_DEFINITION_REPRESENTATION(#1355,#1352);
#1351=REPRESENTATION('material name',(#1353),#3205);
#1352=REPRESENTATION('density',(#1348),#3205);
#1353=DESCRIPTIVE_REPRESENTATION_ITEM('Steel','Steel');
#1354=PROPERTY_DEFINITION('material property','material name',#3215);
#1355=PROPERTY_DEFINITION('material property','density of part',#3215);
#1356=AXIS2_PLACEMENT_3D('',#1813,#1467,#1468);
#1357=AXIS2_PLACEMENT_3D('',#1814,#1469,#1470);
#1358=AXIS2_PLACEMENT_3D('',#1816,#1471,#1472);
#1359=AXIS2_PLACEMENT_3D('',#1819,#1474,#1475);
#1360=AXIS2_PLACEMENT_3D('',#1820,#1476,#1477);
#1361=AXIS2_PLACEMENT_3D('',#1822,#1478,#1479);
#1362=AXIS2_PLACEMENT_3D('',#1825,#1481,#1482);
#1363=AXIS2_PLACEMENT_3D('',#1826,#1483,#1484);
#1364=AXIS2_PLACEMENT_3D('',#1828,#1485,#1486);
#1365=AXIS2_PLACEMENT_3D('',#1831,#1488,#1489);
#1366=AXIS2_PLACEMENT_3D('',#1832,#1490,#1491);
#1367=AXIS2_PLACEMENT_3D('',#1834,#1492,#1493);
#1368=AXIS2_PLACEMENT_3D('',#1837,#1495,#1496);
#1369=AXIS2_PLACEMENT_3D('',#1838,#1497,#1498);
#1370=AXIS2_PLACEMENT_3D('',#1840,#1499,#1500);
#1371=AXIS2_PLACEMENT_3D('',#1843,#1502,#1503);
#1372=AXIS2_PLACEMENT_3D('',#1844,#1504,#1505);
#1373=AXIS2_PLACEMENT_3D('',#1846,#1506,#1507);
#1374=AXIS2_PLACEMENT_3D('',#1849,#1509,#1510);
#1375=AXIS2_PLACEMENT_3D('',#1850,#1511,#1512);
#1376=AXIS2_PLACEMENT_3D('',#1853,#1513,#1514);
#1377=AXIS2_PLACEMENT_3D('',#1857,#1516,#1517);
#1378=AXIS2_PLACEMENT_3D('',#1859,#1519,#1520);
#1379=AXIS2_PLACEMENT_3D('',#1862,#1521,#1522);
#1380=AXIS2_PLACEMENT_3D('',#1866,#1524,#1525);
#1381=AXIS2_PLACEMENT_3D('',#1868,#1527,#1528);
#1382=AXIS2_PLACEMENT_3D('',#1871,#1529,#1530);
#1383=AXIS2_PLACEMENT_3D('',#1875,#1532,#1533);
#1384=AXIS2_PLACEMENT_3D('',#1877,#1535,#1536);
#1385=AXIS2_PLACEMENT_3D('',#1880,#1537,#1538);
#1386=AXIS2_PLACEMENT_3D('',#1884,#1540,#1541);
#1387=AXIS2_PLACEMENT_3D('',#1886,#1543,#1544);
#1388=AXIS2_PLACEMENT_3D('',#1889,#1545,#1546);
#1389=AXIS2_PLACEMENT_3D('',#1893,#1548,#1549);
#1390=AXIS2_PLACEMENT_3D('',#1895,#1551,#1552);
#1391=AXIS2_PLACEMENT_3D('',#1898,#1553,#1554);
#1392=AXIS2_PLACEMENT_3D('',#1902,#1556,#1557);
#1393=AXIS2_PLACEMENT_3D('',#1904,#1559,#1560);
#1394=AXIS2_PLACEMENT_3D('',#1907,#1561,#1562);
#1395=AXIS2_PLACEMENT_3D('',#1911,#1564,#1565);
#1396=AXIS2_PLACEMENT_3D('',#1913,#1567,#1568);
#1397=AXIS2_PLACEMENT_3D('',#1915,#1569,#1570);
#1398=AXIS2_PLACEMENT_3D('',#1918,#1572,#1573);
#1399=AXIS2_PLACEMENT_3D('',#1919,#1574,#1575);
#1400=AXIS2_PLACEMENT_3D('',#1921,#1576,#1577);
#1401=AXIS2_PLACEMENT_3D('',#1924,#1579,#1580);
#1402=AXIS2_PLACEMENT_3D('',#1925,#1581,#1582);
#1403=AXIS2_PLACEMENT_3D('',#1938,#1589,#1590);
#1404=AXIS2_PLACEMENT_3D('',#1943,#1593,#1594);
#1405=AXIS2_PLACEMENT_3D('',#1948,#1597,#1598);
#1406=AXIS2_PLACEMENT_3D('',#1952,#1600,#1601);
#1407=AXIS2_PLACEMENT_3D('',#1957,#1604,#1605);
#1408=AXIS2_PLACEMENT_3D('',#1959,#1607,#1608);
#1409=AXIS2_PLACEMENT_3D('',#1970,#1613,#1614);
#1410=AXIS2_PLACEMENT_3D('',#1975,#1617,#1618);
#1411=AXIS2_PLACEMENT_3D('',#1978,#1621,#1622);
#1412=AXIS2_PLACEMENT_3D('',#1987,#1627,#1628);
#1413=AXIS2_PLACEMENT_3D('',#1996,#1633,#1634);
#1414=AXIS2_PLACEMENT_3D('',#2002,#1638,#1639);
#1415=AXIS2_PLACEMENT_3D('',#2011,#1644,#1645);
#1416=AXIS2_PLACEMENT_3D('',#2015,#1647,#1648);
#1417=AXIS2_PLACEMENT_3D('',#2018,#1651,#1652);
#1418=AXIS2_PLACEMENT_3D('',#2020,#1654,#1655);
#1419=AXIS2_PLACEMENT_3D('',#2306,#1659,#1660);
#1420=AXIS2_PLACEMENT_3D('',#2307,#1661,#1662);
#1421=AXIS2_PLACEMENT_3D('',#2308,#1663,#1664);
#1422=AXIS2_PLACEMENT_3D('',#2317,#1669,#1670);
#1423=AXIS2_PLACEMENT_3D('',#2323,#1674,#1675);
#1424=AXIS2_PLACEMENT_3D('',#2327,#1678,#1679);
#1425=AXIS2_PLACEMENT_3D('',#2331,#1682,#1683);
#1426=AXIS2_PLACEMENT_3D('',#2606,#1686,#1687);
#1427=AXIS2_PLACEMENT_3D('',#2607,#1688,#1689);
#1428=AXIS2_PLACEMENT_3D('',#2608,#1690,#1691);
#1429=AXIS2_PLACEMENT_3D('',#2617,#1696,#1697);
#1430=AXIS2_PLACEMENT_3D('',#2623,#1701,#1702);
#1431=AXIS2_PLACEMENT_3D('',#2627,#1705,#1706);
#1432=AXIS2_PLACEMENT_3D('',#2631,#1709,#1710);
#1433=AXIS2_PLACEMENT_3D('',#2864,#1713,#1714);
#1434=AXIS2_PLACEMENT_3D('',#2865,#1715,#1716);
#1435=AXIS2_PLACEMENT_3D('',#3129,#1719,#1720);
#1436=AXIS2_PLACEMENT_3D('',#3131,#1722,#1723);
#1437=AXIS2_PLACEMENT_3D('',#3132,#1724,#1725);
#1438=AXIS2_PLACEMENT_3D('',#3138,#1729,#1730);
#1439=AXIS2_PLACEMENT_3D('',#3145,#1735,#1736);
#1440=AXIS2_PLACEMENT_3D('',#3149,#1738,#1739);
#1441=AXIS2_PLACEMENT_3D('',#3154,#1742,#1743);
#1442=AXIS2_PLACEMENT_3D('',#3159,#1746,#1747);
#1443=AXIS2_PLACEMENT_3D('',#3164,#1750,#1751);
#1444=AXIS2_PLACEMENT_3D('',#3166,#1753,#1754);
#1445=AXIS2_PLACEMENT_3D('',#3167,#1755,#1756);
#1446=AXIS2_PLACEMENT_3D('',#3168,#1757,#1758);
#1447=AXIS2_PLACEMENT_3D('',#3171,#1761,#1762);
#1448=AXIS2_PLACEMENT_3D('',#3172,#1763,#1764);
#1449=AXIS2_PLACEMENT_3D('',#3173,#1765,#1766);
#1450=AXIS2_PLACEMENT_3D('',#3176,#1769,#1770);
#1451=AXIS2_PLACEMENT_3D('',#3177,#1771,#1772);
#1452=AXIS2_PLACEMENT_3D('',#3178,#1773,#1774);
#1453=AXIS2_PLACEMENT_3D('',#3181,#1777,#1778);
#1454=AXIS2_PLACEMENT_3D('',#3182,#1779,#1780);
#1455=AXIS2_PLACEMENT_3D('',#3183,#1781,#1782);
#1456=AXIS2_PLACEMENT_3D('',#3186,#1785,#1786);
#1457=AXIS2_PLACEMENT_3D('',#3187,#1787,#1788);
#1458=AXIS2_PLACEMENT_3D('',#3188,#1789,#1790);
#1459=AXIS2_PLACEMENT_3D('',#3191,#1793,#1794);
#1460=AXIS2_PLACEMENT_3D('',#3192,#1795,#1796);
#1461=AXIS2_PLACEMENT_3D('',#3193,#1797,#1798);
#1462=AXIS2_PLACEMENT_3D('',#3196,#1801,#1802);
#1463=AXIS2_PLACEMENT_3D('',#3197,#1803,#1804);
#1464=AXIS2_PLACEMENT_3D('',#3198,#1805,#1806);
#1465=AXIS2_PLACEMENT_3D('',#3201,#1809,#1810);
#1466=AXIS2_PLACEMENT_3D('',#3202,#1811,#1812);
#1467=DIRECTION('axis',(0.,0.,1.));
#1468=DIRECTION('refdir',(1.,0.,0.));
#1469=DIRECTION('center_axis',(0.,-2.46519032881565E-32,-1.));
#1470=DIRECTION('ref_axis',(0.,1.,-2.46519032881565E-32));
#1471=DIRECTION('center_axis',(0.,-2.46519032881565E-32,-1.));
#1472=DIRECTION('ref_axis',(0.,1.,-2.46519032881565E-32));
#1473=DIRECTION('',(0.,-2.46519032881565E-32,-1.));
#1474=DIRECTION('center_axis',(0.,-2.46519032881565E-32,-1.));
#1475=DIRECTION('ref_axis',(0.,1.,-2.46519032881565E-32));
#1476=DIRECTION('center_axis',(0.,-2.46519032881565E-32,-1.));
#1477=DIRECTION('ref_axis',(0.,1.,-2.46519032881565E-32));
#1478=DIRECTION('center_axis',(0.,-2.46519032881565E-32,-1.));
#1479=DIRECTION('ref_axis',(0.,1.,-2.46519032881565E-32));
#1480=DIRECTION('',(0.,-2.46519032881565E-32,-1.));
#1481=DIRECTION('center_axis',(0.,-2.46519032881565E-32,-1.));
#1482=DIRECTION('ref_axis',(0.,1.,-2.46519032881565E-32));
#1483=DIRECTION('center_axis',(0.,-2.46519032881565E-32,-1.));
#1484=DIRECTION('ref_axis',(0.,1.,-2.46519032881565E-32));
#1485=DIRECTION('center_axis',(0.,-2.46519032881565E-32,-1.));
#1486=DIRECTION('ref_axis',(0.,1.,-2.46519032881565E-32));
#1487=DIRECTION('',(0.,-2.46519032881565E-32,-1.));
#1488=DIRECTION('center_axis',(0.,-2.46519032881565E-32,-1.));
#1489=DIRECTION('ref_axis',(0.,1.,-2.46519032881565E-32));
#1490=DIRECTION('center_axis',(0.,-2.46519032881565E-32,-1.));
#1491=DIRECTION('ref_axis',(0.,1.,-2.46519032881565E-32));
#1492=DIRECTION('center_axis',(0.,-2.46519032881565E-32,-1.));
#1493=DIRECTION('ref_axis',(0.,1.,-2.46519032881565E-32));
#1494=DIRECTION('',(0.,-2.46519032881565E-32,-1.));
#1495=DIRECTION('center_axis',(0.,-2.46519032881565E-32,-1.));
#1496=DIRECTION('ref_axis',(0.,1.,-2.46519032881565E-32));
#1497=DIRECTION('center_axis',(0.,-2.46519032881565E-32,-1.));
#1498=DIRECTION('ref_axis',(0.,1.,-2.46519032881565E-32));
#1499=DIRECTION('center_axis',(0.,-2.46519032881565E-32,-1.));
#1500=DIRECTION('ref_axis',(0.,1.,-2.46519032881565E-32));
#1501=DIRECTION('',(0.,-2.46519032881565E-32,-1.));
#1502=DIRECTION('center_axis',(0.,-2.46519032881565E-32,-1.));
#1503=DIRECTION('ref_axis',(0.,1.,-2.46519032881565E-32));
#1504=DIRECTION('center_axis',(0.,-2.46519032881565E-32,-1.));
#1505=DIRECTION('ref_axis',(0.,1.,-2.46519032881565E-32));
#1506=DIRECTION('center_axis',(0.,-2.46519032881565E-32,-1.));
#1507=DIRECTION('ref_axis',(0.,1.,-2.46519032881565E-32));
#1508=DIRECTION('',(0.,-2.46519032881565E-32,-1.));
#1509=DIRECTION('center_axis',(0.,-2.46519032881565E-32,-1.));
#1510=DIRECTION('ref_axis',(0.,1.,-2.46519032881565E-32));
#1511=DIRECTION('center_axis',(0.,-1.,0.));
#1512=DIRECTION('ref_axis',(0.,0.,-1.));
#1513=DIRECTION('center_axis',(0.,1.,1.22464679914735E-16));
#1514=DIRECTION('ref_axis',(0.,-1.22464679914735E-16,1.));
#1515=DIRECTION('',(0.,1.,0.));
#1516=DIRECTION('center_axis',(0.,-1.,0.));
#1517=DIRECTION('ref_axis',(0.,0.,-1.));
#1518=DIRECTION('',(-3.46944695195361E-16,1.,0.));
#1519=DIRECTION('center_axis',(0.,-1.,0.));
#1520=DIRECTION('ref_axis',(0.,0.,-1.));
#1521=DIRECTION('center_axis',(0.,1.,1.22464679914735E-16));
#1522=DIRECTION('ref_axis',(0.,-1.22464679914735E-16,1.));
#1523=DIRECTION('',(0.,1.,0.));
#1524=DIRECTION('center_axis',(0.,-1.,0.));
#1525=DIRECTION('ref_axis',(0.,0.,-1.));
#1526=DIRECTION('',(-3.46944695195361E-16,1.,0.));
#1527=DIRECTION('center_axis',(0.,-1.,0.));
#1528=DIRECTION('ref_axis',(0.,0.,-1.));
#1529=DIRECTION('center_axis',(0.,1.,1.22464679914735E-16));
#1530=DIRECTION('ref_axis',(0.,-1.22464679914735E-16,1.));
#1531=DIRECTION('',(0.,1.,0.));
#1532=DIRECTION('center_axis',(0.,-1.,0.));
#1533=DIRECTION('ref_axis',(0.,0.,-1.));
#1534=DIRECTION('',(-3.46944695195361E-16,1.,0.));
#1535=DIRECTION('center_axis',(0.,-1.,0.));
#1536=DIRECTION('ref_axis',(0.,0.,-1.));
#1537=DIRECTION('center_axis',(0.,1.,1.22464679914735E-16));
#1538=DIRECTION('ref_axis',(0.,-1.22464679914735E-16,1.));
#1539=DIRECTION('',(0.,1.,0.));
#1540=DIRECTION('center_axis',(0.,-1.,0.));
#1541=DIRECTION('ref_axis',(0.,0.,-1.));
#1542=DIRECTION('',(-3.46944695195361E-16,1.,0.));
#1543=DIRECTION('center_axis',(0.,-1.,0.));
#1544=DIRECTION('ref_axis',(0.,0.,-1.));
#1545=DIRECTION('center_axis',(0.,1.,1.22464679914735E-16));
#1546=DIRECTION('ref_axis',(0.,-1.22464679914735E-16,1.));
#1547=DIRECTION('',(0.,1.,0.));
#1548=DIRECTION('center_axis',(0.,-1.,0.));
#1549=DIRECTION('ref_axis',(0.,0.,-1.));
#1550=DIRECTION('',(-3.46944695195361E-16,1.,0.));
#1551=DIRECTION('center_axis',(0.,1.,-2.46519032881565E-32));
#1552=DIRECTION('ref_axis',(0.,2.46519032881565E-32,1.));
#1553=DIRECTION('center_axis',(-2.73691106313441E-48,-1.,2.46519032881565E-32));
#1554=DIRECTION('ref_axis',(-6.74700668366751E-80,-2.46519032881565E-32,
-1.));
#1555=DIRECTION('',(0.,-1.,2.46519032881565E-32));
#1556=DIRECTION('center_axis',(0.,1.,-2.46519032881565E-32));
#1557=DIRECTION('ref_axis',(0.,2.46519032881565E-32,1.));
#1558=DIRECTION('',(1.73472347597681E-15,-1.,2.46519032881565E-32));
#1559=DIRECTION('center_axis',(0.,1.,-2.46519032881565E-32));
#1560=DIRECTION('ref_axis',(0.,2.46519032881565E-32,1.));
#1561=DIRECTION('center_axis',(-2.73691106313441E-48,-1.,2.46519032881565E-32));
#1562=DIRECTION('ref_axis',(-6.74700668366751E-80,-2.46519032881565E-32,
-1.));
#1563=DIRECTION('',(0.,-1.,2.46519032881565E-32));
#1564=DIRECTION('center_axis',(0.,1.,-2.46519032881565E-32));
#1565=DIRECTION('ref_axis',(0.,2.46519032881565E-32,1.));
#1566=DIRECTION('',(1.73472347597681E-15,-1.,2.46519032881565E-32));
#1567=DIRECTION('center_axis',(0.,-2.46519032881565E-32,-1.));
#1568=DIRECTION('ref_axis',(-1.,0.,0.));
#1569=DIRECTION('center_axis',(0.,-2.46519032881565E-32,-1.));
#1570=DIRECTION('ref_axis',(-1.,0.,0.));
#1571=DIRECTION('',(0.,-2.46519032881565E-32,-1.));
#1572=DIRECTION('center_axis',(0.,-2.46519032881565E-32,-1.));
#1573=DIRECTION('ref_axis',(-1.,0.,0.));
#1574=DIRECTION('center_axis',(0.,-2.46519032881565E-32,-1.));
#1575=DIRECTION('ref_axis',(-1.,0.,0.));
#1576=DIRECTION('center_axis',(0.,-2.46519032881565E-32,-1.));
#1577=DIRECTION('ref_axis',(-1.,0.,0.));
#1578=DIRECTION('',(0.,-2.46519032881565E-32,-1.));
#1579=DIRECTION('center_axis',(0.,-2.46519032881565E-32,-1.));
#1580=DIRECTION('ref_axis',(-1.,0.,0.));
#1581=DIRECTION('center_axis',(0.,1.,1.22464679914735E-16));
#1582=DIRECTION('ref_axis',(1.55986977027501E-31,-1.22464679914735E-16,
1.));
#1583=DIRECTION('',(-1.,1.50949372273656E-48,-2.46519032881567E-32));
#1584=DIRECTION('',(-3.50280701879932E-15,-6.12323399573799E-17,1.));
#1585=DIRECTION('',(-1.,1.50949372273656E-48,-2.46519032881567E-32));
#1586=DIRECTION('',(2.33520467919955E-15,1.71797122514704E-15,1.));
#1587=DIRECTION('',(0.,0.,-1.));
#1588=DIRECTION('',(0.,0.,-1.));
#1589=DIRECTION('center_axis',(0.,-1.,0.));
#1590=DIRECTION('ref_axis',(0.,0.,-1.));
#1591=DIRECTION('',(0.,0.,-1.));
#1592=DIRECTION('',(0.,0.,-1.));
#1593=DIRECTION('center_axis',(0.,-1.,0.));
#1594=DIRECTION('ref_axis',(0.,0.,-1.));
#1595=DIRECTION('',(0.,0.,-1.));
#1596=DIRECTION('',(0.,0.,-1.));
#1597=DIRECTION('center_axis',(0.,-1.,0.));
#1598=DIRECTION('ref_axis',(0.,0.,-1.));
#1599=DIRECTION('',(0.,0.,-1.));
#1600=DIRECTION('center_axis',(0.,-1.,0.));
#1601=DIRECTION('ref_axis',(0.,0.,-1.));
#1602=DIRECTION('',(0.,0.,-1.));
#1603=DIRECTION('',(0.,0.,-1.));
#1604=DIRECTION('center_axis',(0.,-1.,0.));
#1605=DIRECTION('ref_axis',(0.,0.,-1.));
#1606=DIRECTION('',(0.,0.,-1.));
#1607=DIRECTION('center_axis',(-2.73691106313441E-48,-1.,2.46519032881565E-32));
#1608=DIRECTION('ref_axis',(0.,-2.46519032881565E-32,-1.));
#1609=DIRECTION('',(-1.,0.,0.));
#1610=DIRECTION('',(-3.55840713020884E-15,2.46519032881565E-32,1.));
#1611=DIRECTION('',(-1.,0.,0.));
#1612=DIRECTION('',(0.,2.46519032881565E-32,1.));
#1613=DIRECTION('center_axis',(0.,1.,-2.46519032881565E-32));
#1614=DIRECTION('ref_axis',(0.,2.46519032881565E-32,1.));
#1615=DIRECTION('',(0.,0.,-1.));
#1616=DIRECTION('',(0.,0.,-1.));
#1617=DIRECTION('center_axis',(0.,1.,-2.46519032881565E-32));
#1618=DIRECTION('ref_axis',(0.,2.46519032881565E-32,1.));
#1619=DIRECTION('',(0.,0.,-1.));
#1620=DIRECTION('',(0.,0.,-1.));
#1621=DIRECTION('center_axis',(0.,2.46519032881565E-32,1.));
#1622=DIRECTION('ref_axis',(1.,0.,0.));
#1623=DIRECTION('',(2.73691106313441E-48,1.,-2.46519032881565E-32));
#1624=DIRECTION('',(-1.,0.,0.));
#1625=DIRECTION('',(2.73691106313441E-48,1.,-2.46519032881565E-32));
#1626=DIRECTION('',(-1.,0.,0.));
#1627=DIRECTION('center_axis',(0.,2.46519032881565E-32,1.));
#1628=DIRECTION('ref_axis',(1.,0.,0.));
#1629=DIRECTION('',(2.73691106313441E-48,1.,-2.46519032881565E-32));
#1630=DIRECTION('',(-1.,0.,0.));
#1631=DIRECTION('',(2.73691106313441E-48,1.,-2.46519032881565E-32));
#1632=DIRECTION('',(-1.,0.,0.));
#1633=DIRECTION('center_axis',(0.,2.46519032881565E-32,1.));
#1634=DIRECTION('ref_axis',(1.,0.,0.));
#1635=DIRECTION('',(-2.73691106313441E-48,-1.,2.46519032881565E-32));
#1636=DIRECTION('',(-1.,0.,0.));
#1637=DIRECTION('',(-2.73691106313441E-48,-1.,2.46519032881565E-32));
#1638=DIRECTION('center_axis',(-2.73691106313441E-48,-1.,2.46519032881565E-32));
#1639=DIRECTION('ref_axis',(0.,-2.46519032881565E-32,-1.));
#1640=DIRECTION('',(-3.55840713020884E-15,2.46519032881565E-32,1.));
#1641=DIRECTION('',(-1.,0.,0.));
#1642=DIRECTION('',(0.,2.46519032881565E-32,1.));
#1643=DIRECTION('',(-4.2764235361475E-47,2.46519032881565E-32,1.));
#1644=DIRECTION('center_axis',(-2.73691106313441E-48,-1.,2.46519032881565E-32));
#1645=DIRECTION('ref_axis',(-6.74700668366751E-80,-2.46519032881565E-32,
-1.));
#1646=DIRECTION('',(0.,-2.46519032881565E-32,-1.));
#1647=DIRECTION('center_axis',(-2.73691106313441E-48,-1.,2.46519032881565E-32));
#1648=DIRECTION('ref_axis',(-6.74700668366751E-80,-2.46519032881565E-32,
-1.));
#1649=DIRECTION('',(0.,-2.46519032881565E-32,-1.));
#1650=DIRECTION('',(-4.2764235361475E-47,2.46519032881565E-32,1.));
#1651=DIRECTION('center_axis',(1.,0.,0.));
#1652=DIRECTION('ref_axis',(0.,-2.46519032881565E-32,-1.));
#1653=DIRECTION('',(-2.13162820728027E-13,-1.,0.));
#1654=DIRECTION('center_axis',(1.,8.75811540203011E-47,3.55840713020884E-15));
#1655=DIRECTION('ref_axis',(3.55840713020884E-15,-2.46519032881565E-32,
-1.));
#1656=DIRECTION('',(0.,-1.,0.));
#1657=DIRECTION('',(0.,2.6645352591004E-14,1.));
#1658=DIRECTION('',(-1.42108547152016E-13,7.1054273576008E-14,-1.));
#1659=DIRECTION('center_axis',(1.,0.,0.));
#1660=DIRECTION('ref_axis',(0.,0.,-1.));
#1661=DIRECTION('center_axis',(1.,0.,0.));
#1662=DIRECTION('ref_axis',(0.,0.,-1.));
#1663=DIRECTION('center_axis',(3.49148133884313E-15,-8.50078869103326E-33,
-1.));
#1664=DIRECTION('ref_axis',(-1.,-1.23259516440784E-32,-3.49148133884313E-15));
#1665=DIRECTION('',(-2.46519032881567E-32,1.,-1.23259516440782E-32));
#1666=DIRECTION('',(1.,1.23259516440784E-32,3.08395284618099E-15));
#1667=DIRECTION('',(-2.46519032881567E-32,1.,-1.23259516440782E-32));
#1668=DIRECTION('',(1.,1.23259516440784E-32,3.08395284618099E-15));
#1669=DIRECTION('center_axis',(1.,1.23259516440784E-32,3.08395284618099E-15));
#1670=DIRECTION('ref_axis',(3.08395284618099E-15,-8.19876877418784E-33,
-1.));
#1671=DIRECTION('',(-3.55840713020883E-15,-1.66800334228539E-16,1.));
#1672=DIRECTION('',(2.46519032881567E-32,-1.,1.23259516440782E-32));
#1673=DIRECTION('',(-3.62533292157454E-15,-8.34001671142691E-17,1.));
#1674=DIRECTION('center_axis',(-2.75803648491733E-31,1.,8.34001671142691E-17));
#1675=DIRECTION('ref_axis',(-3.49148133884313E-15,8.34001671142691E-17,
-1.));
#1676=DIRECTION('',(1.,-1.77635683940026E-14,0.));
#1677=DIRECTION('',(-3.62533292157454E-15,-8.34001671142691E-17,1.));
#1678=DIRECTION('center_axis',(1.,1.23259516440784E-32,3.08395284618099E-15));
#1679=DIRECTION('ref_axis',(3.08395284618099E-15,-8.19876877418784E-33,
-1.));
#1680=DIRECTION('',(-2.46519032881567E-32,1.,-1.23259516440782E-32));
#1681=DIRECTION('',(-3.55840713020883E-15,-1.66800334228539E-16,1.));
#1682=DIRECTION('center_axis',(-5.26730317132121E-31,1.,1.66800334228539E-16));
#1683=DIRECTION('ref_axis',(0.,-1.66800334228539E-16,1.));
#1684=DIRECTION('',(1.,0.,1.37390099297364E-14));
#1685=DIRECTION('',(-1.77635683940025E-14,0.,1.));
#1686=DIRECTION('center_axis',(-2.46519032881567E-32,1.,-1.23259516440782E-32));
#1687=DIRECTION('ref_axis',(-1.,-2.46519032881567E-32,3.03858167864313E-64));
#1688=DIRECTION('center_axis',(-2.46519032881567E-32,1.,-1.23259516440782E-32));
#1689=DIRECTION('ref_axis',(-1.,-2.46519032881567E-32,3.03858167864313E-64));
#1690=DIRECTION('center_axis',(-3.49148133884313E-15,-1.23259516440782E-32,
-1.));
#1691=DIRECTION('ref_axis',(-1.,1.23259516440784E-32,3.49148133884313E-15));
#1692=DIRECTION('',(-2.46519032881567E-32,-1.,1.23259516440783E-32));
#1693=DIRECTION('',(-1.,1.23259516440784E-32,3.08395284618099E-15));
#1694=DIRECTION('',(-2.46519032881567E-32,-1.,1.23259516440783E-32));
#1695=DIRECTION('',(-1.,1.23259516440784E-32,3.08395284618099E-15));
#1696=DIRECTION('center_axis',(-1.,1.23259516440784E-32,3.08395284618099E-15));
#1697=DIRECTION('ref_axis',(3.08395284618099E-15,1.23259516440782E-32,1.));
#1698=DIRECTION('',(3.62533292157454E-15,-1.94600389933295E-16,1.));
#1699=DIRECTION('',(2.46519032881567E-32,1.,-1.23259516440783E-32));
#1700=DIRECTION('',(3.55840713020883E-15,-1.66800334228539E-16,1.));
#1701=DIRECTION('center_axis',(-5.26730317132121E-31,-1.,-1.66800334228539E-16));
#1702=DIRECTION('ref_axis',(0.,1.66800334228539E-16,-1.));
#1703=DIRECTION('',(-1.,-4.55364912443914E-15,3.05311331771919E-15));
#1704=DIRECTION('',(3.55840713020883E-15,-1.66800334228539E-16,1.));
#1705=DIRECTION('center_axis',(-1.,1.23259516440784E-32,3.08395284618099E-15));
#1706=DIRECTION('ref_axis',(3.08395284618099E-15,1.23259516440782E-32,1.));
#1707=DIRECTION('',(-2.46519032881567E-32,-1.,1.23259516440783E-32));
#1708=DIRECTION('',(3.62533292157454E-15,-1.94600389933295E-16,1.));
#1709=DIRECTION('center_axis',(-6.02455341000447E-31,-1.,-1.94600389933295E-16));
#1710=DIRECTION('ref_axis',(3.49148133884313E-15,1.94600389933295E-16,-1.));
#1711=DIRECTION('',(-1.,0.,3.05311331771919E-15));
#1712=DIRECTION('',(-8.88178419700122E-14,0.,-1.));
#1713=DIRECTION('center_axis',(-2.46519032881567E-32,-1.,1.23259516440783E-32));
#1714=DIRECTION('ref_axis',(1.,-2.46519032881567E-32,3.03858167864314E-64));
#1715=DIRECTION('center_axis',(-2.46519032881567E-32,-1.,1.23259516440783E-32));
#1716=DIRECTION('ref_axis',(1.,-2.46519032881567E-32,3.03858167864314E-64));
#1717=DIRECTION('',(-1.77635683940027E-14,1.,3.05311331771921E-15));
#1718=DIRECTION('',(0.,1.,1.37390099297361E-14));
#1719=DIRECTION('center_axis',(1.,0.,0.));
#1720=DIRECTION('ref_axis',(0.,0.,-1.));
#1721=DIRECTION('',(-1.,1.50949372273656E-48,-2.46519032881567E-32));
#1722=DIRECTION('center_axis',(1.,0.,0.));
#1723=DIRECTION('ref_axis',(0.,0.,-1.));
#1724=DIRECTION('center_axis',(-2.46519032881567E-32,2.46519032881566E-32,
1.));
#1725=DIRECTION('ref_axis',(1.,-1.50949372273656E-48,2.46519032881567E-32));
#1726=DIRECTION('',(-1.,1.50949372273656E-48,-2.46519032881567E-32));
#1727=DIRECTION('',(0.,1.,1.22464679914735E-16));
#1728=DIRECTION('',(0.,1.,1.22464679914735E-16));
#1729=DIRECTION('center_axis',(0.,1.,1.22464679914735E-16));
#1730=DIRECTION('ref_axis',(1.55986977027501E-31,-1.22464679914735E-16,
1.));
#1731=DIRECTION('',(-3.50280701879932E-15,-6.12323399573799E-17,1.));
#1732=DIRECTION('',(2.33520467919955E-15,1.71797122514704E-15,1.));
#1733=DIRECTION('',(0.,-1.22464679914735E-16,1.));
#1734=DIRECTION('',(4.24884710452153E-32,-1.22464679914735E-16,1.));
#1735=DIRECTION('center_axis',(0.,1.,1.22464679914735E-16));
#1736=DIRECTION('ref_axis',(0.,-1.22464679914735E-16,1.));
#1737=DIRECTION('',(4.24884710452153E-32,-1.22464679914735E-16,1.));
#1738=DIRECTION('center_axis',(0.,1.,1.22464679914735E-16));
#1739=DIRECTION('ref_axis',(0.,-1.22464679914735E-16,1.));
#1740=DIRECTION('',(0.,-1.22464679914735E-16,1.));
#1741=DIRECTION('',(4.24884710452153E-32,-1.22464679914735E-16,1.));
#1742=DIRECTION('center_axis',(0.,1.,1.22464679914735E-16));
#1743=DIRECTION('ref_axis',(0.,-1.22464679914735E-16,1.));
#1744=DIRECTION('',(0.,-1.22464679914735E-16,1.));
#1745=DIRECTION('',(4.24884710452153E-32,-1.22464679914735E-16,1.));
#1746=DIRECTION('center_axis',(0.,1.,1.22464679914735E-16));
#1747=DIRECTION('ref_axis',(0.,-1.22464679914735E-16,1.));
#1748=DIRECTION('',(0.,-1.22464679914735E-16,1.));
#1749=DIRECTION('',(4.24884710452153E-32,-1.22464679914735E-16,1.));
#1750=DIRECTION('center_axis',(0.,1.,1.22464679914735E-16));
#1751=DIRECTION('ref_axis',(0.,-1.22464679914735E-16,1.));
#1752=DIRECTION('',(0.,-1.22464679914735E-16,1.));
#1753=DIRECTION('center_axis',(-1.,2.14485070180174E-31,-3.50280701879932E-15));
#1754=DIRECTION('ref_axis',(-3.50280701879932E-15,-6.12323399573799E-17,
1.));
#1755=DIRECTION('center_axis',(-1.,-1.42990046786783E-31,2.33520467919955E-15));
#1756=DIRECTION('ref_axis',(0.,1.,6.12323399573677E-17));
#1757=DIRECTION('center_axis',(0.,1.,-2.46519032881565E-32));
#1758=DIRECTION('ref_axis',(1.22464679914735E-16,-2.46519032881565E-32,
-1.));
#1759=DIRECTION('',(1.73472347597681E-15,-1.,2.46519032881565E-32));
#1760=DIRECTION('',(0.,1.,-2.46519032881565E-32));
#1761=DIRECTION('center_axis',(-1.,0.,0.));
#1762=DIRECTION('ref_axis',(0.,0.,1.));
#1763=DIRECTION('center_axis',(1.,1.73472347597681E-15,0.));
#1764=DIRECTION('ref_axis',(-1.73472347597681E-15,1.,0.));
#1765=DIRECTION('center_axis',(0.,1.,-2.46519032881565E-32));
#1766=DIRECTION('ref_axis',(1.22464679914735E-16,-2.46519032881565E-32,
-1.));
#1767=DIRECTION('',(1.73472347597681E-15,-1.,2.46519032881565E-32));
#1768=DIRECTION('',(0.,1.,-2.46519032881565E-32));
#1769=DIRECTION('center_axis',(-1.,0.,0.));
#1770=DIRECTION('ref_axis',(0.,0.,1.));
#1771=DIRECTION('center_axis',(1.,1.73472347597681E-15,0.));
#1772=DIRECTION('ref_axis',(-1.73472347597681E-15,1.,0.));
#1773=DIRECTION('center_axis',(0.,-1.,0.));
#1774=DIRECTION('ref_axis',(1.22464679914735E-16,0.,1.));
#1775=DIRECTION('',(-3.46944695195361E-16,1.,0.));
#1776=DIRECTION('',(0.,-1.,0.));
#1777=DIRECTION('center_axis',(-1.,-3.46944695195361E-16,0.));
#1778=DIRECTION('ref_axis',(3.46944695195361E-16,-1.,0.));
#1779=DIRECTION('center_axis',(-1.,0.,0.));
#1780=DIRECTION('ref_axis',(0.,0.,1.));
#1781=DIRECTION('center_axis',(0.,-1.,0.));
#1782=DIRECTION('ref_axis',(5.66553889764798E-16,0.,1.));
#1783=DIRECTION('',(-3.46944695195361E-16,1.,0.));
#1784=DIRECTION('',(0.,-1.,0.));
#1785=DIRECTION('center_axis',(-1.,-3.46944695195361E-16,0.));
#1786=DIRECTION('ref_axis',(3.46944695195361E-16,-1.,0.));
#1787=DIRECTION('center_axis',(-1.,0.,0.));
#1788=DIRECTION('ref_axis',(0.,0.,1.));
#1789=DIRECTION('center_axis',(0.,-1.,0.));
#1790=DIRECTION('ref_axis',(1.22464679914735E-16,0.,1.));
#1791=DIRECTION('',(-3.46944695195361E-16,1.,0.));
#1792=DIRECTION('',(0.,-1.,0.));
#1793=DIRECTION('center_axis',(-1.,-3.46944695195361E-16,0.));
#1794=DIRECTION('ref_axis',(3.46944695195361E-16,-1.,0.));
#1795=DIRECTION('center_axis',(-1.,0.,0.));
#1796=DIRECTION('ref_axis',(0.,0.,1.));
#1797=DIRECTION('center_axis',(0.,-1.,0.));
#1798=DIRECTION('ref_axis',(5.66553889764798E-16,0.,1.));
#1799=DIRECTION('',(-3.46944695195361E-16,1.,0.));
#1800=DIRECTION('',(0.,-1.,0.));
#1801=DIRECTION('center_axis',(-1.,-3.46944695195361E-16,0.));
#1802=DIRECTION('ref_axis',(3.46944695195361E-16,-1.,0.));
#1803=DIRECTION('center_axis',(-1.,0.,0.));
#1804=DIRECTION('ref_axis',(0.,0.,1.));
#1805=DIRECTION('center_axis',(0.,-1.,0.));
#1806=DIRECTION('ref_axis',(1.22464679914735E-16,0.,1.));
#1807=DIRECTION('',(-3.46944695195361E-16,1.,0.));
#1808=DIRECTION('',(0.,-1.,0.));
#1809=DIRECTION('center_axis',(-1.,-3.46944695195361E-16,0.));
#1810=DIRECTION('ref_axis',(3.46944695195361E-16,-1.,0.));
#1811=DIRECTION('center_axis',(-1.,0.,0.));
#1812=DIRECTION('ref_axis',(0.,0.,1.));
#1813=CARTESIAN_POINT('',(0.,0.,0.));
#1814=CARTESIAN_POINT('Origin',(-151.,141.599999999996,5.3776427755281E-14));
#1815=CARTESIAN_POINT('',(-151.,135.599999999996,5.3776427755281E-14));
#1816=CARTESIAN_POINT('Origin',(-151.,141.599999999996,5.3776427755281E-14));
#1817=CARTESIAN_POINT('',(-151.,135.599999999996,-1.99999999999995));
#1818=CARTESIAN_POINT('',(-151.,135.599999999996,5.3776427755281E-14));
#1819=CARTESIAN_POINT('Origin',(-151.,141.599999999996,-1.99999999999995));
#1820=CARTESIAN_POINT('Origin',(130.,141.599999999996,5.3776427755281E-14));
#1821=CARTESIAN_POINT('',(130.,135.599999999996,5.3776427755281E-14));
#1822=CARTESIAN_POINT('Origin',(130.,141.599999999996,5.3776427755281E-14));
#1823=CARTESIAN_POINT('',(130.,135.599999999996,-1.99999999999995));
#1824=CARTESIAN_POINT('',(130.,135.599999999996,5.3776427755281E-14));
#1825=CARTESIAN_POINT('Origin',(130.,141.599999999996,-1.99999999999995));
#1826=CARTESIAN_POINT('Origin',(151.,141.599999999996,5.3776427755281E-14));
#1827=CARTESIAN_POINT('',(151.,135.599999999996,5.3776427755281E-14));
#1828=CARTESIAN_POINT('Origin',(151.,141.599999999996,5.3776427755281E-14));
#1829=CARTESIAN_POINT('',(151.,135.599999999996,-1.99999999999995));
#1830=CARTESIAN_POINT('',(151.,135.599999999996,5.3776427755281E-14));
#1831=CARTESIAN_POINT('Origin',(151.,141.599999999996,-1.99999999999995));
#1832=CARTESIAN_POINT('Origin',(109.,141.599999999996,5.3776427755281E-14));
#1833=CARTESIAN_POINT('',(109.,135.599999999996,5.3776427755281E-14));
#1834=CARTESIAN_POINT('Origin',(109.,141.599999999996,5.3776427755281E-14));
#1835=CARTESIAN_POINT('',(109.,135.599999999996,-1.99999999999995));
#1836=CARTESIAN_POINT('',(109.,135.599999999996,5.3776427755281E-14));
#1837=CARTESIAN_POINT('Origin',(109.,141.599999999996,-1.99999999999995));
#1838=CARTESIAN_POINT('Origin',(-109.,141.599999999996,5.3776427755281E-14));
#1839=CARTESIAN_POINT('',(-109.,135.599999999996,5.3776427755281E-14));
#1840=CARTESIAN_POINT('Origin',(-109.,141.599999999996,5.3776427755281E-14));
#1841=CARTESIAN_POINT('',(-109.,135.599999999996,-1.99999999999995));
#1842=CARTESIAN_POINT('',(-109.,135.599999999996,5.3776427755281E-14));
#1843=CARTESIAN_POINT('Origin',(-109.,141.599999999996,-1.99999999999995));
#1844=CARTESIAN_POINT('Origin',(-130.,141.599999999996,5.3776427755281E-14));
#1845=CARTESIAN_POINT('',(-130.,135.599999999996,5.3776427755281E-14));
#1846=CARTESIAN_POINT('Origin',(-130.,141.599999999996,5.3776427755281E-14));
#1847=CARTESIAN_POINT('',(-130.,135.599999999996,-1.99999999999995));
#1848=CARTESIAN_POINT('',(-130.,135.599999999996,5.3776427755281E-14));
#1849=CARTESIAN_POINT('Origin',(-130.,141.599999999996,-1.99999999999995));
#1850=CARTESIAN_POINT('Origin',(-180.,-1.99999999999997,8.14999999999969));
#1851=CARTESIAN_POINT('',(-177.85,3.33934269125535E-14,8.14999999999969));
#1852=CARTESIAN_POINT('',(-182.15,3.33934269125535E-14,8.14999999999969));
#1853=CARTESIAN_POINT('Origin',(-180.,3.33934269125535E-14,8.14999999999969));
#1854=CARTESIAN_POINT('',(-182.15,-1.99999999999997,8.14999999999969));
#1855=CARTESIAN_POINT('',(-182.15,-1.99999999999997,8.14999999999969));
#1856=CARTESIAN_POINT('',(-177.85,-1.99999999999997,8.14999999999969));
#1857=CARTESIAN_POINT('Origin',(-180.,-1.99999999999997,8.14999999999969));
#1858=CARTESIAN_POINT('',(-177.85,3.00000000000004,8.14999999999969));
#1859=CARTESIAN_POINT('Origin',(180.,-1.99999999999997,8.14999999999964));
#1860=CARTESIAN_POINT('',(182.15,3.33934269125535E-14,8.14999999999964));
#1861=CARTESIAN_POINT('',(177.85,3.34096591251346E-14,8.14999999999964));
#1862=CARTESIAN_POINT('Origin',(180.,3.33934269125535E-14,8.14999999999964));
#1863=CARTESIAN_POINT('',(177.85,-1.99999999999997,8.14999999999964));
#1864=CARTESIAN_POINT('',(177.85,-1.99999999999997,8.14999999999964));
#1865=CARTESIAN_POINT('',(182.15,-1.99999999999997,8.14999999999964));
#1866=CARTESIAN_POINT('Origin',(180.,-1.99999999999997,8.14999999999964));
#1867=CARTESIAN_POINT('',(182.15,3.00000000000004,8.14999999999964));
#1868=CARTESIAN_POINT('Origin',(-90.,-1.99999999999997,8.14999999999969));
#1869=CARTESIAN_POINT('',(-87.85,3.29597460435593E-14,8.14999999999969));
#1870=CARTESIAN_POINT('',(-92.15,3.29597460435593E-14,8.14999999999969));
#1871=CARTESIAN_POINT('Origin',(-90.,3.33934269125535E-14,8.14999999999969));
#1872=CARTESIAN_POINT('',(-92.15,-1.99999999999997,8.14999999999969));
#1873=CARTESIAN_POINT('',(-92.15,-1.99999999999997,8.14999999999969));
#1874=CARTESIAN_POINT('',(-87.85,-1.99999999999997,8.14999999999969));
#1875=CARTESIAN_POINT('Origin',(-90.,-1.99999999999997,8.14999999999969));
#1876=CARTESIAN_POINT('',(-87.85,3.00000000000004,8.14999999999969));
#1877=CARTESIAN_POINT('Origin',(1.38777878078145E-13,-1.99999999999997,
8.14999999999969));
#1878=CARTESIAN_POINT('',(2.15000000000013,3.33934269125535E-14,8.14999999999969));
#1879=CARTESIAN_POINT('',(-2.14999999999985,3.34096591251346E-14,8.14999999999969));
#1880=CARTESIAN_POINT('Origin',(1.38777878078145E-13,3.33934269125535E-14,
8.14999999999969));
#1881=CARTESIAN_POINT('',(-2.14999999999985,-1.99999999999997,8.14999999999969));
#1882=CARTESIAN_POINT('',(-2.14999999999985,-1.99999999999997,8.14999999999969));
#1883=CARTESIAN_POINT('',(2.15000000000013,-1.99999999999997,8.14999999999969));
#1884=CARTESIAN_POINT('Origin',(1.38777878078145E-13,-1.99999999999997,
8.14999999999969));
#1885=CARTESIAN_POINT('',(2.15000000000013,3.00000000000004,8.14999999999969));
#1886=CARTESIAN_POINT('Origin',(90.,-1.99999999999997,8.14999999999969));
#1887=CARTESIAN_POINT('',(92.15,3.33934269125535E-14,8.14999999999969));
#1888=CARTESIAN_POINT('',(87.85,3.33934269125535E-14,8.14999999999969));
#1889=CARTESIAN_POINT('Origin',(90.,3.33934269125535E-14,8.14999999999969));
#1890=CARTESIAN_POINT('',(87.85,-1.99999999999997,8.14999999999969));
#1891=CARTESIAN_POINT('',(87.85,-1.99999999999997,8.14999999999969));
#1892=CARTESIAN_POINT('',(92.15,-1.99999999999997,8.14999999999969));
#1893=CARTESIAN_POINT('Origin',(90.,-1.99999999999997,8.14999999999969));
#1894=CARTESIAN_POINT('',(92.15,3.00000000000004,8.14999999999969));
#1895=CARTESIAN_POINT('Origin',(-180.,163.,11.8499999999997));
#1896=CARTESIAN_POINT('',(-177.85,161.,11.8499999999997));
#1897=CARTESIAN_POINT('',(-182.15,161.,11.8499999999997));
#1898=CARTESIAN_POINT('Origin',(-180.,161.,11.8499999999997));
#1899=CARTESIAN_POINT('',(-182.15,163.,11.8499999999997));
#1900=CARTESIAN_POINT('',(-182.15,163.,11.8499999999997));
#1901=CARTESIAN_POINT('',(-177.85,163.,11.8499999999997));
#1902=CARTESIAN_POINT('Origin',(-180.,163.,11.8499999999997));
#1903=CARTESIAN_POINT('',(-177.85,158.,11.8499999999997));
#1904=CARTESIAN_POINT('Origin',(180.,163.,11.8499999999997));
#1905=CARTESIAN_POINT('',(182.15,161.,11.8499999999997));
#1906=CARTESIAN_POINT('',(177.85,161.,11.8499999999997));
#1907=CARTESIAN_POINT('Origin',(180.,161.,11.8499999999997));
#1908=CARTESIAN_POINT('',(177.85,163.,11.8499999999997));
#1909=CARTESIAN_POINT('',(177.85,163.,11.8499999999997));
#1910=CARTESIAN_POINT('',(182.15,163.,11.8499999999997));
#1911=CARTESIAN_POINT('Origin',(180.,163.,11.8499999999997));
#1912=CARTESIAN_POINT('',(182.15,158.,11.8499999999997));
#1913=CARTESIAN_POINT('Origin',(130.,39.4,5.55111512312578E-14));
#1914=CARTESIAN_POINT('',(139.5,39.4,5.55111512312578E-14));
#1915=CARTESIAN_POINT('Origin',(130.,39.4,5.55111512312578E-14));
#1916=CARTESIAN_POINT('',(139.5,39.4,-1.99999999999995));
#1917=CARTESIAN_POINT('',(139.5,39.4,5.55111512312578E-14));
#1918=CARTESIAN_POINT('Origin',(130.,39.4,-1.99999999999995));
#1919=CARTESIAN_POINT('Origin',(-130.,39.4,5.55111512312578E-14));
#1920=CARTESIAN_POINT('',(-120.5,39.4,5.55111512312578E-14));
#1921=CARTESIAN_POINT('Origin',(-130.,39.4,5.55111512312578E-14));
#1922=CARTESIAN_POINT('',(-120.5,39.4,-1.99999999999995));
#1923=CARTESIAN_POINT('',(-120.5,39.4,5.55111512312578E-14));
#1924=CARTESIAN_POINT('Origin',(-130.,39.4,-1.99999999999995));
#1925=CARTESIAN_POINT('Origin',(188.,-1.99999999999997,3.71881345162528E-14));
#1926=CARTESIAN_POINT('',(190.329289321882,-1.99999999999997,18.));
#1927=CARTESIAN_POINT('',(-190.329289321881,-2.,18.0000000000001));
#1928=CARTESIAN_POINT('',(188.,-1.99999999999997,18.));
#1929=CARTESIAN_POINT('',(-190.329289321881,-2.,2.40000000000005));
#1930=CARTESIAN_POINT('',(-190.329289321881,-2.,2.40000000000005));
#1931=CARTESIAN_POINT('',(190.329289321882,-2.,2.40000000000003));
#1932=CARTESIAN_POINT('',(188.,-1.99999999999997,2.40000000000005));
#1933=CARTESIAN_POINT('',(190.329289321882,-2.,2.40000000000003));
#1934=CARTESIAN_POINT('',(92.15,-1.99999999999997,11.8499999999997));
#1935=CARTESIAN_POINT('',(92.15,-1.99999999999997,11.8499999999997));
#1936=CARTESIAN_POINT('',(87.85,-1.99999999999997,11.8499999999997));
#1937=CARTESIAN_POINT('',(87.85,-1.99999999999997,11.8499999999997));
#1938=CARTESIAN_POINT('Origin',(90.,-1.99999999999997,11.8499999999997));
#1939=CARTESIAN_POINT('',(2.15000000000013,-1.99999999999997,11.8499999999997));
#1940=CARTESIAN_POINT('',(2.15000000000013,-1.99999999999997,11.8499999999997));
#1941=CARTESIAN_POINT('',(-2.14999999999985,-1.99999999999997,11.8499999999997));
#1942=CARTESIAN_POINT('',(-2.14999999999985,-1.99999999999997,11.8499999999997));
#1943=CARTESIAN_POINT('Origin',(1.38777878078145E-13,-1.99999999999997,
11.8499999999997));
#1944=CARTESIAN_POINT('',(-87.85,-1.99999999999997,11.8499999999997));
#1945=CARTESIAN_POINT('',(-87.85,-1.99999999999997,11.8499999999997));
#1946=CARTESIAN_POINT('',(-92.15,-1.99999999999997,11.8499999999997));
#1947=CARTESIAN_POINT('',(-92.15,-1.99999999999997,11.8499999999997));
#1948=CARTESIAN_POINT('Origin',(-90.,-1.99999999999997,11.8499999999997));
#1949=CARTESIAN_POINT('',(177.85,-1.99999999999997,11.8499999999996));
#1950=CARTESIAN_POINT('',(177.85,-1.99999999999997,11.8499999999996));
#1951=CARTESIAN_POINT('',(182.15,-1.99999999999997,11.8499999999996));
#1952=CARTESIAN_POINT('Origin',(180.,-1.99999999999997,11.8499999999996));
#1953=CARTESIAN_POINT('',(182.15,-1.99999999999997,11.8499999999996));
#1954=CARTESIAN_POINT('',(-182.15,-1.99999999999997,11.8499999999997));
#1955=CARTESIAN_POINT('',(-182.15,-1.99999999999997,11.8499999999997));
#1956=CARTESIAN_POINT('',(-177.85,-1.99999999999997,11.8499999999997));
#1957=CARTESIAN_POINT('Origin',(-180.,-1.99999999999997,11.8499999999997));
#1958=CARTESIAN_POINT('',(-177.85,-1.99999999999997,11.8499999999997));
#1959=CARTESIAN_POINT('Origin',(188.,163.,2.77555756156289E-14));
#1960=CARTESIAN_POINT('',(190.329289321881,163.,2.40000000000004));
#1961=CARTESIAN_POINT('',(-190.329289321881,163.,2.40000000000001));
#1962=CARTESIAN_POINT('',(188.,163.,2.40000000000004));
#1963=CARTESIAN_POINT('',(-190.329289321881,163.,18.));
#1964=CARTESIAN_POINT('',(-190.329289321881,163.,2.40000000000001));
#1965=CARTESIAN_POINT('',(190.329289321881,163.,18.));
#1966=CARTESIAN_POINT('',(188.,163.,18.));
#1967=CARTESIAN_POINT('',(190.329289321881,163.,2.40000000000004));
#1968=CARTESIAN_POINT('',(-177.85,163.,8.14999999999971));
#1969=CARTESIAN_POINT('',(-182.15,163.,8.14999999999971));
#1970=CARTESIAN_POINT('Origin',(-180.,163.,8.14999999999971));
#1971=CARTESIAN_POINT('',(-177.85,163.,11.8499999999997));
#1972=CARTESIAN_POINT('',(-182.15,163.,11.8499999999997));
#1973=CARTESIAN_POINT('',(182.15,163.,8.14999999999966));
#1974=CARTESIAN_POINT('',(177.85,163.,8.14999999999966));
#1975=CARTESIAN_POINT('Origin',(180.,163.,8.14999999999966));
#1976=CARTESIAN_POINT('',(182.15,163.,11.8499999999997));
#1977=CARTESIAN_POINT('',(177.85,163.,11.8499999999997));
#1978=CARTESIAN_POINT('Origin',(188.,4.70472846818794E-30,5.55111512312578E-14));
#1979=CARTESIAN_POINT('',(-188.,2.39999999999999,5.55111512312578E-14));
#1980=CARTESIAN_POINT('',(-188.,158.6,8.32667268468867E-14));
#1981=CARTESIAN_POINT('',(-188.,4.70472846818794E-30,5.55111512312578E-14));
#1982=CARTESIAN_POINT('',(188.,2.39999999999999,5.55111512312578E-14));
#1983=CARTESIAN_POINT('',(188.,2.39999999999999,5.55111512312578E-14));
#1984=CARTESIAN_POINT('',(188.,158.6,2.77555756156289E-14));
#1985=CARTESIAN_POINT('',(188.,4.70472846818794E-30,5.55111512312578E-14));
#1986=CARTESIAN_POINT('',(188.,158.6,5.55111512312578E-14));
#1987=CARTESIAN_POINT('Origin',(188.,4.65542466161162E-30,-1.99999999999995));
#1988=CARTESIAN_POINT('',(-188.,2.39999999999999,-1.99999999999994));
#1989=CARTESIAN_POINT('',(-188.,158.6,-1.99999999999997));
#1990=CARTESIAN_POINT('',(-188.,4.65542466161162E-30,-1.99999999999995));
#1991=CARTESIAN_POINT('',(188.,158.6,-1.99999999999995));
#1992=CARTESIAN_POINT('',(188.,158.6,-1.99999999999995));
#1993=CARTESIAN_POINT('',(188.,2.39999999999999,-1.99999999999995));
#1994=CARTESIAN_POINT('',(188.,4.65542466161162E-30,-1.99999999999995));
#1995=CARTESIAN_POINT('',(188.,2.39999999999999,-1.99999999999995));
#1996=CARTESIAN_POINT('Origin',(188.,161.,18.));
#1997=CARTESIAN_POINT('',(-190.329289321881,161.,18.));
#1998=CARTESIAN_POINT('',(-190.329289321881,163.,18.));
#1999=CARTESIAN_POINT('',(190.329289321881,161.,18.));
#2000=CARTESIAN_POINT('',(188.,161.,18.));
#2001=CARTESIAN_POINT('',(190.329289321881,163.,18.));
#2002=CARTESIAN_POINT('Origin',(188.,161.,2.77555756156289E-14));
#2003=CARTESIAN_POINT('',(-190.329289321881,161.,2.40000000000001));
#2004=CARTESIAN_POINT('',(-190.329289321881,161.,2.40000000000001));
#2005=CARTESIAN_POINT('',(190.329289321881,161.,2.40000000000004));
#2006=CARTESIAN_POINT('',(188.,161.,2.40000000000004));
#2007=CARTESIAN_POINT('',(190.329289321881,161.,2.40000000000004));
#2008=CARTESIAN_POINT('',(-177.85,161.,8.14999999999971));
#2009=CARTESIAN_POINT('',(-177.85,161.,2.77555756156289E-14));
#2010=CARTESIAN_POINT('',(-182.15,161.,8.14999999999971));
#2011=CARTESIAN_POINT('Origin',(-180.,161.,8.14999999999971));
#2012=CARTESIAN_POINT('',(-182.15,161.,2.77555756156289E-14));
#2013=CARTESIAN_POINT('',(177.85,161.,8.14999999999966));
#2014=CARTESIAN_POINT('',(182.15,161.,8.14999999999966));
#2015=CARTESIAN_POINT('Origin',(180.,161.,8.14999999999966));
#2016=CARTESIAN_POINT('',(177.85,161.,2.77555756156289E-14));
#2017=CARTESIAN_POINT('',(182.15,161.,2.77555756156289E-14));
#2018=CARTESIAN_POINT('Origin',(190.329289321881,163.,2.40000000000004));
#2019=CARTESIAN_POINT('',(190.329289321881,163.,2.40000000000004));
#2020=CARTESIAN_POINT('Origin',(-190.329289321881,163.,2.40000000000001));
#2021=CARTESIAN_POINT('',(-190.329289321881,163.,2.40000000000001));
#2022=CARTESIAN_POINT('Ctrl Pts',(187.999918819317,158.599848224527,-2.01999999744555));
#2023=CARTESIAN_POINT('Ctrl Pts',(188.374338900272,159.299863519445,-2.0200235604521));
#2024=CARTESIAN_POINT('Ctrl Pts',(188.686685850261,159.894961607598,-1.85702938294907));
#2025=CARTESIAN_POINT('Ctrl Pts',(189.067322078499,160.599970730423,-1.54996376734129));
#2026=CARTESIAN_POINT('Ctrl Pts',(189.179260235027,160.804636885987,-1.43667656279203));
#2027=CARTESIAN_POINT('Ctrl Pts',(189.324765760651,161.070032875732,-1.26692859276495));
#2028=CARTESIAN_POINT('Ctrl Pts',(189.369533984331,161.151601998685,-1.21032664069584));
#2029=CARTESIAN_POINT('Ctrl Pts',(189.431085892558,161.264327174798,-1.12703040937936));
#2030=CARTESIAN_POINT('Ctrl Pts',(189.450669790752,161.300298499886,-1.09952980560138));
#2031=CARTESIAN_POINT('Ctrl Pts',(189.478645531219,161.351945719852,-1.05885457444857));
#2032=CARTESIAN_POINT('Ctrl Pts',(189.487737426905,161.368776527694,-1.04539193370853));
#2033=CARTESIAN_POINT('Ctrl Pts',(189.501025243727,161.393457504152,-1.02536237963102));
#2034=CARTESIAN_POINT('Ctrl Pts',(189.505396178217,161.401590291275,-1.01871325213529));
#2035=CARTESIAN_POINT('Ctrl Pts',(189.511865073275,161.413649690169,-1.00878314595321));
#2036=CARTESIAN_POINT('Ctrl Pts',(189.514006787182,161.41764619286,-1.00548037408305));
#2037=CARTESIAN_POINT('Ctrl Pts',(189.517197481373,161.42360619236,-1.00053741812506));
#2038=CARTESIAN_POINT('Ctrl Pts',(189.518257399992,161.425587066438,-0.998891633073179));
#2039=CARTESIAN_POINT('Ctrl Pts',(189.520369945006,161.429537261567,-0.995603847447346));
#2040=CARTESIAN_POINT('Ctrl Pts',(189.520894373732,161.430517862364,-0.994787685197229));
#2041=CARTESIAN_POINT('Ctrl Pts',(189.623410940743,161.622416107968,-0.834502786740771));
#2042=CARTESIAN_POINT('Ctrl Pts',(189.715924186082,161.813031920589,-0.648542170129607));
#2043=CARTESIAN_POINT('Ctrl Pts',(189.884098389322,162.177022727569,-0.21191345420124));
#2044=CARTESIAN_POINT('Ctrl Pts',(189.959759347224,162.35037895747,0.0388750316250019));
#2045=CARTESIAN_POINT('Ctrl Pts',(190.16147350903,162.804626518247,0.892356255997462));
#2046=CARTESIAN_POINT('Ctrl Pts',(190.261954609417,163.020031136435,1.59999152242451));
#2047=CARTESIAN_POINT('Ctrl Pts',(190.32930392506,163.019999996624,2.4001734937776));
#2048=CARTESIAN_POINT('Ctrl Pts',(187.999918820186,158.599848912172,-1.99999999745709));
#2049=CARTESIAN_POINT('Ctrl Pts',(188.374334890133,159.296692663622,-2.0000234538437));
#2050=CARTESIAN_POINT('Ctrl Pts',(188.686685850261,159.889102052813,-1.83776680655562));
#2051=CARTESIAN_POINT('Ctrl Pts',(189.067322078499,160.590921089109,-1.53209062812254));
#2052=CARTESIAN_POINT('Ctrl Pts',(189.179260235027,160.794661153472,-1.41931603535858));
#2053=CARTESIAN_POINT('Ctrl Pts',(189.324765760651,161.058856256385,-1.25033615569362));
#2054=CARTESIAN_POINT('Ctrl Pts',(189.369533984331,161.140056288284,-1.19399032105469));
#2055=CARTESIAN_POINT('Ctrl Pts',(189.431085892558,161.252271395726,-1.11107099576227));
#2056=CARTESIAN_POINT('Ctrl Pts',(189.450669790752,161.288079954638,-1.08369482910545));
#2057=CARTESIAN_POINT('Ctrl Pts',(189.478645531219,161.339493476776,-1.04320364877233));
#2058=CARTESIAN_POINT('Ctrl Pts',(189.487737426905,161.356248127116,-1.02980192495872));
#2059=CARTESIAN_POINT('Ctrl Pts',(189.501025243727,161.380817424947,-1.00986300234762));
#2060=CARTESIAN_POINT('Ctrl Pts',(189.505396178217,161.388913412129,-1.00324396140164));
#2061=CARTESIAN_POINT('Ctrl Pts',(189.511865073275,161.400918243607,-0.99335878782672));
#2062=CARTESIAN_POINT('Ctrl Pts',(189.514006787182,161.404896662576,-0.990070960625644));
#2063=CARTESIAN_POINT('Ctrl Pts',(189.517197481373,161.410829693752,-0.985150370984206));
#2064=CARTESIAN_POINT('Ctrl Pts',(189.518257399992,161.412801604598,-0.983512032923517));
#2065=CARTESIAN_POINT('Ctrl Pts',(189.520369945006,161.416733925542,-0.980239124155735));
#2066=CARTESIAN_POINT('Ctrl Pts',(189.520894373732,161.417710089231,-0.979426654947463));
#2067=CARTESIAN_POINT('Ctrl Pts',(189.623410940743,161.608740016981,-0.819867027524734));
#2068=CARTESIAN_POINT('Ctrl Pts',(189.715924186082,161.798493314614,-0.634747861667478));
#2069=CARTESIAN_POINT('Ctrl Pts',(189.884098389322,162.160837104368,-0.200094841286302));
#2070=CARTESIAN_POINT('Ctrl Pts',(189.959759347224,162.333408916938,0.0495588550113168));
#2071=CARTESIAN_POINT('Ctrl Pts',(190.16147350903,162.785601058888,0.899178173391146));
#2072=CARTESIAN_POINT('Ctrl Pts',(190.26195465702,163.000030995547,1.60361177596859));
#2073=CARTESIAN_POINT('Ctrl Pts',(190.329303925049,162.999999996639,2.4001727086716));
#2074=CARTESIAN_POINT('Ctrl Pts',(187.99991890714,158.599917676731,1.38705361900709E-9));
#2075=CARTESIAN_POINT('Ctrl Pts',(188.373933876292,158.979607081326,-1.27930056430734E-5));
#2076=CARTESIAN_POINT('Ctrl Pts',(188.686685850261,159.303146574262,0.0884908327878789));
#2077=CARTESIAN_POINT('Ctrl Pts',(189.067322078499,159.685956957696,0.255223293751355));
#2078=CARTESIAN_POINT('Ctrl Pts',(189.179260235027,159.797087901894,0.316736707986237));
#2079=CARTESIAN_POINT('Ctrl Pts',(189.324765760651,159.941194321664,0.408907551439852));
#2080=CARTESIAN_POINT('Ctrl Pts',(189.369533984331,159.985485248155,0.439641643061095));
#2081=CARTESIAN_POINT('Ctrl Pts',(189.431085892558,160.046693488578,0.484870365947881));
#2082=CARTESIAN_POINT('Ctrl Pts',(189.450669790752,160.066225429803,0.499802820487949));
#2083=CARTESIAN_POINT('Ctrl Pts',(189.478645531219,160.09426916915,0.521888918851465));
#2084=CARTESIAN_POINT('Ctrl Pts',(189.487737426905,160.103408069336,0.529198950022541));
#2085=CARTESIAN_POINT('Ctrl Pts',(189.501025243727,160.116809504517,0.540074725992212));
#2086=CARTESIAN_POINT('Ctrl Pts',(189.505396178217,160.121225497525,0.543685111962761));
#2087=CARTESIAN_POINT('Ctrl Pts',(189.511865073275,160.127773587422,0.549077024821792));
#2088=CARTESIAN_POINT('Ctrl Pts',(189.514006787182,160.129943634132,0.550870385113311));
#2089=CARTESIAN_POINT('Ctrl Pts',(189.517197481373,160.133179832955,0.553554343099533));
#2090=CARTESIAN_POINT('Ctrl Pts',(189.518257399992,160.13425542069,0.554447982041739));
#2091=CARTESIAN_POINT('Ctrl Pts',(189.520369945006,160.136400323023,0.556233205005974));
#2092=CARTESIAN_POINT('Ctrl Pts',(189.520894373732,160.136932775944,0.55667637002868));
#2093=CARTESIAN_POINT('Ctrl Pts',(189.623410940743,160.241130918353,0.643708894077416));
#2094=CARTESIAN_POINT('Ctrl Pts',(189.715924186082,160.344632717062,0.744682984545025));
#2095=CARTESIAN_POINT('Ctrl Pts',(189.884098389322,160.5422747842,0.981766450207477));
#2096=CARTESIAN_POINT('Ctrl Pts',(189.959759347224,160.636404863785,1.11794119364256));
#2097=CARTESIAN_POINT('Ctrl Pts',(190.16147350903,160.88305512303,1.58136991275882));
#2098=CARTESIAN_POINT('Ctrl Pts',(190.2619594173,161.000016906662,1.96563713037551));
#2099=CARTESIAN_POINT('Ctrl Pts',(190.329303924017,160.999999998167,2.40009419807159));
#2100=CARTESIAN_POINT('Ctrl Pts',(187.999918908019,158.599918371253,0.0202000013753775));
#2101=CARTESIAN_POINT('Ctrl Pts',(188.373929826053,158.976404516945,0.0201873146688193));
#2102=CARTESIAN_POINT('Ctrl Pts',(188.686685850261,159.297228423928,0.107946034945238));
#2103=CARTESIAN_POINT('Ctrl Pts',(189.067322078499,159.676816819968,0.273275164362263));
#2104=CARTESIAN_POINT('Ctrl Pts',(189.179260235027,159.787012412053,0.334270840694012));
#2105=CARTESIAN_POINT('Ctrl Pts',(189.324765760651,159.929905936124,0.425665912881901));
#2106=CARTESIAN_POINT('Ctrl Pts',(189.369533984331,159.97382408065,0.456141325898662));
#2107=CARTESIAN_POINT('Ctrl Pts',(189.431085892558,160.034517151716,0.500989373701161));
#2108=CARTESIAN_POINT('Ctrl Pts',(189.450669790752,160.053884699102,0.515796146748848));
#2109=CARTESIAN_POINT('Ctrl Pts',(189.478645531219,160.081692403643,0.53769635378445));
#2110=CARTESIAN_POINT('Ctrl Pts',(189.487737426905,160.090754384752,0.544944858859836));
#2111=CARTESIAN_POINT('Ctrl Pts',(189.501025243727,160.10404302452,0.55572909704843));
#2112=CARTESIAN_POINT('Ctrl Pts',(189.505396178217,160.108421849588,0.559309095603727));
#2113=CARTESIAN_POINT('Ctrl Pts',(189.511865073275,160.114914826395,0.564655626529548));
#2114=CARTESIAN_POINT('Ctrl Pts',(189.514006787182,160.117066608545,0.566433892705276));
#2115=CARTESIAN_POINT('Ctrl Pts',(189.517197481373,160.120275569361,0.569095260711777));
#2116=CARTESIAN_POINT('Ctrl Pts',(189.518257399992,160.121342104233,0.569981378192891));
#2117=CARTESIAN_POINT('Ctrl Pts',(189.520369945006,160.123468953637,0.571751575530494));
#2118=CARTESIAN_POINT('Ctrl Pts',(189.520894373732,160.12399692508,0.572191010580925));
#2119=CARTESIAN_POINT('Ctrl Pts',(189.623410940743,160.227318066457,0.658491010885581));
#2120=CARTESIAN_POINT('Ctrl Pts',(189.715924186082,160.329948725027,0.758615236091775));
#2121=CARTESIAN_POINT('Ctrl Pts',(189.884098389322,160.525927304767,0.993703249251549));
#2122=CARTESIAN_POINT('Ctrl Pts',(189.959759347224,160.619265122848,1.12873185526274));
#2123=CARTESIAN_POINT('Ctrl Pts',(190.16147350903,160.863839409078,1.58826004932642));
#2124=CARTESIAN_POINT('Ctrl Pts',(190.261959465379,160.979816764364,1.96929358645502));
#2125=CARTESIAN_POINT('Ctrl Pts',(190.329303924007,160.979799998182,2.40009340511453));
#2126=CARTESIAN_POINT('',(188.,158.6,-1.99999999999995));
#2127=CARTESIAN_POINT('Ctrl Pts',(188.,158.6,-1.99999999999999));
#2128=CARTESIAN_POINT('Ctrl Pts',(188.145939160358,158.871615012885,-1.99999999999999));
#2129=CARTESIAN_POINT('Ctrl Pts',(188.291033921843,159.143392899814,-1.97485030167225));
#2130=CARTESIAN_POINT('Ctrl Pts',(188.559881031799,159.647546874953,-1.88020702289141));
#2131=CARTESIAN_POINT('Ctrl Pts',(188.683746604312,159.880154048568,-1.81659342552573));
#2132=CARTESIAN_POINT('Ctrl Pts',(188.999100073155,160.467287885693,-1.6025064811578));
#2133=CARTESIAN_POINT('Ctrl Pts',(189.189250846015,160.812479827955,-1.42317511650218));
#2134=CARTESIAN_POINT('Ctrl Pts',(189.465034646016,161.313755100382,-1.07064727726652));
#2135=CARTESIAN_POINT('Ctrl Pts',(189.548635764475,161.467302267312,-0.942323374139588));
#2136=CARTESIAN_POINT('Ctrl Pts',(189.810742424262,161.98299807274,-0.461875367039251));
#2137=CARTESIAN_POINT('Ctrl Pts',(189.949420713859,162.312011891508,-0.0259289623841556));
#2138=CARTESIAN_POINT('Ctrl Pts',(190.120541498046,162.692428736392,0.753294287004156));
#2139=CARTESIAN_POINT('Ctrl Pts',(190.171805767832,162.800823319137,1.05284800182239));
#2140=CARTESIAN_POINT('Ctrl Pts',(190.262384494455,162.958132762236,1.70139127466371));
#2141=CARTESIAN_POINT('Ctrl Pts',(190.299662402912,163.,2.04962390280318));
#2142=CARTESIAN_POINT('Ctrl Pts',(190.329289321881,163.,2.40000000000004));
#2143=CARTESIAN_POINT('Ctrl Pts',(188.,158.6,1.22037796534968E-14));
#2144=CARTESIAN_POINT('Ctrl Pts',(188.152638175215,158.754954309202,1.42447903874214E-14));
#2145=CARTESIAN_POINT('Ctrl Pts',(188.304887355912,158.910562398521,0.0150053740169202));
#2146=CARTESIAN_POINT('Ctrl Pts',(188.585631365829,159.197747121713,0.0716702777321364));
#2147=CARTESIAN_POINT('Ctrl Pts',(188.714394234197,159.329627109489,0.109415450292029));
#2148=CARTESIAN_POINT('Ctrl Pts',(189.065631999861,159.685574369696,0.24581545452768));
#2149=CARTESIAN_POINT('Ctrl Pts',(189.25821892222,159.874802791728,0.357954299240864));
#2150=CARTESIAN_POINT('Ctrl Pts',(189.448236377305,160.063745435795,0.497445666374106));
#2151=CARTESIAN_POINT('Ctrl Pts',(189.485745994683,160.101212423143,0.526876411780272));
#2152=CARTESIAN_POINT('Ctrl Pts',(189.545528167017,160.161967585049,0.577563616849982));
#2153=CARTESIAN_POINT('Ctrl Pts',(189.566996081749,160.184257688815,0.596922896805616));
#2154=CARTESIAN_POINT('Ctrl Pts',(189.677642704229,160.301209049104,0.702386548258079));
#2155=CARTESIAN_POINT('Ctrl Pts',(189.757468754255,160.392675161919,0.798389113518647));
#2156=CARTESIAN_POINT('Ctrl Pts',(189.889893354373,160.550121004454,0.996291428790256));
#2157=CARTESIAN_POINT('Ctrl Pts',(189.944412850779,160.617306539024,1.09420721487269));
#2158=CARTESIAN_POINT('Ctrl Pts',(190.072810294616,160.774922382722,1.3668695771053));
#2159=CARTESIAN_POINT('Ctrl Pts',(190.137096975074,160.853298705778,1.54948517734064));
#2160=CARTESIAN_POINT('Ctrl Pts',(190.219474477882,160.937756328225,1.84651830286832));
#2161=CARTESIAN_POINT('Ctrl Pts',(190.244839836726,160.960310534867,1.95201855962993));
#2162=CARTESIAN_POINT('Ctrl Pts',(190.291049700772,160.991801745086,2.17162783944414));
#2163=CARTESIAN_POINT('Ctrl Pts',(190.311537213127,161.,2.28548655076787));
#2164=CARTESIAN_POINT('Ctrl Pts',(190.329289321881,161.,2.40000000000005));
#2165=CARTESIAN_POINT('Ctrl Pts',(-190.329297106945,163.020199988742,2.40031353625776));
#2166=CARTESIAN_POINT('Ctrl Pts',(-190.312849292595,163.020247586777,1.73752177609752));
#2167=CARTESIAN_POINT('Ctrl Pts',(-190.238283525727,162.869365550627,1.08803602018063));
#2168=CARTESIAN_POINT('Ctrl Pts',(-190.039204856819,162.458183483533,0.21935862821218));
#2169=CARTESIAN_POINT('Ctrl Pts',(-189.958320310587,162.290730843185,-0.0527277814558746));
#2170=CARTESIAN_POINT('Ctrl Pts',(-189.815195541879,162.001936705665,-0.426622474321792));
#2171=CARTESIAN_POINT('Ctrl Pts',(-189.763854294084,161.899418092524,-0.545570828166364));
#2172=CARTESIAN_POINT('Ctrl Pts',(-189.68139293505,161.737371585792,-0.714668903097293));
#2173=CARTESIAN_POINT('Ctrl Pts',(-189.652997567482,161.681978636764,-0.769482335432031));
#2174=CARTESIAN_POINT('Ctrl Pts',(-189.609042144295,161.596967179057,-0.849287061137238));
#2175=CARTESIAN_POINT('Ctrl Pts',(-189.594163274593,161.568309718816,-0.875486159472166));
#2176=CARTESIAN_POINT('Ctrl Pts',(-189.571504377082,161.524861342913,-0.914171117589346));
#2177=CARTESIAN_POINT('Ctrl Pts',(-189.563894645752,161.510301521694,-0.926963827919181));
#2178=CARTESIAN_POINT('Ctrl Pts',(-189.552394900518,161.488348544825,-0.945998285784649));
#2179=CARTESIAN_POINT('Ctrl Pts',(-189.548547460733,161.48101201179,-0.952317337500785));
#2180=CARTESIAN_POINT('Ctrl Pts',(-189.542755013995,161.469979189315,-0.961757117750511));
#2181=CARTESIAN_POINT('Ctrl Pts',(-189.540820650573,161.466296911342,-0.964897244969176));
#2182=CARTESIAN_POINT('Ctrl Pts',(-189.537913783674,161.460766524734,-0.969597718460308));
#2183=CARTESIAN_POINT('Ctrl Pts',(-189.536943941081,161.458921900924,-0.97116292340263));
#2184=CARTESIAN_POINT('Ctrl Pts',(-189.535002481972,161.455230336105,-0.974290091188296));
#2185=CARTESIAN_POINT('Ctrl Pts',(-189.533601110847,161.452566711095,-0.97654157695265));
#2186=CARTESIAN_POINT('Ctrl Pts',(-189.394114651975,161.187493673874,-1.2003416445967));
#2187=CARTESIAN_POINT('Ctrl Pts',(-189.196887933474,160.830332041906,-1.45105379727783));
#2188=CARTESIAN_POINT('Ctrl Pts',(-188.685828183038,159.882201179249,-1.86157725170494));
#2189=CARTESIAN_POINT('Ctrl Pts',(-188.373056046376,159.289346739136,-2.02025004184364));
#2190=CARTESIAN_POINT('Ctrl Pts',(-187.999823444796,158.599673753662,-2.02019998816111));
#2191=CARTESIAN_POINT('Ctrl Pts',(-190.329297106944,162.999999988793,2.40031210341718));
#2192=CARTESIAN_POINT('Ctrl Pts',(-190.312849292804,163.000047369309,1.74054925907363));
#2193=CARTESIAN_POINT('Ctrl Pts',(-190.238283525727,162.849854853345,1.09403160236974));
#2194=CARTESIAN_POINT('Ctrl Pts',(-190.039204856819,162.440551859089,0.229324004373921));
#2195=CARTESIAN_POINT('Ctrl Pts',(-189.958320310587,162.273864465412,-0.0415189897302881));
#2196=CARTESIAN_POINT('Ctrl Pts',(-189.815195541879,161.986390096585,-0.413705010410353));
#2197=CARTESIAN_POINT('Ctrl Pts',(-189.763854294084,161.884339986223,-0.532109778727641));
#2198=CARTESIAN_POINT('Ctrl Pts',(-189.68139293505,161.723034020516,-0.700435087468476));
#2199=CARTESIAN_POINT('Ctrl Pts',(-189.652997567482,161.66789421333,-0.754998026311238));
#2200=CARTESIAN_POINT('Ctrl Pts',(-189.609042144295,161.583271251946,-0.83443805008912));
#2201=CARTESIAN_POINT('Ctrl Pts',(-189.594163274593,161.554744754262,-0.860517420405771));
#2202=CARTESIAN_POINT('Ctrl Pts',(-189.571504377082,161.51149493435,-0.899025591012431));
#2203=CARTESIAN_POINT('Ctrl Pts',(-189.563894645752,161.497001650481,-0.911759839564791));
#2204=CARTESIAN_POINT('Ctrl Pts',(-189.552394900518,161.475148997156,-0.930707311310008));
#2205=CARTESIAN_POINT('Ctrl Pts',(-189.548547460733,161.467845991556,-0.936997485408708));
#2206=CARTESIAN_POINT('Ctrl Pts',(-189.542755013995,161.456863588296,-0.946394126533245));
#2207=CARTESIAN_POINT('Ctrl Pts',(-189.540820650573,161.453198138071,-0.949519903593571));
#2208=CARTESIAN_POINT('Ctrl Pts',(-189.537913783674,161.447693024938,-0.954198896254754));
#2209=CARTESIAN_POINT('Ctrl Pts',(-189.536943941081,161.445856830927,-0.955756948321701));
#2210=CARTESIAN_POINT('Ctrl Pts',(-189.535002481972,161.442182136298,-0.958869825172737));
#2211=CARTESIAN_POINT('Ctrl Pts',(-189.533601110847,161.439530683864,-0.961111021807071));
#2212=CARTESIAN_POINT('Ctrl Pts',(-189.394114651975,161.175669011594,-1.18388833904021));
#2213=CARTESIAN_POINT('Ctrl Pts',(-189.196887933474,160.820139582912,-1.43345475499354));
#2214=CARTESIAN_POINT('Ctrl Pts',(-188.685828183038,159.876341610944,-1.84210214639648));
#2215=CARTESIAN_POINT('Ctrl Pts',(-188.373052243729,159.286192675685,-2.00004981315594));
#2216=CARTESIAN_POINT('Ctrl Pts',(-187.999823446595,158.599675246381,-1.99999998821521));
#2217=CARTESIAN_POINT('Ctrl Pts',(-190.329297106935,160.999999993887,2.40017023801326));
#2218=CARTESIAN_POINT('Ctrl Pts',(-190.312849313528,161.000025837805,2.04030004878821));
#2219=CARTESIAN_POINT('Ctrl Pts',(-190.238283525727,160.918102647279,1.6876536012926));
#2220=CARTESIAN_POINT('Ctrl Pts',(-190.039204856819,160.694846468594,1.2159949114767));
#2221=CARTESIAN_POINT('Ctrl Pts',(-189.958320310587,160.603926072043,1.06826236923802));
#2222=CARTESIAN_POINT('Ctrl Pts',(-189.815195541879,160.447121870865,0.865251812503437));
#2223=CARTESIAN_POINT('Ctrl Pts',(-189.763854294084,160.391458174304,0.8006673934213));
#2224=CARTESIAN_POINT('Ctrl Pts',(-189.68139293505,160.303473102099,0.70885358865358));
#2225=CARTESIAN_POINT('Ctrl Pts',(-189.652997567482,160.273396843634,0.679091985648417));
#2226=CARTESIAN_POINT('Ctrl Pts',(-189.609042144295,160.227238864698,0.635761063587759));
#2227=CARTESIAN_POINT('Ctrl Pts',(-189.594163274593,160.21167895687,0.621535952505969));
#2228=CARTESIAN_POINT('Ctrl Pts',(-189.571504377082,160.188088146009,0.600531495811407));
#2229=CARTESIAN_POINT('Ctrl Pts',(-189.563894645752,160.180182718444,0.593585542055575));
#2230=CARTESIAN_POINT('Ctrl Pts',(-189.552394900518,160.168263089358,0.583250557467274));
#2231=CARTESIAN_POINT('Ctrl Pts',(-189.548547460733,160.164279631758,0.579819553413463));
#2232=CARTESIAN_POINT('Ctrl Pts',(-189.542755013995,160.15828922998,0.574694112800062));
#2233=CARTESIAN_POINT('Ctrl Pts',(-189.540820650573,160.156289893493,0.572989143494435));
#2234=CARTESIAN_POINT('Ctrl Pts',(-189.537913783674,160.153287104511,0.570436965679239));
#2235=CARTESIAN_POINT('Ctrl Pts',(-189.536943941081,160.152285544142,0.56958711909727));
#2236=CARTESIAN_POINT('Ctrl Pts',(-189.535002481972,160.150281165253,0.567889186269432));
#2237=CARTESIAN_POINT('Ctrl Pts',(-189.533601110847,160.148834918471,0.566666715377973));
#2238=CARTESIAN_POINT('Ctrl Pts',(-189.394114651975,160.00491036996,0.445151815068989));
#2239=CARTESIAN_POINT('Ctrl Pts',(-189.196887933474,159.810985227043,0.309024679094438));
#2240=CARTESIAN_POINT('Ctrl Pts',(-188.685828183038,159.296186333242,0.0861261019655727));
#2241=CARTESIAN_POINT('Ctrl Pts',(-188.37267574402,158.973909165647,-2.71708123163569E-5));
#2242=CARTESIAN_POINT('Ctrl Pts',(-187.999823624728,158.599823040386,6.42807917962987E-9));
#2243=CARTESIAN_POINT('Ctrl Pts',(-190.329297106935,160.979999993938,2.40016881935922));
#2244=CARTESIAN_POINT('Ctrl Pts',(-190.312849313736,160.98002562249,2.04329755668534));
#2245=CARTESIAN_POINT('Ctrl Pts',(-190.238283525727,160.898785125219,1.69358982128183));
#2246=CARTESIAN_POINT('Ctrl Pts',(-190.039204856819,160.677389414689,1.22586162054772));
#2247=CARTESIAN_POINT('Ctrl Pts',(-189.958320310587,160.587226688109,1.0793601828277));
#2248=CARTESIAN_POINT('Ctrl Pts',(-189.815195541879,160.431729188607,0.87804138073258));
#2249=CARTESIAN_POINT('Ctrl Pts',(-189.763854294084,160.376529356184,0.8139951651428));
#2250=CARTESIAN_POINT('Ctrl Pts',(-189.68139293505,160.289277492915,0.722946475414793));
#2251=CARTESIAN_POINT('Ctrl Pts',(-189.652997567482,160.259451869937,0.693432885768008));
#2252=CARTESIAN_POINT('Ctrl Pts',(-189.609042144295,160.213678540825,0.650463054724548));
#2253=CARTESIAN_POINT('Ctrl Pts',(-189.594163274593,160.198248298897,0.636356486235085));
#2254=CARTESIAN_POINT('Ctrl Pts',(-189.571504377082,160.174854078126,0.615527066679666));
#2255=CARTESIAN_POINT('Ctrl Pts',(-189.563894645752,160.167014529124,0.608638995871769));
#2256=CARTESIAN_POINT('Ctrl Pts',(-189.552394900518,160.15519423028,0.598390136155064));
#2257=CARTESIAN_POINT('Ctrl Pts',(-189.548547460733,160.15124396816,0.594987723801677));
#2258=CARTESIAN_POINT('Ctrl Pts',(-189.542755013995,160.145303486396,0.589904995193402));
#2259=CARTESIAN_POINT('Ctrl Pts',(-189.540820650573,160.143320811048,0.588214233965295));
#2260=CARTESIAN_POINT('Ctrl Pts',(-189.537913783674,160.140343045307,0.585683324298564));
#2261=CARTESIAN_POINT('Ctrl Pts',(-189.536943941081,160.139349831274,0.584840559771455));
#2262=CARTESIAN_POINT('Ctrl Pts',(-189.535002481972,160.137362155543,0.583156776383847));
#2263=CARTESIAN_POINT('Ctrl Pts',(-189.533601110847,160.135927960817,0.581944492749814));
#2264=CARTESIAN_POINT('Ctrl Pts',(-189.394114651975,159.993202783544,0.461442216610097));
#2265=CARTESIAN_POINT('Ctrl Pts',(-189.196887933474,159.800893683484,0.326449473435325));
#2266=CARTESIAN_POINT('Ctrl Pts',(-188.685828183038,159.290384780465,0.105408384449191));
#2267=CARTESIAN_POINT('Ctrl Pts',(-188.372671979022,158.970786330546,0.0199730556111121));
#2268=CARTESIAN_POINT('Ctrl Pts',(-187.99982362651,158.599824518327,0.0200000063745043));
#2269=CARTESIAN_POINT('Ctrl Pts',(-190.329289321881,163.,2.40000000000001));
#2270=CARTESIAN_POINT('Ctrl Pts',(-190.320465334413,163.,2.0464440844592));
#2271=CARTESIAN_POINT('Ctrl Pts',(-190.29496973716,162.957365256372,1.69529308321328));
#2272=CARTESIAN_POINT('Ctrl Pts',(-190.209488085586,162.790999050976,1.01533569273152));
#2273=CARTESIAN_POINT('Ctrl Pts',(-190.150185550646,162.668695387401,0.69016563229936));
#2274=CARTESIAN_POINT('Ctrl Pts',(-190.022695688303,162.40662575693,0.181429829876324));
#2275=CARTESIAN_POINT('Ctrl Pts',(-189.964329017606,162.286852345507,-0.012024814701988));
#2276=CARTESIAN_POINT('Ctrl Pts',(-189.817059532743,161.989437690597,-0.419517089015558));
#2277=CARTESIAN_POINT('Ctrl Pts',(-189.724700913351,161.805855623074,-0.625969237089456));
#2278=CARTESIAN_POINT('Ctrl Pts',(-189.449488888215,161.276238159861,-1.12184745280668));
#2279=CARTESIAN_POINT('Ctrl Pts',(-189.264935314636,160.942652373646,-1.3398127368264));
#2280=CARTESIAN_POINT('Ctrl Pts',(-188.94500737349,160.355845673391,-1.64751618160645));
#2281=CARTESIAN_POINT('Ctrl Pts',(-188.782481259193,160.053797754042,-1.76527998948758));
#2282=CARTESIAN_POINT('Ctrl Pts',(-188.415222378821,159.368746784603,-1.9496965375583));
#2283=CARTESIAN_POINT('Ctrl Pts',(-188.208848345578,158.984158475991,-1.99999999999998));
#2284=CARTESIAN_POINT('Ctrl Pts',(-188.,158.6,-1.99999999999999));
#2285=CARTESIAN_POINT('',(-188.,158.6,8.32667268468867E-14));
#2286=CARTESIAN_POINT('Ctrl Pts',(-190.329289321881,161.,2.40000000000001));
#2287=CARTESIAN_POINT('Ctrl Pts',(-190.320731007549,161.,2.21295761828403));
#2288=CARTESIAN_POINT('Ctrl Pts',(-190.29653009663,160.978118614294,2.02846132793306));
#2289=CARTESIAN_POINT('Ctrl Pts',(-190.216346533886,160.893536658836,1.66897442618566));
#2290=CARTESIAN_POINT('Ctrl Pts',(-190.16053096337,160.830914438781,1.49748904833548));
#2291=CARTESIAN_POINT('Ctrl Pts',(-190.04233348957,160.698347654492,1.22873412669056));
#2292=CARTESIAN_POINT('Ctrl Pts',(-189.987809327442,160.637215554267,1.12587995289266));
#2293=CARTESIAN_POINT('Ctrl Pts',(-189.851837500597,160.486816941586,0.909546241648325));
#2294=CARTESIAN_POINT('Ctrl Pts',(-189.767523422445,160.394886026783,0.800850369484457));
#2295=CARTESIAN_POINT('Ctrl Pts',(-189.627807785804,160.246716829812,0.652564314700837));
#2296=CARTESIAN_POINT('Ctrl Pts',(-189.576973202104,160.193493568784,0.604066255712457));
#2297=CARTESIAN_POINT('Ctrl Pts',(-189.446567961256,160.05919748934,0.491525103181414));
#2298=CARTESIAN_POINT('Ctrl Pts',(-189.360913141037,159.973522354793,0.429205353472994));
#2299=CARTESIAN_POINT('Ctrl Pts',(-189.101246180234,159.71400816898,0.264396474073697));
#2300=CARTESIAN_POINT('Ctrl Pts',(-188.917671446153,159.530256631509,0.178920178567066));
#2301=CARTESIAN_POINT('Ctrl Pts',(-188.620904781192,159.228682045751,0.0806581763882994));
#2302=CARTESIAN_POINT('Ctrl Pts',(-188.50666693022,159.112268255966,0.0523093832169091));
#2303=CARTESIAN_POINT('Ctrl Pts',(-188.261928408893,158.863817786051,0.0108240091839928));
#2304=CARTESIAN_POINT('Ctrl Pts',(-188.131169970568,158.731604993129,1.36999229395845E-14));
#2305=CARTESIAN_POINT('Ctrl Pts',(-188.,158.6,1.45998664546898E-14));
#2306=CARTESIAN_POINT('Origin',(-380.699985335965,158.6,2.40000000000001));
#2307=CARTESIAN_POINT('Origin',(-380.699985335965,158.6,2.40000000000001));
#2308=CARTESIAN_POINT('Origin',(-192.4,158.6,18.0000000000001));
#2309=CARTESIAN_POINT('',(-190.4,0.0707106781186518,18.0000000000001));
#2310=CARTESIAN_POINT('',(-190.4,160.929289321881,18.0000000000001));
#2311=CARTESIAN_POINT('',(-190.4,158.6,18.0000000000001));
#2312=CARTESIAN_POINT('',(-192.4,160.929289321881,18.0000000000001));
#2313=CARTESIAN_POINT('',(-192.4,160.929289321881,18.0000000000001));
#2314=CARTESIAN_POINT('',(-192.4,0.0707106781186518,18.0000000000001));
#2315=CARTESIAN_POINT('',(-192.4,2.55508250146066E-30,18.0000000000001));
#2316=CARTESIAN_POINT('',(-192.4,0.0707106781186518,18.0000000000001));
#2317=CARTESIAN_POINT('Origin',(-190.4,2.3578672751554E-30,-4.9960036108132E-13));
#2318=CARTESIAN_POINT('',(-190.4,0.0707106781186553,2.40000000000007));
#2319=CARTESIAN_POINT('',(-190.4,0.0707106781186544,2.40000000000007));
#2320=CARTESIAN_POINT('',(-190.4,160.929289321881,2.40000000000007));
#2321=CARTESIAN_POINT('',(-190.4,158.6,2.40000000000007));
#2322=CARTESIAN_POINT('',(-190.4,160.929289321881,2.40000000000007));
#2323=CARTESIAN_POINT('Origin',(-192.4,160.929289321881,2.40000000000007));
#2324=CARTESIAN_POINT('',(-192.4,160.929289321881,2.40000000000007));
#2325=CARTESIAN_POINT('',(-192.4,160.929289321881,2.40000000000007));
#2326=CARTESIAN_POINT('',(-192.4,160.929289321881,2.40000000000007));
#2327=CARTESIAN_POINT('Origin',(-192.4,2.33321537186725E-30,-4.9960036108132E-13));
#2328=CARTESIAN_POINT('',(-192.4,0.0707106781186553,2.40000000000004));
#2329=CARTESIAN_POINT('',(-192.4,158.6,2.40000000000004));
#2330=CARTESIAN_POINT('',(-192.4,0.0707106781186544,2.40000000000004));
#2331=CARTESIAN_POINT('Origin',(-192.4,0.0707106781186544,2.40000000000004));
#2332=CARTESIAN_POINT('',(-192.4,0.0707106781186553,2.40000000000004));
#2333=CARTESIAN_POINT('Ctrl Pts',(-192.420199988742,0.0707028930553033,
2.40031353625698));
#2334=CARTESIAN_POINT('Ctrl Pts',(-192.420247586777,0.087150707407884,1.73752177599365));
#2335=CARTESIAN_POINT('Ctrl Pts',(-192.269365550581,0.161716474276856,1.08803602003346));
#2336=CARTESIAN_POINT('Ctrl Pts',(-191.858183483458,0.360795143185086,0.219358628079425));
#2337=CARTESIAN_POINT('Ctrl Pts',(-191.690730843106,0.441679689416512,-0.0527277815711713));
#2338=CARTESIAN_POINT('Ctrl Pts',(-191.4019367056,0.584804458123151,-0.426622474399535));
#2339=CARTESIAN_POINT('Ctrl Pts',(-191.299418092466,0.636145705918598,-0.54557082822973));
#2340=CARTESIAN_POINT('Ctrl Pts',(-191.137371585751,0.718607064951663,-0.714668903137622));
#2341=CARTESIAN_POINT('Ctrl Pts',(-191.08197863673,0.747002432519329,-0.76948233546445));
#2342=CARTESIAN_POINT('Ctrl Pts',(-190.996967179035,0.790957855705797,-0.849287061157583));
#2343=CARTESIAN_POINT('Ctrl Pts',(-190.968309718798,0.805836725407124,-0.875486159488459));
#2344=CARTESIAN_POINT('Ctrl Pts',(-190.924861342901,0.828495622917843,-0.914171117599505));
#2345=CARTESIAN_POINT('Ctrl Pts',(-190.910301521685,0.836105354247859,-0.926963827927285));
#2346=CARTESIAN_POINT('Ctrl Pts',(-190.888348544819,0.847605099482589,-0.945998285789701));
#2347=CARTESIAN_POINT('Ctrl Pts',(-190.881012011785,0.851452539267462,-0.952317337504838));
#2348=CARTESIAN_POINT('Ctrl Pts',(-190.869979189312,0.857244986004669,-0.961757117753009));
#2349=CARTESIAN_POINT('Ctrl Pts',(-190.866296911339,0.859179349427058,-0.964897244971175));
#2350=CARTESIAN_POINT('Ctrl Pts',(-190.860766524732,0.862086216325623,-0.969597718461529));
#2351=CARTESIAN_POINT('Ctrl Pts',(-190.858921900923,0.863056058919303,-0.971162923403601));
#2352=CARTESIAN_POINT('Ctrl Pts',(-190.855230336105,0.864997518028333,-0.974290091188768));
#2353=CARTESIAN_POINT('Ctrl Pts',(-190.852566711095,0.866398889152325,-0.976541576952206));
#2354=CARTESIAN_POINT('Ctrl Pts',(-190.587493673757,1.00588534810765,-1.20034164469537));
#2355=CARTESIAN_POINT('Ctrl Pts',(-190.230332041706,1.2031120666499,-1.45105379739358));
#2356=CARTESIAN_POINT('Ctrl Pts',(-189.282201179028,1.71417181708646,-1.86157725177136));
#2357=CARTESIAN_POINT('Ctrl Pts',(-188.689346738981,2.02694395370759,-2.02025004184337));
#2358=CARTESIAN_POINT('Ctrl Pts',(-187.999673753663,2.40017655520359,-2.02019998816105));
#2359=CARTESIAN_POINT('Ctrl Pts',(-192.399999988793,0.0707028930554024,
2.4003121034164));
#2360=CARTESIAN_POINT('Ctrl Pts',(-192.400047369309,0.0871507071985689,
1.74054925897023));
#2361=CARTESIAN_POINT('Ctrl Pts',(-192.2498548533,0.161716474276856,1.09403160222326));
#2362=CARTESIAN_POINT('Ctrl Pts',(-191.840551859015,0.360795143185086,0.229324004241777));
#2363=CARTESIAN_POINT('Ctrl Pts',(-191.673864465334,0.441679689416512,-0.0415189898450852));
#2364=CARTESIAN_POINT('Ctrl Pts',(-191.38639009652,0.584804458123151,-0.413705010487736));
#2365=CARTESIAN_POINT('Ctrl Pts',(-191.284339986166,0.636145705918598,-0.532109778790729));
#2366=CARTESIAN_POINT('Ctrl Pts',(-191.123034020475,0.718607064951663,-0.700435087508611));
#2367=CARTESIAN_POINT('Ctrl Pts',(-191.067894213296,0.747002432519329,-0.754998026343517));
#2368=CARTESIAN_POINT('Ctrl Pts',(-190.983271251924,0.790957855705797,-0.834438050109354));
#2369=CARTESIAN_POINT('Ctrl Pts',(-190.954744754244,0.805836725407124,-0.860517420421952));
#2370=CARTESIAN_POINT('Ctrl Pts',(-190.911494934339,0.828495622917843,-0.899025591022534));
#2371=CARTESIAN_POINT('Ctrl Pts',(-190.897001650471,0.836105354247859,-0.911759839572895));
#2372=CARTESIAN_POINT('Ctrl Pts',(-190.87514899715,0.847605099482589,-0.930707311315032));
#2373=CARTESIAN_POINT('Ctrl Pts',(-190.867845991551,0.851452539267462,-0.936997485412705));
#2374=CARTESIAN_POINT('Ctrl Pts',(-190.856863588293,0.857244986004669,-0.946394126535716));
#2375=CARTESIAN_POINT('Ctrl Pts',(-190.853198138069,0.859179349427058,-0.949519903595569));
#2376=CARTESIAN_POINT('Ctrl Pts',(-190.847693024936,0.862086216325623,-0.954198896256003));
#2377=CARTESIAN_POINT('Ctrl Pts',(-190.845856830926,0.863056058919303,-0.955756948322672));
#2378=CARTESIAN_POINT('Ctrl Pts',(-190.842182136297,0.864997518028333,-0.958869825173209));
#2379=CARTESIAN_POINT('Ctrl Pts',(-190.839530683864,0.866398889152325,-0.961111021806654));
#2380=CARTESIAN_POINT('Ctrl Pts',(-190.575669011477,1.00588534810765,-1.18388833913841));
#2381=CARTESIAN_POINT('Ctrl Pts',(-190.220139582712,1.2031120666499,-1.43345475510875));
#2382=CARTESIAN_POINT('Ctrl Pts',(-189.276341610724,1.71417181708646,-1.84210214646259));
#2383=CARTESIAN_POINT('Ctrl Pts',(-188.686192675531,2.02694775635465,-2.00004981315571));
#2384=CARTESIAN_POINT('Ctrl Pts',(-187.999675246382,2.40017655340445,-1.99999998821516));
#2385=CARTESIAN_POINT('Ctrl Pts',(-190.399999993887,0.0707028930652077,
2.40017023801287));
#2386=CARTESIAN_POINT('Ctrl Pts',(-190.400025837805,0.0871506864743028,
2.04030004873184));
#2387=CARTESIAN_POINT('Ctrl Pts',(-190.318102647255,0.161716474276856,1.68765360121272));
#2388=CARTESIAN_POINT('Ctrl Pts',(-190.094846468553,0.360795143185086,1.21599491140464));
#2389=CARTESIAN_POINT('Ctrl Pts',(-190.003926072,0.441679689416512,1.06826236917545));
#2390=CARTESIAN_POINT('Ctrl Pts',(-189.847121870829,0.584804458123151,0.865251812461276));
#2391=CARTESIAN_POINT('Ctrl Pts',(-189.791458174272,0.636145705918598,0.800667393386911));
#2392=CARTESIAN_POINT('Ctrl Pts',(-189.703473102077,0.718607064951663,0.708853588631708));
#2393=CARTESIAN_POINT('Ctrl Pts',(-189.673396843616,0.747002432519329,0.679091985630847));
#2394=CARTESIAN_POINT('Ctrl Pts',(-189.627238864686,0.790957855705797,0.635761063576767));
#2395=CARTESIAN_POINT('Ctrl Pts',(-189.611678956861,0.805836725407124,0.621535952497143));
#2396=CARTESIAN_POINT('Ctrl Pts',(-189.588088146003,0.828495622917843,0.600531495805939));
#2397=CARTESIAN_POINT('Ctrl Pts',(-189.580182718439,0.836105354247859,0.593585542051189));
#2398=CARTESIAN_POINT('Ctrl Pts',(-189.568263089354,0.847605099482589,0.583250557464554));
#2399=CARTESIAN_POINT('Ctrl Pts',(-189.564279631755,0.851452539267462,0.57981955341127));
#2400=CARTESIAN_POINT('Ctrl Pts',(-189.558289229978,0.857244986004669,0.574694112798729));
#2401=CARTESIAN_POINT('Ctrl Pts',(-189.556289893492,0.859179349427058,0.572989143493352));
#2402=CARTESIAN_POINT('Ctrl Pts',(-189.553287104511,0.862086216325623,0.5704369656786));
#2403=CARTESIAN_POINT('Ctrl Pts',(-189.552285544141,0.863056058919303,0.569587119096771));
#2404=CARTESIAN_POINT('Ctrl Pts',(-189.550281165253,0.864997518028333,0.56788918626921));
#2405=CARTESIAN_POINT('Ctrl Pts',(-189.548834918472,0.866398889152325,0.566666715378222));
#2406=CARTESIAN_POINT('Ctrl Pts',(-189.404910369897,1.00588534810765,0.445151815015449));
#2407=CARTESIAN_POINT('Ctrl Pts',(-189.210985226934,1.2031120666499,0.309024679031628));
#2408=CARTESIAN_POINT('Ctrl Pts',(-188.696186333122,1.71417181708646,0.08612610192952));
#2409=CARTESIAN_POINT('Ctrl Pts',(-188.373909165563,2.02732425606372,-2.71708121640556E-5));
#2410=CARTESIAN_POINT('Ctrl Pts',(-187.999823040387,2.40017637527112,6.42813464768126E-9));
#2411=CARTESIAN_POINT('Ctrl Pts',(-190.379999993938,0.0707028930653057,
2.40016881935883));
#2412=CARTESIAN_POINT('Ctrl Pts',(-190.38002562249,0.0871506862670601,2.04329755662947));
#2413=CARTESIAN_POINT('Ctrl Pts',(-190.298785125194,0.161716474276856,1.69358982120262));
#2414=CARTESIAN_POINT('Ctrl Pts',(-190.077389414649,0.360795143185086,1.22586162047628));
#2415=CARTESIAN_POINT('Ctrl Pts',(-189.987226688067,0.441679689416512,1.07936018276567));
#2416=CARTESIAN_POINT('Ctrl Pts',(-189.831729188572,0.584804458123151,0.878041380690753));
#2417=CARTESIAN_POINT('Ctrl Pts',(-189.776529356153,0.636145705918598,0.813995165108689));
#2418=CARTESIAN_POINT('Ctrl Pts',(-189.689277492893,0.718607064951663,0.722946475393116));
#2419=CARTESIAN_POINT('Ctrl Pts',(-189.659451869919,0.747002432519329,0.693432885750606));
#2420=CARTESIAN_POINT('Ctrl Pts',(-189.613678540813,0.790957855705797,0.650463054713613));
#2421=CARTESIAN_POINT('Ctrl Pts',(-189.598248298887,0.805836725407124,0.636356486226342));
#2422=CARTESIAN_POINT('Ctrl Pts',(-189.57485407812,0.828495622917843,0.615527066674199));
#2423=CARTESIAN_POINT('Ctrl Pts',(-189.567014529118,0.836105354247859,0.608638995867439));
#2424=CARTESIAN_POINT('Ctrl Pts',(-189.555194230276,0.847605099482589,0.598390136152371));
#2425=CARTESIAN_POINT('Ctrl Pts',(-189.551243968157,0.851452539267462,0.594987723799512));
#2426=CARTESIAN_POINT('Ctrl Pts',(-189.545303486395,0.857244986004669,0.58990499519207));
#2427=CARTESIAN_POINT('Ctrl Pts',(-189.543320811046,0.859179349427058,0.58821423396424));
#2428=CARTESIAN_POINT('Ctrl Pts',(-189.540343045306,0.862086216325623,0.585683324297925));
#2429=CARTESIAN_POINT('Ctrl Pts',(-189.539349831274,0.863056058919303,0.584840559770955));
#2430=CARTESIAN_POINT('Ctrl Pts',(-189.537362155542,0.864997518028333,0.583156776383625));
#2431=CARTESIAN_POINT('Ctrl Pts',(-189.535927960818,0.866398889152325,0.581944492750092));
#2432=CARTESIAN_POINT('Ctrl Pts',(-189.393202783481,1.00588534810765,0.461442216557001));
#2433=CARTESIAN_POINT('Ctrl Pts',(-189.200893683376,1.2031120666499,0.326449473373014));
#2434=CARTESIAN_POINT('Ctrl Pts',(-188.690384780346,1.71417181708646,0.105408384413443));
#2435=CARTESIAN_POINT('Ctrl Pts',(-188.370786330463,2.02732802106082,0.0199730556112636));
#2436=CARTESIAN_POINT('Ctrl Pts',(-187.999824518327,2.40017637348979,0.0200000063745598));
#2437=CARTESIAN_POINT('Ctrl Pts',(-192.4,0.0707106781186469,2.40000000000004));
#2438=CARTESIAN_POINT('Ctrl Pts',(-192.4,0.0795346655881642,2.04644408442586));
#2439=CARTESIAN_POINT('Ctrl Pts',(-192.357365256364,0.105030262840059,1.6952930831469));
#2440=CARTESIAN_POINT('Ctrl Pts',(-192.190999050943,0.190511914412032,1.01533569263194));
#2441=CARTESIAN_POINT('Ctrl Pts',(-192.068695387359,0.249814449348872,0.690165632198567));
#2442=CARTESIAN_POINT('Ctrl Pts',(-191.806625756878,0.377304311688957,0.18142982978952));
#2443=CARTESIAN_POINT('Ctrl Pts',(-191.686852345458,0.435670982383873,-0.0120248147750344));
#2444=CARTESIAN_POINT('Ctrl Pts',(-191.389437690562,0.582940467243454,-0.419517089055644));
#2445=CARTESIAN_POINT('Ctrl Pts',(-191.205855623046,0.675299086638047,-0.625969237115181));
#2446=CARTESIAN_POINT('Ctrl Pts',(-190.676238159813,0.950511111818809,-1.1218474528513));
#2447=CARTESIAN_POINT('Ctrl Pts',(-190.342652373535,1.13506468543997,-1.3398127369015));
#2448=CARTESIAN_POINT('Ctrl Pts',(-189.755845673213,1.45499262661749,-1.64751618168337));
#2449=CARTESIAN_POINT('Ctrl Pts',(-189.453797753864,1.61751874091044,-1.76527998954913));
#2450=CARTESIAN_POINT('Ctrl Pts',(-188.768746784482,1.98477762124628,-1.94969653757405));
#2451=CARTESIAN_POINT('Ctrl Pts',(-188.38415847593,2.1911516544542,-1.99999999999989));
#2452=CARTESIAN_POINT('Ctrl Pts',(-188.,2.39999999999999,-1.99999999999989));
#2453=CARTESIAN_POINT('',(-188.,2.39999999999999,-1.99999999999994));
#2454=CARTESIAN_POINT('Ctrl Pts',(-190.4,0.0707106781186463,2.40000000000007));
#2455=CARTESIAN_POINT('Ctrl Pts',(-190.4,0.0792689924522533,2.21295761826238));
#2456=CARTESIAN_POINT('Ctrl Pts',(-190.378118614289,0.103469903370961,2.02846132789006));
#2457=CARTESIAN_POINT('Ctrl Pts',(-190.293536658815,0.183653466116797,1.66897442611707));
#2458=CARTESIAN_POINT('Ctrl Pts',(-190.230914438752,0.239469036631338,1.4974890482628));
#2459=CARTESIAN_POINT('Ctrl Pts',(-190.098347654452,0.357666510433787,1.22873412661889));
#2460=CARTESIAN_POINT('Ctrl Pts',(-190.037215554226,0.41219067256175,1.12587995282628));
#2461=CARTESIAN_POINT('Ctrl Pts',(-189.88681694155,0.54816249940299,0.909546241604616));
#2462=CARTESIAN_POINT('Ctrl Pts',(-189.794886026757,0.632476577551007,0.800850369457016));
#2463=CARTESIAN_POINT('Ctrl Pts',(-189.646716829807,0.772192214186716,0.652564314697062));
#2464=CARTESIAN_POINT('Ctrl Pts',(-189.593493568804,0.823026797870755,0.604066255729279));
#2465=CARTESIAN_POINT('Ctrl Pts',(-189.459197489322,0.953432038774348,0.491525103165814));
#2466=CARTESIAN_POINT('Ctrl Pts',(-189.373522354751,1.0390868590189,0.429205353442063));
#2467=CARTESIAN_POINT('Ctrl Pts',(-189.114008168897,1.29875381986533,0.264396474029323));
#2468=CARTESIAN_POINT('Ctrl Pts',(-188.930256631415,1.4823285539501,0.178920178527296));
#2469=CARTESIAN_POINT('Ctrl Pts',(-188.628682045657,1.77909521890555,0.0806581763637208));
#2470=CARTESIAN_POINT('Ctrl Pts',(-188.512268255884,1.89333306986446,0.0523093831996942));
#2471=CARTESIAN_POINT('Ctrl Pts',(-188.263817786004,2.13807159115449,0.010824009180254));
#2472=CARTESIAN_POINT('Ctrl Pts',(-188.131604993106,2.26883002945498,8.49243770498663E-14));
#2473=CARTESIAN_POINT('Ctrl Pts',(-188.,2.39999999999995,8.27441413997487E-14));
#2474=CARTESIAN_POINT('Ctrl Pts',(-188.,158.6,-1.99999999999992));
#2475=CARTESIAN_POINT('Ctrl Pts',(-188.696789126408,158.974385980188,-1.99999999999992));
#2476=CARTESIAN_POINT('Ctrl Pts',(-189.28915130426,159.286713083103,-1.83774738333983));
#2477=CARTESIAN_POINT('Ctrl Pts',(-189.990935420185,159.667331280151,-1.53208337210947));
#2478=CARTESIAN_POINT('Ctrl Pts',(-190.194673849902,159.779268833025,-1.41930859378467));
#2479=CARTESIAN_POINT('Ctrl Pts',(-190.458865122422,159.924772393123,-1.25033014537526));
#2480=CARTESIAN_POINT('Ctrl Pts',(-190.540063648115,159.969539784953,-1.19398506771673));
#2481=CARTESIAN_POINT('Ctrl Pts',(-190.652276210287,160.031090180395,-1.11106734558145));
#2482=CARTESIAN_POINT('Ctrl Pts',(-190.688083873014,160.050673530159,-1.08369179100301));
#2483=CARTESIAN_POINT('Ctrl Pts',(-190.739495985373,160.078648381728,-1.04320164917621));
#2484=CARTESIAN_POINT('Ctrl Pts',(-190.756250154861,160.087739970072,-1.02980029158228));
#2485=CARTESIAN_POINT('Ctrl Pts',(-190.780818715707,160.101027309319,-1.00986194873817));
#2486=CARTESIAN_POINT('Ctrl Pts',(-190.788914454608,160.105398081856,-1.00324310611993));
#2487=CARTESIAN_POINT('Ctrl Pts',(-190.800918909817,160.111866729845,-0.993358237682845));
#2488=CARTESIAN_POINT('Ctrl Pts',(-190.80489720272,160.114008360705,-0.990070513468666));
#2489=CARTESIAN_POINT('Ctrl Pts',(-190.810830043847,160.117198929291,-0.985150080223429));
#2490=CARTESIAN_POINT('Ctrl Pts',(-190.812801891185,160.118258805869,-0.983511794614089));
#2491=CARTESIAN_POINT('Ctrl Pts',(-190.816734084795,160.120371266457,-0.980238991388299));
#2492=CARTESIAN_POINT('Ctrl Pts',(-190.817710016033,160.120895566444,-0.979426716133325));
#2493=CARTESIAN_POINT('Ctrl Pts',(-191.008746745695,160.223414980077,-0.819861404327077));
#2494=CARTESIAN_POINT('Ctrl Pts',(-191.198504092518,160.315930301776,-0.634736908897204));
#2495=CARTESIAN_POINT('Ctrl Pts',(-191.560851525086,160.484107204801,-0.200075566665264));
#2496=CARTESIAN_POINT('Ctrl Pts',(-191.733422922248,160.559768786128,0.0495811014694092));
#2497=CARTESIAN_POINT('Ctrl Pts',(-192.185588209527,160.76147291955,0.899162167313255));
#2498=CARTESIAN_POINT('Ctrl Pts',(-192.4,160.861946206365,1.60352785294307));
#2499=CARTESIAN_POINT('Ctrl Pts',(-192.4,160.929289321881,2.40000000000007));
#2500=CARTESIAN_POINT('Ctrl Pts',(-188.,158.6,8.32667268468867E-14));
#2501=CARTESIAN_POINT('Ctrl Pts',(-188.379659727618,158.973984995993,8.32667268468867E-14));
#2502=CARTESIAN_POINT('Ctrl Pts',(-188.703173438687,159.286713083103,0.0885014272692108));
#2503=CARTESIAN_POINT('Ctrl Pts',(-189.085964774647,159.667331280151,0.255227251576701));
#2504=CARTESIAN_POINT('Ctrl Pts',(-189.197094827219,159.779268833025,0.316740767026591));
#2505=CARTESIAN_POINT('Ctrl Pts',(-189.341199157685,159.924772393123,0.408910829795356));
#2506=CARTESIAN_POINT('Ctrl Pts',(-189.385489262608,159.969539784953,0.439644508518189));
#2507=CARTESIAN_POINT('Ctrl Pts',(-189.446696114702,160.031090180395,0.484872356955601));
#2508=CARTESIAN_POINT('Ctrl Pts',(-189.466227567098,160.050673530159,0.499804477634758));
#2509=CARTESIAN_POINT('Ctrl Pts',(-189.494270537476,160.078648381728,0.521890009540282));
#2510=CARTESIAN_POINT('Ctrl Pts',(-189.503409175379,160.087739970072,0.529199840955175));
#2511=CARTESIAN_POINT('Ctrl Pts',(-189.516810208567,160.101027309319,0.540075300688309));
#2512=CARTESIAN_POINT('Ctrl Pts',(-189.52122606615,160.105398081856,0.543685578480085));
#2513=CARTESIAN_POINT('Ctrl Pts',(-189.527773950809,160.111866729845,0.54907732490031));
#2514=CARTESIAN_POINT('Ctrl Pts',(-189.529943928756,160.114008360705,0.550870629017125));
#2515=CARTESIAN_POINT('Ctrl Pts',(-189.533180023916,160.117198929291,0.553554501696335));
#2516=CARTESIAN_POINT('Ctrl Pts',(-189.53425557701,160.118258805869,0.554448112028705));
#2517=CARTESIAN_POINT('Ctrl Pts',(-189.536400409888,160.120371266457,0.5562332774246));
#2518=CARTESIAN_POINT('Ctrl Pts',(-189.536932736018,160.120895566444,0.556676336654599));
#2519=CARTESIAN_POINT('Ctrl Pts',(-189.641134588561,160.223414980077,0.643711961276189));
#2520=CARTESIAN_POINT('Ctrl Pts',(-189.744638595919,160.315930301776,0.744688958783379));
#2521=CARTESIAN_POINT('Ctrl Pts',(-189.942282650047,160.484107204801,0.98177696363716));
#2522=CARTESIAN_POINT('Ctrl Pts',(-190.036412503044,160.559768786128,1.11795332807427));
#2523=CARTESIAN_POINT('Ctrl Pts',(-190.283048114288,160.76147291955,1.58136118217092));
#2524=CARTESIAN_POINT('Ctrl Pts',(-190.4,160.861950964407,1.96559134181629));
#2525=CARTESIAN_POINT('Ctrl Pts',(-190.4,160.929289321881,2.40000000000007));
#2526=CARTESIAN_POINT('Ctrl Pts',(-188.,158.6,-1.99999999999997));
#2527=CARTESIAN_POINT('Ctrl Pts',(-188.696789126408,158.974385980188,-1.99999999999992));
#2528=CARTESIAN_POINT('Ctrl Pts',(-189.28915130426,159.286713083103,-1.83774738333983));
#2529=CARTESIAN_POINT('Ctrl Pts',(-189.990935420185,159.667331280151,-1.53208337210947));
#2530=CARTESIAN_POINT('Ctrl Pts',(-190.194673849902,159.779268833025,-1.41930859378467));
#2531=CARTESIAN_POINT('Ctrl Pts',(-190.458865122422,159.924772393123,-1.25033014537526));
#2532=CARTESIAN_POINT('Ctrl Pts',(-190.540063648115,159.969539784953,-1.19398506771673));
#2533=CARTESIAN_POINT('Ctrl Pts',(-190.652276210287,160.031090180395,-1.11106734558145));
#2534=CARTESIAN_POINT('Ctrl Pts',(-190.688083873014,160.050673530159,-1.08369179100301));
#2535=CARTESIAN_POINT('Ctrl Pts',(-190.739495985373,160.078648381728,-1.04320164917621));
#2536=CARTESIAN_POINT('Ctrl Pts',(-190.756250154861,160.087739970072,-1.02980029158228));
#2537=CARTESIAN_POINT('Ctrl Pts',(-190.780818715707,160.101027309319,-1.00986194873817));
#2538=CARTESIAN_POINT('Ctrl Pts',(-190.788914454608,160.105398081856,-1.00324310611993));
#2539=CARTESIAN_POINT('Ctrl Pts',(-190.800918909817,160.111866729845,-0.993358237682845));
#2540=CARTESIAN_POINT('Ctrl Pts',(-190.806886349172,160.115079176135,-0.988426651361576));
#2541=CARTESIAN_POINT('Ctrl Pts',(-190.812801891185,160.118258805869,-0.983511794614089));
#2542=CARTESIAN_POINT('Ctrl Pts',(-190.816734084795,160.120371266457,-0.980238991388299));
#2543=CARTESIAN_POINT('Ctrl Pts',(-190.817710016033,160.120895566444,-0.979426716133325));
#2544=CARTESIAN_POINT('Ctrl Pts',(-191.008746745695,160.223414980077,-0.819861404327077));
#2545=CARTESIAN_POINT('Ctrl Pts',(-191.198504092518,160.315930301776,-0.634736908897204));
#2546=CARTESIAN_POINT('Ctrl Pts',(-191.560851525086,160.484107204801,-0.200075566665264));
#2547=CARTESIAN_POINT('Ctrl Pts',(-191.733422922248,160.559768786128,0.0495811014694092));
#2548=CARTESIAN_POINT('Ctrl Pts',(-192.185588209527,160.76147291955,0.899162167313255));
#2549=CARTESIAN_POINT('Ctrl Pts',(-192.4,160.861946206365,1.60352785294307));
#2550=CARTESIAN_POINT('Ctrl Pts',(-192.4,160.929289321881,2.40000000000007));
#2551=CARTESIAN_POINT('Ctrl Pts',(-188.,158.6,8.32667268468867E-14));
#2552=CARTESIAN_POINT('Ctrl Pts',(-188.112314458048,158.710635706365,8.32667268468867E-14));
#2553=CARTESIAN_POINT('Ctrl Pts',(-188.219849067544,158.816041786179,0.0077494051973479));
#2554=CARTESIAN_POINT('Ctrl Pts',(-188.322201747642,158.916190931258,0.0215731524746197));
#2555=CARTESIAN_POINT('Ctrl Pts',(-188.429731171857,159.021405371131,0.0360960705243348));
#2556=CARTESIAN_POINT('Ctrl Pts',(-188.531540768794,159.120817486135,0.0573222521073817));
#2557=CARTESIAN_POINT('Ctrl Pts',(-188.627187998609,159.214423177151,0.0832626490639023));
#2558=CARTESIAN_POINT('Ctrl Pts',(-188.727811503535,159.312898927355,0.110552657002405));
#2559=CARTESIAN_POINT('Ctrl Pts',(-188.821614107713,159.404948143209,0.143058548323335));
#2560=CARTESIAN_POINT('Ctrl Pts',(-188.908114787651,159.490598891645,0.178435131754868));
#2561=CARTESIAN_POINT('Ctrl Pts',(-188.925149991763,159.507466712602,0.185402098025726));
#2562=CARTESIAN_POINT('Ctrl Pts',(-188.941902114973,159.524086476427,0.192480362006011));
#2563=CARTESIAN_POINT('Ctrl Pts',(-188.95836766266,159.540458547802,0.199651976807533));
#2564=CARTESIAN_POINT('Ctrl Pts',(-189.085964774647,159.667331280151,0.255227251576692));
#2565=CARTESIAN_POINT('Ctrl Pts',(-189.197094827219,159.779268833025,0.316740767026548));
#2566=CARTESIAN_POINT('Ctrl Pts',(-189.293164380863,159.876271206423,0.378187475539075));
#2567=CARTESIAN_POINT('Ctrl Pts',(-189.341199157685,159.924772393123,0.408910829795339));
#2568=CARTESIAN_POINT('Ctrl Pts',(-189.385489262608,159.969539784953,0.439644508518177));
#2569=CARTESIAN_POINT('Ctrl Pts',(-189.426293830671,160.010573381914,0.469796407476477));
#2570=CARTESIAN_POINT('Ctrl Pts',(-189.446696107459,160.031090173112,0.4848723516037));
#2571=CARTESIAN_POINT('Ctrl Pts',(-189.466227553034,160.050673516129,0.499804466558468));
#2572=CARTESIAN_POINT('Ctrl Pts',(-189.484922880683,160.069323431205,0.514528165571774));
#2573=CARTESIAN_POINT('Ctrl Pts',(-189.4942705529,160.078648397114,0.52189002168743));
#2574=CARTESIAN_POINT('Ctrl Pts',(-189.50340917606,160.087739970747,0.529199841507716));
#2575=CARTESIAN_POINT('Ctrl Pts',(-189.512343197504,160.096598196236,0.53645014744393));
#2576=CARTESIAN_POINT('Ctrl Pts',(-189.516810207215,160.101027307978,0.54007529959115));
#2577=CARTESIAN_POINT('Ctrl Pts',(-189.52122606509,160.105398080809,0.543685577607512));
#2578=CARTESIAN_POINT('Ctrl Pts',(-189.525591322589,160.109710513849,0.547280076093568));
#2579=CARTESIAN_POINT('Ctrl Pts',(-189.527773950728,160.111866729765,0.549077324833611));
#2580=CARTESIAN_POINT('Ctrl Pts',(-189.529943928678,160.114008360628,0.550870628951956));
#2581=CARTESIAN_POINT('Ctrl Pts',(-189.53210132553,160.116135406429,0.552659877469952));
#2582=CARTESIAN_POINT('Ctrl Pts',(-189.533180023916,160.117198929291,0.55355450169634));
#2583=CARTESIAN_POINT('Ctrl Pts',(-189.53425557701,160.118258805869,0.554448112028686));
#2584=CARTESIAN_POINT('Ctrl Pts',(-189.535327993449,160.119315036163,0.555340694726607));
#2585=CARTESIAN_POINT('Ctrl Pts',(-189.536400409888,160.120371266457,0.556233277424562));
#2586=CARTESIAN_POINT('Ctrl Pts',(-189.536932736018,160.120895566444,0.556676336654559));
#2587=CARTESIAN_POINT('Ctrl Pts',(-189.538535841442,160.122472788192,0.558015346264146));
#2588=CARTESIAN_POINT('Ctrl Pts',(-189.64113458856,160.223414980076,0.643711961275366));
#2589=CARTESIAN_POINT('Ctrl Pts',(-189.744638595918,160.315930301775,0.74468895878262));
#2590=CARTESIAN_POINT('Ctrl Pts',(-189.843460622983,160.400018753288,0.86323296121026));
#2591=CARTESIAN_POINT('Ctrl Pts',(-189.942282650047,160.484107204801,0.981776963637154));
#2592=CARTESIAN_POINT('Ctrl Pts',(-190.036412503045,160.559768786128,1.11795332807475));
#2593=CARTESIAN_POINT('Ctrl Pts',(-190.118624373459,160.627003497269,1.27242261277315));
#2594=CARTESIAN_POINT('Ctrl Pts',(-190.16294505554,160.66324994492,1.3556974978217));
#2595=CARTESIAN_POINT('Ctrl Pts',(-190.203865492929,160.69706631477,1.44454116805238));
#2596=CARTESIAN_POINT('Ctrl Pts',(-190.239967801016,160.728428277592,1.53840045996906));
#2597=CARTESIAN_POINT('Ctrl Pts',(-190.274689106432,160.758590567686,1.62866940158011));
#2598=CARTESIAN_POINT('Ctrl Pts',(-190.304952565124,160.786482754988,1.72357683953297));
#2599=CARTESIAN_POINT('Ctrl Pts',(-190.329524399316,160.812098989223,1.82259751430087));
#2600=CARTESIAN_POINT('Ctrl Pts',(-190.352329440935,160.835873335219,1.91449828945588));
#2601=CARTESIAN_POINT('Ctrl Pts',(-190.370231342331,160.857687424648,2.00994142038056));
#2602=CARTESIAN_POINT('Ctrl Pts',(-190.382280298205,160.877548310087,2.10848763483097));
#2603=CARTESIAN_POINT('Ctrl Pts',(-190.393828822105,160.896584308936,2.20294090735253));
#2604=CARTESIAN_POINT('Ctrl Pts',(-190.4,160.913826063282,2.3002444717821));
#2605=CARTESIAN_POINT('Ctrl Pts',(-190.4,160.929289321881,2.40000000000007));
#2606=CARTESIAN_POINT('Origin',(-188.,-80.4565396714461,2.4000000000001));
#2607=CARTESIAN_POINT('Origin',(-188.,-80.4565396714461,2.4000000000001));
#2608=CARTESIAN_POINT('Origin',(192.4,2.40000000000001,18.));
#2609=CARTESIAN_POINT('',(190.4,160.929289321881,18.));
#2610=CARTESIAN_POINT('',(190.4,0.0707106781186518,18.0000000000001));
#2611=CARTESIAN_POINT('',(190.4,2.40000000000001,18.0000000000001));
#2612=CARTESIAN_POINT('',(192.4,0.0707106781186518,18.0000000000001));
#2613=CARTESIAN_POINT('',(192.4,0.0707106781186518,18.0000000000001));
#2614=CARTESIAN_POINT('',(192.4,160.929289321881,18.));
#2615=CARTESIAN_POINT('',(192.4,-2.14964596672727E-30,18.));
#2616=CARTESIAN_POINT('',(192.4,160.929289321881,18.));
#2617=CARTESIAN_POINT('Origin',(190.4,-2.34686119303253E-30,-5.27355936696949E-13));
#2618=CARTESIAN_POINT('',(190.4,160.929289321881,2.40000000000004));
#2619=CARTESIAN_POINT('',(190.4,160.929289321881,2.40000000000004));
#2620=CARTESIAN_POINT('',(190.4,0.0707106781186462,2.40000000000004));
#2621=CARTESIAN_POINT('',(190.4,2.39999999999999,2.40000000000004));
#2622=CARTESIAN_POINT('',(190.4,0.0707106781186544,2.40000000000004));
#2623=CARTESIAN_POINT('Origin',(192.4,0.0707106781186544,2.40000000000003));
#2624=CARTESIAN_POINT('',(192.4,0.0707106781186553,2.40000000000003));
#2625=CARTESIAN_POINT('',(192.4,0.0707106781186553,2.40000000000003));
#2626=CARTESIAN_POINT('',(192.4,0.0707106781186544,2.40000000000003));
#2627=CARTESIAN_POINT('Origin',(192.4,-2.37151309632069E-30,-5.27355936696949E-13));
#2628=CARTESIAN_POINT('',(192.4,160.929289321881,2.40000000000003));
#2629=CARTESIAN_POINT('',(192.4,2.39999999999999,2.40000000000004));
#2630=CARTESIAN_POINT('',(192.4,160.929289321881,2.40000000000004));
#2631=CARTESIAN_POINT('Origin',(192.4,160.929289321881,2.40000000000004));
#2632=CARTESIAN_POINT('',(192.4,160.929289321881,2.40000000000003));
#2633=CARTESIAN_POINT('Ctrl Pts',(192.4,160.929289321881,2.40000000000005));
#2634=CARTESIAN_POINT('Ctrl Pts',(192.4,160.863725546698,1.61052661507098));
#2635=CARTESIAN_POINT('Ctrl Pts',(192.189133613895,160.764421088255,0.909642009025687));
#2636=CARTESIAN_POINT('Ctrl Pts',(191.740233151797,160.563633461715,0.0605218927545854));
#2637=CARTESIAN_POINT('Ctrl Pts',(191.568441570945,160.488133536055,-0.189730238746584));
#2638=CARTESIAN_POINT('Ctrl Pts',(191.296863834859,160.362027572345,-0.517328974093026));
#2639=CARTESIAN_POINT('Ctrl Pts',(191.203982346735,160.317849571905,-0.618627676281111));
#2640=CARTESIAN_POINT('Ctrl Pts',(191.063153139805,160.24836855244,-0.759350696527775));
#2641=CARTESIAN_POINT('Ctrl Pts',(191.015956052236,160.224672542818,-0.804390069295381));
#2642=CARTESIAN_POINT('Ctrl Pts',(190.945006902701,160.188325023682,-0.869244713897422));
#2643=CARTESIAN_POINT('Ctrl Pts',(190.92133142043,160.176075266521,-0.890412313538095));
#2644=CARTESIAN_POINT('Ctrl Pts',(190.885806379459,160.157499754602,-0.92150103952113));
#2645=CARTESIAN_POINT('Ctrl Pts',(190.873962718417,160.151274437934,-0.931753509026205));
#2646=CARTESIAN_POINT('Ctrl Pts',(190.856197509882,160.141886243887,-0.94696826583117));
#2647=CARTESIAN_POINT('Ctrl Pts',(190.850275820185,160.138748476031,-0.95201252722552));
#2648=CARTESIAN_POINT('Ctrl Pts',(190.841393755916,160.134029269486,-0.959538150146789));
#2649=CARTESIAN_POINT('Ctrl Pts',(190.838433146163,160.132454108177,-0.962039896280827));
#2650=CARTESIAN_POINT('Ctrl Pts',(190.832512149575,160.12929960064,-0.967029835320009));
#2651=CARTESIAN_POINT('Ctrl Pts',(190.828506840803,160.127162029868,-0.97039393805725));
#2652=CARTESIAN_POINT('Ctrl Pts',(190.581430497411,159.995167405034,-1.17750663329911));
#2653=CARTESIAN_POINT('Ctrl Pts',(190.239032867624,159.802503465047,-1.42210223306514));
#2654=CARTESIAN_POINT('Ctrl Pts',(189.302344939141,159.293790526473,-1.83386718282454));
#2655=CARTESIAN_POINT('Ctrl Pts',(188.705569828648,158.97896253385,-1.99999999999998));
#2656=CARTESIAN_POINT('Ctrl Pts',(188.,158.6,-1.99999999999995));
#2657=CARTESIAN_POINT('Ctrl Pts',(190.4,160.929289321881,2.40000000000005));
#2658=CARTESIAN_POINT('Ctrl Pts',(190.4,160.863729861228,1.96940649144024));
#2659=CARTESIAN_POINT('Ctrl Pts',(190.284981971215,160.764421088255,1.58707745946858));
#2660=CARTESIAN_POINT('Ctrl Pts',(190.040127173707,160.563633461715,1.12392103241162));
#2661=CARTESIAN_POINT('Ctrl Pts',(189.946422675061,160.488133536055,0.987419869774612));
#2662=CARTESIAN_POINT('Ctrl Pts',(189.798289364468,160.362027572345,0.808729650494735));
#2663=CARTESIAN_POINT('Ctrl Pts',(189.747626734583,160.317849571905,0.753475812937599));
#2664=CARTESIAN_POINT('Ctrl Pts',(189.67081080353,160.24836855244,0.676717801893964));
#2665=CARTESIAN_POINT('Ctrl Pts',(189.645066937583,160.224672542818,0.652150871293451));
#2666=CARTESIAN_POINT('Ctrl Pts',(189.606367401473,160.188325023682,0.616775610601428));
#2667=CARTESIAN_POINT('Ctrl Pts',(189.593453502053,160.176075266521,0.605229647161064));
#2668=CARTESIAN_POINT('Ctrl Pts',(189.574076206978,160.157499754602,0.588272160261227));
#2669=CARTESIAN_POINT('Ctrl Pts',(189.567616028227,160.151274437934,0.582679904167548));
#2670=CARTESIAN_POINT('Ctrl Pts',(189.557925914481,160.141886243887,0.574380945910295));
#2671=CARTESIAN_POINT('Ctrl Pts',(189.554695901919,160.138748476031,0.571629530604284));
#2672=CARTESIAN_POINT('Ctrl Pts',(189.549851139591,160.134029269486,0.567524645374501));
#2673=CARTESIAN_POINT('Ctrl Pts',(189.548236261544,160.132454108177,0.566160056574118));
#2674=CARTESIAN_POINT('Ctrl Pts',(189.545006627041,160.12929960064,0.563438271643655));
#2675=CARTESIAN_POINT('Ctrl Pts',(189.542821913165,160.127162029868,0.56160330651425));
#2676=CARTESIAN_POINT('Ctrl Pts',(189.408052998588,159.995167405034,0.448632745473236));
#2677=CARTESIAN_POINT('Ctrl Pts',(189.221290655068,159.802503465047,0.315216963782672));
#2678=CARTESIAN_POINT('Ctrl Pts',(188.710369966804,159.293790526473,0.0906179002775466));
#2679=CARTESIAN_POINT('Ctrl Pts',(188.384427455506,158.978540286105,3.51854725225151E-14));
#2680=CARTESIAN_POINT('Ctrl Pts',(188.,158.6,4.85722573273506E-14));
#2681=CARTESIAN_POINT('Ctrl Pts',(192.4,160.929289321881,2.40000000000003));
#2682=CARTESIAN_POINT('Ctrl Pts',(192.4,160.863725546698,1.61052661507098));
#2683=CARTESIAN_POINT('Ctrl Pts',(192.189133613895,160.764421088255,0.909642009025687));
#2684=CARTESIAN_POINT('Ctrl Pts',(191.740233151797,160.563633461715,0.0605218927545854));
#2685=CARTESIAN_POINT('Ctrl Pts',(191.568441570945,160.488133536055,-0.189730238746584));
#2686=CARTESIAN_POINT('Ctrl Pts',(191.296863834859,160.362027572345,-0.517328974093026));
#2687=CARTESIAN_POINT('Ctrl Pts',(191.203982346735,160.317849571905,-0.618627676281111));
#2688=CARTESIAN_POINT('Ctrl Pts',(191.063153139805,160.24836855244,-0.759350696527775));
#2689=CARTESIAN_POINT('Ctrl Pts',(191.015956052236,160.224672542818,-0.804390069295381));
#2690=CARTESIAN_POINT('Ctrl Pts',(190.945006902701,160.188325023682,-0.869244713897422));
#2691=CARTESIAN_POINT('Ctrl Pts',(190.92133142043,160.176075266521,-0.890412313538095));
#2692=CARTESIAN_POINT('Ctrl Pts',(190.885806379459,160.157499754602,-0.92150103952113));
#2693=CARTESIAN_POINT('Ctrl Pts',(190.873962718417,160.151274437934,-0.931753509026205));
#2694=CARTESIAN_POINT('Ctrl Pts',(190.856197509882,160.141886243887,-0.94696826583117));
#2695=CARTESIAN_POINT('Ctrl Pts',(190.847314975336,160.137179592103,-0.954534657922695));
#2696=CARTESIAN_POINT('Ctrl Pts',(190.838433146163,160.132454108177,-0.962039896280827));
#2697=CARTESIAN_POINT('Ctrl Pts',(190.832512149575,160.12929960064,-0.967029835320009));
#2698=CARTESIAN_POINT('Ctrl Pts',(190.828506840803,160.127162029868,-0.97039393805725));
#2699=CARTESIAN_POINT('Ctrl Pts',(190.581430497411,159.995167405034,-1.17750663329911));
#2700=CARTESIAN_POINT('Ctrl Pts',(190.239032867624,159.802503465047,-1.42210223306514));
#2701=CARTESIAN_POINT('Ctrl Pts',(189.302344939141,159.293790526473,-1.83386718282454));
#2702=CARTESIAN_POINT('Ctrl Pts',(188.705569828648,158.97896253385,-1.99999999999998));
#2703=CARTESIAN_POINT('Ctrl Pts',(188.,158.6,-1.99999999999995));
#2704=CARTESIAN_POINT('Ctrl Pts',(190.4,160.929289321881,2.40000000000004));
#2705=CARTESIAN_POINT('Ctrl Pts',(190.4,160.863996638695,1.97115868165426));
#2706=CARTESIAN_POINT('Ctrl Pts',(190.284981971215,160.764421088255,1.58707745946858));
#2707=CARTESIAN_POINT('Ctrl Pts',(190.040127173707,160.563633461715,1.12392103241162));
#2708=CARTESIAN_POINT('Ctrl Pts',(189.946422675061,160.488133536055,0.987419869774612));
#2709=CARTESIAN_POINT('Ctrl Pts',(189.798289364468,160.362027572345,0.808729650494735));
#2710=CARTESIAN_POINT('Ctrl Pts',(189.747626734583,160.317849571905,0.753475812937599));
#2711=CARTESIAN_POINT('Ctrl Pts',(189.67081080353,160.24836855244,0.676717801893964));
#2712=CARTESIAN_POINT('Ctrl Pts',(189.63219500461,160.212824538006,0.639867405993199));
#2713=CARTESIAN_POINT('Ctrl Pts',(189.586996552342,160.16995038794,0.599456665440886));
#2714=CARTESIAN_POINT('Ctrl Pts',(189.564385938852,160.1481617796,0.579883776120718));
#2715=CARTESIAN_POINT('Ctrl Pts',(189.554695901919,160.138748476031,0.571629530604284));
#2716=CARTESIAN_POINT('Ctrl Pts',(189.548236218815,160.132456200637,0.566156350297907));
#2717=CARTESIAN_POINT('Ctrl Pts',(189.543866633433,160.128185244014,0.562479047297514));
#2718=CARTESIAN_POINT('Ctrl Pts',(189.408052998588,159.995167405034,0.448632745473236));
#2719=CARTESIAN_POINT('Ctrl Pts',(189.221290655068,159.802503465046,0.315216963782672));
#2720=CARTESIAN_POINT('Ctrl Pts',(188.710369966804,159.293790526473,0.0906179002775464));
#2721=CARTESIAN_POINT('Ctrl Pts',(188.383616274766,158.977741527886,3.50453293892427E-14));
#2722=CARTESIAN_POINT('Ctrl Pts',(188.,158.6,2.77555756156289E-14));
#2723=CARTESIAN_POINT('Ctrl Pts',(187.999703687149,2.40016036325373,-2.01999999023344));
#2724=CARTESIAN_POINT('Ctrl Pts',(188.689332656415,2.02693494534712,-2.02004545063651));
#2725=CARTESIAN_POINT('Ctrl Pts',(189.282150019235,1.71416812155268,-1.86138146054233));
#2726=CARTESIAN_POINT('Ctrl Pts',(189.993227824508,1.33086693012831,-1.55349767735435));
#2727=CARTESIAN_POINT('Ctrl Pts',(190.201419699496,1.21768281874527,-1.43882797834463));
#2728=CARTESIAN_POINT('Ctrl Pts',(190.473694475745,1.06976277984359,-1.26453924468446));
#2729=CARTESIAN_POINT('Ctrl Pts',(190.55782171029,1.02409878823846,-1.20601877601242));
#2730=CARTESIAN_POINT('Ctrl Pts',(190.67470987464,0.961066832874065,-1.11918782038578));
#2731=CARTESIAN_POINT('Ctrl Pts',(190.712123319676,0.940966853093163,-1.09039979436066));
#2732=CARTESIAN_POINT('Ctrl Pts',(190.7660080509,0.91218289143258,-1.04762604827691));
#2733=CARTESIAN_POINT('Ctrl Pts',(190.783597097132,0.902815905547519,-1.03343602242888));
#2734=CARTESIAN_POINT('Ctrl Pts',(190.809433234985,0.889106928722631,-1.01227326396642));
#2735=CARTESIAN_POINT('Ctrl Pts',(190.817954044085,0.884594186781401,-1.00523938152603));
#2736=CARTESIAN_POINT('Ctrl Pts',(190.830599836501,0.877910449370306,-0.994721582931309));
#2737=CARTESIAN_POINT('Ctrl Pts',(190.834792530516,0.875696766150089,-0.991221153649249));
#2738=CARTESIAN_POINT('Ctrl Pts',(190.841047896281,0.87239758519488,-0.985979068459358));
#2739=CARTESIAN_POINT('Ctrl Pts',(190.843127405664,0.871301415522339,-0.984233133148066));
#2740=CARTESIAN_POINT('Ctrl Pts',(190.846238273458,0.869662496982319,-0.981616407398025));
#2741=CARTESIAN_POINT('Ctrl Pts',(190.84727383001,0.869117080130437,-0.980744528348529));
#2742=CARTESIAN_POINT('Ctrl Pts',(190.849342148112,0.868028025082952,-0.979001502221246));
#2743=CARTESIAN_POINT('Ctrl Pts',(190.849558262613,0.867914141496046,-0.978819846865184));
#2744=CARTESIAN_POINT('Ctrl Pts',(191.324497597823,0.617980748118678,-0.57783053289556));
#2745=CARTESIAN_POINT('Ctrl Pts',(191.720968833848,0.427147723176313,-0.0700582941585188));
#2746=CARTESIAN_POINT('Ctrl Pts',(192.269168411264,0.161718393630859,1.08808700755492));
#2747=CARTESIAN_POINT('Ctrl Pts',(192.420043220979,0.0871528640116098,1.73753296750139));
#2748=CARTESIAN_POINT('Ctrl Pts',(192.419999990713,0.0707036066482517,2.40028476944632));
#2749=CARTESIAN_POINT('Ctrl Pts',(187.999705029547,2.40016036163581,-1.99999999027763));
#2750=CARTESIAN_POINT('Ctrl Pts',(188.686209743841,2.02693871023532,-2.00004524497753));
#2751=CARTESIAN_POINT('Ctrl Pts',(189.276348435438,1.71416812155268,-1.8420991914901));
#2752=CARTESIAN_POINT('Ctrl Pts',(189.98420869408,1.33086693012831,-1.53560854759257));
#2753=CARTESIAN_POINT('Ctrl Pts',(190.191458524385,1.21768281874527,-1.42145771599918));
#2754=CARTESIAN_POINT('Ctrl Pts',(190.462501288072,1.06976277984359,-1.2479576191429));
#2755=CARTESIAN_POINT('Ctrl Pts',(190.546247856398,1.02409878823846,-1.18970194897164));
#2756=CARTESIAN_POINT('Ctrl Pts',(190.662607115026,0.961066832874065,-1.10326389359671));
#2757=CARTESIAN_POINT('Ctrl Pts',(190.699851268456,0.940966853093163,-1.07460613013278));
#2758=CARTESIAN_POINT('Ctrl Pts',(190.753492177367,0.91218289143258,-1.03202593041141));
#2759=CARTESIAN_POINT('Ctrl Pts',(190.771001635154,0.902815905547519,-1.01790011282512));
#2760=CARTESIAN_POINT('Ctrl Pts',(190.796720867406,0.889106928722631,-0.996833113450735));
#2761=CARTESIAN_POINT('Ctrl Pts',(190.805203120808,0.884594186781401,-0.989831058532701));
#2762=CARTESIAN_POINT('Ctrl Pts',(190.817791692444,0.877910449370306,-0.979360851786823));
#2763=CARTESIAN_POINT('Ctrl Pts',(190.821965414993,0.875696766150089,-0.975876261551288));
#2764=CARTESIAN_POINT('Ctrl Pts',(190.828192475936,0.87239758519488,-0.970657896203886));
#2765=CARTESIAN_POINT('Ctrl Pts',(190.830262575774,0.871301415522339,-0.968919861052374));
#2766=CARTESIAN_POINT('Ctrl Pts',(190.833359367244,0.869662496982319,-0.966314975690342));
#2767=CARTESIAN_POINT('Ctrl Pts',(190.834390238019,0.869117080130437,-0.965447041794916));
#2768=CARTESIAN_POINT('Ctrl Pts',(190.836449197215,0.868028025082952,-0.963711902663684));
#2769=CARTESIAN_POINT('Ctrl Pts',(190.836664333822,0.867914141496046,-0.963531069277558));
#2770=CARTESIAN_POINT('Ctrl Pts',(191.309454622267,0.617980748118678,-0.564356186592865));
#2771=CARTESIAN_POINT('Ctrl Pts',(191.704131870799,0.427147723176313,-0.0588815597958103));
#2772=CARTESIAN_POINT('Ctrl Pts',(192.249850907141,0.161718393630859,1.09402326543929));
#2773=CARTESIAN_POINT('Ctrl Pts',(192.400043025409,0.0871528638043731,1.74053056039241));
#2774=CARTESIAN_POINT('Ctrl Pts',(192.399999990755,0.0707036066483408,2.40028348089485));
#2775=CARTESIAN_POINT('Ctrl Pts',(187.999839269355,2.40016019984345,5.3031344259271E-9));
#2776=CARTESIAN_POINT('Ctrl Pts',(188.373918486476,2.02731519905531,-2.46790786283746E-5));
#2777=CARTESIAN_POINT('Ctrl Pts',(188.696190055693,1.71416812155268,0.086127713732695));
#2778=CARTESIAN_POINT('Ctrl Pts',(189.082295651317,1.33086693012831,0.253304428585893));
#2779=CARTESIAN_POINT('Ctrl Pts',(189.195341013301,1.21768281874527,0.315568518545926));
#2780=CARTESIAN_POINT('Ctrl Pts',(189.343182520766,1.06976277984359,0.410204935012985));
#2781=CARTESIAN_POINT('Ctrl Pts',(189.388862467126,1.02409878823846,0.441980755106401));
#2782=CARTESIAN_POINT('Ctrl Pts',(189.452331153651,0.961066832874065,0.489128785310909));
#2783=CARTESIAN_POINT('Ctrl Pts',(189.472646146431,0.940966853093163,0.504760292654869));
#2784=CARTESIAN_POINT('Ctrl Pts',(189.501904824018,0.91218289143258,0.527985856139255));
#2785=CARTESIAN_POINT('Ctrl Pts',(189.511455437357,0.902815905547519,0.535690847549951));
#2786=CARTESIAN_POINT('Ctrl Pts',(189.525484109494,0.889106928722631,0.5471819381178));
#2787=CARTESIAN_POINT('Ctrl Pts',(189.530110793168,0.884594186781401,0.551001240800365));
#2788=CARTESIAN_POINT('Ctrl Pts',(189.536977286788,0.877910449370306,0.556712262661753));
#2789=CARTESIAN_POINT('Ctrl Pts',(189.539253862723,0.875696766150089,0.558612948244772));
#2790=CARTESIAN_POINT('Ctrl Pts',(189.542650441419,0.87239758519488,0.561459329343356));
#2791=CARTESIAN_POINT('Ctrl Pts',(189.543779586786,0.871301415522339,0.562407348516908));
#2792=CARTESIAN_POINT('Ctrl Pts',(189.545468745769,0.869662496982319,0.563828195078016));
#2793=CARTESIAN_POINT('Ctrl Pts',(189.54603103892,0.869117080130437,0.56430161356643));
#2794=CARTESIAN_POINT('Ctrl Pts',(189.547154107572,0.868028025082952,0.565248053092557));
#2795=CARTESIAN_POINT('Ctrl Pts',(189.547271454812,0.867914141496046,0.565346689484989));
#2796=CARTESIAN_POINT('Ctrl Pts',(189.805157066691,0.617980748118678,0.783078443676641));
#2797=CARTESIAN_POINT('Ctrl Pts',(190.02043556589,0.427147723176313,1.05879187647504));
#2798=CARTESIAN_POINT('Ctrl Pts',(190.318100494804,0.161718393630859,1.687649053876));
#2799=CARTESIAN_POINT('Ctrl Pts',(190.400023468405,0.0871528430807065,2.04028984949446));
#2800=CARTESIAN_POINT('Ctrl Pts',(190.399999994957,0.0707036066572465,2.40015462574803));
#2801=CARTESIAN_POINT('Ctrl Pts',(187.999840625177,2.40016019820934,0.0202000052585001));
#2802=CARTESIAN_POINT('Ctrl Pts',(188.370764344777,2.02731900159239,0.0201755286369505));
#2803=CARTESIAN_POINT('Ctrl Pts',(188.690330456058,1.71416812155268,0.105602805475445));
#2804=CARTESIAN_POINT('Ctrl Pts',(189.073186329585,1.33086693012831,0.271372449645295));
#2805=CARTESIAN_POINT('Ctrl Pts',(189.185280226439,1.21768281874527,0.333112483514832));
#2806=CARTESIAN_POINT('Ctrl Pts',(189.331877401217,1.06976277984359,0.426952376809959));
#2807=CARTESIAN_POINT('Ctrl Pts',(189.377172874694,1.02409878823846,0.458460750417589));
#2808=CARTESIAN_POINT('Ctrl Pts',(189.440107366441,0.961066832874065,0.505211951367876));
#2809=CARTESIAN_POINT('Ctrl Pts',(189.460251374698,0.940966853093163,0.520711893525024));
#2810=CARTESIAN_POINT('Ctrl Pts',(189.489263791749,0.91218289143258,0.543741975183417));
#2811=CARTESIAN_POINT('Ctrl Pts',(189.498734020759,0.902815905547519,0.551382116249739));
#2812=CARTESIAN_POINT('Ctrl Pts',(189.512644618239,0.889106928722631,0.562776490138642));
#2813=CARTESIAN_POINT('Ctrl Pts',(189.517232360659,0.884594186781401,0.566563647023629));
#2814=CARTESIAN_POINT('Ctrl Pts',(189.524041061291,0.877910449370306,0.572226601117684));
#2815=CARTESIAN_POINT('Ctrl Pts',(189.526298476046,0.875696766150089,0.574111289263713));
#2816=CARTESIAN_POINT('Ctrl Pts',(189.529666466871,0.87239758519488,0.576933713321383));
#2817=CARTESIAN_POINT('Ctrl Pts',(189.530786108597,0.871301415522339,0.577873753333558));
#2818=CARTESIAN_POINT('Ctrl Pts',(189.532461050492,0.869662496982319,0.579282641102776));
#2819=CARTESIAN_POINT('Ctrl Pts',(189.533018611009,0.869117080130437,0.579752074985579));
#2820=CARTESIAN_POINT('Ctrl Pts',(189.534132227167,0.868028025082952,0.580690548645695));
#2821=CARTESIAN_POINT('Ctrl Pts',(189.534248586734,0.867914141496046,0.580788354848491));
#2822=CARTESIAN_POINT('Ctrl Pts',(189.78996366138,0.617980748118678,0.796687533442363));
#2823=CARTESIAN_POINT('Ctrl Pts',(190.003430233211,0.427147723176313,1.07008037818137));
#2824=CARTESIAN_POINT('Ctrl Pts',(190.29858981564,0.161718393630859,1.69364467433921));
#2825=CARTESIAN_POINT('Ctrl Pts',(190.379823270879,0.0871528428713974,2.04331741831439));
#2826=CARTESIAN_POINT('Ctrl Pts',(190.379799994999,0.0707036066573365,2.40015332431105));
#2827=CARTESIAN_POINT('Ctrl Pts',(188.,2.39999999999998,-1.99999999999994));
#2828=CARTESIAN_POINT('Ctrl Pts',(188.293480167626,2.24044905605487,-1.99999999999994));
#2829=CARTESIAN_POINT('Ctrl Pts',(188.587315947535,2.08222333493451,-1.97063905585941));
#2830=CARTESIAN_POINT('Ctrl Pts',(189.130006843404,1.79102094786624,-1.86024807191854));
#2831=CARTESIAN_POINT('Ctrl Pts',(189.379127717371,1.65782603457513,-1.78640472360563));
#2832=CARTESIAN_POINT('Ctrl Pts',(189.763138076589,1.45074081598531,-1.6341736691086));
#2833=CARTESIAN_POINT('Ctrl Pts',(189.902530634601,1.37504109184406,-1.57039150013895));
#2834=CARTESIAN_POINT('Ctrl Pts',(190.336763574821,1.13863971719355,-1.34334379342536));
#2835=CARTESIAN_POINT('Ctrl Pts',(190.670688145389,0.953463892897036,-1.1260040753052));
#2836=CARTESIAN_POINT('Ctrl Pts',(191.200906726819,0.677844446059705,-0.631214121794886));
#2837=CARTESIAN_POINT('Ctrl Pts',(191.384913496287,0.585268644523526,-0.424958439306247));
#2838=CARTESIAN_POINT('Ctrl Pts',(191.6833359091,0.437438149095143,-0.0174379945403178));
#2839=CARTESIAN_POINT('Ctrl Pts',(191.803657022371,0.378764745123921,0.176289187152454));
#2840=CARTESIAN_POINT('Ctrl Pts',(192.066980777475,0.250633613921931,0.685922443453111));
#2841=CARTESIAN_POINT('Ctrl Pts',(192.189916022154,0.191050011909814,1.01183566918567));
#2842=CARTESIAN_POINT('Ctrl Pts',(192.357140309907,0.105164190907464,1.69344894169624));
#2843=CARTESIAN_POINT('Ctrl Pts',(192.4,0.0795579022091166,2.04551304901626));
#2844=CARTESIAN_POINT('Ctrl Pts',(192.4,0.0707106781186462,2.40000000000004));
#2845=CARTESIAN_POINT('Ctrl Pts',(188.,2.39999999999994,3.52018761362594E-14));
#2846=CARTESIAN_POINT('Ctrl Pts',(188.131520099207,2.26891464273575,3.49698787198918E-14));
#2847=CARTESIAN_POINT('Ctrl Pts',(188.263647151907,2.1382403100917,0.0108100510910388));
#2848=CARTESIAN_POINT('Ctrl Pts',(188.511949105865,1.89364688832631,0.0522431826466176));
#2849=CARTESIAN_POINT('Ctrl Pts',(188.628299809427,1.77947039518763,0.0805582769296826));
#2850=CARTESIAN_POINT('Ctrl Pts',(188.92950631326,1.48306847425442,0.17863579737105));
#2851=CARTESIAN_POINT('Ctrl Pts',(189.113211576744,1.29985924716425,0.263925091692468));
#2852=CARTESIAN_POINT('Ctrl Pts',(189.373373185701,1.03955450660301,0.429093318126412));
#2853=CARTESIAN_POINT('Ctrl Pts',(189.458968833287,0.953694607533213,0.491377762329092));
#2854=CARTESIAN_POINT('Ctrl Pts',(189.64060298346,0.77723572779496,0.643490813228037));
#2855=CARTESIAN_POINT('Ctrl Pts',(189.744714381604,0.67925366491894,0.74445167115564));
#2856=CARTESIAN_POINT('Ctrl Pts',(190.012222022093,0.433149449265216,1.06622586626243));
#2857=CARTESIAN_POINT('Ctrl Pts',(190.154175667945,0.308494092028216,1.30337937863996));
#2858=CARTESIAN_POINT('Ctrl Pts',(190.300715664813,0.176580477633733,1.70312519143837));
#2859=CARTESIAN_POINT('Ctrl Pts',(190.337623995056,0.142587168219877,1.83819640048773));
#2860=CARTESIAN_POINT('Ctrl Pts',(190.387294126827,0.09286078476915,2.1161379728293));
#2861=CARTESIAN_POINT('Ctrl Pts',(190.4,0.0772331033941064,2.25745207401019));
#2862=CARTESIAN_POINT('Ctrl Pts',(190.4,0.0707106781186466,2.40000000000004));
#2863=CARTESIAN_POINT('',(188.,2.39999999999999,5.55111512312578E-14));
#2864=CARTESIAN_POINT('Origin',(188.,241.456539671446,2.40000000000005));
#2865=CARTESIAN_POINT('Origin',(188.,241.456539671446,2.40000000000005));
#2866=CARTESIAN_POINT('Ctrl Pts',(190.329289321882,-2.00000000000001,2.40000000000002));
#2867=CARTESIAN_POINT('Ctrl Pts',(190.312825775528,-2.00000000000001,1.74034536825523));
#2868=CARTESIAN_POINT('Ctrl Pts',(190.23826259679,-1.84981182370696,1.09394069642683));
#2869=CARTESIAN_POINT('Ctrl Pts',(190.039204856815,-1.44055185902078,0.229324004252523));
#2870=CARTESIAN_POINT('Ctrl Pts',(189.958320310584,-1.27386446534012,-0.0415189898357428));
#2871=CARTESIAN_POINT('Ctrl Pts',(189.815195541877,-0.986390096525449,-0.413705010481472));
#2872=CARTESIAN_POINT('Ctrl Pts',(189.763854294082,-0.884339986170733,-0.532109778785611));
#2873=CARTESIAN_POINT('Ctrl Pts',(189.681392935048,-0.723034020478786,-0.700435087505374));
#2874=CARTESIAN_POINT('Ctrl Pts',(189.652997567481,-0.66789421329884,-0.754998026340914));
#2875=CARTESIAN_POINT('Ctrl Pts',(189.609042144294,-0.583271251925796,-0.834438050107743));
#2876=CARTESIAN_POINT('Ctrl Pts',(189.594163274593,-0.55474475424597,-0.860517420420682));
#2877=CARTESIAN_POINT('Ctrl Pts',(189.571504377082,-0.511494934339753,-0.899025591021756));
#2878=CARTESIAN_POINT('Ctrl Pts',(189.563894645752,-0.497001650471939,-0.911759839572269));
#2879=CARTESIAN_POINT('Ctrl Pts',(189.552394900517,-0.475148997150409,-0.930707311314671));
#2880=CARTESIAN_POINT('Ctrl Pts',(189.548547460733,-0.467845991551852,-0.936997485412434));
#2881=CARTESIAN_POINT('Ctrl Pts',(189.542755013995,-0.456863588293157,-0.94639412653557));
#2882=CARTESIAN_POINT('Ctrl Pts',(189.540820650573,-0.453198138069125,-0.949519903595456));
#2883=CARTESIAN_POINT('Ctrl Pts',(189.537913783674,-0.447693024936331,-0.954198896255939));
#2884=CARTESIAN_POINT('Ctrl Pts',(189.536943941081,-0.445856830926291,-0.955756948322629));
#2885=CARTESIAN_POINT('Ctrl Pts',(189.535002481972,-0.4421821362971,-0.958869825173207));
#2886=CARTESIAN_POINT('Ctrl Pts',(189.533601110848,-0.439530683864484,-0.961111021806728));
#2887=CARTESIAN_POINT('Ctrl Pts',(189.394114651899,-0.175669011486957,-1.18388833913019));
#2888=CARTESIAN_POINT('Ctrl Pts',(189.196887933361,0.179860417270706,-1.43345475509912));
#2889=CARTESIAN_POINT('Ctrl Pts',(188.685868479367,1.12358397192886,-1.84206992510454));
#2890=CARTESIAN_POINT('Ctrl Pts',(188.37315088247,1.71362121195159,-1.99999999999994));
#2891=CARTESIAN_POINT('Ctrl Pts',(188.,2.39999999999998,-1.99999999999994));
#2892=CARTESIAN_POINT('Ctrl Pts',(190.329289321882,-1.43114686768087E-14,
2.40000000000003));
#2893=CARTESIAN_POINT('Ctrl Pts',(190.312825796245,-1.11817998004371E-14,
2.04018883547173));
#2894=CARTESIAN_POINT('Ctrl Pts',(190.23826259679,0.0819208234325621,1.68760401623284));
#2895=CARTESIAN_POINT('Ctrl Pts',(190.039204856815,0.305153531443206,1.21599491141049));
#2896=CARTESIAN_POINT('Ctrl Pts',(189.958320310584,0.396073927996292,1.06826236918053));
#2897=CARTESIAN_POINT('Ctrl Pts',(189.815195541877,0.552878129167931,0.865251812464677));
#2898=CARTESIAN_POINT('Ctrl Pts',(189.763854294082,0.608541825725048,0.800667393389692));
#2899=CARTESIAN_POINT('Ctrl Pts',(189.681392935048,0.696526897920656,0.708853588633458));
#2900=CARTESIAN_POINT('Ctrl Pts',(189.652997567481,0.726603156382444,0.679091985632254));
#2901=CARTESIAN_POINT('Ctrl Pts',(189.609042144294,0.772761135313196,0.63576106357762));
#2902=CARTESIAN_POINT('Ctrl Pts',(189.594163274593,0.788321043138555,0.621535952497835));
#2903=CARTESIAN_POINT('Ctrl Pts',(189.571504377082,0.811911853996491,0.60053149580634));
#2904=CARTESIAN_POINT('Ctrl Pts',(189.563894645752,0.819817281560754,0.593585542051515));
#2905=CARTESIAN_POINT('Ctrl Pts',(189.552394900517,0.831736910645225,0.58325055746475));
#2906=CARTESIAN_POINT('Ctrl Pts',(189.548547460733,0.835720368244438,0.579819553411425));
#2907=CARTESIAN_POINT('Ctrl Pts',(189.542755013995,0.841710770021908,0.574694112798805));
#2908=CARTESIAN_POINT('Ctrl Pts',(189.540820650573,0.843710106507743,0.572989143493413));
#2909=CARTESIAN_POINT('Ctrl Pts',(189.537913783674,0.846712895489268,0.570436965678604));
#2910=CARTESIAN_POINT('Ctrl Pts',(189.536943941081,0.84771445585838,0.569587119096773));
#2911=CARTESIAN_POINT('Ctrl Pts',(189.535002481972,0.84971883474703,0.567889186269185));
#2912=CARTESIAN_POINT('Ctrl Pts',(189.533601110848,0.851165081528457,0.566666715378174));
#2913=CARTESIAN_POINT('Ctrl Pts',(189.394114651899,0.995089630098017,0.445151815019919));
#2914=CARTESIAN_POINT('Ctrl Pts',(189.196887933361,1.18901477305674,0.309024679036871));
#2915=CARTESIAN_POINT('Ctrl Pts',(188.685868479367,1.70377307559755,0.0861436772157299));
#2916=CARTESIAN_POINT('Ctrl Pts',(188.372774501488,2.02598919939681,5.56027574572189E-14));
#2917=CARTESIAN_POINT('Ctrl Pts',(188.,2.39999999999999,5.55111512312578E-14));
#2918=CARTESIAN_POINT('',(190.329289321882,-1.43114686768087E-14,2.40000000000003));
#2919=CARTESIAN_POINT('',(190.329289321882,-2.,2.40000000000003));
#2920=CARTESIAN_POINT('Ctrl Pts',(190.329289321882,-2.,2.40000000000003));
#2921=CARTESIAN_POINT('Ctrl Pts',(190.312825775528,-2.00000000000001,1.74034536825523));
#2922=CARTESIAN_POINT('Ctrl Pts',(190.23826259679,-1.84981182370696,1.09394069642683));
#2923=CARTESIAN_POINT('Ctrl Pts',(190.039204856815,-1.44055185902078,0.229324004252523));
#2924=CARTESIAN_POINT('Ctrl Pts',(189.958320310584,-1.27386446534012,-0.0415189898357428));
#2925=CARTESIAN_POINT('Ctrl Pts',(189.815195541877,-0.986390096525449,-0.413705010481472));
#2926=CARTESIAN_POINT('Ctrl Pts',(189.763854294082,-0.884339986170733,-0.532109778785611));
#2927=CARTESIAN_POINT('Ctrl Pts',(189.681392935048,-0.723034020478786,-0.700435087505374));
#2928=CARTESIAN_POINT('Ctrl Pts',(189.652997567481,-0.66789421329884,-0.754998026340914));
#2929=CARTESIAN_POINT('Ctrl Pts',(189.609042144294,-0.583271251925796,-0.834438050107743));
#2930=CARTESIAN_POINT('Ctrl Pts',(189.594163274593,-0.55474475424597,-0.860517420420682));
#2931=CARTESIAN_POINT('Ctrl Pts',(189.571504377082,-0.511494934339753,-0.899025591021756));
#2932=CARTESIAN_POINT('Ctrl Pts',(189.563894645752,-0.497001650471939,-0.911759839572269));
#2933=CARTESIAN_POINT('Ctrl Pts',(189.552394900517,-0.475148997150409,-0.930707311314671));
#2934=CARTESIAN_POINT('Ctrl Pts',(189.545661880894,-0.462368737352934,-0.941715115985757));
#2935=CARTESIAN_POINT('Ctrl Pts',(189.53888540019,-0.449531525555598,-0.952644071473155));
#2936=CARTESIAN_POINT('Ctrl Pts',(189.535002481972,-0.4421821362971,-0.958869825173207));
#2937=CARTESIAN_POINT('Ctrl Pts',(189.533601110848,-0.439530683864484,-0.961111021806728));
#2938=CARTESIAN_POINT('Ctrl Pts',(189.394114651899,-0.175669011486957,-1.18388833913019));
#2939=CARTESIAN_POINT('Ctrl Pts',(189.196887933361,0.179860417270706,-1.43345475509912));
#2940=CARTESIAN_POINT('Ctrl Pts',(188.685868479367,1.12358397192886,-1.84206992510454));
#2941=CARTESIAN_POINT('Ctrl Pts',(188.37315088247,1.71362121195159,-1.99999999999994));
#2942=CARTESIAN_POINT('Ctrl Pts',(188.,2.39999999999999,-1.99999999999995));
#2943=CARTESIAN_POINT('Ctrl Pts',(190.329289321882,-1.4210854715202E-14,
2.40000000000003));
#2944=CARTESIAN_POINT('Ctrl Pts',(190.322805076998,-1.30787737564419E-14,
2.25828650835698));
#2945=CARTESIAN_POINT('Ctrl Pts',(190.30730152184,0.0127114723205839,2.11759776734414));
#2946=CARTESIAN_POINT('Ctrl Pts',(190.282756512574,0.0372453711693455,1.97988959742807));
#2947=CARTESIAN_POINT('Ctrl Pts',(190.257680815081,0.0623097180261178,1.83920403590909));
#2948=CARTESIAN_POINT('Ctrl Pts',(190.223168352032,0.0997128749487552,1.70163042575274));
#2949=CARTESIAN_POINT('Ctrl Pts',(190.179226570268,0.148463015390771,1.56925048388601));
#2950=CARTESIAN_POINT('Ctrl Pts',(190.157066472731,0.173047996330317,1.50249050498005));
#2951=CARTESIAN_POINT('Ctrl Pts',(190.132508766017,0.200518141120141,1.43705123959267));
#2952=CARTESIAN_POINT('Ctrl Pts',(190.105557436807,0.230742628772987,1.37319794635129));
#2953=CARTESIAN_POINT('Ctrl Pts',(190.039204856815,0.305153531443202,1.2159949114105));
#2954=CARTESIAN_POINT('Ctrl Pts',(189.958320310584,0.396073927996293,1.06826236918053));
#2955=CARTESIAN_POINT('Ctrl Pts',(189.862903798113,0.500610062110719,0.932921998036626));
#2956=CARTESIAN_POINT('Ctrl Pts',(189.815195541877,0.552878129167932,0.865251812464675));
#2957=CARTESIAN_POINT('Ctrl Pts',(189.763854294082,0.608541825725027,0.800667393389715));
#2958=CARTESIAN_POINT('Ctrl Pts',(189.708880054726,0.667198540522109,0.73945819021888));
#2959=CARTESIAN_POINT('Ctrl Pts',(189.68139293692,0.696526895923864,0.708853590717141));
#2960=CARTESIAN_POINT('Ctrl Pts',(189.652997571164,0.726603152156621,0.679091989599257));
#2961=CARTESIAN_POINT('Ctrl Pts',(189.623693952023,0.757375123241747,0.650204683922174));
#2962=CARTESIAN_POINT('Ctrl Pts',(189.609042139893,0.772761111472358,0.635761028560218));
#2963=CARTESIAN_POINT('Ctrl Pts',(189.594163274656,0.788321033687577,0.621535942099908));
#2964=CARTESIAN_POINT('Ctrl Pts',(189.579057342919,0.804048246125511,0.60753297659498));
#2965=CARTESIAN_POINT('Ctrl Pts',(189.57150437741,0.811911851970676,0.600531494175338));
#2966=CARTESIAN_POINT('Ctrl Pts',(189.563894646015,0.819817280727184,0.593585541641316));
#2967=CARTESIAN_POINT('Ctrl Pts',(189.556228148841,0.827763700785733,0.58669555195275));
#2968=CARTESIAN_POINT('Ctrl Pts',(189.552394900481,0.83173691058024,0.583250557312025));
#2969=CARTESIAN_POINT('Ctrl Pts',(189.54854746072,0.835720368222821,0.579819553360473));
#2970=CARTESIAN_POINT('Ctrl Pts',(189.544685829569,0.839713969420149,0.576402592981094));
#2971=CARTESIAN_POINT('Ctrl Pts',(189.542755013994,0.841710770018819,0.574694112791401));
#2972=CARTESIAN_POINT('Ctrl Pts',(189.540820650573,0.843710106507718,0.572989143493434));
#2973=CARTESIAN_POINT('Ctrl Pts',(189.538882739307,0.845711965828741,0.571287691616889));
#2974=CARTESIAN_POINT('Ctrl Pts',(189.537913783674,0.846712895489257,0.570436965678612));
#2975=CARTESIAN_POINT('Ctrl Pts',(189.536943941081,0.847714455858372,0.56958711909678));
#2976=CARTESIAN_POINT('Ctrl Pts',(189.535973211526,0.848716645302705,0.568738152682979));
#2977=CARTESIAN_POINT('Ctrl Pts',(189.535002481972,0.84971883474703,0.567889186269185));
#2978=CARTESIAN_POINT('Ctrl Pts',(189.533601110848,0.851165081528476,0.566666715378158));
#2979=CARTESIAN_POINT('Ctrl Pts',(189.53305836198,0.851725099227187,0.566193894754198));
#2980=CARTESIAN_POINT('Ctrl Pts',(189.394114651895,0.99508963010218,0.445151815016391));
#2981=CARTESIAN_POINT('Ctrl Pts',(189.196887933361,1.18901477305674,0.30902467903687));
#2982=CARTESIAN_POINT('Ctrl Pts',(188.941378206364,1.44639392432715,0.1975841781263));
#2983=CARTESIAN_POINT('Ctrl Pts',(188.855738563998,1.53266014489848,0.160232470403747));
#2984=CARTESIAN_POINT('Ctrl Pts',(188.763573387889,1.62626752567044,0.125699865363159));
#2985=CARTESIAN_POINT('Ctrl Pts',(188.664849658004,1.72667861874609,0.0963088697824084));
#2986=CARTESIAN_POINT('Ctrl Pts',(188.566938177483,1.82626357967912,0.0671596885810171));
#2987=CARTESIAN_POINT('Ctrl Pts',(188.462575600056,1.93254031005559,0.0430697012204471));
#2988=CARTESIAN_POINT('Ctrl Pts',(188.351761878117,2.04495115929627,0.0262793190976209));
#2989=CARTESIAN_POINT('Ctrl Pts',(188.251693703762,2.1464615883691,0.0111170913847444));
#2990=CARTESIAN_POINT('Ctrl Pts',(188.146365225004,2.2529735454204,0.00190806950637371));
#2991=CARTESIAN_POINT('Ctrl Pts',(188.035799470089,2.36405719676803,0.000265548970620699));
#2992=CARTESIAN_POINT('Ctrl Pts',(188.023926668489,2.37598561126225,8.91713891490764E-5));
#2993=CARTESIAN_POINT('Ctrl Pts',(188.011993497199,2.38796672660919,5.55111512312578E-14));
#2994=CARTESIAN_POINT('Ctrl Pts',(188.,2.39999999999999,5.55111512312578E-14));
#2995=CARTESIAN_POINT('Ctrl Pts',(-188.,2.39999999999998,-1.99999999999994));
#2996=CARTESIAN_POINT('Ctrl Pts',(-188.374385980175,1.70321087361752,-1.99999999999994));
#2997=CARTESIAN_POINT('Ctrl Pts',(-188.686713083084,1.1108486957764,-1.83774738335088));
#2998=CARTESIAN_POINT('Ctrl Pts',(-189.067331280131,0.409064579847581,-1.53208337212627));
#2999=CARTESIAN_POINT('Ctrl Pts',(-189.179268833007,0.205326150127227,-1.41930859380179));
#3000=CARTESIAN_POINT('Ctrl Pts',(-189.324772393109,-0.0588651224023485,
-1.25033014538876));
#3001=CARTESIAN_POINT('Ctrl Pts',(-189.369539784941,-0.140063648098584,
-1.19398506772838));
#3002=CARTESIAN_POINT('Ctrl Pts',(-189.431090180386,-0.252276210276518,
-1.11106734558918));
#3003=CARTESIAN_POINT('Ctrl Pts',(-189.450673530151,-0.288083873005753,
-1.08369179100924));
#3004=CARTESIAN_POINT('Ctrl Pts',(-189.478648381722,-0.339495985368315,
-1.04320164917992));
#3005=CARTESIAN_POINT('Ctrl Pts',(-189.487739970067,-0.356250154857592,
-1.0298002915851));
#3006=CARTESIAN_POINT('Ctrl Pts',(-189.501027309315,-0.380818715704981,
-1.00986194873958));
#3007=CARTESIAN_POINT('Ctrl Pts',(-189.505398081853,-0.388914454606945,
-1.00324310612087));
#3008=CARTESIAN_POINT('Ctrl Pts',(-189.511866729842,-0.400918909816398,
-0.993358237683046));
#3009=CARTESIAN_POINT('Ctrl Pts',(-189.514008360702,-0.40489720272045,-0.990070513468627));
#3010=CARTESIAN_POINT('Ctrl Pts',(-189.517198929288,-0.410830043847468,
-0.985150080223007));
#3011=CARTESIAN_POINT('Ctrl Pts',(-189.518258805866,-0.412801891185655,
-0.983511794613549));
#3012=CARTESIAN_POINT('Ctrl Pts',(-189.520371266454,-0.416734084795761,
-0.9802389913875));
#3013=CARTESIAN_POINT('Ctrl Pts',(-189.520895566442,-0.417710016034671,
-0.979426716132221));
#3014=CARTESIAN_POINT('Ctrl Pts',(-189.623414980074,-0.608746745692992,
-0.819861404328304));
#3015=CARTESIAN_POINT('Ctrl Pts',(-189.715930301773,-0.79850409251489,-0.634736908900679));
#3016=CARTESIAN_POINT('Ctrl Pts',(-189.884107204798,-1.16085152508113,-0.200075566672243));
#3017=CARTESIAN_POINT('Ctrl Pts',(-189.959768786125,-1.33342292224323,0.0495811014611421));
#3018=CARTESIAN_POINT('Ctrl Pts',(-190.161472919548,-1.78558820952409,0.899162167303614));
#3019=CARTESIAN_POINT('Ctrl Pts',(-190.261946206364,-2.00000000000002,1.60352785293604));
#3020=CARTESIAN_POINT('Ctrl Pts',(-190.329289321881,-2.00000000000001,2.40000000000008));
#3021=CARTESIAN_POINT('Ctrl Pts',(-188.,2.39999999999999,5.55111512312578E-14));
#3022=CARTESIAN_POINT('Ctrl Pts',(-188.37398499598,2.0203402723953,5.56041410452931E-14));
#3023=CARTESIAN_POINT('Ctrl Pts',(-188.686713083084,1.69682656133257,0.088501427263182));
#3024=CARTESIAN_POINT('Ctrl Pts',(-189.067331280131,1.3140352253714,0.255227251567514));
#3025=CARTESIAN_POINT('Ctrl Pts',(-189.179268833007,1.20290517279666,0.316740767017231));
#3026=CARTESIAN_POINT('Ctrl Pts',(-189.324772393109,1.05880084232599,0.408910829787973));
#3027=CARTESIAN_POINT('Ctrl Pts',(-189.369539784941,1.01451073740077,0.439644508511817));
#3028=CARTESIAN_POINT('Ctrl Pts',(-189.431090180386,0.953303885303711,0.484872356951384));
#3029=CARTESIAN_POINT('Ctrl Pts',(-189.450673530151,0.933772432905947,0.499804477631349));
#3030=CARTESIAN_POINT('Ctrl Pts',(-189.478648381722,0.905729462526367,0.521890009538249));
#3031=CARTESIAN_POINT('Ctrl Pts',(-189.487739970067,0.896590824623125,0.529199840953609));
#3032=CARTESIAN_POINT('Ctrl Pts',(-189.501027309315,0.88318979143364,0.540075300687526));
#3033=CARTESIAN_POINT('Ctrl Pts',(-189.505398081853,0.878773933850751,0.543685578479551));
#3034=CARTESIAN_POINT('Ctrl Pts',(-189.511866729842,0.872226049191049,0.549077324900182));
#3035=CARTESIAN_POINT('Ctrl Pts',(-189.514008360702,0.870056071243385,0.550870629017138));
#3036=CARTESIAN_POINT('Ctrl Pts',(-189.517198929288,0.866819976083193,0.553554501696567));
#3037=CARTESIAN_POINT('Ctrl Pts',(-189.518258805866,0.865744422989636,0.554448112028999));
#3038=CARTESIAN_POINT('Ctrl Pts',(-189.520371266454,0.863599590111397,0.556233277425025));
#3039=CARTESIAN_POINT('Ctrl Pts',(-189.520895566442,0.863067263981082,0.556676336655177));
#3040=CARTESIAN_POINT('Ctrl Pts',(-189.623414980074,0.75886541144018,0.643711961275496));
#3041=CARTESIAN_POINT('Ctrl Pts',(-189.715930301773,0.655361404082781,0.744688958781473));
#3042=CARTESIAN_POINT('Ctrl Pts',(-189.884107204798,0.45771734995574,0.981776963633347));
#3043=CARTESIAN_POINT('Ctrl Pts',(-189.959768786125,0.36358749695823,1.11795332806974));
#3044=CARTESIAN_POINT('Ctrl Pts',(-190.161472919548,0.116951885714126,1.58136118216563));
#3045=CARTESIAN_POINT('Ctrl Pts',(-190.261950964406,-1.70920950214565E-14,
1.96559134181242));
#3046=CARTESIAN_POINT('Ctrl Pts',(-190.329289321881,-1.43114686768087E-14,
2.40000000000007));
#3047=CARTESIAN_POINT('Ctrl Pts',(-188.,2.39999999999999,-1.99999999999994));
#3048=CARTESIAN_POINT('Ctrl Pts',(-188.374385980175,1.70321087361752,-1.99999999999994));
#3049=CARTESIAN_POINT('Ctrl Pts',(-188.686713083084,1.1108486957764,-1.83774738335088));
#3050=CARTESIAN_POINT('Ctrl Pts',(-189.067331280131,0.409064579847581,-1.53208337212627));
#3051=CARTESIAN_POINT('Ctrl Pts',(-189.179268833007,0.205326150127227,-1.41930859380179));
#3052=CARTESIAN_POINT('Ctrl Pts',(-189.324772393109,-0.0588651224023485,
-1.25033014538876));
#3053=CARTESIAN_POINT('Ctrl Pts',(-189.369539784941,-0.140063648098584,
-1.19398506772838));
#3054=CARTESIAN_POINT('Ctrl Pts',(-189.431090180386,-0.252276210276518,
-1.11106734558918));
#3055=CARTESIAN_POINT('Ctrl Pts',(-189.450673530151,-0.288083873005753,
-1.08369179100924));
#3056=CARTESIAN_POINT('Ctrl Pts',(-189.478648381722,-0.339495985368315,
-1.04320164917992));
#3057=CARTESIAN_POINT('Ctrl Pts',(-189.487739970067,-0.356250154857592,
-1.0298002915851));
#3058=CARTESIAN_POINT('Ctrl Pts',(-189.501027309315,-0.380818715704981,
-1.00986194873958));
#3059=CARTESIAN_POINT('Ctrl Pts',(-189.505398081853,-0.388914454606945,
-1.00324310612087));
#3060=CARTESIAN_POINT('Ctrl Pts',(-189.511866729842,-0.400918909816398,
-0.993358237683046));
#3061=CARTESIAN_POINT('Ctrl Pts',(-189.515079176132,-0.406886349172475,
-0.988426651361418));
#3062=CARTESIAN_POINT('Ctrl Pts',(-189.518258805866,-0.412801891185655,
-0.983511794613549));
#3063=CARTESIAN_POINT('Ctrl Pts',(-189.520371266454,-0.416734084795761,
-0.9802389913875));
#3064=CARTESIAN_POINT('Ctrl Pts',(-189.520895566442,-0.417710016034671,
-0.979426716132221));
#3065=CARTESIAN_POINT('Ctrl Pts',(-189.623414980074,-0.608746745692992,
-0.819861404328304));
#3066=CARTESIAN_POINT('Ctrl Pts',(-189.715930301773,-0.79850409251489,-0.634736908900679));
#3067=CARTESIAN_POINT('Ctrl Pts',(-189.884107204798,-1.16085152508113,-0.200075566672243));
#3068=CARTESIAN_POINT('Ctrl Pts',(-189.959768786125,-1.33342292224323,0.0495811014611421));
#3069=CARTESIAN_POINT('Ctrl Pts',(-190.161472919548,-1.78558820952409,0.899162167303614));
#3070=CARTESIAN_POINT('Ctrl Pts',(-190.261946206364,-2.00000000000002,1.60352785293604));
#3071=CARTESIAN_POINT('Ctrl Pts',(-190.329289321881,-2.,2.40000000000005));
#3072=CARTESIAN_POINT('',(-190.329289321881,3.42607886505419E-14,2.40000000000008));
#3073=CARTESIAN_POINT('',(-190.329289321881,-2.,2.40000000000005));
#3074=CARTESIAN_POINT('Ctrl Pts',(-188.,2.39999999999997,5.55111512312578E-14));
#3075=CARTESIAN_POINT('Ctrl Pts',(-188.110635706363,2.28768554195351,5.63277083779083E-14));
#3076=CARTESIAN_POINT('Ctrl Pts',(-188.216041786175,2.18015093245982,0.00774940519706347));
#3077=CARTESIAN_POINT('Ctrl Pts',(-188.316190931253,2.07779825236316,0.0215731524739886));
#3078=CARTESIAN_POINT('Ctrl Pts',(-188.421405371125,1.9702688281489,0.0360960705232997));
#3079=CARTESIAN_POINT('Ctrl Pts',(-188.520817486128,1.86845923121353,0.057322252105807));
#3080=CARTESIAN_POINT('Ctrl Pts',(-188.614423177143,1.77281200139897,0.0832626490618649));
#3081=CARTESIAN_POINT('Ctrl Pts',(-188.712898927347,1.67218849647312,0.110552656999859));
#3082=CARTESIAN_POINT('Ctrl Pts',(-188.8049481432,1.57838589229516,0.143058548320358));
#3083=CARTESIAN_POINT('Ctrl Pts',(-188.890598891636,1.49188521235631,0.178435131751787));
#3084=CARTESIAN_POINT('Ctrl Pts',(-188.90746671259,1.47485000824832,0.185402098020998));
#3085=CARTESIAN_POINT('Ctrl Pts',(-188.924086476411,1.45809788504234,0.192480361999596));
#3086=CARTESIAN_POINT('Ctrl Pts',(-188.940458547782,1.44163233735845,0.199651976799406));
#3087=CARTESIAN_POINT('Ctrl Pts',(-189.067331280131,1.31403522537139,0.255227251567517));
#3088=CARTESIAN_POINT('Ctrl Pts',(-189.179268833007,1.20290517279663,0.316740767017252));
#3089=CARTESIAN_POINT('Ctrl Pts',(-189.276271206408,1.10683561914954,0.378187475531062));
#3090=CARTESIAN_POINT('Ctrl Pts',(-189.324772393109,1.05880084232599,0.408910829787971));
#3091=CARTESIAN_POINT('Ctrl Pts',(-189.369539784941,1.01451073740077,0.439644508511814));
#3092=CARTESIAN_POINT('Ctrl Pts',(-189.410573381904,0.973706169336072,0.469796407471522));
#3093=CARTESIAN_POINT('Ctrl Pts',(-189.431090173103,0.953303892546474,0.484872351599458));
#3094=CARTESIAN_POINT('Ctrl Pts',(-189.450673516121,0.933772446970037,0.499804466555029));
#3095=CARTESIAN_POINT('Ctrl Pts',(-189.469323431199,0.91507711931956,0.514528165569282));
#3096=CARTESIAN_POINT('Ctrl Pts',(-189.478648397109,0.905729447102599,0.521890021685397));
#3097=CARTESIAN_POINT('Ctrl Pts',(-189.487739970742,0.896590823942278,0.529199841506143));
#3098=CARTESIAN_POINT('Ctrl Pts',(-189.496598196232,0.887656802496802,0.536450147442887));
#3099=CARTESIAN_POINT('Ctrl Pts',(-189.501027307974,0.883189792785588,0.540075299590367));
#3100=CARTESIAN_POINT('Ctrl Pts',(-189.505398080806,0.87877393491034,0.543685577607051));
#3101=CARTESIAN_POINT('Ctrl Pts',(-189.509710513846,0.87440867741095,0.547280076093305));
#3102=CARTESIAN_POINT('Ctrl Pts',(-189.511866729762,0.872226049272078,0.549077324833461));
#3103=CARTESIAN_POINT('Ctrl Pts',(-189.514008360625,0.870056071321985,0.55087062895195));
#3104=CARTESIAN_POINT('Ctrl Pts',(-189.516135406426,0.867898674469916,0.552659877470096));
#3105=CARTESIAN_POINT('Ctrl Pts',(-189.517198929288,0.86681997608319,0.553554501696569));
#3106=CARTESIAN_POINT('Ctrl Pts',(-189.518258805866,0.865744422989634,0.554448112029));
#3107=CARTESIAN_POINT('Ctrl Pts',(-189.51931503616,0.864672006550517,0.555340694727012));
#3108=CARTESIAN_POINT('Ctrl Pts',(-189.520371266454,0.86359959011139,0.55623327742503));
#3109=CARTESIAN_POINT('Ctrl Pts',(-189.520895566442,0.863067263981072,0.556676336655186));
#3110=CARTESIAN_POINT('Ctrl Pts',(-189.52247278819,0.861464158557359,0.558015346264735));
#3111=CARTESIAN_POINT('Ctrl Pts',(-189.623414980074,0.758865411440475,0.64371196127525));
#3112=CARTESIAN_POINT('Ctrl Pts',(-189.715930301773,0.655361404082972,0.744688958781243));
#3113=CARTESIAN_POINT('Ctrl Pts',(-189.800018753286,0.55653937701926,0.86323296120741));
#3114=CARTESIAN_POINT('Ctrl Pts',(-189.884107204798,0.457717349955741,0.981776963633346));
#3115=CARTESIAN_POINT('Ctrl Pts',(-189.959768786125,0.36358749695815,1.11795332806989));
#3116=CARTESIAN_POINT('Ctrl Pts',(-190.027003497266,0.281375626543532,1.27242261276836));
#3117=CARTESIAN_POINT('Ctrl Pts',(-190.063249944917,0.237054944463186,1.35569749781565));
#3118=CARTESIAN_POINT('Ctrl Pts',(-190.097066314767,0.196134507074326,1.44454116804504));
#3119=CARTESIAN_POINT('Ctrl Pts',(-190.128428277588,0.160032198987108,1.53840045996046));
#3120=CARTESIAN_POINT('Ctrl Pts',(-190.158590567682,0.125310893571398,1.62866940157008));
#3121=CARTESIAN_POINT('Ctrl Pts',(-190.186482754984,0.0950474348791114,
1.72357683952151));
#3122=CARTESIAN_POINT('Ctrl Pts',(-190.212098989219,0.0704756006871334,
1.82259751428801));
#3123=CARTESIAN_POINT('Ctrl Pts',(-190.235873335215,0.0476705590681185,
1.91449828944178));
#3124=CARTESIAN_POINT('Ctrl Pts',(-190.257687424644,0.0297686576712124,
2.00994142036526));
#3125=CARTESIAN_POINT('Ctrl Pts',(-190.277548310083,0.0177197017966404,
2.10848763481451));
#3126=CARTESIAN_POINT('Ctrl Pts',(-190.296584308933,0.00617117789602488,
2.20294090734115));
#3127=CARTESIAN_POINT('Ctrl Pts',(-190.313826063281,-1.4822725858267E-14,
2.30024447177623));
#3128=CARTESIAN_POINT('Ctrl Pts',(-190.329289321881,-1.4210854715202E-14,
2.40000000000007));
#3129=CARTESIAN_POINT('Origin',(-380.699985335965,2.39999999999999,2.40000000000006));
#3130=CARTESIAN_POINT('',(188.,3.42607886505419E-14,2.40000000000002));
#3131=CARTESIAN_POINT('Origin',(-380.699985335965,2.39999999999999,2.40000000000006));
#3132=CARTESIAN_POINT('Origin',(188.,-1.99999999999997,18.));
#3133=CARTESIAN_POINT('',(190.329289321882,3.3305564147207E-14,18.));
#3134=CARTESIAN_POINT('',(-190.329289321881,5.54998853157809E-15,18.0000000000001));
#3135=CARTESIAN_POINT('',(188.,3.3305564147207E-14,18.));
#3136=CARTESIAN_POINT('',(-190.329289321881,-2.,18.0000000000001));
#3137=CARTESIAN_POINT('',(190.329289321882,-1.99999999999997,18.));
#3138=CARTESIAN_POINT('Origin',(188.,3.44077462664396E-14,3.72965547335014E-14));
#3139=CARTESIAN_POINT('',(-190.329289321881,6.50521303491303E-15,2.40000000000005));
#3140=CARTESIAN_POINT('',(190.329289321882,6.50521303491303E-15,2.40000000000003));
#3141=CARTESIAN_POINT('',(-182.15,3.33934269125535E-14,11.8499999999997));
#3142=CARTESIAN_POINT('',(-182.15,3.44077462664396E-14,3.72965547335014E-14));
#3143=CARTESIAN_POINT('',(-177.85,3.29565398094501E-14,11.8499999999997));
#3144=CARTESIAN_POINT('',(-177.85,3.44077462664396E-14,3.72965547335014E-14));
#3145=CARTESIAN_POINT('Origin',(-180.,3.29597460435593E-14,11.8499999999997));
#3146=CARTESIAN_POINT('',(182.15,3.25260651745651E-14,11.8499999999996));
#3147=CARTESIAN_POINT('',(182.15,3.44077462664396E-14,3.72965547335014E-14));
#3148=CARTESIAN_POINT('',(177.85,3.33934269125535E-14,11.8499999999996));
#3149=CARTESIAN_POINT('Origin',(180.,3.29597460435593E-14,11.8499999999996));
#3150=CARTESIAN_POINT('',(177.85,3.44077462664396E-14,3.72965547335014E-14));
#3151=CARTESIAN_POINT('',(-87.85,3.25260651745651E-14,11.8499999999997));
#3152=CARTESIAN_POINT('',(-87.85,3.44077462664396E-14,3.72965547335014E-14));
#3153=CARTESIAN_POINT('',(-92.15,3.29597460435593E-14,11.8499999999997));
#3154=CARTESIAN_POINT('Origin',(-90.,3.29597460435593E-14,11.8499999999997));
#3155=CARTESIAN_POINT('',(-92.1499999999999,3.44077462664396E-14,3.72965547335014E-14));
#3156=CARTESIAN_POINT('',(2.15000000000013,3.25260651745651E-14,11.8499999999997));
#3157=CARTESIAN_POINT('',(2.15000000000012,3.44077462664396E-14,3.72965547335014E-14));
#3158=CARTESIAN_POINT('',(-2.14999999999985,3.33934269125535E-14,11.8499999999997));
#3159=CARTESIAN_POINT('Origin',(1.38777878078145E-13,3.29597460435593E-14,
11.8499999999997));
#3160=CARTESIAN_POINT('',(-2.14999999999985,3.44077462664396E-14,3.72965547335014E-14));
#3161=CARTESIAN_POINT('',(92.15,3.25260651745651E-14,11.8499999999997));
#3162=CARTESIAN_POINT('',(92.15,3.44077462664396E-14,3.72965547335014E-14));
#3163=CARTESIAN_POINT('',(87.85,3.29597460435593E-14,11.8499999999997));
#3164=CARTESIAN_POINT('Origin',(90.,3.29597460435593E-14,11.8499999999997));
#3165=CARTESIAN_POINT('',(87.85,3.44077462664396E-14,3.72965547335014E-14));
#3166=CARTESIAN_POINT('Origin',(-190.329289321881,-2.,2.40000000000005));
#3167=CARTESIAN_POINT('Origin',(190.329289321882,-2.,2.40000000000003));
#3168=CARTESIAN_POINT('Origin',(180.,163.,8.14999999999966));
#3169=CARTESIAN_POINT('',(182.15,158.,8.14999999999966));
#3170=CARTESIAN_POINT('',(177.85,163.,8.14999999999966));
#3171=CARTESIAN_POINT('Origin',(177.85,163.,11.8499999999997));
#3172=CARTESIAN_POINT('Origin',(182.15,158.,11.8499999999997));
#3173=CARTESIAN_POINT('Origin',(-180.,163.,8.14999999999971));
#3174=CARTESIAN_POINT('',(-177.85,158.,8.14999999999971));
#3175=CARTESIAN_POINT('',(-182.15,163.,8.14999999999971));
#3176=CARTESIAN_POINT('Origin',(-182.15,163.,11.8499999999997));
#3177=CARTESIAN_POINT('Origin',(-177.85,158.,11.8499999999997));
#3178=CARTESIAN_POINT('Origin',(90.,-1.99999999999997,11.8499999999997));
#3179=CARTESIAN_POINT('',(92.15,3.00000000000004,11.8499999999997));
#3180=CARTESIAN_POINT('',(87.85,-1.99999999999997,11.8499999999997));
#3181=CARTESIAN_POINT('Origin',(92.15,3.00000000000004,11.8499999999997));
#3182=CARTESIAN_POINT('Origin',(87.85,-1.99999999999997,11.8499999999997));
#3183=CARTESIAN_POINT('Origin',(1.38777878078145E-13,-1.99999999999997,
11.8499999999997));
#3184=CARTESIAN_POINT('',(2.15000000000013,3.00000000000004,11.8499999999997));
#3185=CARTESIAN_POINT('',(-2.14999999999985,-1.99999999999997,11.8499999999997));
#3186=CARTESIAN_POINT('Origin',(2.15000000000013,3.00000000000004,11.8499999999997));
#3187=CARTESIAN_POINT('Origin',(-2.14999999999985,-1.99999999999997,11.8499999999997));
#3188=CARTESIAN_POINT('Origin',(-90.,-1.99999999999997,11.8499999999997));
#3189=CARTESIAN_POINT('',(-87.85,3.00000000000004,11.8499999999997));
#3190=CARTESIAN_POINT('',(-92.15,-1.99999999999997,11.8499999999997));
#3191=CARTESIAN_POINT('Origin',(-87.85,3.00000000000004,11.8499999999997));
#3192=CARTESIAN_POINT('Origin',(-92.15,-1.99999999999997,11.8499999999997));
#3193=CARTESIAN_POINT('Origin',(180.,-1.99999999999997,11.8499999999996));
#3194=CARTESIAN_POINT('',(182.15,3.00000000000004,11.8499999999996));
#3195=CARTESIAN_POINT('',(177.85,-1.99999999999997,11.8499999999996));
#3196=CARTESIAN_POINT('Origin',(182.15,3.00000000000004,11.8499999999996));
#3197=CARTESIAN_POINT('Origin',(177.85,-1.99999999999997,11.8499999999996));
#3198=CARTESIAN_POINT('Origin',(-180.,-1.99999999999997,11.8499999999997));
#3199=CARTESIAN_POINT('',(-177.85,3.00000000000004,11.8499999999997));
#3200=CARTESIAN_POINT('',(-182.15,-1.99999999999997,11.8499999999997));
#3201=CARTESIAN_POINT('Origin',(-177.85,3.00000000000004,11.8499999999997));
#3202=CARTESIAN_POINT('Origin',(-182.15,-1.99999999999997,11.8499999999997));
#3203=UNCERTAINTY_MEASURE_WITH_UNIT(LENGTH_MEASURE(0.01),#3207,
'DISTANCE_ACCURACY_VALUE',
'Maximum model space distance between geometric entities at asserted c
onnectivities');
#3204=UNCERTAINTY_MEASURE_WITH_UNIT(LENGTH_MEASURE(0.01),#3207,
'DISTANCE_ACCURACY_VALUE',
'Maximum model space distance between geometric entities at asserted c
onnectivities');
#3205=(
GEOMETRIC_REPRESENTATION_CONTEXT(3)
GLOBAL_UNCERTAINTY_ASSIGNED_CONTEXT((#3203))
GLOBAL_UNIT_ASSIGNED_CONTEXT((#3207,#3209,#3210))
REPRESENTATION_CONTEXT('','3D')
);
#3206=(
GEOMETRIC_REPRESENTATION_CONTEXT(3)
GLOBAL_UNCERTAINTY_ASSIGNED_CONTEXT((#3204))
GLOBAL_UNIT_ASSIGNED_CONTEXT((#3207,#3209,#3210))
REPRESENTATION_CONTEXT('','3D')
);
#3207=(
LENGTH_UNIT()
NAMED_UNIT(*)
SI_UNIT(.MILLI.,.METRE.)
);
#3208=(
LENGTH_UNIT()
NAMED_UNIT(*)
SI_UNIT($,.METRE.)
);
#3209=(
NAMED_UNIT(*)
PLANE_ANGLE_UNIT()
SI_UNIT($,.RADIAN.)
);
#3210=(
NAMED_UNIT(*)
SI_UNIT($,.STERADIAN.)
SOLID_ANGLE_UNIT()
);
#3211=SHAPE_DEFINITION_REPRESENTATION(#3212,#3213);
#3212=PRODUCT_DEFINITION_SHAPE('',$,#3215);
#3213=SHAPE_REPRESENTATION('',(#1356),#3205);
#3214=PRODUCT_DEFINITION_CONTEXT('part definition',#3219,'design');
#3215=PRODUCT_DEFINITION('MMP.00.00.00.002 Back panel','Back panel v1',
#3216,#3214);
#3216=PRODUCT_DEFINITION_FORMATION('',$,#3221);
#3217=PRODUCT_RELATED_PRODUCT_CATEGORY('Back panel v1','Back panel v1',
(#3221));
#3218=APPLICATION_PROTOCOL_DEFINITION('international standard',
'automotive_design',2009,#3219);
#3219=APPLICATION_CONTEXT(
'Core Data for Automotive Mechanical Design Process');
#3220=PRODUCT_CONTEXT('part definition',#3219,'mechanical');
#3221=PRODUCT('MMP.00.00.00.002 Back panel','Back panel v1',
'STEP AP203',(#3220));
#3222=PRESENTATION_STYLE_ASSIGNMENT((#3223));
#3223=SURFACE_STYLE_USAGE(.BOTH.,#3224);
#3224=SURFACE_SIDE_STYLE('',(#3225));
#3225=SURFACE_STYLE_FILL_AREA(#3226);
#3226=FILL_AREA_STYLE('Steel - Satin',(#3227));
#3227=FILL_AREA_STYLE_COLOUR('Steel - Satin',#3228);
#3228=COLOUR_RGB('Steel - Satin',0.627450980392157,0.627450980392157,0.627450980392157);
ENDSEC;
END-ISO-10303-21;
