ISO-10303-21;
HEADER;
/* Generated by software containing ST-Developer
 * from STEP Tools, Inc. (www.steptools.com) 
 */

FILE_DESCRIPTION(
/* description */ ('STEP AP203'),
/* implementation_level */ '2;1');

FILE_NAME(
/* name */ 'Base.step',
/* time_stamp */ '2026-07-23T10:29:06+08:00',
/* author */ (''),
/* organization */ (''),
/* preprocessor_version */ 'ST-DEVELOPER v20.1',
/* originating_system */ 'Autodesk Translation Framework v15.8.0.0',
/* authorisation */ '');

FILE_SCHEMA (('AUTOMOTIVE_DESIGN { 1 0 10303 214 3 1 1 }'));
ENDSEC;

DATA;
#10=MECHANICAL_DESIGN_GEOMETRIC_PRESENTATION_REPRESENTATION('',(#13),#10613);
#11=SHAPE_REPRESENTATION_RELATIONSHIP('SRR','None',#10620,#12);
#12=ADVANCED_BREP_SHAPE_REPRESENTATION('',(#14),#10612);
#13=STYLED_ITEM('',(#10629),#14);
#14=MANIFOLD_SOLID_BREP('Body1',#5065);
#15=B_SPLINE_SURFACE_WITH_KNOTS('',1,3,((#8220,#8221,#8222,#8223,#8224,
#8225,#8226,#8227,#8228,#8229),(#8230,#8231,#8232,#8233,#8234,#8235,#8236,
#8237,#8238,#8239),(#8240,#8241,#8242,#8243,#8244,#8245,#8246,#8247,#8248,
#8249),(#8250,#8251,#8252,#8253,#8254,#8255,#8256,#8257,#8258,#8259)),
 .UNSPECIFIED.,.F.,.F.,.F.,(2,1,1,2),(4,2,2,2,4),(-0.01,0.,1.,1.0101),(-0.0008586033381487,
0.25,0.5,0.75,1.00085860333815),.UNSPECIFIED.);
#16=B_SPLINE_SURFACE_WITH_KNOTS('',1,3,((#8362,#8363,#8364,#8365,#8366,
#8367,#8368,#8369,#8370,#8371),(#8372,#8373,#8374,#8375,#8376,#8377,#8378,
#8379,#8380,#8381),(#8382,#8383,#8384,#8385,#8386,#8387,#8388,#8389,#8390,
#8391),(#8392,#8393,#8394,#8395,#8396,#8397,#8398,#8399,#8400,#8401)),
 .UNSPECIFIED.,.F.,.F.,.F.,(2,1,1,2),(4,2,2,2,4),(-0.01,0.,1.,1.0101),(-0.0008586033381611,
0.25,0.5,0.75,1.00085860333816),.UNSPECIFIED.);
#17=B_SPLINE_SURFACE_WITH_KNOTS('',1,3,((#8525,#8526,#8527,#8528,#8529,
#8530,#8531,#8532,#8533,#8534),(#8535,#8536,#8537,#8538,#8539,#8540,#8541,
#8542,#8543,#8544),(#8545,#8546,#8547,#8548,#8549,#8550,#8551,#8552,#8553,
#8554),(#8555,#8556,#8557,#8558,#8559,#8560,#8561,#8562,#8563,#8564)),
 .UNSPECIFIED.,.F.,.F.,.F.,(2,1,1,2),(4,2,2,2,4),(-0.01,0.,1.,1.0101),(-0.000858603338151413,
0.25,0.5,0.75,1.00085860333816),.UNSPECIFIED.);
#18=B_SPLINE_SURFACE_WITH_KNOTS('',1,3,((#8667,#8668,#8669,#8670,#8671,
#8672,#8673,#8674,#8675,#8676),(#8677,#8678,#8679,#8680,#8681,#8682,#8683,
#8684,#8685,#8686),(#8687,#8688,#8689,#8690,#8691,#8692,#8693,#8694,#8695,
#8696),(#8697,#8698,#8699,#8700,#8701,#8702,#8703,#8704,#8705,#8706)),
 .UNSPECIFIED.,.F.,.F.,.F.,(2,1,1,2),(4,2,2,2,4),(-0.01,0.,1.,1.0101),(-0.000858603338160045,
0.25,0.5,0.75,1.00085860333816),.UNSPECIFIED.);
#19=B_SPLINE_SURFACE_WITH_KNOTS('',1,3,((#8830,#8831,#8832,#8833,#8834,
#8835,#8836,#8837,#8838,#8839),(#8840,#8841,#8842,#8843,#8844,#8845,#8846,
#8847,#8848,#8849),(#8850,#8851,#8852,#8853,#8854,#8855,#8856,#8857,#8858,
#8859),(#8860,#8861,#8862,#8863,#8864,#8865,#8866,#8867,#8868,#8869)),
 .UNSPECIFIED.,.F.,.F.,.F.,(2,1,1,2),(4,2,2,2,4),(-0.01,0.,1.,1.0101),(-0.000858603338175041,
0.25,0.5,0.75,1.00085860333819),.UNSPECIFIED.);
#20=B_SPLINE_SURFACE_WITH_KNOTS('',1,3,((#8972,#8973,#8974,#8975,#8976,
#8977,#8978,#8979,#8980,#8981),(#8982,#8983,#8984,#8985,#8986,#8987,#8988,
#8989,#8990,#8991),(#8992,#8993,#8994,#8995,#8996,#8997,#8998,#8999,#9000,
#9001),(#9002,#9003,#9004,#9005,#9006,#9007,#9008,#9009,#9010,#9011)),
 .UNSPECIFIED.,.F.,.F.,.F.,(2,1,1,2),(4,2,2,2,4),(-0.01,0.,1.,1.0101),(-0.000858603338169752,
0.25,0.5,0.75,1.00085860333817),.UNSPECIFIED.);
#21=B_SPLINE_SURFACE_WITH_KNOTS('',1,3,((#9032,#9033,#9034,#9035,#9036,
#9037,#9038,#9039,#9040,#9041),(#9042,#9043,#9044,#9045,#9046,#9047,#9048,
#9049,#9050,#9051),(#9052,#9053,#9054,#9055,#9056,#9057,#9058,#9059,#9060,
#9061),(#9062,#9063,#9064,#9065,#9066,#9067,#9068,#9069,#9070,#9071)),
 .UNSPECIFIED.,.F.,.F.,.F.,(2,1,1,2),(4,2,2,2,4),(-0.01,0.,1.,1.0101),(-0.000858603338180349,
0.25,0.5,0.75,1.0008586033382),.UNSPECIFIED.);
#22=B_SPLINE_SURFACE_WITH_KNOTS('',1,3,((#9174,#9175,#9176,#9177,#9178,
#9179,#9180,#9181,#9182,#9183),(#9184,#9185,#9186,#9187,#9188,#9189,#9190,
#9191,#9192,#9193),(#9194,#9195,#9196,#9197,#9198,#9199,#9200,#9201,#9202,
#9203),(#9204,#9205,#9206,#9207,#9208,#9209,#9210,#9211,#9212,#9213)),
 .UNSPECIFIED.,.F.,.F.,.F.,(2,1,1,2),(4,2,2,2,4),(-0.01,0.,1.,1.0101),(-0.000858603338144901,
0.25,0.5,0.75,1.00085860333814),.UNSPECIFIED.);
#23=B_SPLINE_SURFACE_WITH_KNOTS('',1,3,((#9234,#9235,#9236,#9237,#9238,
#9239,#9240,#9241,#9242,#9243),(#9244,#9245,#9246,#9247,#9248,#9249,#9250,
#9251,#9252,#9253),(#9254,#9255,#9256,#9257,#9258,#9259,#9260,#9261,#9262,
#9263),(#9264,#9265,#9266,#9267,#9268,#9269,#9270,#9271,#9272,#9273)),
 .UNSPECIFIED.,.F.,.F.,.F.,(2,1,1,2),(4,2,2,2,4),(-0.01,0.,1.,1.0101),(-0.000858603338185142,
0.25,0.5,0.75,1.00085860333819),.UNSPECIFIED.);
#24=B_SPLINE_SURFACE_WITH_KNOTS('',1,3,((#9375,#9376,#9377,#9378,#9379,
#9380,#9381,#9382,#9383,#9384),(#9385,#9386,#9387,#9388,#9389,#9390,#9391,
#9392,#9393,#9394),(#9395,#9396,#9397,#9398,#9399,#9400,#9401,#9402,#9403,
#9404),(#9405,#9406,#9407,#9408,#9409,#9410,#9411,#9412,#9413,#9414)),
 .UNSPECIFIED.,.F.,.F.,.F.,(2,1,1,2),(4,2,2,2,4),(-0.01,0.,1.,1.0101),(-0.000858603338152919,
0.25,0.5,0.75,1.00085860333815),.UNSPECIFIED.);
#25=B_SPLINE_SURFACE_WITH_KNOTS('',1,3,((#9537,#9538,#9539,#9540,#9541,
#9542,#9543,#9544,#9545,#9546),(#9547,#9548,#9549,#9550,#9551,#9552,#9553,
#9554,#9555,#9556),(#9557,#9558,#9559,#9560,#9561,#9562,#9563,#9564,#9565,
#9566),(#9567,#9568,#9569,#9570,#9571,#9572,#9573,#9574,#9575,#9576)),
 .UNSPECIFIED.,.F.,.F.,.F.,(2,1,1,2),(4,2,2,2,4),(-0.01,0.,1.,1.0101),(-0.000858603338150877,
0.25,0.5,0.75,1.00085860333815),.UNSPECIFIED.);
#26=B_SPLINE_SURFACE_WITH_KNOTS('',1,3,((#9678,#9679,#9680,#9681,#9682,
#9683,#9684,#9685,#9686,#9687),(#9688,#9689,#9690,#9691,#9692,#9693,#9694,
#9695,#9696,#9697),(#9698,#9699,#9700,#9701,#9702,#9703,#9704,#9705,#9706,
#9707),(#9708,#9709,#9710,#9711,#9712,#9713,#9714,#9715,#9716,#9717)),
 .UNSPECIFIED.,.F.,.F.,.F.,(2,1,1,2),(4,2,2,2,4),(-0.01,0.,1.,1.0101),(-0.000858603338170614,
0.25,0.5,0.75,1.00085860333817),.UNSPECIFIED.);
#27=B_SPLINE_SURFACE_WITH_KNOTS('',1,3,((#9840,#9841,#9842,#9843,#9844,
#9845,#9846,#9847,#9848,#9849),(#9850,#9851,#9852,#9853,#9854,#9855,#9856,
#9857,#9858,#9859),(#9860,#9861,#9862,#9863,#9864,#9865,#9866,#9867,#9868,
#9869),(#9870,#9871,#9872,#9873,#9874,#9875,#9876,#9877,#9878,#9879)),
 .UNSPECIFIED.,.F.,.F.,.F.,(2,1,1,2),(4,2,2,2,4),(-0.01,0.,1.,1.0101),(-0.000858603338162839,
0.25,0.5,0.75,1.00085860333816),.UNSPECIFIED.);
#28=B_SPLINE_SURFACE_WITH_KNOTS('',1,3,((#9981,#9982,#9983,#9984,#9985,
#9986,#9987,#9988,#9989,#9990),(#9991,#9992,#9993,#9994,#9995,#9996,#9997,
#9998,#9999,#10000),(#10001,#10002,#10003,#10004,#10005,#10006,#10007,#10008,
#10009,#10010),(#10011,#10012,#10013,#10014,#10015,#10016,#10017,#10018,
#10019,#10020)),.UNSPECIFIED.,.F.,.F.,.F.,(2,1,1,2),(4,2,2,2,4),(-0.01,
0.,1.,1.0101),(-0.000858603338179406,0.25,0.5,0.75,1.00085860333817),
 .UNSPECIFIED.);
#29=B_SPLINE_SURFACE_WITH_KNOTS('',1,3,((#10143,#10144,#10145,#10146,#10147,
#10148,#10149,#10150,#10151,#10152),(#10153,#10154,#10155,#10156,#10157,
#10158,#10159,#10160,#10161,#10162),(#10163,#10164,#10165,#10166,#10167,
#10168,#10169,#10170,#10171,#10172),(#10173,#10174,#10175,#10176,#10177,
#10178,#10179,#10180,#10181,#10182)),.UNSPECIFIED.,.F.,.F.,.F.,(2,1,1,2),
(4,2,2,2,4),(-0.01,0.,1.,1.0101),(-0.000858603338171136,0.25,0.5,0.75,1.00085860333818),
 .UNSPECIFIED.);
#30=B_SPLINE_SURFACE_WITH_KNOTS('',1,3,((#10284,#10285,#10286,#10287,#10288,
#10289,#10290,#10291,#10292,#10293),(#10294,#10295,#10296,#10297,#10298,
#10299,#10300,#10301,#10302,#10303),(#10304,#10305,#10306,#10307,#10308,
#10309,#10310,#10311,#10312,#10313),(#10314,#10315,#10316,#10317,#10318,
#10319,#10320,#10321,#10322,#10323)),.UNSPECIFIED.,.F.,.F.,.F.,(2,1,1,2),
(4,2,2,2,4),(-0.01,0.,1.,1.0101),(-0.000858603338181637,0.25,0.5,0.75,1.00085860333818),
 .UNSPECIFIED.);
#31=B_SPLINE_CURVE_WITH_KNOTS('',3,(#7969,#7970,#7971,#7972,#7973,#7974,
#7975,#7976,#7977,#7978,#7979,#7980,#7981,#7982,#7983,#7984,#7985,#7986,
#7987,#7988,#7989,#7990,#7991,#7992,#7993,#7994,#7995,#7996,#7997,#7998,
#7999,#8000,#8001,#8002,#8003,#8004,#8005,#8006,#8007,#8008,#8009,#8010,
#8011,#8012,#8013,#8014,#8015,#8016,#8017,#8018,#8019,#8020),
 .UNSPECIFIED.,.F.,.F.,(4,3,3,3,3,3,3,3,3,3,3,3,3,3,3,3,3,4),(0.,0.0584587503960829,
0.117305078496328,0.175771284063846,0.23423608343581,0.292699573038872,
0.351161849276921,0.409623008532775,0.468083147169763,0.526542361533465,
0.585724566341782,0.644189466367795,0.70265182897975,0.761112039728412,
0.820834029796309,0.879296493884718,0.939648246942359,1.),.UNSPECIFIED.);
#32=B_SPLINE_CURVE_WITH_KNOTS('',3,(#8030,#8031,#8032,#8033,#8034,#8035,
#8036,#8037,#8038,#8039,#8040,#8041,#8042,#8043,#8044,#8045,#8046,#8047,
#8048,#8049,#8050,#8051,#8052,#8053,#8054,#8055,#8056,#8057,#8058,#8059,
#8060,#8061,#8062,#8063,#8064,#8065,#8066,#8067,#8068,#8069,#8070,#8071,
#8072,#8073,#8074,#8075),.UNSPECIFIED.,.F.,.F.,(4,3,3,3,3,3,3,3,3,3,3,3,
3,3,3,4),(0.,0.0680359392504247,0.136069723137484,0.204101503659791,0.272131432768802,
0.340159662372349,0.408186344338215,0.476211630497644,0.54424916725812,
0.612282332622494,0.680311734558471,0.74833798067513,0.81637413868489,0.884402527356956,
0.952436092517192,1.),.UNSPECIFIED.);
#33=B_SPLINE_CURVE_WITH_KNOTS('',3,(#8098,#8099,#8100,#8101,#8102,#8103,
#8104,#8105,#8106,#8107,#8108,#8109,#8110,#8111,#8112,#8113,#8114,#8115,
#8116,#8117,#8118,#8119,#8120,#8121,#8122,#8123,#8124,#8125,#8126,#8127,
#8128,#8129,#8130,#8131,#8132,#8133,#8134,#8135,#8136,#8137,#8138,#8139,
#8140,#8141,#8142,#8143,#8144,#8145,#8146,#8147,#8148,#8149),
 .UNSPECIFIED.,.F.,.F.,(4,3,3,3,3,3,3,3,3,3,3,3,3,3,3,3,3,4),(0.,0.0584587503960829,
0.117305078496328,0.175771284063846,0.23423608343581,0.292699573038872,
0.351161849276921,0.409623008532775,0.468083147169763,0.526542361533465,
0.585724566341782,0.644189466367795,0.70265182897975,0.761112039728412,
0.820834029796309,0.879296493884718,0.939648246942359,1.),.UNSPECIFIED.);
#34=B_SPLINE_CURVE_WITH_KNOTS('',3,(#8159,#8160,#8161,#8162,#8163,#8164,
#8165,#8166,#8167,#8168,#8169,#8170,#8171,#8172,#8173,#8174,#8175,#8176,
#8177,#8178,#8179,#8180,#8181,#8182,#8183,#8184,#8185,#8186,#8187,#8188,
#8189,#8190,#8191,#8192,#8193,#8194,#8195,#8196,#8197,#8198,#8199,#8200,
#8201,#8202,#8203,#8204),.UNSPECIFIED.,.F.,.F.,(4,3,3,3,3,3,3,3,3,3,3,3,
3,3,3,4),(0.,0.0680359392504237,0.136069723137481,0.204101503659783,0.272131432768792,
0.34015966237234,0.408186344338208,0.476211630497636,0.544249167258108,
0.612282332622483,0.680311734558465,0.748337980675135,0.816374138684889,
0.884402527356954,0.952436092517191,1.),.UNSPECIFIED.);
#35=B_SPLINE_CURVE_WITH_KNOTS('',3,(#8263,#8264,#8265,#8266,#8267,#8268,
#8269,#8270,#8271,#8272,#8273,#8274,#8275,#8276,#8277,#8278,#8279,#8280,
#8281,#8282,#8283,#8284,#8285,#8286,#8287,#8288,#8289,#8290,#8291,#8292,
#8293,#8294,#8295,#8296,#8297,#8298,#8299,#8300,#8301,#8302,#8303,#8304,
#8305,#8306,#8307,#8308),.UNSPECIFIED.,.F.,.F.,(4,3,3,3,3,3,3,3,3,3,3,3,
3,3,3,4),(0.,0.0680359392504244,0.136069723137486,0.204101503659792,0.272131432768802,
0.340159662372352,0.408186344338227,0.476211630497659,0.544249167258135,
0.612282332622508,0.680311734558491,0.748337980675171,0.816374138684925,
0.884402527356991,0.952436092517222,1.),.UNSPECIFIED.);
#36=B_SPLINE_CURVE_WITH_KNOTS('',3,(#8310,#8311,#8312,#8313,#8314,#8315,
#8316,#8317,#8318,#8319,#8320,#8321,#8322,#8323,#8324,#8325,#8326,#8327,
#8328,#8329,#8330,#8331,#8332,#8333,#8334,#8335,#8336,#8337,#8338,#8339,
#8340,#8341,#8342,#8343,#8344,#8345,#8346,#8347,#8348,#8349,#8350,#8351,
#8352,#8353,#8354,#8355,#8356,#8357,#8358,#8359,#8360,#8361),
 .UNSPECIFIED.,.F.,.F.,(4,3,3,3,3,3,3,3,3,3,3,3,3,3,3,3,3,4),(0.,0.0584587503960773,
0.117305078496322,0.17577128406384,0.234236083435801,0.292699573038863,
0.35116184927691,0.409623008532767,0.468083147169754,0.526542361533474,
0.58572456634179,0.644189466367795,0.702651828979739,0.761112039728396,
0.820834029796297,0.879296493884711,0.939648246942355,1.),.UNSPECIFIED.);
#37=B_SPLINE_CURVE_WITH_KNOTS('',3,(#8403,#8404,#8405,#8406,#8407,#8408,
#8409,#8410,#8411,#8412,#8413,#8414,#8415,#8416,#8417,#8418,#8419,#8420,
#8421,#8422,#8423,#8424,#8425,#8426,#8427,#8428,#8429,#8430,#8431,#8432,
#8433,#8434,#8435,#8436,#8437,#8438,#8439,#8440,#8441,#8442,#8443,#8444,
#8445,#8446,#8447,#8448),.UNSPECIFIED.,.F.,.F.,(4,3,3,3,3,3,3,3,3,3,3,3,
3,3,3,4),(0.,0.0680359392504237,0.136069723137482,0.204101503659784,0.272131432768786,
0.340159662372335,0.408186344338211,0.476211630497661,0.544249167258132,
0.612282332622506,0.680311734558489,0.748337980675158,0.816374138684907,
0.884402527356971,0.9524360925172,1.),.UNSPECIFIED.);
#38=B_SPLINE_CURVE_WITH_KNOTS('',3,(#8451,#8452,#8453,#8454,#8455,#8456,
#8457,#8458,#8459,#8460,#8461,#8462,#8463,#8464,#8465,#8466,#8467,#8468,
#8469,#8470,#8471,#8472,#8473,#8474,#8475,#8476,#8477,#8478,#8479,#8480,
#8481,#8482,#8483,#8484,#8485,#8486,#8487,#8488,#8489,#8490,#8491,#8492,
#8493,#8494,#8495,#8496,#8497,#8498,#8499,#8500,#8501,#8502),
 .UNSPECIFIED.,.F.,.F.,(4,3,3,3,3,3,3,3,3,3,3,3,3,3,3,3,3,4),(0.,0.0584587503960828,
0.117305078496328,0.175771284063845,0.234236083435808,0.292699573038864,
0.351161849276917,0.409623008532756,0.468083147169713,0.52654236153344,
0.58572456634176,0.644189466367768,0.70265182897973,0.761112039728375,0.820834029796282,
0.879296493884689,0.939648246942344,1.),.UNSPECIFIED.);
#39=B_SPLINE_CURVE_WITH_KNOTS('',3,(#8568,#8569,#8570,#8571,#8572,#8573,
#8574,#8575,#8576,#8577,#8578,#8579,#8580,#8581,#8582,#8583,#8584,#8585,
#8586,#8587,#8588,#8589,#8590,#8591,#8592,#8593,#8594,#8595,#8596,#8597,
#8598,#8599,#8600,#8601,#8602,#8603,#8604,#8605,#8606,#8607,#8608,#8609,
#8610,#8611,#8612,#8613),.UNSPECIFIED.,.F.,.F.,(4,3,3,3,3,3,3,3,3,3,3,3,
3,3,3,4),(0.,0.0680359392504271,0.136069723137484,0.204101503659786,0.272131432768783,
0.34015966237233,0.408186344338213,0.476211630497689,0.544249167258166,
0.61228233262254,0.680311734558524,0.748337980675201,0.816374138684953,
0.88440252735702,0.952436092517256,1.),.UNSPECIFIED.);
#40=B_SPLINE_CURVE_WITH_KNOTS('',3,(#8615,#8616,#8617,#8618,#8619,#8620,
#8621,#8622,#8623,#8624,#8625,#8626,#8627,#8628,#8629,#8630,#8631,#8632,
#8633,#8634,#8635,#8636,#8637,#8638,#8639,#8640,#8641,#8642,#8643,#8644,
#8645,#8646,#8647,#8648,#8649,#8650,#8651,#8652,#8653,#8654,#8655,#8656,
#8657,#8658,#8659,#8660,#8661,#8662,#8663,#8664,#8665,#8666),
 .UNSPECIFIED.,.F.,.F.,(4,3,3,3,3,3,3,3,3,3,3,3,3,3,3,3,3,4),(0.,0.0584587503960869,
0.117305078496331,0.175771284063844,0.234236083435803,0.292699573038852,
0.351161849276894,0.409623008532722,0.468083147169758,0.526542361533497,
0.58572456634181,0.644189466367822,0.702651828979782,0.761112039728451,
0.820834029796338,0.879296493884749,0.939648246942375,1.),.UNSPECIFIED.);
#41=B_SPLINE_CURVE_WITH_KNOTS('',3,(#8708,#8709,#8710,#8711,#8712,#8713,
#8714,#8715,#8716,#8717,#8718,#8719,#8720,#8721,#8722,#8723,#8724,#8725,
#8726,#8727,#8728,#8729,#8730,#8731,#8732,#8733,#8734,#8735,#8736,#8737,
#8738,#8739,#8740,#8741,#8742,#8743,#8744,#8745,#8746,#8747,#8748,#8749,
#8750,#8751,#8752,#8753),.UNSPECIFIED.,.F.,.F.,(4,3,3,3,3,3,3,3,3,3,3,3,
3,3,3,4),(0.,0.0680359392504278,0.136069723137491,0.204101503659798,0.272131432768807,
0.340159662372371,0.408186344338241,0.476211630497687,0.544249167258161,
0.612282332622544,0.68031173455853,0.748337980675231,0.81637413868499,0.884402527357046,
0.952436092517278,1.),.UNSPECIFIED.);
#42=B_SPLINE_CURVE_WITH_KNOTS('',3,(#8756,#8757,#8758,#8759,#8760,#8761,
#8762,#8763,#8764,#8765,#8766,#8767,#8768,#8769,#8770,#8771,#8772,#8773,
#8774,#8775,#8776,#8777,#8778,#8779,#8780,#8781,#8782,#8783,#8784,#8785,
#8786,#8787,#8788,#8789,#8790,#8791,#8792,#8793,#8794,#8795,#8796,#8797,
#8798,#8799,#8800,#8801,#8802,#8803,#8804,#8805,#8806,#8807),
 .UNSPECIFIED.,.F.,.F.,(4,3,3,3,3,3,3,3,3,3,3,3,3,3,3,3,3,4),(0.,0.0584587503960808,
0.117305078496326,0.175771284063846,0.234236083435807,0.292699573038875,
0.351161849276924,0.409623008532776,0.468083147169757,0.526542361533484,
0.585724566341798,0.644189466367808,0.702651828979771,0.761112039728448,
0.820834029796336,0.879296493884744,0.939648246942372,1.),.UNSPECIFIED.);
#43=B_SPLINE_CURVE_WITH_KNOTS('',3,(#8873,#8874,#8875,#8876,#8877,#8878,
#8879,#8880,#8881,#8882,#8883,#8884,#8885,#8886,#8887,#8888,#8889,#8890,
#8891,#8892,#8893,#8894,#8895,#8896,#8897,#8898,#8899,#8900,#8901,#8902,
#8903,#8904,#8905,#8906,#8907,#8908,#8909,#8910,#8911,#8912,#8913,#8914,
#8915,#8916,#8917,#8918),.UNSPECIFIED.,.F.,.F.,(4,3,3,3,3,3,3,3,3,3,3,3,
3,3,3,4),(0.,0.0680359392504271,0.136069723137484,0.204101503659789,0.27213143276879,
0.340159662372342,0.408186344338219,0.47621163049767,0.54424916725814,0.612282332622517,
0.680311734558501,0.748337980675168,0.816374138684921,0.88440252735699,
0.952436092517225,1.),.UNSPECIFIED.);
#44=B_SPLINE_CURVE_WITH_KNOTS('',3,(#8920,#8921,#8922,#8923,#8924,#8925,
#8926,#8927,#8928,#8929,#8930,#8931,#8932,#8933,#8934,#8935,#8936,#8937,
#8938,#8939,#8940,#8941,#8942,#8943,#8944,#8945,#8946,#8947,#8948,#8949,
#8950,#8951,#8952,#8953,#8954,#8955,#8956,#8957,#8958,#8959,#8960,#8961,
#8962,#8963,#8964,#8965,#8966,#8967,#8968,#8969,#8970,#8971),
 .UNSPECIFIED.,.F.,.F.,(4,3,3,3,3,3,3,3,3,3,3,3,3,3,3,3,3,4),(0.,0.058458750396097,
0.117305078496341,0.175771284063863,0.23423608343583,0.292699573038882,
0.351161849276934,0.409623008532773,0.468083147169747,0.526542361533472,
0.585724566341788,0.644189466367801,0.702651828979759,0.761112039728425,
0.820834029796319,0.879296493884734,0.939648246942367,1.),.UNSPECIFIED.);
#45=B_SPLINE_CURVE_WITH_KNOTS('',3,(#9075,#9076,#9077,#9078,#9079,#9080,
#9081,#9082,#9083,#9084,#9085,#9086,#9087,#9088,#9089,#9090,#9091,#9092,
#9093,#9094,#9095,#9096,#9097,#9098,#9099,#9100,#9101,#9102,#9103,#9104,
#9105,#9106,#9107,#9108,#9109,#9110,#9111,#9112,#9113,#9114,#9115,#9116,
#9117,#9118,#9119,#9120),.UNSPECIFIED.,.F.,.F.,(4,3,3,3,3,3,3,3,3,3,3,3,
3,3,3,4),(0.,0.0680359392504243,0.136069723137484,0.204101503659785,0.272131432768788,
0.340159662372349,0.408186344338236,0.476211630497694,0.544249167258171,
0.612282332622548,0.680311734558531,0.748337980675205,0.816374138684959,
0.88440252735703,0.952436092517266,1.),.UNSPECIFIED.);
#46=B_SPLINE_CURVE_WITH_KNOTS('',3,(#9122,#9123,#9124,#9125,#9126,#9127,
#9128,#9129,#9130,#9131,#9132,#9133,#9134,#9135,#9136,#9137,#9138,#9139,
#9140,#9141,#9142,#9143,#9144,#9145,#9146,#9147,#9148,#9149,#9150,#9151,
#9152,#9153,#9154,#9155,#9156,#9157,#9158,#9159,#9160,#9161,#9162,#9163,
#9164,#9165,#9166,#9167,#9168,#9169,#9170,#9171,#9172,#9173),
 .UNSPECIFIED.,.F.,.F.,(4,3,3,3,3,3,3,3,3,3,3,3,3,3,3,3,3,4),(0.,0.0584587503960739,
0.117305078496319,0.175771284063836,0.234236083435811,0.292699573038875,
0.351161849276928,0.409623008532767,0.468083147169761,0.526542361533487,
0.585724566341801,0.644189466367814,0.702651828979766,0.76111203972843,
0.820834029796323,0.879296493884736,0.939648246942368,1.),.UNSPECIFIED.);
#47=B_SPLINE_CURVE_WITH_KNOTS('',3,(#9277,#9278,#9279,#9280,#9281,#9282,
#9283,#9284,#9285,#9286,#9287,#9288,#9289,#9290,#9291,#9292,#9293,#9294,
#9295,#9296,#9297,#9298,#9299,#9300,#9301,#9302,#9303,#9304,#9305,#9306,
#9307,#9308,#9309,#9310,#9311,#9312,#9313,#9314,#9315,#9316,#9317,#9318,
#9319,#9320,#9321,#9322),.UNSPECIFIED.,.F.,.F.,(4,3,3,3,3,3,3,3,3,3,3,3,
3,3,3,4),(8.40263916717379E-15,0.0680359392504329,0.136069723137493,0.204101503659802,
0.272131432768812,0.340159662372364,0.408186344338232,0.476211630497674,
0.544249167258149,0.612282332622521,0.68031173455851,0.748337980675154,
0.816374138684906,0.884402527356972,0.952436092517207,1.),.UNSPECIFIED.);
#48=B_SPLINE_CURVE_WITH_KNOTS('',3,(#9323,#9324,#9325,#9326,#9327,#9328,
#9329,#9330,#9331,#9332,#9333,#9334,#9335,#9336,#9337,#9338,#9339,#9340,
#9341,#9342,#9343,#9344,#9345,#9346,#9347,#9348,#9349,#9350,#9351,#9352,
#9353,#9354,#9355,#9356,#9357,#9358,#9359,#9360,#9361,#9362,#9363,#9364,
#9365,#9366,#9367,#9368,#9369,#9370,#9371,#9372,#9373,#9374),
 .UNSPECIFIED.,.F.,.F.,(4,3,3,3,3,3,3,3,3,3,3,3,3,3,3,3,3,4),(0.,0.0584587503960838,
0.117305078496329,0.175771284063842,0.234236083435809,0.292699573038875,
0.351161849276941,0.409623008532792,0.4680831471698,0.526542361533466,0.585724566341783,
0.644189466367794,0.702651828979744,0.761112039728406,0.820834029796305,
0.879296493884718,0.939648246942359,1.),.UNSPECIFIED.);
#49=B_SPLINE_CURVE_WITH_KNOTS('',3,(#9416,#9417,#9418,#9419,#9420,#9421,
#9422,#9423,#9424,#9425,#9426,#9427,#9428,#9429,#9430,#9431,#9432,#9433,
#9434,#9435,#9436,#9437,#9438,#9439,#9440,#9441,#9442,#9443,#9444,#9445,
#9446,#9447,#9448,#9449,#9450,#9451,#9452,#9453,#9454,#9455,#9456,#9457,
#9458,#9459,#9460,#9461),.UNSPECIFIED.,.F.,.F.,(4,3,3,3,3,3,3,3,3,3,3,3,
3,3,3,4),(0.,0.0680359392504236,0.136069723137479,0.204101503659783,0.272131432768784,
0.340159662372335,0.408186344338195,0.476211630497638,0.544249167258108,
0.612282332622483,0.680311734558459,0.748337980675133,0.816374138684883,
0.88440252735695,0.952436092517184,1.),.UNSPECIFIED.);
#50=B_SPLINE_CURVE_WITH_KNOTS('',3,(#9464,#9465,#9466,#9467,#9468,#9469,
#9470,#9471,#9472,#9473,#9474,#9475,#9476,#9477,#9478,#9479,#9480,#9481,
#9482,#9483,#9484,#9485,#9486,#9487,#9488,#9489,#9490,#9491,#9492,#9493,
#9494,#9495,#9496,#9497,#9498,#9499,#9500,#9501,#9502,#9503,#9504,#9505,
#9506,#9507,#9508,#9509,#9510,#9511,#9512,#9513,#9514,#9515),
 .UNSPECIFIED.,.F.,.F.,(4,3,3,3,3,3,3,3,3,3,3,3,3,3,3,3,3,4),(0.,0.0584587503960887,
0.117305078496333,0.175771284063849,0.234236083435819,0.292699573038877,
0.351161849276926,0.409623008532773,0.468083147169752,0.526542361533458,
0.585724566341776,0.644189466367796,0.702651828979741,0.761112039728401,
0.820834029796301,0.879296493884698,0.939648246942349,1.),.UNSPECIFIED.);
#51=B_SPLINE_CURVE_WITH_KNOTS('',3,(#9580,#9581,#9582,#9583,#9584,#9585,
#9586,#9587,#9588,#9589,#9590,#9591,#9592,#9593,#9594,#9595,#9596,#9597,
#9598,#9599,#9600,#9601,#9602,#9603,#9604,#9605,#9606,#9607,#9608,#9609,
#9610,#9611,#9612,#9613,#9614,#9615,#9616,#9617,#9618,#9619,#9620,#9621,
#9622,#9623,#9624,#9625),.UNSPECIFIED.,.F.,.F.,(4,3,3,3,3,3,3,3,3,3,3,3,
3,3,3,4),(0.,0.0680359392504245,0.136069723137473,0.20410150365977,0.272131432768785,
0.340159662372339,0.408186344338223,0.476211630497657,0.544249167258131,
0.612282332622505,0.680311734558479,0.748337980675152,0.816374138684904,
0.884402527356973,0.952436092517206,1.),.UNSPECIFIED.);
#52=B_SPLINE_CURVE_WITH_KNOTS('',3,(#9626,#9627,#9628,#9629,#9630,#9631,
#9632,#9633,#9634,#9635,#9636,#9637,#9638,#9639,#9640,#9641,#9642,#9643,
#9644,#9645,#9646,#9647,#9648,#9649,#9650,#9651,#9652,#9653,#9654,#9655,
#9656,#9657,#9658,#9659,#9660,#9661,#9662,#9663,#9664,#9665,#9666,#9667,
#9668,#9669,#9670,#9671,#9672,#9673,#9674,#9675,#9676,#9677),
 .UNSPECIFIED.,.F.,.F.,(4,3,3,3,3,3,3,3,3,3,3,3,3,3,3,3,3,4),(0.,0.058458750396092,
0.117305078496336,0.175771284063841,0.234236083435795,0.292699573038846,
0.351161849276883,0.40962300853274,0.468083147169737,0.526542361533461,
0.585724566341778,0.644189466367793,0.702651828979754,0.761112039728407,
0.820834029796305,0.879296493884712,0.939648246942356,1.),.UNSPECIFIED.);
#53=B_SPLINE_CURVE_WITH_KNOTS('',3,(#9719,#9720,#9721,#9722,#9723,#9724,
#9725,#9726,#9727,#9728,#9729,#9730,#9731,#9732,#9733,#9734,#9735,#9736,
#9737,#9738,#9739,#9740,#9741,#9742,#9743,#9744,#9745,#9746,#9747,#9748,
#9749,#9750,#9751,#9752,#9753,#9754,#9755,#9756,#9757,#9758,#9759,#9760,
#9761,#9762,#9763,#9764),.UNSPECIFIED.,.F.,.F.,(4,3,3,3,3,3,3,3,3,3,3,3,
3,3,3,4),(0.,0.0680359392504232,0.136069723137482,0.204101503659784,0.272131432768785,
0.340159662372338,0.408186344338214,0.476211630497672,0.544249167258144,
0.612282332622525,0.680311734558515,0.74833798067519,0.816374138684939,
0.884402527357001,0.952436092517233,1.),.UNSPECIFIED.);
#54=B_SPLINE_CURVE_WITH_KNOTS('',3,(#9767,#9768,#9769,#9770,#9771,#9772,
#9773,#9774,#9775,#9776,#9777,#9778,#9779,#9780,#9781,#9782,#9783,#9784,
#9785,#9786,#9787,#9788,#9789,#9790,#9791,#9792,#9793,#9794,#9795,#9796,
#9797,#9798,#9799,#9800,#9801,#9802,#9803,#9804,#9805,#9806,#9807,#9808,
#9809,#9810,#9811,#9812,#9813,#9814,#9815,#9816,#9817,#9818),
 .UNSPECIFIED.,.F.,.F.,(4,3,3,3,3,3,3,3,3,3,3,3,3,3,3,3,3,4),(0.,0.0584587503960845,
0.117305078496329,0.175771284063846,0.234236083435812,0.292699573038875,
0.351161849276923,0.409623008532763,0.468083147169775,0.526542361533506,
0.585724566341818,0.64418946636783,0.702651828979782,0.761112039728427,
0.82083402979632,0.879296493884734,0.939648246942367,1.),.UNSPECIFIED.);
#55=B_SPLINE_CURVE_WITH_KNOTS('',3,(#9883,#9884,#9885,#9886,#9887,#9888,
#9889,#9890,#9891,#9892,#9893,#9894,#9895,#9896,#9897,#9898,#9899,#9900,
#9901,#9902,#9903,#9904,#9905,#9906,#9907,#9908,#9909,#9910,#9911,#9912,
#9913,#9914,#9915,#9916,#9917,#9918,#9919,#9920,#9921,#9922,#9923,#9924,
#9925,#9926,#9927,#9928),.UNSPECIFIED.,.F.,.F.,(4,3,3,3,3,3,3,3,3,3,3,3,
3,3,3,4),(0.,0.0680359392504239,0.136069723137486,0.204101503659786,0.272131432768793,
0.340159662372353,0.408186344338201,0.476211630497634,0.544249167258104,
0.612282332622483,0.680311734558468,0.748337980675142,0.816374138684894,
0.884402527356961,0.952436092517194,1.),.UNSPECIFIED.);
#56=B_SPLINE_CURVE_WITH_KNOTS('',3,(#9929,#9930,#9931,#9932,#9933,#9934,
#9935,#9936,#9937,#9938,#9939,#9940,#9941,#9942,#9943,#9944,#9945,#9946,
#9947,#9948,#9949,#9950,#9951,#9952,#9953,#9954,#9955,#9956,#9957,#9958,
#9959,#9960,#9961,#9962,#9963,#9964,#9965,#9966,#9967,#9968,#9969,#9970,
#9971,#9972,#9973,#9974,#9975,#9976,#9977,#9978,#9979,#9980),
 .UNSPECIFIED.,.F.,.F.,(4,3,3,3,3,3,3,3,3,3,3,3,3,3,3,3,3,4),(0.,0.0584587503960862,
0.117305078496331,0.175771284063846,0.234236083435803,0.292699573038859,
0.351161849276908,0.40962300853275,0.468083147169753,0.526542361533495,
0.585724566341808,0.644189466367823,0.70265182897977,0.761112039728423,
0.820834029796317,0.87929649388473,0.939648246942365,1.),.UNSPECIFIED.);
#57=B_SPLINE_CURVE_WITH_KNOTS('',3,(#10022,#10023,#10024,#10025,#10026,
#10027,#10028,#10029,#10030,#10031,#10032,#10033,#10034,#10035,#10036,#10037,
#10038,#10039,#10040,#10041,#10042,#10043,#10044,#10045,#10046,#10047,#10048,
#10049,#10050,#10051,#10052,#10053,#10054,#10055,#10056,#10057,#10058,#10059,
#10060,#10061,#10062,#10063,#10064,#10065,#10066,#10067),.UNSPECIFIED.,
 .F.,.F.,(4,3,3,3,3,3,3,3,3,3,3,3,3,3,3,4),(0.,0.0680359392504232,0.136069723137479,
0.204101503659782,0.272131432768784,0.340159662372336,0.408186344338218,
0.476211630497667,0.544249167258143,0.612282332622517,0.680311734558497,
0.748337980675164,0.816374138684912,0.884402527356965,0.952436092517199,
1.),.UNSPECIFIED.);
#58=B_SPLINE_CURVE_WITH_KNOTS('',3,(#10070,#10071,#10072,#10073,#10074,
#10075,#10076,#10077,#10078,#10079,#10080,#10081,#10082,#10083,#10084,#10085,
#10086,#10087,#10088,#10089,#10090,#10091,#10092,#10093,#10094,#10095,#10096,
#10097,#10098,#10099,#10100,#10101,#10102,#10103,#10104,#10105,#10106,#10107,
#10108,#10109,#10110,#10111,#10112,#10113,#10114,#10115,#10116,#10117,#10118,
#10119,#10120,#10121),.UNSPECIFIED.,.F.,.F.,(4,3,3,3,3,3,3,3,3,3,3,3,3,
3,3,3,3,4),(0.,0.0584587503960896,0.117305078496334,0.175771284063849,0.234236083435814,
0.292699573038879,0.351161849276932,0.409623008532759,0.468083147169749,
0.526542361533458,0.585724566341776,0.64418946636778,0.702651828979725,
0.761112039728377,0.820834029796283,0.879296493884696,0.939648246942348,
1.),.UNSPECIFIED.);
#59=B_SPLINE_CURVE_WITH_KNOTS('',3,(#10186,#10187,#10188,#10189,#10190,
#10191,#10192,#10193,#10194,#10195,#10196,#10197,#10198,#10199,#10200,#10201,
#10202,#10203,#10204,#10205,#10206,#10207,#10208,#10209,#10210,#10211,#10212,
#10213,#10214,#10215,#10216,#10217,#10218,#10219,#10220,#10221,#10222,#10223,
#10224,#10225,#10226,#10227,#10228,#10229,#10230,#10231),.UNSPECIFIED.,
 .F.,.F.,(4,3,3,3,3,3,3,3,3,3,3,3,3,3,3,4),(0.,0.0680359392504255,0.136069723137485,
0.204101503659793,0.272131432768812,0.340159662372367,0.408186344338258,
0.476211630497726,0.544249167258201,0.61228233262257,0.680311734558551,
0.74833798067523,0.816374138684983,0.88440252735705,0.952436092517282,1.),
 .UNSPECIFIED.);
#60=B_SPLINE_CURVE_WITH_KNOTS('',3,(#10232,#10233,#10234,#10235,#10236,
#10237,#10238,#10239,#10240,#10241,#10242,#10243,#10244,#10245,#10246,#10247,
#10248,#10249,#10250,#10251,#10252,#10253,#10254,#10255,#10256,#10257,#10258,
#10259,#10260,#10261,#10262,#10263,#10264,#10265,#10266,#10267,#10268,#10269,
#10270,#10271,#10272,#10273,#10274,#10275,#10276,#10277,#10278,#10279,#10280,
#10281,#10282,#10283),.UNSPECIFIED.,.F.,.F.,(4,3,3,3,3,3,3,3,3,3,3,3,3,
3,3,3,3,4),(0.,0.0584587503960945,0.117305078496339,0.17577128406386,0.234236083435832,
0.292699573038886,0.351161849276936,0.409623008532791,0.468083147169751,
0.526542361533461,0.585724566341779,0.644189466367796,0.702651828979753,
0.761112039728413,0.82083402979631,0.87929649388472,0.93964824694236,1.),
 .UNSPECIFIED.);
#61=B_SPLINE_CURVE_WITH_KNOTS('',3,(#10325,#10326,#10327,#10328,#10329,
#10330,#10331,#10332,#10333,#10334,#10335,#10336,#10337,#10338,#10339,#10340,
#10341,#10342,#10343,#10344,#10345,#10346,#10347,#10348,#10349,#10350,#10351,
#10352,#10353,#10354,#10355,#10356,#10357,#10358,#10359,#10360,#10361,#10362,
#10363,#10364,#10365,#10366,#10367,#10368,#10369,#10370),.UNSPECIFIED.,
 .F.,.F.,(4,3,3,3,3,3,3,3,3,3,3,3,3,3,3,4),(0.,0.0680359392504223,0.13606972313748,
0.20410150365978,0.272131432768783,0.340159662372341,0.408186344338228,
0.476211630497704,0.544249167258177,0.612282332622549,0.680311734558536,
0.748337980675218,0.81637413868497,0.884402527357037,0.95243609251727,1.),
 .UNSPECIFIED.);
#62=B_SPLINE_CURVE_WITH_KNOTS('',3,(#10373,#10374,#10375,#10376,#10377,
#10378,#10379,#10380,#10381,#10382,#10383,#10384,#10385,#10386,#10387,#10388,
#10389,#10390,#10391,#10392,#10393,#10394,#10395,#10396,#10397,#10398,#10399,
#10400,#10401,#10402,#10403,#10404,#10405,#10406,#10407,#10408,#10409,#10410,
#10411,#10412,#10413,#10414,#10415,#10416,#10417,#10418,#10419,#10420,#10421,
#10422,#10423,#10424),.UNSPECIFIED.,.F.,.F.,(4,3,3,3,3,3,3,3,3,3,3,3,3,
3,3,3,3,4),(0.,0.0584587503960855,0.11730507849633,0.175771284063847,0.234236083435812,
0.292699573038878,0.351161849276929,0.409623008532777,0.468083147169765,
0.526542361533494,0.585724566341808,0.644189466367818,0.702651828979753,
0.761112039728406,0.820834029796305,0.879296493884709,0.939648246942355,
1.),.UNSPECIFIED.);
#63=FACE_BOUND('',#728,.T.);
#64=FACE_BOUND('',#729,.T.);
#65=FACE_BOUND('',#730,.T.);
#66=FACE_BOUND('',#731,.T.);
#67=FACE_BOUND('',#732,.T.);
#68=FACE_BOUND('',#733,.T.);
#69=FACE_BOUND('',#734,.T.);
#70=FACE_BOUND('',#735,.T.);
#71=FACE_BOUND('',#736,.T.);
#72=FACE_BOUND('',#737,.T.);
#73=FACE_BOUND('',#738,.T.);
#74=FACE_BOUND('',#739,.T.);
#75=FACE_BOUND('',#740,.T.);
#76=FACE_BOUND('',#741,.T.);
#77=FACE_BOUND('',#742,.T.);
#78=FACE_BOUND('',#743,.T.);
#79=FACE_BOUND('',#744,.T.);
#80=FACE_BOUND('',#745,.T.);
#81=FACE_BOUND('',#746,.T.);
#82=FACE_BOUND('',#747,.T.);
#83=FACE_BOUND('',#748,.T.);
#84=FACE_BOUND('',#749,.T.);
#85=FACE_BOUND('',#750,.T.);
#86=FACE_BOUND('',#751,.T.);
#87=FACE_BOUND('',#752,.T.);
#88=FACE_BOUND('',#753,.T.);
#89=FACE_BOUND('',#754,.T.);
#90=FACE_BOUND('',#755,.T.);
#91=FACE_BOUND('',#756,.T.);
#92=FACE_BOUND('',#757,.T.);
#93=FACE_BOUND('',#758,.T.);
#94=FACE_BOUND('',#759,.T.);
#95=FACE_BOUND('',#760,.T.);
#96=FACE_BOUND('',#761,.T.);
#97=FACE_BOUND('',#762,.T.);
#98=FACE_BOUND('',#763,.T.);
#99=FACE_BOUND('',#764,.T.);
#100=FACE_BOUND('',#765,.T.);
#101=FACE_BOUND('',#766,.T.);
#102=FACE_BOUND('',#767,.T.);
#103=FACE_BOUND('',#768,.T.);
#104=FACE_BOUND('',#769,.T.);
#105=FACE_BOUND('',#770,.T.);
#106=FACE_BOUND('',#771,.T.);
#107=FACE_BOUND('',#772,.T.);
#108=FACE_BOUND('',#773,.T.);
#109=FACE_BOUND('',#774,.T.);
#110=FACE_BOUND('',#775,.T.);
#111=FACE_BOUND('',#776,.T.);
#112=FACE_BOUND('',#777,.T.);
#113=FACE_BOUND('',#778,.T.);
#114=FACE_BOUND('',#779,.T.);
#115=FACE_BOUND('',#780,.T.);
#116=FACE_BOUND('',#781,.T.);
#117=FACE_BOUND('',#782,.T.);
#118=FACE_BOUND('',#783,.T.);
#119=FACE_BOUND('',#784,.T.);
#120=FACE_BOUND('',#785,.T.);
#121=FACE_BOUND('',#786,.T.);
#122=FACE_BOUND('',#787,.T.);
#123=FACE_BOUND('',#788,.T.);
#124=FACE_BOUND('',#789,.T.);
#125=FACE_BOUND('',#790,.T.);
#126=FACE_BOUND('',#791,.T.);
#127=FACE_BOUND('',#792,.T.);
#128=FACE_BOUND('',#793,.T.);
#129=FACE_BOUND('',#794,.T.);
#130=FACE_BOUND('',#795,.T.);
#131=FACE_BOUND('',#796,.T.);
#132=FACE_BOUND('',#797,.T.);
#133=FACE_BOUND('',#798,.T.);
#134=FACE_BOUND('',#799,.T.);
#135=FACE_BOUND('',#800,.T.);
#136=FACE_BOUND('',#801,.T.);
#137=FACE_BOUND('',#802,.T.);
#138=FACE_BOUND('',#803,.T.);
#139=FACE_BOUND('',#804,.T.);
#140=FACE_BOUND('',#805,.T.);
#141=FACE_BOUND('',#806,.T.);
#142=FACE_BOUND('',#807,.T.);
#143=FACE_BOUND('',#808,.T.);
#144=FACE_BOUND('',#809,.T.);
#145=FACE_BOUND('',#810,.T.);
#146=FACE_BOUND('',#811,.T.);
#147=FACE_BOUND('',#812,.T.);
#148=FACE_BOUND('',#813,.T.);
#149=FACE_BOUND('',#815,.T.);
#150=FACE_BOUND('',#816,.T.);
#151=FACE_BOUND('',#817,.T.);
#152=FACE_BOUND('',#818,.T.);
#153=FACE_BOUND('',#819,.T.);
#154=FACE_BOUND('',#820,.T.);
#155=FACE_BOUND('',#821,.T.);
#156=FACE_BOUND('',#822,.T.);
#157=FACE_BOUND('',#823,.T.);
#158=FACE_BOUND('',#824,.T.);
#159=FACE_BOUND('',#825,.T.);
#160=FACE_BOUND('',#826,.T.);
#161=FACE_BOUND('',#827,.T.);
#162=FACE_BOUND('',#828,.T.);
#163=FACE_BOUND('',#829,.T.);
#164=FACE_BOUND('',#830,.T.);
#165=FACE_BOUND('',#831,.T.);
#166=FACE_BOUND('',#832,.T.);
#167=FACE_BOUND('',#833,.T.);
#168=FACE_BOUND('',#834,.T.);
#169=FACE_BOUND('',#835,.T.);
#170=FACE_BOUND('',#836,.T.);
#171=FACE_BOUND('',#837,.T.);
#172=FACE_BOUND('',#838,.T.);
#173=FACE_BOUND('',#839,.T.);
#174=FACE_BOUND('',#840,.T.);
#175=FACE_BOUND('',#841,.T.);
#176=FACE_BOUND('',#842,.T.);
#177=FACE_BOUND('',#843,.T.);
#178=FACE_BOUND('',#844,.T.);
#179=FACE_BOUND('',#845,.T.);
#180=FACE_BOUND('',#846,.T.);
#181=FACE_BOUND('',#847,.T.);
#182=FACE_BOUND('',#848,.T.);
#183=FACE_BOUND('',#849,.T.);
#184=FACE_BOUND('',#850,.T.);
#185=FACE_BOUND('',#851,.T.);
#186=FACE_BOUND('',#852,.T.);
#187=FACE_BOUND('',#853,.T.);
#188=FACE_BOUND('',#854,.T.);
#189=FACE_BOUND('',#855,.T.);
#190=FACE_BOUND('',#856,.T.);
#191=FACE_BOUND('',#857,.T.);
#192=FACE_BOUND('',#858,.T.);
#193=FACE_BOUND('',#859,.T.);
#194=FACE_BOUND('',#860,.T.);
#195=FACE_BOUND('',#861,.T.);
#196=FACE_BOUND('',#862,.T.);
#197=FACE_BOUND('',#863,.T.);
#198=FACE_BOUND('',#864,.T.);
#199=FACE_BOUND('',#865,.T.);
#200=FACE_BOUND('',#866,.T.);
#201=FACE_BOUND('',#867,.T.);
#202=FACE_BOUND('',#868,.T.);
#203=FACE_BOUND('',#869,.T.);
#204=FACE_BOUND('',#870,.T.);
#205=FACE_BOUND('',#871,.T.);
#206=FACE_BOUND('',#872,.T.);
#207=FACE_BOUND('',#873,.T.);
#208=FACE_BOUND('',#874,.T.);
#209=FACE_BOUND('',#875,.T.);
#210=FACE_BOUND('',#876,.T.);
#211=FACE_BOUND('',#877,.T.);
#212=FACE_BOUND('',#878,.T.);
#213=FACE_BOUND('',#879,.T.);
#214=FACE_BOUND('',#880,.T.);
#215=FACE_BOUND('',#881,.T.);
#216=FACE_BOUND('',#882,.T.);
#217=FACE_BOUND('',#883,.T.);
#218=FACE_BOUND('',#884,.T.);
#219=FACE_BOUND('',#885,.T.);
#220=FACE_BOUND('',#886,.T.);
#221=FACE_BOUND('',#887,.T.);
#222=FACE_BOUND('',#888,.T.);
#223=FACE_BOUND('',#889,.T.);
#224=FACE_BOUND('',#890,.T.);
#225=FACE_BOUND('',#891,.T.);
#226=FACE_BOUND('',#892,.T.);
#227=FACE_BOUND('',#893,.T.);
#228=FACE_BOUND('',#894,.T.);
#229=FACE_BOUND('',#895,.T.);
#230=FACE_BOUND('',#896,.T.);
#231=FACE_BOUND('',#897,.T.);
#232=FACE_BOUND('',#898,.T.);
#233=FACE_BOUND('',#899,.T.);
#234=FACE_BOUND('',#900,.T.);
#235=PLANE('',#5373);
#236=PLANE('',#5394);
#237=PLANE('',#5415);
#238=PLANE('',#5416);
#239=PLANE('',#5417);
#240=PLANE('',#5418);
#241=PLANE('',#5419);
#242=PLANE('',#5420);
#243=PLANE('',#5421);
#244=PLANE('',#5422);
#245=PLANE('',#5423);
#246=PLANE('',#5424);
#247=PLANE('',#5425);
#248=PLANE('',#5426);
#249=PLANE('',#5427);
#250=PLANE('',#5428);
#251=PLANE('',#5429);
#252=PLANE('',#5430);
#253=PLANE('',#5441);
#254=PLANE('',#5442);
#255=PLANE('',#5443);
#256=PLANE('',#5444);
#257=PLANE('',#5445);
#258=PLANE('',#5446);
#259=PLANE('',#5457);
#260=PLANE('',#5458);
#261=PLANE('',#5459);
#262=PLANE('',#5460);
#263=PLANE('',#5461);
#264=PLANE('',#5462);
#265=PLANE('',#5465);
#266=PLANE('',#5466);
#267=PLANE('',#5467);
#268=PLANE('',#5468);
#269=PLANE('',#5469);
#270=PLANE('',#5472);
#271=PLANE('',#5473);
#272=PLANE('',#5474);
#273=PLANE('',#5475);
#274=PLANE('',#5476);
#275=PLANE('',#5481);
#276=PLANE('',#5482);
#277=PLANE('',#5483);
#278=PLANE('',#5484);
#279=PLANE('',#5485);
#280=PLANE('',#5490);
#281=PLANE('',#5491);
#282=PLANE('',#5492);
#283=PLANE('',#5493);
#284=PLANE('',#5494);
#285=PLANE('',#5497);
#286=PLANE('',#5498);
#287=PLANE('',#5499);
#288=PLANE('',#5500);
#289=PLANE('',#5501);
#290=PLANE('',#5504);
#291=PLANE('',#5505);
#292=PLANE('',#5506);
#293=PLANE('',#5507);
#294=PLANE('',#5508);
#295=PLANE('',#5511);
#296=PLANE('',#5512);
#297=PLANE('',#5513);
#298=PLANE('',#5514);
#299=PLANE('',#5515);
#300=PLANE('',#5518);
#301=PLANE('',#5519);
#302=PLANE('',#5520);
#303=PLANE('',#5521);
#304=PLANE('',#5522);
#305=PLANE('',#5524);
#306=PLANE('',#5526);
#307=PLANE('',#5528);
#308=PLANE('',#5530);
#309=PLANE('',#5532);
#310=PLANE('',#5534);
#311=PLANE('',#5536);
#312=PLANE('',#5538);
#313=PLANE('',#5540);
#314=PLANE('',#5541);
#315=PLANE('',#5543);
#316=PLANE('',#5544);
#317=PLANE('',#5546);
#318=PLANE('',#5547);
#319=PLANE('',#5549);
#320=PLANE('',#5550);
#321=PLANE('',#5552);
#322=PLANE('',#5554);
#323=PLANE('',#5556);
#324=PLANE('',#5560);
#325=PLANE('',#5562);
#326=PLANE('',#5564);
#327=PLANE('',#5565);
#328=PLANE('',#5568);
#329=PLANE('',#5576);
#330=PLANE('',#5580);
#331=PLANE('',#5581);
#332=PLANE('',#5582);
#333=PLANE('',#5583);
#334=PLANE('',#5584);
#335=PLANE('',#5587);
#336=PLANE('',#5595);
#337=PLANE('',#5599);
#338=PLANE('',#5600);
#339=PLANE('',#5601);
#340=PLANE('',#5602);
#341=CONICAL_SURFACE('',#5281,4.59999999999999,0.785398163397434);
#342=CONICAL_SURFACE('',#5287,4.59999999999999,0.785398163397434);
#343=CONICAL_SURFACE('',#5293,4.59999999999999,0.785398163397434);
#344=CONICAL_SURFACE('',#5299,4.59999999999999,0.785398163397434);
#345=CONICAL_SURFACE('',#5305,4.59999999999999,0.785398163397434);
#346=CONICAL_SURFACE('',#5311,4.59999999999999,0.785398163397434);
#347=CONICAL_SURFACE('',#5317,4.59999999999999,0.785398163397434);
#348=CONICAL_SURFACE('',#5323,4.59999999999999,0.785398163397434);
#349=CONICAL_SURFACE('',#5329,4.59999999999999,0.785398163397455);
#350=CONICAL_SURFACE('',#5335,4.59999999999999,0.785398163397434);
#351=CONICAL_SURFACE('',#5341,4.59999999999999,0.785398163397434);
#352=CONICAL_SURFACE('',#5347,4.59999999999999,0.785398163397455);
#353=CONICAL_SURFACE('',#5353,4.59999999999999,0.785398163397434);
#354=CONICAL_SURFACE('',#5359,4.59999999999999,0.785398163397434);
#355=CONICAL_SURFACE('',#5365,4.59999999999999,0.785398163397455);
#356=CONICAL_SURFACE('',#5371,4.59999999999999,0.785398163397455);
#357=FACE_OUTER_BOUND('',#629,.T.);
#358=FACE_OUTER_BOUND('',#630,.T.);
#359=FACE_OUTER_BOUND('',#631,.T.);
#360=FACE_OUTER_BOUND('',#632,.T.);
#361=FACE_OUTER_BOUND('',#633,.T.);
#362=FACE_OUTER_BOUND('',#634,.T.);
#363=FACE_OUTER_BOUND('',#635,.T.);
#364=FACE_OUTER_BOUND('',#636,.T.);
#365=FACE_OUTER_BOUND('',#637,.T.);
#366=FACE_OUTER_BOUND('',#638,.T.);
#367=FACE_OUTER_BOUND('',#639,.T.);
#368=FACE_OUTER_BOUND('',#640,.T.);
#369=FACE_OUTER_BOUND('',#641,.T.);
#370=FACE_OUTER_BOUND('',#642,.T.);
#371=FACE_OUTER_BOUND('',#643,.T.);
#372=FACE_OUTER_BOUND('',#644,.T.);
#373=FACE_OUTER_BOUND('',#645,.T.);
#374=FACE_OUTER_BOUND('',#646,.T.);
#375=FACE_OUTER_BOUND('',#647,.T.);
#376=FACE_OUTER_BOUND('',#648,.T.);
#377=FACE_OUTER_BOUND('',#649,.T.);
#378=FACE_OUTER_BOUND('',#650,.T.);
#379=FACE_OUTER_BOUND('',#651,.T.);
#380=FACE_OUTER_BOUND('',#652,.T.);
#381=FACE_OUTER_BOUND('',#653,.T.);
#382=FACE_OUTER_BOUND('',#654,.T.);
#383=FACE_OUTER_BOUND('',#655,.T.);
#384=FACE_OUTER_BOUND('',#656,.T.);
#385=FACE_OUTER_BOUND('',#657,.T.);
#386=FACE_OUTER_BOUND('',#658,.T.);
#387=FACE_OUTER_BOUND('',#659,.T.);
#388=FACE_OUTER_BOUND('',#660,.T.);
#389=FACE_OUTER_BOUND('',#661,.T.);
#390=FACE_OUTER_BOUND('',#662,.T.);
#391=FACE_OUTER_BOUND('',#663,.T.);
#392=FACE_OUTER_BOUND('',#664,.T.);
#393=FACE_OUTER_BOUND('',#665,.T.);
#394=FACE_OUTER_BOUND('',#666,.T.);
#395=FACE_OUTER_BOUND('',#667,.T.);
#396=FACE_OUTER_BOUND('',#668,.T.);
#397=FACE_OUTER_BOUND('',#669,.T.);
#398=FACE_OUTER_BOUND('',#670,.T.);
#399=FACE_OUTER_BOUND('',#671,.T.);
#400=FACE_OUTER_BOUND('',#672,.T.);
#401=FACE_OUTER_BOUND('',#673,.T.);
#402=FACE_OUTER_BOUND('',#674,.T.);
#403=FACE_OUTER_BOUND('',#675,.T.);
#404=FACE_OUTER_BOUND('',#676,.T.);
#405=FACE_OUTER_BOUND('',#677,.T.);
#406=FACE_OUTER_BOUND('',#678,.T.);
#407=FACE_OUTER_BOUND('',#679,.T.);
#408=FACE_OUTER_BOUND('',#680,.T.);
#409=FACE_OUTER_BOUND('',#681,.T.);
#410=FACE_OUTER_BOUND('',#682,.T.);
#411=FACE_OUTER_BOUND('',#683,.T.);
#412=FACE_OUTER_BOUND('',#684,.T.);
#413=FACE_OUTER_BOUND('',#685,.T.);
#414=FACE_OUTER_BOUND('',#686,.T.);
#415=FACE_OUTER_BOUND('',#687,.T.);
#416=FACE_OUTER_BOUND('',#688,.T.);
#417=FACE_OUTER_BOUND('',#689,.T.);
#418=FACE_OUTER_BOUND('',#690,.T.);
#419=FACE_OUTER_BOUND('',#691,.T.);
#420=FACE_OUTER_BOUND('',#692,.T.);
#421=FACE_OUTER_BOUND('',#693,.T.);
#422=FACE_OUTER_BOUND('',#694,.T.);
#423=FACE_OUTER_BOUND('',#695,.T.);
#424=FACE_OUTER_BOUND('',#696,.T.);
#425=FACE_OUTER_BOUND('',#697,.T.);
#426=FACE_OUTER_BOUND('',#698,.T.);
#427=FACE_OUTER_BOUND('',#699,.T.);
#428=FACE_OUTER_BOUND('',#700,.T.);
#429=FACE_OUTER_BOUND('',#701,.T.);
#430=FACE_OUTER_BOUND('',#702,.T.);
#431=FACE_OUTER_BOUND('',#703,.T.);
#432=FACE_OUTER_BOUND('',#704,.T.);
#433=FACE_OUTER_BOUND('',#705,.T.);
#434=FACE_OUTER_BOUND('',#706,.T.);
#435=FACE_OUTER_BOUND('',#707,.T.);
#436=FACE_OUTER_BOUND('',#708,.T.);
#437=FACE_OUTER_BOUND('',#709,.T.);
#438=FACE_OUTER_BOUND('',#710,.T.);
#439=FACE_OUTER_BOUND('',#711,.T.);
#440=FACE_OUTER_BOUND('',#712,.T.);
#441=FACE_OUTER_BOUND('',#713,.T.);
#442=FACE_OUTER_BOUND('',#714,.T.);
#443=FACE_OUTER_BOUND('',#715,.T.);
#444=FACE_OUTER_BOUND('',#716,.T.);
#445=FACE_OUTER_BOUND('',#717,.T.);
#446=FACE_OUTER_BOUND('',#718,.T.);
#447=FACE_OUTER_BOUND('',#719,.T.);
#448=FACE_OUTER_BOUND('',#720,.T.);
#449=FACE_OUTER_BOUND('',#721,.T.);
#450=FACE_OUTER_BOUND('',#722,.T.);
#451=FACE_OUTER_BOUND('',#723,.T.);
#452=FACE_OUTER_BOUND('',#724,.T.);
#453=FACE_OUTER_BOUND('',#725,.T.);
#454=FACE_OUTER_BOUND('',#726,.T.);
#455=FACE_OUTER_BOUND('',#727,.T.);
#456=FACE_OUTER_BOUND('',#814,.T.);
#457=FACE_OUTER_BOUND('',#901,.T.);
#458=FACE_OUTER_BOUND('',#902,.T.);
#459=FACE_OUTER_BOUND('',#903,.T.);
#460=FACE_OUTER_BOUND('',#904,.T.);
#461=FACE_OUTER_BOUND('',#905,.T.);
#462=FACE_OUTER_BOUND('',#906,.T.);
#463=FACE_OUTER_BOUND('',#907,.T.);
#464=FACE_OUTER_BOUND('',#908,.T.);
#465=FACE_OUTER_BOUND('',#909,.T.);
#466=FACE_OUTER_BOUND('',#910,.T.);
#467=FACE_OUTER_BOUND('',#911,.T.);
#468=FACE_OUTER_BOUND('',#912,.T.);
#469=FACE_OUTER_BOUND('',#913,.T.);
#470=FACE_OUTER_BOUND('',#914,.T.);
#471=FACE_OUTER_BOUND('',#915,.T.);
#472=FACE_OUTER_BOUND('',#916,.T.);
#473=FACE_OUTER_BOUND('',#917,.T.);
#474=FACE_OUTER_BOUND('',#918,.T.);
#475=FACE_OUTER_BOUND('',#919,.T.);
#476=FACE_OUTER_BOUND('',#920,.T.);
#477=FACE_OUTER_BOUND('',#921,.T.);
#478=FACE_OUTER_BOUND('',#922,.T.);
#479=FACE_OUTER_BOUND('',#923,.T.);
#480=FACE_OUTER_BOUND('',#924,.T.);
#481=FACE_OUTER_BOUND('',#925,.T.);
#482=FACE_OUTER_BOUND('',#926,.T.);
#483=FACE_OUTER_BOUND('',#927,.T.);
#484=FACE_OUTER_BOUND('',#928,.T.);
#485=FACE_OUTER_BOUND('',#929,.T.);
#486=FACE_OUTER_BOUND('',#930,.T.);
#487=FACE_OUTER_BOUND('',#931,.T.);
#488=FACE_OUTER_BOUND('',#932,.T.);
#489=FACE_OUTER_BOUND('',#933,.T.);
#490=FACE_OUTER_BOUND('',#934,.T.);
#491=FACE_OUTER_BOUND('',#935,.T.);
#492=FACE_OUTER_BOUND('',#936,.T.);
#493=FACE_OUTER_BOUND('',#937,.T.);
#494=FACE_OUTER_BOUND('',#938,.T.);
#495=FACE_OUTER_BOUND('',#939,.T.);
#496=FACE_OUTER_BOUND('',#940,.T.);
#497=FACE_OUTER_BOUND('',#941,.T.);
#498=FACE_OUTER_BOUND('',#942,.T.);
#499=FACE_OUTER_BOUND('',#943,.T.);
#500=FACE_OUTER_BOUND('',#944,.T.);
#501=FACE_OUTER_BOUND('',#945,.T.);
#502=FACE_OUTER_BOUND('',#946,.T.);
#503=FACE_OUTER_BOUND('',#947,.T.);
#504=FACE_OUTER_BOUND('',#948,.T.);
#505=FACE_OUTER_BOUND('',#949,.T.);
#506=FACE_OUTER_BOUND('',#950,.T.);
#507=FACE_OUTER_BOUND('',#951,.T.);
#508=FACE_OUTER_BOUND('',#952,.T.);
#509=FACE_OUTER_BOUND('',#953,.T.);
#510=FACE_OUTER_BOUND('',#954,.T.);
#511=FACE_OUTER_BOUND('',#955,.T.);
#512=FACE_OUTER_BOUND('',#956,.T.);
#513=FACE_OUTER_BOUND('',#957,.T.);
#514=FACE_OUTER_BOUND('',#958,.T.);
#515=FACE_OUTER_BOUND('',#959,.T.);
#516=FACE_OUTER_BOUND('',#960,.T.);
#517=FACE_OUTER_BOUND('',#961,.T.);
#518=FACE_OUTER_BOUND('',#962,.T.);
#519=FACE_OUTER_BOUND('',#963,.T.);
#520=FACE_OUTER_BOUND('',#964,.T.);
#521=FACE_OUTER_BOUND('',#965,.T.);
#522=FACE_OUTER_BOUND('',#966,.T.);
#523=FACE_OUTER_BOUND('',#967,.T.);
#524=FACE_OUTER_BOUND('',#968,.T.);
#525=FACE_OUTER_BOUND('',#969,.T.);
#526=FACE_OUTER_BOUND('',#970,.T.);
#527=FACE_OUTER_BOUND('',#971,.T.);
#528=FACE_OUTER_BOUND('',#972,.T.);
#529=FACE_OUTER_BOUND('',#973,.T.);
#530=FACE_OUTER_BOUND('',#974,.T.);
#531=FACE_OUTER_BOUND('',#975,.T.);
#532=FACE_OUTER_BOUND('',#976,.T.);
#533=FACE_OUTER_BOUND('',#977,.T.);
#534=FACE_OUTER_BOUND('',#978,.T.);
#535=FACE_OUTER_BOUND('',#979,.T.);
#536=FACE_OUTER_BOUND('',#980,.T.);
#537=FACE_OUTER_BOUND('',#981,.T.);
#538=FACE_OUTER_BOUND('',#982,.T.);
#539=FACE_OUTER_BOUND('',#983,.T.);
#540=FACE_OUTER_BOUND('',#984,.T.);
#541=FACE_OUTER_BOUND('',#985,.T.);
#542=FACE_OUTER_BOUND('',#986,.T.);
#543=FACE_OUTER_BOUND('',#987,.T.);
#544=FACE_OUTER_BOUND('',#988,.T.);
#545=FACE_OUTER_BOUND('',#989,.T.);
#546=FACE_OUTER_BOUND('',#990,.T.);
#547=FACE_OUTER_BOUND('',#991,.T.);
#548=FACE_OUTER_BOUND('',#992,.T.);
#549=FACE_OUTER_BOUND('',#993,.T.);
#550=FACE_OUTER_BOUND('',#994,.T.);
#551=FACE_OUTER_BOUND('',#995,.T.);
#552=FACE_OUTER_BOUND('',#996,.T.);
#553=FACE_OUTER_BOUND('',#997,.T.);
#554=FACE_OUTER_BOUND('',#998,.T.);
#555=FACE_OUTER_BOUND('',#999,.T.);
#556=FACE_OUTER_BOUND('',#1000,.T.);
#557=FACE_OUTER_BOUND('',#1001,.T.);
#558=FACE_OUTER_BOUND('',#1002,.T.);
#559=FACE_OUTER_BOUND('',#1003,.T.);
#560=FACE_OUTER_BOUND('',#1004,.T.);
#561=FACE_OUTER_BOUND('',#1005,.T.);
#562=FACE_OUTER_BOUND('',#1006,.T.);
#563=FACE_OUTER_BOUND('',#1007,.T.);
#564=FACE_OUTER_BOUND('',#1008,.T.);
#565=FACE_OUTER_BOUND('',#1009,.T.);
#566=FACE_OUTER_BOUND('',#1010,.T.);
#567=FACE_OUTER_BOUND('',#1011,.T.);
#568=FACE_OUTER_BOUND('',#1012,.T.);
#569=FACE_OUTER_BOUND('',#1013,.T.);
#570=FACE_OUTER_BOUND('',#1014,.T.);
#571=FACE_OUTER_BOUND('',#1015,.T.);
#572=FACE_OUTER_BOUND('',#1016,.T.);
#573=FACE_OUTER_BOUND('',#1017,.T.);
#574=FACE_OUTER_BOUND('',#1018,.T.);
#575=FACE_OUTER_BOUND('',#1019,.T.);
#576=FACE_OUTER_BOUND('',#1020,.T.);
#577=FACE_OUTER_BOUND('',#1021,.T.);
#578=FACE_OUTER_BOUND('',#1022,.T.);
#579=FACE_OUTER_BOUND('',#1023,.T.);
#580=FACE_OUTER_BOUND('',#1024,.T.);
#581=FACE_OUTER_BOUND('',#1025,.T.);
#582=FACE_OUTER_BOUND('',#1026,.T.);
#583=FACE_OUTER_BOUND('',#1027,.T.);
#584=FACE_OUTER_BOUND('',#1028,.T.);
#585=FACE_OUTER_BOUND('',#1029,.T.);
#586=FACE_OUTER_BOUND('',#1030,.T.);
#587=FACE_OUTER_BOUND('',#1031,.T.);
#588=FACE_OUTER_BOUND('',#1032,.T.);
#589=FACE_OUTER_BOUND('',#1033,.T.);
#590=FACE_OUTER_BOUND('',#1034,.T.);
#591=FACE_OUTER_BOUND('',#1035,.T.);
#592=FACE_OUTER_BOUND('',#1036,.T.);
#593=FACE_OUTER_BOUND('',#1037,.T.);
#594=FACE_OUTER_BOUND('',#1038,.T.);
#595=FACE_OUTER_BOUND('',#1039,.T.);
#596=FACE_OUTER_BOUND('',#1040,.T.);
#597=FACE_OUTER_BOUND('',#1041,.T.);
#598=FACE_OUTER_BOUND('',#1042,.T.);
#599=FACE_OUTER_BOUND('',#1043,.T.);
#600=FACE_OUTER_BOUND('',#1044,.T.);
#601=FACE_OUTER_BOUND('',#1045,.T.);
#602=FACE_OUTER_BOUND('',#1046,.T.);
#603=FACE_OUTER_BOUND('',#1047,.T.);
#604=FACE_OUTER_BOUND('',#1048,.T.);
#605=FACE_OUTER_BOUND('',#1049,.T.);
#606=FACE_OUTER_BOUND('',#1050,.T.);
#607=FACE_OUTER_BOUND('',#1051,.T.);
#608=FACE_OUTER_BOUND('',#1052,.T.);
#609=FACE_OUTER_BOUND('',#1053,.T.);
#610=FACE_OUTER_BOUND('',#1054,.T.);
#611=FACE_OUTER_BOUND('',#1055,.T.);
#612=FACE_OUTER_BOUND('',#1056,.T.);
#613=FACE_OUTER_BOUND('',#1057,.T.);
#614=FACE_OUTER_BOUND('',#1058,.T.);
#615=FACE_OUTER_BOUND('',#1059,.T.);
#616=FACE_OUTER_BOUND('',#1060,.T.);
#617=FACE_OUTER_BOUND('',#1061,.T.);
#618=FACE_OUTER_BOUND('',#1062,.T.);
#619=FACE_OUTER_BOUND('',#1063,.T.);
#620=FACE_OUTER_BOUND('',#1064,.T.);
#621=FACE_OUTER_BOUND('',#1065,.T.);
#622=FACE_OUTER_BOUND('',#1066,.T.);
#623=FACE_OUTER_BOUND('',#1067,.T.);
#624=FACE_OUTER_BOUND('',#1068,.T.);
#625=FACE_OUTER_BOUND('',#1069,.T.);
#626=FACE_OUTER_BOUND('',#1070,.T.);
#627=FACE_OUTER_BOUND('',#1071,.T.);
#628=FACE_OUTER_BOUND('',#1072,.T.);
#629=EDGE_LOOP('',(#3263,#3264,#3265,#3266));
#630=EDGE_LOOP('',(#3267,#3268,#3269,#3270));
#631=EDGE_LOOP('',(#3271,#3272,#3273,#3274));
#632=EDGE_LOOP('',(#3275,#3276,#3277,#3278));
#633=EDGE_LOOP('',(#3279,#3280,#3281,#3282));
#634=EDGE_LOOP('',(#3283,#3284,#3285,#3286));
#635=EDGE_LOOP('',(#3287,#3288,#3289,#3290));
#636=EDGE_LOOP('',(#3291,#3292,#3293,#3294));
#637=EDGE_LOOP('',(#3295,#3296,#3297,#3298));
#638=EDGE_LOOP('',(#3299,#3300,#3301,#3302));
#639=EDGE_LOOP('',(#3303,#3304,#3305,#3306));
#640=EDGE_LOOP('',(#3307,#3308,#3309,#3310));
#641=EDGE_LOOP('',(#3311,#3312,#3313,#3314));
#642=EDGE_LOOP('',(#3315,#3316,#3317,#3318));
#643=EDGE_LOOP('',(#3319,#3320,#3321,#3322));
#644=EDGE_LOOP('',(#3323,#3324,#3325,#3326));
#645=EDGE_LOOP('',(#3327,#3328,#3329,#3330));
#646=EDGE_LOOP('',(#3331,#3332,#3333,#3334));
#647=EDGE_LOOP('',(#3335,#3336,#3337,#3338));
#648=EDGE_LOOP('',(#3339,#3340,#3341,#3342));
#649=EDGE_LOOP('',(#3343,#3344,#3345,#3346));
#650=EDGE_LOOP('',(#3347,#3348,#3349,#3350));
#651=EDGE_LOOP('',(#3351,#3352,#3353,#3354));
#652=EDGE_LOOP('',(#3355,#3356,#3357,#3358));
#653=EDGE_LOOP('',(#3359,#3360,#3361,#3362));
#654=EDGE_LOOP('',(#3363,#3364,#3365,#3366));
#655=EDGE_LOOP('',(#3367,#3368,#3369,#3370));
#656=EDGE_LOOP('',(#3371,#3372,#3373,#3374));
#657=EDGE_LOOP('',(#3375,#3376,#3377,#3378));
#658=EDGE_LOOP('',(#3379,#3380,#3381,#3382));
#659=EDGE_LOOP('',(#3383,#3384,#3385,#3386));
#660=EDGE_LOOP('',(#3387,#3388,#3389,#3390));
#661=EDGE_LOOP('',(#3391,#3392,#3393,#3394));
#662=EDGE_LOOP('',(#3395,#3396,#3397,#3398));
#663=EDGE_LOOP('',(#3399,#3400,#3401,#3402));
#664=EDGE_LOOP('',(#3403,#3404,#3405,#3406));
#665=EDGE_LOOP('',(#3407,#3408,#3409,#3410));
#666=EDGE_LOOP('',(#3411,#3412,#3413,#3414));
#667=EDGE_LOOP('',(#3415,#3416,#3417,#3418));
#668=EDGE_LOOP('',(#3419,#3420,#3421,#3422));
#669=EDGE_LOOP('',(#3423,#3424,#3425,#3426));
#670=EDGE_LOOP('',(#3427,#3428,#3429,#3430));
#671=EDGE_LOOP('',(#3431,#3432,#3433,#3434));
#672=EDGE_LOOP('',(#3435,#3436,#3437,#3438));
#673=EDGE_LOOP('',(#3439,#3440,#3441,#3442));
#674=EDGE_LOOP('',(#3443,#3444,#3445,#3446));
#675=EDGE_LOOP('',(#3447,#3448,#3449,#3450));
#676=EDGE_LOOP('',(#3451,#3452,#3453,#3454));
#677=EDGE_LOOP('',(#3455,#3456,#3457,#3458));
#678=EDGE_LOOP('',(#3459,#3460,#3461,#3462));
#679=EDGE_LOOP('',(#3463,#3464,#3465,#3466));
#680=EDGE_LOOP('',(#3467,#3468,#3469,#3470));
#681=EDGE_LOOP('',(#3471,#3472,#3473,#3474));
#682=EDGE_LOOP('',(#3475,#3476,#3477,#3478));
#683=EDGE_LOOP('',(#3479,#3480,#3481,#3482));
#684=EDGE_LOOP('',(#3483,#3484,#3485,#3486));
#685=EDGE_LOOP('',(#3487,#3488,#3489,#3490));
#686=EDGE_LOOP('',(#3491,#3492,#3493,#3494));
#687=EDGE_LOOP('',(#3495,#3496,#3497,#3498));
#688=EDGE_LOOP('',(#3499,#3500,#3501,#3502));
#689=EDGE_LOOP('',(#3503,#3504,#3505,#3506));
#690=EDGE_LOOP('',(#3507,#3508,#3509,#3510));
#691=EDGE_LOOP('',(#3511,#3512,#3513,#3514));
#692=EDGE_LOOP('',(#3515,#3516,#3517,#3518));
#693=EDGE_LOOP('',(#3519,#3520,#3521,#3522));
#694=EDGE_LOOP('',(#3523,#3524,#3525,#3526));
#695=EDGE_LOOP('',(#3527,#3528,#3529,#3530,#3531));
#696=EDGE_LOOP('',(#3532,#3533,#3534,#3535,#3536));
#697=EDGE_LOOP('',(#3537,#3538,#3539,#3540,#3541));
#698=EDGE_LOOP('',(#3542,#3543,#3544,#3545,#3546));
#699=EDGE_LOOP('',(#3547,#3548,#3549,#3550,#3551));
#700=EDGE_LOOP('',(#3552,#3553,#3554,#3555,#3556));
#701=EDGE_LOOP('',(#3557,#3558,#3559,#3560,#3561));
#702=EDGE_LOOP('',(#3562,#3563,#3564,#3565,#3566));
#703=EDGE_LOOP('',(#3567,#3568,#3569,#3570,#3571));
#704=EDGE_LOOP('',(#3572,#3573,#3574,#3575,#3576));
#705=EDGE_LOOP('',(#3577,#3578,#3579,#3580,#3581));
#706=EDGE_LOOP('',(#3582,#3583,#3584,#3585,#3586));
#707=EDGE_LOOP('',(#3587,#3588,#3589,#3590,#3591));
#708=EDGE_LOOP('',(#3592,#3593,#3594,#3595,#3596));
#709=EDGE_LOOP('',(#3597,#3598,#3599,#3600,#3601));
#710=EDGE_LOOP('',(#3602,#3603,#3604,#3605,#3606));
#711=EDGE_LOOP('',(#3607,#3608,#3609,#3610,#3611));
#712=EDGE_LOOP('',(#3612,#3613,#3614,#3615,#3616));
#713=EDGE_LOOP('',(#3617,#3618,#3619,#3620,#3621));
#714=EDGE_LOOP('',(#3622,#3623,#3624,#3625,#3626));
#715=EDGE_LOOP('',(#3627,#3628,#3629,#3630,#3631));
#716=EDGE_LOOP('',(#3632,#3633,#3634,#3635,#3636));
#717=EDGE_LOOP('',(#3637,#3638,#3639,#3640,#3641));
#718=EDGE_LOOP('',(#3642,#3643,#3644,#3645,#3646));
#719=EDGE_LOOP('',(#3647,#3648,#3649,#3650,#3651));
#720=EDGE_LOOP('',(#3652,#3653,#3654,#3655,#3656));
#721=EDGE_LOOP('',(#3657,#3658,#3659,#3660,#3661));
#722=EDGE_LOOP('',(#3662,#3663,#3664,#3665,#3666));
#723=EDGE_LOOP('',(#3667,#3668,#3669,#3670,#3671));
#724=EDGE_LOOP('',(#3672,#3673,#3674,#3675,#3676));
#725=EDGE_LOOP('',(#3677,#3678,#3679,#3680,#3681));
#726=EDGE_LOOP('',(#3682,#3683,#3684,#3685,#3686));
#727=EDGE_LOOP('',(#3687,#3688,#3689,#3690,#3691,#3692,#3693,#3694,#3695,
#3696,#3697,#3698,#3699,#3700,#3701,#3702,#3703,#3704,#3705,#3706,#3707,
#3708,#3709,#3710));
#728=EDGE_LOOP('',(#3711));
#729=EDGE_LOOP('',(#3712));
#730=EDGE_LOOP('',(#3713));
#731=EDGE_LOOP('',(#3714));
#732=EDGE_LOOP('',(#3715));
#733=EDGE_LOOP('',(#3716));
#734=EDGE_LOOP('',(#3717));
#735=EDGE_LOOP('',(#3718));
#736=EDGE_LOOP('',(#3719));
#737=EDGE_LOOP('',(#3720));
#738=EDGE_LOOP('',(#3721));
#739=EDGE_LOOP('',(#3722));
#740=EDGE_LOOP('',(#3723));
#741=EDGE_LOOP('',(#3724));
#742=EDGE_LOOP('',(#3725));
#743=EDGE_LOOP('',(#3726));
#744=EDGE_LOOP('',(#3727,#3728,#3729,#3730,#3731,#3732,#3733,#3734));
#745=EDGE_LOOP('',(#3735,#3736,#3737,#3738,#3739,#3740,#3741,#3742));
#746=EDGE_LOOP('',(#3743,#3744,#3745,#3746,#3747,#3748,#3749,#3750));
#747=EDGE_LOOP('',(#3751));
#748=EDGE_LOOP('',(#3752));
#749=EDGE_LOOP('',(#3753));
#750=EDGE_LOOP('',(#3754));
#751=EDGE_LOOP('',(#3755,#3756,#3757,#3758,#3759,#3760,#3761,#3762));
#752=EDGE_LOOP('',(#3763));
#753=EDGE_LOOP('',(#3764));
#754=EDGE_LOOP('',(#3765));
#755=EDGE_LOOP('',(#3766));
#756=EDGE_LOOP('',(#3767));
#757=EDGE_LOOP('',(#3768));
#758=EDGE_LOOP('',(#3769));
#759=EDGE_LOOP('',(#3770));
#760=EDGE_LOOP('',(#3771));
#761=EDGE_LOOP('',(#3772));
#762=EDGE_LOOP('',(#3773));
#763=EDGE_LOOP('',(#3774));
#764=EDGE_LOOP('',(#3775));
#765=EDGE_LOOP('',(#3776));
#766=EDGE_LOOP('',(#3777));
#767=EDGE_LOOP('',(#3778));
#768=EDGE_LOOP('',(#3779));
#769=EDGE_LOOP('',(#3780));
#770=EDGE_LOOP('',(#3781));
#771=EDGE_LOOP('',(#3782));
#772=EDGE_LOOP('',(#3783));
#773=EDGE_LOOP('',(#3784));
#774=EDGE_LOOP('',(#3785));
#775=EDGE_LOOP('',(#3786));
#776=EDGE_LOOP('',(#3787));
#777=EDGE_LOOP('',(#3788));
#778=EDGE_LOOP('',(#3789));
#779=EDGE_LOOP('',(#3790));
#780=EDGE_LOOP('',(#3791));
#781=EDGE_LOOP('',(#3792));
#782=EDGE_LOOP('',(#3793));
#783=EDGE_LOOP('',(#3794));
#784=EDGE_LOOP('',(#3795));
#785=EDGE_LOOP('',(#3796));
#786=EDGE_LOOP('',(#3797));
#787=EDGE_LOOP('',(#3798));
#788=EDGE_LOOP('',(#3799));
#789=EDGE_LOOP('',(#3800));
#790=EDGE_LOOP('',(#3801));
#791=EDGE_LOOP('',(#3802));
#792=EDGE_LOOP('',(#3803));
#793=EDGE_LOOP('',(#3804));
#794=EDGE_LOOP('',(#3805));
#795=EDGE_LOOP('',(#3806));
#796=EDGE_LOOP('',(#3807));
#797=EDGE_LOOP('',(#3808));
#798=EDGE_LOOP('',(#3809));
#799=EDGE_LOOP('',(#3810));
#800=EDGE_LOOP('',(#3811));
#801=EDGE_LOOP('',(#3812));
#802=EDGE_LOOP('',(#3813));
#803=EDGE_LOOP('',(#3814));
#804=EDGE_LOOP('',(#3815));
#805=EDGE_LOOP('',(#3816));
#806=EDGE_LOOP('',(#3817));
#807=EDGE_LOOP('',(#3818));
#808=EDGE_LOOP('',(#3819));
#809=EDGE_LOOP('',(#3820));
#810=EDGE_LOOP('',(#3821));
#811=EDGE_LOOP('',(#3822));
#812=EDGE_LOOP('',(#3823));
#813=EDGE_LOOP('',(#3824));
#814=EDGE_LOOP('',(#3825,#3826,#3827,#3828,#3829,#3830,#3831,#3832,#3833,
#3834,#3835,#3836,#3837,#3838,#3839,#3840,#3841,#3842,#3843,#3844,#3845,
#3846,#3847,#3848));
#815=EDGE_LOOP('',(#3849,#3850,#3851,#3852,#3853,#3854,#3855,#3856));
#816=EDGE_LOOP('',(#3857));
#817=EDGE_LOOP('',(#3858));
#818=EDGE_LOOP('',(#3859));
#819=EDGE_LOOP('',(#3860));
#820=EDGE_LOOP('',(#3861,#3862,#3863,#3864,#3865,#3866,#3867,#3868));
#821=EDGE_LOOP('',(#3869));
#822=EDGE_LOOP('',(#3870));
#823=EDGE_LOOP('',(#3871));
#824=EDGE_LOOP('',(#3872));
#825=EDGE_LOOP('',(#3873));
#826=EDGE_LOOP('',(#3874));
#827=EDGE_LOOP('',(#3875));
#828=EDGE_LOOP('',(#3876));
#829=EDGE_LOOP('',(#3877));
#830=EDGE_LOOP('',(#3878));
#831=EDGE_LOOP('',(#3879));
#832=EDGE_LOOP('',(#3880));
#833=EDGE_LOOP('',(#3881));
#834=EDGE_LOOP('',(#3882));
#835=EDGE_LOOP('',(#3883));
#836=EDGE_LOOP('',(#3884));
#837=EDGE_LOOP('',(#3885));
#838=EDGE_LOOP('',(#3886));
#839=EDGE_LOOP('',(#3887));
#840=EDGE_LOOP('',(#3888));
#841=EDGE_LOOP('',(#3889));
#842=EDGE_LOOP('',(#3890));
#843=EDGE_LOOP('',(#3891));
#844=EDGE_LOOP('',(#3892));
#845=EDGE_LOOP('',(#3893));
#846=EDGE_LOOP('',(#3894));
#847=EDGE_LOOP('',(#3895));
#848=EDGE_LOOP('',(#3896));
#849=EDGE_LOOP('',(#3897));
#850=EDGE_LOOP('',(#3898));
#851=EDGE_LOOP('',(#3899));
#852=EDGE_LOOP('',(#3900));
#853=EDGE_LOOP('',(#3901));
#854=EDGE_LOOP('',(#3902));
#855=EDGE_LOOP('',(#3903));
#856=EDGE_LOOP('',(#3904));
#857=EDGE_LOOP('',(#3905));
#858=EDGE_LOOP('',(#3906));
#859=EDGE_LOOP('',(#3907));
#860=EDGE_LOOP('',(#3908));
#861=EDGE_LOOP('',(#3909));
#862=EDGE_LOOP('',(#3910));
#863=EDGE_LOOP('',(#3911));
#864=EDGE_LOOP('',(#3912));
#865=EDGE_LOOP('',(#3913));
#866=EDGE_LOOP('',(#3914));
#867=EDGE_LOOP('',(#3915));
#868=EDGE_LOOP('',(#3916));
#869=EDGE_LOOP('',(#3917));
#870=EDGE_LOOP('',(#3918));
#871=EDGE_LOOP('',(#3919));
#872=EDGE_LOOP('',(#3920));
#873=EDGE_LOOP('',(#3921));
#874=EDGE_LOOP('',(#3922));
#875=EDGE_LOOP('',(#3923));
#876=EDGE_LOOP('',(#3924));
#877=EDGE_LOOP('',(#3925));
#878=EDGE_LOOP('',(#3926));
#879=EDGE_LOOP('',(#3927));
#880=EDGE_LOOP('',(#3928));
#881=EDGE_LOOP('',(#3929));
#882=EDGE_LOOP('',(#3930));
#883=EDGE_LOOP('',(#3931));
#884=EDGE_LOOP('',(#3932));
#885=EDGE_LOOP('',(#3933));
#886=EDGE_LOOP('',(#3934));
#887=EDGE_LOOP('',(#3935));
#888=EDGE_LOOP('',(#3936));
#889=EDGE_LOOP('',(#3937));
#890=EDGE_LOOP('',(#3938));
#891=EDGE_LOOP('',(#3939));
#892=EDGE_LOOP('',(#3940));
#893=EDGE_LOOP('',(#3941));
#894=EDGE_LOOP('',(#3942));
#895=EDGE_LOOP('',(#3943));
#896=EDGE_LOOP('',(#3944));
#897=EDGE_LOOP('',(#3945));
#898=EDGE_LOOP('',(#3946));
#899=EDGE_LOOP('',(#3947,#3948,#3949,#3950,#3951,#3952,#3953,#3954));
#900=EDGE_LOOP('',(#3955,#3956,#3957,#3958,#3959,#3960,#3961,#3962));
#901=EDGE_LOOP('',(#3963,#3964,#3965,#3966));
#902=EDGE_LOOP('',(#3967,#3968,#3969,#3970));
#903=EDGE_LOOP('',(#3971,#3972,#3973,#3974));
#904=EDGE_LOOP('',(#3975,#3976,#3977,#3978));
#905=EDGE_LOOP('',(#3979,#3980,#3981,#3982));
#906=EDGE_LOOP('',(#3983,#3984,#3985,#3986));
#907=EDGE_LOOP('',(#3987,#3988,#3989,#3990));
#908=EDGE_LOOP('',(#3991,#3992,#3993,#3994));
#909=EDGE_LOOP('',(#3995,#3996,#3997,#3998));
#910=EDGE_LOOP('',(#3999,#4000,#4001,#4002));
#911=EDGE_LOOP('',(#4003,#4004,#4005,#4006));
#912=EDGE_LOOP('',(#4007,#4008,#4009,#4010));
#913=EDGE_LOOP('',(#4011,#4012,#4013,#4014));
#914=EDGE_LOOP('',(#4015,#4016,#4017,#4018));
#915=EDGE_LOOP('',(#4019,#4020,#4021,#4022));
#916=EDGE_LOOP('',(#4023,#4024,#4025,#4026));
#917=EDGE_LOOP('',(#4027,#4028,#4029,#4030));
#918=EDGE_LOOP('',(#4031,#4032,#4033,#4034));
#919=EDGE_LOOP('',(#4035,#4036,#4037,#4038));
#920=EDGE_LOOP('',(#4039,#4040,#4041,#4042));
#921=EDGE_LOOP('',(#4043,#4044,#4045,#4046));
#922=EDGE_LOOP('',(#4047,#4048,#4049,#4050));
#923=EDGE_LOOP('',(#4051,#4052,#4053,#4054));
#924=EDGE_LOOP('',(#4055,#4056,#4057,#4058));
#925=EDGE_LOOP('',(#4059,#4060,#4061,#4062));
#926=EDGE_LOOP('',(#4063,#4064,#4065,#4066));
#927=EDGE_LOOP('',(#4067,#4068,#4069,#4070));
#928=EDGE_LOOP('',(#4071,#4072,#4073,#4074));
#929=EDGE_LOOP('',(#4075,#4076,#4077,#4078));
#930=EDGE_LOOP('',(#4079,#4080,#4081,#4082));
#931=EDGE_LOOP('',(#4083,#4084,#4085,#4086));
#932=EDGE_LOOP('',(#4087,#4088,#4089,#4090));
#933=EDGE_LOOP('',(#4091,#4092,#4093,#4094));
#934=EDGE_LOOP('',(#4095,#4096,#4097,#4098));
#935=EDGE_LOOP('',(#4099,#4100,#4101,#4102));
#936=EDGE_LOOP('',(#4103,#4104,#4105,#4106));
#937=EDGE_LOOP('',(#4107,#4108,#4109,#4110));
#938=EDGE_LOOP('',(#4111,#4112,#4113,#4114));
#939=EDGE_LOOP('',(#4115,#4116,#4117,#4118));
#940=EDGE_LOOP('',(#4119,#4120,#4121,#4122));
#941=EDGE_LOOP('',(#4123,#4124,#4125,#4126));
#942=EDGE_LOOP('',(#4127,#4128,#4129,#4130));
#943=EDGE_LOOP('',(#4131,#4132,#4133,#4134));
#944=EDGE_LOOP('',(#4135,#4136,#4137,#4138));
#945=EDGE_LOOP('',(#4139,#4140,#4141,#4142));
#946=EDGE_LOOP('',(#4143,#4144,#4145,#4146));
#947=EDGE_LOOP('',(#4147,#4148,#4149,#4150));
#948=EDGE_LOOP('',(#4151,#4152,#4153,#4154));
#949=EDGE_LOOP('',(#4155,#4156,#4157,#4158));
#950=EDGE_LOOP('',(#4159,#4160,#4161,#4162));
#951=EDGE_LOOP('',(#4163,#4164,#4165,#4166));
#952=EDGE_LOOP('',(#4167,#4168,#4169,#4170));
#953=EDGE_LOOP('',(#4171,#4172,#4173,#4174));
#954=EDGE_LOOP('',(#4175,#4176,#4177,#4178));
#955=EDGE_LOOP('',(#4179,#4180,#4181,#4182));
#956=EDGE_LOOP('',(#4183,#4184,#4185,#4186));
#957=EDGE_LOOP('',(#4187,#4188,#4189,#4190));
#958=EDGE_LOOP('',(#4191,#4192,#4193,#4194));
#959=EDGE_LOOP('',(#4195,#4196,#4197,#4198));
#960=EDGE_LOOP('',(#4199,#4200,#4201,#4202));
#961=EDGE_LOOP('',(#4203,#4204,#4205,#4206));
#962=EDGE_LOOP('',(#4207,#4208,#4209,#4210));
#963=EDGE_LOOP('',(#4211,#4212,#4213,#4214));
#964=EDGE_LOOP('',(#4215,#4216,#4217,#4218));
#965=EDGE_LOOP('',(#4219,#4220,#4221,#4222));
#966=EDGE_LOOP('',(#4223,#4224,#4225,#4226));
#967=EDGE_LOOP('',(#4227,#4228,#4229,#4230));
#968=EDGE_LOOP('',(#4231,#4232,#4233,#4234));
#969=EDGE_LOOP('',(#4235,#4236,#4237,#4238));
#970=EDGE_LOOP('',(#4239,#4240,#4241,#4242));
#971=EDGE_LOOP('',(#4243,#4244,#4245,#4246));
#972=EDGE_LOOP('',(#4247,#4248,#4249,#4250));
#973=EDGE_LOOP('',(#4251,#4252,#4253,#4254));
#974=EDGE_LOOP('',(#4255,#4256,#4257,#4258));
#975=EDGE_LOOP('',(#4259,#4260,#4261,#4262));
#976=EDGE_LOOP('',(#4263,#4264,#4265,#4266));
#977=EDGE_LOOP('',(#4267,#4268,#4269,#4270));
#978=EDGE_LOOP('',(#4271,#4272,#4273,#4274));
#979=EDGE_LOOP('',(#4275,#4276,#4277,#4278));
#980=EDGE_LOOP('',(#4279,#4280,#4281,#4282));
#981=EDGE_LOOP('',(#4283,#4284,#4285,#4286));
#982=EDGE_LOOP('',(#4287,#4288,#4289,#4290));
#983=EDGE_LOOP('',(#4291,#4292,#4293,#4294));
#984=EDGE_LOOP('',(#4295,#4296,#4297,#4298));
#985=EDGE_LOOP('',(#4299,#4300,#4301,#4302));
#986=EDGE_LOOP('',(#4303,#4304,#4305,#4306));
#987=EDGE_LOOP('',(#4307,#4308,#4309,#4310));
#988=EDGE_LOOP('',(#4311,#4312,#4313,#4314));
#989=EDGE_LOOP('',(#4315,#4316,#4317,#4318));
#990=EDGE_LOOP('',(#4319,#4320,#4321,#4322));
#991=EDGE_LOOP('',(#4323,#4324,#4325,#4326));
#992=EDGE_LOOP('',(#4327,#4328,#4329,#4330));
#993=EDGE_LOOP('',(#4331,#4332,#4333,#4334));
#994=EDGE_LOOP('',(#4335,#4336,#4337,#4338));
#995=EDGE_LOOP('',(#4339,#4340,#4341,#4342));
#996=EDGE_LOOP('',(#4343,#4344,#4345,#4346));
#997=EDGE_LOOP('',(#4347,#4348,#4349,#4350));
#998=EDGE_LOOP('',(#4351,#4352,#4353,#4354));
#999=EDGE_LOOP('',(#4355,#4356,#4357,#4358));
#1000=EDGE_LOOP('',(#4359,#4360,#4361,#4362));
#1001=EDGE_LOOP('',(#4363,#4364,#4365,#4366));
#1002=EDGE_LOOP('',(#4367,#4368,#4369,#4370));
#1003=EDGE_LOOP('',(#4371,#4372,#4373,#4374));
#1004=EDGE_LOOP('',(#4375,#4376,#4377,#4378));
#1005=EDGE_LOOP('',(#4379,#4380,#4381,#4382));
#1006=EDGE_LOOP('',(#4383,#4384,#4385,#4386));
#1007=EDGE_LOOP('',(#4387,#4388,#4389,#4390));
#1008=EDGE_LOOP('',(#4391,#4392,#4393,#4394));
#1009=EDGE_LOOP('',(#4395,#4396,#4397,#4398));
#1010=EDGE_LOOP('',(#4399,#4400,#4401,#4402));
#1011=EDGE_LOOP('',(#4403,#4404,#4405,#4406));
#1012=EDGE_LOOP('',(#4407,#4408,#4409,#4410));
#1013=EDGE_LOOP('',(#4411,#4412,#4413,#4414));
#1014=EDGE_LOOP('',(#4415,#4416,#4417,#4418));
#1015=EDGE_LOOP('',(#4419,#4420,#4421,#4422));
#1016=EDGE_LOOP('',(#4423,#4424,#4425,#4426));
#1017=EDGE_LOOP('',(#4427,#4428,#4429,#4430));
#1018=EDGE_LOOP('',(#4431,#4432,#4433,#4434));
#1019=EDGE_LOOP('',(#4435,#4436,#4437,#4438));
#1020=EDGE_LOOP('',(#4439,#4440,#4441,#4442));
#1021=EDGE_LOOP('',(#4443,#4444,#4445,#4446));
#1022=EDGE_LOOP('',(#4447,#4448,#4449,#4450));
#1023=EDGE_LOOP('',(#4451,#4452,#4453,#4454));
#1024=EDGE_LOOP('',(#4455,#4456,#4457,#4458));
#1025=EDGE_LOOP('',(#4459,#4460,#4461,#4462));
#1026=EDGE_LOOP('',(#4463,#4464,#4465,#4466));
#1027=EDGE_LOOP('',(#4467,#4468,#4469,#4470));
#1028=EDGE_LOOP('',(#4471,#4472,#4473,#4474));
#1029=EDGE_LOOP('',(#4475,#4476,#4477,#4478));
#1030=EDGE_LOOP('',(#4479,#4480,#4481,#4482));
#1031=EDGE_LOOP('',(#4483,#4484,#4485,#4486));
#1032=EDGE_LOOP('',(#4487,#4488,#4489,#4490));
#1033=EDGE_LOOP('',(#4491,#4492,#4493,#4494));
#1034=EDGE_LOOP('',(#4495,#4496,#4497,#4498));
#1035=EDGE_LOOP('',(#4499,#4500,#4501,#4502));
#1036=EDGE_LOOP('',(#4503,#4504,#4505,#4506));
#1037=EDGE_LOOP('',(#4507,#4508,#4509,#4510));
#1038=EDGE_LOOP('',(#4511,#4512,#4513,#4514));
#1039=EDGE_LOOP('',(#4515,#4516,#4517,#4518));
#1040=EDGE_LOOP('',(#4519,#4520,#4521,#4522));
#1041=EDGE_LOOP('',(#4523,#4524,#4525,#4526));
#1042=EDGE_LOOP('',(#4527,#4528,#4529,#4530));
#1043=EDGE_LOOP('',(#4531,#4532,#4533,#4534));
#1044=EDGE_LOOP('',(#4535,#4536,#4537,#4538));
#1045=EDGE_LOOP('',(#4539,#4540,#4541,#4542));
#1046=EDGE_LOOP('',(#4543,#4544,#4545,#4546));
#1047=EDGE_LOOP('',(#4547,#4548,#4549,#4550));
#1048=EDGE_LOOP('',(#4551,#4552,#4553,#4554));
#1049=EDGE_LOOP('',(#4555,#4556,#4557,#4558));
#1050=EDGE_LOOP('',(#4559,#4560,#4561,#4562));
#1051=EDGE_LOOP('',(#4563,#4564,#4565,#4566));
#1052=EDGE_LOOP('',(#4567,#4568,#4569,#4570));
#1053=EDGE_LOOP('',(#4571,#4572,#4573,#4574));
#1054=EDGE_LOOP('',(#4575,#4576,#4577,#4578));
#1055=EDGE_LOOP('',(#4579,#4580,#4581,#4582));
#1056=EDGE_LOOP('',(#4583,#4584,#4585,#4586));
#1057=EDGE_LOOP('',(#4587,#4588,#4589,#4590));
#1058=EDGE_LOOP('',(#4591,#4592,#4593,#4594,#4595,#4596));
#1059=EDGE_LOOP('',(#4597,#4598,#4599,#4600));
#1060=EDGE_LOOP('',(#4601,#4602,#4603,#4604,#4605,#4606));
#1061=EDGE_LOOP('',(#4607,#4608,#4609,#4610));
#1062=EDGE_LOOP('',(#4611,#4612,#4613,#4614));
#1063=EDGE_LOOP('',(#4615,#4616,#4617,#4618));
#1064=EDGE_LOOP('',(#4619,#4620,#4621,#4622));
#1065=EDGE_LOOP('',(#4623,#4624,#4625,#4626));
#1066=EDGE_LOOP('',(#4627,#4628,#4629,#4630));
#1067=EDGE_LOOP('',(#4631,#4632,#4633,#4634));
#1068=EDGE_LOOP('',(#4635,#4636,#4637,#4638));
#1069=EDGE_LOOP('',(#4639,#4640,#4641,#4642,#4643,#4644));
#1070=EDGE_LOOP('',(#4645,#4646,#4647,#4648));
#1071=EDGE_LOOP('',(#4649,#4650,#4651,#4652,#4653,#4654));
#1072=EDGE_LOOP('',(#4655,#4656,#4657,#4658));
#1073=LINE('',#7056,#1471);
#1074=LINE('',#7062,#1472);
#1075=LINE('',#7068,#1473);
#1076=LINE('',#7074,#1474);
#1077=LINE('',#7080,#1475);
#1078=LINE('',#7086,#1476);
#1079=LINE('',#7092,#1477);
#1080=LINE('',#7098,#1478);
#1081=LINE('',#7104,#1479);
#1082=LINE('',#7110,#1480);
#1083=LINE('',#7116,#1481);
#1084=LINE('',#7122,#1482);
#1085=LINE('',#7128,#1483);
#1086=LINE('',#7134,#1484);
#1087=LINE('',#7140,#1485);
#1088=LINE('',#7146,#1486);
#1089=LINE('',#7152,#1487);
#1090=LINE('',#7158,#1488);
#1091=LINE('',#7164,#1489);
#1092=LINE('',#7170,#1490);
#1093=LINE('',#7176,#1491);
#1094=LINE('',#7182,#1492);
#1095=LINE('',#7188,#1493);
#1096=LINE('',#7194,#1494);
#1097=LINE('',#7200,#1495);
#1098=LINE('',#7206,#1496);
#1099=LINE('',#7212,#1497);
#1100=LINE('',#7218,#1498);
#1101=LINE('',#7224,#1499);
#1102=LINE('',#7230,#1500);
#1103=LINE('',#7236,#1501);
#1104=LINE('',#7242,#1502);
#1105=LINE('',#7248,#1503);
#1106=LINE('',#7254,#1504);
#1107=LINE('',#7260,#1505);
#1108=LINE('',#7266,#1506);
#1109=LINE('',#7272,#1507);
#1110=LINE('',#7278,#1508);
#1111=LINE('',#7284,#1509);
#1112=LINE('',#7290,#1510);
#1113=LINE('',#7296,#1511);
#1114=LINE('',#7302,#1512);
#1115=LINE('',#7308,#1513);
#1116=LINE('',#7314,#1514);
#1117=LINE('',#7320,#1515);
#1118=LINE('',#7326,#1516);
#1119=LINE('',#7332,#1517);
#1120=LINE('',#7338,#1518);
#1121=LINE('',#7344,#1519);
#1122=LINE('',#7350,#1520);
#1123=LINE('',#7356,#1521);
#1124=LINE('',#7362,#1522);
#1125=LINE('',#7368,#1523);
#1126=LINE('',#7374,#1524);
#1127=LINE('',#7380,#1525);
#1128=LINE('',#7386,#1526);
#1129=LINE('',#7392,#1527);
#1130=LINE('',#7398,#1528);
#1131=LINE('',#7404,#1529);
#1132=LINE('',#7410,#1530);
#1133=LINE('',#7416,#1531);
#1134=LINE('',#7422,#1532);
#1135=LINE('',#7428,#1533);
#1136=LINE('',#7434,#1534);
#1137=LINE('',#7440,#1535);
#1138=LINE('',#7446,#1536);
#1139=LINE('',#7454,#1537);
#1140=LINE('',#7458,#1538);
#1141=LINE('',#7466,#1539);
#1142=LINE('',#7470,#1540);
#1143=LINE('',#7478,#1541);
#1144=LINE('',#7482,#1542);
#1145=LINE('',#7490,#1543);
#1146=LINE('',#7494,#1544);
#1147=LINE('',#7502,#1545);
#1148=LINE('',#7506,#1546);
#1149=LINE('',#7514,#1547);
#1150=LINE('',#7518,#1548);
#1151=LINE('',#7526,#1549);
#1152=LINE('',#7530,#1550);
#1153=LINE('',#7538,#1551);
#1154=LINE('',#7542,#1552);
#1155=LINE('',#7550,#1553);
#1156=LINE('',#7554,#1554);
#1157=LINE('',#7562,#1555);
#1158=LINE('',#7566,#1556);
#1159=LINE('',#7574,#1557);
#1160=LINE('',#7578,#1558);
#1161=LINE('',#7586,#1559);
#1162=LINE('',#7590,#1560);
#1163=LINE('',#7598,#1561);
#1164=LINE('',#7602,#1562);
#1165=LINE('',#7610,#1563);
#1166=LINE('',#7614,#1564);
#1167=LINE('',#7622,#1565);
#1168=LINE('',#7626,#1566);
#1169=LINE('',#7634,#1567);
#1170=LINE('',#7638,#1568);
#1171=LINE('',#7643,#1569);
#1172=LINE('',#7647,#1570);
#1173=LINE('',#7649,#1571);
#1174=LINE('',#7651,#1572);
#1175=LINE('',#7653,#1573);
#1176=LINE('',#7655,#1574);
#1177=LINE('',#7657,#1575);
#1178=LINE('',#7659,#1576);
#1179=LINE('',#7663,#1577);
#1180=LINE('',#7665,#1578);
#1181=LINE('',#7667,#1579);
#1182=LINE('',#7671,#1580);
#1183=LINE('',#7673,#1581);
#1184=LINE('',#7675,#1582);
#1185=LINE('',#7677,#1583);
#1186=LINE('',#7679,#1584);
#1187=LINE('',#7681,#1585);
#1188=LINE('',#7683,#1586);
#1189=LINE('',#7687,#1587);
#1190=LINE('',#7688,#1588);
#1191=LINE('',#7693,#1589);
#1192=LINE('',#7697,#1590);
#1193=LINE('',#7701,#1591);
#1194=LINE('',#7704,#1592);
#1195=LINE('',#7709,#1593);
#1196=LINE('',#7713,#1594);
#1197=LINE('',#7717,#1595);
#1198=LINE('',#7720,#1596);
#1199=LINE('',#7725,#1597);
#1200=LINE('',#7729,#1598);
#1201=LINE('',#7733,#1599);
#1202=LINE('',#7736,#1600);
#1203=LINE('',#7739,#1601);
#1204=LINE('',#7743,#1602);
#1205=LINE('',#7747,#1603);
#1206=LINE('',#7751,#1604);
#1207=LINE('',#7758,#1605);
#1208=LINE('',#7760,#1606);
#1209=LINE('',#7762,#1607);
#1210=LINE('',#7766,#1608);
#1211=LINE('',#7768,#1609);
#1212=LINE('',#7770,#1610);
#1213=LINE('',#7772,#1611);
#1214=LINE('',#7774,#1612);
#1215=LINE('',#7776,#1613);
#1216=LINE('',#7778,#1614);
#1217=LINE('',#7782,#1615);
#1218=LINE('',#7784,#1616);
#1219=LINE('',#7786,#1617);
#1220=LINE('',#7790,#1618);
#1221=LINE('',#7792,#1619);
#1222=LINE('',#7794,#1620);
#1223=LINE('',#7796,#1621);
#1224=LINE('',#7798,#1622);
#1225=LINE('',#7800,#1623);
#1226=LINE('',#7801,#1624);
#1227=LINE('',#7806,#1625);
#1228=LINE('',#7810,#1626);
#1229=LINE('',#7814,#1627);
#1230=LINE('',#7817,#1628);
#1231=LINE('',#7820,#1629);
#1232=LINE('',#7824,#1630);
#1233=LINE('',#7828,#1631);
#1234=LINE('',#7832,#1632);
#1235=LINE('',#7836,#1633);
#1236=LINE('',#7840,#1634);
#1237=LINE('',#7844,#1635);
#1238=LINE('',#7848,#1636);
#1239=LINE('',#7852,#1637);
#1240=LINE('',#7856,#1638);
#1241=LINE('',#7860,#1639);
#1242=LINE('',#7864,#1640);
#1243=LINE('',#7867,#1641);
#1244=LINE('',#7868,#1642);
#1245=LINE('',#7872,#1643);
#1246=LINE('',#7874,#1644);
#1247=LINE('',#7876,#1645);
#1248=LINE('',#7877,#1646);
#1249=LINE('',#7881,#1647);
#1250=LINE('',#7883,#1648);
#1251=LINE('',#7885,#1649);
#1252=LINE('',#7886,#1650);
#1253=LINE('',#7888,#1651);
#1254=LINE('',#7889,#1652);
#1255=LINE('',#7891,#1653);
#1256=LINE('',#7892,#1654);
#1257=LINE('',#7896,#1655);
#1258=LINE('',#7898,#1656);
#1259=LINE('',#7900,#1657);
#1260=LINE('',#7901,#1658);
#1261=LINE('',#7905,#1659);
#1262=LINE('',#7907,#1660);
#1263=LINE('',#7909,#1661);
#1264=LINE('',#7910,#1662);
#1265=LINE('',#7912,#1663);
#1266=LINE('',#7913,#1664);
#1267=LINE('',#7915,#1665);
#1268=LINE('',#7916,#1666);
#1269=LINE('',#7920,#1667);
#1270=LINE('',#7922,#1668);
#1271=LINE('',#7924,#1669);
#1272=LINE('',#7925,#1670);
#1273=LINE('',#7929,#1671);
#1274=LINE('',#7931,#1672);
#1275=LINE('',#7933,#1673);
#1276=LINE('',#7934,#1674);
#1277=LINE('',#7936,#1675);
#1278=LINE('',#7937,#1676);
#1279=LINE('',#7939,#1677);
#1280=LINE('',#7940,#1678);
#1281=LINE('',#7944,#1679);
#1282=LINE('',#7946,#1680);
#1283=LINE('',#7948,#1681);
#1284=LINE('',#7949,#1682);
#1285=LINE('',#7953,#1683);
#1286=LINE('',#7955,#1684);
#1287=LINE('',#7957,#1685);
#1288=LINE('',#7958,#1686);
#1289=LINE('',#7960,#1687);
#1290=LINE('',#7961,#1688);
#1291=LINE('',#7965,#1689);
#1292=LINE('',#8021,#1690);
#1293=LINE('',#8024,#1691);
#1294=LINE('',#8029,#1692);
#1295=LINE('',#8077,#1693);
#1296=LINE('',#8080,#1694);
#1297=LINE('',#8081,#1695);
#1298=LINE('',#8083,#1696);
#1299=LINE('',#8086,#1697);
#1300=LINE('',#8087,#1698);
#1301=LINE('',#8090,#1699);
#1302=LINE('',#8094,#1700);
#1303=LINE('',#8150,#1701);
#1304=LINE('',#8153,#1702);
#1305=LINE('',#8158,#1703);
#1306=LINE('',#8206,#1704);
#1307=LINE('',#8209,#1705);
#1308=LINE('',#8210,#1706);
#1309=LINE('',#8212,#1707);
#1310=LINE('',#8215,#1708);
#1311=LINE('',#8216,#1709);
#1312=LINE('',#8219,#1710);
#1313=LINE('',#8262,#1711);
#1314=LINE('',#8309,#1712);
#1315=LINE('',#8450,#1713);
#1316=LINE('',#8503,#1714);
#1317=LINE('',#8505,#1715);
#1318=LINE('',#8507,#1716);
#1319=LINE('',#8510,#1717);
#1320=LINE('',#8512,#1718);
#1321=LINE('',#8513,#1719);
#1322=LINE('',#8516,#1720);
#1323=LINE('',#8517,#1721);
#1324=LINE('',#8520,#1722);
#1325=LINE('',#8521,#1723);
#1326=LINE('',#8523,#1724);
#1327=LINE('',#8567,#1725);
#1328=LINE('',#8614,#1726);
#1329=LINE('',#8755,#1727);
#1330=LINE('',#8808,#1728);
#1331=LINE('',#8810,#1729);
#1332=LINE('',#8812,#1730);
#1333=LINE('',#8815,#1731);
#1334=LINE('',#8817,#1732);
#1335=LINE('',#8818,#1733);
#1336=LINE('',#8821,#1734);
#1337=LINE('',#8822,#1735);
#1338=LINE('',#8825,#1736);
#1339=LINE('',#8826,#1737);
#1340=LINE('',#8828,#1738);
#1341=LINE('',#8872,#1739);
#1342=LINE('',#8919,#1740);
#1343=LINE('',#9012,#1741);
#1344=LINE('',#9013,#1742);
#1345=LINE('',#9016,#1743);
#1346=LINE('',#9018,#1744);
#1347=LINE('',#9023,#1745);
#1348=LINE('',#9024,#1746);
#1349=LINE('',#9025,#1747);
#1350=LINE('',#9027,#1748);
#1351=LINE('',#9029,#1749);
#1352=LINE('',#9074,#1750);
#1353=LINE('',#9121,#1751);
#1354=LINE('',#9214,#1752);
#1355=LINE('',#9215,#1753);
#1356=LINE('',#9218,#1754);
#1357=LINE('',#9220,#1755);
#1358=LINE('',#9225,#1756);
#1359=LINE('',#9226,#1757);
#1360=LINE('',#9227,#1758);
#1361=LINE('',#9229,#1759);
#1362=LINE('',#9231,#1760);
#1363=LINE('',#9276,#1761);
#1364=LINE('',#9463,#1762);
#1365=LINE('',#9517,#1763);
#1366=LINE('',#9519,#1764);
#1367=LINE('',#9523,#1765);
#1368=LINE('',#9524,#1766);
#1369=LINE('',#9525,#1767);
#1370=LINE('',#9528,#1768);
#1371=LINE('',#9529,#1769);
#1372=LINE('',#9532,#1770);
#1373=LINE('',#9533,#1771);
#1374=LINE('',#9535,#1772);
#1375=LINE('',#9579,#1773);
#1376=LINE('',#9766,#1774);
#1377=LINE('',#9820,#1775);
#1378=LINE('',#9822,#1776);
#1379=LINE('',#9826,#1777);
#1380=LINE('',#9827,#1778);
#1381=LINE('',#9828,#1779);
#1382=LINE('',#9831,#1780);
#1383=LINE('',#9832,#1781);
#1384=LINE('',#9835,#1782);
#1385=LINE('',#9836,#1783);
#1386=LINE('',#9838,#1784);
#1387=LINE('',#9882,#1785);
#1388=LINE('',#10069,#1786);
#1389=LINE('',#10123,#1787);
#1390=LINE('',#10125,#1788);
#1391=LINE('',#10129,#1789);
#1392=LINE('',#10130,#1790);
#1393=LINE('',#10131,#1791);
#1394=LINE('',#10134,#1792);
#1395=LINE('',#10135,#1793);
#1396=LINE('',#10138,#1794);
#1397=LINE('',#10139,#1795);
#1398=LINE('',#10141,#1796);
#1399=LINE('',#10185,#1797);
#1400=LINE('',#10372,#1798);
#1401=LINE('',#10426,#1799);
#1402=LINE('',#10428,#1800);
#1403=LINE('',#10432,#1801);
#1404=LINE('',#10433,#1802);
#1405=LINE('',#10434,#1803);
#1406=LINE('',#10437,#1804);
#1407=LINE('',#10438,#1805);
#1408=LINE('',#10441,#1806);
#1409=LINE('',#10442,#1807);
#1410=LINE('',#10444,#1808);
#1411=LINE('',#10447,#1809);
#1412=LINE('',#10448,#1810);
#1413=LINE('',#10450,#1811);
#1414=LINE('',#10452,#1812);
#1415=LINE('',#10454,#1813);
#1416=LINE('',#10456,#1814);
#1417=LINE('',#10458,#1815);
#1418=LINE('',#10460,#1816);
#1419=LINE('',#10463,#1817);
#1420=LINE('',#10464,#1818);
#1421=LINE('',#10466,#1819);
#1422=LINE('',#10468,#1820);
#1423=LINE('',#10470,#1821);
#1424=LINE('',#10472,#1822);
#1425=LINE('',#10474,#1823);
#1426=LINE('',#10476,#1824);
#1427=LINE('',#10491,#1825);
#1428=LINE('',#10492,#1826);
#1429=LINE('',#10494,#1827);
#1430=LINE('',#10496,#1828);
#1431=LINE('',#10498,#1829);
#1432=LINE('',#10500,#1830);
#1433=LINE('',#10502,#1831);
#1434=LINE('',#10504,#1832);
#1435=LINE('',#10506,#1833);
#1436=LINE('',#10507,#1834);
#1437=LINE('',#10509,#1835);
#1438=LINE('',#10510,#1836);
#1439=LINE('',#10512,#1837);
#1440=LINE('',#10514,#1838);
#1441=LINE('',#10516,#1839);
#1442=LINE('',#10518,#1840);
#1443=LINE('',#10524,#1841);
#1444=LINE('',#10529,#1842);
#1445=LINE('',#10533,#1843);
#1446=LINE('',#10535,#1844);
#1447=LINE('',#10541,#1845);
#1448=LINE('',#10544,#1846);
#1449=LINE('',#10547,#1847);
#1450=LINE('',#10549,#1848);
#1451=LINE('',#10550,#1849);
#1452=LINE('',#10555,#1850);
#1453=LINE('',#10558,#1851);
#1454=LINE('',#10559,#1852);
#1455=LINE('',#10561,#1853);
#1456=LINE('',#10563,#1854);
#1457=LINE('',#10568,#1855);
#1458=LINE('',#10575,#1856);
#1459=LINE('',#10578,#1857);
#1460=LINE('',#10580,#1858);
#1461=LINE('',#10586,#1859);
#1462=LINE('',#10589,#1860);
#1463=LINE('',#10592,#1861);
#1464=LINE('',#10594,#1862);
#1465=LINE('',#10595,#1863);
#1466=LINE('',#10600,#1864);
#1467=LINE('',#10603,#1865);
#1468=LINE('',#10604,#1866);
#1469=LINE('',#10606,#1867);
#1470=LINE('',#10608,#1868);
#1471=VECTOR('',#5609,2.24999999999997);
#1472=VECTOR('',#5616,2.24999999999997);
#1473=VECTOR('',#5623,2.24999999999997);
#1474=VECTOR('',#5630,2.24999999999997);
#1475=VECTOR('',#5637,2.5);
#1476=VECTOR('',#5644,2.5);
#1477=VECTOR('',#5651,2.5);
#1478=VECTOR('',#5658,2.5);
#1479=VECTOR('',#5665,2.5);
#1480=VECTOR('',#5672,2.5);
#1481=VECTOR('',#5679,2.5);
#1482=VECTOR('',#5686,2.5);
#1483=VECTOR('',#5693,3.05);
#1484=VECTOR('',#5700,3.05);
#1485=VECTOR('',#5707,3.05);
#1486=VECTOR('',#5714,3.05);
#1487=VECTOR('',#5721,3.05);
#1488=VECTOR('',#5728,3.05);
#1489=VECTOR('',#5735,2.5);
#1490=VECTOR('',#5742,2.5);
#1491=VECTOR('',#5749,2.5);
#1492=VECTOR('',#5756,2.5);
#1493=VECTOR('',#5763,3.05);
#1494=VECTOR('',#5770,3.05);
#1495=VECTOR('',#5777,3.05);
#1496=VECTOR('',#5784,3.05);
#1497=VECTOR('',#5791,3.05);
#1498=VECTOR('',#5798,3.05);
#1499=VECTOR('',#5805,3.05);
#1500=VECTOR('',#5812,3.05);
#1501=VECTOR('',#5819,3.05);
#1502=VECTOR('',#5826,3.05);
#1503=VECTOR('',#5833,3.05);
#1504=VECTOR('',#5840,3.05);
#1505=VECTOR('',#5847,3.05);
#1506=VECTOR('',#5854,3.05);
#1507=VECTOR('',#5861,3.05);
#1508=VECTOR('',#5868,3.05);
#1509=VECTOR('',#5875,3.05);
#1510=VECTOR('',#5882,3.05);
#1511=VECTOR('',#5889,3.05);
#1512=VECTOR('',#5896,3.05);
#1513=VECTOR('',#5903,2.64999999999999);
#1514=VECTOR('',#5910,2.64999999999999);
#1515=VECTOR('',#5917,2.64999999999999);
#1516=VECTOR('',#5924,2.64999999999999);
#1517=VECTOR('',#5931,2.64999999999999);
#1518=VECTOR('',#5938,2.64999999999999);
#1519=VECTOR('',#5945,2.64999999999999);
#1520=VECTOR('',#5952,2.64999999999999);
#1521=VECTOR('',#5959,2.64999999999999);
#1522=VECTOR('',#5966,2.64999999999999);
#1523=VECTOR('',#5973,2.64999999999999);
#1524=VECTOR('',#5980,2.64999999999999);
#1525=VECTOR('',#5987,2.64999999999999);
#1526=VECTOR('',#5994,2.64999999999999);
#1527=VECTOR('',#6001,2.64999999999999);
#1528=VECTOR('',#6008,2.64999999999999);
#1529=VECTOR('',#6015,2.65);
#1530=VECTOR('',#6022,2.65);
#1531=VECTOR('',#6029,2.65);
#1532=VECTOR('',#6036,2.65);
#1533=VECTOR('',#6043,2.65);
#1534=VECTOR('',#6050,2.65);
#1535=VECTOR('',#6057,2.65);
#1536=VECTOR('',#6064,2.65);
#1537=VECTOR('',#6073,4.59999999999999);
#1538=VECTOR('',#6078,4.59999999999999);
#1539=VECTOR('',#6087,4.59999999999999);
#1540=VECTOR('',#6092,4.59999999999999);
#1541=VECTOR('',#6101,4.59999999999999);
#1542=VECTOR('',#6106,4.59999999999999);
#1543=VECTOR('',#6115,4.59999999999999);
#1544=VECTOR('',#6120,4.59999999999999);
#1545=VECTOR('',#6129,4.59999999999999);
#1546=VECTOR('',#6134,4.59999999999999);
#1547=VECTOR('',#6143,4.59999999999999);
#1548=VECTOR('',#6148,4.59999999999999);
#1549=VECTOR('',#6157,4.59999999999999);
#1550=VECTOR('',#6162,4.59999999999999);
#1551=VECTOR('',#6171,4.59999999999999);
#1552=VECTOR('',#6176,4.59999999999999);
#1553=VECTOR('',#6185,4.59999999999999);
#1554=VECTOR('',#6190,4.59999999999999);
#1555=VECTOR('',#6199,4.59999999999999);
#1556=VECTOR('',#6204,4.59999999999999);
#1557=VECTOR('',#6213,4.59999999999999);
#1558=VECTOR('',#6218,4.59999999999999);
#1559=VECTOR('',#6227,4.59999999999999);
#1560=VECTOR('',#6232,4.59999999999999);
#1561=VECTOR('',#6241,4.59999999999999);
#1562=VECTOR('',#6246,4.59999999999999);
#1563=VECTOR('',#6255,4.59999999999999);
#1564=VECTOR('',#6260,4.59999999999999);
#1565=VECTOR('',#6269,4.59999999999999);
#1566=VECTOR('',#6274,4.59999999999999);
#1567=VECTOR('',#6283,4.59999999999999);
#1568=VECTOR('',#6288,4.59999999999999);
#1569=VECTOR('',#6293,1000.);
#1570=VECTOR('',#6296,1000.);
#1571=VECTOR('',#6297,1000.);
#1572=VECTOR('',#6298,1000.);
#1573=VECTOR('',#6299,1000.);
#1574=VECTOR('',#6300,1000.);
#1575=VECTOR('',#6301,1000.);
#1576=VECTOR('',#6302,1000.);
#1577=VECTOR('',#6305,1000.);
#1578=VECTOR('',#6306,1000.);
#1579=VECTOR('',#6307,1000.);
#1580=VECTOR('',#6310,1000.);
#1581=VECTOR('',#6311,1000.);
#1582=VECTOR('',#6312,1000.);
#1583=VECTOR('',#6313,1000.);
#1584=VECTOR('',#6314,1000.);
#1585=VECTOR('',#6315,1000.);
#1586=VECTOR('',#6316,1000.);
#1587=VECTOR('',#6319,1000.);
#1588=VECTOR('',#6320,1000.);
#1589=VECTOR('',#6323,1000.);
#1590=VECTOR('',#6326,1000.);
#1591=VECTOR('',#6329,1000.);
#1592=VECTOR('',#6332,1000.);
#1593=VECTOR('',#6335,1000.);
#1594=VECTOR('',#6338,1000.);
#1595=VECTOR('',#6341,1000.);
#1596=VECTOR('',#6344,1000.);
#1597=VECTOR('',#6347,1000.);
#1598=VECTOR('',#6350,1000.);
#1599=VECTOR('',#6353,1000.);
#1600=VECTOR('',#6356,1000.);
#1601=VECTOR('',#6357,1000.);
#1602=VECTOR('',#6360,1000.);
#1603=VECTOR('',#6363,1000.);
#1604=VECTOR('',#6366,1000.);
#1605=VECTOR('',#6373,1000.);
#1606=VECTOR('',#6374,1000.);
#1607=VECTOR('',#6375,1000.);
#1608=VECTOR('',#6378,1000.);
#1609=VECTOR('',#6379,1000.);
#1610=VECTOR('',#6380,1000.);
#1611=VECTOR('',#6381,1000.);
#1612=VECTOR('',#6382,1000.);
#1613=VECTOR('',#6383,1000.);
#1614=VECTOR('',#6384,1000.);
#1615=VECTOR('',#6387,1000.);
#1616=VECTOR('',#6388,1000.);
#1617=VECTOR('',#6389,1000.);
#1618=VECTOR('',#6392,1000.);
#1619=VECTOR('',#6393,1000.);
#1620=VECTOR('',#6394,1000.);
#1621=VECTOR('',#6395,1000.);
#1622=VECTOR('',#6396,1000.);
#1623=VECTOR('',#6397,1000.);
#1624=VECTOR('',#6398,1000.);
#1625=VECTOR('',#6401,1000.);
#1626=VECTOR('',#6404,1000.);
#1627=VECTOR('',#6407,1000.);
#1628=VECTOR('',#6410,1000.);
#1629=VECTOR('',#6411,1000.);
#1630=VECTOR('',#6414,1000.);
#1631=VECTOR('',#6417,1000.);
#1632=VECTOR('',#6420,1000.);
#1633=VECTOR('',#6423,1000.);
#1634=VECTOR('',#6426,1000.);
#1635=VECTOR('',#6429,1000.);
#1636=VECTOR('',#6432,1000.);
#1637=VECTOR('',#6435,1000.);
#1638=VECTOR('',#6438,1000.);
#1639=VECTOR('',#6441,1000.);
#1640=VECTOR('',#6444,1000.);
#1641=VECTOR('',#6449,1000.);
#1642=VECTOR('',#6450,1000.);
#1643=VECTOR('',#6453,1000.);
#1644=VECTOR('',#6454,1000.);
#1645=VECTOR('',#6455,1000.);
#1646=VECTOR('',#6456,1000.);
#1647=VECTOR('',#6459,1000.);
#1648=VECTOR('',#6460,1000.);
#1649=VECTOR('',#6461,1000.);
#1650=VECTOR('',#6462,1000.);
#1651=VECTOR('',#6465,1000.);
#1652=VECTOR('',#6466,1000.);
#1653=VECTOR('',#6469,1000.);
#1654=VECTOR('',#6470,1000.);
#1655=VECTOR('',#6473,1000.);
#1656=VECTOR('',#6474,1000.);
#1657=VECTOR('',#6475,1000.);
#1658=VECTOR('',#6476,1000.);
#1659=VECTOR('',#6479,1000.);
#1660=VECTOR('',#6480,1000.);
#1661=VECTOR('',#6481,1000.);
#1662=VECTOR('',#6482,1000.);
#1663=VECTOR('',#6485,1000.);
#1664=VECTOR('',#6486,1000.);
#1665=VECTOR('',#6489,1000.);
#1666=VECTOR('',#6490,1000.);
#1667=VECTOR('',#6493,1000.);
#1668=VECTOR('',#6494,1000.);
#1669=VECTOR('',#6495,1000.);
#1670=VECTOR('',#6496,1000.);
#1671=VECTOR('',#6499,1000.);
#1672=VECTOR('',#6500,1000.);
#1673=VECTOR('',#6501,1000.);
#1674=VECTOR('',#6502,1000.);
#1675=VECTOR('',#6505,1000.);
#1676=VECTOR('',#6506,1000.);
#1677=VECTOR('',#6509,1000.);
#1678=VECTOR('',#6510,1000.);
#1679=VECTOR('',#6513,1000.);
#1680=VECTOR('',#6514,1000.);
#1681=VECTOR('',#6515,1000.);
#1682=VECTOR('',#6516,1000.);
#1683=VECTOR('',#6519,1000.);
#1684=VECTOR('',#6520,1000.);
#1685=VECTOR('',#6521,1000.);
#1686=VECTOR('',#6522,1000.);
#1687=VECTOR('',#6525,1000.);
#1688=VECTOR('',#6526,1000.);
#1689=VECTOR('',#6533,1000.);
#1690=VECTOR('',#6538,1000.);
#1691=VECTOR('',#6543,1000.);
#1692=VECTOR('',#6550,1000.);
#1693=VECTOR('',#6553,1000.);
#1694=VECTOR('',#6556,1000.);
#1695=VECTOR('',#6557,1000.);
#1696=VECTOR('',#6560,1000.);
#1697=VECTOR('',#6563,1000.);
#1698=VECTOR('',#6564,1000.);
#1699=VECTOR('',#6569,1000.);
#1700=VECTOR('',#6576,1000.);
#1701=VECTOR('',#6581,1000.);
#1702=VECTOR('',#6586,1000.);
#1703=VECTOR('',#6593,1000.);
#1704=VECTOR('',#6596,1000.);
#1705=VECTOR('',#6599,1000.);
#1706=VECTOR('',#6600,1000.);
#1707=VECTOR('',#6603,1000.);
#1708=VECTOR('',#6606,1000.);
#1709=VECTOR('',#6607,1000.);
#1710=VECTOR('',#6612,1000.);
#1711=VECTOR('',#6613,1000.);
#1712=VECTOR('',#6614,1000.);
#1713=VECTOR('',#6615,1000.);
#1714=VECTOR('',#6616,1000.);
#1715=VECTOR('',#6619,1000.);
#1716=VECTOR('',#6622,1000.);
#1717=VECTOR('',#6625,1000.);
#1718=VECTOR('',#6626,1000.);
#1719=VECTOR('',#6627,1000.);
#1720=VECTOR('',#6630,1000.);
#1721=VECTOR('',#6631,1000.);
#1722=VECTOR('',#6634,1000.);
#1723=VECTOR('',#6635,1000.);
#1724=VECTOR('',#6638,1000.);
#1725=VECTOR('',#6641,1000.);
#1726=VECTOR('',#6642,1000.);
#1727=VECTOR('',#6643,1000.);
#1728=VECTOR('',#6644,1000.);
#1729=VECTOR('',#6647,1000.);
#1730=VECTOR('',#6650,1000.);
#1731=VECTOR('',#6653,1000.);
#1732=VECTOR('',#6654,1000.);
#1733=VECTOR('',#6655,1000.);
#1734=VECTOR('',#6658,1000.);
#1735=VECTOR('',#6659,1000.);
#1736=VECTOR('',#6662,1000.);
#1737=VECTOR('',#6663,1000.);
#1738=VECTOR('',#6666,1000.);
#1739=VECTOR('',#6669,1000.);
#1740=VECTOR('',#6670,1000.);
#1741=VECTOR('',#6671,1000.);
#1742=VECTOR('',#6672,1000.);
#1743=VECTOR('',#6677,1000.);
#1744=VECTOR('',#6680,1000.);
#1745=VECTOR('',#6685,1000.);
#1746=VECTOR('',#6686,1000.);
#1747=VECTOR('',#6687,1000.);
#1748=VECTOR('',#6690,1000.);
#1749=VECTOR('',#6693,1000.);
#1750=VECTOR('',#6698,1000.);
#1751=VECTOR('',#6699,1000.);
#1752=VECTOR('',#6700,1000.);
#1753=VECTOR('',#6701,1000.);
#1754=VECTOR('',#6706,1000.);
#1755=VECTOR('',#6709,1000.);
#1756=VECTOR('',#6714,1000.);
#1757=VECTOR('',#6715,1000.);
#1758=VECTOR('',#6716,1000.);
#1759=VECTOR('',#6719,1000.);
#1760=VECTOR('',#6722,1000.);
#1761=VECTOR('',#6727,1000.);
#1762=VECTOR('',#6728,1000.);
#1763=VECTOR('',#6731,1000.);
#1764=VECTOR('',#6734,1000.);
#1765=VECTOR('',#6737,1000.);
#1766=VECTOR('',#6738,1000.);
#1767=VECTOR('',#6739,1000.);
#1768=VECTOR('',#6742,1000.);
#1769=VECTOR('',#6743,1000.);
#1770=VECTOR('',#6746,1000.);
#1771=VECTOR('',#6747,1000.);
#1772=VECTOR('',#6750,1000.);
#1773=VECTOR('',#6753,1000.);
#1774=VECTOR('',#6754,1000.);
#1775=VECTOR('',#6757,1000.);
#1776=VECTOR('',#6760,1000.);
#1777=VECTOR('',#6763,1000.);
#1778=VECTOR('',#6764,1000.);
#1779=VECTOR('',#6765,1000.);
#1780=VECTOR('',#6768,1000.);
#1781=VECTOR('',#6769,1000.);
#1782=VECTOR('',#6772,1000.);
#1783=VECTOR('',#6773,1000.);
#1784=VECTOR('',#6776,1000.);
#1785=VECTOR('',#6779,1000.);
#1786=VECTOR('',#6780,1000.);
#1787=VECTOR('',#6783,1000.);
#1788=VECTOR('',#6786,1000.);
#1789=VECTOR('',#6789,1000.);
#1790=VECTOR('',#6790,1000.);
#1791=VECTOR('',#6791,1000.);
#1792=VECTOR('',#6794,1000.);
#1793=VECTOR('',#6795,1000.);
#1794=VECTOR('',#6798,1000.);
#1795=VECTOR('',#6799,1000.);
#1796=VECTOR('',#6802,1000.);
#1797=VECTOR('',#6805,1000.);
#1798=VECTOR('',#6806,1000.);
#1799=VECTOR('',#6809,1000.);
#1800=VECTOR('',#6812,1000.);
#1801=VECTOR('',#6815,1000.);
#1802=VECTOR('',#6816,1000.);
#1803=VECTOR('',#6817,1000.);
#1804=VECTOR('',#6820,1000.);
#1805=VECTOR('',#6821,1000.);
#1806=VECTOR('',#6824,1000.);
#1807=VECTOR('',#6825,1000.);
#1808=VECTOR('',#6828,1000.);
#1809=VECTOR('',#6833,1000.);
#1810=VECTOR('',#6834,1000.);
#1811=VECTOR('',#6837,1000.);
#1812=VECTOR('',#6840,1000.);
#1813=VECTOR('',#6843,1000.);
#1814=VECTOR('',#6846,1000.);
#1815=VECTOR('',#6849,1000.);
#1816=VECTOR('',#6852,1000.);
#1817=VECTOR('',#6857,1000.);
#1818=VECTOR('',#6858,1000.);
#1819=VECTOR('',#6861,1000.);
#1820=VECTOR('',#6864,1000.);
#1821=VECTOR('',#6867,1000.);
#1822=VECTOR('',#6870,1000.);
#1823=VECTOR('',#6873,1000.);
#1824=VECTOR('',#6876,1000.);
#1825=VECTOR('',#6905,1000.);
#1826=VECTOR('',#6906,1000.);
#1827=VECTOR('',#6909,1000.);
#1828=VECTOR('',#6912,1000.);
#1829=VECTOR('',#6915,1000.);
#1830=VECTOR('',#6918,1000.);
#1831=VECTOR('',#6921,1000.);
#1832=VECTOR('',#6924,1000.);
#1833=VECTOR('',#6927,1000.);
#1834=VECTOR('',#6928,1000.);
#1835=VECTOR('',#6931,1000.);
#1836=VECTOR('',#6932,1000.);
#1837=VECTOR('',#6935,1000.);
#1838=VECTOR('',#6938,1000.);
#1839=VECTOR('',#6941,1000.);
#1840=VECTOR('',#6944,1000.);
#1841=VECTOR('',#6951,1000.);
#1842=VECTOR('',#6956,1000.);
#1843=VECTOR('',#6963,1000.);
#1844=VECTOR('',#6966,1000.);
#1845=VECTOR('',#6971,1000.);
#1846=VECTOR('',#6974,1000.);
#1847=VECTOR('',#6977,1000.);
#1848=VECTOR('',#6978,1000.);
#1849=VECTOR('',#6979,1000.);
#1850=VECTOR('',#6984,1000.);
#1851=VECTOR('',#6989,1000.);
#1852=VECTOR('',#6990,1000.);
#1853=VECTOR('',#6993,1000.);
#1854=VECTOR('',#6996,1000.);
#1855=VECTOR('',#7001,1000.);
#1856=VECTOR('',#7010,1000.);
#1857=VECTOR('',#7015,1000.);
#1858=VECTOR('',#7018,1000.);
#1859=VECTOR('',#7023,1000.);
#1860=VECTOR('',#7026,1000.);
#1861=VECTOR('',#7029,1000.);
#1862=VECTOR('',#7030,1000.);
#1863=VECTOR('',#7031,1000.);
#1864=VECTOR('',#7036,1000.);
#1865=VECTOR('',#7041,1000.);
#1866=VECTOR('',#7042,1000.);
#1867=VECTOR('',#7045,1000.);
#1868=VECTOR('',#7048,1000.);
#1869=CIRCLE('',#5080,2.24999999999997);
#1870=CIRCLE('',#5081,2.24999999999997);
#1871=CIRCLE('',#5083,2.24999999999997);
#1872=CIRCLE('',#5084,2.24999999999997);
#1873=CIRCLE('',#5086,2.24999999999997);
#1874=CIRCLE('',#5087,2.24999999999997);
#1875=CIRCLE('',#5089,2.24999999999997);
#1876=CIRCLE('',#5090,2.24999999999997);
#1877=CIRCLE('',#5092,2.5);
#1878=CIRCLE('',#5093,2.5);
#1879=CIRCLE('',#5095,2.5);
#1880=CIRCLE('',#5096,2.5);
#1881=CIRCLE('',#5098,2.5);
#1882=CIRCLE('',#5099,2.5);
#1883=CIRCLE('',#5101,2.5);
#1884=CIRCLE('',#5102,2.5);
#1885=CIRCLE('',#5104,2.5);
#1886=CIRCLE('',#5105,2.5);
#1887=CIRCLE('',#5107,2.5);
#1888=CIRCLE('',#5108,2.5);
#1889=CIRCLE('',#5110,2.5);
#1890=CIRCLE('',#5111,2.5);
#1891=CIRCLE('',#5113,2.5);
#1892=CIRCLE('',#5114,2.5);
#1893=CIRCLE('',#5116,3.05);
#1894=CIRCLE('',#5117,3.05);
#1895=CIRCLE('',#5119,3.05);
#1896=CIRCLE('',#5120,3.05);
#1897=CIRCLE('',#5122,3.05);
#1898=CIRCLE('',#5123,3.05);
#1899=CIRCLE('',#5125,3.05);
#1900=CIRCLE('',#5126,3.05);
#1901=CIRCLE('',#5128,3.05);
#1902=CIRCLE('',#5129,3.05);
#1903=CIRCLE('',#5131,3.05);
#1904=CIRCLE('',#5132,3.05);
#1905=CIRCLE('',#5134,2.5);
#1906=CIRCLE('',#5135,2.5);
#1907=CIRCLE('',#5137,2.5);
#1908=CIRCLE('',#5138,2.5);
#1909=CIRCLE('',#5140,2.5);
#1910=CIRCLE('',#5141,2.5);
#1911=CIRCLE('',#5143,2.5);
#1912=CIRCLE('',#5144,2.5);
#1913=CIRCLE('',#5146,3.05);
#1914=CIRCLE('',#5147,3.05);
#1915=CIRCLE('',#5149,3.05);
#1916=CIRCLE('',#5150,3.05);
#1917=CIRCLE('',#5152,3.05);
#1918=CIRCLE('',#5153,3.05);
#1919=CIRCLE('',#5155,3.05);
#1920=CIRCLE('',#5156,3.05);
#1921=CIRCLE('',#5158,3.05);
#1922=CIRCLE('',#5159,3.05);
#1923=CIRCLE('',#5161,3.05);
#1924=CIRCLE('',#5162,3.05);
#1925=CIRCLE('',#5164,3.05);
#1926=CIRCLE('',#5165,3.05);
#1927=CIRCLE('',#5167,3.05);
#1928=CIRCLE('',#5168,3.05);
#1929=CIRCLE('',#5170,3.05);
#1930=CIRCLE('',#5171,3.05);
#1931=CIRCLE('',#5173,3.05);
#1932=CIRCLE('',#5174,3.05);
#1933=CIRCLE('',#5176,3.05);
#1934=CIRCLE('',#5177,3.05);
#1935=CIRCLE('',#5179,3.05);
#1936=CIRCLE('',#5180,3.05);
#1937=CIRCLE('',#5182,3.05);
#1938=CIRCLE('',#5183,3.05);
#1939=CIRCLE('',#5185,3.05);
#1940=CIRCLE('',#5186,3.05);
#1941=CIRCLE('',#5188,3.05);
#1942=CIRCLE('',#5189,3.05);
#1943=CIRCLE('',#5191,3.05);
#1944=CIRCLE('',#5192,3.05);
#1945=CIRCLE('',#5194,3.05);
#1946=CIRCLE('',#5195,3.05);
#1947=CIRCLE('',#5197,3.05);
#1948=CIRCLE('',#5198,3.05);
#1949=CIRCLE('',#5200,3.05);
#1950=CIRCLE('',#5201,3.05);
#1951=CIRCLE('',#5203,3.05);
#1952=CIRCLE('',#5204,3.05);
#1953=CIRCLE('',#5206,2.64999999999999);
#1954=CIRCLE('',#5207,2.64999999999999);
#1955=CIRCLE('',#5209,2.64999999999999);
#1956=CIRCLE('',#5210,2.64999999999999);
#1957=CIRCLE('',#5212,2.64999999999999);
#1958=CIRCLE('',#5213,2.64999999999999);
#1959=CIRCLE('',#5215,2.64999999999999);
#1960=CIRCLE('',#5216,2.64999999999999);
#1961=CIRCLE('',#5218,2.64999999999999);
#1962=CIRCLE('',#5219,2.64999999999999);
#1963=CIRCLE('',#5221,2.64999999999999);
#1964=CIRCLE('',#5222,2.64999999999999);
#1965=CIRCLE('',#5224,2.64999999999999);
#1966=CIRCLE('',#5225,2.64999999999999);
#1967=CIRCLE('',#5227,2.64999999999999);
#1968=CIRCLE('',#5228,2.64999999999999);
#1969=CIRCLE('',#5230,2.64999999999999);
#1970=CIRCLE('',#5231,2.64999999999999);
#1971=CIRCLE('',#5233,2.64999999999999);
#1972=CIRCLE('',#5234,2.64999999999999);
#1973=CIRCLE('',#5236,2.64999999999999);
#1974=CIRCLE('',#5237,2.64999999999999);
#1975=CIRCLE('',#5239,2.64999999999999);
#1976=CIRCLE('',#5240,2.64999999999999);
#1977=CIRCLE('',#5242,2.64999999999999);
#1978=CIRCLE('',#5243,2.64999999999999);
#1979=CIRCLE('',#5245,2.64999999999999);
#1980=CIRCLE('',#5246,2.64999999999999);
#1981=CIRCLE('',#5248,2.64999999999999);
#1982=CIRCLE('',#5249,2.64999999999999);
#1983=CIRCLE('',#5251,2.64999999999999);
#1984=CIRCLE('',#5252,2.64999999999999);
#1985=CIRCLE('',#5254,2.65);
#1986=CIRCLE('',#5255,2.64999999999999);
#1987=CIRCLE('',#5257,2.65);
#1988=CIRCLE('',#5258,2.64999999999999);
#1989=CIRCLE('',#5260,2.65);
#1990=CIRCLE('',#5261,2.64999999999999);
#1991=CIRCLE('',#5263,2.65);
#1992=CIRCLE('',#5264,2.64999999999999);
#1993=CIRCLE('',#5266,2.65);
#1994=CIRCLE('',#5267,2.64999999999999);
#1995=CIRCLE('',#5269,2.65);
#1996=CIRCLE('',#5270,2.64999999999999);
#1997=CIRCLE('',#5272,2.65);
#1998=CIRCLE('',#5273,2.64999999999999);
#1999=CIRCLE('',#5275,2.65);
#2000=CIRCLE('',#5276,2.64999999999999);
#2001=CIRCLE('',#5278,4.59999999999999);
#2002=CIRCLE('',#5279,4.59999999999999);
#2003=CIRCLE('',#5280,4.59999999999999);
#2004=CIRCLE('',#5282,5.24999999999998);
#2005=CIRCLE('',#5284,4.59999999999999);
#2006=CIRCLE('',#5285,4.59999999999999);
#2007=CIRCLE('',#5286,4.59999999999999);
#2008=CIRCLE('',#5288,5.24999999999998);
#2009=CIRCLE('',#5290,4.59999999999999);
#2010=CIRCLE('',#5291,4.59999999999999);
#2011=CIRCLE('',#5292,4.59999999999999);
#2012=CIRCLE('',#5294,5.24999999999998);
#2013=CIRCLE('',#5296,4.59999999999999);
#2014=CIRCLE('',#5297,4.59999999999999);
#2015=CIRCLE('',#5298,4.59999999999999);
#2016=CIRCLE('',#5300,5.24999999999998);
#2017=CIRCLE('',#5302,4.59999999999999);
#2018=CIRCLE('',#5303,4.59999999999999);
#2019=CIRCLE('',#5304,4.59999999999999);
#2020=CIRCLE('',#5306,5.24999999999998);
#2021=CIRCLE('',#5308,4.59999999999999);
#2022=CIRCLE('',#5309,4.59999999999999);
#2023=CIRCLE('',#5310,4.59999999999999);
#2024=CIRCLE('',#5312,5.24999999999998);
#2025=CIRCLE('',#5314,4.59999999999999);
#2026=CIRCLE('',#5315,4.59999999999999);
#2027=CIRCLE('',#5316,4.59999999999999);
#2028=CIRCLE('',#5318,5.24999999999998);
#2029=CIRCLE('',#5320,4.59999999999999);
#2030=CIRCLE('',#5321,4.59999999999999);
#2031=CIRCLE('',#5322,4.59999999999999);
#2032=CIRCLE('',#5324,5.24999999999998);
#2033=CIRCLE('',#5326,4.59999999999999);
#2034=CIRCLE('',#5327,4.59999999999999);
#2035=CIRCLE('',#5328,4.59999999999999);
#2036=CIRCLE('',#5330,5.25);
#2037=CIRCLE('',#5332,4.59999999999999);
#2038=CIRCLE('',#5333,4.59999999999999);
#2039=CIRCLE('',#5334,4.59999999999999);
#2040=CIRCLE('',#5336,5.24999999999998);
#2041=CIRCLE('',#5338,4.59999999999999);
#2042=CIRCLE('',#5339,4.59999999999999);
#2043=CIRCLE('',#5340,4.59999999999999);
#2044=CIRCLE('',#5342,5.24999999999998);
#2045=CIRCLE('',#5344,4.59999999999999);
#2046=CIRCLE('',#5345,4.59999999999999);
#2047=CIRCLE('',#5346,4.59999999999999);
#2048=CIRCLE('',#5348,5.25);
#2049=CIRCLE('',#5350,4.59999999999999);
#2050=CIRCLE('',#5351,4.59999999999999);
#2051=CIRCLE('',#5352,4.59999999999999);
#2052=CIRCLE('',#5354,5.24999999999998);
#2053=CIRCLE('',#5356,4.59999999999999);
#2054=CIRCLE('',#5357,4.59999999999999);
#2055=CIRCLE('',#5358,4.59999999999999);
#2056=CIRCLE('',#5360,5.24999999999998);
#2057=CIRCLE('',#5362,4.59999999999999);
#2058=CIRCLE('',#5363,4.59999999999999);
#2059=CIRCLE('',#5364,4.59999999999999);
#2060=CIRCLE('',#5366,5.25);
#2061=CIRCLE('',#5368,4.59999999999999);
#2062=CIRCLE('',#5369,4.59999999999999);
#2063=CIRCLE('',#5370,4.59999999999999);
#2064=CIRCLE('',#5372,5.25);
#2065=CIRCLE('',#5374,3.75000000000009);
#2066=CIRCLE('',#5375,3.75000000000009);
#2067=CIRCLE('',#5376,3.75000000000009);
#2068=CIRCLE('',#5377,3.75000000000009);
#2069=CIRCLE('',#5378,9.99999999999998);
#2070=CIRCLE('',#5379,9.99999999999998);
#2071=CIRCLE('',#5380,10.);
#2072=CIRCLE('',#5381,10.);
#2073=CIRCLE('',#5382,10.);
#2074=CIRCLE('',#5383,10.);
#2075=CIRCLE('',#5384,9.99999999999998);
#2076=CIRCLE('',#5385,10.);
#2077=CIRCLE('',#5386,1.);
#2078=CIRCLE('',#5387,1.);
#2079=CIRCLE('',#5388,11.);
#2080=CIRCLE('',#5389,11.);
#2081=CIRCLE('',#5390,1.);
#2082=CIRCLE('',#5391,11.);
#2083=CIRCLE('',#5392,11.);
#2084=CIRCLE('',#5393,1.);
#2085=CIRCLE('',#5395,3.75000000000009);
#2086=CIRCLE('',#5396,3.75000000000009);
#2087=CIRCLE('',#5397,3.75000000000009);
#2088=CIRCLE('',#5398,3.75000000000009);
#2089=CIRCLE('',#5399,1.);
#2090=CIRCLE('',#5400,1.);
#2091=CIRCLE('',#5401,11.);
#2092=CIRCLE('',#5402,11.);
#2093=CIRCLE('',#5403,1.);
#2094=CIRCLE('',#5404,11.);
#2095=CIRCLE('',#5405,11.);
#2096=CIRCLE('',#5406,1.);
#2097=CIRCLE('',#5407,9.99999999999998);
#2098=CIRCLE('',#5408,10.);
#2099=CIRCLE('',#5409,10.);
#2100=CIRCLE('',#5410,9.99999999999998);
#2101=CIRCLE('',#5411,10.);
#2102=CIRCLE('',#5412,10.);
#2103=CIRCLE('',#5413,9.99999999999998);
#2104=CIRCLE('',#5414,10.);
#2105=CIRCLE('',#5432,4.40000000000001);
#2106=CIRCLE('',#5433,4.40000000000001);
#2107=CIRCLE('',#5435,4.40000000000001);
#2108=CIRCLE('',#5437,2.40000000000001);
#2109=CIRCLE('',#5438,2.40000000000001);
#2110=CIRCLE('',#5440,2.40000000000001);
#2111=CIRCLE('',#5448,4.40000000000001);
#2112=CIRCLE('',#5449,4.40000000000001);
#2113=CIRCLE('',#5451,4.40000000000001);
#2114=CIRCLE('',#5453,2.40000000000001);
#2115=CIRCLE('',#5454,2.40000000000001);
#2116=CIRCLE('',#5456,2.40000000000001);
#2117=CIRCLE('',#5478,4.40000000000001);
#2118=CIRCLE('',#5480,2.40000000000001);
#2119=CIRCLE('',#5487,4.40000000000001);
#2120=CIRCLE('',#5489,2.40000000000001);
#2121=CIRCLE('',#5566,4.40000000000001);
#2122=CIRCLE('',#5567,2.39999999999996);
#2123=CIRCLE('',#5569,4.40000000000001);
#2124=CIRCLE('',#5570,2.40000000000001);
#2125=CIRCLE('',#5574,9.00000000000001);
#2126=CIRCLE('',#5575,9.00000000000001);
#2127=CIRCLE('',#5578,8.99999999999999);
#2128=CIRCLE('',#5579,8.99999999999999);
#2129=CIRCLE('',#5585,4.40000000000001);
#2130=CIRCLE('',#5586,2.40000000000001);
#2131=CIRCLE('',#5588,4.40000000000001);
#2132=CIRCLE('',#5589,2.40000000000001);
#2133=CIRCLE('',#5593,8.99999999999999);
#2134=CIRCLE('',#5594,8.99999999999999);
#2135=CIRCLE('',#5597,9.00000000000001);
#2136=CIRCLE('',#5598,9.00000000000001);
#2137=VERTEX_POINT('',#7053);
#2138=VERTEX_POINT('',#7055);
#2139=VERTEX_POINT('',#7059);
#2140=VERTEX_POINT('',#7061);
#2141=VERTEX_POINT('',#7065);
#2142=VERTEX_POINT('',#7067);
#2143=VERTEX_POINT('',#7071);
#2144=VERTEX_POINT('',#7073);
#2145=VERTEX_POINT('',#7077);
#2146=VERTEX_POINT('',#7079);
#2147=VERTEX_POINT('',#7083);
#2148=VERTEX_POINT('',#7085);
#2149=VERTEX_POINT('',#7089);
#2150=VERTEX_POINT('',#7091);
#2151=VERTEX_POINT('',#7095);
#2152=VERTEX_POINT('',#7097);
#2153=VERTEX_POINT('',#7101);
#2154=VERTEX_POINT('',#7103);
#2155=VERTEX_POINT('',#7107);
#2156=VERTEX_POINT('',#7109);
#2157=VERTEX_POINT('',#7113);
#2158=VERTEX_POINT('',#7115);
#2159=VERTEX_POINT('',#7119);
#2160=VERTEX_POINT('',#7121);
#2161=VERTEX_POINT('',#7125);
#2162=VERTEX_POINT('',#7127);
#2163=VERTEX_POINT('',#7131);
#2164=VERTEX_POINT('',#7133);
#2165=VERTEX_POINT('',#7137);
#2166=VERTEX_POINT('',#7139);
#2167=VERTEX_POINT('',#7143);
#2168=VERTEX_POINT('',#7145);
#2169=VERTEX_POINT('',#7149);
#2170=VERTEX_POINT('',#7151);
#2171=VERTEX_POINT('',#7155);
#2172=VERTEX_POINT('',#7157);
#2173=VERTEX_POINT('',#7161);
#2174=VERTEX_POINT('',#7163);
#2175=VERTEX_POINT('',#7167);
#2176=VERTEX_POINT('',#7169);
#2177=VERTEX_POINT('',#7173);
#2178=VERTEX_POINT('',#7175);
#2179=VERTEX_POINT('',#7179);
#2180=VERTEX_POINT('',#7181);
#2181=VERTEX_POINT('',#7185);
#2182=VERTEX_POINT('',#7187);
#2183=VERTEX_POINT('',#7191);
#2184=VERTEX_POINT('',#7193);
#2185=VERTEX_POINT('',#7197);
#2186=VERTEX_POINT('',#7199);
#2187=VERTEX_POINT('',#7203);
#2188=VERTEX_POINT('',#7205);
#2189=VERTEX_POINT('',#7209);
#2190=VERTEX_POINT('',#7211);
#2191=VERTEX_POINT('',#7215);
#2192=VERTEX_POINT('',#7217);
#2193=VERTEX_POINT('',#7221);
#2194=VERTEX_POINT('',#7223);
#2195=VERTEX_POINT('',#7227);
#2196=VERTEX_POINT('',#7229);
#2197=VERTEX_POINT('',#7233);
#2198=VERTEX_POINT('',#7235);
#2199=VERTEX_POINT('',#7239);
#2200=VERTEX_POINT('',#7241);
#2201=VERTEX_POINT('',#7245);
#2202=VERTEX_POINT('',#7247);
#2203=VERTEX_POINT('',#7251);
#2204=VERTEX_POINT('',#7253);
#2205=VERTEX_POINT('',#7257);
#2206=VERTEX_POINT('',#7259);
#2207=VERTEX_POINT('',#7263);
#2208=VERTEX_POINT('',#7265);
#2209=VERTEX_POINT('',#7269);
#2210=VERTEX_POINT('',#7271);
#2211=VERTEX_POINT('',#7275);
#2212=VERTEX_POINT('',#7277);
#2213=VERTEX_POINT('',#7281);
#2214=VERTEX_POINT('',#7283);
#2215=VERTEX_POINT('',#7287);
#2216=VERTEX_POINT('',#7289);
#2217=VERTEX_POINT('',#7293);
#2218=VERTEX_POINT('',#7295);
#2219=VERTEX_POINT('',#7299);
#2220=VERTEX_POINT('',#7301);
#2221=VERTEX_POINT('',#7305);
#2222=VERTEX_POINT('',#7307);
#2223=VERTEX_POINT('',#7311);
#2224=VERTEX_POINT('',#7313);
#2225=VERTEX_POINT('',#7317);
#2226=VERTEX_POINT('',#7319);
#2227=VERTEX_POINT('',#7323);
#2228=VERTEX_POINT('',#7325);
#2229=VERTEX_POINT('',#7329);
#2230=VERTEX_POINT('',#7331);
#2231=VERTEX_POINT('',#7335);
#2232=VERTEX_POINT('',#7337);
#2233=VERTEX_POINT('',#7341);
#2234=VERTEX_POINT('',#7343);
#2235=VERTEX_POINT('',#7347);
#2236=VERTEX_POINT('',#7349);
#2237=VERTEX_POINT('',#7353);
#2238=VERTEX_POINT('',#7355);
#2239=VERTEX_POINT('',#7359);
#2240=VERTEX_POINT('',#7361);
#2241=VERTEX_POINT('',#7365);
#2242=VERTEX_POINT('',#7367);
#2243=VERTEX_POINT('',#7371);
#2244=VERTEX_POINT('',#7373);
#2245=VERTEX_POINT('',#7377);
#2246=VERTEX_POINT('',#7379);
#2247=VERTEX_POINT('',#7383);
#2248=VERTEX_POINT('',#7385);
#2249=VERTEX_POINT('',#7389);
#2250=VERTEX_POINT('',#7391);
#2251=VERTEX_POINT('',#7395);
#2252=VERTEX_POINT('',#7397);
#2253=VERTEX_POINT('',#7401);
#2254=VERTEX_POINT('',#7403);
#2255=VERTEX_POINT('',#7407);
#2256=VERTEX_POINT('',#7409);
#2257=VERTEX_POINT('',#7413);
#2258=VERTEX_POINT('',#7415);
#2259=VERTEX_POINT('',#7419);
#2260=VERTEX_POINT('',#7421);
#2261=VERTEX_POINT('',#7425);
#2262=VERTEX_POINT('',#7427);
#2263=VERTEX_POINT('',#7431);
#2264=VERTEX_POINT('',#7433);
#2265=VERTEX_POINT('',#7437);
#2266=VERTEX_POINT('',#7439);
#2267=VERTEX_POINT('',#7443);
#2268=VERTEX_POINT('',#7445);
#2269=VERTEX_POINT('',#7449);
#2270=VERTEX_POINT('',#7450);
#2271=VERTEX_POINT('',#7453);
#2272=VERTEX_POINT('',#7457);
#2273=VERTEX_POINT('',#7461);
#2274=VERTEX_POINT('',#7462);
#2275=VERTEX_POINT('',#7465);
#2276=VERTEX_POINT('',#7469);
#2277=VERTEX_POINT('',#7473);
#2278=VERTEX_POINT('',#7474);
#2279=VERTEX_POINT('',#7477);
#2280=VERTEX_POINT('',#7481);
#2281=VERTEX_POINT('',#7485);
#2282=VERTEX_POINT('',#7486);
#2283=VERTEX_POINT('',#7489);
#2284=VERTEX_POINT('',#7493);
#2285=VERTEX_POINT('',#7497);
#2286=VERTEX_POINT('',#7498);
#2287=VERTEX_POINT('',#7501);
#2288=VERTEX_POINT('',#7505);
#2289=VERTEX_POINT('',#7509);
#2290=VERTEX_POINT('',#7510);
#2291=VERTEX_POINT('',#7513);
#2292=VERTEX_POINT('',#7517);
#2293=VERTEX_POINT('',#7521);
#2294=VERTEX_POINT('',#7522);
#2295=VERTEX_POINT('',#7525);
#2296=VERTEX_POINT('',#7529);
#2297=VERTEX_POINT('',#7533);
#2298=VERTEX_POINT('',#7534);
#2299=VERTEX_POINT('',#7537);
#2300=VERTEX_POINT('',#7541);
#2301=VERTEX_POINT('',#7545);
#2302=VERTEX_POINT('',#7546);
#2303=VERTEX_POINT('',#7549);
#2304=VERTEX_POINT('',#7553);
#2305=VERTEX_POINT('',#7557);
#2306=VERTEX_POINT('',#7558);
#2307=VERTEX_POINT('',#7561);
#2308=VERTEX_POINT('',#7565);
#2309=VERTEX_POINT('',#7569);
#2310=VERTEX_POINT('',#7570);
#2311=VERTEX_POINT('',#7573);
#2312=VERTEX_POINT('',#7577);
#2313=VERTEX_POINT('',#7581);
#2314=VERTEX_POINT('',#7582);
#2315=VERTEX_POINT('',#7585);
#2316=VERTEX_POINT('',#7589);
#2317=VERTEX_POINT('',#7593);
#2318=VERTEX_POINT('',#7594);
#2319=VERTEX_POINT('',#7597);
#2320=VERTEX_POINT('',#7601);
#2321=VERTEX_POINT('',#7605);
#2322=VERTEX_POINT('',#7606);
#2323=VERTEX_POINT('',#7609);
#2324=VERTEX_POINT('',#7613);
#2325=VERTEX_POINT('',#7617);
#2326=VERTEX_POINT('',#7618);
#2327=VERTEX_POINT('',#7621);
#2328=VERTEX_POINT('',#7625);
#2329=VERTEX_POINT('',#7629);
#2330=VERTEX_POINT('',#7630);
#2331=VERTEX_POINT('',#7633);
#2332=VERTEX_POINT('',#7637);
#2333=VERTEX_POINT('',#7641);
#2334=VERTEX_POINT('',#7642);
#2335=VERTEX_POINT('',#7644);
#2336=VERTEX_POINT('',#7646);
#2337=VERTEX_POINT('',#7648);
#2338=VERTEX_POINT('',#7650);
#2339=VERTEX_POINT('',#7652);
#2340=VERTEX_POINT('',#7654);
#2341=VERTEX_POINT('',#7656);
#2342=VERTEX_POINT('',#7658);
#2343=VERTEX_POINT('',#7660);
#2344=VERTEX_POINT('',#7662);
#2345=VERTEX_POINT('',#7664);
#2346=VERTEX_POINT('',#7666);
#2347=VERTEX_POINT('',#7668);
#2348=VERTEX_POINT('',#7670);
#2349=VERTEX_POINT('',#7672);
#2350=VERTEX_POINT('',#7674);
#2351=VERTEX_POINT('',#7676);
#2352=VERTEX_POINT('',#7678);
#2353=VERTEX_POINT('',#7680);
#2354=VERTEX_POINT('',#7682);
#2355=VERTEX_POINT('',#7684);
#2356=VERTEX_POINT('',#7686);
#2357=VERTEX_POINT('',#7689);
#2358=VERTEX_POINT('',#7690);
#2359=VERTEX_POINT('',#7692);
#2360=VERTEX_POINT('',#7694);
#2361=VERTEX_POINT('',#7696);
#2362=VERTEX_POINT('',#7698);
#2363=VERTEX_POINT('',#7700);
#2364=VERTEX_POINT('',#7702);
#2365=VERTEX_POINT('',#7705);
#2366=VERTEX_POINT('',#7706);
#2367=VERTEX_POINT('',#7708);
#2368=VERTEX_POINT('',#7710);
#2369=VERTEX_POINT('',#7712);
#2370=VERTEX_POINT('',#7714);
#2371=VERTEX_POINT('',#7716);
#2372=VERTEX_POINT('',#7718);
#2373=VERTEX_POINT('',#7721);
#2374=VERTEX_POINT('',#7722);
#2375=VERTEX_POINT('',#7724);
#2376=VERTEX_POINT('',#7726);
#2377=VERTEX_POINT('',#7728);
#2378=VERTEX_POINT('',#7730);
#2379=VERTEX_POINT('',#7732);
#2380=VERTEX_POINT('',#7734);
#2381=VERTEX_POINT('',#7737);
#2382=VERTEX_POINT('',#7738);
#2383=VERTEX_POINT('',#7740);
#2384=VERTEX_POINT('',#7742);
#2385=VERTEX_POINT('',#7744);
#2386=VERTEX_POINT('',#7746);
#2387=VERTEX_POINT('',#7748);
#2388=VERTEX_POINT('',#7750);
#2389=VERTEX_POINT('',#7754);
#2390=VERTEX_POINT('',#7755);
#2391=VERTEX_POINT('',#7757);
#2392=VERTEX_POINT('',#7759);
#2393=VERTEX_POINT('',#7761);
#2394=VERTEX_POINT('',#7763);
#2395=VERTEX_POINT('',#7765);
#2396=VERTEX_POINT('',#7767);
#2397=VERTEX_POINT('',#7769);
#2398=VERTEX_POINT('',#7771);
#2399=VERTEX_POINT('',#7773);
#2400=VERTEX_POINT('',#7775);
#2401=VERTEX_POINT('',#7777);
#2402=VERTEX_POINT('',#7779);
#2403=VERTEX_POINT('',#7781);
#2404=VERTEX_POINT('',#7783);
#2405=VERTEX_POINT('',#7785);
#2406=VERTEX_POINT('',#7787);
#2407=VERTEX_POINT('',#7789);
#2408=VERTEX_POINT('',#7791);
#2409=VERTEX_POINT('',#7793);
#2410=VERTEX_POINT('',#7795);
#2411=VERTEX_POINT('',#7797);
#2412=VERTEX_POINT('',#7799);
#2413=VERTEX_POINT('',#7802);
#2414=VERTEX_POINT('',#7803);
#2415=VERTEX_POINT('',#7805);
#2416=VERTEX_POINT('',#7807);
#2417=VERTEX_POINT('',#7809);
#2418=VERTEX_POINT('',#7811);
#2419=VERTEX_POINT('',#7813);
#2420=VERTEX_POINT('',#7815);
#2421=VERTEX_POINT('',#7818);
#2422=VERTEX_POINT('',#7819);
#2423=VERTEX_POINT('',#7821);
#2424=VERTEX_POINT('',#7823);
#2425=VERTEX_POINT('',#7825);
#2426=VERTEX_POINT('',#7827);
#2427=VERTEX_POINT('',#7829);
#2428=VERTEX_POINT('',#7831);
#2429=VERTEX_POINT('',#7834);
#2430=VERTEX_POINT('',#7835);
#2431=VERTEX_POINT('',#7837);
#2432=VERTEX_POINT('',#7839);
#2433=VERTEX_POINT('',#7841);
#2434=VERTEX_POINT('',#7843);
#2435=VERTEX_POINT('',#7845);
#2436=VERTEX_POINT('',#7847);
#2437=VERTEX_POINT('',#7850);
#2438=VERTEX_POINT('',#7851);
#2439=VERTEX_POINT('',#7853);
#2440=VERTEX_POINT('',#7855);
#2441=VERTEX_POINT('',#7857);
#2442=VERTEX_POINT('',#7859);
#2443=VERTEX_POINT('',#7861);
#2444=VERTEX_POINT('',#7863);
#2445=VERTEX_POINT('',#7870);
#2446=VERTEX_POINT('',#7871);
#2447=VERTEX_POINT('',#7873);
#2448=VERTEX_POINT('',#7875);
#2449=VERTEX_POINT('',#7879);
#2450=VERTEX_POINT('',#7880);
#2451=VERTEX_POINT('',#7882);
#2452=VERTEX_POINT('',#7884);
#2453=VERTEX_POINT('',#7894);
#2454=VERTEX_POINT('',#7895);
#2455=VERTEX_POINT('',#7897);
#2456=VERTEX_POINT('',#7899);
#2457=VERTEX_POINT('',#7903);
#2458=VERTEX_POINT('',#7904);
#2459=VERTEX_POINT('',#7906);
#2460=VERTEX_POINT('',#7908);
#2461=VERTEX_POINT('',#7918);
#2462=VERTEX_POINT('',#7919);
#2463=VERTEX_POINT('',#7921);
#2464=VERTEX_POINT('',#7923);
#2465=VERTEX_POINT('',#7927);
#2466=VERTEX_POINT('',#7928);
#2467=VERTEX_POINT('',#7930);
#2468=VERTEX_POINT('',#7932);
#2469=VERTEX_POINT('',#7942);
#2470=VERTEX_POINT('',#7943);
#2471=VERTEX_POINT('',#7945);
#2472=VERTEX_POINT('',#7947);
#2473=VERTEX_POINT('',#7951);
#2474=VERTEX_POINT('',#7952);
#2475=VERTEX_POINT('',#7954);
#2476=VERTEX_POINT('',#7956);
#2477=VERTEX_POINT('',#7968);
#2478=VERTEX_POINT('',#8028);
#2479=VERTEX_POINT('',#8079);
#2480=VERTEX_POINT('',#8085);
#2481=VERTEX_POINT('',#8097);
#2482=VERTEX_POINT('',#8157);
#2483=VERTEX_POINT('',#8208);
#2484=VERTEX_POINT('',#8214);
#2485=VERTEX_POINT('',#8260);
#2486=VERTEX_POINT('',#8261);
#2487=VERTEX_POINT('',#8402);
#2488=VERTEX_POINT('',#8449);
#2489=VERTEX_POINT('',#8509);
#2490=VERTEX_POINT('',#8511);
#2491=VERTEX_POINT('',#8515);
#2492=VERTEX_POINT('',#8519);
#2493=VERTEX_POINT('',#8565);
#2494=VERTEX_POINT('',#8566);
#2495=VERTEX_POINT('',#8707);
#2496=VERTEX_POINT('',#8754);
#2497=VERTEX_POINT('',#8814);
#2498=VERTEX_POINT('',#8816);
#2499=VERTEX_POINT('',#8820);
#2500=VERTEX_POINT('',#8824);
#2501=VERTEX_POINT('',#8870);
#2502=VERTEX_POINT('',#8871);
#2503=VERTEX_POINT('',#9021);
#2504=VERTEX_POINT('',#9022);
#2505=VERTEX_POINT('',#9072);
#2506=VERTEX_POINT('',#9073);
#2507=VERTEX_POINT('',#9223);
#2508=VERTEX_POINT('',#9224);
#2509=VERTEX_POINT('',#9274);
#2510=VERTEX_POINT('',#9275);
#2511=VERTEX_POINT('',#9415);
#2512=VERTEX_POINT('',#9462);
#2513=VERTEX_POINT('',#9521);
#2514=VERTEX_POINT('',#9522);
#2515=VERTEX_POINT('',#9527);
#2516=VERTEX_POINT('',#9531);
#2517=VERTEX_POINT('',#9577);
#2518=VERTEX_POINT('',#9578);
#2519=VERTEX_POINT('',#9718);
#2520=VERTEX_POINT('',#9765);
#2521=VERTEX_POINT('',#9824);
#2522=VERTEX_POINT('',#9825);
#2523=VERTEX_POINT('',#9830);
#2524=VERTEX_POINT('',#9834);
#2525=VERTEX_POINT('',#9880);
#2526=VERTEX_POINT('',#9881);
#2527=VERTEX_POINT('',#10021);
#2528=VERTEX_POINT('',#10068);
#2529=VERTEX_POINT('',#10127);
#2530=VERTEX_POINT('',#10128);
#2531=VERTEX_POINT('',#10133);
#2532=VERTEX_POINT('',#10137);
#2533=VERTEX_POINT('',#10183);
#2534=VERTEX_POINT('',#10184);
#2535=VERTEX_POINT('',#10324);
#2536=VERTEX_POINT('',#10371);
#2537=VERTEX_POINT('',#10430);
#2538=VERTEX_POINT('',#10431);
#2539=VERTEX_POINT('',#10436);
#2540=VERTEX_POINT('',#10440);
#2541=VERTEX_POINT('',#10521);
#2542=VERTEX_POINT('',#10523);
#2543=VERTEX_POINT('',#10527);
#2544=VERTEX_POINT('',#10528);
#2545=VERTEX_POINT('',#10537);
#2546=VERTEX_POINT('',#10538);
#2547=VERTEX_POINT('',#10540);
#2548=VERTEX_POINT('',#10542);
#2549=VERTEX_POINT('',#10546);
#2550=VERTEX_POINT('',#10548);
#2551=VERTEX_POINT('',#10552);
#2552=VERTEX_POINT('',#10554);
#2553=VERTEX_POINT('',#10566);
#2554=VERTEX_POINT('',#10567);
#2555=VERTEX_POINT('',#10572);
#2556=VERTEX_POINT('',#10574);
#2557=VERTEX_POINT('',#10582);
#2558=VERTEX_POINT('',#10583);
#2559=VERTEX_POINT('',#10585);
#2560=VERTEX_POINT('',#10587);
#2561=VERTEX_POINT('',#10591);
#2562=VERTEX_POINT('',#10593);
#2563=VERTEX_POINT('',#10597);
#2564=VERTEX_POINT('',#10599);
#2565=EDGE_CURVE('',#2137,#2137,#1869,.T.);
#2566=EDGE_CURVE('',#2137,#2138,#1073,.T.);
#2567=EDGE_CURVE('',#2138,#2138,#1870,.T.);
#2568=EDGE_CURVE('',#2139,#2139,#1871,.T.);
#2569=EDGE_CURVE('',#2139,#2140,#1074,.T.);
#2570=EDGE_CURVE('',#2140,#2140,#1872,.T.);
#2571=EDGE_CURVE('',#2141,#2141,#1873,.T.);
#2572=EDGE_CURVE('',#2141,#2142,#1075,.T.);
#2573=EDGE_CURVE('',#2142,#2142,#1874,.T.);
#2574=EDGE_CURVE('',#2143,#2143,#1875,.T.);
#2575=EDGE_CURVE('',#2143,#2144,#1076,.T.);
#2576=EDGE_CURVE('',#2144,#2144,#1876,.T.);
#2577=EDGE_CURVE('',#2145,#2145,#1877,.T.);
#2578=EDGE_CURVE('',#2145,#2146,#1077,.T.);
#2579=EDGE_CURVE('',#2146,#2146,#1878,.T.);
#2580=EDGE_CURVE('',#2147,#2147,#1879,.T.);
#2581=EDGE_CURVE('',#2147,#2148,#1078,.T.);
#2582=EDGE_CURVE('',#2148,#2148,#1880,.T.);
#2583=EDGE_CURVE('',#2149,#2149,#1881,.T.);
#2584=EDGE_CURVE('',#2149,#2150,#1079,.T.);
#2585=EDGE_CURVE('',#2150,#2150,#1882,.T.);
#2586=EDGE_CURVE('',#2151,#2151,#1883,.T.);
#2587=EDGE_CURVE('',#2151,#2152,#1080,.T.);
#2588=EDGE_CURVE('',#2152,#2152,#1884,.T.);
#2589=EDGE_CURVE('',#2153,#2153,#1885,.T.);
#2590=EDGE_CURVE('',#2153,#2154,#1081,.T.);
#2591=EDGE_CURVE('',#2154,#2154,#1886,.T.);
#2592=EDGE_CURVE('',#2155,#2155,#1887,.T.);
#2593=EDGE_CURVE('',#2155,#2156,#1082,.T.);
#2594=EDGE_CURVE('',#2156,#2156,#1888,.T.);
#2595=EDGE_CURVE('',#2157,#2157,#1889,.T.);
#2596=EDGE_CURVE('',#2157,#2158,#1083,.T.);
#2597=EDGE_CURVE('',#2158,#2158,#1890,.T.);
#2598=EDGE_CURVE('',#2159,#2159,#1891,.T.);
#2599=EDGE_CURVE('',#2159,#2160,#1084,.T.);
#2600=EDGE_CURVE('',#2160,#2160,#1892,.T.);
#2601=EDGE_CURVE('',#2161,#2161,#1893,.T.);
#2602=EDGE_CURVE('',#2161,#2162,#1085,.T.);
#2603=EDGE_CURVE('',#2162,#2162,#1894,.T.);
#2604=EDGE_CURVE('',#2163,#2163,#1895,.T.);
#2605=EDGE_CURVE('',#2163,#2164,#1086,.T.);
#2606=EDGE_CURVE('',#2164,#2164,#1896,.T.);
#2607=EDGE_CURVE('',#2165,#2165,#1897,.T.);
#2608=EDGE_CURVE('',#2165,#2166,#1087,.T.);
#2609=EDGE_CURVE('',#2166,#2166,#1898,.T.);
#2610=EDGE_CURVE('',#2167,#2167,#1899,.T.);
#2611=EDGE_CURVE('',#2167,#2168,#1088,.T.);
#2612=EDGE_CURVE('',#2168,#2168,#1900,.T.);
#2613=EDGE_CURVE('',#2169,#2169,#1901,.T.);
#2614=EDGE_CURVE('',#2169,#2170,#1089,.T.);
#2615=EDGE_CURVE('',#2170,#2170,#1902,.T.);
#2616=EDGE_CURVE('',#2171,#2171,#1903,.T.);
#2617=EDGE_CURVE('',#2171,#2172,#1090,.T.);
#2618=EDGE_CURVE('',#2172,#2172,#1904,.T.);
#2619=EDGE_CURVE('',#2173,#2173,#1905,.T.);
#2620=EDGE_CURVE('',#2173,#2174,#1091,.T.);
#2621=EDGE_CURVE('',#2174,#2174,#1906,.T.);
#2622=EDGE_CURVE('',#2175,#2175,#1907,.T.);
#2623=EDGE_CURVE('',#2175,#2176,#1092,.T.);
#2624=EDGE_CURVE('',#2176,#2176,#1908,.T.);
#2625=EDGE_CURVE('',#2177,#2177,#1909,.T.);
#2626=EDGE_CURVE('',#2177,#2178,#1093,.T.);
#2627=EDGE_CURVE('',#2178,#2178,#1910,.T.);
#2628=EDGE_CURVE('',#2179,#2179,#1911,.T.);
#2629=EDGE_CURVE('',#2179,#2180,#1094,.T.);
#2630=EDGE_CURVE('',#2180,#2180,#1912,.T.);
#2631=EDGE_CURVE('',#2181,#2181,#1913,.T.);
#2632=EDGE_CURVE('',#2181,#2182,#1095,.T.);
#2633=EDGE_CURVE('',#2182,#2182,#1914,.T.);
#2634=EDGE_CURVE('',#2183,#2183,#1915,.T.);
#2635=EDGE_CURVE('',#2183,#2184,#1096,.T.);
#2636=EDGE_CURVE('',#2184,#2184,#1916,.T.);
#2637=EDGE_CURVE('',#2185,#2185,#1917,.T.);
#2638=EDGE_CURVE('',#2185,#2186,#1097,.T.);
#2639=EDGE_CURVE('',#2186,#2186,#1918,.T.);
#2640=EDGE_CURVE('',#2187,#2187,#1919,.T.);
#2641=EDGE_CURVE('',#2187,#2188,#1098,.T.);
#2642=EDGE_CURVE('',#2188,#2188,#1920,.T.);
#2643=EDGE_CURVE('',#2189,#2189,#1921,.T.);
#2644=EDGE_CURVE('',#2189,#2190,#1099,.T.);
#2645=EDGE_CURVE('',#2190,#2190,#1922,.T.);
#2646=EDGE_CURVE('',#2191,#2191,#1923,.T.);
#2647=EDGE_CURVE('',#2191,#2192,#1100,.T.);
#2648=EDGE_CURVE('',#2192,#2192,#1924,.T.);
#2649=EDGE_CURVE('',#2193,#2193,#1925,.T.);
#2650=EDGE_CURVE('',#2193,#2194,#1101,.T.);
#2651=EDGE_CURVE('',#2194,#2194,#1926,.T.);
#2652=EDGE_CURVE('',#2195,#2195,#1927,.T.);
#2653=EDGE_CURVE('',#2195,#2196,#1102,.T.);
#2654=EDGE_CURVE('',#2196,#2196,#1928,.T.);
#2655=EDGE_CURVE('',#2197,#2197,#1929,.T.);
#2656=EDGE_CURVE('',#2197,#2198,#1103,.T.);
#2657=EDGE_CURVE('',#2198,#2198,#1930,.T.);
#2658=EDGE_CURVE('',#2199,#2199,#1931,.T.);
#2659=EDGE_CURVE('',#2199,#2200,#1104,.T.);
#2660=EDGE_CURVE('',#2200,#2200,#1932,.T.);
#2661=EDGE_CURVE('',#2201,#2201,#1933,.T.);
#2662=EDGE_CURVE('',#2201,#2202,#1105,.T.);
#2663=EDGE_CURVE('',#2202,#2202,#1934,.T.);
#2664=EDGE_CURVE('',#2203,#2203,#1935,.T.);
#2665=EDGE_CURVE('',#2203,#2204,#1106,.T.);
#2666=EDGE_CURVE('',#2204,#2204,#1936,.T.);
#2667=EDGE_CURVE('',#2205,#2205,#1937,.T.);
#2668=EDGE_CURVE('',#2205,#2206,#1107,.T.);
#2669=EDGE_CURVE('',#2206,#2206,#1938,.T.);
#2670=EDGE_CURVE('',#2207,#2207,#1939,.T.);
#2671=EDGE_CURVE('',#2207,#2208,#1108,.T.);
#2672=EDGE_CURVE('',#2208,#2208,#1940,.T.);
#2673=EDGE_CURVE('',#2209,#2209,#1941,.T.);
#2674=EDGE_CURVE('',#2209,#2210,#1109,.T.);
#2675=EDGE_CURVE('',#2210,#2210,#1942,.T.);
#2676=EDGE_CURVE('',#2211,#2211,#1943,.T.);
#2677=EDGE_CURVE('',#2211,#2212,#1110,.T.);
#2678=EDGE_CURVE('',#2212,#2212,#1944,.T.);
#2679=EDGE_CURVE('',#2213,#2213,#1945,.T.);
#2680=EDGE_CURVE('',#2213,#2214,#1111,.T.);
#2681=EDGE_CURVE('',#2214,#2214,#1946,.T.);
#2682=EDGE_CURVE('',#2215,#2215,#1947,.T.);
#2683=EDGE_CURVE('',#2215,#2216,#1112,.T.);
#2684=EDGE_CURVE('',#2216,#2216,#1948,.T.);
#2685=EDGE_CURVE('',#2217,#2217,#1949,.T.);
#2686=EDGE_CURVE('',#2217,#2218,#1113,.T.);
#2687=EDGE_CURVE('',#2218,#2218,#1950,.T.);
#2688=EDGE_CURVE('',#2219,#2219,#1951,.T.);
#2689=EDGE_CURVE('',#2219,#2220,#1114,.T.);
#2690=EDGE_CURVE('',#2220,#2220,#1952,.T.);
#2691=EDGE_CURVE('',#2221,#2221,#1953,.T.);
#2692=EDGE_CURVE('',#2221,#2222,#1115,.T.);
#2693=EDGE_CURVE('',#2222,#2222,#1954,.T.);
#2694=EDGE_CURVE('',#2223,#2223,#1955,.T.);
#2695=EDGE_CURVE('',#2223,#2224,#1116,.T.);
#2696=EDGE_CURVE('',#2224,#2224,#1956,.T.);
#2697=EDGE_CURVE('',#2225,#2225,#1957,.T.);
#2698=EDGE_CURVE('',#2225,#2226,#1117,.T.);
#2699=EDGE_CURVE('',#2226,#2226,#1958,.T.);
#2700=EDGE_CURVE('',#2227,#2227,#1959,.T.);
#2701=EDGE_CURVE('',#2227,#2228,#1118,.T.);
#2702=EDGE_CURVE('',#2228,#2228,#1960,.T.);
#2703=EDGE_CURVE('',#2229,#2229,#1961,.T.);
#2704=EDGE_CURVE('',#2229,#2230,#1119,.T.);
#2705=EDGE_CURVE('',#2230,#2230,#1962,.T.);
#2706=EDGE_CURVE('',#2231,#2231,#1963,.T.);
#2707=EDGE_CURVE('',#2231,#2232,#1120,.T.);
#2708=EDGE_CURVE('',#2232,#2232,#1964,.T.);
#2709=EDGE_CURVE('',#2233,#2233,#1965,.T.);
#2710=EDGE_CURVE('',#2233,#2234,#1121,.T.);
#2711=EDGE_CURVE('',#2234,#2234,#1966,.T.);
#2712=EDGE_CURVE('',#2235,#2235,#1967,.T.);
#2713=EDGE_CURVE('',#2235,#2236,#1122,.T.);
#2714=EDGE_CURVE('',#2236,#2236,#1968,.T.);
#2715=EDGE_CURVE('',#2237,#2237,#1969,.T.);
#2716=EDGE_CURVE('',#2237,#2238,#1123,.T.);
#2717=EDGE_CURVE('',#2238,#2238,#1970,.T.);
#2718=EDGE_CURVE('',#2239,#2239,#1971,.T.);
#2719=EDGE_CURVE('',#2239,#2240,#1124,.T.);
#2720=EDGE_CURVE('',#2240,#2240,#1972,.T.);
#2721=EDGE_CURVE('',#2241,#2241,#1973,.T.);
#2722=EDGE_CURVE('',#2241,#2242,#1125,.T.);
#2723=EDGE_CURVE('',#2242,#2242,#1974,.T.);
#2724=EDGE_CURVE('',#2243,#2243,#1975,.T.);
#2725=EDGE_CURVE('',#2243,#2244,#1126,.T.);
#2726=EDGE_CURVE('',#2244,#2244,#1976,.T.);
#2727=EDGE_CURVE('',#2245,#2245,#1977,.T.);
#2728=EDGE_CURVE('',#2245,#2246,#1127,.T.);
#2729=EDGE_CURVE('',#2246,#2246,#1978,.T.);
#2730=EDGE_CURVE('',#2247,#2247,#1979,.T.);
#2731=EDGE_CURVE('',#2247,#2248,#1128,.T.);
#2732=EDGE_CURVE('',#2248,#2248,#1980,.T.);
#2733=EDGE_CURVE('',#2249,#2249,#1981,.T.);
#2734=EDGE_CURVE('',#2249,#2250,#1129,.T.);
#2735=EDGE_CURVE('',#2250,#2250,#1982,.T.);
#2736=EDGE_CURVE('',#2251,#2251,#1983,.T.);
#2737=EDGE_CURVE('',#2251,#2252,#1130,.T.);
#2738=EDGE_CURVE('',#2252,#2252,#1984,.T.);
#2739=EDGE_CURVE('',#2253,#2253,#1985,.T.);
#2740=EDGE_CURVE('',#2253,#2254,#1131,.T.);
#2741=EDGE_CURVE('',#2254,#2254,#1986,.T.);
#2742=EDGE_CURVE('',#2255,#2255,#1987,.T.);
#2743=EDGE_CURVE('',#2255,#2256,#1132,.T.);
#2744=EDGE_CURVE('',#2256,#2256,#1988,.T.);
#2745=EDGE_CURVE('',#2257,#2257,#1989,.T.);
#2746=EDGE_CURVE('',#2257,#2258,#1133,.T.);
#2747=EDGE_CURVE('',#2258,#2258,#1990,.T.);
#2748=EDGE_CURVE('',#2259,#2259,#1991,.T.);
#2749=EDGE_CURVE('',#2259,#2260,#1134,.T.);
#2750=EDGE_CURVE('',#2260,#2260,#1992,.T.);
#2751=EDGE_CURVE('',#2261,#2261,#1993,.T.);
#2752=EDGE_CURVE('',#2261,#2262,#1135,.T.);
#2753=EDGE_CURVE('',#2262,#2262,#1994,.T.);
#2754=EDGE_CURVE('',#2263,#2263,#1995,.T.);
#2755=EDGE_CURVE('',#2263,#2264,#1136,.T.);
#2756=EDGE_CURVE('',#2264,#2264,#1996,.T.);
#2757=EDGE_CURVE('',#2265,#2265,#1997,.T.);
#2758=EDGE_CURVE('',#2265,#2266,#1137,.T.);
#2759=EDGE_CURVE('',#2266,#2266,#1998,.T.);
#2760=EDGE_CURVE('',#2267,#2267,#1999,.T.);
#2761=EDGE_CURVE('',#2267,#2268,#1138,.T.);
#2762=EDGE_CURVE('',#2268,#2268,#2000,.T.);
#2763=EDGE_CURVE('',#2269,#2270,#2001,.T.);
#2764=EDGE_CURVE('',#2270,#2269,#2002,.T.);
#2765=EDGE_CURVE('',#2270,#2271,#1139,.T.);
#2766=EDGE_CURVE('',#2271,#2271,#2003,.T.);
#2767=EDGE_CURVE('',#2269,#2272,#1140,.T.);
#2768=EDGE_CURVE('',#2272,#2272,#2004,.T.);
#2769=EDGE_CURVE('',#2273,#2274,#2005,.T.);
#2770=EDGE_CURVE('',#2274,#2273,#2006,.T.);
#2771=EDGE_CURVE('',#2274,#2275,#1141,.T.);
#2772=EDGE_CURVE('',#2275,#2275,#2007,.T.);
#2773=EDGE_CURVE('',#2273,#2276,#1142,.T.);
#2774=EDGE_CURVE('',#2276,#2276,#2008,.T.);
#2775=EDGE_CURVE('',#2277,#2278,#2009,.T.);
#2776=EDGE_CURVE('',#2278,#2277,#2010,.T.);
#2777=EDGE_CURVE('',#2278,#2279,#1143,.T.);
#2778=EDGE_CURVE('',#2279,#2279,#2011,.T.);
#2779=EDGE_CURVE('',#2277,#2280,#1144,.T.);
#2780=EDGE_CURVE('',#2280,#2280,#2012,.T.);
#2781=EDGE_CURVE('',#2281,#2282,#2013,.T.);
#2782=EDGE_CURVE('',#2282,#2281,#2014,.T.);
#2783=EDGE_CURVE('',#2282,#2283,#1145,.T.);
#2784=EDGE_CURVE('',#2283,#2283,#2015,.T.);
#2785=EDGE_CURVE('',#2281,#2284,#1146,.T.);
#2786=EDGE_CURVE('',#2284,#2284,#2016,.T.);
#2787=EDGE_CURVE('',#2285,#2286,#2017,.T.);
#2788=EDGE_CURVE('',#2286,#2285,#2018,.T.);
#2789=EDGE_CURVE('',#2286,#2287,#1147,.T.);
#2790=EDGE_CURVE('',#2287,#2287,#2019,.T.);
#2791=EDGE_CURVE('',#2285,#2288,#1148,.T.);
#2792=EDGE_CURVE('',#2288,#2288,#2020,.T.);
#2793=EDGE_CURVE('',#2289,#2290,#2021,.T.);
#2794=EDGE_CURVE('',#2290,#2289,#2022,.T.);
#2795=EDGE_CURVE('',#2290,#2291,#1149,.T.);
#2796=EDGE_CURVE('',#2291,#2291,#2023,.T.);
#2797=EDGE_CURVE('',#2289,#2292,#1150,.T.);
#2798=EDGE_CURVE('',#2292,#2292,#2024,.T.);
#2799=EDGE_CURVE('',#2293,#2294,#2025,.T.);
#2800=EDGE_CURVE('',#2294,#2293,#2026,.T.);
#2801=EDGE_CURVE('',#2294,#2295,#1151,.T.);
#2802=EDGE_CURVE('',#2295,#2295,#2027,.T.);
#2803=EDGE_CURVE('',#2293,#2296,#1152,.T.);
#2804=EDGE_CURVE('',#2296,#2296,#2028,.T.);
#2805=EDGE_CURVE('',#2297,#2298,#2029,.T.);
#2806=EDGE_CURVE('',#2298,#2297,#2030,.T.);
#2807=EDGE_CURVE('',#2298,#2299,#1153,.T.);
#2808=EDGE_CURVE('',#2299,#2299,#2031,.T.);
#2809=EDGE_CURVE('',#2297,#2300,#1154,.T.);
#2810=EDGE_CURVE('',#2300,#2300,#2032,.T.);
#2811=EDGE_CURVE('',#2301,#2302,#2033,.T.);
#2812=EDGE_CURVE('',#2302,#2301,#2034,.T.);
#2813=EDGE_CURVE('',#2302,#2303,#1155,.T.);
#2814=EDGE_CURVE('',#2303,#2303,#2035,.T.);
#2815=EDGE_CURVE('',#2301,#2304,#1156,.T.);
#2816=EDGE_CURVE('',#2304,#2304,#2036,.T.);
#2817=EDGE_CURVE('',#2305,#2306,#2037,.T.);
#2818=EDGE_CURVE('',#2306,#2305,#2038,.T.);
#2819=EDGE_CURVE('',#2306,#2307,#1157,.T.);
#2820=EDGE_CURVE('',#2307,#2307,#2039,.T.);
#2821=EDGE_CURVE('',#2305,#2308,#1158,.T.);
#2822=EDGE_CURVE('',#2308,#2308,#2040,.T.);
#2823=EDGE_CURVE('',#2309,#2310,#2041,.T.);
#2824=EDGE_CURVE('',#2310,#2309,#2042,.T.);
#2825=EDGE_CURVE('',#2310,#2311,#1159,.T.);
#2826=EDGE_CURVE('',#2311,#2311,#2043,.T.);
#2827=EDGE_CURVE('',#2309,#2312,#1160,.T.);
#2828=EDGE_CURVE('',#2312,#2312,#2044,.T.);
#2829=EDGE_CURVE('',#2313,#2314,#2045,.T.);
#2830=EDGE_CURVE('',#2314,#2313,#2046,.T.);
#2831=EDGE_CURVE('',#2314,#2315,#1161,.T.);
#2832=EDGE_CURVE('',#2315,#2315,#2047,.T.);
#2833=EDGE_CURVE('',#2313,#2316,#1162,.T.);
#2834=EDGE_CURVE('',#2316,#2316,#2048,.T.);
#2835=EDGE_CURVE('',#2317,#2318,#2049,.T.);
#2836=EDGE_CURVE('',#2318,#2317,#2050,.T.);
#2837=EDGE_CURVE('',#2318,#2319,#1163,.T.);
#2838=EDGE_CURVE('',#2319,#2319,#2051,.T.);
#2839=EDGE_CURVE('',#2317,#2320,#1164,.T.);
#2840=EDGE_CURVE('',#2320,#2320,#2052,.T.);
#2841=EDGE_CURVE('',#2321,#2322,#2053,.T.);
#2842=EDGE_CURVE('',#2322,#2321,#2054,.T.);
#2843=EDGE_CURVE('',#2322,#2323,#1165,.T.);
#2844=EDGE_CURVE('',#2323,#2323,#2055,.T.);
#2845=EDGE_CURVE('',#2321,#2324,#1166,.T.);
#2846=EDGE_CURVE('',#2324,#2324,#2056,.T.);
#2847=EDGE_CURVE('',#2325,#2326,#2057,.T.);
#2848=EDGE_CURVE('',#2326,#2325,#2058,.T.);
#2849=EDGE_CURVE('',#2326,#2327,#1167,.T.);
#2850=EDGE_CURVE('',#2327,#2327,#2059,.T.);
#2851=EDGE_CURVE('',#2325,#2328,#1168,.T.);
#2852=EDGE_CURVE('',#2328,#2328,#2060,.T.);
#2853=EDGE_CURVE('',#2329,#2330,#2061,.T.);
#2854=EDGE_CURVE('',#2330,#2329,#2062,.T.);
#2855=EDGE_CURVE('',#2330,#2331,#1169,.T.);
#2856=EDGE_CURVE('',#2331,#2331,#2063,.T.);
#2857=EDGE_CURVE('',#2329,#2332,#1170,.T.);
#2858=EDGE_CURVE('',#2332,#2332,#2064,.T.);
#2859=EDGE_CURVE('',#2333,#2334,#1171,.T.);
#2860=EDGE_CURVE('',#2335,#2333,#2065,.T.);
#2861=EDGE_CURVE('',#2336,#2335,#1172,.T.);
#2862=EDGE_CURVE('',#2336,#2337,#1173,.T.);
#2863=EDGE_CURVE('',#2337,#2338,#1174,.T.);
#2864=EDGE_CURVE('',#2338,#2339,#1175,.T.);
#2865=EDGE_CURVE('',#2339,#2340,#1176,.T.);
#2866=EDGE_CURVE('',#2340,#2341,#1177,.T.);
#2867=EDGE_CURVE('',#2342,#2341,#1178,.T.);
#2868=EDGE_CURVE('',#2343,#2342,#2066,.T.);
#2869=EDGE_CURVE('',#2344,#2343,#1179,.T.);
#2870=EDGE_CURVE('',#2344,#2345,#1180,.T.);
#2871=EDGE_CURVE('',#2346,#2345,#1181,.T.);
#2872=EDGE_CURVE('',#2347,#2346,#2067,.T.);
#2873=EDGE_CURVE('',#2348,#2347,#1182,.T.);
#2874=EDGE_CURVE('',#2348,#2349,#1183,.T.);
#2875=EDGE_CURVE('',#2349,#2350,#1184,.T.);
#2876=EDGE_CURVE('',#2350,#2351,#1185,.T.);
#2877=EDGE_CURVE('',#2351,#2352,#1186,.T.);
#2878=EDGE_CURVE('',#2352,#2353,#1187,.T.);
#2879=EDGE_CURVE('',#2354,#2353,#1188,.T.);
#2880=EDGE_CURVE('',#2355,#2354,#2068,.T.);
#2881=EDGE_CURVE('',#2356,#2355,#1189,.T.);
#2882=EDGE_CURVE('',#2356,#2334,#1190,.T.);
#2883=EDGE_CURVE('',#2357,#2358,#2069,.T.);
#2884=EDGE_CURVE('',#2359,#2357,#1191,.T.);
#2885=EDGE_CURVE('',#2360,#2359,#2070,.T.);
#2886=EDGE_CURVE('',#2361,#2360,#1192,.T.);
#2887=EDGE_CURVE('',#2362,#2361,#2071,.T.);
#2888=EDGE_CURVE('',#2363,#2362,#1193,.T.);
#2889=EDGE_CURVE('',#2364,#2363,#2072,.T.);
#2890=EDGE_CURVE('',#2358,#2364,#1194,.T.);
#2891=EDGE_CURVE('',#2365,#2366,#2073,.T.);
#2892=EDGE_CURVE('',#2367,#2365,#1195,.T.);
#2893=EDGE_CURVE('',#2368,#2367,#2074,.T.);
#2894=EDGE_CURVE('',#2369,#2368,#1196,.T.);
#2895=EDGE_CURVE('',#2370,#2369,#2075,.T.);
#2896=EDGE_CURVE('',#2371,#2370,#1197,.T.);
#2897=EDGE_CURVE('',#2372,#2371,#2076,.T.);
#2898=EDGE_CURVE('',#2366,#2372,#1198,.T.);
#2899=EDGE_CURVE('',#2373,#2374,#2077,.T.);
#2900=EDGE_CURVE('',#2374,#2375,#1199,.T.);
#2901=EDGE_CURVE('',#2375,#2376,#2078,.T.);
#2902=EDGE_CURVE('',#2376,#2377,#1200,.T.);
#2903=EDGE_CURVE('',#2377,#2378,#2079,.T.);
#2904=EDGE_CURVE('',#2378,#2379,#1201,.T.);
#2905=EDGE_CURVE('',#2379,#2380,#2080,.T.);
#2906=EDGE_CURVE('',#2380,#2373,#1202,.T.);
#2907=EDGE_CURVE('',#2381,#2382,#1203,.T.);
#2908=EDGE_CURVE('',#2381,#2383,#2081,.T.);
#2909=EDGE_CURVE('',#2383,#2384,#1204,.T.);
#2910=EDGE_CURVE('',#2384,#2385,#2082,.T.);
#2911=EDGE_CURVE('',#2385,#2386,#1205,.T.);
#2912=EDGE_CURVE('',#2386,#2387,#2083,.T.);
#2913=EDGE_CURVE('',#2387,#2388,#1206,.T.);
#2914=EDGE_CURVE('',#2388,#2382,#2084,.T.);
#2915=EDGE_CURVE('',#2389,#2390,#2085,.T.);
#2916=EDGE_CURVE('',#2390,#2391,#1207,.T.);
#2917=EDGE_CURVE('',#2392,#2391,#1208,.T.);
#2918=EDGE_CURVE('',#2392,#2393,#1209,.T.);
#2919=EDGE_CURVE('',#2393,#2394,#2086,.T.);
#2920=EDGE_CURVE('',#2394,#2395,#1210,.T.);
#2921=EDGE_CURVE('',#2396,#2395,#1211,.T.);
#2922=EDGE_CURVE('',#2397,#2396,#1212,.T.);
#2923=EDGE_CURVE('',#2398,#2397,#1213,.T.);
#2924=EDGE_CURVE('',#2399,#2398,#1214,.T.);
#2925=EDGE_CURVE('',#2400,#2399,#1215,.T.);
#2926=EDGE_CURVE('',#2400,#2401,#1216,.T.);
#2927=EDGE_CURVE('',#2401,#2402,#2087,.T.);
#2928=EDGE_CURVE('',#2402,#2403,#1217,.T.);
#2929=EDGE_CURVE('',#2404,#2403,#1218,.T.);
#2930=EDGE_CURVE('',#2404,#2405,#1219,.T.);
#2931=EDGE_CURVE('',#2405,#2406,#2088,.T.);
#2932=EDGE_CURVE('',#2406,#2407,#1220,.T.);
#2933=EDGE_CURVE('',#2408,#2407,#1221,.T.);
#2934=EDGE_CURVE('',#2409,#2408,#1222,.T.);
#2935=EDGE_CURVE('',#2410,#2409,#1223,.T.);
#2936=EDGE_CURVE('',#2411,#2410,#1224,.T.);
#2937=EDGE_CURVE('',#2412,#2411,#1225,.T.);
#2938=EDGE_CURVE('',#2412,#2389,#1226,.T.);
#2939=EDGE_CURVE('',#2413,#2414,#2089,.T.);
#2940=EDGE_CURVE('',#2413,#2415,#1227,.T.);
#2941=EDGE_CURVE('',#2416,#2415,#2090,.T.);
#2942=EDGE_CURVE('',#2417,#2416,#1228,.T.);
#2943=EDGE_CURVE('',#2418,#2417,#2091,.T.);
#2944=EDGE_CURVE('',#2419,#2418,#1229,.T.);
#2945=EDGE_CURVE('',#2420,#2419,#2092,.T.);
#2946=EDGE_CURVE('',#2414,#2420,#1230,.T.);
#2947=EDGE_CURVE('',#2421,#2422,#1231,.T.);
#2948=EDGE_CURVE('',#2423,#2421,#2093,.T.);
#2949=EDGE_CURVE('',#2424,#2423,#1232,.T.);
#2950=EDGE_CURVE('',#2425,#2424,#2094,.T.);
#2951=EDGE_CURVE('',#2426,#2425,#1233,.T.);
#2952=EDGE_CURVE('',#2427,#2426,#2095,.T.);
#2953=EDGE_CURVE('',#2428,#2427,#1234,.T.);
#2954=EDGE_CURVE('',#2422,#2428,#2096,.T.);
#2955=EDGE_CURVE('',#2429,#2430,#1235,.T.);
#2956=EDGE_CURVE('',#2430,#2431,#2097,.T.);
#2957=EDGE_CURVE('',#2431,#2432,#1236,.T.);
#2958=EDGE_CURVE('',#2432,#2433,#2098,.T.);
#2959=EDGE_CURVE('',#2433,#2434,#1237,.T.);
#2960=EDGE_CURVE('',#2434,#2435,#2099,.T.);
#2961=EDGE_CURVE('',#2435,#2436,#1238,.T.);
#2962=EDGE_CURVE('',#2436,#2429,#2100,.T.);
#2963=EDGE_CURVE('',#2437,#2438,#1239,.T.);
#2964=EDGE_CURVE('',#2438,#2439,#2101,.T.);
#2965=EDGE_CURVE('',#2439,#2440,#1240,.T.);
#2966=EDGE_CURVE('',#2440,#2441,#2102,.T.);
#2967=EDGE_CURVE('',#2441,#2442,#1241,.T.);
#2968=EDGE_CURVE('',#2442,#2443,#2103,.T.);
#2969=EDGE_CURVE('',#2443,#2444,#1242,.T.);
#2970=EDGE_CURVE('',#2444,#2437,#2104,.T.);
#2971=EDGE_CURVE('',#2412,#2336,#1243,.T.);
#2972=EDGE_CURVE('',#2389,#2335,#1244,.T.);
#2973=EDGE_CURVE('',#2445,#2446,#1245,.T.);
#2974=EDGE_CURVE('',#2446,#2447,#1246,.T.);
#2975=EDGE_CURVE('',#2448,#2447,#1247,.T.);
#2976=EDGE_CURVE('',#2445,#2448,#1248,.T.);
#2977=EDGE_CURVE('',#2449,#2450,#1249,.T.);
#2978=EDGE_CURVE('',#2449,#2451,#1250,.T.);
#2979=EDGE_CURVE('',#2452,#2451,#1251,.T.);
#2980=EDGE_CURVE('',#2452,#2450,#1252,.T.);
#2981=EDGE_CURVE('',#2334,#2391,#1253,.T.);
#2982=EDGE_CURVE('',#2390,#2333,#1254,.T.);
#2983=EDGE_CURVE('',#2392,#2356,#1255,.T.);
#2984=EDGE_CURVE('',#2393,#2355,#1256,.T.);
#2985=EDGE_CURVE('',#2453,#2454,#1257,.T.);
#2986=EDGE_CURVE('',#2454,#2455,#1258,.T.);
#2987=EDGE_CURVE('',#2456,#2455,#1259,.T.);
#2988=EDGE_CURVE('',#2453,#2456,#1260,.T.);
#2989=EDGE_CURVE('',#2457,#2458,#1261,.T.);
#2990=EDGE_CURVE('',#2457,#2459,#1262,.T.);
#2991=EDGE_CURVE('',#2460,#2459,#1263,.T.);
#2992=EDGE_CURVE('',#2460,#2458,#1264,.T.);
#2993=EDGE_CURVE('',#2353,#2395,#1265,.T.);
#2994=EDGE_CURVE('',#2394,#2354,#1266,.T.);
#2995=EDGE_CURVE('',#2400,#2348,#1267,.T.);
#2996=EDGE_CURVE('',#2401,#2347,#1268,.T.);
#2997=EDGE_CURVE('',#2461,#2462,#1269,.T.);
#2998=EDGE_CURVE('',#2462,#2463,#1270,.T.);
#2999=EDGE_CURVE('',#2464,#2463,#1271,.T.);
#3000=EDGE_CURVE('',#2461,#2464,#1272,.T.);
#3001=EDGE_CURVE('',#2465,#2466,#1273,.T.);
#3002=EDGE_CURVE('',#2465,#2467,#1274,.T.);
#3003=EDGE_CURVE('',#2468,#2467,#1275,.T.);
#3004=EDGE_CURVE('',#2468,#2466,#1276,.T.);
#3005=EDGE_CURVE('',#2345,#2403,#1277,.T.);
#3006=EDGE_CURVE('',#2402,#2346,#1278,.T.);
#3007=EDGE_CURVE('',#2404,#2344,#1279,.T.);
#3008=EDGE_CURVE('',#2405,#2343,#1280,.T.);
#3009=EDGE_CURVE('',#2469,#2470,#1281,.T.);
#3010=EDGE_CURVE('',#2470,#2471,#1282,.T.);
#3011=EDGE_CURVE('',#2472,#2471,#1283,.T.);
#3012=EDGE_CURVE('',#2469,#2472,#1284,.T.);
#3013=EDGE_CURVE('',#2473,#2474,#1285,.T.);
#3014=EDGE_CURVE('',#2473,#2475,#1286,.T.);
#3015=EDGE_CURVE('',#2476,#2475,#1287,.T.);
#3016=EDGE_CURVE('',#2476,#2474,#1288,.T.);
#3017=EDGE_CURVE('',#2341,#2407,#1289,.T.);
#3018=EDGE_CURVE('',#2406,#2342,#1290,.T.);
#3019=EDGE_CURVE('',#2334,#2451,#2105,.T.);
#3020=EDGE_CURVE('',#2454,#2356,#2106,.T.);
#3021=EDGE_CURVE('',#2451,#2454,#1291,.T.);
#3022=EDGE_CURVE('',#2353,#2459,#2107,.T.);
#3023=EDGE_CURVE('',#2477,#2352,#31,.T.);
#3024=EDGE_CURVE('',#2459,#2477,#1292,.T.);
#3025=EDGE_CURVE('',#2391,#2449,#2108,.T.);
#3026=EDGE_CURVE('',#2449,#2455,#1293,.T.);
#3027=EDGE_CURVE('',#2455,#2392,#2109,.T.);
#3028=EDGE_CURVE('',#2395,#2457,#2110,.T.);
#3029=EDGE_CURVE('',#2457,#2478,#1294,.T.);
#3030=EDGE_CURVE('',#2478,#2396,#32,.T.);
#3031=EDGE_CURVE('',#2452,#2453,#1295,.T.);
#3032=EDGE_CURVE('',#2479,#2477,#1296,.T.);
#3033=EDGE_CURVE('',#2460,#2479,#1297,.T.);
#3034=EDGE_CURVE('',#2450,#2456,#1298,.T.);
#3035=EDGE_CURVE('',#2458,#2480,#1299,.T.);
#3036=EDGE_CURVE('',#2478,#2480,#1300,.T.);
#3037=EDGE_CURVE('',#2480,#2479,#1301,.T.);
#3038=EDGE_CURVE('',#2345,#2467,#2111,.T.);
#3039=EDGE_CURVE('',#2470,#2344,#2112,.T.);
#3040=EDGE_CURVE('',#2467,#2470,#1302,.T.);
#3041=EDGE_CURVE('',#2341,#2475,#2113,.T.);
#3042=EDGE_CURVE('',#2481,#2340,#33,.T.);
#3043=EDGE_CURVE('',#2475,#2481,#1303,.T.);
#3044=EDGE_CURVE('',#2403,#2465,#2114,.T.);
#3045=EDGE_CURVE('',#2465,#2471,#1304,.T.);
#3046=EDGE_CURVE('',#2471,#2404,#2115,.T.);
#3047=EDGE_CURVE('',#2407,#2473,#2116,.T.);
#3048=EDGE_CURVE('',#2473,#2482,#1305,.T.);
#3049=EDGE_CURVE('',#2482,#2408,#34,.T.);
#3050=EDGE_CURVE('',#2468,#2469,#1306,.T.);
#3051=EDGE_CURVE('',#2483,#2481,#1307,.T.);
#3052=EDGE_CURVE('',#2476,#2483,#1308,.T.);
#3053=EDGE_CURVE('',#2466,#2472,#1309,.T.);
#3054=EDGE_CURVE('',#2474,#2484,#1310,.T.);
#3055=EDGE_CURVE('',#2482,#2484,#1311,.T.);
#3056=EDGE_CURVE('',#2484,#2483,#1312,.T.);
#3057=EDGE_CURVE('',#2485,#2486,#1313,.T.);
#3058=EDGE_CURVE('',#2409,#2486,#35,.T.);
#3059=EDGE_CURVE('',#2409,#2339,#1314,.T.);
#3060=EDGE_CURVE('',#2339,#2485,#36,.T.);
#3061=EDGE_CURVE('',#2487,#2410,#37,.T.);
#3062=EDGE_CURVE('',#2488,#2487,#1315,.T.);
#3063=EDGE_CURVE('',#2488,#2338,#38,.T.);
#3064=EDGE_CURVE('',#2410,#2338,#1316,.T.);
#3065=EDGE_CURVE('',#2488,#2485,#1317,.T.);
#3066=EDGE_CURVE('',#2486,#2487,#1318,.T.);
#3067=EDGE_CURVE('',#2485,#2489,#1319,.T.);
#3068=EDGE_CURVE('',#2489,#2490,#1320,.T.);
#3069=EDGE_CURVE('',#2486,#2490,#1321,.T.);
#3070=EDGE_CURVE('',#2488,#2491,#1322,.T.);
#3071=EDGE_CURVE('',#2491,#2489,#1323,.T.);
#3072=EDGE_CURVE('',#2487,#2492,#1324,.T.);
#3073=EDGE_CURVE('',#2492,#2490,#1325,.T.);
#3074=EDGE_CURVE('',#2491,#2492,#1326,.T.);
#3075=EDGE_CURVE('',#2493,#2494,#1327,.T.);
#3076=EDGE_CURVE('',#2397,#2494,#39,.T.);
#3077=EDGE_CURVE('',#2397,#2351,#1328,.T.);
#3078=EDGE_CURVE('',#2351,#2493,#40,.T.);
#3079=EDGE_CURVE('',#2495,#2398,#41,.T.);
#3080=EDGE_CURVE('',#2496,#2495,#1329,.T.);
#3081=EDGE_CURVE('',#2496,#2350,#42,.T.);
#3082=EDGE_CURVE('',#2398,#2350,#1330,.T.);
#3083=EDGE_CURVE('',#2496,#2493,#1331,.T.);
#3084=EDGE_CURVE('',#2494,#2495,#1332,.T.);
#3085=EDGE_CURVE('',#2493,#2497,#1333,.T.);
#3086=EDGE_CURVE('',#2497,#2498,#1334,.T.);
#3087=EDGE_CURVE('',#2494,#2498,#1335,.T.);
#3088=EDGE_CURVE('',#2496,#2499,#1336,.T.);
#3089=EDGE_CURVE('',#2499,#2497,#1337,.T.);
#3090=EDGE_CURVE('',#2495,#2500,#1338,.T.);
#3091=EDGE_CURVE('',#2500,#2498,#1339,.T.);
#3092=EDGE_CURVE('',#2499,#2500,#1340,.T.);
#3093=EDGE_CURVE('',#2501,#2502,#1341,.T.);
#3094=EDGE_CURVE('',#2411,#2502,#43,.T.);
#3095=EDGE_CURVE('',#2411,#2337,#1342,.T.);
#3096=EDGE_CURVE('',#2337,#2501,#44,.T.);
#3097=EDGE_CURVE('',#2477,#2478,#1343,.T.);
#3098=EDGE_CURVE('',#2396,#2352,#1344,.T.);
#3099=EDGE_CURVE('',#2446,#2336,#2117,.T.);
#3100=EDGE_CURVE('',#2501,#2446,#1345,.T.);
#3101=EDGE_CURVE('',#2502,#2447,#1346,.T.);
#3102=EDGE_CURVE('',#2447,#2412,#2118,.T.);
#3103=EDGE_CURVE('',#2503,#2504,#1347,.T.);
#3104=EDGE_CURVE('',#2502,#2503,#1348,.T.);
#3105=EDGE_CURVE('',#2504,#2501,#1349,.T.);
#3106=EDGE_CURVE('',#2504,#2445,#1350,.T.);
#3107=EDGE_CURVE('',#2503,#2448,#1351,.T.);
#3108=EDGE_CURVE('',#2505,#2506,#1352,.T.);
#3109=EDGE_CURVE('',#2399,#2506,#45,.T.);
#3110=EDGE_CURVE('',#2399,#2349,#1353,.T.);
#3111=EDGE_CURVE('',#2349,#2505,#46,.T.);
#3112=EDGE_CURVE('',#2481,#2482,#1354,.T.);
#3113=EDGE_CURVE('',#2408,#2340,#1355,.T.);
#3114=EDGE_CURVE('',#2462,#2348,#2119,.T.);
#3115=EDGE_CURVE('',#2505,#2462,#1356,.T.);
#3116=EDGE_CURVE('',#2506,#2463,#1357,.T.);
#3117=EDGE_CURVE('',#2463,#2400,#2120,.T.);
#3118=EDGE_CURVE('',#2507,#2508,#1358,.T.);
#3119=EDGE_CURVE('',#2506,#2507,#1359,.T.);
#3120=EDGE_CURVE('',#2508,#2505,#1360,.T.);
#3121=EDGE_CURVE('',#2508,#2461,#1361,.T.);
#3122=EDGE_CURVE('',#2507,#2464,#1362,.T.);
#3123=EDGE_CURVE('',#2509,#2510,#1363,.T.);
#3124=EDGE_CURVE('',#2410,#2510,#47,.T.);
#3125=EDGE_CURVE('',#2338,#2509,#48,.T.);
#3126=EDGE_CURVE('',#2511,#2411,#49,.T.);
#3127=EDGE_CURVE('',#2512,#2511,#1364,.T.);
#3128=EDGE_CURVE('',#2512,#2337,#50,.T.);
#3129=EDGE_CURVE('',#2512,#2509,#1365,.T.);
#3130=EDGE_CURVE('',#2510,#2511,#1366,.T.);
#3131=EDGE_CURVE('',#2513,#2514,#1367,.T.);
#3132=EDGE_CURVE('',#2510,#2513,#1368,.T.);
#3133=EDGE_CURVE('',#2509,#2514,#1369,.T.);
#3134=EDGE_CURVE('',#2512,#2515,#1370,.T.);
#3135=EDGE_CURVE('',#2514,#2515,#1371,.T.);
#3136=EDGE_CURVE('',#2511,#2516,#1372,.T.);
#3137=EDGE_CURVE('',#2513,#2516,#1373,.T.);
#3138=EDGE_CURVE('',#2516,#2515,#1374,.T.);
#3139=EDGE_CURVE('',#2517,#2518,#1375,.T.);
#3140=EDGE_CURVE('',#2396,#2518,#51,.T.);
#3141=EDGE_CURVE('',#2352,#2517,#52,.T.);
#3142=EDGE_CURVE('',#2519,#2397,#53,.T.);
#3143=EDGE_CURVE('',#2520,#2519,#1376,.T.);
#3144=EDGE_CURVE('',#2520,#2351,#54,.T.);
#3145=EDGE_CURVE('',#2520,#2517,#1377,.T.);
#3146=EDGE_CURVE('',#2518,#2519,#1378,.T.);
#3147=EDGE_CURVE('',#2521,#2522,#1379,.T.);
#3148=EDGE_CURVE('',#2518,#2521,#1380,.T.);
#3149=EDGE_CURVE('',#2517,#2522,#1381,.T.);
#3150=EDGE_CURVE('',#2520,#2523,#1382,.T.);
#3151=EDGE_CURVE('',#2522,#2523,#1383,.T.);
#3152=EDGE_CURVE('',#2519,#2524,#1384,.T.);
#3153=EDGE_CURVE('',#2521,#2524,#1385,.T.);
#3154=EDGE_CURVE('',#2524,#2523,#1386,.T.);
#3155=EDGE_CURVE('',#2525,#2526,#1387,.T.);
#3156=EDGE_CURVE('',#2398,#2526,#55,.T.);
#3157=EDGE_CURVE('',#2350,#2525,#56,.T.);
#3158=EDGE_CURVE('',#2527,#2399,#57,.T.);
#3159=EDGE_CURVE('',#2528,#2527,#1388,.T.);
#3160=EDGE_CURVE('',#2528,#2349,#58,.T.);
#3161=EDGE_CURVE('',#2528,#2525,#1389,.T.);
#3162=EDGE_CURVE('',#2526,#2527,#1390,.T.);
#3163=EDGE_CURVE('',#2529,#2530,#1391,.T.);
#3164=EDGE_CURVE('',#2526,#2529,#1392,.T.);
#3165=EDGE_CURVE('',#2525,#2530,#1393,.T.);
#3166=EDGE_CURVE('',#2528,#2531,#1394,.T.);
#3167=EDGE_CURVE('',#2530,#2531,#1395,.T.);
#3168=EDGE_CURVE('',#2527,#2532,#1396,.T.);
#3169=EDGE_CURVE('',#2529,#2532,#1397,.T.);
#3170=EDGE_CURVE('',#2532,#2531,#1398,.T.);
#3171=EDGE_CURVE('',#2533,#2534,#1399,.T.);
#3172=EDGE_CURVE('',#2408,#2534,#59,.T.);
#3173=EDGE_CURVE('',#2340,#2533,#60,.T.);
#3174=EDGE_CURVE('',#2535,#2409,#61,.T.);
#3175=EDGE_CURVE('',#2536,#2535,#1400,.T.);
#3176=EDGE_CURVE('',#2536,#2339,#62,.T.);
#3177=EDGE_CURVE('',#2536,#2533,#1401,.T.);
#3178=EDGE_CURVE('',#2534,#2535,#1402,.T.);
#3179=EDGE_CURVE('',#2537,#2538,#1403,.T.);
#3180=EDGE_CURVE('',#2534,#2537,#1404,.T.);
#3181=EDGE_CURVE('',#2533,#2538,#1405,.T.);
#3182=EDGE_CURVE('',#2536,#2539,#1406,.T.);
#3183=EDGE_CURVE('',#2538,#2539,#1407,.T.);
#3184=EDGE_CURVE('',#2535,#2540,#1408,.T.);
#3185=EDGE_CURVE('',#2537,#2540,#1409,.T.);
#3186=EDGE_CURVE('',#2540,#2539,#1410,.T.);
#3187=EDGE_CURVE('',#2438,#2365,#1411,.T.);
#3188=EDGE_CURVE('',#2439,#2366,#1412,.T.);
#3189=EDGE_CURVE('',#2437,#2367,#1413,.T.);
#3190=EDGE_CURVE('',#2444,#2368,#1414,.T.);
#3191=EDGE_CURVE('',#2443,#2369,#1415,.T.);
#3192=EDGE_CURVE('',#2442,#2370,#1416,.T.);
#3193=EDGE_CURVE('',#2441,#2371,#1417,.T.);
#3194=EDGE_CURVE('',#2440,#2372,#1418,.T.);
#3195=EDGE_CURVE('',#2430,#2357,#1419,.T.);
#3196=EDGE_CURVE('',#2431,#2358,#1420,.T.);
#3197=EDGE_CURVE('',#2429,#2359,#1421,.T.);
#3198=EDGE_CURVE('',#2436,#2360,#1422,.T.);
#3199=EDGE_CURVE('',#2435,#2361,#1423,.T.);
#3200=EDGE_CURVE('',#2434,#2362,#1424,.T.);
#3201=EDGE_CURVE('',#2433,#2363,#1425,.T.);
#3202=EDGE_CURVE('',#2432,#2364,#1426,.T.);
#3203=EDGE_CURVE('',#2374,#2421,#1427,.T.);
#3204=EDGE_CURVE('',#2373,#2423,#1428,.T.);
#3205=EDGE_CURVE('',#2380,#2424,#1429,.T.);
#3206=EDGE_CURVE('',#2379,#2425,#1430,.T.);
#3207=EDGE_CURVE('',#2378,#2426,#1431,.T.);
#3208=EDGE_CURVE('',#2377,#2427,#1432,.T.);
#3209=EDGE_CURVE('',#2376,#2428,#1433,.T.);
#3210=EDGE_CURVE('',#2375,#2422,#1434,.T.);
#3211=EDGE_CURVE('',#2383,#2414,#1435,.T.);
#3212=EDGE_CURVE('',#2381,#2413,#1436,.T.);
#3213=EDGE_CURVE('',#2382,#2415,#1437,.T.);
#3214=EDGE_CURVE('',#2388,#2416,#1438,.T.);
#3215=EDGE_CURVE('',#2387,#2417,#1439,.T.);
#3216=EDGE_CURVE('',#2386,#2418,#1440,.T.);
#3217=EDGE_CURVE('',#2385,#2419,#1441,.T.);
#3218=EDGE_CURVE('',#2384,#2420,#1442,.T.);
#3219=EDGE_CURVE('',#2381,#2541,#2121,.T.);
#3220=EDGE_CURVE('',#2541,#2542,#1443,.T.);
#3221=EDGE_CURVE('',#2413,#2542,#2122,.T.);
#3222=EDGE_CURVE('',#2543,#2544,#1444,.T.);
#3223=EDGE_CURVE('',#2544,#2382,#2123,.T.);
#3224=EDGE_CURVE('',#2543,#2415,#2124,.T.);
#3225=EDGE_CURVE('',#2542,#2543,#1445,.T.);
#3226=EDGE_CURVE('',#2541,#2544,#1446,.T.);
#3227=EDGE_CURVE('',#2545,#2546,#2125,.T.);
#3228=EDGE_CURVE('',#2547,#2546,#1447,.T.);
#3229=EDGE_CURVE('',#2548,#2547,#2126,.T.);
#3230=EDGE_CURVE('',#2548,#2545,#1448,.T.);
#3231=EDGE_CURVE('',#2546,#2549,#1449,.T.);
#3232=EDGE_CURVE('',#2550,#2549,#1450,.T.);
#3233=EDGE_CURVE('',#2547,#2550,#1451,.T.);
#3234=EDGE_CURVE('',#2549,#2551,#2127,.T.);
#3235=EDGE_CURVE('',#2552,#2551,#1452,.T.);
#3236=EDGE_CURVE('',#2550,#2552,#2128,.T.);
#3237=EDGE_CURVE('',#2551,#2542,#1453,.T.);
#3238=EDGE_CURVE('',#2543,#2545,#1454,.T.);
#3239=EDGE_CURVE('',#2552,#2541,#1455,.T.);
#3240=EDGE_CURVE('',#2544,#2548,#1456,.T.);
#3241=EDGE_CURVE('',#2553,#2554,#1457,.T.);
#3242=EDGE_CURVE('',#2553,#2374,#2129,.T.);
#3243=EDGE_CURVE('',#2554,#2421,#2130,.T.);
#3244=EDGE_CURVE('',#2375,#2555,#2131,.T.);
#3245=EDGE_CURVE('',#2556,#2555,#1458,.T.);
#3246=EDGE_CURVE('',#2422,#2556,#2132,.T.);
#3247=EDGE_CURVE('',#2554,#2556,#1459,.T.);
#3248=EDGE_CURVE('',#2553,#2555,#1460,.T.);
#3249=EDGE_CURVE('',#2557,#2558,#2133,.T.);
#3250=EDGE_CURVE('',#2559,#2558,#1461,.T.);
#3251=EDGE_CURVE('',#2560,#2559,#2134,.T.);
#3252=EDGE_CURVE('',#2560,#2557,#1462,.T.);
#3253=EDGE_CURVE('',#2558,#2561,#1463,.T.);
#3254=EDGE_CURVE('',#2562,#2561,#1464,.T.);
#3255=EDGE_CURVE('',#2559,#2562,#1465,.T.);
#3256=EDGE_CURVE('',#2561,#2563,#2135,.T.);
#3257=EDGE_CURVE('',#2564,#2563,#1466,.T.);
#3258=EDGE_CURVE('',#2562,#2564,#2136,.T.);
#3259=EDGE_CURVE('',#2554,#2557,#1467,.T.);
#3260=EDGE_CURVE('',#2563,#2556,#1468,.T.);
#3261=EDGE_CURVE('',#2564,#2555,#1469,.T.);
#3262=EDGE_CURVE('',#2553,#2560,#1470,.T.);
#3263=ORIENTED_EDGE('',*,*,#2565,.F.);
#3264=ORIENTED_EDGE('',*,*,#2566,.T.);
#3265=ORIENTED_EDGE('',*,*,#2567,.T.);
#3266=ORIENTED_EDGE('',*,*,#2566,.F.);
#3267=ORIENTED_EDGE('',*,*,#2568,.F.);
#3268=ORIENTED_EDGE('',*,*,#2569,.T.);
#3269=ORIENTED_EDGE('',*,*,#2570,.T.);
#3270=ORIENTED_EDGE('',*,*,#2569,.F.);
#3271=ORIENTED_EDGE('',*,*,#2571,.F.);
#3272=ORIENTED_EDGE('',*,*,#2572,.T.);
#3273=ORIENTED_EDGE('',*,*,#2573,.T.);
#3274=ORIENTED_EDGE('',*,*,#2572,.F.);
#3275=ORIENTED_EDGE('',*,*,#2574,.F.);
#3276=ORIENTED_EDGE('',*,*,#2575,.T.);
#3277=ORIENTED_EDGE('',*,*,#2576,.T.);
#3278=ORIENTED_EDGE('',*,*,#2575,.F.);
#3279=ORIENTED_EDGE('',*,*,#2577,.F.);
#3280=ORIENTED_EDGE('',*,*,#2578,.T.);
#3281=ORIENTED_EDGE('',*,*,#2579,.T.);
#3282=ORIENTED_EDGE('',*,*,#2578,.F.);
#3283=ORIENTED_EDGE('',*,*,#2580,.F.);
#3284=ORIENTED_EDGE('',*,*,#2581,.T.);
#3285=ORIENTED_EDGE('',*,*,#2582,.T.);
#3286=ORIENTED_EDGE('',*,*,#2581,.F.);
#3287=ORIENTED_EDGE('',*,*,#2583,.F.);
#3288=ORIENTED_EDGE('',*,*,#2584,.T.);
#3289=ORIENTED_EDGE('',*,*,#2585,.T.);
#3290=ORIENTED_EDGE('',*,*,#2584,.F.);
#3291=ORIENTED_EDGE('',*,*,#2586,.F.);
#3292=ORIENTED_EDGE('',*,*,#2587,.T.);
#3293=ORIENTED_EDGE('',*,*,#2588,.T.);
#3294=ORIENTED_EDGE('',*,*,#2587,.F.);
#3295=ORIENTED_EDGE('',*,*,#2589,.F.);
#3296=ORIENTED_EDGE('',*,*,#2590,.T.);
#3297=ORIENTED_EDGE('',*,*,#2591,.T.);
#3298=ORIENTED_EDGE('',*,*,#2590,.F.);
#3299=ORIENTED_EDGE('',*,*,#2592,.F.);
#3300=ORIENTED_EDGE('',*,*,#2593,.T.);
#3301=ORIENTED_EDGE('',*,*,#2594,.T.);
#3302=ORIENTED_EDGE('',*,*,#2593,.F.);
#3303=ORIENTED_EDGE('',*,*,#2595,.F.);
#3304=ORIENTED_EDGE('',*,*,#2596,.T.);
#3305=ORIENTED_EDGE('',*,*,#2597,.T.);
#3306=ORIENTED_EDGE('',*,*,#2596,.F.);
#3307=ORIENTED_EDGE('',*,*,#2598,.F.);
#3308=ORIENTED_EDGE('',*,*,#2599,.T.);
#3309=ORIENTED_EDGE('',*,*,#2600,.T.);
#3310=ORIENTED_EDGE('',*,*,#2599,.F.);
#3311=ORIENTED_EDGE('',*,*,#2601,.F.);
#3312=ORIENTED_EDGE('',*,*,#2602,.T.);
#3313=ORIENTED_EDGE('',*,*,#2603,.T.);
#3314=ORIENTED_EDGE('',*,*,#2602,.F.);
#3315=ORIENTED_EDGE('',*,*,#2604,.F.);
#3316=ORIENTED_EDGE('',*,*,#2605,.T.);
#3317=ORIENTED_EDGE('',*,*,#2606,.T.);
#3318=ORIENTED_EDGE('',*,*,#2605,.F.);
#3319=ORIENTED_EDGE('',*,*,#2607,.F.);
#3320=ORIENTED_EDGE('',*,*,#2608,.T.);
#3321=ORIENTED_EDGE('',*,*,#2609,.T.);
#3322=ORIENTED_EDGE('',*,*,#2608,.F.);
#3323=ORIENTED_EDGE('',*,*,#2610,.F.);
#3324=ORIENTED_EDGE('',*,*,#2611,.T.);
#3325=ORIENTED_EDGE('',*,*,#2612,.T.);
#3326=ORIENTED_EDGE('',*,*,#2611,.F.);
#3327=ORIENTED_EDGE('',*,*,#2613,.F.);
#3328=ORIENTED_EDGE('',*,*,#2614,.T.);
#3329=ORIENTED_EDGE('',*,*,#2615,.T.);
#3330=ORIENTED_EDGE('',*,*,#2614,.F.);
#3331=ORIENTED_EDGE('',*,*,#2616,.F.);
#3332=ORIENTED_EDGE('',*,*,#2617,.T.);
#3333=ORIENTED_EDGE('',*,*,#2618,.T.);
#3334=ORIENTED_EDGE('',*,*,#2617,.F.);
#3335=ORIENTED_EDGE('',*,*,#2619,.F.);
#3336=ORIENTED_EDGE('',*,*,#2620,.T.);
#3337=ORIENTED_EDGE('',*,*,#2621,.T.);
#3338=ORIENTED_EDGE('',*,*,#2620,.F.);
#3339=ORIENTED_EDGE('',*,*,#2622,.F.);
#3340=ORIENTED_EDGE('',*,*,#2623,.T.);
#3341=ORIENTED_EDGE('',*,*,#2624,.T.);
#3342=ORIENTED_EDGE('',*,*,#2623,.F.);
#3343=ORIENTED_EDGE('',*,*,#2625,.F.);
#3344=ORIENTED_EDGE('',*,*,#2626,.T.);
#3345=ORIENTED_EDGE('',*,*,#2627,.T.);
#3346=ORIENTED_EDGE('',*,*,#2626,.F.);
#3347=ORIENTED_EDGE('',*,*,#2628,.F.);
#3348=ORIENTED_EDGE('',*,*,#2629,.T.);
#3349=ORIENTED_EDGE('',*,*,#2630,.T.);
#3350=ORIENTED_EDGE('',*,*,#2629,.F.);
#3351=ORIENTED_EDGE('',*,*,#2631,.F.);
#3352=ORIENTED_EDGE('',*,*,#2632,.T.);
#3353=ORIENTED_EDGE('',*,*,#2633,.T.);
#3354=ORIENTED_EDGE('',*,*,#2632,.F.);
#3355=ORIENTED_EDGE('',*,*,#2634,.F.);
#3356=ORIENTED_EDGE('',*,*,#2635,.T.);
#3357=ORIENTED_EDGE('',*,*,#2636,.T.);
#3358=ORIENTED_EDGE('',*,*,#2635,.F.);
#3359=ORIENTED_EDGE('',*,*,#2637,.F.);
#3360=ORIENTED_EDGE('',*,*,#2638,.T.);
#3361=ORIENTED_EDGE('',*,*,#2639,.T.);
#3362=ORIENTED_EDGE('',*,*,#2638,.F.);
#3363=ORIENTED_EDGE('',*,*,#2640,.F.);
#3364=ORIENTED_EDGE('',*,*,#2641,.T.);
#3365=ORIENTED_EDGE('',*,*,#2642,.T.);
#3366=ORIENTED_EDGE('',*,*,#2641,.F.);
#3367=ORIENTED_EDGE('',*,*,#2643,.F.);
#3368=ORIENTED_EDGE('',*,*,#2644,.T.);
#3369=ORIENTED_EDGE('',*,*,#2645,.T.);
#3370=ORIENTED_EDGE('',*,*,#2644,.F.);
#3371=ORIENTED_EDGE('',*,*,#2646,.F.);
#3372=ORIENTED_EDGE('',*,*,#2647,.T.);
#3373=ORIENTED_EDGE('',*,*,#2648,.T.);
#3374=ORIENTED_EDGE('',*,*,#2647,.F.);
#3375=ORIENTED_EDGE('',*,*,#2649,.F.);
#3376=ORIENTED_EDGE('',*,*,#2650,.T.);
#3377=ORIENTED_EDGE('',*,*,#2651,.T.);
#3378=ORIENTED_EDGE('',*,*,#2650,.F.);
#3379=ORIENTED_EDGE('',*,*,#2652,.F.);
#3380=ORIENTED_EDGE('',*,*,#2653,.T.);
#3381=ORIENTED_EDGE('',*,*,#2654,.T.);
#3382=ORIENTED_EDGE('',*,*,#2653,.F.);
#3383=ORIENTED_EDGE('',*,*,#2655,.F.);
#3384=ORIENTED_EDGE('',*,*,#2656,.T.);
#3385=ORIENTED_EDGE('',*,*,#2657,.T.);
#3386=ORIENTED_EDGE('',*,*,#2656,.F.);
#3387=ORIENTED_EDGE('',*,*,#2658,.F.);
#3388=ORIENTED_EDGE('',*,*,#2659,.T.);
#3389=ORIENTED_EDGE('',*,*,#2660,.T.);
#3390=ORIENTED_EDGE('',*,*,#2659,.F.);
#3391=ORIENTED_EDGE('',*,*,#2661,.F.);
#3392=ORIENTED_EDGE('',*,*,#2662,.T.);
#3393=ORIENTED_EDGE('',*,*,#2663,.T.);
#3394=ORIENTED_EDGE('',*,*,#2662,.F.);
#3395=ORIENTED_EDGE('',*,*,#2664,.F.);
#3396=ORIENTED_EDGE('',*,*,#2665,.T.);
#3397=ORIENTED_EDGE('',*,*,#2666,.T.);
#3398=ORIENTED_EDGE('',*,*,#2665,.F.);
#3399=ORIENTED_EDGE('',*,*,#2667,.F.);
#3400=ORIENTED_EDGE('',*,*,#2668,.T.);
#3401=ORIENTED_EDGE('',*,*,#2669,.T.);
#3402=ORIENTED_EDGE('',*,*,#2668,.F.);
#3403=ORIENTED_EDGE('',*,*,#2670,.F.);
#3404=ORIENTED_EDGE('',*,*,#2671,.T.);
#3405=ORIENTED_EDGE('',*,*,#2672,.T.);
#3406=ORIENTED_EDGE('',*,*,#2671,.F.);
#3407=ORIENTED_EDGE('',*,*,#2673,.F.);
#3408=ORIENTED_EDGE('',*,*,#2674,.T.);
#3409=ORIENTED_EDGE('',*,*,#2675,.T.);
#3410=ORIENTED_EDGE('',*,*,#2674,.F.);
#3411=ORIENTED_EDGE('',*,*,#2676,.F.);
#3412=ORIENTED_EDGE('',*,*,#2677,.T.);
#3413=ORIENTED_EDGE('',*,*,#2678,.T.);
#3414=ORIENTED_EDGE('',*,*,#2677,.F.);
#3415=ORIENTED_EDGE('',*,*,#2679,.F.);
#3416=ORIENTED_EDGE('',*,*,#2680,.T.);
#3417=ORIENTED_EDGE('',*,*,#2681,.T.);
#3418=ORIENTED_EDGE('',*,*,#2680,.F.);
#3419=ORIENTED_EDGE('',*,*,#2682,.F.);
#3420=ORIENTED_EDGE('',*,*,#2683,.T.);
#3421=ORIENTED_EDGE('',*,*,#2684,.T.);
#3422=ORIENTED_EDGE('',*,*,#2683,.F.);
#3423=ORIENTED_EDGE('',*,*,#2685,.F.);
#3424=ORIENTED_EDGE('',*,*,#2686,.T.);
#3425=ORIENTED_EDGE('',*,*,#2687,.T.);
#3426=ORIENTED_EDGE('',*,*,#2686,.F.);
#3427=ORIENTED_EDGE('',*,*,#2688,.F.);
#3428=ORIENTED_EDGE('',*,*,#2689,.T.);
#3429=ORIENTED_EDGE('',*,*,#2690,.T.);
#3430=ORIENTED_EDGE('',*,*,#2689,.F.);
#3431=ORIENTED_EDGE('',*,*,#2691,.F.);
#3432=ORIENTED_EDGE('',*,*,#2692,.T.);
#3433=ORIENTED_EDGE('',*,*,#2693,.T.);
#3434=ORIENTED_EDGE('',*,*,#2692,.F.);
#3435=ORIENTED_EDGE('',*,*,#2694,.F.);
#3436=ORIENTED_EDGE('',*,*,#2695,.T.);
#3437=ORIENTED_EDGE('',*,*,#2696,.T.);
#3438=ORIENTED_EDGE('',*,*,#2695,.F.);
#3439=ORIENTED_EDGE('',*,*,#2697,.F.);
#3440=ORIENTED_EDGE('',*,*,#2698,.T.);
#3441=ORIENTED_EDGE('',*,*,#2699,.T.);
#3442=ORIENTED_EDGE('',*,*,#2698,.F.);
#3443=ORIENTED_EDGE('',*,*,#2700,.F.);
#3444=ORIENTED_EDGE('',*,*,#2701,.T.);
#3445=ORIENTED_EDGE('',*,*,#2702,.T.);
#3446=ORIENTED_EDGE('',*,*,#2701,.F.);
#3447=ORIENTED_EDGE('',*,*,#2703,.F.);
#3448=ORIENTED_EDGE('',*,*,#2704,.T.);
#3449=ORIENTED_EDGE('',*,*,#2705,.T.);
#3450=ORIENTED_EDGE('',*,*,#2704,.F.);
#3451=ORIENTED_EDGE('',*,*,#2706,.F.);
#3452=ORIENTED_EDGE('',*,*,#2707,.T.);
#3453=ORIENTED_EDGE('',*,*,#2708,.T.);
#3454=ORIENTED_EDGE('',*,*,#2707,.F.);
#3455=ORIENTED_EDGE('',*,*,#2709,.F.);
#3456=ORIENTED_EDGE('',*,*,#2710,.T.);
#3457=ORIENTED_EDGE('',*,*,#2711,.T.);
#3458=ORIENTED_EDGE('',*,*,#2710,.F.);
#3459=ORIENTED_EDGE('',*,*,#2712,.F.);
#3460=ORIENTED_EDGE('',*,*,#2713,.T.);
#3461=ORIENTED_EDGE('',*,*,#2714,.T.);
#3462=ORIENTED_EDGE('',*,*,#2713,.F.);
#3463=ORIENTED_EDGE('',*,*,#2715,.F.);
#3464=ORIENTED_EDGE('',*,*,#2716,.T.);
#3465=ORIENTED_EDGE('',*,*,#2717,.T.);
#3466=ORIENTED_EDGE('',*,*,#2716,.F.);
#3467=ORIENTED_EDGE('',*,*,#2718,.F.);
#3468=ORIENTED_EDGE('',*,*,#2719,.T.);
#3469=ORIENTED_EDGE('',*,*,#2720,.T.);
#3470=ORIENTED_EDGE('',*,*,#2719,.F.);
#3471=ORIENTED_EDGE('',*,*,#2721,.F.);
#3472=ORIENTED_EDGE('',*,*,#2722,.T.);
#3473=ORIENTED_EDGE('',*,*,#2723,.T.);
#3474=ORIENTED_EDGE('',*,*,#2722,.F.);
#3475=ORIENTED_EDGE('',*,*,#2724,.F.);
#3476=ORIENTED_EDGE('',*,*,#2725,.T.);
#3477=ORIENTED_EDGE('',*,*,#2726,.T.);
#3478=ORIENTED_EDGE('',*,*,#2725,.F.);
#3479=ORIENTED_EDGE('',*,*,#2727,.F.);
#3480=ORIENTED_EDGE('',*,*,#2728,.T.);
#3481=ORIENTED_EDGE('',*,*,#2729,.T.);
#3482=ORIENTED_EDGE('',*,*,#2728,.F.);
#3483=ORIENTED_EDGE('',*,*,#2730,.F.);
#3484=ORIENTED_EDGE('',*,*,#2731,.T.);
#3485=ORIENTED_EDGE('',*,*,#2732,.T.);
#3486=ORIENTED_EDGE('',*,*,#2731,.F.);
#3487=ORIENTED_EDGE('',*,*,#2733,.F.);
#3488=ORIENTED_EDGE('',*,*,#2734,.T.);
#3489=ORIENTED_EDGE('',*,*,#2735,.T.);
#3490=ORIENTED_EDGE('',*,*,#2734,.F.);
#3491=ORIENTED_EDGE('',*,*,#2736,.F.);
#3492=ORIENTED_EDGE('',*,*,#2737,.T.);
#3493=ORIENTED_EDGE('',*,*,#2738,.T.);
#3494=ORIENTED_EDGE('',*,*,#2737,.F.);
#3495=ORIENTED_EDGE('',*,*,#2739,.F.);
#3496=ORIENTED_EDGE('',*,*,#2740,.T.);
#3497=ORIENTED_EDGE('',*,*,#2741,.T.);
#3498=ORIENTED_EDGE('',*,*,#2740,.F.);
#3499=ORIENTED_EDGE('',*,*,#2742,.F.);
#3500=ORIENTED_EDGE('',*,*,#2743,.T.);
#3501=ORIENTED_EDGE('',*,*,#2744,.T.);
#3502=ORIENTED_EDGE('',*,*,#2743,.F.);
#3503=ORIENTED_EDGE('',*,*,#2745,.F.);
#3504=ORIENTED_EDGE('',*,*,#2746,.T.);
#3505=ORIENTED_EDGE('',*,*,#2747,.T.);
#3506=ORIENTED_EDGE('',*,*,#2746,.F.);
#3507=ORIENTED_EDGE('',*,*,#2748,.F.);
#3508=ORIENTED_EDGE('',*,*,#2749,.T.);
#3509=ORIENTED_EDGE('',*,*,#2750,.T.);
#3510=ORIENTED_EDGE('',*,*,#2749,.F.);
#3511=ORIENTED_EDGE('',*,*,#2751,.F.);
#3512=ORIENTED_EDGE('',*,*,#2752,.T.);
#3513=ORIENTED_EDGE('',*,*,#2753,.T.);
#3514=ORIENTED_EDGE('',*,*,#2752,.F.);
#3515=ORIENTED_EDGE('',*,*,#2754,.F.);
#3516=ORIENTED_EDGE('',*,*,#2755,.T.);
#3517=ORIENTED_EDGE('',*,*,#2756,.T.);
#3518=ORIENTED_EDGE('',*,*,#2755,.F.);
#3519=ORIENTED_EDGE('',*,*,#2757,.F.);
#3520=ORIENTED_EDGE('',*,*,#2758,.T.);
#3521=ORIENTED_EDGE('',*,*,#2759,.T.);
#3522=ORIENTED_EDGE('',*,*,#2758,.F.);
#3523=ORIENTED_EDGE('',*,*,#2760,.F.);
#3524=ORIENTED_EDGE('',*,*,#2761,.T.);
#3525=ORIENTED_EDGE('',*,*,#2762,.T.);
#3526=ORIENTED_EDGE('',*,*,#2761,.F.);
#3527=ORIENTED_EDGE('',*,*,#2763,.F.);
#3528=ORIENTED_EDGE('',*,*,#2764,.F.);
#3529=ORIENTED_EDGE('',*,*,#2765,.T.);
#3530=ORIENTED_EDGE('',*,*,#2766,.T.);
#3531=ORIENTED_EDGE('',*,*,#2765,.F.);
#3532=ORIENTED_EDGE('',*,*,#2763,.T.);
#3533=ORIENTED_EDGE('',*,*,#2764,.T.);
#3534=ORIENTED_EDGE('',*,*,#2767,.T.);
#3535=ORIENTED_EDGE('',*,*,#2768,.F.);
#3536=ORIENTED_EDGE('',*,*,#2767,.F.);
#3537=ORIENTED_EDGE('',*,*,#2769,.F.);
#3538=ORIENTED_EDGE('',*,*,#2770,.F.);
#3539=ORIENTED_EDGE('',*,*,#2771,.T.);
#3540=ORIENTED_EDGE('',*,*,#2772,.T.);
#3541=ORIENTED_EDGE('',*,*,#2771,.F.);
#3542=ORIENTED_EDGE('',*,*,#2769,.T.);
#3543=ORIENTED_EDGE('',*,*,#2770,.T.);
#3544=ORIENTED_EDGE('',*,*,#2773,.T.);
#3545=ORIENTED_EDGE('',*,*,#2774,.F.);
#3546=ORIENTED_EDGE('',*,*,#2773,.F.);
#3547=ORIENTED_EDGE('',*,*,#2775,.F.);
#3548=ORIENTED_EDGE('',*,*,#2776,.F.);
#3549=ORIENTED_EDGE('',*,*,#2777,.T.);
#3550=ORIENTED_EDGE('',*,*,#2778,.T.);
#3551=ORIENTED_EDGE('',*,*,#2777,.F.);
#3552=ORIENTED_EDGE('',*,*,#2775,.T.);
#3553=ORIENTED_EDGE('',*,*,#2776,.T.);
#3554=ORIENTED_EDGE('',*,*,#2779,.T.);
#3555=ORIENTED_EDGE('',*,*,#2780,.F.);
#3556=ORIENTED_EDGE('',*,*,#2779,.F.);
#3557=ORIENTED_EDGE('',*,*,#2781,.F.);
#3558=ORIENTED_EDGE('',*,*,#2782,.F.);
#3559=ORIENTED_EDGE('',*,*,#2783,.T.);
#3560=ORIENTED_EDGE('',*,*,#2784,.T.);
#3561=ORIENTED_EDGE('',*,*,#2783,.F.);
#3562=ORIENTED_EDGE('',*,*,#2781,.T.);
#3563=ORIENTED_EDGE('',*,*,#2782,.T.);
#3564=ORIENTED_EDGE('',*,*,#2785,.T.);
#3565=ORIENTED_EDGE('',*,*,#2786,.F.);
#3566=ORIENTED_EDGE('',*,*,#2785,.F.);
#3567=ORIENTED_EDGE('',*,*,#2787,.F.);
#3568=ORIENTED_EDGE('',*,*,#2788,.F.);
#3569=ORIENTED_EDGE('',*,*,#2789,.T.);
#3570=ORIENTED_EDGE('',*,*,#2790,.T.);
#3571=ORIENTED_EDGE('',*,*,#2789,.F.);
#3572=ORIENTED_EDGE('',*,*,#2787,.T.);
#3573=ORIENTED_EDGE('',*,*,#2788,.T.);
#3574=ORIENTED_EDGE('',*,*,#2791,.T.);
#3575=ORIENTED_EDGE('',*,*,#2792,.F.);
#3576=ORIENTED_EDGE('',*,*,#2791,.F.);
#3577=ORIENTED_EDGE('',*,*,#2793,.F.);
#3578=ORIENTED_EDGE('',*,*,#2794,.F.);
#3579=ORIENTED_EDGE('',*,*,#2795,.T.);
#3580=ORIENTED_EDGE('',*,*,#2796,.T.);
#3581=ORIENTED_EDGE('',*,*,#2795,.F.);
#3582=ORIENTED_EDGE('',*,*,#2793,.T.);
#3583=ORIENTED_EDGE('',*,*,#2794,.T.);
#3584=ORIENTED_EDGE('',*,*,#2797,.T.);
#3585=ORIENTED_EDGE('',*,*,#2798,.F.);
#3586=ORIENTED_EDGE('',*,*,#2797,.F.);
#3587=ORIENTED_EDGE('',*,*,#2799,.F.);
#3588=ORIENTED_EDGE('',*,*,#2800,.F.);
#3589=ORIENTED_EDGE('',*,*,#2801,.T.);
#3590=ORIENTED_EDGE('',*,*,#2802,.T.);
#3591=ORIENTED_EDGE('',*,*,#2801,.F.);
#3592=ORIENTED_EDGE('',*,*,#2799,.T.);
#3593=ORIENTED_EDGE('',*,*,#2800,.T.);
#3594=ORIENTED_EDGE('',*,*,#2803,.T.);
#3595=ORIENTED_EDGE('',*,*,#2804,.F.);
#3596=ORIENTED_EDGE('',*,*,#2803,.F.);
#3597=ORIENTED_EDGE('',*,*,#2805,.F.);
#3598=ORIENTED_EDGE('',*,*,#2806,.F.);
#3599=ORIENTED_EDGE('',*,*,#2807,.T.);
#3600=ORIENTED_EDGE('',*,*,#2808,.T.);
#3601=ORIENTED_EDGE('',*,*,#2807,.F.);
#3602=ORIENTED_EDGE('',*,*,#2805,.T.);
#3603=ORIENTED_EDGE('',*,*,#2806,.T.);
#3604=ORIENTED_EDGE('',*,*,#2809,.T.);
#3605=ORIENTED_EDGE('',*,*,#2810,.F.);
#3606=ORIENTED_EDGE('',*,*,#2809,.F.);
#3607=ORIENTED_EDGE('',*,*,#2811,.F.);
#3608=ORIENTED_EDGE('',*,*,#2812,.F.);
#3609=ORIENTED_EDGE('',*,*,#2813,.T.);
#3610=ORIENTED_EDGE('',*,*,#2814,.T.);
#3611=ORIENTED_EDGE('',*,*,#2813,.F.);
#3612=ORIENTED_EDGE('',*,*,#2811,.T.);
#3613=ORIENTED_EDGE('',*,*,#2812,.T.);
#3614=ORIENTED_EDGE('',*,*,#2815,.T.);
#3615=ORIENTED_EDGE('',*,*,#2816,.F.);
#3616=ORIENTED_EDGE('',*,*,#2815,.F.);
#3617=ORIENTED_EDGE('',*,*,#2817,.F.);
#3618=ORIENTED_EDGE('',*,*,#2818,.F.);
#3619=ORIENTED_EDGE('',*,*,#2819,.T.);
#3620=ORIENTED_EDGE('',*,*,#2820,.T.);
#3621=ORIENTED_EDGE('',*,*,#2819,.F.);
#3622=ORIENTED_EDGE('',*,*,#2817,.T.);
#3623=ORIENTED_EDGE('',*,*,#2818,.T.);
#3624=ORIENTED_EDGE('',*,*,#2821,.T.);
#3625=ORIENTED_EDGE('',*,*,#2822,.F.);
#3626=ORIENTED_EDGE('',*,*,#2821,.F.);
#3627=ORIENTED_EDGE('',*,*,#2823,.F.);
#3628=ORIENTED_EDGE('',*,*,#2824,.F.);
#3629=ORIENTED_EDGE('',*,*,#2825,.T.);
#3630=ORIENTED_EDGE('',*,*,#2826,.T.);
#3631=ORIENTED_EDGE('',*,*,#2825,.F.);
#3632=ORIENTED_EDGE('',*,*,#2823,.T.);
#3633=ORIENTED_EDGE('',*,*,#2824,.T.);
#3634=ORIENTED_EDGE('',*,*,#2827,.T.);
#3635=ORIENTED_EDGE('',*,*,#2828,.F.);
#3636=ORIENTED_EDGE('',*,*,#2827,.F.);
#3637=ORIENTED_EDGE('',*,*,#2829,.F.);
#3638=ORIENTED_EDGE('',*,*,#2830,.F.);
#3639=ORIENTED_EDGE('',*,*,#2831,.T.);
#3640=ORIENTED_EDGE('',*,*,#2832,.T.);
#3641=ORIENTED_EDGE('',*,*,#2831,.F.);
#3642=ORIENTED_EDGE('',*,*,#2829,.T.);
#3643=ORIENTED_EDGE('',*,*,#2830,.T.);
#3644=ORIENTED_EDGE('',*,*,#2833,.T.);
#3645=ORIENTED_EDGE('',*,*,#2834,.F.);
#3646=ORIENTED_EDGE('',*,*,#2833,.F.);
#3647=ORIENTED_EDGE('',*,*,#2835,.F.);
#3648=ORIENTED_EDGE('',*,*,#2836,.F.);
#3649=ORIENTED_EDGE('',*,*,#2837,.T.);
#3650=ORIENTED_EDGE('',*,*,#2838,.T.);
#3651=ORIENTED_EDGE('',*,*,#2837,.F.);
#3652=ORIENTED_EDGE('',*,*,#2835,.T.);
#3653=ORIENTED_EDGE('',*,*,#2836,.T.);
#3654=ORIENTED_EDGE('',*,*,#2839,.T.);
#3655=ORIENTED_EDGE('',*,*,#2840,.F.);
#3656=ORIENTED_EDGE('',*,*,#2839,.F.);
#3657=ORIENTED_EDGE('',*,*,#2841,.F.);
#3658=ORIENTED_EDGE('',*,*,#2842,.F.);
#3659=ORIENTED_EDGE('',*,*,#2843,.T.);
#3660=ORIENTED_EDGE('',*,*,#2844,.T.);
#3661=ORIENTED_EDGE('',*,*,#2843,.F.);
#3662=ORIENTED_EDGE('',*,*,#2841,.T.);
#3663=ORIENTED_EDGE('',*,*,#2842,.T.);
#3664=ORIENTED_EDGE('',*,*,#2845,.T.);
#3665=ORIENTED_EDGE('',*,*,#2846,.F.);
#3666=ORIENTED_EDGE('',*,*,#2845,.F.);
#3667=ORIENTED_EDGE('',*,*,#2847,.F.);
#3668=ORIENTED_EDGE('',*,*,#2848,.F.);
#3669=ORIENTED_EDGE('',*,*,#2849,.T.);
#3670=ORIENTED_EDGE('',*,*,#2850,.T.);
#3671=ORIENTED_EDGE('',*,*,#2849,.F.);
#3672=ORIENTED_EDGE('',*,*,#2847,.T.);
#3673=ORIENTED_EDGE('',*,*,#2848,.T.);
#3674=ORIENTED_EDGE('',*,*,#2851,.T.);
#3675=ORIENTED_EDGE('',*,*,#2852,.F.);
#3676=ORIENTED_EDGE('',*,*,#2851,.F.);
#3677=ORIENTED_EDGE('',*,*,#2853,.F.);
#3678=ORIENTED_EDGE('',*,*,#2854,.F.);
#3679=ORIENTED_EDGE('',*,*,#2855,.T.);
#3680=ORIENTED_EDGE('',*,*,#2856,.T.);
#3681=ORIENTED_EDGE('',*,*,#2855,.F.);
#3682=ORIENTED_EDGE('',*,*,#2853,.T.);
#3683=ORIENTED_EDGE('',*,*,#2854,.T.);
#3684=ORIENTED_EDGE('',*,*,#2857,.T.);
#3685=ORIENTED_EDGE('',*,*,#2858,.F.);
#3686=ORIENTED_EDGE('',*,*,#2857,.F.);
#3687=ORIENTED_EDGE('',*,*,#2859,.F.);
#3688=ORIENTED_EDGE('',*,*,#2860,.F.);
#3689=ORIENTED_EDGE('',*,*,#2861,.F.);
#3690=ORIENTED_EDGE('',*,*,#2862,.T.);
#3691=ORIENTED_EDGE('',*,*,#2863,.T.);
#3692=ORIENTED_EDGE('',*,*,#2864,.T.);
#3693=ORIENTED_EDGE('',*,*,#2865,.T.);
#3694=ORIENTED_EDGE('',*,*,#2866,.T.);
#3695=ORIENTED_EDGE('',*,*,#2867,.F.);
#3696=ORIENTED_EDGE('',*,*,#2868,.F.);
#3697=ORIENTED_EDGE('',*,*,#2869,.F.);
#3698=ORIENTED_EDGE('',*,*,#2870,.T.);
#3699=ORIENTED_EDGE('',*,*,#2871,.F.);
#3700=ORIENTED_EDGE('',*,*,#2872,.F.);
#3701=ORIENTED_EDGE('',*,*,#2873,.F.);
#3702=ORIENTED_EDGE('',*,*,#2874,.T.);
#3703=ORIENTED_EDGE('',*,*,#2875,.T.);
#3704=ORIENTED_EDGE('',*,*,#2876,.T.);
#3705=ORIENTED_EDGE('',*,*,#2877,.T.);
#3706=ORIENTED_EDGE('',*,*,#2878,.T.);
#3707=ORIENTED_EDGE('',*,*,#2879,.F.);
#3708=ORIENTED_EDGE('',*,*,#2880,.F.);
#3709=ORIENTED_EDGE('',*,*,#2881,.F.);
#3710=ORIENTED_EDGE('',*,*,#2882,.T.);
#3711=ORIENTED_EDGE('',*,*,#2768,.T.);
#3712=ORIENTED_EDGE('',*,*,#2774,.T.);
#3713=ORIENTED_EDGE('',*,*,#2780,.T.);
#3714=ORIENTED_EDGE('',*,*,#2786,.T.);
#3715=ORIENTED_EDGE('',*,*,#2792,.T.);
#3716=ORIENTED_EDGE('',*,*,#2798,.T.);
#3717=ORIENTED_EDGE('',*,*,#2804,.T.);
#3718=ORIENTED_EDGE('',*,*,#2810,.T.);
#3719=ORIENTED_EDGE('',*,*,#2816,.T.);
#3720=ORIENTED_EDGE('',*,*,#2822,.T.);
#3721=ORIENTED_EDGE('',*,*,#2828,.T.);
#3722=ORIENTED_EDGE('',*,*,#2834,.T.);
#3723=ORIENTED_EDGE('',*,*,#2840,.T.);
#3724=ORIENTED_EDGE('',*,*,#2846,.T.);
#3725=ORIENTED_EDGE('',*,*,#2852,.T.);
#3726=ORIENTED_EDGE('',*,*,#2858,.T.);
#3727=ORIENTED_EDGE('',*,*,#2883,.F.);
#3728=ORIENTED_EDGE('',*,*,#2884,.F.);
#3729=ORIENTED_EDGE('',*,*,#2885,.F.);
#3730=ORIENTED_EDGE('',*,*,#2886,.F.);
#3731=ORIENTED_EDGE('',*,*,#2887,.F.);
#3732=ORIENTED_EDGE('',*,*,#2888,.F.);
#3733=ORIENTED_EDGE('',*,*,#2889,.F.);
#3734=ORIENTED_EDGE('',*,*,#2890,.F.);
#3735=ORIENTED_EDGE('',*,*,#2891,.F.);
#3736=ORIENTED_EDGE('',*,*,#2892,.F.);
#3737=ORIENTED_EDGE('',*,*,#2893,.F.);
#3738=ORIENTED_EDGE('',*,*,#2894,.F.);
#3739=ORIENTED_EDGE('',*,*,#2895,.F.);
#3740=ORIENTED_EDGE('',*,*,#2896,.F.);
#3741=ORIENTED_EDGE('',*,*,#2897,.F.);
#3742=ORIENTED_EDGE('',*,*,#2898,.F.);
#3743=ORIENTED_EDGE('',*,*,#2899,.T.);
#3744=ORIENTED_EDGE('',*,*,#2900,.T.);
#3745=ORIENTED_EDGE('',*,*,#2901,.T.);
#3746=ORIENTED_EDGE('',*,*,#2902,.T.);
#3747=ORIENTED_EDGE('',*,*,#2903,.T.);
#3748=ORIENTED_EDGE('',*,*,#2904,.T.);
#3749=ORIENTED_EDGE('',*,*,#2905,.T.);
#3750=ORIENTED_EDGE('',*,*,#2906,.T.);
#3751=ORIENTED_EDGE('',*,*,#2567,.F.);
#3752=ORIENTED_EDGE('',*,*,#2570,.F.);
#3753=ORIENTED_EDGE('',*,*,#2573,.F.);
#3754=ORIENTED_EDGE('',*,*,#2576,.F.);
#3755=ORIENTED_EDGE('',*,*,#2907,.F.);
#3756=ORIENTED_EDGE('',*,*,#2908,.T.);
#3757=ORIENTED_EDGE('',*,*,#2909,.T.);
#3758=ORIENTED_EDGE('',*,*,#2910,.T.);
#3759=ORIENTED_EDGE('',*,*,#2911,.T.);
#3760=ORIENTED_EDGE('',*,*,#2912,.T.);
#3761=ORIENTED_EDGE('',*,*,#2913,.T.);
#3762=ORIENTED_EDGE('',*,*,#2914,.T.);
#3763=ORIENTED_EDGE('',*,*,#2579,.F.);
#3764=ORIENTED_EDGE('',*,*,#2582,.F.);
#3765=ORIENTED_EDGE('',*,*,#2585,.F.);
#3766=ORIENTED_EDGE('',*,*,#2588,.F.);
#3767=ORIENTED_EDGE('',*,*,#2591,.F.);
#3768=ORIENTED_EDGE('',*,*,#2594,.F.);
#3769=ORIENTED_EDGE('',*,*,#2597,.F.);
#3770=ORIENTED_EDGE('',*,*,#2600,.F.);
#3771=ORIENTED_EDGE('',*,*,#2603,.F.);
#3772=ORIENTED_EDGE('',*,*,#2606,.F.);
#3773=ORIENTED_EDGE('',*,*,#2609,.F.);
#3774=ORIENTED_EDGE('',*,*,#2612,.F.);
#3775=ORIENTED_EDGE('',*,*,#2615,.F.);
#3776=ORIENTED_EDGE('',*,*,#2618,.F.);
#3777=ORIENTED_EDGE('',*,*,#2621,.F.);
#3778=ORIENTED_EDGE('',*,*,#2624,.F.);
#3779=ORIENTED_EDGE('',*,*,#2627,.F.);
#3780=ORIENTED_EDGE('',*,*,#2630,.F.);
#3781=ORIENTED_EDGE('',*,*,#2633,.F.);
#3782=ORIENTED_EDGE('',*,*,#2636,.F.);
#3783=ORIENTED_EDGE('',*,*,#2639,.F.);
#3784=ORIENTED_EDGE('',*,*,#2642,.F.);
#3785=ORIENTED_EDGE('',*,*,#2645,.F.);
#3786=ORIENTED_EDGE('',*,*,#2648,.F.);
#3787=ORIENTED_EDGE('',*,*,#2651,.F.);
#3788=ORIENTED_EDGE('',*,*,#2654,.F.);
#3789=ORIENTED_EDGE('',*,*,#2657,.F.);
#3790=ORIENTED_EDGE('',*,*,#2660,.F.);
#3791=ORIENTED_EDGE('',*,*,#2663,.F.);
#3792=ORIENTED_EDGE('',*,*,#2666,.F.);
#3793=ORIENTED_EDGE('',*,*,#2669,.F.);
#3794=ORIENTED_EDGE('',*,*,#2672,.F.);
#3795=ORIENTED_EDGE('',*,*,#2675,.F.);
#3796=ORIENTED_EDGE('',*,*,#2678,.F.);
#3797=ORIENTED_EDGE('',*,*,#2681,.F.);
#3798=ORIENTED_EDGE('',*,*,#2684,.F.);
#3799=ORIENTED_EDGE('',*,*,#2687,.F.);
#3800=ORIENTED_EDGE('',*,*,#2690,.F.);
#3801=ORIENTED_EDGE('',*,*,#2693,.F.);
#3802=ORIENTED_EDGE('',*,*,#2696,.F.);
#3803=ORIENTED_EDGE('',*,*,#2699,.F.);
#3804=ORIENTED_EDGE('',*,*,#2702,.F.);
#3805=ORIENTED_EDGE('',*,*,#2705,.F.);
#3806=ORIENTED_EDGE('',*,*,#2708,.F.);
#3807=ORIENTED_EDGE('',*,*,#2711,.F.);
#3808=ORIENTED_EDGE('',*,*,#2714,.F.);
#3809=ORIENTED_EDGE('',*,*,#2717,.F.);
#3810=ORIENTED_EDGE('',*,*,#2720,.F.);
#3811=ORIENTED_EDGE('',*,*,#2723,.F.);
#3812=ORIENTED_EDGE('',*,*,#2726,.F.);
#3813=ORIENTED_EDGE('',*,*,#2729,.F.);
#3814=ORIENTED_EDGE('',*,*,#2732,.F.);
#3815=ORIENTED_EDGE('',*,*,#2735,.F.);
#3816=ORIENTED_EDGE('',*,*,#2738,.F.);
#3817=ORIENTED_EDGE('',*,*,#2741,.F.);
#3818=ORIENTED_EDGE('',*,*,#2744,.F.);
#3819=ORIENTED_EDGE('',*,*,#2747,.F.);
#3820=ORIENTED_EDGE('',*,*,#2750,.F.);
#3821=ORIENTED_EDGE('',*,*,#2753,.F.);
#3822=ORIENTED_EDGE('',*,*,#2756,.F.);
#3823=ORIENTED_EDGE('',*,*,#2759,.F.);
#3824=ORIENTED_EDGE('',*,*,#2762,.F.);
#3825=ORIENTED_EDGE('',*,*,#2915,.T.);
#3826=ORIENTED_EDGE('',*,*,#2916,.T.);
#3827=ORIENTED_EDGE('',*,*,#2917,.F.);
#3828=ORIENTED_EDGE('',*,*,#2918,.T.);
#3829=ORIENTED_EDGE('',*,*,#2919,.T.);
#3830=ORIENTED_EDGE('',*,*,#2920,.T.);
#3831=ORIENTED_EDGE('',*,*,#2921,.F.);
#3832=ORIENTED_EDGE('',*,*,#2922,.F.);
#3833=ORIENTED_EDGE('',*,*,#2923,.F.);
#3834=ORIENTED_EDGE('',*,*,#2924,.F.);
#3835=ORIENTED_EDGE('',*,*,#2925,.F.);
#3836=ORIENTED_EDGE('',*,*,#2926,.T.);
#3837=ORIENTED_EDGE('',*,*,#2927,.T.);
#3838=ORIENTED_EDGE('',*,*,#2928,.T.);
#3839=ORIENTED_EDGE('',*,*,#2929,.F.);
#3840=ORIENTED_EDGE('',*,*,#2930,.T.);
#3841=ORIENTED_EDGE('',*,*,#2931,.T.);
#3842=ORIENTED_EDGE('',*,*,#2932,.T.);
#3843=ORIENTED_EDGE('',*,*,#2933,.F.);
#3844=ORIENTED_EDGE('',*,*,#2934,.F.);
#3845=ORIENTED_EDGE('',*,*,#2935,.F.);
#3846=ORIENTED_EDGE('',*,*,#2936,.F.);
#3847=ORIENTED_EDGE('',*,*,#2937,.F.);
#3848=ORIENTED_EDGE('',*,*,#2938,.T.);
#3849=ORIENTED_EDGE('',*,*,#2939,.F.);
#3850=ORIENTED_EDGE('',*,*,#2940,.T.);
#3851=ORIENTED_EDGE('',*,*,#2941,.F.);
#3852=ORIENTED_EDGE('',*,*,#2942,.F.);
#3853=ORIENTED_EDGE('',*,*,#2943,.F.);
#3854=ORIENTED_EDGE('',*,*,#2944,.F.);
#3855=ORIENTED_EDGE('',*,*,#2945,.F.);
#3856=ORIENTED_EDGE('',*,*,#2946,.F.);
#3857=ORIENTED_EDGE('',*,*,#2565,.T.);
#3858=ORIENTED_EDGE('',*,*,#2568,.T.);
#3859=ORIENTED_EDGE('',*,*,#2571,.T.);
#3860=ORIENTED_EDGE('',*,*,#2574,.T.);
#3861=ORIENTED_EDGE('',*,*,#2947,.F.);
#3862=ORIENTED_EDGE('',*,*,#2948,.F.);
#3863=ORIENTED_EDGE('',*,*,#2949,.F.);
#3864=ORIENTED_EDGE('',*,*,#2950,.F.);
#3865=ORIENTED_EDGE('',*,*,#2951,.F.);
#3866=ORIENTED_EDGE('',*,*,#2952,.F.);
#3867=ORIENTED_EDGE('',*,*,#2953,.F.);
#3868=ORIENTED_EDGE('',*,*,#2954,.F.);
#3869=ORIENTED_EDGE('',*,*,#2577,.T.);
#3870=ORIENTED_EDGE('',*,*,#2580,.T.);
#3871=ORIENTED_EDGE('',*,*,#2583,.T.);
#3872=ORIENTED_EDGE('',*,*,#2586,.T.);
#3873=ORIENTED_EDGE('',*,*,#2589,.T.);
#3874=ORIENTED_EDGE('',*,*,#2592,.T.);
#3875=ORIENTED_EDGE('',*,*,#2595,.T.);
#3876=ORIENTED_EDGE('',*,*,#2598,.T.);
#3877=ORIENTED_EDGE('',*,*,#2601,.T.);
#3878=ORIENTED_EDGE('',*,*,#2604,.T.);
#3879=ORIENTED_EDGE('',*,*,#2607,.T.);
#3880=ORIENTED_EDGE('',*,*,#2610,.T.);
#3881=ORIENTED_EDGE('',*,*,#2613,.T.);
#3882=ORIENTED_EDGE('',*,*,#2616,.T.);
#3883=ORIENTED_EDGE('',*,*,#2619,.T.);
#3884=ORIENTED_EDGE('',*,*,#2622,.T.);
#3885=ORIENTED_EDGE('',*,*,#2625,.T.);
#3886=ORIENTED_EDGE('',*,*,#2628,.T.);
#3887=ORIENTED_EDGE('',*,*,#2631,.T.);
#3888=ORIENTED_EDGE('',*,*,#2634,.T.);
#3889=ORIENTED_EDGE('',*,*,#2637,.T.);
#3890=ORIENTED_EDGE('',*,*,#2640,.T.);
#3891=ORIENTED_EDGE('',*,*,#2643,.T.);
#3892=ORIENTED_EDGE('',*,*,#2646,.T.);
#3893=ORIENTED_EDGE('',*,*,#2649,.T.);
#3894=ORIENTED_EDGE('',*,*,#2652,.T.);
#3895=ORIENTED_EDGE('',*,*,#2655,.T.);
#3896=ORIENTED_EDGE('',*,*,#2658,.T.);
#3897=ORIENTED_EDGE('',*,*,#2661,.T.);
#3898=ORIENTED_EDGE('',*,*,#2664,.T.);
#3899=ORIENTED_EDGE('',*,*,#2667,.T.);
#3900=ORIENTED_EDGE('',*,*,#2670,.T.);
#3901=ORIENTED_EDGE('',*,*,#2673,.T.);
#3902=ORIENTED_EDGE('',*,*,#2676,.T.);
#3903=ORIENTED_EDGE('',*,*,#2679,.T.);
#3904=ORIENTED_EDGE('',*,*,#2682,.T.);
#3905=ORIENTED_EDGE('',*,*,#2685,.T.);
#3906=ORIENTED_EDGE('',*,*,#2688,.T.);
#3907=ORIENTED_EDGE('',*,*,#2691,.T.);
#3908=ORIENTED_EDGE('',*,*,#2694,.T.);
#3909=ORIENTED_EDGE('',*,*,#2697,.T.);
#3910=ORIENTED_EDGE('',*,*,#2700,.T.);
#3911=ORIENTED_EDGE('',*,*,#2703,.T.);
#3912=ORIENTED_EDGE('',*,*,#2706,.T.);
#3913=ORIENTED_EDGE('',*,*,#2709,.T.);
#3914=ORIENTED_EDGE('',*,*,#2712,.T.);
#3915=ORIENTED_EDGE('',*,*,#2715,.T.);
#3916=ORIENTED_EDGE('',*,*,#2718,.T.);
#3917=ORIENTED_EDGE('',*,*,#2721,.T.);
#3918=ORIENTED_EDGE('',*,*,#2724,.T.);
#3919=ORIENTED_EDGE('',*,*,#2727,.T.);
#3920=ORIENTED_EDGE('',*,*,#2730,.T.);
#3921=ORIENTED_EDGE('',*,*,#2733,.T.);
#3922=ORIENTED_EDGE('',*,*,#2736,.T.);
#3923=ORIENTED_EDGE('',*,*,#2739,.T.);
#3924=ORIENTED_EDGE('',*,*,#2742,.T.);
#3925=ORIENTED_EDGE('',*,*,#2745,.T.);
#3926=ORIENTED_EDGE('',*,*,#2748,.T.);
#3927=ORIENTED_EDGE('',*,*,#2751,.T.);
#3928=ORIENTED_EDGE('',*,*,#2754,.T.);
#3929=ORIENTED_EDGE('',*,*,#2757,.T.);
#3930=ORIENTED_EDGE('',*,*,#2760,.T.);
#3931=ORIENTED_EDGE('',*,*,#2766,.F.);
#3932=ORIENTED_EDGE('',*,*,#2772,.F.);
#3933=ORIENTED_EDGE('',*,*,#2778,.F.);
#3934=ORIENTED_EDGE('',*,*,#2784,.F.);
#3935=ORIENTED_EDGE('',*,*,#2790,.F.);
#3936=ORIENTED_EDGE('',*,*,#2796,.F.);
#3937=ORIENTED_EDGE('',*,*,#2802,.F.);
#3938=ORIENTED_EDGE('',*,*,#2808,.F.);
#3939=ORIENTED_EDGE('',*,*,#2814,.F.);
#3940=ORIENTED_EDGE('',*,*,#2820,.F.);
#3941=ORIENTED_EDGE('',*,*,#2826,.F.);
#3942=ORIENTED_EDGE('',*,*,#2832,.F.);
#3943=ORIENTED_EDGE('',*,*,#2838,.F.);
#3944=ORIENTED_EDGE('',*,*,#2844,.F.);
#3945=ORIENTED_EDGE('',*,*,#2850,.F.);
#3946=ORIENTED_EDGE('',*,*,#2856,.F.);
#3947=ORIENTED_EDGE('',*,*,#2955,.T.);
#3948=ORIENTED_EDGE('',*,*,#2956,.T.);
#3949=ORIENTED_EDGE('',*,*,#2957,.T.);
#3950=ORIENTED_EDGE('',*,*,#2958,.T.);
#3951=ORIENTED_EDGE('',*,*,#2959,.T.);
#3952=ORIENTED_EDGE('',*,*,#2960,.T.);
#3953=ORIENTED_EDGE('',*,*,#2961,.T.);
#3954=ORIENTED_EDGE('',*,*,#2962,.T.);
#3955=ORIENTED_EDGE('',*,*,#2963,.T.);
#3956=ORIENTED_EDGE('',*,*,#2964,.T.);
#3957=ORIENTED_EDGE('',*,*,#2965,.T.);
#3958=ORIENTED_EDGE('',*,*,#2966,.T.);
#3959=ORIENTED_EDGE('',*,*,#2967,.T.);
#3960=ORIENTED_EDGE('',*,*,#2968,.T.);
#3961=ORIENTED_EDGE('',*,*,#2969,.T.);
#3962=ORIENTED_EDGE('',*,*,#2970,.T.);
#3963=ORIENTED_EDGE('',*,*,#2938,.F.);
#3964=ORIENTED_EDGE('',*,*,#2971,.T.);
#3965=ORIENTED_EDGE('',*,*,#2861,.T.);
#3966=ORIENTED_EDGE('',*,*,#2972,.F.);
#3967=ORIENTED_EDGE('',*,*,#2973,.T.);
#3968=ORIENTED_EDGE('',*,*,#2974,.T.);
#3969=ORIENTED_EDGE('',*,*,#2975,.F.);
#3970=ORIENTED_EDGE('',*,*,#2976,.F.);
#3971=ORIENTED_EDGE('',*,*,#2977,.F.);
#3972=ORIENTED_EDGE('',*,*,#2978,.T.);
#3973=ORIENTED_EDGE('',*,*,#2979,.F.);
#3974=ORIENTED_EDGE('',*,*,#2980,.T.);
#3975=ORIENTED_EDGE('',*,*,#2859,.T.);
#3976=ORIENTED_EDGE('',*,*,#2981,.T.);
#3977=ORIENTED_EDGE('',*,*,#2916,.F.);
#3978=ORIENTED_EDGE('',*,*,#2982,.T.);
#3979=ORIENTED_EDGE('',*,*,#2918,.F.);
#3980=ORIENTED_EDGE('',*,*,#2983,.T.);
#3981=ORIENTED_EDGE('',*,*,#2881,.T.);
#3982=ORIENTED_EDGE('',*,*,#2984,.F.);
#3983=ORIENTED_EDGE('',*,*,#2985,.T.);
#3984=ORIENTED_EDGE('',*,*,#2986,.T.);
#3985=ORIENTED_EDGE('',*,*,#2987,.F.);
#3986=ORIENTED_EDGE('',*,*,#2988,.F.);
#3987=ORIENTED_EDGE('',*,*,#2989,.F.);
#3988=ORIENTED_EDGE('',*,*,#2990,.T.);
#3989=ORIENTED_EDGE('',*,*,#2991,.F.);
#3990=ORIENTED_EDGE('',*,*,#2992,.T.);
#3991=ORIENTED_EDGE('',*,*,#2879,.T.);
#3992=ORIENTED_EDGE('',*,*,#2993,.T.);
#3993=ORIENTED_EDGE('',*,*,#2920,.F.);
#3994=ORIENTED_EDGE('',*,*,#2994,.T.);
#3995=ORIENTED_EDGE('',*,*,#2926,.F.);
#3996=ORIENTED_EDGE('',*,*,#2995,.T.);
#3997=ORIENTED_EDGE('',*,*,#2873,.T.);
#3998=ORIENTED_EDGE('',*,*,#2996,.F.);
#3999=ORIENTED_EDGE('',*,*,#2997,.T.);
#4000=ORIENTED_EDGE('',*,*,#2998,.T.);
#4001=ORIENTED_EDGE('',*,*,#2999,.F.);
#4002=ORIENTED_EDGE('',*,*,#3000,.F.);
#4003=ORIENTED_EDGE('',*,*,#3001,.F.);
#4004=ORIENTED_EDGE('',*,*,#3002,.T.);
#4005=ORIENTED_EDGE('',*,*,#3003,.F.);
#4006=ORIENTED_EDGE('',*,*,#3004,.T.);
#4007=ORIENTED_EDGE('',*,*,#2871,.T.);
#4008=ORIENTED_EDGE('',*,*,#3005,.T.);
#4009=ORIENTED_EDGE('',*,*,#2928,.F.);
#4010=ORIENTED_EDGE('',*,*,#3006,.T.);
#4011=ORIENTED_EDGE('',*,*,#2930,.F.);
#4012=ORIENTED_EDGE('',*,*,#3007,.T.);
#4013=ORIENTED_EDGE('',*,*,#2869,.T.);
#4014=ORIENTED_EDGE('',*,*,#3008,.F.);
#4015=ORIENTED_EDGE('',*,*,#3009,.T.);
#4016=ORIENTED_EDGE('',*,*,#3010,.T.);
#4017=ORIENTED_EDGE('',*,*,#3011,.F.);
#4018=ORIENTED_EDGE('',*,*,#3012,.F.);
#4019=ORIENTED_EDGE('',*,*,#3013,.F.);
#4020=ORIENTED_EDGE('',*,*,#3014,.T.);
#4021=ORIENTED_EDGE('',*,*,#3015,.F.);
#4022=ORIENTED_EDGE('',*,*,#3016,.T.);
#4023=ORIENTED_EDGE('',*,*,#2867,.T.);
#4024=ORIENTED_EDGE('',*,*,#3017,.T.);
#4025=ORIENTED_EDGE('',*,*,#2932,.F.);
#4026=ORIENTED_EDGE('',*,*,#3018,.T.);
#4027=ORIENTED_EDGE('',*,*,#3019,.F.);
#4028=ORIENTED_EDGE('',*,*,#2882,.F.);
#4029=ORIENTED_EDGE('',*,*,#3020,.F.);
#4030=ORIENTED_EDGE('',*,*,#3021,.F.);
#4031=ORIENTED_EDGE('',*,*,#3022,.F.);
#4032=ORIENTED_EDGE('',*,*,#2878,.F.);
#4033=ORIENTED_EDGE('',*,*,#3023,.F.);
#4034=ORIENTED_EDGE('',*,*,#3024,.F.);
#4035=ORIENTED_EDGE('',*,*,#2917,.T.);
#4036=ORIENTED_EDGE('',*,*,#3025,.T.);
#4037=ORIENTED_EDGE('',*,*,#3026,.T.);
#4038=ORIENTED_EDGE('',*,*,#3027,.T.);
#4039=ORIENTED_EDGE('',*,*,#2921,.T.);
#4040=ORIENTED_EDGE('',*,*,#3028,.T.);
#4041=ORIENTED_EDGE('',*,*,#3029,.T.);
#4042=ORIENTED_EDGE('',*,*,#3030,.T.);
#4043=ORIENTED_EDGE('',*,*,#2979,.T.);
#4044=ORIENTED_EDGE('',*,*,#3021,.T.);
#4045=ORIENTED_EDGE('',*,*,#2985,.F.);
#4046=ORIENTED_EDGE('',*,*,#3031,.F.);
#4047=ORIENTED_EDGE('',*,*,#2991,.T.);
#4048=ORIENTED_EDGE('',*,*,#3024,.T.);
#4049=ORIENTED_EDGE('',*,*,#3032,.F.);
#4050=ORIENTED_EDGE('',*,*,#3033,.F.);
#4051=ORIENTED_EDGE('',*,*,#3026,.F.);
#4052=ORIENTED_EDGE('',*,*,#2977,.T.);
#4053=ORIENTED_EDGE('',*,*,#3034,.T.);
#4054=ORIENTED_EDGE('',*,*,#2987,.T.);
#4055=ORIENTED_EDGE('',*,*,#3029,.F.);
#4056=ORIENTED_EDGE('',*,*,#2989,.T.);
#4057=ORIENTED_EDGE('',*,*,#3035,.T.);
#4058=ORIENTED_EDGE('',*,*,#3036,.F.);
#4059=ORIENTED_EDGE('',*,*,#2980,.F.);
#4060=ORIENTED_EDGE('',*,*,#3031,.T.);
#4061=ORIENTED_EDGE('',*,*,#2988,.T.);
#4062=ORIENTED_EDGE('',*,*,#3034,.F.);
#4063=ORIENTED_EDGE('',*,*,#2992,.F.);
#4064=ORIENTED_EDGE('',*,*,#3033,.T.);
#4065=ORIENTED_EDGE('',*,*,#3037,.F.);
#4066=ORIENTED_EDGE('',*,*,#3035,.F.);
#4067=ORIENTED_EDGE('',*,*,#3038,.F.);
#4068=ORIENTED_EDGE('',*,*,#2870,.F.);
#4069=ORIENTED_EDGE('',*,*,#3039,.F.);
#4070=ORIENTED_EDGE('',*,*,#3040,.F.);
#4071=ORIENTED_EDGE('',*,*,#3041,.F.);
#4072=ORIENTED_EDGE('',*,*,#2866,.F.);
#4073=ORIENTED_EDGE('',*,*,#3042,.F.);
#4074=ORIENTED_EDGE('',*,*,#3043,.F.);
#4075=ORIENTED_EDGE('',*,*,#2929,.T.);
#4076=ORIENTED_EDGE('',*,*,#3044,.T.);
#4077=ORIENTED_EDGE('',*,*,#3045,.T.);
#4078=ORIENTED_EDGE('',*,*,#3046,.T.);
#4079=ORIENTED_EDGE('',*,*,#2933,.T.);
#4080=ORIENTED_EDGE('',*,*,#3047,.T.);
#4081=ORIENTED_EDGE('',*,*,#3048,.T.);
#4082=ORIENTED_EDGE('',*,*,#3049,.T.);
#4083=ORIENTED_EDGE('',*,*,#3003,.T.);
#4084=ORIENTED_EDGE('',*,*,#3040,.T.);
#4085=ORIENTED_EDGE('',*,*,#3009,.F.);
#4086=ORIENTED_EDGE('',*,*,#3050,.F.);
#4087=ORIENTED_EDGE('',*,*,#3015,.T.);
#4088=ORIENTED_EDGE('',*,*,#3043,.T.);
#4089=ORIENTED_EDGE('',*,*,#3051,.F.);
#4090=ORIENTED_EDGE('',*,*,#3052,.F.);
#4091=ORIENTED_EDGE('',*,*,#3045,.F.);
#4092=ORIENTED_EDGE('',*,*,#3001,.T.);
#4093=ORIENTED_EDGE('',*,*,#3053,.T.);
#4094=ORIENTED_EDGE('',*,*,#3011,.T.);
#4095=ORIENTED_EDGE('',*,*,#3048,.F.);
#4096=ORIENTED_EDGE('',*,*,#3013,.T.);
#4097=ORIENTED_EDGE('',*,*,#3054,.T.);
#4098=ORIENTED_EDGE('',*,*,#3055,.F.);
#4099=ORIENTED_EDGE('',*,*,#3004,.F.);
#4100=ORIENTED_EDGE('',*,*,#3050,.T.);
#4101=ORIENTED_EDGE('',*,*,#3012,.T.);
#4102=ORIENTED_EDGE('',*,*,#3053,.F.);
#4103=ORIENTED_EDGE('',*,*,#3016,.F.);
#4104=ORIENTED_EDGE('',*,*,#3052,.T.);
#4105=ORIENTED_EDGE('',*,*,#3056,.F.);
#4106=ORIENTED_EDGE('',*,*,#3054,.F.);
#4107=ORIENTED_EDGE('',*,*,#3057,.T.);
#4108=ORIENTED_EDGE('',*,*,#3058,.F.);
#4109=ORIENTED_EDGE('',*,*,#3059,.T.);
#4110=ORIENTED_EDGE('',*,*,#3060,.T.);
#4111=ORIENTED_EDGE('',*,*,#3061,.F.);
#4112=ORIENTED_EDGE('',*,*,#3062,.F.);
#4113=ORIENTED_EDGE('',*,*,#3063,.T.);
#4114=ORIENTED_EDGE('',*,*,#3064,.F.);
#4115=ORIENTED_EDGE('',*,*,#2864,.F.);
#4116=ORIENTED_EDGE('',*,*,#3063,.F.);
#4117=ORIENTED_EDGE('',*,*,#3065,.T.);
#4118=ORIENTED_EDGE('',*,*,#3060,.F.);
#4119=ORIENTED_EDGE('',*,*,#2935,.T.);
#4120=ORIENTED_EDGE('',*,*,#3058,.T.);
#4121=ORIENTED_EDGE('',*,*,#3066,.T.);
#4122=ORIENTED_EDGE('',*,*,#3061,.T.);
#4123=ORIENTED_EDGE('',*,*,#3067,.T.);
#4124=ORIENTED_EDGE('',*,*,#3068,.T.);
#4125=ORIENTED_EDGE('',*,*,#3069,.F.);
#4126=ORIENTED_EDGE('',*,*,#3057,.F.);
#4127=ORIENTED_EDGE('',*,*,#3065,.F.);
#4128=ORIENTED_EDGE('',*,*,#3070,.T.);
#4129=ORIENTED_EDGE('',*,*,#3071,.T.);
#4130=ORIENTED_EDGE('',*,*,#3067,.F.);
#4131=ORIENTED_EDGE('',*,*,#3072,.F.);
#4132=ORIENTED_EDGE('',*,*,#3066,.F.);
#4133=ORIENTED_EDGE('',*,*,#3069,.T.);
#4134=ORIENTED_EDGE('',*,*,#3073,.F.);
#4135=ORIENTED_EDGE('',*,*,#3071,.F.);
#4136=ORIENTED_EDGE('',*,*,#3074,.T.);
#4137=ORIENTED_EDGE('',*,*,#3073,.T.);
#4138=ORIENTED_EDGE('',*,*,#3068,.F.);
#4139=ORIENTED_EDGE('',*,*,#3074,.F.);
#4140=ORIENTED_EDGE('',*,*,#3070,.F.);
#4141=ORIENTED_EDGE('',*,*,#3062,.T.);
#4142=ORIENTED_EDGE('',*,*,#3072,.T.);
#4143=ORIENTED_EDGE('',*,*,#3075,.T.);
#4144=ORIENTED_EDGE('',*,*,#3076,.F.);
#4145=ORIENTED_EDGE('',*,*,#3077,.T.);
#4146=ORIENTED_EDGE('',*,*,#3078,.T.);
#4147=ORIENTED_EDGE('',*,*,#3079,.F.);
#4148=ORIENTED_EDGE('',*,*,#3080,.F.);
#4149=ORIENTED_EDGE('',*,*,#3081,.T.);
#4150=ORIENTED_EDGE('',*,*,#3082,.F.);
#4151=ORIENTED_EDGE('',*,*,#2876,.F.);
#4152=ORIENTED_EDGE('',*,*,#3081,.F.);
#4153=ORIENTED_EDGE('',*,*,#3083,.T.);
#4154=ORIENTED_EDGE('',*,*,#3078,.F.);
#4155=ORIENTED_EDGE('',*,*,#2923,.T.);
#4156=ORIENTED_EDGE('',*,*,#3076,.T.);
#4157=ORIENTED_EDGE('',*,*,#3084,.T.);
#4158=ORIENTED_EDGE('',*,*,#3079,.T.);
#4159=ORIENTED_EDGE('',*,*,#3085,.T.);
#4160=ORIENTED_EDGE('',*,*,#3086,.T.);
#4161=ORIENTED_EDGE('',*,*,#3087,.F.);
#4162=ORIENTED_EDGE('',*,*,#3075,.F.);
#4163=ORIENTED_EDGE('',*,*,#3083,.F.);
#4164=ORIENTED_EDGE('',*,*,#3088,.T.);
#4165=ORIENTED_EDGE('',*,*,#3089,.T.);
#4166=ORIENTED_EDGE('',*,*,#3085,.F.);
#4167=ORIENTED_EDGE('',*,*,#3090,.F.);
#4168=ORIENTED_EDGE('',*,*,#3084,.F.);
#4169=ORIENTED_EDGE('',*,*,#3087,.T.);
#4170=ORIENTED_EDGE('',*,*,#3091,.F.);
#4171=ORIENTED_EDGE('',*,*,#3089,.F.);
#4172=ORIENTED_EDGE('',*,*,#3092,.T.);
#4173=ORIENTED_EDGE('',*,*,#3091,.T.);
#4174=ORIENTED_EDGE('',*,*,#3086,.F.);
#4175=ORIENTED_EDGE('',*,*,#3092,.F.);
#4176=ORIENTED_EDGE('',*,*,#3088,.F.);
#4177=ORIENTED_EDGE('',*,*,#3080,.T.);
#4178=ORIENTED_EDGE('',*,*,#3090,.T.);
#4179=ORIENTED_EDGE('',*,*,#3093,.T.);
#4180=ORIENTED_EDGE('',*,*,#3094,.F.);
#4181=ORIENTED_EDGE('',*,*,#3095,.T.);
#4182=ORIENTED_EDGE('',*,*,#3096,.T.);
#4183=ORIENTED_EDGE('',*,*,#3030,.F.);
#4184=ORIENTED_EDGE('',*,*,#3097,.F.);
#4185=ORIENTED_EDGE('',*,*,#3023,.T.);
#4186=ORIENTED_EDGE('',*,*,#3098,.F.);
#4187=ORIENTED_EDGE('',*,*,#3099,.F.);
#4188=ORIENTED_EDGE('',*,*,#3100,.F.);
#4189=ORIENTED_EDGE('',*,*,#3096,.F.);
#4190=ORIENTED_EDGE('',*,*,#2862,.F.);
#4191=ORIENTED_EDGE('',*,*,#3101,.T.);
#4192=ORIENTED_EDGE('',*,*,#3102,.T.);
#4193=ORIENTED_EDGE('',*,*,#2937,.T.);
#4194=ORIENTED_EDGE('',*,*,#3094,.T.);
#4195=ORIENTED_EDGE('',*,*,#3103,.F.);
#4196=ORIENTED_EDGE('',*,*,#3104,.F.);
#4197=ORIENTED_EDGE('',*,*,#3093,.F.);
#4198=ORIENTED_EDGE('',*,*,#3105,.F.);
#4199=ORIENTED_EDGE('',*,*,#2973,.F.);
#4200=ORIENTED_EDGE('',*,*,#3106,.F.);
#4201=ORIENTED_EDGE('',*,*,#3105,.T.);
#4202=ORIENTED_EDGE('',*,*,#3100,.T.);
#4203=ORIENTED_EDGE('',*,*,#3107,.T.);
#4204=ORIENTED_EDGE('',*,*,#2975,.T.);
#4205=ORIENTED_EDGE('',*,*,#3101,.F.);
#4206=ORIENTED_EDGE('',*,*,#3104,.T.);
#4207=ORIENTED_EDGE('',*,*,#2976,.T.);
#4208=ORIENTED_EDGE('',*,*,#3107,.F.);
#4209=ORIENTED_EDGE('',*,*,#3103,.T.);
#4210=ORIENTED_EDGE('',*,*,#3106,.T.);
#4211=ORIENTED_EDGE('',*,*,#3036,.T.);
#4212=ORIENTED_EDGE('',*,*,#3037,.T.);
#4213=ORIENTED_EDGE('',*,*,#3032,.T.);
#4214=ORIENTED_EDGE('',*,*,#3097,.T.);
#4215=ORIENTED_EDGE('',*,*,#3108,.T.);
#4216=ORIENTED_EDGE('',*,*,#3109,.F.);
#4217=ORIENTED_EDGE('',*,*,#3110,.T.);
#4218=ORIENTED_EDGE('',*,*,#3111,.T.);
#4219=ORIENTED_EDGE('',*,*,#3049,.F.);
#4220=ORIENTED_EDGE('',*,*,#3112,.F.);
#4221=ORIENTED_EDGE('',*,*,#3042,.T.);
#4222=ORIENTED_EDGE('',*,*,#3113,.F.);
#4223=ORIENTED_EDGE('',*,*,#3114,.F.);
#4224=ORIENTED_EDGE('',*,*,#3115,.F.);
#4225=ORIENTED_EDGE('',*,*,#3111,.F.);
#4226=ORIENTED_EDGE('',*,*,#2874,.F.);
#4227=ORIENTED_EDGE('',*,*,#3116,.T.);
#4228=ORIENTED_EDGE('',*,*,#3117,.T.);
#4229=ORIENTED_EDGE('',*,*,#2925,.T.);
#4230=ORIENTED_EDGE('',*,*,#3109,.T.);
#4231=ORIENTED_EDGE('',*,*,#3118,.F.);
#4232=ORIENTED_EDGE('',*,*,#3119,.F.);
#4233=ORIENTED_EDGE('',*,*,#3108,.F.);
#4234=ORIENTED_EDGE('',*,*,#3120,.F.);
#4235=ORIENTED_EDGE('',*,*,#2997,.F.);
#4236=ORIENTED_EDGE('',*,*,#3121,.F.);
#4237=ORIENTED_EDGE('',*,*,#3120,.T.);
#4238=ORIENTED_EDGE('',*,*,#3115,.T.);
#4239=ORIENTED_EDGE('',*,*,#3122,.T.);
#4240=ORIENTED_EDGE('',*,*,#2999,.T.);
#4241=ORIENTED_EDGE('',*,*,#3116,.F.);
#4242=ORIENTED_EDGE('',*,*,#3119,.T.);
#4243=ORIENTED_EDGE('',*,*,#3000,.T.);
#4244=ORIENTED_EDGE('',*,*,#3122,.F.);
#4245=ORIENTED_EDGE('',*,*,#3118,.T.);
#4246=ORIENTED_EDGE('',*,*,#3121,.T.);
#4247=ORIENTED_EDGE('',*,*,#3055,.T.);
#4248=ORIENTED_EDGE('',*,*,#3056,.T.);
#4249=ORIENTED_EDGE('',*,*,#3051,.T.);
#4250=ORIENTED_EDGE('',*,*,#3112,.T.);
#4251=ORIENTED_EDGE('',*,*,#3123,.T.);
#4252=ORIENTED_EDGE('',*,*,#3124,.F.);
#4253=ORIENTED_EDGE('',*,*,#3064,.T.);
#4254=ORIENTED_EDGE('',*,*,#3125,.T.);
#4255=ORIENTED_EDGE('',*,*,#3126,.F.);
#4256=ORIENTED_EDGE('',*,*,#3127,.F.);
#4257=ORIENTED_EDGE('',*,*,#3128,.T.);
#4258=ORIENTED_EDGE('',*,*,#3095,.F.);
#4259=ORIENTED_EDGE('',*,*,#2863,.F.);
#4260=ORIENTED_EDGE('',*,*,#3128,.F.);
#4261=ORIENTED_EDGE('',*,*,#3129,.T.);
#4262=ORIENTED_EDGE('',*,*,#3125,.F.);
#4263=ORIENTED_EDGE('',*,*,#2936,.T.);
#4264=ORIENTED_EDGE('',*,*,#3124,.T.);
#4265=ORIENTED_EDGE('',*,*,#3130,.T.);
#4266=ORIENTED_EDGE('',*,*,#3126,.T.);
#4267=ORIENTED_EDGE('',*,*,#3131,.F.);
#4268=ORIENTED_EDGE('',*,*,#3132,.F.);
#4269=ORIENTED_EDGE('',*,*,#3123,.F.);
#4270=ORIENTED_EDGE('',*,*,#3133,.T.);
#4271=ORIENTED_EDGE('',*,*,#3129,.F.);
#4272=ORIENTED_EDGE('',*,*,#3134,.T.);
#4273=ORIENTED_EDGE('',*,*,#3135,.F.);
#4274=ORIENTED_EDGE('',*,*,#3133,.F.);
#4275=ORIENTED_EDGE('',*,*,#3136,.F.);
#4276=ORIENTED_EDGE('',*,*,#3130,.F.);
#4277=ORIENTED_EDGE('',*,*,#3132,.T.);
#4278=ORIENTED_EDGE('',*,*,#3137,.T.);
#4279=ORIENTED_EDGE('',*,*,#3138,.F.);
#4280=ORIENTED_EDGE('',*,*,#3137,.F.);
#4281=ORIENTED_EDGE('',*,*,#3131,.T.);
#4282=ORIENTED_EDGE('',*,*,#3135,.T.);
#4283=ORIENTED_EDGE('',*,*,#3136,.T.);
#4284=ORIENTED_EDGE('',*,*,#3138,.T.);
#4285=ORIENTED_EDGE('',*,*,#3134,.F.);
#4286=ORIENTED_EDGE('',*,*,#3127,.T.);
#4287=ORIENTED_EDGE('',*,*,#3139,.T.);
#4288=ORIENTED_EDGE('',*,*,#3140,.F.);
#4289=ORIENTED_EDGE('',*,*,#3098,.T.);
#4290=ORIENTED_EDGE('',*,*,#3141,.T.);
#4291=ORIENTED_EDGE('',*,*,#3142,.F.);
#4292=ORIENTED_EDGE('',*,*,#3143,.F.);
#4293=ORIENTED_EDGE('',*,*,#3144,.T.);
#4294=ORIENTED_EDGE('',*,*,#3077,.F.);
#4295=ORIENTED_EDGE('',*,*,#2877,.F.);
#4296=ORIENTED_EDGE('',*,*,#3144,.F.);
#4297=ORIENTED_EDGE('',*,*,#3145,.T.);
#4298=ORIENTED_EDGE('',*,*,#3141,.F.);
#4299=ORIENTED_EDGE('',*,*,#2922,.T.);
#4300=ORIENTED_EDGE('',*,*,#3140,.T.);
#4301=ORIENTED_EDGE('',*,*,#3146,.T.);
#4302=ORIENTED_EDGE('',*,*,#3142,.T.);
#4303=ORIENTED_EDGE('',*,*,#3147,.F.);
#4304=ORIENTED_EDGE('',*,*,#3148,.F.);
#4305=ORIENTED_EDGE('',*,*,#3139,.F.);
#4306=ORIENTED_EDGE('',*,*,#3149,.T.);
#4307=ORIENTED_EDGE('',*,*,#3145,.F.);
#4308=ORIENTED_EDGE('',*,*,#3150,.T.);
#4309=ORIENTED_EDGE('',*,*,#3151,.F.);
#4310=ORIENTED_EDGE('',*,*,#3149,.F.);
#4311=ORIENTED_EDGE('',*,*,#3152,.F.);
#4312=ORIENTED_EDGE('',*,*,#3146,.F.);
#4313=ORIENTED_EDGE('',*,*,#3148,.T.);
#4314=ORIENTED_EDGE('',*,*,#3153,.T.);
#4315=ORIENTED_EDGE('',*,*,#3154,.F.);
#4316=ORIENTED_EDGE('',*,*,#3153,.F.);
#4317=ORIENTED_EDGE('',*,*,#3147,.T.);
#4318=ORIENTED_EDGE('',*,*,#3151,.T.);
#4319=ORIENTED_EDGE('',*,*,#3152,.T.);
#4320=ORIENTED_EDGE('',*,*,#3154,.T.);
#4321=ORIENTED_EDGE('',*,*,#3150,.F.);
#4322=ORIENTED_EDGE('',*,*,#3143,.T.);
#4323=ORIENTED_EDGE('',*,*,#3155,.T.);
#4324=ORIENTED_EDGE('',*,*,#3156,.F.);
#4325=ORIENTED_EDGE('',*,*,#3082,.T.);
#4326=ORIENTED_EDGE('',*,*,#3157,.T.);
#4327=ORIENTED_EDGE('',*,*,#3158,.F.);
#4328=ORIENTED_EDGE('',*,*,#3159,.F.);
#4329=ORIENTED_EDGE('',*,*,#3160,.T.);
#4330=ORIENTED_EDGE('',*,*,#3110,.F.);
#4331=ORIENTED_EDGE('',*,*,#2875,.F.);
#4332=ORIENTED_EDGE('',*,*,#3160,.F.);
#4333=ORIENTED_EDGE('',*,*,#3161,.T.);
#4334=ORIENTED_EDGE('',*,*,#3157,.F.);
#4335=ORIENTED_EDGE('',*,*,#2924,.T.);
#4336=ORIENTED_EDGE('',*,*,#3156,.T.);
#4337=ORIENTED_EDGE('',*,*,#3162,.T.);
#4338=ORIENTED_EDGE('',*,*,#3158,.T.);
#4339=ORIENTED_EDGE('',*,*,#3163,.F.);
#4340=ORIENTED_EDGE('',*,*,#3164,.F.);
#4341=ORIENTED_EDGE('',*,*,#3155,.F.);
#4342=ORIENTED_EDGE('',*,*,#3165,.T.);
#4343=ORIENTED_EDGE('',*,*,#3161,.F.);
#4344=ORIENTED_EDGE('',*,*,#3166,.T.);
#4345=ORIENTED_EDGE('',*,*,#3167,.F.);
#4346=ORIENTED_EDGE('',*,*,#3165,.F.);
#4347=ORIENTED_EDGE('',*,*,#3168,.F.);
#4348=ORIENTED_EDGE('',*,*,#3162,.F.);
#4349=ORIENTED_EDGE('',*,*,#3164,.T.);
#4350=ORIENTED_EDGE('',*,*,#3169,.T.);
#4351=ORIENTED_EDGE('',*,*,#3170,.F.);
#4352=ORIENTED_EDGE('',*,*,#3169,.F.);
#4353=ORIENTED_EDGE('',*,*,#3163,.T.);
#4354=ORIENTED_EDGE('',*,*,#3167,.T.);
#4355=ORIENTED_EDGE('',*,*,#3168,.T.);
#4356=ORIENTED_EDGE('',*,*,#3170,.T.);
#4357=ORIENTED_EDGE('',*,*,#3166,.F.);
#4358=ORIENTED_EDGE('',*,*,#3159,.T.);
#4359=ORIENTED_EDGE('',*,*,#3171,.T.);
#4360=ORIENTED_EDGE('',*,*,#3172,.F.);
#4361=ORIENTED_EDGE('',*,*,#3113,.T.);
#4362=ORIENTED_EDGE('',*,*,#3173,.T.);
#4363=ORIENTED_EDGE('',*,*,#3174,.F.);
#4364=ORIENTED_EDGE('',*,*,#3175,.F.);
#4365=ORIENTED_EDGE('',*,*,#3176,.T.);
#4366=ORIENTED_EDGE('',*,*,#3059,.F.);
#4367=ORIENTED_EDGE('',*,*,#2865,.F.);
#4368=ORIENTED_EDGE('',*,*,#3176,.F.);
#4369=ORIENTED_EDGE('',*,*,#3177,.T.);
#4370=ORIENTED_EDGE('',*,*,#3173,.F.);
#4371=ORIENTED_EDGE('',*,*,#2934,.T.);
#4372=ORIENTED_EDGE('',*,*,#3172,.T.);
#4373=ORIENTED_EDGE('',*,*,#3178,.T.);
#4374=ORIENTED_EDGE('',*,*,#3174,.T.);
#4375=ORIENTED_EDGE('',*,*,#3179,.F.);
#4376=ORIENTED_EDGE('',*,*,#3180,.F.);
#4377=ORIENTED_EDGE('',*,*,#3171,.F.);
#4378=ORIENTED_EDGE('',*,*,#3181,.T.);
#4379=ORIENTED_EDGE('',*,*,#3177,.F.);
#4380=ORIENTED_EDGE('',*,*,#3182,.T.);
#4381=ORIENTED_EDGE('',*,*,#3183,.F.);
#4382=ORIENTED_EDGE('',*,*,#3181,.F.);
#4383=ORIENTED_EDGE('',*,*,#3184,.F.);
#4384=ORIENTED_EDGE('',*,*,#3178,.F.);
#4385=ORIENTED_EDGE('',*,*,#3180,.T.);
#4386=ORIENTED_EDGE('',*,*,#3185,.T.);
#4387=ORIENTED_EDGE('',*,*,#3186,.F.);
#4388=ORIENTED_EDGE('',*,*,#3185,.F.);
#4389=ORIENTED_EDGE('',*,*,#3179,.T.);
#4390=ORIENTED_EDGE('',*,*,#3183,.T.);
#4391=ORIENTED_EDGE('',*,*,#3184,.T.);
#4392=ORIENTED_EDGE('',*,*,#3186,.T.);
#4393=ORIENTED_EDGE('',*,*,#3182,.F.);
#4394=ORIENTED_EDGE('',*,*,#3175,.T.);
#4395=ORIENTED_EDGE('',*,*,#3187,.T.);
#4396=ORIENTED_EDGE('',*,*,#2891,.T.);
#4397=ORIENTED_EDGE('',*,*,#3188,.F.);
#4398=ORIENTED_EDGE('',*,*,#2964,.F.);
#4399=ORIENTED_EDGE('',*,*,#3189,.T.);
#4400=ORIENTED_EDGE('',*,*,#2892,.T.);
#4401=ORIENTED_EDGE('',*,*,#3187,.F.);
#4402=ORIENTED_EDGE('',*,*,#2963,.F.);
#4403=ORIENTED_EDGE('',*,*,#3190,.T.);
#4404=ORIENTED_EDGE('',*,*,#2893,.T.);
#4405=ORIENTED_EDGE('',*,*,#3189,.F.);
#4406=ORIENTED_EDGE('',*,*,#2970,.F.);
#4407=ORIENTED_EDGE('',*,*,#3191,.T.);
#4408=ORIENTED_EDGE('',*,*,#2894,.T.);
#4409=ORIENTED_EDGE('',*,*,#3190,.F.);
#4410=ORIENTED_EDGE('',*,*,#2969,.F.);
#4411=ORIENTED_EDGE('',*,*,#3192,.T.);
#4412=ORIENTED_EDGE('',*,*,#2895,.T.);
#4413=ORIENTED_EDGE('',*,*,#3191,.F.);
#4414=ORIENTED_EDGE('',*,*,#2968,.F.);
#4415=ORIENTED_EDGE('',*,*,#3193,.T.);
#4416=ORIENTED_EDGE('',*,*,#2896,.T.);
#4417=ORIENTED_EDGE('',*,*,#3192,.F.);
#4418=ORIENTED_EDGE('',*,*,#2967,.F.);
#4419=ORIENTED_EDGE('',*,*,#3194,.T.);
#4420=ORIENTED_EDGE('',*,*,#2897,.T.);
#4421=ORIENTED_EDGE('',*,*,#3193,.F.);
#4422=ORIENTED_EDGE('',*,*,#2966,.F.);
#4423=ORIENTED_EDGE('',*,*,#3188,.T.);
#4424=ORIENTED_EDGE('',*,*,#2898,.T.);
#4425=ORIENTED_EDGE('',*,*,#3194,.F.);
#4426=ORIENTED_EDGE('',*,*,#2965,.F.);
#4427=ORIENTED_EDGE('',*,*,#3195,.T.);
#4428=ORIENTED_EDGE('',*,*,#2883,.T.);
#4429=ORIENTED_EDGE('',*,*,#3196,.F.);
#4430=ORIENTED_EDGE('',*,*,#2956,.F.);
#4431=ORIENTED_EDGE('',*,*,#3197,.T.);
#4432=ORIENTED_EDGE('',*,*,#2884,.T.);
#4433=ORIENTED_EDGE('',*,*,#3195,.F.);
#4434=ORIENTED_EDGE('',*,*,#2955,.F.);
#4435=ORIENTED_EDGE('',*,*,#3198,.T.);
#4436=ORIENTED_EDGE('',*,*,#2885,.T.);
#4437=ORIENTED_EDGE('',*,*,#3197,.F.);
#4438=ORIENTED_EDGE('',*,*,#2962,.F.);
#4439=ORIENTED_EDGE('',*,*,#3199,.T.);
#4440=ORIENTED_EDGE('',*,*,#2886,.T.);
#4441=ORIENTED_EDGE('',*,*,#3198,.F.);
#4442=ORIENTED_EDGE('',*,*,#2961,.F.);
#4443=ORIENTED_EDGE('',*,*,#3200,.T.);
#4444=ORIENTED_EDGE('',*,*,#2887,.T.);
#4445=ORIENTED_EDGE('',*,*,#3199,.F.);
#4446=ORIENTED_EDGE('',*,*,#2960,.F.);
#4447=ORIENTED_EDGE('',*,*,#3201,.T.);
#4448=ORIENTED_EDGE('',*,*,#2888,.T.);
#4449=ORIENTED_EDGE('',*,*,#3200,.F.);
#4450=ORIENTED_EDGE('',*,*,#2959,.F.);
#4451=ORIENTED_EDGE('',*,*,#3202,.T.);
#4452=ORIENTED_EDGE('',*,*,#2889,.T.);
#4453=ORIENTED_EDGE('',*,*,#3201,.F.);
#4454=ORIENTED_EDGE('',*,*,#2958,.F.);
#4455=ORIENTED_EDGE('',*,*,#3196,.T.);
#4456=ORIENTED_EDGE('',*,*,#2890,.T.);
#4457=ORIENTED_EDGE('',*,*,#3202,.F.);
#4458=ORIENTED_EDGE('',*,*,#2957,.F.);
#4459=ORIENTED_EDGE('',*,*,#3008,.T.);
#4460=ORIENTED_EDGE('',*,*,#2868,.T.);
#4461=ORIENTED_EDGE('',*,*,#3018,.F.);
#4462=ORIENTED_EDGE('',*,*,#2931,.F.);
#4463=ORIENTED_EDGE('',*,*,#3014,.F.);
#4464=ORIENTED_EDGE('',*,*,#3047,.F.);
#4465=ORIENTED_EDGE('',*,*,#3017,.F.);
#4466=ORIENTED_EDGE('',*,*,#3041,.T.);
#4467=ORIENTED_EDGE('',*,*,#3007,.F.);
#4468=ORIENTED_EDGE('',*,*,#3046,.F.);
#4469=ORIENTED_EDGE('',*,*,#3010,.F.);
#4470=ORIENTED_EDGE('',*,*,#3039,.T.);
#4471=ORIENTED_EDGE('',*,*,#2996,.T.);
#4472=ORIENTED_EDGE('',*,*,#2872,.T.);
#4473=ORIENTED_EDGE('',*,*,#3006,.F.);
#4474=ORIENTED_EDGE('',*,*,#2927,.F.);
#4475=ORIENTED_EDGE('',*,*,#3002,.F.);
#4476=ORIENTED_EDGE('',*,*,#3044,.F.);
#4477=ORIENTED_EDGE('',*,*,#3005,.F.);
#4478=ORIENTED_EDGE('',*,*,#3038,.T.);
#4479=ORIENTED_EDGE('',*,*,#2995,.F.);
#4480=ORIENTED_EDGE('',*,*,#3117,.F.);
#4481=ORIENTED_EDGE('',*,*,#2998,.F.);
#4482=ORIENTED_EDGE('',*,*,#3114,.T.);
#4483=ORIENTED_EDGE('',*,*,#2984,.T.);
#4484=ORIENTED_EDGE('',*,*,#2880,.T.);
#4485=ORIENTED_EDGE('',*,*,#2994,.F.);
#4486=ORIENTED_EDGE('',*,*,#2919,.F.);
#4487=ORIENTED_EDGE('',*,*,#2990,.F.);
#4488=ORIENTED_EDGE('',*,*,#3028,.F.);
#4489=ORIENTED_EDGE('',*,*,#2993,.F.);
#4490=ORIENTED_EDGE('',*,*,#3022,.T.);
#4491=ORIENTED_EDGE('',*,*,#2983,.F.);
#4492=ORIENTED_EDGE('',*,*,#3027,.F.);
#4493=ORIENTED_EDGE('',*,*,#2986,.F.);
#4494=ORIENTED_EDGE('',*,*,#3020,.T.);
#4495=ORIENTED_EDGE('',*,*,#2972,.T.);
#4496=ORIENTED_EDGE('',*,*,#2860,.T.);
#4497=ORIENTED_EDGE('',*,*,#2982,.F.);
#4498=ORIENTED_EDGE('',*,*,#2915,.F.);
#4499=ORIENTED_EDGE('',*,*,#2978,.F.);
#4500=ORIENTED_EDGE('',*,*,#3025,.F.);
#4501=ORIENTED_EDGE('',*,*,#2981,.F.);
#4502=ORIENTED_EDGE('',*,*,#3019,.T.);
#4503=ORIENTED_EDGE('',*,*,#2971,.F.);
#4504=ORIENTED_EDGE('',*,*,#3102,.F.);
#4505=ORIENTED_EDGE('',*,*,#2974,.F.);
#4506=ORIENTED_EDGE('',*,*,#3099,.T.);
#4507=ORIENTED_EDGE('',*,*,#2948,.T.);
#4508=ORIENTED_EDGE('',*,*,#3203,.F.);
#4509=ORIENTED_EDGE('',*,*,#2899,.F.);
#4510=ORIENTED_EDGE('',*,*,#3204,.T.);
#4511=ORIENTED_EDGE('',*,*,#2949,.T.);
#4512=ORIENTED_EDGE('',*,*,#3204,.F.);
#4513=ORIENTED_EDGE('',*,*,#2906,.F.);
#4514=ORIENTED_EDGE('',*,*,#3205,.T.);
#4515=ORIENTED_EDGE('',*,*,#2950,.T.);
#4516=ORIENTED_EDGE('',*,*,#3205,.F.);
#4517=ORIENTED_EDGE('',*,*,#2905,.F.);
#4518=ORIENTED_EDGE('',*,*,#3206,.T.);
#4519=ORIENTED_EDGE('',*,*,#2951,.T.);
#4520=ORIENTED_EDGE('',*,*,#3206,.F.);
#4521=ORIENTED_EDGE('',*,*,#2904,.F.);
#4522=ORIENTED_EDGE('',*,*,#3207,.T.);
#4523=ORIENTED_EDGE('',*,*,#2952,.T.);
#4524=ORIENTED_EDGE('',*,*,#3207,.F.);
#4525=ORIENTED_EDGE('',*,*,#2903,.F.);
#4526=ORIENTED_EDGE('',*,*,#3208,.T.);
#4527=ORIENTED_EDGE('',*,*,#2953,.T.);
#4528=ORIENTED_EDGE('',*,*,#3208,.F.);
#4529=ORIENTED_EDGE('',*,*,#2902,.F.);
#4530=ORIENTED_EDGE('',*,*,#3209,.T.);
#4531=ORIENTED_EDGE('',*,*,#2954,.T.);
#4532=ORIENTED_EDGE('',*,*,#3209,.F.);
#4533=ORIENTED_EDGE('',*,*,#2901,.F.);
#4534=ORIENTED_EDGE('',*,*,#3210,.T.);
#4535=ORIENTED_EDGE('',*,*,#2939,.T.);
#4536=ORIENTED_EDGE('',*,*,#3211,.F.);
#4537=ORIENTED_EDGE('',*,*,#2908,.F.);
#4538=ORIENTED_EDGE('',*,*,#3212,.T.);
#4539=ORIENTED_EDGE('',*,*,#2941,.T.);
#4540=ORIENTED_EDGE('',*,*,#3213,.F.);
#4541=ORIENTED_EDGE('',*,*,#2914,.F.);
#4542=ORIENTED_EDGE('',*,*,#3214,.T.);
#4543=ORIENTED_EDGE('',*,*,#2942,.T.);
#4544=ORIENTED_EDGE('',*,*,#3214,.F.);
#4545=ORIENTED_EDGE('',*,*,#2913,.F.);
#4546=ORIENTED_EDGE('',*,*,#3215,.T.);
#4547=ORIENTED_EDGE('',*,*,#2943,.T.);
#4548=ORIENTED_EDGE('',*,*,#3215,.F.);
#4549=ORIENTED_EDGE('',*,*,#2912,.F.);
#4550=ORIENTED_EDGE('',*,*,#3216,.T.);
#4551=ORIENTED_EDGE('',*,*,#2944,.T.);
#4552=ORIENTED_EDGE('',*,*,#3216,.F.);
#4553=ORIENTED_EDGE('',*,*,#2911,.F.);
#4554=ORIENTED_EDGE('',*,*,#3217,.T.);
#4555=ORIENTED_EDGE('',*,*,#2945,.T.);
#4556=ORIENTED_EDGE('',*,*,#3217,.F.);
#4557=ORIENTED_EDGE('',*,*,#2910,.F.);
#4558=ORIENTED_EDGE('',*,*,#3218,.T.);
#4559=ORIENTED_EDGE('',*,*,#2946,.T.);
#4560=ORIENTED_EDGE('',*,*,#3218,.F.);
#4561=ORIENTED_EDGE('',*,*,#2909,.F.);
#4562=ORIENTED_EDGE('',*,*,#3211,.T.);
#4563=ORIENTED_EDGE('',*,*,#3212,.F.);
#4564=ORIENTED_EDGE('',*,*,#3219,.T.);
#4565=ORIENTED_EDGE('',*,*,#3220,.T.);
#4566=ORIENTED_EDGE('',*,*,#3221,.F.);
#4567=ORIENTED_EDGE('',*,*,#3222,.T.);
#4568=ORIENTED_EDGE('',*,*,#3223,.T.);
#4569=ORIENTED_EDGE('',*,*,#3213,.T.);
#4570=ORIENTED_EDGE('',*,*,#3224,.F.);
#4571=ORIENTED_EDGE('',*,*,#3224,.T.);
#4572=ORIENTED_EDGE('',*,*,#2940,.F.);
#4573=ORIENTED_EDGE('',*,*,#3221,.T.);
#4574=ORIENTED_EDGE('',*,*,#3225,.T.);
#4575=ORIENTED_EDGE('',*,*,#3223,.F.);
#4576=ORIENTED_EDGE('',*,*,#3226,.F.);
#4577=ORIENTED_EDGE('',*,*,#3219,.F.);
#4578=ORIENTED_EDGE('',*,*,#2907,.T.);
#4579=ORIENTED_EDGE('',*,*,#3227,.T.);
#4580=ORIENTED_EDGE('',*,*,#3228,.F.);
#4581=ORIENTED_EDGE('',*,*,#3229,.F.);
#4582=ORIENTED_EDGE('',*,*,#3230,.T.);
#4583=ORIENTED_EDGE('',*,*,#3231,.T.);
#4584=ORIENTED_EDGE('',*,*,#3232,.F.);
#4585=ORIENTED_EDGE('',*,*,#3233,.F.);
#4586=ORIENTED_EDGE('',*,*,#3228,.T.);
#4587=ORIENTED_EDGE('',*,*,#3234,.T.);
#4588=ORIENTED_EDGE('',*,*,#3235,.F.);
#4589=ORIENTED_EDGE('',*,*,#3236,.F.);
#4590=ORIENTED_EDGE('',*,*,#3232,.T.);
#4591=ORIENTED_EDGE('',*,*,#3225,.F.);
#4592=ORIENTED_EDGE('',*,*,#3237,.F.);
#4593=ORIENTED_EDGE('',*,*,#3234,.F.);
#4594=ORIENTED_EDGE('',*,*,#3231,.F.);
#4595=ORIENTED_EDGE('',*,*,#3227,.F.);
#4596=ORIENTED_EDGE('',*,*,#3238,.F.);
#4597=ORIENTED_EDGE('',*,*,#3220,.F.);
#4598=ORIENTED_EDGE('',*,*,#3239,.F.);
#4599=ORIENTED_EDGE('',*,*,#3235,.T.);
#4600=ORIENTED_EDGE('',*,*,#3237,.T.);
#4601=ORIENTED_EDGE('',*,*,#3239,.T.);
#4602=ORIENTED_EDGE('',*,*,#3226,.T.);
#4603=ORIENTED_EDGE('',*,*,#3240,.T.);
#4604=ORIENTED_EDGE('',*,*,#3229,.T.);
#4605=ORIENTED_EDGE('',*,*,#3233,.T.);
#4606=ORIENTED_EDGE('',*,*,#3236,.T.);
#4607=ORIENTED_EDGE('',*,*,#3222,.F.);
#4608=ORIENTED_EDGE('',*,*,#3238,.T.);
#4609=ORIENTED_EDGE('',*,*,#3230,.F.);
#4610=ORIENTED_EDGE('',*,*,#3240,.F.);
#4611=ORIENTED_EDGE('',*,*,#3241,.F.);
#4612=ORIENTED_EDGE('',*,*,#3242,.T.);
#4613=ORIENTED_EDGE('',*,*,#3203,.T.);
#4614=ORIENTED_EDGE('',*,*,#3243,.F.);
#4615=ORIENTED_EDGE('',*,*,#3244,.T.);
#4616=ORIENTED_EDGE('',*,*,#3245,.F.);
#4617=ORIENTED_EDGE('',*,*,#3246,.F.);
#4618=ORIENTED_EDGE('',*,*,#3210,.F.);
#4619=ORIENTED_EDGE('',*,*,#2947,.T.);
#4620=ORIENTED_EDGE('',*,*,#3246,.T.);
#4621=ORIENTED_EDGE('',*,*,#3247,.F.);
#4622=ORIENTED_EDGE('',*,*,#3243,.T.);
#4623=ORIENTED_EDGE('',*,*,#2900,.F.);
#4624=ORIENTED_EDGE('',*,*,#3242,.F.);
#4625=ORIENTED_EDGE('',*,*,#3248,.T.);
#4626=ORIENTED_EDGE('',*,*,#3244,.F.);
#4627=ORIENTED_EDGE('',*,*,#3249,.T.);
#4628=ORIENTED_EDGE('',*,*,#3250,.F.);
#4629=ORIENTED_EDGE('',*,*,#3251,.F.);
#4630=ORIENTED_EDGE('',*,*,#3252,.T.);
#4631=ORIENTED_EDGE('',*,*,#3253,.T.);
#4632=ORIENTED_EDGE('',*,*,#3254,.F.);
#4633=ORIENTED_EDGE('',*,*,#3255,.F.);
#4634=ORIENTED_EDGE('',*,*,#3250,.T.);
#4635=ORIENTED_EDGE('',*,*,#3256,.T.);
#4636=ORIENTED_EDGE('',*,*,#3257,.F.);
#4637=ORIENTED_EDGE('',*,*,#3258,.F.);
#4638=ORIENTED_EDGE('',*,*,#3254,.T.);
#4639=ORIENTED_EDGE('',*,*,#3259,.F.);
#4640=ORIENTED_EDGE('',*,*,#3247,.T.);
#4641=ORIENTED_EDGE('',*,*,#3260,.F.);
#4642=ORIENTED_EDGE('',*,*,#3256,.F.);
#4643=ORIENTED_EDGE('',*,*,#3253,.F.);
#4644=ORIENTED_EDGE('',*,*,#3249,.F.);
#4645=ORIENTED_EDGE('',*,*,#3260,.T.);
#4646=ORIENTED_EDGE('',*,*,#3245,.T.);
#4647=ORIENTED_EDGE('',*,*,#3261,.F.);
#4648=ORIENTED_EDGE('',*,*,#3257,.T.);
#4649=ORIENTED_EDGE('',*,*,#3248,.F.);
#4650=ORIENTED_EDGE('',*,*,#3262,.T.);
#4651=ORIENTED_EDGE('',*,*,#3251,.T.);
#4652=ORIENTED_EDGE('',*,*,#3255,.T.);
#4653=ORIENTED_EDGE('',*,*,#3258,.T.);
#4654=ORIENTED_EDGE('',*,*,#3261,.T.);
#4655=ORIENTED_EDGE('',*,*,#3262,.F.);
#4656=ORIENTED_EDGE('',*,*,#3241,.T.);
#4657=ORIENTED_EDGE('',*,*,#3259,.T.);
#4658=ORIENTED_EDGE('',*,*,#3252,.F.);
#4659=CYLINDRICAL_SURFACE('',#5079,2.24999999999997);
#4660=CYLINDRICAL_SURFACE('',#5082,2.24999999999997);
#4661=CYLINDRICAL_SURFACE('',#5085,2.24999999999997);
#4662=CYLINDRICAL_SURFACE('',#5088,2.24999999999997);
#4663=CYLINDRICAL_SURFACE('',#5091,2.5);
#4664=CYLINDRICAL_SURFACE('',#5094,2.5);
#4665=CYLINDRICAL_SURFACE('',#5097,2.5);
#4666=CYLINDRICAL_SURFACE('',#5100,2.5);
#4667=CYLINDRICAL_SURFACE('',#5103,2.5);
#4668=CYLINDRICAL_SURFACE('',#5106,2.5);
#4669=CYLINDRICAL_SURFACE('',#5109,2.5);
#4670=CYLINDRICAL_SURFACE('',#5112,2.5);
#4671=CYLINDRICAL_SURFACE('',#5115,3.05);
#4672=CYLINDRICAL_SURFACE('',#5118,3.05);
#4673=CYLINDRICAL_SURFACE('',#5121,3.05);
#4674=CYLINDRICAL_SURFACE('',#5124,3.05);
#4675=CYLINDRICAL_SURFACE('',#5127,3.05);
#4676=CYLINDRICAL_SURFACE('',#5130,3.05);
#4677=CYLINDRICAL_SURFACE('',#5133,2.5);
#4678=CYLINDRICAL_SURFACE('',#5136,2.5);
#4679=CYLINDRICAL_SURFACE('',#5139,2.5);
#4680=CYLINDRICAL_SURFACE('',#5142,2.5);
#4681=CYLINDRICAL_SURFACE('',#5145,3.05);
#4682=CYLINDRICAL_SURFACE('',#5148,3.05);
#4683=CYLINDRICAL_SURFACE('',#5151,3.05);
#4684=CYLINDRICAL_SURFACE('',#5154,3.05);
#4685=CYLINDRICAL_SURFACE('',#5157,3.05);
#4686=CYLINDRICAL_SURFACE('',#5160,3.05);
#4687=CYLINDRICAL_SURFACE('',#5163,3.05);
#4688=CYLINDRICAL_SURFACE('',#5166,3.05);
#4689=CYLINDRICAL_SURFACE('',#5169,3.05);
#4690=CYLINDRICAL_SURFACE('',#5172,3.05);
#4691=CYLINDRICAL_SURFACE('',#5175,3.05);
#4692=CYLINDRICAL_SURFACE('',#5178,3.05);
#4693=CYLINDRICAL_SURFACE('',#5181,3.05);
#4694=CYLINDRICAL_SURFACE('',#5184,3.05);
#4695=CYLINDRICAL_SURFACE('',#5187,3.05);
#4696=CYLINDRICAL_SURFACE('',#5190,3.05);
#4697=CYLINDRICAL_SURFACE('',#5193,3.05);
#4698=CYLINDRICAL_SURFACE('',#5196,3.05);
#4699=CYLINDRICAL_SURFACE('',#5199,3.05);
#4700=CYLINDRICAL_SURFACE('',#5202,3.05);
#4701=CYLINDRICAL_SURFACE('',#5205,2.64999999999999);
#4702=CYLINDRICAL_SURFACE('',#5208,2.64999999999999);
#4703=CYLINDRICAL_SURFACE('',#5211,2.64999999999999);
#4704=CYLINDRICAL_SURFACE('',#5214,2.64999999999999);
#4705=CYLINDRICAL_SURFACE('',#5217,2.64999999999999);
#4706=CYLINDRICAL_SURFACE('',#5220,2.64999999999999);
#4707=CYLINDRICAL_SURFACE('',#5223,2.64999999999999);
#4708=CYLINDRICAL_SURFACE('',#5226,2.64999999999999);
#4709=CYLINDRICAL_SURFACE('',#5229,2.64999999999999);
#4710=CYLINDRICAL_SURFACE('',#5232,2.64999999999999);
#4711=CYLINDRICAL_SURFACE('',#5235,2.64999999999999);
#4712=CYLINDRICAL_SURFACE('',#5238,2.64999999999999);
#4713=CYLINDRICAL_SURFACE('',#5241,2.64999999999999);
#4714=CYLINDRICAL_SURFACE('',#5244,2.64999999999999);
#4715=CYLINDRICAL_SURFACE('',#5247,2.64999999999999);
#4716=CYLINDRICAL_SURFACE('',#5250,2.64999999999999);
#4717=CYLINDRICAL_SURFACE('',#5253,2.65);
#4718=CYLINDRICAL_SURFACE('',#5256,2.65);
#4719=CYLINDRICAL_SURFACE('',#5259,2.65);
#4720=CYLINDRICAL_SURFACE('',#5262,2.65);
#4721=CYLINDRICAL_SURFACE('',#5265,2.65);
#4722=CYLINDRICAL_SURFACE('',#5268,2.65);
#4723=CYLINDRICAL_SURFACE('',#5271,2.65);
#4724=CYLINDRICAL_SURFACE('',#5274,2.65);
#4725=CYLINDRICAL_SURFACE('',#5277,4.59999999999999);
#4726=CYLINDRICAL_SURFACE('',#5283,4.59999999999999);
#4727=CYLINDRICAL_SURFACE('',#5289,4.59999999999999);
#4728=CYLINDRICAL_SURFACE('',#5295,4.59999999999999);
#4729=CYLINDRICAL_SURFACE('',#5301,4.59999999999999);
#4730=CYLINDRICAL_SURFACE('',#5307,4.59999999999999);
#4731=CYLINDRICAL_SURFACE('',#5313,4.59999999999999);
#4732=CYLINDRICAL_SURFACE('',#5319,4.59999999999999);
#4733=CYLINDRICAL_SURFACE('',#5325,4.59999999999999);
#4734=CYLINDRICAL_SURFACE('',#5331,4.59999999999999);
#4735=CYLINDRICAL_SURFACE('',#5337,4.59999999999999);
#4736=CYLINDRICAL_SURFACE('',#5343,4.59999999999999);
#4737=CYLINDRICAL_SURFACE('',#5349,4.59999999999999);
#4738=CYLINDRICAL_SURFACE('',#5355,4.59999999999999);
#4739=CYLINDRICAL_SURFACE('',#5361,4.59999999999999);
#4740=CYLINDRICAL_SURFACE('',#5367,4.59999999999999);
#4741=CYLINDRICAL_SURFACE('',#5431,4.40000000000001);
#4742=CYLINDRICAL_SURFACE('',#5434,4.40000000000001);
#4743=CYLINDRICAL_SURFACE('',#5436,2.40000000000001);
#4744=CYLINDRICAL_SURFACE('',#5439,2.40000000000001);
#4745=CYLINDRICAL_SURFACE('',#5447,4.40000000000001);
#4746=CYLINDRICAL_SURFACE('',#5450,4.40000000000001);
#4747=CYLINDRICAL_SURFACE('',#5452,2.40000000000001);
#4748=CYLINDRICAL_SURFACE('',#5455,2.40000000000001);
#4749=CYLINDRICAL_SURFACE('',#5463,4.40000000000001);
#4750=CYLINDRICAL_SURFACE('',#5464,2.40000000000001);
#4751=CYLINDRICAL_SURFACE('',#5470,4.40000000000001);
#4752=CYLINDRICAL_SURFACE('',#5471,2.40000000000001);
#4753=CYLINDRICAL_SURFACE('',#5477,4.40000000000001);
#4754=CYLINDRICAL_SURFACE('',#5479,2.40000000000001);
#4755=CYLINDRICAL_SURFACE('',#5486,4.40000000000001);
#4756=CYLINDRICAL_SURFACE('',#5488,2.40000000000001);
#4757=CYLINDRICAL_SURFACE('',#5495,4.40000000000008);
#4758=CYLINDRICAL_SURFACE('',#5496,2.40000000000008);
#4759=CYLINDRICAL_SURFACE('',#5502,4.40000000000002);
#4760=CYLINDRICAL_SURFACE('',#5503,2.40000000000002);
#4761=CYLINDRICAL_SURFACE('',#5509,4.39999999999994);
#4762=CYLINDRICAL_SURFACE('',#5510,2.39999999999994);
#4763=CYLINDRICAL_SURFACE('',#5516,4.40000000000009);
#4764=CYLINDRICAL_SURFACE('',#5517,2.4000000000001);
#4765=CYLINDRICAL_SURFACE('',#5523,10.);
#4766=CYLINDRICAL_SURFACE('',#5525,10.);
#4767=CYLINDRICAL_SURFACE('',#5527,9.99999999999998);
#4768=CYLINDRICAL_SURFACE('',#5529,10.);
#4769=CYLINDRICAL_SURFACE('',#5531,9.99999999999998);
#4770=CYLINDRICAL_SURFACE('',#5533,9.99999999999998);
#4771=CYLINDRICAL_SURFACE('',#5535,10.);
#4772=CYLINDRICAL_SURFACE('',#5537,10.);
#4773=CYLINDRICAL_SURFACE('',#5539,3.75000000000009);
#4774=CYLINDRICAL_SURFACE('',#5542,3.75000000000009);
#4775=CYLINDRICAL_SURFACE('',#5545,3.75000000000009);
#4776=CYLINDRICAL_SURFACE('',#5548,3.75000000000009);
#4777=CYLINDRICAL_SURFACE('',#5551,1.);
#4778=CYLINDRICAL_SURFACE('',#5553,11.);
#4779=CYLINDRICAL_SURFACE('',#5555,11.);
#4780=CYLINDRICAL_SURFACE('',#5557,1.);
#4781=CYLINDRICAL_SURFACE('',#5558,1.);
#4782=CYLINDRICAL_SURFACE('',#5559,1.);
#4783=CYLINDRICAL_SURFACE('',#5561,11.);
#4784=CYLINDRICAL_SURFACE('',#5563,11.);
#4785=CYLINDRICAL_SURFACE('',#5571,2.40000000000001);
#4786=CYLINDRICAL_SURFACE('',#5572,4.40000000000001);
#4787=CYLINDRICAL_SURFACE('',#5573,9.00000000000001);
#4788=CYLINDRICAL_SURFACE('',#5577,8.99999999999999);
#4789=CYLINDRICAL_SURFACE('',#5590,2.40000000000001);
#4790=CYLINDRICAL_SURFACE('',#5591,4.40000000000001);
#4791=CYLINDRICAL_SURFACE('',#5592,8.99999999999999);
#4792=CYLINDRICAL_SURFACE('',#5596,9.00000000000001);
#4793=ADVANCED_FACE('',(#357),#4659,.F.);
#4794=ADVANCED_FACE('',(#358),#4660,.F.);
#4795=ADVANCED_FACE('',(#359),#4661,.F.);
#4796=ADVANCED_FACE('',(#360),#4662,.F.);
#4797=ADVANCED_FACE('',(#361),#4663,.F.);
#4798=ADVANCED_FACE('',(#362),#4664,.F.);
#4799=ADVANCED_FACE('',(#363),#4665,.F.);
#4800=ADVANCED_FACE('',(#364),#4666,.F.);
#4801=ADVANCED_FACE('',(#365),#4667,.F.);
#4802=ADVANCED_FACE('',(#366),#4668,.F.);
#4803=ADVANCED_FACE('',(#367),#4669,.F.);
#4804=ADVANCED_FACE('',(#368),#4670,.F.);
#4805=ADVANCED_FACE('',(#369),#4671,.F.);
#4806=ADVANCED_FACE('',(#370),#4672,.F.);
#4807=ADVANCED_FACE('',(#371),#4673,.F.);
#4808=ADVANCED_FACE('',(#372),#4674,.F.);
#4809=ADVANCED_FACE('',(#373),#4675,.F.);
#4810=ADVANCED_FACE('',(#374),#4676,.F.);
#4811=ADVANCED_FACE('',(#375),#4677,.F.);
#4812=ADVANCED_FACE('',(#376),#4678,.F.);
#4813=ADVANCED_FACE('',(#377),#4679,.F.);
#4814=ADVANCED_FACE('',(#378),#4680,.F.);
#4815=ADVANCED_FACE('',(#379),#4681,.F.);
#4816=ADVANCED_FACE('',(#380),#4682,.F.);
#4817=ADVANCED_FACE('',(#381),#4683,.F.);
#4818=ADVANCED_FACE('',(#382),#4684,.F.);
#4819=ADVANCED_FACE('',(#383),#4685,.F.);
#4820=ADVANCED_FACE('',(#384),#4686,.F.);
#4821=ADVANCED_FACE('',(#385),#4687,.F.);
#4822=ADVANCED_FACE('',(#386),#4688,.F.);
#4823=ADVANCED_FACE('',(#387),#4689,.F.);
#4824=ADVANCED_FACE('',(#388),#4690,.F.);
#4825=ADVANCED_FACE('',(#389),#4691,.F.);
#4826=ADVANCED_FACE('',(#390),#4692,.F.);
#4827=ADVANCED_FACE('',(#391),#4693,.F.);
#4828=ADVANCED_FACE('',(#392),#4694,.F.);
#4829=ADVANCED_FACE('',(#393),#4695,.F.);
#4830=ADVANCED_FACE('',(#394),#4696,.F.);
#4831=ADVANCED_FACE('',(#395),#4697,.F.);
#4832=ADVANCED_FACE('',(#396),#4698,.F.);
#4833=ADVANCED_FACE('',(#397),#4699,.F.);
#4834=ADVANCED_FACE('',(#398),#4700,.F.);
#4835=ADVANCED_FACE('',(#399),#4701,.F.);
#4836=ADVANCED_FACE('',(#400),#4702,.F.);
#4837=ADVANCED_FACE('',(#401),#4703,.F.);
#4838=ADVANCED_FACE('',(#402),#4704,.F.);
#4839=ADVANCED_FACE('',(#403),#4705,.F.);
#4840=ADVANCED_FACE('',(#404),#4706,.F.);
#4841=ADVANCED_FACE('',(#405),#4707,.F.);
#4842=ADVANCED_FACE('',(#406),#4708,.F.);
#4843=ADVANCED_FACE('',(#407),#4709,.F.);
#4844=ADVANCED_FACE('',(#408),#4710,.F.);
#4845=ADVANCED_FACE('',(#409),#4711,.F.);
#4846=ADVANCED_FACE('',(#410),#4712,.F.);
#4847=ADVANCED_FACE('',(#411),#4713,.F.);
#4848=ADVANCED_FACE('',(#412),#4714,.F.);
#4849=ADVANCED_FACE('',(#413),#4715,.F.);
#4850=ADVANCED_FACE('',(#414),#4716,.F.);
#4851=ADVANCED_FACE('',(#415),#4717,.F.);
#4852=ADVANCED_FACE('',(#416),#4718,.F.);
#4853=ADVANCED_FACE('',(#417),#4719,.F.);
#4854=ADVANCED_FACE('',(#418),#4720,.F.);
#4855=ADVANCED_FACE('',(#419),#4721,.F.);
#4856=ADVANCED_FACE('',(#420),#4722,.F.);
#4857=ADVANCED_FACE('',(#421),#4723,.F.);
#4858=ADVANCED_FACE('',(#422),#4724,.F.);
#4859=ADVANCED_FACE('',(#423),#4725,.F.);
#4860=ADVANCED_FACE('',(#424),#341,.F.);
#4861=ADVANCED_FACE('',(#425),#4726,.F.);
#4862=ADVANCED_FACE('',(#426),#342,.F.);
#4863=ADVANCED_FACE('',(#427),#4727,.F.);
#4864=ADVANCED_FACE('',(#428),#343,.F.);
#4865=ADVANCED_FACE('',(#429),#4728,.F.);
#4866=ADVANCED_FACE('',(#430),#344,.F.);
#4867=ADVANCED_FACE('',(#431),#4729,.F.);
#4868=ADVANCED_FACE('',(#432),#345,.F.);
#4869=ADVANCED_FACE('',(#433),#4730,.F.);
#4870=ADVANCED_FACE('',(#434),#346,.F.);
#4871=ADVANCED_FACE('',(#435),#4731,.F.);
#4872=ADVANCED_FACE('',(#436),#347,.F.);
#4873=ADVANCED_FACE('',(#437),#4732,.F.);
#4874=ADVANCED_FACE('',(#438),#348,.F.);
#4875=ADVANCED_FACE('',(#439),#4733,.F.);
#4876=ADVANCED_FACE('',(#440),#349,.F.);
#4877=ADVANCED_FACE('',(#441),#4734,.F.);
#4878=ADVANCED_FACE('',(#442),#350,.F.);
#4879=ADVANCED_FACE('',(#443),#4735,.F.);
#4880=ADVANCED_FACE('',(#444),#351,.F.);
#4881=ADVANCED_FACE('',(#445),#4736,.F.);
#4882=ADVANCED_FACE('',(#446),#352,.F.);
#4883=ADVANCED_FACE('',(#447),#4737,.F.);
#4884=ADVANCED_FACE('',(#448),#353,.F.);
#4885=ADVANCED_FACE('',(#449),#4738,.F.);
#4886=ADVANCED_FACE('',(#450),#354,.F.);
#4887=ADVANCED_FACE('',(#451),#4739,.F.);
#4888=ADVANCED_FACE('',(#452),#355,.F.);
#4889=ADVANCED_FACE('',(#453),#4740,.F.);
#4890=ADVANCED_FACE('',(#454),#356,.F.);
#4891=ADVANCED_FACE('',(#455,#63,#64,#65,#66,#67,#68,#69,#70,#71,#72,#73,
#74,#75,#76,#77,#78,#79,#80,#81,#82,#83,#84,#85,#86,#87,#88,#89,#90,#91,
#92,#93,#94,#95,#96,#97,#98,#99,#100,#101,#102,#103,#104,#105,#106,#107,
#108,#109,#110,#111,#112,#113,#114,#115,#116,#117,#118,#119,#120,#121,#122,
#123,#124,#125,#126,#127,#128,#129,#130,#131,#132,#133,#134,#135,#136,#137,
#138,#139,#140,#141,#142,#143,#144,#145,#146,#147,#148),#235,.T.);
#4892=ADVANCED_FACE('',(#456,#149,#150,#151,#152,#153,#154,#155,#156,#157,
#158,#159,#160,#161,#162,#163,#164,#165,#166,#167,#168,#169,#170,#171,#172,
#173,#174,#175,#176,#177,#178,#179,#180,#181,#182,#183,#184,#185,#186,#187,
#188,#189,#190,#191,#192,#193,#194,#195,#196,#197,#198,#199,#200,#201,#202,
#203,#204,#205,#206,#207,#208,#209,#210,#211,#212,#213,#214,#215,#216,#217,
#218,#219,#220,#221,#222,#223,#224,#225,#226,#227,#228,#229,#230,#231,#232,
#233,#234),#236,.F.);
#4893=ADVANCED_FACE('',(#457),#237,.F.);
#4894=ADVANCED_FACE('',(#458),#238,.F.);
#4895=ADVANCED_FACE('',(#459),#239,.F.);
#4896=ADVANCED_FACE('',(#460),#240,.F.);
#4897=ADVANCED_FACE('',(#461),#241,.F.);
#4898=ADVANCED_FACE('',(#462),#242,.F.);
#4899=ADVANCED_FACE('',(#463),#243,.F.);
#4900=ADVANCED_FACE('',(#464),#244,.F.);
#4901=ADVANCED_FACE('',(#465),#245,.F.);
#4902=ADVANCED_FACE('',(#466),#246,.F.);
#4903=ADVANCED_FACE('',(#467),#247,.F.);
#4904=ADVANCED_FACE('',(#468),#248,.F.);
#4905=ADVANCED_FACE('',(#469),#249,.F.);
#4906=ADVANCED_FACE('',(#470),#250,.F.);
#4907=ADVANCED_FACE('',(#471),#251,.F.);
#4908=ADVANCED_FACE('',(#472),#252,.F.);
#4909=ADVANCED_FACE('',(#473),#4741,.T.);
#4910=ADVANCED_FACE('',(#474),#4742,.T.);
#4911=ADVANCED_FACE('',(#475),#4743,.F.);
#4912=ADVANCED_FACE('',(#476),#4744,.F.);
#4913=ADVANCED_FACE('',(#477),#253,.T.);
#4914=ADVANCED_FACE('',(#478),#254,.T.);
#4915=ADVANCED_FACE('',(#479),#255,.F.);
#4916=ADVANCED_FACE('',(#480),#256,.F.);
#4917=ADVANCED_FACE('',(#481),#257,.T.);
#4918=ADVANCED_FACE('',(#482),#258,.T.);
#4919=ADVANCED_FACE('',(#483),#4745,.T.);
#4920=ADVANCED_FACE('',(#484),#4746,.T.);
#4921=ADVANCED_FACE('',(#485),#4747,.F.);
#4922=ADVANCED_FACE('',(#486),#4748,.F.);
#4923=ADVANCED_FACE('',(#487),#259,.T.);
#4924=ADVANCED_FACE('',(#488),#260,.T.);
#4925=ADVANCED_FACE('',(#489),#261,.F.);
#4926=ADVANCED_FACE('',(#490),#262,.F.);
#4927=ADVANCED_FACE('',(#491),#263,.T.);
#4928=ADVANCED_FACE('',(#492),#264,.T.);
#4929=ADVANCED_FACE('',(#493),#15,.F.);
#4930=ADVANCED_FACE('',(#494),#16,.F.);
#4931=ADVANCED_FACE('',(#495),#4749,.T.);
#4932=ADVANCED_FACE('',(#496),#4750,.F.);
#4933=ADVANCED_FACE('',(#497),#265,.T.);
#4934=ADVANCED_FACE('',(#498),#266,.F.);
#4935=ADVANCED_FACE('',(#499),#267,.T.);
#4936=ADVANCED_FACE('',(#500),#268,.F.);
#4937=ADVANCED_FACE('',(#501),#269,.F.);
#4938=ADVANCED_FACE('',(#502),#17,.F.);
#4939=ADVANCED_FACE('',(#503),#18,.F.);
#4940=ADVANCED_FACE('',(#504),#4751,.T.);
#4941=ADVANCED_FACE('',(#505),#4752,.F.);
#4942=ADVANCED_FACE('',(#506),#270,.T.);
#4943=ADVANCED_FACE('',(#507),#271,.F.);
#4944=ADVANCED_FACE('',(#508),#272,.T.);
#4945=ADVANCED_FACE('',(#509),#273,.F.);
#4946=ADVANCED_FACE('',(#510),#274,.F.);
#4947=ADVANCED_FACE('',(#511),#19,.F.);
#4948=ADVANCED_FACE('',(#512),#20,.F.);
#4949=ADVANCED_FACE('',(#513),#4753,.T.);
#4950=ADVANCED_FACE('',(#514),#4754,.F.);
#4951=ADVANCED_FACE('',(#515),#275,.T.);
#4952=ADVANCED_FACE('',(#516),#276,.T.);
#4953=ADVANCED_FACE('',(#517),#277,.F.);
#4954=ADVANCED_FACE('',(#518),#278,.T.);
#4955=ADVANCED_FACE('',(#519),#279,.F.);
#4956=ADVANCED_FACE('',(#520),#21,.F.);
#4957=ADVANCED_FACE('',(#521),#22,.F.);
#4958=ADVANCED_FACE('',(#522),#4755,.T.);
#4959=ADVANCED_FACE('',(#523),#4756,.F.);
#4960=ADVANCED_FACE('',(#524),#280,.T.);
#4961=ADVANCED_FACE('',(#525),#281,.T.);
#4962=ADVANCED_FACE('',(#526),#282,.F.);
#4963=ADVANCED_FACE('',(#527),#283,.T.);
#4964=ADVANCED_FACE('',(#528),#284,.F.);
#4965=ADVANCED_FACE('',(#529),#23,.F.);
#4966=ADVANCED_FACE('',(#530),#24,.F.);
#4967=ADVANCED_FACE('',(#531),#4757,.T.);
#4968=ADVANCED_FACE('',(#532),#4758,.F.);
#4969=ADVANCED_FACE('',(#533),#285,.T.);
#4970=ADVANCED_FACE('',(#534),#286,.F.);
#4971=ADVANCED_FACE('',(#535),#287,.T.);
#4972=ADVANCED_FACE('',(#536),#288,.T.);
#4973=ADVANCED_FACE('',(#537),#289,.F.);
#4974=ADVANCED_FACE('',(#538),#25,.F.);
#4975=ADVANCED_FACE('',(#539),#26,.F.);
#4976=ADVANCED_FACE('',(#540),#4759,.T.);
#4977=ADVANCED_FACE('',(#541),#4760,.F.);
#4978=ADVANCED_FACE('',(#542),#290,.T.);
#4979=ADVANCED_FACE('',(#543),#291,.F.);
#4980=ADVANCED_FACE('',(#544),#292,.T.);
#4981=ADVANCED_FACE('',(#545),#293,.T.);
#4982=ADVANCED_FACE('',(#546),#294,.F.);
#4983=ADVANCED_FACE('',(#547),#27,.F.);
#4984=ADVANCED_FACE('',(#548),#28,.F.);
#4985=ADVANCED_FACE('',(#549),#4761,.T.);
#4986=ADVANCED_FACE('',(#550),#4762,.F.);
#4987=ADVANCED_FACE('',(#551),#295,.T.);
#4988=ADVANCED_FACE('',(#552),#296,.F.);
#4989=ADVANCED_FACE('',(#553),#297,.T.);
#4990=ADVANCED_FACE('',(#554),#298,.T.);
#4991=ADVANCED_FACE('',(#555),#299,.F.);
#4992=ADVANCED_FACE('',(#556),#29,.F.);
#4993=ADVANCED_FACE('',(#557),#30,.F.);
#4994=ADVANCED_FACE('',(#558),#4763,.T.);
#4995=ADVANCED_FACE('',(#559),#4764,.F.);
#4996=ADVANCED_FACE('',(#560),#300,.T.);
#4997=ADVANCED_FACE('',(#561),#301,.F.);
#4998=ADVANCED_FACE('',(#562),#302,.T.);
#4999=ADVANCED_FACE('',(#563),#303,.T.);
#5000=ADVANCED_FACE('',(#564),#304,.F.);
#5001=ADVANCED_FACE('',(#565),#4765,.F.);
#5002=ADVANCED_FACE('',(#566),#305,.F.);
#5003=ADVANCED_FACE('',(#567),#4766,.F.);
#5004=ADVANCED_FACE('',(#568),#306,.F.);
#5005=ADVANCED_FACE('',(#569),#4767,.F.);
#5006=ADVANCED_FACE('',(#570),#307,.F.);
#5007=ADVANCED_FACE('',(#571),#4768,.F.);
#5008=ADVANCED_FACE('',(#572),#308,.F.);
#5009=ADVANCED_FACE('',(#573),#4769,.F.);
#5010=ADVANCED_FACE('',(#574),#309,.F.);
#5011=ADVANCED_FACE('',(#575),#4770,.F.);
#5012=ADVANCED_FACE('',(#576),#310,.F.);
#5013=ADVANCED_FACE('',(#577),#4771,.F.);
#5014=ADVANCED_FACE('',(#578),#311,.F.);
#5015=ADVANCED_FACE('',(#579),#4772,.F.);
#5016=ADVANCED_FACE('',(#580),#312,.F.);
#5017=ADVANCED_FACE('',(#581),#4773,.F.);
#5018=ADVANCED_FACE('',(#582),#313,.F.);
#5019=ADVANCED_FACE('',(#583),#314,.F.);
#5020=ADVANCED_FACE('',(#584),#4774,.F.);
#5021=ADVANCED_FACE('',(#585),#315,.F.);
#5022=ADVANCED_FACE('',(#586),#316,.F.);
#5023=ADVANCED_FACE('',(#587),#4775,.F.);
#5024=ADVANCED_FACE('',(#588),#317,.F.);
#5025=ADVANCED_FACE('',(#589),#318,.F.);
#5026=ADVANCED_FACE('',(#590),#4776,.F.);
#5027=ADVANCED_FACE('',(#591),#319,.F.);
#5028=ADVANCED_FACE('',(#592),#320,.F.);
#5029=ADVANCED_FACE('',(#593),#4777,.F.);
#5030=ADVANCED_FACE('',(#594),#321,.F.);
#5031=ADVANCED_FACE('',(#595),#4778,.F.);
#5032=ADVANCED_FACE('',(#596),#322,.F.);
#5033=ADVANCED_FACE('',(#597),#4779,.F.);
#5034=ADVANCED_FACE('',(#598),#323,.F.);
#5035=ADVANCED_FACE('',(#599),#4780,.F.);
#5036=ADVANCED_FACE('',(#600),#4781,.F.);
#5037=ADVANCED_FACE('',(#601),#4782,.F.);
#5038=ADVANCED_FACE('',(#602),#324,.F.);
#5039=ADVANCED_FACE('',(#603),#4783,.F.);
#5040=ADVANCED_FACE('',(#604),#325,.F.);
#5041=ADVANCED_FACE('',(#605),#4784,.F.);
#5042=ADVANCED_FACE('',(#606),#326,.F.);
#5043=ADVANCED_FACE('',(#607),#327,.F.);
#5044=ADVANCED_FACE('',(#608),#328,.F.);
#5045=ADVANCED_FACE('',(#609),#4785,.F.);
#5046=ADVANCED_FACE('',(#610),#4786,.T.);
#5047=ADVANCED_FACE('',(#611),#4787,.T.);
#5048=ADVANCED_FACE('',(#612),#329,.F.);
#5049=ADVANCED_FACE('',(#613),#4788,.T.);
#5050=ADVANCED_FACE('',(#614),#330,.F.);
#5051=ADVANCED_FACE('',(#615),#331,.F.);
#5052=ADVANCED_FACE('',(#616),#332,.T.);
#5053=ADVANCED_FACE('',(#617),#333,.F.);
#5054=ADVANCED_FACE('',(#618),#334,.F.);
#5055=ADVANCED_FACE('',(#619),#335,.F.);
#5056=ADVANCED_FACE('',(#620),#4789,.F.);
#5057=ADVANCED_FACE('',(#621),#4790,.T.);
#5058=ADVANCED_FACE('',(#622),#4791,.T.);
#5059=ADVANCED_FACE('',(#623),#336,.F.);
#5060=ADVANCED_FACE('',(#624),#4792,.T.);
#5061=ADVANCED_FACE('',(#625),#337,.F.);
#5062=ADVANCED_FACE('',(#626),#338,.F.);
#5063=ADVANCED_FACE('',(#627),#339,.T.);
#5064=ADVANCED_FACE('',(#628),#340,.F.);
#5065=CLOSED_SHELL('',(#4793,#4794,#4795,#4796,#4797,#4798,#4799,#4800,
#4801,#4802,#4803,#4804,#4805,#4806,#4807,#4808,#4809,#4810,#4811,#4812,
#4813,#4814,#4815,#4816,#4817,#4818,#4819,#4820,#4821,#4822,#4823,#4824,
#4825,#4826,#4827,#4828,#4829,#4830,#4831,#4832,#4833,#4834,#4835,#4836,
#4837,#4838,#4839,#4840,#4841,#4842,#4843,#4844,#4845,#4846,#4847,#4848,
#4849,#4850,#4851,#4852,#4853,#4854,#4855,#4856,#4857,#4858,#4859,#4860,
#4861,#4862,#4863,#4864,#4865,#4866,#4867,#4868,#4869,#4870,#4871,#4872,
#4873,#4874,#4875,#4876,#4877,#4878,#4879,#4880,#4881,#4882,#4883,#4884,
#4885,#4886,#4887,#4888,#4889,#4890,#4891,#4892,#4893,#4894,#4895,#4896,
#4897,#4898,#4899,#4900,#4901,#4902,#4903,#4904,#4905,#4906,#4907,#4908,
#4909,#4910,#4911,#4912,#4913,#4914,#4915,#4916,#4917,#4918,#4919,#4920,
#4921,#4922,#4923,#4924,#4925,#4926,#4927,#4928,#4929,#4930,#4931,#4932,
#4933,#4934,#4935,#4936,#4937,#4938,#4939,#4940,#4941,#4942,#4943,#4944,
#4945,#4946,#4947,#4948,#4949,#4950,#4951,#4952,#4953,#4954,#4955,#4956,
#4957,#4958,#4959,#4960,#4961,#4962,#4963,#4964,#4965,#4966,#4967,#4968,
#4969,#4970,#4971,#4972,#4973,#4974,#4975,#4976,#4977,#4978,#4979,#4980,
#4981,#4982,#4983,#4984,#4985,#4986,#4987,#4988,#4989,#4990,#4991,#4992,
#4993,#4994,#4995,#4996,#4997,#4998,#4999,#5000,#5001,#5002,#5003,#5004,
#5005,#5006,#5007,#5008,#5009,#5010,#5011,#5012,#5013,#5014,#5015,#5016,
#5017,#5018,#5019,#5020,#5021,#5022,#5023,#5024,#5025,#5026,#5027,#5028,
#5029,#5030,#5031,#5032,#5033,#5034,#5035,#5036,#5037,#5038,#5039,#5040,
#5041,#5042,#5043,#5044,#5045,#5046,#5047,#5048,#5049,#5050,#5051,#5052,
#5053,#5054,#5055,#5056,#5057,#5058,#5059,#5060,#5061,#5062,#5063,#5064));
#5066=DERIVED_UNIT_ELEMENT(#5068,1.);
#5067=DERIVED_UNIT_ELEMENT(#10615,-3.);
#5068=(
MASS_UNIT()
NAMED_UNIT(*)
SI_UNIT(.KILO.,.GRAM.)
);
#5069=DERIVED_UNIT((#5066,#5067));
#5070=MEASURE_REPRESENTATION_ITEM('density measure',
POSITIVE_RATIO_MEASURE(7850.),#5069);
#5071=PROPERTY_DEFINITION_REPRESENTATION(#5076,#5073);
#5072=PROPERTY_DEFINITION_REPRESENTATION(#5077,#5074);
#5073=REPRESENTATION('material name',(#5075),#10612);
#5074=REPRESENTATION('density',(#5070),#10612);
#5075=DESCRIPTIVE_REPRESENTATION_ITEM('Steel','Steel');
#5076=PROPERTY_DEFINITION('material property','material name',#10622);
#5077=PROPERTY_DEFINITION('material property','density of part',#10622);
#5078=AXIS2_PLACEMENT_3D('',#7051,#5603,#5604);
#5079=AXIS2_PLACEMENT_3D('',#7052,#5605,#5606);
#5080=AXIS2_PLACEMENT_3D('',#7054,#5607,#5608);
#5081=AXIS2_PLACEMENT_3D('',#7057,#5610,#5611);
#5082=AXIS2_PLACEMENT_3D('',#7058,#5612,#5613);
#5083=AXIS2_PLACEMENT_3D('',#7060,#5614,#5615);
#5084=AXIS2_PLACEMENT_3D('',#7063,#5617,#5618);
#5085=AXIS2_PLACEMENT_3D('',#7064,#5619,#5620);
#5086=AXIS2_PLACEMENT_3D('',#7066,#5621,#5622);
#5087=AXIS2_PLACEMENT_3D('',#7069,#5624,#5625);
#5088=AXIS2_PLACEMENT_3D('',#7070,#5626,#5627);
#5089=AXIS2_PLACEMENT_3D('',#7072,#5628,#5629);
#5090=AXIS2_PLACEMENT_3D('',#7075,#5631,#5632);
#5091=AXIS2_PLACEMENT_3D('',#7076,#5633,#5634);
#5092=AXIS2_PLACEMENT_3D('',#7078,#5635,#5636);
#5093=AXIS2_PLACEMENT_3D('',#7081,#5638,#5639);
#5094=AXIS2_PLACEMENT_3D('',#7082,#5640,#5641);
#5095=AXIS2_PLACEMENT_3D('',#7084,#5642,#5643);
#5096=AXIS2_PLACEMENT_3D('',#7087,#5645,#5646);
#5097=AXIS2_PLACEMENT_3D('',#7088,#5647,#5648);
#5098=AXIS2_PLACEMENT_3D('',#7090,#5649,#5650);
#5099=AXIS2_PLACEMENT_3D('',#7093,#5652,#5653);
#5100=AXIS2_PLACEMENT_3D('',#7094,#5654,#5655);
#5101=AXIS2_PLACEMENT_3D('',#7096,#5656,#5657);
#5102=AXIS2_PLACEMENT_3D('',#7099,#5659,#5660);
#5103=AXIS2_PLACEMENT_3D('',#7100,#5661,#5662);
#5104=AXIS2_PLACEMENT_3D('',#7102,#5663,#5664);
#5105=AXIS2_PLACEMENT_3D('',#7105,#5666,#5667);
#5106=AXIS2_PLACEMENT_3D('',#7106,#5668,#5669);
#5107=AXIS2_PLACEMENT_3D('',#7108,#5670,#5671);
#5108=AXIS2_PLACEMENT_3D('',#7111,#5673,#5674);
#5109=AXIS2_PLACEMENT_3D('',#7112,#5675,#5676);
#5110=AXIS2_PLACEMENT_3D('',#7114,#5677,#5678);
#5111=AXIS2_PLACEMENT_3D('',#7117,#5680,#5681);
#5112=AXIS2_PLACEMENT_3D('',#7118,#5682,#5683);
#5113=AXIS2_PLACEMENT_3D('',#7120,#5684,#5685);
#5114=AXIS2_PLACEMENT_3D('',#7123,#5687,#5688);
#5115=AXIS2_PLACEMENT_3D('',#7124,#5689,#5690);
#5116=AXIS2_PLACEMENT_3D('',#7126,#5691,#5692);
#5117=AXIS2_PLACEMENT_3D('',#7129,#5694,#5695);
#5118=AXIS2_PLACEMENT_3D('',#7130,#5696,#5697);
#5119=AXIS2_PLACEMENT_3D('',#7132,#5698,#5699);
#5120=AXIS2_PLACEMENT_3D('',#7135,#5701,#5702);
#5121=AXIS2_PLACEMENT_3D('',#7136,#5703,#5704);
#5122=AXIS2_PLACEMENT_3D('',#7138,#5705,#5706);
#5123=AXIS2_PLACEMENT_3D('',#7141,#5708,#5709);
#5124=AXIS2_PLACEMENT_3D('',#7142,#5710,#5711);
#5125=AXIS2_PLACEMENT_3D('',#7144,#5712,#5713);
#5126=AXIS2_PLACEMENT_3D('',#7147,#5715,#5716);
#5127=AXIS2_PLACEMENT_3D('',#7148,#5717,#5718);
#5128=AXIS2_PLACEMENT_3D('',#7150,#5719,#5720);
#5129=AXIS2_PLACEMENT_3D('',#7153,#5722,#5723);
#5130=AXIS2_PLACEMENT_3D('',#7154,#5724,#5725);
#5131=AXIS2_PLACEMENT_3D('',#7156,#5726,#5727);
#5132=AXIS2_PLACEMENT_3D('',#7159,#5729,#5730);
#5133=AXIS2_PLACEMENT_3D('',#7160,#5731,#5732);
#5134=AXIS2_PLACEMENT_3D('',#7162,#5733,#5734);
#5135=AXIS2_PLACEMENT_3D('',#7165,#5736,#5737);
#5136=AXIS2_PLACEMENT_3D('',#7166,#5738,#5739);
#5137=AXIS2_PLACEMENT_3D('',#7168,#5740,#5741);
#5138=AXIS2_PLACEMENT_3D('',#7171,#5743,#5744);
#5139=AXIS2_PLACEMENT_3D('',#7172,#5745,#5746);
#5140=AXIS2_PLACEMENT_3D('',#7174,#5747,#5748);
#5141=AXIS2_PLACEMENT_3D('',#7177,#5750,#5751);
#5142=AXIS2_PLACEMENT_3D('',#7178,#5752,#5753);
#5143=AXIS2_PLACEMENT_3D('',#7180,#5754,#5755);
#5144=AXIS2_PLACEMENT_3D('',#7183,#5757,#5758);
#5145=AXIS2_PLACEMENT_3D('',#7184,#5759,#5760);
#5146=AXIS2_PLACEMENT_3D('',#7186,#5761,#5762);
#5147=AXIS2_PLACEMENT_3D('',#7189,#5764,#5765);
#5148=AXIS2_PLACEMENT_3D('',#7190,#5766,#5767);
#5149=AXIS2_PLACEMENT_3D('',#7192,#5768,#5769);
#5150=AXIS2_PLACEMENT_3D('',#7195,#5771,#5772);
#5151=AXIS2_PLACEMENT_3D('',#7196,#5773,#5774);
#5152=AXIS2_PLACEMENT_3D('',#7198,#5775,#5776);
#5153=AXIS2_PLACEMENT_3D('',#7201,#5778,#5779);
#5154=AXIS2_PLACEMENT_3D('',#7202,#5780,#5781);
#5155=AXIS2_PLACEMENT_3D('',#7204,#5782,#5783);
#5156=AXIS2_PLACEMENT_3D('',#7207,#5785,#5786);
#5157=AXIS2_PLACEMENT_3D('',#7208,#5787,#5788);
#5158=AXIS2_PLACEMENT_3D('',#7210,#5789,#5790);
#5159=AXIS2_PLACEMENT_3D('',#7213,#5792,#5793);
#5160=AXIS2_PLACEMENT_3D('',#7214,#5794,#5795);
#5161=AXIS2_PLACEMENT_3D('',#7216,#5796,#5797);
#5162=AXIS2_PLACEMENT_3D('',#7219,#5799,#5800);
#5163=AXIS2_PLACEMENT_3D('',#7220,#5801,#5802);
#5164=AXIS2_PLACEMENT_3D('',#7222,#5803,#5804);
#5165=AXIS2_PLACEMENT_3D('',#7225,#5806,#5807);
#5166=AXIS2_PLACEMENT_3D('',#7226,#5808,#5809);
#5167=AXIS2_PLACEMENT_3D('',#7228,#5810,#5811);
#5168=AXIS2_PLACEMENT_3D('',#7231,#5813,#5814);
#5169=AXIS2_PLACEMENT_3D('',#7232,#5815,#5816);
#5170=AXIS2_PLACEMENT_3D('',#7234,#5817,#5818);
#5171=AXIS2_PLACEMENT_3D('',#7237,#5820,#5821);
#5172=AXIS2_PLACEMENT_3D('',#7238,#5822,#5823);
#5173=AXIS2_PLACEMENT_3D('',#7240,#5824,#5825);
#5174=AXIS2_PLACEMENT_3D('',#7243,#5827,#5828);
#5175=AXIS2_PLACEMENT_3D('',#7244,#5829,#5830);
#5176=AXIS2_PLACEMENT_3D('',#7246,#5831,#5832);
#5177=AXIS2_PLACEMENT_3D('',#7249,#5834,#5835);
#5178=AXIS2_PLACEMENT_3D('',#7250,#5836,#5837);
#5179=AXIS2_PLACEMENT_3D('',#7252,#5838,#5839);
#5180=AXIS2_PLACEMENT_3D('',#7255,#5841,#5842);
#5181=AXIS2_PLACEMENT_3D('',#7256,#5843,#5844);
#5182=AXIS2_PLACEMENT_3D('',#7258,#5845,#5846);
#5183=AXIS2_PLACEMENT_3D('',#7261,#5848,#5849);
#5184=AXIS2_PLACEMENT_3D('',#7262,#5850,#5851);
#5185=AXIS2_PLACEMENT_3D('',#7264,#5852,#5853);
#5186=AXIS2_PLACEMENT_3D('',#7267,#5855,#5856);
#5187=AXIS2_PLACEMENT_3D('',#7268,#5857,#5858);
#5188=AXIS2_PLACEMENT_3D('',#7270,#5859,#5860);
#5189=AXIS2_PLACEMENT_3D('',#7273,#5862,#5863);
#5190=AXIS2_PLACEMENT_3D('',#7274,#5864,#5865);
#5191=AXIS2_PLACEMENT_3D('',#7276,#5866,#5867);
#5192=AXIS2_PLACEMENT_3D('',#7279,#5869,#5870);
#5193=AXIS2_PLACEMENT_3D('',#7280,#5871,#5872);
#5194=AXIS2_PLACEMENT_3D('',#7282,#5873,#5874);
#5195=AXIS2_PLACEMENT_3D('',#7285,#5876,#5877);
#5196=AXIS2_PLACEMENT_3D('',#7286,#5878,#5879);
#5197=AXIS2_PLACEMENT_3D('',#7288,#5880,#5881);
#5198=AXIS2_PLACEMENT_3D('',#7291,#5883,#5884);
#5199=AXIS2_PLACEMENT_3D('',#7292,#5885,#5886);
#5200=AXIS2_PLACEMENT_3D('',#7294,#5887,#5888);
#5201=AXIS2_PLACEMENT_3D('',#7297,#5890,#5891);
#5202=AXIS2_PLACEMENT_3D('',#7298,#5892,#5893);
#5203=AXIS2_PLACEMENT_3D('',#7300,#5894,#5895);
#5204=AXIS2_PLACEMENT_3D('',#7303,#5897,#5898);
#5205=AXIS2_PLACEMENT_3D('',#7304,#5899,#5900);
#5206=AXIS2_PLACEMENT_3D('',#7306,#5901,#5902);
#5207=AXIS2_PLACEMENT_3D('',#7309,#5904,#5905);
#5208=AXIS2_PLACEMENT_3D('',#7310,#5906,#5907);
#5209=AXIS2_PLACEMENT_3D('',#7312,#5908,#5909);
#5210=AXIS2_PLACEMENT_3D('',#7315,#5911,#5912);
#5211=AXIS2_PLACEMENT_3D('',#7316,#5913,#5914);
#5212=AXIS2_PLACEMENT_3D('',#7318,#5915,#5916);
#5213=AXIS2_PLACEMENT_3D('',#7321,#5918,#5919);
#5214=AXIS2_PLACEMENT_3D('',#7322,#5920,#5921);
#5215=AXIS2_PLACEMENT_3D('',#7324,#5922,#5923);
#5216=AXIS2_PLACEMENT_3D('',#7327,#5925,#5926);
#5217=AXIS2_PLACEMENT_3D('',#7328,#5927,#5928);
#5218=AXIS2_PLACEMENT_3D('',#7330,#5929,#5930);
#5219=AXIS2_PLACEMENT_3D('',#7333,#5932,#5933);
#5220=AXIS2_PLACEMENT_3D('',#7334,#5934,#5935);
#5221=AXIS2_PLACEMENT_3D('',#7336,#5936,#5937);
#5222=AXIS2_PLACEMENT_3D('',#7339,#5939,#5940);
#5223=AXIS2_PLACEMENT_3D('',#7340,#5941,#5942);
#5224=AXIS2_PLACEMENT_3D('',#7342,#5943,#5944);
#5225=AXIS2_PLACEMENT_3D('',#7345,#5946,#5947);
#5226=AXIS2_PLACEMENT_3D('',#7346,#5948,#5949);
#5227=AXIS2_PLACEMENT_3D('',#7348,#5950,#5951);
#5228=AXIS2_PLACEMENT_3D('',#7351,#5953,#5954);
#5229=AXIS2_PLACEMENT_3D('',#7352,#5955,#5956);
#5230=AXIS2_PLACEMENT_3D('',#7354,#5957,#5958);
#5231=AXIS2_PLACEMENT_3D('',#7357,#5960,#5961);
#5232=AXIS2_PLACEMENT_3D('',#7358,#5962,#5963);
#5233=AXIS2_PLACEMENT_3D('',#7360,#5964,#5965);
#5234=AXIS2_PLACEMENT_3D('',#7363,#5967,#5968);
#5235=AXIS2_PLACEMENT_3D('',#7364,#5969,#5970);
#5236=AXIS2_PLACEMENT_3D('',#7366,#5971,#5972);
#5237=AXIS2_PLACEMENT_3D('',#7369,#5974,#5975);
#5238=AXIS2_PLACEMENT_3D('',#7370,#5976,#5977);
#5239=AXIS2_PLACEMENT_3D('',#7372,#5978,#5979);
#5240=AXIS2_PLACEMENT_3D('',#7375,#5981,#5982);
#5241=AXIS2_PLACEMENT_3D('',#7376,#5983,#5984);
#5242=AXIS2_PLACEMENT_3D('',#7378,#5985,#5986);
#5243=AXIS2_PLACEMENT_3D('',#7381,#5988,#5989);
#5244=AXIS2_PLACEMENT_3D('',#7382,#5990,#5991);
#5245=AXIS2_PLACEMENT_3D('',#7384,#5992,#5993);
#5246=AXIS2_PLACEMENT_3D('',#7387,#5995,#5996);
#5247=AXIS2_PLACEMENT_3D('',#7388,#5997,#5998);
#5248=AXIS2_PLACEMENT_3D('',#7390,#5999,#6000);
#5249=AXIS2_PLACEMENT_3D('',#7393,#6002,#6003);
#5250=AXIS2_PLACEMENT_3D('',#7394,#6004,#6005);
#5251=AXIS2_PLACEMENT_3D('',#7396,#6006,#6007);
#5252=AXIS2_PLACEMENT_3D('',#7399,#6009,#6010);
#5253=AXIS2_PLACEMENT_3D('',#7400,#6011,#6012);
#5254=AXIS2_PLACEMENT_3D('',#7402,#6013,#6014);
#5255=AXIS2_PLACEMENT_3D('',#7405,#6016,#6017);
#5256=AXIS2_PLACEMENT_3D('',#7406,#6018,#6019);
#5257=AXIS2_PLACEMENT_3D('',#7408,#6020,#6021);
#5258=AXIS2_PLACEMENT_3D('',#7411,#6023,#6024);
#5259=AXIS2_PLACEMENT_3D('',#7412,#6025,#6026);
#5260=AXIS2_PLACEMENT_3D('',#7414,#6027,#6028);
#5261=AXIS2_PLACEMENT_3D('',#7417,#6030,#6031);
#5262=AXIS2_PLACEMENT_3D('',#7418,#6032,#6033);
#5263=AXIS2_PLACEMENT_3D('',#7420,#6034,#6035);
#5264=AXIS2_PLACEMENT_3D('',#7423,#6037,#6038);
#5265=AXIS2_PLACEMENT_3D('',#7424,#6039,#6040);
#5266=AXIS2_PLACEMENT_3D('',#7426,#6041,#6042);
#5267=AXIS2_PLACEMENT_3D('',#7429,#6044,#6045);
#5268=AXIS2_PLACEMENT_3D('',#7430,#6046,#6047);
#5269=AXIS2_PLACEMENT_3D('',#7432,#6048,#6049);
#5270=AXIS2_PLACEMENT_3D('',#7435,#6051,#6052);
#5271=AXIS2_PLACEMENT_3D('',#7436,#6053,#6054);
#5272=AXIS2_PLACEMENT_3D('',#7438,#6055,#6056);
#5273=AXIS2_PLACEMENT_3D('',#7441,#6058,#6059);
#5274=AXIS2_PLACEMENT_3D('',#7442,#6060,#6061);
#5275=AXIS2_PLACEMENT_3D('',#7444,#6062,#6063);
#5276=AXIS2_PLACEMENT_3D('',#7447,#6065,#6066);
#5277=AXIS2_PLACEMENT_3D('',#7448,#6067,#6068);
#5278=AXIS2_PLACEMENT_3D('',#7451,#6069,#6070);
#5279=AXIS2_PLACEMENT_3D('',#7452,#6071,#6072);
#5280=AXIS2_PLACEMENT_3D('',#7455,#6074,#6075);
#5281=AXIS2_PLACEMENT_3D('',#7456,#6076,#6077);
#5282=AXIS2_PLACEMENT_3D('',#7459,#6079,#6080);
#5283=AXIS2_PLACEMENT_3D('',#7460,#6081,#6082);
#5284=AXIS2_PLACEMENT_3D('',#7463,#6083,#6084);
#5285=AXIS2_PLACEMENT_3D('',#7464,#6085,#6086);
#5286=AXIS2_PLACEMENT_3D('',#7467,#6088,#6089);
#5287=AXIS2_PLACEMENT_3D('',#7468,#6090,#6091);
#5288=AXIS2_PLACEMENT_3D('',#7471,#6093,#6094);
#5289=AXIS2_PLACEMENT_3D('',#7472,#6095,#6096);
#5290=AXIS2_PLACEMENT_3D('',#7475,#6097,#6098);
#5291=AXIS2_PLACEMENT_3D('',#7476,#6099,#6100);
#5292=AXIS2_PLACEMENT_3D('',#7479,#6102,#6103);
#5293=AXIS2_PLACEMENT_3D('',#7480,#6104,#6105);
#5294=AXIS2_PLACEMENT_3D('',#7483,#6107,#6108);
#5295=AXIS2_PLACEMENT_3D('',#7484,#6109,#6110);
#5296=AXIS2_PLACEMENT_3D('',#7487,#6111,#6112);
#5297=AXIS2_PLACEMENT_3D('',#7488,#6113,#6114);
#5298=AXIS2_PLACEMENT_3D('',#7491,#6116,#6117);
#5299=AXIS2_PLACEMENT_3D('',#7492,#6118,#6119);
#5300=AXIS2_PLACEMENT_3D('',#7495,#6121,#6122);
#5301=AXIS2_PLACEMENT_3D('',#7496,#6123,#6124);
#5302=AXIS2_PLACEMENT_3D('',#7499,#6125,#6126);
#5303=AXIS2_PLACEMENT_3D('',#7500,#6127,#6128);
#5304=AXIS2_PLACEMENT_3D('',#7503,#6130,#6131);
#5305=AXIS2_PLACEMENT_3D('',#7504,#6132,#6133);
#5306=AXIS2_PLACEMENT_3D('',#7507,#6135,#6136);
#5307=AXIS2_PLACEMENT_3D('',#7508,#6137,#6138);
#5308=AXIS2_PLACEMENT_3D('',#7511,#6139,#6140);
#5309=AXIS2_PLACEMENT_3D('',#7512,#6141,#6142);
#5310=AXIS2_PLACEMENT_3D('',#7515,#6144,#6145);
#5311=AXIS2_PLACEMENT_3D('',#7516,#6146,#6147);
#5312=AXIS2_PLACEMENT_3D('',#7519,#6149,#6150);
#5313=AXIS2_PLACEMENT_3D('',#7520,#6151,#6152);
#5314=AXIS2_PLACEMENT_3D('',#7523,#6153,#6154);
#5315=AXIS2_PLACEMENT_3D('',#7524,#6155,#6156);
#5316=AXIS2_PLACEMENT_3D('',#7527,#6158,#6159);
#5317=AXIS2_PLACEMENT_3D('',#7528,#6160,#6161);
#5318=AXIS2_PLACEMENT_3D('',#7531,#6163,#6164);
#5319=AXIS2_PLACEMENT_3D('',#7532,#6165,#6166);
#5320=AXIS2_PLACEMENT_3D('',#7535,#6167,#6168);
#5321=AXIS2_PLACEMENT_3D('',#7536,#6169,#6170);
#5322=AXIS2_PLACEMENT_3D('',#7539,#6172,#6173);
#5323=AXIS2_PLACEMENT_3D('',#7540,#6174,#6175);
#5324=AXIS2_PLACEMENT_3D('',#7543,#6177,#6178);
#5325=AXIS2_PLACEMENT_3D('',#7544,#6179,#6180);
#5326=AXIS2_PLACEMENT_3D('',#7547,#6181,#6182);
#5327=AXIS2_PLACEMENT_3D('',#7548,#6183,#6184);
#5328=AXIS2_PLACEMENT_3D('',#7551,#6186,#6187);
#5329=AXIS2_PLACEMENT_3D('',#7552,#6188,#6189);
#5330=AXIS2_PLACEMENT_3D('',#7555,#6191,#6192);
#5331=AXIS2_PLACEMENT_3D('',#7556,#6193,#6194);
#5332=AXIS2_PLACEMENT_3D('',#7559,#6195,#6196);
#5333=AXIS2_PLACEMENT_3D('',#7560,#6197,#6198);
#5334=AXIS2_PLACEMENT_3D('',#7563,#6200,#6201);
#5335=AXIS2_PLACEMENT_3D('',#7564,#6202,#6203);
#5336=AXIS2_PLACEMENT_3D('',#7567,#6205,#6206);
#5337=AXIS2_PLACEMENT_3D('',#7568,#6207,#6208);
#5338=AXIS2_PLACEMENT_3D('',#7571,#6209,#6210);
#5339=AXIS2_PLACEMENT_3D('',#7572,#6211,#6212);
#5340=AXIS2_PLACEMENT_3D('',#7575,#6214,#6215);
#5341=AXIS2_PLACEMENT_3D('',#7576,#6216,#6217);
#5342=AXIS2_PLACEMENT_3D('',#7579,#6219,#6220);
#5343=AXIS2_PLACEMENT_3D('',#7580,#6221,#6222);
#5344=AXIS2_PLACEMENT_3D('',#7583,#6223,#6224);
#5345=AXIS2_PLACEMENT_3D('',#7584,#6225,#6226);
#5346=AXIS2_PLACEMENT_3D('',#7587,#6228,#6229);
#5347=AXIS2_PLACEMENT_3D('',#7588,#6230,#6231);
#5348=AXIS2_PLACEMENT_3D('',#7591,#6233,#6234);
#5349=AXIS2_PLACEMENT_3D('',#7592,#6235,#6236);
#5350=AXIS2_PLACEMENT_3D('',#7595,#6237,#6238);
#5351=AXIS2_PLACEMENT_3D('',#7596,#6239,#6240);
#5352=AXIS2_PLACEMENT_3D('',#7599,#6242,#6243);
#5353=AXIS2_PLACEMENT_3D('',#7600,#6244,#6245);
#5354=AXIS2_PLACEMENT_3D('',#7603,#6247,#6248);
#5355=AXIS2_PLACEMENT_3D('',#7604,#6249,#6250);
#5356=AXIS2_PLACEMENT_3D('',#7607,#6251,#6252);
#5357=AXIS2_PLACEMENT_3D('',#7608,#6253,#6254);
#5358=AXIS2_PLACEMENT_3D('',#7611,#6256,#6257);
#5359=AXIS2_PLACEMENT_3D('',#7612,#6258,#6259);
#5360=AXIS2_PLACEMENT_3D('',#7615,#6261,#6262);
#5361=AXIS2_PLACEMENT_3D('',#7616,#6263,#6264);
#5362=AXIS2_PLACEMENT_3D('',#7619,#6265,#6266);
#5363=AXIS2_PLACEMENT_3D('',#7620,#6267,#6268);
#5364=AXIS2_PLACEMENT_3D('',#7623,#6270,#6271);
#5365=AXIS2_PLACEMENT_3D('',#7624,#6272,#6273);
#5366=AXIS2_PLACEMENT_3D('',#7627,#6275,#6276);
#5367=AXIS2_PLACEMENT_3D('',#7628,#6277,#6278);
#5368=AXIS2_PLACEMENT_3D('',#7631,#6279,#6280);
#5369=AXIS2_PLACEMENT_3D('',#7632,#6281,#6282);
#5370=AXIS2_PLACEMENT_3D('',#7635,#6284,#6285);
#5371=AXIS2_PLACEMENT_3D('',#7636,#6286,#6287);
#5372=AXIS2_PLACEMENT_3D('',#7639,#6289,#6290);
#5373=AXIS2_PLACEMENT_3D('',#7640,#6291,#6292);
#5374=AXIS2_PLACEMENT_3D('',#7645,#6294,#6295);
#5375=AXIS2_PLACEMENT_3D('',#7661,#6303,#6304);
#5376=AXIS2_PLACEMENT_3D('',#7669,#6308,#6309);
#5377=AXIS2_PLACEMENT_3D('',#7685,#6317,#6318);
#5378=AXIS2_PLACEMENT_3D('',#7691,#6321,#6322);
#5379=AXIS2_PLACEMENT_3D('',#7695,#6324,#6325);
#5380=AXIS2_PLACEMENT_3D('',#7699,#6327,#6328);
#5381=AXIS2_PLACEMENT_3D('',#7703,#6330,#6331);
#5382=AXIS2_PLACEMENT_3D('',#7707,#6333,#6334);
#5383=AXIS2_PLACEMENT_3D('',#7711,#6336,#6337);
#5384=AXIS2_PLACEMENT_3D('',#7715,#6339,#6340);
#5385=AXIS2_PLACEMENT_3D('',#7719,#6342,#6343);
#5386=AXIS2_PLACEMENT_3D('',#7723,#6345,#6346);
#5387=AXIS2_PLACEMENT_3D('',#7727,#6348,#6349);
#5388=AXIS2_PLACEMENT_3D('',#7731,#6351,#6352);
#5389=AXIS2_PLACEMENT_3D('',#7735,#6354,#6355);
#5390=AXIS2_PLACEMENT_3D('',#7741,#6358,#6359);
#5391=AXIS2_PLACEMENT_3D('',#7745,#6361,#6362);
#5392=AXIS2_PLACEMENT_3D('',#7749,#6364,#6365);
#5393=AXIS2_PLACEMENT_3D('',#7752,#6367,#6368);
#5394=AXIS2_PLACEMENT_3D('',#7753,#6369,#6370);
#5395=AXIS2_PLACEMENT_3D('',#7756,#6371,#6372);
#5396=AXIS2_PLACEMENT_3D('',#7764,#6376,#6377);
#5397=AXIS2_PLACEMENT_3D('',#7780,#6385,#6386);
#5398=AXIS2_PLACEMENT_3D('',#7788,#6390,#6391);
#5399=AXIS2_PLACEMENT_3D('',#7804,#6399,#6400);
#5400=AXIS2_PLACEMENT_3D('',#7808,#6402,#6403);
#5401=AXIS2_PLACEMENT_3D('',#7812,#6405,#6406);
#5402=AXIS2_PLACEMENT_3D('',#7816,#6408,#6409);
#5403=AXIS2_PLACEMENT_3D('',#7822,#6412,#6413);
#5404=AXIS2_PLACEMENT_3D('',#7826,#6415,#6416);
#5405=AXIS2_PLACEMENT_3D('',#7830,#6418,#6419);
#5406=AXIS2_PLACEMENT_3D('',#7833,#6421,#6422);
#5407=AXIS2_PLACEMENT_3D('',#7838,#6424,#6425);
#5408=AXIS2_PLACEMENT_3D('',#7842,#6427,#6428);
#5409=AXIS2_PLACEMENT_3D('',#7846,#6430,#6431);
#5410=AXIS2_PLACEMENT_3D('',#7849,#6433,#6434);
#5411=AXIS2_PLACEMENT_3D('',#7854,#6436,#6437);
#5412=AXIS2_PLACEMENT_3D('',#7858,#6439,#6440);
#5413=AXIS2_PLACEMENT_3D('',#7862,#6442,#6443);
#5414=AXIS2_PLACEMENT_3D('',#7865,#6445,#6446);
#5415=AXIS2_PLACEMENT_3D('',#7866,#6447,#6448);
#5416=AXIS2_PLACEMENT_3D('',#7869,#6451,#6452);
#5417=AXIS2_PLACEMENT_3D('',#7878,#6457,#6458);
#5418=AXIS2_PLACEMENT_3D('',#7887,#6463,#6464);
#5419=AXIS2_PLACEMENT_3D('',#7890,#6467,#6468);
#5420=AXIS2_PLACEMENT_3D('',#7893,#6471,#6472);
#5421=AXIS2_PLACEMENT_3D('',#7902,#6477,#6478);
#5422=AXIS2_PLACEMENT_3D('',#7911,#6483,#6484);
#5423=AXIS2_PLACEMENT_3D('',#7914,#6487,#6488);
#5424=AXIS2_PLACEMENT_3D('',#7917,#6491,#6492);
#5425=AXIS2_PLACEMENT_3D('',#7926,#6497,#6498);
#5426=AXIS2_PLACEMENT_3D('',#7935,#6503,#6504);
#5427=AXIS2_PLACEMENT_3D('',#7938,#6507,#6508);
#5428=AXIS2_PLACEMENT_3D('',#7941,#6511,#6512);
#5429=AXIS2_PLACEMENT_3D('',#7950,#6517,#6518);
#5430=AXIS2_PLACEMENT_3D('',#7959,#6523,#6524);
#5431=AXIS2_PLACEMENT_3D('',#7962,#6527,#6528);
#5432=AXIS2_PLACEMENT_3D('',#7963,#6529,#6530);
#5433=AXIS2_PLACEMENT_3D('',#7964,#6531,#6532);
#5434=AXIS2_PLACEMENT_3D('',#7966,#6534,#6535);
#5435=AXIS2_PLACEMENT_3D('',#7967,#6536,#6537);
#5436=AXIS2_PLACEMENT_3D('',#8022,#6539,#6540);
#5437=AXIS2_PLACEMENT_3D('',#8023,#6541,#6542);
#5438=AXIS2_PLACEMENT_3D('',#8025,#6544,#6545);
#5439=AXIS2_PLACEMENT_3D('',#8026,#6546,#6547);
#5440=AXIS2_PLACEMENT_3D('',#8027,#6548,#6549);
#5441=AXIS2_PLACEMENT_3D('',#8076,#6551,#6552);
#5442=AXIS2_PLACEMENT_3D('',#8078,#6554,#6555);
#5443=AXIS2_PLACEMENT_3D('',#8082,#6558,#6559);
#5444=AXIS2_PLACEMENT_3D('',#8084,#6561,#6562);
#5445=AXIS2_PLACEMENT_3D('',#8088,#6565,#6566);
#5446=AXIS2_PLACEMENT_3D('',#8089,#6567,#6568);
#5447=AXIS2_PLACEMENT_3D('',#8091,#6570,#6571);
#5448=AXIS2_PLACEMENT_3D('',#8092,#6572,#6573);
#5449=AXIS2_PLACEMENT_3D('',#8093,#6574,#6575);
#5450=AXIS2_PLACEMENT_3D('',#8095,#6577,#6578);
#5451=AXIS2_PLACEMENT_3D('',#8096,#6579,#6580);
#5452=AXIS2_PLACEMENT_3D('',#8151,#6582,#6583);
#5453=AXIS2_PLACEMENT_3D('',#8152,#6584,#6585);
#5454=AXIS2_PLACEMENT_3D('',#8154,#6587,#6588);
#5455=AXIS2_PLACEMENT_3D('',#8155,#6589,#6590);
#5456=AXIS2_PLACEMENT_3D('',#8156,#6591,#6592);
#5457=AXIS2_PLACEMENT_3D('',#8205,#6594,#6595);
#5458=AXIS2_PLACEMENT_3D('',#8207,#6597,#6598);
#5459=AXIS2_PLACEMENT_3D('',#8211,#6601,#6602);
#5460=AXIS2_PLACEMENT_3D('',#8213,#6604,#6605);
#5461=AXIS2_PLACEMENT_3D('',#8217,#6608,#6609);
#5462=AXIS2_PLACEMENT_3D('',#8218,#6610,#6611);
#5463=AXIS2_PLACEMENT_3D('',#8504,#6617,#6618);
#5464=AXIS2_PLACEMENT_3D('',#8506,#6620,#6621);
#5465=AXIS2_PLACEMENT_3D('',#8508,#6623,#6624);
#5466=AXIS2_PLACEMENT_3D('',#8514,#6628,#6629);
#5467=AXIS2_PLACEMENT_3D('',#8518,#6632,#6633);
#5468=AXIS2_PLACEMENT_3D('',#8522,#6636,#6637);
#5469=AXIS2_PLACEMENT_3D('',#8524,#6639,#6640);
#5470=AXIS2_PLACEMENT_3D('',#8809,#6645,#6646);
#5471=AXIS2_PLACEMENT_3D('',#8811,#6648,#6649);
#5472=AXIS2_PLACEMENT_3D('',#8813,#6651,#6652);
#5473=AXIS2_PLACEMENT_3D('',#8819,#6656,#6657);
#5474=AXIS2_PLACEMENT_3D('',#8823,#6660,#6661);
#5475=AXIS2_PLACEMENT_3D('',#8827,#6664,#6665);
#5476=AXIS2_PLACEMENT_3D('',#8829,#6667,#6668);
#5477=AXIS2_PLACEMENT_3D('',#9014,#6673,#6674);
#5478=AXIS2_PLACEMENT_3D('',#9015,#6675,#6676);
#5479=AXIS2_PLACEMENT_3D('',#9017,#6678,#6679);
#5480=AXIS2_PLACEMENT_3D('',#9019,#6681,#6682);
#5481=AXIS2_PLACEMENT_3D('',#9020,#6683,#6684);
#5482=AXIS2_PLACEMENT_3D('',#9026,#6688,#6689);
#5483=AXIS2_PLACEMENT_3D('',#9028,#6691,#6692);
#5484=AXIS2_PLACEMENT_3D('',#9030,#6694,#6695);
#5485=AXIS2_PLACEMENT_3D('',#9031,#6696,#6697);
#5486=AXIS2_PLACEMENT_3D('',#9216,#6702,#6703);
#5487=AXIS2_PLACEMENT_3D('',#9217,#6704,#6705);
#5488=AXIS2_PLACEMENT_3D('',#9219,#6707,#6708);
#5489=AXIS2_PLACEMENT_3D('',#9221,#6710,#6711);
#5490=AXIS2_PLACEMENT_3D('',#9222,#6712,#6713);
#5491=AXIS2_PLACEMENT_3D('',#9228,#6717,#6718);
#5492=AXIS2_PLACEMENT_3D('',#9230,#6720,#6721);
#5493=AXIS2_PLACEMENT_3D('',#9232,#6723,#6724);
#5494=AXIS2_PLACEMENT_3D('',#9233,#6725,#6726);
#5495=AXIS2_PLACEMENT_3D('',#9516,#6729,#6730);
#5496=AXIS2_PLACEMENT_3D('',#9518,#6732,#6733);
#5497=AXIS2_PLACEMENT_3D('',#9520,#6735,#6736);
#5498=AXIS2_PLACEMENT_3D('',#9526,#6740,#6741);
#5499=AXIS2_PLACEMENT_3D('',#9530,#6744,#6745);
#5500=AXIS2_PLACEMENT_3D('',#9534,#6748,#6749);
#5501=AXIS2_PLACEMENT_3D('',#9536,#6751,#6752);
#5502=AXIS2_PLACEMENT_3D('',#9819,#6755,#6756);
#5503=AXIS2_PLACEMENT_3D('',#9821,#6758,#6759);
#5504=AXIS2_PLACEMENT_3D('',#9823,#6761,#6762);
#5505=AXIS2_PLACEMENT_3D('',#9829,#6766,#6767);
#5506=AXIS2_PLACEMENT_3D('',#9833,#6770,#6771);
#5507=AXIS2_PLACEMENT_3D('',#9837,#6774,#6775);
#5508=AXIS2_PLACEMENT_3D('',#9839,#6777,#6778);
#5509=AXIS2_PLACEMENT_3D('',#10122,#6781,#6782);
#5510=AXIS2_PLACEMENT_3D('',#10124,#6784,#6785);
#5511=AXIS2_PLACEMENT_3D('',#10126,#6787,#6788);
#5512=AXIS2_PLACEMENT_3D('',#10132,#6792,#6793);
#5513=AXIS2_PLACEMENT_3D('',#10136,#6796,#6797);
#5514=AXIS2_PLACEMENT_3D('',#10140,#6800,#6801);
#5515=AXIS2_PLACEMENT_3D('',#10142,#6803,#6804);
#5516=AXIS2_PLACEMENT_3D('',#10425,#6807,#6808);
#5517=AXIS2_PLACEMENT_3D('',#10427,#6810,#6811);
#5518=AXIS2_PLACEMENT_3D('',#10429,#6813,#6814);
#5519=AXIS2_PLACEMENT_3D('',#10435,#6818,#6819);
#5520=AXIS2_PLACEMENT_3D('',#10439,#6822,#6823);
#5521=AXIS2_PLACEMENT_3D('',#10443,#6826,#6827);
#5522=AXIS2_PLACEMENT_3D('',#10445,#6829,#6830);
#5523=AXIS2_PLACEMENT_3D('',#10446,#6831,#6832);
#5524=AXIS2_PLACEMENT_3D('',#10449,#6835,#6836);
#5525=AXIS2_PLACEMENT_3D('',#10451,#6838,#6839);
#5526=AXIS2_PLACEMENT_3D('',#10453,#6841,#6842);
#5527=AXIS2_PLACEMENT_3D('',#10455,#6844,#6845);
#5528=AXIS2_PLACEMENT_3D('',#10457,#6847,#6848);
#5529=AXIS2_PLACEMENT_3D('',#10459,#6850,#6851);
#5530=AXIS2_PLACEMENT_3D('',#10461,#6853,#6854);
#5531=AXIS2_PLACEMENT_3D('',#10462,#6855,#6856);
#5532=AXIS2_PLACEMENT_3D('',#10465,#6859,#6860);
#5533=AXIS2_PLACEMENT_3D('',#10467,#6862,#6863);
#5534=AXIS2_PLACEMENT_3D('',#10469,#6865,#6866);
#5535=AXIS2_PLACEMENT_3D('',#10471,#6868,#6869);
#5536=AXIS2_PLACEMENT_3D('',#10473,#6871,#6872);
#5537=AXIS2_PLACEMENT_3D('',#10475,#6874,#6875);
#5538=AXIS2_PLACEMENT_3D('',#10477,#6877,#6878);
#5539=AXIS2_PLACEMENT_3D('',#10478,#6879,#6880);
#5540=AXIS2_PLACEMENT_3D('',#10479,#6881,#6882);
#5541=AXIS2_PLACEMENT_3D('',#10480,#6883,#6884);
#5542=AXIS2_PLACEMENT_3D('',#10481,#6885,#6886);
#5543=AXIS2_PLACEMENT_3D('',#10482,#6887,#6888);
#5544=AXIS2_PLACEMENT_3D('',#10483,#6889,#6890);
#5545=AXIS2_PLACEMENT_3D('',#10484,#6891,#6892);
#5546=AXIS2_PLACEMENT_3D('',#10485,#6893,#6894);
#5547=AXIS2_PLACEMENT_3D('',#10486,#6895,#6896);
#5548=AXIS2_PLACEMENT_3D('',#10487,#6897,#6898);
#5549=AXIS2_PLACEMENT_3D('',#10488,#6899,#6900);
#5550=AXIS2_PLACEMENT_3D('',#10489,#6901,#6902);
#5551=AXIS2_PLACEMENT_3D('',#10490,#6903,#6904);
#5552=AXIS2_PLACEMENT_3D('',#10493,#6907,#6908);
#5553=AXIS2_PLACEMENT_3D('',#10495,#6910,#6911);
#5554=AXIS2_PLACEMENT_3D('',#10497,#6913,#6914);
#5555=AXIS2_PLACEMENT_3D('',#10499,#6916,#6917);
#5556=AXIS2_PLACEMENT_3D('',#10501,#6919,#6920);
#5557=AXIS2_PLACEMENT_3D('',#10503,#6922,#6923);
#5558=AXIS2_PLACEMENT_3D('',#10505,#6925,#6926);
#5559=AXIS2_PLACEMENT_3D('',#10508,#6929,#6930);
#5560=AXIS2_PLACEMENT_3D('',#10511,#6933,#6934);
#5561=AXIS2_PLACEMENT_3D('',#10513,#6936,#6937);
#5562=AXIS2_PLACEMENT_3D('',#10515,#6939,#6940);
#5563=AXIS2_PLACEMENT_3D('',#10517,#6942,#6943);
#5564=AXIS2_PLACEMENT_3D('',#10519,#6945,#6946);
#5565=AXIS2_PLACEMENT_3D('',#10520,#6947,#6948);
#5566=AXIS2_PLACEMENT_3D('',#10522,#6949,#6950);
#5567=AXIS2_PLACEMENT_3D('',#10525,#6952,#6953);
#5568=AXIS2_PLACEMENT_3D('',#10526,#6954,#6955);
#5569=AXIS2_PLACEMENT_3D('',#10530,#6957,#6958);
#5570=AXIS2_PLACEMENT_3D('',#10531,#6959,#6960);
#5571=AXIS2_PLACEMENT_3D('',#10532,#6961,#6962);
#5572=AXIS2_PLACEMENT_3D('',#10534,#6964,#6965);
#5573=AXIS2_PLACEMENT_3D('',#10536,#6967,#6968);
#5574=AXIS2_PLACEMENT_3D('',#10539,#6969,#6970);
#5575=AXIS2_PLACEMENT_3D('',#10543,#6972,#6973);
#5576=AXIS2_PLACEMENT_3D('',#10545,#6975,#6976);
#5577=AXIS2_PLACEMENT_3D('',#10551,#6980,#6981);
#5578=AXIS2_PLACEMENT_3D('',#10553,#6982,#6983);
#5579=AXIS2_PLACEMENT_3D('',#10556,#6985,#6986);
#5580=AXIS2_PLACEMENT_3D('',#10557,#6987,#6988);
#5581=AXIS2_PLACEMENT_3D('',#10560,#6991,#6992);
#5582=AXIS2_PLACEMENT_3D('',#10562,#6994,#6995);
#5583=AXIS2_PLACEMENT_3D('',#10564,#6997,#6998);
#5584=AXIS2_PLACEMENT_3D('',#10565,#6999,#7000);
#5585=AXIS2_PLACEMENT_3D('',#10569,#7002,#7003);
#5586=AXIS2_PLACEMENT_3D('',#10570,#7004,#7005);
#5587=AXIS2_PLACEMENT_3D('',#10571,#7006,#7007);
#5588=AXIS2_PLACEMENT_3D('',#10573,#7008,#7009);
#5589=AXIS2_PLACEMENT_3D('',#10576,#7011,#7012);
#5590=AXIS2_PLACEMENT_3D('',#10577,#7013,#7014);
#5591=AXIS2_PLACEMENT_3D('',#10579,#7016,#7017);
#5592=AXIS2_PLACEMENT_3D('',#10581,#7019,#7020);
#5593=AXIS2_PLACEMENT_3D('',#10584,#7021,#7022);
#5594=AXIS2_PLACEMENT_3D('',#10588,#7024,#7025);
#5595=AXIS2_PLACEMENT_3D('',#10590,#7027,#7028);
#5596=AXIS2_PLACEMENT_3D('',#10596,#7032,#7033);
#5597=AXIS2_PLACEMENT_3D('',#10598,#7034,#7035);
#5598=AXIS2_PLACEMENT_3D('',#10601,#7037,#7038);
#5599=AXIS2_PLACEMENT_3D('',#10602,#7039,#7040);
#5600=AXIS2_PLACEMENT_3D('',#10605,#7043,#7044);
#5601=AXIS2_PLACEMENT_3D('',#10607,#7046,#7047);
#5602=AXIS2_PLACEMENT_3D('',#10609,#7049,#7050);
#5603=DIRECTION('axis',(0.,0.,1.));
#5604=DIRECTION('refdir',(1.,0.,0.));
#5605=DIRECTION('center_axis',(0.,-1.,0.));
#5606=DIRECTION('ref_axis',(0.,0.,-1.));
#5607=DIRECTION('center_axis',(0.,-1.,0.));
#5608=DIRECTION('ref_axis',(0.,0.,-1.));
#5609=DIRECTION('',(0.,-1.,0.));
#5610=DIRECTION('center_axis',(0.,-1.,0.));
#5611=DIRECTION('ref_axis',(0.,0.,-1.));
#5612=DIRECTION('center_axis',(0.,-1.,0.));
#5613=DIRECTION('ref_axis',(0.,0.,-1.));
#5614=DIRECTION('center_axis',(0.,-1.,0.));
#5615=DIRECTION('ref_axis',(0.,0.,-1.));
#5616=DIRECTION('',(0.,-1.,0.));
#5617=DIRECTION('center_axis',(0.,-1.,0.));
#5618=DIRECTION('ref_axis',(0.,0.,-1.));
#5619=DIRECTION('center_axis',(0.,-1.,0.));
#5620=DIRECTION('ref_axis',(0.,0.,-1.));
#5621=DIRECTION('center_axis',(0.,-1.,0.));
#5622=DIRECTION('ref_axis',(0.,0.,-1.));
#5623=DIRECTION('',(0.,-1.,0.));
#5624=DIRECTION('center_axis',(0.,-1.,0.));
#5625=DIRECTION('ref_axis',(0.,0.,-1.));
#5626=DIRECTION('center_axis',(0.,-1.,0.));
#5627=DIRECTION('ref_axis',(0.,0.,-1.));
#5628=DIRECTION('center_axis',(0.,-1.,0.));
#5629=DIRECTION('ref_axis',(0.,0.,-1.));
#5630=DIRECTION('',(0.,-1.,0.));
#5631=DIRECTION('center_axis',(0.,-1.,0.));
#5632=DIRECTION('ref_axis',(0.,0.,-1.));
#5633=DIRECTION('center_axis',(0.,-1.,0.));
#5634=DIRECTION('ref_axis',(0.,0.,-1.));
#5635=DIRECTION('center_axis',(0.,-1.,0.));
#5636=DIRECTION('ref_axis',(0.,0.,-1.));
#5637=DIRECTION('',(0.,-1.,0.));
#5638=DIRECTION('center_axis',(0.,-1.,0.));
#5639=DIRECTION('ref_axis',(0.,0.,-1.));
#5640=DIRECTION('center_axis',(0.,-1.,0.));
#5641=DIRECTION('ref_axis',(0.,0.,-1.));
#5642=DIRECTION('center_axis',(0.,-1.,0.));
#5643=DIRECTION('ref_axis',(0.,0.,-1.));
#5644=DIRECTION('',(0.,-1.,0.));
#5645=DIRECTION('center_axis',(0.,-1.,0.));
#5646=DIRECTION('ref_axis',(0.,0.,-1.));
#5647=DIRECTION('center_axis',(0.,-1.,0.));
#5648=DIRECTION('ref_axis',(0.,0.,-1.));
#5649=DIRECTION('center_axis',(0.,-1.,0.));
#5650=DIRECTION('ref_axis',(0.,0.,-1.));
#5651=DIRECTION('',(0.,-1.,0.));
#5652=DIRECTION('center_axis',(0.,-1.,0.));
#5653=DIRECTION('ref_axis',(0.,0.,-1.));
#5654=DIRECTION('center_axis',(0.,-1.,0.));
#5655=DIRECTION('ref_axis',(0.,0.,-1.));
#5656=DIRECTION('center_axis',(0.,-1.,0.));
#5657=DIRECTION('ref_axis',(0.,0.,-1.));
#5658=DIRECTION('',(0.,-1.,0.));
#5659=DIRECTION('center_axis',(0.,-1.,0.));
#5660=DIRECTION('ref_axis',(0.,0.,-1.));
#5661=DIRECTION('center_axis',(0.,-1.,0.));
#5662=DIRECTION('ref_axis',(0.,0.,-1.));
#5663=DIRECTION('center_axis',(0.,-1.,0.));
#5664=DIRECTION('ref_axis',(0.,0.,-1.));
#5665=DIRECTION('',(0.,-1.,0.));
#5666=DIRECTION('center_axis',(0.,-1.,0.));
#5667=DIRECTION('ref_axis',(0.,0.,-1.));
#5668=DIRECTION('center_axis',(0.,-1.,0.));
#5669=DIRECTION('ref_axis',(0.,0.,-1.));
#5670=DIRECTION('center_axis',(0.,-1.,0.));
#5671=DIRECTION('ref_axis',(0.,0.,-1.));
#5672=DIRECTION('',(0.,-1.,0.));
#5673=DIRECTION('center_axis',(0.,-1.,0.));
#5674=DIRECTION('ref_axis',(0.,0.,-1.));
#5675=DIRECTION('center_axis',(0.,-1.,0.));
#5676=DIRECTION('ref_axis',(0.,0.,-1.));
#5677=DIRECTION('center_axis',(0.,-1.,0.));
#5678=DIRECTION('ref_axis',(0.,0.,-1.));
#5679=DIRECTION('',(0.,-1.,0.));
#5680=DIRECTION('center_axis',(0.,-1.,0.));
#5681=DIRECTION('ref_axis',(0.,0.,-1.));
#5682=DIRECTION('center_axis',(0.,-1.,0.));
#5683=DIRECTION('ref_axis',(0.,0.,-1.));
#5684=DIRECTION('center_axis',(0.,-1.,0.));
#5685=DIRECTION('ref_axis',(0.,0.,-1.));
#5686=DIRECTION('',(0.,-1.,0.));
#5687=DIRECTION('center_axis',(0.,-1.,0.));
#5688=DIRECTION('ref_axis',(0.,0.,-1.));
#5689=DIRECTION('center_axis',(0.,-1.,0.));
#5690=DIRECTION('ref_axis',(0.,0.,-1.));
#5691=DIRECTION('center_axis',(0.,-1.,0.));
#5692=DIRECTION('ref_axis',(0.,0.,-1.));
#5693=DIRECTION('',(0.,-1.,0.));
#5694=DIRECTION('center_axis',(0.,-1.,0.));
#5695=DIRECTION('ref_axis',(0.,0.,-1.));
#5696=DIRECTION('center_axis',(0.,-1.,0.));
#5697=DIRECTION('ref_axis',(0.,0.,-1.));
#5698=DIRECTION('center_axis',(0.,-1.,0.));
#5699=DIRECTION('ref_axis',(0.,0.,-1.));
#5700=DIRECTION('',(0.,-1.,0.));
#5701=DIRECTION('center_axis',(0.,-1.,0.));
#5702=DIRECTION('ref_axis',(0.,0.,-1.));
#5703=DIRECTION('center_axis',(0.,-1.,0.));
#5704=DIRECTION('ref_axis',(0.,0.,-1.));
#5705=DIRECTION('center_axis',(0.,-1.,0.));
#5706=DIRECTION('ref_axis',(0.,0.,-1.));
#5707=DIRECTION('',(0.,-1.,0.));
#5708=DIRECTION('center_axis',(0.,-1.,0.));
#5709=DIRECTION('ref_axis',(0.,0.,-1.));
#5710=DIRECTION('center_axis',(0.,-1.,0.));
#5711=DIRECTION('ref_axis',(0.,0.,-1.));
#5712=DIRECTION('center_axis',(0.,-1.,0.));
#5713=DIRECTION('ref_axis',(0.,0.,-1.));
#5714=DIRECTION('',(0.,-1.,0.));
#5715=DIRECTION('center_axis',(0.,-1.,0.));
#5716=DIRECTION('ref_axis',(0.,0.,-1.));
#5717=DIRECTION('center_axis',(0.,-1.,0.));
#5718=DIRECTION('ref_axis',(0.,0.,-1.));
#5719=DIRECTION('center_axis',(0.,-1.,0.));
#5720=DIRECTION('ref_axis',(0.,0.,-1.));
#5721=DIRECTION('',(0.,-1.,0.));
#5722=DIRECTION('center_axis',(0.,-1.,0.));
#5723=DIRECTION('ref_axis',(0.,0.,-1.));
#5724=DIRECTION('center_axis',(0.,-1.,0.));
#5725=DIRECTION('ref_axis',(0.,0.,-1.));
#5726=DIRECTION('center_axis',(0.,-1.,0.));
#5727=DIRECTION('ref_axis',(0.,0.,-1.));
#5728=DIRECTION('',(0.,-1.,0.));
#5729=DIRECTION('center_axis',(0.,-1.,0.));
#5730=DIRECTION('ref_axis',(0.,0.,-1.));
#5731=DIRECTION('center_axis',(0.,-1.,0.));
#5732=DIRECTION('ref_axis',(0.,0.,-1.));
#5733=DIRECTION('center_axis',(0.,-1.,0.));
#5734=DIRECTION('ref_axis',(0.,0.,-1.));
#5735=DIRECTION('',(0.,-1.,0.));
#5736=DIRECTION('center_axis',(0.,-1.,0.));
#5737=DIRECTION('ref_axis',(0.,0.,-1.));
#5738=DIRECTION('center_axis',(0.,-1.,0.));
#5739=DIRECTION('ref_axis',(0.,0.,-1.));
#5740=DIRECTION('center_axis',(0.,-1.,0.));
#5741=DIRECTION('ref_axis',(0.,0.,-1.));
#5742=DIRECTION('',(0.,-1.,0.));
#5743=DIRECTION('center_axis',(0.,-1.,0.));
#5744=DIRECTION('ref_axis',(0.,0.,-1.));
#5745=DIRECTION('center_axis',(0.,-1.,0.));
#5746=DIRECTION('ref_axis',(0.,0.,-1.));
#5747=DIRECTION('center_axis',(0.,-1.,0.));
#5748=DIRECTION('ref_axis',(0.,0.,-1.));
#5749=DIRECTION('',(0.,-1.,0.));
#5750=DIRECTION('center_axis',(0.,-1.,0.));
#5751=DIRECTION('ref_axis',(0.,0.,-1.));
#5752=DIRECTION('center_axis',(0.,-1.,0.));
#5753=DIRECTION('ref_axis',(0.,0.,-1.));
#5754=DIRECTION('center_axis',(0.,-1.,0.));
#5755=DIRECTION('ref_axis',(0.,0.,-1.));
#5756=DIRECTION('',(0.,-1.,0.));
#5757=DIRECTION('center_axis',(0.,-1.,0.));
#5758=DIRECTION('ref_axis',(0.,0.,-1.));
#5759=DIRECTION('center_axis',(0.,-1.,0.));
#5760=DIRECTION('ref_axis',(0.,0.,-1.));
#5761=DIRECTION('center_axis',(0.,-1.,0.));
#5762=DIRECTION('ref_axis',(0.,0.,-1.));
#5763=DIRECTION('',(0.,-1.,0.));
#5764=DIRECTION('center_axis',(0.,-1.,0.));
#5765=DIRECTION('ref_axis',(0.,0.,-1.));
#5766=DIRECTION('center_axis',(0.,-1.,0.));
#5767=DIRECTION('ref_axis',(0.,0.,-1.));
#5768=DIRECTION('center_axis',(0.,-1.,0.));
#5769=DIRECTION('ref_axis',(0.,0.,-1.));
#5770=DIRECTION('',(0.,-1.,0.));
#5771=DIRECTION('center_axis',(0.,-1.,0.));
#5772=DIRECTION('ref_axis',(0.,0.,-1.));
#5773=DIRECTION('center_axis',(0.,-1.,0.));
#5774=DIRECTION('ref_axis',(0.,0.,-1.));
#5775=DIRECTION('center_axis',(0.,-1.,0.));
#5776=DIRECTION('ref_axis',(0.,0.,-1.));
#5777=DIRECTION('',(0.,-1.,0.));
#5778=DIRECTION('center_axis',(0.,-1.,0.));
#5779=DIRECTION('ref_axis',(0.,0.,-1.));
#5780=DIRECTION('center_axis',(0.,-1.,0.));
#5781=DIRECTION('ref_axis',(0.,0.,-1.));
#5782=DIRECTION('center_axis',(0.,-1.,0.));
#5783=DIRECTION('ref_axis',(0.,0.,-1.));
#5784=DIRECTION('',(0.,-1.,0.));
#5785=DIRECTION('center_axis',(0.,-1.,0.));
#5786=DIRECTION('ref_axis',(0.,0.,-1.));
#5787=DIRECTION('center_axis',(0.,-1.,0.));
#5788=DIRECTION('ref_axis',(0.,0.,-1.));
#5789=DIRECTION('center_axis',(0.,-1.,0.));
#5790=DIRECTION('ref_axis',(0.,0.,-1.));
#5791=DIRECTION('',(0.,-1.,0.));
#5792=DIRECTION('center_axis',(0.,-1.,0.));
#5793=DIRECTION('ref_axis',(0.,0.,-1.));
#5794=DIRECTION('center_axis',(0.,-1.,0.));
#5795=DIRECTION('ref_axis',(0.,0.,-1.));
#5796=DIRECTION('center_axis',(0.,-1.,0.));
#5797=DIRECTION('ref_axis',(0.,0.,-1.));
#5798=DIRECTION('',(0.,-1.,0.));
#5799=DIRECTION('center_axis',(0.,-1.,0.));
#5800=DIRECTION('ref_axis',(0.,0.,-1.));
#5801=DIRECTION('center_axis',(0.,-1.,0.));
#5802=DIRECTION('ref_axis',(0.,0.,-1.));
#5803=DIRECTION('center_axis',(0.,-1.,0.));
#5804=DIRECTION('ref_axis',(0.,0.,-1.));
#5805=DIRECTION('',(0.,-1.,0.));
#5806=DIRECTION('center_axis',(0.,-1.,0.));
#5807=DIRECTION('ref_axis',(0.,0.,-1.));
#5808=DIRECTION('center_axis',(0.,-1.,0.));
#5809=DIRECTION('ref_axis',(0.,0.,-1.));
#5810=DIRECTION('center_axis',(0.,-1.,0.));
#5811=DIRECTION('ref_axis',(0.,0.,-1.));
#5812=DIRECTION('',(0.,-1.,0.));
#5813=DIRECTION('center_axis',(0.,-1.,0.));
#5814=DIRECTION('ref_axis',(0.,0.,-1.));
#5815=DIRECTION('center_axis',(0.,-1.,0.));
#5816=DIRECTION('ref_axis',(0.,0.,-1.));
#5817=DIRECTION('center_axis',(0.,-1.,0.));
#5818=DIRECTION('ref_axis',(0.,0.,-1.));
#5819=DIRECTION('',(0.,-1.,0.));
#5820=DIRECTION('center_axis',(0.,-1.,0.));
#5821=DIRECTION('ref_axis',(0.,0.,-1.));
#5822=DIRECTION('center_axis',(0.,-1.,0.));
#5823=DIRECTION('ref_axis',(0.,0.,-1.));
#5824=DIRECTION('center_axis',(0.,-1.,0.));
#5825=DIRECTION('ref_axis',(0.,0.,-1.));
#5826=DIRECTION('',(0.,-1.,0.));
#5827=DIRECTION('center_axis',(0.,-1.,0.));
#5828=DIRECTION('ref_axis',(0.,0.,-1.));
#5829=DIRECTION('center_axis',(0.,-1.,0.));
#5830=DIRECTION('ref_axis',(0.,0.,-1.));
#5831=DIRECTION('center_axis',(0.,-1.,0.));
#5832=DIRECTION('ref_axis',(0.,0.,-1.));
#5833=DIRECTION('',(0.,-1.,0.));
#5834=DIRECTION('center_axis',(0.,-1.,0.));
#5835=DIRECTION('ref_axis',(0.,0.,-1.));
#5836=DIRECTION('center_axis',(0.,-1.,0.));
#5837=DIRECTION('ref_axis',(0.,0.,-1.));
#5838=DIRECTION('center_axis',(0.,-1.,0.));
#5839=DIRECTION('ref_axis',(0.,0.,-1.));
#5840=DIRECTION('',(0.,-1.,0.));
#5841=DIRECTION('center_axis',(0.,-1.,0.));
#5842=DIRECTION('ref_axis',(0.,0.,-1.));
#5843=DIRECTION('center_axis',(0.,-1.,0.));
#5844=DIRECTION('ref_axis',(0.,0.,-1.));
#5845=DIRECTION('center_axis',(0.,-1.,0.));
#5846=DIRECTION('ref_axis',(0.,0.,-1.));
#5847=DIRECTION('',(0.,-1.,0.));
#5848=DIRECTION('center_axis',(0.,-1.,0.));
#5849=DIRECTION('ref_axis',(0.,0.,-1.));
#5850=DIRECTION('center_axis',(0.,-1.,0.));
#5851=DIRECTION('ref_axis',(0.,0.,-1.));
#5852=DIRECTION('center_axis',(0.,-1.,0.));
#5853=DIRECTION('ref_axis',(0.,0.,-1.));
#5854=DIRECTION('',(0.,-1.,0.));
#5855=DIRECTION('center_axis',(0.,-1.,0.));
#5856=DIRECTION('ref_axis',(0.,0.,-1.));
#5857=DIRECTION('center_axis',(0.,-1.,0.));
#5858=DIRECTION('ref_axis',(0.,0.,-1.));
#5859=DIRECTION('center_axis',(0.,-1.,0.));
#5860=DIRECTION('ref_axis',(0.,0.,-1.));
#5861=DIRECTION('',(0.,-1.,0.));
#5862=DIRECTION('center_axis',(0.,-1.,0.));
#5863=DIRECTION('ref_axis',(0.,0.,-1.));
#5864=DIRECTION('center_axis',(0.,-1.,0.));
#5865=DIRECTION('ref_axis',(0.,0.,-1.));
#5866=DIRECTION('center_axis',(0.,-1.,0.));
#5867=DIRECTION('ref_axis',(0.,0.,-1.));
#5868=DIRECTION('',(0.,-1.,0.));
#5869=DIRECTION('center_axis',(0.,-1.,0.));
#5870=DIRECTION('ref_axis',(0.,0.,-1.));
#5871=DIRECTION('center_axis',(0.,-1.,0.));
#5872=DIRECTION('ref_axis',(0.,0.,-1.));
#5873=DIRECTION('center_axis',(0.,-1.,0.));
#5874=DIRECTION('ref_axis',(0.,0.,-1.));
#5875=DIRECTION('',(0.,-1.,0.));
#5876=DIRECTION('center_axis',(0.,-1.,0.));
#5877=DIRECTION('ref_axis',(0.,0.,-1.));
#5878=DIRECTION('center_axis',(0.,-1.,0.));
#5879=DIRECTION('ref_axis',(0.,0.,-1.));
#5880=DIRECTION('center_axis',(0.,-1.,0.));
#5881=DIRECTION('ref_axis',(0.,0.,-1.));
#5882=DIRECTION('',(0.,-1.,0.));
#5883=DIRECTION('center_axis',(0.,-1.,0.));
#5884=DIRECTION('ref_axis',(0.,0.,-1.));
#5885=DIRECTION('center_axis',(0.,-1.,0.));
#5886=DIRECTION('ref_axis',(0.,0.,-1.));
#5887=DIRECTION('center_axis',(0.,-1.,0.));
#5888=DIRECTION('ref_axis',(0.,0.,-1.));
#5889=DIRECTION('',(0.,-1.,0.));
#5890=DIRECTION('center_axis',(0.,-1.,0.));
#5891=DIRECTION('ref_axis',(0.,0.,-1.));
#5892=DIRECTION('center_axis',(0.,-1.,0.));
#5893=DIRECTION('ref_axis',(0.,0.,-1.));
#5894=DIRECTION('center_axis',(0.,-1.,0.));
#5895=DIRECTION('ref_axis',(0.,0.,-1.));
#5896=DIRECTION('',(0.,-1.,0.));
#5897=DIRECTION('center_axis',(0.,-1.,0.));
#5898=DIRECTION('ref_axis',(0.,0.,-1.));
#5899=DIRECTION('center_axis',(0.,-1.,0.));
#5900=DIRECTION('ref_axis',(0.,0.,-1.));
#5901=DIRECTION('center_axis',(0.,-1.,0.));
#5902=DIRECTION('ref_axis',(0.,0.,-1.));
#5903=DIRECTION('',(0.,-1.,0.));
#5904=DIRECTION('center_axis',(0.,-1.,0.));
#5905=DIRECTION('ref_axis',(0.,0.,-1.));
#5906=DIRECTION('center_axis',(0.,-1.,0.));
#5907=DIRECTION('ref_axis',(0.,0.,-1.));
#5908=DIRECTION('center_axis',(0.,-1.,0.));
#5909=DIRECTION('ref_axis',(0.,0.,-1.));
#5910=DIRECTION('',(0.,-1.,0.));
#5911=DIRECTION('center_axis',(0.,-1.,0.));
#5912=DIRECTION('ref_axis',(0.,0.,-1.));
#5913=DIRECTION('center_axis',(0.,-1.,0.));
#5914=DIRECTION('ref_axis',(0.,0.,-1.));
#5915=DIRECTION('center_axis',(0.,-1.,0.));
#5916=DIRECTION('ref_axis',(0.,0.,-1.));
#5917=DIRECTION('',(0.,-1.,0.));
#5918=DIRECTION('center_axis',(0.,-1.,0.));
#5919=DIRECTION('ref_axis',(0.,0.,-1.));
#5920=DIRECTION('center_axis',(0.,-1.,0.));
#5921=DIRECTION('ref_axis',(0.,0.,-1.));
#5922=DIRECTION('center_axis',(0.,-1.,0.));
#5923=DIRECTION('ref_axis',(0.,0.,-1.));
#5924=DIRECTION('',(0.,-1.,0.));
#5925=DIRECTION('center_axis',(0.,-1.,0.));
#5926=DIRECTION('ref_axis',(0.,0.,-1.));
#5927=DIRECTION('center_axis',(0.,-1.,0.));
#5928=DIRECTION('ref_axis',(0.,0.,-1.));
#5929=DIRECTION('center_axis',(0.,-1.,0.));
#5930=DIRECTION('ref_axis',(0.,0.,-1.));
#5931=DIRECTION('',(0.,-1.,0.));
#5932=DIRECTION('center_axis',(0.,-1.,0.));
#5933=DIRECTION('ref_axis',(0.,0.,-1.));
#5934=DIRECTION('center_axis',(0.,-1.,0.));
#5935=DIRECTION('ref_axis',(0.,0.,-1.));
#5936=DIRECTION('center_axis',(0.,-1.,0.));
#5937=DIRECTION('ref_axis',(0.,0.,-1.));
#5938=DIRECTION('',(0.,-1.,0.));
#5939=DIRECTION('center_axis',(0.,-1.,0.));
#5940=DIRECTION('ref_axis',(0.,0.,-1.));
#5941=DIRECTION('center_axis',(0.,-1.,0.));
#5942=DIRECTION('ref_axis',(0.,0.,-1.));
#5943=DIRECTION('center_axis',(0.,-1.,0.));
#5944=DIRECTION('ref_axis',(0.,0.,-1.));
#5945=DIRECTION('',(0.,-1.,0.));
#5946=DIRECTION('center_axis',(0.,-1.,0.));
#5947=DIRECTION('ref_axis',(0.,0.,-1.));
#5948=DIRECTION('center_axis',(0.,-1.,0.));
#5949=DIRECTION('ref_axis',(0.,0.,-1.));
#5950=DIRECTION('center_axis',(0.,-1.,0.));
#5951=DIRECTION('ref_axis',(0.,0.,-1.));
#5952=DIRECTION('',(0.,-1.,0.));
#5953=DIRECTION('center_axis',(0.,-1.,0.));
#5954=DIRECTION('ref_axis',(0.,0.,-1.));
#5955=DIRECTION('center_axis',(0.,-1.,0.));
#5956=DIRECTION('ref_axis',(0.,0.,-1.));
#5957=DIRECTION('center_axis',(0.,-1.,0.));
#5958=DIRECTION('ref_axis',(0.,0.,-1.));
#5959=DIRECTION('',(0.,-1.,0.));
#5960=DIRECTION('center_axis',(0.,-1.,0.));
#5961=DIRECTION('ref_axis',(0.,0.,-1.));
#5962=DIRECTION('center_axis',(0.,-1.,0.));
#5963=DIRECTION('ref_axis',(0.,0.,-1.));
#5964=DIRECTION('center_axis',(0.,-1.,0.));
#5965=DIRECTION('ref_axis',(0.,0.,-1.));
#5966=DIRECTION('',(0.,-1.,0.));
#5967=DIRECTION('center_axis',(0.,-1.,0.));
#5968=DIRECTION('ref_axis',(0.,0.,-1.));
#5969=DIRECTION('center_axis',(0.,-1.,0.));
#5970=DIRECTION('ref_axis',(0.,0.,-1.));
#5971=DIRECTION('center_axis',(0.,-1.,0.));
#5972=DIRECTION('ref_axis',(0.,0.,-1.));
#5973=DIRECTION('',(0.,-1.,0.));
#5974=DIRECTION('center_axis',(0.,-1.,0.));
#5975=DIRECTION('ref_axis',(0.,0.,-1.));
#5976=DIRECTION('center_axis',(0.,-1.,0.));
#5977=DIRECTION('ref_axis',(0.,0.,-1.));
#5978=DIRECTION('center_axis',(0.,-1.,0.));
#5979=DIRECTION('ref_axis',(0.,0.,-1.));
#5980=DIRECTION('',(0.,-1.,0.));
#5981=DIRECTION('center_axis',(0.,-1.,0.));
#5982=DIRECTION('ref_axis',(0.,0.,-1.));
#5983=DIRECTION('center_axis',(0.,-1.,0.));
#5984=DIRECTION('ref_axis',(0.,0.,-1.));
#5985=DIRECTION('center_axis',(0.,-1.,0.));
#5986=DIRECTION('ref_axis',(0.,0.,-1.));
#5987=DIRECTION('',(0.,-1.,0.));
#5988=DIRECTION('center_axis',(0.,-1.,0.));
#5989=DIRECTION('ref_axis',(0.,0.,-1.));
#5990=DIRECTION('center_axis',(0.,-1.,0.));
#5991=DIRECTION('ref_axis',(0.,0.,-1.));
#5992=DIRECTION('center_axis',(0.,-1.,0.));
#5993=DIRECTION('ref_axis',(0.,0.,-1.));
#5994=DIRECTION('',(0.,-1.,0.));
#5995=DIRECTION('center_axis',(0.,-1.,0.));
#5996=DIRECTION('ref_axis',(0.,0.,-1.));
#5997=DIRECTION('center_axis',(0.,-1.,0.));
#5998=DIRECTION('ref_axis',(0.,0.,-1.));
#5999=DIRECTION('center_axis',(0.,-1.,0.));
#6000=DIRECTION('ref_axis',(0.,0.,-1.));
#6001=DIRECTION('',(0.,-1.,0.));
#6002=DIRECTION('center_axis',(0.,-1.,0.));
#6003=DIRECTION('ref_axis',(0.,0.,-1.));
#6004=DIRECTION('center_axis',(0.,-1.,0.));
#6005=DIRECTION('ref_axis',(0.,0.,-1.));
#6006=DIRECTION('center_axis',(0.,-1.,0.));
#6007=DIRECTION('ref_axis',(0.,0.,-1.));
#6008=DIRECTION('',(0.,-1.,0.));
#6009=DIRECTION('center_axis',(0.,-1.,0.));
#6010=DIRECTION('ref_axis',(0.,0.,-1.));
#6011=DIRECTION('center_axis',(0.,-1.,0.));
#6012=DIRECTION('ref_axis',(0.,0.,-1.));
#6013=DIRECTION('center_axis',(0.,-1.,0.));
#6014=DIRECTION('ref_axis',(0.,0.,-1.));
#6015=DIRECTION('',(0.,-1.,0.));
#6016=DIRECTION('center_axis',(0.,-1.,0.));
#6017=DIRECTION('ref_axis',(0.,0.,-1.));
#6018=DIRECTION('center_axis',(0.,-1.,0.));
#6019=DIRECTION('ref_axis',(0.,0.,-1.));
#6020=DIRECTION('center_axis',(0.,-1.,0.));
#6021=DIRECTION('ref_axis',(0.,0.,-1.));
#6022=DIRECTION('',(0.,-1.,0.));
#6023=DIRECTION('center_axis',(0.,-1.,0.));
#6024=DIRECTION('ref_axis',(0.,0.,-1.));
#6025=DIRECTION('center_axis',(0.,-1.,0.));
#6026=DIRECTION('ref_axis',(0.,0.,-1.));
#6027=DIRECTION('center_axis',(0.,-1.,0.));
#6028=DIRECTION('ref_axis',(0.,0.,-1.));
#6029=DIRECTION('',(0.,-1.,0.));
#6030=DIRECTION('center_axis',(0.,-1.,0.));
#6031=DIRECTION('ref_axis',(0.,0.,-1.));
#6032=DIRECTION('center_axis',(0.,-1.,0.));
#6033=DIRECTION('ref_axis',(0.,0.,-1.));
#6034=DIRECTION('center_axis',(0.,-1.,0.));
#6035=DIRECTION('ref_axis',(0.,0.,-1.));
#6036=DIRECTION('',(0.,-1.,0.));
#6037=DIRECTION('center_axis',(0.,-1.,0.));
#6038=DIRECTION('ref_axis',(0.,0.,-1.));
#6039=DIRECTION('center_axis',(0.,-1.,0.));
#6040=DIRECTION('ref_axis',(0.,0.,-1.));
#6041=DIRECTION('center_axis',(0.,-1.,0.));
#6042=DIRECTION('ref_axis',(0.,0.,-1.));
#6043=DIRECTION('',(0.,-1.,0.));
#6044=DIRECTION('center_axis',(0.,-1.,0.));
#6045=DIRECTION('ref_axis',(0.,0.,-1.));
#6046=DIRECTION('center_axis',(0.,-1.,0.));
#6047=DIRECTION('ref_axis',(0.,0.,-1.));
#6048=DIRECTION('center_axis',(0.,-1.,0.));
#6049=DIRECTION('ref_axis',(0.,0.,-1.));
#6050=DIRECTION('',(0.,-1.,0.));
#6051=DIRECTION('center_axis',(0.,-1.,0.));
#6052=DIRECTION('ref_axis',(0.,0.,-1.));
#6053=DIRECTION('center_axis',(0.,-1.,0.));
#6054=DIRECTION('ref_axis',(0.,0.,-1.));
#6055=DIRECTION('center_axis',(0.,-1.,0.));
#6056=DIRECTION('ref_axis',(0.,0.,-1.));
#6057=DIRECTION('',(0.,-1.,0.));
#6058=DIRECTION('center_axis',(0.,-1.,0.));
#6059=DIRECTION('ref_axis',(0.,0.,-1.));
#6060=DIRECTION('center_axis',(0.,-1.,0.));
#6061=DIRECTION('ref_axis',(0.,0.,-1.));
#6062=DIRECTION('center_axis',(0.,-1.,0.));
#6063=DIRECTION('ref_axis',(0.,0.,-1.));
#6064=DIRECTION('',(0.,-1.,0.));
#6065=DIRECTION('center_axis',(0.,-1.,0.));
#6066=DIRECTION('ref_axis',(0.,0.,-1.));
#6067=DIRECTION('center_axis',(0.,1.,0.));
#6068=DIRECTION('ref_axis',(0.,0.,1.));
#6069=DIRECTION('center_axis',(0.,1.,0.));
#6070=DIRECTION('ref_axis',(0.,0.,1.));
#6071=DIRECTION('center_axis',(0.,1.,0.));
#6072=DIRECTION('ref_axis',(0.,0.,1.));
#6073=DIRECTION('',(0.,1.,0.));
#6074=DIRECTION('center_axis',(0.,1.,0.));
#6075=DIRECTION('ref_axis',(0.,0.,1.));
#6076=DIRECTION('center_axis',(0.,-1.,0.));
#6077=DIRECTION('ref_axis',(0.,0.,-1.));
#6078=DIRECTION('',(-8.6595605623548E-17,-0.707106781186558,0.707106781186537));
#6079=DIRECTION('center_axis',(0.,1.,0.));
#6080=DIRECTION('ref_axis',(0.,0.,1.));
#6081=DIRECTION('center_axis',(0.,1.,0.));
#6082=DIRECTION('ref_axis',(0.,0.,1.));
#6083=DIRECTION('center_axis',(0.,1.,0.));
#6084=DIRECTION('ref_axis',(0.,0.,1.));
#6085=DIRECTION('center_axis',(0.,1.,0.));
#6086=DIRECTION('ref_axis',(0.,0.,1.));
#6087=DIRECTION('',(0.,1.,0.));
#6088=DIRECTION('center_axis',(0.,1.,0.));
#6089=DIRECTION('ref_axis',(0.,0.,1.));
#6090=DIRECTION('center_axis',(0.,-1.,0.));
#6091=DIRECTION('ref_axis',(0.,0.,-1.));
#6092=DIRECTION('',(-8.6595605623548E-17,-0.707106781186558,0.707106781186537));
#6093=DIRECTION('center_axis',(0.,1.,0.));
#6094=DIRECTION('ref_axis',(0.,0.,1.));
#6095=DIRECTION('center_axis',(0.,1.,0.));
#6096=DIRECTION('ref_axis',(0.,0.,1.));
#6097=DIRECTION('center_axis',(0.,1.,0.));
#6098=DIRECTION('ref_axis',(0.,0.,1.));
#6099=DIRECTION('center_axis',(0.,1.,0.));
#6100=DIRECTION('ref_axis',(0.,0.,1.));
#6101=DIRECTION('',(0.,1.,0.));
#6102=DIRECTION('center_axis',(0.,1.,0.));
#6103=DIRECTION('ref_axis',(0.,0.,1.));
#6104=DIRECTION('center_axis',(0.,-1.,0.));
#6105=DIRECTION('ref_axis',(0.,0.,-1.));
#6106=DIRECTION('',(-8.6595605623548E-17,-0.707106781186558,0.707106781186537));
#6107=DIRECTION('center_axis',(0.,1.,0.));
#6108=DIRECTION('ref_axis',(0.,0.,1.));
#6109=DIRECTION('center_axis',(0.,1.,0.));
#6110=DIRECTION('ref_axis',(0.,0.,1.));
#6111=DIRECTION('center_axis',(0.,1.,0.));
#6112=DIRECTION('ref_axis',(0.,0.,1.));
#6113=DIRECTION('center_axis',(0.,1.,0.));
#6114=DIRECTION('ref_axis',(0.,0.,1.));
#6115=DIRECTION('',(0.,1.,0.));
#6116=DIRECTION('center_axis',(0.,1.,0.));
#6117=DIRECTION('ref_axis',(0.,0.,1.));
#6118=DIRECTION('center_axis',(0.,-1.,0.));
#6119=DIRECTION('ref_axis',(0.,0.,-1.));
#6120=DIRECTION('',(-8.6595605623548E-17,-0.707106781186558,0.707106781186537));
#6121=DIRECTION('center_axis',(0.,1.,0.));
#6122=DIRECTION('ref_axis',(0.,0.,1.));
#6123=DIRECTION('center_axis',(0.,1.,0.));
#6124=DIRECTION('ref_axis',(0.,0.,1.));
#6125=DIRECTION('center_axis',(0.,1.,0.));
#6126=DIRECTION('ref_axis',(0.,0.,1.));
#6127=DIRECTION('center_axis',(0.,1.,0.));
#6128=DIRECTION('ref_axis',(0.,0.,1.));
#6129=DIRECTION('',(0.,1.,0.));
#6130=DIRECTION('center_axis',(0.,1.,0.));
#6131=DIRECTION('ref_axis',(0.,0.,1.));
#6132=DIRECTION('center_axis',(0.,-1.,0.));
#6133=DIRECTION('ref_axis',(0.,0.,-1.));
#6134=DIRECTION('',(-8.6595605623548E-17,-0.707106781186558,0.707106781186537));
#6135=DIRECTION('center_axis',(0.,1.,0.));
#6136=DIRECTION('ref_axis',(0.,0.,1.));
#6137=DIRECTION('center_axis',(0.,1.,0.));
#6138=DIRECTION('ref_axis',(0.,0.,1.));
#6139=DIRECTION('center_axis',(0.,1.,0.));
#6140=DIRECTION('ref_axis',(0.,0.,1.));
#6141=DIRECTION('center_axis',(0.,1.,0.));
#6142=DIRECTION('ref_axis',(0.,0.,1.));
#6143=DIRECTION('',(0.,1.,0.));
#6144=DIRECTION('center_axis',(0.,1.,0.));
#6145=DIRECTION('ref_axis',(0.,0.,1.));
#6146=DIRECTION('center_axis',(0.,-1.,0.));
#6147=DIRECTION('ref_axis',(0.,0.,-1.));
#6148=DIRECTION('',(-8.6595605623548E-17,-0.707106781186558,0.707106781186537));
#6149=DIRECTION('center_axis',(0.,1.,0.));
#6150=DIRECTION('ref_axis',(0.,0.,1.));
#6151=DIRECTION('center_axis',(0.,1.,0.));
#6152=DIRECTION('ref_axis',(0.,0.,1.));
#6153=DIRECTION('center_axis',(0.,1.,0.));
#6154=DIRECTION('ref_axis',(0.,0.,1.));
#6155=DIRECTION('center_axis',(0.,1.,0.));
#6156=DIRECTION('ref_axis',(0.,0.,1.));
#6157=DIRECTION('',(0.,1.,0.));
#6158=DIRECTION('center_axis',(0.,1.,0.));
#6159=DIRECTION('ref_axis',(0.,0.,1.));
#6160=DIRECTION('center_axis',(0.,-1.,0.));
#6161=DIRECTION('ref_axis',(0.,0.,-1.));
#6162=DIRECTION('',(-8.6595605623548E-17,-0.707106781186558,0.707106781186537));
#6163=DIRECTION('center_axis',(0.,1.,0.));
#6164=DIRECTION('ref_axis',(0.,0.,1.));
#6165=DIRECTION('center_axis',(0.,1.,0.));
#6166=DIRECTION('ref_axis',(0.,0.,1.));
#6167=DIRECTION('center_axis',(0.,1.,0.));
#6168=DIRECTION('ref_axis',(0.,0.,1.));
#6169=DIRECTION('center_axis',(0.,1.,0.));
#6170=DIRECTION('ref_axis',(0.,0.,1.));
#6171=DIRECTION('',(0.,1.,0.));
#6172=DIRECTION('center_axis',(0.,1.,0.));
#6173=DIRECTION('ref_axis',(0.,0.,1.));
#6174=DIRECTION('center_axis',(0.,-1.,0.));
#6175=DIRECTION('ref_axis',(0.,0.,-1.));
#6176=DIRECTION('',(-8.6595605623548E-17,-0.707106781186558,0.707106781186537));
#6177=DIRECTION('center_axis',(0.,1.,0.));
#6178=DIRECTION('ref_axis',(0.,0.,1.));
#6179=DIRECTION('center_axis',(0.,1.,0.));
#6180=DIRECTION('ref_axis',(0.,0.,1.));
#6181=DIRECTION('center_axis',(0.,1.,0.));
#6182=DIRECTION('ref_axis',(0.,0.,1.));
#6183=DIRECTION('center_axis',(0.,1.,0.));
#6184=DIRECTION('ref_axis',(0.,0.,1.));
#6185=DIRECTION('',(0.,1.,0.));
#6186=DIRECTION('center_axis',(0.,1.,0.));
#6187=DIRECTION('ref_axis',(0.,0.,1.));
#6188=DIRECTION('center_axis',(0.,-1.,0.));
#6189=DIRECTION('ref_axis',(0.,0.,-1.));
#6190=DIRECTION('',(-8.65956056235499E-17,-0.707106781186543,0.707106781186552));
#6191=DIRECTION('center_axis',(0.,1.,0.));
#6192=DIRECTION('ref_axis',(0.,0.,1.));
#6193=DIRECTION('center_axis',(0.,1.,0.));
#6194=DIRECTION('ref_axis',(0.,0.,1.));
#6195=DIRECTION('center_axis',(0.,1.,0.));
#6196=DIRECTION('ref_axis',(0.,0.,1.));
#6197=DIRECTION('center_axis',(0.,1.,0.));
#6198=DIRECTION('ref_axis',(0.,0.,1.));
#6199=DIRECTION('',(0.,1.,0.));
#6200=DIRECTION('center_axis',(0.,1.,0.));
#6201=DIRECTION('ref_axis',(0.,0.,1.));
#6202=DIRECTION('center_axis',(0.,-1.,0.));
#6203=DIRECTION('ref_axis',(0.,0.,-1.));
#6204=DIRECTION('',(-8.6595605623548E-17,-0.707106781186558,0.707106781186537));
#6205=DIRECTION('center_axis',(0.,1.,0.));
#6206=DIRECTION('ref_axis',(0.,0.,1.));
#6207=DIRECTION('center_axis',(0.,1.,0.));
#6208=DIRECTION('ref_axis',(0.,0.,1.));
#6209=DIRECTION('center_axis',(0.,1.,0.));
#6210=DIRECTION('ref_axis',(0.,0.,1.));
#6211=DIRECTION('center_axis',(0.,1.,0.));
#6212=DIRECTION('ref_axis',(0.,0.,1.));
#6213=DIRECTION('',(0.,1.,0.));
#6214=DIRECTION('center_axis',(0.,1.,0.));
#6215=DIRECTION('ref_axis',(0.,0.,1.));
#6216=DIRECTION('center_axis',(0.,-1.,0.));
#6217=DIRECTION('ref_axis',(0.,0.,-1.));
#6218=DIRECTION('',(-8.6595605623548E-17,-0.707106781186558,0.707106781186537));
#6219=DIRECTION('center_axis',(0.,1.,0.));
#6220=DIRECTION('ref_axis',(0.,0.,1.));
#6221=DIRECTION('center_axis',(0.,1.,0.));
#6222=DIRECTION('ref_axis',(0.,0.,1.));
#6223=DIRECTION('center_axis',(0.,1.,0.));
#6224=DIRECTION('ref_axis',(0.,0.,1.));
#6225=DIRECTION('center_axis',(0.,1.,0.));
#6226=DIRECTION('ref_axis',(0.,0.,1.));
#6227=DIRECTION('',(0.,1.,0.));
#6228=DIRECTION('center_axis',(0.,1.,0.));
#6229=DIRECTION('ref_axis',(0.,0.,1.));
#6230=DIRECTION('center_axis',(0.,-1.,0.));
#6231=DIRECTION('ref_axis',(0.,0.,-1.));
#6232=DIRECTION('',(-8.65956056235499E-17,-0.707106781186543,0.707106781186552));
#6233=DIRECTION('center_axis',(0.,1.,0.));
#6234=DIRECTION('ref_axis',(0.,0.,1.));
#6235=DIRECTION('center_axis',(0.,1.,0.));
#6236=DIRECTION('ref_axis',(0.,0.,1.));
#6237=DIRECTION('center_axis',(0.,1.,0.));
#6238=DIRECTION('ref_axis',(0.,0.,1.));
#6239=DIRECTION('center_axis',(0.,1.,0.));
#6240=DIRECTION('ref_axis',(0.,0.,1.));
#6241=DIRECTION('',(0.,1.,0.));
#6242=DIRECTION('center_axis',(0.,1.,0.));
#6243=DIRECTION('ref_axis',(0.,0.,1.));
#6244=DIRECTION('center_axis',(0.,-1.,0.));
#6245=DIRECTION('ref_axis',(0.,0.,-1.));
#6246=DIRECTION('',(-8.6595605623548E-17,-0.707106781186558,0.707106781186537));
#6247=DIRECTION('center_axis',(0.,1.,0.));
#6248=DIRECTION('ref_axis',(0.,0.,1.));
#6249=DIRECTION('center_axis',(0.,1.,0.));
#6250=DIRECTION('ref_axis',(0.,0.,1.));
#6251=DIRECTION('center_axis',(0.,1.,0.));
#6252=DIRECTION('ref_axis',(0.,0.,1.));
#6253=DIRECTION('center_axis',(0.,1.,0.));
#6254=DIRECTION('ref_axis',(0.,0.,1.));
#6255=DIRECTION('',(0.,1.,0.));
#6256=DIRECTION('center_axis',(0.,1.,0.));
#6257=DIRECTION('ref_axis',(0.,0.,1.));
#6258=DIRECTION('center_axis',(0.,-1.,0.));
#6259=DIRECTION('ref_axis',(0.,0.,-1.));
#6260=DIRECTION('',(-8.6595605623548E-17,-0.707106781186558,0.707106781186537));
#6261=DIRECTION('center_axis',(0.,1.,0.));
#6262=DIRECTION('ref_axis',(0.,0.,1.));
#6263=DIRECTION('center_axis',(0.,1.,0.));
#6264=DIRECTION('ref_axis',(0.,0.,1.));
#6265=DIRECTION('center_axis',(0.,1.,0.));
#6266=DIRECTION('ref_axis',(0.,0.,1.));
#6267=DIRECTION('center_axis',(0.,1.,0.));
#6268=DIRECTION('ref_axis',(0.,0.,1.));
#6269=DIRECTION('',(0.,1.,0.));
#6270=DIRECTION('center_axis',(0.,1.,0.));
#6271=DIRECTION('ref_axis',(0.,0.,1.));
#6272=DIRECTION('center_axis',(0.,-1.,0.));
#6273=DIRECTION('ref_axis',(0.,0.,-1.));
#6274=DIRECTION('',(-8.65956056235499E-17,-0.707106781186543,0.707106781186552));
#6275=DIRECTION('center_axis',(0.,1.,0.));
#6276=DIRECTION('ref_axis',(0.,0.,1.));
#6277=DIRECTION('center_axis',(0.,1.,0.));
#6278=DIRECTION('ref_axis',(0.,0.,1.));
#6279=DIRECTION('center_axis',(0.,1.,0.));
#6280=DIRECTION('ref_axis',(0.,0.,1.));
#6281=DIRECTION('center_axis',(0.,1.,0.));
#6282=DIRECTION('ref_axis',(0.,0.,1.));
#6283=DIRECTION('',(0.,1.,0.));
#6284=DIRECTION('center_axis',(0.,1.,0.));
#6285=DIRECTION('ref_axis',(0.,0.,1.));
#6286=DIRECTION('center_axis',(0.,-1.,0.));
#6287=DIRECTION('ref_axis',(0.,0.,-1.));
#6288=DIRECTION('',(-8.65956056235499E-17,-0.707106781186543,0.707106781186552));
#6289=DIRECTION('center_axis',(0.,1.,0.));
#6290=DIRECTION('ref_axis',(0.,0.,1.));
#6291=DIRECTION('center_axis',(0.,-1.,0.));
#6292=DIRECTION('ref_axis',(0.,0.,-1.));
#6293=DIRECTION('',(1.,0.,3.08395284618099E-15));
#6294=DIRECTION('center_axis',(0.,-1.,0.));
#6295=DIRECTION('ref_axis',(0.,0.,1.));
#6296=DIRECTION('',(-1.,0.,-3.08395284618099E-15));
#6297=DIRECTION('',(0.,0.,1.));
#6298=DIRECTION('',(-0.707106781186547,1.12149461334556E-15,0.707106781186547));
#6299=DIRECTION('',(-1.,0.,0.));
#6300=DIRECTION('',(-0.707106781186547,5.60747306672777E-16,-0.707106781186547));
#6301=DIRECTION('',(0.,0.,-1.));
#6302=DIRECTION('',(-1.,0.,3.08395284618099E-15));
#6303=DIRECTION('center_axis',(0.,-1.,0.));
#6304=DIRECTION('ref_axis',(0.,0.,-1.));
#6305=DIRECTION('',(1.,0.,-3.08395284618099E-15));
#6306=DIRECTION('',(0.,0.,-1.));
#6307=DIRECTION('',(-1.,0.,-3.08395284618099E-15));
#6308=DIRECTION('center_axis',(0.,-1.,0.));
#6309=DIRECTION('ref_axis',(0.,0.,1.));
#6310=DIRECTION('',(1.,0.,3.08395284618099E-15));
#6311=DIRECTION('',(0.,0.,-1.));
#6312=DIRECTION('',(0.707106781186547,0.,-0.707106781186547));
#6313=DIRECTION('',(1.,0.,0.));
#6314=DIRECTION('',(0.707106781186547,5.60747306672777E-16,0.707106781186547));
#6315=DIRECTION('',(0.,0.,1.));
#6316=DIRECTION('',(1.,0.,-3.08395284618099E-15));
#6317=DIRECTION('center_axis',(0.,-1.,0.));
#6318=DIRECTION('ref_axis',(0.,0.,-1.));
#6319=DIRECTION('',(-1.,0.,3.08395284618099E-15));
#6320=DIRECTION('',(0.,0.,1.));
#6321=DIRECTION('center_axis',(0.,-1.,0.));
#6322=DIRECTION('ref_axis',(0.,0.,-1.));
#6323=DIRECTION('',(-1.,0.,-1.46081976924363E-16));
#6324=DIRECTION('center_axis',(0.,-1.,0.));
#6325=DIRECTION('ref_axis',(0.,0.,1.));
#6326=DIRECTION('',(0.,0.,1.));
#6327=DIRECTION('center_axis',(0.,-1.,0.));
#6328=DIRECTION('ref_axis',(0.,0.,-1.));
#6329=DIRECTION('',(1.,0.,1.46081976924363E-16));
#6330=DIRECTION('center_axis',(0.,-1.,0.));
#6331=DIRECTION('ref_axis',(0.,0.,-1.));
#6332=DIRECTION('',(0.,0.,-1.));
#6333=DIRECTION('center_axis',(0.,-1.,0.));
#6334=DIRECTION('ref_axis',(0.,0.,1.));
#6335=DIRECTION('',(-1.,0.,0.));
#6336=DIRECTION('center_axis',(0.,-1.,0.));
#6337=DIRECTION('ref_axis',(0.,0.,1.));
#6338=DIRECTION('',(-2.31296463463574E-16,0.,1.));
#6339=DIRECTION('center_axis',(0.,-1.,0.));
#6340=DIRECTION('ref_axis',(0.,0.,-1.));
#6341=DIRECTION('',(1.,0.,1.46081976924363E-16));
#6342=DIRECTION('center_axis',(0.,-1.,0.));
#6343=DIRECTION('ref_axis',(0.,0.,1.));
#6344=DIRECTION('',(2.31296463463574E-16,0.,-1.));
#6345=DIRECTION('center_axis',(0.,1.,0.));
#6346=DIRECTION('ref_axis',(0.,0.,1.));
#6347=DIRECTION('',(-2.54638308400265E-16,0.,1.));
#6348=DIRECTION('center_axis',(0.,1.,0.));
#6349=DIRECTION('ref_axis',(0.,0.,-1.));
#6350=DIRECTION('',(1.,0.,0.));
#6351=DIRECTION('center_axis',(0.,1.,0.));
#6352=DIRECTION('ref_axis',(0.,0.,-1.));
#6353=DIRECTION('',(0.,0.,-1.));
#6354=DIRECTION('center_axis',(0.,1.,0.));
#6355=DIRECTION('ref_axis',(0.,0.,-1.));
#6356=DIRECTION('',(-1.,0.,-1.12279836632803E-15));
#6357=DIRECTION('',(2.54638308400265E-16,0.,1.));
#6358=DIRECTION('center_axis',(0.,1.,0.));
#6359=DIRECTION('ref_axis',(0.,0.,-1.));
#6360=DIRECTION('',(-1.,0.,1.12279836632803E-15));
#6361=DIRECTION('center_axis',(0.,1.,0.));
#6362=DIRECTION('ref_axis',(0.,0.,1.));
#6363=DIRECTION('',(0.,0.,1.));
#6364=DIRECTION('center_axis',(0.,1.,0.));
#6365=DIRECTION('ref_axis',(0.,0.,1.));
#6366=DIRECTION('',(1.,0.,5.61399183164016E-16));
#6367=DIRECTION('center_axis',(0.,1.,0.));
#6368=DIRECTION('ref_axis',(0.,0.,1.));
#6369=DIRECTION('center_axis',(0.,-1.,0.));
#6370=DIRECTION('ref_axis',(0.,0.,-1.));
#6371=DIRECTION('center_axis',(0.,-1.,0.));
#6372=DIRECTION('ref_axis',(0.,0.,-1.));
#6373=DIRECTION('',(1.,0.,3.08395284618099E-15));
#6374=DIRECTION('',(0.,0.,1.));
#6375=DIRECTION('',(-1.,0.,3.08395284618099E-15));
#6376=DIRECTION('center_axis',(0.,-1.,0.));
#6377=DIRECTION('ref_axis',(0.,0.,-1.));
#6378=DIRECTION('',(1.,0.,-3.08395284618099E-15));
#6379=DIRECTION('',(0.,0.,1.));
#6380=DIRECTION('',(0.707106781186548,5.60747306672777E-16,0.707106781186548));
#6381=DIRECTION('',(1.,0.,0.));
#6382=DIRECTION('',(0.707106781186547,0.,-0.707106781186547));
#6383=DIRECTION('',(0.,0.,-1.));
#6384=DIRECTION('',(1.,0.,3.08395284618099E-15));
#6385=DIRECTION('center_axis',(0.,-1.,0.));
#6386=DIRECTION('ref_axis',(0.,0.,-1.));
#6387=DIRECTION('',(-1.,0.,-3.08395284618099E-15));
#6388=DIRECTION('',(0.,0.,-1.));
#6389=DIRECTION('',(1.,0.,-3.08395284618099E-15));
#6390=DIRECTION('center_axis',(0.,-1.,0.));
#6391=DIRECTION('ref_axis',(0.,0.,-1.));
#6392=DIRECTION('',(-1.,0.,3.08395284618099E-15));
#6393=DIRECTION('',(0.,0.,-1.));
#6394=DIRECTION('',(-0.707106781186547,5.60747306672777E-16,-0.707106781186547));
#6395=DIRECTION('',(-1.,0.,0.));
#6396=DIRECTION('',(-0.707106781186547,1.12149461334556E-15,0.707106781186547));
#6397=DIRECTION('',(0.,0.,1.));
#6398=DIRECTION('',(-1.,0.,-3.08395284618099E-15));
#6399=DIRECTION('center_axis',(0.,1.,0.));
#6400=DIRECTION('ref_axis',(0.,0.,-1.));
#6401=DIRECTION('',(2.54638308400265E-16,0.,1.));
#6402=DIRECTION('center_axis',(0.,1.,0.));
#6403=DIRECTION('ref_axis',(0.,0.,1.));
#6404=DIRECTION('',(1.,0.,5.61399183164016E-16));
#6405=DIRECTION('center_axis',(0.,1.,0.));
#6406=DIRECTION('ref_axis',(0.,0.,1.));
#6407=DIRECTION('',(0.,0.,1.));
#6408=DIRECTION('center_axis',(0.,1.,0.));
#6409=DIRECTION('ref_axis',(0.,0.,1.));
#6410=DIRECTION('',(-1.,0.,1.12279836632803E-15));
#6411=DIRECTION('',(-2.54638308400265E-16,0.,1.));
#6412=DIRECTION('center_axis',(0.,1.,0.));
#6413=DIRECTION('ref_axis',(0.,0.,1.));
#6414=DIRECTION('',(-1.,0.,-1.12279836632803E-15));
#6415=DIRECTION('center_axis',(0.,1.,0.));
#6416=DIRECTION('ref_axis',(0.,0.,-1.));
#6417=DIRECTION('',(0.,0.,-1.));
#6418=DIRECTION('center_axis',(0.,1.,0.));
#6419=DIRECTION('ref_axis',(0.,0.,-1.));
#6420=DIRECTION('',(1.,0.,0.));
#6421=DIRECTION('center_axis',(0.,1.,0.));
#6422=DIRECTION('ref_axis',(0.,0.,-1.));
#6423=DIRECTION('',(-1.,0.,-1.46081976924363E-16));
#6424=DIRECTION('center_axis',(0.,-1.,0.));
#6425=DIRECTION('ref_axis',(0.,0.,-1.));
#6426=DIRECTION('',(0.,0.,-1.));
#6427=DIRECTION('center_axis',(0.,-1.,0.));
#6428=DIRECTION('ref_axis',(0.,0.,-1.));
#6429=DIRECTION('',(1.,0.,1.46081976924363E-16));
#6430=DIRECTION('center_axis',(0.,-1.,0.));
#6431=DIRECTION('ref_axis',(0.,0.,-1.));
#6432=DIRECTION('',(0.,0.,1.));
#6433=DIRECTION('center_axis',(0.,-1.,0.));
#6434=DIRECTION('ref_axis',(0.,0.,-1.));
#6435=DIRECTION('',(-1.,0.,0.));
#6436=DIRECTION('center_axis',(0.,-1.,0.));
#6437=DIRECTION('ref_axis',(0.,0.,-1.));
#6438=DIRECTION('',(2.31296463463574E-16,0.,-1.));
#6439=DIRECTION('center_axis',(0.,-1.,0.));
#6440=DIRECTION('ref_axis',(0.,0.,-1.));
#6441=DIRECTION('',(1.,0.,1.46081976924363E-16));
#6442=DIRECTION('center_axis',(0.,-1.,0.));
#6443=DIRECTION('ref_axis',(0.,0.,-1.));
#6444=DIRECTION('',(-2.31296463463574E-16,0.,1.));
#6445=DIRECTION('center_axis',(0.,-1.,0.));
#6446=DIRECTION('ref_axis',(0.,0.,-1.));
#6447=DIRECTION('center_axis',(-3.08395284618099E-15,0.,1.));
#6448=DIRECTION('ref_axis',(1.,0.,3.08395284618099E-15));
#6449=DIRECTION('',(0.,-1.,-1.38777878078144E-14));
#6450=DIRECTION('',(0.,-1.,0.));
#6451=DIRECTION('center_axis',(-3.08395284618099E-15,0.,1.));
#6452=DIRECTION('ref_axis',(1.,0.,3.08395284618099E-15));
#6453=DIRECTION('',(0.,-1.,0.));
#6454=DIRECTION('',(-1.,3.46944695195342E-15,0.));
#6455=DIRECTION('',(-3.08395284618099E-15,-1.,-9.51076515746782E-30));
#6456=DIRECTION('',(-1.,0.,-3.08395284618099E-15));
#6457=DIRECTION('center_axis',(3.08395284618099E-15,0.,-1.));
#6458=DIRECTION('ref_axis',(-1.,0.,-3.08395284618099E-15));
#6459=DIRECTION('',(3.08395284618099E-15,1.,9.51076515746782E-30));
#6460=DIRECTION('',(1.,-3.46944695195342E-15,0.));
#6461=DIRECTION('',(0.,-1.,0.));
#6462=DIRECTION('',(-1.,3.49148133884313E-15,-3.08395284618099E-15));
#6463=DIRECTION('center_axis',(3.08395284618099E-15,0.,-1.));
#6464=DIRECTION('ref_axis',(-1.,0.,-3.08395284618099E-15));
#6465=DIRECTION('',(0.,1.,1.38777878078144E-14));
#6466=DIRECTION('',(0.,-1.,0.));
#6467=DIRECTION('center_axis',(3.08395284618099E-15,0.,1.));
#6468=DIRECTION('ref_axis',(1.,0.,-3.08395284618099E-15));
#6469=DIRECTION('',(0.,-1.,-1.38777878078144E-14));
#6470=DIRECTION('',(0.,-1.,0.));
#6471=DIRECTION('center_axis',(3.08395284618099E-15,0.,1.));
#6472=DIRECTION('ref_axis',(1.,0.,-3.08395284618099E-15));
#6473=DIRECTION('',(0.,-1.,0.));
#6474=DIRECTION('',(-1.,3.46944695195332E-15,0.));
#6475=DIRECTION('',(-3.08395284618099E-15,-1.,9.51076515746782E-30));
#6476=DIRECTION('',(-1.,0.,3.08395284618099E-15));
#6477=DIRECTION('center_axis',(-3.08395284618099E-15,0.,-1.));
#6478=DIRECTION('ref_axis',(-1.,0.,3.08395284618099E-15));
#6479=DIRECTION('',(3.08395284618099E-15,1.,-9.51076515746782E-30));
#6480=DIRECTION('',(1.,-3.46944695195332E-15,0.));
#6481=DIRECTION('',(0.,-1.,0.));
#6482=DIRECTION('',(-1.,3.49148133884313E-15,3.08395284618099E-15));
#6483=DIRECTION('center_axis',(-3.08395284618099E-15,0.,-1.));
#6484=DIRECTION('ref_axis',(-1.,0.,3.08395284618099E-15));
#6485=DIRECTION('',(0.,1.,1.38777878078144E-14));
#6486=DIRECTION('',(0.,-1.,0.));
#6487=DIRECTION('center_axis',(3.08395284618099E-15,0.,-1.));
#6488=DIRECTION('ref_axis',(-1.,0.,-3.08395284618099E-15));
#6489=DIRECTION('',(0.,-1.,-1.38777878078144E-14));
#6490=DIRECTION('',(0.,-1.,0.));
#6491=DIRECTION('center_axis',(3.08395284618099E-15,0.,-1.));
#6492=DIRECTION('ref_axis',(-1.,0.,-3.08395284618099E-15));
#6493=DIRECTION('',(0.,-1.,0.));
#6494=DIRECTION('',(1.,3.46944695195371E-15,0.));
#6495=DIRECTION('',(3.08395284618099E-15,-1.,9.51076515746782E-30));
#6496=DIRECTION('',(1.,0.,3.08395284618099E-15));
#6497=DIRECTION('center_axis',(-3.08395284618099E-15,0.,1.));
#6498=DIRECTION('ref_axis',(1.,0.,3.08395284618099E-15));
#6499=DIRECTION('',(-3.08395284618099E-15,1.,-9.51076515746782E-30));
#6500=DIRECTION('',(-1.,-3.46944695195371E-15,0.));
#6501=DIRECTION('',(0.,-1.,0.));
#6502=DIRECTION('',(1.,3.49148133884313E-15,3.08395284618099E-15));
#6503=DIRECTION('center_axis',(-3.08395284618099E-15,0.,1.));
#6504=DIRECTION('ref_axis',(1.,0.,3.08395284618099E-15));
#6505=DIRECTION('',(0.,1.,1.38777878078144E-14));
#6506=DIRECTION('',(0.,-1.,0.));
#6507=DIRECTION('center_axis',(-3.08395284618099E-15,0.,-1.));
#6508=DIRECTION('ref_axis',(-1.,0.,3.08395284618099E-15));
#6509=DIRECTION('',(0.,-1.,1.38777878078144E-14));
#6510=DIRECTION('',(0.,-1.,0.));
#6511=DIRECTION('center_axis',(-3.08395284618099E-15,0.,-1.));
#6512=DIRECTION('ref_axis',(-1.,0.,3.08395284618099E-15));
#6513=DIRECTION('',(0.,-1.,0.));
#6514=DIRECTION('',(1.,3.46944695195361E-15,0.));
#6515=DIRECTION('',(3.08395284618099E-15,-1.,-9.51076515746782E-30));
#6516=DIRECTION('',(1.,0.,-3.08395284618099E-15));
#6517=DIRECTION('center_axis',(3.08395284618099E-15,0.,1.));
#6518=DIRECTION('ref_axis',(1.,0.,-3.08395284618099E-15));
#6519=DIRECTION('',(-3.08395284618099E-15,1.,9.51076515746782E-30));
#6520=DIRECTION('',(-1.,-3.46944695195361E-15,0.));
#6521=DIRECTION('',(0.,-1.,0.));
#6522=DIRECTION('',(1.,3.49148133884313E-15,-3.08395284618099E-15));
#6523=DIRECTION('center_axis',(3.08395284618099E-15,0.,1.));
#6524=DIRECTION('ref_axis',(1.,0.,-3.08395284618099E-15));
#6525=DIRECTION('',(0.,1.,-1.38777878078144E-14));
#6526=DIRECTION('',(0.,-1.,0.));
#6527=DIRECTION('center_axis',(0.,0.,-1.));
#6528=DIRECTION('ref_axis',(1.,-3.15404268359418E-15,0.));
#6529=DIRECTION('center_axis',(-3.08395284618099E-15,0.,1.));
#6530=DIRECTION('ref_axis',(-1.,0.,-3.08395284618099E-15));
#6531=DIRECTION('center_axis',(-3.08395284618099E-15,0.,-1.));
#6532=DIRECTION('ref_axis',(1.,-3.54829801904346E-15,-3.08395284618099E-15));
#6533=DIRECTION('',(0.,0.,-1.));
#6534=DIRECTION('center_axis',(0.,0.,-1.));
#6535=DIRECTION('ref_axis',(1.,-3.15404268359418E-15,0.));
#6536=DIRECTION('center_axis',(3.08395284618099E-15,0.,1.));
#6537=DIRECTION('ref_axis',(-1.,0.,3.08395284618099E-15));
#6538=DIRECTION('',(0.,0.,-1.));
#6539=DIRECTION('center_axis',(0.,0.,-1.));
#6540=DIRECTION('ref_axis',(1.,-3.2526065174565E-15,0.));
#6541=DIRECTION('center_axis',(-3.08395284618099E-15,0.,1.));
#6542=DIRECTION('ref_axis',(-1.,0.,-3.08395284618099E-15));
#6543=DIRECTION('',(0.,0.,-1.));
#6544=DIRECTION('center_axis',(-3.08395284618099E-15,0.,-1.));
#6545=DIRECTION('ref_axis',(1.,-3.61400724161833E-15,-3.08395284618099E-15));
#6546=DIRECTION('center_axis',(0.,0.,-1.));
#6547=DIRECTION('ref_axis',(1.,-3.2526065174565E-15,0.));
#6548=DIRECTION('center_axis',(3.08395284618099E-15,0.,1.));
#6549=DIRECTION('ref_axis',(-1.,0.,3.08395284618099E-15));
#6550=DIRECTION('',(0.,0.,-1.));
#6551=DIRECTION('center_axis',(1.,-3.08395284618099E-15,0.));
#6552=DIRECTION('ref_axis',(3.08395284618099E-15,1.,0.));
#6553=DIRECTION('',(0.,0.,-1.));
#6554=DIRECTION('center_axis',(1.,-3.08395284618099E-15,0.));
#6555=DIRECTION('ref_axis',(3.08395284618099E-15,1.,0.));
#6556=DIRECTION('',(-3.08395284618099E-15,-1.,-6.12323399573677E-17));
#6557=DIRECTION('',(0.,0.,-1.));
#6558=DIRECTION('center_axis',(1.,-3.08395284618099E-15,0.));
#6559=DIRECTION('ref_axis',(3.08395284618099E-15,1.,0.));
#6560=DIRECTION('',(0.,0.,-1.));
#6561=DIRECTION('center_axis',(1.,-3.08395284618099E-15,0.));
#6562=DIRECTION('ref_axis',(3.08395284618099E-15,1.,0.));
#6563=DIRECTION('',(0.,0.,-1.));
#6564=DIRECTION('',(3.08395284618099E-15,1.,6.12323399573677E-17));
#6565=DIRECTION('center_axis',(3.49148133884313E-15,1.,0.));
#6566=DIRECTION('ref_axis',(-1.,3.49148133884313E-15,0.));
#6567=DIRECTION('center_axis',(3.49148133884313E-15,1.,0.));
#6568=DIRECTION('ref_axis',(-1.,3.49148133884313E-15,0.));
#6569=DIRECTION('',(1.,-3.49148133884313E-15,-2.79045114720309E-32));
#6570=DIRECTION('center_axis',(0.,0.,1.));
#6571=DIRECTION('ref_axis',(-1.,-3.15404268359418E-15,0.));
#6572=DIRECTION('center_axis',(3.08395284618099E-15,0.,-1.));
#6573=DIRECTION('ref_axis',(1.,0.,3.08395284618099E-15));
#6574=DIRECTION('center_axis',(3.08395284618099E-15,0.,1.));
#6575=DIRECTION('ref_axis',(-1.,-3.54829801904346E-15,3.08395284618099E-15));
#6576=DIRECTION('',(0.,0.,1.));
#6577=DIRECTION('center_axis',(0.,0.,1.));
#6578=DIRECTION('ref_axis',(-1.,-3.15404268359418E-15,0.));
#6579=DIRECTION('center_axis',(-3.08395284618099E-15,0.,-1.));
#6580=DIRECTION('ref_axis',(1.,0.,-3.08395284618099E-15));
#6581=DIRECTION('',(0.,0.,1.));
#6582=DIRECTION('center_axis',(0.,0.,1.));
#6583=DIRECTION('ref_axis',(-1.,-3.2526065174565E-15,0.));
#6584=DIRECTION('center_axis',(3.08395284618099E-15,0.,-1.));
#6585=DIRECTION('ref_axis',(1.,0.,3.08395284618099E-15));
#6586=DIRECTION('',(0.,0.,1.));
#6587=DIRECTION('center_axis',(3.08395284618099E-15,0.,1.));
#6588=DIRECTION('ref_axis',(-1.,-3.61400724161833E-15,3.08395284618099E-15));
#6589=DIRECTION('center_axis',(0.,0.,1.));
#6590=DIRECTION('ref_axis',(-1.,-3.2526065174565E-15,0.));
#6591=DIRECTION('center_axis',(-3.08395284618099E-15,0.,-1.));
#6592=DIRECTION('ref_axis',(1.,0.,-3.08395284618099E-15));
#6593=DIRECTION('',(0.,0.,1.));
#6594=DIRECTION('center_axis',(-1.,-3.08395284618099E-15,0.));
#6595=DIRECTION('ref_axis',(3.08395284618099E-15,-1.,0.));
#6596=DIRECTION('',(0.,0.,1.));
#6597=DIRECTION('center_axis',(-1.,-3.08395284618099E-15,0.));
#6598=DIRECTION('ref_axis',(3.08395284618099E-15,-1.,0.));
#6599=DIRECTION('',(3.08395284618099E-15,-1.,-6.12323399573677E-17));
#6600=DIRECTION('',(0.,0.,1.));
#6601=DIRECTION('center_axis',(-1.,-3.08395284618099E-15,0.));
#6602=DIRECTION('ref_axis',(3.08395284618099E-15,-1.,0.));
#6603=DIRECTION('',(0.,0.,1.));
#6604=DIRECTION('center_axis',(-1.,-3.08395284618099E-15,0.));
#6605=DIRECTION('ref_axis',(3.08395284618099E-15,-1.,0.));
#6606=DIRECTION('',(0.,0.,1.));
#6607=DIRECTION('',(-3.08395284618099E-15,1.,6.12323399573677E-17));
#6608=DIRECTION('center_axis',(-3.49148133884313E-15,1.,0.));
#6609=DIRECTION('ref_axis',(-1.,-3.49148133884313E-15,0.));
#6610=DIRECTION('center_axis',(-3.49148133884313E-15,1.,0.));
#6611=DIRECTION('ref_axis',(-1.,-3.49148133884313E-15,0.));
#6612=DIRECTION('',(-1.,-3.49148133884313E-15,-2.79045114720309E-32));
#6613=DIRECTION('',(0.,0.,-1.));
#6614=DIRECTION('',(0.,-1.,0.));
#6615=DIRECTION('',(0.,0.,-1.));
#6616=DIRECTION('',(0.,-1.,0.));
#6617=DIRECTION('center_axis',(1.,0.,0.));
#6618=DIRECTION('ref_axis',(0.,0.,1.));
#6619=DIRECTION('',(-1.,0.,0.));
#6620=DIRECTION('center_axis',(1.,0.,0.));
#6621=DIRECTION('ref_axis',(0.,0.,1.));
#6622=DIRECTION('',(1.,0.,0.));
#6623=DIRECTION('center_axis',(-1.,0.,0.));
#6624=DIRECTION('ref_axis',(0.,0.,1.));
#6625=DIRECTION('',(0.,1.,0.));
#6626=DIRECTION('',(0.,0.,-1.));
#6627=DIRECTION('',(0.,1.,0.));
#6628=DIRECTION('center_axis',(0.,0.,-1.));
#6629=DIRECTION('ref_axis',(-1.,0.,0.));
#6630=DIRECTION('',(0.,1.,0.));
#6631=DIRECTION('',(-1.,0.,0.));
#6632=DIRECTION('center_axis',(0.,0.,-1.));
#6633=DIRECTION('ref_axis',(-1.,0.,0.));
#6634=DIRECTION('',(0.,1.,0.));
#6635=DIRECTION('',(-1.,0.,0.));
#6636=DIRECTION('center_axis',(0.,-1.,0.));
#6637=DIRECTION('ref_axis',(0.,0.,-1.));
#6638=DIRECTION('',(0.,0.,-1.));
#6639=DIRECTION('center_axis',(-1.,0.,0.));
#6640=DIRECTION('ref_axis',(0.,0.,1.));
#6641=DIRECTION('',(0.,-6.98296267768627E-15,1.));
#6642=DIRECTION('',(0.,-1.,0.));
#6643=DIRECTION('',(0.,-6.98296267768627E-15,1.));
#6644=DIRECTION('',(0.,-1.,0.));
#6645=DIRECTION('center_axis',(-1.,0.,0.));
#6646=DIRECTION('ref_axis',(0.,-3.15404268359418E-15,-1.));
#6647=DIRECTION('',(1.,0.,0.));
#6648=DIRECTION('center_axis',(-1.,0.,0.));
#6649=DIRECTION('ref_axis',(0.,-3.2526065174565E-15,-1.));
#6650=DIRECTION('',(-1.,0.,0.));
#6651=DIRECTION('center_axis',(1.,0.,0.));
#6652=DIRECTION('ref_axis',(0.,0.,-1.));
#6653=DIRECTION('',(0.,1.,-3.08395284618099E-15));
#6654=DIRECTION('',(0.,3.49148133884313E-15,1.));
#6655=DIRECTION('',(0.,1.,-3.08395284618099E-15));
#6656=DIRECTION('center_axis',(0.,3.08395284618099E-15,1.));
#6657=DIRECTION('ref_axis',(0.,-1.,3.08395284618099E-15));
#6658=DIRECTION('',(0.,1.,-3.08395284618099E-15));
#6659=DIRECTION('',(1.,0.,0.));
#6660=DIRECTION('center_axis',(0.,3.08395284618099E-15,1.));
#6661=DIRECTION('ref_axis',(0.,-1.,3.08395284618099E-15));
#6662=DIRECTION('',(0.,1.,-3.08395284618099E-15));
#6663=DIRECTION('',(1.,0.,0.));
#6664=DIRECTION('center_axis',(0.,-1.,3.49148133884313E-15));
#6665=DIRECTION('ref_axis',(0.,-3.49148133884313E-15,-1.));
#6666=DIRECTION('',(0.,3.49148133884313E-15,1.));
#6667=DIRECTION('center_axis',(1.,0.,0.));
#6668=DIRECTION('ref_axis',(0.,0.,-1.));
#6669=DIRECTION('',(-1.,3.08395284618099E-15,2.9505882670289E-33));
#6670=DIRECTION('',(0.,-1.,0.));
#6671=DIRECTION('',(-1.,3.08395284618099E-15,2.9505882670289E-33));
#6672=DIRECTION('',(0.,-1.,0.));
#6673=DIRECTION('center_axis',(0.,0.,-1.));
#6674=DIRECTION('ref_axis',(1.,-3.15404268359418E-15,0.));
#6675=DIRECTION('center_axis',(3.08395284618099E-15,0.,-1.));
#6676=DIRECTION('ref_axis',(1.,-3.54829801904346E-15,3.08395284618099E-15));
#6677=DIRECTION('',(0.,0.,-1.));
#6678=DIRECTION('center_axis',(0.,0.,-1.));
#6679=DIRECTION('ref_axis',(1.,-3.2526065174565E-15,0.));
#6680=DIRECTION('',(0.,0.,-1.));
#6681=DIRECTION('center_axis',(3.08395284618099E-15,0.,-1.));
#6682=DIRECTION('ref_axis',(1.,-3.61400724161833E-15,3.08395284618099E-15));
#6683=DIRECTION('center_axis',(-1.85887060822817E-31,-6.12323399573677E-17,
1.));
#6684=DIRECTION('ref_axis',(0.,-1.,-6.12323399573677E-17));
#6685=DIRECTION('',(1.,-3.49148133884313E-15,-2.79045114720309E-32));
#6686=DIRECTION('',(3.08395284618099E-15,1.,6.12323399573677E-17));
#6687=DIRECTION('',(-3.08395284618099E-15,-1.,-6.12323399573677E-17));
#6688=DIRECTION('center_axis',(1.,-3.08395284618099E-15,0.));
#6689=DIRECTION('ref_axis',(3.08395284618099E-15,1.,0.));
#6690=DIRECTION('',(0.,0.,-1.));
#6691=DIRECTION('center_axis',(1.,-3.08395284618099E-15,0.));
#6692=DIRECTION('ref_axis',(3.08395284618099E-15,1.,0.));
#6693=DIRECTION('',(0.,0.,-1.));
#6694=DIRECTION('center_axis',(3.49148133884313E-15,1.,0.));
#6695=DIRECTION('ref_axis',(-1.,3.49148133884313E-15,0.));
#6696=DIRECTION('center_axis',(-1.85887060822817E-31,-6.12323399573677E-17,
1.));
#6697=DIRECTION('ref_axis',(0.,-1.,-6.12323399573677E-17));
#6698=DIRECTION('',(1.,3.08395284618099E-15,2.9505882670289E-33));
#6699=DIRECTION('',(0.,-1.,0.));
#6700=DIRECTION('',(1.,3.08395284618099E-15,2.9505882670289E-33));
#6701=DIRECTION('',(0.,-1.,0.));
#6702=DIRECTION('center_axis',(0.,0.,1.));
#6703=DIRECTION('ref_axis',(-1.,-3.15404268359418E-15,0.));
#6704=DIRECTION('center_axis',(-3.08395284618099E-15,0.,1.));
#6705=DIRECTION('ref_axis',(-1.,-3.54829801904346E-15,-3.08395284618099E-15));
#6706=DIRECTION('',(0.,0.,1.));
#6707=DIRECTION('center_axis',(0.,0.,1.));
#6708=DIRECTION('ref_axis',(-1.,-3.2526065174565E-15,0.));
#6709=DIRECTION('',(0.,0.,1.));
#6710=DIRECTION('center_axis',(-3.08395284618099E-15,0.,1.));
#6711=DIRECTION('ref_axis',(-1.,-3.61400724161833E-15,-3.08395284618099E-15));
#6712=DIRECTION('center_axis',(-1.85887060822817E-31,6.12323399573677E-17,
-1.));
#6713=DIRECTION('ref_axis',(0.,1.,6.12323399573677E-17));
#6714=DIRECTION('',(-1.,-3.49148133884313E-15,-2.79045114720309E-32));
#6715=DIRECTION('',(-3.08395284618099E-15,1.,6.12323399573677E-17));
#6716=DIRECTION('',(3.08395284618099E-15,-1.,-6.12323399573677E-17));
#6717=DIRECTION('center_axis',(-1.,-3.08395284618099E-15,0.));
#6718=DIRECTION('ref_axis',(3.08395284618099E-15,-1.,0.));
#6719=DIRECTION('',(0.,0.,1.));
#6720=DIRECTION('center_axis',(-1.,-3.08395284618099E-15,0.));
#6721=DIRECTION('ref_axis',(3.08395284618099E-15,-1.,0.));
#6722=DIRECTION('',(0.,0.,1.));
#6723=DIRECTION('center_axis',(-3.49148133884313E-15,1.,0.));
#6724=DIRECTION('ref_axis',(-1.,-3.49148133884313E-15,0.));
#6725=DIRECTION('center_axis',(-1.85887060822817E-31,6.12323399573677E-17,
-1.));
#6726=DIRECTION('ref_axis',(0.,1.,6.12323399573677E-17));
#6727=DIRECTION('',(-0.707106781186548,2.18068397039413E-15,-0.707106781186548));
#6728=DIRECTION('',(-0.707106781186547,2.18068397039413E-15,-0.707106781186547));
#6729=DIRECTION('center_axis',(0.707106781186548,-1.12149461334556E-15,
-0.707106781186548));
#6730=DIRECTION('ref_axis',(0.707106781186547,-2.16840434497097E-15,0.707106781186547));
#6731=DIRECTION('',(-0.707106781186547,1.12149461334556E-15,0.707106781186548));
#6732=DIRECTION('center_axis',(0.707106781186548,-1.12149461334556E-15,
-0.707106781186548));
#6733=DIRECTION('ref_axis',(0.707106781186547,-2.16840434497093E-15,0.707106781186547));
#6734=DIRECTION('',(0.707106781186547,-1.12149461334556E-15,-0.707106781186548));
#6735=DIRECTION('center_axis',(-0.707106781186548,1.13676375145294E-15,
0.707106781186548));
#6736=DIRECTION('ref_axis',(0.707106781186548,0.,0.707106781186548));
#6737=DIRECTION('',(0.707106781186548,-3.49148133884313E-15,0.707106781186548));
#6738=DIRECTION('',(2.34578978034992E-15,1.,7.38163065831063E-16));
#6739=DIRECTION('',(2.34578978034992E-15,1.,7.38163065831064E-16));
#6740=DIRECTION('center_axis',(-0.707106781186548,2.18068397039413E-15,
-0.707106781186547));
#6741=DIRECTION('ref_axis',(-0.707106781186547,0.,0.707106781186548));
#6742=DIRECTION('',(2.34578978034992E-15,1.,7.38163065831063E-16));
#6743=DIRECTION('',(0.707106781186547,0.,-0.707106781186548));
#6744=DIRECTION('center_axis',(-0.707106781186548,2.18068397039413E-15,
-0.707106781186547));
#6745=DIRECTION('ref_axis',(-0.707106781186547,0.,0.707106781186548));
#6746=DIRECTION('',(2.34578978034992E-15,1.,7.38163065831064E-16));
#6747=DIRECTION('',(0.707106781186547,0.,-0.707106781186548));
#6748=DIRECTION('center_axis',(2.46885013108227E-15,1.,2.46885013108226E-15));
#6749=DIRECTION('ref_axis',(-1.,2.46885013108227E-15,0.));
#6750=DIRECTION('',(0.707106781186547,-3.49148133884313E-15,0.707106781186547));
#6751=DIRECTION('center_axis',(-0.707106781186548,1.13676375145294E-15,
0.707106781186548));
#6752=DIRECTION('ref_axis',(0.707106781186548,0.,0.707106781186548));
#6753=DIRECTION('',(-0.707106781186547,3.2710259555912E-15,0.707106781186547));
#6754=DIRECTION('',(-0.707106781186547,3.2710259555912E-15,0.707106781186547));
#6755=DIRECTION('center_axis',(-0.707106781186548,-5.60747306672777E-16,
-0.707106781186548));
#6756=DIRECTION('ref_axis',(0.707106781186548,-3.35117035131882E-15,-0.707106781186548));
#6757=DIRECTION('',(0.707106781186547,5.60747306672777E-16,0.707106781186547));
#6758=DIRECTION('center_axis',(-0.707106781186548,-5.60747306672777E-16,
-0.707106781186548));
#6759=DIRECTION('ref_axis',(0.707106781186547,-3.25260651745648E-15,-0.707106781186547));
#6760=DIRECTION('',(-0.707106781186547,-5.60747306672777E-16,-0.707106781186547));
#6761=DIRECTION('center_axis',(0.707106781186548,4.85673823149545E-16,0.707106781186548));
#6762=DIRECTION('ref_axis',(0.707106781186548,0.,-0.707106781186548));
#6763=DIRECTION('',(0.707106781186547,-3.49148133884313E-15,-0.707106781186547));
#6764=DIRECTION('',(1.9695413808419E-15,1.,-2.65638788842958E-15));
#6765=DIRECTION('',(1.9695413808419E-15,1.,-2.65638788842958E-15));
#6766=DIRECTION('center_axis',(-0.707106781186548,3.2710259555912E-15,0.707106781186548));
#6767=DIRECTION('ref_axis',(0.707106781186548,0.,0.707106781186548));
#6768=DIRECTION('',(1.9695413808419E-15,1.,-2.65638788842958E-15));
#6769=DIRECTION('',(-0.707106781186547,0.,-0.707106781186547));
#6770=DIRECTION('center_axis',(-0.707106781186548,3.2710259555912E-15,0.707106781186548));
#6771=DIRECTION('ref_axis',(0.707106781186548,0.,0.707106781186548));
#6772=DIRECTION('',(1.9695413808419E-15,1.,-2.65638788842958E-15));
#6773=DIRECTION('',(-0.707106781186547,0.,-0.707106781186547));
#6774=DIRECTION('center_axis',(2.46885013108227E-15,1.,-2.46885013108227E-15));
#6775=DIRECTION('ref_axis',(0.,2.46885013108227E-15,1.));
#6776=DIRECTION('',(0.707106781186547,-3.49148133884313E-15,-0.707106781186547));
#6777=DIRECTION('center_axis',(0.707106781186548,4.85673823149545E-16,0.707106781186548));
#6778=DIRECTION('ref_axis',(0.707106781186548,0.,-0.707106781186548));
#6779=DIRECTION('',(0.707106781186547,4.36136794078826E-15,0.707106781186547));
#6780=DIRECTION('',(0.707106781186547,4.36136794078826E-15,0.707106781186547));
#6781=DIRECTION('center_axis',(-0.707106781186548,0.,0.707106781186548));
#6782=DIRECTION('ref_axis',(-0.707106781186548,-4.33680868994208E-15,-0.707106781186548));
#6783=DIRECTION('',(0.707106781186547,0.,-0.707106781186547));
#6784=DIRECTION('center_axis',(-0.707106781186548,0.,0.707106781186548));
#6785=DIRECTION('ref_axis',(-0.707106781186547,-4.33680868994212E-15,-0.707106781186547));
#6786=DIRECTION('',(-0.707106781186547,0.,0.707106781186547));
#6787=DIRECTION('center_axis',(0.707106781186548,2.58523310486211E-17,-0.707106781186548));
#6788=DIRECTION('ref_axis',(-0.707106781186548,0.,-0.707106781186548));
#6789=DIRECTION('',(-0.707106781186548,-3.49148133884313E-15,-0.707106781186548));
#6790=DIRECTION('',(-3.10223320477495E-15,1.,-3.06567248758703E-15));
#6791=DIRECTION('',(-3.10223320477495E-15,1.,-3.06567248758703E-15));
#6792=DIRECTION('center_axis',(0.707106781186548,4.36136794078826E-15,0.707106781186548));
#6793=DIRECTION('ref_axis',(0.707106781186548,0.,-0.707106781186548));
#6794=DIRECTION('',(-3.10223320477495E-15,1.,-3.06567248758703E-15));
#6795=DIRECTION('',(-0.707106781186547,0.,0.707106781186547));
#6796=DIRECTION('center_axis',(0.707106781186548,4.36136794078826E-15,0.707106781186548));
#6797=DIRECTION('ref_axis',(0.707106781186548,0.,-0.707106781186548));
#6798=DIRECTION('',(-3.10223320477495E-15,1.,-3.06567248758703E-15));
#6799=DIRECTION('',(-0.707106781186547,0.,0.707106781186547));
#6800=DIRECTION('center_axis',(-2.46885013108227E-15,1.,-2.46885013108227E-15));
#6801=DIRECTION('ref_axis',(0.,2.46885013108227E-15,1.));
#6802=DIRECTION('',(-0.707106781186547,-3.49148133884313E-15,-0.707106781186547));
#6803=DIRECTION('center_axis',(0.707106781186548,2.58523310486211E-17,-0.707106781186548));
#6804=DIRECTION('ref_axis',(-0.707106781186548,0.,-0.707106781186548));
#6805=DIRECTION('',(0.707106781186547,4.36136794078826E-15,-0.707106781186547));
#6806=DIRECTION('',(0.707106781186547,4.36136794078826E-15,-0.707106781186547));
#6807=DIRECTION('center_axis',(0.707106781186548,-5.60747306672777E-16,
0.707106781186548));
#6808=DIRECTION('ref_axis',(-0.707106781186548,-4.33680868994193E-15,0.707106781186548));
#6809=DIRECTION('',(-0.707106781186548,5.60747306672775E-16,-0.707106781186547));
#6810=DIRECTION('center_axis',(0.707106781186548,-5.60747306672777E-16,
0.707106781186548));
#6811=DIRECTION('ref_axis',(-0.707106781186548,-4.33680868994183E-15,0.707106781186548));
#6812=DIRECTION('',(0.707106781186548,-5.60747306672775E-16,0.707106781186547));
#6813=DIRECTION('center_axis',(-0.707106781186548,4.98126173779694E-16,
-0.707106781186548));
#6814=DIRECTION('ref_axis',(-0.707106781186548,0.,0.707106781186548));
#6815=DIRECTION('',(-0.707106781186547,-3.49148133884313E-15,0.707106781186547));
#6816=DIRECTION('',(-2.73172445081486E-15,1.,3.43618124154712E-15));
#6817=DIRECTION('',(-2.73172445081486E-15,1.,3.43618124154712E-15));
#6818=DIRECTION('center_axis',(0.707106781186547,4.36136794078826E-15,-0.707106781186548));
#6819=DIRECTION('ref_axis',(-0.707106781186548,0.,-0.707106781186547));
#6820=DIRECTION('',(-2.73172445081486E-15,1.,3.43618124154712E-15));
#6821=DIRECTION('',(0.707106781186548,0.,0.707106781186547));
#6822=DIRECTION('center_axis',(0.707106781186547,4.36136794078826E-15,-0.707106781186548));
#6823=DIRECTION('ref_axis',(-0.707106781186548,0.,-0.707106781186547));
#6824=DIRECTION('',(-2.73172445081486E-15,1.,3.43618124154712E-15));
#6825=DIRECTION('',(0.707106781186548,0.,0.707106781186547));
#6826=DIRECTION('center_axis',(-2.46885013108226E-15,1.,2.46885013108227E-15));
#6827=DIRECTION('ref_axis',(0.,-2.46885013108227E-15,1.));
#6828=DIRECTION('',(-0.707106781186547,-3.49148133884313E-15,0.707106781186547));
#6829=DIRECTION('center_axis',(-0.707106781186548,4.98126173779694E-16,
-0.707106781186548));
#6830=DIRECTION('ref_axis',(-0.707106781186548,0.,0.707106781186548));
#6831=DIRECTION('center_axis',(0.,-1.,0.));
#6832=DIRECTION('ref_axis',(0.,0.,-1.));
#6833=DIRECTION('',(0.,-1.,0.));
#6834=DIRECTION('',(0.,-1.,0.));
#6835=DIRECTION('center_axis',(0.,0.,1.));
#6836=DIRECTION('ref_axis',(1.,0.,0.));
#6837=DIRECTION('',(0.,-1.,0.));
#6838=DIRECTION('center_axis',(0.,-1.,0.));
#6839=DIRECTION('ref_axis',(0.,0.,-1.));
#6840=DIRECTION('',(0.,-1.,0.));
#6841=DIRECTION('center_axis',(1.,0.,2.31296463463574E-16));
#6842=DIRECTION('ref_axis',(2.31296463463574E-16,0.,-1.));
#6843=DIRECTION('',(0.,-1.,0.));
#6844=DIRECTION('center_axis',(0.,-1.,0.));
#6845=DIRECTION('ref_axis',(0.,0.,-1.));
#6846=DIRECTION('',(0.,-1.,0.));
#6847=DIRECTION('center_axis',(1.46081976924363E-16,0.,-1.));
#6848=DIRECTION('ref_axis',(-1.,0.,-1.46081976924363E-16));
#6849=DIRECTION('',(0.,-1.,0.));
#6850=DIRECTION('center_axis',(0.,-1.,0.));
#6851=DIRECTION('ref_axis',(0.,0.,-1.));
#6852=DIRECTION('',(0.,-1.,0.));
#6853=DIRECTION('center_axis',(-1.,0.,-2.31296463463574E-16));
#6854=DIRECTION('ref_axis',(-2.31296463463574E-16,0.,1.));
#6855=DIRECTION('center_axis',(0.,-1.,0.));
#6856=DIRECTION('ref_axis',(0.,0.,-1.));
#6857=DIRECTION('',(0.,-1.,0.));
#6858=DIRECTION('',(0.,-1.,0.));
#6859=DIRECTION('center_axis',(-1.46081976924363E-16,0.,1.));
#6860=DIRECTION('ref_axis',(1.,0.,1.46081976924363E-16));
#6861=DIRECTION('',(0.,-1.,0.));
#6862=DIRECTION('center_axis',(0.,-1.,0.));
#6863=DIRECTION('ref_axis',(0.,0.,-1.));
#6864=DIRECTION('',(0.,-1.,0.));
#6865=DIRECTION('center_axis',(1.,0.,0.));
#6866=DIRECTION('ref_axis',(0.,0.,-1.));
#6867=DIRECTION('',(0.,-1.,0.));
#6868=DIRECTION('center_axis',(0.,-1.,0.));
#6869=DIRECTION('ref_axis',(0.,0.,-1.));
#6870=DIRECTION('',(0.,-1.,0.));
#6871=DIRECTION('center_axis',(1.46081976924363E-16,0.,-1.));
#6872=DIRECTION('ref_axis',(-1.,0.,-1.46081976924363E-16));
#6873=DIRECTION('',(0.,-1.,0.));
#6874=DIRECTION('center_axis',(0.,-1.,0.));
#6875=DIRECTION('ref_axis',(0.,0.,-1.));
#6876=DIRECTION('',(0.,-1.,0.));
#6877=DIRECTION('center_axis',(-1.,0.,0.));
#6878=DIRECTION('ref_axis',(0.,0.,1.));
#6879=DIRECTION('center_axis',(0.,-1.,0.));
#6880=DIRECTION('ref_axis',(0.,0.,-1.));
#6881=DIRECTION('center_axis',(3.08395284618099E-15,0.,1.));
#6882=DIRECTION('ref_axis',(1.,0.,-3.08395284618099E-15));
#6883=DIRECTION('center_axis',(-3.08395284618099E-15,0.,-1.));
#6884=DIRECTION('ref_axis',(-1.,0.,3.08395284618099E-15));
#6885=DIRECTION('center_axis',(0.,-1.,0.));
#6886=DIRECTION('ref_axis',(0.,0.,-1.));
#6887=DIRECTION('center_axis',(-3.08395284618099E-15,0.,1.));
#6888=DIRECTION('ref_axis',(1.,0.,3.08395284618099E-15));
#6889=DIRECTION('center_axis',(3.08395284618099E-15,0.,-1.));
#6890=DIRECTION('ref_axis',(-1.,0.,-3.08395284618099E-15));
#6891=DIRECTION('center_axis',(0.,-1.,0.));
#6892=DIRECTION('ref_axis',(0.,0.,-1.));
#6893=DIRECTION('center_axis',(-3.08395284618099E-15,0.,-1.));
#6894=DIRECTION('ref_axis',(-1.,0.,3.08395284618099E-15));
#6895=DIRECTION('center_axis',(3.08395284618099E-15,0.,1.));
#6896=DIRECTION('ref_axis',(1.,0.,-3.08395284618099E-15));
#6897=DIRECTION('center_axis',(0.,-1.,0.));
#6898=DIRECTION('ref_axis',(0.,0.,-1.));
#6899=DIRECTION('center_axis',(3.08395284618099E-15,0.,-1.));
#6900=DIRECTION('ref_axis',(-1.,0.,-3.08395284618099E-15));
#6901=DIRECTION('center_axis',(-3.08395284618099E-15,0.,1.));
#6902=DIRECTION('ref_axis',(1.,0.,3.08395284618099E-15));
#6903=DIRECTION('center_axis',(0.,1.,0.));
#6904=DIRECTION('ref_axis',(0.,0.,1.));
#6905=DIRECTION('',(0.,1.,0.));
#6906=DIRECTION('',(0.,1.,0.));
#6907=DIRECTION('center_axis',(1.12279836632803E-15,0.,-1.));
#6908=DIRECTION('ref_axis',(-1.,0.,-1.12279836632803E-15));
#6909=DIRECTION('',(0.,1.,0.));
#6910=DIRECTION('center_axis',(0.,1.,0.));
#6911=DIRECTION('ref_axis',(0.,0.,1.));
#6912=DIRECTION('',(0.,1.,0.));
#6913=DIRECTION('center_axis',(1.,0.,0.));
#6914=DIRECTION('ref_axis',(0.,0.,-1.));
#6915=DIRECTION('',(0.,1.,0.));
#6916=DIRECTION('center_axis',(0.,1.,0.));
#6917=DIRECTION('ref_axis',(0.,0.,1.));
#6918=DIRECTION('',(0.,1.,0.));
#6919=DIRECTION('center_axis',(0.,0.,1.));
#6920=DIRECTION('ref_axis',(1.,0.,0.));
#6921=DIRECTION('',(0.,1.,0.));
#6922=DIRECTION('center_axis',(0.,1.,0.));
#6923=DIRECTION('ref_axis',(0.,0.,1.));
#6924=DIRECTION('',(0.,1.,0.));
#6925=DIRECTION('center_axis',(0.,1.,0.));
#6926=DIRECTION('ref_axis',(0.,0.,1.));
#6927=DIRECTION('',(0.,1.,0.));
#6928=DIRECTION('',(0.,1.,0.));
#6929=DIRECTION('center_axis',(0.,1.,0.));
#6930=DIRECTION('ref_axis',(0.,0.,1.));
#6931=DIRECTION('',(0.,1.,0.));
#6932=DIRECTION('',(0.,1.,0.));
#6933=DIRECTION('center_axis',(-5.61399183164016E-16,0.,1.));
#6934=DIRECTION('ref_axis',(1.,0.,5.61399183164016E-16));
#6935=DIRECTION('',(0.,1.,0.));
#6936=DIRECTION('center_axis',(0.,1.,0.));
#6937=DIRECTION('ref_axis',(0.,0.,1.));
#6938=DIRECTION('',(0.,1.,0.));
#6939=DIRECTION('center_axis',(-1.,0.,0.));
#6940=DIRECTION('ref_axis',(0.,0.,1.));
#6941=DIRECTION('',(0.,1.,0.));
#6942=DIRECTION('center_axis',(0.,1.,0.));
#6943=DIRECTION('ref_axis',(0.,0.,1.));
#6944=DIRECTION('',(0.,1.,0.));
#6945=DIRECTION('center_axis',(-1.12279836632803E-15,0.,-1.));
#6946=DIRECTION('ref_axis',(-1.,0.,1.12279836632803E-15));
#6947=DIRECTION('center_axis',(0.,0.,1.));
#6948=DIRECTION('ref_axis',(1.,0.,0.));
#6949=DIRECTION('center_axis',(-2.54638308400265E-16,0.,-1.));
#6950=DIRECTION('ref_axis',(1.,0.,-2.54638308400265E-16));
#6951=DIRECTION('',(1.,-3.49148133884313E-15,-2.54638308400265E-16));
#6952=DIRECTION('center_axis',(0.,0.,-1.));
#6953=DIRECTION('ref_axis',(1.,0.,0.));
#6954=DIRECTION('center_axis',(0.,0.,-1.));
#6955=DIRECTION('ref_axis',(-1.,0.,0.));
#6956=DIRECTION('',(-1.,3.49148133884313E-15,2.54638308400265E-16));
#6957=DIRECTION('center_axis',(2.54638308400265E-16,0.,1.));
#6958=DIRECTION('ref_axis',(1.,0.,-2.54638308400265E-16));
#6959=DIRECTION('center_axis',(0.,0.,1.));
#6960=DIRECTION('ref_axis',(-1.,0.,0.));
#6961=DIRECTION('center_axis',(2.54638308400265E-16,0.,1.));
#6962=DIRECTION('ref_axis',(1.,0.,-2.54638308400265E-16));
#6963=DIRECTION('',(2.54638308400265E-16,-4.93038065763132E-32,1.));
#6964=DIRECTION('center_axis',(2.54638308400265E-16,0.,1.));
#6965=DIRECTION('ref_axis',(1.,0.,-2.54638308400265E-16));
#6966=DIRECTION('',(2.54638308400265E-16,-4.93038065763132E-32,1.));
#6967=DIRECTION('center_axis',(1.,-3.49148133884313E-15,-2.54638308400265E-16));
#6968=DIRECTION('ref_axis',(2.54638308400267E-16,3.85494105772623E-16,1.));
#6969=DIRECTION('center_axis',(-1.,3.49148133884313E-15,2.54638308400265E-16));
#6970=DIRECTION('ref_axis',(2.54638308400267E-16,3.85494105772623E-16,1.));
#6971=DIRECTION('',(1.,-3.49148133884313E-15,-2.54638308400265E-16));
#6972=DIRECTION('center_axis',(-1.,3.49148133884313E-15,2.54638308400265E-16));
#6973=DIRECTION('ref_axis',(2.54638308400267E-16,3.85494105772623E-16,1.));
#6974=DIRECTION('',(1.,-3.49148133884313E-15,-2.54638308400265E-16));
#6975=DIRECTION('center_axis',(-3.49148133884313E-15,-1.,2.54638308400266E-16));
#6976=DIRECTION('ref_axis',(-2.54638308400266E-16,-2.54638308400265E-16,
-1.));
#6977=DIRECTION('',(-2.54638308400266E-16,-2.54638308400265E-16,-1.));
#6978=DIRECTION('',(1.,-3.49148133884313E-15,-2.54638308400265E-16));
#6979=DIRECTION('',(-2.54638308400266E-16,-2.54638308400265E-16,-1.));
#6980=DIRECTION('center_axis',(1.,-3.49148133884313E-15,-2.54638308400265E-16));
#6981=DIRECTION('ref_axis',(2.54638308400267E-16,3.85494105772623E-16,1.));
#6982=DIRECTION('center_axis',(-1.,3.49148133884313E-15,2.54638308400265E-16));
#6983=DIRECTION('ref_axis',(2.54638308400267E-16,3.85494105772623E-16,1.));
#6984=DIRECTION('',(1.,-3.49148133884313E-15,-2.54638308400265E-16));
#6985=DIRECTION('center_axis',(-1.,3.49148133884313E-15,2.54638308400265E-16));
#6986=DIRECTION('ref_axis',(2.54638308400267E-16,3.85494105772623E-16,1.));
#6987=DIRECTION('center_axis',(-1.,3.49148133884313E-15,2.54638308400265E-16));
#6988=DIRECTION('ref_axis',(-2.54638308400266E-16,-2.54638308400265E-16,
-1.));
#6989=DIRECTION('',(-3.49148133884313E-15,-1.,-8.68160057927768E-16));
#6990=DIRECTION('',(3.49148133884313E-15,1.,-2.54638308400266E-16));
#6991=DIRECTION('center_axis',(2.54638308400262E-16,-8.68160057927769E-16,
1.));
#6992=DIRECTION('ref_axis',(-3.49148133884313E-15,-1.,-8.68160057927768E-16));
#6993=DIRECTION('',(-3.49148133884313E-15,-1.,-8.68160057927768E-16));
#6994=DIRECTION('center_axis',(-1.,3.49148133884313E-15,2.54638308400265E-16));
#6995=DIRECTION('ref_axis',(-2.54638308400266E-16,-2.54638308400265E-16,
-1.));
#6996=DIRECTION('',(3.49148133884313E-15,1.,-2.54638308400266E-16));
#6997=DIRECTION('center_axis',(-2.54638308400266E-16,-2.54638308400265E-16,
-1.));
#6998=DIRECTION('ref_axis',(3.49148133884313E-15,1.,-2.54638308400266E-16));
#6999=DIRECTION('center_axis',(0.,0.,1.));
#7000=DIRECTION('ref_axis',(1.,0.,0.));
#7001=DIRECTION('',(-1.,-3.49148133884313E-15,-2.54638308400265E-16));
#7002=DIRECTION('center_axis',(2.54638308400265E-16,0.,-1.));
#7003=DIRECTION('ref_axis',(-1.,0.,-2.54638308400265E-16));
#7004=DIRECTION('center_axis',(0.,0.,-1.));
#7005=DIRECTION('ref_axis',(1.,0.,0.));
#7006=DIRECTION('center_axis',(0.,0.,-1.));
#7007=DIRECTION('ref_axis',(-1.,0.,0.));
#7008=DIRECTION('center_axis',(-2.54638308400265E-16,0.,1.));
#7009=DIRECTION('ref_axis',(-1.,0.,-2.54638308400265E-16));
#7010=DIRECTION('',(1.,3.49148133884313E-15,2.54638308400265E-16));
#7011=DIRECTION('center_axis',(0.,0.,1.));
#7012=DIRECTION('ref_axis',(-1.,0.,0.));
#7013=DIRECTION('center_axis',(2.54638308400265E-16,0.,-1.));
#7014=DIRECTION('ref_axis',(-1.,0.,-2.54638308400265E-16));
#7015=DIRECTION('',(-2.54638308400265E-16,0.,1.));
#7016=DIRECTION('center_axis',(2.54638308400265E-16,0.,-1.));
#7017=DIRECTION('ref_axis',(-1.,0.,-2.54638308400265E-16));
#7018=DIRECTION('',(-2.54638308400265E-16,0.,1.));
#7019=DIRECTION('center_axis',(-1.,-3.49148133884313E-15,-2.54638308400265E-16));
#7020=DIRECTION('ref_axis',(-2.54638308400267E-16,3.85494105772623E-16,
1.));
#7021=DIRECTION('center_axis',(1.,3.49148133884313E-15,2.54638308400265E-16));
#7022=DIRECTION('ref_axis',(2.54638308400267E-16,-3.85494105772623E-16,
-1.));
#7023=DIRECTION('',(-1.,-3.49148133884313E-15,-2.54638308400265E-16));
#7024=DIRECTION('center_axis',(1.,3.49148133884313E-15,2.54638308400265E-16));
#7025=DIRECTION('ref_axis',(2.54638308400267E-16,-3.85494105772623E-16,
-1.));
#7026=DIRECTION('',(-1.,-3.49148133884313E-15,-2.54638308400265E-16));
#7027=DIRECTION('center_axis',(3.49148133884313E-15,-1.,2.54638308400266E-16));
#7028=DIRECTION('ref_axis',(-2.54638308400266E-16,2.54638308400265E-16,
1.));
#7029=DIRECTION('',(-2.54638308400266E-16,2.54638308400265E-16,1.));
#7030=DIRECTION('',(-1.,-3.49148133884313E-15,-2.54638308400265E-16));
#7031=DIRECTION('',(-2.54638308400266E-16,2.54638308400265E-16,1.));
#7032=DIRECTION('center_axis',(-1.,-3.49148133884313E-15,-2.54638308400265E-16));
#7033=DIRECTION('ref_axis',(-2.54638308400267E-16,3.85494105772623E-16,
1.));
#7034=DIRECTION('center_axis',(1.,3.49148133884313E-15,2.54638308400265E-16));
#7035=DIRECTION('ref_axis',(2.54638308400267E-16,-3.85494105772623E-16,
-1.));
#7036=DIRECTION('',(-1.,-3.49148133884313E-15,-2.54638308400265E-16));
#7037=DIRECTION('center_axis',(1.,3.49148133884313E-15,2.54638308400265E-16));
#7038=DIRECTION('ref_axis',(2.54638308400267E-16,-3.85494105772623E-16,
-1.));
#7039=DIRECTION('center_axis',(1.,3.49148133884313E-15,2.54638308400265E-16));
#7040=DIRECTION('ref_axis',(2.54638308400266E-16,-2.54638308400265E-16,
-1.));
#7041=DIRECTION('',(-3.49148133884313E-15,1.,8.68160057927766E-16));
#7042=DIRECTION('',(3.49148133884313E-15,-1.,2.54638308400266E-16));
#7043=DIRECTION('center_axis',(2.54638308400266E-16,-2.54638308400265E-16,
-1.));
#7044=DIRECTION('ref_axis',(3.49148133884313E-15,-1.,2.54638308400266E-16));
#7045=DIRECTION('',(3.49148133884313E-15,-1.,2.54638308400266E-16));
#7046=DIRECTION('center_axis',(1.,3.49148133884313E-15,2.54638308400265E-16));
#7047=DIRECTION('ref_axis',(2.54638308400266E-16,-2.54638308400265E-16,
-1.));
#7048=DIRECTION('',(-3.49148133884313E-15,1.,8.68160057927766E-16));
#7049=DIRECTION('center_axis',(-2.54638308400262E-16,-8.68160057927767E-16,
1.));
#7050=DIRECTION('ref_axis',(-3.49148133884313E-15,1.,8.68160057927766E-16));
#7051=CARTESIAN_POINT('',(0.,0.,0.));
#7052=CARTESIAN_POINT('Origin',(249.28,0.,77.9999999999977));
#7053=CARTESIAN_POINT('',(249.28,2.,80.2499999999977));
#7054=CARTESIAN_POINT('Origin',(249.28,2.,77.9999999999977));
#7055=CARTESIAN_POINT('',(249.28,-9.79717439317867E-17,80.2499999999977));
#7056=CARTESIAN_POINT('',(249.28,0.,80.2499999999977));
#7057=CARTESIAN_POINT('Origin',(249.28,-9.79717439317867E-17,77.9999999999977));
#7058=CARTESIAN_POINT('Origin',(315.28,0.,77.9999999999977));
#7059=CARTESIAN_POINT('',(315.28,2.,80.2499999999977));
#7060=CARTESIAN_POINT('Origin',(315.28,2.,77.9999999999977));
#7061=CARTESIAN_POINT('',(315.28,-9.79717439317867E-17,80.2499999999977));
#7062=CARTESIAN_POINT('',(315.28,0.,80.2499999999977));
#7063=CARTESIAN_POINT('Origin',(315.28,-9.79717439317867E-17,77.9999999999977));
#7064=CARTESIAN_POINT('Origin',(315.28,0.,-78.0000000000023));
#7065=CARTESIAN_POINT('',(315.28,2.,-75.7500000000023));
#7066=CARTESIAN_POINT('Origin',(315.28,2.,-78.0000000000023));
#7067=CARTESIAN_POINT('',(315.28,-9.79717439317867E-17,-75.7500000000023));
#7068=CARTESIAN_POINT('',(315.28,0.,-75.7500000000023));
#7069=CARTESIAN_POINT('Origin',(315.28,-9.79717439317867E-17,-78.0000000000023));
#7070=CARTESIAN_POINT('Origin',(249.28,0.,-78.0000000000023));
#7071=CARTESIAN_POINT('',(249.28,2.,-75.7500000000023));
#7072=CARTESIAN_POINT('Origin',(249.28,2.,-78.0000000000023));
#7073=CARTESIAN_POINT('',(249.28,-9.79717439317867E-17,-75.7500000000023));
#7074=CARTESIAN_POINT('',(249.28,0.,-75.7500000000023));
#7075=CARTESIAN_POINT('Origin',(249.28,-9.79717439317867E-17,-78.0000000000023));
#7076=CARTESIAN_POINT('Origin',(343.65,0.,179.999999999995));
#7077=CARTESIAN_POINT('',(343.65,2.,182.499999999995));
#7078=CARTESIAN_POINT('Origin',(343.65,2.,179.999999999995));
#7079=CARTESIAN_POINT('',(343.65,-6.7355573953103E-17,182.499999999995));
#7080=CARTESIAN_POINT('',(343.65,0.,182.499999999995));
#7081=CARTESIAN_POINT('Origin',(343.65,-6.7355573953103E-17,179.999999999995));
#7082=CARTESIAN_POINT('Origin',(318.65,0.,179.999999999995));
#7083=CARTESIAN_POINT('',(318.65,2.,182.499999999995));
#7084=CARTESIAN_POINT('Origin',(318.65,2.,179.999999999995));
#7085=CARTESIAN_POINT('',(318.65,-6.7355573953103E-17,182.499999999995));
#7086=CARTESIAN_POINT('',(318.65,0.,182.499999999995));
#7087=CARTESIAN_POINT('Origin',(318.65,-6.7355573953103E-17,179.999999999995));
#7088=CARTESIAN_POINT('Origin',(318.65,0.,-179.999999999995));
#7089=CARTESIAN_POINT('',(318.65,2.,-177.499999999995));
#7090=CARTESIAN_POINT('Origin',(318.65,2.,-179.999999999995));
#7091=CARTESIAN_POINT('',(318.65,-6.7355573953103E-17,-177.499999999995));
#7092=CARTESIAN_POINT('',(318.65,0.,-177.499999999995));
#7093=CARTESIAN_POINT('Origin',(318.65,-6.7355573953103E-17,-179.999999999995));
#7094=CARTESIAN_POINT('Origin',(343.65,0.,-179.999999999995));
#7095=CARTESIAN_POINT('',(343.65,2.,-177.499999999995));
#7096=CARTESIAN_POINT('Origin',(343.65,2.,-179.999999999995));
#7097=CARTESIAN_POINT('',(343.65,-6.7355573953103E-17,-177.499999999995));
#7098=CARTESIAN_POINT('',(343.65,0.,-177.499999999995));
#7099=CARTESIAN_POINT('Origin',(343.65,-6.7355573953103E-17,-179.999999999995));
#7100=CARTESIAN_POINT('Origin',(-343.65,0.,-179.999999999995));
#7101=CARTESIAN_POINT('',(-343.65,2.,-177.499999999995));
#7102=CARTESIAN_POINT('Origin',(-343.65,2.,-179.999999999995));
#7103=CARTESIAN_POINT('',(-343.65,-6.7355573953103E-17,-177.499999999995));
#7104=CARTESIAN_POINT('',(-343.65,0.,-177.499999999995));
#7105=CARTESIAN_POINT('Origin',(-343.65,-6.7355573953103E-17,-179.999999999995));
#7106=CARTESIAN_POINT('Origin',(-318.65,0.,-179.999999999995));
#7107=CARTESIAN_POINT('',(-318.65,2.,-177.499999999995));
#7108=CARTESIAN_POINT('Origin',(-318.65,2.,-179.999999999995));
#7109=CARTESIAN_POINT('',(-318.65,-6.7355573953103E-17,-177.499999999995));
#7110=CARTESIAN_POINT('',(-318.65,0.,-177.499999999995));
#7111=CARTESIAN_POINT('Origin',(-318.65,-6.7355573953103E-17,-179.999999999995));
#7112=CARTESIAN_POINT('Origin',(-318.65,0.,179.999999999995));
#7113=CARTESIAN_POINT('',(-318.65,2.,182.499999999995));
#7114=CARTESIAN_POINT('Origin',(-318.65,2.,179.999999999995));
#7115=CARTESIAN_POINT('',(-318.65,-6.7355573953103E-17,182.499999999995));
#7116=CARTESIAN_POINT('',(-318.65,0.,182.499999999995));
#7117=CARTESIAN_POINT('Origin',(-318.65,-6.7355573953103E-17,179.999999999995));
#7118=CARTESIAN_POINT('Origin',(-343.65,0.,179.999999999995));
#7119=CARTESIAN_POINT('',(-343.65,2.,182.499999999995));
#7120=CARTESIAN_POINT('Origin',(-343.65,2.,179.999999999995));
#7121=CARTESIAN_POINT('',(-343.65,-6.7355573953103E-17,182.499999999995));
#7122=CARTESIAN_POINT('',(-343.65,0.,182.499999999995));
#7123=CARTESIAN_POINT('Origin',(-343.65,-6.7355573953103E-17,179.999999999995));
#7124=CARTESIAN_POINT('Origin',(378.,0.,90.));
#7125=CARTESIAN_POINT('',(378.,2.,93.05));
#7126=CARTESIAN_POINT('Origin',(378.,2.,90.));
#7127=CARTESIAN_POINT('',(378.,6.73555739531055E-17,93.05));
#7128=CARTESIAN_POINT('',(378.,0.,93.05));
#7129=CARTESIAN_POINT('Origin',(378.,6.73555739531055E-17,90.));
#7130=CARTESIAN_POINT('Origin',(378.,0.,4.55250704499386E-14));
#7131=CARTESIAN_POINT('',(378.,2.,3.05000000000004));
#7132=CARTESIAN_POINT('Origin',(378.,2.,4.55250704499386E-14));
#7133=CARTESIAN_POINT('',(378.,6.73555739531055E-17,3.05000000000004));
#7134=CARTESIAN_POINT('',(378.,0.,3.05000000000004));
#7135=CARTESIAN_POINT('Origin',(378.,6.73555739531055E-17,4.55250704499386E-14));
#7136=CARTESIAN_POINT('Origin',(378.,0.,-90.));
#7137=CARTESIAN_POINT('',(378.,2.,-86.95));
#7138=CARTESIAN_POINT('Origin',(378.,2.,-90.));
#7139=CARTESIAN_POINT('',(378.,6.73555739531055E-17,-86.95));
#7140=CARTESIAN_POINT('',(378.,0.,-86.95));
#7141=CARTESIAN_POINT('Origin',(378.,6.73555739531055E-17,-90.));
#7142=CARTESIAN_POINT('Origin',(-378.,0.,90.));
#7143=CARTESIAN_POINT('',(-378.,2.,93.05));
#7144=CARTESIAN_POINT('Origin',(-378.,2.,90.));
#7145=CARTESIAN_POINT('',(-378.,6.73555739531055E-17,93.05));
#7146=CARTESIAN_POINT('',(-378.,0.,93.05));
#7147=CARTESIAN_POINT('Origin',(-378.,6.73555739531055E-17,90.));
#7148=CARTESIAN_POINT('Origin',(-378.,0.,-4.70582275656014E-14));
#7149=CARTESIAN_POINT('',(-378.,2.,3.04999999999995));
#7150=CARTESIAN_POINT('Origin',(-378.,2.,-4.70582275656014E-14));
#7151=CARTESIAN_POINT('',(-378.,6.73555739531055E-17,3.04999999999995));
#7152=CARTESIAN_POINT('',(-378.,0.,3.04999999999995));
#7153=CARTESIAN_POINT('Origin',(-378.,6.73555739531055E-17,-4.70582275656014E-14));
#7154=CARTESIAN_POINT('Origin',(-378.,0.,-90.0000000000001));
#7155=CARTESIAN_POINT('',(-378.,2.,-86.9500000000001));
#7156=CARTESIAN_POINT('Origin',(-378.,2.,-90.0000000000001));
#7157=CARTESIAN_POINT('',(-378.,6.73555739531055E-17,-86.9500000000001));
#7158=CARTESIAN_POINT('',(-378.,0.,-86.9500000000001));
#7159=CARTESIAN_POINT('Origin',(-378.,6.73555739531055E-17,-90.0000000000001));
#7160=CARTESIAN_POINT('Origin',(378.,0.,180.));
#7161=CARTESIAN_POINT('',(378.,2.,182.5));
#7162=CARTESIAN_POINT('Origin',(378.,2.,180.));
#7163=CARTESIAN_POINT('',(378.,-1.2491397351303E-15,182.5));
#7164=CARTESIAN_POINT('',(378.,0.,182.5));
#7165=CARTESIAN_POINT('Origin',(378.,-1.2491397351303E-15,180.));
#7166=CARTESIAN_POINT('Origin',(378.,0.,-180.));
#7167=CARTESIAN_POINT('',(378.,2.,-177.5));
#7168=CARTESIAN_POINT('Origin',(378.,2.,-180.));
#7169=CARTESIAN_POINT('',(378.,-1.2491397351303E-15,-177.5));
#7170=CARTESIAN_POINT('',(378.,0.,-177.5));
#7171=CARTESIAN_POINT('Origin',(378.,-1.2491397351303E-15,-180.));
#7172=CARTESIAN_POINT('Origin',(-378.,0.,-180.));
#7173=CARTESIAN_POINT('',(-378.,2.,-177.5));
#7174=CARTESIAN_POINT('Origin',(-378.,2.,-180.));
#7175=CARTESIAN_POINT('',(-378.,-1.2491397351303E-15,-177.5));
#7176=CARTESIAN_POINT('',(-378.,0.,-177.5));
#7177=CARTESIAN_POINT('Origin',(-378.,-1.2491397351303E-15,-180.));
#7178=CARTESIAN_POINT('Origin',(-378.,0.,180.));
#7179=CARTESIAN_POINT('',(-378.,2.,182.5));
#7180=CARTESIAN_POINT('Origin',(-378.,2.,180.));
#7181=CARTESIAN_POINT('',(-378.,-1.2491397351303E-15,182.5));
#7182=CARTESIAN_POINT('',(-378.,0.,182.5));
#7183=CARTESIAN_POINT('Origin',(-378.,-1.2491397351303E-15,180.));
#7184=CARTESIAN_POINT('Origin',(378.,0.,205.));
#7185=CARTESIAN_POINT('',(378.,2.,208.05));
#7186=CARTESIAN_POINT('Origin',(378.,2.,205.));
#7187=CARTESIAN_POINT('',(378.,-1.18178416117719E-15,208.05));
#7188=CARTESIAN_POINT('',(378.,0.,208.05));
#7189=CARTESIAN_POINT('Origin',(378.,-1.18178416117719E-15,205.));
#7190=CARTESIAN_POINT('Origin',(301.,0.,280.));
#7191=CARTESIAN_POINT('',(301.,2.,283.05));
#7192=CARTESIAN_POINT('Origin',(301.,2.,280.));
#7193=CARTESIAN_POINT('',(301.,-1.18178416117719E-15,283.05));
#7194=CARTESIAN_POINT('',(301.,0.,283.05));
#7195=CARTESIAN_POINT('Origin',(301.,-1.18178416117719E-15,280.));
#7196=CARTESIAN_POINT('Origin',(129.,0.,280.));
#7197=CARTESIAN_POINT('',(129.,2.,283.05));
#7198=CARTESIAN_POINT('Origin',(129.,2.,280.));
#7199=CARTESIAN_POINT('',(129.,-1.18178416117719E-15,283.05));
#7200=CARTESIAN_POINT('',(129.,0.,283.05));
#7201=CARTESIAN_POINT('Origin',(129.,-1.18178416117719E-15,280.));
#7202=CARTESIAN_POINT('Origin',(215.,0.,280.));
#7203=CARTESIAN_POINT('',(215.,2.,283.05));
#7204=CARTESIAN_POINT('Origin',(215.,2.,280.));
#7205=CARTESIAN_POINT('',(215.,-1.18178416117719E-15,283.05));
#7206=CARTESIAN_POINT('',(215.,0.,283.05));
#7207=CARTESIAN_POINT('Origin',(215.,-1.18178416117719E-15,280.));
#7208=CARTESIAN_POINT('Origin',(-378.,0.,205.));
#7209=CARTESIAN_POINT('',(-378.,2.,208.05));
#7210=CARTESIAN_POINT('Origin',(-378.,2.,205.));
#7211=CARTESIAN_POINT('',(-378.,-1.18178416117719E-15,208.05));
#7212=CARTESIAN_POINT('',(-378.,0.,208.05));
#7213=CARTESIAN_POINT('Origin',(-378.,-1.18178416117719E-15,205.));
#7214=CARTESIAN_POINT('Origin',(-301.,0.,280.));
#7215=CARTESIAN_POINT('',(-301.,2.,283.05));
#7216=CARTESIAN_POINT('Origin',(-301.,2.,280.));
#7217=CARTESIAN_POINT('',(-301.,-1.18178416117719E-15,283.05));
#7218=CARTESIAN_POINT('',(-301.,0.,283.05));
#7219=CARTESIAN_POINT('Origin',(-301.,-1.18178416117719E-15,280.));
#7220=CARTESIAN_POINT('Origin',(-215.,0.,280.));
#7221=CARTESIAN_POINT('',(-215.,2.,283.05));
#7222=CARTESIAN_POINT('Origin',(-215.,2.,280.));
#7223=CARTESIAN_POINT('',(-215.,-1.18178416117719E-15,283.05));
#7224=CARTESIAN_POINT('',(-215.,0.,283.05));
#7225=CARTESIAN_POINT('Origin',(-215.,-1.18178416117719E-15,280.));
#7226=CARTESIAN_POINT('Origin',(-129.,0.,280.));
#7227=CARTESIAN_POINT('',(-129.,2.,283.05));
#7228=CARTESIAN_POINT('Origin',(-129.,2.,280.));
#7229=CARTESIAN_POINT('',(-129.,-1.18178416117719E-15,283.05));
#7230=CARTESIAN_POINT('',(-129.,0.,283.05));
#7231=CARTESIAN_POINT('Origin',(-129.,-1.18178416117719E-15,280.));
#7232=CARTESIAN_POINT('Origin',(-378.,0.,-205.));
#7233=CARTESIAN_POINT('',(-378.,2.,-201.95));
#7234=CARTESIAN_POINT('Origin',(-378.,2.,-205.));
#7235=CARTESIAN_POINT('',(-378.,-1.18178416117719E-15,-201.95));
#7236=CARTESIAN_POINT('',(-378.,0.,-201.95));
#7237=CARTESIAN_POINT('Origin',(-378.,-1.18178416117719E-15,-205.));
#7238=CARTESIAN_POINT('Origin',(-301.,0.,-280.));
#7239=CARTESIAN_POINT('',(-301.,2.,-276.95));
#7240=CARTESIAN_POINT('Origin',(-301.,2.,-280.));
#7241=CARTESIAN_POINT('',(-301.,-1.18178416117719E-15,-276.95));
#7242=CARTESIAN_POINT('',(-301.,0.,-276.95));
#7243=CARTESIAN_POINT('Origin',(-301.,-1.18178416117719E-15,-280.));
#7244=CARTESIAN_POINT('Origin',(-215.,0.,-280.));
#7245=CARTESIAN_POINT('',(-215.,2.,-276.95));
#7246=CARTESIAN_POINT('Origin',(-215.,2.,-280.));
#7247=CARTESIAN_POINT('',(-215.,-1.18178416117719E-15,-276.95));
#7248=CARTESIAN_POINT('',(-215.,0.,-276.95));
#7249=CARTESIAN_POINT('Origin',(-215.,-1.18178416117719E-15,-280.));
#7250=CARTESIAN_POINT('Origin',(-129.,0.,-280.));
#7251=CARTESIAN_POINT('',(-129.,2.,-276.95));
#7252=CARTESIAN_POINT('Origin',(-129.,2.,-280.));
#7253=CARTESIAN_POINT('',(-129.,-1.18178416117719E-15,-276.95));
#7254=CARTESIAN_POINT('',(-129.,0.,-276.95));
#7255=CARTESIAN_POINT('Origin',(-129.,-1.18178416117719E-15,-280.));
#7256=CARTESIAN_POINT('Origin',(129.,0.,-280.));
#7257=CARTESIAN_POINT('',(129.,2.,-276.95));
#7258=CARTESIAN_POINT('Origin',(129.,2.,-280.));
#7259=CARTESIAN_POINT('',(129.,-1.18178416117719E-15,-276.95));
#7260=CARTESIAN_POINT('',(129.,0.,-276.95));
#7261=CARTESIAN_POINT('Origin',(129.,-1.18178416117719E-15,-280.));
#7262=CARTESIAN_POINT('Origin',(215.,0.,-280.));
#7263=CARTESIAN_POINT('',(215.,2.,-276.95));
#7264=CARTESIAN_POINT('Origin',(215.,2.,-280.));
#7265=CARTESIAN_POINT('',(215.,-1.18178416117719E-15,-276.95));
#7266=CARTESIAN_POINT('',(215.,0.,-276.95));
#7267=CARTESIAN_POINT('Origin',(215.,-1.18178416117719E-15,-280.));
#7268=CARTESIAN_POINT('Origin',(301.,0.,-280.));
#7269=CARTESIAN_POINT('',(301.,2.,-276.95));
#7270=CARTESIAN_POINT('Origin',(301.,2.,-280.));
#7271=CARTESIAN_POINT('',(301.,-1.18178416117719E-15,-276.95));
#7272=CARTESIAN_POINT('',(301.,0.,-276.95));
#7273=CARTESIAN_POINT('Origin',(301.,-1.18178416117719E-15,-280.));
#7274=CARTESIAN_POINT('Origin',(378.,0.,-205.));
#7275=CARTESIAN_POINT('',(378.,2.,-201.95));
#7276=CARTESIAN_POINT('Origin',(378.,2.,-205.));
#7277=CARTESIAN_POINT('',(378.,-1.18178416117719E-15,-201.95));
#7278=CARTESIAN_POINT('',(378.,0.,-201.95));
#7279=CARTESIAN_POINT('Origin',(378.,-1.18178416117719E-15,-205.));
#7280=CARTESIAN_POINT('Origin',(43.,0.,280.));
#7281=CARTESIAN_POINT('',(43.,2.,283.05));
#7282=CARTESIAN_POINT('Origin',(43.,2.,280.));
#7283=CARTESIAN_POINT('',(43.,-1.18178416117719E-15,283.05));
#7284=CARTESIAN_POINT('',(43.,0.,283.05));
#7285=CARTESIAN_POINT('Origin',(43.,-1.18178416117719E-15,280.));
#7286=CARTESIAN_POINT('Origin',(-43.,0.,280.));
#7287=CARTESIAN_POINT('',(-43.,2.,283.05));
#7288=CARTESIAN_POINT('Origin',(-43.,2.,280.));
#7289=CARTESIAN_POINT('',(-43.,-1.18178416117719E-15,283.05));
#7290=CARTESIAN_POINT('',(-43.,0.,283.05));
#7291=CARTESIAN_POINT('Origin',(-43.,-1.18178416117719E-15,280.));
#7292=CARTESIAN_POINT('Origin',(43.,0.,-280.));
#7293=CARTESIAN_POINT('',(43.,2.,-276.95));
#7294=CARTESIAN_POINT('Origin',(43.,2.,-280.));
#7295=CARTESIAN_POINT('',(43.,-1.18178416117719E-15,-276.95));
#7296=CARTESIAN_POINT('',(43.,0.,-276.95));
#7297=CARTESIAN_POINT('Origin',(43.,-1.18178416117719E-15,-280.));
#7298=CARTESIAN_POINT('Origin',(-42.9999999999999,0.,-280.));
#7299=CARTESIAN_POINT('',(-42.9999999999999,2.,-276.95));
#7300=CARTESIAN_POINT('Origin',(-42.9999999999999,2.,-280.));
#7301=CARTESIAN_POINT('',(-42.9999999999999,-1.18178416117719E-15,-276.95));
#7302=CARTESIAN_POINT('',(-42.9999999999999,0.,-276.95));
#7303=CARTESIAN_POINT('Origin',(-42.9999999999999,-1.18178416117719E-15,
-280.));
#7304=CARTESIAN_POINT('Origin',(-125.99999999999,0.,253.499999999999));
#7305=CARTESIAN_POINT('',(-125.99999999999,2.,256.149999999999));
#7306=CARTESIAN_POINT('Origin',(-125.99999999999,2.,253.499999999999));
#7307=CARTESIAN_POINT('',(-125.99999999999,-1.23077003314309E-15,256.149999999999));
#7308=CARTESIAN_POINT('',(-125.99999999999,0.,256.149999999999));
#7309=CARTESIAN_POINT('Origin',(-125.99999999999,-1.23077003314309E-15,
253.499999999999));
#7310=CARTESIAN_POINT('Origin',(-125.999999999991,0.,238.5));
#7311=CARTESIAN_POINT('',(-125.999999999991,2.,241.15));
#7312=CARTESIAN_POINT('Origin',(-125.999999999991,2.,238.5));
#7313=CARTESIAN_POINT('',(-125.999999999991,-1.23077003314309E-15,241.15));
#7314=CARTESIAN_POINT('',(-125.999999999991,0.,241.15));
#7315=CARTESIAN_POINT('Origin',(-125.999999999991,-1.23077003314309E-15,
238.5));
#7316=CARTESIAN_POINT('Origin',(126.000000000006,0.,253.5));
#7317=CARTESIAN_POINT('',(126.000000000006,2.,256.15));
#7318=CARTESIAN_POINT('Origin',(126.000000000006,2.,253.5));
#7319=CARTESIAN_POINT('',(126.000000000006,-1.23077003314309E-15,256.15));
#7320=CARTESIAN_POINT('',(126.000000000006,0.,256.15));
#7321=CARTESIAN_POINT('Origin',(126.000000000006,-1.23077003314309E-15,
253.5));
#7322=CARTESIAN_POINT('Origin',(126.000000000005,0.,238.500000000005));
#7323=CARTESIAN_POINT('',(126.000000000005,2.,241.150000000005));
#7324=CARTESIAN_POINT('Origin',(126.000000000005,2.,238.500000000005));
#7325=CARTESIAN_POINT('',(126.000000000005,-1.23077003314309E-15,241.150000000005));
#7326=CARTESIAN_POINT('',(126.000000000005,0.,241.150000000005));
#7327=CARTESIAN_POINT('Origin',(126.000000000005,-1.23077003314309E-15,
238.500000000005));
#7328=CARTESIAN_POINT('Origin',(127.000000000005,0.,154.999999999989));
#7329=CARTESIAN_POINT('',(127.000000000005,2.,157.649999999989));
#7330=CARTESIAN_POINT('Origin',(127.000000000005,2.,154.999999999989));
#7331=CARTESIAN_POINT('',(127.000000000005,-1.23077003314309E-15,157.649999999989));
#7332=CARTESIAN_POINT('',(127.000000000005,0.,157.649999999989));
#7333=CARTESIAN_POINT('Origin',(127.000000000005,-1.23077003314309E-15,
154.999999999989));
#7334=CARTESIAN_POINT('Origin',(127.000000000005,0.,104.999999999989));
#7335=CARTESIAN_POINT('',(127.000000000005,2.,107.649999999989));
#7336=CARTESIAN_POINT('Origin',(127.000000000005,2.,104.999999999989));
#7337=CARTESIAN_POINT('',(127.000000000005,-1.23077003314309E-15,107.649999999989));
#7338=CARTESIAN_POINT('',(127.000000000005,0.,107.649999999989));
#7339=CARTESIAN_POINT('Origin',(127.000000000005,-1.23077003314309E-15,
104.999999999989));
#7340=CARTESIAN_POINT('Origin',(-126.999999999995,0.,154.999999999989));
#7341=CARTESIAN_POINT('',(-126.999999999995,2.,157.649999999989));
#7342=CARTESIAN_POINT('Origin',(-126.999999999995,2.,154.999999999989));
#7343=CARTESIAN_POINT('',(-126.999999999995,-1.23077003314309E-15,157.649999999989));
#7344=CARTESIAN_POINT('',(-126.999999999995,0.,157.649999999989));
#7345=CARTESIAN_POINT('Origin',(-126.999999999995,-1.23077003314309E-15,
154.999999999989));
#7346=CARTESIAN_POINT('Origin',(-126.999999999995,0.,104.999999999989));
#7347=CARTESIAN_POINT('',(-126.999999999995,2.,107.649999999989));
#7348=CARTESIAN_POINT('Origin',(-126.999999999995,2.,104.999999999989));
#7349=CARTESIAN_POINT('',(-126.999999999995,-1.23077003314309E-15,107.649999999989));
#7350=CARTESIAN_POINT('',(-126.999999999995,0.,107.649999999989));
#7351=CARTESIAN_POINT('Origin',(-126.999999999995,-1.23077003314309E-15,
104.999999999989));
#7352=CARTESIAN_POINT('Origin',(127.000000000005,0.,-104.999999999989));
#7353=CARTESIAN_POINT('',(127.000000000005,2.,-102.349999999989));
#7354=CARTESIAN_POINT('Origin',(127.000000000005,2.,-104.999999999989));
#7355=CARTESIAN_POINT('',(127.000000000005,-1.23077003314309E-15,-102.349999999989));
#7356=CARTESIAN_POINT('',(127.000000000005,0.,-102.349999999989));
#7357=CARTESIAN_POINT('Origin',(127.000000000005,-1.23077003314309E-15,
-104.999999999989));
#7358=CARTESIAN_POINT('Origin',(127.000000000005,0.,-154.999999999989));
#7359=CARTESIAN_POINT('',(127.000000000005,2.,-152.349999999989));
#7360=CARTESIAN_POINT('Origin',(127.000000000005,2.,-154.999999999989));
#7361=CARTESIAN_POINT('',(127.000000000005,-1.23077003314309E-15,-152.349999999989));
#7362=CARTESIAN_POINT('',(127.000000000005,0.,-152.349999999989));
#7363=CARTESIAN_POINT('Origin',(127.000000000005,-1.23077003314309E-15,
-154.999999999989));
#7364=CARTESIAN_POINT('Origin',(-126.999999999995,0.,-104.999999999989));
#7365=CARTESIAN_POINT('',(-126.999999999995,2.,-102.349999999989));
#7366=CARTESIAN_POINT('Origin',(-126.999999999995,2.,-104.999999999989));
#7367=CARTESIAN_POINT('',(-126.999999999995,-1.23077003314309E-15,-102.349999999989));
#7368=CARTESIAN_POINT('',(-126.999999999995,0.,-102.349999999989));
#7369=CARTESIAN_POINT('Origin',(-126.999999999995,-1.23077003314309E-15,
-104.999999999989));
#7370=CARTESIAN_POINT('Origin',(-126.999999999995,0.,-154.999999999989));
#7371=CARTESIAN_POINT('',(-126.999999999995,2.,-152.349999999989));
#7372=CARTESIAN_POINT('Origin',(-126.999999999995,2.,-154.999999999989));
#7373=CARTESIAN_POINT('',(-126.999999999995,-1.23077003314309E-15,-152.349999999989));
#7374=CARTESIAN_POINT('',(-126.999999999995,0.,-152.349999999989));
#7375=CARTESIAN_POINT('Origin',(-126.999999999995,-1.23077003314309E-15,
-154.999999999989));
#7376=CARTESIAN_POINT('Origin',(126.000000000005,0.,-238.500000000005));
#7377=CARTESIAN_POINT('',(126.000000000005,2.,-235.850000000005));
#7378=CARTESIAN_POINT('Origin',(126.000000000005,2.,-238.500000000005));
#7379=CARTESIAN_POINT('',(126.000000000005,-1.23077003314309E-15,-235.850000000005));
#7380=CARTESIAN_POINT('',(126.000000000005,0.,-235.850000000005));
#7381=CARTESIAN_POINT('Origin',(126.000000000005,-1.23077003314309E-15,
-238.500000000005));
#7382=CARTESIAN_POINT('Origin',(126.000000000006,0.,-253.5));
#7383=CARTESIAN_POINT('',(126.000000000006,2.,-250.85));
#7384=CARTESIAN_POINT('Origin',(126.000000000006,2.,-253.5));
#7385=CARTESIAN_POINT('',(126.000000000006,-1.23077003314309E-15,-250.85));
#7386=CARTESIAN_POINT('',(126.000000000006,0.,-250.85));
#7387=CARTESIAN_POINT('Origin',(126.000000000006,-1.23077003314309E-15,
-253.5));
#7388=CARTESIAN_POINT('Origin',(-125.999999999991,0.,-238.5));
#7389=CARTESIAN_POINT('',(-125.999999999991,2.,-235.85));
#7390=CARTESIAN_POINT('Origin',(-125.999999999991,2.,-238.5));
#7391=CARTESIAN_POINT('',(-125.999999999991,-1.23077003314309E-15,-235.85));
#7392=CARTESIAN_POINT('',(-125.999999999991,0.,-235.85));
#7393=CARTESIAN_POINT('Origin',(-125.999999999991,-1.23077003314309E-15,
-238.5));
#7394=CARTESIAN_POINT('Origin',(-125.999999999994,0.,-253.5));
#7395=CARTESIAN_POINT('',(-125.999999999994,2.,-250.85));
#7396=CARTESIAN_POINT('Origin',(-125.999999999994,2.,-253.5));
#7397=CARTESIAN_POINT('',(-125.999999999994,-1.23077003314309E-15,-250.85));
#7398=CARTESIAN_POINT('',(-125.999999999994,0.,-250.85));
#7399=CARTESIAN_POINT('Origin',(-125.999999999994,-1.23077003314309E-15,
-253.5));
#7400=CARTESIAN_POINT('Origin',(-94.9999999999949,0.,115.));
#7401=CARTESIAN_POINT('',(-94.9999999999949,2.,117.65));
#7402=CARTESIAN_POINT('Origin',(-94.9999999999949,2.,115.));
#7403=CARTESIAN_POINT('',(-94.9999999999949,-1.23077003314309E-15,117.65));
#7404=CARTESIAN_POINT('',(-94.9999999999949,0.,117.65));
#7405=CARTESIAN_POINT('Origin',(-94.9999999999949,-1.23077003314309E-15,
115.));
#7406=CARTESIAN_POINT('Origin',(-64.9999999999949,0.,115.));
#7407=CARTESIAN_POINT('',(-64.9999999999949,2.,117.65));
#7408=CARTESIAN_POINT('Origin',(-64.9999999999949,2.,115.));
#7409=CARTESIAN_POINT('',(-64.9999999999949,-1.23077003314309E-15,117.65));
#7410=CARTESIAN_POINT('',(-64.9999999999949,0.,117.65));
#7411=CARTESIAN_POINT('Origin',(-64.9999999999949,-1.23077003314309E-15,
115.));
#7412=CARTESIAN_POINT('Origin',(65.0000000000051,0.,115.));
#7413=CARTESIAN_POINT('',(65.0000000000051,2.,117.65));
#7414=CARTESIAN_POINT('Origin',(65.0000000000051,2.,115.));
#7415=CARTESIAN_POINT('',(65.0000000000051,-1.23077003314309E-15,117.65));
#7416=CARTESIAN_POINT('',(65.0000000000051,0.,117.65));
#7417=CARTESIAN_POINT('Origin',(65.0000000000051,-1.23077003314309E-15,
115.));
#7418=CARTESIAN_POINT('Origin',(95.0000000000051,0.,115.));
#7419=CARTESIAN_POINT('',(95.0000000000051,2.,117.65));
#7420=CARTESIAN_POINT('Origin',(95.0000000000051,2.,115.));
#7421=CARTESIAN_POINT('',(95.0000000000051,-1.23077003314309E-15,117.65));
#7422=CARTESIAN_POINT('',(95.0000000000051,0.,117.65));
#7423=CARTESIAN_POINT('Origin',(95.0000000000051,-1.23077003314309E-15,
115.));
#7424=CARTESIAN_POINT('Origin',(-94.9999999999949,0.,-115.000000000005));
#7425=CARTESIAN_POINT('',(-94.9999999999949,2.,-112.350000000005));
#7426=CARTESIAN_POINT('Origin',(-94.9999999999949,2.,-115.000000000005));
#7427=CARTESIAN_POINT('',(-94.9999999999949,-1.23077003314309E-15,-112.350000000005));
#7428=CARTESIAN_POINT('',(-94.9999999999949,0.,-112.350000000005));
#7429=CARTESIAN_POINT('Origin',(-94.9999999999949,-1.23077003314309E-15,
-115.000000000005));
#7430=CARTESIAN_POINT('Origin',(-64.9999999999949,0.,-115.000000000005));
#7431=CARTESIAN_POINT('',(-64.9999999999949,2.,-112.350000000005));
#7432=CARTESIAN_POINT('Origin',(-64.9999999999949,2.,-115.000000000005));
#7433=CARTESIAN_POINT('',(-64.9999999999949,-1.23077003314309E-15,-112.350000000005));
#7434=CARTESIAN_POINT('',(-64.9999999999949,0.,-112.350000000005));
#7435=CARTESIAN_POINT('Origin',(-64.9999999999949,-1.23077003314309E-15,
-115.000000000005));
#7436=CARTESIAN_POINT('Origin',(65.0000000000051,0.,-115.000000000005));
#7437=CARTESIAN_POINT('',(65.0000000000051,2.,-112.350000000005));
#7438=CARTESIAN_POINT('Origin',(65.0000000000051,2.,-115.000000000005));
#7439=CARTESIAN_POINT('',(65.0000000000051,-1.23077003314309E-15,-112.350000000005));
#7440=CARTESIAN_POINT('',(65.0000000000051,0.,-112.350000000005));
#7441=CARTESIAN_POINT('Origin',(65.0000000000051,-1.23077003314309E-15,
-115.000000000005));
#7442=CARTESIAN_POINT('Origin',(95.0000000000051,0.,-115.000000000005));
#7443=CARTESIAN_POINT('',(95.0000000000051,2.,-112.350000000005));
#7444=CARTESIAN_POINT('Origin',(95.0000000000051,2.,-115.000000000005));
#7445=CARTESIAN_POINT('',(95.0000000000051,-1.23077003314309E-15,-112.350000000005));
#7446=CARTESIAN_POINT('',(95.0000000000051,0.,-112.350000000005));
#7447=CARTESIAN_POINT('Origin',(95.0000000000051,-1.23077003314309E-15,
-115.000000000005));
#7448=CARTESIAN_POINT('Origin',(252.5,2.,237.5));
#7449=CARTESIAN_POINT('',(252.5,0.650000000000004,242.1));
#7450=CARTESIAN_POINT('',(252.5,0.650000000000004,232.9));
#7451=CARTESIAN_POINT('Origin',(252.5,0.650000000000004,237.5));
#7452=CARTESIAN_POINT('Origin',(252.5,0.650000000000004,237.5));
#7453=CARTESIAN_POINT('',(252.5,2.,232.9));
#7454=CARTESIAN_POINT('',(252.5,2.,232.9));
#7455=CARTESIAN_POINT('Origin',(252.5,2.,237.5));
#7456=CARTESIAN_POINT('Origin',(252.5,0.650000000000004,237.5));
#7457=CARTESIAN_POINT('',(252.5,-3.46944695195361E-15,242.75));
#7458=CARTESIAN_POINT('',(252.5,0.650000000000004,242.1));
#7459=CARTESIAN_POINT('Origin',(252.5,8.67361737988404E-16,237.5));
#7460=CARTESIAN_POINT('Origin',(252.5,2.,192.5));
#7461=CARTESIAN_POINT('',(252.5,0.650000000000004,197.1));
#7462=CARTESIAN_POINT('',(252.5,0.650000000000004,187.9));
#7463=CARTESIAN_POINT('Origin',(252.5,0.650000000000004,192.5));
#7464=CARTESIAN_POINT('Origin',(252.5,0.650000000000004,192.5));
#7465=CARTESIAN_POINT('',(252.5,2.,187.9));
#7466=CARTESIAN_POINT('',(252.5,2.,187.9));
#7467=CARTESIAN_POINT('Origin',(252.5,2.,192.5));
#7468=CARTESIAN_POINT('Origin',(252.5,0.650000000000004,192.5));
#7469=CARTESIAN_POINT('',(252.5,-3.46944695195361E-15,197.75));
#7470=CARTESIAN_POINT('',(252.5,0.650000000000004,197.1));
#7471=CARTESIAN_POINT('Origin',(252.5,8.67361737988404E-16,192.5));
#7472=CARTESIAN_POINT('Origin',(297.5,2.,192.5));
#7473=CARTESIAN_POINT('',(297.5,0.650000000000004,197.1));
#7474=CARTESIAN_POINT('',(297.5,0.650000000000004,187.9));
#7475=CARTESIAN_POINT('Origin',(297.5,0.650000000000004,192.5));
#7476=CARTESIAN_POINT('Origin',(297.5,0.650000000000004,192.5));
#7477=CARTESIAN_POINT('',(297.5,2.,187.9));
#7478=CARTESIAN_POINT('',(297.5,2.,187.9));
#7479=CARTESIAN_POINT('Origin',(297.5,2.,192.5));
#7480=CARTESIAN_POINT('Origin',(297.5,0.650000000000004,192.5));
#7481=CARTESIAN_POINT('',(297.5,-3.46944695195361E-15,197.75));
#7482=CARTESIAN_POINT('',(297.5,0.650000000000004,197.1));
#7483=CARTESIAN_POINT('Origin',(297.5,8.67361737988404E-16,192.5));
#7484=CARTESIAN_POINT('Origin',(297.5,2.,237.5));
#7485=CARTESIAN_POINT('',(297.5,0.650000000000004,242.1));
#7486=CARTESIAN_POINT('',(297.5,0.650000000000004,232.9));
#7487=CARTESIAN_POINT('Origin',(297.5,0.650000000000004,237.5));
#7488=CARTESIAN_POINT('Origin',(297.5,0.650000000000004,237.5));
#7489=CARTESIAN_POINT('',(297.5,2.,232.9));
#7490=CARTESIAN_POINT('',(297.5,2.,232.9));
#7491=CARTESIAN_POINT('Origin',(297.5,2.,237.5));
#7492=CARTESIAN_POINT('Origin',(297.5,0.650000000000004,237.5));
#7493=CARTESIAN_POINT('',(297.5,-3.46944695195361E-15,242.75));
#7494=CARTESIAN_POINT('',(297.5,0.650000000000004,242.1));
#7495=CARTESIAN_POINT('Origin',(297.5,8.67361737988404E-16,237.5));
#7496=CARTESIAN_POINT('Origin',(252.5,2.,-237.5));
#7497=CARTESIAN_POINT('',(252.5,0.650000000000004,-232.9));
#7498=CARTESIAN_POINT('',(252.5,0.650000000000004,-242.1));
#7499=CARTESIAN_POINT('Origin',(252.5,0.650000000000004,-237.5));
#7500=CARTESIAN_POINT('Origin',(252.5,0.650000000000004,-237.5));
#7501=CARTESIAN_POINT('',(252.5,2.,-242.1));
#7502=CARTESIAN_POINT('',(252.5,2.,-242.1));
#7503=CARTESIAN_POINT('Origin',(252.5,2.,-237.5));
#7504=CARTESIAN_POINT('Origin',(252.5,0.650000000000004,-237.5));
#7505=CARTESIAN_POINT('',(252.5,-3.46944695195361E-15,-232.25));
#7506=CARTESIAN_POINT('',(252.5,0.650000000000004,-232.9));
#7507=CARTESIAN_POINT('Origin',(252.5,8.67361737988404E-16,-237.5));
#7508=CARTESIAN_POINT('Origin',(297.5,2.,-237.5));
#7509=CARTESIAN_POINT('',(297.5,0.650000000000004,-232.9));
#7510=CARTESIAN_POINT('',(297.5,0.650000000000004,-242.1));
#7511=CARTESIAN_POINT('Origin',(297.5,0.650000000000004,-237.5));
#7512=CARTESIAN_POINT('Origin',(297.5,0.650000000000004,-237.5));
#7513=CARTESIAN_POINT('',(297.5,2.,-242.1));
#7514=CARTESIAN_POINT('',(297.5,2.,-242.1));
#7515=CARTESIAN_POINT('Origin',(297.5,2.,-237.5));
#7516=CARTESIAN_POINT('Origin',(297.5,0.650000000000004,-237.5));
#7517=CARTESIAN_POINT('',(297.5,-3.46944695195361E-15,-232.25));
#7518=CARTESIAN_POINT('',(297.5,0.650000000000004,-232.9));
#7519=CARTESIAN_POINT('Origin',(297.5,8.67361737988404E-16,-237.5));
#7520=CARTESIAN_POINT('Origin',(297.5,2.,-192.5));
#7521=CARTESIAN_POINT('',(297.5,0.650000000000004,-187.9));
#7522=CARTESIAN_POINT('',(297.5,0.650000000000004,-197.1));
#7523=CARTESIAN_POINT('Origin',(297.5,0.650000000000004,-192.5));
#7524=CARTESIAN_POINT('Origin',(297.5,0.650000000000004,-192.5));
#7525=CARTESIAN_POINT('',(297.5,2.,-197.1));
#7526=CARTESIAN_POINT('',(297.5,2.,-197.1));
#7527=CARTESIAN_POINT('Origin',(297.5,2.,-192.5));
#7528=CARTESIAN_POINT('Origin',(297.5,0.650000000000004,-192.5));
#7529=CARTESIAN_POINT('',(297.5,-3.46944695195361E-15,-187.25));
#7530=CARTESIAN_POINT('',(297.5,0.650000000000004,-187.9));
#7531=CARTESIAN_POINT('Origin',(297.5,8.67361737988404E-16,-192.5));
#7532=CARTESIAN_POINT('Origin',(252.5,2.,-192.5));
#7533=CARTESIAN_POINT('',(252.5,0.650000000000004,-187.9));
#7534=CARTESIAN_POINT('',(252.5,0.650000000000004,-197.1));
#7535=CARTESIAN_POINT('Origin',(252.5,0.650000000000004,-192.5));
#7536=CARTESIAN_POINT('Origin',(252.5,0.650000000000004,-192.5));
#7537=CARTESIAN_POINT('',(252.5,2.,-197.1));
#7538=CARTESIAN_POINT('',(252.5,2.,-197.1));
#7539=CARTESIAN_POINT('Origin',(252.5,2.,-192.5));
#7540=CARTESIAN_POINT('Origin',(252.5,0.650000000000004,-192.5));
#7541=CARTESIAN_POINT('',(252.5,-3.46944695195361E-15,-187.25));
#7542=CARTESIAN_POINT('',(252.5,0.650000000000004,-187.9));
#7543=CARTESIAN_POINT('Origin',(252.5,8.67361737988404E-16,-192.5));
#7544=CARTESIAN_POINT('Origin',(-252.5,2.,-192.5));
#7545=CARTESIAN_POINT('',(-252.5,0.650000000000004,-187.9));
#7546=CARTESIAN_POINT('',(-252.5,0.650000000000004,-197.1));
#7547=CARTESIAN_POINT('Origin',(-252.5,0.650000000000004,-192.5));
#7548=CARTESIAN_POINT('Origin',(-252.5,0.650000000000004,-192.5));
#7549=CARTESIAN_POINT('',(-252.5,2.,-197.1));
#7550=CARTESIAN_POINT('',(-252.5,2.,-197.1));
#7551=CARTESIAN_POINT('Origin',(-252.5,2.,-192.5));
#7552=CARTESIAN_POINT('Origin',(-252.5,0.650000000000004,-192.5));
#7553=CARTESIAN_POINT('',(-252.5,-7.49400541621981E-15,-187.25));
#7554=CARTESIAN_POINT('',(-252.5,0.650000000000004,-187.9));
#7555=CARTESIAN_POINT('Origin',(-252.5,8.67361737988404E-16,-192.5));
#7556=CARTESIAN_POINT('Origin',(-297.5,2.,-192.5));
#7557=CARTESIAN_POINT('',(-297.5,0.650000000000004,-187.9));
#7558=CARTESIAN_POINT('',(-297.5,0.650000000000004,-197.1));
#7559=CARTESIAN_POINT('Origin',(-297.5,0.650000000000004,-192.5));
#7560=CARTESIAN_POINT('Origin',(-297.5,0.650000000000004,-192.5));
#7561=CARTESIAN_POINT('',(-297.5,2.,-197.1));
#7562=CARTESIAN_POINT('',(-297.5,2.,-197.1));
#7563=CARTESIAN_POINT('Origin',(-297.5,2.,-192.5));
#7564=CARTESIAN_POINT('Origin',(-297.5,0.650000000000004,-192.5));
#7565=CARTESIAN_POINT('',(-297.5,-3.46944695195361E-15,-187.25));
#7566=CARTESIAN_POINT('',(-297.5,0.650000000000004,-187.9));
#7567=CARTESIAN_POINT('Origin',(-297.5,8.67361737988404E-16,-192.5));
#7568=CARTESIAN_POINT('Origin',(-297.5,2.,-237.5));
#7569=CARTESIAN_POINT('',(-297.5,0.650000000000004,-232.9));
#7570=CARTESIAN_POINT('',(-297.5,0.650000000000004,-242.1));
#7571=CARTESIAN_POINT('Origin',(-297.5,0.650000000000004,-237.5));
#7572=CARTESIAN_POINT('Origin',(-297.5,0.650000000000004,-237.5));
#7573=CARTESIAN_POINT('',(-297.5,2.,-242.1));
#7574=CARTESIAN_POINT('',(-297.5,2.,-242.1));
#7575=CARTESIAN_POINT('Origin',(-297.5,2.,-237.5));
#7576=CARTESIAN_POINT('Origin',(-297.5,0.650000000000004,-237.5));
#7577=CARTESIAN_POINT('',(-297.5,-3.46944695195361E-15,-232.25));
#7578=CARTESIAN_POINT('',(-297.5,0.650000000000004,-232.9));
#7579=CARTESIAN_POINT('Origin',(-297.5,8.67361737988404E-16,-237.5));
#7580=CARTESIAN_POINT('Origin',(-252.5,2.,-237.5));
#7581=CARTESIAN_POINT('',(-252.5,0.650000000000004,-232.9));
#7582=CARTESIAN_POINT('',(-252.5,0.650000000000004,-242.1));
#7583=CARTESIAN_POINT('Origin',(-252.5,0.650000000000004,-237.5));
#7584=CARTESIAN_POINT('Origin',(-252.5,0.650000000000004,-237.5));
#7585=CARTESIAN_POINT('',(-252.5,2.,-242.1));
#7586=CARTESIAN_POINT('',(-252.5,2.,-242.1));
#7587=CARTESIAN_POINT('Origin',(-252.5,2.,-237.5));
#7588=CARTESIAN_POINT('Origin',(-252.5,0.650000000000004,-237.5));
#7589=CARTESIAN_POINT('',(-252.5,-7.49400541621981E-15,-232.25));
#7590=CARTESIAN_POINT('',(-252.5,0.650000000000004,-232.9));
#7591=CARTESIAN_POINT('Origin',(-252.5,8.67361737988404E-16,-237.5));
#7592=CARTESIAN_POINT('Origin',(-297.5,2.,237.5));
#7593=CARTESIAN_POINT('',(-297.5,0.650000000000004,242.1));
#7594=CARTESIAN_POINT('',(-297.5,0.650000000000004,232.9));
#7595=CARTESIAN_POINT('Origin',(-297.5,0.650000000000004,237.5));
#7596=CARTESIAN_POINT('Origin',(-297.5,0.650000000000004,237.5));
#7597=CARTESIAN_POINT('',(-297.5,2.,232.9));
#7598=CARTESIAN_POINT('',(-297.5,2.,232.9));
#7599=CARTESIAN_POINT('Origin',(-297.5,2.,237.5));
#7600=CARTESIAN_POINT('Origin',(-297.5,0.650000000000004,237.5));
#7601=CARTESIAN_POINT('',(-297.5,-3.46944695195361E-15,242.75));
#7602=CARTESIAN_POINT('',(-297.5,0.650000000000004,242.1));
#7603=CARTESIAN_POINT('Origin',(-297.5,8.67361737988404E-16,237.5));
#7604=CARTESIAN_POINT('Origin',(-297.5,2.,192.5));
#7605=CARTESIAN_POINT('',(-297.5,0.650000000000004,197.1));
#7606=CARTESIAN_POINT('',(-297.5,0.650000000000004,187.9));
#7607=CARTESIAN_POINT('Origin',(-297.5,0.650000000000004,192.5));
#7608=CARTESIAN_POINT('Origin',(-297.5,0.650000000000004,192.5));
#7609=CARTESIAN_POINT('',(-297.5,2.,187.9));
#7610=CARTESIAN_POINT('',(-297.5,2.,187.9));
#7611=CARTESIAN_POINT('Origin',(-297.5,2.,192.5));
#7612=CARTESIAN_POINT('Origin',(-297.5,0.650000000000004,192.5));
#7613=CARTESIAN_POINT('',(-297.5,-3.46944695195361E-15,197.75));
#7614=CARTESIAN_POINT('',(-297.5,0.650000000000004,197.1));
#7615=CARTESIAN_POINT('Origin',(-297.5,8.67361737988404E-16,192.5));
#7616=CARTESIAN_POINT('Origin',(-252.5,2.,192.5));
#7617=CARTESIAN_POINT('',(-252.5,0.650000000000004,197.1));
#7618=CARTESIAN_POINT('',(-252.5,0.650000000000004,187.9));
#7619=CARTESIAN_POINT('Origin',(-252.5,0.650000000000004,192.5));
#7620=CARTESIAN_POINT('Origin',(-252.5,0.650000000000004,192.5));
#7621=CARTESIAN_POINT('',(-252.5,2.,187.9));
#7622=CARTESIAN_POINT('',(-252.5,2.,187.9));
#7623=CARTESIAN_POINT('Origin',(-252.5,2.,192.5));
#7624=CARTESIAN_POINT('Origin',(-252.5,0.650000000000004,192.5));
#7625=CARTESIAN_POINT('',(-252.5,-7.49400541621981E-15,197.75));
#7626=CARTESIAN_POINT('',(-252.5,0.650000000000004,197.1));
#7627=CARTESIAN_POINT('Origin',(-252.5,8.67361737988404E-16,192.5));
#7628=CARTESIAN_POINT('Origin',(-252.5,2.,237.5));
#7629=CARTESIAN_POINT('',(-252.5,0.650000000000004,242.1));
#7630=CARTESIAN_POINT('',(-252.5,0.650000000000004,232.9));
#7631=CARTESIAN_POINT('Origin',(-252.5,0.650000000000004,237.5));
#7632=CARTESIAN_POINT('Origin',(-252.5,0.650000000000004,237.5));
#7633=CARTESIAN_POINT('',(-252.5,2.,232.9));
#7634=CARTESIAN_POINT('',(-252.5,2.,232.9));
#7635=CARTESIAN_POINT('Origin',(-252.5,2.,237.5));
#7636=CARTESIAN_POINT('Origin',(-252.5,0.650000000000004,237.5));
#7637=CARTESIAN_POINT('',(-252.5,-7.49400541621981E-15,242.75));
#7638=CARTESIAN_POINT('',(-252.5,0.650000000000004,242.1));
#7639=CARTESIAN_POINT('Origin',(-252.5,8.67361737988404E-16,237.5));
#7640=CARTESIAN_POINT('Origin',(0.,0.,0.));
#7641=CARTESIAN_POINT('',(370.,0.,188.));
#7642=CARTESIAN_POINT('',(383.6,0.,188.));
#7643=CARTESIAN_POINT('',(388.,0.,188.));
#7644=CARTESIAN_POINT('',(370.,0.,195.5));
#7645=CARTESIAN_POINT('Origin',(370.,0.,191.75));
#7646=CARTESIAN_POINT('',(383.6,0.,195.5));
#7647=CARTESIAN_POINT('',(388.,0.,195.5));
#7648=CARTESIAN_POINT('',(383.6,-9.56080659908538E-14,218.177460325559));
#7649=CARTESIAN_POINT('',(383.6,9.54097911787244E-15,-218.630376775108));
#7650=CARTESIAN_POINT('',(316.177460325558,1.73472347597681E-15,285.6));
#7651=CARTESIAN_POINT('',(383.920260292787,-9.62771529167128E-14,217.857200032771));
#7652=CARTESIAN_POINT('',(-316.177460325558,-1.1094024392034E-13,285.6));
#7653=CARTESIAN_POINT('',(316.630376775108,1.73472347597681E-15,285.6));
#7654=CARTESIAN_POINT('',(-383.6,9.54097911787244E-15,218.177460325558));
#7655=CARTESIAN_POINT('',(-315.857200032771,-1.11022302462516E-13,285.920260292787));
#7656=CARTESIAN_POINT('',(-383.6,0.,195.5));
#7657=CARTESIAN_POINT('',(-383.6,9.54097911787244E-15,218.630376775108));
#7658=CARTESIAN_POINT('',(-370.,0.,195.5));
#7659=CARTESIAN_POINT('',(-388.,0.,195.5));
#7660=CARTESIAN_POINT('',(-370.,0.,188.));
#7661=CARTESIAN_POINT('Origin',(-370.,0.,191.75));
#7662=CARTESIAN_POINT('',(-383.6,0.,188.));
#7663=CARTESIAN_POINT('',(-388.,0.,188.));
#7664=CARTESIAN_POINT('',(-383.6,0.,-188.));
#7665=CARTESIAN_POINT('',(-383.6,9.54097911787244E-15,218.630376775108));
#7666=CARTESIAN_POINT('',(-370.,0.,-188.));
#7667=CARTESIAN_POINT('',(-388.,0.,-188.));
#7668=CARTESIAN_POINT('',(-370.,0.,-195.5));
#7669=CARTESIAN_POINT('Origin',(-370.,0.,-191.75));
#7670=CARTESIAN_POINT('',(-383.6,0.,-195.5));
#7671=CARTESIAN_POINT('',(-388.,0.,-195.5));
#7672=CARTESIAN_POINT('',(-383.6,8.10983225019157E-14,-218.177460325558));
#7673=CARTESIAN_POINT('',(-383.6,9.54097911787244E-15,218.630376775108));
#7674=CARTESIAN_POINT('',(-316.177460325559,-1.47451495458029E-14,-285.6));
#7675=CARTESIAN_POINT('',(-383.920260292788,8.06646416329215E-14,-217.857200032771));
#7676=CARTESIAN_POINT('',(316.177460325558,5.60666708610467E-16,-285.6));
#7677=CARTESIAN_POINT('',(-316.630376775108,-1.47451495458029E-14,-285.6));
#7678=CARTESIAN_POINT('',(383.6,9.54097911787244E-15,-218.177460325558));
#7679=CARTESIAN_POINT('',(315.857200032771,0.,-285.920260292787));
#7680=CARTESIAN_POINT('',(383.6,0.,-195.5));
#7681=CARTESIAN_POINT('',(383.6,9.54097911787244E-15,-218.630376775108));
#7682=CARTESIAN_POINT('',(370.,0.,-195.5));
#7683=CARTESIAN_POINT('',(388.,0.,-195.5));
#7684=CARTESIAN_POINT('',(370.,0.,-188.));
#7685=CARTESIAN_POINT('Origin',(370.,0.,-191.75));
#7686=CARTESIAN_POINT('',(383.6,0.,-188.));
#7687=CARTESIAN_POINT('',(388.,0.,-188.));
#7688=CARTESIAN_POINT('',(383.6,9.54097911787244E-15,-218.630376775108));
#7689=CARTESIAN_POINT('',(-95.,0.,240.));
#7690=CARTESIAN_POINT('',(-105.,0.,230.));
#7691=CARTESIAN_POINT('Origin',(-95.,0.,230.));
#7692=CARTESIAN_POINT('',(95.,0.,240.));
#7693=CARTESIAN_POINT('',(-95.,0.,240.));
#7694=CARTESIAN_POINT('',(105.,0.,230.));
#7695=CARTESIAN_POINT('Origin',(95.,0.,230.));
#7696=CARTESIAN_POINT('',(105.,0.,170.));
#7697=CARTESIAN_POINT('',(105.,0.,230.));
#7698=CARTESIAN_POINT('',(95.,0.,160.));
#7699=CARTESIAN_POINT('Origin',(95.,0.,170.));
#7700=CARTESIAN_POINT('',(-95.,0.,160.));
#7701=CARTESIAN_POINT('',(-95.,0.,160.));
#7702=CARTESIAN_POINT('',(-105.,0.,170.));
#7703=CARTESIAN_POINT('Origin',(-95.,0.,170.));
#7704=CARTESIAN_POINT('',(-105.,0.,230.));
#7705=CARTESIAN_POINT('',(-94.9999999999999,0.,-160.));
#7706=CARTESIAN_POINT('',(-105.,0.,-170.));
#7707=CARTESIAN_POINT('Origin',(-94.9999999999999,0.,-170.));
#7708=CARTESIAN_POINT('',(95.,0.,-160.));
#7709=CARTESIAN_POINT('',(-94.9999999999999,0.,-160.));
#7710=CARTESIAN_POINT('',(105.,0.,-170.));
#7711=CARTESIAN_POINT('Origin',(95.,0.,-170.));
#7712=CARTESIAN_POINT('',(105.,0.,-230.));
#7713=CARTESIAN_POINT('',(105.,0.,-230.));
#7714=CARTESIAN_POINT('',(95.0000000000001,0.,-240.));
#7715=CARTESIAN_POINT('Origin',(95.0000000000001,0.,-230.));
#7716=CARTESIAN_POINT('',(-94.9999999999999,0.,-240.));
#7717=CARTESIAN_POINT('',(-94.9999999999999,0.,-240.));
#7718=CARTESIAN_POINT('',(-105.,0.,-230.));
#7719=CARTESIAN_POINT('Origin',(-94.9999999999999,0.,-230.));
#7720=CARTESIAN_POINT('',(-105.,0.,-230.));
#7721=CARTESIAN_POINT('',(-358.,0.,-111.));
#7722=CARTESIAN_POINT('',(-358.,0.,-109.));
#7723=CARTESIAN_POINT('Origin',(-358.,0.,-110.));
#7724=CARTESIAN_POINT('',(-358.,0.,109.));
#7725=CARTESIAN_POINT('',(-358.,0.,-9.11605144072949E-14));
#7726=CARTESIAN_POINT('',(-358.,0.,111.));
#7727=CARTESIAN_POINT('Origin',(-358.,0.,110.));
#7728=CARTESIAN_POINT('',(-333.28,0.,111.));
#7729=CARTESIAN_POINT('',(-333.28,0.,111.));
#7730=CARTESIAN_POINT('',(-322.28,0.,100.));
#7731=CARTESIAN_POINT('Origin',(-333.28,0.,100.));
#7732=CARTESIAN_POINT('',(-322.28,0.,-100.));
#7733=CARTESIAN_POINT('',(-322.28,0.,-100.));
#7734=CARTESIAN_POINT('',(-333.28,0.,-111.));
#7735=CARTESIAN_POINT('Origin',(-333.28,0.,-100.));
#7736=CARTESIAN_POINT('',(-358.,0.,-111.));
#7737=CARTESIAN_POINT('',(358.,0.,-109.));
#7738=CARTESIAN_POINT('',(358.,0.,109.));
#7739=CARTESIAN_POINT('',(358.,0.,-9.11605144072949E-14));
#7740=CARTESIAN_POINT('',(358.,0.,-111.));
#7741=CARTESIAN_POINT('Origin',(358.,0.,-110.));
#7742=CARTESIAN_POINT('',(333.28,0.,-111.));
#7743=CARTESIAN_POINT('',(358.,0.,-111.));
#7744=CARTESIAN_POINT('',(322.28,0.,-100.));
#7745=CARTESIAN_POINT('Origin',(333.28,0.,-100.));
#7746=CARTESIAN_POINT('',(322.28,0.,100.));
#7747=CARTESIAN_POINT('',(322.28,0.,-100.));
#7748=CARTESIAN_POINT('',(333.28,0.,111.));
#7749=CARTESIAN_POINT('Origin',(333.28,0.,100.));
#7750=CARTESIAN_POINT('',(358.,0.,111.));
#7751=CARTESIAN_POINT('',(333.28,0.,111.));
#7752=CARTESIAN_POINT('Origin',(358.,0.,110.));
#7753=CARTESIAN_POINT('Origin',(0.,2.,0.));
#7754=CARTESIAN_POINT('',(370.,2.,195.5));
#7755=CARTESIAN_POINT('',(370.,2.,188.));
#7756=CARTESIAN_POINT('Origin',(370.,2.,191.75));
#7757=CARTESIAN_POINT('',(383.6,2.00000000000001,188.));
#7758=CARTESIAN_POINT('',(-5.79783135082023E-13,2.,187.999999999999));
#7759=CARTESIAN_POINT('',(383.6,2.00000000000001,-188.));
#7760=CARTESIAN_POINT('',(383.6,2.00000000000001,-218.630376775108));
#7761=CARTESIAN_POINT('',(370.,2.,-188.));
#7762=CARTESIAN_POINT('',(-5.79783135082022E-13,2.,-187.999999999999));
#7763=CARTESIAN_POINT('',(370.,2.,-195.5));
#7764=CARTESIAN_POINT('Origin',(370.,2.,-191.75));
#7765=CARTESIAN_POINT('',(383.6,2.00000000000001,-195.5));
#7766=CARTESIAN_POINT('',(-6.0291278142838E-13,2.,-195.499999999999));
#7767=CARTESIAN_POINT('',(383.6,2.00000000000005,-218.177460325558));
#7768=CARTESIAN_POINT('',(383.6,2.00000000000001,-218.630376775108));
#7769=CARTESIAN_POINT('',(316.177460325558,2.,-285.6));
#7770=CARTESIAN_POINT('',(315.857200032771,2.,-285.920260292787));
#7771=CARTESIAN_POINT('',(-316.177460325559,2.00000000000008,-285.6));
#7772=CARTESIAN_POINT('',(-316.630376775108,1.99999999999999,-285.6));
#7773=CARTESIAN_POINT('',(-383.6,2.00000000000008,-218.177460325558));
#7774=CARTESIAN_POINT('',(-383.920260292788,2.00000000000008,-217.857200032771));
#7775=CARTESIAN_POINT('',(-383.6,2.00000000000001,-195.5));
#7776=CARTESIAN_POINT('',(-383.6,2.00000000000001,218.630376775108));
#7777=CARTESIAN_POINT('',(-370.,2.,-195.5));
#7778=CARTESIAN_POINT('',(6.0291278142838E-13,2.,-195.499999999999));
#7779=CARTESIAN_POINT('',(-370.,2.,-188.));
#7780=CARTESIAN_POINT('Origin',(-370.,2.,-191.75));
#7781=CARTESIAN_POINT('',(-383.6,2.00000000000001,-188.));
#7782=CARTESIAN_POINT('',(5.79783135082022E-13,2.,-187.999999999999));
#7783=CARTESIAN_POINT('',(-383.6,2.00000000000001,188.));
#7784=CARTESIAN_POINT('',(-383.6,2.00000000000001,218.630376775108));
#7785=CARTESIAN_POINT('',(-370.,2.,188.));
#7786=CARTESIAN_POINT('',(5.79783135082022E-13,2.,187.999999999999));
#7787=CARTESIAN_POINT('',(-370.,2.,195.5));
#7788=CARTESIAN_POINT('Origin',(-370.,2.,191.75));
#7789=CARTESIAN_POINT('',(-383.6,2.00000000000001,195.5));
#7790=CARTESIAN_POINT('',(6.0291278142838E-13,2.,195.499999999999));
#7791=CARTESIAN_POINT('',(-383.6,1.99999999999994,218.177460325558));
#7792=CARTESIAN_POINT('',(-383.6,2.00000000000001,218.630376775108));
#7793=CARTESIAN_POINT('',(-316.177460325558,1.99999999999989,285.6));
#7794=CARTESIAN_POINT('',(-315.857200032771,1.99999999999989,285.920260292787));
#7795=CARTESIAN_POINT('',(316.177460325558,2.00000000000001,285.6));
#7796=CARTESIAN_POINT('',(316.630376775108,2.,285.6));
#7797=CARTESIAN_POINT('',(383.6,1.9999999999999,218.177460325558));
#7798=CARTESIAN_POINT('',(383.920260292787,1.9999999999999,217.857200032771));
#7799=CARTESIAN_POINT('',(383.6,2.00000000000001,195.5));
#7800=CARTESIAN_POINT('',(383.6,2.00000000000001,-218.630376775108));
#7801=CARTESIAN_POINT('',(-6.02912781428381E-13,2.,195.499999999999));
#7802=CARTESIAN_POINT('',(358.,2.,-109.));
#7803=CARTESIAN_POINT('',(358.,2.,-111.));
#7804=CARTESIAN_POINT('Origin',(358.,2.,-110.));
#7805=CARTESIAN_POINT('',(358.,1.99999999999999,109.));
#7806=CARTESIAN_POINT('',(358.,2.,-9.11605144072949E-14));
#7807=CARTESIAN_POINT('',(358.,2.,111.));
#7808=CARTESIAN_POINT('Origin',(358.,2.,110.));
#7809=CARTESIAN_POINT('',(333.28,2.,111.));
#7810=CARTESIAN_POINT('',(333.28,2.,111.));
#7811=CARTESIAN_POINT('',(322.28,2.,100.));
#7812=CARTESIAN_POINT('Origin',(333.28,2.,100.));
#7813=CARTESIAN_POINT('',(322.28,2.,-100.));
#7814=CARTESIAN_POINT('',(322.28,2.,-100.));
#7815=CARTESIAN_POINT('',(333.28,2.,-111.));
#7816=CARTESIAN_POINT('Origin',(333.28,2.,-100.));
#7817=CARTESIAN_POINT('',(358.,2.,-111.));
#7818=CARTESIAN_POINT('',(-358.,1.99999999999999,-109.));
#7819=CARTESIAN_POINT('',(-358.,2.,109.));
#7820=CARTESIAN_POINT('',(-358.,2.,-9.11605144072949E-14));
#7821=CARTESIAN_POINT('',(-358.,2.,-111.));
#7822=CARTESIAN_POINT('Origin',(-358.,2.,-110.));
#7823=CARTESIAN_POINT('',(-333.28,2.,-111.));
#7824=CARTESIAN_POINT('',(-358.,2.,-111.));
#7825=CARTESIAN_POINT('',(-322.28,2.,-100.));
#7826=CARTESIAN_POINT('Origin',(-333.28,2.,-100.));
#7827=CARTESIAN_POINT('',(-322.28,2.,100.));
#7828=CARTESIAN_POINT('',(-322.28,2.,-100.));
#7829=CARTESIAN_POINT('',(-333.28,2.,111.));
#7830=CARTESIAN_POINT('Origin',(-333.28,2.,100.));
#7831=CARTESIAN_POINT('',(-358.,2.,111.));
#7832=CARTESIAN_POINT('',(-333.28,2.,111.));
#7833=CARTESIAN_POINT('Origin',(-358.,2.,110.));
#7834=CARTESIAN_POINT('',(95.,2.,240.));
#7835=CARTESIAN_POINT('',(-95.,2.,240.));
#7836=CARTESIAN_POINT('',(-3.50596744618471E-14,2.,240.));
#7837=CARTESIAN_POINT('',(-105.,2.,230.));
#7838=CARTESIAN_POINT('Origin',(-95.,2.,230.));
#7839=CARTESIAN_POINT('',(-105.,2.,170.));
#7840=CARTESIAN_POINT('',(-105.,2.,0.));
#7841=CARTESIAN_POINT('',(-95.,2.,160.));
#7842=CARTESIAN_POINT('Origin',(-95.,2.,170.));
#7843=CARTESIAN_POINT('',(95.,2.,160.));
#7844=CARTESIAN_POINT('',(-2.3373116307898E-14,2.,160.));
#7845=CARTESIAN_POINT('',(105.,2.,170.));
#7846=CARTESIAN_POINT('Origin',(95.,2.,170.));
#7847=CARTESIAN_POINT('',(105.,2.,230.));
#7848=CARTESIAN_POINT('',(105.,2.,0.));
#7849=CARTESIAN_POINT('Origin',(95.,2.,230.));
#7850=CARTESIAN_POINT('',(95.,2.,-160.));
#7851=CARTESIAN_POINT('',(-94.9999999999999,2.,-160.));
#7852=CARTESIAN_POINT('',(0.,2.,-160.));
#7853=CARTESIAN_POINT('',(-105.,2.,-170.));
#7854=CARTESIAN_POINT('Origin',(-94.9999999999999,2.,-170.));
#7855=CARTESIAN_POINT('',(-105.,2.,-230.));
#7856=CARTESIAN_POINT('',(-105.,2.,-2.42861286636753E-14));
#7857=CARTESIAN_POINT('',(-94.9999999999999,2.,-240.));
#7858=CARTESIAN_POINT('Origin',(-94.9999999999999,2.,-230.));
#7859=CARTESIAN_POINT('',(95.0000000000001,2.,-240.));
#7860=CARTESIAN_POINT('',(3.50596744618471E-14,2.,-240.));
#7861=CARTESIAN_POINT('',(105.,2.,-230.));
#7862=CARTESIAN_POINT('Origin',(95.0000000000001,2.,-230.));
#7863=CARTESIAN_POINT('',(105.,2.,-170.));
#7864=CARTESIAN_POINT('',(105.,2.,2.42861286636753E-14));
#7865=CARTESIAN_POINT('Origin',(95.,2.,-170.));
#7866=CARTESIAN_POINT('Origin',(388.,20.,195.5));
#7867=CARTESIAN_POINT('',(383.6,2.00000000000001,195.5));
#7868=CARTESIAN_POINT('',(370.,20.,195.5));
#7869=CARTESIAN_POINT('Origin',(388.,20.,195.5));
#7870=CARTESIAN_POINT('',(388.,20.,195.5));
#7871=CARTESIAN_POINT('',(388.,4.40000000000001,195.5));
#7872=CARTESIAN_POINT('',(388.,20.,195.5));
#7873=CARTESIAN_POINT('',(386.,4.40000000000001,195.5));
#7874=CARTESIAN_POINT('',(388.,4.40000000000001,195.5));
#7875=CARTESIAN_POINT('',(386.,20.,195.5));
#7876=CARTESIAN_POINT('',(386.,-1.19657370431823E-12,195.5));
#7877=CARTESIAN_POINT('',(388.,20.,195.5));
#7878=CARTESIAN_POINT('Origin',(388.,20.,188.));
#7879=CARTESIAN_POINT('',(386.,4.40000000000001,188.));
#7880=CARTESIAN_POINT('',(386.,20.,188.));
#7881=CARTESIAN_POINT('',(386.,-1.19657370431823E-12,188.));
#7882=CARTESIAN_POINT('',(388.,4.40000000000001,188.));
#7883=CARTESIAN_POINT('',(386.,4.40000000000001,188.));
#7884=CARTESIAN_POINT('',(388.,20.,188.));
#7885=CARTESIAN_POINT('',(388.,20.,188.));
#7886=CARTESIAN_POINT('',(387.999999999999,20.,188.));
#7887=CARTESIAN_POINT('Origin',(388.,20.,188.));
#7888=CARTESIAN_POINT('',(383.6,0.,188.));
#7889=CARTESIAN_POINT('',(370.,20.,188.));
#7890=CARTESIAN_POINT('Origin',(388.,20.,-188.));
#7891=CARTESIAN_POINT('',(383.6,2.00000000000001,-188.));
#7892=CARTESIAN_POINT('',(370.,20.,-188.));
#7893=CARTESIAN_POINT('Origin',(388.,20.,-188.));
#7894=CARTESIAN_POINT('',(388.,20.,-188.));
#7895=CARTESIAN_POINT('',(388.,4.40000000000001,-188.));
#7896=CARTESIAN_POINT('',(388.,20.,-188.));
#7897=CARTESIAN_POINT('',(386.,4.40000000000001,-188.));
#7898=CARTESIAN_POINT('',(388.,4.40000000000001,-188.));
#7899=CARTESIAN_POINT('',(386.,20.,-188.));
#7900=CARTESIAN_POINT('',(386.,-1.19657370431823E-12,-188.));
#7901=CARTESIAN_POINT('',(388.,20.,-188.));
#7902=CARTESIAN_POINT('Origin',(388.,20.,-195.5));
#7903=CARTESIAN_POINT('',(386.,4.40000000000001,-195.5));
#7904=CARTESIAN_POINT('',(386.,20.,-195.5));
#7905=CARTESIAN_POINT('',(386.,-1.19657370431823E-12,-195.5));
#7906=CARTESIAN_POINT('',(388.,4.40000000000001,-195.5));
#7907=CARTESIAN_POINT('',(386.,4.40000000000001,-195.5));
#7908=CARTESIAN_POINT('',(388.,20.,-195.5));
#7909=CARTESIAN_POINT('',(388.,20.,-195.5));
#7910=CARTESIAN_POINT('',(388.,20.,-195.5));
#7911=CARTESIAN_POINT('Origin',(388.,20.,-195.5));
#7912=CARTESIAN_POINT('',(383.6,0.,-195.5));
#7913=CARTESIAN_POINT('',(370.,20.,-195.5));
#7914=CARTESIAN_POINT('Origin',(-388.,20.,-195.5));
#7915=CARTESIAN_POINT('',(-383.6,2.00000000000001,-195.5));
#7916=CARTESIAN_POINT('',(-370.,20.,-195.5));
#7917=CARTESIAN_POINT('Origin',(-388.,20.,-195.5));
#7918=CARTESIAN_POINT('',(-388.,20.,-195.5));
#7919=CARTESIAN_POINT('',(-388.,4.40000000000001,-195.5));
#7920=CARTESIAN_POINT('',(-388.,20.,-195.5));
#7921=CARTESIAN_POINT('',(-386.,4.40000000000001,-195.5));
#7922=CARTESIAN_POINT('',(-388.,4.40000000000001,-195.5));
#7923=CARTESIAN_POINT('',(-386.,20.,-195.5));
#7924=CARTESIAN_POINT('',(-386.,-1.19657370431823E-12,-195.5));
#7925=CARTESIAN_POINT('',(-388.,20.,-195.5));
#7926=CARTESIAN_POINT('Origin',(-388.,20.,-188.));
#7927=CARTESIAN_POINT('',(-386.,4.40000000000001,-188.));
#7928=CARTESIAN_POINT('',(-386.,20.,-188.));
#7929=CARTESIAN_POINT('',(-386.,-1.19657370431823E-12,-188.));
#7930=CARTESIAN_POINT('',(-388.,4.40000000000001,-188.));
#7931=CARTESIAN_POINT('',(-386.,4.40000000000001,-188.));
#7932=CARTESIAN_POINT('',(-388.,20.,-188.));
#7933=CARTESIAN_POINT('',(-388.,20.,-188.));
#7934=CARTESIAN_POINT('',(-387.999999999999,20.,-188.));
#7935=CARTESIAN_POINT('Origin',(-388.,20.,-188.));
#7936=CARTESIAN_POINT('',(-383.6,0.,-188.));
#7937=CARTESIAN_POINT('',(-370.,20.,-188.));
#7938=CARTESIAN_POINT('Origin',(-388.,20.,188.));
#7939=CARTESIAN_POINT('',(-383.6,2.00000000000001,188.));
#7940=CARTESIAN_POINT('',(-370.,20.,188.));
#7941=CARTESIAN_POINT('Origin',(-388.,20.,188.));
#7942=CARTESIAN_POINT('',(-388.,20.,188.));
#7943=CARTESIAN_POINT('',(-388.,4.40000000000001,188.));
#7944=CARTESIAN_POINT('',(-388.,20.,188.));
#7945=CARTESIAN_POINT('',(-386.,4.40000000000001,188.));
#7946=CARTESIAN_POINT('',(-388.,4.40000000000001,188.));
#7947=CARTESIAN_POINT('',(-386.,20.,188.));
#7948=CARTESIAN_POINT('',(-386.,-1.19657370431823E-12,188.));
#7949=CARTESIAN_POINT('',(-388.,20.,188.));
#7950=CARTESIAN_POINT('Origin',(-388.,20.,195.5));
#7951=CARTESIAN_POINT('',(-386.,4.40000000000001,195.5));
#7952=CARTESIAN_POINT('',(-386.,20.,195.5));
#7953=CARTESIAN_POINT('',(-386.,-1.19657370431823E-12,195.5));
#7954=CARTESIAN_POINT('',(-388.,4.40000000000001,195.5));
#7955=CARTESIAN_POINT('',(-386.,4.40000000000001,195.5));
#7956=CARTESIAN_POINT('',(-388.,20.,195.5));
#7957=CARTESIAN_POINT('',(-388.,20.,195.5));
#7958=CARTESIAN_POINT('',(-388.,20.,195.5));
#7959=CARTESIAN_POINT('Origin',(-388.,20.,195.5));
#7960=CARTESIAN_POINT('',(-383.6,0.,195.5));
#7961=CARTESIAN_POINT('',(-370.,20.,195.5));
#7962=CARTESIAN_POINT('Origin',(383.6,4.40000000000002,-218.630376775108));
#7963=CARTESIAN_POINT('Origin',(383.6,4.40000000000002,188.));
#7964=CARTESIAN_POINT('Origin',(383.6,4.40000000000002,-188.));
#7965=CARTESIAN_POINT('',(388.,4.40000000000001,0.));
#7966=CARTESIAN_POINT('Origin',(383.6,4.40000000000002,-218.630376775108));
#7967=CARTESIAN_POINT('Origin',(383.6,4.40000000000002,-195.5));
#7968=CARTESIAN_POINT('',(388.,4.40000000000001,-218.630376775108));
#7969=CARTESIAN_POINT('Ctrl Pts',(388.,4.40000000000001,-218.630376775108));
#7970=CARTESIAN_POINT('Ctrl Pts',(388.,4.26532070742627,-218.621551131883));
#7971=CARTESIAN_POINT('Ctrl Pts',(387.993812074998,4.13064157438636,-218.612725488658));
#7972=CARTESIAN_POINT('Ctrl Pts',(387.981462280824,3.99652970156367,-218.603899845433));
#7973=CARTESIAN_POINT('Ctrl Pts',(387.969030608319,3.861528675767,-218.595015688769));
#7974=CARTESIAN_POINT('Ctrl Pts',(387.950355061922,3.72710278745319,-218.586131532105));
#7975=CARTESIAN_POINT('Ctrl Pts',(387.925515324613,3.59382559173756,-218.577247375441));
#7976=CARTESIAN_POINT('Ctrl Pts',(387.900836041561,3.46140931065884,-218.568420606693));
#7977=CARTESIAN_POINT('Ctrl Pts',(387.870072061279,3.33012723653979,-218.559593837945));
#7978=CARTESIAN_POINT('Ctrl Pts',(387.833352956317,3.20053230671044,-218.550767069197));
#7979=CARTESIAN_POINT('Ctrl Pts',(387.796634734501,3.07094049382381,-218.541940512745));
#7980=CARTESIAN_POINT('Ctrl Pts',(387.75396176169,2.94303605116761,-218.533113956293));
#7981=CARTESIAN_POINT('Ctrl Pts',(387.70551376041,2.81735766419337,-218.524287399842));
#7982=CARTESIAN_POINT('Ctrl Pts',(387.657066844495,2.69168209275335,-218.515461041128));
#7983=CARTESIAN_POINT('Ctrl Pts',(387.602845273858,2.56823277503078,-218.506634682415));
#7984=CARTESIAN_POINT('Ctrl Pts',(387.543077399162,2.4475296098994,-218.497808323702));
#7985=CARTESIAN_POINT('Ctrl Pts',(387.483310764902,2.32682894986989,-218.488982148173));
#7986=CARTESIAN_POINT('Ctrl Pts',(387.417998198592,2.20887461439313,-218.480155972645));
#7987=CARTESIAN_POINT('Ctrl Pts',(387.347414748507,2.09416333998465,-218.471329797116));
#7988=CARTESIAN_POINT('Ctrl Pts',(387.276832646992,1.97945425725359,-218.46250379022));
#7989=CARTESIAN_POINT('Ctrl Pts',(387.200980030501,1.86798838339003,-218.453677783325));
#7990=CARTESIAN_POINT('Ctrl Pts',(387.120176322023,1.76023511238854,-218.444851776429));
#7991=CARTESIAN_POINT('Ctrl Pts',(387.039374024222,1.65248372255093,-218.436025923619));
#7992=CARTESIAN_POINT('Ctrl Pts',(386.953620998878,1.54844506115982,-218.427200070808));
#7993=CARTESIAN_POINT('Ctrl Pts',(386.863278348005,1.44855723019389,-218.418374217998));
#7994=CARTESIAN_POINT('Ctrl Pts',(386.772937125478,1.34867097848617,-218.409548504727));
#7995=CARTESIAN_POINT('Ctrl Pts',(386.678006636687,1.25293566251365,-218.400722791456));
#7996=CARTESIAN_POINT('Ctrl Pts',(386.578886616895,1.16175440652125,-218.391897078185));
#7997=CARTESIAN_POINT('Ctrl Pts',(386.478540736852,1.06944547241123,-218.382962213492));
#7998=CARTESIAN_POINT('Ctrl Pts',(386.373901227799,0.98180424589619,-218.374027348799));
#7999=CARTESIAN_POINT('Ctrl Pts',(386.265419659771,0.899208941209575,-218.365092484106));
#8000=CARTESIAN_POINT('Ctrl Pts',(386.158252918519,0.817614714587548,-218.356265912459));
#8001=CARTESIAN_POINT('Ctrl Pts',(386.04733701116,0.74094494684049,-218.347439340811));
#8002=CARTESIAN_POINT('Ctrl Pts',(385.933139075428,0.669522543331424,-218.338612769163));
#8003=CARTESIAN_POINT('Ctrl Pts',(385.818946095958,0.598103239600353,-218.329786580594));
#8004=CARTESIAN_POINT('Ctrl Pts',(385.70147164381,0.531931013571653,-218.320960392026));
#8005=CARTESIAN_POINT('Ctrl Pts',(385.581210436044,0.471284534595233,-218.312134203457));
#8006=CARTESIAN_POINT('Ctrl Pts',(385.460953654813,0.41064028787434,-218.303308339759));
#8007=CARTESIAN_POINT('Ctrl Pts',(385.337910608196,0.355521524842413,-218.294482476062));
#8008=CARTESIAN_POINT('Ctrl Pts',(385.212599426033,0.306160348626524,-218.285656612365));
#8009=CARTESIAN_POINT('Ctrl Pts',(385.084583582767,0.25573378262629,-218.276640255131));
#8010=CARTESIAN_POINT('Ctrl Pts',(384.954200886183,0.211316333912642,-218.267623897897));
#8011=CARTESIAN_POINT('Ctrl Pts',(384.822024297647,0.173103193126169,-218.258607540663));
#8012=CARTESIAN_POINT('Ctrl Pts',(384.692635289481,0.135695960574228,-218.249781336774));
#8013=CARTESIAN_POINT('Ctrl Pts',(384.561527626402,0.10423401008076,-218.240955132885));
#8014=CARTESIAN_POINT('Ctrl Pts',(384.429253440569,0.0788498369873221,-218.232128928996));
#8015=CARTESIAN_POINT('Ctrl Pts',(384.292704645991,0.0526453420178508,-218.22301749509));
#8016=CARTESIAN_POINT('Ctrl Pts',(384.154913008596,0.0329181594859593,-218.213906061184));
#8017=CARTESIAN_POINT('Ctrl Pts',(384.016496868382,0.0197568151268319,-218.204794627277));
#8018=CARTESIAN_POINT('Ctrl Pts',(383.878080728168,0.00659547076770452,
-218.195683193371));
#8019=CARTESIAN_POINT('Ctrl Pts',(383.739040457627,7.99580458052171E-15,
-218.186571759465));
#8020=CARTESIAN_POINT('Ctrl Pts',(383.6,7.99360577730113E-15,-218.177460325558));
#8021=CARTESIAN_POINT('',(388.,4.40000000000001,0.));
#8022=CARTESIAN_POINT('Origin',(383.6,4.40000000000002,-218.630376775108));
#8023=CARTESIAN_POINT('Origin',(383.6,4.40000000000002,188.));
#8024=CARTESIAN_POINT('',(386.,4.40000000000001,220.));
#8025=CARTESIAN_POINT('Origin',(383.6,4.40000000000002,-188.));
#8026=CARTESIAN_POINT('Origin',(383.6,4.40000000000002,-218.630376775108));
#8027=CARTESIAN_POINT('Origin',(383.6,4.40000000000002,-195.5));
#8028=CARTESIAN_POINT('',(386.,4.40000000000001,-218.630376775108));
#8029=CARTESIAN_POINT('',(386.,4.40000000000001,220.));
#8030=CARTESIAN_POINT('Ctrl Pts',(386.,4.40000000000001,-218.630376775108));
#8031=CARTESIAN_POINT('Ctrl Pts',(386.,4.31450351722833,-218.620105243092));
#8032=CARTESIAN_POINT('Ctrl Pts',(385.995427126388,4.22900722023445,-218.609833711076));
#8033=CARTESIAN_POINT('Ctrl Pts',(385.986307448641,4.14399851453832,-218.599562179061));
#8034=CARTESIAN_POINT('Ctrl Pts',(385.977188059804,4.05899250189901,-218.589290972445));
#8035=CARTESIAN_POINT('Ctrl Pts',(385.963522194814,3.9744744190299,-218.579019765829));
#8036=CARTESIAN_POINT('Ctrl Pts',(385.945387756421,3.89092606427792,-218.568748559213));
#8037=CARTESIAN_POINT('Ctrl Pts',(385.927253852026,3.8073801697423,-218.558477655049));
#8038=CARTESIAN_POINT('Ctrl Pts',(385.904651716434,3.72480430916598,-218.548206750886));
#8039=CARTESIAN_POINT('Ctrl Pts',(385.877710186351,3.64366918151357,-218.537935846722));
#8040=CARTESIAN_POINT('Ctrl Pts',(385.850769389454,3.56253626186827,-218.527665222071));
#8041=CARTESIAN_POINT('Ctrl Pts',(385.819489551514,3.48284434913954,-218.517394597419));
#8042=CARTESIAN_POINT('Ctrl Pts',(385.784048964195,3.40504767852918,-218.507123972767));
#8043=CARTESIAN_POINT('Ctrl Pts',(385.748609262242,3.32725295141441,-218.496853604693));
#8044=CARTESIAN_POINT('Ctrl Pts',(385.709009172941,3.25135370958085,-218.48658323662));
#8045=CARTESIAN_POINT('Ctrl Pts',(385.665474401218,3.17778254884246,-218.476312868546));
#8046=CARTESIAN_POINT('Ctrl Pts',(385.621940619908,3.10421306184306,-218.466042734123));
#8047=CARTESIAN_POINT('Ctrl Pts',(385.574472524467,3.03297186947172,-218.455772599699));
#8048=CARTESIAN_POINT('Ctrl Pts',(385.523340652073,2.96446500004999,-218.445502465275));
#8049=CARTESIAN_POINT('Ctrl Pts',(385.472209828829,2.89595953628744,-218.43523254158));
#8050=CARTESIAN_POINT('Ctrl Pts',(385.417415601199,2.83018858069857,-218.424962617884));
#8051=CARTESIAN_POINT('Ctrl Pts',(385.35927024774,2.76752696946752,-218.414692694189));
#8052=CARTESIAN_POINT('Ctrl Pts',(385.301114422947,2.7048540735739,-218.404420920993));
#8053=CARTESIAN_POINT('Ctrl Pts',(385.239606516763,2.64529191543818,-218.394149147798));
#8054=CARTESIAN_POINT('Ctrl Pts',(385.175097195819,2.58918006866383,-218.383877374603));
#8055=CARTESIAN_POINT('Ctrl Pts',(385.110592019584,2.53307182706275,-218.373606261367));
#8056=CARTESIAN_POINT('Ctrl Pts',(385.043086094934,2.48041369687548,-218.363335148131));
#8057=CARTESIAN_POINT('Ctrl Pts',(384.972964234818,2.43150585220321,-218.353064034894));
#8058=CARTESIAN_POINT('Ctrl Pts',(384.902846253672,2.38260071299335,-218.342793489831));
#8059=CARTESIAN_POINT('Ctrl Pts',(384.83011293137,2.33744565647393,-218.332522944768));
#8060=CARTESIAN_POINT('Ctrl Pts',(384.755178833494,2.29629805755501,-218.322252399705));
#8061=CARTESIAN_POINT('Ctrl Pts',(384.68024821174,2.25515236743411,-218.311982331082));
#8062=CARTESIAN_POINT('Ctrl Pts',(384.603117344261,2.21801394148931,-218.30171226246));
#8063=CARTESIAN_POINT('Ctrl Pts',(384.524225821059,2.1850944418132,-218.291442193837));
#8064=CARTESIAN_POINT('Ctrl Pts',(384.445322802819,2.15217014553902,-218.281170628795));
#8065=CARTESIAN_POINT('Ctrl Pts',(384.364658958085,2.12346614929781,-218.270899063753));
#8066=CARTESIAN_POINT('Ctrl Pts',(384.282694146019,2.09914609264496,-218.260627498711));
#8067=CARTESIAN_POINT('Ctrl Pts',(384.200738693863,2.07482881320262,-218.250357106622));
#8068=CARTESIAN_POINT('Ctrl Pts',(384.117482927837,2.0548945768655,-218.240086714533));
#8069=CARTESIAN_POINT('Ctrl Pts',(384.033401375262,2.0394570014675,-218.229816322445));
#8070=CARTESIAN_POINT('Ctrl Pts',(383.949313424665,2.02401825137717,-218.21954514885));
#8071=CARTESIAN_POINT('Ctrl Pts',(383.864399927064,2.01307691430819,-218.209273975256));
#8072=CARTESIAN_POINT('Ctrl Pts',(383.779144931775,2.00669536134254,-218.199002801662));
#8073=CARTESIAN_POINT('Ctrl Pts',(383.719541106827,2.00223386363711,-218.191821976294));
#8074=CARTESIAN_POINT('Ctrl Pts',(383.65977056893,2.00000000000001,-218.184641150926));
#8075=CARTESIAN_POINT('Ctrl Pts',(383.6,2.00000000000001,-218.177460325558));
#8076=CARTESIAN_POINT('Origin',(388.,-1.20355666699591E-12,0.));
#8077=CARTESIAN_POINT('',(388.,20.,-220.));
#8078=CARTESIAN_POINT('Origin',(388.,-1.20355666699591E-12,0.));
#8079=CARTESIAN_POINT('',(388.,20.,-218.630376775108));
#8080=CARTESIAN_POINT('',(388.,1.99999999999999,-218.630376775108));
#8081=CARTESIAN_POINT('',(388.,20.,-220.));
#8082=CARTESIAN_POINT('Origin',(386.,-1.19657370431822E-12,0.));
#8083=CARTESIAN_POINT('',(386.,20.,0.));
#8084=CARTESIAN_POINT('Origin',(386.,-1.19657370431822E-12,0.));
#8085=CARTESIAN_POINT('',(386.,20.,-218.630376775108));
#8086=CARTESIAN_POINT('',(386.,20.,0.));
#8087=CARTESIAN_POINT('',(386.,2.,-218.630376775108));
#8088=CARTESIAN_POINT('Origin',(388.,20.,-220.));
#8089=CARTESIAN_POINT('Origin',(388.,20.,-220.));
#8090=CARTESIAN_POINT('',(386.,20.,-218.630376775108));
#8091=CARTESIAN_POINT('Origin',(-383.6,4.40000000000002,218.630376775108));
#8092=CARTESIAN_POINT('Origin',(-383.6,4.40000000000002,-188.));
#8093=CARTESIAN_POINT('Origin',(-383.6,4.40000000000002,188.));
#8094=CARTESIAN_POINT('',(-388.,4.40000000000001,0.));
#8095=CARTESIAN_POINT('Origin',(-383.6,4.40000000000002,218.630376775108));
#8096=CARTESIAN_POINT('Origin',(-383.6,4.40000000000002,195.5));
#8097=CARTESIAN_POINT('',(-388.,4.40000000000001,218.630376775108));
#8098=CARTESIAN_POINT('Ctrl Pts',(-388.,4.40000000000001,218.630376775108));
#8099=CARTESIAN_POINT('Ctrl Pts',(-388.,4.26532070742627,218.621551131883));
#8100=CARTESIAN_POINT('Ctrl Pts',(-387.993812074998,4.13064157438636,218.612725488658));
#8101=CARTESIAN_POINT('Ctrl Pts',(-387.981462280824,3.99652970156367,218.603899845433));
#8102=CARTESIAN_POINT('Ctrl Pts',(-387.969030608319,3.861528675767,218.595015688769));
#8103=CARTESIAN_POINT('Ctrl Pts',(-387.950355061922,3.72710278745319,218.586131532105));
#8104=CARTESIAN_POINT('Ctrl Pts',(-387.925515324613,3.59382559173756,218.577247375441));
#8105=CARTESIAN_POINT('Ctrl Pts',(-387.900836041561,3.46140931065884,218.568420606693));
#8106=CARTESIAN_POINT('Ctrl Pts',(-387.870072061279,3.33012723653979,218.559593837945));
#8107=CARTESIAN_POINT('Ctrl Pts',(-387.833352956317,3.20053230671044,218.550767069197));
#8108=CARTESIAN_POINT('Ctrl Pts',(-387.796634734501,3.07094049382381,218.541940512745));
#8109=CARTESIAN_POINT('Ctrl Pts',(-387.75396176169,2.94303605116761,218.533113956293));
#8110=CARTESIAN_POINT('Ctrl Pts',(-387.70551376041,2.81735766419337,218.524287399842));
#8111=CARTESIAN_POINT('Ctrl Pts',(-387.657066844495,2.69168209275335,218.515461041129));
#8112=CARTESIAN_POINT('Ctrl Pts',(-387.602845273858,2.56823277503078,218.506634682415));
#8113=CARTESIAN_POINT('Ctrl Pts',(-387.543077399162,2.4475296098994,218.497808323702));
#8114=CARTESIAN_POINT('Ctrl Pts',(-387.483310764902,2.32682894986989,218.488982148174));
#8115=CARTESIAN_POINT('Ctrl Pts',(-387.417998198592,2.20887461439313,218.480155972645));
#8116=CARTESIAN_POINT('Ctrl Pts',(-387.347414748507,2.09416333998465,218.471329797116));
#8117=CARTESIAN_POINT('Ctrl Pts',(-387.276832646992,1.97945425725359,218.46250379022));
#8118=CARTESIAN_POINT('Ctrl Pts',(-387.200980030501,1.86798838339003,218.453677783325));
#8119=CARTESIAN_POINT('Ctrl Pts',(-387.120176322023,1.76023511238854,218.444851776429));
#8120=CARTESIAN_POINT('Ctrl Pts',(-387.039374024222,1.65248372255093,218.436025923619));
#8121=CARTESIAN_POINT('Ctrl Pts',(-386.953620998878,1.54844506115982,218.427200070808));
#8122=CARTESIAN_POINT('Ctrl Pts',(-386.863278348005,1.44855723019389,218.418374217998));
#8123=CARTESIAN_POINT('Ctrl Pts',(-386.772937125478,1.34867097848617,218.409548504727));
#8124=CARTESIAN_POINT('Ctrl Pts',(-386.678006636687,1.25293566251365,218.400722791456));
#8125=CARTESIAN_POINT('Ctrl Pts',(-386.578886616895,1.16175440652125,218.391897078185));
#8126=CARTESIAN_POINT('Ctrl Pts',(-386.478540736852,1.06944547241123,218.382962213492));
#8127=CARTESIAN_POINT('Ctrl Pts',(-386.373901227799,0.98180424589619,218.374027348799));
#8128=CARTESIAN_POINT('Ctrl Pts',(-386.265419659771,0.899208941209575,218.365092484106));
#8129=CARTESIAN_POINT('Ctrl Pts',(-386.158252918519,0.817614714587548,218.356265912459));
#8130=CARTESIAN_POINT('Ctrl Pts',(-386.047337011161,0.74094494684049,218.347439340811));
#8131=CARTESIAN_POINT('Ctrl Pts',(-385.933139075428,0.669522543331424,218.338612769163));
#8132=CARTESIAN_POINT('Ctrl Pts',(-385.818946095958,0.598103239600353,218.329786580594));
#8133=CARTESIAN_POINT('Ctrl Pts',(-385.70147164381,0.531931013571653,218.320960392026));
#8134=CARTESIAN_POINT('Ctrl Pts',(-385.581210436044,0.471284534595233,218.312134203457));
#8135=CARTESIAN_POINT('Ctrl Pts',(-385.460953654813,0.41064028787434,218.303308339759));
#8136=CARTESIAN_POINT('Ctrl Pts',(-385.337910608196,0.355521524842413,218.294482476062));
#8137=CARTESIAN_POINT('Ctrl Pts',(-385.212599426033,0.306160348626524,218.285656612365));
#8138=CARTESIAN_POINT('Ctrl Pts',(-385.084583582767,0.25573378262629,218.276640255131));
#8139=CARTESIAN_POINT('Ctrl Pts',(-384.954200886183,0.211316333912642,218.267623897897));
#8140=CARTESIAN_POINT('Ctrl Pts',(-384.822024297647,0.173103193126169,218.258607540663));
#8141=CARTESIAN_POINT('Ctrl Pts',(-384.692635289481,0.135695960574228,218.249781336774));
#8142=CARTESIAN_POINT('Ctrl Pts',(-384.561527626402,0.10423401008076,218.240955132885));
#8143=CARTESIAN_POINT('Ctrl Pts',(-384.429253440569,0.0788498369873221,
218.232128928996));
#8144=CARTESIAN_POINT('Ctrl Pts',(-384.292704645991,0.0526453420178508,
218.22301749509));
#8145=CARTESIAN_POINT('Ctrl Pts',(-384.154913008597,0.0329181594859593,
218.213906061184));
#8146=CARTESIAN_POINT('Ctrl Pts',(-384.016496868382,0.0197568151268319,
218.204794627277));
#8147=CARTESIAN_POINT('Ctrl Pts',(-383.878080728168,0.00659547076770452,
218.195683193371));
#8148=CARTESIAN_POINT('Ctrl Pts',(-383.739040457627,7.99580458052171E-15,
218.186571759465));
#8149=CARTESIAN_POINT('Ctrl Pts',(-383.6,7.99360577730113E-15,218.177460325558));
#8150=CARTESIAN_POINT('',(-388.,4.40000000000001,0.));
#8151=CARTESIAN_POINT('Origin',(-383.6,4.40000000000002,218.630376775108));
#8152=CARTESIAN_POINT('Origin',(-383.6,4.40000000000002,-188.));
#8153=CARTESIAN_POINT('',(-386.,4.40000000000001,-220.));
#8154=CARTESIAN_POINT('Origin',(-383.6,4.40000000000002,188.));
#8155=CARTESIAN_POINT('Origin',(-383.6,4.40000000000002,218.630376775108));
#8156=CARTESIAN_POINT('Origin',(-383.6,4.40000000000002,195.5));
#8157=CARTESIAN_POINT('',(-386.,4.40000000000001,218.630376775108));
#8158=CARTESIAN_POINT('',(-386.,4.40000000000001,-220.));
#8159=CARTESIAN_POINT('Ctrl Pts',(-386.,4.40000000000001,218.630376775108));
#8160=CARTESIAN_POINT('Ctrl Pts',(-386.,4.31450351722833,218.620105243092));
#8161=CARTESIAN_POINT('Ctrl Pts',(-385.995427126388,4.22900722023445,218.609833711076));
#8162=CARTESIAN_POINT('Ctrl Pts',(-385.986307448641,4.14399851453832,218.599562179061));
#8163=CARTESIAN_POINT('Ctrl Pts',(-385.977188059804,4.05899250189901,218.589290972445));
#8164=CARTESIAN_POINT('Ctrl Pts',(-385.963522194814,3.9744744190299,218.579019765829));
#8165=CARTESIAN_POINT('Ctrl Pts',(-385.945387756421,3.89092606427792,218.568748559213));
#8166=CARTESIAN_POINT('Ctrl Pts',(-385.927253852026,3.80738016974231,218.55847765505));
#8167=CARTESIAN_POINT('Ctrl Pts',(-385.904651716434,3.72480430916599,218.548206750886));
#8168=CARTESIAN_POINT('Ctrl Pts',(-385.877710186351,3.64366918151359,218.537935846722));
#8169=CARTESIAN_POINT('Ctrl Pts',(-385.850769389454,3.56253626186828,218.527665222071));
#8170=CARTESIAN_POINT('Ctrl Pts',(-385.819489551515,3.48284434913956,218.517394597419));
#8171=CARTESIAN_POINT('Ctrl Pts',(-385.784048964195,3.4050476785292,218.507123972767));
#8172=CARTESIAN_POINT('Ctrl Pts',(-385.748609262242,3.32725295141442,218.496853604694));
#8173=CARTESIAN_POINT('Ctrl Pts',(-385.709009172941,3.25135370958087,218.48658323662));
#8174=CARTESIAN_POINT('Ctrl Pts',(-385.665474401218,3.17778254884247,218.476312868546));
#8175=CARTESIAN_POINT('Ctrl Pts',(-385.621940619908,3.10421306184306,218.466042734123));
#8176=CARTESIAN_POINT('Ctrl Pts',(-385.574472524468,3.03297186947172,218.455772599699));
#8177=CARTESIAN_POINT('Ctrl Pts',(-385.523340652074,2.96446500004999,218.445502465275));
#8178=CARTESIAN_POINT('Ctrl Pts',(-385.47220982883,2.89595953628744,218.43523254158));
#8179=CARTESIAN_POINT('Ctrl Pts',(-385.417415601199,2.83018858069857,218.424962617884));
#8180=CARTESIAN_POINT('Ctrl Pts',(-385.35927024774,2.76752696946752,218.414692694189));
#8181=CARTESIAN_POINT('Ctrl Pts',(-385.301114422947,2.7048540735739,218.404420920993));
#8182=CARTESIAN_POINT('Ctrl Pts',(-385.239606516763,2.64529191543818,218.394149147798));
#8183=CARTESIAN_POINT('Ctrl Pts',(-385.175097195819,2.58918006866384,218.383877374603));
#8184=CARTESIAN_POINT('Ctrl Pts',(-385.110592019584,2.53307182706275,218.373606261367));
#8185=CARTESIAN_POINT('Ctrl Pts',(-385.043086094935,2.48041369687548,218.363335148131));
#8186=CARTESIAN_POINT('Ctrl Pts',(-384.972964234818,2.43150585220321,218.353064034895));
#8187=CARTESIAN_POINT('Ctrl Pts',(-384.902846253672,2.38260071299334,218.342793489831));
#8188=CARTESIAN_POINT('Ctrl Pts',(-384.83011293137,2.33744565647393,218.332522944768));
#8189=CARTESIAN_POINT('Ctrl Pts',(-384.755178833494,2.296298057555,218.322252399705));
#8190=CARTESIAN_POINT('Ctrl Pts',(-384.68024821174,2.25515236743409,218.311982331082));
#8191=CARTESIAN_POINT('Ctrl Pts',(-384.603117344261,2.21801394148928,218.30171226246));
#8192=CARTESIAN_POINT('Ctrl Pts',(-384.52422582106,2.18509444181318,218.291442193837));
#8193=CARTESIAN_POINT('Ctrl Pts',(-384.445322802819,2.15217014553899,218.281170628795));
#8194=CARTESIAN_POINT('Ctrl Pts',(-384.364658958085,2.12346614929779,218.270899063753));
#8195=CARTESIAN_POINT('Ctrl Pts',(-384.282694146019,2.09914609264495,218.260627498711));
#8196=CARTESIAN_POINT('Ctrl Pts',(-384.200738693863,2.07482881320261,218.250357106622));
#8197=CARTESIAN_POINT('Ctrl Pts',(-384.117482927837,2.05489457686549,218.240086714533));
#8198=CARTESIAN_POINT('Ctrl Pts',(-384.033401375262,2.03945700146749,218.229816322445));
#8199=CARTESIAN_POINT('Ctrl Pts',(-383.949313424665,2.02401825137716,218.219545148851));
#8200=CARTESIAN_POINT('Ctrl Pts',(-383.864399927064,2.01307691430818,218.209273975256));
#8201=CARTESIAN_POINT('Ctrl Pts',(-383.779144931775,2.00669536134254,218.199002801662));
#8202=CARTESIAN_POINT('Ctrl Pts',(-383.719541106827,2.0022338636371,218.191821976294));
#8203=CARTESIAN_POINT('Ctrl Pts',(-383.65977056893,2.00000000000001,218.184641150926));
#8204=CARTESIAN_POINT('Ctrl Pts',(-383.6,2.00000000000001,218.177460325558));
#8205=CARTESIAN_POINT('Origin',(-388.,-1.20355666699591E-12,0.));
#8206=CARTESIAN_POINT('',(-388.,20.,220.));
#8207=CARTESIAN_POINT('Origin',(-388.,-1.20355666699591E-12,0.));
#8208=CARTESIAN_POINT('',(-388.,20.,218.630376775108));
#8209=CARTESIAN_POINT('',(-388.,1.99999999999999,218.630376775108));
#8210=CARTESIAN_POINT('',(-388.,20.,220.));
#8211=CARTESIAN_POINT('Origin',(-386.,-1.19657370431822E-12,0.));
#8212=CARTESIAN_POINT('',(-386.,20.,0.));
#8213=CARTESIAN_POINT('Origin',(-386.,-1.19657370431822E-12,0.));
#8214=CARTESIAN_POINT('',(-386.,20.,218.630376775108));
#8215=CARTESIAN_POINT('',(-386.,20.,0.));
#8216=CARTESIAN_POINT('',(-386.,2.,218.630376775108));
#8217=CARTESIAN_POINT('Origin',(-388.,20.,220.));
#8218=CARTESIAN_POINT('Origin',(-388.,20.,220.));
#8219=CARTESIAN_POINT('',(-386.,20.,218.630376775108));
#8220=CARTESIAN_POINT('Ctrl Pts',(-316.177071379682,-0.0199959288638459,
285.594037702007));
#8221=CARTESIAN_POINT('Ctrl Pts',(-316.214950935811,-0.02078894044131,286.174708141286));
#8222=CARTESIAN_POINT('Ctrl Pts',(-316.252816775292,0.0942803498368547,
286.755089834307));
#8223=CARTESIAN_POINT('Ctrl Pts',(-316.328432475408,0.537864163474188,287.825995893239));
#8224=CARTESIAN_POINT('Ctrl Pts',(-316.366175512871,0.865472556600051,288.316296502289));
#8225=CARTESIAN_POINT('Ctrl Pts',(-316.441661587796,1.68370349771089,289.1345274434));
#8226=CARTESIAN_POINT('Ctrl Pts',(-316.479404625258,2.17400410676064,289.462135836526));
#8227=CARTESIAN_POINT('Ctrl Pts',(-316.555020325375,3.24491016569306,289.905719650163));
#8228=CARTESIAN_POINT('Ctrl Pts',(-316.592886164855,3.82529185871393,290.020788940441));
#8229=CARTESIAN_POINT('Ctrl Pts',(-316.630765720984,4.40596229799299,290.019995928864));
#8230=CARTESIAN_POINT('Ctrl Pts',(-316.177071379689,4.05271472353294E-6,
285.594064680789));
#8231=CARTESIAN_POINT('Ctrl Pts',(-316.214950935129,-0.000785370575059725,
286.172107646309));
#8232=CARTESIAN_POINT('Ctrl Pts',(-316.252816775292,0.113763244181484,286.749863183473));
#8233=CARTESIAN_POINT('Ctrl Pts',(-316.328432475408,0.555339891241273,287.815923513632));
#8234=CARTESIAN_POINT('Ctrl Pts',(-316.366175512871,0.881465893448015,288.30400556789));
#8235=CARTESIAN_POINT('Ctrl Pts',(-316.441661587796,1.69599443211038,289.118534106552));
#8236=CARTESIAN_POINT('Ctrl Pts',(-316.479404625258,2.18407648636806,289.444660108759));
#8237=CARTESIAN_POINT('Ctrl Pts',(-316.555020325375,3.25013681652703,289.886236755819));
#8238=CARTESIAN_POINT('Ctrl Pts',(-316.592886165537,3.8278923536913,290.000785370575));
#8239=CARTESIAN_POINT('Ctrl Pts',(-316.630765720977,4.40593531921082,289.999995947285));
#8240=CARTESIAN_POINT('Ctrl Pts',(-316.177071380392,2.00000221057167,285.596762559006));
#8241=CARTESIAN_POINT('Ctrl Pts',(-316.214950866938,1.99957161604997,285.912058148572));
#8242=CARTESIAN_POINT('Ctrl Pts',(-316.252816775292,2.06205267864445,286.227198100076));
#8243=CARTESIAN_POINT('Ctrl Pts',(-316.328432475408,2.30291266794978,286.80868555289));
#8244=CARTESIAN_POINT('Ctrl Pts',(-316.366175512871,2.48079957824437,287.07491212794));
#8245=CARTESIAN_POINT('Ctrl Pts',(-316.441661587796,2.92508787206021,287.519200421756));
#8246=CARTESIAN_POINT('Ctrl Pts',(-316.479404625258,3.19131444710985,287.69708733205));
#8247=CARTESIAN_POINT('Ctrl Pts',(-316.555020325375,3.77280189992384,287.937947321356));
#8248=CARTESIAN_POINT('Ctrl Pts',(-316.592886233728,4.08794185142841,288.00042838395));
#8249=CARTESIAN_POINT('Ctrl Pts',(-316.630765720274,4.40323744099419,287.999997789428));
#8250=CARTESIAN_POINT('Ctrl Pts',(-316.177071380399,2.02020219196602,285.596789807576));
#8251=CARTESIAN_POINT('Ctrl Pts',(-316.214950866249,2.01977522161488,285.909431648644));
#8252=CARTESIAN_POINT('Ctrl Pts',(-316.252816775292,2.08173040193252,286.221919182734));
#8253=CARTESIAN_POINT('Ctrl Pts',(-316.328432475408,2.32056315299454,286.798512449487));
#8254=CARTESIAN_POINT('Ctrl Pts',(-316.366175512871,2.49695284846082,287.062498284196));
#8255=CARTESIAN_POINT('Ctrl Pts',(-316.441661587796,2.9375017158037,287.503047151539));
#8256=CARTESIAN_POINT('Ctrl Pts',(-316.479404625258,3.20148755051334,287.679436847006));
#8257=CARTESIAN_POINT('Ctrl Pts',(-316.555020325375,3.77808081726615,287.918269598068));
#8258=CARTESIAN_POINT('Ctrl Pts',(-316.592886234417,4.09056835135555,287.980224778385));
#8259=CARTESIAN_POINT('Ctrl Pts',(-316.630765720267,4.4032101924242,287.979797808034));
#8260=CARTESIAN_POINT('',(-316.630376775108,4.40000000000001,290.));
#8261=CARTESIAN_POINT('',(-316.630376775108,4.40000000000001,288.));
#8262=CARTESIAN_POINT('',(-316.630376775108,4.40000000000001,288.));
#8263=CARTESIAN_POINT('Ctrl Pts',(-316.177460325558,2.,285.6));
#8264=CARTESIAN_POINT('Ctrl Pts',(-316.187731857574,2.,285.685496482772));
#8265=CARTESIAN_POINT('Ctrl Pts',(-316.19800338959,2.00457287361223,285.770992779766));
#8266=CARTESIAN_POINT('Ctrl Pts',(-316.208274921605,2.0136925513586,285.856001485462));
#8267=CARTESIAN_POINT('Ctrl Pts',(-316.218546128221,2.02281194019562,285.941007498101));
#8268=CARTESIAN_POINT('Ctrl Pts',(-316.228817334837,2.03647780518616,286.02552558097));
#8269=CARTESIAN_POINT('Ctrl Pts',(-316.239088541453,2.05461224357924,286.109073935722));
#8270=CARTESIAN_POINT('Ctrl Pts',(-316.249359445617,2.07274614797446,286.192619830258));
#8271=CARTESIAN_POINT('Ctrl Pts',(-316.25963034978,2.09534828356614,286.275195690834));
#8272=CARTESIAN_POINT('Ctrl Pts',(-316.269901253944,2.12228981364888,286.356330818486));
#8273=CARTESIAN_POINT('Ctrl Pts',(-316.280171878595,2.14923061054624,286.437463738132));
#8274=CARTESIAN_POINT('Ctrl Pts',(-316.290442503247,2.18051044848543,286.51715565086));
#8275=CARTESIAN_POINT('Ctrl Pts',(-316.300713127899,2.21595103580533,286.594952321471));
#8276=CARTESIAN_POINT('Ctrl Pts',(-316.310983495972,2.25139073775798,286.672747048586));
#8277=CARTESIAN_POINT('Ctrl Pts',(-316.321253864046,2.29099082705939,286.748646290419));
#8278=CARTESIAN_POINT('Ctrl Pts',(-316.33152423212,2.33452559878223,286.822217451158));
#8279=CARTESIAN_POINT('Ctrl Pts',(-316.341794366543,2.37805938009193,286.895786938157));
#8280=CARTESIAN_POINT('Ctrl Pts',(-316.352064500967,2.42552747553259,286.967028130528));
#8281=CARTESIAN_POINT('Ctrl Pts',(-316.362334635391,2.47665934792654,287.03553499995));
#8282=CARTESIAN_POINT('Ctrl Pts',(-316.372604559086,2.52779017117043,287.104040463713));
#8283=CARTESIAN_POINT('Ctrl Pts',(-316.382874482782,2.58258439880099,287.169811419301));
#8284=CARTESIAN_POINT('Ctrl Pts',(-316.393144406477,2.6407297522598,287.232473030533));
#8285=CARTESIAN_POINT('Ctrl Pts',(-316.403416179673,2.69888557705313,287.295145926426));
#8286=CARTESIAN_POINT('Ctrl Pts',(-316.413687952868,2.76039348323744,287.354708084562));
#8287=CARTESIAN_POINT('Ctrl Pts',(-316.423959726063,2.82490280418146,287.410819931336));
#8288=CARTESIAN_POINT('Ctrl Pts',(-316.434230839299,2.88940798041642,287.466928172937));
#8289=CARTESIAN_POINT('Ctrl Pts',(-316.444501952535,2.95691390506555,287.519586303125));
#8290=CARTESIAN_POINT('Ctrl Pts',(-316.454773065772,3.02703576518194,287.568494147797));
#8291=CARTESIAN_POINT('Ctrl Pts',(-316.465043610835,3.09715374632846,287.617399287007));
#8292=CARTESIAN_POINT('Ctrl Pts',(-316.475314155898,3.16988706863041,287.662554343526));
#8293=CARTESIAN_POINT('Ctrl Pts',(-316.485584700961,3.24482116650586,287.703701942445));
#8294=CARTESIAN_POINT('Ctrl Pts',(-316.495854769584,3.31975178825971,287.744847632566));
#8295=CARTESIAN_POINT('Ctrl Pts',(-316.506124838206,3.39688265573935,287.781986058511));
#8296=CARTESIAN_POINT('Ctrl Pts',(-316.516394906829,3.47577417894064,287.814905558187));
#8297=CARTESIAN_POINT('Ctrl Pts',(-316.526666471871,3.5546771971808,287.847829854461));
#8298=CARTESIAN_POINT('Ctrl Pts',(-316.536938036913,3.63534104191524,287.876533850702));
#8299=CARTESIAN_POINT('Ctrl Pts',(-316.547209601955,3.71730585398089,287.900853907355));
#8300=CARTESIAN_POINT('Ctrl Pts',(-316.557479994044,3.79926130613673,287.925171186798));
#8301=CARTESIAN_POINT('Ctrl Pts',(-316.567750386133,3.8825170721633,287.945105423135));
#8302=CARTESIAN_POINT('Ctrl Pts',(-316.578020778221,3.96659862473802,287.960542998533));
#8303=CARTESIAN_POINT('Ctrl Pts',(-316.588291951816,4.05068657533525,287.975981748623));
#8304=CARTESIAN_POINT('Ctrl Pts',(-316.59856312541,4.1356000729362,287.986923085692));
#8305=CARTESIAN_POINT('Ctrl Pts',(-316.608834299004,4.22085506822528,287.993304638657));
#8306=CARTESIAN_POINT('Ctrl Pts',(-316.616015124372,4.28045889317292,287.997766136363));
#8307=CARTESIAN_POINT('Ctrl Pts',(-316.62319594974,4.34022943107045,288.));
#8308=CARTESIAN_POINT('Ctrl Pts',(-316.630376775108,4.40000000000001,288.));
#8309=CARTESIAN_POINT('',(-316.177460325559,2.,285.6));
#8310=CARTESIAN_POINT('Ctrl Pts',(-316.177460325558,0.,285.6));
#8311=CARTESIAN_POINT('Ctrl Pts',(-316.186285968783,-1.09823125328321E-15,
285.734679292574));
#8312=CARTESIAN_POINT('Ctrl Pts',(-316.195111612008,0.00618792500189736,
285.869358425614));
#8313=CARTESIAN_POINT('Ctrl Pts',(-316.203937255233,0.0185377191764218,
286.003470298436));
#8314=CARTESIAN_POINT('Ctrl Pts',(-316.212821411897,0.0309693916812334,
286.138471324233));
#8315=CARTESIAN_POINT('Ctrl Pts',(-316.221705568561,0.0496449380775565,
286.272897212547));
#8316=CARTESIAN_POINT('Ctrl Pts',(-316.230589725225,0.0744846753868975,
286.406174408262));
#8317=CARTESIAN_POINT('Ctrl Pts',(-316.239416493973,0.0991639584391396,
286.538590689341));
#8318=CARTESIAN_POINT('Ctrl Pts',(-316.248243262721,0.12992793872131,286.66987276346));
#8319=CARTESIAN_POINT('Ctrl Pts',(-316.257070031469,0.166647043683368,286.79946769329));
#8320=CARTESIAN_POINT('Ctrl Pts',(-316.265896587921,0.203365265498629,286.929059506176));
#8321=CARTESIAN_POINT('Ctrl Pts',(-316.274723144373,0.246038238309909,287.056963948832));
#8322=CARTESIAN_POINT('Ctrl Pts',(-316.283549700824,0.294486239590374,287.182642335807));
#8323=CARTESIAN_POINT('Ctrl Pts',(-316.292376059538,0.342933155505184,287.308317907247));
#8324=CARTESIAN_POINT('Ctrl Pts',(-316.301202418251,0.397154726142009,287.431767224969));
#8325=CARTESIAN_POINT('Ctrl Pts',(-316.310028776964,0.45692260083819,287.552470390101));
#8326=CARTESIAN_POINT('Ctrl Pts',(-316.318854952492,0.516689235097841,287.67317105013));
#8327=CARTESIAN_POINT('Ctrl Pts',(-316.327681128021,0.582001801408004,287.791125385607));
#8328=CARTESIAN_POINT('Ctrl Pts',(-316.33650730355,0.652585251492761,287.905836660015));
#8329=CARTESIAN_POINT('Ctrl Pts',(-316.345333310446,0.723167353007778,288.020545742746));
#8330=CARTESIAN_POINT('Ctrl Pts',(-316.354159317341,0.799019969498894,288.13201161661));
#8331=CARTESIAN_POINT('Ctrl Pts',(-316.362985324237,0.879823677976637,288.239764887611));
#8332=CARTESIAN_POINT('Ctrl Pts',(-316.371811177047,0.960625975777775,288.347516277449));
#8333=CARTESIAN_POINT('Ctrl Pts',(-316.380637029858,1.04637900112157,288.45155493884));
#8334=CARTESIAN_POINT('Ctrl Pts',(-316.389462882668,1.1367216519948,288.551442769806));
#8335=CARTESIAN_POINT('Ctrl Pts',(-316.398288595939,1.22706287452217,288.651329021514));
#8336=CARTESIAN_POINT('Ctrl Pts',(-316.407114309211,1.32199336331296,288.747064337486));
#8337=CARTESIAN_POINT('Ctrl Pts',(-316.415940022482,1.42111338310517,288.838245593479));
#8338=CARTESIAN_POINT('Ctrl Pts',(-316.424874887174,1.52145926314811,288.930554527589));
#8339=CARTESIAN_POINT('Ctrl Pts',(-316.433809751867,1.62609877220105,289.018195754104));
#8340=CARTESIAN_POINT('Ctrl Pts',(-316.44274461656,1.73458034022919,289.10079105879));
#8341=CARTESIAN_POINT('Ctrl Pts',(-316.451571188207,1.84174708148142,289.182385285413));
#8342=CARTESIAN_POINT('Ctrl Pts',(-316.460397759855,1.95266298883941,289.25905505316));
#8343=CARTESIAN_POINT('Ctrl Pts',(-316.469224331503,2.06686092457232,289.330477456669));
#8344=CARTESIAN_POINT('Ctrl Pts',(-316.478050520072,2.18105390404177,289.4018967604));
#8345=CARTESIAN_POINT('Ctrl Pts',(-316.48687670864,2.29852835619015,289.468068986428));
#8346=CARTESIAN_POINT('Ctrl Pts',(-316.495702897209,2.41878956395601,289.528715465405));
#8347=CARTESIAN_POINT('Ctrl Pts',(-316.504528760907,2.53904634518714,289.589359712126));
#8348=CARTESIAN_POINT('Ctrl Pts',(-316.513354624604,2.66208939180416,289.644478475158));
#8349=CARTESIAN_POINT('Ctrl Pts',(-316.522180488301,2.78740057396681,289.693839651373));
#8350=CARTESIAN_POINT('Ctrl Pts',(-316.531196845535,2.91541641723311,289.744266217374));
#8351=CARTESIAN_POINT('Ctrl Pts',(-316.540213202769,3.04579911381698,289.788683666087));
#8352=CARTESIAN_POINT('Ctrl Pts',(-316.549229560003,3.17797570235289,289.826896806874));
#8353=CARTESIAN_POINT('Ctrl Pts',(-316.558055763892,3.30736471051929,289.864304039426));
#8354=CARTESIAN_POINT('Ctrl Pts',(-316.566881967781,3.43847237359778,289.895765989919));
#8355=CARTESIAN_POINT('Ctrl Pts',(-316.57570817167,3.57074655943101,289.921150163013));
#8356=CARTESIAN_POINT('Ctrl Pts',(-316.584819605576,3.70729535400859,289.947354657982));
#8357=CARTESIAN_POINT('Ctrl Pts',(-316.593931039482,3.84508699140348,289.967081840514));
#8358=CARTESIAN_POINT('Ctrl Pts',(-316.603042473389,3.98350313161789,289.980243184873));
#8359=CARTESIAN_POINT('Ctrl Pts',(-316.612153907295,4.12191927183231,289.993404529232));
#8360=CARTESIAN_POINT('Ctrl Pts',(-316.621265341201,4.26095954237276,290.));
#8361=CARTESIAN_POINT('Ctrl Pts',(-316.630376775108,4.40000000000001,290.));
#8362=CARTESIAN_POINT('Ctrl Pts',(316.630765720984,4.40596229799307,290.019995928864));
#8363=CARTESIAN_POINT('Ctrl Pts',(316.592886164856,3.82529185871399,290.020788940441));
#8364=CARTESIAN_POINT('Ctrl Pts',(316.555020325375,3.24491016569309,289.905719650163));
#8365=CARTESIAN_POINT('Ctrl Pts',(316.479404625258,2.17400410676064,289.462135836526));
#8366=CARTESIAN_POINT('Ctrl Pts',(316.441661587795,1.68370349771089,289.1345274434));
#8367=CARTESIAN_POINT('Ctrl Pts',(316.366175512871,0.865472556600051,288.316296502289));
#8368=CARTESIAN_POINT('Ctrl Pts',(316.328432475408,0.537864163474189,287.825995893239));
#8369=CARTESIAN_POINT('Ctrl Pts',(316.252816775291,0.0942803498368438,286.755089834307));
#8370=CARTESIAN_POINT('Ctrl Pts',(316.214950935811,-0.0207889404413213,
286.174708141286));
#8371=CARTESIAN_POINT('Ctrl Pts',(316.177071379682,-0.0199959288638458,
285.594037702007));
#8372=CARTESIAN_POINT('Ctrl Pts',(316.630765720977,4.40593531921091,289.999995947285));
#8373=CARTESIAN_POINT('Ctrl Pts',(316.592886165537,3.82789235369136,290.000785370575));
#8374=CARTESIAN_POINT('Ctrl Pts',(316.555020325375,3.25013681652706,289.886236755819));
#8375=CARTESIAN_POINT('Ctrl Pts',(316.479404625258,2.18407648636806,289.444660108759));
#8376=CARTESIAN_POINT('Ctrl Pts',(316.441661587795,1.69599443211038,289.118534106552));
#8377=CARTESIAN_POINT('Ctrl Pts',(316.366175512871,0.881465893448015,288.30400556789));
#8378=CARTESIAN_POINT('Ctrl Pts',(316.328432475408,0.555339891241273,287.815923513632));
#8379=CARTESIAN_POINT('Ctrl Pts',(316.252816775291,0.113763244181473,286.749863183473));
#8380=CARTESIAN_POINT('Ctrl Pts',(316.214950935129,-0.000785370575070969,
286.172107646309));
#8381=CARTESIAN_POINT('Ctrl Pts',(316.177071379689,4.05271472364918E-6,
285.594064680789));
#8382=CARTESIAN_POINT('Ctrl Pts',(316.630765720274,4.40323744099423,287.999997789429));
#8383=CARTESIAN_POINT('Ctrl Pts',(316.592886233728,4.08794185142843,288.00042838395));
#8384=CARTESIAN_POINT('Ctrl Pts',(316.555020325375,3.77280189992385,287.937947321356));
#8385=CARTESIAN_POINT('Ctrl Pts',(316.479404625258,3.19131444710985,287.69708733205));
#8386=CARTESIAN_POINT('Ctrl Pts',(316.441661587795,2.92508787206021,287.519200421756));
#8387=CARTESIAN_POINT('Ctrl Pts',(316.366175512871,2.48079957824437,287.07491212794));
#8388=CARTESIAN_POINT('Ctrl Pts',(316.328432475408,2.30291266794978,286.80868555289));
#8389=CARTESIAN_POINT('Ctrl Pts',(316.252816775291,2.06205267864444,286.227198100076));
#8390=CARTESIAN_POINT('Ctrl Pts',(316.214950866938,1.99957161604996,285.912058148572));
#8391=CARTESIAN_POINT('Ctrl Pts',(316.177071380392,2.00000221057167,285.596762559006));
#8392=CARTESIAN_POINT('Ctrl Pts',(316.630765720267,4.40321019242425,287.979797808034));
#8393=CARTESIAN_POINT('Ctrl Pts',(316.592886234417,4.09056835135557,287.980224778385));
#8394=CARTESIAN_POINT('Ctrl Pts',(316.555020325375,3.77808081726616,287.918269598068));
#8395=CARTESIAN_POINT('Ctrl Pts',(316.479404625258,3.20148755051334,287.679436847006));
#8396=CARTESIAN_POINT('Ctrl Pts',(316.441661587795,2.9375017158037,287.503047151539));
#8397=CARTESIAN_POINT('Ctrl Pts',(316.366175512871,2.49695284846082,287.062498284196));
#8398=CARTESIAN_POINT('Ctrl Pts',(316.328432475408,2.32056315299454,286.798512449487));
#8399=CARTESIAN_POINT('Ctrl Pts',(316.252816775291,2.08173040193252,286.221919182734));
#8400=CARTESIAN_POINT('Ctrl Pts',(316.214950866249,2.01977522161488,285.909431648645));
#8401=CARTESIAN_POINT('Ctrl Pts',(316.177071380399,2.02020219196602,285.596789807576));
#8402=CARTESIAN_POINT('',(316.630376775108,4.40000000000001,288.));
#8403=CARTESIAN_POINT('Ctrl Pts',(316.630376775108,4.40000000000001,288.));
#8404=CARTESIAN_POINT('Ctrl Pts',(316.620105243092,4.31450351722833,288.));
#8405=CARTESIAN_POINT('Ctrl Pts',(316.609833711076,4.22900722023445,287.995427126388));
#8406=CARTESIAN_POINT('Ctrl Pts',(316.599562179061,4.14399851453832,287.986307448641));
#8407=CARTESIAN_POINT('Ctrl Pts',(316.589290972445,4.058992501899,287.977188059804));
#8408=CARTESIAN_POINT('Ctrl Pts',(316.579019765829,3.97447441902989,287.963522194814));
#8409=CARTESIAN_POINT('Ctrl Pts',(316.568748559213,3.89092606427791,287.945387756421));
#8410=CARTESIAN_POINT('Ctrl Pts',(316.55847765505,3.8073801697423,287.927253852026));
#8411=CARTESIAN_POINT('Ctrl Pts',(316.548206750886,3.72480430916597,287.904651716434));
#8412=CARTESIAN_POINT('Ctrl Pts',(316.537935846722,3.64366918151358,287.877710186351));
#8413=CARTESIAN_POINT('Ctrl Pts',(316.527665222071,3.56253626186828,287.850769389454));
#8414=CARTESIAN_POINT('Ctrl Pts',(316.517394597419,3.48284434913956,287.819489551515));
#8415=CARTESIAN_POINT('Ctrl Pts',(316.507123972767,3.40504767852921,287.784048964195));
#8416=CARTESIAN_POINT('Ctrl Pts',(316.496853604694,3.32725295141443,287.748609262242));
#8417=CARTESIAN_POINT('Ctrl Pts',(316.48658323662,3.25135370958087,287.709009172941));
#8418=CARTESIAN_POINT('Ctrl Pts',(316.476312868546,3.17778254884247,287.665474401218));
#8419=CARTESIAN_POINT('Ctrl Pts',(316.466042734123,3.10421306184305,287.621940619908));
#8420=CARTESIAN_POINT('Ctrl Pts',(316.455772599699,3.0329718694717,287.574472524467));
#8421=CARTESIAN_POINT('Ctrl Pts',(316.445502465276,2.96446500004997,287.523340652074));
#8422=CARTESIAN_POINT('Ctrl Pts',(316.43523254158,2.89595953628739,287.47220982883));
#8423=CARTESIAN_POINT('Ctrl Pts',(316.424962617884,2.8301885806985,287.417415601199));
#8424=CARTESIAN_POINT('Ctrl Pts',(316.414692694189,2.76752696946743,287.35927024774));
#8425=CARTESIAN_POINT('Ctrl Pts',(316.404420920993,2.70485407357382,287.301114422947));
#8426=CARTESIAN_POINT('Ctrl Pts',(316.394149147798,2.6452919154381,287.239606516763));
#8427=CARTESIAN_POINT('Ctrl Pts',(316.383877374603,2.58918006866376,287.175097195819));
#8428=CARTESIAN_POINT('Ctrl Pts',(316.373606261367,2.53307182706267,287.110592019584));
#8429=CARTESIAN_POINT('Ctrl Pts',(316.363335148131,2.48041369687541,287.043086094934));
#8430=CARTESIAN_POINT('Ctrl Pts',(316.353064034895,2.43150585220314,286.972964234818));
#8431=CARTESIAN_POINT('Ctrl Pts',(316.342793489831,2.38260071299327,286.902846253672));
#8432=CARTESIAN_POINT('Ctrl Pts',(316.332522944768,2.33744565647386,286.83011293137));
#8433=CARTESIAN_POINT('Ctrl Pts',(316.322252399705,2.29629805755494,286.755178833494));
#8434=CARTESIAN_POINT('Ctrl Pts',(316.311982331082,2.25515236743403,286.68024821174));
#8435=CARTESIAN_POINT('Ctrl Pts',(316.30171226246,2.21801394148923,286.603117344261));
#8436=CARTESIAN_POINT('Ctrl Pts',(316.291442193837,2.18509444181313,286.524225821059));
#8437=CARTESIAN_POINT('Ctrl Pts',(316.281170628795,2.15217014553895,286.445322802819));
#8438=CARTESIAN_POINT('Ctrl Pts',(316.270899063753,2.12346614929775,286.364658958085));
#8439=CARTESIAN_POINT('Ctrl Pts',(316.260627498711,2.09914609264491,286.282694146019));
#8440=CARTESIAN_POINT('Ctrl Pts',(316.250357106622,2.07482881320258,286.200738693863));
#8441=CARTESIAN_POINT('Ctrl Pts',(316.240086714533,2.05489457686546,286.117482927837));
#8442=CARTESIAN_POINT('Ctrl Pts',(316.229816322445,2.03945700146746,286.033401375262));
#8443=CARTESIAN_POINT('Ctrl Pts',(316.219545148851,2.02401825137714,285.949313424665));
#8444=CARTESIAN_POINT('Ctrl Pts',(316.209273975256,2.01307691430817,285.864399927064));
#8445=CARTESIAN_POINT('Ctrl Pts',(316.199002801662,2.00669536134252,285.779144931775));
#8446=CARTESIAN_POINT('Ctrl Pts',(316.191821976294,2.00223386363709,285.719541106827));
#8447=CARTESIAN_POINT('Ctrl Pts',(316.184641150926,2.,285.65977056893));
#8448=CARTESIAN_POINT('Ctrl Pts',(316.177460325558,2.,285.6));
#8449=CARTESIAN_POINT('',(316.630376775108,4.40000000000001,290.));
#8450=CARTESIAN_POINT('',(316.630376775108,4.40000000000001,288.));
#8451=CARTESIAN_POINT('Ctrl Pts',(316.630376775108,4.40000000000001,290.));
#8452=CARTESIAN_POINT('Ctrl Pts',(316.621551131883,4.26532070742627,290.));
#8453=CARTESIAN_POINT('Ctrl Pts',(316.612725488658,4.13064157438637,289.993812074998));
#8454=CARTESIAN_POINT('Ctrl Pts',(316.603899845433,3.99652970156368,289.981462280824));
#8455=CARTESIAN_POINT('Ctrl Pts',(316.595015688769,3.86152867576701,289.969030608319));
#8456=CARTESIAN_POINT('Ctrl Pts',(316.586131532105,3.72710278745319,289.950355061922));
#8457=CARTESIAN_POINT('Ctrl Pts',(316.577247375441,3.59382559173756,289.925515324613));
#8458=CARTESIAN_POINT('Ctrl Pts',(316.568420606693,3.46140931065885,289.900836041561));
#8459=CARTESIAN_POINT('Ctrl Pts',(316.559593837945,3.3301272365398,289.870072061279));
#8460=CARTESIAN_POINT('Ctrl Pts',(316.550767069197,3.20053230671045,289.833352956317));
#8461=CARTESIAN_POINT('Ctrl Pts',(316.541940512745,3.07094049382382,289.796634734501));
#8462=CARTESIAN_POINT('Ctrl Pts',(316.533113956293,2.94303605116762,289.75396176169));
#8463=CARTESIAN_POINT('Ctrl Pts',(316.524287399842,2.81735766419339,289.70551376041));
#8464=CARTESIAN_POINT('Ctrl Pts',(316.515461041129,2.69168209275338,289.657066844495));
#8465=CARTESIAN_POINT('Ctrl Pts',(316.506634682415,2.56823277503082,289.602845273858));
#8466=CARTESIAN_POINT('Ctrl Pts',(316.497808323702,2.44752960989945,289.543077399162));
#8467=CARTESIAN_POINT('Ctrl Pts',(316.488982148174,2.32682894986993,289.483310764902));
#8468=CARTESIAN_POINT('Ctrl Pts',(316.480155972645,2.20887461439316,289.417998198592));
#8469=CARTESIAN_POINT('Ctrl Pts',(316.471329797116,2.09416333998467,289.347414748507));
#8470=CARTESIAN_POINT('Ctrl Pts',(316.46250379022,1.97945425725364,289.276832646992));
#8471=CARTESIAN_POINT('Ctrl Pts',(316.453677783325,1.86798838339011,289.200980030501));
#8472=CARTESIAN_POINT('Ctrl Pts',(316.444851776429,1.76023511238865,289.120176322023));
#8473=CARTESIAN_POINT('Ctrl Pts',(316.436025923619,1.65248372255109,289.039374024222));
#8474=CARTESIAN_POINT('Ctrl Pts',(316.427200070808,1.54844506116003,288.953620998879));
#8475=CARTESIAN_POINT('Ctrl Pts',(316.418374217998,1.44855723019415,288.863278348005));
#8476=CARTESIAN_POINT('Ctrl Pts',(316.409548504727,1.34867097848637,288.772937125478));
#8477=CARTESIAN_POINT('Ctrl Pts',(316.400722791456,1.2529356625138,288.678006636687));
#8478=CARTESIAN_POINT('Ctrl Pts',(316.391897078185,1.16175440652136,288.578886616895));
#8479=CARTESIAN_POINT('Ctrl Pts',(316.382962213492,1.06944547241134,288.478540736852));
#8480=CARTESIAN_POINT('Ctrl Pts',(316.374027348799,0.981804245896285,288.373901227799));
#8481=CARTESIAN_POINT('Ctrl Pts',(316.365092484106,0.899208941209661,288.265419659771));
#8482=CARTESIAN_POINT('Ctrl Pts',(316.356265912459,0.817614714587636,288.158252918519));
#8483=CARTESIAN_POINT('Ctrl Pts',(316.347439340811,0.740944946840581,288.047337011161));
#8484=CARTESIAN_POINT('Ctrl Pts',(316.338612769163,0.669522543331515,287.933139075428));
#8485=CARTESIAN_POINT('Ctrl Pts',(316.329786580594,0.598103239600432,287.818946095958));
#8486=CARTESIAN_POINT('Ctrl Pts',(316.320960392026,0.531931013571719,287.70147164381));
#8487=CARTESIAN_POINT('Ctrl Pts',(316.312134203457,0.47128453459529,287.581210436044));
#8488=CARTESIAN_POINT('Ctrl Pts',(316.303308339759,0.410640287874409,287.460953654813));
#8489=CARTESIAN_POINT('Ctrl Pts',(316.294482476062,0.355521524842493,287.337910608196));
#8490=CARTESIAN_POINT('Ctrl Pts',(316.285656612365,0.30616034862661,287.212599426033));
#8491=CARTESIAN_POINT('Ctrl Pts',(316.276640255131,0.255733782626361,287.084583582767));
#8492=CARTESIAN_POINT('Ctrl Pts',(316.267623897897,0.211316333912699,286.954200886183));
#8493=CARTESIAN_POINT('Ctrl Pts',(316.258607540663,0.173103193126214,286.822024297647));
#8494=CARTESIAN_POINT('Ctrl Pts',(316.249781336774,0.135695960574268,286.692635289481));
#8495=CARTESIAN_POINT('Ctrl Pts',(316.240955132885,0.104234010080797,286.561527626402));
#8496=CARTESIAN_POINT('Ctrl Pts',(316.232128928996,0.0788498369873532,286.429253440569));
#8497=CARTESIAN_POINT('Ctrl Pts',(316.22301749509,0.0526453420178693,286.292704645992));
#8498=CARTESIAN_POINT('Ctrl Pts',(316.213906061184,0.0329181594859674,286.154913008597));
#8499=CARTESIAN_POINT('Ctrl Pts',(316.204794627277,0.0197568151268337,286.016496868382));
#8500=CARTESIAN_POINT('Ctrl Pts',(316.195683193371,0.00659547076769995,
285.878080728168));
#8501=CARTESIAN_POINT('Ctrl Pts',(316.186571759465,8.51377256926144E-18,
285.739040457627));
#8502=CARTESIAN_POINT('Ctrl Pts',(316.177460325558,0.,285.6));
#8503=CARTESIAN_POINT('',(316.177460325558,2.,285.6));
#8504=CARTESIAN_POINT('Origin',(316.630376775108,4.40000000000001,285.6));
#8505=CARTESIAN_POINT('',(-318.,4.40000000000001,290.));
#8506=CARTESIAN_POINT('Origin',(316.630376775108,4.40000000000001,285.6));
#8507=CARTESIAN_POINT('',(-318.,4.40000000000001,288.));
#8508=CARTESIAN_POINT('Origin',(-316.630376775108,2.,288.));
#8509=CARTESIAN_POINT('',(-316.630376775108,20.,290.));
#8510=CARTESIAN_POINT('',(-316.630376775108,2.,290.));
#8511=CARTESIAN_POINT('',(-316.630376775108,20.,288.));
#8512=CARTESIAN_POINT('',(-316.630376775108,20.,288.));
#8513=CARTESIAN_POINT('',(-316.630376775108,0.,288.));
#8514=CARTESIAN_POINT('Origin',(0.,0.,290.));
#8515=CARTESIAN_POINT('',(316.630376775108,20.,290.));
#8516=CARTESIAN_POINT('',(316.630376775108,0.,290.));
#8517=CARTESIAN_POINT('',(0.,20.,290.));
#8518=CARTESIAN_POINT('Origin',(0.,0.,288.));
#8519=CARTESIAN_POINT('',(316.630376775108,20.,288.));
#8520=CARTESIAN_POINT('',(316.630376775108,2.,288.));
#8521=CARTESIAN_POINT('',(-318.,20.,288.));
#8522=CARTESIAN_POINT('Origin',(-318.,20.,290.));
#8523=CARTESIAN_POINT('',(316.630376775108,20.,290.));
#8524=CARTESIAN_POINT('Origin',(316.630376775108,2.,288.));
#8525=CARTESIAN_POINT('Ctrl Pts',(316.177071379682,-0.0199959288638624,
-285.594037702007));
#8526=CARTESIAN_POINT('Ctrl Pts',(316.21495093581,-0.020788940441329,-286.174708141286));
#8527=CARTESIAN_POINT('Ctrl Pts',(316.252816775291,0.0942803498368356,-286.755089834307));
#8528=CARTESIAN_POINT('Ctrl Pts',(316.328432475408,0.537864163474175,-287.825995893239));
#8529=CARTESIAN_POINT('Ctrl Pts',(316.36617551287,0.86547255660004,-288.316296502289));
#8530=CARTESIAN_POINT('Ctrl Pts',(316.441661587795,1.68370349771088,-289.1345274434));
#8531=CARTESIAN_POINT('Ctrl Pts',(316.479404625258,2.17400410676064,-289.462135836526));
#8532=CARTESIAN_POINT('Ctrl Pts',(316.555020325375,3.24491016569308,-289.905719650163));
#8533=CARTESIAN_POINT('Ctrl Pts',(316.592886164855,3.82529185871396,-290.020788940441));
#8534=CARTESIAN_POINT('Ctrl Pts',(316.630765720984,4.40596229799305,-290.019995928864));
#8535=CARTESIAN_POINT('Ctrl Pts',(316.177071379689,4.05271470707859E-6,
-285.594064680789));
#8536=CARTESIAN_POINT('Ctrl Pts',(316.214950935129,-0.000785370575078673,
-286.172107646309));
#8537=CARTESIAN_POINT('Ctrl Pts',(316.252816775291,0.113763244181465,-286.749863183473));
#8538=CARTESIAN_POINT('Ctrl Pts',(316.328432475408,0.55533989124126,-287.815923513632));
#8539=CARTESIAN_POINT('Ctrl Pts',(316.36617551287,0.881465893448003,-288.30400556789));
#8540=CARTESIAN_POINT('Ctrl Pts',(316.441661587795,1.69599443211038,-289.118534106552));
#8541=CARTESIAN_POINT('Ctrl Pts',(316.479404625258,2.18407648636806,-289.444660108759));
#8542=CARTESIAN_POINT('Ctrl Pts',(316.555020325375,3.25013681652705,-289.886236755819));
#8543=CARTESIAN_POINT('Ctrl Pts',(316.592886165537,3.82789235369133,-290.000785370575));
#8544=CARTESIAN_POINT('Ctrl Pts',(316.630765720977,4.40593531921088,-289.999995947285));
#8545=CARTESIAN_POINT('Ctrl Pts',(316.177071380392,2.00000221057165,-285.596762559006));
#8546=CARTESIAN_POINT('Ctrl Pts',(316.214950866938,1.99957161604995,-285.912058148571));
#8547=CARTESIAN_POINT('Ctrl Pts',(316.252816775291,2.06205267864443,-286.227198100076));
#8548=CARTESIAN_POINT('Ctrl Pts',(316.328432475408,2.30291266794977,-286.80868555289));
#8549=CARTESIAN_POINT('Ctrl Pts',(316.36617551287,2.48079957824436,-287.07491212794));
#8550=CARTESIAN_POINT('Ctrl Pts',(316.441661587795,2.9250878720602,-287.519200421756));
#8551=CARTESIAN_POINT('Ctrl Pts',(316.479404625258,3.19131444710984,-287.69708733205));
#8552=CARTESIAN_POINT('Ctrl Pts',(316.555020325375,3.77280189992384,-287.937947321356));
#8553=CARTESIAN_POINT('Ctrl Pts',(316.592886233728,4.08794185142842,-288.00042838395));
#8554=CARTESIAN_POINT('Ctrl Pts',(316.630765720274,4.40323744099421,-287.999997789428));
#8555=CARTESIAN_POINT('Ctrl Pts',(316.177071380399,2.02020219196601,-285.596789807576));
#8556=CARTESIAN_POINT('Ctrl Pts',(316.214950866249,2.01977522161486,-285.909431648644));
#8557=CARTESIAN_POINT('Ctrl Pts',(316.252816775291,2.0817304019325,-286.221919182734));
#8558=CARTESIAN_POINT('Ctrl Pts',(316.328432475408,2.32056315299453,-286.798512449487));
#8559=CARTESIAN_POINT('Ctrl Pts',(316.36617551287,2.4969528484608,-287.062498284196));
#8560=CARTESIAN_POINT('Ctrl Pts',(316.441661587795,2.9375017158037,-287.503047151539));
#8561=CARTESIAN_POINT('Ctrl Pts',(316.479404625258,3.20148755051334,-287.679436847005));
#8562=CARTESIAN_POINT('Ctrl Pts',(316.555020325375,3.77808081726615,-287.918269598067));
#8563=CARTESIAN_POINT('Ctrl Pts',(316.592886234417,4.09056835135557,-287.980224778385));
#8564=CARTESIAN_POINT('Ctrl Pts',(316.630765720267,4.40321019242422,-287.979797808034));
#8565=CARTESIAN_POINT('',(316.630376775107,4.39999999999998,-290.));
#8566=CARTESIAN_POINT('',(316.630376775107,4.39999999999999,-288.));
#8567=CARTESIAN_POINT('',(316.630376775107,4.40000000000001,-288.));
#8568=CARTESIAN_POINT('Ctrl Pts',(316.177460325558,1.99999999999999,-285.6));
#8569=CARTESIAN_POINT('Ctrl Pts',(316.187731857574,1.99999999999999,-285.685496482772));
#8570=CARTESIAN_POINT('Ctrl Pts',(316.19800338959,2.00457287361222,-285.770992779766));
#8571=CARTESIAN_POINT('Ctrl Pts',(316.208274921605,2.0136925513586,-285.856001485462));
#8572=CARTESIAN_POINT('Ctrl Pts',(316.218546128221,2.02281194019562,-285.941007498101));
#8573=CARTESIAN_POINT('Ctrl Pts',(316.228817334837,2.03647780518616,-286.02552558097));
#8574=CARTESIAN_POINT('Ctrl Pts',(316.239088541453,2.05461224357924,-286.109073935722));
#8575=CARTESIAN_POINT('Ctrl Pts',(316.249359445617,2.07274614797447,-286.192619830258));
#8576=CARTESIAN_POINT('Ctrl Pts',(316.25963034978,2.09534828356615,-286.275195690834));
#8577=CARTESIAN_POINT('Ctrl Pts',(316.269901253944,2.12228981364889,-286.356330818486));
#8578=CARTESIAN_POINT('Ctrl Pts',(316.280171878595,2.14923061054624,-286.437463738132));
#8579=CARTESIAN_POINT('Ctrl Pts',(316.290442503247,2.18051044848542,-286.51715565086));
#8580=CARTESIAN_POINT('Ctrl Pts',(316.300713127899,2.21595103580532,-286.594952321471));
#8581=CARTESIAN_POINT('Ctrl Pts',(316.310983495972,2.25139073775796,-286.672747048586));
#8582=CARTESIAN_POINT('Ctrl Pts',(316.321253864046,2.29099082705937,-286.748646290419));
#8583=CARTESIAN_POINT('Ctrl Pts',(316.33152423212,2.33452559878221,-286.822217451157));
#8584=CARTESIAN_POINT('Ctrl Pts',(316.341794366543,2.37805938009191,-286.895786938157));
#8585=CARTESIAN_POINT('Ctrl Pts',(316.352064500967,2.42552747553258,-286.967028130528));
#8586=CARTESIAN_POINT('Ctrl Pts',(316.36233463539,2.47665934792653,-287.03553499995));
#8587=CARTESIAN_POINT('Ctrl Pts',(316.372604559086,2.52779017117045,-287.104040463713));
#8588=CARTESIAN_POINT('Ctrl Pts',(316.382874482782,2.58258439880105,-287.169811419301));
#8589=CARTESIAN_POINT('Ctrl Pts',(316.393144406477,2.64072975225989,-287.232473030533));
#8590=CARTESIAN_POINT('Ctrl Pts',(316.403416179672,2.69888557705323,-287.295145926426));
#8591=CARTESIAN_POINT('Ctrl Pts',(316.413687952868,2.76039348323755,-287.354708084562));
#8592=CARTESIAN_POINT('Ctrl Pts',(316.423959726063,2.82490280418156,-287.410819931336));
#8593=CARTESIAN_POINT('Ctrl Pts',(316.434230839299,2.88940798041653,-287.466928172937));
#8594=CARTESIAN_POINT('Ctrl Pts',(316.444501952535,2.95691390506566,-287.519586303125));
#8595=CARTESIAN_POINT('Ctrl Pts',(316.454773065771,3.02703576518205,-287.568494147797));
#8596=CARTESIAN_POINT('Ctrl Pts',(316.465043610835,3.09715374632857,-287.617399287007));
#8597=CARTESIAN_POINT('Ctrl Pts',(316.475314155898,3.16988706863053,-287.662554343526));
#8598=CARTESIAN_POINT('Ctrl Pts',(316.485584700961,3.24482116650597,-287.703701942445));
#8599=CARTESIAN_POINT('Ctrl Pts',(316.495854769584,3.31975178825983,-287.744847632566));
#8600=CARTESIAN_POINT('Ctrl Pts',(316.506124838206,3.39688265573946,-287.781986058511));
#8601=CARTESIAN_POINT('Ctrl Pts',(316.516394906828,3.47577417894075,-287.814905558187));
#8602=CARTESIAN_POINT('Ctrl Pts',(316.526666471871,3.55467719718091,-287.847829854461));
#8603=CARTESIAN_POINT('Ctrl Pts',(316.536938036913,3.63534104191534,-287.876533850702));
#8604=CARTESIAN_POINT('Ctrl Pts',(316.547209601955,3.71730585398099,-287.900853907355));
#8605=CARTESIAN_POINT('Ctrl Pts',(316.557479994044,3.79926130613683,-287.925171186797));
#8606=CARTESIAN_POINT('Ctrl Pts',(316.567750386133,3.88251707216339,-287.945105423135));
#8607=CARTESIAN_POINT('Ctrl Pts',(316.578020778221,3.96659862473812,-287.960542998533));
#8608=CARTESIAN_POINT('Ctrl Pts',(316.588291951815,4.05068657533535,-287.975981748623));
#8609=CARTESIAN_POINT('Ctrl Pts',(316.598563125409,4.13560007293631,-287.986923085692));
#8610=CARTESIAN_POINT('Ctrl Pts',(316.608834299004,4.22085506822539,-287.993304638657));
#8611=CARTESIAN_POINT('Ctrl Pts',(316.616015124372,4.28045889317298,-287.997766136363));
#8612=CARTESIAN_POINT('Ctrl Pts',(316.623195949739,4.34022943107047,-288.));
#8613=CARTESIAN_POINT('Ctrl Pts',(316.630376775107,4.39999999999999,-288.));
#8614=CARTESIAN_POINT('',(316.177460325558,1.99999999999999,-285.6));
#8615=CARTESIAN_POINT('Ctrl Pts',(316.177460325558,-1.59872115546023E-14,
-285.6));
#8616=CARTESIAN_POINT('Ctrl Pts',(316.186285968783,-1.38020305666805E-14,
-285.734679292574));
#8617=CARTESIAN_POINT('Ctrl Pts',(316.195111612008,0.00618792500189049,
-285.869358425614));
#8618=CARTESIAN_POINT('Ctrl Pts',(316.203937255233,0.0185377191764218,-286.003470298436));
#8619=CARTESIAN_POINT('Ctrl Pts',(316.212821411897,0.0309693916812382,-286.138471324233));
#8620=CARTESIAN_POINT('Ctrl Pts',(316.221705568561,0.0496449380775649,-286.272897212547));
#8621=CARTESIAN_POINT('Ctrl Pts',(316.230589725225,0.0744846753869099,-286.406174408262));
#8622=CARTESIAN_POINT('Ctrl Pts',(316.239416493973,0.0991639584391542,-286.538590689341));
#8623=CARTESIAN_POINT('Ctrl Pts',(316.248243262721,0.129927938721327,-286.66987276346));
#8624=CARTESIAN_POINT('Ctrl Pts',(316.257070031469,0.166647043683384,-286.79946769329));
#8625=CARTESIAN_POINT('Ctrl Pts',(316.265896587921,0.203365265498646,-286.929059506176));
#8626=CARTESIAN_POINT('Ctrl Pts',(316.274723144373,0.246038238309927,-287.056963948832));
#8627=CARTESIAN_POINT('Ctrl Pts',(316.283549700824,0.294486239590393,-287.182642335807));
#8628=CARTESIAN_POINT('Ctrl Pts',(316.292376059537,0.342933155505194,-287.308317907247));
#8629=CARTESIAN_POINT('Ctrl Pts',(316.301202418251,0.397154726142007,-287.431767224969));
#8630=CARTESIAN_POINT('Ctrl Pts',(316.310028776964,0.456922600838173,-287.5524703901));
#8631=CARTESIAN_POINT('Ctrl Pts',(316.318854952492,0.516689235097816,-287.67317105013));
#8632=CARTESIAN_POINT('Ctrl Pts',(316.327681128021,0.582001801407971,-287.791125385607));
#8633=CARTESIAN_POINT('Ctrl Pts',(316.33650730355,0.652585251492719,-287.905836660015));
#8634=CARTESIAN_POINT('Ctrl Pts',(316.345333310445,0.723167353007699,-288.020545742746));
#8635=CARTESIAN_POINT('Ctrl Pts',(316.354159317341,0.799019969498773,-288.13201161661));
#8636=CARTESIAN_POINT('Ctrl Pts',(316.362985324237,0.879823677976468,-288.239764887611));
#8637=CARTESIAN_POINT('Ctrl Pts',(316.371811177047,0.960625975777667,-288.347516277449));
#8638=CARTESIAN_POINT('Ctrl Pts',(316.380637029858,1.04637900112153,-288.45155493884));
#8639=CARTESIAN_POINT('Ctrl Pts',(316.389462882668,1.13672165199484,-288.551442769806));
#8640=CARTESIAN_POINT('Ctrl Pts',(316.398288595939,1.22706287452223,-288.651329021514));
#8641=CARTESIAN_POINT('Ctrl Pts',(316.40711430921,1.32199336331306,-288.747064337486));
#8642=CARTESIAN_POINT('Ctrl Pts',(316.415940022481,1.4211133831053,-288.838245593479));
#8643=CARTESIAN_POINT('Ctrl Pts',(316.424874887174,1.52145926314824,-288.930554527589));
#8644=CARTESIAN_POINT('Ctrl Pts',(316.433809751867,1.62609877220117,-289.018195754104));
#8645=CARTESIAN_POINT('Ctrl Pts',(316.442744616559,1.73458034022931,-289.10079105879));
#8646=CARTESIAN_POINT('Ctrl Pts',(316.451571188207,1.84174708148156,-289.182385285413));
#8647=CARTESIAN_POINT('Ctrl Pts',(316.460397759855,1.95266298883957,-289.25905505316));
#8648=CARTESIAN_POINT('Ctrl Pts',(316.469224331502,2.06686092457249,-289.330477456669));
#8649=CARTESIAN_POINT('Ctrl Pts',(316.478050520071,2.18105390404197,-289.4018967604));
#8650=CARTESIAN_POINT('Ctrl Pts',(316.48687670864,2.29852835619039,-289.468068986428));
#8651=CARTESIAN_POINT('Ctrl Pts',(316.495702897209,2.41878956395628,-289.528715465405));
#8652=CARTESIAN_POINT('Ctrl Pts',(316.504528760906,2.53904634518744,-289.589359712126));
#8653=CARTESIAN_POINT('Ctrl Pts',(316.513354624604,2.66208939180448,-289.644478475158));
#8654=CARTESIAN_POINT('Ctrl Pts',(316.522180488301,2.78740057396716,-289.693839651373));
#8655=CARTESIAN_POINT('Ctrl Pts',(316.531196845535,2.91541641723343,-289.744266217374));
#8656=CARTESIAN_POINT('Ctrl Pts',(316.540213202769,3.04579911381727,-289.788683666087));
#8657=CARTESIAN_POINT('Ctrl Pts',(316.549229560003,3.17797570235315,-289.826896806874));
#8658=CARTESIAN_POINT('Ctrl Pts',(316.558055763892,3.30736471051955,-289.864304039426));
#8659=CARTESIAN_POINT('Ctrl Pts',(316.566881967781,3.43847237359803,-289.895765989919));
#8660=CARTESIAN_POINT('Ctrl Pts',(316.575708171669,3.57074655943125,-289.921150163013));
#8661=CARTESIAN_POINT('Ctrl Pts',(316.584819605576,3.70729535400879,-289.947354657982));
#8662=CARTESIAN_POINT('Ctrl Pts',(316.593931039482,3.84508699140363,-289.967081840514));
#8663=CARTESIAN_POINT('Ctrl Pts',(316.603042473388,3.983503131618,-289.980243184873));
#8664=CARTESIAN_POINT('Ctrl Pts',(316.612153907295,4.12191927183237,-289.993404529232));
#8665=CARTESIAN_POINT('Ctrl Pts',(316.621265341201,4.26095954237278,-290.));
#8666=CARTESIAN_POINT('Ctrl Pts',(316.630376775107,4.39999999999998,-290.));
#8667=CARTESIAN_POINT('Ctrl Pts',(-316.630765720984,4.40596229799308,-290.019995928864));
#8668=CARTESIAN_POINT('Ctrl Pts',(-316.592886164856,3.825291858714,-290.020788940441));
#8669=CARTESIAN_POINT('Ctrl Pts',(-316.555020325375,3.24491016569309,-289.905719650163));
#8670=CARTESIAN_POINT('Ctrl Pts',(-316.479404625258,2.17400410676064,-289.462135836526));
#8671=CARTESIAN_POINT('Ctrl Pts',(-316.441661587796,1.68370349771088,-289.1345274434));
#8672=CARTESIAN_POINT('Ctrl Pts',(-316.366175512871,0.86547255660004,-288.316296502289));
#8673=CARTESIAN_POINT('Ctrl Pts',(-316.328432475408,0.537864163474175,-287.825995893239));
#8674=CARTESIAN_POINT('Ctrl Pts',(-316.252816775292,0.0942803498368279,
-286.755089834307));
#8675=CARTESIAN_POINT('Ctrl Pts',(-316.214950935811,-0.020788940441337,
-286.174708141286));
#8676=CARTESIAN_POINT('Ctrl Pts',(-316.177071379682,-0.0199959288638623,
-285.594037702007));
#8677=CARTESIAN_POINT('Ctrl Pts',(-316.630765720977,4.40593531921091,-289.999995947285));
#8678=CARTESIAN_POINT('Ctrl Pts',(-316.592886165537,3.82789235369137,-290.000785370575));
#8679=CARTESIAN_POINT('Ctrl Pts',(-316.555020325375,3.25013681652706,-289.886236755819));
#8680=CARTESIAN_POINT('Ctrl Pts',(-316.479404625258,2.18407648636806,-289.444660108759));
#8681=CARTESIAN_POINT('Ctrl Pts',(-316.441661587796,1.69599443211038,-289.118534106552));
#8682=CARTESIAN_POINT('Ctrl Pts',(-316.366175512871,0.881465893448003,-288.30400556789));
#8683=CARTESIAN_POINT('Ctrl Pts',(-316.328432475408,0.55533989124126,-287.815923513632));
#8684=CARTESIAN_POINT('Ctrl Pts',(-316.252816775292,0.113763244181458,-286.749863183473));
#8685=CARTESIAN_POINT('Ctrl Pts',(-316.214950935129,-0.000785370575086629,
-286.172107646309));
#8686=CARTESIAN_POINT('Ctrl Pts',(-316.177071379689,4.05271470716084E-6,
-285.594064680789));
#8687=CARTESIAN_POINT('Ctrl Pts',(-316.630765720275,4.40323744099423,-287.999997789428));
#8688=CARTESIAN_POINT('Ctrl Pts',(-316.592886233729,4.08794185142845,-288.00042838395));
#8689=CARTESIAN_POINT('Ctrl Pts',(-316.555020325375,3.77280189992385,-287.937947321355));
#8690=CARTESIAN_POINT('Ctrl Pts',(-316.479404625258,3.19131444710984,-287.69708733205));
#8691=CARTESIAN_POINT('Ctrl Pts',(-316.441661587796,2.9250878720602,-287.519200421756));
#8692=CARTESIAN_POINT('Ctrl Pts',(-316.366175512871,2.48079957824436,-287.07491212794));
#8693=CARTESIAN_POINT('Ctrl Pts',(-316.328432475408,2.30291266794977,-286.80868555289));
#8694=CARTESIAN_POINT('Ctrl Pts',(-316.252816775292,2.06205267864442,-286.227198100076));
#8695=CARTESIAN_POINT('Ctrl Pts',(-316.214950866938,1.99957161604995,-285.912058148572));
#8696=CARTESIAN_POINT('Ctrl Pts',(-316.177071380392,2.00000221057165,-285.596762559006));
#8697=CARTESIAN_POINT('Ctrl Pts',(-316.630765720267,4.40321019242424,-287.979797808034));
#8698=CARTESIAN_POINT('Ctrl Pts',(-316.592886234417,4.0905683513556,-287.980224778385));
#8699=CARTESIAN_POINT('Ctrl Pts',(-316.555020325375,3.77808081726616,-287.918269598067));
#8700=CARTESIAN_POINT('Ctrl Pts',(-316.479404625258,3.20148755051334,-287.679436847005));
#8701=CARTESIAN_POINT('Ctrl Pts',(-316.441661587796,2.9375017158037,-287.503047151539));
#8702=CARTESIAN_POINT('Ctrl Pts',(-316.366175512871,2.4969528484608,-287.062498284196));
#8703=CARTESIAN_POINT('Ctrl Pts',(-316.328432475408,2.32056315299453,-286.798512449487));
#8704=CARTESIAN_POINT('Ctrl Pts',(-316.252816775292,2.0817304019325,-286.221919182734));
#8705=CARTESIAN_POINT('Ctrl Pts',(-316.214950866249,2.01977522161486,-285.909431648645));
#8706=CARTESIAN_POINT('Ctrl Pts',(-316.177071380399,2.02020219196601,-285.596789807576));
#8707=CARTESIAN_POINT('',(-316.630376775108,4.39999999999999,-288.));
#8708=CARTESIAN_POINT('Ctrl Pts',(-316.630376775108,4.39999999999999,-288.));
#8709=CARTESIAN_POINT('Ctrl Pts',(-316.620105243092,4.3145035172283,-288.));
#8710=CARTESIAN_POINT('Ctrl Pts',(-316.609833711076,4.22900722023443,-287.995427126388));
#8711=CARTESIAN_POINT('Ctrl Pts',(-316.599562179061,4.14399851453829,-287.986307448641));
#8712=CARTESIAN_POINT('Ctrl Pts',(-316.589290972445,4.05899250189898,-287.977188059804));
#8713=CARTESIAN_POINT('Ctrl Pts',(-316.579019765829,3.97447441902987,-287.963522194814));
#8714=CARTESIAN_POINT('Ctrl Pts',(-316.568748559213,3.89092606427788,-287.945387756421));
#8715=CARTESIAN_POINT('Ctrl Pts',(-316.55847765505,3.80738016974227,-287.927253852026));
#8716=CARTESIAN_POINT('Ctrl Pts',(-316.548206750886,3.72480430916595,-287.904651716434));
#8717=CARTESIAN_POINT('Ctrl Pts',(-316.537935846723,3.64366918151355,-287.877710186351));
#8718=CARTESIAN_POINT('Ctrl Pts',(-316.527665222071,3.56253626186824,-287.850769389454));
#8719=CARTESIAN_POINT('Ctrl Pts',(-316.517394597419,3.48284434913952,-287.819489551514));
#8720=CARTESIAN_POINT('Ctrl Pts',(-316.507123972767,3.40504767852917,-287.784048964195));
#8721=CARTESIAN_POINT('Ctrl Pts',(-316.496853604694,3.32725295141437,-287.748609262242));
#8722=CARTESIAN_POINT('Ctrl Pts',(-316.48658323662,3.2513537095808,-287.709009172941));
#8723=CARTESIAN_POINT('Ctrl Pts',(-316.476312868546,3.17778254884239,-287.665474401218));
#8724=CARTESIAN_POINT('Ctrl Pts',(-316.466042734123,3.10421306184299,-287.621940619908));
#8725=CARTESIAN_POINT('Ctrl Pts',(-316.455772599699,3.03297186947165,-287.574472524467));
#8726=CARTESIAN_POINT('Ctrl Pts',(-316.445502465276,2.96446500004993,-287.523340652073));
#8727=CARTESIAN_POINT('Ctrl Pts',(-316.43523254158,2.89595953628736,-287.472209828829));
#8728=CARTESIAN_POINT('Ctrl Pts',(-316.424962617884,2.83018858069848,-287.417415601199));
#8729=CARTESIAN_POINT('Ctrl Pts',(-316.414692694189,2.76752696946741,-287.35927024774));
#8730=CARTESIAN_POINT('Ctrl Pts',(-316.404420920994,2.7048540735738,-287.301114422947));
#8731=CARTESIAN_POINT('Ctrl Pts',(-316.394149147798,2.64529191543809,-287.239606516762));
#8732=CARTESIAN_POINT('Ctrl Pts',(-316.383877374603,2.58918006866375,-287.175097195818));
#8733=CARTESIAN_POINT('Ctrl Pts',(-316.373606261367,2.53307182706266,-287.110592019584));
#8734=CARTESIAN_POINT('Ctrl Pts',(-316.363335148131,2.48041369687539,-287.043086094934));
#8735=CARTESIAN_POINT('Ctrl Pts',(-316.353064034895,2.43150585220311,-286.972964234818));
#8736=CARTESIAN_POINT('Ctrl Pts',(-316.342793489831,2.38260071299325,-286.902846253671));
#8737=CARTESIAN_POINT('Ctrl Pts',(-316.332522944768,2.33744565647384,-286.830112931369));
#8738=CARTESIAN_POINT('Ctrl Pts',(-316.322252399705,2.29629805755492,-286.755178833494));
#8739=CARTESIAN_POINT('Ctrl Pts',(-316.311982331082,2.25515236743399,-286.68024821174));
#8740=CARTESIAN_POINT('Ctrl Pts',(-316.30171226246,2.21801394148918,-286.603117344261));
#8741=CARTESIAN_POINT('Ctrl Pts',(-316.291442193838,2.18509444181306,-286.524225821059));
#8742=CARTESIAN_POINT('Ctrl Pts',(-316.281170628795,2.15217014553889,-286.445322802819));
#8743=CARTESIAN_POINT('Ctrl Pts',(-316.270899063753,2.12346614929769,-286.364658958085));
#8744=CARTESIAN_POINT('Ctrl Pts',(-316.260627498711,2.09914609264486,-286.282694146019));
#8745=CARTESIAN_POINT('Ctrl Pts',(-316.250357106622,2.07482881320253,-286.200738693863));
#8746=CARTESIAN_POINT('Ctrl Pts',(-316.240086714534,2.05489457686542,-286.117482927837));
#8747=CARTESIAN_POINT('Ctrl Pts',(-316.229816322445,2.03945700146743,-286.033401375262));
#8748=CARTESIAN_POINT('Ctrl Pts',(-316.219545148851,2.02401825137711,-285.949313424665));
#8749=CARTESIAN_POINT('Ctrl Pts',(-316.209273975257,2.01307691430814,-285.864399927064));
#8750=CARTESIAN_POINT('Ctrl Pts',(-316.199002801662,2.0066953613425,-285.779144931775));
#8751=CARTESIAN_POINT('Ctrl Pts',(-316.191821976294,2.00223386363708,-285.719541106827));
#8752=CARTESIAN_POINT('Ctrl Pts',(-316.184641150927,1.99999999999999,-285.65977056893));
#8753=CARTESIAN_POINT('Ctrl Pts',(-316.177460325559,1.99999999999999,-285.6));
#8754=CARTESIAN_POINT('',(-316.630376775108,4.40000000000003,-290.));
#8755=CARTESIAN_POINT('',(-316.630376775108,4.40000000000001,-288.));
#8756=CARTESIAN_POINT('Ctrl Pts',(-316.630376775108,4.40000000000003,-290.));
#8757=CARTESIAN_POINT('Ctrl Pts',(-316.621551131883,4.26532070742629,-290.));
#8758=CARTESIAN_POINT('Ctrl Pts',(-316.612725488658,4.13064157438639,-289.993812074998));
#8759=CARTESIAN_POINT('Ctrl Pts',(-316.603899845433,3.9965297015637,-289.981462280824));
#8760=CARTESIAN_POINT('Ctrl Pts',(-316.595015688769,3.86152867576703,-289.969030608319));
#8761=CARTESIAN_POINT('Ctrl Pts',(-316.586131532105,3.72710278745321,-289.950355061922));
#8762=CARTESIAN_POINT('Ctrl Pts',(-316.577247375441,3.59382559173758,-289.925515324613));
#8763=CARTESIAN_POINT('Ctrl Pts',(-316.568420606693,3.46140931065887,-289.900836041561));
#8764=CARTESIAN_POINT('Ctrl Pts',(-316.559593837945,3.33012723653981,-289.870072061279));
#8765=CARTESIAN_POINT('Ctrl Pts',(-316.550767069197,3.20053230671045,-289.833352956317));
#8766=CARTESIAN_POINT('Ctrl Pts',(-316.541940512745,3.07094049382383,-289.796634734501));
#8767=CARTESIAN_POINT('Ctrl Pts',(-316.533113956293,2.94303605116763,-289.75396176169));
#8768=CARTESIAN_POINT('Ctrl Pts',(-316.524287399842,2.8173576641934,-289.70551376041));
#8769=CARTESIAN_POINT('Ctrl Pts',(-316.515461041129,2.69168209275337,-289.657066844495));
#8770=CARTESIAN_POINT('Ctrl Pts',(-316.506634682415,2.56823277503078,-289.602845273858));
#8771=CARTESIAN_POINT('Ctrl Pts',(-316.497808323702,2.44752960989938,-289.543077399162));
#8772=CARTESIAN_POINT('Ctrl Pts',(-316.488982148174,2.32682894986988,-289.483310764902));
#8773=CARTESIAN_POINT('Ctrl Pts',(-316.480155972645,2.20887461439311,-289.417998198592));
#8774=CARTESIAN_POINT('Ctrl Pts',(-316.471329797116,2.09416333998463,-289.347414748507));
#8775=CARTESIAN_POINT('Ctrl Pts',(-316.462503790221,1.97945425725358,-289.276832646992));
#8776=CARTESIAN_POINT('Ctrl Pts',(-316.453677783325,1.86798838339002,-289.200980030501));
#8777=CARTESIAN_POINT('Ctrl Pts',(-316.444851776429,1.76023511238853,-289.120176322023));
#8778=CARTESIAN_POINT('Ctrl Pts',(-316.436025923619,1.65248372255094,-289.039374024222));
#8779=CARTESIAN_POINT('Ctrl Pts',(-316.427200070808,1.54844506115984,-288.953620998878));
#8780=CARTESIAN_POINT('Ctrl Pts',(-316.418374217998,1.44855723019392,-288.863278348005));
#8781=CARTESIAN_POINT('Ctrl Pts',(-316.409548504727,1.34867097848615,-288.772937125478));
#8782=CARTESIAN_POINT('Ctrl Pts',(-316.400722791456,1.25293566251359,-288.678006636687));
#8783=CARTESIAN_POINT('Ctrl Pts',(-316.391897078185,1.16175440652115,-288.578886616895));
#8784=CARTESIAN_POINT('Ctrl Pts',(-316.382962213492,1.06944547241114,-288.478540736852));
#8785=CARTESIAN_POINT('Ctrl Pts',(-316.374027348799,0.981804245896103,-288.373901227799));
#8786=CARTESIAN_POINT('Ctrl Pts',(-316.365092484106,0.899208941209492,-288.265419659771));
#8787=CARTESIAN_POINT('Ctrl Pts',(-316.356265912459,0.817614714587471,-288.158252918518));
#8788=CARTESIAN_POINT('Ctrl Pts',(-316.347439340811,0.740944946840421,-288.04733701116));
#8789=CARTESIAN_POINT('Ctrl Pts',(-316.338612769163,0.66952254333136,-287.933139075428));
#8790=CARTESIAN_POINT('Ctrl Pts',(-316.329786580595,0.598103239600282,-287.818946095958));
#8791=CARTESIAN_POINT('Ctrl Pts',(-316.320960392026,0.531931013571574,-287.70147164381));
#8792=CARTESIAN_POINT('Ctrl Pts',(-316.312134203457,0.47128453459515,-287.581210436044));
#8793=CARTESIAN_POINT('Ctrl Pts',(-316.30330833976,0.410640287874244,-287.460953654812));
#8794=CARTESIAN_POINT('Ctrl Pts',(-316.294482476062,0.355521524842309,-287.337910608196));
#8795=CARTESIAN_POINT('Ctrl Pts',(-316.285656612365,0.306160348626414,-287.212599426033));
#8796=CARTESIAN_POINT('Ctrl Pts',(-316.276640255131,0.255733782626194,-287.084583582767));
#8797=CARTESIAN_POINT('Ctrl Pts',(-316.267623897897,0.211316333912558,-286.954200886183));
#8798=CARTESIAN_POINT('Ctrl Pts',(-316.258607540663,0.173103193126096,-286.822024297647));
#8799=CARTESIAN_POINT('Ctrl Pts',(-316.249781336774,0.13569596057416,-286.69263528948));
#8800=CARTESIAN_POINT('Ctrl Pts',(-316.240955132885,0.104234010080698,-286.561527626402));
#8801=CARTESIAN_POINT('Ctrl Pts',(-316.232128928996,0.0788498369872652,
-286.429253440569));
#8802=CARTESIAN_POINT('Ctrl Pts',(-316.22301749509,0.052645342017805,-286.292704645991));
#8803=CARTESIAN_POINT('Ctrl Pts',(-316.213906061184,0.0329181594859218,
-286.154913008596));
#8804=CARTESIAN_POINT('Ctrl Pts',(-316.204794627278,0.0197568151267999,
-286.016496868382));
#8805=CARTESIAN_POINT('Ctrl Pts',(-316.195683193371,0.00659547076767811,
-285.878080728168));
#8806=CARTESIAN_POINT('Ctrl Pts',(-316.186571759465,-1.59850127513817E-14,
-285.739040457627));
#8807=CARTESIAN_POINT('Ctrl Pts',(-316.177460325559,-1.59872115546023E-14,
-285.6));
#8808=CARTESIAN_POINT('',(-316.177460325559,1.99999999999999,-285.6));
#8809=CARTESIAN_POINT('Origin',(-316.630376775108,4.4,-285.6));
#8810=CARTESIAN_POINT('',(318.,4.40000000000003,-290.));
#8811=CARTESIAN_POINT('Origin',(-316.630376775108,4.4,-285.6));
#8812=CARTESIAN_POINT('',(318.,4.40000000000001,-288.));
#8813=CARTESIAN_POINT('Origin',(316.630376775107,2.,-288.));
#8814=CARTESIAN_POINT('',(316.630376775107,20.,-290.));
#8815=CARTESIAN_POINT('',(316.630376775107,1.99999999999999,-290.));
#8816=CARTESIAN_POINT('',(316.630376775107,20.,-288.));
#8817=CARTESIAN_POINT('',(316.630376775107,20.,-288.));
#8818=CARTESIAN_POINT('',(316.630376775107,-8.94346325392487E-13,-288.));
#8819=CARTESIAN_POINT('Origin',(0.,-9.01329288070173E-13,-290.));
#8820=CARTESIAN_POINT('',(-316.630376775108,20.,-290.));
#8821=CARTESIAN_POINT('',(-316.630376775108,-9.01329288070173E-13,-290.));
#8822=CARTESIAN_POINT('',(0.,20.,-290.));
#8823=CARTESIAN_POINT('Origin',(0.,-8.94346325392487E-13,-288.));
#8824=CARTESIAN_POINT('',(-316.630376775108,20.,-288.));
#8825=CARTESIAN_POINT('',(-316.630376775108,2.,-288.));
#8826=CARTESIAN_POINT('',(318.,20.,-288.));
#8827=CARTESIAN_POINT('Origin',(318.,20.,-290.));
#8828=CARTESIAN_POINT('',(-316.630376775108,20.,-290.));
#8829=CARTESIAN_POINT('Origin',(-316.630376775108,2.,-288.));
#8830=CARTESIAN_POINT('Ctrl Pts',(383.594037702007,-0.0199959288638379,
218.177071379682));
#8831=CARTESIAN_POINT('Ctrl Pts',(384.174708141286,-0.0207889404413264,
218.214950935811));
#8832=CARTESIAN_POINT('Ctrl Pts',(384.755089834307,0.0942803498368387,218.252816775291));
#8833=CARTESIAN_POINT('Ctrl Pts',(385.825995893239,0.537864163474194,218.328432475408));
#8834=CARTESIAN_POINT('Ctrl Pts',(386.316296502289,0.865472556600057,218.366175512871));
#8835=CARTESIAN_POINT('Ctrl Pts',(387.1345274434,1.68370349771089,218.441661587795));
#8836=CARTESIAN_POINT('Ctrl Pts',(387.462135836526,2.17400410676064,218.479404625258));
#8837=CARTESIAN_POINT('Ctrl Pts',(387.905719650163,3.24491016569314,218.555020325375));
#8838=CARTESIAN_POINT('Ctrl Pts',(388.020788940441,3.8252918587141,218.592886164855));
#8839=CARTESIAN_POINT('Ctrl Pts',(388.019995928864,4.40596229799324,218.630765720984));
#8840=CARTESIAN_POINT('Ctrl Pts',(383.594064680789,4.05271473158778E-6,
218.177071379689));
#8841=CARTESIAN_POINT('Ctrl Pts',(384.172107646309,-0.000785370575075964,
218.214950935129));
#8842=CARTESIAN_POINT('Ctrl Pts',(384.749863183473,0.113763244181468,218.252816775291));
#8843=CARTESIAN_POINT('Ctrl Pts',(385.815923513632,0.555339891241279,218.328432475408));
#8844=CARTESIAN_POINT('Ctrl Pts',(386.30400556789,0.88146589344802,218.366175512871));
#8845=CARTESIAN_POINT('Ctrl Pts',(387.118534106552,1.69599443211039,218.441661587795));
#8846=CARTESIAN_POINT('Ctrl Pts',(387.444660108759,2.18407648636806,218.479404625258));
#8847=CARTESIAN_POINT('Ctrl Pts',(387.886236755819,3.25013681652711,218.555020325375));
#8848=CARTESIAN_POINT('Ctrl Pts',(388.000785370575,3.82789235369147,218.592886165537));
#8849=CARTESIAN_POINT('Ctrl Pts',(387.999995947285,4.40593531921107,218.630765720977));
#8850=CARTESIAN_POINT('Ctrl Pts',(383.596762559006,2.00000221057168,218.177071380392));
#8851=CARTESIAN_POINT('Ctrl Pts',(383.912058148572,1.99957161604996,218.214950866938));
#8852=CARTESIAN_POINT('Ctrl Pts',(384.227198100076,2.06205267864444,218.252816775291));
#8853=CARTESIAN_POINT('Ctrl Pts',(384.80868555289,2.30291266794979,218.328432475408));
#8854=CARTESIAN_POINT('Ctrl Pts',(385.07491212794,2.48079957824438,218.366175512871));
#8855=CARTESIAN_POINT('Ctrl Pts',(385.519200421755,2.92508787206022,218.441661587795));
#8856=CARTESIAN_POINT('Ctrl Pts',(385.69708733205,3.19131444710985,218.479404625258));
#8857=CARTESIAN_POINT('Ctrl Pts',(385.937947321356,3.77280189992388,218.555020325375));
#8858=CARTESIAN_POINT('Ctrl Pts',(386.00042838395,4.08794185142852,218.592886233728));
#8859=CARTESIAN_POINT('Ctrl Pts',(385.999997789428,4.40323744099433,218.630765720274));
#8860=CARTESIAN_POINT('Ctrl Pts',(383.596789807576,2.02020219196603,218.177071380399));
#8861=CARTESIAN_POINT('Ctrl Pts',(383.909431648644,2.01977522161488,218.214950866249));
#8862=CARTESIAN_POINT('Ctrl Pts',(384.221919182734,2.08173040193252,218.252816775291));
#8863=CARTESIAN_POINT('Ctrl Pts',(384.798512449487,2.32056315299455,218.328432475408));
#8864=CARTESIAN_POINT('Ctrl Pts',(385.062498284196,2.49695284846082,218.366175512871));
#8865=CARTESIAN_POINT('Ctrl Pts',(385.503047151539,2.93750171580371,218.441661587795));
#8866=CARTESIAN_POINT('Ctrl Pts',(385.679436847005,3.20148755051335,218.479404625258));
#8867=CARTESIAN_POINT('Ctrl Pts',(385.918269598067,3.77808081726619,218.555020325375));
#8868=CARTESIAN_POINT('Ctrl Pts',(385.980224778385,4.09056835135566,218.592886234417));
#8869=CARTESIAN_POINT('Ctrl Pts',(385.979797808034,4.40321019242434,218.630765720267));
#8870=CARTESIAN_POINT('',(388.,4.40000000000001,218.630376775108));
#8871=CARTESIAN_POINT('',(386.,4.40000000000001,218.630376775108));
#8872=CARTESIAN_POINT('',(386.,4.40000000000001,218.630376775108));
#8873=CARTESIAN_POINT('Ctrl Pts',(383.6,2.00000000000001,218.177460325558));
#8874=CARTESIAN_POINT('Ctrl Pts',(383.685496482772,2.00000000000001,218.187731857574));
#8875=CARTESIAN_POINT('Ctrl Pts',(383.770992779766,2.00457287361224,218.19800338959));
#8876=CARTESIAN_POINT('Ctrl Pts',(383.856001485462,2.01369255135862,218.208274921606));
#8877=CARTESIAN_POINT('Ctrl Pts',(383.941007498101,2.02281194019565,218.218546128221));
#8878=CARTESIAN_POINT('Ctrl Pts',(384.02552558097,2.03647780518618,218.228817334837));
#8879=CARTESIAN_POINT('Ctrl Pts',(384.109073935722,2.05461224357926,218.239088541453));
#8880=CARTESIAN_POINT('Ctrl Pts',(384.192619830258,2.07274614797449,218.249359445617));
#8881=CARTESIAN_POINT('Ctrl Pts',(384.275195690834,2.09534828356617,218.25963034978));
#8882=CARTESIAN_POINT('Ctrl Pts',(384.356330818486,2.12228981364891,218.269901253944));
#8883=CARTESIAN_POINT('Ctrl Pts',(384.437463738132,2.14923061054627,218.280171878595));
#8884=CARTESIAN_POINT('Ctrl Pts',(384.51715565086,2.18051044848546,218.290442503247));
#8885=CARTESIAN_POINT('Ctrl Pts',(384.594952321471,2.21595103580535,218.300713127899));
#8886=CARTESIAN_POINT('Ctrl Pts',(384.672747048586,2.251390737758,218.310983495973));
#8887=CARTESIAN_POINT('Ctrl Pts',(384.748646290419,2.29099082705941,218.321253864046));
#8888=CARTESIAN_POINT('Ctrl Pts',(384.822217451157,2.33452559878226,218.33152423212));
#8889=CARTESIAN_POINT('Ctrl Pts',(384.895786938157,2.37805938009195,218.341794366544));
#8890=CARTESIAN_POINT('Ctrl Pts',(384.967028130528,2.42552747553262,218.352064500967));
#8891=CARTESIAN_POINT('Ctrl Pts',(385.03553499995,2.47665934792657,218.362334635391));
#8892=CARTESIAN_POINT('Ctrl Pts',(385.104040463713,2.52779017117047,218.372604559086));
#8893=CARTESIAN_POINT('Ctrl Pts',(385.169811419301,2.58258439880105,218.382874482782));
#8894=CARTESIAN_POINT('Ctrl Pts',(385.232473030533,2.64072975225987,218.393144406478));
#8895=CARTESIAN_POINT('Ctrl Pts',(385.295145926426,2.6988855770532,218.403416179673));
#8896=CARTESIAN_POINT('Ctrl Pts',(385.354708084562,2.76039348323751,218.413687952868));
#8897=CARTESIAN_POINT('Ctrl Pts',(385.410819931336,2.82490280418151,218.423959726063));
#8898=CARTESIAN_POINT('Ctrl Pts',(385.466928172937,2.88940798041648,218.434230839299));
#8899=CARTESIAN_POINT('Ctrl Pts',(385.519586303125,2.95691390506561,218.444501952535));
#8900=CARTESIAN_POINT('Ctrl Pts',(385.568494147797,3.02703576518201,218.454773065772));
#8901=CARTESIAN_POINT('Ctrl Pts',(385.617399287007,3.09715374632852,218.465043610835));
#8902=CARTESIAN_POINT('Ctrl Pts',(385.662554343526,3.16988706863048,218.475314155898));
#8903=CARTESIAN_POINT('Ctrl Pts',(385.703701942445,3.24482116650592,218.485584700961));
#8904=CARTESIAN_POINT('Ctrl Pts',(385.744847632566,3.31975178825976,218.495854769584));
#8905=CARTESIAN_POINT('Ctrl Pts',(385.781986058511,3.39688265573938,218.506124838206));
#8906=CARTESIAN_POINT('Ctrl Pts',(385.814905558187,3.47577417894066,218.516394906829));
#8907=CARTESIAN_POINT('Ctrl Pts',(385.847829854461,3.55467719718081,218.526666471871));
#8908=CARTESIAN_POINT('Ctrl Pts',(385.876533850702,3.63534104191525,218.536938036913));
#8909=CARTESIAN_POINT('Ctrl Pts',(385.900853907355,3.7173058539809,218.547209601955));
#8910=CARTESIAN_POINT('Ctrl Pts',(385.925171186797,3.79926130613674,218.557479994044));
#8911=CARTESIAN_POINT('Ctrl Pts',(385.945105423134,3.88251707216331,218.567750386133));
#8912=CARTESIAN_POINT('Ctrl Pts',(385.960542998532,3.96659862473803,218.578020778221));
#8913=CARTESIAN_POINT('Ctrl Pts',(385.975981748623,4.05068657533526,218.588291951815));
#8914=CARTESIAN_POINT('Ctrl Pts',(385.986923085692,4.13560007293622,218.59856312541));
#8915=CARTESIAN_POINT('Ctrl Pts',(385.993304638657,4.22085506822529,218.608834299004));
#8916=CARTESIAN_POINT('Ctrl Pts',(385.997766136363,4.28045889317293,218.616015124372));
#8917=CARTESIAN_POINT('Ctrl Pts',(386.,4.34022943107045,218.62319594974));
#8918=CARTESIAN_POINT('Ctrl Pts',(386.,4.40000000000001,218.630376775108));
#8919=CARTESIAN_POINT('',(383.6,2.00000000000001,218.177460325558));
#8920=CARTESIAN_POINT('Ctrl Pts',(383.6,7.99360577730113E-15,218.177460325559));
#8921=CARTESIAN_POINT('Ctrl Pts',(383.734679292574,1.01787867652232E-14,
218.186285968783));
#8922=CARTESIAN_POINT('Ctrl Pts',(383.869358425614,0.00618792500191643,
218.195111612008));
#8923=CARTESIAN_POINT('Ctrl Pts',(384.003470298436,0.018537719176452,218.203937255233));
#8924=CARTESIAN_POINT('Ctrl Pts',(384.138471324233,0.0309693916812704,218.212821411897));
#8925=CARTESIAN_POINT('Ctrl Pts',(384.272897212547,0.0496449380775987,218.221705568561));
#8926=CARTESIAN_POINT('Ctrl Pts',(384.406174408263,0.0744846753869455,218.230589725225));
#8927=CARTESIAN_POINT('Ctrl Pts',(384.538590689341,0.0991639584391957,218.239416493973));
#8928=CARTESIAN_POINT('Ctrl Pts',(384.66987276346,0.129927938721376,218.248243262721));
#8929=CARTESIAN_POINT('Ctrl Pts',(384.79946769329,0.166647043683444,218.257070031469));
#8930=CARTESIAN_POINT('Ctrl Pts',(384.929059506176,0.203365265498714,218.265896587921));
#8931=CARTESIAN_POINT('Ctrl Pts',(385.056963948833,0.246038238310005,218.274723144373));
#8932=CARTESIAN_POINT('Ctrl Pts',(385.182642335807,0.294486239590483,218.283549700824));
#8933=CARTESIAN_POINT('Ctrl Pts',(385.308317907247,0.342933155505292,218.292376059538));
#8934=CARTESIAN_POINT('Ctrl Pts',(385.431767224969,0.397154726142114,218.301202418251));
#8935=CARTESIAN_POINT('Ctrl Pts',(385.552470390101,0.456922600838289,218.310028776964));
#8936=CARTESIAN_POINT('Ctrl Pts',(385.67317105013,0.516689235097949,218.318854952493));
#8937=CARTESIAN_POINT('Ctrl Pts',(385.791125385607,0.582001801408121,218.327681128021));
#8938=CARTESIAN_POINT('Ctrl Pts',(385.905836660015,0.652585251492888,218.33650730355));
#8939=CARTESIAN_POINT('Ctrl Pts',(386.020545742746,0.723167353007889,218.345333310446));
#8940=CARTESIAN_POINT('Ctrl Pts',(386.13201161661,0.799019969498986,218.354159317341));
#8941=CARTESIAN_POINT('Ctrl Pts',(386.239764887611,0.879823677976706,218.362985324237));
#8942=CARTESIAN_POINT('Ctrl Pts',(386.347516277449,0.960625975777827,218.371811177047));
#8943=CARTESIAN_POINT('Ctrl Pts',(386.45155493884,1.0463790011216,218.380637029858));
#8944=CARTESIAN_POINT('Ctrl Pts',(386.551442769806,1.13672165199481,218.389462882668));
#8945=CARTESIAN_POINT('Ctrl Pts',(386.651329021514,1.22706287452218,218.398288595939));
#8946=CARTESIAN_POINT('Ctrl Pts',(386.747064337486,1.32199336331298,218.40711430921));
#8947=CARTESIAN_POINT('Ctrl Pts',(386.838245593479,1.42111338310519,218.415940022481));
#8948=CARTESIAN_POINT('Ctrl Pts',(386.930554527589,1.52145926314814,218.424874887174));
#8949=CARTESIAN_POINT('Ctrl Pts',(387.018195754104,1.62609877220107,218.433809751867));
#8950=CARTESIAN_POINT('Ctrl Pts',(387.10079105879,1.73458034022921,218.44274461656));
#8951=CARTESIAN_POINT('Ctrl Pts',(387.182385285412,1.84174708148146,218.451571188207));
#8952=CARTESIAN_POINT('Ctrl Pts',(387.259055053159,1.95266298883947,218.460397759855));
#8953=CARTESIAN_POINT('Ctrl Pts',(387.330477456669,2.06686092457239,218.469224331503));
#8954=CARTESIAN_POINT('Ctrl Pts',(387.4018967604,2.18105390404187,218.478050520071));
#8955=CARTESIAN_POINT('Ctrl Pts',(387.468068986428,2.29852835619028,218.48687670864));
#8956=CARTESIAN_POINT('Ctrl Pts',(387.528715465405,2.41878956395616,218.495702897209));
#8957=CARTESIAN_POINT('Ctrl Pts',(387.589359712126,2.53904634518732,218.504528760907));
#8958=CARTESIAN_POINT('Ctrl Pts',(387.644478475158,2.66208939180435,218.513354624604));
#8959=CARTESIAN_POINT('Ctrl Pts',(387.693839651373,2.78740057396702,218.522180488301));
#8960=CARTESIAN_POINT('Ctrl Pts',(387.744266217374,2.91541641723331,218.531196845535));
#8961=CARTESIAN_POINT('Ctrl Pts',(387.788683666087,3.04579911381716,218.540213202769));
#8962=CARTESIAN_POINT('Ctrl Pts',(387.826896806874,3.17797570235305,218.549229560003));
#8963=CARTESIAN_POINT('Ctrl Pts',(387.864304039426,3.30736471051946,218.558055763892));
#8964=CARTESIAN_POINT('Ctrl Pts',(387.895765989919,3.43847237359794,218.566881967781));
#8965=CARTESIAN_POINT('Ctrl Pts',(387.921150163013,3.57074655943117,218.57570817167));
#8966=CARTESIAN_POINT('Ctrl Pts',(387.947354657982,3.70729535400873,218.584819605576));
#8967=CARTESIAN_POINT('Ctrl Pts',(387.967081840514,3.84508699140359,218.593931039482));
#8968=CARTESIAN_POINT('Ctrl Pts',(387.980243184873,3.98350313161797,218.603042473389));
#8969=CARTESIAN_POINT('Ctrl Pts',(387.993404529232,4.12191927183236,218.612153907295));
#8970=CARTESIAN_POINT('Ctrl Pts',(388.,4.26095954237279,218.621265341201));
#8971=CARTESIAN_POINT('Ctrl Pts',(388.,4.40000000000001,218.630376775108));
#8972=CARTESIAN_POINT('Ctrl Pts',(388.019995928864,4.40596229799312,-218.630765720984));
#8973=CARTESIAN_POINT('Ctrl Pts',(388.020788940441,3.82529185871401,-218.592886164855));
#8974=CARTESIAN_POINT('Ctrl Pts',(387.905719650163,3.24491016569311,-218.555020325375));
#8975=CARTESIAN_POINT('Ctrl Pts',(387.462135836526,2.17400410676064,-218.479404625258));
#8976=CARTESIAN_POINT('Ctrl Pts',(387.1345274434,1.68370349771089,-218.441661587795));
#8977=CARTESIAN_POINT('Ctrl Pts',(386.316296502289,0.865472556600057,-218.366175512871));
#8978=CARTESIAN_POINT('Ctrl Pts',(385.825995893239,0.537864163474194,-218.328432475408));
#8979=CARTESIAN_POINT('Ctrl Pts',(384.755089834307,0.0942803498368434,-218.252816775291));
#8980=CARTESIAN_POINT('Ctrl Pts',(384.174708141286,-0.0207889404413214,
-218.214950935811));
#8981=CARTESIAN_POINT('Ctrl Pts',(383.594037702007,-0.0199959288638379,
-218.177071379682));
#8982=CARTESIAN_POINT('Ctrl Pts',(387.999995947285,4.40593531921096,-218.630765720977));
#8983=CARTESIAN_POINT('Ctrl Pts',(388.000785370575,3.82789235369138,-218.592886165537));
#8984=CARTESIAN_POINT('Ctrl Pts',(387.886236755819,3.25013681652707,-218.555020325375));
#8985=CARTESIAN_POINT('Ctrl Pts',(387.444660108759,2.18407648636806,-218.479404625258));
#8986=CARTESIAN_POINT('Ctrl Pts',(387.118534106552,1.69599443211039,-218.441661587795));
#8987=CARTESIAN_POINT('Ctrl Pts',(386.30400556789,0.88146589344802,-218.366175512871));
#8988=CARTESIAN_POINT('Ctrl Pts',(385.815923513632,0.555339891241279,-218.328432475408));
#8989=CARTESIAN_POINT('Ctrl Pts',(384.749863183473,0.113763244181473,-218.252816775291));
#8990=CARTESIAN_POINT('Ctrl Pts',(384.172107646309,-0.00078537057507106,
-218.214950935129));
#8991=CARTESIAN_POINT('Ctrl Pts',(383.594064680789,4.05271473153709E-6,
-218.177071379689));
#8992=CARTESIAN_POINT('Ctrl Pts',(385.999997789428,4.40323744099426,-218.630765720274));
#8993=CARTESIAN_POINT('Ctrl Pts',(386.00042838395,4.08794185142846,-218.592886233728));
#8994=CARTESIAN_POINT('Ctrl Pts',(385.937947321356,3.77280189992387,-218.555020325375));
#8995=CARTESIAN_POINT('Ctrl Pts',(385.69708733205,3.19131444710985,-218.479404625258));
#8996=CARTESIAN_POINT('Ctrl Pts',(385.519200421755,2.92508787206022,-218.441661587795));
#8997=CARTESIAN_POINT('Ctrl Pts',(385.07491212794,2.48079957824438,-218.366175512871));
#8998=CARTESIAN_POINT('Ctrl Pts',(384.80868555289,2.30291266794979,-218.328432475408));
#8999=CARTESIAN_POINT('Ctrl Pts',(384.227198100076,2.06205267864444,-218.252816775291));
#9000=CARTESIAN_POINT('Ctrl Pts',(383.912058148572,1.99957161604997,-218.214950866938));
#9001=CARTESIAN_POINT('Ctrl Pts',(383.596762559006,2.00000221057168,-218.177071380392));
#9002=CARTESIAN_POINT('Ctrl Pts',(385.979797808034,4.40321019242428,-218.630765720267));
#9003=CARTESIAN_POINT('Ctrl Pts',(385.980224778385,4.09056835135561,-218.592886234417));
#9004=CARTESIAN_POINT('Ctrl Pts',(385.918269598067,3.77808081726617,-218.555020325375));
#9005=CARTESIAN_POINT('Ctrl Pts',(385.679436847005,3.20148755051335,-218.479404625258));
#9006=CARTESIAN_POINT('Ctrl Pts',(385.503047151539,2.93750171580371,-218.441661587795));
#9007=CARTESIAN_POINT('Ctrl Pts',(385.062498284196,2.49695284846082,-218.366175512871));
#9008=CARTESIAN_POINT('Ctrl Pts',(384.798512449487,2.32056315299455,-218.328432475408));
#9009=CARTESIAN_POINT('Ctrl Pts',(384.221919182734,2.08173040193252,-218.252816775291));
#9010=CARTESIAN_POINT('Ctrl Pts',(383.909431648644,2.01977522161488,-218.214950866249));
#9011=CARTESIAN_POINT('Ctrl Pts',(383.596789807576,2.02020219196603,-218.177071380399));
#9012=CARTESIAN_POINT('',(386.,4.40000000000001,-218.630376775108));
#9013=CARTESIAN_POINT('',(383.6,2.00000000000001,-218.177460325558));
#9014=CARTESIAN_POINT('Origin',(383.6,4.40000000000002,-218.630376775108));
#9015=CARTESIAN_POINT('Origin',(383.6,4.40000000000002,195.5));
#9016=CARTESIAN_POINT('',(388.,4.40000000000001,0.));
#9017=CARTESIAN_POINT('Origin',(383.6,4.40000000000002,-218.630376775108));
#9018=CARTESIAN_POINT('',(386.,4.40000000000001,220.));
#9019=CARTESIAN_POINT('Origin',(383.6,4.40000000000002,195.5));
#9020=CARTESIAN_POINT('Origin',(386.,2.,218.630376775108));
#9021=CARTESIAN_POINT('',(386.,20.,218.630376775108));
#9022=CARTESIAN_POINT('',(388.,20.,218.630376775108));
#9023=CARTESIAN_POINT('',(388.,20.,218.630376775108));
#9024=CARTESIAN_POINT('',(386.,-1.20996095387392E-12,218.630376775108));
#9025=CARTESIAN_POINT('',(388.,-1.21694391655161E-12,218.630376775108));
#9026=CARTESIAN_POINT('Origin',(388.,-1.20355666699591E-12,0.));
#9027=CARTESIAN_POINT('',(388.,20.,-220.));
#9028=CARTESIAN_POINT('Origin',(386.,-1.19657370431822E-12,0.));
#9029=CARTESIAN_POINT('',(386.,20.,0.));
#9030=CARTESIAN_POINT('Origin',(388.,20.,-220.));
#9031=CARTESIAN_POINT('Origin',(386.,2.,-218.630376775108));
#9032=CARTESIAN_POINT('Ctrl Pts',(-383.594037702007,-0.0199959288638378,
-218.177071379682));
#9033=CARTESIAN_POINT('Ctrl Pts',(-384.174708141286,-0.0207889404413312,
-218.214950935811));
#9034=CARTESIAN_POINT('Ctrl Pts',(-384.755089834307,0.094280349836834,-218.252816775291));
#9035=CARTESIAN_POINT('Ctrl Pts',(-385.82599589324,0.537864163474194,-218.328432475408));
#9036=CARTESIAN_POINT('Ctrl Pts',(-386.316296502289,0.865472556600057,-218.36617551287));
#9037=CARTESIAN_POINT('Ctrl Pts',(-387.1345274434,1.68370349771089,-218.441661587795));
#9038=CARTESIAN_POINT('Ctrl Pts',(-387.462135836526,2.17400410676064,-218.479404625258));
#9039=CARTESIAN_POINT('Ctrl Pts',(-387.905719650163,3.24491016569317,-218.555020325374));
#9040=CARTESIAN_POINT('Ctrl Pts',(-388.020788940442,3.82529185871417,-218.592886164855));
#9041=CARTESIAN_POINT('Ctrl Pts',(-388.019995928864,4.40596229799335,-218.630765720984));
#9042=CARTESIAN_POINT('Ctrl Pts',(-383.594064680789,4.05271473163789E-6,
-218.177071379689));
#9043=CARTESIAN_POINT('Ctrl Pts',(-384.172107646309,-0.000785370575080811,
-218.214950935129));
#9044=CARTESIAN_POINT('Ctrl Pts',(-384.749863183473,0.113763244181464,-218.252816775291));
#9045=CARTESIAN_POINT('Ctrl Pts',(-385.815923513632,0.555339891241279,-218.328432475408));
#9046=CARTESIAN_POINT('Ctrl Pts',(-386.30400556789,0.88146589344802,-218.36617551287));
#9047=CARTESIAN_POINT('Ctrl Pts',(-387.118534106552,1.69599443211039,-218.441661587795));
#9048=CARTESIAN_POINT('Ctrl Pts',(-387.444660108759,2.18407648636806,-218.479404625258));
#9049=CARTESIAN_POINT('Ctrl Pts',(-387.886236755819,3.25013681652714,-218.555020325374));
#9050=CARTESIAN_POINT('Ctrl Pts',(-388.000785370575,3.82789235369154,-218.592886165537));
#9051=CARTESIAN_POINT('Ctrl Pts',(-387.999995947285,4.40593531921118,-218.630765720977));
#9052=CARTESIAN_POINT('Ctrl Pts',(-383.596762559006,2.00000221057168,-218.177071380392));
#9053=CARTESIAN_POINT('Ctrl Pts',(-383.912058148572,1.99957161604996,-218.214950866938));
#9054=CARTESIAN_POINT('Ctrl Pts',(-384.227198100076,2.06205267864444,-218.252816775291));
#9055=CARTESIAN_POINT('Ctrl Pts',(-384.80868555289,2.30291266794979,-218.328432475408));
#9056=CARTESIAN_POINT('Ctrl Pts',(-385.07491212794,2.48079957824438,-218.36617551287));
#9057=CARTESIAN_POINT('Ctrl Pts',(-385.519200421756,2.92508787206022,-218.441661587795));
#9058=CARTESIAN_POINT('Ctrl Pts',(-385.69708733205,3.19131444710985,-218.479404625258));
#9059=CARTESIAN_POINT('Ctrl Pts',(-385.937947321356,3.7728018999239,-218.555020325374));
#9060=CARTESIAN_POINT('Ctrl Pts',(-386.00042838395,4.08794185142854,-218.592886233728));
#9061=CARTESIAN_POINT('Ctrl Pts',(-385.999997789429,4.40323744099439,-218.630765720274));
#9062=CARTESIAN_POINT('Ctrl Pts',(-383.596789807576,2.02020219196603,-218.177071380399));
#9063=CARTESIAN_POINT('Ctrl Pts',(-383.909431648644,2.01977522161487,-218.214950866249));
#9064=CARTESIAN_POINT('Ctrl Pts',(-384.221919182734,2.08173040193251,-218.252816775291));
#9065=CARTESIAN_POINT('Ctrl Pts',(-384.798512449487,2.32056315299455,-218.328432475408));
#9066=CARTESIAN_POINT('Ctrl Pts',(-385.062498284196,2.49695284846082,-218.36617551287));
#9067=CARTESIAN_POINT('Ctrl Pts',(-385.503047151539,2.93750171580371,-218.441661587795));
#9068=CARTESIAN_POINT('Ctrl Pts',(-385.679436847006,3.20148755051335,-218.479404625258));
#9069=CARTESIAN_POINT('Ctrl Pts',(-385.918269598068,3.77808081726621,-218.555020325374));
#9070=CARTESIAN_POINT('Ctrl Pts',(-385.980224778385,4.09056835135569,-218.592886234417));
#9071=CARTESIAN_POINT('Ctrl Pts',(-385.979797808034,4.4032101924244,-218.630765720267));
#9072=CARTESIAN_POINT('',(-388.,4.40000000000001,-218.630376775108));
#9073=CARTESIAN_POINT('',(-386.,4.40000000000001,-218.630376775108));
#9074=CARTESIAN_POINT('',(-386.,4.40000000000001,-218.630376775108));
#9075=CARTESIAN_POINT('Ctrl Pts',(-383.6,2.00000000000001,-218.177460325558));
#9076=CARTESIAN_POINT('Ctrl Pts',(-383.685496482772,2.00000000000001,-218.187731857574));
#9077=CARTESIAN_POINT('Ctrl Pts',(-383.770992779766,2.00457287361225,-218.19800338959));
#9078=CARTESIAN_POINT('Ctrl Pts',(-383.856001485462,2.01369255135863,-218.208274921606));
#9079=CARTESIAN_POINT('Ctrl Pts',(-383.941007498101,2.02281194019565,-218.218546128221));
#9080=CARTESIAN_POINT('Ctrl Pts',(-384.02552558097,2.03647780518619,-218.228817334837));
#9081=CARTESIAN_POINT('Ctrl Pts',(-384.109073935722,2.05461224357928,-218.239088541453));
#9082=CARTESIAN_POINT('Ctrl Pts',(-384.192619830258,2.0727461479745,-218.249359445617));
#9083=CARTESIAN_POINT('Ctrl Pts',(-384.275195690834,2.09534828356619,-218.25963034978));
#9084=CARTESIAN_POINT('Ctrl Pts',(-384.356330818487,2.12228981364893,-218.269901253944));
#9085=CARTESIAN_POINT('Ctrl Pts',(-384.437463738132,2.14923061054628,-218.280171878595));
#9086=CARTESIAN_POINT('Ctrl Pts',(-384.517155650861,2.18051044848547,-218.290442503247));
#9087=CARTESIAN_POINT('Ctrl Pts',(-384.594952321471,2.21595103580537,-218.300713127899));
#9088=CARTESIAN_POINT('Ctrl Pts',(-384.672747048586,2.25139073775802,-218.310983495972));
#9089=CARTESIAN_POINT('Ctrl Pts',(-384.748646290419,2.29099082705944,-218.321253864046));
#9090=CARTESIAN_POINT('Ctrl Pts',(-384.822217451158,2.33452559878229,-218.33152423212));
#9091=CARTESIAN_POINT('Ctrl Pts',(-384.895786938157,2.378059380092,-218.341794366543));
#9092=CARTESIAN_POINT('Ctrl Pts',(-384.967028130528,2.42552747553267,-218.352064500967));
#9093=CARTESIAN_POINT('Ctrl Pts',(-385.03553499995,2.47665934792663,-218.362334635391));
#9094=CARTESIAN_POINT('Ctrl Pts',(-385.104040463713,2.52779017117054,-218.372604559086));
#9095=CARTESIAN_POINT('Ctrl Pts',(-385.169811419302,2.58258439880113,-218.382874482782));
#9096=CARTESIAN_POINT('Ctrl Pts',(-385.232473030533,2.64072975225996,-218.393144406478));
#9097=CARTESIAN_POINT('Ctrl Pts',(-385.295145926426,2.69888557705329,-218.403416179673));
#9098=CARTESIAN_POINT('Ctrl Pts',(-385.354708084562,2.76039348323761,-218.413687952868));
#9099=CARTESIAN_POINT('Ctrl Pts',(-385.410819931336,2.82490280418162,-218.423959726063));
#9100=CARTESIAN_POINT('Ctrl Pts',(-385.466928172938,2.8894079804166,-218.434230839299));
#9101=CARTESIAN_POINT('Ctrl Pts',(-385.519586303125,2.95691390506573,-218.444501952535));
#9102=CARTESIAN_POINT('Ctrl Pts',(-385.568494147797,3.02703576518213,-218.454773065772));
#9103=CARTESIAN_POINT('Ctrl Pts',(-385.617399287007,3.09715374632864,-218.465043610835));
#9104=CARTESIAN_POINT('Ctrl Pts',(-385.662554343526,3.1698870686306,-218.475314155898));
#9105=CARTESIAN_POINT('Ctrl Pts',(-385.703701942445,3.24482116650604,-218.485584700961));
#9106=CARTESIAN_POINT('Ctrl Pts',(-385.744847632566,3.31975178825989,-218.495854769584));
#9107=CARTESIAN_POINT('Ctrl Pts',(-385.781986058511,3.39688265573952,-218.506124838206));
#9108=CARTESIAN_POINT('Ctrl Pts',(-385.814905558187,3.47577417894081,-218.516394906829));
#9109=CARTESIAN_POINT('Ctrl Pts',(-385.847829854461,3.55467719718096,-218.526666471871));
#9110=CARTESIAN_POINT('Ctrl Pts',(-385.876533850702,3.6353410419154,-218.536938036913));
#9111=CARTESIAN_POINT('Ctrl Pts',(-385.900853907355,3.71730585398105,-218.547209601955));
#9112=CARTESIAN_POINT('Ctrl Pts',(-385.925171186798,3.79926130613689,-218.557479994044));
#9113=CARTESIAN_POINT('Ctrl Pts',(-385.945105423135,3.88251707216346,-218.567750386133));
#9114=CARTESIAN_POINT('Ctrl Pts',(-385.960542998533,3.96659862473818,-218.578020778221));
#9115=CARTESIAN_POINT('Ctrl Pts',(-385.975981748623,4.05068657533542,-218.588291951815));
#9116=CARTESIAN_POINT('Ctrl Pts',(-385.986923085692,4.13560007293637,-218.59856312541));
#9117=CARTESIAN_POINT('Ctrl Pts',(-385.993304638658,4.22085506822545,-218.608834299004));
#9118=CARTESIAN_POINT('Ctrl Pts',(-385.997766136363,4.28045889317303,-218.616015124372));
#9119=CARTESIAN_POINT('Ctrl Pts',(-386.,4.3402294310705,-218.62319594974));
#9120=CARTESIAN_POINT('Ctrl Pts',(-386.,4.40000000000001,-218.630376775108));
#9121=CARTESIAN_POINT('',(-383.6,2.00000000000001,-218.177460325558));
#9122=CARTESIAN_POINT('Ctrl Pts',(-383.6,7.99360577730113E-15,-218.177460325558));
#9123=CARTESIAN_POINT('Ctrl Pts',(-383.734679292574,1.23319331076225E-14,
-218.186285968783));
#9124=CARTESIAN_POINT('Ctrl Pts',(-383.869358425614,0.00618792500191624,
-218.195111612008));
#9125=CARTESIAN_POINT('Ctrl Pts',(-384.003470298436,0.018537719176444,-218.203937255233));
#9126=CARTESIAN_POINT('Ctrl Pts',(-384.138471324233,0.0309693916812597,
-218.212821411897));
#9127=CARTESIAN_POINT('Ctrl Pts',(-384.272897212547,0.049644938077585,-218.221705568561));
#9128=CARTESIAN_POINT('Ctrl Pts',(-384.406174408263,0.0744846753869295,
-218.230589725225));
#9129=CARTESIAN_POINT('Ctrl Pts',(-384.538590689341,0.0991639584391748,
-218.239416493973));
#9130=CARTESIAN_POINT('Ctrl Pts',(-384.66987276346,0.12992793872135,-218.248243262721));
#9131=CARTESIAN_POINT('Ctrl Pts',(-384.79946769329,0.16664704368341,-218.257070031469));
#9132=CARTESIAN_POINT('Ctrl Pts',(-384.929059506176,0.203365265498681,-218.265896587921));
#9133=CARTESIAN_POINT('Ctrl Pts',(-385.056963948833,0.246038238309975,-218.274723144373));
#9134=CARTESIAN_POINT('Ctrl Pts',(-385.182642335807,0.294486239590456,-218.283549700824));
#9135=CARTESIAN_POINT('Ctrl Pts',(-385.308317907247,0.342933155505271,-218.292376059538));
#9136=CARTESIAN_POINT('Ctrl Pts',(-385.431767224969,0.397154726142102,-218.301202418251));
#9137=CARTESIAN_POINT('Ctrl Pts',(-385.552470390101,0.456922600838288,-218.310028776964));
#9138=CARTESIAN_POINT('Ctrl Pts',(-385.67317105013,0.516689235097949,-218.318854952492));
#9139=CARTESIAN_POINT('Ctrl Pts',(-385.791125385607,0.582001801408122,-218.327681128021));
#9140=CARTESIAN_POINT('Ctrl Pts',(-385.905836660016,0.652585251492892,-218.33650730355));
#9141=CARTESIAN_POINT('Ctrl Pts',(-386.020545742747,0.723167353007891,-218.345333310446));
#9142=CARTESIAN_POINT('Ctrl Pts',(-386.13201161661,0.799019969498987,-218.354159317341));
#9143=CARTESIAN_POINT('Ctrl Pts',(-386.239764887612,0.879823677976705,-218.362985324237));
#9144=CARTESIAN_POINT('Ctrl Pts',(-386.347516277449,0.960625975777852,-218.371811177047));
#9145=CARTESIAN_POINT('Ctrl Pts',(-386.45155493884,1.04637900112166,-218.380637029858));
#9146=CARTESIAN_POINT('Ctrl Pts',(-386.551442769806,1.1367216519949,-218.389462882668));
#9147=CARTESIAN_POINT('Ctrl Pts',(-386.651329021514,1.22706287452228,-218.398288595939));
#9148=CARTESIAN_POINT('Ctrl Pts',(-386.747064337487,1.32199336331308,-218.40711430921));
#9149=CARTESIAN_POINT('Ctrl Pts',(-386.838245593479,1.4211133831053,-218.415940022481));
#9150=CARTESIAN_POINT('Ctrl Pts',(-386.930554527589,1.52145926314824,-218.424874887174));
#9151=CARTESIAN_POINT('Ctrl Pts',(-387.018195754104,1.62609877220117,-218.433809751867));
#9152=CARTESIAN_POINT('Ctrl Pts',(-387.100791058791,1.73458034022931,-218.44274461656));
#9153=CARTESIAN_POINT('Ctrl Pts',(-387.182385285413,1.84174708148156,-218.451571188207));
#9154=CARTESIAN_POINT('Ctrl Pts',(-387.25905505316,1.95266298883957,-218.460397759855));
#9155=CARTESIAN_POINT('Ctrl Pts',(-387.330477456669,2.06686092457249,-218.469224331503));
#9156=CARTESIAN_POINT('Ctrl Pts',(-387.4018967604,2.18105390404195,-218.478050520071));
#9157=CARTESIAN_POINT('Ctrl Pts',(-387.468068986429,2.29852835619035,-218.48687670864));
#9158=CARTESIAN_POINT('Ctrl Pts',(-387.528715465405,2.41878956395622,-218.495702897209));
#9159=CARTESIAN_POINT('Ctrl Pts',(-387.589359712126,2.53904634518737,-218.504528760906));
#9160=CARTESIAN_POINT('Ctrl Pts',(-387.644478475158,2.6620893918044,-218.513354624604));
#9161=CARTESIAN_POINT('Ctrl Pts',(-387.693839651374,2.78740057396707,-218.522180488301));
#9162=CARTESIAN_POINT('Ctrl Pts',(-387.744266217374,2.91541641723335,-218.531196845535));
#9163=CARTESIAN_POINT('Ctrl Pts',(-387.788683666087,3.0457991138172,-218.540213202769));
#9164=CARTESIAN_POINT('Ctrl Pts',(-387.826896806874,3.17797570235309,-218.549229560003));
#9165=CARTESIAN_POINT('Ctrl Pts',(-387.864304039426,3.30736471051949,-218.558055763892));
#9166=CARTESIAN_POINT('Ctrl Pts',(-387.895765989919,3.43847237359797,-218.566881967781));
#9167=CARTESIAN_POINT('Ctrl Pts',(-387.921150163013,3.5707465594312,-218.57570817167));
#9168=CARTESIAN_POINT('Ctrl Pts',(-387.947354657982,3.70729535400875,-218.584819605576));
#9169=CARTESIAN_POINT('Ctrl Pts',(-387.967081840514,3.8450869914036,-218.593931039482));
#9170=CARTESIAN_POINT('Ctrl Pts',(-387.980243184873,3.98350313161799,-218.603042473389));
#9171=CARTESIAN_POINT('Ctrl Pts',(-387.993404529232,4.12191927183237,-218.612153907295));
#9172=CARTESIAN_POINT('Ctrl Pts',(-388.,4.26095954237279,-218.621265341201));
#9173=CARTESIAN_POINT('Ctrl Pts',(-388.,4.40000000000001,-218.630376775107));
#9174=CARTESIAN_POINT('Ctrl Pts',(-388.019995928864,4.40596229799296,218.630765720984));
#9175=CARTESIAN_POINT('Ctrl Pts',(-388.020788940442,3.8252918587139,218.592886164855));
#9176=CARTESIAN_POINT('Ctrl Pts',(-387.905719650163,3.24491016569305,218.555020325375));
#9177=CARTESIAN_POINT('Ctrl Pts',(-387.462135836526,2.17400410676064,218.479404625258));
#9178=CARTESIAN_POINT('Ctrl Pts',(-387.1345274434,1.68370349771089,218.441661587795));
#9179=CARTESIAN_POINT('Ctrl Pts',(-386.316296502289,0.865472556600057,218.366175512871));
#9180=CARTESIAN_POINT('Ctrl Pts',(-385.82599589324,0.537864163474194,218.328432475408));
#9181=CARTESIAN_POINT('Ctrl Pts',(-384.755089834307,0.0942803498368655,
218.252816775291));
#9182=CARTESIAN_POINT('Ctrl Pts',(-384.174708141286,-0.0207889404412986,
218.214950935811));
#9183=CARTESIAN_POINT('Ctrl Pts',(-383.594037702007,-0.0199959288638381,
218.177071379682));
#9184=CARTESIAN_POINT('Ctrl Pts',(-387.999995947285,4.40593531921079,218.630765720977));
#9185=CARTESIAN_POINT('Ctrl Pts',(-388.000785370575,3.82789235369127,218.592886165537));
#9186=CARTESIAN_POINT('Ctrl Pts',(-387.886236755819,3.25013681652702,218.555020325375));
#9187=CARTESIAN_POINT('Ctrl Pts',(-387.444660108759,2.18407648636806,218.479404625258));
#9188=CARTESIAN_POINT('Ctrl Pts',(-387.118534106552,1.69599443211039,218.441661587795));
#9189=CARTESIAN_POINT('Ctrl Pts',(-386.30400556789,0.88146589344802,218.366175512871));
#9190=CARTESIAN_POINT('Ctrl Pts',(-385.815923513632,0.555339891241279,218.328432475408));
#9191=CARTESIAN_POINT('Ctrl Pts',(-384.749863183473,0.113763244181495,218.252816775291));
#9192=CARTESIAN_POINT('Ctrl Pts',(-384.172107646309,-0.000785370575048349,
218.214950935129));
#9193=CARTESIAN_POINT('Ctrl Pts',(-383.594064680789,4.05271473130232E-6,
218.177071379689));
#9194=CARTESIAN_POINT('Ctrl Pts',(-385.999997789429,4.40323744099417,218.630765720274));
#9195=CARTESIAN_POINT('Ctrl Pts',(-386.00042838395,4.0879418514284,218.592886233728));
#9196=CARTESIAN_POINT('Ctrl Pts',(-385.937947321356,3.77280189992384,218.555020325375));
#9197=CARTESIAN_POINT('Ctrl Pts',(-385.69708733205,3.19131444710985,218.479404625258));
#9198=CARTESIAN_POINT('Ctrl Pts',(-385.519200421756,2.92508787206022,218.441661587795));
#9199=CARTESIAN_POINT('Ctrl Pts',(-385.07491212794,2.48079957824438,218.366175512871));
#9200=CARTESIAN_POINT('Ctrl Pts',(-384.80868555289,2.30291266794979,218.328432475408));
#9201=CARTESIAN_POINT('Ctrl Pts',(-384.227198100076,2.06205267864445,218.252816775291));
#9202=CARTESIAN_POINT('Ctrl Pts',(-383.912058148572,1.99957161604998,218.214950866938));
#9203=CARTESIAN_POINT('Ctrl Pts',(-383.596762559006,2.00000221057168,218.177071380392));
#9204=CARTESIAN_POINT('Ctrl Pts',(-385.979797808034,4.40321019242418,218.630765720267));
#9205=CARTESIAN_POINT('Ctrl Pts',(-385.980224778385,4.09056835135554,218.592886234417));
#9206=CARTESIAN_POINT('Ctrl Pts',(-385.918269598068,3.77808081726614,218.555020325375));
#9207=CARTESIAN_POINT('Ctrl Pts',(-385.679436847006,3.20148755051335,218.479404625258));
#9208=CARTESIAN_POINT('Ctrl Pts',(-385.503047151539,2.93750171580371,218.441661587795));
#9209=CARTESIAN_POINT('Ctrl Pts',(-385.062498284196,2.49695284846082,218.366175512871));
#9210=CARTESIAN_POINT('Ctrl Pts',(-384.798512449487,2.32056315299455,218.328432475408));
#9211=CARTESIAN_POINT('Ctrl Pts',(-384.221919182734,2.08173040193253,218.252816775291));
#9212=CARTESIAN_POINT('Ctrl Pts',(-383.909431648644,2.01977522161489,218.214950866249));
#9213=CARTESIAN_POINT('Ctrl Pts',(-383.596789807576,2.02020219196603,218.177071380399));
#9214=CARTESIAN_POINT('',(-386.,4.40000000000001,218.630376775108));
#9215=CARTESIAN_POINT('',(-383.6,2.00000000000001,218.177460325558));
#9216=CARTESIAN_POINT('Origin',(-383.6,4.40000000000002,218.630376775108));
#9217=CARTESIAN_POINT('Origin',(-383.6,4.40000000000002,-195.5));
#9218=CARTESIAN_POINT('',(-388.,4.40000000000001,0.));
#9219=CARTESIAN_POINT('Origin',(-383.6,4.40000000000002,218.630376775108));
#9220=CARTESIAN_POINT('',(-386.,4.40000000000001,-220.));
#9221=CARTESIAN_POINT('Origin',(-383.6,4.40000000000002,-195.5));
#9222=CARTESIAN_POINT('Origin',(-386.,2.,-218.630376775108));
#9223=CARTESIAN_POINT('',(-386.,20.,-218.630376775108));
#9224=CARTESIAN_POINT('',(-388.,20.,-218.630376775108));
#9225=CARTESIAN_POINT('',(-388.,20.,-218.630376775108));
#9226=CARTESIAN_POINT('',(-386.,-1.18318645476252E-12,-218.630376775108));
#9227=CARTESIAN_POINT('',(-388.,-1.19016941744021E-12,-218.630376775108));
#9228=CARTESIAN_POINT('Origin',(-388.,-1.20355666699591E-12,0.));
#9229=CARTESIAN_POINT('',(-388.,20.,220.));
#9230=CARTESIAN_POINT('Origin',(-386.,-1.19657370431822E-12,0.));
#9231=CARTESIAN_POINT('',(-386.,20.,0.));
#9232=CARTESIAN_POINT('Origin',(-388.,20.,220.));
#9233=CARTESIAN_POINT('Origin',(-386.,2.,218.630376775108));
#9234=CARTESIAN_POINT('Ctrl Pts',(316.173519370483,-0.0199959288638361,
285.595508992391));
#9235=CARTESIAN_POINT('Ctrl Pts',(316.557330484725,-0.0207889404413295,
286.032889888646));
#9236=CARTESIAN_POINT('Ctrl Pts',(316.940947123664,0.0942803498368456,286.47005691133));
#9237=CARTESIAN_POINT('Ctrl Pts',(317.644723685632,0.537864163474222,287.280770221932));
#9238=CARTESIAN_POINT('Ctrl Pts',(317.964730213379,0.865472556600087,287.654153465143));
#9239=CARTESIAN_POINT('Ctrl Pts',(318.489930144951,1.68370349771093,288.286106827644));
#9240=CARTESIAN_POINT('Ctrl Pts',(318.694895903571,2.17400410676069,288.544449301729));
#9241=CARTESIAN_POINT('Ctrl Pts',(318.955088651902,3.24491016569319,288.911578798693));
#9242=CARTESIAN_POINT('Ctrl Pts',(319.009679735492,3.82529185871413,289.019720266028));
#9243=CARTESIAN_POINT('Ctrl Pts',(318.982334100621,4.40596229799329,289.045944413171));
#9244=CARTESIAN_POINT('Ctrl Pts',(316.173538447358,4.05271473337169E-6,
285.595528069276));
#9245=CARTESIAN_POINT('Ctrl Pts',(316.555491657574,-0.000785370575079021,
286.031051060531));
#9246=CARTESIAN_POINT('Ctrl Pts',(316.937251323416,0.113763244181475,286.466361111083));
#9247=CARTESIAN_POINT('Ctrl Pts',(317.637601437709,0.555339891241307,287.273647974009));
#9248=CARTESIAN_POINT('Ctrl Pts',(317.956039210318,0.88146589344805,287.645462462082));
#9249=CARTESIAN_POINT('Ctrl Pts',(318.478621148012,1.69599443211042,288.274797830705));
#9250=CARTESIAN_POINT('Ctrl Pts',(318.682538697961,2.1840764863681,288.532092096119));
#9251=CARTESIAN_POINT('Ctrl Pts',(318.941312165194,3.25013681652716,288.897802311985));
#9252=CARTESIAN_POINT('Ctrl Pts',(318.995535075109,3.8278923536915,289.00557560661));
#9253=CARTESIAN_POINT('Ctrl Pts',(318.968191978028,4.40593531921112,289.031802290568));
#9254=CARTESIAN_POINT('Ctrl Pts',(316.175446134843,2.00000221057168,285.597435757754));
#9255=CARTESIAN_POINT('Ctrl Pts',(316.371608942498,1.99957161604996,285.847168249019));
#9256=CARTESIAN_POINT('Ctrl Pts',(316.567671298657,2.06205267864445,286.096781086324));
#9257=CARTESIAN_POINT('Ctrl Pts',(316.9253766454,2.30291266794981,286.5614231817));
#9258=CARTESIAN_POINT('Ctrl Pts',(317.086938904218,2.4807995782444,286.776362155982));
#9259=CARTESIAN_POINT('Ctrl Pts',(317.347721454112,2.92508787206025,287.143898136805));
#9260=CARTESIAN_POINT('Ctrl Pts',(317.446818136933,3.19131444710989,287.296371535091));
#9261=CARTESIAN_POINT('Ctrl Pts',(317.563663494371,3.77280189992393,287.520153641162));
#9262=CARTESIAN_POINT('Ctrl Pts',(317.581069036855,4.08794185142852,287.591109664791));
#9263=CARTESIAN_POINT('Ctrl Pts',(317.553979718744,4.40323744099438,287.61759003029));
#9264=CARTESIAN_POINT('Ctrl Pts',(316.175465402486,2.02020219196603,285.597455025408));
#9265=CARTESIAN_POINT('Ctrl Pts',(316.369751727076,2.01977522161488,285.845311032623));
#9266=CARTESIAN_POINT('Ctrl Pts',(316.563938540407,2.08173040193252,286.093048328073));
#9267=CARTESIAN_POINT('Ctrl Pts',(316.918183174998,2.32056315299457,286.554229711298));
#9268=CARTESIAN_POINT('Ctrl Pts',(317.078160991126,2.49695284846085,286.76758424289));
#9269=CARTESIAN_POINT('Ctrl Pts',(317.336299367204,2.93750171580374,287.132476049897));
#9270=CARTESIAN_POINT('Ctrl Pts',(317.434337359267,3.20148755051338,287.283890757425));
#9271=CARTESIAN_POINT('Ctrl Pts',(317.549749242796,3.77808081726624,287.506239389587));
#9272=CARTESIAN_POINT('Ctrl Pts',(317.566782929868,4.09056835135567,287.576823558779));
#9273=CARTESIAN_POINT('Ctrl Pts',(317.539696174925,4.40321019242439,287.603306486461));
#9274=CARTESIAN_POINT('',(318.968469869992,4.40000000000006,289.031530130008));
#9275=CARTESIAN_POINT('',(317.554256307619,4.40000000000007,287.617316567635));
#9276=CARTESIAN_POINT('',(317.554256307619,4.40000000000007,287.617316567635));
#9277=CARTESIAN_POINT('Ctrl Pts',(316.177460325558,1.99999999999999,285.6));
#9278=CARTESIAN_POINT('Ctrl Pts',(316.230652398352,1.99999999999999,285.667718212677));
#9279=CARTESIAN_POINT('Ctrl Pts',(316.283844339782,2.00457287361222,285.735436293989));
#9280=CARTESIAN_POINT('Ctrl Pts',(316.336691502098,2.0136925513586,285.802809596188));
#9281=CARTESIAN_POINT('Ctrl Pts',(316.389536990228,2.02281194019563,285.870180764016));
#9282=CARTESIAN_POINT('Ctrl Pts',(316.442037459908,2.03647780518616,285.937206913395));
#9283=CARTESIAN_POINT('Ctrl Pts',(316.493852228261,2.05461224357925,286.003547361446));
#9284=CARTESIAN_POINT('Ctrl Pts',(316.545665470845,2.07274614797448,286.069885855995));
#9285=CARTESIAN_POINT('Ctrl Pts',(316.596792795838,2.09534828356616,286.135538432954));
#9286=CARTESIAN_POINT('Ctrl Pts',(316.64690136881,2.1222898136489,286.200172257893));
#9287=CARTESIAN_POINT('Ctrl Pts',(316.697008578131,2.14923061054627,286.26480432389));
#9288=CARTESIAN_POINT('Ctrl Pts',(316.746096841689,2.18051044848546,286.328417444124));
#9289=CARTESIAN_POINT('Ctrl Pts',(316.793844966693,2.21595103580536,286.390690425805));
#9290=CARTESIAN_POINT('Ctrl Pts',(316.841591898866,2.25139073775801,286.452961851798));
#9291=CARTESIAN_POINT('Ctrl Pts',(316.887998520543,2.29099082705943,286.513892967296));
#9292=CARTESIAN_POINT('Ctrl Pts',(316.932758940291,2.33452559878228,286.573177880864));
#9293=CARTESIAN_POINT('Ctrl Pts',(316.977518341742,2.37805938009197,286.632461445704));
#9294=CARTESIAN_POINT('Ctrl Pts',(317.020631390273,2.42552747553263,286.690098657624));
#9295=CARTESIAN_POINT('Ctrl Pts',(317.061810980504,2.47665934792658,286.745802411245));
#9296=CARTESIAN_POINT('Ctrl Pts',(317.102989725792,2.52779017117048,286.801505021907));
#9297=CARTESIAN_POINT('Ctrl Pts',(317.142234881806,2.58258439880105,286.855274043297));
#9298=CARTESIAN_POINT('Ctrl Pts',(317.17928139934,2.64072975225987,286.906844426206));
#9299=CARTESIAN_POINT('Ctrl Pts',(317.216334588542,2.6988855770532,286.95842409637));
#9300=CARTESIAN_POINT('Ctrl Pts',(317.251188153981,2.76039348323752,287.007804142771));
#9301=CARTESIAN_POINT('Ctrl Pts',(317.283601980859,2.82490280418153,287.054744450611));
#9302=CARTESIAN_POINT('Ctrl Pts',(317.316013725156,2.8894079804165,287.101681742547));
#9303=CARTESIAN_POINT('Ctrl Pts',(317.345985872276,2.95691390506563,287.146179437307));
#9304=CARTESIAN_POINT('Ctrl Pts',(317.373306167077,3.02703576518202,287.188025279747));
#9305=CARTESIAN_POINT('Ctrl Pts',(317.400624950587,3.09715374632854,287.229868807378));
#9306=CARTESIAN_POINT('Ctrl Pts',(317.425292025196,3.16988706863051,287.269060626109));
#9307=CARTESIAN_POINT('Ctrl Pts',(317.44712539936,3.24482116650596,287.305418744395));
#9308=CARTESIAN_POINT('Ctrl Pts',(317.468957760695,3.31975178825978,287.341775176062));
#9309=CARTESIAN_POINT('Ctrl Pts',(317.487956558357,3.39688265573938,287.375298044056));
#9310=CARTESIAN_POINT('Ctrl Pts',(317.503972124645,3.47577417894063,287.405837680677));
#9311=CARTESIAN_POINT('Ctrl Pts',(317.519990024512,3.55467719718078,287.436381767133));
#9312=CARTESIAN_POINT('Ctrl Pts',(317.533023721606,3.63534104191522,287.463941650817));
#9313=CARTESIAN_POINT('Ctrl Pts',(317.54295750529,3.71730585398087,287.48840162109));
#9314=CARTESIAN_POINT('Ctrl Pts',(317.552890154592,3.79926130613671,287.512858798175));
#9315=CARTESIAN_POINT('Ctrl Pts',(317.559723524392,3.88251707216328,287.534216695758));
#9316=CARTESIAN_POINT('Ctrl Pts',(317.56337727475,3.966598624738,287.552394973898));
#9317=CARTESIAN_POINT('Ctrl Pts',(317.567031303133,4.05068657533523,287.570574635279));
#9318=CARTESIAN_POINT('Ctrl Pts',(317.56750518027,4.13560007293619,287.585574145415));
#9319=CARTESIAN_POINT('Ctrl Pts',(317.564754803148,4.22085506822527,287.597349401291));
#9320=CARTESIAN_POINT('Ctrl Pts',(317.562831948117,4.28045889317293,287.605581766885));
#9321=CARTESIAN_POINT('Ctrl Pts',(317.559333917931,4.34022943107048,287.612238957323));
#9322=CARTESIAN_POINT('Ctrl Pts',(317.554256307619,4.40000000000007,287.617316567635));
#9323=CARTESIAN_POINT('Ctrl Pts',(316.177460325558,-1.80363665712407E-15,
285.6));
#9324=CARTESIAN_POINT('Ctrl Pts',(316.26645229445,-1.80838788795446E-15,
285.701473313237));
#9325=CARTESIAN_POINT('Ctrl Pts',(316.355444150534,0.00618792500189977,
285.802946513666));
#9326=CARTESIAN_POINT('Ctrl Pts',(316.444034893072,0.018537719176428,285.90401860055));
#9327=CARTESIAN_POINT('Ctrl Pts',(316.533212986458,0.030969391681242,286.00576078878));
#9328=CARTESIAN_POINT('Ctrl Pts',(316.621984396229,0.0496449380775667,286.107096293396));
#9329=CARTESIAN_POINT('Ctrl Pts',(316.709943557675,0.07448467538691,286.207619549686));
#9330=CARTESIAN_POINT('Ctrl Pts',(316.797334539928,0.0991639584391527,286.307493468014));
#9331=CARTESIAN_POINT('Ctrl Pts',(316.883923516748,0.129927938721324,286.40656538091));
#9332=CARTESIAN_POINT('Ctrl Pts',(316.9693195024,0.166647043683381,286.504444302637));
#9333=CARTESIAN_POINT('Ctrl Pts',(317.054713434157,0.203365265498646,286.602320870237));
#9334=CARTESIAN_POINT('Ctrl Pts',(317.138914214981,0.246038238309933,286.699004286905));
#9335=CARTESIAN_POINT('Ctrl Pts',(317.221540936738,0.294486239590405,286.794113644504));
#9336=CARTESIAN_POINT('Ctrl Pts',(317.304165807433,0.342933155505221,286.889220871398));
#9337=CARTESIAN_POINT('Ctrl Pts',(317.385216479028,0.397154726142052,286.982753899192));
#9338=CARTESIAN_POINT('Ctrl Pts',(317.464325327504,0.45692260083824,287.074345103866));
#9339=CARTESIAN_POINT('Ctrl Pts',(317.543432534137,0.516689235097914,287.165934407635));
#9340=CARTESIAN_POINT('Ctrl Pts',(317.620597796054,0.582001801408102,287.25558176669));
#9341=CARTESIAN_POINT('Ctrl Pts',(317.695469867499,0.652585251492889,287.342935935271));
#9342=CARTESIAN_POINT('Ctrl Pts',(317.770340508435,0.723167353007906,287.43028843486));
#9343=CARTESIAN_POINT('Ctrl Pts',(317.842917854388,0.799019969499022,287.515347639467));
#9344=CARTESIAN_POINT('Ctrl Pts',(317.912869993682,0.879823677976763,287.597781637413));
#9345=CARTESIAN_POINT('Ctrl Pts',(317.982820911746,0.960625975777935,287.680214196222));
#9346=CARTESIAN_POINT('Ctrl Pts',(318.050146534349,1.04637900112177,287.760021459569));
#9347=CARTESIAN_POINT('Ctrl Pts',(318.114537076611,1.13672165199504,287.836893642575));
#9348=CARTESIAN_POINT('Ctrl Pts',(318.178926600838,1.22706287452233,287.913764610208));
#9349=CARTESIAN_POINT('Ctrl Pts',(318.240380970259,1.32199336331304,287.987700423034));
#9350=CARTESIAN_POINT('Ctrl Pts',(318.298615132985,1.42111338310515,288.058416029166));
#9351=CARTESIAN_POINT('Ctrl Pts',(318.357569502845,1.5214592631481,288.130006205853));
#9352=CARTESIAN_POINT('Ctrl Pts',(318.413223305012,1.62609877220104,288.198295814846));
#9353=CARTESIAN_POINT('Ctrl Pts',(318.465309101637,1.73458034022918,288.263017418297));
#9354=CARTESIAN_POINT('Ctrl Pts',(318.51676360392,1.84174708148142,288.326954577914));
#9355=CARTESIAN_POINT('Ctrl Pts',(318.56473598794,1.95266298883943,288.387409619267));
#9356=CARTESIAN_POINT('Ctrl Pts',(318.608997925123,2.06686092457235,288.444154213783));
#9357=CARTESIAN_POINT('Ctrl Pts',(318.65325794131,2.18105390404181,288.500896345548));
#9358=CARTESIAN_POINT('Ctrl Pts',(318.693807713272,2.29852835619021,288.553928233088));
#9359=CARTESIAN_POINT('Ctrl Pts',(318.730450192022,2.41878956395608,288.603052827417));
#9360=CARTESIAN_POINT('Ctrl Pts',(318.767091322048,2.53904634518723,288.652175613583));
#9361=CARTESIAN_POINT('Ctrl Pts',(318.799825345088,2.66208939180425,288.697391292764));
#9362=CARTESIAN_POINT('Ctrl Pts',(318.828488139448,2.78740057396692,288.738535743264));
#9363=CARTESIAN_POINT('Ctrl Pts',(318.857769578877,2.91541641723321,288.780568237376));
#9364=CARTESIAN_POINT('Ctrl Pts',(318.882801930723,3.04579911381707,288.818351643906));
#9365=CARTESIAN_POINT('Ctrl Pts',(318.903447174362,3.17797570235298,288.851747942229));
#9366=CARTESIAN_POINT('Ctrl Pts',(318.923657013543,3.30736471051939,288.884439918654));
#9367=CARTESIAN_POINT('Ctrl Pts',(318.939662903465,3.43847237359787,288.912927945819));
#9368=CARTESIAN_POINT('Ctrl Pts',(318.951371155772,3.5707465594311,288.93711833537));
#9369=CARTESIAN_POINT('Ctrl Pts',(318.963457775161,3.70729535400868,288.962090468162));
#9370=CARTESIAN_POINT('Ctrl Pts',(318.970964243001,3.84508699140356,288.982482449405));
#9371=CARTESIAN_POINT('Ctrl Pts',(318.973827962146,3.98350313161796,288.998231681953));
#9372=CARTESIAN_POINT('Ctrl Pts',(318.97669168129,4.12191927183237,289.0139809145));
#9373=CARTESIAN_POINT('Ctrl Pts',(318.974912626693,4.26095954237282,289.025087373307));
#9374=CARTESIAN_POINT('Ctrl Pts',(318.968469869992,4.40000000000006,289.031530130008));
#9375=CARTESIAN_POINT('Ctrl Pts',(387.04594441317,4.40596229799296,220.982334100621));
#9376=CARTESIAN_POINT('Ctrl Pts',(387.019720266028,3.82529185871389,221.009679735492));
#9377=CARTESIAN_POINT('Ctrl Pts',(386.911578798693,3.24491016569301,220.955088651902));
#9378=CARTESIAN_POINT('Ctrl Pts',(386.544449301729,2.17400410676057,220.694895903571));
#9379=CARTESIAN_POINT('Ctrl Pts',(386.286106827644,1.68370349771081,220.489930144951));
#9380=CARTESIAN_POINT('Ctrl Pts',(385.654153465143,0.86547255659997,219.964730213379));
#9381=CARTESIAN_POINT('Ctrl Pts',(385.280770221932,0.537864163474108,219.644723685632));
#9382=CARTESIAN_POINT('Ctrl Pts',(384.47005691133,0.0942803498367674,218.940947123664));
#9383=CARTESIAN_POINT('Ctrl Pts',(384.032889888647,-0.0207889404414008,
218.557330484725));
#9384=CARTESIAN_POINT('Ctrl Pts',(383.595508992391,-0.0199959288639431,
218.173519370483));
#9385=CARTESIAN_POINT('Ctrl Pts',(387.031802290568,4.40593531921079,220.968191978028));
#9386=CARTESIAN_POINT('Ctrl Pts',(387.005575606609,3.82789235369126,220.995535075109));
#9387=CARTESIAN_POINT('Ctrl Pts',(386.897802311985,3.25013681652698,220.941312165194));
#9388=CARTESIAN_POINT('Ctrl Pts',(386.532092096119,2.18407648636799,220.682538697961));
#9389=CARTESIAN_POINT('Ctrl Pts',(386.274797830705,1.69599443211031,220.478621148012));
#9390=CARTESIAN_POINT('Ctrl Pts',(385.645462462082,0.881465893447933,219.956039210318));
#9391=CARTESIAN_POINT('Ctrl Pts',(385.273647974009,0.555339891241193,219.637601437709));
#9392=CARTESIAN_POINT('Ctrl Pts',(384.466361111083,0.113763244181397,218.937251323417));
#9393=CARTESIAN_POINT('Ctrl Pts',(384.031051060532,-0.000785370575150536,
218.555491657574));
#9394=CARTESIAN_POINT('Ctrl Pts',(383.595528069276,4.05271462632283E-6,
218.173538447358));
#9395=CARTESIAN_POINT('Ctrl Pts',(385.61759003029,4.40323744099415,219.553979718744));
#9396=CARTESIAN_POINT('Ctrl Pts',(385.591109664791,4.08794185142833,219.581069036855));
#9397=CARTESIAN_POINT('Ctrl Pts',(385.520153641162,3.77280189992378,219.563663494371));
#9398=CARTESIAN_POINT('Ctrl Pts',(385.296371535091,3.19131444710978,219.446818136933));
#9399=CARTESIAN_POINT('Ctrl Pts',(385.143898136805,2.92508787206014,219.347721454112));
#9400=CARTESIAN_POINT('Ctrl Pts',(384.776362155982,2.48079957824429,219.086938904218));
#9401=CARTESIAN_POINT('Ctrl Pts',(384.5614231817,2.3029126679497,218.9253766454));
#9402=CARTESIAN_POINT('Ctrl Pts',(384.096781086324,2.06205267864435,218.567671298657));
#9403=CARTESIAN_POINT('Ctrl Pts',(383.847168249019,1.99957161604988,218.371608942498));
#9404=CARTESIAN_POINT('Ctrl Pts',(383.597435757754,2.00000221057157,218.175446134843));
#9405=CARTESIAN_POINT('Ctrl Pts',(385.603306486461,4.40321019242416,219.539696174925));
#9406=CARTESIAN_POINT('Ctrl Pts',(385.576823558779,4.09056835135548,219.566782929868));
#9407=CARTESIAN_POINT('Ctrl Pts',(385.506239389587,3.77808081726609,219.549749242796));
#9408=CARTESIAN_POINT('Ctrl Pts',(385.283890757425,3.20148755051327,219.434337359267));
#9409=CARTESIAN_POINT('Ctrl Pts',(385.132476049897,2.93750171580363,219.336299367204));
#9410=CARTESIAN_POINT('Ctrl Pts',(384.76758424289,2.49695284846073,219.078160991126));
#9411=CARTESIAN_POINT('Ctrl Pts',(384.554229711298,2.32056315299445,218.918183174998));
#9412=CARTESIAN_POINT('Ctrl Pts',(384.093048328074,2.08173040193243,218.563938540407));
#9413=CARTESIAN_POINT('Ctrl Pts',(383.845311032623,2.01977522161479,218.369751727076));
#9414=CARTESIAN_POINT('Ctrl Pts',(383.597455025408,2.02020219196593,218.175465402486));
#9415=CARTESIAN_POINT('',(385.617316567635,4.39999999999996,219.554256307619));
#9416=CARTESIAN_POINT('Ctrl Pts',(385.617316567635,4.39999999999996,219.554256307619));
#9417=CARTESIAN_POINT('Ctrl Pts',(385.610053497693,4.31450351722827,219.56151937756));
#9418=CARTESIAN_POINT('Ctrl Pts',(385.599556917811,4.2290072202344,219.565548937561));
#9419=CARTESIAN_POINT('Ctrl Pts',(385.585845261893,4.14399851453827,219.566363421526));
#9420=CARTESIAN_POINT('Ctrl Pts',(385.572134040357,4.05899250189895,219.567177879688));
#9421=CARTESIAN_POINT('Ctrl Pts',(385.555207974703,3.97447441902985,219.564777493732));
#9422=CARTESIAN_POINT('Ctrl Pts',(385.535122150493,3.89092606427786,219.55921734922));
#9423=CARTESIAN_POINT('Ctrl Pts',(385.515036917743,3.80738016974225,219.553657368436));
#9424=CARTESIAN_POINT('Ctrl Pts',(385.491792168413,3.72480430916593,219.544937871072));
#9425=CARTESIAN_POINT('Ctrl Pts',(385.465479003813,3.64366918151352,219.533149958438));
#9426=CARTESIAN_POINT('Ctrl Pts',(385.439166555298,3.56253626186823,219.5213623666));
#9427=CARTESIAN_POINT('Ctrl Pts',(385.409785941439,3.48284434913951,219.506506609417));
#9428=CARTESIAN_POINT('Ctrl Pts',(385.377463233478,3.40504767852916,219.488708758132));
#9429=CARTESIAN_POINT('Ctrl Pts',(385.345141332993,3.32725295141437,219.470911351468));
#9430=CARTESIAN_POINT('Ctrl Pts',(385.309877594403,3.25135370958081,219.450172106698));
#9431=CARTESIAN_POINT('Ctrl Pts',(385.27183161519,3.17778254884241,219.426650621305));
#9432=CARTESIAN_POINT('Ctrl Pts',(385.23378650152,3.10421306184301,219.403129671025));
#9433=CARTESIAN_POINT('Ctrl Pts',(385.19295940765,3.03297186947167,219.376826740544));
#9434=CARTESIAN_POINT('Ctrl Pts',(385.149541632251,2.96446500004995,219.347933128534));
#9435=CARTESIAN_POINT('Ctrl Pts',(385.10612474772,2.89595953628738,219.319040109378));
#9436=CARTESIAN_POINT('Ctrl Pts',(385.060117445105,2.8301885806985,219.287556672138));
#9437=CARTESIAN_POINT('Ctrl Pts',(385.011740538692,2.76752696946743,219.2537036311));
#9438=CARTESIAN_POINT('Ctrl Pts',(384.963354920134,2.70485407357381,219.219844493504));
#9439=CARTESIAN_POINT('Ctrl Pts',(384.912599022094,2.6452919154381,219.183615076426));
#9440=CARTESIAN_POINT('Ctrl Pts',(384.859720803323,2.58918006866375,219.145263338618));
#9441=CARTESIAN_POINT('Ctrl Pts',(384.806845981966,2.53307182706266,219.1069140649));
#9442=CARTESIAN_POINT('Ctrl Pts',(384.751849311057,2.48041369687539,219.06644294163));
#9443=CARTESIAN_POINT('Ctrl Pts',(384.69500289444,2.43150585220311,219.024122072652));
#9444=CARTESIAN_POINT('Ctrl Pts',(384.638159622427,2.38260071299325,218.981803544761));
#9445=CARTESIAN_POINT('Ctrl Pts',(384.579467024948,2.33744565647384,218.937635691404));
#9446=CARTESIAN_POINT('Ctrl Pts',(384.519218244138,2.29629805755491,218.891911654715));
#9447=CARTESIAN_POINT('Ctrl Pts',(384.458972258211,2.25515236743399,218.84618973912));
#9448=CARTESIAN_POINT('Ctrl Pts',(384.397170463611,2.21801394148919,218.798912014853));
#9449=CARTESIAN_POINT('Ctrl Pts',(384.334123697411,2.18509444181307,218.750389318985));
#9450=CARTESIAN_POINT('Ctrl Pts',(384.271067744863,2.15217014553889,218.701859553026));
#9451=CARTESIAN_POINT('Ctrl Pts',(384.20676669996,2.12346614929769,218.652084694712));
#9452=CARTESIAN_POINT('Ctrl Pts',(384.141545732235,2.09914609264484,218.601389913577));
#9453=CARTESIAN_POINT('Ctrl Pts',(384.076332212369,2.0748288132025,218.550700921494));
#9454=CARTESIAN_POINT('Ctrl Pts',(384.010199231747,2.05489457686538,218.499092468655));
#9455=CARTESIAN_POINT('Ctrl Pts',(383.943482331858,2.03945700146738,218.446900096548));
#9456=CARTESIAN_POINT('Ctrl Pts',(383.876760355275,2.02401825137705,218.394703752964));
#9457=CARTESIAN_POINT('Ctrl Pts',(383.809454628808,2.01307691430807,218.341923659495));
#9458=CARTESIAN_POINT('Ctrl Pts',(383.74190742701,2.00669536134242,218.288902090695));
#9459=CARTESIAN_POINT('Ctrl Pts',(383.694683547892,2.00223386363698,218.251833432202));
#9460=CARTESIAN_POINT('Ctrl Pts',(383.647341784918,1.99999999999989,218.214646889852));
#9461=CARTESIAN_POINT('Ctrl Pts',(383.6,1.99999999999988,218.177460325558));
#9462=CARTESIAN_POINT('',(387.031530130008,4.39999999999996,220.968469869992));
#9463=CARTESIAN_POINT('',(385.617316567635,4.39999999999996,219.554256307619));
#9464=CARTESIAN_POINT('Ctrl Pts',(387.031530130008,4.39999999999996,220.968469869992));
#9465=CARTESIAN_POINT('Ctrl Pts',(387.025289457835,4.2653207074262,220.974710542165));
#9466=CARTESIAN_POINT('Ctrl Pts',(387.014673261932,4.13064157438628,220.976575690607));
#9467=CARTESIAN_POINT('Ctrl Pts',(386.999699966553,3.99652970156358,220.974083739573));
#9468=CARTESIAN_POINT('Ctrl Pts',(386.984627399201,3.86152867576691,220.971575267065));
#9469=CARTESIAN_POINT('Ctrl Pts',(386.965139746279,3.7271027874531,220.964651708988));
#9470=CARTESIAN_POINT('Ctrl Pts',(386.941293352163,3.59382559173747,220.953369409716));
#9471=CARTESIAN_POINT('Ctrl Pts',(386.917600995724,3.46140931065876,220.942159989353));
#9472=CARTESIAN_POINT('Ctrl Pts',(386.889606108612,3.33012723653971,220.926648038317));
#9473=CARTESIAN_POINT('Ctrl Pts',(386.857400312457,3.20053230671036,220.906925178237));
#9474=CARTESIAN_POINT('Ctrl Pts',(386.825195290897,3.07094049382372,220.88720279252));
#9475=CARTESIAN_POINT('Ctrl Pts',(386.788779624527,2.94303605116751,220.863269761993));
#9476=CARTESIAN_POINT('Ctrl Pts',(386.748280396365,2.81735766419326,220.835253169674));
#9477=CARTESIAN_POINT('Ctrl Pts',(386.707782075495,2.69168209275325,220.807237205002));
#9478=CARTESIAN_POINT('Ctrl Pts',(386.663200457112,2.56823277503069,220.775137942818));
#9479=CARTESIAN_POINT('Ctrl Pts',(386.614697009518,2.44752960989931,220.739116851422));
#9480=CARTESIAN_POINT('Ctrl Pts',(386.566194568576,2.32682894986981,220.703096507617));
#9481=CARTESIAN_POINT('Ctrl Pts',(386.513770561473,2.20887461439304,220.66315459765));
#9482=CARTESIAN_POINT('Ctrl Pts',(386.45761947671,2.09416333998456,220.619485610024));
#9483=CARTESIAN_POINT('Ctrl Pts',(386.401469464772,1.97945425725352,220.575817456739));
#9484=CARTESIAN_POINT('Ctrl Pts',(386.341592635953,1.86798838338997,220.528422486574));
#9485=CARTESIAN_POINT('Ctrl Pts',(386.278214856417,1.76023511238849,220.477526565691));
#9486=CARTESIAN_POINT('Ctrl Pts',(386.214838183334,1.6524837225509,220.426631533353));
#9487=CARTESIAN_POINT('Ctrl Pts',(386.147960817235,1.5484450611598,220.372235807997));
#9488=CARTESIAN_POINT('Ctrl Pts',(386.0778380958,1.44855723019389,220.314594727306));
#9489=CARTESIAN_POINT('Ctrl Pts',(386.007716483027,1.34867097848616,220.256954557939));
#9490=CARTESIAN_POINT('Ctrl Pts',(385.934349768959,1.25293566251362,220.196069287277));
#9491=CARTESIAN_POINT('Ctrl Pts',(385.85802060911,1.16175440652121,220.132221570833));
#9492=CARTESIAN_POINT('Ctrl Pts',(385.780747453454,1.0694454724112,220.067584222004));
#9493=CARTESIAN_POINT('Ctrl Pts',(385.700438243609,0.981804245896152,219.999910818986));
#9494=CARTESIAN_POINT('Ctrl Pts',(385.61741228781,0.899208941209533,219.929520670013));
#9495=CARTESIAN_POINT('Ctrl Pts',(385.535392629686,0.817614714587493,219.859983669222));
#9496=CARTESIAN_POINT('Ctrl Pts',(385.450721910785,0.740944946840425,219.787795607654));
#9497=CARTESIAN_POINT('Ctrl Pts',(385.363730447364,0.669522543331348,219.713286801567));
#9498=CARTESIAN_POINT('Ctrl Pts',(385.276742759428,0.598103239600289,219.638781229209));
#9499=CARTESIAN_POINT('Ctrl Pts',(385.187434719909,0.531931013571596,219.561955305268));
#9500=CARTESIAN_POINT('Ctrl Pts',(385.096156146595,0.471284534595184,219.483158847532));
#9501=CARTESIAN_POINT('Ctrl Pts',(385.004880933032,0.410640287874289,219.40436529011));
#9502=CARTESIAN_POINT('Ctrl Pts',(384.911635532321,0.355521524842359,219.32360154554));
#9503=CARTESIAN_POINT('Ctrl Pts',(384.816786317586,0.306160348626468,219.241233986944));
#9504=CARTESIAN_POINT('Ctrl Pts',(384.719889919371,0.255733782626227,219.157088643413));
#9505=CARTESIAN_POINT('Ctrl Pts',(384.621319903125,0.211316333912572,219.071269681851));
#9506=CARTESIAN_POINT('Ctrl Pts',(384.521481413716,0.173103193126093,218.984182247125));
#9507=CARTESIAN_POINT('Ctrl Pts',(384.423748500009,0.135695960574155,218.898931470661));
#9508=CARTESIAN_POINT('Ctrl Pts',(384.324800313758,0.104234010080689,218.812465421655));
#9509=CARTESIAN_POINT('Ctrl Pts',(384.225027271358,0.0788498369872488,218.725174516498));
#9510=CARTESIAN_POINT('Ctrl Pts',(384.122029936048,0.0526453420177663,218.635062694591));
#9511=CARTESIAN_POINT('Ctrl Pts',(384.018153778153,0.0329181594858649,218.5440720501));
#9512=CARTESIAN_POINT('Ctrl Pts',(383.91383603008,0.0197568151267303,218.45263981543));
#9513=CARTESIAN_POINT('Ctrl Pts',(383.809518282008,0.00659547076759566,
218.36120758076));
#9514=CARTESIAN_POINT('Ctrl Pts',(383.704759207149,-1.05583406298539E-13,
218.269334019305));
#9515=CARTESIAN_POINT('Ctrl Pts',(383.6,-1.0873800226465E-13,218.177460325559));
#9516=CARTESIAN_POINT('Origin',(383.920260292787,4.39999999999997,217.857200032771));
#9517=CARTESIAN_POINT('',(318.,4.40000000000007,290.));
#9518=CARTESIAN_POINT('Origin',(383.920260292787,4.39999999999997,217.857200032771));
#9519=CARTESIAN_POINT('',(316.585786437627,4.40000000000007,288.585786437627));
#9520=CARTESIAN_POINT('Origin',(317.554256307619,2.,287.617316567635));
#9521=CARTESIAN_POINT('',(317.554256307619,20.,287.617316567635));
#9522=CARTESIAN_POINT('',(318.968469869992,20.,289.031530130008));
#9523=CARTESIAN_POINT('',(318.968469869992,20.,289.031530130008));
#9524=CARTESIAN_POINT('',(317.554256307619,-9.6158537727749E-13,287.617316567635));
#9525=CARTESIAN_POINT('',(318.968469869992,2.,289.031530130008));
#9526=CARTESIAN_POINT('Origin',(304.,-9.44504627916707E-13,304.));
#9527=CARTESIAN_POINT('',(387.031530130008,20.,220.968469869992));
#9528=CARTESIAN_POINT('',(387.031530130008,-1.07798833390108E-12,220.968469869992));
#9529=CARTESIAN_POINT('',(318.,20.,290.));
#9530=CARTESIAN_POINT('Origin',(302.585786437627,-9.3752166523902E-13,302.585786437627));
#9531=CARTESIAN_POINT('',(385.617316567635,20.,219.554256307619));
#9532=CARTESIAN_POINT('',(385.617316567635,2.,219.554256307619));
#9533=CARTESIAN_POINT('',(302.585786437627,20.,302.585786437627));
#9534=CARTESIAN_POINT('Origin',(318.,20.,290.));
#9535=CARTESIAN_POINT('',(385.617316567635,20.,219.554256307619));
#9536=CARTESIAN_POINT('Origin',(385.617316567635,2.,219.554256307619));
#9537=CARTESIAN_POINT('Ctrl Pts',(383.595508992391,-0.0199959288637934,
-218.173519370483));
#9538=CARTESIAN_POINT('Ctrl Pts',(384.032889888647,-0.0207889404412572,
-218.557330484725));
#9539=CARTESIAN_POINT('Ctrl Pts',(384.47005691133,0.0942803498369131,-218.940947123664));
#9540=CARTESIAN_POINT('Ctrl Pts',(385.280770221932,0.537864163474252,-219.644723685632));
#9541=CARTESIAN_POINT('Ctrl Pts',(385.654153465143,0.865472556600115,-219.964730213379));
#9542=CARTESIAN_POINT('Ctrl Pts',(386.286106827644,1.68370349771095,-220.489930144951));
#9543=CARTESIAN_POINT('Ctrl Pts',(386.544449301729,2.17400410676069,-220.694895903571));
#9544=CARTESIAN_POINT('Ctrl Pts',(386.911578798693,3.24491016569312,-220.955088651902));
#9545=CARTESIAN_POINT('Ctrl Pts',(387.019720266027,3.825291858714,-221.009679735492));
#9546=CARTESIAN_POINT('Ctrl Pts',(387.04594441317,4.40596229799305,-220.982334100621));
#9547=CARTESIAN_POINT('Ctrl Pts',(383.595528069276,4.05271477600481E-6,
-218.173538447357));
#9548=CARTESIAN_POINT('Ctrl Pts',(384.031051060532,-0.000785370575006929,
-218.555491657574));
#9549=CARTESIAN_POINT('Ctrl Pts',(384.466361111083,0.113763244181543,-218.937251323416));
#9550=CARTESIAN_POINT('Ctrl Pts',(385.273647974009,0.555339891241337,-219.637601437709));
#9551=CARTESIAN_POINT('Ctrl Pts',(385.645462462082,0.881465893448079,-219.956039210318));
#9552=CARTESIAN_POINT('Ctrl Pts',(386.274797830705,1.69599443211045,-220.478621148012));
#9553=CARTESIAN_POINT('Ctrl Pts',(386.532092096119,2.18407648636811,-220.682538697961));
#9554=CARTESIAN_POINT('Ctrl Pts',(386.897802311985,3.25013681652708,-220.941312165194));
#9555=CARTESIAN_POINT('Ctrl Pts',(387.005575606609,3.82789235369137,-220.995535075109));
#9556=CARTESIAN_POINT('Ctrl Pts',(387.031802290568,4.40593531921088,-220.968191978028));
#9557=CARTESIAN_POINT('Ctrl Pts',(383.597435757754,2.00000221057172,-218.175446134842));
#9558=CARTESIAN_POINT('Ctrl Pts',(383.847168249019,1.99957161605002,-218.371608942498));
#9559=CARTESIAN_POINT('Ctrl Pts',(384.096781086324,2.0620526786445,-218.567671298657));
#9560=CARTESIAN_POINT('Ctrl Pts',(384.5614231817,2.30291266794984,-218.9253766454));
#9561=CARTESIAN_POINT('Ctrl Pts',(384.776362155982,2.48079957824443,-219.086938904217));
#9562=CARTESIAN_POINT('Ctrl Pts',(385.143898136805,2.92508787206027,-219.347721454112));
#9563=CARTESIAN_POINT('Ctrl Pts',(385.296371535091,3.19131444710991,-219.446818136933));
#9564=CARTESIAN_POINT('Ctrl Pts',(385.520153641162,3.7728018999239,-219.563663494371));
#9565=CARTESIAN_POINT('Ctrl Pts',(385.591109664791,4.08794185142846,-219.581069036855));
#9566=CARTESIAN_POINT('Ctrl Pts',(385.61759003029,4.40323744099425,-219.553979718744));
#9567=CARTESIAN_POINT('Ctrl Pts',(383.597455025408,2.02020219196608,-218.175465402486));
#9568=CARTESIAN_POINT('Ctrl Pts',(383.845311032623,2.01977522161493,-218.369751727076));
#9569=CARTESIAN_POINT('Ctrl Pts',(384.093048328074,2.08173040193258,-218.563938540407));
#9570=CARTESIAN_POINT('Ctrl Pts',(384.554229711298,2.3205631529946,-218.918183174998));
#9571=CARTESIAN_POINT('Ctrl Pts',(384.76758424289,2.49695284846087,-219.078160991126));
#9572=CARTESIAN_POINT('Ctrl Pts',(385.132476049897,2.93750171580376,-219.336299367204));
#9573=CARTESIAN_POINT('Ctrl Pts',(385.283890757425,3.2014875505134,-219.434337359267));
#9574=CARTESIAN_POINT('Ctrl Pts',(385.506239389587,3.7780808172662,-219.549749242796));
#9575=CARTESIAN_POINT('Ctrl Pts',(385.576823558779,4.0905683513556,-219.566782929868));
#9576=CARTESIAN_POINT('Ctrl Pts',(385.603306486461,4.40321019242426,-219.539696174925));
#9577=CARTESIAN_POINT('',(387.031530130008,4.40000000000006,-220.968469869992));
#9578=CARTESIAN_POINT('',(385.617316567635,4.40000000000007,-219.554256307619));
#9579=CARTESIAN_POINT('',(385.617316567635,4.40000000000007,-219.554256307619));
#9580=CARTESIAN_POINT('Ctrl Pts',(383.6,2.00000000000005,-218.177460325558));
#9581=CARTESIAN_POINT('Ctrl Pts',(383.667718212677,2.00000000000005,-218.230652398352));
#9582=CARTESIAN_POINT('Ctrl Pts',(383.735436293989,2.00457287361228,-218.283844339781));
#9583=CARTESIAN_POINT('Ctrl Pts',(383.802809596188,2.01369255135866,-218.336691502098));
#9584=CARTESIAN_POINT('Ctrl Pts',(383.870180764016,2.02281194019568,-218.389536990228));
#9585=CARTESIAN_POINT('Ctrl Pts',(383.937206913395,2.03647780518621,-218.442037459908));
#9586=CARTESIAN_POINT('Ctrl Pts',(384.003547361446,2.05461224357929,-218.493852228261));
#9587=CARTESIAN_POINT('Ctrl Pts',(384.069885855995,2.07274614797451,-218.545665470845));
#9588=CARTESIAN_POINT('Ctrl Pts',(384.135538432954,2.09534828356618,-218.596792795837));
#9589=CARTESIAN_POINT('Ctrl Pts',(384.200172257892,2.12228981364892,-218.64690136881));
#9590=CARTESIAN_POINT('Ctrl Pts',(384.264804323889,2.14923061054628,-218.69700857813));
#9591=CARTESIAN_POINT('Ctrl Pts',(384.328417444124,2.18051044848547,-218.746096841688));
#9592=CARTESIAN_POINT('Ctrl Pts',(384.390690425804,2.21595103580537,-218.793844966692));
#9593=CARTESIAN_POINT('Ctrl Pts',(384.452961851798,2.25139073775801,-218.841591898866));
#9594=CARTESIAN_POINT('Ctrl Pts',(384.513892967296,2.29099082705943,-218.887998520543));
#9595=CARTESIAN_POINT('Ctrl Pts',(384.573177880864,2.33452559878227,-218.932758940291));
#9596=CARTESIAN_POINT('Ctrl Pts',(384.632461445704,2.37805938009197,-218.977518341742));
#9597=CARTESIAN_POINT('Ctrl Pts',(384.690098657624,2.42552747553264,-219.020631390273));
#9598=CARTESIAN_POINT('Ctrl Pts',(384.745802411245,2.4766593479266,-219.061810980504));
#9599=CARTESIAN_POINT('Ctrl Pts',(384.801505021907,2.52779017117049,-219.102989725792));
#9600=CARTESIAN_POINT('Ctrl Pts',(384.855274043297,2.58258439880105,-219.142234881806));
#9601=CARTESIAN_POINT('Ctrl Pts',(384.906844426206,2.64072975225986,-219.17928139934));
#9602=CARTESIAN_POINT('Ctrl Pts',(384.95842409637,2.69888557705319,-219.216334588542));
#9603=CARTESIAN_POINT('Ctrl Pts',(385.007804142771,2.7603934832375,-219.251188153981));
#9604=CARTESIAN_POINT('Ctrl Pts',(385.054744450611,2.82490280418151,-219.283601980859));
#9605=CARTESIAN_POINT('Ctrl Pts',(385.101681742547,2.88940798041648,-219.316013725156));
#9606=CARTESIAN_POINT('Ctrl Pts',(385.146179437307,2.9569139050656,-219.345985872276));
#9607=CARTESIAN_POINT('Ctrl Pts',(385.188025279747,3.027035765182,-219.373306167077));
#9608=CARTESIAN_POINT('Ctrl Pts',(385.229868807378,3.0971537463285,-219.400624950587));
#9609=CARTESIAN_POINT('Ctrl Pts',(385.269060626109,3.16988706863045,-219.425292025196));
#9610=CARTESIAN_POINT('Ctrl Pts',(385.305418744394,3.24482116650588,-219.44712539936));
#9611=CARTESIAN_POINT('Ctrl Pts',(385.341775176062,3.31975178825973,-219.468957760695));
#9612=CARTESIAN_POINT('Ctrl Pts',(385.375298044056,3.39688265573935,-219.487956558357));
#9613=CARTESIAN_POINT('Ctrl Pts',(385.405837680677,3.47577417894064,-219.503972124645));
#9614=CARTESIAN_POINT('Ctrl Pts',(385.436381767133,3.55467719718079,-219.519990024512));
#9615=CARTESIAN_POINT('Ctrl Pts',(385.463941650817,3.63534104191523,-219.533023721606));
#9616=CARTESIAN_POINT('Ctrl Pts',(385.488401621089,3.71730585398088,-219.54295750529));
#9617=CARTESIAN_POINT('Ctrl Pts',(385.512858798174,3.79926130613672,-219.552890154592));
#9618=CARTESIAN_POINT('Ctrl Pts',(385.534216695757,3.88251707216329,-219.559723524392));
#9619=CARTESIAN_POINT('Ctrl Pts',(385.552394973898,3.96659862473801,-219.56337727475));
#9620=CARTESIAN_POINT('Ctrl Pts',(385.570574635279,4.05068657533524,-219.567031303133));
#9621=CARTESIAN_POINT('Ctrl Pts',(385.585574145415,4.1356000729362,-219.56750518027));
#9622=CARTESIAN_POINT('Ctrl Pts',(385.597349401291,4.22085506822527,-219.564754803148));
#9623=CARTESIAN_POINT('Ctrl Pts',(385.605581766884,4.28045889317293,-219.562831948117));
#9624=CARTESIAN_POINT('Ctrl Pts',(385.612238957323,4.34022943107048,-219.559333917931));
#9625=CARTESIAN_POINT('Ctrl Pts',(385.617316567635,4.40000000000007,-219.554256307619));
#9626=CARTESIAN_POINT('Ctrl Pts',(383.6,6.08265818405966E-14,-218.177460325558));
#9627=CARTESIAN_POINT('Ctrl Pts',(383.701473313237,6.01193009794828E-14,
-218.26645229445));
#9628=CARTESIAN_POINT('Ctrl Pts',(383.802946513666,0.00618792500196148,
-218.355444150534));
#9629=CARTESIAN_POINT('Ctrl Pts',(383.904018600549,0.0185377191764924,-218.444034893072));
#9630=CARTESIAN_POINT('Ctrl Pts',(384.00576078878,0.0309693916813072,-218.533212986458));
#9631=CARTESIAN_POINT('Ctrl Pts',(384.107096293396,0.0496449380776342,-218.621984396229));
#9632=CARTESIAN_POINT('Ctrl Pts',(384.207619549686,0.0744846753869779,-218.709943557675));
#9633=CARTESIAN_POINT('Ctrl Pts',(384.307493468014,0.099163958439218,-218.797334539928));
#9634=CARTESIAN_POINT('Ctrl Pts',(384.40656538091,0.129927938721384,-218.883923516748));
#9635=CARTESIAN_POINT('Ctrl Pts',(384.504444302637,0.166647043683434,-218.9693195024));
#9636=CARTESIAN_POINT('Ctrl Pts',(384.602320870237,0.20336526549869,-219.054713434156));
#9637=CARTESIAN_POINT('Ctrl Pts',(384.699004286905,0.246038238309965,-219.138914214981));
#9638=CARTESIAN_POINT('Ctrl Pts',(384.794113644504,0.294486239590423,-219.221540936738));
#9639=CARTESIAN_POINT('Ctrl Pts',(384.889220871398,0.342933155505222,-219.304165807433));
#9640=CARTESIAN_POINT('Ctrl Pts',(384.982753899192,0.397154726142035,-219.385216479028));
#9641=CARTESIAN_POINT('Ctrl Pts',(385.074345103866,0.456922600838202,-219.464325327504));
#9642=CARTESIAN_POINT('Ctrl Pts',(385.165934407635,0.516689235097839,-219.543432534136));
#9643=CARTESIAN_POINT('Ctrl Pts',(385.255581766689,0.582001801407986,-219.620597796054));
#9644=CARTESIAN_POINT('Ctrl Pts',(385.34293593527,0.652585251492727,-219.695469867498));
#9645=CARTESIAN_POINT('Ctrl Pts',(385.43028843486,0.723167353007739,-219.770340508435));
#9646=CARTESIAN_POINT('Ctrl Pts',(385.515347639466,0.799019969498851,-219.842917854388));
#9647=CARTESIAN_POINT('Ctrl Pts',(385.597781637413,0.879823677976589,-219.912869993681));
#9648=CARTESIAN_POINT('Ctrl Pts',(385.680214196222,0.960625975777736,-219.982820911746));
#9649=CARTESIAN_POINT('Ctrl Pts',(385.760021459569,1.04637900112154,-220.050146534349));
#9650=CARTESIAN_POINT('Ctrl Pts',(385.836893642575,1.13672165199478,-220.114537076611));
#9651=CARTESIAN_POINT('Ctrl Pts',(385.913764610208,1.22706287452216,-220.178926600838));
#9652=CARTESIAN_POINT('Ctrl Pts',(385.987700423034,1.32199336331295,-220.240380970258));
#9653=CARTESIAN_POINT('Ctrl Pts',(386.058416029166,1.42111338310516,-220.298615132985));
#9654=CARTESIAN_POINT('Ctrl Pts',(386.130006205852,1.52145926314811,-220.357569502845));
#9655=CARTESIAN_POINT('Ctrl Pts',(386.198295814846,1.62609877220104,-220.413223305012));
#9656=CARTESIAN_POINT('Ctrl Pts',(386.263017418297,1.73458034022918,-220.465309101637));
#9657=CARTESIAN_POINT('Ctrl Pts',(386.326954577914,1.84174708148143,-220.51676360392));
#9658=CARTESIAN_POINT('Ctrl Pts',(386.387409619267,1.95266298883945,-220.56473598794));
#9659=CARTESIAN_POINT('Ctrl Pts',(386.444154213783,2.06686092457237,-220.608997925123));
#9660=CARTESIAN_POINT('Ctrl Pts',(386.500896345548,2.18105390404185,-220.65325794131));
#9661=CARTESIAN_POINT('Ctrl Pts',(386.553928233088,2.29852835619027,-220.693807713272));
#9662=CARTESIAN_POINT('Ctrl Pts',(386.603052827417,2.41878956395616,-220.730450192022));
#9663=CARTESIAN_POINT('Ctrl Pts',(386.652175613583,2.53904634518728,-220.767091322048));
#9664=CARTESIAN_POINT('Ctrl Pts',(386.697391292764,2.66208939180429,-220.799825345088));
#9665=CARTESIAN_POINT('Ctrl Pts',(386.738535743264,2.78740057396694,-220.828488139448));
#9666=CARTESIAN_POINT('Ctrl Pts',(386.780568237376,2.91541641723323,-220.857769578877));
#9667=CARTESIAN_POINT('Ctrl Pts',(386.818351643906,3.04579911381709,-220.882801930723));
#9668=CARTESIAN_POINT('Ctrl Pts',(386.851747942228,3.17797570235299,-220.903447174362));
#9669=CARTESIAN_POINT('Ctrl Pts',(386.884439918653,3.30736471051938,-220.923657013543));
#9670=CARTESIAN_POINT('Ctrl Pts',(386.912927945819,3.43847237359785,-220.939662903464));
#9671=CARTESIAN_POINT('Ctrl Pts',(386.93711833537,3.57074655943107,-220.951371155772));
#9672=CARTESIAN_POINT('Ctrl Pts',(386.962090468162,3.70729535400865,-220.963457775161));
#9673=CARTESIAN_POINT('Ctrl Pts',(386.982482449405,3.84508699140353,-220.970964243001));
#9674=CARTESIAN_POINT('Ctrl Pts',(386.998231681953,3.98350313161795,-220.973827962146));
#9675=CARTESIAN_POINT('Ctrl Pts',(387.0139809145,4.12191927183236,-220.97669168129));
#9676=CARTESIAN_POINT('Ctrl Pts',(387.025087373307,4.26095954237281,-220.974912626693));
#9677=CARTESIAN_POINT('Ctrl Pts',(387.031530130008,4.40000000000006,-220.968469869992));
#9678=CARTESIAN_POINT('Ctrl Pts',(318.982334100621,4.40596229799313,-289.04594441317));
#9679=CARTESIAN_POINT('Ctrl Pts',(319.009679735492,3.82529185871403,-289.019720266028));
#9680=CARTESIAN_POINT('Ctrl Pts',(318.955088651902,3.24491016569309,-288.911578798693));
#9681=CARTESIAN_POINT('Ctrl Pts',(318.694895903571,2.17400410676062,-288.544449301729));
#9682=CARTESIAN_POINT('Ctrl Pts',(318.489930144951,1.68370349771089,-288.286106827644));
#9683=CARTESIAN_POINT('Ctrl Pts',(317.964730213379,0.86547255660006,-287.654153465143));
#9684=CARTESIAN_POINT('Ctrl Pts',(317.644723685632,0.537864163474169,-287.280770221932));
#9685=CARTESIAN_POINT('Ctrl Pts',(316.940947123664,0.0942803498368236,-286.47005691133));
#9686=CARTESIAN_POINT('Ctrl Pts',(316.557330484725,-0.0207889404413314,
-286.032889888647));
#9687=CARTESIAN_POINT('Ctrl Pts',(316.173519370482,-0.019995928863847,-285.595508992391));
#9688=CARTESIAN_POINT('Ctrl Pts',(318.968191978028,4.40593531921096,-289.031802290568));
#9689=CARTESIAN_POINT('Ctrl Pts',(318.995535075109,3.8278923536914,-289.005575606609));
#9690=CARTESIAN_POINT('Ctrl Pts',(318.941312165194,3.25013681652706,-288.897802311985));
#9691=CARTESIAN_POINT('Ctrl Pts',(318.682538697961,2.18407648636804,-288.532092096119));
#9692=CARTESIAN_POINT('Ctrl Pts',(318.478621148011,1.69599443211039,-288.274797830705));
#9693=CARTESIAN_POINT('Ctrl Pts',(317.956039210318,0.881465893448023,-287.645462462082));
#9694=CARTESIAN_POINT('Ctrl Pts',(317.637601437709,0.555339891241254,-287.273647974009));
#9695=CARTESIAN_POINT('Ctrl Pts',(316.937251323416,0.113763244181453,-286.466361111083));
#9696=CARTESIAN_POINT('Ctrl Pts',(316.555491657574,-0.000785370575080991,
-286.031051060531));
#9697=CARTESIAN_POINT('Ctrl Pts',(316.173538447357,4.05271472243866E-6,
-285.595528069276));
#9698=CARTESIAN_POINT('Ctrl Pts',(317.553979718744,4.40323744099427,-287.61759003029));
#9699=CARTESIAN_POINT('Ctrl Pts',(317.581069036855,4.08794185142846,-287.591109664791));
#9700=CARTESIAN_POINT('Ctrl Pts',(317.563663494371,3.77280189992386,-287.520153641162));
#9701=CARTESIAN_POINT('Ctrl Pts',(317.446818136933,3.19131444710985,-287.296371535091));
#9702=CARTESIAN_POINT('Ctrl Pts',(317.347721454112,2.92508787206021,-287.143898136805));
#9703=CARTESIAN_POINT('Ctrl Pts',(317.086938904217,2.48079957824437,-286.776362155982));
#9704=CARTESIAN_POINT('Ctrl Pts',(316.9253766454,2.30291266794978,-286.5614231817));
#9705=CARTESIAN_POINT('Ctrl Pts',(316.567671298657,2.06205267864443,-286.096781086324));
#9706=CARTESIAN_POINT('Ctrl Pts',(316.371608942498,1.99957161604996,-285.847168249019));
#9707=CARTESIAN_POINT('Ctrl Pts',(316.175446134842,2.00000221057167,-285.597435757754));
#9708=CARTESIAN_POINT('Ctrl Pts',(317.539696174925,4.40321019242428,-287.603306486461));
#9709=CARTESIAN_POINT('Ctrl Pts',(317.566782929868,4.0905683513556,-287.576823558779));
#9710=CARTESIAN_POINT('Ctrl Pts',(317.549749242796,3.77808081726617,-287.506239389587));
#9711=CARTESIAN_POINT('Ctrl Pts',(317.434337359267,3.20148755051334,-287.283890757425));
#9712=CARTESIAN_POINT('Ctrl Pts',(317.336299367204,2.9375017158037,-287.132476049897));
#9713=CARTESIAN_POINT('Ctrl Pts',(317.078160991126,2.49695284846081,-286.76758424289));
#9714=CARTESIAN_POINT('Ctrl Pts',(316.918183174998,2.32056315299454,-286.554229711298));
#9715=CARTESIAN_POINT('Ctrl Pts',(316.563938540407,2.08173040193251,-286.093048328073));
#9716=CARTESIAN_POINT('Ctrl Pts',(316.369751727076,2.01977522161487,-285.845311032623));
#9717=CARTESIAN_POINT('Ctrl Pts',(316.175465402486,2.02020219196602,-285.597455025408));
#9718=CARTESIAN_POINT('',(317.554256307619,4.40000000000002,-287.617316567635));
#9719=CARTESIAN_POINT('Ctrl Pts',(317.554256307619,4.40000000000002,-287.617316567635));
#9720=CARTESIAN_POINT('Ctrl Pts',(317.56151937756,4.31450351722833,-287.610053497693));
#9721=CARTESIAN_POINT('Ctrl Pts',(317.565548937561,4.22900722023445,-287.599556917811));
#9722=CARTESIAN_POINT('Ctrl Pts',(317.566363421526,4.14399851453832,-287.585845261893));
#9723=CARTESIAN_POINT('Ctrl Pts',(317.567177879688,4.05899250189901,-287.572134040357));
#9724=CARTESIAN_POINT('Ctrl Pts',(317.564777493731,3.9744744190299,-287.555207974703));
#9725=CARTESIAN_POINT('Ctrl Pts',(317.55921734922,3.89092606427791,-287.535122150493));
#9726=CARTESIAN_POINT('Ctrl Pts',(317.553657368435,3.80738016974231,-287.515036917743));
#9727=CARTESIAN_POINT('Ctrl Pts',(317.544937871072,3.72480430916598,-287.491792168413));
#9728=CARTESIAN_POINT('Ctrl Pts',(317.533149958438,3.64366918151358,-287.465479003813));
#9729=CARTESIAN_POINT('Ctrl Pts',(317.5213623666,3.56253626186829,-287.439166555298));
#9730=CARTESIAN_POINT('Ctrl Pts',(317.506506609417,3.48284434913957,-287.409785941439));
#9731=CARTESIAN_POINT('Ctrl Pts',(317.488708758132,3.40504767852922,-287.377463233478));
#9732=CARTESIAN_POINT('Ctrl Pts',(317.470911351468,3.32725295141443,-287.345141332993));
#9733=CARTESIAN_POINT('Ctrl Pts',(317.450172106698,3.25135370958087,-287.309877594403));
#9734=CARTESIAN_POINT('Ctrl Pts',(317.426650621305,3.17778254884247,-287.27183161519));
#9735=CARTESIAN_POINT('Ctrl Pts',(317.403129671025,3.10421306184306,-287.23378650152));
#9736=CARTESIAN_POINT('Ctrl Pts',(317.376826740543,3.0329718694717,-287.19295940765));
#9737=CARTESIAN_POINT('Ctrl Pts',(317.347933128533,2.96446500004997,-287.149541632251));
#9738=CARTESIAN_POINT('Ctrl Pts',(317.319040109378,2.89595953628738,-287.10612474772));
#9739=CARTESIAN_POINT('Ctrl Pts',(317.287556672138,2.83018858069849,-287.060117445105));
#9740=CARTESIAN_POINT('Ctrl Pts',(317.2537036311,2.76752696946741,-287.011740538692));
#9741=CARTESIAN_POINT('Ctrl Pts',(317.219844493504,2.7048540735738,-286.963354920134));
#9742=CARTESIAN_POINT('Ctrl Pts',(317.183615076426,2.64529191543808,-286.912599022093));
#9743=CARTESIAN_POINT('Ctrl Pts',(317.145263338618,2.58918006866374,-286.859720803323));
#9744=CARTESIAN_POINT('Ctrl Pts',(317.1069140649,2.53307182706265,-286.806845981966));
#9745=CARTESIAN_POINT('Ctrl Pts',(317.06644294163,2.48041369687538,-286.751849311057));
#9746=CARTESIAN_POINT('Ctrl Pts',(317.024122072652,2.43150585220311,-286.695002894439));
#9747=CARTESIAN_POINT('Ctrl Pts',(316.981803544761,2.38260071299324,-286.638159622427));
#9748=CARTESIAN_POINT('Ctrl Pts',(316.937635691403,2.33744565647383,-286.579467024948));
#9749=CARTESIAN_POINT('Ctrl Pts',(316.891911654714,2.2962980575549,-286.519218244138));
#9750=CARTESIAN_POINT('Ctrl Pts',(316.84618973912,2.25515236743399,-286.458972258211));
#9751=CARTESIAN_POINT('Ctrl Pts',(316.798912014852,2.21801394148919,-286.397170463611));
#9752=CARTESIAN_POINT('Ctrl Pts',(316.750389318985,2.18509444181309,-286.334123697411));
#9753=CARTESIAN_POINT('Ctrl Pts',(316.701859553026,2.15217014553891,-286.271067744863));
#9754=CARTESIAN_POINT('Ctrl Pts',(316.652084694712,2.12346614929772,-286.20676669996));
#9755=CARTESIAN_POINT('Ctrl Pts',(316.601389913577,2.09914609264488,-286.141545732234));
#9756=CARTESIAN_POINT('Ctrl Pts',(316.550700921493,2.07482881320255,-286.076332212369));
#9757=CARTESIAN_POINT('Ctrl Pts',(316.499092468654,2.05489457686544,-286.010199231747));
#9758=CARTESIAN_POINT('Ctrl Pts',(316.446900096547,2.03945700146745,-285.943482331857));
#9759=CARTESIAN_POINT('Ctrl Pts',(316.394703752963,2.02401825137713,-285.876760355275));
#9760=CARTESIAN_POINT('Ctrl Pts',(316.341923659495,2.01307691430816,-285.809454628808));
#9761=CARTESIAN_POINT('Ctrl Pts',(316.288902090695,2.00669536134251,-285.74190742701));
#9762=CARTESIAN_POINT('Ctrl Pts',(316.251833432202,2.00223386363709,-285.694683547892));
#9763=CARTESIAN_POINT('Ctrl Pts',(316.214646889852,2.,-285.647341784918));
#9764=CARTESIAN_POINT('Ctrl Pts',(316.177460325558,2.,-285.6));
#9765=CARTESIAN_POINT('',(318.968469869992,4.40000000000001,-289.031530130008));
#9766=CARTESIAN_POINT('',(317.554256307619,4.40000000000002,-287.617316567635));
#9767=CARTESIAN_POINT('Ctrl Pts',(318.968469869992,4.40000000000001,-289.031530130008));
#9768=CARTESIAN_POINT('Ctrl Pts',(318.974710542165,4.26532070742627,-289.025289457835));
#9769=CARTESIAN_POINT('Ctrl Pts',(318.976575690607,4.13064157438636,-289.014673261932));
#9770=CARTESIAN_POINT('Ctrl Pts',(318.974083739572,3.99652970156366,-288.999699966553));
#9771=CARTESIAN_POINT('Ctrl Pts',(318.971575267065,3.86152867576699,-288.984627399201));
#9772=CARTESIAN_POINT('Ctrl Pts',(318.964651708988,3.72710278745318,-288.965139746279));
#9773=CARTESIAN_POINT('Ctrl Pts',(318.953369409716,3.59382559173755,-288.941293352163));
#9774=CARTESIAN_POINT('Ctrl Pts',(318.942159989353,3.46140931065884,-288.917600995724));
#9775=CARTESIAN_POINT('Ctrl Pts',(318.926648038317,3.33012723653979,-288.889606108612));
#9776=CARTESIAN_POINT('Ctrl Pts',(318.906925178237,3.20053230671044,-288.857400312457));
#9777=CARTESIAN_POINT('Ctrl Pts',(318.887202792519,3.0709404938238,-288.825195290897));
#9778=CARTESIAN_POINT('Ctrl Pts',(318.863269761993,2.9430360511676,-288.788779624527));
#9779=CARTESIAN_POINT('Ctrl Pts',(318.835253169674,2.81735766419336,-288.748280396365));
#9780=CARTESIAN_POINT('Ctrl Pts',(318.807237205002,2.69168209275334,-288.707782075495));
#9781=CARTESIAN_POINT('Ctrl Pts',(318.775137942817,2.56823277503076,-288.663200457112));
#9782=CARTESIAN_POINT('Ctrl Pts',(318.739116851422,2.44752960989938,-288.614697009518));
#9783=CARTESIAN_POINT('Ctrl Pts',(318.703096507617,2.32682894986987,-288.566194568576));
#9784=CARTESIAN_POINT('Ctrl Pts',(318.66315459765,2.20887461439311,-288.513770561473));
#9785=CARTESIAN_POINT('Ctrl Pts',(318.619485610024,2.09416333998463,-288.45761947671));
#9786=CARTESIAN_POINT('Ctrl Pts',(318.575817456739,1.97945425725361,-288.401469464772));
#9787=CARTESIAN_POINT('Ctrl Pts',(318.528422486574,1.86798838339007,-288.341592635953));
#9788=CARTESIAN_POINT('Ctrl Pts',(318.477526565691,1.76023511238861,-288.278214856417));
#9789=CARTESIAN_POINT('Ctrl Pts',(318.426631533353,1.65248372255095,-288.214838183334));
#9790=CARTESIAN_POINT('Ctrl Pts',(318.372235807997,1.5484450611598,-288.147960817234));
#9791=CARTESIAN_POINT('Ctrl Pts',(318.314594727306,1.44855723019383,-288.077838095799));
#9792=CARTESIAN_POINT('Ctrl Pts',(318.256954557939,1.34867097848606,-288.007716483027));
#9793=CARTESIAN_POINT('Ctrl Pts',(318.196069287276,1.25293566251349,-287.934349768959));
#9794=CARTESIAN_POINT('Ctrl Pts',(318.132221570833,1.16175440652105,-287.85802060911));
#9795=CARTESIAN_POINT('Ctrl Pts',(318.067584222004,1.06944547241106,-287.780747453454));
#9796=CARTESIAN_POINT('Ctrl Pts',(317.999910818985,0.981804245896026,-287.700438243609));
#9797=CARTESIAN_POINT('Ctrl Pts',(317.929520670012,0.899208941209424,-287.61741228781));
#9798=CARTESIAN_POINT('Ctrl Pts',(317.859983669222,0.817614714587404,-287.535392629686));
#9799=CARTESIAN_POINT('Ctrl Pts',(317.787795607654,0.740944946840355,-287.450721910785));
#9800=CARTESIAN_POINT('Ctrl Pts',(317.713286801567,0.669522543331295,-287.363730447364));
#9801=CARTESIAN_POINT('Ctrl Pts',(317.638781229209,0.598103239600235,-287.276742759428));
#9802=CARTESIAN_POINT('Ctrl Pts',(317.561955305268,0.531931013571542,-287.187434719909));
#9803=CARTESIAN_POINT('Ctrl Pts',(317.483158847532,0.471284534595132,-287.096156146595));
#9804=CARTESIAN_POINT('Ctrl Pts',(317.40436529011,0.410640287874262,-287.004880933032));
#9805=CARTESIAN_POINT('Ctrl Pts',(317.323601545539,0.355521524842357,-286.911635532321));
#9806=CARTESIAN_POINT('Ctrl Pts',(317.241233986944,0.306160348626485,-286.816786317585));
#9807=CARTESIAN_POINT('Ctrl Pts',(317.157088643413,0.255733782626257,-286.719889919371));
#9808=CARTESIAN_POINT('Ctrl Pts',(317.07126968185,0.211316333912614,-286.621319903125));
#9809=CARTESIAN_POINT('Ctrl Pts',(316.984182247124,0.173103193126145,-286.521481413716));
#9810=CARTESIAN_POINT('Ctrl Pts',(316.898931470661,0.135695960574204,-286.423748500008));
#9811=CARTESIAN_POINT('Ctrl Pts',(316.812465421654,0.104234010080738,-286.324800313758));
#9812=CARTESIAN_POINT('Ctrl Pts',(316.725174516498,0.078849836987301,-286.225027271357));
#9813=CARTESIAN_POINT('Ctrl Pts',(316.635062694591,0.0526453420178366,-286.122029936047));
#9814=CARTESIAN_POINT('Ctrl Pts',(316.544072050099,0.0329181594859499,-286.018153778153));
#9815=CARTESIAN_POINT('Ctrl Pts',(316.45263981543,0.0197568151268259,-285.91383603008));
#9816=CARTESIAN_POINT('Ctrl Pts',(316.36120758076,0.00659547076770201,-285.809518282008));
#9817=CARTESIAN_POINT('Ctrl Pts',(316.269334019304,7.35995309038225E-15,
-285.704759207149));
#9818=CARTESIAN_POINT('Ctrl Pts',(316.177460325558,7.35939903683355E-15,
-285.6));
#9819=CARTESIAN_POINT('Origin',(315.857200032771,4.40000000000002,-285.920260292787));
#9820=CARTESIAN_POINT('',(388.,4.40000000000006,-220.));
#9821=CARTESIAN_POINT('Origin',(315.857200032771,4.40000000000002,-285.920260292787));
#9822=CARTESIAN_POINT('',(386.585786437627,4.40000000000007,-218.585786437627));
#9823=CARTESIAN_POINT('Origin',(385.617316567635,2.,-219.554256307619));
#9824=CARTESIAN_POINT('',(385.617316567635,20.,-219.554256307619));
#9825=CARTESIAN_POINT('',(387.031530130008,20.,-220.968469869992));
#9826=CARTESIAN_POINT('',(387.031530130008,20.,-220.968469869992));
#9827=CARTESIAN_POINT('',(385.617316567635,-1.34925258136907E-12,-219.554256307619));
#9828=CARTESIAN_POINT('',(387.031530130008,1.99999999999999,-220.968469869992));
#9829=CARTESIAN_POINT('Origin',(304.,-1.41326546053622E-12,-304.));
#9830=CARTESIAN_POINT('',(318.968469869992,20.,-289.031530130008));
#9831=CARTESIAN_POINT('',(318.968469869992,-1.40298441928208E-12,-289.031530130008));
#9832=CARTESIAN_POINT('',(388.,20.,-220.));
#9833=CARTESIAN_POINT('Origin',(302.585786437627,-1.40628249785853E-12,
-302.585786437627));
#9834=CARTESIAN_POINT('',(317.554256307619,20.,-287.617316567635));
#9835=CARTESIAN_POINT('',(317.554256307619,2.,-287.617316567635));
#9836=CARTESIAN_POINT('',(302.585786437627,20.,-302.585786437627));
#9837=CARTESIAN_POINT('Origin',(388.,20.,-220.));
#9838=CARTESIAN_POINT('',(317.554256307619,20.,-287.617316567635));
#9839=CARTESIAN_POINT('Origin',(317.554256307619,2.,-287.617316567635));
#9840=CARTESIAN_POINT('Ctrl Pts',(-316.173519370483,-0.0199959288637668,
-285.595508992391));
#9841=CARTESIAN_POINT('Ctrl Pts',(-316.557330484725,-0.0207889404412441,
-286.032889888646));
#9842=CARTESIAN_POINT('Ctrl Pts',(-316.940947123664,0.0942803498369144,
-286.47005691133));
#9843=CARTESIAN_POINT('Ctrl Pts',(-317.644723685633,0.53786416347425,-287.280770221932));
#9844=CARTESIAN_POINT('Ctrl Pts',(-317.964730213379,0.865472556600113,-287.654153465143));
#9845=CARTESIAN_POINT('Ctrl Pts',(-318.489930144951,1.68370349771093,-288.286106827644));
#9846=CARTESIAN_POINT('Ctrl Pts',(-318.694895903571,2.17400410676064,-288.544449301729));
#9847=CARTESIAN_POINT('Ctrl Pts',(-318.955088651902,3.24491016569309,-288.911578798693));
#9848=CARTESIAN_POINT('Ctrl Pts',(-319.009679735492,3.825291858714,-289.019720266028));
#9849=CARTESIAN_POINT('Ctrl Pts',(-318.982334100621,4.40596229799308,-289.04594441317));
#9850=CARTESIAN_POINT('Ctrl Pts',(-316.173538447358,4.05271480259752E-6,
-285.595528069276));
#9851=CARTESIAN_POINT('Ctrl Pts',(-316.555491657574,-0.000785370574993799,
-286.031051060531));
#9852=CARTESIAN_POINT('Ctrl Pts',(-316.937251323417,0.113763244181544,-286.466361111083));
#9853=CARTESIAN_POINT('Ctrl Pts',(-317.637601437709,0.555339891241335,-287.273647974009));
#9854=CARTESIAN_POINT('Ctrl Pts',(-317.956039210318,0.881465893448077,-287.645462462082));
#9855=CARTESIAN_POINT('Ctrl Pts',(-318.478621148012,1.69599443211043,-288.274797830705));
#9856=CARTESIAN_POINT('Ctrl Pts',(-318.682538697961,2.18407648636806,-288.532092096119));
#9857=CARTESIAN_POINT('Ctrl Pts',(-318.941312165194,3.25013681652706,-288.897802311985));
#9858=CARTESIAN_POINT('Ctrl Pts',(-318.99553507511,3.82789235369137,-289.005575606609));
#9859=CARTESIAN_POINT('Ctrl Pts',(-318.968191978029,4.40593531921091,-289.031802290568));
#9860=CARTESIAN_POINT('Ctrl Pts',(-316.175446134843,2.00000221057175,-285.597435757755));
#9861=CARTESIAN_POINT('Ctrl Pts',(-316.371608942498,1.99957161605004,-285.847168249019));
#9862=CARTESIAN_POINT('Ctrl Pts',(-316.567671298657,2.06205267864451,-286.096781086324));
#9863=CARTESIAN_POINT('Ctrl Pts',(-316.9253766454,2.30291266794985,-286.5614231817));
#9864=CARTESIAN_POINT('Ctrl Pts',(-317.086938904218,2.48079957824443,-286.776362155982));
#9865=CARTESIAN_POINT('Ctrl Pts',(-317.347721454112,2.92508787206025,-287.143898136805));
#9866=CARTESIAN_POINT('Ctrl Pts',(-317.446818136934,3.19131444710988,-287.296371535091));
#9867=CARTESIAN_POINT('Ctrl Pts',(-317.563663494371,3.77280189992387,-287.520153641162));
#9868=CARTESIAN_POINT('Ctrl Pts',(-317.581069036855,4.08794185142845,-287.591109664791));
#9869=CARTESIAN_POINT('Ctrl Pts',(-317.553979718744,4.40323744099424,-287.61759003029));
#9870=CARTESIAN_POINT('Ctrl Pts',(-316.175465402487,2.0202021919661,-285.597455025408));
#9871=CARTESIAN_POINT('Ctrl Pts',(-316.369751727076,2.01977522161495,-285.845311032623));
#9872=CARTESIAN_POINT('Ctrl Pts',(-316.563938540407,2.08173040193259,-286.093048328073));
#9873=CARTESIAN_POINT('Ctrl Pts',(-316.918183174998,2.3205631529946,-286.554229711298));
#9874=CARTESIAN_POINT('Ctrl Pts',(-317.078160991126,2.49695284846087,-286.76758424289));
#9875=CARTESIAN_POINT('Ctrl Pts',(-317.336299367204,2.93750171580375,-287.132476049897));
#9876=CARTESIAN_POINT('Ctrl Pts',(-317.434337359267,3.20148755051338,-287.283890757425));
#9877=CARTESIAN_POINT('Ctrl Pts',(-317.549749242796,3.77808081726618,-287.506239389587));
#9878=CARTESIAN_POINT('Ctrl Pts',(-317.566782929869,4.0905683513556,-287.576823558779));
#9879=CARTESIAN_POINT('Ctrl Pts',(-317.539696174925,4.40321019242425,-287.603306486461));
#9880=CARTESIAN_POINT('',(-318.968469869992,4.40000000000001,-289.031530130008));
#9881=CARTESIAN_POINT('',(-317.554256307619,4.40000000000001,-287.617316567635));
#9882=CARTESIAN_POINT('',(-317.554256307619,4.40000000000001,-287.617316567635));
#9883=CARTESIAN_POINT('Ctrl Pts',(-316.177460325559,2.00000000000008,-285.6));
#9884=CARTESIAN_POINT('Ctrl Pts',(-316.230652398353,2.00000000000008,-285.667718212677));
#9885=CARTESIAN_POINT('Ctrl Pts',(-316.283844339782,2.00457287361231,-285.735436293989));
#9886=CARTESIAN_POINT('Ctrl Pts',(-316.336691502098,2.01369255135868,-285.802809596188));
#9887=CARTESIAN_POINT('Ctrl Pts',(-316.389536990228,2.0228119401957,-285.870180764016));
#9888=CARTESIAN_POINT('Ctrl Pts',(-316.442037459908,2.03647780518624,-285.937206913395));
#9889=CARTESIAN_POINT('Ctrl Pts',(-316.493852228262,2.05461224357932,-286.003547361446));
#9890=CARTESIAN_POINT('Ctrl Pts',(-316.545665470845,2.07274614797454,-286.069885855995));
#9891=CARTESIAN_POINT('Ctrl Pts',(-316.596792795838,2.09534828356622,-286.135538432954));
#9892=CARTESIAN_POINT('Ctrl Pts',(-316.64690136881,2.12228981364896,-286.200172257893));
#9893=CARTESIAN_POINT('Ctrl Pts',(-316.697008578131,2.14923061054632,-286.26480432389));
#9894=CARTESIAN_POINT('Ctrl Pts',(-316.746096841689,2.1805104484855,-286.328417444124));
#9895=CARTESIAN_POINT('Ctrl Pts',(-316.793844966693,2.2159510358054,-286.390690425805));
#9896=CARTESIAN_POINT('Ctrl Pts',(-316.841591898866,2.25139073775805,-286.452961851798));
#9897=CARTESIAN_POINT('Ctrl Pts',(-316.887998520543,2.29099082705946,-286.513892967296));
#9898=CARTESIAN_POINT('Ctrl Pts',(-316.932758940291,2.33452559878231,-286.573177880864));
#9899=CARTESIAN_POINT('Ctrl Pts',(-316.977518341742,2.37805938009199,-286.632461445704));
#9900=CARTESIAN_POINT('Ctrl Pts',(-317.020631390273,2.42552747553263,-286.690098657624));
#9901=CARTESIAN_POINT('Ctrl Pts',(-317.061810980504,2.47665934792655,-286.745802411245));
#9902=CARTESIAN_POINT('Ctrl Pts',(-317.102989725792,2.52779017117045,-286.801505021907));
#9903=CARTESIAN_POINT('Ctrl Pts',(-317.142234881806,2.582584398801,-286.855274043297));
#9904=CARTESIAN_POINT('Ctrl Pts',(-317.17928139934,2.6407297522598,-286.906844426206));
#9905=CARTESIAN_POINT('Ctrl Pts',(-317.216334588542,2.69888557705313,-286.95842409637));
#9906=CARTESIAN_POINT('Ctrl Pts',(-317.251188153981,2.76039348323743,-287.007804142771));
#9907=CARTESIAN_POINT('Ctrl Pts',(-317.283601980859,2.82490280418143,-287.054744450611));
#9908=CARTESIAN_POINT('Ctrl Pts',(-317.316013725156,2.8894079804164,-287.101681742547));
#9909=CARTESIAN_POINT('Ctrl Pts',(-317.345985872276,2.95691390506552,-287.146179437307));
#9910=CARTESIAN_POINT('Ctrl Pts',(-317.373306167078,3.02703576518192,-287.188025279747));
#9911=CARTESIAN_POINT('Ctrl Pts',(-317.400624950587,3.09715374632843,-287.229868807378));
#9912=CARTESIAN_POINT('Ctrl Pts',(-317.425292025196,3.16988706863038,-287.269060626109));
#9913=CARTESIAN_POINT('Ctrl Pts',(-317.447125399361,3.24482116650583,-287.305418744395));
#9914=CARTESIAN_POINT('Ctrl Pts',(-317.468957760695,3.31975178825967,-287.341775176062));
#9915=CARTESIAN_POINT('Ctrl Pts',(-317.487956558357,3.3968826557393,-287.375298044056));
#9916=CARTESIAN_POINT('Ctrl Pts',(-317.503972124645,3.47577417894058,-287.405837680677));
#9917=CARTESIAN_POINT('Ctrl Pts',(-317.519990024512,3.55467719718073,-287.436381767133));
#9918=CARTESIAN_POINT('Ctrl Pts',(-317.533023721607,3.63534104191516,-287.463941650817));
#9919=CARTESIAN_POINT('Ctrl Pts',(-317.54295750529,3.71730585398081,-287.48840162109));
#9920=CARTESIAN_POINT('Ctrl Pts',(-317.552890154592,3.79926130613665,-287.512858798175));
#9921=CARTESIAN_POINT('Ctrl Pts',(-317.559723524393,3.88251707216321,-287.534216695758));
#9922=CARTESIAN_POINT('Ctrl Pts',(-317.56337727475,3.96659862473792,-287.552394973898));
#9923=CARTESIAN_POINT('Ctrl Pts',(-317.567031303133,4.05068657533515,-287.570574635279));
#9924=CARTESIAN_POINT('Ctrl Pts',(-317.56750518027,4.13560007293611,-287.585574145415));
#9925=CARTESIAN_POINT('Ctrl Pts',(-317.564754803148,4.22085506822518,-287.597349401291));
#9926=CARTESIAN_POINT('Ctrl Pts',(-317.562831948117,4.28045889317285,-287.605581766885));
#9927=CARTESIAN_POINT('Ctrl Pts',(-317.559333917931,4.34022943107041,-287.612238957323));
#9928=CARTESIAN_POINT('Ctrl Pts',(-317.554256307619,4.40000000000001,-287.617316567635));
#9929=CARTESIAN_POINT('Ctrl Pts',(-316.177460325559,8.79296635503124E-14,
-285.6));
#9930=CARTESIAN_POINT('Ctrl Pts',(-316.26645229445,8.32568729395279E-14,
-285.701473313237));
#9931=CARTESIAN_POINT('Ctrl Pts',(-316.355444150534,0.00618792500198053,
-285.802946513666));
#9932=CARTESIAN_POINT('Ctrl Pts',(-316.444034893072,0.0185377191765053,
-285.90401860055));
#9933=CARTESIAN_POINT('Ctrl Pts',(-316.533212986458,0.0309693916813152,
-286.00576078878));
#9934=CARTESIAN_POINT('Ctrl Pts',(-316.62198439623,0.0496449380776364,-286.107096293396));
#9935=CARTESIAN_POINT('Ctrl Pts',(-316.709943557675,0.0744846753869757,
-286.207619549686));
#9936=CARTESIAN_POINT('Ctrl Pts',(-316.797334539928,0.0991639584392155,
-286.307493468014));
#9937=CARTESIAN_POINT('Ctrl Pts',(-316.883923516748,0.129927938721383,-286.40656538091));
#9938=CARTESIAN_POINT('Ctrl Pts',(-316.9693195024,0.166647043683438,-286.504444302637));
#9939=CARTESIAN_POINT('Ctrl Pts',(-317.054713434157,0.203365265498694,-286.602320870237));
#9940=CARTESIAN_POINT('Ctrl Pts',(-317.138914214981,0.246038238309969,-286.699004286905));
#9941=CARTESIAN_POINT('Ctrl Pts',(-317.221540936738,0.294486239590428,-286.794113644504));
#9942=CARTESIAN_POINT('Ctrl Pts',(-317.304165807433,0.342933155505231,-286.889220871398));
#9943=CARTESIAN_POINT('Ctrl Pts',(-317.385216479029,0.397154726142048,-286.982753899192));
#9944=CARTESIAN_POINT('Ctrl Pts',(-317.464325327504,0.45692260083822,-287.074345103866));
#9945=CARTESIAN_POINT('Ctrl Pts',(-317.543432534137,0.516689235097868,-287.165934407635));
#9946=CARTESIAN_POINT('Ctrl Pts',(-317.620597796054,0.582001801408029,-287.255581766689));
#9947=CARTESIAN_POINT('Ctrl Pts',(-317.695469867499,0.652585251492785,-287.34293593527));
#9948=CARTESIAN_POINT('Ctrl Pts',(-317.770340508435,0.723167353007781,-287.43028843486));
#9949=CARTESIAN_POINT('Ctrl Pts',(-317.842917854388,0.799019969498875,-287.515347639466));
#9950=CARTESIAN_POINT('Ctrl Pts',(-317.912869993682,0.879823677976592,-287.597781637413));
#9951=CARTESIAN_POINT('Ctrl Pts',(-317.982820911746,0.960625975777747,-287.680214196222));
#9952=CARTESIAN_POINT('Ctrl Pts',(-318.050146534349,1.04637900112156,-287.760021459569));
#9953=CARTESIAN_POINT('Ctrl Pts',(-318.114537076611,1.13672165199482,-287.836893642575));
#9954=CARTESIAN_POINT('Ctrl Pts',(-318.178926600838,1.22706287452221,-287.913764610208));
#9955=CARTESIAN_POINT('Ctrl Pts',(-318.240380970259,1.32199336331304,-287.987700423034));
#9956=CARTESIAN_POINT('Ctrl Pts',(-318.298615132985,1.42111338310529,-288.058416029166));
#9957=CARTESIAN_POINT('Ctrl Pts',(-318.357569502845,1.52145926314823,-288.130006205853));
#9958=CARTESIAN_POINT('Ctrl Pts',(-318.413223305012,1.62609877220116,-288.198295814846));
#9959=CARTESIAN_POINT('Ctrl Pts',(-318.465309101637,1.73458034022929,-288.263017418297));
#9960=CARTESIAN_POINT('Ctrl Pts',(-318.516763603921,1.84174708148155,-288.326954577914));
#9961=CARTESIAN_POINT('Ctrl Pts',(-318.56473598794,1.95266298883957,-288.387409619267));
#9962=CARTESIAN_POINT('Ctrl Pts',(-318.608997925123,2.0668609245725,-288.444154213783));
#9963=CARTESIAN_POINT('Ctrl Pts',(-318.65325794131,2.18105390404195,-288.500896345548));
#9964=CARTESIAN_POINT('Ctrl Pts',(-318.693807713272,2.29852835619034,-288.553928233088));
#9965=CARTESIAN_POINT('Ctrl Pts',(-318.730450192022,2.4187895639562,-288.603052827417));
#9966=CARTESIAN_POINT('Ctrl Pts',(-318.767091322048,2.53904634518733,-288.652175613583));
#9967=CARTESIAN_POINT('Ctrl Pts',(-318.799825345089,2.66208939180434,-288.697391292764));
#9968=CARTESIAN_POINT('Ctrl Pts',(-318.828488139448,2.78740057396698,-288.738535743264));
#9969=CARTESIAN_POINT('Ctrl Pts',(-318.857769578877,2.91541641723327,-288.780568237376));
#9970=CARTESIAN_POINT('Ctrl Pts',(-318.882801930724,3.04579911381712,-288.818351643906));
#9971=CARTESIAN_POINT('Ctrl Pts',(-318.903447174363,3.17797570235302,-288.851747942229));
#9972=CARTESIAN_POINT('Ctrl Pts',(-318.923657013543,3.30736471051942,-288.884439918654));
#9973=CARTESIAN_POINT('Ctrl Pts',(-318.939662903465,3.4384723735979,-288.912927945819));
#9974=CARTESIAN_POINT('Ctrl Pts',(-318.951371155772,3.57074655943113,-288.93711833537));
#9975=CARTESIAN_POINT('Ctrl Pts',(-318.963457775161,3.70729535400869,-288.962090468162));
#9976=CARTESIAN_POINT('Ctrl Pts',(-318.970964243001,3.84508699140356,-288.982482449405));
#9977=CARTESIAN_POINT('Ctrl Pts',(-318.973827962146,3.98350313161795,-288.998231681953));
#9978=CARTESIAN_POINT('Ctrl Pts',(-318.97669168129,4.12191927183234,-289.0139809145));
#9979=CARTESIAN_POINT('Ctrl Pts',(-318.974912626694,4.26095954237278,-289.025087373307));
#9980=CARTESIAN_POINT('Ctrl Pts',(-318.968469869992,4.40000000000001,-289.031530130008));
#9981=CARTESIAN_POINT('Ctrl Pts',(-387.045944413171,4.40596229799319,-220.982334100621));
#9982=CARTESIAN_POINT('Ctrl Pts',(-387.019720266028,3.82529185871408,-221.009679735492));
#9983=CARTESIAN_POINT('Ctrl Pts',(-386.911578798694,3.24491016569312,-220.955088651902));
#9984=CARTESIAN_POINT('Ctrl Pts',(-386.544449301729,2.17400410676064,-220.694895903571));
#9985=CARTESIAN_POINT('Ctrl Pts',(-386.286106827644,1.68370349771091,-220.489930144951));
#9986=CARTESIAN_POINT('Ctrl Pts',(-385.654153465144,0.865472556600086,-219.964730213379));
#9987=CARTESIAN_POINT('Ctrl Pts',(-385.280770221932,0.537864163474227,-219.644723685632));
#9988=CARTESIAN_POINT('Ctrl Pts',(-384.470056911331,0.094280349836895,-218.940947123664));
#9989=CARTESIAN_POINT('Ctrl Pts',(-384.032889888647,-0.0207889404412589,
-218.557330484724));
#9990=CARTESIAN_POINT('Ctrl Pts',(-383.595508992391,-0.0199959288637667,
-218.173519370483));
#9991=CARTESIAN_POINT('Ctrl Pts',(-387.031802290568,4.40593531921102,-220.968191978028));
#9992=CARTESIAN_POINT('Ctrl Pts',(-387.00557560661,3.82789235369145,-220.995535075109));
#9993=CARTESIAN_POINT('Ctrl Pts',(-386.897802311985,3.25013681652709,-220.941312165194));
#9994=CARTESIAN_POINT('Ctrl Pts',(-386.532092096119,2.18407648636805,-220.682538697961));
#9995=CARTESIAN_POINT('Ctrl Pts',(-386.274797830705,1.6959944321104,-220.478621148012));
#9996=CARTESIAN_POINT('Ctrl Pts',(-385.645462462083,0.881465893448049,-219.956039210318));
#9997=CARTESIAN_POINT('Ctrl Pts',(-385.273647974009,0.555339891241313,-219.637601437709));
#9998=CARTESIAN_POINT('Ctrl Pts',(-384.466361111083,0.113763244181525,-218.937251323416));
#9999=CARTESIAN_POINT('Ctrl Pts',(-384.031051060531,-0.000785370575008479,
-218.555491657574));
#10000=CARTESIAN_POINT('Ctrl Pts',(-383.595528069276,4.05271480274945E-6,
-218.173538447358));
#10001=CARTESIAN_POINT('Ctrl Pts',(-385.61759003029,4.4032374409943,-219.553979718744));
#10002=CARTESIAN_POINT('Ctrl Pts',(-385.591109664791,4.08794185142848,-219.581069036855));
#10003=CARTESIAN_POINT('Ctrl Pts',(-385.520153641163,3.77280189992389,-219.563663494371));
#10004=CARTESIAN_POINT('Ctrl Pts',(-385.296371535092,3.19131444710988,-219.446818136933));
#10005=CARTESIAN_POINT('Ctrl Pts',(-385.143898136806,2.92508787206025,-219.347721454112));
#10006=CARTESIAN_POINT('Ctrl Pts',(-384.776362155982,2.48079957824442,-219.086938904218));
#10007=CARTESIAN_POINT('Ctrl Pts',(-384.5614231817,2.30291266794984,-218.9253766454));
#10008=CARTESIAN_POINT('Ctrl Pts',(-384.096781086324,2.0620526786445,-218.567671298657));
#10009=CARTESIAN_POINT('Ctrl Pts',(-383.847168249019,1.99957161605003,-218.371608942498));
#10010=CARTESIAN_POINT('Ctrl Pts',(-383.597435757755,2.00000221057175,-218.175446134843));
#10011=CARTESIAN_POINT('Ctrl Pts',(-385.603306486461,4.40321019242431,-219.539696174925));
#10012=CARTESIAN_POINT('Ctrl Pts',(-385.576823558779,4.09056835135562,-219.566782929868));
#10013=CARTESIAN_POINT('Ctrl Pts',(-385.506239389587,3.7780808172662,-219.549749242796));
#10014=CARTESIAN_POINT('Ctrl Pts',(-385.283890757425,3.20148755051337,-219.434337359267));
#10015=CARTESIAN_POINT('Ctrl Pts',(-385.132476049897,2.93750171580374,-219.336299367204));
#10016=CARTESIAN_POINT('Ctrl Pts',(-384.767584242891,2.49695284846086,-219.078160991126));
#10017=CARTESIAN_POINT('Ctrl Pts',(-384.554229711298,2.3205631529946,-218.918183174998));
#10018=CARTESIAN_POINT('Ctrl Pts',(-384.093048328074,2.08173040193258,-218.563938540407));
#10019=CARTESIAN_POINT('Ctrl Pts',(-383.845311032623,2.01977522161495,-218.369751727076));
#10020=CARTESIAN_POINT('Ctrl Pts',(-383.597455025408,2.0202021919661,-218.175465402486));
#10021=CARTESIAN_POINT('',(-385.617316567635,4.40000000000001,-219.554256307619));
#10022=CARTESIAN_POINT('Ctrl Pts',(-385.617316567635,4.40000000000001,-219.554256307619));
#10023=CARTESIAN_POINT('Ctrl Pts',(-385.610053497694,4.31450351722833,-219.56151937756));
#10024=CARTESIAN_POINT('Ctrl Pts',(-385.599556917812,4.22900722023446,-219.565548937561));
#10025=CARTESIAN_POINT('Ctrl Pts',(-385.585845261893,4.14399851453833,-219.566363421526));
#10026=CARTESIAN_POINT('Ctrl Pts',(-385.572134040357,4.05899250189902,-219.567177879688));
#10027=CARTESIAN_POINT('Ctrl Pts',(-385.555207974703,3.97447441902991,-219.564777493731));
#10028=CARTESIAN_POINT('Ctrl Pts',(-385.535122150493,3.89092606427793,-219.55921734922));
#10029=CARTESIAN_POINT('Ctrl Pts',(-385.515036917743,3.80738016974233,-219.553657368435));
#10030=CARTESIAN_POINT('Ctrl Pts',(-385.491792168414,3.724804309166,-219.544937871072));
#10031=CARTESIAN_POINT('Ctrl Pts',(-385.465479003814,3.6436691815136,-219.533149958438));
#10032=CARTESIAN_POINT('Ctrl Pts',(-385.439166555299,3.56253626186831,-219.5213623666));
#10033=CARTESIAN_POINT('Ctrl Pts',(-385.409785941439,3.48284434913959,-219.506506609417));
#10034=CARTESIAN_POINT('Ctrl Pts',(-385.377463233478,3.40504767852924,-219.488708758132));
#10035=CARTESIAN_POINT('Ctrl Pts',(-385.345141332994,3.32725295141446,-219.470911351468));
#10036=CARTESIAN_POINT('Ctrl Pts',(-385.309877594403,3.2513537095809,-219.450172106698));
#10037=CARTESIAN_POINT('Ctrl Pts',(-385.27183161519,3.1777825488425,-219.426650621305));
#10038=CARTESIAN_POINT('Ctrl Pts',(-385.233786501521,3.10421306184308,-219.403129671025));
#10039=CARTESIAN_POINT('Ctrl Pts',(-385.19295940765,3.03297186947173,-219.376826740544));
#10040=CARTESIAN_POINT('Ctrl Pts',(-385.149541632251,2.96446500004999,-219.347933128534));
#10041=CARTESIAN_POINT('Ctrl Pts',(-385.10612474772,2.89595953628741,-219.319040109378));
#10042=CARTESIAN_POINT('Ctrl Pts',(-385.060117445105,2.83018858069853,-219.287556672138));
#10043=CARTESIAN_POINT('Ctrl Pts',(-385.011740538692,2.76752696946746,-219.2537036311));
#10044=CARTESIAN_POINT('Ctrl Pts',(-384.963354920134,2.70485407357384,-219.219844493504));
#10045=CARTESIAN_POINT('Ctrl Pts',(-384.912599022094,2.64529191543813,-219.183615076426));
#10046=CARTESIAN_POINT('Ctrl Pts',(-384.859720803323,2.58918006866379,-219.145263338618));
#10047=CARTESIAN_POINT('Ctrl Pts',(-384.806845981966,2.5330718270627,-219.1069140649));
#10048=CARTESIAN_POINT('Ctrl Pts',(-384.751849311057,2.48041369687544,-219.06644294163));
#10049=CARTESIAN_POINT('Ctrl Pts',(-384.69500289444,2.43150585220317,-219.024122072652));
#10050=CARTESIAN_POINT('Ctrl Pts',(-384.638159622427,2.38260071299331,-218.981803544761));
#10051=CARTESIAN_POINT('Ctrl Pts',(-384.579467024949,2.33744565647391,-218.937635691403));
#10052=CARTESIAN_POINT('Ctrl Pts',(-384.519218244138,2.29629805755499,-218.891911654714));
#10053=CARTESIAN_POINT('Ctrl Pts',(-384.458972258211,2.25515236743408,-218.84618973912));
#10054=CARTESIAN_POINT('Ctrl Pts',(-384.397170463611,2.21801394148929,-218.798912014852));
#10055=CARTESIAN_POINT('Ctrl Pts',(-384.334123697411,2.18509444181319,-218.750389318985));
#10056=CARTESIAN_POINT('Ctrl Pts',(-384.271067744863,2.15217014553901,-218.701859553026));
#10057=CARTESIAN_POINT('Ctrl Pts',(-384.20676669996,2.12346614929781,-218.652084694712));
#10058=CARTESIAN_POINT('Ctrl Pts',(-384.141545732235,2.09914609264498,-218.601389913577));
#10059=CARTESIAN_POINT('Ctrl Pts',(-384.076332212369,2.07482881320265,-218.550700921494));
#10060=CARTESIAN_POINT('Ctrl Pts',(-384.010199231747,2.05489457686553,-218.499092468655));
#10061=CARTESIAN_POINT('Ctrl Pts',(-383.943482331858,2.03945700146754,-218.446900096548));
#10062=CARTESIAN_POINT('Ctrl Pts',(-383.876760355275,2.02401825137722,-218.394703752964));
#10063=CARTESIAN_POINT('Ctrl Pts',(-383.809454628808,2.01307691430825,-218.341923659495));
#10064=CARTESIAN_POINT('Ctrl Pts',(-383.74190742701,2.0066953613426,-218.288902090695));
#10065=CARTESIAN_POINT('Ctrl Pts',(-383.694683547893,2.00223386363717,-218.251833432202));
#10066=CARTESIAN_POINT('Ctrl Pts',(-383.647341784918,2.00000000000008,-218.214646889852));
#10067=CARTESIAN_POINT('Ctrl Pts',(-383.6,2.00000000000008,-218.177460325558));
#10068=CARTESIAN_POINT('',(-387.031530130008,4.40000000000001,-220.968469869992));
#10069=CARTESIAN_POINT('',(-385.617316567635,4.40000000000001,-219.554256307619));
#10070=CARTESIAN_POINT('Ctrl Pts',(-387.031530130008,4.40000000000001,-220.968469869992));
#10071=CARTESIAN_POINT('Ctrl Pts',(-387.025289457836,4.26532070742625,-220.974710542165));
#10072=CARTESIAN_POINT('Ctrl Pts',(-387.014673261933,4.13064157438633,-220.976575690607));
#10073=CARTESIAN_POINT('Ctrl Pts',(-386.999699966553,3.99652970156363,-220.974083739572));
#10074=CARTESIAN_POINT('Ctrl Pts',(-386.984627399201,3.86152867576696,-220.971575267065));
#10075=CARTESIAN_POINT('Ctrl Pts',(-386.96513974628,3.72710278745315,-220.964651708988));
#10076=CARTESIAN_POINT('Ctrl Pts',(-386.941293352163,3.59382559173752,-220.953369409716));
#10077=CARTESIAN_POINT('Ctrl Pts',(-386.917600995724,3.46140931065882,-220.942159989353));
#10078=CARTESIAN_POINT('Ctrl Pts',(-386.889606108613,3.33012723653977,-220.926648038317));
#10079=CARTESIAN_POINT('Ctrl Pts',(-386.857400312457,3.20053230671043,-220.906925178237));
#10080=CARTESIAN_POINT('Ctrl Pts',(-386.825195290897,3.0709404938238,-220.887202792519));
#10081=CARTESIAN_POINT('Ctrl Pts',(-386.788779624527,2.9430360511676,-220.863269761993));
#10082=CARTESIAN_POINT('Ctrl Pts',(-386.748280396365,2.81735766419337,-220.835253169674));
#10083=CARTESIAN_POINT('Ctrl Pts',(-386.707782075495,2.69168209275334,-220.807237205002));
#10084=CARTESIAN_POINT('Ctrl Pts',(-386.663200457112,2.56823277503076,-220.775137942818));
#10085=CARTESIAN_POINT('Ctrl Pts',(-386.614697009518,2.44752960989937,-220.739116851422));
#10086=CARTESIAN_POINT('Ctrl Pts',(-386.566194568576,2.32682894986986,-220.703096507617));
#10087=CARTESIAN_POINT('Ctrl Pts',(-386.513770561473,2.20887461439309,-220.66315459765));
#10088=CARTESIAN_POINT('Ctrl Pts',(-386.45761947671,2.09416333998461,-220.619485610024));
#10089=CARTESIAN_POINT('Ctrl Pts',(-386.401469464772,1.97945425725361,-220.575817456739));
#10090=CARTESIAN_POINT('Ctrl Pts',(-386.341592635954,1.8679883833901,-220.528422486574));
#10091=CARTESIAN_POINT('Ctrl Pts',(-386.278214856417,1.76023511238866,-220.477526565691));
#10092=CARTESIAN_POINT('Ctrl Pts',(-386.214838183335,1.65248372255105,-220.426631533353));
#10093=CARTESIAN_POINT('Ctrl Pts',(-386.147960817235,1.54844506115993,-220.372235807997));
#10094=CARTESIAN_POINT('Ctrl Pts',(-386.0778380958,1.448557230194,-220.314594727306));
#10095=CARTESIAN_POINT('Ctrl Pts',(-386.007716483027,1.34867097848627,-220.256954557939));
#10096=CARTESIAN_POINT('Ctrl Pts',(-385.934349768959,1.25293566251373,-220.196069287277));
#10097=CARTESIAN_POINT('Ctrl Pts',(-385.85802060911,1.16175440652132,-220.132221570833));
#10098=CARTESIAN_POINT('Ctrl Pts',(-385.780747453454,1.0694454724113,-220.067584222004));
#10099=CARTESIAN_POINT('Ctrl Pts',(-385.70043824361,0.98180424589626,-219.999910818986));
#10100=CARTESIAN_POINT('Ctrl Pts',(-385.61741228781,0.899208941209644,-219.929520670012));
#10101=CARTESIAN_POINT('Ctrl Pts',(-385.535392629686,0.81761471458763,-219.859983669222));
#10102=CARTESIAN_POINT('Ctrl Pts',(-385.450721910785,0.740944946840585,
-219.787795607654));
#10103=CARTESIAN_POINT('Ctrl Pts',(-385.363730447364,0.669522543331528,
-219.713286801567));
#10104=CARTESIAN_POINT('Ctrl Pts',(-385.276742759429,0.59810323960047,-219.638781229209));
#10105=CARTESIAN_POINT('Ctrl Pts',(-385.187434719909,0.531931013571778,
-219.561955305268));
#10106=CARTESIAN_POINT('Ctrl Pts',(-385.096156146595,0.471284534595366,
-219.483158847532));
#10107=CARTESIAN_POINT('Ctrl Pts',(-385.004880933033,0.41064028787448,-219.40436529011));
#10108=CARTESIAN_POINT('Ctrl Pts',(-384.911635532322,0.355521524842559,
-219.32360154554));
#10109=CARTESIAN_POINT('Ctrl Pts',(-384.816786317586,0.306160348626674,
-219.241233986944));
#10110=CARTESIAN_POINT('Ctrl Pts',(-384.719889919371,0.255733782626426,
-219.157088643413));
#10111=CARTESIAN_POINT('Ctrl Pts',(-384.621319903126,0.211316333912766,
-219.071269681851));
#10112=CARTESIAN_POINT('Ctrl Pts',(-384.521481413716,0.173103193126283,
-218.984182247125));
#10113=CARTESIAN_POINT('Ctrl Pts',(-384.423748500009,0.135695960574336,
-218.898931470661));
#10114=CARTESIAN_POINT('Ctrl Pts',(-384.324800313758,0.104234010080865,
-218.812465421655));
#10115=CARTESIAN_POINT('Ctrl Pts',(-384.225027271358,0.0788498369874215,
-218.725174516498));
#10116=CARTESIAN_POINT('Ctrl Pts',(-384.122029936048,0.0526453420179425,
-218.635062694591));
#10117=CARTESIAN_POINT('Ctrl Pts',(-384.018153778153,0.0329181594860441,
-218.5440720501));
#10118=CARTESIAN_POINT('Ctrl Pts',(-383.913836030081,0.0197568151269136,
-218.45263981543));
#10119=CARTESIAN_POINT('Ctrl Pts',(-383.809518282008,0.00659547076778313,
-218.36120758076));
#10120=CARTESIAN_POINT('Ctrl Pts',(-383.704759207149,8.63472435865521E-14,
-218.269334019304));
#10121=CARTESIAN_POINT('Ctrl Pts',(-383.6,8.79296635503124E-14,-218.177460325558));
#10122=CARTESIAN_POINT('Origin',(-383.920260292788,4.40000000000003,-217.857200032771));
#10123=CARTESIAN_POINT('',(-318.,4.40000000000001,-290.));
#10124=CARTESIAN_POINT('Origin',(-383.920260292788,4.40000000000003,-217.857200032771));
#10125=CARTESIAN_POINT('',(-316.585786437627,4.40000000000001,-288.585786437627));
#10126=CARTESIAN_POINT('Origin',(-317.554256307619,2.,-287.617316567635));
#10127=CARTESIAN_POINT('',(-317.554256307619,20.,-287.617316567635));
#10128=CARTESIAN_POINT('',(-318.968469869992,20.,-289.031530130008));
#10129=CARTESIAN_POINT('',(-318.968469869992,20.,-289.031530130008));
#10130=CARTESIAN_POINT('',(-317.554256307619,-1.87559058847169E-12,-287.617316567635));
#10131=CARTESIAN_POINT('',(-318.968469869992,1.99999999999999,-289.031530130008));
#10132=CARTESIAN_POINT('Origin',(-304.,-1.88202629315573E-12,-304.));
#10133=CARTESIAN_POINT('',(-387.031530130008,20.,-220.968469869992));
#10134=CARTESIAN_POINT('',(-387.031530130008,-1.88506198544649E-12,-220.968469869992));
#10135=CARTESIAN_POINT('',(-318.,20.,-290.));
#10136=CARTESIAN_POINT('Origin',(-302.585786437627,-1.87504333047804E-12,
-302.585786437627));
#10137=CARTESIAN_POINT('',(-385.617316567635,20.,-219.554256307619));
#10138=CARTESIAN_POINT('',(-385.617316567635,2.,-219.554256307619));
#10139=CARTESIAN_POINT('',(-302.585786437627,20.,-302.585786437627));
#10140=CARTESIAN_POINT('Origin',(-318.,20.,-290.));
#10141=CARTESIAN_POINT('',(-385.617316567635,20.,-219.554256307619));
#10142=CARTESIAN_POINT('Origin',(-385.617316567635,2.,-219.554256307619));
#10143=CARTESIAN_POINT('Ctrl Pts',(-383.595508992391,-0.0199959288639049,
218.173519370483));
#10144=CARTESIAN_POINT('Ctrl Pts',(-384.032889888647,-0.0207889404413721,
218.557330484725));
#10145=CARTESIAN_POINT('Ctrl Pts',(-384.470056911331,0.0942803498368011,
218.940947123664));
#10146=CARTESIAN_POINT('Ctrl Pts',(-385.280770221932,0.537864163474171,
219.644723685632));
#10147=CARTESIAN_POINT('Ctrl Pts',(-385.654153465143,0.865472556600038,
219.964730213379));
#10148=CARTESIAN_POINT('Ctrl Pts',(-386.286106827644,1.68370349771088,220.489930144951));
#10149=CARTESIAN_POINT('Ctrl Pts',(-386.544449301729,2.17400410676063,220.694895903571));
#10150=CARTESIAN_POINT('Ctrl Pts',(-386.911578798694,3.24491016569311,220.955088651902));
#10151=CARTESIAN_POINT('Ctrl Pts',(-387.019720266028,3.82529185871406,221.009679735492));
#10152=CARTESIAN_POINT('Ctrl Pts',(-387.045944413171,4.40596229799316,220.982334100621));
#10153=CARTESIAN_POINT('Ctrl Pts',(-383.595528069276,4.05271466458421E-6,
218.173538447357));
#10154=CARTESIAN_POINT('Ctrl Pts',(-384.031051060532,-0.000785370575121816,
218.555491657574));
#10155=CARTESIAN_POINT('Ctrl Pts',(-384.466361111083,0.113763244181431,
218.937251323417));
#10156=CARTESIAN_POINT('Ctrl Pts',(-385.273647974009,0.555339891241256,
219.637601437709));
#10157=CARTESIAN_POINT('Ctrl Pts',(-385.645462462082,0.881465893448002,
219.956039210318));
#10158=CARTESIAN_POINT('Ctrl Pts',(-386.274797830705,1.69599443211038,220.478621148012));
#10159=CARTESIAN_POINT('Ctrl Pts',(-386.532092096119,2.18407648636805,220.682538697961));
#10160=CARTESIAN_POINT('Ctrl Pts',(-386.897802311985,3.25013681652708,220.941312165194));
#10161=CARTESIAN_POINT('Ctrl Pts',(-387.00557560661,3.82789235369143,220.995535075109));
#10162=CARTESIAN_POINT('Ctrl Pts',(-387.031802290568,4.40593531921099,220.968191978028));
#10163=CARTESIAN_POINT('Ctrl Pts',(-383.597435757754,2.00000221057161,218.175446134842));
#10164=CARTESIAN_POINT('Ctrl Pts',(-383.847168249019,1.99957161604991,218.371608942498));
#10165=CARTESIAN_POINT('Ctrl Pts',(-384.096781086324,2.06205267864439,218.567671298657));
#10166=CARTESIAN_POINT('Ctrl Pts',(-384.5614231817,2.30291266794976,218.9253766454));
#10167=CARTESIAN_POINT('Ctrl Pts',(-384.776362155982,2.48079957824435,219.086938904218));
#10168=CARTESIAN_POINT('Ctrl Pts',(-385.143898136805,2.9250878720602,219.347721454112));
#10169=CARTESIAN_POINT('Ctrl Pts',(-385.296371535091,3.19131444710984,219.446818136933));
#10170=CARTESIAN_POINT('Ctrl Pts',(-385.520153641162,3.77280189992386,219.563663494371));
#10171=CARTESIAN_POINT('Ctrl Pts',(-385.591109664791,4.08794185142848,219.581069036855));
#10172=CARTESIAN_POINT('Ctrl Pts',(-385.61759003029,4.40323744099429,219.553979718744));
#10173=CARTESIAN_POINT('Ctrl Pts',(-383.597455025408,2.02020219196596,218.175465402486));
#10174=CARTESIAN_POINT('Ctrl Pts',(-383.845311032623,2.01977522161482,218.369751727076));
#10175=CARTESIAN_POINT('Ctrl Pts',(-384.093048328074,2.08173040193247,218.563938540407));
#10176=CARTESIAN_POINT('Ctrl Pts',(-384.554229711298,2.32056315299451,218.918183174998));
#10177=CARTESIAN_POINT('Ctrl Pts',(-384.76758424289,2.49695284846079,219.078160991126));
#10178=CARTESIAN_POINT('Ctrl Pts',(-385.132476049897,2.93750171580369,219.336299367204));
#10179=CARTESIAN_POINT('Ctrl Pts',(-385.283890757425,3.20148755051333,219.434337359267));
#10180=CARTESIAN_POINT('Ctrl Pts',(-385.506239389587,3.77808081726617,219.549749242796));
#10181=CARTESIAN_POINT('Ctrl Pts',(-385.576823558779,4.09056835135562,219.566782929868));
#10182=CARTESIAN_POINT('Ctrl Pts',(-385.603306486461,4.4032101924243,219.539696174925));
#10183=CARTESIAN_POINT('',(-387.031530130008,4.40000000000001,220.968469869992));
#10184=CARTESIAN_POINT('',(-385.617316567635,4.40000000000001,219.554256307619));
#10185=CARTESIAN_POINT('',(-385.617316567635,4.40000000000001,219.554256307619));
#10186=CARTESIAN_POINT('Ctrl Pts',(-383.6,1.99999999999992,218.177460325558));
#10187=CARTESIAN_POINT('Ctrl Pts',(-383.667718212677,1.99999999999992,218.230652398352));
#10188=CARTESIAN_POINT('Ctrl Pts',(-383.735436293989,2.00457287361215,218.283844339781));
#10189=CARTESIAN_POINT('Ctrl Pts',(-383.802809596188,2.01369255135853,218.336691502098));
#10190=CARTESIAN_POINT('Ctrl Pts',(-383.870180764016,2.02281194019555,218.389536990228));
#10191=CARTESIAN_POINT('Ctrl Pts',(-383.937206913395,2.03647780518608,218.442037459908));
#10192=CARTESIAN_POINT('Ctrl Pts',(-384.003547361446,2.05461224357917,218.493852228261));
#10193=CARTESIAN_POINT('Ctrl Pts',(-384.069885855995,2.07274614797439,218.545665470845));
#10194=CARTESIAN_POINT('Ctrl Pts',(-384.135538432954,2.09534828356608,218.596792795838));
#10195=CARTESIAN_POINT('Ctrl Pts',(-384.200172257893,2.12228981364882,218.64690136881));
#10196=CARTESIAN_POINT('Ctrl Pts',(-384.26480432389,2.14923061054618,218.697008578131));
#10197=CARTESIAN_POINT('Ctrl Pts',(-384.328417444124,2.18051044848538,218.746096841688));
#10198=CARTESIAN_POINT('Ctrl Pts',(-384.390690425805,2.21595103580528,218.793844966693));
#10199=CARTESIAN_POINT('Ctrl Pts',(-384.452961851798,2.25139073775794,218.841591898866));
#10200=CARTESIAN_POINT('Ctrl Pts',(-384.513892967296,2.29099082705935,218.887998520543));
#10201=CARTESIAN_POINT('Ctrl Pts',(-384.573177880864,2.33452559878221,218.932758940291));
#10202=CARTESIAN_POINT('Ctrl Pts',(-384.632461445704,2.37805938009192,218.977518341742));
#10203=CARTESIAN_POINT('Ctrl Pts',(-384.690098657625,2.4255274755326,219.020631390273));
#10204=CARTESIAN_POINT('Ctrl Pts',(-384.745802411245,2.47665934792656,219.061810980504));
#10205=CARTESIAN_POINT('Ctrl Pts',(-384.801505021907,2.52779017117048,219.102989725792));
#10206=CARTESIAN_POINT('Ctrl Pts',(-384.855274043297,2.58258439880108,219.142234881806));
#10207=CARTESIAN_POINT('Ctrl Pts',(-384.906844426206,2.64072975225993,219.17928139934));
#10208=CARTESIAN_POINT('Ctrl Pts',(-384.95842409637,2.69888557705327,219.216334588542));
#10209=CARTESIAN_POINT('Ctrl Pts',(-385.007804142771,2.76039348323759,219.251188153981));
#10210=CARTESIAN_POINT('Ctrl Pts',(-385.054744450611,2.8249028041816,219.283601980859));
#10211=CARTESIAN_POINT('Ctrl Pts',(-385.101681742547,2.88940798041657,219.316013725156));
#10212=CARTESIAN_POINT('Ctrl Pts',(-385.146179437307,2.9569139050657,219.345985872276));
#10213=CARTESIAN_POINT('Ctrl Pts',(-385.188025279748,3.0270357651821,219.373306167077));
#10214=CARTESIAN_POINT('Ctrl Pts',(-385.229868807378,3.09715374632862,219.400624950587));
#10215=CARTESIAN_POINT('Ctrl Pts',(-385.269060626109,3.16988706863058,219.425292025196));
#10216=CARTESIAN_POINT('Ctrl Pts',(-385.305418744395,3.24482116650602,219.44712539936));
#10217=CARTESIAN_POINT('Ctrl Pts',(-385.341775176062,3.31975178825989,219.468957760695));
#10218=CARTESIAN_POINT('Ctrl Pts',(-385.375298044056,3.39688265573953,219.487956558357));
#10219=CARTESIAN_POINT('Ctrl Pts',(-385.405837680677,3.47577417894083,219.503972124645));
#10220=CARTESIAN_POINT('Ctrl Pts',(-385.436381767133,3.55467719718099,219.519990024512));
#10221=CARTESIAN_POINT('Ctrl Pts',(-385.463941650817,3.63534104191543,219.533023721606));
#10222=CARTESIAN_POINT('Ctrl Pts',(-385.48840162109,3.71730585398109,219.54295750529));
#10223=CARTESIAN_POINT('Ctrl Pts',(-385.512858798175,3.79926130613693,219.552890154592));
#10224=CARTESIAN_POINT('Ctrl Pts',(-385.534216695758,3.8825170721635,219.559723524392));
#10225=CARTESIAN_POINT('Ctrl Pts',(-385.552394973898,3.96659862473823,219.56337727475));
#10226=CARTESIAN_POINT('Ctrl Pts',(-385.570574635279,4.05068657533546,219.567031303133));
#10227=CARTESIAN_POINT('Ctrl Pts',(-385.585574145415,4.13560007293642,219.56750518027));
#10228=CARTESIAN_POINT('Ctrl Pts',(-385.597349401291,4.2208550682255,219.564754803148));
#10229=CARTESIAN_POINT('Ctrl Pts',(-385.605581766885,4.28045889317306,219.562831948117));
#10230=CARTESIAN_POINT('Ctrl Pts',(-385.612238957323,4.34022943107052,219.559333917931));
#10231=CARTESIAN_POINT('Ctrl Pts',(-385.617316567635,4.40000000000002,219.554256307619));
#10232=CARTESIAN_POINT('Ctrl Pts',(-383.6,-7.0623824275022E-14,218.177460325558));
#10233=CARTESIAN_POINT('Ctrl Pts',(-383.701473313237,-6.82042258864026E-14,
218.26645229445));
#10234=CARTESIAN_POINT('Ctrl Pts',(-383.802946513666,0.00618792500183756,
218.355444150534));
#10235=CARTESIAN_POINT('Ctrl Pts',(-383.90401860055,0.0185377191763725,
218.444034893072));
#10236=CARTESIAN_POINT('Ctrl Pts',(-384.00576078878,0.0309693916811908,
218.533212986458));
#10237=CARTESIAN_POINT('Ctrl Pts',(-384.107096293396,0.0496449380775199,
218.621984396229));
#10238=CARTESIAN_POINT('Ctrl Pts',(-384.207619549686,0.0744846753868669,
218.709943557675));
#10239=CARTESIAN_POINT('Ctrl Pts',(-384.307493468014,0.0991639584391172,
218.797334539928));
#10240=CARTESIAN_POINT('Ctrl Pts',(-384.40656538091,0.129927938721297,218.883923516748));
#10241=CARTESIAN_POINT('Ctrl Pts',(-384.504444302637,0.166647043683364,
218.9693195024));
#10242=CARTESIAN_POINT('Ctrl Pts',(-384.602320870237,0.203365265498638,
219.054713434157));
#10243=CARTESIAN_POINT('Ctrl Pts',(-384.699004286905,0.246038238309933,
219.138914214981));
#10244=CARTESIAN_POINT('Ctrl Pts',(-384.794113644504,0.294486239590416,
219.221540936738));
#10245=CARTESIAN_POINT('Ctrl Pts',(-384.889220871398,0.342933155505228,
219.304165807433));
#10246=CARTESIAN_POINT('Ctrl Pts',(-384.982753899192,0.397154726142053,
219.385216479029));
#10247=CARTESIAN_POINT('Ctrl Pts',(-385.074345103866,0.456922600838233,
219.464325327504));
#10248=CARTESIAN_POINT('Ctrl Pts',(-385.165934407635,0.516689235097893,
219.543432534137));
#10249=CARTESIAN_POINT('Ctrl Pts',(-385.25558176669,0.582001801408065,219.620597796054));
#10250=CARTESIAN_POINT('Ctrl Pts',(-385.342935935271,0.652585251492833,
219.695469867499));
#10251=CARTESIAN_POINT('Ctrl Pts',(-385.43028843486,0.723167353007854,219.770340508435));
#10252=CARTESIAN_POINT('Ctrl Pts',(-385.515347639467,0.799019969498974,
219.842917854388));
#10253=CARTESIAN_POINT('Ctrl Pts',(-385.597781637414,0.879823677976719,
219.912869993682));
#10254=CARTESIAN_POINT('Ctrl Pts',(-385.680214196222,0.960625975777826,
219.982820911746));
#10255=CARTESIAN_POINT('Ctrl Pts',(-385.760021459569,1.04637900112158,220.050146534349));
#10256=CARTESIAN_POINT('Ctrl Pts',(-385.836893642575,1.13672165199477,220.114537076611));
#10257=CARTESIAN_POINT('Ctrl Pts',(-385.913764610208,1.22706287452213,220.178926600838));
#10258=CARTESIAN_POINT('Ctrl Pts',(-385.987700423034,1.3219933633129,220.240380970259));
#10259=CARTESIAN_POINT('Ctrl Pts',(-386.058416029166,1.42111338310509,220.298615132985));
#10260=CARTESIAN_POINT('Ctrl Pts',(-386.130006205852,1.52145926314803,220.357569502845));
#10261=CARTESIAN_POINT('Ctrl Pts',(-386.198295814846,1.62609877220097,220.413223305012));
#10262=CARTESIAN_POINT('Ctrl Pts',(-386.263017418297,1.73458034022912,220.465309101637));
#10263=CARTESIAN_POINT('Ctrl Pts',(-386.326954577914,1.84174708148137,220.51676360392));
#10264=CARTESIAN_POINT('Ctrl Pts',(-386.387409619267,1.95266298883939,220.56473598794));
#10265=CARTESIAN_POINT('Ctrl Pts',(-386.444154213783,2.06686092457233,220.608997925123));
#10266=CARTESIAN_POINT('Ctrl Pts',(-386.500896345548,2.1810539040418,220.65325794131));
#10267=CARTESIAN_POINT('Ctrl Pts',(-386.553928233088,2.2985283561902,220.693807713272));
#10268=CARTESIAN_POINT('Ctrl Pts',(-386.603052827417,2.41878956395609,220.730450192022));
#10269=CARTESIAN_POINT('Ctrl Pts',(-386.652175613583,2.53904634518723,220.767091322048));
#10270=CARTESIAN_POINT('Ctrl Pts',(-386.697391292764,2.66208939180425,220.799825345088));
#10271=CARTESIAN_POINT('Ctrl Pts',(-386.738535743264,2.78740057396691,220.828488139448));
#10272=CARTESIAN_POINT('Ctrl Pts',(-386.780568237376,2.91541641723321,220.857769578877));
#10273=CARTESIAN_POINT('Ctrl Pts',(-386.818351643906,3.04579911381706,220.882801930723));
#10274=CARTESIAN_POINT('Ctrl Pts',(-386.851747942229,3.17797570235296,220.903447174362));
#10275=CARTESIAN_POINT('Ctrl Pts',(-386.884439918654,3.30736471051936,220.923657013543));
#10276=CARTESIAN_POINT('Ctrl Pts',(-386.912927945819,3.43847237359784,220.939662903465));
#10277=CARTESIAN_POINT('Ctrl Pts',(-386.93711833537,3.57074655943106,220.951371155772));
#10278=CARTESIAN_POINT('Ctrl Pts',(-386.962090468162,3.70729535400863,220.963457775161));
#10279=CARTESIAN_POINT('Ctrl Pts',(-386.982482449405,3.84508699140351,220.970964243001));
#10280=CARTESIAN_POINT('Ctrl Pts',(-386.998231681953,3.98350313161791,220.973827962146));
#10281=CARTESIAN_POINT('Ctrl Pts',(-387.0139809145,4.12191927183232,220.97669168129));
#10282=CARTESIAN_POINT('Ctrl Pts',(-387.025087373307,4.26095954237276,220.974912626694));
#10283=CARTESIAN_POINT('Ctrl Pts',(-387.031530130008,4.40000000000001,220.968469869992));
#10284=CARTESIAN_POINT('Ctrl Pts',(-318.982334100621,4.40596229799315,289.045944413171));
#10285=CARTESIAN_POINT('Ctrl Pts',(-319.009679735492,3.82529185871402,289.019720266028));
#10286=CARTESIAN_POINT('Ctrl Pts',(-318.955088651902,3.24491016569305,288.911578798693));
#10287=CARTESIAN_POINT('Ctrl Pts',(-318.694895903571,2.17400410676054,288.544449301729));
#10288=CARTESIAN_POINT('Ctrl Pts',(-318.489930144951,1.68370349771078,288.286106827644));
#10289=CARTESIAN_POINT('Ctrl Pts',(-317.964730213379,0.865472556599941,
287.654153465143));
#10290=CARTESIAN_POINT('Ctrl Pts',(-317.644723685632,0.537864163474085,
287.280770221932));
#10291=CARTESIAN_POINT('Ctrl Pts',(-316.940947123664,0.0942803498367161,
286.47005691133));
#10292=CARTESIAN_POINT('Ctrl Pts',(-316.557330484725,-0.0207889404414531,
286.032889888646));
#10293=CARTESIAN_POINT('Ctrl Pts',(-316.173519370483,-0.0199959288639584,
285.595508992391));
#10294=CARTESIAN_POINT('Ctrl Pts',(-318.968191978028,4.40593531921098,289.031802290568));
#10295=CARTESIAN_POINT('Ctrl Pts',(-318.99553507511,3.82789235369139,289.00557560661));
#10296=CARTESIAN_POINT('Ctrl Pts',(-318.941312165194,3.25013681652702,288.897802311985));
#10297=CARTESIAN_POINT('Ctrl Pts',(-318.682538697961,2.18407648636796,288.532092096119));
#10298=CARTESIAN_POINT('Ctrl Pts',(-318.478621148012,1.69599443211028,288.274797830705));
#10299=CARTESIAN_POINT('Ctrl Pts',(-317.956039210318,0.881465893447905,
287.645462462082));
#10300=CARTESIAN_POINT('Ctrl Pts',(-317.637601437709,0.55533989124117,287.273647974009));
#10301=CARTESIAN_POINT('Ctrl Pts',(-316.937251323416,0.113763244181346,
286.466361111083));
#10302=CARTESIAN_POINT('Ctrl Pts',(-316.555491657574,-0.000785370575202677,
286.031051060531));
#10303=CARTESIAN_POINT('Ctrl Pts',(-316.173538447358,4.05271461108793E-6,
285.595528069276));
#10304=CARTESIAN_POINT('Ctrl Pts',(-317.553979718744,4.40323744099426,287.61759003029));
#10305=CARTESIAN_POINT('Ctrl Pts',(-317.581069036855,4.08794185142843,287.591109664791));
#10306=CARTESIAN_POINT('Ctrl Pts',(-317.563663494371,3.77280189992381,287.520153641162));
#10307=CARTESIAN_POINT('Ctrl Pts',(-317.446818136933,3.19131444710976,287.296371535091));
#10308=CARTESIAN_POINT('Ctrl Pts',(-317.347721454112,2.92508787206012,287.143898136805));
#10309=CARTESIAN_POINT('Ctrl Pts',(-317.086938904218,2.48079957824427,286.776362155982));
#10310=CARTESIAN_POINT('Ctrl Pts',(-316.9253766454,2.30291266794968,286.5614231817));
#10311=CARTESIAN_POINT('Ctrl Pts',(-316.567671298657,2.06205267864432,286.096781086323));
#10312=CARTESIAN_POINT('Ctrl Pts',(-316.371608942498,1.99957161604984,285.847168249019));
#10313=CARTESIAN_POINT('Ctrl Pts',(-316.175446134843,2.00000221057156,285.597435757754));
#10314=CARTESIAN_POINT('Ctrl Pts',(-317.539696174925,4.40321019242427,287.603306486461));
#10315=CARTESIAN_POINT('Ctrl Pts',(-317.566782929868,4.09056835135558,287.576823558779));
#10316=CARTESIAN_POINT('Ctrl Pts',(-317.549749242796,3.77808081726611,287.506239389587));
#10317=CARTESIAN_POINT('Ctrl Pts',(-317.434337359267,3.20148755051326,287.283890757425));
#10318=CARTESIAN_POINT('Ctrl Pts',(-317.336299367204,2.93750171580361,287.132476049897));
#10319=CARTESIAN_POINT('Ctrl Pts',(-317.078160991126,2.49695284846071,286.76758424289));
#10320=CARTESIAN_POINT('Ctrl Pts',(-316.918183174998,2.32056315299443,286.554229711298));
#10321=CARTESIAN_POINT('Ctrl Pts',(-316.563938540407,2.08173040193239,286.093048328073));
#10322=CARTESIAN_POINT('Ctrl Pts',(-316.369751727076,2.01977522161475,285.845311032623));
#10323=CARTESIAN_POINT('Ctrl Pts',(-316.175465402486,2.02020219196591,285.597455025408));
#10324=CARTESIAN_POINT('',(-317.554256307619,4.39999999999996,287.617316567635));
#10325=CARTESIAN_POINT('Ctrl Pts',(-317.554256307619,4.39999999999996,287.617316567635));
#10326=CARTESIAN_POINT('Ctrl Pts',(-317.561519377561,4.31450351722827,287.610053497693));
#10327=CARTESIAN_POINT('Ctrl Pts',(-317.565548937561,4.2290072202344,287.599556917811));
#10328=CARTESIAN_POINT('Ctrl Pts',(-317.566363421526,4.14399851453827,287.585845261893));
#10329=CARTESIAN_POINT('Ctrl Pts',(-317.567177879688,4.05899250189895,287.572134040357));
#10330=CARTESIAN_POINT('Ctrl Pts',(-317.564777493732,3.97447441902984,287.555207974703));
#10331=CARTESIAN_POINT('Ctrl Pts',(-317.55921734922,3.89092606427785,287.535122150493));
#10332=CARTESIAN_POINT('Ctrl Pts',(-317.553657368436,3.80738016974225,287.515036917743));
#10333=CARTESIAN_POINT('Ctrl Pts',(-317.544937871072,3.72480430916592,287.491792168413));
#10334=CARTESIAN_POINT('Ctrl Pts',(-317.533149958438,3.64366918151352,287.465479003813));
#10335=CARTESIAN_POINT('Ctrl Pts',(-317.5213623666,3.56253626186822,287.439166555298));
#10336=CARTESIAN_POINT('Ctrl Pts',(-317.506506609417,3.4828443491395,287.409785941439));
#10337=CARTESIAN_POINT('Ctrl Pts',(-317.488708758132,3.40504767852915,287.377463233478));
#10338=CARTESIAN_POINT('Ctrl Pts',(-317.470911351468,3.32725295141435,287.345141332993));
#10339=CARTESIAN_POINT('Ctrl Pts',(-317.450172106698,3.25135370958078,287.309877594403));
#10340=CARTESIAN_POINT('Ctrl Pts',(-317.426650621305,3.17778254884237,287.27183161519));
#10341=CARTESIAN_POINT('Ctrl Pts',(-317.403129671025,3.10421306184294,287.23378650152));
#10342=CARTESIAN_POINT('Ctrl Pts',(-317.376826740544,3.03297186947158,287.19295940765));
#10343=CARTESIAN_POINT('Ctrl Pts',(-317.347933128534,2.96446500004983,287.149541632251));
#10344=CARTESIAN_POINT('Ctrl Pts',(-317.319040109378,2.89595953628723,287.10612474772));
#10345=CARTESIAN_POINT('Ctrl Pts',(-317.287556672138,2.83018858069832,287.060117445105));
#10346=CARTESIAN_POINT('Ctrl Pts',(-317.2537036311,2.76752696946722,287.011740538692));
#10347=CARTESIAN_POINT('Ctrl Pts',(-317.219844493504,2.70485407357361,286.963354920134));
#10348=CARTESIAN_POINT('Ctrl Pts',(-317.183615076426,2.6452919154379,286.912599022093));
#10349=CARTESIAN_POINT('Ctrl Pts',(-317.145263338618,2.58918006866356,286.859720803323));
#10350=CARTESIAN_POINT('Ctrl Pts',(-317.1069140649,2.53307182706248,286.806845981966));
#10351=CARTESIAN_POINT('Ctrl Pts',(-317.06644294163,2.48041369687521,286.751849311057));
#10352=CARTESIAN_POINT('Ctrl Pts',(-317.024122072652,2.43150585220295,286.695002894439));
#10353=CARTESIAN_POINT('Ctrl Pts',(-316.981803544761,2.38260071299308,286.638159622427));
#10354=CARTESIAN_POINT('Ctrl Pts',(-316.937635691403,2.33744565647367,286.579467024948));
#10355=CARTESIAN_POINT('Ctrl Pts',(-316.891911654714,2.29629805755475,286.519218244138));
#10356=CARTESIAN_POINT('Ctrl Pts',(-316.84618973912,2.25515236743384,286.458972258211));
#10357=CARTESIAN_POINT('Ctrl Pts',(-316.798912014852,2.21801394148903,286.397170463611));
#10358=CARTESIAN_POINT('Ctrl Pts',(-316.750389318985,2.18509444181293,286.334123697411));
#10359=CARTESIAN_POINT('Ctrl Pts',(-316.701859553026,2.15217014553876,286.271067744863));
#10360=CARTESIAN_POINT('Ctrl Pts',(-316.652084694712,2.12346614929756,286.206766699959));
#10361=CARTESIAN_POINT('Ctrl Pts',(-316.601389913577,2.09914609264473,286.141545732234));
#10362=CARTESIAN_POINT('Ctrl Pts',(-316.550700921494,2.0748288132024,286.076332212368));
#10363=CARTESIAN_POINT('Ctrl Pts',(-316.499092468655,2.05489457686529,286.010199231747));
#10364=CARTESIAN_POINT('Ctrl Pts',(-316.446900096548,2.0394570014673,285.943482331857));
#10365=CARTESIAN_POINT('Ctrl Pts',(-316.394703752963,2.02401825137698,285.876760355275));
#10366=CARTESIAN_POINT('Ctrl Pts',(-316.341923659495,2.01307691430801,285.809454628808));
#10367=CARTESIAN_POINT('Ctrl Pts',(-316.288902090695,2.00669536134238,285.741907427009));
#10368=CARTESIAN_POINT('Ctrl Pts',(-316.251833432202,2.00223386363696,285.694683547892));
#10369=CARTESIAN_POINT('Ctrl Pts',(-316.214646889852,1.99999999999987,285.647341784918));
#10370=CARTESIAN_POINT('Ctrl Pts',(-316.177460325558,1.99999999999987,285.6));
#10371=CARTESIAN_POINT('',(-318.968469869992,4.39999999999995,289.031530130008));
#10372=CARTESIAN_POINT('',(-317.554256307619,4.39999999999996,287.617316567635));
#10373=CARTESIAN_POINT('Ctrl Pts',(-318.968469869992,4.39999999999995,289.031530130008));
#10374=CARTESIAN_POINT('Ctrl Pts',(-318.974710542165,4.2653207074262,289.025289457835));
#10375=CARTESIAN_POINT('Ctrl Pts',(-318.976575690607,4.13064157438629,289.014673261932));
#10376=CARTESIAN_POINT('Ctrl Pts',(-318.974083739573,3.99652970156359,288.999699966553));
#10377=CARTESIAN_POINT('Ctrl Pts',(-318.971575267065,3.86152867576692,288.984627399201));
#10378=CARTESIAN_POINT('Ctrl Pts',(-318.964651708988,3.7271027874531,288.965139746279));
#10379=CARTESIAN_POINT('Ctrl Pts',(-318.953369409716,3.59382559173747,288.941293352163));
#10380=CARTESIAN_POINT('Ctrl Pts',(-318.942159989353,3.46140931065876,288.917600995724));
#10381=CARTESIAN_POINT('Ctrl Pts',(-318.926648038317,3.33012723653971,288.889606108612));
#10382=CARTESIAN_POINT('Ctrl Pts',(-318.906925178237,3.20053230671036,288.857400312457));
#10383=CARTESIAN_POINT('Ctrl Pts',(-318.88720279252,3.07094049382373,288.825195290897));
#10384=CARTESIAN_POINT('Ctrl Pts',(-318.863269761993,2.94303605116752,288.788779624527));
#10385=CARTESIAN_POINT('Ctrl Pts',(-318.835253169674,2.81735766419328,288.748280396365));
#10386=CARTESIAN_POINT('Ctrl Pts',(-318.807237205002,2.69168209275325,288.707782075495));
#10387=CARTESIAN_POINT('Ctrl Pts',(-318.775137942818,2.56823277503067,288.663200457112));
#10388=CARTESIAN_POINT('Ctrl Pts',(-318.739116851422,2.44752960989927,288.614697009518));
#10389=CARTESIAN_POINT('Ctrl Pts',(-318.703096507617,2.32682894986976,288.566194568576));
#10390=CARTESIAN_POINT('Ctrl Pts',(-318.66315459765,2.20887461439299,288.513770561473));
#10391=CARTESIAN_POINT('Ctrl Pts',(-318.619485610024,2.09416333998451,288.45761947671));
#10392=CARTESIAN_POINT('Ctrl Pts',(-318.575817456739,1.97945425725347,288.401469464772));
#10393=CARTESIAN_POINT('Ctrl Pts',(-318.528422486574,1.86798838338992,288.341592635953));
#10394=CARTESIAN_POINT('Ctrl Pts',(-318.477526565691,1.76023511238844,288.278214856417));
#10395=CARTESIAN_POINT('Ctrl Pts',(-318.426631533353,1.65248372255083,288.214838183334));
#10396=CARTESIAN_POINT('Ctrl Pts',(-318.372235807997,1.54844506115971,288.147960817234));
#10397=CARTESIAN_POINT('Ctrl Pts',(-318.314594727306,1.44855723019378,288.0778380958));
#10398=CARTESIAN_POINT('Ctrl Pts',(-318.256954557939,1.34867097848602,288.007716483027));
#10399=CARTESIAN_POINT('Ctrl Pts',(-318.196069287277,1.25293566251345,287.934349768959));
#10400=CARTESIAN_POINT('Ctrl Pts',(-318.132221570833,1.161754406521,287.85802060911));
#10401=CARTESIAN_POINT('Ctrl Pts',(-318.067584222004,1.069445472411,287.780747453454));
#10402=CARTESIAN_POINT('Ctrl Pts',(-317.999910818986,0.981804245895966,
287.700438243609));
#10403=CARTESIAN_POINT('Ctrl Pts',(-317.929520670012,0.899208941209359,
287.61741228781));
#10404=CARTESIAN_POINT('Ctrl Pts',(-317.859983669222,0.817614714587338,
287.535392629686));
#10405=CARTESIAN_POINT('Ctrl Pts',(-317.787795607654,0.740944946840288,
287.450721910785));
#10406=CARTESIAN_POINT('Ctrl Pts',(-317.713286801567,0.669522543331227,
287.363730447364));
#10407=CARTESIAN_POINT('Ctrl Pts',(-317.638781229209,0.598103239600184,
287.276742759428));
#10408=CARTESIAN_POINT('Ctrl Pts',(-317.561955305268,0.531931013571506,
287.187434719909));
#10409=CARTESIAN_POINT('Ctrl Pts',(-317.483158847532,0.471284534595106,
287.096156146595));
#10410=CARTESIAN_POINT('Ctrl Pts',(-317.40436529011,0.410640287874222,287.004880933032));
#10411=CARTESIAN_POINT('Ctrl Pts',(-317.32360154554,0.355521524842302,286.911635532321));
#10412=CARTESIAN_POINT('Ctrl Pts',(-317.241233986944,0.306160348626419,
286.816786317585));
#10413=CARTESIAN_POINT('Ctrl Pts',(-317.157088643413,0.255733782626181,
286.719889919371));
#10414=CARTESIAN_POINT('Ctrl Pts',(-317.071269681851,0.211316333912529,
286.621319903125));
#10415=CARTESIAN_POINT('Ctrl Pts',(-316.984182247125,0.173103193126052,
286.521481413716));
#10416=CARTESIAN_POINT('Ctrl Pts',(-316.898931470661,0.135695960574112,
286.423748500009));
#10417=CARTESIAN_POINT('Ctrl Pts',(-316.812465421655,0.104234010080646,
286.324800313758));
#10418=CARTESIAN_POINT('Ctrl Pts',(-316.725174516498,0.0788498369872068,
286.225027271358));
#10419=CARTESIAN_POINT('Ctrl Pts',(-316.635062694591,0.052645342017731,
286.122029936047));
#10420=CARTESIAN_POINT('Ctrl Pts',(-316.5440720501,0.0329181594858352,286.018153778153));
#10421=CARTESIAN_POINT('Ctrl Pts',(-316.45263981543,0.0197568151267051,
285.91383603008));
#10422=CARTESIAN_POINT('Ctrl Pts',(-316.36120758076,0.00659547076757506,
285.809518282008));
#10423=CARTESIAN_POINT('Ctrl Pts',(-316.269334019304,-1.2330130112642E-13,
285.704759207149));
#10424=CARTESIAN_POINT('Ctrl Pts',(-316.177460325558,-1.24091007078785E-13,
285.6));
#10425=CARTESIAN_POINT('Origin',(-315.857200032771,4.39999999999997,285.920260292787));
#10426=CARTESIAN_POINT('',(-388.,4.40000000000001,220.));
#10427=CARTESIAN_POINT('Origin',(-315.857200032771,4.39999999999997,285.920260292787));
#10428=CARTESIAN_POINT('',(-386.585786437627,4.40000000000001,218.585786437627));
#10429=CARTESIAN_POINT('Origin',(-385.617316567635,2.,219.554256307619));
#10430=CARTESIAN_POINT('',(-385.617316567635,20.,219.554256307619));
#10431=CARTESIAN_POINT('',(-387.031530130008,20.,220.968469869992));
#10432=CARTESIAN_POINT('',(-387.031530130008,20.,220.968469869992));
#10433=CARTESIAN_POINT('',(-385.617316567635,-1.81655120523307E-12,219.554256307619));
#10434=CARTESIAN_POINT('',(-387.031530130008,1.99999999999999,220.968469869992));
#10435=CARTESIAN_POINT('Origin',(-304.,-1.88202629315573E-12,304.));
#10436=CARTESIAN_POINT('',(-318.968469869992,20.,289.031530130008));
#10437=CARTESIAN_POINT('',(-318.968469869992,-1.87148165290894E-12,289.031530130008));
#10438=CARTESIAN_POINT('',(-388.,20.,220.));
#10439=CARTESIAN_POINT('Origin',(-302.585786437627,-1.87504333047804E-12,
302.585786437627));
#10440=CARTESIAN_POINT('',(-317.554256307619,20.,287.617316567635));
#10441=CARTESIAN_POINT('',(-317.554256307619,2.,287.617316567635));
#10442=CARTESIAN_POINT('',(-302.585786437627,20.,302.585786437627));
#10443=CARTESIAN_POINT('Origin',(-388.,20.,220.));
#10444=CARTESIAN_POINT('',(-317.554256307619,20.,287.617316567635));
#10445=CARTESIAN_POINT('Origin',(-317.554256307619,2.,287.617316567635));
#10446=CARTESIAN_POINT('Origin',(-94.9999999999999,16.,-170.));
#10447=CARTESIAN_POINT('',(-94.9999999999999,16.,-160.));
#10448=CARTESIAN_POINT('',(-105.,16.,-170.));
#10449=CARTESIAN_POINT('Origin',(-94.9999999999999,16.,-160.));
#10450=CARTESIAN_POINT('',(95.,16.,-160.));
#10451=CARTESIAN_POINT('Origin',(95.,16.,-170.));
#10452=CARTESIAN_POINT('',(105.,16.,-170.));
#10453=CARTESIAN_POINT('Origin',(105.,16.,-230.));
#10454=CARTESIAN_POINT('',(105.,16.,-230.));
#10455=CARTESIAN_POINT('Origin',(95.0000000000001,16.,-230.));
#10456=CARTESIAN_POINT('',(95.0000000000001,16.,-240.));
#10457=CARTESIAN_POINT('Origin',(-94.9999999999999,16.,-240.));
#10458=CARTESIAN_POINT('',(-94.9999999999999,16.,-240.));
#10459=CARTESIAN_POINT('Origin',(-94.9999999999999,16.,-230.));
#10460=CARTESIAN_POINT('',(-105.,16.,-230.));
#10461=CARTESIAN_POINT('Origin',(-105.,16.,-230.));
#10462=CARTESIAN_POINT('Origin',(-95.,16.,230.));
#10463=CARTESIAN_POINT('',(-95.,16.,240.));
#10464=CARTESIAN_POINT('',(-105.,16.,230.));
#10465=CARTESIAN_POINT('Origin',(-95.,16.,240.));
#10466=CARTESIAN_POINT('',(95.,16.,240.));
#10467=CARTESIAN_POINT('Origin',(95.,16.,230.));
#10468=CARTESIAN_POINT('',(105.,16.,230.));
#10469=CARTESIAN_POINT('Origin',(105.,16.,230.));
#10470=CARTESIAN_POINT('',(105.,16.,170.));
#10471=CARTESIAN_POINT('Origin',(95.,16.,170.));
#10472=CARTESIAN_POINT('',(95.,16.,160.));
#10473=CARTESIAN_POINT('Origin',(-95.,16.,160.));
#10474=CARTESIAN_POINT('',(-95.,16.,160.));
#10475=CARTESIAN_POINT('Origin',(-95.,16.,170.));
#10476=CARTESIAN_POINT('',(-105.,16.,170.));
#10477=CARTESIAN_POINT('Origin',(-105.,16.,230.));
#10478=CARTESIAN_POINT('Origin',(-370.,20.,191.75));
#10479=CARTESIAN_POINT('Origin',(-388.,20.,195.5));
#10480=CARTESIAN_POINT('Origin',(-388.,20.,188.));
#10481=CARTESIAN_POINT('Origin',(-370.,20.,-191.75));
#10482=CARTESIAN_POINT('Origin',(-388.,20.,-188.));
#10483=CARTESIAN_POINT('Origin',(-388.,20.,-195.5));
#10484=CARTESIAN_POINT('Origin',(370.,20.,-191.75));
#10485=CARTESIAN_POINT('Origin',(388.,20.,-195.5));
#10486=CARTESIAN_POINT('Origin',(388.,20.,-188.));
#10487=CARTESIAN_POINT('Origin',(370.,20.,191.75));
#10488=CARTESIAN_POINT('Origin',(388.,20.,188.));
#10489=CARTESIAN_POINT('Origin',(388.,20.,195.5));
#10490=CARTESIAN_POINT('Origin',(-358.,0.,-110.));
#10491=CARTESIAN_POINT('',(-358.,0.,-109.));
#10492=CARTESIAN_POINT('',(-358.,0.,-111.));
#10493=CARTESIAN_POINT('Origin',(-358.,0.,-111.));
#10494=CARTESIAN_POINT('',(-333.28,0.,-111.));
#10495=CARTESIAN_POINT('Origin',(-333.28,0.,-100.));
#10496=CARTESIAN_POINT('',(-322.28,0.,-100.));
#10497=CARTESIAN_POINT('Origin',(-322.28,0.,-100.));
#10498=CARTESIAN_POINT('',(-322.28,0.,100.));
#10499=CARTESIAN_POINT('Origin',(-333.28,0.,100.));
#10500=CARTESIAN_POINT('',(-333.28,0.,111.));
#10501=CARTESIAN_POINT('Origin',(-333.28,0.,111.));
#10502=CARTESIAN_POINT('',(-358.,0.,111.));
#10503=CARTESIAN_POINT('Origin',(-358.,0.,110.));
#10504=CARTESIAN_POINT('',(-358.,0.,109.));
#10505=CARTESIAN_POINT('Origin',(358.,0.,-110.));
#10506=CARTESIAN_POINT('',(358.,0.,-111.));
#10507=CARTESIAN_POINT('',(358.,0.,-109.));
#10508=CARTESIAN_POINT('Origin',(358.,0.,110.));
#10509=CARTESIAN_POINT('',(358.,0.,109.));
#10510=CARTESIAN_POINT('',(358.,0.,111.));
#10511=CARTESIAN_POINT('Origin',(333.28,0.,111.));
#10512=CARTESIAN_POINT('',(333.28,0.,111.));
#10513=CARTESIAN_POINT('Origin',(333.28,0.,100.));
#10514=CARTESIAN_POINT('',(322.28,0.,100.));
#10515=CARTESIAN_POINT('Origin',(322.28,0.,-100.));
#10516=CARTESIAN_POINT('',(322.28,0.,-100.));
#10517=CARTESIAN_POINT('Origin',(333.28,0.,-100.));
#10518=CARTESIAN_POINT('',(333.28,0.,-111.));
#10519=CARTESIAN_POINT('Origin',(358.,0.,-111.));
#10520=CARTESIAN_POINT('Origin',(358.,4.4,-109.));
#10521=CARTESIAN_POINT('',(353.6,4.39999999999996,-109.));
#10522=CARTESIAN_POINT('Origin',(358.,4.4,-109.));
#10523=CARTESIAN_POINT('',(355.6,4.39999999999996,-109.));
#10524=CARTESIAN_POINT('',(353.6,4.39999999999996,-109.));
#10525=CARTESIAN_POINT('Origin',(358.,4.4,-109.));
#10526=CARTESIAN_POINT('Origin',(358.,4.4,109.));
#10527=CARTESIAN_POINT('',(355.6,4.4,109.));
#10528=CARTESIAN_POINT('',(353.6,4.40000000000001,109.));
#10529=CARTESIAN_POINT('',(353.6,4.40000000000001,109.));
#10530=CARTESIAN_POINT('Origin',(358.,4.4,109.));
#10531=CARTESIAN_POINT('Origin',(358.,4.4,109.));
#10532=CARTESIAN_POINT('Origin',(358.,4.4,-218.072293837879));
#10533=CARTESIAN_POINT('',(355.6,4.39999999999996,-8.3776003463687E-14));
#10534=CARTESIAN_POINT('Origin',(358.,4.4,-218.072293837879));
#10535=CARTESIAN_POINT('',(353.6,4.39999999999996,-8.32667268468865E-14));
#10536=CARTESIAN_POINT('Origin',(353.6,23.873540268505,100.));
#10537=CARTESIAN_POINT('',(355.6,23.873540268505,109.));
#10538=CARTESIAN_POINT('',(355.6,32.873540268505,100.));
#10539=CARTESIAN_POINT('Origin',(355.6,23.873540268505,100.));
#10540=CARTESIAN_POINT('',(353.6,32.873540268505,100.));
#10541=CARTESIAN_POINT('',(353.6,32.873540268505,100.));
#10542=CARTESIAN_POINT('',(353.6,23.873540268505,109.));
#10543=CARTESIAN_POINT('Origin',(353.6,23.873540268505,100.));
#10544=CARTESIAN_POINT('',(353.6,23.873540268505,109.));
#10545=CARTESIAN_POINT('Origin',(353.6,32.873540268505,-100.));
#10546=CARTESIAN_POINT('',(355.6,32.873540268505,-100.));
#10547=CARTESIAN_POINT('',(355.6,32.873540268505,-100.));
#10548=CARTESIAN_POINT('',(353.6,32.873540268505,-100.));
#10549=CARTESIAN_POINT('',(353.6,32.873540268505,-100.));
#10550=CARTESIAN_POINT('',(353.6,32.873540268505,-100.));
#10551=CARTESIAN_POINT('Origin',(353.6,23.873540268505,-100.));
#10552=CARTESIAN_POINT('',(355.6,23.873540268505,-109.));
#10553=CARTESIAN_POINT('Origin',(355.6,23.873540268505,-100.));
#10554=CARTESIAN_POINT('',(353.6,23.873540268505,-109.));
#10555=CARTESIAN_POINT('',(353.6,23.873540268505,-109.));
#10556=CARTESIAN_POINT('Origin',(353.6,23.873540268505,-100.));
#10557=CARTESIAN_POINT('Origin',(355.600000000001,357.153540268505,-8.37760034636873E-14));
#10558=CARTESIAN_POINT('',(355.6,-0.846459731494997,-109.));
#10559=CARTESIAN_POINT('',(355.6,23.873540268505,109.));
#10560=CARTESIAN_POINT('Origin',(353.6,-0.846459731494997,-109.));
#10561=CARTESIAN_POINT('',(353.6,-0.846459731494997,-109.));
#10562=CARTESIAN_POINT('Origin',(353.600000000001,357.153540268505,-8.32667268468867E-14));
#10563=CARTESIAN_POINT('',(353.6,23.873540268505,109.));
#10564=CARTESIAN_POINT('Origin',(353.6,23.873540268505,109.));
#10565=CARTESIAN_POINT('Origin',(-358.,4.4,-109.));
#10566=CARTESIAN_POINT('',(-353.6,4.40000000000001,-109.));
#10567=CARTESIAN_POINT('',(-355.6,4.40000000000004,-109.));
#10568=CARTESIAN_POINT('',(-353.6,4.40000000000001,-109.));
#10569=CARTESIAN_POINT('Origin',(-358.,4.4,-109.));
#10570=CARTESIAN_POINT('Origin',(-358.,4.4,-109.));
#10571=CARTESIAN_POINT('Origin',(-358.,4.4,109.));
#10572=CARTESIAN_POINT('',(-353.6,4.40000000000007,109.));
#10573=CARTESIAN_POINT('Origin',(-358.,4.4,109.));
#10574=CARTESIAN_POINT('',(-355.6,4.40000000000007,109.));
#10575=CARTESIAN_POINT('',(-353.6,4.40000000000007,109.));
#10576=CARTESIAN_POINT('Origin',(-358.,4.4,109.));
#10577=CARTESIAN_POINT('Origin',(-358.,4.4,218.072293837879));
#10578=CARTESIAN_POINT('',(-355.6,4.40000000000001,-8.3776003463687E-14));
#10579=CARTESIAN_POINT('Origin',(-358.,4.4,218.072293837879));
#10580=CARTESIAN_POINT('',(-353.6,4.40000000000001,-8.32667268468864E-14));
#10581=CARTESIAN_POINT('Origin',(-353.6,23.873540268505,-100.));
#10582=CARTESIAN_POINT('',(-355.6,23.873540268505,-109.));
#10583=CARTESIAN_POINT('',(-355.6,32.873540268505,-100.));
#10584=CARTESIAN_POINT('Origin',(-355.6,23.873540268505,-100.));
#10585=CARTESIAN_POINT('',(-353.6,32.873540268505,-100.));
#10586=CARTESIAN_POINT('',(-353.6,32.873540268505,-100.));
#10587=CARTESIAN_POINT('',(-353.6,23.873540268505,-109.));
#10588=CARTESIAN_POINT('Origin',(-353.6,23.873540268505,-100.));
#10589=CARTESIAN_POINT('',(-353.6,23.873540268505,-109.));
#10590=CARTESIAN_POINT('Origin',(-353.6,32.873540268505,-100.));
#10591=CARTESIAN_POINT('',(-355.6,32.873540268505,100.));
#10592=CARTESIAN_POINT('',(-355.6,32.873540268505,-100.));
#10593=CARTESIAN_POINT('',(-353.6,32.873540268505,100.));
#10594=CARTESIAN_POINT('',(-353.6,32.873540268505,100.));
#10595=CARTESIAN_POINT('',(-353.6,32.873540268505,-100.));
#10596=CARTESIAN_POINT('Origin',(-353.6,23.873540268505,100.));
#10597=CARTESIAN_POINT('',(-355.6,23.8735402685051,109.));
#10598=CARTESIAN_POINT('Origin',(-355.6,23.873540268505,100.));
#10599=CARTESIAN_POINT('',(-353.6,23.8735402685051,109.));
#10600=CARTESIAN_POINT('',(-353.6,23.8735402685051,109.));
#10601=CARTESIAN_POINT('Origin',(-353.6,23.873540268505,100.));
#10602=CARTESIAN_POINT('Origin',(-355.600000000001,357.153540268505,-8.37760034636873E-14));
#10603=CARTESIAN_POINT('',(-355.6,-0.846459731494997,-109.));
#10604=CARTESIAN_POINT('',(-355.6,23.8735402685051,109.));
#10605=CARTESIAN_POINT('Origin',(-353.6,23.8735402685051,109.));
#10606=CARTESIAN_POINT('',(-353.6,23.8735402685051,109.));
#10607=CARTESIAN_POINT('Origin',(-353.600000000001,357.153540268505,-8.32667268468867E-14));
#10608=CARTESIAN_POINT('',(-353.6,-0.846459731494997,-109.));
#10609=CARTESIAN_POINT('Origin',(-353.6,-0.846459731494997,-109.));
#10610=UNCERTAINTY_MEASURE_WITH_UNIT(LENGTH_MEASURE(0.01),#10614,
'DISTANCE_ACCURACY_VALUE',
'Maximum model space distance between geometric entities at asserted c
onnectivities');
#10611=UNCERTAINTY_MEASURE_WITH_UNIT(LENGTH_MEASURE(0.01),#10614,
'DISTANCE_ACCURACY_VALUE',
'Maximum model space distance between geometric entities at asserted c
onnectivities');
#10612=(
GEOMETRIC_REPRESENTATION_CONTEXT(3)
GLOBAL_UNCERTAINTY_ASSIGNED_CONTEXT((#10610))
GLOBAL_UNIT_ASSIGNED_CONTEXT((#10614,#10616,#10617))
REPRESENTATION_CONTEXT('','3D')
);
#10613=(
GEOMETRIC_REPRESENTATION_CONTEXT(3)
GLOBAL_UNCERTAINTY_ASSIGNED_CONTEXT((#10611))
GLOBAL_UNIT_ASSIGNED_CONTEXT((#10614,#10616,#10617))
REPRESENTATION_CONTEXT('','3D')
);
#10614=(
LENGTH_UNIT()
NAMED_UNIT(*)
SI_UNIT(.MILLI.,.METRE.)
);
#10615=(
LENGTH_UNIT()
NAMED_UNIT(*)
SI_UNIT($,.METRE.)
);
#10616=(
NAMED_UNIT(*)
PLANE_ANGLE_UNIT()
SI_UNIT($,.RADIAN.)
);
#10617=(
NAMED_UNIT(*)
SI_UNIT($,.STERADIAN.)
SOLID_ANGLE_UNIT()
);
#10618=SHAPE_DEFINITION_REPRESENTATION(#10619,#10620);
#10619=PRODUCT_DEFINITION_SHAPE('',$,#10622);
#10620=SHAPE_REPRESENTATION('',(#5078),#10612);
#10621=PRODUCT_DEFINITION_CONTEXT('part definition',#10626,'design');
#10622=PRODUCT_DEFINITION('MMP.02.00.00.001 Base','Base v1',#10623,#10621);
#10623=PRODUCT_DEFINITION_FORMATION('',$,#10628);
#10624=PRODUCT_RELATED_PRODUCT_CATEGORY('Base v1','Base v1',(#10628));
#10625=APPLICATION_PROTOCOL_DEFINITION('international standard',
'automotive_design',2009,#10626);
#10626=APPLICATION_CONTEXT(
'Core Data for Automotive Mechanical Design Process');
#10627=PRODUCT_CONTEXT('part definition',#10626,'mechanical');
#10628=PRODUCT('MMP.02.00.00.001 Base','Base v1','STEP AP203',(#10627));
#10629=PRESENTATION_STYLE_ASSIGNMENT((#10630));
#10630=SURFACE_STYLE_USAGE(.BOTH.,#10631);
#10631=SURFACE_SIDE_STYLE('',(#10632));
#10632=SURFACE_STYLE_FILL_AREA(#10633);
#10633=FILL_AREA_STYLE('Steel - Satin',(#10634));
#10634=FILL_AREA_STYLE_COLOUR('Steel - Satin',#10635);
#10635=COLOUR_RGB('Steel - Satin',0.627450980392157,0.627450980392157,0.627450980392157);
ENDSEC;
END-ISO-10303-21;
