ISO-10303-21;
HEADER;
/* Generated by software containing ST-Developer
 * from STEP Tools, Inc. (www.steptools.com) 
 */

FILE_DESCRIPTION(
/* description */ ('STEP AP203'),
/* implementation_level */ '2;1');

FILE_NAME(
/* name */ 'Cover flange.step',
/* time_stamp */ '2026-07-23T10:28:42+08:00',
/* author */ (''),
/* organization */ (''),
/* preprocessor_version */ 'ST-DEVELOPER v20.1',
/* originating_system */ 'Autodesk Translation Framework v15.8.0.0',
/* authorisation */ '');

FILE_SCHEMA (('AUTOMOTIVE_DESIGN { 1 0 10303 214 3 1 1 }'));
ENDSEC;

DATA;
#10=MECHANICAL_DESIGN_GEOMETRIC_PRESENTATION_REPRESENTATION('',(#13),#2476);
#11=SHAPE_REPRESENTATION_RELATIONSHIP('SRR','None',#2483,#12);
#12=ADVANCED_BREP_SHAPE_REPRESENTATION('',(#14),#2475);
#13=STYLED_ITEM('',(#2492),#14);
#14=MANIFOLD_SOLID_BREP('Body1',#1276);
#15=B_SPLINE_CURVE_WITH_KNOTS('',3,(#2041,#2042,#2043,#2044,#2045,#2046,
#2047,#2048,#2049,#2050,#2051,#2052,#2053,#2054),.UNSPECIFIED.,.F.,.F.,
(4,2,2,2,2,2,4),(-0.331351047998814,-0.267836562880858,-0.204335935229218,
-0.165703069659679,-0.127070237084328,-0.0635420291585661,0.),
 .UNSPECIFIED.);
#16=B_SPLINE_CURVE_WITH_KNOTS('',3,(#2055,#2056,#2057,#2058,#2059,#2060,
#2061,#2062,#2063,#2064,#2065,#2066,#2067,#2068,#2069,#2070),
 .UNSPECIFIED.,.F.,.F.,(4,2,2,2,2,2,2,4),(-0.477321743585226,-0.383342142312045,
-0.286841759049536,-0.23873338322858,-0.19062474567995,-0.0941238411384581,
-0.0470675639472392,0.),.UNSPECIFIED.);
#17=B_SPLINE_CURVE_WITH_KNOTS('',3,(#2112,#2113,#2114,#2115,#2116,#2117,
#2118,#2119,#2120,#2121,#2122,#2123,#2124,#2125),.UNSPECIFIED.,.F.,.F.,
(4,2,2,2,2,2,4),(-0.358801564981206,-0.291789641127351,-0.224794754935155,
-0.179475895839484,-0.134157024855037,-0.0670869980063556,0.),
 .UNSPECIFIED.);
#18=B_SPLINE_CURVE_WITH_KNOTS('',3,(#2128,#2129,#2130,#2131,#2132,#2133,
#2134,#2135,#2136,#2137,#2138,#2139,#2140,#2141,#2142,#2143,#2144,#2145),
 .UNSPECIFIED.,.F.,.F.,(4,2,2,2,2,2,2,2,4),(-0.496482141018015,-0.447552089320783,
-0.398632449808371,-0.30053811443667,-0.248422748688742,-0.196307132766281,
-0.0980302018025584,-0.0490203527290974,0.),.UNSPECIFIED.);
#19=B_SPLINE_CURVE_WITH_KNOTS('',3,(#2211,#2212,#2213,#2214,#2215,#2216,
#2217,#2218,#2219,#2220,#2221,#2222,#2223,#2224),.UNSPECIFIED.,.F.,.F.,
(4,2,2,2,2,2,4),(-0.358801564980617,-0.291789641126806,-0.224794754934742,
-0.179475895839203,-0.134157024854873,-0.067086998006281,0.),
 .UNSPECIFIED.);
#20=B_SPLINE_CURVE_WITH_KNOTS('',3,(#2226,#2227,#2228,#2229,#2230,#2231,
#2232,#2233,#2234,#2235,#2236,#2237,#2238,#2239,#2240,#2241,#2242,#2243),
 .UNSPECIFIED.,.F.,.F.,(4,2,2,2,2,2,2,2,4),(-0.496482141018415,-0.447552089321044,
-0.398632449808533,-0.300538114436632,-0.248422748688592,-0.196307132766065,
-0.0980302018023637,-0.0490203527290107,0.),.UNSPECIFIED.);
#21=B_SPLINE_CURVE_WITH_KNOTS('',3,(#2285,#2286,#2287,#2288,#2289,#2290,
#2291,#2292,#2293,#2294,#2295,#2296,#2297,#2298),.UNSPECIFIED.,.F.,.F.,
(4,2,2,2,2,2,4),(-0.33135104799871,-0.267836562880859,-0.204335935229174,
-0.165703069659636,-0.127070237084362,-0.0635420291585874,0.),
 .UNSPECIFIED.);
#22=B_SPLINE_CURVE_WITH_KNOTS('',3,(#2301,#2302,#2303,#2304,#2305,#2306,
#2307,#2308,#2309,#2310,#2311,#2312,#2313,#2314,#2315,#2316),
 .UNSPECIFIED.,.F.,.F.,(4,2,2,2,2,2,2,4),(-0.477321743587403,-0.383342142313646,
-0.286841759050565,-0.238733383229323,-0.19062474568046,-0.0941238411386069,
-0.0470675639472812,0.),.UNSPECIFIED.);
#23=B_SPLINE_SURFACE_WITH_KNOTS('',1,3,((#1998,#1999,#2000,#2001,#2002,
#2003,#2004,#2005,#2006,#2007),(#2008,#2009,#2010,#2011,#2012,#2013,#2014,
#2015,#2016,#2017),(#2018,#2019,#2020,#2021,#2022,#2023,#2024,#2025,#2026,
#2027),(#2028,#2029,#2030,#2031,#2032,#2033,#2034,#2035,#2036,#2037)),
 .UNSPECIFIED.,.F.,.F.,.F.,(2,1,1,2),(4,2,2,2,4),(-0.01,0.,1.,1.0101),(-0.000147811577610683,
0.25,0.5,0.75,1.00014781157759),.UNSPECIFIED.);
#24=B_SPLINE_SURFACE_WITH_KNOTS('',1,3,((#2071,#2072,#2073,#2074,#2075,
#2076,#2077,#2078,#2079,#2080),(#2081,#2082,#2083,#2084,#2085,#2086,#2087,
#2088,#2089,#2090),(#2091,#2092,#2093,#2094,#2095,#2096,#2097,#2098,#2099,
#2100),(#2101,#2102,#2103,#2104,#2105,#2106,#2107,#2108,#2109,#2110)),
 .UNSPECIFIED.,.F.,.F.,.F.,(2,1,1,2),(4,2,2,2,4),(-0.01,0.,1.,1.0101),(-0.000145650924773298,
0.25,0.5,0.75,1.00014565092477),.UNSPECIFIED.);
#25=B_SPLINE_SURFACE_WITH_KNOTS('',1,3,((#2168,#2169,#2170,#2171,#2172,
#2173,#2174,#2175,#2176,#2177),(#2178,#2179,#2180,#2181,#2182,#2183,#2184,
#2185,#2186,#2187),(#2188,#2189,#2190,#2191,#2192,#2193,#2194,#2195,#2196,
#2197),(#2198,#2199,#2200,#2201,#2202,#2203,#2204,#2205,#2206,#2207)),
 .UNSPECIFIED.,.F.,.F.,.F.,(2,1,1,2),(4,2,2,2,4),(-0.01,0.,1.,1.0101),(-0.000145650924685531,
0.25,0.5,0.75,1.00014565092472),.UNSPECIFIED.);
#26=B_SPLINE_SURFACE_WITH_KNOTS('',1,3,((#2244,#2245,#2246,#2247,#2248,
#2249,#2250,#2251,#2252,#2253),(#2254,#2255,#2256,#2257,#2258,#2259,#2260,
#2261,#2262,#2263),(#2264,#2265,#2266,#2267,#2268,#2269,#2270,#2271,#2272,
#2273),(#2274,#2275,#2276,#2277,#2278,#2279,#2280,#2281,#2282,#2283)),
 .UNSPECIFIED.,.F.,.F.,.F.,(2,1,1,2),(4,2,2,2,4),(-0.01,0.,1.,1.0101),(-0.000147811577596502,
0.25,0.5,0.75,1.0001478115776),.UNSPECIFIED.);
#27=FACE_BOUND('',#224,.T.);
#28=FACE_BOUND('',#225,.T.);
#29=FACE_BOUND('',#226,.T.);
#30=FACE_BOUND('',#228,.T.);
#31=FACE_BOUND('',#229,.T.);
#32=FACE_BOUND('',#230,.T.);
#33=FACE_BOUND('',#239,.T.);
#34=FACE_BOUND('',#241,.T.);
#35=FACE_BOUND('',#250,.T.);
#36=FACE_BOUND('',#252,.T.);
#37=(
BOUNDED_SURFACE()
B_SPLINE_SURFACE(3,3,((#1784,#1785,#1786,#1787),(#1788,#1789,#1790,#1791),
(#1792,#1793,#1794,#1795),(#1796,#1797,#1798,#1799),(#1800,#1801,#1802,
#1803),(#1804,#1805,#1806,#1807),(#1808,#1809,#1810,#1811)),
 .UNSPECIFIED.,.T.,.F.,.F.)
B_SPLINE_SURFACE_WITH_KNOTS((4,3,4),(4,4),(0.,0.5,1.),(0.,1.),
 .UNSPECIFIED.)
GEOMETRIC_REPRESENTATION_ITEM()
RATIONAL_B_SPLINE_SURFACE(((1.,1.,1.,1.),(0.333333333333333,0.333333333333333,
0.333333333333333,0.333333333333333),(0.333333333333333,0.333333333333333,
0.333333333333333,0.333333333333333),(1.,1.,1.,1.),(0.333333333333333,0.333333333333333,
0.333333333333333,0.333333333333333),(0.333333333333333,0.333333333333333,
0.333333333333333,0.333333333333333),(1.,1.,1.,1.)))
REPRESENTATION_ITEM('')
SURFACE()
);
#38=(
BOUNDED_SURFACE()
B_SPLINE_SURFACE(3,3,((#1820,#1821,#1822,#1823),(#1824,#1825,#1826,#1827),
(#1828,#1829,#1830,#1831),(#1832,#1833,#1834,#1835),(#1836,#1837,#1838,
#1839),(#1840,#1841,#1842,#1843),(#1844,#1845,#1846,#1847)),
 .UNSPECIFIED.,.T.,.F.,.F.)
B_SPLINE_SURFACE_WITH_KNOTS((4,3,4),(4,4),(0.,0.5,1.),(0.,1.),
 .UNSPECIFIED.)
GEOMETRIC_REPRESENTATION_ITEM()
RATIONAL_B_SPLINE_SURFACE(((1.,1.,1.,1.),(0.333333333333333,0.333333333333333,
0.333333333333333,0.333333333333333),(0.333333333333333,0.333333333333333,
0.333333333333333,0.333333333333333),(1.,1.,1.,1.),(0.333333333333333,0.333333333333333,
0.333333333333333,0.333333333333333),(0.333333333333333,0.333333333333333,
0.333333333333333,0.333333333333333),(1.,1.,1.,1.)))
REPRESENTATION_ITEM('')
SURFACE()
);
#39=(
BOUNDED_SURFACE()
B_SPLINE_SURFACE(3,3,((#1862,#1863,#1864,#1865),(#1866,#1867,#1868,#1869),
(#1870,#1871,#1872,#1873),(#1874,#1875,#1876,#1877),(#1878,#1879,#1880,
#1881),(#1882,#1883,#1884,#1885),(#1886,#1887,#1888,#1889)),
 .UNSPECIFIED.,.T.,.F.,.F.)
B_SPLINE_SURFACE_WITH_KNOTS((4,3,4),(4,4),(0.,0.5,1.),(0.,1.),
 .UNSPECIFIED.)
GEOMETRIC_REPRESENTATION_ITEM()
RATIONAL_B_SPLINE_SURFACE(((1.,1.,1.,1.),(0.333333333333333,0.333333333333333,
0.333333333333333,0.333333333333333),(0.333333333333333,0.333333333333333,
0.333333333333333,0.333333333333333),(1.,1.,1.,1.),(0.333333333333333,0.333333333333333,
0.333333333333333,0.333333333333333),(0.333333333333333,0.333333333333333,
0.333333333333333,0.333333333333333),(1.,1.,1.,1.)))
REPRESENTATION_ITEM('')
SURFACE()
);
#40=(
BOUNDED_SURFACE()
B_SPLINE_SURFACE(3,3,((#1895,#1896,#1897,#1898),(#1899,#1900,#1901,#1902),
(#1903,#1904,#1905,#1906),(#1907,#1908,#1909,#1910),(#1911,#1912,#1913,
#1914),(#1915,#1916,#1917,#1918),(#1919,#1920,#1921,#1922)),
 .UNSPECIFIED.,.T.,.F.,.F.)
B_SPLINE_SURFACE_WITH_KNOTS((4,3,4),(4,4),(0.,0.5,1.),(0.,1.),
 .UNSPECIFIED.)
GEOMETRIC_REPRESENTATION_ITEM()
RATIONAL_B_SPLINE_SURFACE(((1.,1.,1.,1.),(0.333333333333333,0.333333333333333,
0.333333333333333,0.333333333333333),(0.333333333333333,0.333333333333333,
0.333333333333333,0.333333333333333),(1.,1.,1.,1.),(0.333333333333333,0.333333333333333,
0.333333333333333,0.333333333333333),(0.333333333333333,0.333333333333333,
0.333333333333333,0.333333333333333),(1.,1.,1.,1.)))
REPRESENTATION_ITEM('')
SURFACE()
);
#41=PLANE('',#1305);
#42=PLANE('',#1310);
#43=PLANE('',#1315);
#44=PLANE('',#1316);
#45=PLANE('',#1317);
#46=PLANE('',#1320);
#47=PLANE('',#1321);
#48=PLANE('',#1322);
#49=PLANE('',#1325);
#50=PLANE('',#1328);
#51=PLANE('',#1333);
#52=PLANE('',#1334);
#53=PLANE('',#1335);
#54=PLANE('',#1336);
#55=PLANE('',#1337);
#56=PLANE('',#1340);
#57=PLANE('',#1341);
#58=PLANE('',#1342);
#59=PLANE('',#1343);
#60=PLANE('',#1344);
#61=PLANE('',#1347);
#62=PLANE('',#1348);
#63=PLANE('',#1349);
#64=PLANE('',#1350);
#65=PLANE('',#1351);
#66=PLANE('',#1352);
#67=PLANE('',#1353);
#68=PLANE('',#1354);
#69=PLANE('',#1355);
#70=PLANE('',#1356);
#71=PLANE('',#1357);
#72=PLANE('',#1360);
#73=PLANE('',#1365);
#74=PLANE('',#1366);
#75=PLANE('',#1367);
#76=PLANE('',#1368);
#77=PLANE('',#1369);
#78=PLANE('',#1370);
#79=PLANE('',#1373);
#80=PLANE('',#1378);
#81=PLANE('',#1379);
#82=PLANE('',#1380);
#83=PLANE('',#1381);
#84=PLANE('',#1382);
#85=PLANE('',#1383);
#86=PLANE('',#1386);
#87=PLANE('',#1391);
#88=PLANE('',#1392);
#89=PLANE('',#1393);
#90=PLANE('',#1394);
#91=PLANE('',#1395);
#92=PLANE('',#1396);
#93=CIRCLE('',#1294,1.89999999999998);
#94=CIRCLE('',#1295,1.89999999999998);
#95=CIRCLE('',#1297,1.9);
#96=CIRCLE('',#1298,1.9);
#97=CIRCLE('',#1300,1.89999999999998);
#98=CIRCLE('',#1301,1.89999999999998);
#99=CIRCLE('',#1326,1.19999999999999);
#100=CIRCLE('',#1327,2.);
#101=CIRCLE('',#1329,1.19999999999999);
#102=CIRCLE('',#1330,2.);
#103=CIRCLE('',#1358,0.0500000000000332);
#104=CIRCLE('',#1359,0.850000000000015);
#105=CIRCLE('',#1361,0.0500000000000332);
#106=CIRCLE('',#1362,0.850000000000015);
#107=CIRCLE('',#1371,0.0499999999999534);
#108=CIRCLE('',#1372,0.849999999999954);
#109=CIRCLE('',#1374,0.0499999999999534);
#110=CIRCLE('',#1375,0.849999999999954);
#111=CIRCLE('',#1384,0.0500000000000528);
#112=CIRCLE('',#1385,0.850000000000034);
#113=CIRCLE('',#1387,0.0500000000000332);
#114=CIRCLE('',#1388,0.850000000000054);
#115=FACE_OUTER_BOUND('',#196,.T.);
#116=FACE_OUTER_BOUND('',#197,.T.);
#117=FACE_OUTER_BOUND('',#198,.T.);
#118=FACE_OUTER_BOUND('',#199,.T.);
#119=FACE_OUTER_BOUND('',#200,.T.);
#120=FACE_OUTER_BOUND('',#201,.T.);
#121=FACE_OUTER_BOUND('',#202,.T.);
#122=FACE_OUTER_BOUND('',#203,.T.);
#123=FACE_OUTER_BOUND('',#204,.T.);
#124=FACE_OUTER_BOUND('',#205,.T.);
#125=FACE_OUTER_BOUND('',#206,.T.);
#126=FACE_OUTER_BOUND('',#207,.T.);
#127=FACE_OUTER_BOUND('',#208,.T.);
#128=FACE_OUTER_BOUND('',#209,.T.);
#129=FACE_OUTER_BOUND('',#210,.T.);
#130=FACE_OUTER_BOUND('',#211,.T.);
#131=FACE_OUTER_BOUND('',#212,.T.);
#132=FACE_OUTER_BOUND('',#213,.T.);
#133=FACE_OUTER_BOUND('',#214,.T.);
#134=FACE_OUTER_BOUND('',#215,.T.);
#135=FACE_OUTER_BOUND('',#216,.T.);
#136=FACE_OUTER_BOUND('',#217,.T.);
#137=FACE_OUTER_BOUND('',#218,.T.);
#138=FACE_OUTER_BOUND('',#219,.T.);
#139=FACE_OUTER_BOUND('',#220,.T.);
#140=FACE_OUTER_BOUND('',#221,.T.);
#141=FACE_OUTER_BOUND('',#222,.T.);
#142=FACE_OUTER_BOUND('',#223,.T.);
#143=FACE_OUTER_BOUND('',#227,.T.);
#144=FACE_OUTER_BOUND('',#231,.T.);
#145=FACE_OUTER_BOUND('',#232,.T.);
#146=FACE_OUTER_BOUND('',#233,.T.);
#147=FACE_OUTER_BOUND('',#234,.T.);
#148=FACE_OUTER_BOUND('',#235,.T.);
#149=FACE_OUTER_BOUND('',#236,.T.);
#150=FACE_OUTER_BOUND('',#237,.T.);
#151=FACE_OUTER_BOUND('',#238,.T.);
#152=FACE_OUTER_BOUND('',#240,.T.);
#153=FACE_OUTER_BOUND('',#242,.T.);
#154=FACE_OUTER_BOUND('',#243,.T.);
#155=FACE_OUTER_BOUND('',#244,.T.);
#156=FACE_OUTER_BOUND('',#245,.T.);
#157=FACE_OUTER_BOUND('',#246,.T.);
#158=FACE_OUTER_BOUND('',#247,.T.);
#159=FACE_OUTER_BOUND('',#248,.T.);
#160=FACE_OUTER_BOUND('',#249,.T.);
#161=FACE_OUTER_BOUND('',#251,.T.);
#162=FACE_OUTER_BOUND('',#253,.T.);
#163=FACE_OUTER_BOUND('',#254,.T.);
#164=FACE_OUTER_BOUND('',#255,.T.);
#165=FACE_OUTER_BOUND('',#256,.T.);
#166=FACE_OUTER_BOUND('',#257,.T.);
#167=FACE_OUTER_BOUND('',#258,.T.);
#168=FACE_OUTER_BOUND('',#259,.T.);
#169=FACE_OUTER_BOUND('',#260,.T.);
#170=FACE_OUTER_BOUND('',#261,.T.);
#171=FACE_OUTER_BOUND('',#262,.T.);
#172=FACE_OUTER_BOUND('',#263,.T.);
#173=FACE_OUTER_BOUND('',#264,.T.);
#174=FACE_OUTER_BOUND('',#265,.T.);
#175=FACE_OUTER_BOUND('',#266,.T.);
#176=FACE_OUTER_BOUND('',#267,.T.);
#177=FACE_OUTER_BOUND('',#268,.T.);
#178=FACE_OUTER_BOUND('',#269,.T.);
#179=FACE_OUTER_BOUND('',#270,.T.);
#180=FACE_OUTER_BOUND('',#271,.T.);
#181=FACE_OUTER_BOUND('',#272,.T.);
#182=FACE_OUTER_BOUND('',#273,.T.);
#183=FACE_OUTER_BOUND('',#274,.T.);
#184=FACE_OUTER_BOUND('',#275,.T.);
#185=FACE_OUTER_BOUND('',#276,.T.);
#186=FACE_OUTER_BOUND('',#277,.T.);
#187=FACE_OUTER_BOUND('',#278,.T.);
#188=FACE_OUTER_BOUND('',#279,.T.);
#189=FACE_OUTER_BOUND('',#280,.T.);
#190=FACE_OUTER_BOUND('',#281,.T.);
#191=FACE_OUTER_BOUND('',#282,.T.);
#192=FACE_OUTER_BOUND('',#283,.T.);
#193=FACE_OUTER_BOUND('',#284,.T.);
#194=FACE_OUTER_BOUND('',#285,.T.);
#195=FACE_OUTER_BOUND('',#286,.T.);
#196=EDGE_LOOP('',(#828,#829,#830,#831));
#197=EDGE_LOOP('',(#832,#833,#834,#835));
#198=EDGE_LOOP('',(#836,#837,#838,#839));
#199=EDGE_LOOP('',(#840,#841,#842,#843));
#200=EDGE_LOOP('',(#844,#845,#846,#847));
#201=EDGE_LOOP('',(#848,#849,#850,#851));
#202=EDGE_LOOP('',(#852,#853,#854,#855));
#203=EDGE_LOOP('',(#856,#857,#858,#859));
#204=EDGE_LOOP('',(#860,#861,#862,#863));
#205=EDGE_LOOP('',(#864,#865,#866,#867));
#206=EDGE_LOOP('',(#868,#869,#870,#871));
#207=EDGE_LOOP('',(#872,#873,#874));
#208=EDGE_LOOP('',(#875,#876,#877));
#209=EDGE_LOOP('',(#878,#879,#880,#881,#882,#883));
#210=EDGE_LOOP('',(#884,#885,#886,#887));
#211=EDGE_LOOP('',(#888,#889,#890,#891));
#212=EDGE_LOOP('',(#892,#893,#894));
#213=EDGE_LOOP('',(#895,#896,#897));
#214=EDGE_LOOP('',(#898,#899,#900,#901,#902,#903));
#215=EDGE_LOOP('',(#904,#905,#906,#907));
#216=EDGE_LOOP('',(#908,#909,#910,#911));
#217=EDGE_LOOP('',(#912,#913,#914,#915));
#218=EDGE_LOOP('',(#916,#917,#918,#919));
#219=EDGE_LOOP('',(#920,#921,#922,#923));
#220=EDGE_LOOP('',(#924,#925,#926,#927));
#221=EDGE_LOOP('',(#928,#929,#930,#931));
#222=EDGE_LOOP('',(#932,#933,#934,#935));
#223=EDGE_LOOP('',(#936,#937,#938,#939));
#224=EDGE_LOOP('',(#940));
#225=EDGE_LOOP('',(#941));
#226=EDGE_LOOP('',(#942));
#227=EDGE_LOOP('',(#943,#944,#945,#946));
#228=EDGE_LOOP('',(#947));
#229=EDGE_LOOP('',(#948));
#230=EDGE_LOOP('',(#949));
#231=EDGE_LOOP('',(#950,#951,#952,#953));
#232=EDGE_LOOP('',(#954,#955,#956,#957));
#233=EDGE_LOOP('',(#958,#959,#960,#961));
#234=EDGE_LOOP('',(#962,#963,#964,#965));
#235=EDGE_LOOP('',(#966,#967,#968,#969));
#236=EDGE_LOOP('',(#970,#971,#972,#973));
#237=EDGE_LOOP('',(#974,#975,#976,#977));
#238=EDGE_LOOP('',(#978,#979,#980,#981));
#239=EDGE_LOOP('',(#982));
#240=EDGE_LOOP('',(#983,#984,#985,#986));
#241=EDGE_LOOP('',(#987));
#242=EDGE_LOOP('',(#988,#989,#990,#991));
#243=EDGE_LOOP('',(#992,#993,#994,#995));
#244=EDGE_LOOP('',(#996,#997,#998,#999));
#245=EDGE_LOOP('',(#1000,#1001,#1002,#1003));
#246=EDGE_LOOP('',(#1004,#1005,#1006,#1007));
#247=EDGE_LOOP('',(#1008,#1009,#1010,#1011));
#248=EDGE_LOOP('',(#1012,#1013,#1014,#1015));
#249=EDGE_LOOP('',(#1016,#1017,#1018,#1019));
#250=EDGE_LOOP('',(#1020));
#251=EDGE_LOOP('',(#1021,#1022,#1023,#1024));
#252=EDGE_LOOP('',(#1025));
#253=EDGE_LOOP('',(#1026,#1027,#1028,#1029));
#254=EDGE_LOOP('',(#1030,#1031,#1032,#1033));
#255=EDGE_LOOP('',(#1034,#1035,#1036,#1037));
#256=EDGE_LOOP('',(#1038,#1039,#1040,#1041));
#257=EDGE_LOOP('',(#1042,#1043,#1044,#1045,#1046,#1047));
#258=EDGE_LOOP('',(#1048,#1049,#1050,#1051,#1052,#1053));
#259=EDGE_LOOP('',(#1054,#1055,#1056,#1057));
#260=EDGE_LOOP('',(#1058,#1059,#1060,#1061));
#261=EDGE_LOOP('',(#1062,#1063,#1064,#1065));
#262=EDGE_LOOP('',(#1066,#1067,#1068,#1069));
#263=EDGE_LOOP('',(#1070,#1071,#1072,#1073));
#264=EDGE_LOOP('',(#1074,#1075,#1076,#1077));
#265=EDGE_LOOP('',(#1078,#1079,#1080,#1081));
#266=EDGE_LOOP('',(#1082,#1083,#1084,#1085,#1086,#1087));
#267=EDGE_LOOP('',(#1088,#1089,#1090,#1091,#1092,#1093));
#268=EDGE_LOOP('',(#1094,#1095,#1096,#1097));
#269=EDGE_LOOP('',(#1098,#1099,#1100,#1101));
#270=EDGE_LOOP('',(#1102,#1103,#1104,#1105));
#271=EDGE_LOOP('',(#1106,#1107,#1108,#1109));
#272=EDGE_LOOP('',(#1110,#1111,#1112,#1113));
#273=EDGE_LOOP('',(#1114,#1115,#1116,#1117));
#274=EDGE_LOOP('',(#1118,#1119,#1120,#1121));
#275=EDGE_LOOP('',(#1122,#1123,#1124,#1125,#1126,#1127));
#276=EDGE_LOOP('',(#1128,#1129,#1130,#1131,#1132,#1133));
#277=EDGE_LOOP('',(#1134,#1135,#1136,#1137));
#278=EDGE_LOOP('',(#1138,#1139,#1140,#1141));
#279=EDGE_LOOP('',(#1142,#1143,#1144,#1145));
#280=EDGE_LOOP('',(#1146,#1147,#1148,#1149));
#281=EDGE_LOOP('',(#1150,#1151,#1152,#1153));
#282=EDGE_LOOP('',(#1154,#1155,#1156,#1157));
#283=EDGE_LOOP('',(#1158,#1159,#1160,#1161));
#284=EDGE_LOOP('',(#1162,#1163,#1164,#1165));
#285=EDGE_LOOP('',(#1166,#1167,#1168,#1169));
#286=EDGE_LOOP('',(#1170,#1171,#1172,#1173));
#287=LINE('',#1749,#418);
#288=LINE('',#1755,#419);
#289=LINE('',#1761,#420);
#290=LINE('',#1767,#421);
#291=LINE('',#1773,#422);
#292=LINE('',#1778,#423);
#293=LINE('',#1780,#424);
#294=LINE('',#1782,#425);
#295=LINE('',#1783,#426);
#296=LINE('',#1814,#427);
#297=LINE('',#1818,#428);
#298=LINE('',#1850,#429);
#299=LINE('',#1856,#430);
#300=LINE('',#1858,#431);
#301=LINE('',#1860,#432);
#302=LINE('',#1861,#433);
#303=LINE('',#1893,#434);
#304=LINE('',#1927,#435);
#305=LINE('',#1930,#436);
#306=LINE('',#1933,#437);
#307=LINE('',#1934,#438);
#308=LINE('',#1935,#439);
#309=LINE('',#1938,#440);
#310=LINE('',#1939,#441);
#311=LINE('',#1940,#442);
#312=LINE('',#1942,#443);
#313=LINE('',#1943,#444);
#314=LINE('',#1944,#445);
#315=LINE('',#1945,#446);
#316=LINE('',#1950,#447);
#317=LINE('',#1951,#448);
#318=LINE('',#1952,#449);
#319=LINE('',#1955,#450);
#320=LINE('',#1956,#451);
#321=LINE('',#1957,#452);
#322=LINE('',#1959,#453);
#323=LINE('',#1960,#454);
#324=LINE('',#1961,#455);
#325=LINE('',#1962,#456);
#326=LINE('',#1968,#457);
#327=LINE('',#1975,#458);
#328=LINE('',#1978,#459);
#329=LINE('',#1980,#460);
#330=LINE('',#1983,#461);
#331=LINE('',#1985,#462);
#332=LINE('',#1986,#463);
#333=LINE('',#1989,#464);
#334=LINE('',#1991,#465);
#335=LINE('',#1992,#466);
#336=LINE('',#1994,#467);
#337=LINE('',#1996,#468);
#338=LINE('',#2040,#469);
#339=LINE('',#2127,#470);
#340=LINE('',#2146,#471);
#341=LINE('',#2148,#472);
#342=LINE('',#2150,#473);
#343=LINE('',#2153,#474);
#344=LINE('',#2155,#475);
#345=LINE('',#2156,#476);
#346=LINE('',#2159,#477);
#347=LINE('',#2161,#478);
#348=LINE('',#2162,#479);
#349=LINE('',#2164,#480);
#350=LINE('',#2166,#481);
#351=LINE('',#2210,#482);
#352=LINE('',#2225,#483);
#353=LINE('',#2300,#484);
#354=LINE('',#2318,#485);
#355=LINE('',#2320,#486);
#356=LINE('',#2323,#487);
#357=LINE('',#2325,#488);
#358=LINE('',#2326,#489);
#359=LINE('',#2329,#490);
#360=LINE('',#2331,#491);
#361=LINE('',#2332,#492);
#362=LINE('',#2334,#493);
#363=LINE('',#2336,#494);
#364=LINE('',#2341,#495);
#365=LINE('',#2343,#496);
#366=LINE('',#2345,#497);
#367=LINE('',#2346,#498);
#368=LINE('',#2350,#499);
#369=LINE('',#2352,#500);
#370=LINE('',#2354,#501);
#371=LINE('',#2355,#502);
#372=LINE('',#2359,#503);
#373=LINE('',#2361,#504);
#374=LINE('',#2363,#505);
#375=LINE('',#2364,#506);
#376=LINE('',#2366,#507);
#377=LINE('',#2367,#508);
#378=LINE('',#2368,#509);
#379=LINE('',#2370,#510);
#380=LINE('',#2371,#511);
#381=LINE('',#2372,#512);
#382=LINE('',#2384,#513);
#383=LINE('',#2386,#514);
#384=LINE('',#2388,#515);
#385=LINE('',#2389,#516);
#386=LINE('',#2393,#517);
#387=LINE('',#2395,#518);
#388=LINE('',#2397,#519);
#389=LINE('',#2398,#520);
#390=LINE('',#2402,#521);
#391=LINE('',#2404,#522);
#392=LINE('',#2406,#523);
#393=LINE('',#2407,#524);
#394=LINE('',#2409,#525);
#395=LINE('',#2410,#526);
#396=LINE('',#2411,#527);
#397=LINE('',#2413,#528);
#398=LINE('',#2414,#529);
#399=LINE('',#2415,#530);
#400=LINE('',#2427,#531);
#401=LINE('',#2429,#532);
#402=LINE('',#2431,#533);
#403=LINE('',#2432,#534);
#404=LINE('',#2436,#535);
#405=LINE('',#2438,#536);
#406=LINE('',#2440,#537);
#407=LINE('',#2441,#538);
#408=LINE('',#2445,#539);
#409=LINE('',#2447,#540);
#410=LINE('',#2449,#541);
#411=LINE('',#2450,#542);
#412=LINE('',#2452,#543);
#413=LINE('',#2453,#544);
#414=LINE('',#2454,#545);
#415=LINE('',#2456,#546);
#416=LINE('',#2457,#547);
#417=LINE('',#2458,#548);
#418=VECTOR('',#1403,1.90000000000001);
#419=VECTOR('',#1410,1.89999999999998);
#420=VECTOR('',#1417,1.9);
#421=VECTOR('',#1424,1.89999999999998);
#422=VECTOR('',#1431,1.9);
#423=VECTOR('',#1436,1000.);
#424=VECTOR('',#1437,1000.);
#425=VECTOR('',#1438,1000.);
#426=VECTOR('',#1439,1000.);
#427=VECTOR('',#1440,1000.);
#428=VECTOR('',#1443,1000.);
#429=VECTOR('',#1446,1000.);
#430=VECTOR('',#1453,1000.);
#431=VECTOR('',#1454,1000.);
#432=VECTOR('',#1455,1000.);
#433=VECTOR('',#1456,1000.);
#434=VECTOR('',#1459,1000.);
#435=VECTOR('',#1464,1000.);
#436=VECTOR('',#1467,1000.);
#437=VECTOR('',#1470,1000.);
#438=VECTOR('',#1471,1000.);
#439=VECTOR('',#1472,1000.);
#440=VECTOR('',#1475,1000.);
#441=VECTOR('',#1476,1000.);
#442=VECTOR('',#1477,1000.);
#443=VECTOR('',#1480,1000.);
#444=VECTOR('',#1481,1000.);
#445=VECTOR('',#1482,1000.);
#446=VECTOR('',#1483,1000.);
#447=VECTOR('',#1490,1000.);
#448=VECTOR('',#1491,1000.);
#449=VECTOR('',#1492,1000.);
#450=VECTOR('',#1495,1000.);
#451=VECTOR('',#1496,1000.);
#452=VECTOR('',#1497,1000.);
#453=VECTOR('',#1500,1000.);
#454=VECTOR('',#1501,1000.);
#455=VECTOR('',#1502,1000.);
#456=VECTOR('',#1503,1000.);
#457=VECTOR('',#1510,1000.);
#458=VECTOR('',#1519,1000.);
#459=VECTOR('',#1524,1000.);
#460=VECTOR('',#1527,1000.);
#461=VECTOR('',#1530,1000.);
#462=VECTOR('',#1531,1000.);
#463=VECTOR('',#1532,1000.);
#464=VECTOR('',#1535,1000.);
#465=VECTOR('',#1536,1000.);
#466=VECTOR('',#1537,1000.);
#467=VECTOR('',#1540,1000.);
#468=VECTOR('',#1543,1000.);
#469=VECTOR('',#1546,1000.);
#470=VECTOR('',#1547,1000.);
#471=VECTOR('',#1548,1000.);
#472=VECTOR('',#1551,1000.);
#473=VECTOR('',#1554,1000.);
#474=VECTOR('',#1557,1000.);
#475=VECTOR('',#1558,1000.);
#476=VECTOR('',#1559,1000.);
#477=VECTOR('',#1562,1000.);
#478=VECTOR('',#1563,1000.);
#479=VECTOR('',#1564,1000.);
#480=VECTOR('',#1567,1000.);
#481=VECTOR('',#1570,1000.);
#482=VECTOR('',#1573,1000.);
#483=VECTOR('',#1574,1000.);
#484=VECTOR('',#1575,1000.);
#485=VECTOR('',#1578,1000.);
#486=VECTOR('',#1581,1000.);
#487=VECTOR('',#1584,1000.);
#488=VECTOR('',#1585,1000.);
#489=VECTOR('',#1586,1000.);
#490=VECTOR('',#1589,1000.);
#491=VECTOR('',#1590,1000.);
#492=VECTOR('',#1591,1000.);
#493=VECTOR('',#1594,1000.);
#494=VECTOR('',#1597,1000.);
#495=VECTOR('',#1602,1000.);
#496=VECTOR('',#1603,1000.);
#497=VECTOR('',#1604,1000.);
#498=VECTOR('',#1605,1000.);
#499=VECTOR('',#1608,1000.);
#500=VECTOR('',#1609,1000.);
#501=VECTOR('',#1610,1000.);
#502=VECTOR('',#1611,1000.);
#503=VECTOR('',#1614,1000.);
#504=VECTOR('',#1615,1000.);
#505=VECTOR('',#1616,1000.);
#506=VECTOR('',#1617,1000.);
#507=VECTOR('',#1620,1000.);
#508=VECTOR('',#1621,1000.);
#509=VECTOR('',#1622,1000.);
#510=VECTOR('',#1625,1000.);
#511=VECTOR('',#1626,1000.);
#512=VECTOR('',#1627,1000.);
#513=VECTOR('',#1646,1000.);
#514=VECTOR('',#1647,1000.);
#515=VECTOR('',#1648,1000.);
#516=VECTOR('',#1649,1000.);
#517=VECTOR('',#1652,1000.);
#518=VECTOR('',#1653,1000.);
#519=VECTOR('',#1654,1000.);
#520=VECTOR('',#1655,1000.);
#521=VECTOR('',#1658,1000.);
#522=VECTOR('',#1659,1000.);
#523=VECTOR('',#1660,1000.);
#524=VECTOR('',#1661,1000.);
#525=VECTOR('',#1664,1000.);
#526=VECTOR('',#1665,1000.);
#527=VECTOR('',#1666,1000.);
#528=VECTOR('',#1669,1000.);
#529=VECTOR('',#1670,1000.);
#530=VECTOR('',#1671,1000.);
#531=VECTOR('',#1690,1000.);
#532=VECTOR('',#1691,1000.);
#533=VECTOR('',#1692,1000.);
#534=VECTOR('',#1693,1000.);
#535=VECTOR('',#1696,1000.);
#536=VECTOR('',#1697,1000.);
#537=VECTOR('',#1698,1000.);
#538=VECTOR('',#1699,1000.);
#539=VECTOR('',#1702,1000.);
#540=VECTOR('',#1703,1000.);
#541=VECTOR('',#1704,1000.);
#542=VECTOR('',#1705,1000.);
#543=VECTOR('',#1708,1000.);
#544=VECTOR('',#1709,1000.);
#545=VECTOR('',#1710,1000.);
#546=VECTOR('',#1713,1000.);
#547=VECTOR('',#1714,1000.);
#548=VECTOR('',#1715,1000.);
#549=ELLIPSE('',#1291,1.9002858141363,1.9);
#550=ELLIPSE('',#1292,1.90028581413627,1.89999999999999);
#551=ELLIPSE('',#1303,1.90028581413625,1.90000000000004);
#552=ELLIPSE('',#1304,1.90028581413629,1.89999999999996);
#553=ELLIPSE('',#1306,1.77956581805459,1.19999999992619);
#554=ELLIPSE('',#1307,2.39308472523716,2.00000000006846);
#555=ELLIPSE('',#1308,1.62505261848846,1.20000000001185);
#556=ELLIPSE('',#1309,2.28052538096733,2.00000000005209);
#557=ELLIPSE('',#1311,1.62505261835227,1.19999999995639);
#558=ELLIPSE('',#1312,2.28052538104767,2.00000000008722);
#559=ELLIPSE('',#1313,1.77956581874773,1.2000000001878);
#560=ELLIPSE('',#1314,2.39308472507776,1.9999999999955);
#561=VERTEX_POINT('',#1746);
#562=VERTEX_POINT('',#1748);
#563=VERTEX_POINT('',#1752);
#564=VERTEX_POINT('',#1754);
#565=VERTEX_POINT('',#1758);
#566=VERTEX_POINT('',#1760);
#567=VERTEX_POINT('',#1764);
#568=VERTEX_POINT('',#1766);
#569=VERTEX_POINT('',#1770);
#570=VERTEX_POINT('',#1772);
#571=VERTEX_POINT('',#1776);
#572=VERTEX_POINT('',#1777);
#573=VERTEX_POINT('',#1779);
#574=VERTEX_POINT('',#1781);
#575=VERTEX_POINT('',#1812);
#576=VERTEX_POINT('',#1813);
#577=VERTEX_POINT('',#1815);
#578=VERTEX_POINT('',#1817);
#579=VERTEX_POINT('',#1848);
#580=VERTEX_POINT('',#1849);
#581=VERTEX_POINT('',#1854);
#582=VERTEX_POINT('',#1855);
#583=VERTEX_POINT('',#1857);
#584=VERTEX_POINT('',#1859);
#585=VERTEX_POINT('',#1890);
#586=VERTEX_POINT('',#1892);
#587=VERTEX_POINT('',#1923);
#588=VERTEX_POINT('',#1924);
#589=VERTEX_POINT('',#1926);
#590=VERTEX_POINT('',#1928);
#591=VERTEX_POINT('',#1932);
#592=VERTEX_POINT('',#1937);
#593=VERTEX_POINT('',#1949);
#594=VERTEX_POINT('',#1954);
#595=VERTEX_POINT('',#1966);
#596=VERTEX_POINT('',#1967);
#597=VERTEX_POINT('',#1972);
#598=VERTEX_POINT('',#1974);
#599=VERTEX_POINT('',#1982);
#600=VERTEX_POINT('',#1984);
#601=VERTEX_POINT('',#1988);
#602=VERTEX_POINT('',#1990);
#603=VERTEX_POINT('',#2038);
#604=VERTEX_POINT('',#2039);
#605=VERTEX_POINT('',#2111);
#606=VERTEX_POINT('',#2126);
#607=VERTEX_POINT('',#2152);
#608=VERTEX_POINT('',#2154);
#609=VERTEX_POINT('',#2158);
#610=VERTEX_POINT('',#2160);
#611=VERTEX_POINT('',#2208);
#612=VERTEX_POINT('',#2209);
#613=VERTEX_POINT('',#2284);
#614=VERTEX_POINT('',#2299);
#615=VERTEX_POINT('',#2322);
#616=VERTEX_POINT('',#2324);
#617=VERTEX_POINT('',#2328);
#618=VERTEX_POINT('',#2330);
#619=VERTEX_POINT('',#2339);
#620=VERTEX_POINT('',#2340);
#621=VERTEX_POINT('',#2342);
#622=VERTEX_POINT('',#2344);
#623=VERTEX_POINT('',#2348);
#624=VERTEX_POINT('',#2349);
#625=VERTEX_POINT('',#2351);
#626=VERTEX_POINT('',#2353);
#627=VERTEX_POINT('',#2357);
#628=VERTEX_POINT('',#2358);
#629=VERTEX_POINT('',#2360);
#630=VERTEX_POINT('',#2362);
#631=VERTEX_POINT('',#2382);
#632=VERTEX_POINT('',#2383);
#633=VERTEX_POINT('',#2385);
#634=VERTEX_POINT('',#2387);
#635=VERTEX_POINT('',#2391);
#636=VERTEX_POINT('',#2392);
#637=VERTEX_POINT('',#2394);
#638=VERTEX_POINT('',#2396);
#639=VERTEX_POINT('',#2400);
#640=VERTEX_POINT('',#2401);
#641=VERTEX_POINT('',#2403);
#642=VERTEX_POINT('',#2405);
#643=VERTEX_POINT('',#2425);
#644=VERTEX_POINT('',#2426);
#645=VERTEX_POINT('',#2428);
#646=VERTEX_POINT('',#2430);
#647=VERTEX_POINT('',#2434);
#648=VERTEX_POINT('',#2435);
#649=VERTEX_POINT('',#2437);
#650=VERTEX_POINT('',#2439);
#651=VERTEX_POINT('',#2443);
#652=VERTEX_POINT('',#2444);
#653=VERTEX_POINT('',#2446);
#654=VERTEX_POINT('',#2448);
#655=EDGE_CURVE('',#561,#561,#549,.T.);
#656=EDGE_CURVE('',#561,#562,#287,.T.);
#657=EDGE_CURVE('',#562,#562,#550,.T.);
#658=EDGE_CURVE('',#563,#563,#93,.T.);
#659=EDGE_CURVE('',#563,#564,#288,.T.);
#660=EDGE_CURVE('',#564,#564,#94,.T.);
#661=EDGE_CURVE('',#565,#565,#95,.T.);
#662=EDGE_CURVE('',#565,#566,#289,.T.);
#663=EDGE_CURVE('',#566,#566,#96,.T.);
#664=EDGE_CURVE('',#567,#567,#97,.T.);
#665=EDGE_CURVE('',#567,#568,#290,.T.);
#666=EDGE_CURVE('',#568,#568,#98,.T.);
#667=EDGE_CURVE('',#569,#569,#551,.T.);
#668=EDGE_CURVE('',#569,#570,#291,.T.);
#669=EDGE_CURVE('',#570,#570,#552,.T.);
#670=EDGE_CURVE('',#571,#572,#292,.T.);
#671=EDGE_CURVE('',#572,#573,#293,.T.);
#672=EDGE_CURVE('',#574,#573,#294,.T.);
#673=EDGE_CURVE('',#571,#574,#295,.T.);
#674=EDGE_CURVE('',#575,#576,#296,.T.);
#675=EDGE_CURVE('',#575,#577,#553,.T.);
#676=EDGE_CURVE('',#577,#578,#297,.T.);
#677=EDGE_CURVE('',#576,#578,#554,.T.);
#678=EDGE_CURVE('',#579,#580,#298,.T.);
#679=EDGE_CURVE('',#579,#571,#555,.T.);
#680=EDGE_CURVE('',#580,#574,#556,.T.);
#681=EDGE_CURVE('',#581,#582,#299,.T.);
#682=EDGE_CURVE('',#581,#583,#300,.T.);
#683=EDGE_CURVE('',#583,#584,#301,.T.);
#684=EDGE_CURVE('',#582,#584,#302,.T.);
#685=EDGE_CURVE('',#583,#585,#557,.T.);
#686=EDGE_CURVE('',#585,#586,#303,.T.);
#687=EDGE_CURVE('',#584,#586,#558,.T.);
#688=EDGE_CURVE('',#587,#588,#559,.T.);
#689=EDGE_CURVE('',#588,#589,#304,.T.);
#690=EDGE_CURVE('',#590,#589,#560,.T.);
#691=EDGE_CURVE('',#587,#590,#305,.T.);
#692=EDGE_CURVE('',#591,#590,#306,.T.);
#693=EDGE_CURVE('',#590,#586,#307,.T.);
#694=EDGE_CURVE('',#586,#591,#308,.T.);
#695=EDGE_CURVE('',#592,#580,#309,.T.);
#696=EDGE_CURVE('',#580,#578,#310,.T.);
#697=EDGE_CURVE('',#578,#592,#311,.T.);
#698=EDGE_CURVE('',#589,#576,#312,.T.);
#699=EDGE_CURVE('',#576,#574,#313,.T.);
#700=EDGE_CURVE('',#573,#582,#314,.T.);
#701=EDGE_CURVE('',#584,#589,#315,.T.);
#702=EDGE_CURVE('',#593,#587,#316,.T.);
#703=EDGE_CURVE('',#585,#593,#317,.T.);
#704=EDGE_CURVE('',#587,#585,#318,.T.);
#705=EDGE_CURVE('',#594,#579,#319,.T.);
#706=EDGE_CURVE('',#577,#594,#320,.T.);
#707=EDGE_CURVE('',#579,#577,#321,.T.);
#708=EDGE_CURVE('',#588,#575,#322,.T.);
#709=EDGE_CURVE('',#583,#588,#323,.T.);
#710=EDGE_CURVE('',#572,#581,#324,.T.);
#711=EDGE_CURVE('',#575,#571,#325,.T.);
#712=EDGE_CURVE('',#595,#596,#326,.T.);
#713=EDGE_CURVE('',#581,#595,#99,.T.);
#714=EDGE_CURVE('',#582,#596,#100,.T.);
#715=EDGE_CURVE('',#597,#572,#101,.T.);
#716=EDGE_CURVE('',#597,#598,#327,.T.);
#717=EDGE_CURVE('',#598,#573,#102,.T.);
#718=EDGE_CURVE('',#596,#598,#328,.T.);
#719=EDGE_CURVE('',#595,#597,#329,.T.);
#720=EDGE_CURVE('',#599,#598,#330,.T.);
#721=EDGE_CURVE('',#600,#597,#331,.T.);
#722=EDGE_CURVE('',#599,#600,#332,.T.);
#723=EDGE_CURVE('',#595,#601,#333,.T.);
#724=EDGE_CURVE('',#596,#602,#334,.T.);
#725=EDGE_CURVE('',#602,#601,#335,.T.);
#726=EDGE_CURVE('',#602,#599,#336,.T.);
#727=EDGE_CURVE('',#601,#600,#337,.T.);
#728=EDGE_CURVE('',#603,#604,#338,.T.);
#729=EDGE_CURVE('',#579,#603,#15,.T.);
#730=EDGE_CURVE('',#580,#604,#16,.T.);
#731=EDGE_CURVE('',#605,#594,#17,.T.);
#732=EDGE_CURVE('',#605,#606,#339,.T.);
#733=EDGE_CURVE('',#606,#592,#18,.T.);
#734=EDGE_CURVE('',#594,#592,#340,.T.);
#735=EDGE_CURVE('',#606,#604,#341,.T.);
#736=EDGE_CURVE('',#603,#605,#342,.T.);
#737=EDGE_CURVE('',#607,#606,#343,.T.);
#738=EDGE_CURVE('',#608,#605,#344,.T.);
#739=EDGE_CURVE('',#607,#608,#345,.T.);
#740=EDGE_CURVE('',#603,#609,#346,.T.);
#741=EDGE_CURVE('',#604,#610,#347,.T.);
#742=EDGE_CURVE('',#610,#609,#348,.T.);
#743=EDGE_CURVE('',#610,#607,#349,.T.);
#744=EDGE_CURVE('',#609,#608,#350,.T.);
#745=EDGE_CURVE('',#611,#612,#351,.T.);
#746=EDGE_CURVE('',#593,#611,#19,.T.);
#747=EDGE_CURVE('',#593,#591,#352,.T.);
#748=EDGE_CURVE('',#591,#612,#20,.T.);
#749=EDGE_CURVE('',#613,#585,#21,.T.);
#750=EDGE_CURVE('',#613,#614,#353,.T.);
#751=EDGE_CURVE('',#614,#586,#22,.T.);
#752=EDGE_CURVE('',#614,#612,#354,.T.);
#753=EDGE_CURVE('',#611,#613,#355,.T.);
#754=EDGE_CURVE('',#611,#615,#356,.T.);
#755=EDGE_CURVE('',#612,#616,#357,.T.);
#756=EDGE_CURVE('',#616,#615,#358,.T.);
#757=EDGE_CURVE('',#617,#614,#359,.T.);
#758=EDGE_CURVE('',#618,#613,#360,.T.);
#759=EDGE_CURVE('',#617,#618,#361,.T.);
#760=EDGE_CURVE('',#616,#617,#362,.T.);
#761=EDGE_CURVE('',#615,#618,#363,.T.);
#762=EDGE_CURVE('',#619,#620,#364,.T.);
#763=EDGE_CURVE('',#619,#621,#365,.T.);
#764=EDGE_CURVE('',#621,#622,#366,.T.);
#765=EDGE_CURVE('',#620,#622,#367,.T.);
#766=EDGE_CURVE('',#623,#624,#368,.T.);
#767=EDGE_CURVE('',#624,#625,#369,.T.);
#768=EDGE_CURVE('',#626,#625,#370,.T.);
#769=EDGE_CURVE('',#626,#623,#371,.T.);
#770=EDGE_CURVE('',#627,#628,#372,.T.);
#771=EDGE_CURVE('',#628,#629,#373,.T.);
#772=EDGE_CURVE('',#630,#629,#374,.T.);
#773=EDGE_CURVE('',#630,#627,#375,.T.);
#774=EDGE_CURVE('',#621,#624,#376,.T.);
#775=EDGE_CURVE('',#623,#628,#377,.T.);
#776=EDGE_CURVE('',#622,#627,#378,.T.);
#777=EDGE_CURVE('',#625,#619,#379,.T.);
#778=EDGE_CURVE('',#620,#630,#380,.T.);
#779=EDGE_CURVE('',#629,#626,#381,.T.);
#780=EDGE_CURVE('',#594,#630,#103,.T.);
#781=EDGE_CURVE('',#592,#627,#104,.T.);
#782=EDGE_CURVE('',#620,#577,#105,.T.);
#783=EDGE_CURVE('',#622,#578,#106,.T.);
#784=EDGE_CURVE('',#631,#632,#382,.T.);
#785=EDGE_CURVE('',#631,#633,#383,.T.);
#786=EDGE_CURVE('',#633,#634,#384,.T.);
#787=EDGE_CURVE('',#632,#634,#385,.T.);
#788=EDGE_CURVE('',#635,#636,#386,.T.);
#789=EDGE_CURVE('',#636,#637,#387,.T.);
#790=EDGE_CURVE('',#638,#637,#388,.T.);
#791=EDGE_CURVE('',#638,#635,#389,.T.);
#792=EDGE_CURVE('',#639,#640,#390,.T.);
#793=EDGE_CURVE('',#640,#641,#391,.T.);
#794=EDGE_CURVE('',#642,#641,#392,.T.);
#795=EDGE_CURVE('',#642,#639,#393,.T.);
#796=EDGE_CURVE('',#633,#636,#394,.T.);
#797=EDGE_CURVE('',#635,#640,#395,.T.);
#798=EDGE_CURVE('',#634,#639,#396,.T.);
#799=EDGE_CURVE('',#637,#631,#397,.T.);
#800=EDGE_CURVE('',#632,#642,#398,.T.);
#801=EDGE_CURVE('',#641,#638,#399,.T.);
#802=EDGE_CURVE('',#575,#642,#107,.T.);
#803=EDGE_CURVE('',#576,#639,#108,.T.);
#804=EDGE_CURVE('',#632,#588,#109,.T.);
#805=EDGE_CURVE('',#634,#589,#110,.T.);
#806=EDGE_CURVE('',#643,#644,#400,.T.);
#807=EDGE_CURVE('',#643,#645,#401,.T.);
#808=EDGE_CURVE('',#645,#646,#402,.T.);
#809=EDGE_CURVE('',#644,#646,#403,.T.);
#810=EDGE_CURVE('',#647,#648,#404,.T.);
#811=EDGE_CURVE('',#648,#649,#405,.T.);
#812=EDGE_CURVE('',#650,#649,#406,.T.);
#813=EDGE_CURVE('',#650,#647,#407,.T.);
#814=EDGE_CURVE('',#651,#652,#408,.T.);
#815=EDGE_CURVE('',#652,#653,#409,.T.);
#816=EDGE_CURVE('',#654,#653,#410,.T.);
#817=EDGE_CURVE('',#654,#651,#411,.T.);
#818=EDGE_CURVE('',#645,#648,#412,.T.);
#819=EDGE_CURVE('',#647,#652,#413,.T.);
#820=EDGE_CURVE('',#646,#651,#414,.T.);
#821=EDGE_CURVE('',#649,#643,#415,.T.);
#822=EDGE_CURVE('',#644,#654,#416,.T.);
#823=EDGE_CURVE('',#653,#650,#417,.T.);
#824=EDGE_CURVE('',#587,#654,#111,.T.);
#825=EDGE_CURVE('',#590,#651,#112,.T.);
#826=EDGE_CURVE('',#644,#593,#113,.T.);
#827=EDGE_CURVE('',#646,#591,#114,.T.);
#828=ORIENTED_EDGE('',*,*,#655,.T.);
#829=ORIENTED_EDGE('',*,*,#656,.T.);
#830=ORIENTED_EDGE('',*,*,#657,.F.);
#831=ORIENTED_EDGE('',*,*,#656,.F.);
#832=ORIENTED_EDGE('',*,*,#658,.F.);
#833=ORIENTED_EDGE('',*,*,#659,.T.);
#834=ORIENTED_EDGE('',*,*,#660,.T.);
#835=ORIENTED_EDGE('',*,*,#659,.F.);
#836=ORIENTED_EDGE('',*,*,#661,.F.);
#837=ORIENTED_EDGE('',*,*,#662,.T.);
#838=ORIENTED_EDGE('',*,*,#663,.T.);
#839=ORIENTED_EDGE('',*,*,#662,.F.);
#840=ORIENTED_EDGE('',*,*,#664,.F.);
#841=ORIENTED_EDGE('',*,*,#665,.T.);
#842=ORIENTED_EDGE('',*,*,#666,.T.);
#843=ORIENTED_EDGE('',*,*,#665,.F.);
#844=ORIENTED_EDGE('',*,*,#667,.T.);
#845=ORIENTED_EDGE('',*,*,#668,.T.);
#846=ORIENTED_EDGE('',*,*,#669,.F.);
#847=ORIENTED_EDGE('',*,*,#668,.F.);
#848=ORIENTED_EDGE('',*,*,#670,.T.);
#849=ORIENTED_EDGE('',*,*,#671,.T.);
#850=ORIENTED_EDGE('',*,*,#672,.F.);
#851=ORIENTED_EDGE('',*,*,#673,.F.);
#852=ORIENTED_EDGE('',*,*,#674,.F.);
#853=ORIENTED_EDGE('',*,*,#675,.T.);
#854=ORIENTED_EDGE('',*,*,#676,.T.);
#855=ORIENTED_EDGE('',*,*,#677,.F.);
#856=ORIENTED_EDGE('',*,*,#678,.F.);
#857=ORIENTED_EDGE('',*,*,#679,.T.);
#858=ORIENTED_EDGE('',*,*,#673,.T.);
#859=ORIENTED_EDGE('',*,*,#680,.F.);
#860=ORIENTED_EDGE('',*,*,#681,.F.);
#861=ORIENTED_EDGE('',*,*,#682,.T.);
#862=ORIENTED_EDGE('',*,*,#683,.T.);
#863=ORIENTED_EDGE('',*,*,#684,.F.);
#864=ORIENTED_EDGE('',*,*,#683,.F.);
#865=ORIENTED_EDGE('',*,*,#685,.T.);
#866=ORIENTED_EDGE('',*,*,#686,.T.);
#867=ORIENTED_EDGE('',*,*,#687,.F.);
#868=ORIENTED_EDGE('',*,*,#688,.T.);
#869=ORIENTED_EDGE('',*,*,#689,.T.);
#870=ORIENTED_EDGE('',*,*,#690,.F.);
#871=ORIENTED_EDGE('',*,*,#691,.F.);
#872=ORIENTED_EDGE('',*,*,#692,.T.);
#873=ORIENTED_EDGE('',*,*,#693,.T.);
#874=ORIENTED_EDGE('',*,*,#694,.T.);
#875=ORIENTED_EDGE('',*,*,#695,.T.);
#876=ORIENTED_EDGE('',*,*,#696,.T.);
#877=ORIENTED_EDGE('',*,*,#697,.T.);
#878=ORIENTED_EDGE('',*,*,#698,.T.);
#879=ORIENTED_EDGE('',*,*,#699,.T.);
#880=ORIENTED_EDGE('',*,*,#672,.T.);
#881=ORIENTED_EDGE('',*,*,#700,.T.);
#882=ORIENTED_EDGE('',*,*,#684,.T.);
#883=ORIENTED_EDGE('',*,*,#701,.T.);
#884=ORIENTED_EDGE('',*,*,#690,.T.);
#885=ORIENTED_EDGE('',*,*,#701,.F.);
#886=ORIENTED_EDGE('',*,*,#687,.T.);
#887=ORIENTED_EDGE('',*,*,#693,.F.);
#888=ORIENTED_EDGE('',*,*,#677,.T.);
#889=ORIENTED_EDGE('',*,*,#696,.F.);
#890=ORIENTED_EDGE('',*,*,#680,.T.);
#891=ORIENTED_EDGE('',*,*,#699,.F.);
#892=ORIENTED_EDGE('',*,*,#702,.F.);
#893=ORIENTED_EDGE('',*,*,#703,.F.);
#894=ORIENTED_EDGE('',*,*,#704,.F.);
#895=ORIENTED_EDGE('',*,*,#705,.F.);
#896=ORIENTED_EDGE('',*,*,#706,.F.);
#897=ORIENTED_EDGE('',*,*,#707,.F.);
#898=ORIENTED_EDGE('',*,*,#708,.F.);
#899=ORIENTED_EDGE('',*,*,#709,.F.);
#900=ORIENTED_EDGE('',*,*,#682,.F.);
#901=ORIENTED_EDGE('',*,*,#710,.F.);
#902=ORIENTED_EDGE('',*,*,#670,.F.);
#903=ORIENTED_EDGE('',*,*,#711,.F.);
#904=ORIENTED_EDGE('',*,*,#688,.F.);
#905=ORIENTED_EDGE('',*,*,#704,.T.);
#906=ORIENTED_EDGE('',*,*,#685,.F.);
#907=ORIENTED_EDGE('',*,*,#709,.T.);
#908=ORIENTED_EDGE('',*,*,#675,.F.);
#909=ORIENTED_EDGE('',*,*,#711,.T.);
#910=ORIENTED_EDGE('',*,*,#679,.F.);
#911=ORIENTED_EDGE('',*,*,#707,.T.);
#912=ORIENTED_EDGE('',*,*,#712,.F.);
#913=ORIENTED_EDGE('',*,*,#713,.F.);
#914=ORIENTED_EDGE('',*,*,#681,.T.);
#915=ORIENTED_EDGE('',*,*,#714,.T.);
#916=ORIENTED_EDGE('',*,*,#715,.F.);
#917=ORIENTED_EDGE('',*,*,#716,.T.);
#918=ORIENTED_EDGE('',*,*,#717,.T.);
#919=ORIENTED_EDGE('',*,*,#671,.F.);
#920=ORIENTED_EDGE('',*,*,#700,.F.);
#921=ORIENTED_EDGE('',*,*,#717,.F.);
#922=ORIENTED_EDGE('',*,*,#718,.F.);
#923=ORIENTED_EDGE('',*,*,#714,.F.);
#924=ORIENTED_EDGE('',*,*,#710,.T.);
#925=ORIENTED_EDGE('',*,*,#713,.T.);
#926=ORIENTED_EDGE('',*,*,#719,.T.);
#927=ORIENTED_EDGE('',*,*,#715,.T.);
#928=ORIENTED_EDGE('',*,*,#720,.T.);
#929=ORIENTED_EDGE('',*,*,#716,.F.);
#930=ORIENTED_EDGE('',*,*,#721,.F.);
#931=ORIENTED_EDGE('',*,*,#722,.F.);
#932=ORIENTED_EDGE('',*,*,#723,.F.);
#933=ORIENTED_EDGE('',*,*,#712,.T.);
#934=ORIENTED_EDGE('',*,*,#724,.T.);
#935=ORIENTED_EDGE('',*,*,#725,.T.);
#936=ORIENTED_EDGE('',*,*,#724,.F.);
#937=ORIENTED_EDGE('',*,*,#718,.T.);
#938=ORIENTED_EDGE('',*,*,#720,.F.);
#939=ORIENTED_EDGE('',*,*,#726,.F.);
#940=ORIENTED_EDGE('',*,*,#660,.F.);
#941=ORIENTED_EDGE('',*,*,#663,.F.);
#942=ORIENTED_EDGE('',*,*,#666,.F.);
#943=ORIENTED_EDGE('',*,*,#719,.F.);
#944=ORIENTED_EDGE('',*,*,#723,.T.);
#945=ORIENTED_EDGE('',*,*,#727,.T.);
#946=ORIENTED_EDGE('',*,*,#721,.T.);
#947=ORIENTED_EDGE('',*,*,#658,.T.);
#948=ORIENTED_EDGE('',*,*,#661,.T.);
#949=ORIENTED_EDGE('',*,*,#664,.T.);
#950=ORIENTED_EDGE('',*,*,#727,.F.);
#951=ORIENTED_EDGE('',*,*,#725,.F.);
#952=ORIENTED_EDGE('',*,*,#726,.T.);
#953=ORIENTED_EDGE('',*,*,#722,.T.);
#954=ORIENTED_EDGE('',*,*,#728,.F.);
#955=ORIENTED_EDGE('',*,*,#729,.F.);
#956=ORIENTED_EDGE('',*,*,#678,.T.);
#957=ORIENTED_EDGE('',*,*,#730,.T.);
#958=ORIENTED_EDGE('',*,*,#731,.F.);
#959=ORIENTED_EDGE('',*,*,#732,.T.);
#960=ORIENTED_EDGE('',*,*,#733,.T.);
#961=ORIENTED_EDGE('',*,*,#734,.F.);
#962=ORIENTED_EDGE('',*,*,#695,.F.);
#963=ORIENTED_EDGE('',*,*,#733,.F.);
#964=ORIENTED_EDGE('',*,*,#735,.T.);
#965=ORIENTED_EDGE('',*,*,#730,.F.);
#966=ORIENTED_EDGE('',*,*,#705,.T.);
#967=ORIENTED_EDGE('',*,*,#729,.T.);
#968=ORIENTED_EDGE('',*,*,#736,.T.);
#969=ORIENTED_EDGE('',*,*,#731,.T.);
#970=ORIENTED_EDGE('',*,*,#737,.T.);
#971=ORIENTED_EDGE('',*,*,#732,.F.);
#972=ORIENTED_EDGE('',*,*,#738,.F.);
#973=ORIENTED_EDGE('',*,*,#739,.F.);
#974=ORIENTED_EDGE('',*,*,#740,.F.);
#975=ORIENTED_EDGE('',*,*,#728,.T.);
#976=ORIENTED_EDGE('',*,*,#741,.T.);
#977=ORIENTED_EDGE('',*,*,#742,.T.);
#978=ORIENTED_EDGE('',*,*,#735,.F.);
#979=ORIENTED_EDGE('',*,*,#737,.F.);
#980=ORIENTED_EDGE('',*,*,#743,.F.);
#981=ORIENTED_EDGE('',*,*,#741,.F.);
#982=ORIENTED_EDGE('',*,*,#669,.T.);
#983=ORIENTED_EDGE('',*,*,#738,.T.);
#984=ORIENTED_EDGE('',*,*,#736,.F.);
#985=ORIENTED_EDGE('',*,*,#740,.T.);
#986=ORIENTED_EDGE('',*,*,#744,.T.);
#987=ORIENTED_EDGE('',*,*,#667,.F.);
#988=ORIENTED_EDGE('',*,*,#744,.F.);
#989=ORIENTED_EDGE('',*,*,#742,.F.);
#990=ORIENTED_EDGE('',*,*,#743,.T.);
#991=ORIENTED_EDGE('',*,*,#739,.T.);
#992=ORIENTED_EDGE('',*,*,#745,.F.);
#993=ORIENTED_EDGE('',*,*,#746,.F.);
#994=ORIENTED_EDGE('',*,*,#747,.T.);
#995=ORIENTED_EDGE('',*,*,#748,.T.);
#996=ORIENTED_EDGE('',*,*,#749,.F.);
#997=ORIENTED_EDGE('',*,*,#750,.T.);
#998=ORIENTED_EDGE('',*,*,#751,.T.);
#999=ORIENTED_EDGE('',*,*,#686,.F.);
#1000=ORIENTED_EDGE('',*,*,#694,.F.);
#1001=ORIENTED_EDGE('',*,*,#751,.F.);
#1002=ORIENTED_EDGE('',*,*,#752,.T.);
#1003=ORIENTED_EDGE('',*,*,#748,.F.);
#1004=ORIENTED_EDGE('',*,*,#703,.T.);
#1005=ORIENTED_EDGE('',*,*,#746,.T.);
#1006=ORIENTED_EDGE('',*,*,#753,.T.);
#1007=ORIENTED_EDGE('',*,*,#749,.T.);
#1008=ORIENTED_EDGE('',*,*,#754,.F.);
#1009=ORIENTED_EDGE('',*,*,#745,.T.);
#1010=ORIENTED_EDGE('',*,*,#755,.T.);
#1011=ORIENTED_EDGE('',*,*,#756,.T.);
#1012=ORIENTED_EDGE('',*,*,#757,.T.);
#1013=ORIENTED_EDGE('',*,*,#750,.F.);
#1014=ORIENTED_EDGE('',*,*,#758,.F.);
#1015=ORIENTED_EDGE('',*,*,#759,.F.);
#1016=ORIENTED_EDGE('',*,*,#752,.F.);
#1017=ORIENTED_EDGE('',*,*,#757,.F.);
#1018=ORIENTED_EDGE('',*,*,#760,.F.);
#1019=ORIENTED_EDGE('',*,*,#755,.F.);
#1020=ORIENTED_EDGE('',*,*,#657,.T.);
#1021=ORIENTED_EDGE('',*,*,#758,.T.);
#1022=ORIENTED_EDGE('',*,*,#753,.F.);
#1023=ORIENTED_EDGE('',*,*,#754,.T.);
#1024=ORIENTED_EDGE('',*,*,#761,.T.);
#1025=ORIENTED_EDGE('',*,*,#655,.F.);
#1026=ORIENTED_EDGE('',*,*,#761,.F.);
#1027=ORIENTED_EDGE('',*,*,#756,.F.);
#1028=ORIENTED_EDGE('',*,*,#760,.T.);
#1029=ORIENTED_EDGE('',*,*,#759,.T.);
#1030=ORIENTED_EDGE('',*,*,#762,.F.);
#1031=ORIENTED_EDGE('',*,*,#763,.T.);
#1032=ORIENTED_EDGE('',*,*,#764,.T.);
#1033=ORIENTED_EDGE('',*,*,#765,.F.);
#1034=ORIENTED_EDGE('',*,*,#766,.T.);
#1035=ORIENTED_EDGE('',*,*,#767,.T.);
#1036=ORIENTED_EDGE('',*,*,#768,.F.);
#1037=ORIENTED_EDGE('',*,*,#769,.T.);
#1038=ORIENTED_EDGE('',*,*,#770,.T.);
#1039=ORIENTED_EDGE('',*,*,#771,.T.);
#1040=ORIENTED_EDGE('',*,*,#772,.F.);
#1041=ORIENTED_EDGE('',*,*,#773,.T.);
#1042=ORIENTED_EDGE('',*,*,#764,.F.);
#1043=ORIENTED_EDGE('',*,*,#774,.T.);
#1044=ORIENTED_EDGE('',*,*,#766,.F.);
#1045=ORIENTED_EDGE('',*,*,#775,.T.);
#1046=ORIENTED_EDGE('',*,*,#770,.F.);
#1047=ORIENTED_EDGE('',*,*,#776,.F.);
#1048=ORIENTED_EDGE('',*,*,#768,.T.);
#1049=ORIENTED_EDGE('',*,*,#777,.T.);
#1050=ORIENTED_EDGE('',*,*,#762,.T.);
#1051=ORIENTED_EDGE('',*,*,#778,.T.);
#1052=ORIENTED_EDGE('',*,*,#772,.T.);
#1053=ORIENTED_EDGE('',*,*,#779,.T.);
#1054=ORIENTED_EDGE('',*,*,#773,.F.);
#1055=ORIENTED_EDGE('',*,*,#780,.F.);
#1056=ORIENTED_EDGE('',*,*,#734,.T.);
#1057=ORIENTED_EDGE('',*,*,#781,.T.);
#1058=ORIENTED_EDGE('',*,*,#782,.F.);
#1059=ORIENTED_EDGE('',*,*,#765,.T.);
#1060=ORIENTED_EDGE('',*,*,#783,.T.);
#1061=ORIENTED_EDGE('',*,*,#676,.F.);
#1062=ORIENTED_EDGE('',*,*,#697,.F.);
#1063=ORIENTED_EDGE('',*,*,#783,.F.);
#1064=ORIENTED_EDGE('',*,*,#776,.T.);
#1065=ORIENTED_EDGE('',*,*,#781,.F.);
#1066=ORIENTED_EDGE('',*,*,#706,.T.);
#1067=ORIENTED_EDGE('',*,*,#780,.T.);
#1068=ORIENTED_EDGE('',*,*,#778,.F.);
#1069=ORIENTED_EDGE('',*,*,#782,.T.);
#1070=ORIENTED_EDGE('',*,*,#784,.F.);
#1071=ORIENTED_EDGE('',*,*,#785,.T.);
#1072=ORIENTED_EDGE('',*,*,#786,.T.);
#1073=ORIENTED_EDGE('',*,*,#787,.F.);
#1074=ORIENTED_EDGE('',*,*,#788,.T.);
#1075=ORIENTED_EDGE('',*,*,#789,.T.);
#1076=ORIENTED_EDGE('',*,*,#790,.F.);
#1077=ORIENTED_EDGE('',*,*,#791,.T.);
#1078=ORIENTED_EDGE('',*,*,#792,.T.);
#1079=ORIENTED_EDGE('',*,*,#793,.T.);
#1080=ORIENTED_EDGE('',*,*,#794,.F.);
#1081=ORIENTED_EDGE('',*,*,#795,.T.);
#1082=ORIENTED_EDGE('',*,*,#786,.F.);
#1083=ORIENTED_EDGE('',*,*,#796,.T.);
#1084=ORIENTED_EDGE('',*,*,#788,.F.);
#1085=ORIENTED_EDGE('',*,*,#797,.T.);
#1086=ORIENTED_EDGE('',*,*,#792,.F.);
#1087=ORIENTED_EDGE('',*,*,#798,.F.);
#1088=ORIENTED_EDGE('',*,*,#790,.T.);
#1089=ORIENTED_EDGE('',*,*,#799,.T.);
#1090=ORIENTED_EDGE('',*,*,#784,.T.);
#1091=ORIENTED_EDGE('',*,*,#800,.T.);
#1092=ORIENTED_EDGE('',*,*,#794,.T.);
#1093=ORIENTED_EDGE('',*,*,#801,.T.);
#1094=ORIENTED_EDGE('',*,*,#795,.F.);
#1095=ORIENTED_EDGE('',*,*,#802,.F.);
#1096=ORIENTED_EDGE('',*,*,#674,.T.);
#1097=ORIENTED_EDGE('',*,*,#803,.T.);
#1098=ORIENTED_EDGE('',*,*,#804,.F.);
#1099=ORIENTED_EDGE('',*,*,#787,.T.);
#1100=ORIENTED_EDGE('',*,*,#805,.T.);
#1101=ORIENTED_EDGE('',*,*,#689,.F.);
#1102=ORIENTED_EDGE('',*,*,#698,.F.);
#1103=ORIENTED_EDGE('',*,*,#805,.F.);
#1104=ORIENTED_EDGE('',*,*,#798,.T.);
#1105=ORIENTED_EDGE('',*,*,#803,.F.);
#1106=ORIENTED_EDGE('',*,*,#708,.T.);
#1107=ORIENTED_EDGE('',*,*,#802,.T.);
#1108=ORIENTED_EDGE('',*,*,#800,.F.);
#1109=ORIENTED_EDGE('',*,*,#804,.T.);
#1110=ORIENTED_EDGE('',*,*,#806,.F.);
#1111=ORIENTED_EDGE('',*,*,#807,.T.);
#1112=ORIENTED_EDGE('',*,*,#808,.T.);
#1113=ORIENTED_EDGE('',*,*,#809,.F.);
#1114=ORIENTED_EDGE('',*,*,#810,.T.);
#1115=ORIENTED_EDGE('',*,*,#811,.T.);
#1116=ORIENTED_EDGE('',*,*,#812,.F.);
#1117=ORIENTED_EDGE('',*,*,#813,.T.);
#1118=ORIENTED_EDGE('',*,*,#814,.T.);
#1119=ORIENTED_EDGE('',*,*,#815,.T.);
#1120=ORIENTED_EDGE('',*,*,#816,.F.);
#1121=ORIENTED_EDGE('',*,*,#817,.T.);
#1122=ORIENTED_EDGE('',*,*,#808,.F.);
#1123=ORIENTED_EDGE('',*,*,#818,.T.);
#1124=ORIENTED_EDGE('',*,*,#810,.F.);
#1125=ORIENTED_EDGE('',*,*,#819,.T.);
#1126=ORIENTED_EDGE('',*,*,#814,.F.);
#1127=ORIENTED_EDGE('',*,*,#820,.F.);
#1128=ORIENTED_EDGE('',*,*,#812,.T.);
#1129=ORIENTED_EDGE('',*,*,#821,.T.);
#1130=ORIENTED_EDGE('',*,*,#806,.T.);
#1131=ORIENTED_EDGE('',*,*,#822,.T.);
#1132=ORIENTED_EDGE('',*,*,#816,.T.);
#1133=ORIENTED_EDGE('',*,*,#823,.T.);
#1134=ORIENTED_EDGE('',*,*,#817,.F.);
#1135=ORIENTED_EDGE('',*,*,#824,.F.);
#1136=ORIENTED_EDGE('',*,*,#691,.T.);
#1137=ORIENTED_EDGE('',*,*,#825,.T.);
#1138=ORIENTED_EDGE('',*,*,#826,.F.);
#1139=ORIENTED_EDGE('',*,*,#809,.T.);
#1140=ORIENTED_EDGE('',*,*,#827,.T.);
#1141=ORIENTED_EDGE('',*,*,#747,.F.);
#1142=ORIENTED_EDGE('',*,*,#692,.F.);
#1143=ORIENTED_EDGE('',*,*,#827,.F.);
#1144=ORIENTED_EDGE('',*,*,#820,.T.);
#1145=ORIENTED_EDGE('',*,*,#825,.F.);
#1146=ORIENTED_EDGE('',*,*,#702,.T.);
#1147=ORIENTED_EDGE('',*,*,#824,.T.);
#1148=ORIENTED_EDGE('',*,*,#822,.F.);
#1149=ORIENTED_EDGE('',*,*,#826,.T.);
#1150=ORIENTED_EDGE('',*,*,#779,.F.);
#1151=ORIENTED_EDGE('',*,*,#771,.F.);
#1152=ORIENTED_EDGE('',*,*,#775,.F.);
#1153=ORIENTED_EDGE('',*,*,#769,.F.);
#1154=ORIENTED_EDGE('',*,*,#777,.F.);
#1155=ORIENTED_EDGE('',*,*,#767,.F.);
#1156=ORIENTED_EDGE('',*,*,#774,.F.);
#1157=ORIENTED_EDGE('',*,*,#763,.F.);
#1158=ORIENTED_EDGE('',*,*,#801,.F.);
#1159=ORIENTED_EDGE('',*,*,#793,.F.);
#1160=ORIENTED_EDGE('',*,*,#797,.F.);
#1161=ORIENTED_EDGE('',*,*,#791,.F.);
#1162=ORIENTED_EDGE('',*,*,#799,.F.);
#1163=ORIENTED_EDGE('',*,*,#789,.F.);
#1164=ORIENTED_EDGE('',*,*,#796,.F.);
#1165=ORIENTED_EDGE('',*,*,#785,.F.);
#1166=ORIENTED_EDGE('',*,*,#823,.F.);
#1167=ORIENTED_EDGE('',*,*,#815,.F.);
#1168=ORIENTED_EDGE('',*,*,#819,.F.);
#1169=ORIENTED_EDGE('',*,*,#813,.F.);
#1170=ORIENTED_EDGE('',*,*,#821,.F.);
#1171=ORIENTED_EDGE('',*,*,#811,.F.);
#1172=ORIENTED_EDGE('',*,*,#818,.F.);
#1173=ORIENTED_EDGE('',*,*,#807,.F.);
#1174=CYLINDRICAL_SURFACE('',#1290,1.90000000000001);
#1175=CYLINDRICAL_SURFACE('',#1293,1.89999999999998);
#1176=CYLINDRICAL_SURFACE('',#1296,1.9);
#1177=CYLINDRICAL_SURFACE('',#1299,1.89999999999998);
#1178=CYLINDRICAL_SURFACE('',#1302,1.9);
#1179=CYLINDRICAL_SURFACE('',#1318,2.);
#1180=CYLINDRICAL_SURFACE('',#1319,1.99999999999999);
#1181=CYLINDRICAL_SURFACE('',#1323,1.2);
#1182=CYLINDRICAL_SURFACE('',#1324,1.2);
#1183=CYLINDRICAL_SURFACE('',#1331,2.00000000000001);
#1184=CYLINDRICAL_SURFACE('',#1332,1.19999999999999);
#1185=CYLINDRICAL_SURFACE('',#1338,1.99999999999994);
#1186=CYLINDRICAL_SURFACE('',#1339,1.19999999999994);
#1187=CYLINDRICAL_SURFACE('',#1345,2.0000000000001);
#1188=CYLINDRICAL_SURFACE('',#1346,1.20000000000011);
#1189=CYLINDRICAL_SURFACE('',#1363,0.850000000000013);
#1190=CYLINDRICAL_SURFACE('',#1364,0.0500000000000224);
#1191=CYLINDRICAL_SURFACE('',#1376,0.849999999999963);
#1192=CYLINDRICAL_SURFACE('',#1377,0.0499999999999651);
#1193=CYLINDRICAL_SURFACE('',#1389,0.850000000000025);
#1194=CYLINDRICAL_SURFACE('',#1390,0.0500000000000351);
#1195=ADVANCED_FACE('',(#115),#1174,.F.);
#1196=ADVANCED_FACE('',(#116),#1175,.F.);
#1197=ADVANCED_FACE('',(#117),#1176,.F.);
#1198=ADVANCED_FACE('',(#118),#1177,.F.);
#1199=ADVANCED_FACE('',(#119),#1178,.F.);
#1200=ADVANCED_FACE('',(#120),#41,.F.);
#1201=ADVANCED_FACE('',(#121),#37,.F.);
#1202=ADVANCED_FACE('',(#122),#38,.F.);
#1203=ADVANCED_FACE('',(#123),#42,.F.);
#1204=ADVANCED_FACE('',(#124),#39,.F.);
#1205=ADVANCED_FACE('',(#125),#40,.F.);
#1206=ADVANCED_FACE('',(#126),#43,.T.);
#1207=ADVANCED_FACE('',(#127),#44,.T.);
#1208=ADVANCED_FACE('',(#128),#45,.F.);
#1209=ADVANCED_FACE('',(#129),#1179,.T.);
#1210=ADVANCED_FACE('',(#130),#1180,.T.);
#1211=ADVANCED_FACE('',(#131),#46,.F.);
#1212=ADVANCED_FACE('',(#132),#47,.F.);
#1213=ADVANCED_FACE('',(#133),#48,.T.);
#1214=ADVANCED_FACE('',(#134),#1181,.F.);
#1215=ADVANCED_FACE('',(#135),#1182,.F.);
#1216=ADVANCED_FACE('',(#136),#49,.T.);
#1217=ADVANCED_FACE('',(#137),#50,.F.);
#1218=ADVANCED_FACE('',(#138),#1183,.T.);
#1219=ADVANCED_FACE('',(#139),#1184,.F.);
#1220=ADVANCED_FACE('',(#140),#51,.T.);
#1221=ADVANCED_FACE('',(#141),#52,.T.);
#1222=ADVANCED_FACE('',(#142,#27,#28,#29),#53,.T.);
#1223=ADVANCED_FACE('',(#143,#30,#31,#32),#54,.F.);
#1224=ADVANCED_FACE('',(#144),#55,.T.);
#1225=ADVANCED_FACE('',(#145),#23,.F.);
#1226=ADVANCED_FACE('',(#146),#24,.F.);
#1227=ADVANCED_FACE('',(#147),#1185,.T.);
#1228=ADVANCED_FACE('',(#148),#1186,.F.);
#1229=ADVANCED_FACE('',(#149),#56,.T.);
#1230=ADVANCED_FACE('',(#150),#57,.T.);
#1231=ADVANCED_FACE('',(#151,#33),#58,.F.);
#1232=ADVANCED_FACE('',(#152,#34),#59,.T.);
#1233=ADVANCED_FACE('',(#153),#60,.T.);
#1234=ADVANCED_FACE('',(#154),#25,.F.);
#1235=ADVANCED_FACE('',(#155),#26,.F.);
#1236=ADVANCED_FACE('',(#156),#1187,.T.);
#1237=ADVANCED_FACE('',(#157),#1188,.F.);
#1238=ADVANCED_FACE('',(#158),#61,.T.);
#1239=ADVANCED_FACE('',(#159),#62,.T.);
#1240=ADVANCED_FACE('',(#160,#35),#63,.F.);
#1241=ADVANCED_FACE('',(#161,#36),#64,.T.);
#1242=ADVANCED_FACE('',(#162),#65,.T.);
#1243=ADVANCED_FACE('',(#163),#66,.F.);
#1244=ADVANCED_FACE('',(#164),#67,.F.);
#1245=ADVANCED_FACE('',(#165),#68,.F.);
#1246=ADVANCED_FACE('',(#166),#69,.T.);
#1247=ADVANCED_FACE('',(#167),#70,.F.);
#1248=ADVANCED_FACE('',(#168),#71,.T.);
#1249=ADVANCED_FACE('',(#169),#72,.F.);
#1250=ADVANCED_FACE('',(#170),#1189,.T.);
#1251=ADVANCED_FACE('',(#171),#1190,.F.);
#1252=ADVANCED_FACE('',(#172),#73,.F.);
#1253=ADVANCED_FACE('',(#173),#74,.F.);
#1254=ADVANCED_FACE('',(#174),#75,.F.);
#1255=ADVANCED_FACE('',(#175),#76,.T.);
#1256=ADVANCED_FACE('',(#176),#77,.F.);
#1257=ADVANCED_FACE('',(#177),#78,.T.);
#1258=ADVANCED_FACE('',(#178),#79,.F.);
#1259=ADVANCED_FACE('',(#179),#1191,.T.);
#1260=ADVANCED_FACE('',(#180),#1192,.F.);
#1261=ADVANCED_FACE('',(#181),#80,.F.);
#1262=ADVANCED_FACE('',(#182),#81,.F.);
#1263=ADVANCED_FACE('',(#183),#82,.F.);
#1264=ADVANCED_FACE('',(#184),#83,.T.);
#1265=ADVANCED_FACE('',(#185),#84,.F.);
#1266=ADVANCED_FACE('',(#186),#85,.T.);
#1267=ADVANCED_FACE('',(#187),#86,.F.);
#1268=ADVANCED_FACE('',(#188),#1193,.T.);
#1269=ADVANCED_FACE('',(#189),#1194,.F.);
#1270=ADVANCED_FACE('',(#190),#87,.F.);
#1271=ADVANCED_FACE('',(#191),#88,.F.);
#1272=ADVANCED_FACE('',(#192),#89,.F.);
#1273=ADVANCED_FACE('',(#193),#90,.F.);
#1274=ADVANCED_FACE('',(#194),#91,.F.);
#1275=ADVANCED_FACE('',(#195),#92,.F.);
#1276=CLOSED_SHELL('',(#1195,#1196,#1197,#1198,#1199,#1200,#1201,#1202,
#1203,#1204,#1205,#1206,#1207,#1208,#1209,#1210,#1211,#1212,#1213,#1214,
#1215,#1216,#1217,#1218,#1219,#1220,#1221,#1222,#1223,#1224,#1225,#1226,
#1227,#1228,#1229,#1230,#1231,#1232,#1233,#1234,#1235,#1236,#1237,#1238,
#1239,#1240,#1241,#1242,#1243,#1244,#1245,#1246,#1247,#1248,#1249,#1250,
#1251,#1252,#1253,#1254,#1255,#1256,#1257,#1258,#1259,#1260,#1261,#1262,
#1263,#1264,#1265,#1266,#1267,#1268,#1269,#1270,#1271,#1272,#1273,#1274,
#1275));
#1277=DERIVED_UNIT_ELEMENT(#1279,1.);
#1278=DERIVED_UNIT_ELEMENT(#2478,-3.);
#1279=(
MASS_UNIT()
NAMED_UNIT(*)
SI_UNIT(.KILO.,.GRAM.)
);
#1280=DERIVED_UNIT((#1277,#1278));
#1281=MEASURE_REPRESENTATION_ITEM('density measure',
POSITIVE_RATIO_MEASURE(7850.),#1280);
#1282=PROPERTY_DEFINITION_REPRESENTATION(#1287,#1284);
#1283=PROPERTY_DEFINITION_REPRESENTATION(#1288,#1285);
#1284=REPRESENTATION('material name',(#1286),#2475);
#1285=REPRESENTATION('density',(#1281),#2475);
#1286=DESCRIPTIVE_REPRESENTATION_ITEM('Steel','Steel');
#1287=PROPERTY_DEFINITION('material property','material name',#2485);
#1288=PROPERTY_DEFINITION('material property','density of part',#2485);
#1289=AXIS2_PLACEMENT_3D('',#1744,#1397,#1398);
#1290=AXIS2_PLACEMENT_3D('',#1745,#1399,#1400);
#1291=AXIS2_PLACEMENT_3D('',#1747,#1401,#1402);
#1292=AXIS2_PLACEMENT_3D('',#1750,#1404,#1405);
#1293=AXIS2_PLACEMENT_3D('',#1751,#1406,#1407);
#1294=AXIS2_PLACEMENT_3D('',#1753,#1408,#1409);
#1295=AXIS2_PLACEMENT_3D('',#1756,#1411,#1412);
#1296=AXIS2_PLACEMENT_3D('',#1757,#1413,#1414);
#1297=AXIS2_PLACEMENT_3D('',#1759,#1415,#1416);
#1298=AXIS2_PLACEMENT_3D('',#1762,#1418,#1419);
#1299=AXIS2_PLACEMENT_3D('',#1763,#1420,#1421);
#1300=AXIS2_PLACEMENT_3D('',#1765,#1422,#1423);
#1301=AXIS2_PLACEMENT_3D('',#1768,#1425,#1426);
#1302=AXIS2_PLACEMENT_3D('',#1769,#1427,#1428);
#1303=AXIS2_PLACEMENT_3D('',#1771,#1429,#1430);
#1304=AXIS2_PLACEMENT_3D('',#1774,#1432,#1433);
#1305=AXIS2_PLACEMENT_3D('',#1775,#1434,#1435);
#1306=AXIS2_PLACEMENT_3D('',#1816,#1441,#1442);
#1307=AXIS2_PLACEMENT_3D('',#1819,#1444,#1445);
#1308=AXIS2_PLACEMENT_3D('',#1851,#1447,#1448);
#1309=AXIS2_PLACEMENT_3D('',#1852,#1449,#1450);
#1310=AXIS2_PLACEMENT_3D('',#1853,#1451,#1452);
#1311=AXIS2_PLACEMENT_3D('',#1891,#1457,#1458);
#1312=AXIS2_PLACEMENT_3D('',#1894,#1460,#1461);
#1313=AXIS2_PLACEMENT_3D('',#1925,#1462,#1463);
#1314=AXIS2_PLACEMENT_3D('',#1929,#1465,#1466);
#1315=AXIS2_PLACEMENT_3D('',#1931,#1468,#1469);
#1316=AXIS2_PLACEMENT_3D('',#1936,#1473,#1474);
#1317=AXIS2_PLACEMENT_3D('',#1941,#1478,#1479);
#1318=AXIS2_PLACEMENT_3D('',#1946,#1484,#1485);
#1319=AXIS2_PLACEMENT_3D('',#1947,#1486,#1487);
#1320=AXIS2_PLACEMENT_3D('',#1948,#1488,#1489);
#1321=AXIS2_PLACEMENT_3D('',#1953,#1493,#1494);
#1322=AXIS2_PLACEMENT_3D('',#1958,#1498,#1499);
#1323=AXIS2_PLACEMENT_3D('',#1963,#1504,#1505);
#1324=AXIS2_PLACEMENT_3D('',#1964,#1506,#1507);
#1325=AXIS2_PLACEMENT_3D('',#1965,#1508,#1509);
#1326=AXIS2_PLACEMENT_3D('',#1969,#1511,#1512);
#1327=AXIS2_PLACEMENT_3D('',#1970,#1513,#1514);
#1328=AXIS2_PLACEMENT_3D('',#1971,#1515,#1516);
#1329=AXIS2_PLACEMENT_3D('',#1973,#1517,#1518);
#1330=AXIS2_PLACEMENT_3D('',#1976,#1520,#1521);
#1331=AXIS2_PLACEMENT_3D('',#1977,#1522,#1523);
#1332=AXIS2_PLACEMENT_3D('',#1979,#1525,#1526);
#1333=AXIS2_PLACEMENT_3D('',#1981,#1528,#1529);
#1334=AXIS2_PLACEMENT_3D('',#1987,#1533,#1534);
#1335=AXIS2_PLACEMENT_3D('',#1993,#1538,#1539);
#1336=AXIS2_PLACEMENT_3D('',#1995,#1541,#1542);
#1337=AXIS2_PLACEMENT_3D('',#1997,#1544,#1545);
#1338=AXIS2_PLACEMENT_3D('',#2147,#1549,#1550);
#1339=AXIS2_PLACEMENT_3D('',#2149,#1552,#1553);
#1340=AXIS2_PLACEMENT_3D('',#2151,#1555,#1556);
#1341=AXIS2_PLACEMENT_3D('',#2157,#1560,#1561);
#1342=AXIS2_PLACEMENT_3D('',#2163,#1565,#1566);
#1343=AXIS2_PLACEMENT_3D('',#2165,#1568,#1569);
#1344=AXIS2_PLACEMENT_3D('',#2167,#1571,#1572);
#1345=AXIS2_PLACEMENT_3D('',#2317,#1576,#1577);
#1346=AXIS2_PLACEMENT_3D('',#2319,#1579,#1580);
#1347=AXIS2_PLACEMENT_3D('',#2321,#1582,#1583);
#1348=AXIS2_PLACEMENT_3D('',#2327,#1587,#1588);
#1349=AXIS2_PLACEMENT_3D('',#2333,#1592,#1593);
#1350=AXIS2_PLACEMENT_3D('',#2335,#1595,#1596);
#1351=AXIS2_PLACEMENT_3D('',#2337,#1598,#1599);
#1352=AXIS2_PLACEMENT_3D('',#2338,#1600,#1601);
#1353=AXIS2_PLACEMENT_3D('',#2347,#1606,#1607);
#1354=AXIS2_PLACEMENT_3D('',#2356,#1612,#1613);
#1355=AXIS2_PLACEMENT_3D('',#2365,#1618,#1619);
#1356=AXIS2_PLACEMENT_3D('',#2369,#1623,#1624);
#1357=AXIS2_PLACEMENT_3D('',#2373,#1628,#1629);
#1358=AXIS2_PLACEMENT_3D('',#2374,#1630,#1631);
#1359=AXIS2_PLACEMENT_3D('',#2375,#1632,#1633);
#1360=AXIS2_PLACEMENT_3D('',#2376,#1634,#1635);
#1361=AXIS2_PLACEMENT_3D('',#2377,#1636,#1637);
#1362=AXIS2_PLACEMENT_3D('',#2378,#1638,#1639);
#1363=AXIS2_PLACEMENT_3D('',#2379,#1640,#1641);
#1364=AXIS2_PLACEMENT_3D('',#2380,#1642,#1643);
#1365=AXIS2_PLACEMENT_3D('',#2381,#1644,#1645);
#1366=AXIS2_PLACEMENT_3D('',#2390,#1650,#1651);
#1367=AXIS2_PLACEMENT_3D('',#2399,#1656,#1657);
#1368=AXIS2_PLACEMENT_3D('',#2408,#1662,#1663);
#1369=AXIS2_PLACEMENT_3D('',#2412,#1667,#1668);
#1370=AXIS2_PLACEMENT_3D('',#2416,#1672,#1673);
#1371=AXIS2_PLACEMENT_3D('',#2417,#1674,#1675);
#1372=AXIS2_PLACEMENT_3D('',#2418,#1676,#1677);
#1373=AXIS2_PLACEMENT_3D('',#2419,#1678,#1679);
#1374=AXIS2_PLACEMENT_3D('',#2420,#1680,#1681);
#1375=AXIS2_PLACEMENT_3D('',#2421,#1682,#1683);
#1376=AXIS2_PLACEMENT_3D('',#2422,#1684,#1685);
#1377=AXIS2_PLACEMENT_3D('',#2423,#1686,#1687);
#1378=AXIS2_PLACEMENT_3D('',#2424,#1688,#1689);
#1379=AXIS2_PLACEMENT_3D('',#2433,#1694,#1695);
#1380=AXIS2_PLACEMENT_3D('',#2442,#1700,#1701);
#1381=AXIS2_PLACEMENT_3D('',#2451,#1706,#1707);
#1382=AXIS2_PLACEMENT_3D('',#2455,#1711,#1712);
#1383=AXIS2_PLACEMENT_3D('',#2459,#1716,#1717);
#1384=AXIS2_PLACEMENT_3D('',#2460,#1718,#1719);
#1385=AXIS2_PLACEMENT_3D('',#2461,#1720,#1721);
#1386=AXIS2_PLACEMENT_3D('',#2462,#1722,#1723);
#1387=AXIS2_PLACEMENT_3D('',#2463,#1724,#1725);
#1388=AXIS2_PLACEMENT_3D('',#2464,#1726,#1727);
#1389=AXIS2_PLACEMENT_3D('',#2465,#1728,#1729);
#1390=AXIS2_PLACEMENT_3D('',#2466,#1730,#1731);
#1391=AXIS2_PLACEMENT_3D('',#2467,#1732,#1733);
#1392=AXIS2_PLACEMENT_3D('',#2468,#1734,#1735);
#1393=AXIS2_PLACEMENT_3D('',#2469,#1736,#1737);
#1394=AXIS2_PLACEMENT_3D('',#2470,#1738,#1739);
#1395=AXIS2_PLACEMENT_3D('',#2471,#1740,#1741);
#1396=AXIS2_PLACEMENT_3D('',#2472,#1742,#1743);
#1397=DIRECTION('axis',(0.,0.,1.));
#1398=DIRECTION('refdir',(1.,0.,0.));
#1399=DIRECTION('center_axis',(0.999975446972692,0.,0.00700752822078742));
#1400=DIRECTION('ref_axis',(0.00700752822078742,0.,-0.999975446972692));
#1401=DIRECTION('center_axis',(-0.999761018585931,-0.0147413854913324,-0.0161430254233191));
#1402=DIRECTION('ref_axis',(0.0210339947521733,-0.849849300812821,-0.526605864924351));
#1403=DIRECTION('',(0.999975446972692,0.,0.00700752822078742));
#1404=DIRECTION('center_axis',(-0.999761018585931,-0.0147413854913418,-0.0161430254233098));
#1405=DIRECTION('ref_axis',(0.0210339947524182,-0.849849300791424,-0.526605864958873));
#1406=DIRECTION('center_axis',(0.999975446972692,0.,0.00700752822078742));
#1407=DIRECTION('ref_axis',(0.00700752822078741,0.,-0.999975446972692));
#1408=DIRECTION('center_axis',(0.999975446972692,0.,0.00700752822078742));
#1409=DIRECTION('ref_axis',(0.00700752822078742,0.,-0.999975446972692));
#1410=DIRECTION('',(0.999975446972692,0.,0.00700752822078742));
#1411=DIRECTION('center_axis',(0.999975446972692,0.,0.00700752822078742));
#1412=DIRECTION('ref_axis',(0.00700752822078741,0.,-0.999975446972692));
#1413=DIRECTION('center_axis',(0.999975446972692,0.,0.00700752822078742));
#1414=DIRECTION('ref_axis',(0.00700752822078741,0.,-0.999975446972692));
#1415=DIRECTION('center_axis',(0.999975446972692,0.,0.00700752822078742));
#1416=DIRECTION('ref_axis',(0.00700752822078742,0.,-0.999975446972692));
#1417=DIRECTION('',(0.999975446972692,0.,0.00700752822078741));
#1418=DIRECTION('center_axis',(0.999975446972692,0.,0.00700752822078742));
#1419=DIRECTION('ref_axis',(0.00700752822078741,0.,-0.999975446972692));
#1420=DIRECTION('center_axis',(0.999975446972692,0.,0.00700752822078742));
#1421=DIRECTION('ref_axis',(0.00700752822078741,0.,-0.999975446972692));
#1422=DIRECTION('center_axis',(0.999975446972692,0.,0.00700752822078742));
#1423=DIRECTION('ref_axis',(0.00700752822078742,0.,-0.999975446972692));
#1424=DIRECTION('',(0.999975446972692,0.,0.00700752822078742));
#1425=DIRECTION('center_axis',(0.999975446972692,0.,0.00700752822078742));
#1426=DIRECTION('ref_axis',(0.00700752822078741,0.,-0.999975446972692));
#1427=DIRECTION('center_axis',(0.999975446972692,0.,0.00700752822078742));
#1428=DIRECTION('ref_axis',(0.00700752822078741,0.,-0.999975446972692));
#1429=DIRECTION('center_axis',(-0.99976101858593,0.0147413854913789,-0.0161430254233099));
#1430=DIRECTION('ref_axis',(0.02103399475186,0.849849300843591,-0.526605864874708));
#1431=DIRECTION('',(0.999975446972692,0.,0.00700752822078741));
#1432=DIRECTION('center_axis',(-0.999761018585931,0.0147413854913602,-0.0161430254233099));
#1433=DIRECTION('ref_axis',(0.0210339947524112,0.849849300793434,-0.52660586495563));
#1434=DIRECTION('center_axis',(-0.73843762741475,0.,-0.674321785513471));
#1435=DIRECTION('ref_axis',(0.,1.,0.));
#1436=DIRECTION('',(0.,1.,0.));
#1437=DIRECTION('',(-0.674321785513469,0.,0.738437627414751));
#1438=DIRECTION('',(0.,1.,0.));
#1439=DIRECTION('',(-0.674321785513471,0.,0.73843762741475));
#1440=DIRECTION('',(-0.674321785513471,-8.41600209203499E-29,0.73843762741475));
#1441=DIRECTION('center_axis',(1.91061099176493E-15,-5.78241158658425E-17,
1.));
#1442=DIRECTION('ref_axis',(1.,-4.25862426472947E-11,-1.91061099176739E-15));
#1443=DIRECTION('',(-0.559086490094795,-0.559086490094795,0.612245533415283));
#1444=DIRECTION('center_axis',(0.246857161277065,1.69107407478825E-14,0.969051877830196));
#1445=DIRECTION('ref_axis',(0.969051877830196,5.69080723769822E-11,-0.246857161277065));
#1446=DIRECTION('',(-0.559086490094841,-0.559086490094747,0.612245533415286));
#1447=DIRECTION('center_axis',(-1.,-3.96283800567325E-13,9.57372188058874E-13));
#1448=DIRECTION('ref_axis',(-9.57372188062256E-13,8.53393230217793E-12,
-1.));
#1449=DIRECTION('center_axis',(-0.971619407959773,-3.40853504354931E-14,
-0.236549627088904));
#1450=DIRECTION('ref_axis',(0.236549627088904,5.85642618538353E-11,-0.971619407959773));
#1451=DIRECTION('center_axis',(-0.73843762741475,0.,-0.674321785513471));
#1452=DIRECTION('ref_axis',(0.,1.,0.));
#1453=DIRECTION('',(-0.674321785513469,0.,0.738437627414751));
#1454=DIRECTION('',(0.,1.,0.));
#1455=DIRECTION('',(-0.674321785513439,3.4353991469617E-14,0.738437627414778));
#1456=DIRECTION('',(0.,1.,0.));
#1457=DIRECTION('center_axis',(-1.,1.98141900283682E-13,4.78686094029296E-13));
#1458=DIRECTION('ref_axis',(-4.78686094023263E-13,3.04456920435299E-11,
-1.));
#1459=DIRECTION('',(-0.559086490094795,0.559086490094795,0.612245533415283));
#1460=DIRECTION('center_axis',(-0.971619407959761,5.57469654438288E-14,
-0.236549627088953));
#1461=DIRECTION('ref_axis',(0.236549627088953,-8.29500427625608E-11,-0.971619407959761));
#1462=DIRECTION('center_axis',(-5.46105812109612E-14,-1.51713292705791E-14,
1.));
#1463=DIRECTION('ref_axis',(1.,-1.05426989513934E-10,5.46105812093617E-14));
#1464=DIRECTION('',(-0.674321785513471,0.,0.73843762741475));
#1465=DIRECTION('center_axis',(0.246857161276634,1.12766438616023E-13,0.969051877830306));
#1466=DIRECTION('ref_axis',(0.969051877830306,-7.9920654010691E-12,-0.246857161276634));
#1467=DIRECTION('',(-0.559086490094731,0.559086490094812,0.612245533415327));
#1468=DIRECTION('center_axis',(-0.559086490094795,0.559086490094795,0.612245533415284));
#1469=DIRECTION('ref_axis',(2.77555756156289E-17,0.73843762741475,-0.67432178551347));
#1470=DIRECTION('',(-0.707106781186548,-0.707106781186547,0.));
#1471=DIRECTION('',(0.73843762741475,-1.21922384855162E-15,0.674321785513471));
#1472=DIRECTION('',(0.,0.73843762741475,-0.67432178551347));
#1473=DIRECTION('center_axis',(-0.559086490094795,-0.559086490094795,0.612245533415284));
#1474=DIRECTION('ref_axis',(2.77555756156289E-17,-0.73843762741475,-0.67432178551347));
#1475=DIRECTION('',(0.,0.73843762741475,0.67432178551347));
#1476=DIRECTION('',(-0.73843762741475,-1.21922384855162E-15,-0.674321785513471));
#1477=DIRECTION('',(0.707106781186548,-0.707106781186547,0.));
#1478=DIRECTION('center_axis',(0.674321785513471,0.,-0.73843762741475));
#1479=DIRECTION('ref_axis',(-0.73843762741475,0.,-0.674321785513471));
#1480=DIRECTION('',(0.,-1.,0.));
#1481=DIRECTION('',(0.73843762741475,0.,0.674321785513471));
#1482=DIRECTION('',(0.,1.,0.));
#1483=DIRECTION('',(-0.73843762741475,0.,-0.674321785513471));
#1484=DIRECTION('center_axis',(-0.73843762741475,1.21922384855162E-15,-0.674321785513471));
#1485=DIRECTION('ref_axis',(-0.67432178551347,7.69139382590487E-30,0.73843762741475));
#1486=DIRECTION('center_axis',(-0.73843762741475,-1.21922384855162E-15,
-0.674321785513471));
#1487=DIRECTION('ref_axis',(-0.674321785513471,-4.63455781817344E-30,0.73843762741475));
#1488=DIRECTION('center_axis',(-0.559086490094795,0.559086490094795,0.612245533415284));
#1489=DIRECTION('ref_axis',(2.77555756156289E-17,0.73843762741475,-0.67432178551347));
#1490=DIRECTION('',(-0.707106781186548,-0.707106781186547,0.));
#1491=DIRECTION('',(-1.42827605610702E-16,0.73843762741475,-0.67432178551347));
#1492=DIRECTION('',(0.73843762741475,-1.2179653680003E-15,0.674321785513471));
#1493=DIRECTION('center_axis',(-0.559086490094795,-0.559086490094795,0.612245533415284));
#1494=DIRECTION('ref_axis',(2.77555756156289E-17,-0.73843762741475,-0.67432178551347));
#1495=DIRECTION('',(-1.80259984224872E-16,0.73843762741475,0.67432178551347));
#1496=DIRECTION('',(0.707106781186548,-0.707106781186547,0.));
#1497=DIRECTION('',(-0.73843762741475,-1.2179653680003E-15,-0.674321785513471));
#1498=DIRECTION('center_axis',(0.674321785513471,0.,-0.73843762741475));
#1499=DIRECTION('ref_axis',(-0.73843762741475,0.,-0.674321785513471));
#1500=DIRECTION('',(0.,-1.,0.));
#1501=DIRECTION('',(-0.73843762741475,1.21922384855162E-15,-0.674321785513471));
#1502=DIRECTION('',(0.,1.,0.));
#1503=DIRECTION('',(0.73843762741475,1.21922384855162E-15,0.674321785513471));
#1504=DIRECTION('center_axis',(-0.73843762741475,1.21922384855162E-15,-0.674321785513471));
#1505=DIRECTION('ref_axis',(-0.674321785513471,1.16356983520099E-29,0.73843762741475));
#1506=DIRECTION('center_axis',(-0.73843762741475,-1.21922384855162E-15,
-0.674321785513471));
#1507=DIRECTION('ref_axis',(-0.674321785513471,-4.63455781817344E-30,0.73843762741475));
#1508=DIRECTION('center_axis',(0.,1.,0.));
#1509=DIRECTION('ref_axis',(0.,0.,1.));
#1510=DIRECTION('',(0.999975446972692,0.,0.00700752822078732));
#1511=DIRECTION('center_axis',(0.,1.,0.));
#1512=DIRECTION('ref_axis',(0.,0.,-1.));
#1513=DIRECTION('center_axis',(0.,1.,0.));
#1514=DIRECTION('ref_axis',(0.,0.,-1.));
#1515=DIRECTION('center_axis',(0.,1.,0.));
#1516=DIRECTION('ref_axis',(0.,0.,1.));
#1517=DIRECTION('center_axis',(0.,-1.,0.));
#1518=DIRECTION('ref_axis',(0.,0.,-1.));
#1519=DIRECTION('',(0.999975446972692,0.,0.00700752822078732));
#1520=DIRECTION('center_axis',(0.,-1.,0.));
#1521=DIRECTION('ref_axis',(0.,0.,-1.));
#1522=DIRECTION('center_axis',(0.,-1.,0.));
#1523=DIRECTION('ref_axis',(0.999975446972692,0.,0.00700752822078638));
#1524=DIRECTION('',(0.,-1.,0.));
#1525=DIRECTION('center_axis',(0.,-1.,0.));
#1526=DIRECTION('ref_axis',(0.999975446972692,0.,0.00700752822078876));
#1527=DIRECTION('',(0.,-1.,0.));
#1528=DIRECTION('center_axis',(0.,-1.,0.));
#1529=DIRECTION('ref_axis',(0.,0.,-1.));
#1530=DIRECTION('',(-0.00700752822078742,0.,0.999975446972692));
#1531=DIRECTION('',(-0.00700752822078742,0.,0.999975446972692));
#1532=DIRECTION('',(-0.999975446972692,0.,-0.00700752822078671));
#1533=DIRECTION('center_axis',(0.,1.,0.));
#1534=DIRECTION('ref_axis',(0.,0.,1.));
#1535=DIRECTION('',(0.00700752822078742,0.,-0.999975446972692));
#1536=DIRECTION('',(0.00700752822078742,0.,-0.999975446972692));
#1537=DIRECTION('',(-0.999975446972692,0.,-0.00700752822078671));
#1538=DIRECTION('center_axis',(0.999975446972692,0.,0.00700752822078742));
#1539=DIRECTION('ref_axis',(0.00700752822078742,0.,-0.999975446972692));
#1540=DIRECTION('',(0.,-1.,0.));
#1541=DIRECTION('center_axis',(0.999975446972692,0.,0.00700752822078742));
#1542=DIRECTION('ref_axis',(0.00700752822078742,0.,-0.999975446972692));
#1543=DIRECTION('',(0.,-1.,0.));
#1544=DIRECTION('center_axis',(0.00700752822078671,0.,-0.999975446972692));
#1545=DIRECTION('ref_axis',(-0.999975446972692,0.,-0.00700752822078671));
#1546=DIRECTION('',(0.999761018585931,-0.0147413854913441,0.0161430254233091));
#1547=DIRECTION('',(0.999761018585931,-0.0147413854913454,0.016143025423308));
#1548=DIRECTION('',(-0.559086490094795,-0.559086490094795,0.612245533415283));
#1549=DIRECTION('center_axis',(0.,-0.738437627414749,-0.674321785513472));
#1550=DIRECTION('ref_axis',(0.999761018585931,-0.0147413854913455,0.0161430254233094));
#1551=DIRECTION('',(-6.41811731247552E-18,0.73843762741475,0.674321785513471));
#1552=DIRECTION('center_axis',(0.,-0.738437627414749,-0.674321785513472));
#1553=DIRECTION('ref_axis',(0.999761018585931,-0.014741385491354,0.0161430254233187));
#1554=DIRECTION('',(6.41811731247552E-18,-0.73843762741475,-0.674321785513471));
#1555=DIRECTION('center_axis',(0.016384131715986,0.0163841317159862,-0.999731524188282));
#1556=DIRECTION('ref_axis',(0.,0.99986573506079,0.0163863312351168));
#1557=DIRECTION('',(-0.0144729383310791,-0.999757096389772,-0.0166217410145868));
#1558=DIRECTION('',(-0.0144729383310791,-0.999757096389772,-0.0166217410145868));
#1559=DIRECTION('',(-0.999761018585931,0.0147413854913442,-0.016143025423308));
#1560=DIRECTION('center_axis',(0.0150066067870994,0.999752340831403,-0.0164334644816105));
#1561=DIRECTION('ref_axis',(-5.42101086242752E-20,0.0164353151878971,0.999864931085531));
#1562=DIRECTION('',(0.0158967754201719,-0.0166717892239124,-0.999734636778838));
#1563=DIRECTION('',(0.0158967754201719,-0.0166717892239124,-0.999734636778838));
#1564=DIRECTION('',(-0.999761018585931,0.0147413854913442,-0.016143025423308));
#1565=DIRECTION('center_axis',(-0.999761018585931,0.0147413854913448,-0.0161430254233087));
#1566=DIRECTION('ref_axis',(-0.0161447797171169,2.71050543121376E-20,0.999869664550278));
#1567=DIRECTION('',(-1.73472347597681E-18,-0.73843762741475,-0.67432178551347));
#1568=DIRECTION('center_axis',(-0.999761018585931,0.0147413854913448,-0.0161430254233087));
#1569=DIRECTION('ref_axis',(-0.0161447797171169,2.71050543121376E-20,0.999869664550278));
#1570=DIRECTION('',(-1.73472347597681E-18,-0.73843762741475,-0.67432178551347));
#1571=DIRECTION('center_axis',(0.0218610547783491,0.674160635139631,-0.738261154546349));
#1572=DIRECTION('ref_axis',(0.,0.73843762741475,0.67432178551347));
#1573=DIRECTION('',(0.999761018585931,0.0147413854913458,0.016143025423308));
#1574=DIRECTION('',(-0.559086490094795,0.559086490094795,0.612245533415283));
#1575=DIRECTION('',(0.999761018585931,0.0147413854913441,0.0161430254233095));
#1576=DIRECTION('center_axis',(0.,-0.738437627414753,0.674321785513467));
#1577=DIRECTION('ref_axis',(0.999761018585931,0.0147413854913446,0.0161430254233086));
#1578=DIRECTION('',(-2.25514051876985E-17,0.73843762741475,-0.67432178551347));
#1579=DIRECTION('center_axis',(0.,-0.738437627414753,0.674321785513467));
#1580=DIRECTION('ref_axis',(0.999761018585931,0.0147413854913414,0.0161430254233051));
#1581=DIRECTION('',(2.25514051876985E-17,-0.73843762741475,0.67432178551347));
#1582=DIRECTION('center_axis',(0.016384131715986,-0.0163841317159863,-0.999731524188282));
#1583=DIRECTION('ref_axis',(0.,0.99986573506079,-0.0163863312351169));
#1584=DIRECTION('',(0.0144729383310792,-0.999757096389772,0.0166217410145869));
#1585=DIRECTION('',(0.0144729383310792,-0.999757096389772,0.0166217410145869));
#1586=DIRECTION('',(-0.999761018585931,-0.0147413854913442,-0.016143025423308));
#1587=DIRECTION('center_axis',(0.0150066067870995,-0.999752340831403,-0.0164334644816131));
#1588=DIRECTION('ref_axis',(5.42101086242752E-20,0.0164353151878997,-0.999864931085531));
#1589=DIRECTION('',(-0.015896775420172,-0.016671789223915,0.999734636778837));
#1590=DIRECTION('',(-0.015896775420172,-0.016671789223915,0.999734636778837));
#1591=DIRECTION('',(-0.999761018585931,-0.0147413854913442,-0.016143025423308));
#1592=DIRECTION('center_axis',(-0.999761018585931,-0.0147413854913449,-0.0161430254233088));
#1593=DIRECTION('ref_axis',(-0.016144779717117,2.71050543121376E-20,0.999869664550278));
#1594=DIRECTION('',(-8.67361737988403E-18,-0.738437627414749,0.674321785513471));
#1595=DIRECTION('center_axis',(-0.999761018585931,-0.0147413854913449,-0.0161430254233088));
#1596=DIRECTION('ref_axis',(-0.016144779717117,2.71050543121376E-20,0.999869664550278));
#1597=DIRECTION('',(-8.67361737988403E-18,-0.738437627414749,0.674321785513471));
#1598=DIRECTION('center_axis',(0.0218610547783491,-0.674160635139631,-0.738261154546348));
#1599=DIRECTION('ref_axis',(0.,0.738437627414749,-0.674321785513471));
#1600=DIRECTION('center_axis',(0.707106781186548,-0.707106781186547,-1.94289029309402E-16));
#1601=DIRECTION('ref_axis',(-0.432922968429122,-0.432922968429122,-0.79066769683163));
#1602=DIRECTION('',(-0.432922968429122,-0.432922968429122,-0.79066769683163));
#1603=DIRECTION('',(0.559086490094795,0.559086490094795,-0.612245533415283));
#1604=DIRECTION('',(-0.432922968429122,-0.432922968429122,-0.79066769683163));
#1605=DIRECTION('',(0.559086490094795,0.559086490094795,-0.612245533415283));
#1606=DIRECTION('center_axis',(-0.432922968429122,-0.432922968429122,-0.79066769683163));
#1607=DIRECTION('ref_axis',(-0.707106781186548,0.707106781186547,8.32667268468868E-17));
#1608=DIRECTION('',(-0.707106781186548,0.707106781186547,5.55111512312578E-17));
#1609=DIRECTION('',(-0.559086490094795,-0.559086490094796,0.612245533415283));
#1610=DIRECTION('',(-0.707106781186548,0.707106781186547,5.55111512312578E-17));
#1611=DIRECTION('',(0.559086490094795,0.559086490094796,-0.612245533415283));
#1612=DIRECTION('center_axis',(-0.707106781186548,0.707106781186547,1.94289029309402E-16));
#1613=DIRECTION('ref_axis',(0.432922968429122,0.432922968429122,0.79066769683163));
#1614=DIRECTION('',(0.432922968429122,0.432922968429122,0.79066769683163));
#1615=DIRECTION('',(-0.559086490094795,-0.559086490094795,0.612245533415283));
#1616=DIRECTION('',(0.432922968429122,0.432922968429122,0.79066769683163));
#1617=DIRECTION('',(0.559086490094795,0.559086490094795,-0.612245533415283));
#1618=DIRECTION('center_axis',(0.559086490094795,0.559086490094795,-0.612245533415284));
#1619=DIRECTION('ref_axis',(-2.77555756156289E-17,0.73843762741475,0.67432178551347));
#1620=DIRECTION('',(0.806122766707642,-0.193877233292358,0.559086490094795));
#1621=DIRECTION('',(0.193877233292361,-0.806122766707642,-0.559086490094793));
#1622=DIRECTION('',(0.707106781186548,-0.707106781186547,-5.55111512312578E-17));
#1623=DIRECTION('center_axis',(0.559086490094795,0.559086490094795,-0.612245533415284));
#1624=DIRECTION('ref_axis',(-2.77555756156289E-17,0.73843762741475,0.67432178551347));
#1625=DIRECTION('',(-0.806122766707642,0.193877233292358,-0.559086490094795));
#1626=DIRECTION('',(0.707106781186548,-0.707106781186547,-5.55111512312578E-17));
#1627=DIRECTION('',(-0.193877233292361,0.806122766707642,0.559086490094793));
#1628=DIRECTION('center_axis',(0.707106781186548,-0.707106781186547,-5.55111512312578E-17));
#1629=DIRECTION('ref_axis',(0.707106781186547,0.707106781186548,0.));
#1630=DIRECTION('center_axis',(0.707106781186548,-0.707106781186547,-5.55111512312578E-17));
#1631=DIRECTION('ref_axis',(-0.707106781186547,-0.707106781186548,5.5063917835071E-13));
#1632=DIRECTION('center_axis',(0.707106781186548,-0.707106781186547,-5.55111512312578E-17));
#1633=DIRECTION('ref_axis',(-0.707106781186547,-0.707106781186548,-5.32933200225402E-14));
#1634=DIRECTION('center_axis',(0.707106781186548,-0.707106781186547,-5.55111512312578E-17));
#1635=DIRECTION('ref_axis',(0.707106781186547,0.707106781186548,0.));
#1636=DIRECTION('center_axis',(-0.707106781186548,0.707106781186547,5.55111512312578E-17));
#1637=DIRECTION('ref_axis',(-0.707106781186547,-0.707106781186548,-2.77333911991762E-32));
#1638=DIRECTION('center_axis',(-0.707106781186548,0.707106781186547,5.55111512312578E-17));
#1639=DIRECTION('ref_axis',(-0.707106781186547,-0.707106781186548,-2.77333911991762E-32));
#1640=DIRECTION('center_axis',(-0.707106781186548,0.707106781186547,5.55111512312578E-17));
#1641=DIRECTION('ref_axis',(0.559086490094792,0.559086490094792,-0.612245533415289));
#1642=DIRECTION('center_axis',(-0.707106781186548,0.707106781186547,5.55111512312578E-17));
#1643=DIRECTION('ref_axis',(0.559086490094811,0.559086490094811,-0.612245533415254));
#1644=DIRECTION('center_axis',(0.,-1.,0.));
#1645=DIRECTION('ref_axis',(-0.73843762741475,0.,-0.674321785513471));
#1646=DIRECTION('',(-0.73843762741475,0.,-0.674321785513471));
#1647=DIRECTION('',(0.674321785513471,0.,-0.73843762741475));
#1648=DIRECTION('',(-0.73843762741475,0.,-0.674321785513471));
#1649=DIRECTION('',(0.674321785513471,0.,-0.73843762741475));
#1650=DIRECTION('center_axis',(-0.73843762741475,0.,-0.674321785513471));
#1651=DIRECTION('ref_axis',(0.,1.,0.));
#1652=DIRECTION('',(0.,1.,0.));
#1653=DIRECTION('',(-0.674321785513471,0.,0.73843762741475));
#1654=DIRECTION('',(0.,1.,0.));
#1655=DIRECTION('',(0.674321785513471,0.,-0.73843762741475));
#1656=DIRECTION('center_axis',(0.,1.,0.));
#1657=DIRECTION('ref_axis',(0.73843762741475,0.,0.674321785513471));
#1658=DIRECTION('',(0.73843762741475,0.,0.674321785513471));
#1659=DIRECTION('',(-0.674321785513471,0.,0.73843762741475));
#1660=DIRECTION('',(0.73843762741475,0.,0.674321785513471));
#1661=DIRECTION('',(0.674321785513471,0.,-0.73843762741475));
#1662=DIRECTION('center_axis',(0.674321785513471,0.,-0.73843762741475));
#1663=DIRECTION('ref_axis',(-0.73843762741475,0.,-0.674321785513471));
#1664=DIRECTION('',(0.522154253828274,-0.707106781186548,0.476817507238395));
#1665=DIRECTION('',(-0.522154253828274,-0.707106781186548,-0.476817507238395));
#1666=DIRECTION('',(0.,-1.,0.));
#1667=DIRECTION('center_axis',(0.674321785513471,0.,-0.73843762741475));
#1668=DIRECTION('ref_axis',(-0.73843762741475,0.,-0.674321785513471));
#1669=DIRECTION('',(-0.522154253828274,0.707106781186548,-0.476817507238395));
#1670=DIRECTION('',(0.,-1.,0.));
#1671=DIRECTION('',(0.522154253828274,0.707106781186548,0.476817507238395));
#1672=DIRECTION('center_axis',(0.,-1.,0.));
#1673=DIRECTION('ref_axis',(0.,0.,-1.));
#1674=DIRECTION('center_axis',(0.,-1.,0.));
#1675=DIRECTION('ref_axis',(0.,0.,1.));
#1676=DIRECTION('center_axis',(0.,-1.,0.));
#1677=DIRECTION('ref_axis',(6.53072367426598E-14,0.,1.));
#1678=DIRECTION('center_axis',(0.,-1.,0.));
#1679=DIRECTION('ref_axis',(0.,0.,-1.));
#1680=DIRECTION('center_axis',(0.,1.,0.));
#1681=DIRECTION('ref_axis',(0.,0.,1.));
#1682=DIRECTION('center_axis',(0.,1.,0.));
#1683=DIRECTION('ref_axis',(0.,0.,1.));
#1684=DIRECTION('center_axis',(0.,1.,0.));
#1685=DIRECTION('ref_axis',(0.674321785513479,0.,-0.738437627414742));
#1686=DIRECTION('center_axis',(0.,1.,0.));
#1687=DIRECTION('ref_axis',(0.674321785513659,0.,-0.738437627414578));
#1688=DIRECTION('center_axis',(-0.707106781186549,-0.707106781186546,-1.08246744900953E-15));
#1689=DIRECTION('ref_axis',(-0.432922968429121,0.432922968429123,-0.79066769683163));
#1690=DIRECTION('',(-0.432922968429121,0.432922968429123,-0.79066769683163));
#1691=DIRECTION('',(0.559086490094795,-0.559086490094796,-0.612245533415283));
#1692=DIRECTION('',(-0.432922968429121,0.432922968429123,-0.79066769683163));
#1693=DIRECTION('',(0.559086490094795,-0.559086490094796,-0.612245533415283));
#1694=DIRECTION('center_axis',(-0.432922968429121,0.432922968429123,-0.790667696831631));
#1695=DIRECTION('ref_axis',(0.707106781186549,0.707106781186547,1.0547118733939E-15));
#1696=DIRECTION('',(0.707106781186549,0.707106781186547,1.11022302462516E-15));
#1697=DIRECTION('',(-0.559086490094795,0.559086490094796,0.612245533415283));
#1698=DIRECTION('',(0.707106781186549,0.707106781186547,1.11022302462516E-15));
#1699=DIRECTION('',(0.559086490094795,-0.559086490094796,-0.612245533415283));
#1700=DIRECTION('center_axis',(0.707106781186549,0.707106781186546,1.08246744900953E-15));
#1701=DIRECTION('ref_axis',(0.432922968429121,-0.432922968429123,0.79066769683163));
#1702=DIRECTION('',(0.432922968429121,-0.432922968429123,0.79066769683163));
#1703=DIRECTION('',(-0.559086490094795,0.559086490094796,0.612245533415283));
#1704=DIRECTION('',(0.432922968429121,-0.432922968429123,0.79066769683163));
#1705=DIRECTION('',(0.559086490094795,-0.559086490094796,-0.612245533415283));
#1706=DIRECTION('center_axis',(0.559086490094795,-0.559086490094796,-0.612245533415283));
#1707=DIRECTION('ref_axis',(2.77555756156289E-17,0.73843762741475,-0.67432178551347));
#1708=DIRECTION('',(-0.193877233292362,-0.806122766707642,0.559086490094793));
#1709=DIRECTION('',(-0.806122766707641,-0.193877233292356,-0.559086490094796));
#1710=DIRECTION('',(-0.707106781186549,-0.707106781186547,-1.11022302462516E-15));
#1711=DIRECTION('center_axis',(0.559086490094795,-0.559086490094796,-0.612245533415283));
#1712=DIRECTION('ref_axis',(2.77555756156289E-17,0.73843762741475,-0.67432178551347));
#1713=DIRECTION('',(0.193877233292362,0.806122766707642,-0.559086490094793));
#1714=DIRECTION('',(-0.707106781186549,-0.707106781186547,-1.11022302462516E-15));
#1715=DIRECTION('',(0.806122766707641,0.193877233292356,0.559086490094796));
#1716=DIRECTION('center_axis',(-0.707106781186549,-0.707106781186547,-1.11022302462516E-15));
#1717=DIRECTION('ref_axis',(0.707106781186547,-0.707106781186549,9.86076131526265E-32));
#1718=DIRECTION('center_axis',(-0.707106781186549,-0.707106781186547,-1.11022302462516E-15));
#1719=DIRECTION('ref_axis',(-0.707106781186546,0.707106781186549,-2.78911008871602E-13));
#1720=DIRECTION('center_axis',(-0.707106781186549,-0.707106781186547,-1.11022302462516E-15));
#1721=DIRECTION('ref_axis',(-0.707106781186546,0.707106781186548,-3.55554535976852E-15));
#1722=DIRECTION('center_axis',(-0.707106781186549,-0.707106781186547,-1.11022302462516E-15));
#1723=DIRECTION('ref_axis',(0.707106781186547,-0.707106781186549,9.86076131526265E-32));
#1724=DIRECTION('center_axis',(0.707106781186549,0.707106781186547,1.11022302462516E-15));
#1725=DIRECTION('ref_axis',(-0.707106781186546,0.707106781186549,1.57772181044202E-30));
#1726=DIRECTION('center_axis',(0.707106781186549,0.707106781186547,1.11022302462516E-15));
#1727=DIRECTION('ref_axis',(-0.707106781186547,0.707106781186549,-4.95996294157711E-29));
#1728=DIRECTION('center_axis',(0.707106781186549,0.707106781186547,1.11022302462516E-15));
#1729=DIRECTION('ref_axis',(0.559086490094784,-0.559086490094785,-0.612245533415304));
#1730=DIRECTION('center_axis',(0.707106781186549,0.707106781186547,1.11022302462516E-15));
#1731=DIRECTION('ref_axis',(0.559086490094669,-0.55908649009467,-0.612245533415513));
#1732=DIRECTION('center_axis',(-0.806122766707641,0.193877233292355,-0.559086490094797));
#1733=DIRECTION('ref_axis',(0.559086490094795,0.559086490094795,-0.612245533415284));
#1734=DIRECTION('center_axis',(0.193877233292358,-0.806122766707642,-0.559086490094796));
#1735=DIRECTION('ref_axis',(0.559086490094795,0.559086490094795,-0.612245533415284));
#1736=DIRECTION('center_axis',(-0.522154253828276,0.707106781186547,-0.476817507238396));
#1737=DIRECTION('ref_axis',(0.67432178551347,2.77555756156289E-17,-0.73843762741475));
#1738=DIRECTION('center_axis',(-0.522154253828276,-0.707106781186547,-0.476817507238396));
#1739=DIRECTION('ref_axis',(0.67432178551347,-2.77555756156289E-17,-0.73843762741475));
#1740=DIRECTION('center_axis',(0.19387723329236,0.806122766707642,-0.559086490094794));
#1741=DIRECTION('ref_axis',(0.559086490094795,-0.559086490094796,-0.612245533415283));
#1742=DIRECTION('center_axis',(-0.806122766707641,-0.193877233292355,-0.559086490094797));
#1743=DIRECTION('ref_axis',(0.559086490094795,-0.559086490094796,-0.612245533415283));
#1744=CARTESIAN_POINT('',(0.,0.,0.));
#1745=CARTESIAN_POINT('Origin',(-315.123645968118,248.997397642689,21.9959800609877));
#1746=CARTESIAN_POINT('',(-316.193639082895,248.997397642689,23.8885285218339));
#1747=CARTESIAN_POINT('Origin',(-316.162962720685,248.997397642689,21.9886968406887));
#1748=CARTESIAN_POINT('',(-315.393538385477,248.997397642689,23.8941353877161));
#1749=CARTESIAN_POINT('',(-315.136960271738,248.997397642689,23.8959334102358));
#1750=CARTESIAN_POINT('Origin',(-315.362862023268,248.997397642689,21.9943037065708));
#1751=CARTESIAN_POINT('Origin',(-315.333866653061,150.000000000036,51.9945068974263));
#1752=CARTESIAN_POINT('',(-316.147161314259,150.000000000036,53.8888542240978));
#1753=CARTESIAN_POINT('Origin',(-316.133847010639,150.000000000036,51.9889008748497));
#1754=CARTESIAN_POINT('',(-315.347180956681,150.000000000036,53.8944602466745));
#1755=CARTESIAN_POINT('',(-315.347180956681,150.000000000036,53.8944602466745));
#1756=CARTESIAN_POINT('Origin',(-315.333866653061,150.000000000036,51.9945068974263));
#1757=CARTESIAN_POINT('Origin',(-315.333866653061,3.62145727195332E-11,
51.9945068974263));
#1758=CARTESIAN_POINT('',(-316.147161314259,3.62143400366413E-11,53.8888542240978));
#1759=CARTESIAN_POINT('Origin',(-316.133847010639,3.62145727195332E-11,
51.9889008748497));
#1760=CARTESIAN_POINT('',(-315.347180956681,3.62143400366413E-11,53.8944602466745));
#1761=CARTESIAN_POINT('',(-315.347180956681,3.62143400366413E-11,53.8944602466745));
#1762=CARTESIAN_POINT('Origin',(-315.333866653061,3.62145727195332E-11,
51.9945068974263));
#1763=CARTESIAN_POINT('Origin',(-315.333866653061,-149.999999999964,51.9945068974263));
#1764=CARTESIAN_POINT('',(-316.147161314259,-149.999999999964,53.8888542240978));
#1765=CARTESIAN_POINT('Origin',(-316.133847010639,-149.999999999964,51.9889008748497));
#1766=CARTESIAN_POINT('',(-315.347180956681,-149.999999999964,53.8944602466744));
#1767=CARTESIAN_POINT('',(-315.347180956681,-149.999999999964,53.8944602466744));
#1768=CARTESIAN_POINT('Origin',(-315.333866653061,-149.999999999964,51.9945068974263));
#1769=CARTESIAN_POINT('Origin',(-315.123645968118,-248.997397642689,21.9959800609877));
#1770=CARTESIAN_POINT('',(-316.193639082894,-248.997397642689,23.8885285218339));
#1771=CARTESIAN_POINT('Origin',(-316.162962720685,-248.997397642689,21.9886968406887));
#1772=CARTESIAN_POINT('',(-315.393538385477,-248.997397642689,23.8941353877161));
#1773=CARTESIAN_POINT('',(-315.136960271738,-248.997397642689,23.8959334102358));
#1774=CARTESIAN_POINT('Origin',(-315.362862023268,-248.997397642689,21.9943037065708));
#1775=CARTESIAN_POINT('Origin',(-318.2,-285.8,61.));
#1776=CARTESIAN_POINT('',(-318.2,-218.633207390241,61.));
#1777=CARTESIAN_POINT('',(-318.2,-217.633207390241,61.));
#1778=CARTESIAN_POINT('',(-318.2,-285.8,61.));
#1779=CARTESIAN_POINT('',(-318.739457428411,-217.633207390241,61.5907501019318));
#1780=CARTESIAN_POINT('',(-318.2,-217.633207390241,61.));
#1781=CARTESIAN_POINT('',(-318.739457428411,-218.633207390241,61.5907501019318));
#1782=CARTESIAN_POINT('',(-318.739457428411,-285.8,61.5907501019318));
#1783=CARTESIAN_POINT('',(-318.2,-218.633207390241,61.));
#1784=CARTESIAN_POINT('Ctrl Pts',(-385.539457428411,-218.633207390241,0.590750101931805));
#1785=CARTESIAN_POINT('Ctrl Pts',(-385.359638285607,-218.633207390241,0.393833401287871));
#1786=CARTESIAN_POINT('Ctrl Pts',(-385.179819142804,-218.633207390241,0.196916700643937));
#1787=CARTESIAN_POINT('Ctrl Pts',(-385.,-218.633207390241,3.36102673470506E-15));
#1788=CARTESIAN_POINT('Ctrl Pts',(-385.539457428411,-222.633207390241,0.590750101931807));
#1789=CARTESIAN_POINT('Ctrl Pts',(-385.359638285607,-222.099874056908,0.393833401287873));
#1790=CARTESIAN_POINT('Ctrl Pts',(-385.179819142804,-221.566540723575,0.196916700643938));
#1791=CARTESIAN_POINT('Ctrl Pts',(-385.,-221.033207390241,3.36102673470507E-15));
#1792=CARTESIAN_POINT('Ctrl Pts',(-380.901410935093,-222.633207390241,-0.590750101931804));
#1793=CARTESIAN_POINT('Ctrl Pts',(-381.081230077896,-222.099874056908,-0.39383340128787));
#1794=CARTESIAN_POINT('Ctrl Pts',(-381.2610492207,-221.566540723575,-0.196916700643937));
#1795=CARTESIAN_POINT('Ctrl Pts',(-381.440868363503,-221.033207390241,-3.36102673470506E-15));
#1796=CARTESIAN_POINT('Ctrl Pts',(-380.901410935093,-218.633207390241,-0.590750101931805));
#1797=CARTESIAN_POINT('Ctrl Pts',(-381.081230077896,-218.633207390241,-0.393833401287871));
#1798=CARTESIAN_POINT('Ctrl Pts',(-381.2610492207,-218.633207390241,-0.196916700643937));
#1799=CARTESIAN_POINT('Ctrl Pts',(-381.440868363503,-218.633207390241,-3.36102673470506E-15));
#1800=CARTESIAN_POINT('Ctrl Pts',(-380.901410935093,-214.633207390241,-0.590750101931807));
#1801=CARTESIAN_POINT('Ctrl Pts',(-381.081230077896,-215.166540723575,-0.393833401287872));
#1802=CARTESIAN_POINT('Ctrl Pts',(-381.2610492207,-215.699874056908,-0.196916700643938));
#1803=CARTESIAN_POINT('Ctrl Pts',(-381.440868363503,-216.233207390241,-3.36102673470507E-15));
#1804=CARTESIAN_POINT('Ctrl Pts',(-385.539457428411,-214.633207390241,0.590750101931804));
#1805=CARTESIAN_POINT('Ctrl Pts',(-385.359638285607,-215.166540723575,0.39383340128787));
#1806=CARTESIAN_POINT('Ctrl Pts',(-385.179819142804,-215.699874056908,0.196916700643937));
#1807=CARTESIAN_POINT('Ctrl Pts',(-385.,-216.233207390241,3.36102673470506E-15));
#1808=CARTESIAN_POINT('Ctrl Pts',(-385.539457428411,-218.633207390241,0.590750101931805));
#1809=CARTESIAN_POINT('Ctrl Pts',(-385.359638285607,-218.633207390241,0.393833401287871));
#1810=CARTESIAN_POINT('Ctrl Pts',(-385.179819142804,-218.633207390241,0.196916700643937));
#1811=CARTESIAN_POINT('Ctrl Pts',(-385.,-218.633207390241,3.36102673470506E-15));
#1812=CARTESIAN_POINT('',(-385.,-218.633207390241,-4.02035718084781E-14));
#1813=CARTESIAN_POINT('',(-385.539457428411,-218.633207390241,0.5907501019318));
#1814=CARTESIAN_POINT('',(-385.,-218.633207390241,0.));
#1815=CARTESIAN_POINT('',(-384.695888821645,-219.304111178355,-4.03323208164608E-14));
#1816=CARTESIAN_POINT('Origin',(-383.220434181946,-218.633207390284,-6.93889386712383E-17));
#1817=CARTESIAN_POINT('',(-385.143158013721,-219.751380370431,0.489796426732134));
#1818=CARTESIAN_POINT('',(-384.695888821645,-219.304111178355,0.));
#1819=CARTESIAN_POINT('Origin',(-383.220434181613,-218.633207390199,-3.57468221690027E-11));
#1820=CARTESIAN_POINT('Ctrl Pts',(-317.660542571589,-218.633207390241,57.1591446611476));
#1821=CARTESIAN_POINT('Ctrl Pts',(-317.840361714393,-218.633207390241,57.3560613617915));
#1822=CARTESIAN_POINT('Ctrl Pts',(-318.020180857197,-218.633207390241,57.5529780624355));
#1823=CARTESIAN_POINT('Ctrl Pts',(-318.2,-218.633207390241,57.7498947630794));
#1824=CARTESIAN_POINT('Ctrl Pts',(-317.660542571589,-222.633207390241,57.1591446611476));
#1825=CARTESIAN_POINT('Ctrl Pts',(-317.840361714393,-222.099874056908,57.3560613617915));
#1826=CARTESIAN_POINT('Ctrl Pts',(-318.020180857197,-221.566540723574,57.5529780624355));
#1827=CARTESIAN_POINT('Ctrl Pts',(-318.2,-221.033207390241,57.7498947630794));
#1828=CARTESIAN_POINT('Ctrl Pts',(-318.739457428411,-222.633207390241,61.5907501019319));
#1829=CARTESIAN_POINT('Ctrl Pts',(-318.559638285607,-222.099874056908,61.393833401288));
#1830=CARTESIAN_POINT('Ctrl Pts',(-318.379819142804,-221.566540723574,61.1969167006441));
#1831=CARTESIAN_POINT('Ctrl Pts',(-318.2,-221.033207390241,61.0000000000001));
#1832=CARTESIAN_POINT('Ctrl Pts',(-318.739457428411,-218.633207390241,61.5907501019319));
#1833=CARTESIAN_POINT('Ctrl Pts',(-318.559638285607,-218.633207390241,61.393833401288));
#1834=CARTESIAN_POINT('Ctrl Pts',(-318.379819142804,-218.633207390241,61.1969167006441));
#1835=CARTESIAN_POINT('Ctrl Pts',(-318.2,-218.633207390241,61.0000000000001));
#1836=CARTESIAN_POINT('Ctrl Pts',(-318.739457428411,-214.633207390241,61.5907501019319));
#1837=CARTESIAN_POINT('Ctrl Pts',(-318.559638285607,-215.166540723574,61.393833401288));
#1838=CARTESIAN_POINT('Ctrl Pts',(-318.379819142804,-215.699874056908,61.1969167006441));
#1839=CARTESIAN_POINT('Ctrl Pts',(-318.2,-216.233207390241,61.0000000000001));
#1840=CARTESIAN_POINT('Ctrl Pts',(-317.660542571589,-214.633207390241,57.1591446611476));
#1841=CARTESIAN_POINT('Ctrl Pts',(-317.840361714393,-215.166540723574,57.3560613617915));
#1842=CARTESIAN_POINT('Ctrl Pts',(-318.020180857197,-215.699874056908,57.5529780624355));
#1843=CARTESIAN_POINT('Ctrl Pts',(-318.2,-216.233207390241,57.7498947630794));
#1844=CARTESIAN_POINT('Ctrl Pts',(-317.660542571589,-218.633207390241,57.1591446611476));
#1845=CARTESIAN_POINT('Ctrl Pts',(-317.840361714393,-218.633207390241,57.3560613617915));
#1846=CARTESIAN_POINT('Ctrl Pts',(-318.020180857197,-218.633207390241,57.5529780624355));
#1847=CARTESIAN_POINT('Ctrl Pts',(-318.2,-218.633207390241,57.7498947630794));
#1848=CARTESIAN_POINT('',(-318.2,-219.304111178355,60.7222936844367));
#1849=CARTESIAN_POINT('',(-318.647269192076,-219.751380370431,61.2120901111688));
#1850=CARTESIAN_POINT('',(-318.2,-219.304111178355,60.7222936844366));
#1851=CARTESIAN_POINT('Origin',(-318.200000000002,-218.633207390235,59.3749473815116));
#1852=CARTESIAN_POINT('Origin',(-318.199999999976,-218.633207390209,59.3749473814392));
#1853=CARTESIAN_POINT('Origin',(-318.2,-285.8,61.));
#1854=CARTESIAN_POINT('',(-318.2,217.633207390241,61.));
#1855=CARTESIAN_POINT('',(-318.739457428411,217.633207390241,61.5907501019318));
#1856=CARTESIAN_POINT('',(-318.2,217.633207390241,61.));
#1857=CARTESIAN_POINT('',(-318.2,218.633207390241,61.));
#1858=CARTESIAN_POINT('',(-318.2,-285.8,61.));
#1859=CARTESIAN_POINT('',(-318.739457428411,218.633207390241,61.5907501019318));
#1860=CARTESIAN_POINT('',(-318.2,218.633207390241,61.));
#1861=CARTESIAN_POINT('',(-318.739457428411,-285.8,61.5907501019318));
#1862=CARTESIAN_POINT('Ctrl Pts',(-317.660542571589,218.633207390241,57.1591446611474));
#1863=CARTESIAN_POINT('Ctrl Pts',(-317.840361714393,218.633207390241,57.3560613617914));
#1864=CARTESIAN_POINT('Ctrl Pts',(-318.020180857197,218.633207390241,57.5529780624353));
#1865=CARTESIAN_POINT('Ctrl Pts',(-318.2,218.633207390241,57.7498947630792));
#1866=CARTESIAN_POINT('Ctrl Pts',(-317.66054257159,214.633207390241,57.1591446611474));
#1867=CARTESIAN_POINT('Ctrl Pts',(-317.840361714393,215.166540723575,57.3560613617914));
#1868=CARTESIAN_POINT('Ctrl Pts',(-318.020180857197,215.699874056908,57.5529780624353));
#1869=CARTESIAN_POINT('Ctrl Pts',(-318.2,216.233207390241,57.7498947630792));
#1870=CARTESIAN_POINT('Ctrl Pts',(-318.739457428411,214.633207390241,61.5907501019318));
#1871=CARTESIAN_POINT('Ctrl Pts',(-318.559638285608,215.166540723575,61.3938334012878));
#1872=CARTESIAN_POINT('Ctrl Pts',(-318.379819142804,215.699874056908,61.1969167006439));
#1873=CARTESIAN_POINT('Ctrl Pts',(-318.2,216.233207390241,61.));
#1874=CARTESIAN_POINT('Ctrl Pts',(-318.739457428411,218.633207390241,61.5907501019318));
#1875=CARTESIAN_POINT('Ctrl Pts',(-318.559638285607,218.633207390241,61.3938334012878));
#1876=CARTESIAN_POINT('Ctrl Pts',(-318.379819142804,218.633207390241,61.1969167006439));
#1877=CARTESIAN_POINT('Ctrl Pts',(-318.2,218.633207390241,61.));
#1878=CARTESIAN_POINT('Ctrl Pts',(-318.739457428411,222.633207390241,61.5907501019318));
#1879=CARTESIAN_POINT('Ctrl Pts',(-318.559638285608,222.099874056908,61.3938334012878));
#1880=CARTESIAN_POINT('Ctrl Pts',(-318.379819142804,221.566540723575,61.1969167006439));
#1881=CARTESIAN_POINT('Ctrl Pts',(-318.2,221.033207390241,61.));
#1882=CARTESIAN_POINT('Ctrl Pts',(-317.66054257159,222.633207390241,57.1591446611474));
#1883=CARTESIAN_POINT('Ctrl Pts',(-317.840361714393,222.099874056908,57.3560613617914));
#1884=CARTESIAN_POINT('Ctrl Pts',(-318.020180857197,221.566540723575,57.5529780624353));
#1885=CARTESIAN_POINT('Ctrl Pts',(-318.2,221.033207390241,57.7498947630792));
#1886=CARTESIAN_POINT('Ctrl Pts',(-317.660542571589,218.633207390241,57.1591446611474));
#1887=CARTESIAN_POINT('Ctrl Pts',(-317.840361714393,218.633207390241,57.3560613617914));
#1888=CARTESIAN_POINT('Ctrl Pts',(-318.020180857197,218.633207390241,57.5529780624353));
#1889=CARTESIAN_POINT('Ctrl Pts',(-318.2,218.633207390241,57.7498947630792));
#1890=CARTESIAN_POINT('',(-318.2,219.304111178355,60.7222936844364));
#1891=CARTESIAN_POINT('Origin',(-318.200000000001,218.633207390264,59.3749473816477));
#1892=CARTESIAN_POINT('',(-318.647269192076,219.751380370431,61.2120901111687));
#1893=CARTESIAN_POINT('',(-318.2,219.304111178355,60.7222936844365));
#1894=CARTESIAN_POINT('Origin',(-318.199999999957,218.633207390197,59.374947381361));
#1895=CARTESIAN_POINT('Ctrl Pts',(-385.539457428411,218.633207390241,0.590750101931803));
#1896=CARTESIAN_POINT('Ctrl Pts',(-385.359638285607,218.633207390241,0.393833401287868));
#1897=CARTESIAN_POINT('Ctrl Pts',(-385.179819142804,218.633207390241,0.196916700643933));
#1898=CARTESIAN_POINT('Ctrl Pts',(-385.,218.633207390241,-2.22261445359528E-15));
#1899=CARTESIAN_POINT('Ctrl Pts',(-385.539457428411,214.633207390241,0.590750101931801));
#1900=CARTESIAN_POINT('Ctrl Pts',(-385.359638285607,215.166540723575,0.393833401287867));
#1901=CARTESIAN_POINT('Ctrl Pts',(-385.179819142804,215.699874056908,0.196916700643932));
#1902=CARTESIAN_POINT('Ctrl Pts',(-385.,216.233207390241,-2.22261445359528E-15));
#1903=CARTESIAN_POINT('Ctrl Pts',(-380.901410935093,214.633207390241,-0.590750101931804));
#1904=CARTESIAN_POINT('Ctrl Pts',(-381.081230077896,215.166540723575,-0.393833401287869));
#1905=CARTESIAN_POINT('Ctrl Pts',(-381.2610492207,215.699874056908,-0.196916700643933));
#1906=CARTESIAN_POINT('Ctrl Pts',(-381.440868363503,216.233207390241,2.22261445359529E-15));
#1907=CARTESIAN_POINT('Ctrl Pts',(-380.901410935093,218.633207390241,-0.590750101931803));
#1908=CARTESIAN_POINT('Ctrl Pts',(-381.081230077896,218.633207390241,-0.393833401287868));
#1909=CARTESIAN_POINT('Ctrl Pts',(-381.2610492207,218.633207390241,-0.196916700643933));
#1910=CARTESIAN_POINT('Ctrl Pts',(-381.440868363503,218.633207390241,2.22261445359528E-15));
#1911=CARTESIAN_POINT('Ctrl Pts',(-380.901410935093,222.633207390241,-0.590750101931801));
#1912=CARTESIAN_POINT('Ctrl Pts',(-381.081230077896,222.099874056908,-0.393833401287867));
#1913=CARTESIAN_POINT('Ctrl Pts',(-381.2610492207,221.566540723575,-0.196916700643932));
#1914=CARTESIAN_POINT('Ctrl Pts',(-381.440868363503,221.033207390241,2.22261445359528E-15));
#1915=CARTESIAN_POINT('Ctrl Pts',(-385.539457428411,222.633207390241,0.590750101931804));
#1916=CARTESIAN_POINT('Ctrl Pts',(-385.359638285607,222.099874056908,0.393833401287869));
#1917=CARTESIAN_POINT('Ctrl Pts',(-385.179819142804,221.566540723575,0.196916700643933));
#1918=CARTESIAN_POINT('Ctrl Pts',(-385.,221.033207390241,-2.22261445359529E-15));
#1919=CARTESIAN_POINT('Ctrl Pts',(-385.539457428411,218.633207390241,0.590750101931803));
#1920=CARTESIAN_POINT('Ctrl Pts',(-385.359638285607,218.633207390241,0.393833401287868));
#1921=CARTESIAN_POINT('Ctrl Pts',(-385.179819142804,218.633207390241,0.196916700643933));
#1922=CARTESIAN_POINT('Ctrl Pts',(-385.,218.633207390241,-2.22261445359528E-15));
#1923=CARTESIAN_POINT('',(-384.695888821645,219.304111178355,5.23195310860036E-14));
#1924=CARTESIAN_POINT('',(-385.,218.633207390241,-4.02035718084781E-14));
#1925=CARTESIAN_POINT('Origin',(-383.220434181252,218.633207390137,9.4962677614137E-14));
#1926=CARTESIAN_POINT('',(-385.539457428411,218.633207390241,0.590750101931578));
#1927=CARTESIAN_POINT('',(-385.,218.633207390241,0.));
#1928=CARTESIAN_POINT('',(-385.143158013721,219.751380370431,0.489796426732192));
#1929=CARTESIAN_POINT('Origin',(-383.220434181767,218.633207390236,4.61838900456257E-12));
#1930=CARTESIAN_POINT('',(-384.695888821645,219.304111178355,0.));
#1931=CARTESIAN_POINT('Origin',(-189.244202049612,189.244202049613,207.237913064166));
#1932=CARTESIAN_POINT('',(-318.647269192076,286.247269192076,0.489796426732478));
#1933=CARTESIAN_POINT('',(-385.447269192076,219.447269192076,0.489796426732218));
#1934=CARTESIAN_POINT('',(-175.372286948532,219.75138037043,192.047028986261));
#1935=CARTESIAN_POINT('',(-318.647269192076,130.403350157562,142.802357221723));
#1936=CARTESIAN_POINT('Origin',(-189.244202049612,-189.244202049613,207.237913064166));
#1937=CARTESIAN_POINT('',(-318.647269192076,-286.247269192076,0.489796426732153));
#1938=CARTESIAN_POINT('',(-318.647269192076,-130.403350157562,142.802357221723));
#1939=CARTESIAN_POINT('',(-385.308986837574,-219.751380370431,0.338365913932803));
#1940=CARTESIAN_POINT('',(-385.447269192076,-219.447269192076,0.489796426732218));
#1941=CARTESIAN_POINT('Origin',(-385.539457428411,-285.8,0.5907501019318));
#1942=CARTESIAN_POINT('',(-385.539457428411,-285.8,0.5907501019318));
#1943=CARTESIAN_POINT('',(-385.539457428411,-218.633207390241,0.5907501019318));
#1944=CARTESIAN_POINT('',(-318.739457428411,-217.633207390241,61.5907501019318));
#1945=CARTESIAN_POINT('',(-385.539457428411,218.633207390241,0.5907501019318));
#1946=CARTESIAN_POINT('Origin',(-174.254113968343,218.633207390241,190.822537919431));
#1947=CARTESIAN_POINT('Origin',(-384.190813857384,-218.633207390241,-0.886125152897755));
#1948=CARTESIAN_POINT('Origin',(-188.796932857537,188.796932857537,206.748116637433));
#1949=CARTESIAN_POINT('',(-318.2,285.8,1.5672142403278E-13));
#1950=CARTESIAN_POINT('',(-385.,219.,0.));
#1951=CARTESIAN_POINT('',(-318.2,286.454348155498,-0.597533495290387));
#1952=CARTESIAN_POINT('',(-318.061717645498,219.304111178355,60.8485694872006));
#1953=CARTESIAN_POINT('Origin',(-188.796932857537,-188.796932857537,206.748116637433));
#1954=CARTESIAN_POINT('',(-318.2,-285.8,-4.55500437715473E-14));
#1955=CARTESIAN_POINT('',(-318.2,26.5421862245269,285.222655085272));
#1956=CARTESIAN_POINT('',(-385.,-219.,0.));
#1957=CARTESIAN_POINT('',(-384.861717645498,-219.304111178355,-0.151430512799355));
#1958=CARTESIAN_POINT('Origin',(-385.,-285.8,0.));
#1959=CARTESIAN_POINT('',(-385.,219.,0.));
#1960=CARTESIAN_POINT('',(-385.,218.633207390241,-6.08202038481236E-14));
#1961=CARTESIAN_POINT('',(-318.2,-217.633207390241,61.));
#1962=CARTESIAN_POINT('',(-318.2,-218.633207390241,61.));
#1963=CARTESIAN_POINT('Origin',(-174.254113968343,218.633207390241,190.822537919431));
#1964=CARTESIAN_POINT('Origin',(-384.190813857384,-218.633207390241,-0.886125152897755));
#1965=CARTESIAN_POINT('Origin',(-317.390813857384,217.633207390241,60.1138748471023));
#1966=CARTESIAN_POINT('',(-316.190843321017,217.633207390241,60.1222838809672));
#1967=CARTESIAN_POINT('',(-315.390862963439,217.633207390241,60.1278899035439));
#1968=CARTESIAN_POINT('',(-315.390862963439,217.633207390241,60.1278899035439));
#1969=CARTESIAN_POINT('Origin',(-317.390813857384,217.633207390241,60.1138748471023));
#1970=CARTESIAN_POINT('Origin',(-317.390813857384,217.633207390241,60.1138748471023));
#1971=CARTESIAN_POINT('Origin',(-317.390813857384,-217.633207390241,60.1138748471023));
#1972=CARTESIAN_POINT('',(-316.190843321017,-217.633207390241,60.1222838809672));
#1973=CARTESIAN_POINT('Origin',(-317.390813857384,-217.633207390241,60.1138748471023));
#1974=CARTESIAN_POINT('',(-315.390862963439,-217.633207390241,60.1278899035439));
#1975=CARTESIAN_POINT('',(-316.190843321017,-217.633207390241,60.1222838809672));
#1976=CARTESIAN_POINT('Origin',(-317.390813857384,-217.633207390241,60.1138748471023));
#1977=CARTESIAN_POINT('Origin',(-317.390813857384,-217.633207390241,60.1138748471023));
#1978=CARTESIAN_POINT('',(-315.390862963439,0.,60.1278899035439));
#1979=CARTESIAN_POINT('Origin',(-317.390813857384,-217.633207390241,60.1138748471023));
#1980=CARTESIAN_POINT('',(-316.190843321017,217.633207390241,60.1222838809672));
#1981=CARTESIAN_POINT('Origin',(-315.409749962732,-217.633207390241,62.8230678558262));
#1982=CARTESIAN_POINT('',(-315.290621982979,-217.633207390241,45.8234852572905));
#1983=CARTESIAN_POINT('',(-315.409749962732,-217.633207390241,62.8230678558262));
#1984=CARTESIAN_POINT('',(-316.090602340557,-217.633207390241,45.8178792347138));
#1985=CARTESIAN_POINT('',(-315.766656239509,-217.633207390241,-0.409283465817976));
#1986=CARTESIAN_POINT('',(-315.290621982979,-217.633207390241,45.8234852572905));
#1987=CARTESIAN_POINT('Origin',(-315.290621982979,217.633207390241,45.8234852572905));
#1988=CARTESIAN_POINT('',(-316.090602340557,217.633207390241,45.8178792347138));
#1989=CARTESIAN_POINT('',(-315.766656239509,217.633207390241,-0.409283465817976));
#1990=CARTESIAN_POINT('',(-315.290621982979,217.633207390241,45.8234852572905));
#1991=CARTESIAN_POINT('',(-315.290621982979,217.633207390241,45.8234852572905));
#1992=CARTESIAN_POINT('',(-315.290621982979,217.633207390241,45.8234852572905));
#1993=CARTESIAN_POINT('Origin',(-314.966675881931,0.,-0.403677443241347));
#1994=CARTESIAN_POINT('',(-315.290621982979,-217.633207390241,45.8234852572905));
#1995=CARTESIAN_POINT('Origin',(-315.766656239509,0.,-0.409283465817976));
#1996=CARTESIAN_POINT('',(-316.090602340557,0.,45.8178792347138));
#1997=CARTESIAN_POINT('Origin',(-315.290621982979,-217.633207390241,45.8234852572905));
#1998=CARTESIAN_POINT('Ctrl Pts',(-318.652269257893,-219.755386563553,61.2169323176583));
#1999=CARTESIAN_POINT('Ctrl Pts',(-318.3548022581,-220.018577888518,61.2484217784086));
#2000=CARTESIAN_POINT('Ctrl Pts',(-318.003031057967,-220.226351048058,61.2194821172111));
#2001=CARTESIAN_POINT('Ctrl Pts',(-317.287085119035,-220.509719501519,61.0167507375194));
#2002=CARTESIAN_POINT('Ctrl Pts',(-316.924035061597,-220.585223068822,60.8429876122493));
#2003=CARTESIAN_POINT('Ctrl Pts',(-316.287404409379,-220.618304973229,60.3663235686377));
#2004=CARTESIAN_POINT('Ctrl Pts',(-316.014684835317,-220.576183976312,60.0637519041885));
#2005=CARTESIAN_POINT('Ctrl Pts',(-315.635320299488,-220.421270253206,59.3810656163879));
#2006=CARTESIAN_POINT('Ctrl Pts',(-315.529291095638,-220.309048499148,59.0017052957096));
#2007=CARTESIAN_POINT('Ctrl Pts',(-315.521562282806,-220.194954917565,58.6200368587976));
#2008=CARTESIAN_POINT('Ctrl Pts',(-318.647794464484,-219.750914827821,61.2120353999194));
#2009=CARTESIAN_POINT('Ctrl Pts',(-318.351512816783,-220.013566622796,61.2429343566961));
#2010=CARTESIAN_POINT('Ctrl Pts',(-318.00114287133,-220.221021057441,61.2136453406013));
#2011=CARTESIAN_POINT('Ctrl Pts',(-317.288049306656,-220.504278349782,61.0107922303714));
#2012=CARTESIAN_POINT('Ctrl Pts',(-316.926445663789,-220.579989854093,60.8372568131692));
#2013=CARTESIAN_POINT('Ctrl Pts',(-316.292351388671,-220.61395745415,60.3615626788927));
#2014=CARTESIAN_POINT('Ctrl Pts',(-316.020718346778,-220.572513018003,60.0597319039425));
#2015=CARTESIAN_POINT('Ctrl Pts',(-315.642865223442,-220.419234277907,59.3788360565523));
#2016=CARTESIAN_POINT('Ctrl Pts',(-315.537258440788,-220.307968394835,59.000522167941));
#2017=CARTESIAN_POINT('Ctrl Pts',(-315.52956042596,-220.194838695137,58.6199095862893));
#2018=CARTESIAN_POINT('Ctrl Pts',(-318.200315123517,-219.303741254602,60.7223436260245));
#2019=CARTESIAN_POINT('Ctrl Pts',(-318.022568685071,-219.512440050572,60.6941921854393));
#2020=CARTESIAN_POINT('Ctrl Pts',(-317.812324207552,-219.688021995766,60.6299676796189));
#2021=CARTESIAN_POINT('Ctrl Pts',(-317.384468068748,-219.960163176091,60.4149415155747));
#2022=CARTESIAN_POINT('Ctrl Pts',(-317.167505883028,-220.056668381208,60.2641769051575));
#2023=CARTESIAN_POINT('Ctrl Pts',(-316.787049317957,-220.179205546305,59.8854737043999));
#2024=CARTESIAN_POINT('Ctrl Pts',(-316.624069492821,-220.205417187148,59.6577318793339));
#2025=CARTESIAN_POINT('Ctrl Pts',(-316.39735761882,-220.215636748011,59.1558800729935));
#2026=CARTESIAN_POINT('Ctrl Pts',(-316.333992955701,-220.199957963539,58.8822093910811));
#2027=CARTESIAN_POINT('Ctrl Pts',(-316.329374741383,-220.183216452361,58.6071823354549));
#2028=CARTESIAN_POINT('Ctrl Pts',(-318.195795582174,-219.299224801513,60.7173977391082));
#2029=CARTESIAN_POINT('Ctrl Pts',(-318.019246349341,-219.507378672193,60.6886498895096));
#2030=CARTESIAN_POINT('Ctrl Pts',(-317.810417139048,-219.682638705243,60.624072535243));
#2031=CARTESIAN_POINT('Ctrl Pts',(-317.385441898245,-219.954667612836,60.4089234233552));
#2032=CARTESIAN_POINT('Ctrl Pts',(-317.169940591242,-220.051382834332,60.2583887980866));
#2033=CARTESIAN_POINT('Ctrl Pts',(-316.792045767043,-220.174814552036,59.8806652057575));
#2034=CARTESIAN_POINT('Ctrl Pts',(-316.630163339396,-220.201709519256,59.6536716790853));
#2035=CARTESIAN_POINT('Ctrl Pts',(-316.404977992013,-220.213580412959,59.1536282175596));
#2036=CARTESIAN_POINT('Ctrl Pts',(-316.342039974302,-220.198867058183,58.8810144320348));
#2037=CARTESIAN_POINT('Ctrl Pts',(-316.337452865969,-220.183099067709,58.6070537902215));
#2038=CARTESIAN_POINT('',(-316.329382989583,-220.183246128767,58.6076698719704));
#2039=CARTESIAN_POINT('',(-315.529574174715,-220.19503923716,58.6205842923091));
#2040=CARTESIAN_POINT('',(-315.529574174715,-220.19503923716,58.620584292309));
#2041=CARTESIAN_POINT('Ctrl Pts',(-318.2,-219.304111178355,60.7222936844366));
#2042=CARTESIAN_POINT('Ctrl Pts',(-318.063414312508,-219.464416880058,60.7006331924174));
#2043=CARTESIAN_POINT('Ctrl Pts',(-317.909314055939,-219.604057390466,60.6584290882408));
#2044=CARTESIAN_POINT('Ctrl Pts',(-317.585371376026,-219.840839214668,60.52333741928));
#2045=CARTESIAN_POINT('Ctrl Pts',(-317.418965478153,-219.935511805314,60.4318643936623));
#2046=CARTESIAN_POINT('Ctrl Pts',(-317.160866855873,-220.053119317517,60.2435674170664));
#2047=CARTESIAN_POINT('Ctrl Pts',(-317.06645583218,-220.089206356212,60.1635726031871));
#2048=CARTESIAN_POINT('Ctrl Pts',(-316.888481057532,-220.14654461982,59.9864578933075));
#2049=CARTESIAN_POINT('Ctrl Pts',(-316.805608997678,-220.167599721474,59.8900020788625));
#2050=CARTESIAN_POINT('Ctrl Pts',(-316.607759233885,-220.206659214658,59.6156013440579));
#2051=CARTESIAN_POINT('Ctrl Pts',(-316.508621934052,-220.213651996109,59.428027965781));
#2052=CARTESIAN_POINT('Ctrl Pts',(-316.370495710288,-220.208337190098,59.0276472939765));
#2053=CARTESIAN_POINT('Ctrl Pts',(-316.33298591356,-220.196112704446,58.8190547706429));
#2054=CARTESIAN_POINT('Ctrl Pts',(-316.329382989583,-220.183246128767,58.6076698719704));
#2055=CARTESIAN_POINT('Ctrl Pts',(-318.647269192076,-219.751380370431,61.2120901111688));
#2056=CARTESIAN_POINT('Ctrl Pts',(-318.413513683535,-219.958506997644,61.2364069039981));
#2057=CARTESIAN_POINT('Ctrl Pts',(-318.149048149239,-220.129986717434,61.2239462855224));
#2058=CARTESIAN_POINT('Ctrl Pts',(-317.586044867124,-220.40029899542,61.1094979031507));
#2059=CARTESIAN_POINT('Ctrl Pts',(-317.293430348367,-220.493892714577,61.0064470284767));
#2060=CARTESIAN_POINT('Ctrl Pts',(-316.874249627029,-220.573646879237,60.7822203772315));
#2061=CARTESIAN_POINT('Ctrl Pts',(-316.739233305883,-220.589942469793,60.6966791442084));
#2062=CARTESIAN_POINT('Ctrl Pts',(-316.482794633823,-220.60383081126,60.5045624899286));
#2063=CARTESIAN_POINT('Ctrl Pts',(-316.362119968899,-220.601408883664,60.3985234412014));
#2064=CARTESIAN_POINT('Ctrl Pts',(-316.028409012914,-220.569616301664,60.0521406193313));
#2065=CARTESIAN_POINT('Ctrl Pts',(-315.848521823422,-220.51609092909,59.7879824167018));
#2066=CARTESIAN_POINT('Ctrl Pts',(-315.663128552444,-220.408010314999,59.3602741660715));
#2067=CARTESIAN_POINT('Ctrl Pts',(-315.616018491923,-220.368328138226,59.2157298764062));
#2068=CARTESIAN_POINT('Ctrl Pts',(-315.550689095393,-220.284062765684,58.9206562502029));
#2069=CARTESIAN_POINT('Ctrl Pts',(-315.532660992727,-220.239730378053,58.7709446442474));
#2070=CARTESIAN_POINT('Ctrl Pts',(-315.529574174715,-220.19503923716,58.6205842923091));
#2071=CARTESIAN_POINT('Ctrl Pts',(-315.521562483628,-283.320406632794,0.975550160378165));
#2072=CARTESIAN_POINT('Ctrl Pts',(-315.529292625833,-283.715618243855,1.1004860505491));
#2073=CARTESIAN_POINT('Ctrl Pts',(-315.635321938354,-284.108705293499,1.22338149024191));
#2074=CARTESIAN_POINT('Ctrl Pts',(-316.014684835317,-284.82544012714,1.39302398202479));
#2075=CARTESIAN_POINT('Ctrl Pts',(-316.287404409379,-285.148390207909,1.43914992618974));
#2076=CARTESIAN_POINT('Ctrl Pts',(-316.924035061597,-285.676966471207,1.4029225292331));
#2077=CARTESIAN_POINT('Ctrl Pts',(-317.287085119035,-285.882291987756,1.32023993421906));
#2078=CARTESIAN_POINT('Ctrl Pts',(-318.00302796506,-286.160746538222,1.00992959131198));
#2079=CARTESIAN_POINT('Ctrl Pts',(-318.354807614793,-286.233827813061,0.78239247761181));
#2080=CARTESIAN_POINT('Ctrl Pts',(-318.65226152978,-286.251773287113,0.494191024304126));
#2081=CARTESIAN_POINT('Ctrl Pts',(-315.529560625983,-283.320290386034,0.975422859876184));
#2082=CARTESIAN_POINT('Ctrl Pts',(-315.537259964106,-283.714537754502,1.09930326731432));
#2083=CARTESIAN_POINT('Ctrl Pts',(-315.642866855778,-284.106669311137,1.22115192267157));
#2084=CARTESIAN_POINT('Ctrl Pts',(-316.020718346778,-284.821769168831,1.3890039817787));
#2085=CARTESIAN_POINT('Ctrl Pts',(-316.292351388671,-285.144042688831,1.43438903644482));
#2086=CARTESIAN_POINT('Ctrl Pts',(-316.926445663789,-285.671733256478,1.39719173015298));
#2087=CARTESIAN_POINT('Ctrl Pts',(-317.288049306656,-285.876850836019,1.31428142707109));
#2088=CARTESIAN_POINT('Ctrl Pts',(-318.001139790745,-286.155416547125,1.00409281417628));
#2089=CARTESIAN_POINT('Ctrl Pts',(-318.35151818171,-286.22881693061,0.776904709428522));
#2090=CARTESIAN_POINT('Ctrl Pts',(-318.647786767113,-286.247301536721,0.489294091858806));
#2091=CARTESIAN_POINT('Ctrl Pts',(-316.329374861519,-283.308665710009,0.96269280967803));
#2092=CARTESIAN_POINT('Ctrl Pts',(-316.333993791398,-283.60648881922,0.981024943836789));
#2093=CARTESIAN_POINT('Ctrl Pts',(-316.397358598222,-283.903071074923,0.998195165637368));
#2094=CARTESIAN_POINT('Ctrl Pts',(-316.624069492821,-284.454673337976,0.987003957170104));
#2095=CARTESIAN_POINT('Ctrl Pts',(-316.787049317957,-284.709290780985,0.958300061951986));
#2096=CARTESIAN_POINT('Ctrl Pts',(-317.167505883028,-285.148411783593,0.824111822141317));
#2097=CARTESIAN_POINT('Ctrl Pts',(-317.384468068748,-285.332735662327,0.718430712274401));
#2098=CARTESIAN_POINT('Ctrl Pts',(-317.812322359201,-285.622417437427,0.420415100605979));
#2099=CARTESIAN_POINT('Ctrl Pts',(-318.022574873451,-285.7277286855,0.228127891099759));
#2100=CARTESIAN_POINT('Ctrl Pts',(-318.200310500489,-285.800126497498,-0.00039915267315781));
#2101=CARTESIAN_POINT('Ctrl Pts',(-316.337452985298,-283.308548300781,0.962564236171028));
#2102=CARTESIAN_POINT('Ctrl Pts',(-316.342040803053,-283.605397524974,0.979830332769666));
#2103=CARTESIAN_POINT('Ctrl Pts',(-316.40497896482,-283.901014732737,0.995943302391322));
#2104=CARTESIAN_POINT('Ctrl Pts',(-316.630163339396,-284.450965670085,0.982943756921557));
#2105=CARTESIAN_POINT('Ctrl Pts',(-316.792045767043,-284.704899786716,0.953491563309609));
#2106=CARTESIAN_POINT('Ctrl Pts',(-317.169940591242,-285.143126236717,0.818323715070399));
#2107=CARTESIAN_POINT('Ctrl Pts',(-317.385441898245,-285.327240099073,0.712412620054955));
#2108=CARTESIAN_POINT('Ctrl Pts',(-317.810415303143,-285.617034146419,0.414519955698919));
#2109=CARTESIAN_POINT('Ctrl Pts',(-318.019252546037,-285.722667694224,0.222585245234639));
#2110=CARTESIAN_POINT('Ctrl Pts',(-318.195790990196,-285.795610029602,-0.00534505444293064));
#2111=CARTESIAN_POINT('',(-316.329382989583,-283.309185944187,0.96272483094301));
#2112=CARTESIAN_POINT('Ctrl Pts',(-316.329382989583,-283.309185944187,0.96272483094311));
#2113=CARTESIAN_POINT('Ctrl Pts',(-316.33289150954,-283.532108461341,0.97644560014214));
#2114=CARTESIAN_POINT('Ctrl Pts',(-316.368554367485,-283.752314463046,0.989503487701274));
#2115=CARTESIAN_POINT('Ctrl Pts',(-316.49993867279,-284.179193003172,0.996224687668366));
#2116=CARTESIAN_POINT('Ctrl Pts',(-316.594323615998,-284.381623072219,0.989783757718188));
#2117=CARTESIAN_POINT('Ctrl Pts',(-316.791300435067,-284.697434639124,0.949503327040583));
#2118=CARTESIAN_POINT('Ctrl Pts',(-316.880442447755,-284.817029476994,0.92533614822336));
#2119=CARTESIAN_POINT('Ctrl Pts',(-317.073159336788,-285.039572387024,0.857411891136306));
#2120=CARTESIAN_POINT('Ctrl Pts',(-317.175855906486,-285.141536115978,0.813937201279145));
#2121=CARTESIAN_POINT('Ctrl Pts',(-317.439283879762,-285.371298181107,0.679165177603327));
#2122=CARTESIAN_POINT('Ctrl Pts',(-317.601532955308,-285.485799277693,0.57618343338533));
#2123=CARTESIAN_POINT('Ctrl Pts',(-317.916874230987,-285.673941063042,0.320949218861256));
#2124=CARTESIAN_POINT('Ctrl Pts',(-318.06678499097,-285.745719793489,0.171215690838148));
#2125=CARTESIAN_POINT('Ctrl Pts',(-318.2,-285.8,-1.10259024133086E-13));
#2126=CARTESIAN_POINT('',(-315.529574174715,-283.32097905258,0.975639251281788));
#2127=CARTESIAN_POINT('',(-316.329382989583,-283.309185944187,0.962724830943125));
#2128=CARTESIAN_POINT('Ctrl Pts',(-315.529574174714,-283.32097905258,0.97563925128184));
#2129=CARTESIAN_POINT('Ctrl Pts',(-315.532657365348,-283.476550255774,1.02452220290159));
#2130=CARTESIAN_POINT('Ctrl Pts',(-315.550646782103,-283.63148523652,1.07301360481352));
#2131=CARTESIAN_POINT('Ctrl Pts',(-315.615832960627,-283.937486497091,1.1651965826249));
#2132=CARTESIAN_POINT('Ctrl Pts',(-315.662839789101,-284.087708559617,1.2086138356772));
#2133=CARTESIAN_POINT('Ctrl Pts',(-315.845068096969,-284.527436806934,1.32513580608546));
#2134=CARTESIAN_POINT('Ctrl Pts',(-316.019421720359,-284.800184904005,1.38294372096372));
#2135=CARTESIAN_POINT('Ctrl Pts',(-316.349548988968,-285.174779156334,1.42026496469287));
#2136=CARTESIAN_POINT('Ctrl Pts',(-316.474672355016,-285.295653281803,1.42361972604499));
#2137=CARTESIAN_POINT('Ctrl Pts',(-316.741348842497,-285.51781140669,1.4081231122692));
#2138=CARTESIAN_POINT('Ctrl Pts',(-316.882061112019,-285.618426354232,1.38929173687669));
#2139=CARTESIAN_POINT('Ctrl Pts',(-317.301713603227,-285.87764881253,1.29981546700574));
#2140=CARTESIAN_POINT('Ctrl Pts',(-317.587927938574,-286.005886886463,1.19893504441016));
#2141=CARTESIAN_POINT('Ctrl Pts',(-318.006355078448,-286.139599150249,0.979665182847823));
#2142=CARTESIAN_POINT('Ctrl Pts',(-318.142669864383,-286.174003074095,0.896029424476805));
#2143=CARTESIAN_POINT('Ctrl Pts',(-318.404923858061,-286.22423607351,0.707676181250236));
#2144=CARTESIAN_POINT('Ctrl Pts',(-318.53011883709,-286.239936289937,0.603471257340209));
#2145=CARTESIAN_POINT('Ctrl Pts',(-318.647269192076,-286.247269192076,0.489796426732167));
#2146=CARTESIAN_POINT('',(-318.2,-285.8,0.));
#2147=CARTESIAN_POINT('Origin',(-317.529096211886,-285.129096211886,-0.734694640098402));
#2148=CARTESIAN_POINT('',(-315.529574174715,-220.19503923716,58.620584292309));
#2149=CARTESIAN_POINT('Origin',(-317.529096211886,-285.129096211886,-0.734694640098402));
#2150=CARTESIAN_POINT('',(-316.329382989583,-220.183246128767,58.6076698719704));
#2151=CARTESIAN_POINT('Origin',(-315.577629502157,-286.640529895087,0.920449131013402));
#2152=CARTESIAN_POINT('',(-315.227852625704,-262.47875248762,1.32215751394889));
#2153=CARTESIAN_POINT('',(-315.577629502157,-286.640529895087,0.920449131013402));
#2154=CARTESIAN_POINT('',(-316.027661440573,-262.466959379227,1.30924309361025));
#2155=CARTESIAN_POINT('',(-312.175425216824,3.63660670814912,5.73342230127442));
#2156=CARTESIAN_POINT('',(-315.227852625704,-262.47875248762,1.32215751394889));
#2157=CARTESIAN_POINT('Origin',(-315.227852625704,-220.511470584805,39.6455736228067));
#2158=CARTESIAN_POINT('',(-316.027661440573,-220.499677476412,39.632659202468));
#2159=CARTESIAN_POINT('',(-315.390115948683,-221.168305155957,-0.462032577314065));
#2160=CARTESIAN_POINT('',(-315.227852625704,-220.511470584805,39.6455736228066));
#2161=CARTESIAN_POINT('',(-315.227852625704,-220.511470584805,39.6455736228067));
#2162=CARTESIAN_POINT('',(-315.227852625704,-220.511470584805,39.6455736228066));
#2163=CARTESIAN_POINT('Origin',(-311.213478779614,3.78695122209646,-4.1470219940335));
#2164=CARTESIAN_POINT('',(-315.227852625704,-262.47875248762,1.32215751394889));
#2165=CARTESIAN_POINT('Origin',(-312.013287594483,3.79874433048954,-4.15993641437214));
#2166=CARTESIAN_POINT('',(-316.027661440573,-119.998247589946,131.407917032924));
#2167=CARTESIAN_POINT('Origin',(-315.227852625704,-262.47875248762,1.32215751394889));
#2168=CARTESIAN_POINT('Ctrl Pts',(-318.65226152978,286.251773287113,0.494191024304674));
#2169=CARTESIAN_POINT('Ctrl Pts',(-318.354807614793,286.233827813061,0.782392477612308));
#2170=CARTESIAN_POINT('Ctrl Pts',(-318.003027965061,286.160746538222,1.00992959131237));
#2171=CARTESIAN_POINT('Ctrl Pts',(-317.287085119035,285.882291987756,1.32023993421941));
#2172=CARTESIAN_POINT('Ctrl Pts',(-316.924035061597,285.676966471207,1.40292252923344));
#2173=CARTESIAN_POINT('Ctrl Pts',(-316.287404409379,285.148390207909,1.43914992618999));
#2174=CARTESIAN_POINT('Ctrl Pts',(-316.014684835317,284.82544012714,1.39302398202497));
#2175=CARTESIAN_POINT('Ctrl Pts',(-315.635321938354,284.108705293499,1.22338149024195));
#2176=CARTESIAN_POINT('Ctrl Pts',(-315.529292625833,283.715618243855,1.1004860505491));
#2177=CARTESIAN_POINT('Ctrl Pts',(-315.521562483628,283.320406632794,0.97555016037807));
#2178=CARTESIAN_POINT('Ctrl Pts',(-318.647786767114,286.247301536721,0.489294091859354));
#2179=CARTESIAN_POINT('Ctrl Pts',(-318.35151818171,286.22881693061,0.77690470942902));
#2180=CARTESIAN_POINT('Ctrl Pts',(-318.001139790745,286.155416547125,1.00409281417667));
#2181=CARTESIAN_POINT('Ctrl Pts',(-317.288049306656,285.876850836019,1.31428142707144));
#2182=CARTESIAN_POINT('Ctrl Pts',(-316.926445663789,285.671733256478,1.39719173015332));
#2183=CARTESIAN_POINT('Ctrl Pts',(-316.292351388671,285.144042688831,1.43438903644506));
#2184=CARTESIAN_POINT('Ctrl Pts',(-316.020718346778,284.821769168831,1.38900398177889));
#2185=CARTESIAN_POINT('Ctrl Pts',(-315.642866855778,284.106669311137,1.22115192267161));
#2186=CARTESIAN_POINT('Ctrl Pts',(-315.537259964106,283.714537754502,1.09930326731432));
#2187=CARTESIAN_POINT('Ctrl Pts',(-315.529560625983,283.320290386034,0.975422859876089));
#2188=CARTESIAN_POINT('Ctrl Pts',(-318.200310500489,285.800126497498,-0.000399152672639621));
#2189=CARTESIAN_POINT('Ctrl Pts',(-318.022574873451,285.7277286855,0.228127891100178));
#2190=CARTESIAN_POINT('Ctrl Pts',(-317.812322359202,285.622417437427,0.420415100606365));
#2191=CARTESIAN_POINT('Ctrl Pts',(-317.384468068748,285.332735662327,0.718430712274745));
#2192=CARTESIAN_POINT('Ctrl Pts',(-317.167505883028,285.148411783593,0.824111822141648));
#2193=CARTESIAN_POINT('Ctrl Pts',(-316.787049317957,284.709290780986,0.958300061952246));
#2194=CARTESIAN_POINT('Ctrl Pts',(-316.624069492821,284.454673337976,0.987003957170315));
#2195=CARTESIAN_POINT('Ctrl Pts',(-316.397358598222,283.903071074923,0.998195165637461));
#2196=CARTESIAN_POINT('Ctrl Pts',(-316.333993791398,283.60648881922,0.981024943836821));
#2197=CARTESIAN_POINT('Ctrl Pts',(-316.329374861518,283.308665710009,0.962692809678014));
#2198=CARTESIAN_POINT('Ctrl Pts',(-318.195790990196,285.795610029602,-0.00534505444241276));
#2199=CARTESIAN_POINT('Ctrl Pts',(-318.019252546037,285.722667694224,0.222585245235056));
#2200=CARTESIAN_POINT('Ctrl Pts',(-317.810415303143,285.617034146419,0.414519955699305));
#2201=CARTESIAN_POINT('Ctrl Pts',(-317.385441898245,285.327240099073,0.712412620055298));
#2202=CARTESIAN_POINT('Ctrl Pts',(-317.169940591243,285.143126236717,0.81832371507073));
#2203=CARTESIAN_POINT('Ctrl Pts',(-316.792045767043,284.704899786716,0.953491563309868));
#2204=CARTESIAN_POINT('Ctrl Pts',(-316.630163339396,284.450965670085,0.982943756921769));
#2205=CARTESIAN_POINT('Ctrl Pts',(-316.40497896482,283.901014732737,0.995943302391416));
#2206=CARTESIAN_POINT('Ctrl Pts',(-316.342040803053,283.605397524974,0.979830332769698));
#2207=CARTESIAN_POINT('Ctrl Pts',(-316.337452985297,283.308548300781,0.962564236171013));
#2208=CARTESIAN_POINT('',(-316.329382989583,283.309185944187,0.962724830943175));
#2209=CARTESIAN_POINT('',(-315.529574174715,283.32097905258,0.97563925128183));
#2210=CARTESIAN_POINT('',(-315.529574174715,283.32097905258,0.975639251281744));
#2211=CARTESIAN_POINT('Ctrl Pts',(-318.2,285.8,3.41913997115029E-13));
#2212=CARTESIAN_POINT('Ctrl Pts',(-318.066934752543,285.745780815811,0.171023208539816));
#2213=CARTESIAN_POINT('Ctrl Pts',(-317.91720972334,285.67410178625,0.320614529820514));
#2214=CARTESIAN_POINT('Ctrl Pts',(-317.602250560154,285.486266721294,0.575665528891843));
#2215=CARTESIAN_POINT('Ctrl Pts',(-317.440186934537,285.371964991958,0.67861421446047));
#2216=CARTESIAN_POINT('Ctrl Pts',(-317.176887047234,285.142516540881,0.813469335913197));
#2217=CARTESIAN_POINT('Ctrl Pts',(-317.074157526456,285.04061478577,0.857011890604209));
#2218=CARTESIAN_POINT('Ctrl Pts',(-316.881351311898,284.818188191689,0.925063523189786));
#2219=CARTESIAN_POINT('Ctrl Pts',(-316.792153257362,284.698647262834,0.949289738400815));
#2220=CARTESIAN_POINT('Ctrl Pts',(-316.594879697824,284.382741696681,0.989727567512614));
#2221=CARTESIAN_POINT('Ctrl Pts',(-316.500297878563,284.180127139003,0.996217849419797));
#2222=CARTESIAN_POINT('Ctrl Pts',(-316.36863464262,283.752807519404,0.989532730700408));
#2223=CARTESIAN_POINT('Ctrl Pts',(-316.332895458291,283.532359355,0.976461042521089));
#2224=CARTESIAN_POINT('Ctrl Pts',(-316.329382989583,283.309185944187,0.962724830943089));
#2225=CARTESIAN_POINT('',(-318.2,285.8,0.));
#2226=CARTESIAN_POINT('Ctrl Pts',(-318.647269192076,286.247269192076,0.489796426732659));
#2227=CARTESIAN_POINT('Ctrl Pts',(-318.530335120263,286.239949827953,0.603261390685788));
#2228=CARTESIAN_POINT('Ctrl Pts',(-318.405385500255,286.224293934691,0.707292005887169));
#2229=CARTESIAN_POINT('Ctrl Pts',(-318.143656528012,286.174222451063,0.89537311167957));
#2230=CARTESIAN_POINT('Ctrl Pts',(-318.007617138957,286.139934852166,0.978913599126291));
#2231=CARTESIAN_POINT('Ctrl Pts',(-317.590022563306,286.006690680271,1.19801681294988));
#2232=CARTESIAN_POINT('Ctrl Pts',(-317.304339042014,285.878911703656,1.29896196768555));
#2233=CARTESIAN_POINT('Ctrl Pts',(-316.885029124891,285.620447353165,1.38881248531289));
#2234=CARTESIAN_POINT('Ctrl Pts',(-316.744233272717,285.519981281344,1.4078062154974));
#2235=CARTESIAN_POINT('Ctrl Pts',(-316.477340758524,285.298104457375,1.42361087683441));
#2236=CARTESIAN_POINT('Ctrl Pts',(-316.352085726738,285.177361743604,1.42040069838998));
#2237=CARTESIAN_POINT('Ctrl Pts',(-316.021117568652,284.802658268856,1.3834157895914));
#2238=CARTESIAN_POINT('Ctrl Pts',(-315.846165755821,284.529538807867,1.32563921783723));
#2239=CARTESIAN_POINT('Ctrl Pts',(-315.663299710852,284.089088772959,1.20900607758071));
#2240=CARTESIAN_POINT('Ctrl Pts',(-315.616127350829,283.938607323459,1.16552743080906));
#2241=CARTESIAN_POINT('Ctrl Pts',(-315.550713364369,283.632057528155,1.07319277296499));
#2242=CARTESIAN_POINT('Ctrl Pts',(-315.532663068068,283.476838002818,1.02461261760893));
#2243=CARTESIAN_POINT('Ctrl Pts',(-315.529574174715,283.32097905258,0.97563925128172));
#2244=CARTESIAN_POINT('Ctrl Pts',(-315.521562282806,220.194954917565,58.6200368587975));
#2245=CARTESIAN_POINT('Ctrl Pts',(-315.529291095639,220.309048499148,59.0017052957093));
#2246=CARTESIAN_POINT('Ctrl Pts',(-315.635320299488,220.421270253206,59.3810656163877));
#2247=CARTESIAN_POINT('Ctrl Pts',(-316.014684835317,220.576183976312,60.0637519041883));
#2248=CARTESIAN_POINT('Ctrl Pts',(-316.287404409379,220.618304973229,60.3663235686374));
#2249=CARTESIAN_POINT('Ctrl Pts',(-316.924035061597,220.585223068822,60.842987612249));
#2250=CARTESIAN_POINT('Ctrl Pts',(-317.287085119035,220.509719501519,61.0167507375191));
#2251=CARTESIAN_POINT('Ctrl Pts',(-318.003031057967,220.226351048058,61.2194821172108));
#2252=CARTESIAN_POINT('Ctrl Pts',(-318.3548022581,220.018577888518,61.2484217784084));
#2253=CARTESIAN_POINT('Ctrl Pts',(-318.652269257893,219.755386563554,61.2169323176582));
#2254=CARTESIAN_POINT('Ctrl Pts',(-315.52956042596,220.194838695138,58.6199095862892));
#2255=CARTESIAN_POINT('Ctrl Pts',(-315.537258440788,220.307968394835,59.0005221679408));
#2256=CARTESIAN_POINT('Ctrl Pts',(-315.642865223442,220.419234277907,59.3788360565521));
#2257=CARTESIAN_POINT('Ctrl Pts',(-316.020718346778,220.572513018003,60.0597319039422));
#2258=CARTESIAN_POINT('Ctrl Pts',(-316.292351388672,220.61395745415,60.3615626788925));
#2259=CARTESIAN_POINT('Ctrl Pts',(-316.92644566379,220.579989854093,60.8372568131689));
#2260=CARTESIAN_POINT('Ctrl Pts',(-317.288049306656,220.504278349782,61.0107922303711));
#2261=CARTESIAN_POINT('Ctrl Pts',(-318.001142871329,220.221021057441,61.213645340601));
#2262=CARTESIAN_POINT('Ctrl Pts',(-318.351512816783,220.013566622796,61.2429343566959));
#2263=CARTESIAN_POINT('Ctrl Pts',(-318.647794464484,219.750914827821,61.2120353999192));
#2264=CARTESIAN_POINT('Ctrl Pts',(-316.329374741383,220.183216452361,58.6071823354546));
#2265=CARTESIAN_POINT('Ctrl Pts',(-316.333992955701,220.19995796354,58.8822093910808));
#2266=CARTESIAN_POINT('Ctrl Pts',(-316.39735761882,220.215636748011,59.1558800729932));
#2267=CARTESIAN_POINT('Ctrl Pts',(-316.624069492821,220.205417187148,59.6577318793336));
#2268=CARTESIAN_POINT('Ctrl Pts',(-316.787049317957,220.179205546305,59.8854737043996));
#2269=CARTESIAN_POINT('Ctrl Pts',(-317.167505883028,220.056668381208,60.2641769051572));
#2270=CARTESIAN_POINT('Ctrl Pts',(-317.384468068748,219.960163176091,60.4149415155744));
#2271=CARTESIAN_POINT('Ctrl Pts',(-317.812324207552,219.688021995766,60.6299676796186));
#2272=CARTESIAN_POINT('Ctrl Pts',(-318.022568685071,219.512440050572,60.6941921854391));
#2273=CARTESIAN_POINT('Ctrl Pts',(-318.200315123517,219.303741254603,60.7223436260243));
#2274=CARTESIAN_POINT('Ctrl Pts',(-316.337452865969,220.183099067709,58.6070537902212));
#2275=CARTESIAN_POINT('Ctrl Pts',(-316.342039974302,220.198867058183,58.8810144320345));
#2276=CARTESIAN_POINT('Ctrl Pts',(-316.404977992013,220.213580412959,59.1536282175593));
#2277=CARTESIAN_POINT('Ctrl Pts',(-316.630163339396,220.201709519256,59.6536716790851));
#2278=CARTESIAN_POINT('Ctrl Pts',(-316.792045767043,220.174814552036,59.8806652057572));
#2279=CARTESIAN_POINT('Ctrl Pts',(-317.169940591243,220.051382834332,60.2583887980863));
#2280=CARTESIAN_POINT('Ctrl Pts',(-317.385441898245,219.954667612836,60.408923423355));
#2281=CARTESIAN_POINT('Ctrl Pts',(-317.810417139048,219.682638705243,60.6240725352427));
#2282=CARTESIAN_POINT('Ctrl Pts',(-318.019246349341,219.507378672193,60.6886498895093));
#2283=CARTESIAN_POINT('Ctrl Pts',(-318.195795582174,219.299224801513,60.717397739108));
#2284=CARTESIAN_POINT('',(-316.329382989583,220.183246128767,58.60766987197));
#2285=CARTESIAN_POINT('Ctrl Pts',(-316.329382989583,220.183246128767,58.6076698719701));
#2286=CARTESIAN_POINT('Ctrl Pts',(-316.332984332681,220.19610705889,58.8189620198251));
#2287=CARTESIAN_POINT('Ctrl Pts',(-316.370462817099,220.20832652548,59.0274652463531));
#2288=CARTESIAN_POINT('Ctrl Pts',(-316.5084748984,220.213655723155,59.4276883294353));
#2289=CARTESIAN_POINT('Ctrl Pts',(-316.607531833551,220.206682125083,59.6151989403633));
#2290=CARTESIAN_POINT('Ctrl Pts',(-316.805264107796,220.167681137673,59.8895765047654));
#2291=CARTESIAN_POINT('Ctrl Pts',(-316.888115887173,220.146646061776,59.9860544516768));
#2292=CARTESIAN_POINT('Ctrl Pts',(-317.066057660482,220.089350771127,60.1632162204686));
#2293=CARTESIAN_POINT('Ctrl Pts',(-317.160456011674,220.05328661666,60.2432358918334));
#2294=CARTESIAN_POINT('Ctrl Pts',(-317.418604188278,219.93570906108,60.4316529124073));
#2295=CARTESIAN_POINT('Ctrl Pts',(-317.585083751694,219.841026010392,60.5231982581427));
#2296=CARTESIAN_POINT('Ctrl Pts',(-317.909179412712,219.604179220477,60.6583921330971));
#2297=CARTESIAN_POINT('Ctrl Pts',(-318.063354355551,219.464487249379,60.7006236841209));
#2298=CARTESIAN_POINT('Ctrl Pts',(-318.2,219.304111178355,60.7222936844364));
#2299=CARTESIAN_POINT('',(-315.529574174715,220.19503923716,58.6205842923087));
#2300=CARTESIAN_POINT('',(-316.329382989583,220.183246128767,58.6076698719701));
#2301=CARTESIAN_POINT('Ctrl Pts',(-315.529574174715,220.19503923716,58.6205842923088));
#2302=CARTESIAN_POINT('Ctrl Pts',(-315.535737586142,220.28427348661,58.9208069513013));
#2303=CARTESIAN_POINT('Ctrl Pts',(-315.601433726237,220.37162292946,59.2167067183722));
#2304=CARTESIAN_POINT('Ctrl Pts',(-315.846487419538,220.515331261463,59.7845416047981));
#2305=CARTESIAN_POINT('Ctrl Pts',(-316.025953028574,220.569075303607,60.0489394049623));
#2306=CARTESIAN_POINT('Ctrl Pts',(-316.359156761082,220.601276765288,60.3957666437417));
#2307=CARTESIAN_POINT('Ctrl Pts',(-316.479685239702,220.603846635203,60.5019671023303));
#2308=CARTESIAN_POINT('Ctrl Pts',(-316.73588244666,220.590272719457,60.6944280785467));
#2309=CARTESIAN_POINT('Ctrl Pts',(-316.87080431316,220.574142539126,60.7801510484292));
#2310=CARTESIAN_POINT('Ctrl Pts',(-317.289784551218,220.494901040823,61.004942451213));
#2311=CARTESIAN_POINT('Ctrl Pts',(-317.58237743603,220.401665787287,61.1083857386935));
#2312=CARTESIAN_POINT('Ctrl Pts',(-318.006824701141,220.198460323479,61.1952102187712));
#2313=CARTESIAN_POINT('Ctrl Pts',(-318.143035186807,220.122119666234,61.2126999951194));
#2314=CARTESIAN_POINT('Ctrl Pts',(-318.405092425493,219.950214299525,61.2272456642404));
#2315=CARTESIAN_POINT('Ctrl Pts',(-318.530197547151,219.855115487121,61.2242686773705));
#2316=CARTESIAN_POINT('Ctrl Pts',(-318.647269192076,219.751380370431,61.2120901111687));
#2317=CARTESIAN_POINT('Origin',(-317.529096211886,218.633207390241,59.987599044338));
#2318=CARTESIAN_POINT('',(-315.529574174715,283.32097905258,0.975639251281748));
#2319=CARTESIAN_POINT('Origin',(-317.529096211886,218.633207390241,59.987599044338));
#2320=CARTESIAN_POINT('',(-316.329382989583,283.309185944187,0.962724830943101));
#2321=CARTESIAN_POINT('Origin',(-315.577629502158,286.640529895087,0.920449131013375));
#2322=CARTESIAN_POINT('',(-316.027661440573,262.466959379227,1.30924309361021));
#2323=CARTESIAN_POINT('',(-312.175425216824,-3.63660670814915,5.73342230127442));
#2324=CARTESIAN_POINT('',(-315.227852625704,262.47875248762,1.32215751394886));
#2325=CARTESIAN_POINT('',(-315.577629502158,286.640529895087,0.920449131013376));
#2326=CARTESIAN_POINT('',(-315.227852625704,262.47875248762,1.32215751394886));
#2327=CARTESIAN_POINT('Origin',(-315.227852625704,220.511470584805,39.6455736228066));
#2328=CARTESIAN_POINT('',(-315.227852625704,220.511470584805,39.6455736228065));
#2329=CARTESIAN_POINT('',(-315.227852625704,220.511470584805,39.6455736228066));
#2330=CARTESIAN_POINT('',(-316.027661440573,220.499677476412,39.6326592024679));
#2331=CARTESIAN_POINT('',(-315.390115948683,221.168305155957,-0.462032577313513));
#2332=CARTESIAN_POINT('',(-315.227852625704,220.511470584805,39.6455736228065));
#2333=CARTESIAN_POINT('Origin',(-311.213478779614,-3.7869512220965,-4.14702199403353));
#2334=CARTESIAN_POINT('',(-315.227852625704,262.47875248762,1.32215751394887));
#2335=CARTESIAN_POINT('Origin',(-312.013287594483,-3.79874433048957,-4.15993641437217));
#2336=CARTESIAN_POINT('',(-316.027661440573,119.998247589946,131.407917032924));
#2337=CARTESIAN_POINT('Origin',(-315.227852625704,262.47875248762,1.32215751394886));
#2338=CARTESIAN_POINT('Origin',(-382.212088399997,-216.820310756706,3.0662837329309));
#2339=CARTESIAN_POINT('',(-384.575041727371,-219.183264084081,0.0573756011831728));
#2340=CARTESIAN_POINT('',(-384.639980172636,-219.248202529345,-0.0612245533415934));
#2341=CARTESIAN_POINT('',(-382.659357592072,-217.267579948782,3.55608015966312));
#2342=CARTESIAN_POINT('',(-384.127772535296,-218.735994892005,-0.432420825549046));
#2343=CARTESIAN_POINT('',(-384.127772535296,-218.735994892005,-0.432420825549046));
#2344=CARTESIAN_POINT('',(-384.19271098056,-218.800933337269,-0.551020980073809));
#2345=CARTESIAN_POINT('',(-382.212088399997,-216.820310756706,3.0662837329309));
#2346=CARTESIAN_POINT('',(-384.19271098056,-218.800933337269,-0.551020980073809));
#2347=CARTESIAN_POINT('Origin',(-346.983521408611,-248.087632586966,6.68358844593561));
#2348=CARTESIAN_POINT('',(-320.099538028467,-274.971615967109,6.68358844593561));
#2349=CARTESIAN_POINT('',(-373.867504788755,-221.203649206822,6.68358844593561));
#2350=CARTESIAN_POINT('',(-346.983521408611,-248.087632586966,6.68358844593561));
#2351=CARTESIAN_POINT('',(-374.31477398083,-221.650918398898,7.17338487266783));
#2352=CARTESIAN_POINT('',(-373.867504788755,-221.203649206822,6.68358844593562));
#2353=CARTESIAN_POINT('',(-320.546807220543,-275.418885159185,7.17338487266783));
#2354=CARTESIAN_POINT('',(-347.430790600687,-248.534901779041,7.17338487266783));
#2355=CARTESIAN_POINT('',(-320.099538028467,-274.971615967109,6.6835884459356));
#2356=CARTESIAN_POINT('Origin',(-315.716199578351,-283.316199578351,3.0662837329309));
#2357=CARTESIAN_POINT('',(-317.696822158915,-285.296822158915,-0.551020980073819));
#2358=CARTESIAN_POINT('',(-317.63188371365,-285.23188371365,-0.432420825549062));
#2359=CARTESIAN_POINT('',(-315.716199578351,-283.316199578351,3.0662837329309));
#2360=CARTESIAN_POINT('',(-318.079152905726,-285.679152905726,0.0573756011831572));
#2361=CARTESIAN_POINT('',(-317.63188371365,-285.23188371365,-0.432420825549064));
#2362=CARTESIAN_POINT('',(-318.14409135099,-285.74409135099,-0.0612245533415916));
#2363=CARTESIAN_POINT('',(-316.163468770427,-283.763468770427,3.55608015966312));
#2364=CARTESIAN_POINT('',(-317.696822158915,-285.296822158915,-0.551020980073814));
#2365=CARTESIAN_POINT('Origin',(-348.964143989174,-250.068255167529,3.0662837329309));
#2366=CARTESIAN_POINT('',(-354.803531778477,-225.788646052759,19.9054079972046));
#2367=CARTESIAN_POINT('',(-324.684534874405,-255.907642956831,19.9054079972046));
#2368=CARTESIAN_POINT('',(-350.944766569737,-252.048877748092,-0.551020980073811));
#2369=CARTESIAN_POINT('Origin',(-349.41141318125,-250.515524359605,3.55608015966313));
#2370=CARTESIAN_POINT('',(-384.575041727371,-219.183264084081,0.0573756011831655));
#2371=CARTESIAN_POINT('',(-351.392035761813,-252.496146940168,-0.0612245533415902));
#2372=CARTESIAN_POINT('',(-320.546807220543,-275.418885159185,7.17338487266783));
#2373=CARTESIAN_POINT('Origin',(-318.172045675495,-285.772045675495,-0.0306122766708191));
#2374=CARTESIAN_POINT('Origin',(-318.172045675495,-285.772045675495,-0.0306122766708191));
#2375=CARTESIAN_POINT('Origin',(-318.172045675495,-285.772045675495,-0.0306122766708191));
#2376=CARTESIAN_POINT('Origin',(-384.667934497141,-219.27615685385,-0.0306122766708139));
#2377=CARTESIAN_POINT('Origin',(-384.667934497141,-219.27615685385,-0.0306122766708139));
#2378=CARTESIAN_POINT('Origin',(-384.667934497141,-219.27615685385,-0.0306122766708139));
#2379=CARTESIAN_POINT('Origin',(-384.667934497141,-219.27615685385,-0.0306122766708139));
#2380=CARTESIAN_POINT('Origin',(-384.667934497141,-219.27615685385,-0.0306122766708139));
#2381=CARTESIAN_POINT('Origin',(-381.014758247616,218.633207390241,2.42042830405085));
#2382=CARTESIAN_POINT('',(-384.821802177337,218.633207390241,0.0273045050855525));
#2383=CARTESIAN_POINT('',(-384.932567821449,218.633207390241,-0.073843762741476));
#2384=CARTESIAN_POINT('',(-381.554215676026,218.633207390241,3.01117840598265));
#2385=CARTESIAN_POINT('',(-384.282344748926,218.633207390241,-0.563445596846245));
#2386=CARTESIAN_POINT('',(-384.282344748926,218.633207390241,-0.563445596846245));
#2387=CARTESIAN_POINT('',(-384.393110393038,218.633207390241,-0.664593864673275));
#2388=CARTESIAN_POINT('',(-381.014758247616,218.633207390241,2.42042830405085));
#2389=CARTESIAN_POINT('',(-384.393110393038,218.633207390241,-0.664593864673275));
#2390=CARTESIAN_POINT('Origin',(-377.636406102193,0.,5.50545047277498));
#2391=CARTESIAN_POINT('',(-377.636406102193,-209.633207390241,5.50545047277498));
#2392=CARTESIAN_POINT('',(-377.636406102193,209.633207390241,5.50545047277498));
#2393=CARTESIAN_POINT('',(-377.636406102193,0.,5.50545047277498));
#2394=CARTESIAN_POINT('',(-378.175863530604,209.633207390241,6.09620057470678));
#2395=CARTESIAN_POINT('',(-377.636406102193,209.633207390241,5.50545047277498));
#2396=CARTESIAN_POINT('',(-378.175863530604,-209.633207390241,6.09620057470678));
#2397=CARTESIAN_POINT('',(-378.175863530604,0.,6.09620057470678));
#2398=CARTESIAN_POINT('',(-377.636406102193,-209.633207390241,5.50545047277498));
#2399=CARTESIAN_POINT('Origin',(-381.014758247616,-218.633207390241,2.42042830405085));
#2400=CARTESIAN_POINT('',(-384.393110393038,-218.633207390241,-0.664593864673095));
#2401=CARTESIAN_POINT('',(-384.282344748926,-218.633207390241,-0.563445596846245));
#2402=CARTESIAN_POINT('',(-381.014758247616,-218.633207390241,2.42042830405085));
#2403=CARTESIAN_POINT('',(-384.821802177337,-218.633207390241,0.0273045050855525));
#2404=CARTESIAN_POINT('',(-384.282344748926,-218.633207390241,-0.563445596846244));
#2405=CARTESIAN_POINT('',(-384.932567821449,-218.633207390241,-0.073843762741476));
#2406=CARTESIAN_POINT('',(-381.554215676026,-218.633207390241,3.01117840598265));
#2407=CARTESIAN_POINT('',(-384.393110393038,-218.633207390241,-0.664593864673275));
#2408=CARTESIAN_POINT('Origin',(-381.014758247616,0.,2.42042830405085));
#2409=CARTESIAN_POINT('',(-301.925058028607,107.10410369512,74.6430587435645));
#2410=CARTESIAN_POINT('',(-301.925058028607,-107.10410369512,74.6430587435645));
#2411=CARTESIAN_POINT('',(-384.393110393038,0.,-0.664593864673275));
#2412=CARTESIAN_POINT('Origin',(-381.554215676026,0.,3.01117840598265));
#2413=CARTESIAN_POINT('',(-384.821802177337,218.633207390241,0.0273045050855514));
#2414=CARTESIAN_POINT('',(-384.932567821449,0.,-0.073843762741476));
#2415=CARTESIAN_POINT('',(-378.175863530604,-209.633207390241,6.09620057470678));
#2416=CARTESIAN_POINT('Origin',(-384.966283910724,-218.633207390241,-0.036921881370738));
#2417=CARTESIAN_POINT('Origin',(-384.966283910724,-218.633207390241,-0.036921881370738));
#2418=CARTESIAN_POINT('Origin',(-384.966283910724,-218.633207390241,-0.036921881370738));
#2419=CARTESIAN_POINT('Origin',(-384.966283910724,218.633207390241,-0.036921881370738));
#2420=CARTESIAN_POINT('Origin',(-384.966283910724,218.633207390241,-0.036921881370738));
#2421=CARTESIAN_POINT('Origin',(-384.966283910724,218.633207390241,-0.036921881370738));
#2422=CARTESIAN_POINT('Origin',(-384.966283910724,218.633207390241,-0.036921881370738));
#2423=CARTESIAN_POINT('Origin',(-384.966283910724,218.633207390241,-0.036921881370738));
#2424=CARTESIAN_POINT('Origin',(-315.716199578351,283.316199578351,3.06628373293104));
#2425=CARTESIAN_POINT('',(-318.079152905726,285.679152905726,0.0573756011832951));
#2426=CARTESIAN_POINT('',(-318.14409135099,285.744091350991,-0.0612245533414477));
#2427=CARTESIAN_POINT('',(-316.163468770427,283.763468770427,3.55608015966327));
#2428=CARTESIAN_POINT('',(-317.63188371365,285.23188371365,-0.432420825548924));
#2429=CARTESIAN_POINT('',(-317.63188371365,285.23188371365,-0.432420825548925));
#2430=CARTESIAN_POINT('',(-317.696822158915,285.296822158915,-0.551020980073666));
#2431=CARTESIAN_POINT('',(-315.716199578351,283.316199578351,3.06628373293104));
#2432=CARTESIAN_POINT('',(-317.696822158915,285.296822158915,-0.551020980073666));
#2433=CARTESIAN_POINT('Origin',(-346.983521408611,248.087632586966,6.6835884459357));
#2434=CARTESIAN_POINT('',(-373.867504788755,221.203649206822,6.68358844593566));
#2435=CARTESIAN_POINT('',(-320.099538028467,274.971615967109,6.68358844593574));
#2436=CARTESIAN_POINT('',(-346.983521408611,248.087632586966,6.6835884459357));
#2437=CARTESIAN_POINT('',(-320.546807220543,275.418885159185,7.17338487266796));
#2438=CARTESIAN_POINT('',(-320.099538028467,274.971615967109,6.68358844593574));
#2439=CARTESIAN_POINT('',(-374.31477398083,221.650918398898,7.17338487266788));
#2440=CARTESIAN_POINT('',(-347.430790600687,248.534901779042,7.17338487266792));
#2441=CARTESIAN_POINT('',(-373.867504788755,221.203649206822,6.68358844593566));
#2442=CARTESIAN_POINT('Origin',(-382.212088399997,216.820310756706,3.06628373293094));
#2443=CARTESIAN_POINT('',(-384.19271098056,218.80093333727,-0.551020980073863));
#2444=CARTESIAN_POINT('',(-384.127772535296,218.735994892005,-0.432420825549016));
#2445=CARTESIAN_POINT('',(-382.212088399997,216.820310756706,3.06628373293094));
#2446=CARTESIAN_POINT('',(-384.575041727371,219.183264084081,0.057375601183204));
#2447=CARTESIAN_POINT('',(-384.127772535296,218.735994892005,-0.432420825549015));
#2448=CARTESIAN_POINT('',(-384.639980172636,219.248202529346,-0.0612245533415622));
#2449=CARTESIAN_POINT('',(-382.659357592072,217.267579948782,3.55608015966316));
#2450=CARTESIAN_POINT('',(-384.19271098056,218.80093333727,-0.55102098007377));
#2451=CARTESIAN_POINT('Origin',(-348.964143989174,250.068255167529,3.06628373293099));
#2452=CARTESIAN_POINT('',(-324.684534874405,255.907642956831,19.9054079972047));
#2453=CARTESIAN_POINT('',(-354.803531778477,225.788646052759,19.9054079972047));
#2454=CARTESIAN_POINT('',(-350.944766569737,252.048877748092,-0.551020980073718));
#2455=CARTESIAN_POINT('Origin',(-349.41141318125,250.515524359605,3.55608015966322));
#2456=CARTESIAN_POINT('',(-318.079152905726,285.679152905726,0.0573756011833062));
#2457=CARTESIAN_POINT('',(-351.392035761813,252.496146940168,-0.0612245533414968));
#2458=CARTESIAN_POINT('',(-374.31477398083,221.650918398898,7.17338487266789));
#2459=CARTESIAN_POINT('Origin',(-384.667934497141,219.27615685385,-0.0306122766707343));
#2460=CARTESIAN_POINT('Origin',(-384.667934497141,219.27615685385,-0.0306122766707343));
#2461=CARTESIAN_POINT('Origin',(-384.667934497141,219.27615685385,-0.0306122766707343));
#2462=CARTESIAN_POINT('Origin',(-318.172045675495,285.772045675495,-0.0306122766706299));
#2463=CARTESIAN_POINT('Origin',(-318.172045675495,285.772045675495,-0.0306122766706299));
#2464=CARTESIAN_POINT('Origin',(-318.172045675495,285.772045675495,-0.0306122766706299));
#2465=CARTESIAN_POINT('Origin',(-318.172045675495,285.772045675495,-0.0306122766706299));
#2466=CARTESIAN_POINT('Origin',(-318.172045675495,285.772045675495,-0.0306122766706299));
#2467=CARTESIAN_POINT('Origin',(-320.099538028467,-274.971615967109,6.68358844593561));
#2468=CARTESIAN_POINT('Origin',(-384.127772535296,-218.735994892005,-0.432420825549051));
#2469=CARTESIAN_POINT('Origin',(-377.636406102193,-209.633207390241,5.50545047277498));
#2470=CARTESIAN_POINT('Origin',(-384.282344748926,218.633207390241,-0.563445596846247));
#2471=CARTESIAN_POINT('Origin',(-373.867504788755,221.203649206822,6.68358844593566));
#2472=CARTESIAN_POINT('Origin',(-317.63188371365,285.23188371365,-0.432420825548925));
#2473=UNCERTAINTY_MEASURE_WITH_UNIT(LENGTH_MEASURE(0.01),#2477,
'DISTANCE_ACCURACY_VALUE',
'Maximum model space distance between geometric entities at asserted c
onnectivities');
#2474=UNCERTAINTY_MEASURE_WITH_UNIT(LENGTH_MEASURE(0.01),#2477,
'DISTANCE_ACCURACY_VALUE',
'Maximum model space distance between geometric entities at asserted c
onnectivities');
#2475=(
GEOMETRIC_REPRESENTATION_CONTEXT(3)
GLOBAL_UNCERTAINTY_ASSIGNED_CONTEXT((#2473))
GLOBAL_UNIT_ASSIGNED_CONTEXT((#2477,#2479,#2480))
REPRESENTATION_CONTEXT('','3D')
);
#2476=(
GEOMETRIC_REPRESENTATION_CONTEXT(3)
GLOBAL_UNCERTAINTY_ASSIGNED_CONTEXT((#2474))
GLOBAL_UNIT_ASSIGNED_CONTEXT((#2477,#2479,#2480))
REPRESENTATION_CONTEXT('','3D')
);
#2477=(
LENGTH_UNIT()
NAMED_UNIT(*)
SI_UNIT(.MILLI.,.METRE.)
);
#2478=(
LENGTH_UNIT()
NAMED_UNIT(*)
SI_UNIT($,.METRE.)
);
#2479=(
NAMED_UNIT(*)
PLANE_ANGLE_UNIT()
SI_UNIT($,.RADIAN.)
);
#2480=(
NAMED_UNIT(*)
SI_UNIT($,.STERADIAN.)
SOLID_ANGLE_UNIT()
);
#2481=SHAPE_DEFINITION_REPRESENTATION(#2482,#2483);
#2482=PRODUCT_DEFINITION_SHAPE('',$,#2485);
#2483=SHAPE_REPRESENTATION('',(#1289),#2475);
#2484=PRODUCT_DEFINITION_CONTEXT('part definition',#2489,'design');
#2485=PRODUCT_DEFINITION('MMP.01.00.00.002 Cover flange',
'Cover flange v1',#2486,#2484);
#2486=PRODUCT_DEFINITION_FORMATION('',$,#2491);
#2487=PRODUCT_RELATED_PRODUCT_CATEGORY('Cover flange v1',
'Cover flange v1',(#2491));
#2488=APPLICATION_PROTOCOL_DEFINITION('international standard',
'automotive_design',2009,#2489);
#2489=APPLICATION_CONTEXT(
'Core Data for Automotive Mechanical Design Process');
#2490=PRODUCT_CONTEXT('part definition',#2489,'mechanical');
#2491=PRODUCT('MMP.01.00.00.002 Cover flange','Cover flange v1',
'STEP AP203',(#2490));
#2492=PRESENTATION_STYLE_ASSIGNMENT((#2493));
#2493=SURFACE_STYLE_USAGE(.BOTH.,#2494);
#2494=SURFACE_SIDE_STYLE('',(#2495));
#2495=SURFACE_STYLE_FILL_AREA(#2496);
#2496=FILL_AREA_STYLE('Steel - Satin',(#2497));
#2497=FILL_AREA_STYLE_COLOUR('Steel - Satin',#2498);
#2498=COLOUR_RGB('Steel - Satin',0.627450980392157,0.627450980392157,0.627450980392157);
ENDSEC;
END-ISO-10303-21;
