ISO-10303-21;
HEADER;
/* Generated by software containing ST-Developer
 * from STEP Tools, Inc. (www.steptools.com) 
 */

FILE_DESCRIPTION(
/* description */ ('STEP AP203'),
/* implementation_level */ '2;1');

FILE_NAME(
/* name */ 'Cover assembly.step',
/* time_stamp */ '2026-07-23T10:28:08+08:00',
/* author */ (''),
/* organization */ (''),
/* preprocessor_version */ 'ST-DEVELOPER v20.1',
/* originating_system */ 'Autodesk Translation Framework v15.8.0.0',
/* authorisation */ '');

FILE_SCHEMA (('AUTOMOTIVE_DESIGN { 1 0 10303 214 3 1 1 }'));
ENDSEC;

DATA;
#10=MECHANICAL_DESIGN_GEOMETRIC_PRESENTATION_REPRESENTATION('',(#317,#318,
#319,#320,#321,#322),#9261);
#11=ITEM_DEFINED_TRANSFORMATION($,$,#4350,#4757);
#12=ITEM_DEFINED_TRANSFORMATION($,$,#4499,#4758);
#13=ITEM_DEFINED_TRANSFORMATION($,$,#4675,#4759);
#14=ITEM_DEFINED_TRANSFORMATION($,$,#4631,#4760);
#15=ITEM_DEFINED_TRANSFORMATION($,$,#4622,#4761);
#16=ITEM_DEFINED_TRANSFORMATION($,$,#4607,#4762);
#17=ITEM_DEFINED_TRANSFORMATION($,$,#4499,#4763);
#18=ITEM_DEFINED_TRANSFORMATION($,$,#4622,#4764);
#19=ITEM_DEFINED_TRANSFORMATION($,$,#4622,#4765);
#20=ITEM_DEFINED_TRANSFORMATION($,$,#4622,#4766);
#21=ITEM_DEFINED_TRANSFORMATION($,$,#4622,#4767);
#22=ITEM_DEFINED_TRANSFORMATION($,$,#4622,#4768);
#23=ITEM_DEFINED_TRANSFORMATION($,$,#4607,#4769);
#24=ITEM_DEFINED_TRANSFORMATION($,$,#4607,#4770);
#25=ITEM_DEFINED_TRANSFORMATION($,$,#4607,#4771);
#26=ITEM_DEFINED_TRANSFORMATION($,$,#4607,#4772);
#27=ITEM_DEFINED_TRANSFORMATION($,$,#4622,#4773);
#28=ITEM_DEFINED_TRANSFORMATION($,$,#4622,#4774);
#29=ITEM_DEFINED_TRANSFORMATION($,$,#4622,#4775);
#30=ITEM_DEFINED_TRANSFORMATION($,$,#4622,#4776);
#31=ITEM_DEFINED_TRANSFORMATION($,$,#4631,#4777);
#32=ITEM_DEFINED_TRANSFORMATION($,$,#4631,#4778);
#33=ITEM_DEFINED_TRANSFORMATION($,$,#4631,#4779);
#34=ITEM_DEFINED_TRANSFORMATION($,$,#4631,#4780);
#35=ITEM_DEFINED_TRANSFORMATION($,$,#4675,#4781);
#36=ITEM_DEFINED_TRANSFORMATION($,$,#4675,#4782);
#37=ITEM_DEFINED_TRANSFORMATION($,$,#4675,#4783);
#38=ITEM_DEFINED_TRANSFORMATION($,$,#4675,#4784);
#39=ITEM_DEFINED_TRANSFORMATION($,$,#4675,#4785);
#40=ITEM_DEFINED_TRANSFORMATION($,$,#4631,#4786);
#41=ITEM_DEFINED_TRANSFORMATION($,$,#4622,#4787);
#42=ITEM_DEFINED_TRANSFORMATION($,$,#4607,#4788);
#43=ITEM_DEFINED_TRANSFORMATION($,$,#4622,#4789);
#44=ITEM_DEFINED_TRANSFORMATION($,$,#4622,#4790);
#45=ITEM_DEFINED_TRANSFORMATION($,$,#4622,#4791);
#46=ITEM_DEFINED_TRANSFORMATION($,$,#4622,#4792);
#47=ITEM_DEFINED_TRANSFORMATION($,$,#4622,#4793);
#48=ITEM_DEFINED_TRANSFORMATION($,$,#4607,#4794);
#49=ITEM_DEFINED_TRANSFORMATION($,$,#4607,#4795);
#50=ITEM_DEFINED_TRANSFORMATION($,$,#4607,#4796);
#51=ITEM_DEFINED_TRANSFORMATION($,$,#4607,#4797);
#52=ITEM_DEFINED_TRANSFORMATION($,$,#4622,#4798);
#53=ITEM_DEFINED_TRANSFORMATION($,$,#4622,#4799);
#54=ITEM_DEFINED_TRANSFORMATION($,$,#4622,#4800);
#55=ITEM_DEFINED_TRANSFORMATION($,$,#4622,#4801);
#56=ITEM_DEFINED_TRANSFORMATION($,$,#4631,#4802);
#57=ITEM_DEFINED_TRANSFORMATION($,$,#4631,#4803);
#58=ITEM_DEFINED_TRANSFORMATION($,$,#4631,#4804);
#59=ITEM_DEFINED_TRANSFORMATION($,$,#4631,#4805);
#60=ITEM_DEFINED_TRANSFORMATION($,$,#4675,#4806);
#61=ITEM_DEFINED_TRANSFORMATION($,$,#4675,#4807);
#62=ITEM_DEFINED_TRANSFORMATION($,$,#4675,#4808);
#63=ITEM_DEFINED_TRANSFORMATION($,$,#4675,#4809);
#64=(
REPRESENTATION_RELATIONSHIP($,$,#9334,#9333)
REPRESENTATION_RELATIONSHIP_WITH_TRANSFORMATION(#11)
SHAPE_REPRESENTATION_RELATIONSHIP()
);
#65=(
REPRESENTATION_RELATIONSHIP($,$,#9335,#9333)
REPRESENTATION_RELATIONSHIP_WITH_TRANSFORMATION(#12)
SHAPE_REPRESENTATION_RELATIONSHIP()
);
#66=(
REPRESENTATION_RELATIONSHIP($,$,#9339,#9333)
REPRESENTATION_RELATIONSHIP_WITH_TRANSFORMATION(#13)
SHAPE_REPRESENTATION_RELATIONSHIP()
);
#67=(
REPRESENTATION_RELATIONSHIP($,$,#9338,#9333)
REPRESENTATION_RELATIONSHIP_WITH_TRANSFORMATION(#14)
SHAPE_REPRESENTATION_RELATIONSHIP()
);
#68=(
REPRESENTATION_RELATIONSHIP($,$,#9337,#9333)
REPRESENTATION_RELATIONSHIP_WITH_TRANSFORMATION(#15)
SHAPE_REPRESENTATION_RELATIONSHIP()
);
#69=(
REPRESENTATION_RELATIONSHIP($,$,#9336,#9333)
REPRESENTATION_RELATIONSHIP_WITH_TRANSFORMATION(#16)
SHAPE_REPRESENTATION_RELATIONSHIP()
);
#70=(
REPRESENTATION_RELATIONSHIP($,$,#9335,#9333)
REPRESENTATION_RELATIONSHIP_WITH_TRANSFORMATION(#17)
SHAPE_REPRESENTATION_RELATIONSHIP()
);
#71=(
REPRESENTATION_RELATIONSHIP($,$,#9337,#9333)
REPRESENTATION_RELATIONSHIP_WITH_TRANSFORMATION(#18)
SHAPE_REPRESENTATION_RELATIONSHIP()
);
#72=(
REPRESENTATION_RELATIONSHIP($,$,#9337,#9333)
REPRESENTATION_RELATIONSHIP_WITH_TRANSFORMATION(#19)
SHAPE_REPRESENTATION_RELATIONSHIP()
);
#73=(
REPRESENTATION_RELATIONSHIP($,$,#9337,#9333)
REPRESENTATION_RELATIONSHIP_WITH_TRANSFORMATION(#20)
SHAPE_REPRESENTATION_RELATIONSHIP()
);
#74=(
REPRESENTATION_RELATIONSHIP($,$,#9337,#9333)
REPRESENTATION_RELATIONSHIP_WITH_TRANSFORMATION(#21)
SHAPE_REPRESENTATION_RELATIONSHIP()
);
#75=(
REPRESENTATION_RELATIONSHIP($,$,#9337,#9333)
REPRESENTATION_RELATIONSHIP_WITH_TRANSFORMATION(#22)
SHAPE_REPRESENTATION_RELATIONSHIP()
);
#76=(
REPRESENTATION_RELATIONSHIP($,$,#9336,#9333)
REPRESENTATION_RELATIONSHIP_WITH_TRANSFORMATION(#23)
SHAPE_REPRESENTATION_RELATIONSHIP()
);
#77=(
REPRESENTATION_RELATIONSHIP($,$,#9336,#9333)
REPRESENTATION_RELATIONSHIP_WITH_TRANSFORMATION(#24)
SHAPE_REPRESENTATION_RELATIONSHIP()
);
#78=(
REPRESENTATION_RELATIONSHIP($,$,#9336,#9333)
REPRESENTATION_RELATIONSHIP_WITH_TRANSFORMATION(#25)
SHAPE_REPRESENTATION_RELATIONSHIP()
);
#79=(
REPRESENTATION_RELATIONSHIP($,$,#9336,#9333)
REPRESENTATION_RELATIONSHIP_WITH_TRANSFORMATION(#26)
SHAPE_REPRESENTATION_RELATIONSHIP()
);
#80=(
REPRESENTATION_RELATIONSHIP($,$,#9337,#9333)
REPRESENTATION_RELATIONSHIP_WITH_TRANSFORMATION(#27)
SHAPE_REPRESENTATION_RELATIONSHIP()
);
#81=(
REPRESENTATION_RELATIONSHIP($,$,#9337,#9333)
REPRESENTATION_RELATIONSHIP_WITH_TRANSFORMATION(#28)
SHAPE_REPRESENTATION_RELATIONSHIP()
);
#82=(
REPRESENTATION_RELATIONSHIP($,$,#9337,#9333)
REPRESENTATION_RELATIONSHIP_WITH_TRANSFORMATION(#29)
SHAPE_REPRESENTATION_RELATIONSHIP()
);
#83=(
REPRESENTATION_RELATIONSHIP($,$,#9337,#9333)
REPRESENTATION_RELATIONSHIP_WITH_TRANSFORMATION(#30)
SHAPE_REPRESENTATION_RELATIONSHIP()
);
#84=(
REPRESENTATION_RELATIONSHIP($,$,#9338,#9333)
REPRESENTATION_RELATIONSHIP_WITH_TRANSFORMATION(#31)
SHAPE_REPRESENTATION_RELATIONSHIP()
);
#85=(
REPRESENTATION_RELATIONSHIP($,$,#9338,#9333)
REPRESENTATION_RELATIONSHIP_WITH_TRANSFORMATION(#32)
SHAPE_REPRESENTATION_RELATIONSHIP()
);
#86=(
REPRESENTATION_RELATIONSHIP($,$,#9338,#9333)
REPRESENTATION_RELATIONSHIP_WITH_TRANSFORMATION(#33)
SHAPE_REPRESENTATION_RELATIONSHIP()
);
#87=(
REPRESENTATION_RELATIONSHIP($,$,#9338,#9333)
REPRESENTATION_RELATIONSHIP_WITH_TRANSFORMATION(#34)
SHAPE_REPRESENTATION_RELATIONSHIP()
);
#88=(
REPRESENTATION_RELATIONSHIP($,$,#9339,#9333)
REPRESENTATION_RELATIONSHIP_WITH_TRANSFORMATION(#35)
SHAPE_REPRESENTATION_RELATIONSHIP()
);
#89=(
REPRESENTATION_RELATIONSHIP($,$,#9339,#9333)
REPRESENTATION_RELATIONSHIP_WITH_TRANSFORMATION(#36)
SHAPE_REPRESENTATION_RELATIONSHIP()
);
#90=(
REPRESENTATION_RELATIONSHIP($,$,#9339,#9333)
REPRESENTATION_RELATIONSHIP_WITH_TRANSFORMATION(#37)
SHAPE_REPRESENTATION_RELATIONSHIP()
);
#91=(
REPRESENTATION_RELATIONSHIP($,$,#9339,#9333)
REPRESENTATION_RELATIONSHIP_WITH_TRANSFORMATION(#38)
SHAPE_REPRESENTATION_RELATIONSHIP()
);
#92=(
REPRESENTATION_RELATIONSHIP($,$,#9339,#9333)
REPRESENTATION_RELATIONSHIP_WITH_TRANSFORMATION(#39)
SHAPE_REPRESENTATION_RELATIONSHIP()
);
#93=(
REPRESENTATION_RELATIONSHIP($,$,#9338,#9333)
REPRESENTATION_RELATIONSHIP_WITH_TRANSFORMATION(#40)
SHAPE_REPRESENTATION_RELATIONSHIP()
);
#94=(
REPRESENTATION_RELATIONSHIP($,$,#9337,#9333)
REPRESENTATION_RELATIONSHIP_WITH_TRANSFORMATION(#41)
SHAPE_REPRESENTATION_RELATIONSHIP()
);
#95=(
REPRESENTATION_RELATIONSHIP($,$,#9336,#9333)
REPRESENTATION_RELATIONSHIP_WITH_TRANSFORMATION(#42)
SHAPE_REPRESENTATION_RELATIONSHIP()
);
#96=(
REPRESENTATION_RELATIONSHIP($,$,#9337,#9333)
REPRESENTATION_RELATIONSHIP_WITH_TRANSFORMATION(#43)
SHAPE_REPRESENTATION_RELATIONSHIP()
);
#97=(
REPRESENTATION_RELATIONSHIP($,$,#9337,#9333)
REPRESENTATION_RELATIONSHIP_WITH_TRANSFORMATION(#44)
SHAPE_REPRESENTATION_RELATIONSHIP()
);
#98=(
REPRESENTATION_RELATIONSHIP($,$,#9337,#9333)
REPRESENTATION_RELATIONSHIP_WITH_TRANSFORMATION(#45)
SHAPE_REPRESENTATION_RELATIONSHIP()
);
#99=(
REPRESENTATION_RELATIONSHIP($,$,#9337,#9333)
REPRESENTATION_RELATIONSHIP_WITH_TRANSFORMATION(#46)
SHAPE_REPRESENTATION_RELATIONSHIP()
);
#100=(
REPRESENTATION_RELATIONSHIP($,$,#9337,#9333)
REPRESENTATION_RELATIONSHIP_WITH_TRANSFORMATION(#47)
SHAPE_REPRESENTATION_RELATIONSHIP()
);
#101=(
REPRESENTATION_RELATIONSHIP($,$,#9336,#9333)
REPRESENTATION_RELATIONSHIP_WITH_TRANSFORMATION(#48)
SHAPE_REPRESENTATION_RELATIONSHIP()
);
#102=(
REPRESENTATION_RELATIONSHIP($,$,#9336,#9333)
REPRESENTATION_RELATIONSHIP_WITH_TRANSFORMATION(#49)
SHAPE_REPRESENTATION_RELATIONSHIP()
);
#103=(
REPRESENTATION_RELATIONSHIP($,$,#9336,#9333)
REPRESENTATION_RELATIONSHIP_WITH_TRANSFORMATION(#50)
SHAPE_REPRESENTATION_RELATIONSHIP()
);
#104=(
REPRESENTATION_RELATIONSHIP($,$,#9336,#9333)
REPRESENTATION_RELATIONSHIP_WITH_TRANSFORMATION(#51)
SHAPE_REPRESENTATION_RELATIONSHIP()
);
#105=(
REPRESENTATION_RELATIONSHIP($,$,#9337,#9333)
REPRESENTATION_RELATIONSHIP_WITH_TRANSFORMATION(#52)
SHAPE_REPRESENTATION_RELATIONSHIP()
);
#106=(
REPRESENTATION_RELATIONSHIP($,$,#9337,#9333)
REPRESENTATION_RELATIONSHIP_WITH_TRANSFORMATION(#53)
SHAPE_REPRESENTATION_RELATIONSHIP()
);
#107=(
REPRESENTATION_RELATIONSHIP($,$,#9337,#9333)
REPRESENTATION_RELATIONSHIP_WITH_TRANSFORMATION(#54)
SHAPE_REPRESENTATION_RELATIONSHIP()
);
#108=(
REPRESENTATION_RELATIONSHIP($,$,#9337,#9333)
REPRESENTATION_RELATIONSHIP_WITH_TRANSFORMATION(#55)
SHAPE_REPRESENTATION_RELATIONSHIP()
);
#109=(
REPRESENTATION_RELATIONSHIP($,$,#9338,#9333)
REPRESENTATION_RELATIONSHIP_WITH_TRANSFORMATION(#56)
SHAPE_REPRESENTATION_RELATIONSHIP()
);
#110=(
REPRESENTATION_RELATIONSHIP($,$,#9338,#9333)
REPRESENTATION_RELATIONSHIP_WITH_TRANSFORMATION(#57)
SHAPE_REPRESENTATION_RELATIONSHIP()
);
#111=(
REPRESENTATION_RELATIONSHIP($,$,#9338,#9333)
REPRESENTATION_RELATIONSHIP_WITH_TRANSFORMATION(#58)
SHAPE_REPRESENTATION_RELATIONSHIP()
);
#112=(
REPRESENTATION_RELATIONSHIP($,$,#9338,#9333)
REPRESENTATION_RELATIONSHIP_WITH_TRANSFORMATION(#59)
SHAPE_REPRESENTATION_RELATIONSHIP()
);
#113=(
REPRESENTATION_RELATIONSHIP($,$,#9339,#9333)
REPRESENTATION_RELATIONSHIP_WITH_TRANSFORMATION(#60)
SHAPE_REPRESENTATION_RELATIONSHIP()
);
#114=(
REPRESENTATION_RELATIONSHIP($,$,#9339,#9333)
REPRESENTATION_RELATIONSHIP_WITH_TRANSFORMATION(#61)
SHAPE_REPRESENTATION_RELATIONSHIP()
);
#115=(
REPRESENTATION_RELATIONSHIP($,$,#9339,#9333)
REPRESENTATION_RELATIONSHIP_WITH_TRANSFORMATION(#62)
SHAPE_REPRESENTATION_RELATIONSHIP()
);
#116=(
REPRESENTATION_RELATIONSHIP($,$,#9339,#9333)
REPRESENTATION_RELATIONSHIP_WITH_TRANSFORMATION(#63)
SHAPE_REPRESENTATION_RELATIONSHIP()
);
#117=CONTEXT_DEPENDENT_SHAPE_REPRESENTATION(#64,#9280);
#118=CONTEXT_DEPENDENT_SHAPE_REPRESENTATION(#65,#9281);
#119=CONTEXT_DEPENDENT_SHAPE_REPRESENTATION(#66,#9282);
#120=CONTEXT_DEPENDENT_SHAPE_REPRESENTATION(#67,#9283);
#121=CONTEXT_DEPENDENT_SHAPE_REPRESENTATION(#68,#9284);
#122=CONTEXT_DEPENDENT_SHAPE_REPRESENTATION(#69,#9285);
#123=CONTEXT_DEPENDENT_SHAPE_REPRESENTATION(#70,#9286);
#124=CONTEXT_DEPENDENT_SHAPE_REPRESENTATION(#71,#9287);
#125=CONTEXT_DEPENDENT_SHAPE_REPRESENTATION(#72,#9288);
#126=CONTEXT_DEPENDENT_SHAPE_REPRESENTATION(#73,#9289);
#127=CONTEXT_DEPENDENT_SHAPE_REPRESENTATION(#74,#9290);
#128=CONTEXT_DEPENDENT_SHAPE_REPRESENTATION(#75,#9291);
#129=CONTEXT_DEPENDENT_SHAPE_REPRESENTATION(#76,#9292);
#130=CONTEXT_DEPENDENT_SHAPE_REPRESENTATION(#77,#9293);
#131=CONTEXT_DEPENDENT_SHAPE_REPRESENTATION(#78,#9294);
#132=CONTEXT_DEPENDENT_SHAPE_REPRESENTATION(#79,#9295);
#133=CONTEXT_DEPENDENT_SHAPE_REPRESENTATION(#80,#9296);
#134=CONTEXT_DEPENDENT_SHAPE_REPRESENTATION(#81,#9297);
#135=CONTEXT_DEPENDENT_SHAPE_REPRESENTATION(#82,#9298);
#136=CONTEXT_DEPENDENT_SHAPE_REPRESENTATION(#83,#9299);
#137=CONTEXT_DEPENDENT_SHAPE_REPRESENTATION(#84,#9300);
#138=CONTEXT_DEPENDENT_SHAPE_REPRESENTATION(#85,#9301);
#139=CONTEXT_DEPENDENT_SHAPE_REPRESENTATION(#86,#9302);
#140=CONTEXT_DEPENDENT_SHAPE_REPRESENTATION(#87,#9303);
#141=CONTEXT_DEPENDENT_SHAPE_REPRESENTATION(#88,#9304);
#142=CONTEXT_DEPENDENT_SHAPE_REPRESENTATION(#89,#9305);
#143=CONTEXT_DEPENDENT_SHAPE_REPRESENTATION(#90,#9306);
#144=CONTEXT_DEPENDENT_SHAPE_REPRESENTATION(#91,#9307);
#145=CONTEXT_DEPENDENT_SHAPE_REPRESENTATION(#92,#9308);
#146=CONTEXT_DEPENDENT_SHAPE_REPRESENTATION(#93,#9309);
#147=CONTEXT_DEPENDENT_SHAPE_REPRESENTATION(#94,#9310);
#148=CONTEXT_DEPENDENT_SHAPE_REPRESENTATION(#95,#9311);
#149=CONTEXT_DEPENDENT_SHAPE_REPRESENTATION(#96,#9312);
#150=CONTEXT_DEPENDENT_SHAPE_REPRESENTATION(#97,#9313);
#151=CONTEXT_DEPENDENT_SHAPE_REPRESENTATION(#98,#9314);
#152=CONTEXT_DEPENDENT_SHAPE_REPRESENTATION(#99,#9315);
#153=CONTEXT_DEPENDENT_SHAPE_REPRESENTATION(#100,#9316);
#154=CONTEXT_DEPENDENT_SHAPE_REPRESENTATION(#101,#9317);
#155=CONTEXT_DEPENDENT_SHAPE_REPRESENTATION(#102,#9318);
#156=CONTEXT_DEPENDENT_SHAPE_REPRESENTATION(#103,#9319);
#157=CONTEXT_DEPENDENT_SHAPE_REPRESENTATION(#104,#9320);
#158=CONTEXT_DEPENDENT_SHAPE_REPRESENTATION(#105,#9321);
#159=CONTEXT_DEPENDENT_SHAPE_REPRESENTATION(#106,#9322);
#160=CONTEXT_DEPENDENT_SHAPE_REPRESENTATION(#107,#9323);
#161=CONTEXT_DEPENDENT_SHAPE_REPRESENTATION(#108,#9324);
#162=CONTEXT_DEPENDENT_SHAPE_REPRESENTATION(#109,#9325);
#163=CONTEXT_DEPENDENT_SHAPE_REPRESENTATION(#110,#9326);
#164=CONTEXT_DEPENDENT_SHAPE_REPRESENTATION(#111,#9327);
#165=CONTEXT_DEPENDENT_SHAPE_REPRESENTATION(#112,#9328);
#166=CONTEXT_DEPENDENT_SHAPE_REPRESENTATION(#113,#9329);
#167=CONTEXT_DEPENDENT_SHAPE_REPRESENTATION(#114,#9330);
#168=CONTEXT_DEPENDENT_SHAPE_REPRESENTATION(#115,#9331);
#169=CONTEXT_DEPENDENT_SHAPE_REPRESENTATION(#116,#9332);
#170=NEXT_ASSEMBLY_USAGE_OCCURRENCE('MMP.01.00.00.001 Cover_00:1',
'MMP.01.00.00.001 Cover_00:1','MMP.01.00.00.001 Cover_00:1',#9341,#9342,
'MMP.01.00.00.001 Cover_00:1');
#171=NEXT_ASSEMBLY_USAGE_OCCURRENCE(
'MMP.01.00.00.002 Cover flange_00:1',
'MMP.01.00.00.002 Cover flange_00:1',
'MMP.01.00.00.002 Cover flange_00:1',#9341,#9343,
'MMP.01.00.00.002 Cover flange_00:1');
#172=NEXT_ASSEMBLY_USAGE_OCCURRENCE(
'\X\C2\X\E8\X\ED\X\F2 DIN 7985 (\X\F6\X\E8\X\EB.)_ISO 7045 - M3 x 8 - 
Z --- 8C:1',
'\X\C2\X\E8\X\ED\X\F2 DIN 7985 (\X\F6\X\E8\X\EB.)_ISO 7045 - M3 x 8 - 
Z --- 8C:1',
'\X\C2\X\E8\X\ED\X\F2 DIN 7985 (\X\F6\X\E8\X\EB.)_ISO 7045 - M3 x 8 - 
Z --- 8C:1',#9341,#9347,
'\X\C2\X\E8\X\ED\X\F2 DIN 7985 (\X\F6\X\E8\X\EB.)_ISO 7045 - M3 x 8 - 
Z --- 8C:1');
#173=NEXT_ASSEMBLY_USAGE_OCCURRENCE(
'\X\C3\X\E0\X\E9\X\EA\X\E0 DIN 934_Hexagon Nut ISO - 4032 - M3 - D - C
:1','\X\C3\X\E0\X\E9\X\EA\X\E0 DIN 934_Hexagon Nut ISO - 4032 - M3 - D
 - C:1','\X\C3\X\E0\X\E9\X\EA\X\E0 DIN 934_Hexagon Nut ISO - 4032 - M3
 - D - C:1',#9341,#9346,
'\X\C3\X\E0\X\E9\X\EA\X\E0 DIN 934_Hexagon Nut ISO - 4032 - M3 - D - C
:1');
#174=NEXT_ASSEMBLY_USAGE_OCCURRENCE(
'\X\D8\X\E0\X\E9\X\E1\X\E0 DIN 125_Washer DIN 125 - A 3.2:1',
'\X\D8\X\E0\X\E9\X\E1\X\E0 DIN 125_Washer DIN 125 - A 3.2:1',
'\X\D8\X\E0\X\E9\X\E1\X\E0 DIN 125_Washer DIN 125 - A 3.2:1',#9341,#9345,
'\X\D8\X\E0\X\E9\X\E1\X\E0 DIN 125_Washer DIN 125 - A 3.2:1');
#175=NEXT_ASSEMBLY_USAGE_OCCURRENCE(
'\X\D8\X\E0\X\E9\X\E1\X\E0 DIN 7980 (\X\EF\X\F0\X\F3\X\E6\X\E8\X\ED\X\ED
\X\E0\X\FF)_\X\98\X\A0\X\A9\X\A1\X\A0 3 \X\83\X\8E\X\91\X\92 6402-70:1',

'\X\D8\X\E0\X\E9\X\E1\X\E0 DIN 7980 (\X\EF\X\F0\X\F3\X\E6\X\E8\X\ED\X\ED
\X\E0\X\FF)_\X\98\X\A0\X\A9\X\A1\X\A0 3 \X\83\X\8E\X\91\X\92 6402-70:1',

'\X\D8\X\E0\X\E9\X\E1\X\E0 DIN 7980 (\X\EF\X\F0\X\F3\X\E6\X\E8\X\ED\X\ED
\X\E0\X\FF)_\X\98\X\A0\X\A9\X\A1\X\A0 3 \X\83\X\8E\X\91\X\92 6402-70:1',
#9341,#9344,
'\X\D8\X\E0\X\E9\X\E1\X\E0 DIN 7980 (\X\EF\X\F0\X\F3\X\E6\X\E8\X\ED\X\ED
\X\E0\X\FF)_\X\98\X\A0\X\A9\X\A1\X\A0 3 \X\83\X\8E\X\91\X\92 6402-70:1');
#176=NEXT_ASSEMBLY_USAGE_OCCURRENCE(
'MMP.01.00.00.002 Cover flange_00:2',
'MMP.01.00.00.002 Cover flange_00:2',
'MMP.01.00.00.002 Cover flange_00:2',#9341,#9343,
'MMP.01.00.00.002 Cover flange_00:2');
#177=NEXT_ASSEMBLY_USAGE_OCCURRENCE(
'\X\D8\X\E0\X\E9\X\E1\X\E0 DIN 125_Washer DIN 125 - A 3.2:2',
'\X\D8\X\E0\X\E9\X\E1\X\E0 DIN 125_Washer DIN 125 - A 3.2:2',
'\X\D8\X\E0\X\E9\X\E1\X\E0 DIN 125_Washer DIN 125 - A 3.2:2',#9341,#9345,
'\X\D8\X\E0\X\E9\X\E1\X\E0 DIN 125_Washer DIN 125 - A 3.2:2');
#178=NEXT_ASSEMBLY_USAGE_OCCURRENCE(
'\X\D8\X\E0\X\E9\X\E1\X\E0 DIN 125_Washer DIN 125 - A 3.2:3',
'\X\D8\X\E0\X\E9\X\E1\X\E0 DIN 125_Washer DIN 125 - A 3.2:3',
'\X\D8\X\E0\X\E9\X\E1\X\E0 DIN 125_Washer DIN 125 - A 3.2:3',#9341,#9345,
'\X\D8\X\E0\X\E9\X\E1\X\E0 DIN 125_Washer DIN 125 - A 3.2:3');
#179=NEXT_ASSEMBLY_USAGE_OCCURRENCE(
'\X\D8\X\E0\X\E9\X\E1\X\E0 DIN 125_Washer DIN 125 - A 3.2:4',
'\X\D8\X\E0\X\E9\X\E1\X\E0 DIN 125_Washer DIN 125 - A 3.2:4',
'\X\D8\X\E0\X\E9\X\E1\X\E0 DIN 125_Washer DIN 125 - A 3.2:4',#9341,#9345,
'\X\D8\X\E0\X\E9\X\E1\X\E0 DIN 125_Washer DIN 125 - A 3.2:4');
#180=NEXT_ASSEMBLY_USAGE_OCCURRENCE(
'\X\D8\X\E0\X\E9\X\E1\X\E0 DIN 125_Washer DIN 125 - A 3.2:5',
'\X\D8\X\E0\X\E9\X\E1\X\E0 DIN 125_Washer DIN 125 - A 3.2:5',
'\X\D8\X\E0\X\E9\X\E1\X\E0 DIN 125_Washer DIN 125 - A 3.2:5',#9341,#9345,
'\X\D8\X\E0\X\E9\X\E1\X\E0 DIN 125_Washer DIN 125 - A 3.2:5');
#181=NEXT_ASSEMBLY_USAGE_OCCURRENCE(
'\X\D8\X\E0\X\E9\X\E1\X\E0 DIN 125_Washer DIN 125 - A 3.2:6',
'\X\D8\X\E0\X\E9\X\E1\X\E0 DIN 125_Washer DIN 125 - A 3.2:6',
'\X\D8\X\E0\X\E9\X\E1\X\E0 DIN 125_Washer DIN 125 - A 3.2:6',#9341,#9345,
'\X\D8\X\E0\X\E9\X\E1\X\E0 DIN 125_Washer DIN 125 - A 3.2:6');
#182=NEXT_ASSEMBLY_USAGE_OCCURRENCE(
'\X\D8\X\E0\X\E9\X\E1\X\E0 DIN 7980 (\X\EF\X\F0\X\F3\X\E6\X\E8\X\ED\X\ED
\X\E0\X\FF)_\X\98\X\A0\X\A9\X\A1\X\A0 3 \X\83\X\8E\X\91\X\92 6402-70:2',

'\X\D8\X\E0\X\E9\X\E1\X\E0 DIN 7980 (\X\EF\X\F0\X\F3\X\E6\X\E8\X\ED\X\ED
\X\E0\X\FF)_\X\98\X\A0\X\A9\X\A1\X\A0 3 \X\83\X\8E\X\91\X\92 6402-70:2',

'\X\D8\X\E0\X\E9\X\E1\X\E0 DIN 7980 (\X\EF\X\F0\X\F3\X\E6\X\E8\X\ED\X\ED
\X\E0\X\FF)_\X\98\X\A0\X\A9\X\A1\X\A0 3 \X\83\X\8E\X\91\X\92 6402-70:2',
#9341,#9344,
'\X\D8\X\E0\X\E9\X\E1\X\E0 DIN 7980 (\X\EF\X\F0\X\F3\X\E6\X\E8\X\ED\X\ED
\X\E0\X\FF)_\X\98\X\A0\X\A9\X\A1\X\A0 3 \X\83\X\8E\X\91\X\92 6402-70:2');
#183=NEXT_ASSEMBLY_USAGE_OCCURRENCE(
'\X\D8\X\E0\X\E9\X\E1\X\E0 DIN 7980 (\X\EF\X\F0\X\F3\X\E6\X\E8\X\ED\X\ED
\X\E0\X\FF)_\X\98\X\A0\X\A9\X\A1\X\A0 3 \X\83\X\8E\X\91\X\92 6402-70:3',

'\X\D8\X\E0\X\E9\X\E1\X\E0 DIN 7980 (\X\EF\X\F0\X\F3\X\E6\X\E8\X\ED\X\ED
\X\E0\X\FF)_\X\98\X\A0\X\A9\X\A1\X\A0 3 \X\83\X\8E\X\91\X\92 6402-70:3',

'\X\D8\X\E0\X\E9\X\E1\X\E0 DIN 7980 (\X\EF\X\F0\X\F3\X\E6\X\E8\X\ED\X\ED
\X\E0\X\FF)_\X\98\X\A0\X\A9\X\A1\X\A0 3 \X\83\X\8E\X\91\X\92 6402-70:3',
#9341,#9344,
'\X\D8\X\E0\X\E9\X\E1\X\E0 DIN 7980 (\X\EF\X\F0\X\F3\X\E6\X\E8\X\ED\X\ED
\X\E0\X\FF)_\X\98\X\A0\X\A9\X\A1\X\A0 3 \X\83\X\8E\X\91\X\92 6402-70:3');
#184=NEXT_ASSEMBLY_USAGE_OCCURRENCE(
'\X\D8\X\E0\X\E9\X\E1\X\E0 DIN 7980 (\X\EF\X\F0\X\F3\X\E6\X\E8\X\ED\X\ED
\X\E0\X\FF)_\X\98\X\A0\X\A9\X\A1\X\A0 3 \X\83\X\8E\X\91\X\92 6402-70:4',

'\X\D8\X\E0\X\E9\X\E1\X\E0 DIN 7980 (\X\EF\X\F0\X\F3\X\E6\X\E8\X\ED\X\ED
\X\E0\X\FF)_\X\98\X\A0\X\A9\X\A1\X\A0 3 \X\83\X\8E\X\91\X\92 6402-70:4',

'\X\D8\X\E0\X\E9\X\E1\X\E0 DIN 7980 (\X\EF\X\F0\X\F3\X\E6\X\E8\X\ED\X\ED
\X\E0\X\FF)_\X\98\X\A0\X\A9\X\A1\X\A0 3 \X\83\X\8E\X\91\X\92 6402-70:4',
#9341,#9344,
'\X\D8\X\E0\X\E9\X\E1\X\E0 DIN 7980 (\X\EF\X\F0\X\F3\X\E6\X\E8\X\ED\X\ED
\X\E0\X\FF)_\X\98\X\A0\X\A9\X\A1\X\A0 3 \X\83\X\8E\X\91\X\92 6402-70:4');
#185=NEXT_ASSEMBLY_USAGE_OCCURRENCE(
'\X\D8\X\E0\X\E9\X\E1\X\E0 DIN 7980 (\X\EF\X\F0\X\F3\X\E6\X\E8\X\ED\X\ED
\X\E0\X\FF)_\X\98\X\A0\X\A9\X\A1\X\A0 3 \X\83\X\8E\X\91\X\92 6402-70:5',

'\X\D8\X\E0\X\E9\X\E1\X\E0 DIN 7980 (\X\EF\X\F0\X\F3\X\E6\X\E8\X\ED\X\ED
\X\E0\X\FF)_\X\98\X\A0\X\A9\X\A1\X\A0 3 \X\83\X\8E\X\91\X\92 6402-70:5',

'\X\D8\X\E0\X\E9\X\E1\X\E0 DIN 7980 (\X\EF\X\F0\X\F3\X\E6\X\E8\X\ED\X\ED
\X\E0\X\FF)_\X\98\X\A0\X\A9\X\A1\X\A0 3 \X\83\X\8E\X\91\X\92 6402-70:5',
#9341,#9344,
'\X\D8\X\E0\X\E9\X\E1\X\E0 DIN 7980 (\X\EF\X\F0\X\F3\X\E6\X\E8\X\ED\X\ED
\X\E0\X\FF)_\X\98\X\A0\X\A9\X\A1\X\A0 3 \X\83\X\8E\X\91\X\92 6402-70:5');
#186=NEXT_ASSEMBLY_USAGE_OCCURRENCE(
'\X\D8\X\E0\X\E9\X\E1\X\E0 DIN 125_Washer DIN 125 - A 3.2:7',
'\X\D8\X\E0\X\E9\X\E1\X\E0 DIN 125_Washer DIN 125 - A 3.2:7',
'\X\D8\X\E0\X\E9\X\E1\X\E0 DIN 125_Washer DIN 125 - A 3.2:7',#9341,#9345,
'\X\D8\X\E0\X\E9\X\E1\X\E0 DIN 125_Washer DIN 125 - A 3.2:7');
#187=NEXT_ASSEMBLY_USAGE_OCCURRENCE(
'\X\D8\X\E0\X\E9\X\E1\X\E0 DIN 125_Washer DIN 125 - A 3.2:8',
'\X\D8\X\E0\X\E9\X\E1\X\E0 DIN 125_Washer DIN 125 - A 3.2:8',
'\X\D8\X\E0\X\E9\X\E1\X\E0 DIN 125_Washer DIN 125 - A 3.2:8',#9341,#9345,
'\X\D8\X\E0\X\E9\X\E1\X\E0 DIN 125_Washer DIN 125 - A 3.2:8');
#188=NEXT_ASSEMBLY_USAGE_OCCURRENCE(
'\X\D8\X\E0\X\E9\X\E1\X\E0 DIN 125_Washer DIN 125 - A 3.2:9',
'\X\D8\X\E0\X\E9\X\E1\X\E0 DIN 125_Washer DIN 125 - A 3.2:9',
'\X\D8\X\E0\X\E9\X\E1\X\E0 DIN 125_Washer DIN 125 - A 3.2:9',#9341,#9345,
'\X\D8\X\E0\X\E9\X\E1\X\E0 DIN 125_Washer DIN 125 - A 3.2:9');
#189=NEXT_ASSEMBLY_USAGE_OCCURRENCE(
'\X\D8\X\E0\X\E9\X\E1\X\E0 DIN 125_Washer DIN 125 - A 3.2:10',
'\X\D8\X\E0\X\E9\X\E1\X\E0 DIN 125_Washer DIN 125 - A 3.2:10',
'\X\D8\X\E0\X\E9\X\E1\X\E0 DIN 125_Washer DIN 125 - A 3.2:10',#9341,#9345,
'\X\D8\X\E0\X\E9\X\E1\X\E0 DIN 125_Washer DIN 125 - A 3.2:10');
#190=NEXT_ASSEMBLY_USAGE_OCCURRENCE(
'\X\C3\X\E0\X\E9\X\EA\X\E0 DIN 934_Hexagon Nut ISO - 4032 - M3 - D - C
:2','\X\C3\X\E0\X\E9\X\EA\X\E0 DIN 934_Hexagon Nut ISO - 4032 - M3 - D
 - C:2','\X\C3\X\E0\X\E9\X\EA\X\E0 DIN 934_Hexagon Nut ISO - 4032 - M3
 - D - C:2',#9341,#9346,
'\X\C3\X\E0\X\E9\X\EA\X\E0 DIN 934_Hexagon Nut ISO - 4032 - M3 - D - C
:2');
#191=NEXT_ASSEMBLY_USAGE_OCCURRENCE(
'\X\C3\X\E0\X\E9\X\EA\X\E0 DIN 934_Hexagon Nut ISO - 4032 - M3 - D - C
:3','\X\C3\X\E0\X\E9\X\EA\X\E0 DIN 934_Hexagon Nut ISO - 4032 - M3 - D
 - C:3','\X\C3\X\E0\X\E9\X\EA\X\E0 DIN 934_Hexagon Nut ISO - 4032 - M3
 - D - C:3',#9341,#9346,
'\X\C3\X\E0\X\E9\X\EA\X\E0 DIN 934_Hexagon Nut ISO - 4032 - M3 - D - C
:3');
#192=NEXT_ASSEMBLY_USAGE_OCCURRENCE(
'\X\C3\X\E0\X\E9\X\EA\X\E0 DIN 934_Hexagon Nut ISO - 4032 - M3 - D - C
:4','\X\C3\X\E0\X\E9\X\EA\X\E0 DIN 934_Hexagon Nut ISO - 4032 - M3 - D
 - C:4','\X\C3\X\E0\X\E9\X\EA\X\E0 DIN 934_Hexagon Nut ISO - 4032 - M3
 - D - C:4',#9341,#9346,
'\X\C3\X\E0\X\E9\X\EA\X\E0 DIN 934_Hexagon Nut ISO - 4032 - M3 - D - C
:4');
#193=NEXT_ASSEMBLY_USAGE_OCCURRENCE(
'\X\C3\X\E0\X\E9\X\EA\X\E0 DIN 934_Hexagon Nut ISO - 4032 - M3 - D - C
:5','\X\C3\X\E0\X\E9\X\EA\X\E0 DIN 934_Hexagon Nut ISO - 4032 - M3 - D
 - C:5','\X\C3\X\E0\X\E9\X\EA\X\E0 DIN 934_Hexagon Nut ISO - 4032 - M3
 - D - C:5',#9341,#9346,
'\X\C3\X\E0\X\E9\X\EA\X\E0 DIN 934_Hexagon Nut ISO - 4032 - M3 - D - C
:5');
#194=NEXT_ASSEMBLY_USAGE_OCCURRENCE(
'\X\C2\X\E8\X\ED\X\F2 DIN 7985 (\X\F6\X\E8\X\EB.)_ISO 7045 - M3 x 8 - 
Z --- 8C:2',
'\X\C2\X\E8\X\ED\X\F2 DIN 7985 (\X\F6\X\E8\X\EB.)_ISO 7045 - M3 x 8 - 
Z --- 8C:2',
'\X\C2\X\E8\X\ED\X\F2 DIN 7985 (\X\F6\X\E8\X\EB.)_ISO 7045 - M3 x 8 - 
Z --- 8C:2',#9341,#9347,
'\X\C2\X\E8\X\ED\X\F2 DIN 7985 (\X\F6\X\E8\X\EB.)_ISO 7045 - M3 x 8 - 
Z --- 8C:2');
#195=NEXT_ASSEMBLY_USAGE_OCCURRENCE(
'\X\C2\X\E8\X\ED\X\F2 DIN 7985 (\X\F6\X\E8\X\EB.)_ISO 7045 - M3 x 8 - 
Z --- 8C:3',
'\X\C2\X\E8\X\ED\X\F2 DIN 7985 (\X\F6\X\E8\X\EB.)_ISO 7045 - M3 x 8 - 
Z --- 8C:3',
'\X\C2\X\E8\X\ED\X\F2 DIN 7985 (\X\F6\X\E8\X\EB.)_ISO 7045 - M3 x 8 - 
Z --- 8C:3',#9341,#9347,
'\X\C2\X\E8\X\ED\X\F2 DIN 7985 (\X\F6\X\E8\X\EB.)_ISO 7045 - M3 x 8 - 
Z --- 8C:3');
#196=NEXT_ASSEMBLY_USAGE_OCCURRENCE(
'\X\C2\X\E8\X\ED\X\F2 DIN 7985 (\X\F6\X\E8\X\EB.)_ISO 7045 - M3 x 8 - 
Z --- 8C:4',
'\X\C2\X\E8\X\ED\X\F2 DIN 7985 (\X\F6\X\E8\X\EB.)_ISO 7045 - M3 x 8 - 
Z --- 8C:4',
'\X\C2\X\E8\X\ED\X\F2 DIN 7985 (\X\F6\X\E8\X\EB.)_ISO 7045 - M3 x 8 - 
Z --- 8C:4',#9341,#9347,
'\X\C2\X\E8\X\ED\X\F2 DIN 7985 (\X\F6\X\E8\X\EB.)_ISO 7045 - M3 x 8 - 
Z --- 8C:4');
#197=NEXT_ASSEMBLY_USAGE_OCCURRENCE(
'\X\C2\X\E8\X\ED\X\F2 DIN 7985 (\X\F6\X\E8\X\EB.)_ISO 7045 - M3 x 8 - 
Z --- 8C:5',
'\X\C2\X\E8\X\ED\X\F2 DIN 7985 (\X\F6\X\E8\X\EB.)_ISO 7045 - M3 x 8 - 
Z --- 8C:5',
'\X\C2\X\E8\X\ED\X\F2 DIN 7985 (\X\F6\X\E8\X\EB.)_ISO 7045 - M3 x 8 - 
Z --- 8C:5',#9341,#9347,
'\X\C2\X\E8\X\ED\X\F2 DIN 7985 (\X\F6\X\E8\X\EB.)_ISO 7045 - M3 x 8 - 
Z --- 8C:5');
#198=NEXT_ASSEMBLY_USAGE_OCCURRENCE(
'\X\C2\X\E8\X\ED\X\F2 DIN 7985 (\X\F6\X\E8\X\EB.)_ISO 7045 - M3 x 8 - 
Z --- 8C:6',
'\X\C2\X\E8\X\ED\X\F2 DIN 7985 (\X\F6\X\E8\X\EB.)_ISO 7045 - M3 x 8 - 
Z --- 8C:6',
'\X\C2\X\E8\X\ED\X\F2 DIN 7985 (\X\F6\X\E8\X\EB.)_ISO 7045 - M3 x 8 - 
Z --- 8C:6',#9341,#9347,
'\X\C2\X\E8\X\ED\X\F2 DIN 7985 (\X\F6\X\E8\X\EB.)_ISO 7045 - M3 x 8 - 
Z --- 8C:6');
#199=NEXT_ASSEMBLY_USAGE_OCCURRENCE(
'\X\C3\X\E0\X\E9\X\EA\X\E0 DIN 934_Hexagon Nut ISO - 4032 - M3 - D - C
:6','\X\C3\X\E0\X\E9\X\EA\X\E0 DIN 934_Hexagon Nut ISO - 4032 - M3 - D
 - C:6','\X\C3\X\E0\X\E9\X\EA\X\E0 DIN 934_Hexagon Nut ISO - 4032 - M3
 - D - C:6',#9341,#9346,
'\X\C3\X\E0\X\E9\X\EA\X\E0 DIN 934_Hexagon Nut ISO - 4032 - M3 - D - C
:6');
#200=NEXT_ASSEMBLY_USAGE_OCCURRENCE(
'\X\D8\X\E0\X\E9\X\E1\X\E0 DIN 125_Washer DIN 125 - A 3.2:11',
'\X\D8\X\E0\X\E9\X\E1\X\E0 DIN 125_Washer DIN 125 - A 3.2:11',
'\X\D8\X\E0\X\E9\X\E1\X\E0 DIN 125_Washer DIN 125 - A 3.2:11',#9341,#9345,
'\X\D8\X\E0\X\E9\X\E1\X\E0 DIN 125_Washer DIN 125 - A 3.2:11');
#201=NEXT_ASSEMBLY_USAGE_OCCURRENCE(
'\X\D8\X\E0\X\E9\X\E1\X\E0 DIN 7980 (\X\EF\X\F0\X\F3\X\E6\X\E8\X\ED\X\ED
\X\E0\X\FF)_\X\98\X\A0\X\A9\X\A1\X\A0 3 \X\83\X\8E\X\91\X\92 6402-70:6',

'\X\D8\X\E0\X\E9\X\E1\X\E0 DIN 7980 (\X\EF\X\F0\X\F3\X\E6\X\E8\X\ED\X\ED
\X\E0\X\FF)_\X\98\X\A0\X\A9\X\A1\X\A0 3 \X\83\X\8E\X\91\X\92 6402-70:6',

'\X\D8\X\E0\X\E9\X\E1\X\E0 DIN 7980 (\X\EF\X\F0\X\F3\X\E6\X\E8\X\ED\X\ED
\X\E0\X\FF)_\X\98\X\A0\X\A9\X\A1\X\A0 3 \X\83\X\8E\X\91\X\92 6402-70:6',
#9341,#9344,
'\X\D8\X\E0\X\E9\X\E1\X\E0 DIN 7980 (\X\EF\X\F0\X\F3\X\E6\X\E8\X\ED\X\ED
\X\E0\X\FF)_\X\98\X\A0\X\A9\X\A1\X\A0 3 \X\83\X\8E\X\91\X\92 6402-70:6');
#202=NEXT_ASSEMBLY_USAGE_OCCURRENCE(
'\X\D8\X\E0\X\E9\X\E1\X\E0 DIN 125_Washer DIN 125 - A 3.2:12',
'\X\D8\X\E0\X\E9\X\E1\X\E0 DIN 125_Washer DIN 125 - A 3.2:12',
'\X\D8\X\E0\X\E9\X\E1\X\E0 DIN 125_Washer DIN 125 - A 3.2:12',#9341,#9345,
'\X\D8\X\E0\X\E9\X\E1\X\E0 DIN 125_Washer DIN 125 - A 3.2:12');
#203=NEXT_ASSEMBLY_USAGE_OCCURRENCE(
'\X\D8\X\E0\X\E9\X\E1\X\E0 DIN 125_Washer DIN 125 - A 3.2:13',
'\X\D8\X\E0\X\E9\X\E1\X\E0 DIN 125_Washer DIN 125 - A 3.2:13',
'\X\D8\X\E0\X\E9\X\E1\X\E0 DIN 125_Washer DIN 125 - A 3.2:13',#9341,#9345,
'\X\D8\X\E0\X\E9\X\E1\X\E0 DIN 125_Washer DIN 125 - A 3.2:13');
#204=NEXT_ASSEMBLY_USAGE_OCCURRENCE(
'\X\D8\X\E0\X\E9\X\E1\X\E0 DIN 125_Washer DIN 125 - A 3.2:14',
'\X\D8\X\E0\X\E9\X\E1\X\E0 DIN 125_Washer DIN 125 - A 3.2:14',
'\X\D8\X\E0\X\E9\X\E1\X\E0 DIN 125_Washer DIN 125 - A 3.2:14',#9341,#9345,
'\X\D8\X\E0\X\E9\X\E1\X\E0 DIN 125_Washer DIN 125 - A 3.2:14');
#205=NEXT_ASSEMBLY_USAGE_OCCURRENCE(
'\X\D8\X\E0\X\E9\X\E1\X\E0 DIN 125_Washer DIN 125 - A 3.2:15',
'\X\D8\X\E0\X\E9\X\E1\X\E0 DIN 125_Washer DIN 125 - A 3.2:15',
'\X\D8\X\E0\X\E9\X\E1\X\E0 DIN 125_Washer DIN 125 - A 3.2:15',#9341,#9345,
'\X\D8\X\E0\X\E9\X\E1\X\E0 DIN 125_Washer DIN 125 - A 3.2:15');
#206=NEXT_ASSEMBLY_USAGE_OCCURRENCE(
'\X\D8\X\E0\X\E9\X\E1\X\E0 DIN 125_Washer DIN 125 - A 3.2:16',
'\X\D8\X\E0\X\E9\X\E1\X\E0 DIN 125_Washer DIN 125 - A 3.2:16',
'\X\D8\X\E0\X\E9\X\E1\X\E0 DIN 125_Washer DIN 125 - A 3.2:16',#9341,#9345,
'\X\D8\X\E0\X\E9\X\E1\X\E0 DIN 125_Washer DIN 125 - A 3.2:16');
#207=NEXT_ASSEMBLY_USAGE_OCCURRENCE(
'\X\D8\X\E0\X\E9\X\E1\X\E0 DIN 7980 (\X\EF\X\F0\X\F3\X\E6\X\E8\X\ED\X\ED
\X\E0\X\FF)_\X\98\X\A0\X\A9\X\A1\X\A0 3 \X\83\X\8E\X\91\X\92 6402-70:7',

'\X\D8\X\E0\X\E9\X\E1\X\E0 DIN 7980 (\X\EF\X\F0\X\F3\X\E6\X\E8\X\ED\X\ED
\X\E0\X\FF)_\X\98\X\A0\X\A9\X\A1\X\A0 3 \X\83\X\8E\X\91\X\92 6402-70:7',

'\X\D8\X\E0\X\E9\X\E1\X\E0 DIN 7980 (\X\EF\X\F0\X\F3\X\E6\X\E8\X\ED\X\ED
\X\E0\X\FF)_\X\98\X\A0\X\A9\X\A1\X\A0 3 \X\83\X\8E\X\91\X\92 6402-70:7',
#9341,#9344,
'\X\D8\X\E0\X\E9\X\E1\X\E0 DIN 7980 (\X\EF\X\F0\X\F3\X\E6\X\E8\X\ED\X\ED
\X\E0\X\FF)_\X\98\X\A0\X\A9\X\A1\X\A0 3 \X\83\X\8E\X\91\X\92 6402-70:7');
#208=NEXT_ASSEMBLY_USAGE_OCCURRENCE(
'\X\D8\X\E0\X\E9\X\E1\X\E0 DIN 7980 (\X\EF\X\F0\X\F3\X\E6\X\E8\X\ED\X\ED
\X\E0\X\FF)_\X\98\X\A0\X\A9\X\A1\X\A0 3 \X\83\X\8E\X\91\X\92 6402-70:8',

'\X\D8\X\E0\X\E9\X\E1\X\E0 DIN 7980 (\X\EF\X\F0\X\F3\X\E6\X\E8\X\ED\X\ED
\X\E0\X\FF)_\X\98\X\A0\X\A9\X\A1\X\A0 3 \X\83\X\8E\X\91\X\92 6402-70:8',

'\X\D8\X\E0\X\E9\X\E1\X\E0 DIN 7980 (\X\EF\X\F0\X\F3\X\E6\X\E8\X\ED\X\ED
\X\E0\X\FF)_\X\98\X\A0\X\A9\X\A1\X\A0 3 \X\83\X\8E\X\91\X\92 6402-70:8',
#9341,#9344,
'\X\D8\X\E0\X\E9\X\E1\X\E0 DIN 7980 (\X\EF\X\F0\X\F3\X\E6\X\E8\X\ED\X\ED
\X\E0\X\FF)_\X\98\X\A0\X\A9\X\A1\X\A0 3 \X\83\X\8E\X\91\X\92 6402-70:8');
#209=NEXT_ASSEMBLY_USAGE_OCCURRENCE(
'\X\D8\X\E0\X\E9\X\E1\X\E0 DIN 7980 (\X\EF\X\F0\X\F3\X\E6\X\E8\X\ED\X\ED
\X\E0\X\FF)_\X\98\X\A0\X\A9\X\A1\X\A0 3 \X\83\X\8E\X\91\X\92 6402-70:9',

'\X\D8\X\E0\X\E9\X\E1\X\E0 DIN 7980 (\X\EF\X\F0\X\F3\X\E6\X\E8\X\ED\X\ED
\X\E0\X\FF)_\X\98\X\A0\X\A9\X\A1\X\A0 3 \X\83\X\8E\X\91\X\92 6402-70:9',

'\X\D8\X\E0\X\E9\X\E1\X\E0 DIN 7980 (\X\EF\X\F0\X\F3\X\E6\X\E8\X\ED\X\ED
\X\E0\X\FF)_\X\98\X\A0\X\A9\X\A1\X\A0 3 \X\83\X\8E\X\91\X\92 6402-70:9',
#9341,#9344,
'\X\D8\X\E0\X\E9\X\E1\X\E0 DIN 7980 (\X\EF\X\F0\X\F3\X\E6\X\E8\X\ED\X\ED
\X\E0\X\FF)_\X\98\X\A0\X\A9\X\A1\X\A0 3 \X\83\X\8E\X\91\X\92 6402-70:9');
#210=NEXT_ASSEMBLY_USAGE_OCCURRENCE(
'\X\D8\X\E0\X\E9\X\E1\X\E0 DIN 7980 (\X\EF\X\F0\X\F3\X\E6\X\E8\X\ED\X\ED
\X\E0\X\FF)_\X\98\X\A0\X\A9\X\A1\X\A0 3 \X\83\X\8E\X\91\X\92 6402-70:1
0',
'\X\D8\X\E0\X\E9\X\E1\X\E0 DIN 7980 (\X\EF\X\F0\X\F3\X\E6\X\E8\X\ED\X\ED
\X\E0\X\FF)_\X\98\X\A0\X\A9\X\A1\X\A0 3 \X\83\X\8E\X\91\X\92 6402-70:1
0',
'\X\D8\X\E0\X\E9\X\E1\X\E0 DIN 7980 (\X\EF\X\F0\X\F3\X\E6\X\E8\X\ED\X\ED
\X\E0\X\FF)_\X\98\X\A0\X\A9\X\A1\X\A0 3 \X\83\X\8E\X\91\X\92 6402-70:1
0',#9341,#9344,
'\X\D8\X\E0\X\E9\X\E1\X\E0 DIN 7980 (\X\EF\X\F0\X\F3\X\E6\X\E8\X\ED\X\ED
\X\E0\X\FF)_\X\98\X\A0\X\A9\X\A1\X\A0 3 \X\83\X\8E\X\91\X\92 6402-70:1
0');
#211=NEXT_ASSEMBLY_USAGE_OCCURRENCE(
'\X\D8\X\E0\X\E9\X\E1\X\E0 DIN 125_Washer DIN 125 - A 3.2:17',
'\X\D8\X\E0\X\E9\X\E1\X\E0 DIN 125_Washer DIN 125 - A 3.2:17',
'\X\D8\X\E0\X\E9\X\E1\X\E0 DIN 125_Washer DIN 125 - A 3.2:17',#9341,#9345,
'\X\D8\X\E0\X\E9\X\E1\X\E0 DIN 125_Washer DIN 125 - A 3.2:17');
#212=NEXT_ASSEMBLY_USAGE_OCCURRENCE(
'\X\D8\X\E0\X\E9\X\E1\X\E0 DIN 125_Washer DIN 125 - A 3.2:18',
'\X\D8\X\E0\X\E9\X\E1\X\E0 DIN 125_Washer DIN 125 - A 3.2:18',
'\X\D8\X\E0\X\E9\X\E1\X\E0 DIN 125_Washer DIN 125 - A 3.2:18',#9341,#9345,
'\X\D8\X\E0\X\E9\X\E1\X\E0 DIN 125_Washer DIN 125 - A 3.2:18');
#213=NEXT_ASSEMBLY_USAGE_OCCURRENCE(
'\X\D8\X\E0\X\E9\X\E1\X\E0 DIN 125_Washer DIN 125 - A 3.2:19',
'\X\D8\X\E0\X\E9\X\E1\X\E0 DIN 125_Washer DIN 125 - A 3.2:19',
'\X\D8\X\E0\X\E9\X\E1\X\E0 DIN 125_Washer DIN 125 - A 3.2:19',#9341,#9345,
'\X\D8\X\E0\X\E9\X\E1\X\E0 DIN 125_Washer DIN 125 - A 3.2:19');
#214=NEXT_ASSEMBLY_USAGE_OCCURRENCE(
'\X\D8\X\E0\X\E9\X\E1\X\E0 DIN 125_Washer DIN 125 - A 3.2:20',
'\X\D8\X\E0\X\E9\X\E1\X\E0 DIN 125_Washer DIN 125 - A 3.2:20',
'\X\D8\X\E0\X\E9\X\E1\X\E0 DIN 125_Washer DIN 125 - A 3.2:20',#9341,#9345,
'\X\D8\X\E0\X\E9\X\E1\X\E0 DIN 125_Washer DIN 125 - A 3.2:20');
#215=NEXT_ASSEMBLY_USAGE_OCCURRENCE(
'\X\C3\X\E0\X\E9\X\EA\X\E0 DIN 934_Hexagon Nut ISO - 4032 - M3 - D - C
:7','\X\C3\X\E0\X\E9\X\EA\X\E0 DIN 934_Hexagon Nut ISO - 4032 - M3 - D
 - C:7','\X\C3\X\E0\X\E9\X\EA\X\E0 DIN 934_Hexagon Nut ISO - 4032 - M3
 - D - C:7',#9341,#9346,
'\X\C3\X\E0\X\E9\X\EA\X\E0 DIN 934_Hexagon Nut ISO - 4032 - M3 - D - C
:7');
#216=NEXT_ASSEMBLY_USAGE_OCCURRENCE(
'\X\C3\X\E0\X\E9\X\EA\X\E0 DIN 934_Hexagon Nut ISO - 4032 - M3 - D - C
:8','\X\C3\X\E0\X\E9\X\EA\X\E0 DIN 934_Hexagon Nut ISO - 4032 - M3 - D
 - C:8','\X\C3\X\E0\X\E9\X\EA\X\E0 DIN 934_Hexagon Nut ISO - 4032 - M3
 - D - C:8',#9341,#9346,
'\X\C3\X\E0\X\E9\X\EA\X\E0 DIN 934_Hexagon Nut ISO - 4032 - M3 - D - C
:8');
#217=NEXT_ASSEMBLY_USAGE_OCCURRENCE(
'\X\C3\X\E0\X\E9\X\EA\X\E0 DIN 934_Hexagon Nut ISO - 4032 - M3 - D - C
:9','\X\C3\X\E0\X\E9\X\EA\X\E0 DIN 934_Hexagon Nut ISO - 4032 - M3 - D
 - C:9','\X\C3\X\E0\X\E9\X\EA\X\E0 DIN 934_Hexagon Nut ISO - 4032 - M3
 - D - C:9',#9341,#9346,
'\X\C3\X\E0\X\E9\X\EA\X\E0 DIN 934_Hexagon Nut ISO - 4032 - M3 - D - C
:9');
#218=NEXT_ASSEMBLY_USAGE_OCCURRENCE(
'\X\C3\X\E0\X\E9\X\EA\X\E0 DIN 934_Hexagon Nut ISO - 4032 - M3 - D - C
:10','\X\C3\X\E0\X\E9\X\EA\X\E0 DIN 934_Hexagon Nut ISO - 4032 - M3 - 
D - C:10','\X\C3\X\E0\X\E9\X\EA\X\E0 DIN 934_Hexagon Nut ISO - 4032 - 
M3 - D - C:10',#9341,#9346,
'\X\C3\X\E0\X\E9\X\EA\X\E0 DIN 934_Hexagon Nut ISO - 4032 - M3 - D - C
:10');
#219=NEXT_ASSEMBLY_USAGE_OCCURRENCE(
'\X\C2\X\E8\X\ED\X\F2 DIN 7985 (\X\F6\X\E8\X\EB.)_ISO 7045 - M3 x 8 - 
Z --- 8C:7',
'\X\C2\X\E8\X\ED\X\F2 DIN 7985 (\X\F6\X\E8\X\EB.)_ISO 7045 - M3 x 8 - 
Z --- 8C:7',
'\X\C2\X\E8\X\ED\X\F2 DIN 7985 (\X\F6\X\E8\X\EB.)_ISO 7045 - M3 x 8 - 
Z --- 8C:7',#9341,#9347,
'\X\C2\X\E8\X\ED\X\F2 DIN 7985 (\X\F6\X\E8\X\EB.)_ISO 7045 - M3 x 8 - 
Z --- 8C:7');
#220=NEXT_ASSEMBLY_USAGE_OCCURRENCE(
'\X\C2\X\E8\X\ED\X\F2 DIN 7985 (\X\F6\X\E8\X\EB.)_ISO 7045 - M3 x 8 - 
Z --- 8C:8',
'\X\C2\X\E8\X\ED\X\F2 DIN 7985 (\X\F6\X\E8\X\EB.)_ISO 7045 - M3 x 8 - 
Z --- 8C:8',
'\X\C2\X\E8\X\ED\X\F2 DIN 7985 (\X\F6\X\E8\X\EB.)_ISO 7045 - M3 x 8 - 
Z --- 8C:8',#9341,#9347,
'\X\C2\X\E8\X\ED\X\F2 DIN 7985 (\X\F6\X\E8\X\EB.)_ISO 7045 - M3 x 8 - 
Z --- 8C:8');
#221=NEXT_ASSEMBLY_USAGE_OCCURRENCE(
'\X\C2\X\E8\X\ED\X\F2 DIN 7985 (\X\F6\X\E8\X\EB.)_ISO 7045 - M3 x 8 - 
Z --- 8C:9',
'\X\C2\X\E8\X\ED\X\F2 DIN 7985 (\X\F6\X\E8\X\EB.)_ISO 7045 - M3 x 8 - 
Z --- 8C:9',
'\X\C2\X\E8\X\ED\X\F2 DIN 7985 (\X\F6\X\E8\X\EB.)_ISO 7045 - M3 x 8 - 
Z --- 8C:9',#9341,#9347,
'\X\C2\X\E8\X\ED\X\F2 DIN 7985 (\X\F6\X\E8\X\EB.)_ISO 7045 - M3 x 8 - 
Z --- 8C:9');
#222=NEXT_ASSEMBLY_USAGE_OCCURRENCE(
'\X\C2\X\E8\X\ED\X\F2 DIN 7985 (\X\F6\X\E8\X\EB.)_ISO 7045 - M3 x 8 - 
Z --- 8C:10',
'\X\C2\X\E8\X\ED\X\F2 DIN 7985 (\X\F6\X\E8\X\EB.)_ISO 7045 - M3 x 8 - 
Z --- 8C:10',
'\X\C2\X\E8\X\ED\X\F2 DIN 7985 (\X\F6\X\E8\X\EB.)_ISO 7045 - M3 x 8 - 
Z --- 8C:10',#9341,#9347,
'\X\C2\X\E8\X\ED\X\F2 DIN 7985 (\X\F6\X\E8\X\EB.)_ISO 7045 - M3 x 8 - 
Z --- 8C:10');
#223=SPHERICAL_SURFACE('',#4708,5.);
#224=TOROIDAL_SURFACE('',#4696,1.6,0.1);
#225=TOROIDAL_SURFACE('',#4700,2.53,0.27);
#226=(
BOUNDED_CURVE()
B_SPLINE_CURVE(2,(#8883,#8884,#8885),.UNSPECIFIED.,.F.,.F.)
B_SPLINE_CURVE_WITH_KNOTS((3,3),(0.556311181235027,0.886731921730224),
 .UNSPECIFIED.)
CURVE()
GEOMETRIC_REPRESENTATION_ITEM()
RATIONAL_B_SPLINE_CURVE((1.92205114401651,2.07072231740621,2.07072231740621))
REPRESENTATION_ITEM('')
);
#227=(
BOUNDED_CURVE()
B_SPLINE_CURVE(2,(#8887,#8888,#8889),.UNSPECIFIED.,.F.,.F.)
B_SPLINE_CURVE_WITH_KNOTS((3,3),(0.886731921730224,1.21715266222542),
 .UNSPECIFIED.)
CURVE()
GEOMETRIC_REPRESENTATION_ITEM()
RATIONAL_B_SPLINE_CURVE((2.07072231740621,2.07072231740621,1.9220511440165))
REPRESENTATION_ITEM('')
);
#228=(
BOUNDED_CURVE()
B_SPLINE_CURVE(2,(#8893,#8894,#8895),.UNSPECIFIED.,.F.,.F.)
B_SPLINE_CURVE_WITH_KNOTS((3,3),(-0.886731921730224,-0.556311181235024),
 .UNSPECIFIED.)
CURVE()
GEOMETRIC_REPRESENTATION_ITEM()
RATIONAL_B_SPLINE_CURVE((2.07072231740621,2.07072231740621,1.9220511440165))
REPRESENTATION_ITEM('')
);
#229=(
BOUNDED_CURVE()
B_SPLINE_CURVE(2,(#8896,#8897,#8898),.UNSPECIFIED.,.F.,.F.)
B_SPLINE_CURVE_WITH_KNOTS((3,3),(-1.21715266222542,-0.886731921730224),
 .UNSPECIFIED.)
CURVE()
GEOMETRIC_REPRESENTATION_ITEM()
RATIONAL_B_SPLINE_CURVE((1.92205114401651,2.07072231740621,2.07072231740621))
REPRESENTATION_ITEM('')
);
#230=(
BOUNDED_CURVE()
B_SPLINE_CURVE(2,(#8901,#8902,#8903),.UNSPECIFIED.,.F.,.F.)
B_SPLINE_CURVE_WITH_KNOTS((3,3),(0.556311181235023,0.886731921730224),
 .UNSPECIFIED.)
CURVE()
GEOMETRIC_REPRESENTATION_ITEM()
RATIONAL_B_SPLINE_CURVE((1.9220511440165,2.07072231740621,2.07072231740621))
REPRESENTATION_ITEM('')
);
#231=(
BOUNDED_CURVE()
B_SPLINE_CURVE(2,(#8905,#8906,#8907),.UNSPECIFIED.,.F.,.F.)
B_SPLINE_CURVE_WITH_KNOTS((3,3),(0.886731921730224,1.21715266222542),
 .UNSPECIFIED.)
CURVE()
GEOMETRIC_REPRESENTATION_ITEM()
RATIONAL_B_SPLINE_CURVE((2.07072231740621,2.07072231740621,1.92205114401651))
REPRESENTATION_ITEM('')
);
#232=(
BOUNDED_CURVE()
B_SPLINE_CURVE(2,(#8911,#8912,#8913),.UNSPECIFIED.,.F.,.F.)
B_SPLINE_CURVE_WITH_KNOTS((3,3),(-0.886731921730225,-0.556311181235027),
 .UNSPECIFIED.)
CURVE()
GEOMETRIC_REPRESENTATION_ITEM()
RATIONAL_B_SPLINE_CURVE((2.07072231740621,2.07072231740621,1.92205114401651))
REPRESENTATION_ITEM('')
);
#233=(
BOUNDED_CURVE()
B_SPLINE_CURVE(2,(#8914,#8915,#8916),.UNSPECIFIED.,.F.,.F.)
B_SPLINE_CURVE_WITH_KNOTS((3,3),(-1.21715266222542,-0.886731921730225),
 .UNSPECIFIED.)
CURVE()
GEOMETRIC_REPRESENTATION_ITEM()
RATIONAL_B_SPLINE_CURVE((1.9220511440165,2.07072231740621,2.07072231740621))
REPRESENTATION_ITEM('')
);
#234=(
BOUNDED_CURVE()
B_SPLINE_CURVE(2,(#8920,#8921,#8922),.UNSPECIFIED.,.F.,.F.)
B_SPLINE_CURVE_WITH_KNOTS((3,3),(0.556311181235024,0.886731921730224),
 .UNSPECIFIED.)
CURVE()
GEOMETRIC_REPRESENTATION_ITEM()
RATIONAL_B_SPLINE_CURVE((1.9220511440165,2.07072231740621,2.07072231740621))
REPRESENTATION_ITEM('')
);
#235=(
BOUNDED_CURVE()
B_SPLINE_CURVE(2,(#8926,#8927,#8928),.UNSPECIFIED.,.F.,.F.)
B_SPLINE_CURVE_WITH_KNOTS((3,3),(-1.21715266222542,-0.886731921730224),
 .UNSPECIFIED.)
CURVE()
GEOMETRIC_REPRESENTATION_ITEM()
RATIONAL_B_SPLINE_CURVE((1.9220511440165,2.07072231740621,2.07072231740621))
REPRESENTATION_ITEM('')
);
#236=(
BOUNDED_CURVE()
B_SPLINE_CURVE(2,(#8929,#8930,#8931),.UNSPECIFIED.,.F.,.F.)
B_SPLINE_CURVE_WITH_KNOTS((3,3),(-0.886731921730224,-0.556311181235024),
 .UNSPECIFIED.)
CURVE()
GEOMETRIC_REPRESENTATION_ITEM()
RATIONAL_B_SPLINE_CURVE((2.07072231740621,2.07072231740621,1.9220511440165))
REPRESENTATION_ITEM('')
);
#237=(
BOUNDED_CURVE()
B_SPLINE_CURVE(2,(#8932,#8933,#8934),.UNSPECIFIED.,.F.,.F.)
B_SPLINE_CURVE_WITH_KNOTS((3,3),(0.886731921730224,1.21715266222542),
 .UNSPECIFIED.)
CURVE()
GEOMETRIC_REPRESENTATION_ITEM()
RATIONAL_B_SPLINE_CURVE((2.07072231740621,2.07072231740621,1.9220511440165))
REPRESENTATION_ITEM('')
);
#238=(
BOUNDED_CURVE()
B_SPLINE_CURVE(2,(#8937,#8938,#8939),.UNSPECIFIED.,.F.,.F.)
B_SPLINE_CURVE_WITH_KNOTS((3,3),(0.556311181235028,0.886731921730222),
 .UNSPECIFIED.)
CURVE()
GEOMETRIC_REPRESENTATION_ITEM()
RATIONAL_B_SPLINE_CURVE((1.9220511440165,2.0707223174062,2.0707223174062))
REPRESENTATION_ITEM('')
);
#239=(
BOUNDED_CURVE()
B_SPLINE_CURVE(2,(#8941,#8942,#8943),.UNSPECIFIED.,.F.,.F.)
B_SPLINE_CURVE_WITH_KNOTS((3,3),(0.886731921730222,1.21715266222543),
 .UNSPECIFIED.)
CURVE()
GEOMETRIC_REPRESENTATION_ITEM()
RATIONAL_B_SPLINE_CURVE((2.0707223174062,2.0707223174062,1.92205114401649))
REPRESENTATION_ITEM('')
);
#240=(
BOUNDED_CURVE()
B_SPLINE_CURVE(2,(#8947,#8948,#8949),.UNSPECIFIED.,.F.,.F.)
B_SPLINE_CURVE_WITH_KNOTS((3,3),(-0.886731921730223,-0.556311181235021),
 .UNSPECIFIED.)
CURVE()
GEOMETRIC_REPRESENTATION_ITEM()
RATIONAL_B_SPLINE_CURVE((2.0707223174062,2.0707223174062,1.92205114401649))
REPRESENTATION_ITEM('')
);
#241=(
BOUNDED_CURVE()
B_SPLINE_CURVE(2,(#8950,#8951,#8952),.UNSPECIFIED.,.F.,.F.)
B_SPLINE_CURVE_WITH_KNOTS((3,3),(-1.21715266222542,-0.886731921730223),
 .UNSPECIFIED.)
CURVE()
GEOMETRIC_REPRESENTATION_ITEM()
RATIONAL_B_SPLINE_CURVE((1.9220511440165,2.0707223174062,2.0707223174062))
REPRESENTATION_ITEM('')
);
#242=(
BOUNDED_CURVE()
B_SPLINE_CURVE(2,(#8955,#8956,#8957),.UNSPECIFIED.,.F.,.F.)
B_SPLINE_CURVE_WITH_KNOTS((3,3),(0.556311181235029,0.886731921730224),
 .UNSPECIFIED.)
CURVE()
GEOMETRIC_REPRESENTATION_ITEM()
RATIONAL_B_SPLINE_CURVE((1.9220511440165,2.0707223174062,2.0707223174062))
REPRESENTATION_ITEM('')
);
#243=(
BOUNDED_CURVE()
B_SPLINE_CURVE(2,(#8959,#8960,#8961),.UNSPECIFIED.,.F.,.F.)
B_SPLINE_CURVE_WITH_KNOTS((3,3),(0.886731921730224,1.21715266222542),
 .UNSPECIFIED.)
CURVE()
GEOMETRIC_REPRESENTATION_ITEM()
RATIONAL_B_SPLINE_CURVE((2.0707223174062,2.0707223174062,1.9220511440165))
REPRESENTATION_ITEM('')
);
#244=(
BOUNDED_CURVE()
B_SPLINE_CURVE(2,(#8965,#8966,#8967),.UNSPECIFIED.,.F.,.F.)
B_SPLINE_CURVE_WITH_KNOTS((3,3),(-0.886731921730222,-0.556311181235028),
 .UNSPECIFIED.)
CURVE()
GEOMETRIC_REPRESENTATION_ITEM()
RATIONAL_B_SPLINE_CURVE((2.0707223174062,2.0707223174062,1.9220511440165))
REPRESENTATION_ITEM('')
);
#245=(
BOUNDED_CURVE()
B_SPLINE_CURVE(2,(#8968,#8969,#8970),.UNSPECIFIED.,.F.,.F.)
B_SPLINE_CURVE_WITH_KNOTS((3,3),(-1.21715266222542,-0.886731921730222),
 .UNSPECIFIED.)
CURVE()
GEOMETRIC_REPRESENTATION_ITEM()
RATIONAL_B_SPLINE_CURVE((1.9220511440165,2.0707223174062,2.0707223174062))
REPRESENTATION_ITEM('')
);
#246=(
BOUNDED_CURVE()
B_SPLINE_CURVE(2,(#8973,#8974,#8975),.UNSPECIFIED.,.F.,.F.)
B_SPLINE_CURVE_WITH_KNOTS((3,3),(0.556311181235023,0.886731921730224),
 .UNSPECIFIED.)
CURVE()
GEOMETRIC_REPRESENTATION_ITEM()
RATIONAL_B_SPLINE_CURVE((1.9220511440165,2.07072231740621,2.07072231740621))
REPRESENTATION_ITEM('')
);
#247=(
BOUNDED_CURVE()
B_SPLINE_CURVE(2,(#8976,#8977,#8978),.UNSPECIFIED.,.F.,.F.)
B_SPLINE_CURVE_WITH_KNOTS((3,3),(0.886731921730224,1.21715266222542),
 .UNSPECIFIED.)
CURVE()
GEOMETRIC_REPRESENTATION_ITEM()
RATIONAL_B_SPLINE_CURVE((2.07072231740621,2.07072231740621,1.92205114401651))
REPRESENTATION_ITEM('')
);
#248=(
BOUNDED_CURVE()
B_SPLINE_CURVE(2,(#8980,#8981,#8982),.UNSPECIFIED.,.F.,.F.)
B_SPLINE_CURVE_WITH_KNOTS((3,3),(-0.886731921730224,-0.556311181235024),
 .UNSPECIFIED.)
CURVE()
GEOMETRIC_REPRESENTATION_ITEM()
RATIONAL_B_SPLINE_CURVE((2.07072231740621,2.07072231740621,1.9220511440165))
REPRESENTATION_ITEM('')
);
#249=(
BOUNDED_CURVE()
B_SPLINE_CURVE(2,(#8983,#8984,#8985),.UNSPECIFIED.,.F.,.F.)
B_SPLINE_CURVE_WITH_KNOTS((3,3),(-1.21715266222542,-0.886731921730224),
 .UNSPECIFIED.)
CURVE()
GEOMETRIC_REPRESENTATION_ITEM()
RATIONAL_B_SPLINE_CURVE((1.9220511440165,2.07072231740621,2.07072231740621))
REPRESENTATION_ITEM('')
);
#250=(
BOUNDED_CURVE()
B_SPLINE_CURVE(2,(#9106,#9107,#9108),.UNSPECIFIED.,.F.,.F.)
B_SPLINE_CURVE_WITH_KNOTS((3,3),(-0.294518118810861,-0.129072001599118),
 .UNSPECIFIED.)
CURVE()
GEOMETRIC_REPRESENTATION_ITEM()
RATIONAL_B_SPLINE_CURVE((1.01263937277422,1.02259966004803,1.01738098005117))
REPRESENTATION_ITEM('')
);
#251=(
BOUNDED_CURVE()
B_SPLINE_CURVE(2,(#9115,#9116,#9117),.UNSPECIFIED.,.F.,.F.)
B_SPLINE_CURVE_WITH_KNOTS((3,3),(-0.242836044574456,-0.0773899273627126),
 .UNSPECIFIED.)
CURVE()
GEOMETRIC_REPRESENTATION_ITEM()
RATIONAL_B_SPLINE_CURVE((1.01738098005117,1.02259966004803,1.01263937277422))
REPRESENTATION_ITEM('')
);
#252=(
BOUNDED_CURVE()
B_SPLINE_CURVE(2,(#9122,#9123,#9124),.UNSPECIFIED.,.F.,.F.)
B_SPLINE_CURVE_WITH_KNOTS((3,3),(-0.242836044574456,-0.0773899273627131),
 .UNSPECIFIED.)
CURVE()
GEOMETRIC_REPRESENTATION_ITEM()
RATIONAL_B_SPLINE_CURVE((1.01738098005117,1.02259966004803,1.01263937277422))
REPRESENTATION_ITEM('')
);
#253=(
BOUNDED_CURVE()
B_SPLINE_CURVE(2,(#9127,#9128,#9129),.UNSPECIFIED.,.F.,.F.)
B_SPLINE_CURVE_WITH_KNOTS((3,3),(-0.294518118810861,-0.129072001599118),
 .UNSPECIFIED.)
CURVE()
GEOMETRIC_REPRESENTATION_ITEM()
RATIONAL_B_SPLINE_CURVE((1.01263937277422,1.02259966004803,1.01738098005117))
REPRESENTATION_ITEM('')
);
#254=(
BOUNDED_CURVE()
B_SPLINE_CURVE(2,(#9158,#9159,#9160),.UNSPECIFIED.,.F.,.F.)
B_SPLINE_CURVE_WITH_KNOTS((3,3),(-0.294518118810994,-0.129072001599276),
 .UNSPECIFIED.)
CURVE()
GEOMETRIC_REPRESENTATION_ITEM()
RATIONAL_B_SPLINE_CURVE((1.01263937277412,1.02259966004784,1.01738098005104))
REPRESENTATION_ITEM('')
);
#255=(
BOUNDED_CURVE()
B_SPLINE_CURVE(2,(#9165,#9166,#9167),.UNSPECIFIED.,.F.,.F.)
B_SPLINE_CURVE_WITH_KNOTS((3,3),(-0.242836044574467,-0.0773899273627472),
 .UNSPECIFIED.)
CURVE()
GEOMETRIC_REPRESENTATION_ITEM()
RATIONAL_B_SPLINE_CURVE((1.01738098005113,1.02259966004796,1.01263937277419))
REPRESENTATION_ITEM('')
);
#256=(
BOUNDED_CURVE()
B_SPLINE_CURVE(2,(#9176,#9177,#9178),.UNSPECIFIED.,.F.,.F.)
B_SPLINE_CURVE_WITH_KNOTS((3,3),(-0.242836044574483,-0.0773899273627636),
 .UNSPECIFIED.)
CURVE()
GEOMETRIC_REPRESENTATION_ITEM()
RATIONAL_B_SPLINE_CURVE((1.01738098005105,1.02259966004786,1.01263937277413))
REPRESENTATION_ITEM('')
);
#257=(
BOUNDED_CURVE()
B_SPLINE_CURVE(2,(#9180,#9181,#9182),.UNSPECIFIED.,.F.,.F.)
B_SPLINE_CURVE_WITH_KNOTS((3,3),(-0.294518118811009,-0.129072001599292),
 .UNSPECIFIED.)
CURVE()
GEOMETRIC_REPRESENTATION_ITEM()
RATIONAL_B_SPLINE_CURVE((1.01263937277417,1.02259966004793,1.01738098005111))
REPRESENTATION_ITEM('')
);
#258=CONICAL_SURFACE('',#4636,1.5,0.959931088596885);
#259=CONICAL_SURFACE('',#4639,1.225,0.959931088596876);
#260=CONICAL_SURFACE('',#4663,2.75,1.0471975511966);
#261=CONICAL_SURFACE('',#4664,2.75,1.0471975511966);
#262=CONICAL_SURFACE('',#4665,2.75,1.0471975511966);
#263=CONICAL_SURFACE('',#4666,2.75,1.0471975511966);
#264=CONICAL_SURFACE('',#4667,2.75,1.0471975511966);
#265=CONICAL_SURFACE('',#4668,2.75,1.0471975511966);
#266=CONICAL_SURFACE('',#4669,2.75,1.0471975511966);
#267=CONICAL_SURFACE('',#4670,2.75,1.0471975511966);
#268=CONICAL_SURFACE('',#4671,2.75,1.0471975511966);
#269=CONICAL_SURFACE('',#4672,2.75,1.0471975511966);
#270=CONICAL_SURFACE('',#4673,2.75,1.0471975511966);
#271=CONICAL_SURFACE('',#4674,2.75,1.0471975511966);
#272=CONICAL_SURFACE('',#4676,3077.68353717532,1.25663706143592);
#273=CONICAL_SURFACE('',#4694,0.556,0.0698131700797659);
#274=CONICAL_SURFACE('',#4750,0.556,0.0698131700797659);
#275=CONICAL_SURFACE('',#4751,0.556,0.0698131700797659);
#276=CONICAL_SURFACE('',#4752,0.556,0.0698131700797659);
#277=CONICAL_SURFACE('',#4753,0.556,0.0698131700797659);
#278=CONICAL_SURFACE('',#4754,0.556,0.0698131700797659);
#279=CONICAL_SURFACE('',#4755,0.556,0.0698131700797659);
#280=CONICAL_SURFACE('',#4756,0.556,0.0698131700797659);
#281=(
BOUNDED_SURFACE()
B_SPLINE_SURFACE(3,3,((#8124,#8125,#8126,#8127),(#8128,#8129,#8130,#8131),
(#8132,#8133,#8134,#8135),(#8136,#8137,#8138,#8139),(#8140,#8141,#8142,
#8143),(#8144,#8145,#8146,#8147),(#8148,#8149,#8150,#8151)),
 .UNSPECIFIED.,.T.,.F.,.F.)
B_SPLINE_SURFACE_WITH_KNOTS((4,3,4),(4,4),(0.,0.5,1.),(0.,1.),
 .UNSPECIFIED.)
GEOMETRIC_REPRESENTATION_ITEM()
RATIONAL_B_SPLINE_SURFACE(((1.,1.,1.,1.),(0.333333333333333,0.333333333333333,
0.333333333333333,0.333333333333333),(0.333333333333333,0.333333333333333,
0.333333333333333,0.333333333333333),(1.,1.,1.,1.),(0.333333333333333,0.333333333333333,
0.333333333333333,0.333333333333333),(0.333333333333333,0.333333333333333,
0.333333333333333,0.333333333333333),(1.,1.,1.,1.)))
REPRESENTATION_ITEM('')
SURFACE()
);
#282=(
BOUNDED_SURFACE()
B_SPLINE_SURFACE(3,3,((#8160,#8161,#8162,#8163),(#8164,#8165,#8166,#8167),
(#8168,#8169,#8170,#8171),(#8172,#8173,#8174,#8175),(#8176,#8177,#8178,
#8179),(#8180,#8181,#8182,#8183),(#8184,#8185,#8186,#8187)),
 .UNSPECIFIED.,.T.,.F.,.F.)
B_SPLINE_SURFACE_WITH_KNOTS((4,3,4),(4,4),(0.,0.5,1.),(0.,1.),
 .UNSPECIFIED.)
GEOMETRIC_REPRESENTATION_ITEM()
RATIONAL_B_SPLINE_SURFACE(((1.,1.,1.,1.),(0.333333333333333,0.333333333333333,
0.333333333333333,0.333333333333333),(0.333333333333333,0.333333333333333,
0.333333333333333,0.333333333333333),(1.,1.,1.,1.),(0.333333333333333,0.333333333333333,
0.333333333333333,0.333333333333333),(0.333333333333333,0.333333333333333,
0.333333333333333,0.333333333333333),(1.,1.,1.,1.)))
REPRESENTATION_ITEM('')
SURFACE()
);
#283=(
BOUNDED_SURFACE()
B_SPLINE_SURFACE(3,3,((#8202,#8203,#8204,#8205),(#8206,#8207,#8208,#8209),
(#8210,#8211,#8212,#8213),(#8214,#8215,#8216,#8217),(#8218,#8219,#8220,
#8221),(#8222,#8223,#8224,#8225),(#8226,#8227,#8228,#8229)),
 .UNSPECIFIED.,.T.,.F.,.F.)
B_SPLINE_SURFACE_WITH_KNOTS((4,3,4),(4,4),(0.,0.5,1.),(0.,1.),
 .UNSPECIFIED.)
GEOMETRIC_REPRESENTATION_ITEM()
RATIONAL_B_SPLINE_SURFACE(((1.,1.,1.,1.),(0.333333333333333,0.333333333333333,
0.333333333333333,0.333333333333333),(0.333333333333333,0.333333333333333,
0.333333333333333,0.333333333333333),(1.,1.,1.,1.),(0.333333333333333,0.333333333333333,
0.333333333333333,0.333333333333333),(0.333333333333333,0.333333333333333,
0.333333333333333,0.333333333333333),(1.,1.,1.,1.)))
REPRESENTATION_ITEM('')
SURFACE()
);
#284=(
BOUNDED_SURFACE()
B_SPLINE_SURFACE(3,3,((#8235,#8236,#8237,#8238),(#8239,#8240,#8241,#8242),
(#8243,#8244,#8245,#8246),(#8247,#8248,#8249,#8250),(#8251,#8252,#8253,
#8254),(#8255,#8256,#8257,#8258),(#8259,#8260,#8261,#8262)),
 .UNSPECIFIED.,.T.,.F.,.F.)
B_SPLINE_SURFACE_WITH_KNOTS((4,3,4),(4,4),(0.,0.5,1.),(0.,1.),
 .UNSPECIFIED.)
GEOMETRIC_REPRESENTATION_ITEM()
RATIONAL_B_SPLINE_SURFACE(((1.,1.,1.,1.),(0.333333333333333,0.333333333333333,
0.333333333333333,0.333333333333333),(0.333333333333333,0.333333333333333,
0.333333333333333,0.333333333333333),(1.,1.,1.,1.),(0.333333333333333,0.333333333333333,
0.333333333333333,0.333333333333333),(0.333333333333333,0.333333333333333,
0.333333333333333,0.333333333333333),(1.,1.,1.,1.)))
REPRESENTATION_ITEM('')
SURFACE()
);
#285=ELLIPSE('',#4501,1.9002858141363,1.9);
#286=ELLIPSE('',#4502,1.90028581413627,1.89999999999999);
#287=ELLIPSE('',#4513,1.90028581413625,1.90000000000004);
#288=ELLIPSE('',#4514,1.90028581413629,1.89999999999996);
#289=ELLIPSE('',#4516,1.77956581805459,1.19999999992619);
#290=ELLIPSE('',#4517,2.39308472523716,2.00000000006846);
#291=ELLIPSE('',#4518,1.62505261848846,1.20000000001185);
#292=ELLIPSE('',#4519,2.28052538096733,2.00000000005209);
#293=ELLIPSE('',#4521,1.62505261835227,1.19999999995639);
#294=ELLIPSE('',#4522,2.28052538104767,2.00000000008722);
#295=ELLIPSE('',#4523,1.77956581874773,1.2000000001878);
#296=ELLIPSE('',#4524,2.39308472507776,1.9999999999955);
#297=ELLIPSE('',#4610,4.53189682030378,1.55000000003439);
#298=ELLIPSE('',#4612,4.53189682022849,1.54999999998524);
#299=ELLIPSE('',#4616,6.8709403403833,2.35);
#300=ELLIPSE('',#4618,6.87094033945825,2.34999999940043);
#301=ELLIPSE('',#4695,1.10195897610501,0.486831694841864);
#302=ELLIPSE('',#4730,1.10195897609209,0.48683169483888);
#303=ELLIPSE('',#4732,1.1019589760904,0.48683169483852);
#304=ELLIPSE('',#4744,1.10195897609079,0.486831694838607);
#305=SHAPE_REPRESENTATION_RELATIONSHIP('SRR','None',#9334,#311);
#306=SHAPE_REPRESENTATION_RELATIONSHIP('SRR','None',#9335,#312);
#307=SHAPE_REPRESENTATION_RELATIONSHIP('SRR','None',#9336,#313);
#308=SHAPE_REPRESENTATION_RELATIONSHIP('SRR','None',#9337,#314);
#309=SHAPE_REPRESENTATION_RELATIONSHIP('SRR','None',#9338,#315);
#310=SHAPE_REPRESENTATION_RELATIONSHIP('SRR','None',#9339,#316);
#311=ADVANCED_BREP_SHAPE_REPRESENTATION('',(#323),#9255);
#312=ADVANCED_BREP_SHAPE_REPRESENTATION('',(#324),#9256);
#313=ADVANCED_BREP_SHAPE_REPRESENTATION('',(#325),#9257);
#314=ADVANCED_BREP_SHAPE_REPRESENTATION('',(#326),#9258);
#315=ADVANCED_BREP_SHAPE_REPRESENTATION('',(#327),#9259);
#316=ADVANCED_BREP_SHAPE_REPRESENTATION('',(#328),#9260);
#317=STYLED_ITEM('',(#9372),#323);
#318=STYLED_ITEM('',(#9372),#324);
#319=STYLED_ITEM('',(#9372),#325);
#320=STYLED_ITEM('',(#9372),#326);
#321=STYLED_ITEM('',(#9372),#327);
#322=STYLED_ITEM('',(#9372),#328);
#323=MANIFOLD_SOLID_BREP('Body1',#4276);
#324=MANIFOLD_SOLID_BREP('Body1',#4277);
#325=MANIFOLD_SOLID_BREP('Body1',#4278);
#326=MANIFOLD_SOLID_BREP('Body1',#4279);
#327=MANIFOLD_SOLID_BREP('Body1',#4280);
#328=MANIFOLD_SOLID_BREP('Body1',#4281);
#329=B_SPLINE_CURVE_WITH_KNOTS('',3,(#6325,#6326,#6327,#6328,#6329,#6330,
#6331,#6332,#6333,#6334,#6335,#6336,#6337,#6338,#6339,#6340,#6341,#6342,
#6343,#6344,#6345,#6346,#6347,#6348,#6349,#6350,#6351,#6352,#6353,#6354,
#6355,#6356,#6357,#6358,#6359,#6360,#6361,#6362,#6363,#6364),
 .UNSPECIFIED.,.F.,.F.,(4,3,3,3,3,3,3,3,3,3,3,3,3,4),(0.,0.0809088230324957,
0.161814618249629,0.242717641268566,0.323618147613914,0.408165879162175,
0.489082524252631,0.569992208196009,0.650895954050606,0.731794784073021,
0.812706550780389,0.893606818971355,0.974510268877324,1.),.UNSPECIFIED.);
#330=B_SPLINE_CURVE_WITH_KNOTS('',3,(#6365,#6366,#6367,#6368,#6369,#6370,
#6371,#6372,#6373,#6374,#6375,#6376,#6377,#6378,#6379,#6380,#6381,#6382,
#6383,#6384,#6385,#6386,#6387,#6388,#6389,#6390,#6391,#6392,#6393,#6394,
#6395,#6396,#6397,#6398,#6399,#6400,#6401,#6402,#6403,#6404,#6405,#6406,
#6407),.UNSPECIFIED.,.F.,.F.,(4,3,3,3,3,3,3,3,3,3,3,3,3,3,4),(0.,0.0712088047610414,
0.142415252321008,0.213619516948883,0.284821772857324,0.35602219420709,
0.427220955111556,0.498818335722612,0.570027221703215,0.641231555913495,
0.712432035247427,0.784324026435571,0.855528442187521,0.92776422109376,
1.),.UNSPECIFIED.);
#331=B_SPLINE_CURVE_WITH_KNOTS('',3,(#6449,#6450,#6451,#6452,#6453,#6454,
#6455,#6456,#6457,#6458,#6459,#6460,#6461,#6462,#6463,#6464,#6465,#6466,
#6467,#6468,#6469,#6470,#6471,#6472,#6473,#6474,#6475,#6476,#6477,#6478,
#6479,#6480,#6481,#6482,#6483,#6484,#6485,#6486,#6487,#6488),
 .UNSPECIFIED.,.F.,.F.,(4,3,3,3,3,3,3,3,3,3,3,3,3,4),(0.,0.0809088230324988,
0.161814618249641,0.242717641268567,0.323618147613928,0.408165879162187,
0.489082524252645,0.569992208196015,0.650895954050625,0.731794784073016,
0.812706550780392,0.893606818971344,0.974510268877321,1.),.UNSPECIFIED.);
#332=B_SPLINE_CURVE_WITH_KNOTS('',3,(#6491,#6492,#6493,#6494,#6495,#6496,
#6497,#6498,#6499,#6500,#6501,#6502,#6503,#6504,#6505,#6506,#6507,#6508,
#6509,#6510,#6511,#6512,#6513,#6514,#6515,#6516,#6517,#6518,#6519,#6520,
#6521,#6522,#6523,#6524,#6525,#6526,#6527,#6528,#6529,#6530,#6531,#6532,
#6533),.UNSPECIFIED.,.F.,.F.,(4,3,3,3,3,3,3,3,3,3,3,3,3,3,4),(0.,0.0712088047610391,
0.142415252321009,0.213619516948882,0.284821772857305,0.356022194207078,
0.427220955111567,0.498818335722621,0.570027221703229,0.641231555913512,
0.712432035247443,0.784324026435582,0.855528442187539,0.92776422109377,
1.),.UNSPECIFIED.);
#333=B_SPLINE_CURVE_WITH_KNOTS('',3,(#6597,#6598,#6599,#6600,#6601,#6602,
#6603,#6604,#6605,#6606,#6607,#6608,#6609,#6610,#6611,#6612,#6613,#6614,
#6615,#6616,#6617,#6618,#6619,#6620,#6621,#6622,#6623,#6624,#6625,#6626,
#6627,#6628,#6629,#6630,#6631,#6632,#6633,#6634,#6635,#6636),
 .UNSPECIFIED.,.F.,.F.,(4,3,3,3,3,3,3,3,3,3,3,3,3,4),(0.,0.0809088230324956,
0.161814618249639,0.24271764126857,0.32361814761391,0.408165879162171,0.489082524252626,
0.569992208195997,0.650895954050591,0.731794784073005,0.812706550780376,
0.893606818971339,0.974510268877312,1.),.UNSPECIFIED.);
#334=B_SPLINE_CURVE_WITH_KNOTS('',3,(#6637,#6638,#6639,#6640,#6641,#6642,
#6643,#6644,#6645,#6646,#6647,#6648,#6649,#6650,#6651,#6652,#6653,#6654,
#6655,#6656,#6657,#6658,#6659,#6660,#6661,#6662,#6663,#6664,#6665,#6666,
#6667,#6668,#6669,#6670,#6671,#6672,#6673,#6674,#6675,#6676,#6677,#6678,
#6679),.UNSPECIFIED.,.F.,.F.,(4,3,3,3,3,3,3,3,3,3,3,3,3,3,4),(0.,0.0712088047610396,
0.142415252321004,0.213619516948875,0.284821772857309,0.356022194207083,
0.427220955111536,0.498818335722594,0.570027221703188,0.641231555913468,
0.712432035247398,0.784324026435549,0.855528442187495,0.927764221093748,
1.),.UNSPECIFIED.);
#335=B_SPLINE_CURVE_WITH_KNOTS('',3,(#6721,#6722,#6723,#6724,#6725,#6726,
#6727,#6728,#6729,#6730,#6731,#6732,#6733,#6734,#6735,#6736,#6737,#6738,
#6739,#6740,#6741,#6742,#6743,#6744,#6745,#6746,#6747,#6748,#6749,#6750,
#6751,#6752,#6753,#6754,#6755,#6756,#6757,#6758,#6759,#6760),
 .UNSPECIFIED.,.F.,.F.,(4,3,3,3,3,3,3,3,3,3,3,3,3,4),(5.73823080492747E-17,
0.000162019259489344,0.000325445942924296,0.0004876648983216,0.000574691714381744,
0.000768834782682154,0.000965922659487032,0.00114938342876343,0.00135832755990917,
0.00156872527698211,0.00177911339161483,0.00198844311649537,0.00219475549801913,
0.00229876685752694),.UNSPECIFIED.);
#336=B_SPLINE_CURVE_WITH_KNOTS('',3,(#6762,#6763,#6764,#6765,#6766,#6767,
#6768,#6769,#6770,#6771,#6772,#6773,#6774,#6775,#6776,#6777,#6778,#6779,
#6780,#6781,#6782,#6783,#6784,#6785,#6786,#6787,#6788,#6789,#6790,#6791,
#6792,#6793,#6794,#6795,#6796,#6797,#6798,#6799,#6800,#6801,#6802,#6803,
#6804,#6805,#6806,#6807,#6808,#6809,#6810,#6811,#6812,#6813,#6814,#6815,
#6816,#6817,#6818,#6819,#6820,#6821,#6822,#6823,#6824,#6825,#6826,#6827,
#6828),.UNSPECIFIED.,.F.,.F.,(4,3,3,3,3,3,3,3,3,3,3,3,3,3,3,3,3,3,3,3,3,
3,4),(6.51853098401246E-17,0.000226468386974338,0.000455409206228164,0.000683031417161234,
0.000849109395613397,0.00104162192959185,0.0012357872787099,0.00127366409342016,
0.0014357215594857,0.00159762172904681,0.00169821879122693,0.00189201969982058,
0.00208681201086619,0.00212277348903369,0.0022731520547103,0.00242344865687276,
0.00254732818684046,0.00274192965028247,0.00293682570120745,0.00297188288464723,
0.00314618727622085,0.00332025759254563,0.00339643758245399),
 .UNSPECIFIED.);
#337=B_SPLINE_CURVE_WITH_KNOTS('',3,(#6886,#6887,#6888,#6889,#6890,#6891,
#6892,#6893,#6894,#6895,#6896,#6897,#6898,#6899,#6900,#6901,#6902,#6903,
#6904,#6905,#6906,#6907,#6908,#6909,#6910,#6911,#6912,#6913,#6914,#6915,
#6916,#6917,#6918,#6919,#6920,#6921,#6922,#6923,#6924,#6925),
 .UNSPECIFIED.,.F.,.F.,(4,3,3,3,3,3,3,3,3,3,3,3,3,4),(8.13250358237181E-17,
0.000162019259490749,0.000325445942927123,0.00048766489832587,0.0005746917143819,
0.000768834782688022,0.000965922659498459,0.00114938342876372,0.00135832755990724,
0.00156872527697761,0.00177911339160788,0.00198844311648623,0.00219475549800836,
0.00229876685752713),.UNSPECIFIED.);
#338=B_SPLINE_CURVE_WITH_KNOTS('',3,(#6927,#6928,#6929,#6930,#6931,#6932,
#6933,#6934,#6935,#6936,#6937,#6938,#6939,#6940,#6941,#6942,#6943,#6944,
#6945,#6946,#6947,#6948,#6949,#6950,#6951,#6952,#6953,#6954,#6955,#6956,
#6957,#6958,#6959,#6960,#6961,#6962,#6963,#6964,#6965,#6966,#6967,#6968,
#6969,#6970,#6971,#6972,#6973,#6974,#6975,#6976,#6977,#6978,#6979,#6980,
#6981,#6982,#6983,#6984,#6985,#6986,#6987,#6988,#6989,#6990,#6991,#6992,
#6993),.UNSPECIFIED.,.F.,.F.,(4,3,3,3,3,3,3,3,3,3,3,3,3,3,3,3,3,3,3,3,3,
3,4),(3.03576608295941E-18,0.000226468386977073,0.000455409206233928,0.000683031417169811,
0.000849109395613633,0.00104162192960911,0.00123578727874462,0.0012736640934204,
0.00143572155948801,0.00159762172905134,0.00169821879122718,0.00189201969982518,
0.00208681201087551,0.00212277348903395,0.00227315205471441,0.00242344865688075,
0.00254732818684072,0.0027419296502815,0.00293682570120515,0.00297188288464749,
0.00314618727620549,0.0033202575925146,0.00339643758245426),
 .UNSPECIFIED.);
#339=B_SPLINE_CURVE_WITH_KNOTS('',3,(#7035,#7036,#7037,#7038,#7039,#7040,
#7041,#7042,#7043,#7044,#7045,#7046,#7047,#7048,#7049,#7050,#7051,#7052,
#7053,#7054,#7055,#7056,#7057,#7058,#7059,#7060,#7061,#7062,#7063,#7064,
#7065,#7066,#7067,#7068,#7069,#7070,#7071,#7072,#7073,#7074),
 .UNSPECIFIED.,.F.,.F.,(4,3,3,3,3,3,3,3,3,3,3,3,3,4),(0.,0.0809088230324958,
0.161814618249631,0.242717641268553,0.323618147613899,0.408165879162161,
0.489082524252615,0.569992208195988,0.650895954050586,0.731794784073005,
0.812706550780376,0.89360681897134,0.974510268877315,1.),.UNSPECIFIED.);
#340=B_SPLINE_CURVE_WITH_KNOTS('',3,(#7076,#7077,#7078,#7079,#7080,#7081,
#7082,#7083,#7084,#7085,#7086,#7087,#7088,#7089,#7090,#7091,#7092,#7093,
#7094,#7095,#7096,#7097,#7098,#7099,#7100,#7101,#7102,#7103,#7104,#7105,
#7106,#7107,#7108,#7109,#7110,#7111,#7112,#7113,#7114,#7115,#7116,#7117,
#7118),.UNSPECIFIED.,.F.,.F.,(4,3,3,3,3,3,3,3,3,3,3,3,3,3,4),(0.,0.0712088047610449,
0.142415252321019,0.213619516948897,0.284821772857335,0.356022194207105,
0.427220955111607,0.498818335722656,0.570027221703262,0.641231555913558,
0.712432035247489,0.784324026435617,0.855528442187572,0.927764221093786,
1.),.UNSPECIFIED.);
#341=B_SPLINE_CURVE_WITH_KNOTS('',3,(#7176,#7177,#7178,#7179,#7180,#7181,
#7182,#7183,#7184,#7185,#7186,#7187,#7188,#7189,#7190,#7191,#7192,#7193,
#7194,#7195,#7196,#7197,#7198,#7199,#7200,#7201,#7202,#7203,#7204,#7205,
#7206,#7207,#7208,#7209,#7210,#7211,#7212,#7213,#7214,#7215),
 .UNSPECIFIED.,.F.,.F.,(4,3,3,3,3,3,3,3,3,3,3,3,3,4),(0.,0.0809088230324951,
0.16181461824964,0.242717641268562,0.323618147613913,0.408165879162174,
0.489082524252625,0.569992208195996,0.650895954050598,0.731794784073005,
0.812706550780375,0.89360681897134,0.974510268877312,1.),.UNSPECIFIED.);
#342=B_SPLINE_CURVE_WITH_KNOTS('',3,(#7216,#7217,#7218,#7219,#7220,#7221,
#7222,#7223,#7224,#7225,#7226,#7227,#7228,#7229,#7230,#7231,#7232,#7233,
#7234,#7235,#7236,#7237,#7238,#7239,#7240,#7241,#7242,#7243,#7244,#7245,
#7246,#7247,#7248,#7249,#7250,#7251,#7252,#7253,#7254,#7255,#7256,#7257,
#7258),.UNSPECIFIED.,.F.,.F.,(4,3,3,3,3,3,3,3,3,3,3,3,3,3,4),(0.,0.0712088047610405,
0.142415252321008,0.213619516948882,0.284821772857303,0.356022194207083,
0.427220955111581,0.498818335722634,0.570027221703231,0.641231555913515,
0.712432035247435,0.784324026435576,0.855528442187527,0.927764221093764,
1.),.UNSPECIFIED.);
#343=B_SPLINE_CURVE_WITH_KNOTS('',3,(#7300,#7301,#7302,#7303,#7304,#7305,
#7306,#7307,#7308,#7309,#7310,#7311,#7312,#7313,#7314,#7315,#7316,#7317,
#7318,#7319,#7320,#7321,#7322,#7323,#7324,#7325,#7326,#7327,#7328,#7329,
#7330,#7331,#7332,#7333,#7334,#7335,#7336,#7337,#7338,#7339),
 .UNSPECIFIED.,.F.,.F.,(4,3,3,3,3,3,3,3,3,3,3,3,3,4),(2.88324141967252E-16,
0.000162019259496621,0.000325445942938612,0.000487664898342397,0.000574691714382071,
0.000768834782681182,0.000965922659484321,0.00114938342876385,0.0013583275599095,
0.00156872527698228,0.00177911339161505,0.00198844311649571,0.00219475549801957,
0.00229876685752746),.UNSPECIFIED.);
#344=B_SPLINE_CURVE_WITH_KNOTS('',3,(#7342,#7343,#7344,#7345,#7346,#7347,
#7348,#7349,#7350,#7351,#7352,#7353,#7354,#7355,#7356,#7357,#7358,#7359,
#7360,#7361,#7362,#7363,#7364,#7365,#7366,#7367,#7368,#7369,#7370,#7371,
#7372,#7373,#7374,#7375,#7376,#7377,#7378,#7379,#7380,#7381,#7382,#7383,
#7384,#7385,#7386,#7387,#7388,#7389,#7390,#7391,#7392,#7393,#7394,#7395,
#7396,#7397,#7398,#7399,#7400,#7401,#7402,#7403,#7404,#7405,#7406,#7407,
#7408),.UNSPECIFIED.,.F.,.F.,(4,3,3,3,3,3,3,3,3,3,3,3,3,3,3,3,3,3,3,3,3,
3,4),(2.54006960283588E-16,0.000226468386983583,0.000455409206246756,0.000683031417188485,
0.000849109395613887,0.00104162192958728,0.00123578727869992,0.0012736640934207,
0.0014357215594902,0.00159762172905525,0.00169821879122752,0.00189201969982197,
0.00208681201086867,0.00212277348903434,0.00227315205471663,0.00242344865688484,
0.00254732818684115,0.00274192965029371,0.0029368257012296,0.00297188288464797,
0.0031461872762254,0.00332025759255382,0.00339643758245479),
 .UNSPECIFIED.);
#345=B_SPLINE_CURVE_WITH_KNOTS('',3,(#7474,#7475,#7476,#7477,#7478,#7479,
#7480,#7481,#7482,#7483,#7484,#7485,#7486,#7487,#7488,#7489,#7490,#7491,
#7492,#7493,#7494,#7495,#7496,#7497,#7498,#7499,#7500,#7501,#7502,#7503,
#7504,#7505,#7506,#7507,#7508,#7509,#7510,#7511,#7512,#7513),
 .UNSPECIFIED.,.F.,.F.,(4,3,3,3,3,3,3,3,3,3,3,3,3,4),(0.,0.0809088230325006,
0.161814618249625,0.242717641268553,0.32361814761391,0.408165879162172,
0.489082524252625,0.569992208195999,0.650895954050599,0.731794784073013,
0.812706550780381,0.89360681897134,0.974510268877309,1.),.UNSPECIFIED.);
#346=B_SPLINE_CURVE_WITH_KNOTS('',3,(#7514,#7515,#7516,#7517,#7518,#7519,
#7520,#7521,#7522,#7523,#7524,#7525,#7526,#7527,#7528,#7529,#7530,#7531,
#7532,#7533,#7534,#7535,#7536,#7537,#7538,#7539,#7540,#7541,#7542,#7543,
#7544,#7545,#7546,#7547,#7548,#7549,#7550,#7551,#7552,#7553,#7554,#7555,
#7556),.UNSPECIFIED.,.F.,.F.,(4,3,3,3,3,3,3,3,3,3,3,3,3,3,4),(0.,0.0712088047610394,
0.142415252321009,0.213619516948881,0.284821772857327,0.356022194207098,
0.427220955111555,0.498818335722611,0.570027221703214,0.641231555913494,
0.712432035247414,0.78432402643556,0.855528442187507,0.927764221093754,
1.),.UNSPECIFIED.);
#347=B_SPLINE_CURVE_WITH_KNOTS('',3,(#7598,#7599,#7600,#7601,#7602,#7603,
#7604,#7605,#7606,#7607,#7608,#7609,#7610,#7611,#7612,#7613,#7614,#7615,
#7616,#7617,#7618,#7619,#7620,#7621,#7622,#7623,#7624,#7625,#7626,#7627,
#7628,#7629,#7630,#7631,#7632,#7633,#7634,#7635,#7636,#7637),
 .UNSPECIFIED.,.F.,.F.,(4,3,3,3,3,3,3,3,3,3,3,3,3,4),(0.,0.0809088230324957,
0.161814618249634,0.242717641268557,0.323618147613907,0.408165879162168,
0.489082524252624,0.56999220819599,0.650895954050592,0.731794784072994,
0.812706550780359,0.893606818971304,0.974510268877276,1.),.UNSPECIFIED.);
#348=B_SPLINE_CURVE_WITH_KNOTS('',3,(#7640,#7641,#7642,#7643,#7644,#7645,
#7646,#7647,#7648,#7649,#7650,#7651,#7652,#7653,#7654,#7655,#7656,#7657,
#7658,#7659,#7660,#7661,#7662,#7663,#7664,#7665,#7666,#7667,#7668,#7669,
#7670,#7671,#7672,#7673,#7674,#7675,#7676,#7677,#7678,#7679,#7680,#7681,
#7682),.UNSPECIFIED.,.F.,.F.,(4,3,3,3,3,3,3,3,3,3,3,3,3,3,4),(0.,0.0712088047610405,
0.142415252321013,0.213619516948882,0.284821772857306,0.35602219420707,
0.42722095511155,0.498818335722606,0.570027221703209,0.64123155591349,0.712432035247416,
0.784324026435562,0.855528442187511,0.927764221093755,1.),.UNSPECIFIED.);
#349=B_SPLINE_CURVE_WITH_KNOTS('',3,(#7747,#7748,#7749,#7750,#7751,#7752,
#7753,#7754,#7755,#7756,#7757,#7758,#7759,#7760,#7761,#7762,#7763,#7764,
#7765,#7766,#7767,#7768,#7769,#7770,#7771,#7772,#7773,#7774,#7775,#7776,
#7777,#7778,#7779,#7780,#7781,#7782,#7783,#7784,#7785,#7786),
 .UNSPECIFIED.,.F.,.F.,(4,3,3,3,3,3,3,3,3,3,3,3,3,4),(1.29118259807429E-16,
0.000162019259489237,0.000325445942924011,0.000487664898321129,0.000574691714381809,
0.000768834782679521,0.000965922659481191,0.00114938342876349,0.00135832755991141,
0.00156872527698667,0.00177911339162169,0.00198844311650424,0.00219475549802942,
0.00229876685752689),.UNSPECIFIED.);
#350=B_SPLINE_CURVE_WITH_KNOTS('',3,(#7788,#7789,#7790,#7791,#7792,#7793,
#7794,#7795,#7796,#7797,#7798,#7799,#7800,#7801,#7802,#7803,#7804,#7805,
#7806,#7807,#7808,#7809,#7810,#7811,#7812,#7813,#7814,#7815,#7816,#7817,
#7818,#7819,#7820,#7821,#7822,#7823,#7824,#7825,#7826,#7827,#7828,#7829,
#7830,#7831,#7832,#7833,#7834,#7835,#7836,#7837,#7838,#7839,#7840,#7841,
#7842,#7843,#7844,#7845,#7846,#7847,#7848,#7849,#7850,#7851,#7852,#7853,
#7854),.UNSPECIFIED.,.F.,.F.,(4,3,3,3,3,3,3,3,3,3,3,3,3,3,3,3,3,3,3,3,3,
3,4),(2.50291447152052E-16,0.000226468386975522,0.000455409206230343,0.00068303141716421,
0.000849109395613662,0.00104162192960058,0.00123578727872673,0.00127366409342039,
0.00143572155948751,0.00159762172905033,0.00169821879122713,0.00189201969981248,
0.00208681201084985,0.00212277348903386,0.00227315205471561,0.00242344865688322,
0.00254732818684059,0.00274192965027263,0.00293682570118771,0.00297188288464733,
0.00314618727624676,0.00332025759259721,0.00339643758245406),
 .UNSPECIFIED.);
#351=B_SPLINE_CURVE_WITH_KNOTS('',3,(#7896,#7897,#7898,#7899,#7900,#7901,
#7902,#7903,#7904,#7905,#7906,#7907,#7908,#7909,#7910,#7911,#7912,#7913,
#7914,#7915,#7916,#7917,#7918,#7919,#7920,#7921,#7922,#7923,#7924,#7925,
#7926,#7927,#7928,#7929,#7930,#7931,#7932,#7933,#7934,#7935),
 .UNSPECIFIED.,.F.,.F.,(4,3,3,3,3,3,3,3,3,3,3,3,3,4),(0.,0.0809088230325002,
0.161814618249641,0.242717641268567,0.323618147613931,0.40816587916219,
0.489082524252649,0.569992208196026,0.650895954050628,0.731794784073055,
0.812706550780426,0.893606818971408,0.974510268877375,1.),.UNSPECIFIED.);
#352=B_SPLINE_CURVE_WITH_KNOTS('',3,(#7938,#7939,#7940,#7941,#7942,#7943,
#7944,#7945,#7946,#7947,#7948,#7949,#7950,#7951,#7952,#7953,#7954,#7955,
#7956,#7957,#7958,#7959,#7960,#7961,#7962,#7963,#7964,#7965,#7966,#7967,
#7968,#7969,#7970,#7971,#7972,#7973,#7974,#7975,#7976,#7977,#7978,#7979,
#7980),.UNSPECIFIED.,.F.,.F.,(4,3,3,3,3,3,3,3,3,3,3,3,3,3,4),(0.,0.0712088047610335,
0.142415252320996,0.21361951694886,0.284821772857282,0.356022194207041,
0.427220955111517,0.498818335722577,0.570027221703174,0.641231555913461,
0.712432035247353,0.784324026435515,0.855528442187462,0.927764221093731,
1.),.UNSPECIFIED.);
#353=B_SPLINE_CURVE_WITH_KNOTS('',3,(#8381,#8382,#8383,#8384,#8385,#8386,
#8387,#8388,#8389,#8390,#8391,#8392,#8393,#8394),.UNSPECIFIED.,.F.,.F.,
(4,2,2,2,2,2,4),(-0.331351047998814,-0.267836562880858,-0.204335935229218,
-0.165703069659679,-0.127070237084328,-0.0635420291585661,0.),
 .UNSPECIFIED.);
#354=B_SPLINE_CURVE_WITH_KNOTS('',3,(#8395,#8396,#8397,#8398,#8399,#8400,
#8401,#8402,#8403,#8404,#8405,#8406,#8407,#8408,#8409,#8410),
 .UNSPECIFIED.,.F.,.F.,(4,2,2,2,2,2,2,4),(-0.477321743585226,-0.383342142312045,
-0.286841759049536,-0.23873338322858,-0.19062474567995,-0.0941238411384581,
-0.0470675639472392,0.),.UNSPECIFIED.);
#355=B_SPLINE_CURVE_WITH_KNOTS('',3,(#8452,#8453,#8454,#8455,#8456,#8457,
#8458,#8459,#8460,#8461,#8462,#8463,#8464,#8465),.UNSPECIFIED.,.F.,.F.,
(4,2,2,2,2,2,4),(-0.358801564981206,-0.291789641127351,-0.224794754935155,
-0.179475895839484,-0.134157024855037,-0.0670869980063556,0.),
 .UNSPECIFIED.);
#356=B_SPLINE_CURVE_WITH_KNOTS('',3,(#8468,#8469,#8470,#8471,#8472,#8473,
#8474,#8475,#8476,#8477,#8478,#8479,#8480,#8481,#8482,#8483,#8484,#8485),
 .UNSPECIFIED.,.F.,.F.,(4,2,2,2,2,2,2,2,4),(-0.496482141018015,-0.447552089320783,
-0.398632449808371,-0.30053811443667,-0.248422748688742,-0.196307132766281,
-0.0980302018025584,-0.0490203527290974,0.),.UNSPECIFIED.);
#357=B_SPLINE_CURVE_WITH_KNOTS('',3,(#8551,#8552,#8553,#8554,#8555,#8556,
#8557,#8558,#8559,#8560,#8561,#8562,#8563,#8564),.UNSPECIFIED.,.F.,.F.,
(4,2,2,2,2,2,4),(-0.358801564980617,-0.291789641126806,-0.224794754934742,
-0.179475895839203,-0.134157024854873,-0.067086998006281,0.),
 .UNSPECIFIED.);
#358=B_SPLINE_CURVE_WITH_KNOTS('',3,(#8566,#8567,#8568,#8569,#8570,#8571,
#8572,#8573,#8574,#8575,#8576,#8577,#8578,#8579,#8580,#8581,#8582,#8583),
 .UNSPECIFIED.,.F.,.F.,(4,2,2,2,2,2,2,2,4),(-0.496482141018415,-0.447552089321044,
-0.398632449808533,-0.300538114436632,-0.248422748688592,-0.196307132766065,
-0.0980302018023637,-0.0490203527290107,0.),.UNSPECIFIED.);
#359=B_SPLINE_CURVE_WITH_KNOTS('',3,(#8625,#8626,#8627,#8628,#8629,#8630,
#8631,#8632,#8633,#8634,#8635,#8636,#8637,#8638),.UNSPECIFIED.,.F.,.F.,
(4,2,2,2,2,2,4),(-0.33135104799871,-0.267836562880859,-0.204335935229174,
-0.165703069659636,-0.127070237084362,-0.0635420291585874,0.),
 .UNSPECIFIED.);
#360=B_SPLINE_CURVE_WITH_KNOTS('',3,(#8641,#8642,#8643,#8644,#8645,#8646,
#8647,#8648,#8649,#8650,#8651,#8652,#8653,#8654,#8655,#8656),
 .UNSPECIFIED.,.F.,.F.,(4,2,2,2,2,2,2,4),(-0.477321743587403,-0.383342142313646,
-0.286841759050565,-0.238733383229323,-0.19062474568046,-0.0941238411386069,
-0.0470675639472812,0.),.UNSPECIFIED.);
#361=B_SPLINE_SURFACE_WITH_KNOTS('',1,3,((#6282,#6283,#6284,#6285,#6286,
#6287,#6288,#6289,#6290,#6291),(#6292,#6293,#6294,#6295,#6296,#6297,#6298,
#6299,#6300,#6301),(#6302,#6303,#6304,#6305,#6306,#6307,#6308,#6309,#6310,
#6311),(#6312,#6313,#6314,#6315,#6316,#6317,#6318,#6319,#6320,#6321)),
 .UNSPECIFIED.,.F.,.F.,.F.,(2,1,1,2),(4,2,2,2,4),(-0.01,0.,1.,1.0101),(-0.000975685611465179,
0.25,0.5,0.75,1.00097568561147),.UNSPECIFIED.);
#362=B_SPLINE_SURFACE_WITH_KNOTS('',1,3,((#6408,#6409,#6410,#6411,#6412,
#6413,#6414,#6415,#6416,#6417),(#6418,#6419,#6420,#6421,#6422,#6423,#6424,
#6425,#6426,#6427),(#6428,#6429,#6430,#6431,#6432,#6433,#6434,#6435,#6436,
#6437),(#6438,#6439,#6440,#6441,#6442,#6443,#6444,#6445,#6446,#6447)),
 .UNSPECIFIED.,.F.,.F.,.F.,(2,1,1,2),(4,2,2,2,4),(-0.01,0.,1.,1.0101),(-0.000975685611536397,
0.25,0.5,0.75,1.00097568561154),.UNSPECIFIED.);
#363=B_SPLINE_SURFACE_WITH_KNOTS('',1,3,((#6555,#6556,#6557,#6558,#6559,
#6560,#6561,#6562,#6563,#6564),(#6565,#6566,#6567,#6568,#6569,#6570,#6571,
#6572,#6573,#6574),(#6575,#6576,#6577,#6578,#6579,#6580,#6581,#6582,#6583,
#6584),(#6585,#6586,#6587,#6588,#6589,#6590,#6591,#6592,#6593,#6594)),
 .UNSPECIFIED.,.F.,.F.,.F.,(2,1,1,2),(4,2,2,2,4),(-0.01,0.,1.,1.0101),(-0.000975685611557224,
0.25,0.5,0.75,1.00097568561153),.UNSPECIFIED.);
#364=B_SPLINE_SURFACE_WITH_KNOTS('',1,3,((#6680,#6681,#6682,#6683,#6684,
#6685,#6686,#6687,#6688,#6689),(#6690,#6691,#6692,#6693,#6694,#6695,#6696,
#6697,#6698,#6699),(#6700,#6701,#6702,#6703,#6704,#6705,#6706,#6707,#6708,
#6709),(#6710,#6711,#6712,#6713,#6714,#6715,#6716,#6717,#6718,#6719)),
 .UNSPECIFIED.,.F.,.F.,.F.,(2,1,1,2),(4,2,2,2,4),(-0.01,0.,1.,1.0101),(-0.000150812908729183,
0.25,0.5,0.75,1.00015081290873),.UNSPECIFIED.);
#365=B_SPLINE_SURFACE_WITH_KNOTS('',1,3,((#6844,#6845,#6846,#6847,#6848,
#6849,#6850,#6851,#6852,#6853),(#6854,#6855,#6856,#6857,#6858,#6859,#6860,
#6861,#6862,#6863),(#6864,#6865,#6866,#6867,#6868,#6869,#6870,#6871,#6872,
#6873),(#6874,#6875,#6876,#6877,#6878,#6879,#6880,#6881,#6882,#6883)),
 .UNSPECIFIED.,.F.,.F.,.F.,(2,1,1,2),(4,2,2,2,4),(-0.01,0.,1.,1.0101),(-0.000150812908809638,
0.25,0.5,0.75,1.0001508129087),.UNSPECIFIED.);
#366=B_SPLINE_SURFACE_WITH_KNOTS('',1,3,((#6994,#6995,#6996,#6997,#6998,
#6999,#7000,#7001,#7002,#7003),(#7004,#7005,#7006,#7007,#7008,#7009,#7010,
#7011,#7012,#7013),(#7014,#7015,#7016,#7017,#7018,#7019,#7020,#7021,#7022,
#7023),(#7024,#7025,#7026,#7027,#7028,#7029,#7030,#7031,#7032,#7033)),
 .UNSPECIFIED.,.F.,.F.,.F.,(2,1,1,2),(4,2,2,2,4),(-0.01,0.,1.,1.0101),(-0.000975685611601309,
0.25,0.5,0.75,1.0009756856116),.UNSPECIFIED.);
#367=B_SPLINE_SURFACE_WITH_KNOTS('',1,3,((#7133,#7134,#7135,#7136,#7137,
#7138,#7139,#7140,#7141,#7142),(#7143,#7144,#7145,#7146,#7147,#7148,#7149,
#7150,#7151,#7152),(#7153,#7154,#7155,#7156,#7157,#7158,#7159,#7160,#7161,
#7162),(#7163,#7164,#7165,#7166,#7167,#7168,#7169,#7170,#7171,#7172)),
 .UNSPECIFIED.,.F.,.F.,.F.,(2,1,1,2),(4,2,2,2,4),(-0.01,0.,1.,1.0101),(-0.000975685611577456,
0.25,0.5,0.75,1.00097568561158),.UNSPECIFIED.);
#368=B_SPLINE_SURFACE_WITH_KNOTS('',1,3,((#7259,#7260,#7261,#7262,#7263,
#7264,#7265,#7266,#7267,#7268),(#7269,#7270,#7271,#7272,#7273,#7274,#7275,
#7276,#7277,#7278),(#7279,#7280,#7281,#7282,#7283,#7284,#7285,#7286,#7287,
#7288),(#7289,#7290,#7291,#7292,#7293,#7294,#7295,#7296,#7297,#7298)),
 .UNSPECIFIED.,.F.,.F.,.F.,(2,1,1,2),(4,2,2,2,4),(-0.01,0.,1.,1.0101),(-0.000150812908698528,
0.25,0.5,0.75,1.00015081290878),.UNSPECIFIED.);
#369=B_SPLINE_SURFACE_WITH_KNOTS('',1,3,((#7431,#7432,#7433,#7434,#7435,
#7436,#7437,#7438,#7439,#7440),(#7441,#7442,#7443,#7444,#7445,#7446,#7447,
#7448,#7449,#7450),(#7451,#7452,#7453,#7454,#7455,#7456,#7457,#7458,#7459,
#7460),(#7461,#7462,#7463,#7464,#7465,#7466,#7467,#7468,#7469,#7470)),
 .UNSPECIFIED.,.F.,.F.,.F.,(2,1,1,2),(4,2,2,2,4),(-0.01,0.,1.,1.0101),(-0.000975685611452816,
0.25,0.5,0.75,1.00097568561144),.UNSPECIFIED.);
#370=B_SPLINE_SURFACE_WITH_KNOTS('',1,3,((#7557,#7558,#7559,#7560,#7561,
#7562,#7563,#7564,#7565,#7566),(#7567,#7568,#7569,#7570,#7571,#7572,#7573,
#7574,#7575,#7576),(#7577,#7578,#7579,#7580,#7581,#7582,#7583,#7584,#7585,
#7586),(#7587,#7588,#7589,#7590,#7591,#7592,#7593,#7594,#7595,#7596)),
 .UNSPECIFIED.,.F.,.F.,.F.,(2,1,1,2),(4,2,2,2,4),(-0.01,0.,1.,1.0101),(-0.000975685611621792,
0.25,0.5,0.75,1.00097568561162),.UNSPECIFIED.);
#371=B_SPLINE_SURFACE_WITH_KNOTS('',1,3,((#7704,#7705,#7706,#7707,#7708,
#7709,#7710,#7711,#7712,#7713),(#7714,#7715,#7716,#7717,#7718,#7719,#7720,
#7721,#7722,#7723),(#7724,#7725,#7726,#7727,#7728,#7729,#7730,#7731,#7732,
#7733),(#7734,#7735,#7736,#7737,#7738,#7739,#7740,#7741,#7742,#7743)),
 .UNSPECIFIED.,.F.,.F.,.F.,(2,1,1,2),(4,2,2,2,4),(-0.01,0.,1.,1.0101),(-0.000150812908706748,
0.25,0.5,0.75,1.00015081290877),.UNSPECIFIED.);
#372=B_SPLINE_SURFACE_WITH_KNOTS('',1,3,((#7855,#7856,#7857,#7858,#7859,
#7860,#7861,#7862,#7863,#7864),(#7865,#7866,#7867,#7868,#7869,#7870,#7871,
#7872,#7873,#7874),(#7875,#7876,#7877,#7878,#7879,#7880,#7881,#7882,#7883,
#7884),(#7885,#7886,#7887,#7888,#7889,#7890,#7891,#7892,#7893,#7894)),
 .UNSPECIFIED.,.F.,.F.,.F.,(2,1,1,2),(4,2,2,2,4),(-0.01,0.,1.,1.0101),(-0.000975685611606582,
0.25,0.5,0.75,1.00097568561165),.UNSPECIFIED.);
#373=B_SPLINE_SURFACE_WITH_KNOTS('',1,3,((#8338,#8339,#8340,#8341,#8342,
#8343,#8344,#8345,#8346,#8347),(#8348,#8349,#8350,#8351,#8352,#8353,#8354,
#8355,#8356,#8357),(#8358,#8359,#8360,#8361,#8362,#8363,#8364,#8365,#8366,
#8367),(#8368,#8369,#8370,#8371,#8372,#8373,#8374,#8375,#8376,#8377)),
 .UNSPECIFIED.,.F.,.F.,.F.,(2,1,1,2),(4,2,2,2,4),(-0.01,0.,1.,1.0101),(-0.000147811577610683,
0.25,0.5,0.75,1.00014781157759),.UNSPECIFIED.);
#374=B_SPLINE_SURFACE_WITH_KNOTS('',1,3,((#8411,#8412,#8413,#8414,#8415,
#8416,#8417,#8418,#8419,#8420),(#8421,#8422,#8423,#8424,#8425,#8426,#8427,
#8428,#8429,#8430),(#8431,#8432,#8433,#8434,#8435,#8436,#8437,#8438,#8439,
#8440),(#8441,#8442,#8443,#8444,#8445,#8446,#8447,#8448,#8449,#8450)),
 .UNSPECIFIED.,.F.,.F.,.F.,(2,1,1,2),(4,2,2,2,4),(-0.01,0.,1.,1.0101),(-0.000145650924773298,
0.25,0.5,0.75,1.00014565092477),.UNSPECIFIED.);
#375=B_SPLINE_SURFACE_WITH_KNOTS('',1,3,((#8508,#8509,#8510,#8511,#8512,
#8513,#8514,#8515,#8516,#8517),(#8518,#8519,#8520,#8521,#8522,#8523,#8524,
#8525,#8526,#8527),(#8528,#8529,#8530,#8531,#8532,#8533,#8534,#8535,#8536,
#8537),(#8538,#8539,#8540,#8541,#8542,#8543,#8544,#8545,#8546,#8547)),
 .UNSPECIFIED.,.F.,.F.,.F.,(2,1,1,2),(4,2,2,2,4),(-0.01,0.,1.,1.0101),(-0.000145650924685531,
0.25,0.5,0.75,1.00014565092472),.UNSPECIFIED.);
#376=B_SPLINE_SURFACE_WITH_KNOTS('',1,3,((#8584,#8585,#8586,#8587,#8588,
#8589,#8590,#8591,#8592,#8593),(#8594,#8595,#8596,#8597,#8598,#8599,#8600,
#8601,#8602,#8603),(#8604,#8605,#8606,#8607,#8608,#8609,#8610,#8611,#8612,
#8613),(#8614,#8615,#8616,#8617,#8618,#8619,#8620,#8621,#8622,#8623)),
 .UNSPECIFIED.,.F.,.F.,.F.,(2,1,1,2),(4,2,2,2,4),(-0.01,0.,1.,1.0101),(-0.000147811577596502,
0.25,0.5,0.75,1.0001478115776),.UNSPECIFIED.);
#377=FACE_BOUND('',#843,.T.);
#378=FACE_BOUND('',#845,.T.);
#379=FACE_BOUND('',#852,.T.);
#380=FACE_BOUND('',#853,.T.);
#381=FACE_BOUND('',#854,.T.);
#382=FACE_BOUND('',#855,.T.);
#383=FACE_BOUND('',#856,.T.);
#384=FACE_BOUND('',#862,.T.);
#385=FACE_BOUND('',#863,.T.);
#386=FACE_BOUND('',#864,.T.);
#387=FACE_BOUND('',#865,.T.);
#388=FACE_BOUND('',#866,.T.);
#389=FACE_BOUND('',#875,.T.);
#390=FACE_BOUND('',#876,.T.);
#391=FACE_BOUND('',#877,.T.);
#392=FACE_BOUND('',#879,.T.);
#393=FACE_BOUND('',#880,.T.);
#394=FACE_BOUND('',#881,.T.);
#395=FACE_BOUND('',#890,.T.);
#396=FACE_BOUND('',#899,.T.);
#397=FACE_BOUND('',#908,.T.);
#398=FACE_BOUND('',#910,.T.);
#399=FACE_BOUND('',#919,.T.);
#400=FACE_BOUND('',#920,.T.);
#401=FACE_BOUND('',#921,.T.);
#402=FACE_BOUND('',#923,.T.);
#403=FACE_BOUND('',#924,.T.);
#404=FACE_BOUND('',#925,.T.);
#405=FACE_BOUND('',#934,.T.);
#406=FACE_BOUND('',#936,.T.);
#407=FACE_BOUND('',#994,.T.);
#408=FACE_BOUND('',#995,.T.);
#409=FACE_BOUND('',#996,.T.);
#410=FACE_BOUND('',#998,.T.);
#411=FACE_BOUND('',#999,.T.);
#412=FACE_BOUND('',#1000,.T.);
#413=FACE_BOUND('',#1009,.T.);
#414=FACE_BOUND('',#1011,.T.);
#415=FACE_BOUND('',#1020,.T.);
#416=FACE_BOUND('',#1022,.T.);
#417=FACE_BOUND('',#1066,.T.);
#418=FACE_BOUND('',#1068,.T.);
#419=FACE_BOUND('',#1080,.T.);
#420=FACE_BOUND('',#1082,.T.);
#421=FACE_BOUND('',#1102,.T.);
#422=FACE_BOUND('',#1123,.T.);
#423=PLANE('',#4393);
#424=PLANE('',#4394);
#425=PLANE('',#4395);
#426=PLANE('',#4398);
#427=PLANE('',#4401);
#428=PLANE('',#4404);
#429=PLANE('',#4407);
#430=PLANE('',#4408);
#431=PLANE('',#4413);
#432=PLANE('',#4416);
#433=PLANE('',#4417);
#434=PLANE('',#4422);
#435=PLANE('',#4427);
#436=PLANE('',#4428);
#437=PLANE('',#4429);
#438=PLANE('',#4430);
#439=PLANE('',#4431);
#440=PLANE('',#4434);
#441=PLANE('',#4435);
#442=PLANE('',#4436);
#443=PLANE('',#4437);
#444=PLANE('',#4440);
#445=PLANE('',#4441);
#446=PLANE('',#4442);
#447=PLANE('',#4443);
#448=PLANE('',#4446);
#449=PLANE('',#4447);
#450=PLANE('',#4448);
#451=PLANE('',#4449);
#452=PLANE('',#4450);
#453=PLANE('',#4453);
#454=PLANE('',#4454);
#455=PLANE('',#4455);
#456=PLANE('',#4456);
#457=PLANE('',#4457);
#458=PLANE('',#4460);
#459=PLANE('',#4461);
#460=PLANE('',#4462);
#461=PLANE('',#4463);
#462=PLANE('',#4464);
#463=PLANE('',#4466);
#464=PLANE('',#4468);
#465=PLANE('',#4470);
#466=PLANE('',#4472);
#467=PLANE('',#4473);
#468=PLANE('',#4474);
#469=PLANE('',#4475);
#470=PLANE('',#4476);
#471=PLANE('',#4477);
#472=PLANE('',#4478);
#473=PLANE('',#4481);
#474=PLANE('',#4486);
#475=PLANE('',#4487);
#476=PLANE('',#4488);
#477=PLANE('',#4489);
#478=PLANE('',#4490);
#479=PLANE('',#4491);
#480=PLANE('',#4494);
#481=PLANE('',#4515);
#482=PLANE('',#4520);
#483=PLANE('',#4525);
#484=PLANE('',#4526);
#485=PLANE('',#4527);
#486=PLANE('',#4530);
#487=PLANE('',#4531);
#488=PLANE('',#4532);
#489=PLANE('',#4535);
#490=PLANE('',#4538);
#491=PLANE('',#4543);
#492=PLANE('',#4544);
#493=PLANE('',#4545);
#494=PLANE('',#4546);
#495=PLANE('',#4547);
#496=PLANE('',#4550);
#497=PLANE('',#4551);
#498=PLANE('',#4552);
#499=PLANE('',#4553);
#500=PLANE('',#4554);
#501=PLANE('',#4557);
#502=PLANE('',#4558);
#503=PLANE('',#4559);
#504=PLANE('',#4560);
#505=PLANE('',#4561);
#506=PLANE('',#4562);
#507=PLANE('',#4563);
#508=PLANE('',#4564);
#509=PLANE('',#4565);
#510=PLANE('',#4566);
#511=PLANE('',#4567);
#512=PLANE('',#4570);
#513=PLANE('',#4575);
#514=PLANE('',#4576);
#515=PLANE('',#4577);
#516=PLANE('',#4578);
#517=PLANE('',#4579);
#518=PLANE('',#4580);
#519=PLANE('',#4583);
#520=PLANE('',#4588);
#521=PLANE('',#4589);
#522=PLANE('',#4590);
#523=PLANE('',#4591);
#524=PLANE('',#4592);
#525=PLANE('',#4593);
#526=PLANE('',#4596);
#527=PLANE('',#4601);
#528=PLANE('',#4602);
#529=PLANE('',#4603);
#530=PLANE('',#4604);
#531=PLANE('',#4605);
#532=PLANE('',#4606);
#533=PLANE('',#4613);
#534=PLANE('',#4619);
#535=PLANE('',#4620);
#536=PLANE('',#4621);
#537=PLANE('',#4629);
#538=PLANE('',#4630);
#539=PLANE('',#4643);
#540=PLANE('',#4644);
#541=PLANE('',#4645);
#542=PLANE('',#4646);
#543=PLANE('',#4647);
#544=PLANE('',#4648);
#545=PLANE('',#4649);
#546=PLANE('',#4656);
#547=PLANE('',#4725);
#548=PLANE('',#4726);
#549=PLANE('',#4727);
#550=PLANE('',#4728);
#551=PLANE('',#4729);
#552=PLANE('',#4731);
#553=PLANE('',#4733);
#554=PLANE('',#4734);
#555=PLANE('',#4735);
#556=PLANE('',#4736);
#557=PLANE('',#4737);
#558=PLANE('',#4738);
#559=PLANE('',#4739);
#560=PLANE('',#4740);
#561=PLANE('',#4741);
#562=PLANE('',#4742);
#563=PLANE('',#4743);
#564=PLANE('',#4745);
#565=PLANE('',#4746);
#566=PLANE('',#4747);
#567=PLANE('',#4748);
#568=PLANE('',#4749);
#569=FACE_OUTER_BOUND('',#828,.T.);
#570=FACE_OUTER_BOUND('',#829,.T.);
#571=FACE_OUTER_BOUND('',#830,.T.);
#572=FACE_OUTER_BOUND('',#831,.T.);
#573=FACE_OUTER_BOUND('',#832,.T.);
#574=FACE_OUTER_BOUND('',#833,.T.);
#575=FACE_OUTER_BOUND('',#834,.T.);
#576=FACE_OUTER_BOUND('',#835,.T.);
#577=FACE_OUTER_BOUND('',#836,.T.);
#578=FACE_OUTER_BOUND('',#837,.T.);
#579=FACE_OUTER_BOUND('',#838,.T.);
#580=FACE_OUTER_BOUND('',#839,.T.);
#581=FACE_OUTER_BOUND('',#840,.T.);
#582=FACE_OUTER_BOUND('',#841,.T.);
#583=FACE_OUTER_BOUND('',#842,.T.);
#584=FACE_OUTER_BOUND('',#844,.T.);
#585=FACE_OUTER_BOUND('',#846,.T.);
#586=FACE_OUTER_BOUND('',#847,.T.);
#587=FACE_OUTER_BOUND('',#848,.T.);
#588=FACE_OUTER_BOUND('',#849,.T.);
#589=FACE_OUTER_BOUND('',#850,.T.);
#590=FACE_OUTER_BOUND('',#851,.T.);
#591=FACE_OUTER_BOUND('',#857,.T.);
#592=FACE_OUTER_BOUND('',#858,.T.);
#593=FACE_OUTER_BOUND('',#859,.T.);
#594=FACE_OUTER_BOUND('',#860,.T.);
#595=FACE_OUTER_BOUND('',#861,.T.);
#596=FACE_OUTER_BOUND('',#867,.T.);
#597=FACE_OUTER_BOUND('',#868,.T.);
#598=FACE_OUTER_BOUND('',#869,.T.);
#599=FACE_OUTER_BOUND('',#870,.T.);
#600=FACE_OUTER_BOUND('',#871,.T.);
#601=FACE_OUTER_BOUND('',#872,.T.);
#602=FACE_OUTER_BOUND('',#873,.T.);
#603=FACE_OUTER_BOUND('',#874,.T.);
#604=FACE_OUTER_BOUND('',#878,.T.);
#605=FACE_OUTER_BOUND('',#882,.T.);
#606=FACE_OUTER_BOUND('',#883,.T.);
#607=FACE_OUTER_BOUND('',#884,.T.);
#608=FACE_OUTER_BOUND('',#885,.T.);
#609=FACE_OUTER_BOUND('',#886,.T.);
#610=FACE_OUTER_BOUND('',#887,.T.);
#611=FACE_OUTER_BOUND('',#888,.T.);
#612=FACE_OUTER_BOUND('',#889,.T.);
#613=FACE_OUTER_BOUND('',#891,.T.);
#614=FACE_OUTER_BOUND('',#892,.T.);
#615=FACE_OUTER_BOUND('',#893,.T.);
#616=FACE_OUTER_BOUND('',#894,.T.);
#617=FACE_OUTER_BOUND('',#895,.T.);
#618=FACE_OUTER_BOUND('',#896,.T.);
#619=FACE_OUTER_BOUND('',#897,.T.);
#620=FACE_OUTER_BOUND('',#898,.T.);
#621=FACE_OUTER_BOUND('',#900,.T.);
#622=FACE_OUTER_BOUND('',#901,.T.);
#623=FACE_OUTER_BOUND('',#902,.T.);
#624=FACE_OUTER_BOUND('',#903,.T.);
#625=FACE_OUTER_BOUND('',#904,.T.);
#626=FACE_OUTER_BOUND('',#905,.T.);
#627=FACE_OUTER_BOUND('',#906,.T.);
#628=FACE_OUTER_BOUND('',#907,.T.);
#629=FACE_OUTER_BOUND('',#909,.T.);
#630=FACE_OUTER_BOUND('',#911,.T.);
#631=FACE_OUTER_BOUND('',#912,.T.);
#632=FACE_OUTER_BOUND('',#913,.T.);
#633=FACE_OUTER_BOUND('',#914,.T.);
#634=FACE_OUTER_BOUND('',#915,.T.);
#635=FACE_OUTER_BOUND('',#916,.T.);
#636=FACE_OUTER_BOUND('',#917,.T.);
#637=FACE_OUTER_BOUND('',#918,.T.);
#638=FACE_OUTER_BOUND('',#922,.T.);
#639=FACE_OUTER_BOUND('',#926,.T.);
#640=FACE_OUTER_BOUND('',#927,.T.);
#641=FACE_OUTER_BOUND('',#928,.T.);
#642=FACE_OUTER_BOUND('',#929,.T.);
#643=FACE_OUTER_BOUND('',#930,.T.);
#644=FACE_OUTER_BOUND('',#931,.T.);
#645=FACE_OUTER_BOUND('',#932,.T.);
#646=FACE_OUTER_BOUND('',#933,.T.);
#647=FACE_OUTER_BOUND('',#935,.T.);
#648=FACE_OUTER_BOUND('',#937,.T.);
#649=FACE_OUTER_BOUND('',#938,.T.);
#650=FACE_OUTER_BOUND('',#939,.T.);
#651=FACE_OUTER_BOUND('',#940,.T.);
#652=FACE_OUTER_BOUND('',#941,.T.);
#653=FACE_OUTER_BOUND('',#942,.T.);
#654=FACE_OUTER_BOUND('',#943,.T.);
#655=FACE_OUTER_BOUND('',#944,.T.);
#656=FACE_OUTER_BOUND('',#945,.T.);
#657=FACE_OUTER_BOUND('',#946,.T.);
#658=FACE_OUTER_BOUND('',#947,.T.);
#659=FACE_OUTER_BOUND('',#948,.T.);
#660=FACE_OUTER_BOUND('',#949,.T.);
#661=FACE_OUTER_BOUND('',#950,.T.);
#662=FACE_OUTER_BOUND('',#951,.T.);
#663=FACE_OUTER_BOUND('',#952,.T.);
#664=FACE_OUTER_BOUND('',#953,.T.);
#665=FACE_OUTER_BOUND('',#954,.T.);
#666=FACE_OUTER_BOUND('',#955,.T.);
#667=FACE_OUTER_BOUND('',#956,.T.);
#668=FACE_OUTER_BOUND('',#957,.T.);
#669=FACE_OUTER_BOUND('',#958,.T.);
#670=FACE_OUTER_BOUND('',#959,.T.);
#671=FACE_OUTER_BOUND('',#960,.T.);
#672=FACE_OUTER_BOUND('',#961,.T.);
#673=FACE_OUTER_BOUND('',#962,.T.);
#674=FACE_OUTER_BOUND('',#963,.T.);
#675=FACE_OUTER_BOUND('',#964,.T.);
#676=FACE_OUTER_BOUND('',#965,.T.);
#677=FACE_OUTER_BOUND('',#966,.T.);
#678=FACE_OUTER_BOUND('',#967,.T.);
#679=FACE_OUTER_BOUND('',#968,.T.);
#680=FACE_OUTER_BOUND('',#969,.T.);
#681=FACE_OUTER_BOUND('',#970,.T.);
#682=FACE_OUTER_BOUND('',#971,.T.);
#683=FACE_OUTER_BOUND('',#972,.T.);
#684=FACE_OUTER_BOUND('',#973,.T.);
#685=FACE_OUTER_BOUND('',#974,.T.);
#686=FACE_OUTER_BOUND('',#975,.T.);
#687=FACE_OUTER_BOUND('',#976,.T.);
#688=FACE_OUTER_BOUND('',#977,.T.);
#689=FACE_OUTER_BOUND('',#978,.T.);
#690=FACE_OUTER_BOUND('',#979,.T.);
#691=FACE_OUTER_BOUND('',#980,.T.);
#692=FACE_OUTER_BOUND('',#981,.T.);
#693=FACE_OUTER_BOUND('',#982,.T.);
#694=FACE_OUTER_BOUND('',#983,.T.);
#695=FACE_OUTER_BOUND('',#984,.T.);
#696=FACE_OUTER_BOUND('',#985,.T.);
#697=FACE_OUTER_BOUND('',#986,.T.);
#698=FACE_OUTER_BOUND('',#987,.T.);
#699=FACE_OUTER_BOUND('',#988,.T.);
#700=FACE_OUTER_BOUND('',#989,.T.);
#701=FACE_OUTER_BOUND('',#990,.T.);
#702=FACE_OUTER_BOUND('',#991,.T.);
#703=FACE_OUTER_BOUND('',#992,.T.);
#704=FACE_OUTER_BOUND('',#993,.T.);
#705=FACE_OUTER_BOUND('',#997,.T.);
#706=FACE_OUTER_BOUND('',#1001,.T.);
#707=FACE_OUTER_BOUND('',#1002,.T.);
#708=FACE_OUTER_BOUND('',#1003,.T.);
#709=FACE_OUTER_BOUND('',#1004,.T.);
#710=FACE_OUTER_BOUND('',#1005,.T.);
#711=FACE_OUTER_BOUND('',#1006,.T.);
#712=FACE_OUTER_BOUND('',#1007,.T.);
#713=FACE_OUTER_BOUND('',#1008,.T.);
#714=FACE_OUTER_BOUND('',#1010,.T.);
#715=FACE_OUTER_BOUND('',#1012,.T.);
#716=FACE_OUTER_BOUND('',#1013,.T.);
#717=FACE_OUTER_BOUND('',#1014,.T.);
#718=FACE_OUTER_BOUND('',#1015,.T.);
#719=FACE_OUTER_BOUND('',#1016,.T.);
#720=FACE_OUTER_BOUND('',#1017,.T.);
#721=FACE_OUTER_BOUND('',#1018,.T.);
#722=FACE_OUTER_BOUND('',#1019,.T.);
#723=FACE_OUTER_BOUND('',#1021,.T.);
#724=FACE_OUTER_BOUND('',#1023,.T.);
#725=FACE_OUTER_BOUND('',#1024,.T.);
#726=FACE_OUTER_BOUND('',#1025,.T.);
#727=FACE_OUTER_BOUND('',#1026,.T.);
#728=FACE_OUTER_BOUND('',#1027,.T.);
#729=FACE_OUTER_BOUND('',#1028,.T.);
#730=FACE_OUTER_BOUND('',#1029,.T.);
#731=FACE_OUTER_BOUND('',#1030,.T.);
#732=FACE_OUTER_BOUND('',#1031,.T.);
#733=FACE_OUTER_BOUND('',#1032,.T.);
#734=FACE_OUTER_BOUND('',#1033,.T.);
#735=FACE_OUTER_BOUND('',#1034,.T.);
#736=FACE_OUTER_BOUND('',#1035,.T.);
#737=FACE_OUTER_BOUND('',#1036,.T.);
#738=FACE_OUTER_BOUND('',#1037,.T.);
#739=FACE_OUTER_BOUND('',#1038,.T.);
#740=FACE_OUTER_BOUND('',#1039,.T.);
#741=FACE_OUTER_BOUND('',#1040,.T.);
#742=FACE_OUTER_BOUND('',#1041,.T.);
#743=FACE_OUTER_BOUND('',#1042,.T.);
#744=FACE_OUTER_BOUND('',#1043,.T.);
#745=FACE_OUTER_BOUND('',#1044,.T.);
#746=FACE_OUTER_BOUND('',#1045,.T.);
#747=FACE_OUTER_BOUND('',#1046,.T.);
#748=FACE_OUTER_BOUND('',#1047,.T.);
#749=FACE_OUTER_BOUND('',#1048,.T.);
#750=FACE_OUTER_BOUND('',#1049,.T.);
#751=FACE_OUTER_BOUND('',#1050,.T.);
#752=FACE_OUTER_BOUND('',#1051,.T.);
#753=FACE_OUTER_BOUND('',#1052,.T.);
#754=FACE_OUTER_BOUND('',#1053,.T.);
#755=FACE_OUTER_BOUND('',#1054,.T.);
#756=FACE_OUTER_BOUND('',#1055,.T.);
#757=FACE_OUTER_BOUND('',#1056,.T.);
#758=FACE_OUTER_BOUND('',#1057,.T.);
#759=FACE_OUTER_BOUND('',#1058,.T.);
#760=FACE_OUTER_BOUND('',#1059,.T.);
#761=FACE_OUTER_BOUND('',#1060,.T.);
#762=FACE_OUTER_BOUND('',#1061,.T.);
#763=FACE_OUTER_BOUND('',#1062,.T.);
#764=FACE_OUTER_BOUND('',#1063,.T.);
#765=FACE_OUTER_BOUND('',#1064,.T.);
#766=FACE_OUTER_BOUND('',#1065,.T.);
#767=FACE_OUTER_BOUND('',#1067,.T.);
#768=FACE_OUTER_BOUND('',#1069,.T.);
#769=FACE_OUTER_BOUND('',#1070,.T.);
#770=FACE_OUTER_BOUND('',#1071,.T.);
#771=FACE_OUTER_BOUND('',#1072,.T.);
#772=FACE_OUTER_BOUND('',#1073,.T.);
#773=FACE_OUTER_BOUND('',#1074,.T.);
#774=FACE_OUTER_BOUND('',#1075,.T.);
#775=FACE_OUTER_BOUND('',#1076,.T.);
#776=FACE_OUTER_BOUND('',#1077,.T.);
#777=FACE_OUTER_BOUND('',#1078,.T.);
#778=FACE_OUTER_BOUND('',#1079,.T.);
#779=FACE_OUTER_BOUND('',#1081,.T.);
#780=FACE_OUTER_BOUND('',#1083,.T.);
#781=FACE_OUTER_BOUND('',#1084,.T.);
#782=FACE_OUTER_BOUND('',#1085,.T.);
#783=FACE_OUTER_BOUND('',#1086,.T.);
#784=FACE_OUTER_BOUND('',#1087,.T.);
#785=FACE_OUTER_BOUND('',#1088,.T.);
#786=FACE_OUTER_BOUND('',#1089,.T.);
#787=FACE_OUTER_BOUND('',#1090,.T.);
#788=FACE_OUTER_BOUND('',#1091,.T.);
#789=FACE_OUTER_BOUND('',#1092,.T.);
#790=FACE_OUTER_BOUND('',#1093,.T.);
#791=FACE_OUTER_BOUND('',#1094,.T.);
#792=FACE_OUTER_BOUND('',#1095,.T.);
#793=FACE_OUTER_BOUND('',#1096,.T.);
#794=FACE_OUTER_BOUND('',#1097,.T.);
#795=FACE_OUTER_BOUND('',#1098,.T.);
#796=FACE_OUTER_BOUND('',#1099,.T.);
#797=FACE_OUTER_BOUND('',#1100,.T.);
#798=FACE_OUTER_BOUND('',#1101,.T.);
#799=FACE_OUTER_BOUND('',#1103,.T.);
#800=FACE_OUTER_BOUND('',#1104,.T.);
#801=FACE_OUTER_BOUND('',#1105,.T.);
#802=FACE_OUTER_BOUND('',#1106,.T.);
#803=FACE_OUTER_BOUND('',#1107,.T.);
#804=FACE_OUTER_BOUND('',#1108,.T.);
#805=FACE_OUTER_BOUND('',#1109,.T.);
#806=FACE_OUTER_BOUND('',#1110,.T.);
#807=FACE_OUTER_BOUND('',#1111,.T.);
#808=FACE_OUTER_BOUND('',#1112,.T.);
#809=FACE_OUTER_BOUND('',#1113,.T.);
#810=FACE_OUTER_BOUND('',#1114,.T.);
#811=FACE_OUTER_BOUND('',#1115,.T.);
#812=FACE_OUTER_BOUND('',#1116,.T.);
#813=FACE_OUTER_BOUND('',#1117,.T.);
#814=FACE_OUTER_BOUND('',#1118,.T.);
#815=FACE_OUTER_BOUND('',#1119,.T.);
#816=FACE_OUTER_BOUND('',#1120,.T.);
#817=FACE_OUTER_BOUND('',#1121,.T.);
#818=FACE_OUTER_BOUND('',#1122,.T.);
#819=FACE_OUTER_BOUND('',#1124,.T.);
#820=FACE_OUTER_BOUND('',#1125,.T.);
#821=FACE_OUTER_BOUND('',#1126,.T.);
#822=FACE_OUTER_BOUND('',#1127,.T.);
#823=FACE_OUTER_BOUND('',#1128,.T.);
#824=FACE_OUTER_BOUND('',#1129,.T.);
#825=FACE_OUTER_BOUND('',#1130,.T.);
#826=FACE_OUTER_BOUND('',#1131,.T.);
#827=FACE_OUTER_BOUND('',#1132,.T.);
#828=EDGE_LOOP('',(#2826,#2827,#2828,#2829));
#829=EDGE_LOOP('',(#2830,#2831,#2832,#2833));
#830=EDGE_LOOP('',(#2834,#2835,#2836,#2837));
#831=EDGE_LOOP('',(#2838,#2839,#2840,#2841));
#832=EDGE_LOOP('',(#2842,#2843,#2844,#2845));
#833=EDGE_LOOP('',(#2846,#2847,#2848,#2849));
#834=EDGE_LOOP('',(#2850,#2851,#2852,#2853));
#835=EDGE_LOOP('',(#2854,#2855,#2856,#2857));
#836=EDGE_LOOP('',(#2858,#2859,#2860,#2861));
#837=EDGE_LOOP('',(#2862,#2863,#2864,#2865));
#838=EDGE_LOOP('',(#2866,#2867,#2868,#2869));
#839=EDGE_LOOP('',(#2870,#2871,#2872,#2873));
#840=EDGE_LOOP('',(#2874,#2875,#2876,#2877));
#841=EDGE_LOOP('',(#2878,#2879,#2880,#2881));
#842=EDGE_LOOP('',(#2882,#2883,#2884,#2885));
#843=EDGE_LOOP('',(#2886));
#844=EDGE_LOOP('',(#2887,#2888,#2889,#2890));
#845=EDGE_LOOP('',(#2891));
#846=EDGE_LOOP('',(#2892,#2893,#2894,#2895));
#847=EDGE_LOOP('',(#2896,#2897,#2898,#2899));
#848=EDGE_LOOP('',(#2900,#2901,#2902,#2903));
#849=EDGE_LOOP('',(#2904,#2905,#2906,#2907));
#850=EDGE_LOOP('',(#2908,#2909,#2910,#2911));
#851=EDGE_LOOP('',(#2912,#2913,#2914,#2915));
#852=EDGE_LOOP('',(#2916,#2917,#2918,#2919,#2920,#2921,#2922,#2923));
#853=EDGE_LOOP('',(#2924));
#854=EDGE_LOOP('',(#2925));
#855=EDGE_LOOP('',(#2926));
#856=EDGE_LOOP('',(#2927));
#857=EDGE_LOOP('',(#2928,#2929,#2930,#2931));
#858=EDGE_LOOP('',(#2932,#2933,#2934,#2935));
#859=EDGE_LOOP('',(#2936,#2937,#2938,#2939));
#860=EDGE_LOOP('',(#2940,#2941,#2942,#2943));
#861=EDGE_LOOP('',(#2944,#2945,#2946,#2947));
#862=EDGE_LOOP('',(#2948,#2949,#2950,#2951,#2952,#2953,#2954,#2955));
#863=EDGE_LOOP('',(#2956));
#864=EDGE_LOOP('',(#2957));
#865=EDGE_LOOP('',(#2958));
#866=EDGE_LOOP('',(#2959));
#867=EDGE_LOOP('',(#2960,#2961,#2962,#2963));
#868=EDGE_LOOP('',(#2964,#2965,#2966,#2967));
#869=EDGE_LOOP('',(#2968,#2969,#2970,#2971));
#870=EDGE_LOOP('',(#2972,#2973,#2974,#2975));
#871=EDGE_LOOP('',(#2976,#2977,#2978,#2979));
#872=EDGE_LOOP('',(#2980,#2981,#2982,#2983));
#873=EDGE_LOOP('',(#2984,#2985,#2986,#2987));
#874=EDGE_LOOP('',(#2988,#2989,#2990,#2991));
#875=EDGE_LOOP('',(#2992));
#876=EDGE_LOOP('',(#2993));
#877=EDGE_LOOP('',(#2994));
#878=EDGE_LOOP('',(#2995,#2996,#2997,#2998));
#879=EDGE_LOOP('',(#2999));
#880=EDGE_LOOP('',(#3000));
#881=EDGE_LOOP('',(#3001));
#882=EDGE_LOOP('',(#3002,#3003,#3004,#3005));
#883=EDGE_LOOP('',(#3006,#3007,#3008,#3009));
#884=EDGE_LOOP('',(#3010,#3011,#3012,#3013));
#885=EDGE_LOOP('',(#3014,#3015,#3016,#3017));
#886=EDGE_LOOP('',(#3018,#3019,#3020,#3021));
#887=EDGE_LOOP('',(#3022,#3023,#3024,#3025));
#888=EDGE_LOOP('',(#3026,#3027,#3028,#3029));
#889=EDGE_LOOP('',(#3030,#3031,#3032,#3033));
#890=EDGE_LOOP('',(#3034));
#891=EDGE_LOOP('',(#3035,#3036,#3037,#3038));
#892=EDGE_LOOP('',(#3039,#3040,#3041,#3042));
#893=EDGE_LOOP('',(#3043,#3044,#3045,#3046));
#894=EDGE_LOOP('',(#3047,#3048,#3049,#3050));
#895=EDGE_LOOP('',(#3051,#3052,#3053,#3054));
#896=EDGE_LOOP('',(#3055,#3056,#3057,#3058));
#897=EDGE_LOOP('',(#3059,#3060,#3061,#3062));
#898=EDGE_LOOP('',(#3063,#3064,#3065,#3066));
#899=EDGE_LOOP('',(#3067));
#900=EDGE_LOOP('',(#3068,#3069,#3070,#3071));
#901=EDGE_LOOP('',(#3072,#3073,#3074,#3075));
#902=EDGE_LOOP('',(#3076,#3077,#3078,#3079));
#903=EDGE_LOOP('',(#3080,#3081,#3082,#3083));
#904=EDGE_LOOP('',(#3084,#3085,#3086,#3087));
#905=EDGE_LOOP('',(#3088,#3089,#3090,#3091));
#906=EDGE_LOOP('',(#3092,#3093,#3094,#3095));
#907=EDGE_LOOP('',(#3096,#3097,#3098,#3099));
#908=EDGE_LOOP('',(#3100));
#909=EDGE_LOOP('',(#3101,#3102,#3103,#3104));
#910=EDGE_LOOP('',(#3105));
#911=EDGE_LOOP('',(#3106,#3107,#3108,#3109));
#912=EDGE_LOOP('',(#3110,#3111,#3112,#3113));
#913=EDGE_LOOP('',(#3114,#3115,#3116,#3117));
#914=EDGE_LOOP('',(#3118,#3119,#3120,#3121));
#915=EDGE_LOOP('',(#3122,#3123,#3124,#3125));
#916=EDGE_LOOP('',(#3126,#3127,#3128,#3129));
#917=EDGE_LOOP('',(#3130,#3131,#3132,#3133));
#918=EDGE_LOOP('',(#3134,#3135,#3136,#3137));
#919=EDGE_LOOP('',(#3138));
#920=EDGE_LOOP('',(#3139));
#921=EDGE_LOOP('',(#3140));
#922=EDGE_LOOP('',(#3141,#3142,#3143,#3144));
#923=EDGE_LOOP('',(#3145));
#924=EDGE_LOOP('',(#3146));
#925=EDGE_LOOP('',(#3147));
#926=EDGE_LOOP('',(#3148,#3149,#3150,#3151));
#927=EDGE_LOOP('',(#3152,#3153,#3154,#3155));
#928=EDGE_LOOP('',(#3156,#3157,#3158,#3159));
#929=EDGE_LOOP('',(#3160,#3161,#3162,#3163));
#930=EDGE_LOOP('',(#3164,#3165,#3166,#3167));
#931=EDGE_LOOP('',(#3168,#3169,#3170,#3171));
#932=EDGE_LOOP('',(#3172,#3173,#3174,#3175));
#933=EDGE_LOOP('',(#3176,#3177,#3178,#3179));
#934=EDGE_LOOP('',(#3180));
#935=EDGE_LOOP('',(#3181,#3182,#3183,#3184));
#936=EDGE_LOOP('',(#3185));
#937=EDGE_LOOP('',(#3186,#3187,#3188,#3189));
#938=EDGE_LOOP('',(#3190,#3191,#3192,#3193));
#939=EDGE_LOOP('',(#3194,#3195,#3196,#3197));
#940=EDGE_LOOP('',(#3198,#3199,#3200,#3201));
#941=EDGE_LOOP('',(#3202,#3203,#3204,#3205));
#942=EDGE_LOOP('',(#3206,#3207,#3208,#3209));
#943=EDGE_LOOP('',(#3210,#3211,#3212,#3213));
#944=EDGE_LOOP('',(#3214,#3215,#3216,#3217));
#945=EDGE_LOOP('',(#3218,#3219,#3220,#3221));
#946=EDGE_LOOP('',(#3222,#3223,#3224,#3225));
#947=EDGE_LOOP('',(#3226,#3227,#3228,#3229));
#948=EDGE_LOOP('',(#3230,#3231,#3232,#3233));
#949=EDGE_LOOP('',(#3234,#3235,#3236,#3237));
#950=EDGE_LOOP('',(#3238,#3239,#3240,#3241));
#951=EDGE_LOOP('',(#3242,#3243,#3244,#3245));
#952=EDGE_LOOP('',(#3246,#3247,#3248,#3249));
#953=EDGE_LOOP('',(#3250,#3251,#3252,#3253));
#954=EDGE_LOOP('',(#3254,#3255,#3256,#3257));
#955=EDGE_LOOP('',(#3258,#3259,#3260,#3261));
#956=EDGE_LOOP('',(#3262,#3263,#3264,#3265));
#957=EDGE_LOOP('',(#3266,#3267,#3268,#3269));
#958=EDGE_LOOP('',(#3270,#3271,#3272,#3273));
#959=EDGE_LOOP('',(#3274,#3275,#3276,#3277));
#960=EDGE_LOOP('',(#3278,#3279,#3280,#3281));
#961=EDGE_LOOP('',(#3282,#3283,#3284,#3285));
#962=EDGE_LOOP('',(#3286,#3287,#3288,#3289));
#963=EDGE_LOOP('',(#3290,#3291,#3292,#3293));
#964=EDGE_LOOP('',(#3294,#3295,#3296,#3297));
#965=EDGE_LOOP('',(#3298,#3299,#3300,#3301));
#966=EDGE_LOOP('',(#3302,#3303,#3304,#3305));
#967=EDGE_LOOP('',(#3306,#3307,#3308,#3309));
#968=EDGE_LOOP('',(#3310,#3311,#3312,#3313));
#969=EDGE_LOOP('',(#3314,#3315,#3316,#3317));
#970=EDGE_LOOP('',(#3318,#3319,#3320,#3321));
#971=EDGE_LOOP('',(#3322,#3323,#3324,#3325));
#972=EDGE_LOOP('',(#3326,#3327,#3328,#3329));
#973=EDGE_LOOP('',(#3330,#3331,#3332,#3333));
#974=EDGE_LOOP('',(#3334,#3335,#3336,#3337));
#975=EDGE_LOOP('',(#3338,#3339,#3340,#3341));
#976=EDGE_LOOP('',(#3342,#3343,#3344,#3345));
#977=EDGE_LOOP('',(#3346,#3347,#3348));
#978=EDGE_LOOP('',(#3349,#3350,#3351));
#979=EDGE_LOOP('',(#3352,#3353,#3354,#3355,#3356,#3357));
#980=EDGE_LOOP('',(#3358,#3359,#3360,#3361));
#981=EDGE_LOOP('',(#3362,#3363,#3364,#3365));
#982=EDGE_LOOP('',(#3366,#3367,#3368));
#983=EDGE_LOOP('',(#3369,#3370,#3371));
#984=EDGE_LOOP('',(#3372,#3373,#3374,#3375,#3376,#3377));
#985=EDGE_LOOP('',(#3378,#3379,#3380,#3381));
#986=EDGE_LOOP('',(#3382,#3383,#3384,#3385));
#987=EDGE_LOOP('',(#3386,#3387,#3388,#3389));
#988=EDGE_LOOP('',(#3390,#3391,#3392,#3393));
#989=EDGE_LOOP('',(#3394,#3395,#3396,#3397));
#990=EDGE_LOOP('',(#3398,#3399,#3400,#3401));
#991=EDGE_LOOP('',(#3402,#3403,#3404,#3405));
#992=EDGE_LOOP('',(#3406,#3407,#3408,#3409));
#993=EDGE_LOOP('',(#3410,#3411,#3412,#3413));
#994=EDGE_LOOP('',(#3414));
#995=EDGE_LOOP('',(#3415));
#996=EDGE_LOOP('',(#3416));
#997=EDGE_LOOP('',(#3417,#3418,#3419,#3420));
#998=EDGE_LOOP('',(#3421));
#999=EDGE_LOOP('',(#3422));
#1000=EDGE_LOOP('',(#3423));
#1001=EDGE_LOOP('',(#3424,#3425,#3426,#3427));
#1002=EDGE_LOOP('',(#3428,#3429,#3430,#3431));
#1003=EDGE_LOOP('',(#3432,#3433,#3434,#3435));
#1004=EDGE_LOOP('',(#3436,#3437,#3438,#3439));
#1005=EDGE_LOOP('',(#3440,#3441,#3442,#3443));
#1006=EDGE_LOOP('',(#3444,#3445,#3446,#3447));
#1007=EDGE_LOOP('',(#3448,#3449,#3450,#3451));
#1008=EDGE_LOOP('',(#3452,#3453,#3454,#3455));
#1009=EDGE_LOOP('',(#3456));
#1010=EDGE_LOOP('',(#3457,#3458,#3459,#3460));
#1011=EDGE_LOOP('',(#3461));
#1012=EDGE_LOOP('',(#3462,#3463,#3464,#3465));
#1013=EDGE_LOOP('',(#3466,#3467,#3468,#3469));
#1014=EDGE_LOOP('',(#3470,#3471,#3472,#3473));
#1015=EDGE_LOOP('',(#3474,#3475,#3476,#3477));
#1016=EDGE_LOOP('',(#3478,#3479,#3480,#3481));
#1017=EDGE_LOOP('',(#3482,#3483,#3484,#3485));
#1018=EDGE_LOOP('',(#3486,#3487,#3488,#3489));
#1019=EDGE_LOOP('',(#3490,#3491,#3492,#3493));
#1020=EDGE_LOOP('',(#3494));
#1021=EDGE_LOOP('',(#3495,#3496,#3497,#3498));
#1022=EDGE_LOOP('',(#3499));
#1023=EDGE_LOOP('',(#3500,#3501,#3502,#3503));
#1024=EDGE_LOOP('',(#3504,#3505,#3506,#3507));
#1025=EDGE_LOOP('',(#3508,#3509,#3510,#3511));
#1026=EDGE_LOOP('',(#3512,#3513,#3514,#3515));
#1027=EDGE_LOOP('',(#3516,#3517,#3518,#3519,#3520,#3521));
#1028=EDGE_LOOP('',(#3522,#3523,#3524,#3525,#3526,#3527));
#1029=EDGE_LOOP('',(#3528,#3529,#3530,#3531));
#1030=EDGE_LOOP('',(#3532,#3533,#3534,#3535));
#1031=EDGE_LOOP('',(#3536,#3537,#3538,#3539));
#1032=EDGE_LOOP('',(#3540,#3541,#3542,#3543));
#1033=EDGE_LOOP('',(#3544,#3545,#3546,#3547));
#1034=EDGE_LOOP('',(#3548,#3549,#3550,#3551));
#1035=EDGE_LOOP('',(#3552,#3553,#3554,#3555));
#1036=EDGE_LOOP('',(#3556,#3557,#3558,#3559,#3560,#3561));
#1037=EDGE_LOOP('',(#3562,#3563,#3564,#3565,#3566,#3567));
#1038=EDGE_LOOP('',(#3568,#3569,#3570,#3571));
#1039=EDGE_LOOP('',(#3572,#3573,#3574,#3575));
#1040=EDGE_LOOP('',(#3576,#3577,#3578,#3579));
#1041=EDGE_LOOP('',(#3580,#3581,#3582,#3583));
#1042=EDGE_LOOP('',(#3584,#3585,#3586,#3587));
#1043=EDGE_LOOP('',(#3588,#3589,#3590,#3591));
#1044=EDGE_LOOP('',(#3592,#3593,#3594,#3595));
#1045=EDGE_LOOP('',(#3596,#3597,#3598,#3599,#3600,#3601));
#1046=EDGE_LOOP('',(#3602,#3603,#3604,#3605,#3606,#3607));
#1047=EDGE_LOOP('',(#3608,#3609,#3610,#3611));
#1048=EDGE_LOOP('',(#3612,#3613,#3614,#3615));
#1049=EDGE_LOOP('',(#3616,#3617,#3618,#3619));
#1050=EDGE_LOOP('',(#3620,#3621,#3622,#3623));
#1051=EDGE_LOOP('',(#3624,#3625,#3626,#3627));
#1052=EDGE_LOOP('',(#3628,#3629,#3630,#3631));
#1053=EDGE_LOOP('',(#3632,#3633,#3634,#3635));
#1054=EDGE_LOOP('',(#3636,#3637,#3638,#3639));
#1055=EDGE_LOOP('',(#3640,#3641,#3642,#3643));
#1056=EDGE_LOOP('',(#3644,#3645,#3646,#3647));
#1057=EDGE_LOOP('',(#3648,#3649,#3650,#3651));
#1058=EDGE_LOOP('',(#3652,#3653,#3654,#3655));
#1059=EDGE_LOOP('',(#3656,#3657,#3658,#3659));
#1060=EDGE_LOOP('',(#3660,#3661,#3662,#3663));
#1061=EDGE_LOOP('',(#3664,#3665,#3666,#3667));
#1062=EDGE_LOOP('',(#3668,#3669,#3670,#3671));
#1063=EDGE_LOOP('',(#3672,#3673,#3674,#3675));
#1064=EDGE_LOOP('',(#3676,#3677,#3678,#3679));
#1065=EDGE_LOOP('',(#3680));
#1066=EDGE_LOOP('',(#3681));
#1067=EDGE_LOOP('',(#3682));
#1068=EDGE_LOOP('',(#3683));
#1069=EDGE_LOOP('',(#3684,#3685,#3686,#3687,#3688));
#1070=EDGE_LOOP('',(#3689,#3690,#3691,#3692,#3693,#3694));
#1071=EDGE_LOOP('',(#3695,#3696,#3697,#3698));
#1072=EDGE_LOOP('',(#3699,#3700,#3701,#3702,#3703));
#1073=EDGE_LOOP('',(#3704,#3705,#3706,#3707,#3708,#3709));
#1074=EDGE_LOOP('',(#3710,#3711,#3712,#3713,#3714,#3715));
#1075=EDGE_LOOP('',(#3716,#3717,#3718,#3719,#3720,#3721));
#1076=EDGE_LOOP('',(#3722,#3723,#3724,#3725,#3726,#3727));
#1077=EDGE_LOOP('',(#3728,#3729,#3730,#3731,#3732,#3733));
#1078=EDGE_LOOP('',(#3734,#3735,#3736,#3737,#3738,#3739));
#1079=EDGE_LOOP('',(#3740,#3741,#3742,#3743,#3744,#3745));
#1080=EDGE_LOOP('',(#3746));
#1081=EDGE_LOOP('',(#3747,#3748,#3749,#3750,#3751,#3752));
#1082=EDGE_LOOP('',(#3753));
#1083=EDGE_LOOP('',(#3754,#3755,#3756));
#1084=EDGE_LOOP('',(#3757,#3758,#3759));
#1085=EDGE_LOOP('',(#3760,#3761,#3762));
#1086=EDGE_LOOP('',(#3763,#3764,#3765));
#1087=EDGE_LOOP('',(#3766,#3767,#3768));
#1088=EDGE_LOOP('',(#3769,#3770,#3771));
#1089=EDGE_LOOP('',(#3772,#3773,#3774));
#1090=EDGE_LOOP('',(#3775,#3776,#3777));
#1091=EDGE_LOOP('',(#3778,#3779,#3780));
#1092=EDGE_LOOP('',(#3781,#3782,#3783));
#1093=EDGE_LOOP('',(#3784,#3785,#3786));
#1094=EDGE_LOOP('',(#3787,#3788,#3789));
#1095=EDGE_LOOP('',(#3790,#3791,#3792,#3793,#3794,#3795,#3796,#3797,#3798,
#3799,#3800,#3801,#3802,#3803,#3804,#3805,#3806,#3807,#3808));
#1096=EDGE_LOOP('',(#3809,#3810));
#1097=EDGE_LOOP('',(#3811,#3812,#3813,#3814));
#1098=EDGE_LOOP('',(#3815,#3816,#3817,#3818));
#1099=EDGE_LOOP('',(#3819,#3820,#3821,#3822));
#1100=EDGE_LOOP('',(#3823,#3824,#3825,#3826));
#1101=EDGE_LOOP('',(#3827));
#1102=EDGE_LOOP('',(#3828,#3829,#3830,#3831,#3832,#3833,#3834,#3835,#3836,
#3837,#3838,#3839,#3840,#3841,#3842,#3843));
#1103=EDGE_LOOP('',(#3844,#3845,#3846,#3847));
#1104=EDGE_LOOP('',(#3848,#3849,#3850,#3851));
#1105=EDGE_LOOP('',(#3852,#3853,#3854,#3855));
#1106=EDGE_LOOP('',(#3856,#3857,#3858,#3859));
#1107=EDGE_LOOP('',(#3860,#3861,#3862,#3863,#3864,#3865));
#1108=EDGE_LOOP('',(#3866,#3867,#3868,#3869,#3870,#3871));
#1109=EDGE_LOOP('',(#3872,#3873,#3874));
#1110=EDGE_LOOP('',(#3875,#3876,#3877));
#1111=EDGE_LOOP('',(#3878,#3879,#3880));
#1112=EDGE_LOOP('',(#3881,#3882,#3883));
#1113=EDGE_LOOP('',(#3884,#3885,#3886));
#1114=EDGE_LOOP('',(#3887,#3888,#3889));
#1115=EDGE_LOOP('',(#3890,#3891,#3892));
#1116=EDGE_LOOP('',(#3893,#3894,#3895,#3896));
#1117=EDGE_LOOP('',(#3897,#3898,#3899,#3900));
#1118=EDGE_LOOP('',(#3901,#3902,#3903,#3904,#3905,#3906));
#1119=EDGE_LOOP('',(#3907,#3908,#3909,#3910,#3911,#3912));
#1120=EDGE_LOOP('',(#3913,#3914,#3915,#3916));
#1121=EDGE_LOOP('',(#3917,#3918,#3919,#3920));
#1122=EDGE_LOOP('',(#3921));
#1123=EDGE_LOOP('',(#3922));
#1124=EDGE_LOOP('',(#3923));
#1125=EDGE_LOOP('',(#3924,#3925,#3926));
#1126=EDGE_LOOP('',(#3927,#3928));
#1127=EDGE_LOOP('',(#3929,#3930));
#1128=EDGE_LOOP('',(#3931,#3932,#3933,#3934));
#1129=EDGE_LOOP('',(#3935,#3936,#3937));
#1130=EDGE_LOOP('',(#3938,#3939,#3940,#3941));
#1131=EDGE_LOOP('',(#3942,#3943,#3944,#3945));
#1132=EDGE_LOOP('',(#3946,#3947,#3948,#3949));
#1133=LINE('',#6074,#1469);
#1134=LINE('',#6080,#1470);
#1135=LINE('',#6086,#1471);
#1136=LINE('',#6092,#1472);
#1137=LINE('',#6098,#1473);
#1138=LINE('',#6104,#1474);
#1139=LINE('',#6110,#1475);
#1140=LINE('',#6116,#1476);
#1141=LINE('',#6122,#1477);
#1142=LINE('',#6128,#1478);
#1143=LINE('',#6134,#1479);
#1144=LINE('',#6140,#1480);
#1145=LINE('',#6146,#1481);
#1146=LINE('',#6152,#1482);
#1147=LINE('',#6157,#1483);
#1148=LINE('',#6159,#1484);
#1149=LINE('',#6161,#1485);
#1150=LINE('',#6162,#1486);
#1151=LINE('',#6166,#1487);
#1152=LINE('',#6168,#1488);
#1153=LINE('',#6170,#1489);
#1154=LINE('',#6171,#1490);
#1155=LINE('',#6175,#1491);
#1156=LINE('',#6179,#1492);
#1157=LINE('',#6184,#1493);
#1158=LINE('',#6188,#1494);
#1159=LINE('',#6193,#1495);
#1160=LINE('',#6197,#1496);
#1161=LINE('',#6204,#1497);
#1162=LINE('',#6207,#1498);
#1163=LINE('',#6210,#1499);
#1164=LINE('',#6211,#1500);
#1165=LINE('',#6213,#1501);
#1166=LINE('',#6214,#1502);
#1167=LINE('',#6216,#1503);
#1168=LINE('',#6217,#1504);
#1169=LINE('',#6218,#1505);
#1170=LINE('',#6219,#1506);
#1171=LINE('',#6224,#1507);
#1172=LINE('',#6228,#1508);
#1173=LINE('',#6232,#1509);
#1174=LINE('',#6235,#1510);
#1175=LINE('',#6238,#1511);
#1176=LINE('',#6239,#1512);
#1177=LINE('',#6241,#1513);
#1178=LINE('',#6242,#1514);
#1179=LINE('',#6247,#1515);
#1180=LINE('',#6249,#1516);
#1181=LINE('',#6250,#1517);
#1182=LINE('',#6251,#1518);
#1183=LINE('',#6253,#1519);
#1184=LINE('',#6254,#1520);
#1185=LINE('',#6255,#1521);
#1186=LINE('',#6256,#1522);
#1187=LINE('',#6259,#1523);
#1188=LINE('',#6263,#1524);
#1189=LINE('',#6267,#1525);
#1190=LINE('',#6271,#1526);
#1191=LINE('',#6275,#1527);
#1192=LINE('',#6277,#1528);
#1193=LINE('',#6278,#1529);
#1194=LINE('',#6279,#1530);
#1195=LINE('',#6324,#1531);
#1196=LINE('',#6490,#1532);
#1197=LINE('',#6535,#1533);
#1198=LINE('',#6537,#1534);
#1199=LINE('',#6540,#1535);
#1200=LINE('',#6542,#1536);
#1201=LINE('',#6543,#1537);
#1202=LINE('',#6547,#1538);
#1203=LINE('',#6548,#1539);
#1204=LINE('',#6549,#1540);
#1205=LINE('',#6551,#1541);
#1206=LINE('',#6552,#1542);
#1207=LINE('',#6596,#1543);
#1208=LINE('',#6761,#1544);
#1209=LINE('',#6829,#1545);
#1210=LINE('',#6832,#1546);
#1211=LINE('',#6835,#1547);
#1212=LINE('',#6837,#1548);
#1213=LINE('',#6838,#1549);
#1214=LINE('',#6840,#1550);
#1215=LINE('',#6841,#1551);
#1216=LINE('',#6885,#1552);
#1217=LINE('',#6926,#1553);
#1218=LINE('',#7075,#1554);
#1219=LINE('',#7121,#1555);
#1220=LINE('',#7125,#1556);
#1221=LINE('',#7126,#1557);
#1222=LINE('',#7127,#1558);
#1223=LINE('',#7129,#1559);
#1224=LINE('',#7130,#1560);
#1225=LINE('',#7175,#1561);
#1226=LINE('',#7341,#1562);
#1227=LINE('',#7409,#1563);
#1228=LINE('',#7411,#1564);
#1229=LINE('',#7413,#1565);
#1230=LINE('',#7416,#1566);
#1231=LINE('',#7418,#1567);
#1232=LINE('',#7419,#1568);
#1233=LINE('',#7422,#1569);
#1234=LINE('',#7424,#1570);
#1235=LINE('',#7425,#1571);
#1236=LINE('',#7427,#1572);
#1237=LINE('',#7428,#1573);
#1238=LINE('',#7473,#1574);
#1239=LINE('',#7639,#1575);
#1240=LINE('',#7684,#1576);
#1241=LINE('',#7686,#1577);
#1242=LINE('',#7689,#1578);
#1243=LINE('',#7691,#1579);
#1244=LINE('',#7692,#1580);
#1245=LINE('',#7696,#1581);
#1246=LINE('',#7697,#1582);
#1247=LINE('',#7698,#1583);
#1248=LINE('',#7700,#1584);
#1249=LINE('',#7701,#1585);
#1250=LINE('',#7746,#1586);
#1251=LINE('',#7787,#1587);
#1252=LINE('',#7937,#1588);
#1253=LINE('',#7982,#1589);
#1254=LINE('',#7984,#1590);
#1255=LINE('',#7987,#1591);
#1256=LINE('',#7989,#1592);
#1257=LINE('',#7990,#1593);
#1258=LINE('',#7994,#1594);
#1259=LINE('',#7995,#1595);
#1260=LINE('',#7996,#1596);
#1261=LINE('',#7998,#1597);
#1262=LINE('',#7999,#1598);
#1263=LINE('',#8003,#1599);
#1264=LINE('',#8004,#1600);
#1265=LINE('',#8006,#1601);
#1266=LINE('',#8008,#1602);
#1267=LINE('',#8010,#1603);
#1268=LINE('',#8012,#1604);
#1269=LINE('',#8014,#1605);
#1270=LINE('',#8016,#1606);
#1271=LINE('',#8021,#1607);
#1272=LINE('',#8023,#1608);
#1273=LINE('',#8025,#1609);
#1274=LINE('',#8026,#1610);
#1275=LINE('',#8029,#1611);
#1276=LINE('',#8031,#1612);
#1277=LINE('',#8032,#1613);
#1278=LINE('',#8035,#1614);
#1279=LINE('',#8037,#1615);
#1280=LINE('',#8038,#1616);
#1281=LINE('',#8040,#1617);
#1282=LINE('',#8042,#1618);
#1283=LINE('',#8054,#1619);
#1284=LINE('',#8056,#1620);
#1285=LINE('',#8058,#1621);
#1286=LINE('',#8059,#1622);
#1287=LINE('',#8062,#1623);
#1288=LINE('',#8064,#1624);
#1289=LINE('',#8065,#1625);
#1290=LINE('',#8068,#1626);
#1291=LINE('',#8070,#1627);
#1292=LINE('',#8071,#1628);
#1293=LINE('',#8073,#1629);
#1294=LINE('',#8075,#1630);
#1295=LINE('',#8089,#1631);
#1296=LINE('',#8095,#1632);
#1297=LINE('',#8101,#1633);
#1298=LINE('',#8107,#1634);
#1299=LINE('',#8113,#1635);
#1300=LINE('',#8118,#1636);
#1301=LINE('',#8120,#1637);
#1302=LINE('',#8122,#1638);
#1303=LINE('',#8123,#1639);
#1304=LINE('',#8154,#1640);
#1305=LINE('',#8158,#1641);
#1306=LINE('',#8190,#1642);
#1307=LINE('',#8196,#1643);
#1308=LINE('',#8198,#1644);
#1309=LINE('',#8200,#1645);
#1310=LINE('',#8201,#1646);
#1311=LINE('',#8233,#1647);
#1312=LINE('',#8267,#1648);
#1313=LINE('',#8270,#1649);
#1314=LINE('',#8273,#1650);
#1315=LINE('',#8274,#1651);
#1316=LINE('',#8275,#1652);
#1317=LINE('',#8278,#1653);
#1318=LINE('',#8279,#1654);
#1319=LINE('',#8280,#1655);
#1320=LINE('',#8282,#1656);
#1321=LINE('',#8283,#1657);
#1322=LINE('',#8284,#1658);
#1323=LINE('',#8285,#1659);
#1324=LINE('',#8290,#1660);
#1325=LINE('',#8291,#1661);
#1326=LINE('',#8292,#1662);
#1327=LINE('',#8295,#1663);
#1328=LINE('',#8296,#1664);
#1329=LINE('',#8297,#1665);
#1330=LINE('',#8299,#1666);
#1331=LINE('',#8300,#1667);
#1332=LINE('',#8301,#1668);
#1333=LINE('',#8302,#1669);
#1334=LINE('',#8308,#1670);
#1335=LINE('',#8315,#1671);
#1336=LINE('',#8318,#1672);
#1337=LINE('',#8320,#1673);
#1338=LINE('',#8323,#1674);
#1339=LINE('',#8325,#1675);
#1340=LINE('',#8326,#1676);
#1341=LINE('',#8329,#1677);
#1342=LINE('',#8331,#1678);
#1343=LINE('',#8332,#1679);
#1344=LINE('',#8334,#1680);
#1345=LINE('',#8336,#1681);
#1346=LINE('',#8380,#1682);
#1347=LINE('',#8467,#1683);
#1348=LINE('',#8486,#1684);
#1349=LINE('',#8488,#1685);
#1350=LINE('',#8490,#1686);
#1351=LINE('',#8493,#1687);
#1352=LINE('',#8495,#1688);
#1353=LINE('',#8496,#1689);
#1354=LINE('',#8499,#1690);
#1355=LINE('',#8501,#1691);
#1356=LINE('',#8502,#1692);
#1357=LINE('',#8504,#1693);
#1358=LINE('',#8506,#1694);
#1359=LINE('',#8550,#1695);
#1360=LINE('',#8565,#1696);
#1361=LINE('',#8640,#1697);
#1362=LINE('',#8658,#1698);
#1363=LINE('',#8660,#1699);
#1364=LINE('',#8663,#1700);
#1365=LINE('',#8665,#1701);
#1366=LINE('',#8666,#1702);
#1367=LINE('',#8669,#1703);
#1368=LINE('',#8671,#1704);
#1369=LINE('',#8672,#1705);
#1370=LINE('',#8674,#1706);
#1371=LINE('',#8676,#1707);
#1372=LINE('',#8681,#1708);
#1373=LINE('',#8683,#1709);
#1374=LINE('',#8685,#1710);
#1375=LINE('',#8686,#1711);
#1376=LINE('',#8690,#1712);
#1377=LINE('',#8692,#1713);
#1378=LINE('',#8694,#1714);
#1379=LINE('',#8695,#1715);
#1380=LINE('',#8699,#1716);
#1381=LINE('',#8701,#1717);
#1382=LINE('',#8703,#1718);
#1383=LINE('',#8704,#1719);
#1384=LINE('',#8706,#1720);
#1385=LINE('',#8707,#1721);
#1386=LINE('',#8708,#1722);
#1387=LINE('',#8710,#1723);
#1388=LINE('',#8711,#1724);
#1389=LINE('',#8712,#1725);
#1390=LINE('',#8724,#1726);
#1391=LINE('',#8726,#1727);
#1392=LINE('',#8728,#1728);
#1393=LINE('',#8729,#1729);
#1394=LINE('',#8733,#1730);
#1395=LINE('',#8735,#1731);
#1396=LINE('',#8737,#1732);
#1397=LINE('',#8738,#1733);
#1398=LINE('',#8742,#1734);
#1399=LINE('',#8744,#1735);
#1400=LINE('',#8746,#1736);
#1401=LINE('',#8747,#1737);
#1402=LINE('',#8749,#1738);
#1403=LINE('',#8750,#1739);
#1404=LINE('',#8751,#1740);
#1405=LINE('',#8753,#1741);
#1406=LINE('',#8754,#1742);
#1407=LINE('',#8755,#1743);
#1408=LINE('',#8767,#1744);
#1409=LINE('',#8769,#1745);
#1410=LINE('',#8771,#1746);
#1411=LINE('',#8772,#1747);
#1412=LINE('',#8776,#1748);
#1413=LINE('',#8778,#1749);
#1414=LINE('',#8780,#1750);
#1415=LINE('',#8781,#1751);
#1416=LINE('',#8785,#1752);
#1417=LINE('',#8787,#1753);
#1418=LINE('',#8789,#1754);
#1419=LINE('',#8790,#1755);
#1420=LINE('',#8792,#1756);
#1421=LINE('',#8793,#1757);
#1422=LINE('',#8794,#1758);
#1423=LINE('',#8796,#1759);
#1424=LINE('',#8797,#1760);
#1425=LINE('',#8798,#1761);
#1426=LINE('',#8825,#1762);
#1427=LINE('',#8828,#1763);
#1428=LINE('',#8836,#1764);
#1429=LINE('',#8837,#1765);
#1430=LINE('',#8845,#1766);
#1431=LINE('',#8851,#1767);
#1432=LINE('',#8860,#1768);
#1433=LINE('',#8868,#1769);
#1434=LINE('',#8874,#1770);
#1435=LINE('',#8877,#1771);
#1436=LINE('',#8881,#1772);
#1437=LINE('',#8891,#1773);
#1438=LINE('',#8909,#1774);
#1439=LINE('',#8924,#1775);
#1440=LINE('',#8945,#1776);
#1441=LINE('',#8963,#1777);
#1442=LINE('',#9016,#1778);
#1443=LINE('',#9066,#1779);
#1444=LINE('',#9070,#1780);
#1445=LINE('',#9110,#1781);
#1446=LINE('',#9111,#1782);
#1447=LINE('',#9114,#1783);
#1448=LINE('',#9118,#1784);
#1449=LINE('',#9121,#1785);
#1450=LINE('',#9125,#1786);
#1451=LINE('',#9131,#1787);
#1452=LINE('',#9132,#1788);
#1453=LINE('',#9135,#1789);
#1454=LINE('',#9136,#1790);
#1455=LINE('',#9139,#1791);
#1456=LINE('',#9140,#1792);
#1457=LINE('',#9143,#1793);
#1458=LINE('',#9144,#1794);
#1459=LINE('',#9149,#1795);
#1460=LINE('',#9150,#1796);
#1461=LINE('',#9153,#1797);
#1462=LINE('',#9154,#1798);
#1463=LINE('',#9162,#1799);
#1464=LINE('',#9163,#1800);
#1465=LINE('',#9168,#1801);
#1466=LINE('',#9170,#1802);
#1467=LINE('',#9173,#1803);
#1468=LINE('',#9174,#1804);
#1469=VECTOR('',#4818,4.5);
#1470=VECTOR('',#4825,4.5);
#1471=VECTOR('',#4832,4.5);
#1472=VECTOR('',#4839,4.5);
#1473=VECTOR('',#4846,1.59999999999988);
#1474=VECTOR('',#4853,1.59999999999988);
#1475=VECTOR('',#4860,1.59999999999989);
#1476=VECTOR('',#4867,1.59999999999989);
#1477=VECTOR('',#4874,1.59999999999989);
#1478=VECTOR('',#4881,1.59999999999989);
#1479=VECTOR('',#4888,1.59999999999989);
#1480=VECTOR('',#4895,1.59999999999989);
#1481=VECTOR('',#4902,1.59999999999989);
#1482=VECTOR('',#4909,1.59999999999989);
#1483=VECTOR('',#4914,1000.);
#1484=VECTOR('',#4915,1000.);
#1485=VECTOR('',#4916,1000.);
#1486=VECTOR('',#4917,1000.);
#1487=VECTOR('',#4920,1000.);
#1488=VECTOR('',#4921,1000.);
#1489=VECTOR('',#4922,1000.);
#1490=VECTOR('',#4923,1000.);
#1491=VECTOR('',#4926,1000.);
#1492=VECTOR('',#4929,1000.);
#1493=VECTOR('',#4934,1000.);
#1494=VECTOR('',#4937,1000.);
#1495=VECTOR('',#4942,1000.);
#1496=VECTOR('',#4945,1000.);
#1497=VECTOR('',#4952,1000.);
#1498=VECTOR('',#4955,1000.);
#1499=VECTOR('',#4958,1000.);
#1500=VECTOR('',#4959,1000.);
#1501=VECTOR('',#4960,1000.);
#1502=VECTOR('',#4961,1000.);
#1503=VECTOR('',#4964,1000.);
#1504=VECTOR('',#4965,1000.);
#1505=VECTOR('',#4966,1000.);
#1506=VECTOR('',#4967,1000.);
#1507=VECTOR('',#4970,1000.);
#1508=VECTOR('',#4973,1000.);
#1509=VECTOR('',#4976,1000.);
#1510=VECTOR('',#4979,1000.);
#1511=VECTOR('',#4982,1000.);
#1512=VECTOR('',#4983,1000.);
#1513=VECTOR('',#4984,1000.);
#1514=VECTOR('',#4985,1000.);
#1515=VECTOR('',#4992,1000.);
#1516=VECTOR('',#4993,1000.);
#1517=VECTOR('',#4994,1000.);
#1518=VECTOR('',#4995,1000.);
#1519=VECTOR('',#4998,1000.);
#1520=VECTOR('',#4999,1000.);
#1521=VECTOR('',#5000,1000.);
#1522=VECTOR('',#5001,1000.);
#1523=VECTOR('',#5002,1000.);
#1524=VECTOR('',#5005,1000.);
#1525=VECTOR('',#5008,1000.);
#1526=VECTOR('',#5011,1000.);
#1527=VECTOR('',#5016,1000.);
#1528=VECTOR('',#5017,1000.);
#1529=VECTOR('',#5018,1000.);
#1530=VECTOR('',#5019,1000.);
#1531=VECTOR('',#5024,1000.);
#1532=VECTOR('',#5025,1000.);
#1533=VECTOR('',#5028,1000.);
#1534=VECTOR('',#5031,1000.);
#1535=VECTOR('',#5034,1000.);
#1536=VECTOR('',#5035,1000.);
#1537=VECTOR('',#5036,1000.);
#1538=VECTOR('',#5039,1000.);
#1539=VECTOR('',#5040,1000.);
#1540=VECTOR('',#5041,1000.);
#1541=VECTOR('',#5044,1000.);
#1542=VECTOR('',#5045,1000.);
#1543=VECTOR('',#5050,1000.);
#1544=VECTOR('',#5051,1000.);
#1545=VECTOR('',#5052,1000.);
#1546=VECTOR('',#5057,1000.);
#1547=VECTOR('',#5060,1000.);
#1548=VECTOR('',#5061,1000.);
#1549=VECTOR('',#5062,1000.);
#1550=VECTOR('',#5065,1000.);
#1551=VECTOR('',#5066,1000.);
#1552=VECTOR('',#5071,1000.);
#1553=VECTOR('',#5072,1000.);
#1554=VECTOR('',#5073,1000.);
#1555=VECTOR('',#5078,1000.);
#1556=VECTOR('',#5081,1000.);
#1557=VECTOR('',#5082,1000.);
#1558=VECTOR('',#5083,1000.);
#1559=VECTOR('',#5086,1000.);
#1560=VECTOR('',#5087,1000.);
#1561=VECTOR('',#5092,1000.);
#1562=VECTOR('',#5093,1000.);
#1563=VECTOR('',#5094,1000.);
#1564=VECTOR('',#5097,1000.);
#1565=VECTOR('',#5100,1000.);
#1566=VECTOR('',#5103,1000.);
#1567=VECTOR('',#5104,1000.);
#1568=VECTOR('',#5105,1000.);
#1569=VECTOR('',#5108,1000.);
#1570=VECTOR('',#5109,1000.);
#1571=VECTOR('',#5110,1000.);
#1572=VECTOR('',#5113,1000.);
#1573=VECTOR('',#5114,1000.);
#1574=VECTOR('',#5119,1000.);
#1575=VECTOR('',#5120,1000.);
#1576=VECTOR('',#5123,1000.);
#1577=VECTOR('',#5126,1000.);
#1578=VECTOR('',#5129,1000.);
#1579=VECTOR('',#5130,1000.);
#1580=VECTOR('',#5131,1000.);
#1581=VECTOR('',#5134,1000.);
#1582=VECTOR('',#5135,1000.);
#1583=VECTOR('',#5136,1000.);
#1584=VECTOR('',#5139,1000.);
#1585=VECTOR('',#5140,1000.);
#1586=VECTOR('',#5145,1000.);
#1587=VECTOR('',#5146,1000.);
#1588=VECTOR('',#5147,1000.);
#1589=VECTOR('',#5150,1000.);
#1590=VECTOR('',#5153,1000.);
#1591=VECTOR('',#5156,1000.);
#1592=VECTOR('',#5157,1000.);
#1593=VECTOR('',#5158,1000.);
#1594=VECTOR('',#5161,1000.);
#1595=VECTOR('',#5162,1000.);
#1596=VECTOR('',#5163,1000.);
#1597=VECTOR('',#5166,1000.);
#1598=VECTOR('',#5167,1000.);
#1599=VECTOR('',#5174,1000.);
#1600=VECTOR('',#5175,1000.);
#1601=VECTOR('',#5178,1000.);
#1602=VECTOR('',#5181,1000.);
#1603=VECTOR('',#5184,1000.);
#1604=VECTOR('',#5187,1000.);
#1605=VECTOR('',#5190,1000.);
#1606=VECTOR('',#5193,1000.);
#1607=VECTOR('',#5198,1000.);
#1608=VECTOR('',#5199,1000.);
#1609=VECTOR('',#5200,1000.);
#1610=VECTOR('',#5201,1000.);
#1611=VECTOR('',#5204,1000.);
#1612=VECTOR('',#5205,1000.);
#1613=VECTOR('',#5206,1000.);
#1614=VECTOR('',#5209,1000.);
#1615=VECTOR('',#5210,1000.);
#1616=VECTOR('',#5211,1000.);
#1617=VECTOR('',#5214,1000.);
#1618=VECTOR('',#5217,1000.);
#1619=VECTOR('',#5236,1000.);
#1620=VECTOR('',#5237,1000.);
#1621=VECTOR('',#5238,1000.);
#1622=VECTOR('',#5239,1000.);
#1623=VECTOR('',#5242,1000.);
#1624=VECTOR('',#5243,1000.);
#1625=VECTOR('',#5244,1000.);
#1626=VECTOR('',#5247,1000.);
#1627=VECTOR('',#5248,1000.);
#1628=VECTOR('',#5249,1000.);
#1629=VECTOR('',#5252,1000.);
#1630=VECTOR('',#5255,1000.);
#1631=VECTOR('',#5278,1.90000000000001);
#1632=VECTOR('',#5285,1.89999999999998);
#1633=VECTOR('',#5292,1.9);
#1634=VECTOR('',#5299,1.89999999999998);
#1635=VECTOR('',#5306,1.9);
#1636=VECTOR('',#5311,1000.);
#1637=VECTOR('',#5312,1000.);
#1638=VECTOR('',#5313,1000.);
#1639=VECTOR('',#5314,1000.);
#1640=VECTOR('',#5315,1000.);
#1641=VECTOR('',#5318,1000.);
#1642=VECTOR('',#5321,1000.);
#1643=VECTOR('',#5328,1000.);
#1644=VECTOR('',#5329,1000.);
#1645=VECTOR('',#5330,1000.);
#1646=VECTOR('',#5331,1000.);
#1647=VECTOR('',#5334,1000.);
#1648=VECTOR('',#5339,1000.);
#1649=VECTOR('',#5342,1000.);
#1650=VECTOR('',#5345,1000.);
#1651=VECTOR('',#5346,1000.);
#1652=VECTOR('',#5347,1000.);
#1653=VECTOR('',#5350,1000.);
#1654=VECTOR('',#5351,1000.);
#1655=VECTOR('',#5352,1000.);
#1656=VECTOR('',#5355,1000.);
#1657=VECTOR('',#5356,1000.);
#1658=VECTOR('',#5357,1000.);
#1659=VECTOR('',#5358,1000.);
#1660=VECTOR('',#5365,1000.);
#1661=VECTOR('',#5366,1000.);
#1662=VECTOR('',#5367,1000.);
#1663=VECTOR('',#5370,1000.);
#1664=VECTOR('',#5371,1000.);
#1665=VECTOR('',#5372,1000.);
#1666=VECTOR('',#5375,1000.);
#1667=VECTOR('',#5376,1000.);
#1668=VECTOR('',#5377,1000.);
#1669=VECTOR('',#5378,1000.);
#1670=VECTOR('',#5385,1000.);
#1671=VECTOR('',#5394,1000.);
#1672=VECTOR('',#5399,1000.);
#1673=VECTOR('',#5402,1000.);
#1674=VECTOR('',#5405,1000.);
#1675=VECTOR('',#5406,1000.);
#1676=VECTOR('',#5407,1000.);
#1677=VECTOR('',#5410,1000.);
#1678=VECTOR('',#5411,1000.);
#1679=VECTOR('',#5412,1000.);
#1680=VECTOR('',#5415,1000.);
#1681=VECTOR('',#5418,1000.);
#1682=VECTOR('',#5421,1000.);
#1683=VECTOR('',#5422,1000.);
#1684=VECTOR('',#5423,1000.);
#1685=VECTOR('',#5426,1000.);
#1686=VECTOR('',#5429,1000.);
#1687=VECTOR('',#5432,1000.);
#1688=VECTOR('',#5433,1000.);
#1689=VECTOR('',#5434,1000.);
#1690=VECTOR('',#5437,1000.);
#1691=VECTOR('',#5438,1000.);
#1692=VECTOR('',#5439,1000.);
#1693=VECTOR('',#5442,1000.);
#1694=VECTOR('',#5445,1000.);
#1695=VECTOR('',#5448,1000.);
#1696=VECTOR('',#5449,1000.);
#1697=VECTOR('',#5450,1000.);
#1698=VECTOR('',#5453,1000.);
#1699=VECTOR('',#5456,1000.);
#1700=VECTOR('',#5459,1000.);
#1701=VECTOR('',#5460,1000.);
#1702=VECTOR('',#5461,1000.);
#1703=VECTOR('',#5464,1000.);
#1704=VECTOR('',#5465,1000.);
#1705=VECTOR('',#5466,1000.);
#1706=VECTOR('',#5469,1000.);
#1707=VECTOR('',#5472,1000.);
#1708=VECTOR('',#5477,1000.);
#1709=VECTOR('',#5478,1000.);
#1710=VECTOR('',#5479,1000.);
#1711=VECTOR('',#5480,1000.);
#1712=VECTOR('',#5483,1000.);
#1713=VECTOR('',#5484,1000.);
#1714=VECTOR('',#5485,1000.);
#1715=VECTOR('',#5486,1000.);
#1716=VECTOR('',#5489,1000.);
#1717=VECTOR('',#5490,1000.);
#1718=VECTOR('',#5491,1000.);
#1719=VECTOR('',#5492,1000.);
#1720=VECTOR('',#5495,1000.);
#1721=VECTOR('',#5496,1000.);
#1722=VECTOR('',#5497,1000.);
#1723=VECTOR('',#5500,1000.);
#1724=VECTOR('',#5501,1000.);
#1725=VECTOR('',#5502,1000.);
#1726=VECTOR('',#5521,1000.);
#1727=VECTOR('',#5522,1000.);
#1728=VECTOR('',#5523,1000.);
#1729=VECTOR('',#5524,1000.);
#1730=VECTOR('',#5527,1000.);
#1731=VECTOR('',#5528,1000.);
#1732=VECTOR('',#5529,1000.);
#1733=VECTOR('',#5530,1000.);
#1734=VECTOR('',#5533,1000.);
#1735=VECTOR('',#5534,1000.);
#1736=VECTOR('',#5535,1000.);
#1737=VECTOR('',#5536,1000.);
#1738=VECTOR('',#5539,1000.);
#1739=VECTOR('',#5540,1000.);
#1740=VECTOR('',#5541,1000.);
#1741=VECTOR('',#5544,1000.);
#1742=VECTOR('',#5545,1000.);
#1743=VECTOR('',#5546,1000.);
#1744=VECTOR('',#5565,1000.);
#1745=VECTOR('',#5566,1000.);
#1746=VECTOR('',#5567,1000.);
#1747=VECTOR('',#5568,1000.);
#1748=VECTOR('',#5571,1000.);
#1749=VECTOR('',#5572,1000.);
#1750=VECTOR('',#5573,1000.);
#1751=VECTOR('',#5574,1000.);
#1752=VECTOR('',#5577,1000.);
#1753=VECTOR('',#5578,1000.);
#1754=VECTOR('',#5579,1000.);
#1755=VECTOR('',#5580,1000.);
#1756=VECTOR('',#5583,1000.);
#1757=VECTOR('',#5584,1000.);
#1758=VECTOR('',#5585,1000.);
#1759=VECTOR('',#5588,1000.);
#1760=VECTOR('',#5589,1000.);
#1761=VECTOR('',#5590,1000.);
#1762=VECTOR('',#5633,1000.);
#1763=VECTOR('',#5636,1000.);
#1764=VECTOR('',#5647,1000.);
#1765=VECTOR('',#5648,1000.);
#1766=VECTOR('',#5659,3.5);
#1767=VECTOR('',#5666,1.6);
#1768=VECTOR('',#5679,1.5);
#1769=VECTOR('',#5688,1.5);
#1770=VECTOR('',#5695,1.225);
#1771=VECTOR('',#5700,1.25);
#1772=VECTOR('',#5703,1000.);
#1773=VECTOR('',#5704,1000.);
#1774=VECTOR('',#5707,1000.);
#1775=VECTOR('',#5710,1000.);
#1776=VECTOR('',#5713,1000.);
#1777=VECTOR('',#5716,1000.);
#1778=VECTOR('',#5775,3077.68353717532);
#1779=VECTOR('',#5832,2.8);
#1780=VECTOR('',#5837,1.5);
#1781=VECTOR('',#5876,1000.);
#1782=VECTOR('',#5877,1000.);
#1783=VECTOR('',#5880,1000.);
#1784=VECTOR('',#5881,1000.);
#1785=VECTOR('',#5884,1000.);
#1786=VECTOR('',#5885,1000.);
#1787=VECTOR('',#5888,1000.);
#1788=VECTOR('',#5889,1000.);
#1789=VECTOR('',#5894,1000.);
#1790=VECTOR('',#5895,1000.);
#1791=VECTOR('',#5900,1000.);
#1792=VECTOR('',#5901,1000.);
#1793=VECTOR('',#5904,1000.);
#1794=VECTOR('',#5905,1000.);
#1795=VECTOR('',#5912,1000.);
#1796=VECTOR('',#5913,1000.);
#1797=VECTOR('',#5916,1000.);
#1798=VECTOR('',#5917,1000.);
#1799=VECTOR('',#5924,1000.);
#1800=VECTOR('',#5925,1000.);
#1801=VECTOR('',#5928,1000.);
#1802=VECTOR('',#5931,1000.);
#1803=VECTOR('',#5936,1000.);
#1804=VECTOR('',#5937,1000.);
#1805=CIRCLE('',#4352,4.5);
#1806=CIRCLE('',#4353,4.5);
#1807=CIRCLE('',#4355,4.5);
#1808=CIRCLE('',#4356,4.5);
#1809=CIRCLE('',#4358,4.5);
#1810=CIRCLE('',#4359,4.5);
#1811=CIRCLE('',#4361,4.5);
#1812=CIRCLE('',#4362,4.5);
#1813=CIRCLE('',#4364,1.59999999999988);
#1814=CIRCLE('',#4365,1.59999999999991);
#1815=CIRCLE('',#4367,1.59999999999988);
#1816=CIRCLE('',#4368,1.59999999999988);
#1817=CIRCLE('',#4370,1.59999999999989);
#1818=CIRCLE('',#4371,1.59999999999989);
#1819=CIRCLE('',#4373,1.59999999999989);
#1820=CIRCLE('',#4374,1.59999999999993);
#1821=CIRCLE('',#4376,1.59999999999989);
#1822=CIRCLE('',#4377,1.59999999999989);
#1823=CIRCLE('',#4379,1.59999999999989);
#1824=CIRCLE('',#4380,1.59999999999993);
#1825=CIRCLE('',#4382,1.59999999999989);
#1826=CIRCLE('',#4383,1.59999999999993);
#1827=CIRCLE('',#4385,1.59999999999989);
#1828=CIRCLE('',#4386,1.59999999999989);
#1829=CIRCLE('',#4388,1.59999999999989);
#1830=CIRCLE('',#4389,1.59999999999989);
#1831=CIRCLE('',#4391,1.59999999999989);
#1832=CIRCLE('',#4392,1.59999999999992);
#1833=CIRCLE('',#4396,1.20000000000001);
#1834=CIRCLE('',#4397,2.);
#1835=CIRCLE('',#4399,1.20000000000001);
#1836=CIRCLE('',#4400,2.);
#1837=CIRCLE('',#4402,1.20000000000001);
#1838=CIRCLE('',#4403,2.);
#1839=CIRCLE('',#4405,1.20000000000001);
#1840=CIRCLE('',#4406,2.);
#1841=CIRCLE('',#4409,4.);
#1842=CIRCLE('',#4410,4.);
#1843=CIRCLE('',#4411,4.);
#1844=CIRCLE('',#4412,4.);
#1845=CIRCLE('',#4418,4.);
#1846=CIRCLE('',#4419,4.);
#1847=CIRCLE('',#4420,4.);
#1848=CIRCLE('',#4421,4.);
#1849=CIRCLE('',#4479,0.0500000000000169);
#1850=CIRCLE('',#4480,0.850000000000017);
#1851=CIRCLE('',#4482,0.0500000000000169);
#1852=CIRCLE('',#4483,0.850000000000017);
#1853=CIRCLE('',#4492,0.0499999999999774);
#1854=CIRCLE('',#4493,0.849999999999978);
#1855=CIRCLE('',#4495,0.0499999999999774);
#1856=CIRCLE('',#4496,0.849999999999978);
#1857=CIRCLE('',#4504,1.89999999999998);
#1858=CIRCLE('',#4505,1.89999999999998);
#1859=CIRCLE('',#4507,1.9);
#1860=CIRCLE('',#4508,1.9);
#1861=CIRCLE('',#4510,1.89999999999998);
#1862=CIRCLE('',#4511,1.89999999999998);
#1863=CIRCLE('',#4536,1.19999999999999);
#1864=CIRCLE('',#4537,2.);
#1865=CIRCLE('',#4539,1.19999999999999);
#1866=CIRCLE('',#4540,2.);
#1867=CIRCLE('',#4568,0.0500000000000332);
#1868=CIRCLE('',#4569,0.850000000000015);
#1869=CIRCLE('',#4571,0.0500000000000332);
#1870=CIRCLE('',#4572,0.850000000000015);
#1871=CIRCLE('',#4581,0.0499999999999534);
#1872=CIRCLE('',#4582,0.849999999999954);
#1873=CIRCLE('',#4584,0.0499999999999534);
#1874=CIRCLE('',#4585,0.849999999999954);
#1875=CIRCLE('',#4594,0.0500000000000528);
#1876=CIRCLE('',#4595,0.850000000000034);
#1877=CIRCLE('',#4597,0.0500000000000332);
#1878=CIRCLE('',#4598,0.850000000000054);
#1879=CIRCLE('',#4609,1.55);
#1880=CIRCLE('',#4611,1.55);
#1881=CIRCLE('',#4614,2.35);
#1882=CIRCLE('',#4617,2.35);
#1883=CIRCLE('',#4624,3.5);
#1884=CIRCLE('',#4625,3.5);
#1885=CIRCLE('',#4627,1.6);
#1886=CIRCLE('',#4628,1.6);
#1887=CIRCLE('',#4633,1.5);
#1888=CIRCLE('',#4634,1.5);
#1889=CIRCLE('',#4635,1.5);
#1890=CIRCLE('',#4637,1.25);
#1891=CIRCLE('',#4638,1.25);
#1892=CIRCLE('',#4640,1.25);
#1893=CIRCLE('',#4641,1.5);
#1894=CIRCLE('',#4650,2.75);
#1895=CIRCLE('',#4651,2.75);
#1896=CIRCLE('',#4652,2.75);
#1897=CIRCLE('',#4653,2.75);
#1898=CIRCLE('',#4654,2.75);
#1899=CIRCLE('',#4655,2.75);
#1900=CIRCLE('',#4657,2.75);
#1901=CIRCLE('',#4658,2.75);
#1902=CIRCLE('',#4659,2.75);
#1903=CIRCLE('',#4660,2.75);
#1904=CIRCLE('',#4661,2.75);
#1905=CIRCLE('',#4662,2.75);
#1906=CIRCLE('',#4677,0.556);
#1907=CIRCLE('',#4678,0.556);
#1908=CIRCLE('',#4679,0.556);
#1909=CIRCLE('',#4680,0.556);
#1910=CIRCLE('',#4681,0.556);
#1911=CIRCLE('',#4682,0.556);
#1912=CIRCLE('',#4683,0.556);
#1913=CIRCLE('',#4684,0.556);
#1914=CIRCLE('',#4685,0.556);
#1915=CIRCLE('',#4686,0.556);
#1916=CIRCLE('',#4687,0.556);
#1917=CIRCLE('',#4688,0.556);
#1918=CIRCLE('',#4689,0.556);
#1919=CIRCLE('',#4690,0.556);
#1920=CIRCLE('',#4691,0.556);
#1921=CIRCLE('',#4692,0.556);
#1922=CIRCLE('',#4693,0.556);
#1923=CIRCLE('',#4697,1.6);
#1924=CIRCLE('',#4698,0.1);
#1925=CIRCLE('',#4699,1.5);
#1926=CIRCLE('',#4701,2.67441860465116);
#1927=CIRCLE('',#4702,0.27);
#1928=CIRCLE('',#4703,2.8);
#1929=CIRCLE('',#4705,2.8);
#1930=CIRCLE('',#4707,1.5);
#1931=CIRCLE('',#4709,4.90340272700175);
#1932=CIRCLE('',#4710,4.98629120689917);
#1933=CIRCLE('',#4711,0.675169614150692);
#1934=CIRCLE('',#4712,4.98629120689917);
#1935=CIRCLE('',#4713,4.90340272700175);
#1936=CIRCLE('',#4714,4.98629120689917);
#1937=CIRCLE('',#4715,0.675169614150692);
#1938=CIRCLE('',#4716,4.98629120689917);
#1939=CIRCLE('',#4717,4.90340272700175);
#1940=CIRCLE('',#4718,4.98629120689917);
#1941=CIRCLE('',#4719,0.675169614150692);
#1942=CIRCLE('',#4720,4.98629120689917);
#1943=CIRCLE('',#4721,4.90340272700175);
#1944=CIRCLE('',#4722,4.98629120689917);
#1945=CIRCLE('',#4723,0.675169614150692);
#1946=CIRCLE('',#4724,4.98629120689917);
#1947=VERTEX_POINT('',#6071);
#1948=VERTEX_POINT('',#6073);
#1949=VERTEX_POINT('',#6077);
#1950=VERTEX_POINT('',#6079);
#1951=VERTEX_POINT('',#6083);
#1952=VERTEX_POINT('',#6085);
#1953=VERTEX_POINT('',#6089);
#1954=VERTEX_POINT('',#6091);
#1955=VERTEX_POINT('',#6095);
#1956=VERTEX_POINT('',#6097);
#1957=VERTEX_POINT('',#6101);
#1958=VERTEX_POINT('',#6103);
#1959=VERTEX_POINT('',#6107);
#1960=VERTEX_POINT('',#6109);
#1961=VERTEX_POINT('',#6113);
#1962=VERTEX_POINT('',#6115);
#1963=VERTEX_POINT('',#6119);
#1964=VERTEX_POINT('',#6121);
#1965=VERTEX_POINT('',#6125);
#1966=VERTEX_POINT('',#6127);
#1967=VERTEX_POINT('',#6131);
#1968=VERTEX_POINT('',#6133);
#1969=VERTEX_POINT('',#6137);
#1970=VERTEX_POINT('',#6139);
#1971=VERTEX_POINT('',#6143);
#1972=VERTEX_POINT('',#6145);
#1973=VERTEX_POINT('',#6149);
#1974=VERTEX_POINT('',#6151);
#1975=VERTEX_POINT('',#6155);
#1976=VERTEX_POINT('',#6156);
#1977=VERTEX_POINT('',#6158);
#1978=VERTEX_POINT('',#6160);
#1979=VERTEX_POINT('',#6164);
#1980=VERTEX_POINT('',#6165);
#1981=VERTEX_POINT('',#6167);
#1982=VERTEX_POINT('',#6169);
#1983=VERTEX_POINT('',#6173);
#1984=VERTEX_POINT('',#6174);
#1985=VERTEX_POINT('',#6176);
#1986=VERTEX_POINT('',#6178);
#1987=VERTEX_POINT('',#6182);
#1988=VERTEX_POINT('',#6183);
#1989=VERTEX_POINT('',#6185);
#1990=VERTEX_POINT('',#6187);
#1991=VERTEX_POINT('',#6191);
#1992=VERTEX_POINT('',#6192);
#1993=VERTEX_POINT('',#6194);
#1994=VERTEX_POINT('',#6196);
#1995=VERTEX_POINT('',#6200);
#1996=VERTEX_POINT('',#6201);
#1997=VERTEX_POINT('',#6203);
#1998=VERTEX_POINT('',#6205);
#1999=VERTEX_POINT('',#6209);
#2000=VERTEX_POINT('',#6212);
#2001=VERTEX_POINT('',#6220);
#2002=VERTEX_POINT('',#6221);
#2003=VERTEX_POINT('',#6223);
#2004=VERTEX_POINT('',#6225);
#2005=VERTEX_POINT('',#6227);
#2006=VERTEX_POINT('',#6229);
#2007=VERTEX_POINT('',#6231);
#2008=VERTEX_POINT('',#6233);
#2009=VERTEX_POINT('',#6237);
#2010=VERTEX_POINT('',#6240);
#2011=VERTEX_POINT('',#6246);
#2012=VERTEX_POINT('',#6248);
#2013=VERTEX_POINT('',#6257);
#2014=VERTEX_POINT('',#6258);
#2015=VERTEX_POINT('',#6260);
#2016=VERTEX_POINT('',#6262);
#2017=VERTEX_POINT('',#6264);
#2018=VERTEX_POINT('',#6266);
#2019=VERTEX_POINT('',#6268);
#2020=VERTEX_POINT('',#6270);
#2021=VERTEX_POINT('',#6274);
#2022=VERTEX_POINT('',#6276);
#2023=VERTEX_POINT('',#6322);
#2024=VERTEX_POINT('',#6323);
#2025=VERTEX_POINT('',#6448);
#2026=VERTEX_POINT('',#6489);
#2027=VERTEX_POINT('',#6539);
#2028=VERTEX_POINT('',#6541);
#2029=VERTEX_POINT('',#6545);
#2030=VERTEX_POINT('',#6546);
#2031=VERTEX_POINT('',#6595);
#2032=VERTEX_POINT('',#6720);
#2033=VERTEX_POINT('',#6834);
#2034=VERTEX_POINT('',#6836);
#2035=VERTEX_POINT('',#6884);
#2036=VERTEX_POINT('',#7034);
#2037=VERTEX_POINT('',#7123);
#2038=VERTEX_POINT('',#7124);
#2039=VERTEX_POINT('',#7173);
#2040=VERTEX_POINT('',#7174);
#2041=VERTEX_POINT('',#7299);
#2042=VERTEX_POINT('',#7340);
#2043=VERTEX_POINT('',#7415);
#2044=VERTEX_POINT('',#7417);
#2045=VERTEX_POINT('',#7421);
#2046=VERTEX_POINT('',#7423);
#2047=VERTEX_POINT('',#7471);
#2048=VERTEX_POINT('',#7472);
#2049=VERTEX_POINT('',#7597);
#2050=VERTEX_POINT('',#7638);
#2051=VERTEX_POINT('',#7688);
#2052=VERTEX_POINT('',#7690);
#2053=VERTEX_POINT('',#7694);
#2054=VERTEX_POINT('',#7695);
#2055=VERTEX_POINT('',#7744);
#2056=VERTEX_POINT('',#7745);
#2057=VERTEX_POINT('',#7895);
#2058=VERTEX_POINT('',#7936);
#2059=VERTEX_POINT('',#7986);
#2060=VERTEX_POINT('',#7988);
#2061=VERTEX_POINT('',#7992);
#2062=VERTEX_POINT('',#7993);
#2063=VERTEX_POINT('',#8019);
#2064=VERTEX_POINT('',#8020);
#2065=VERTEX_POINT('',#8022);
#2066=VERTEX_POINT('',#8024);
#2067=VERTEX_POINT('',#8028);
#2068=VERTEX_POINT('',#8030);
#2069=VERTEX_POINT('',#8034);
#2070=VERTEX_POINT('',#8036);
#2071=VERTEX_POINT('',#8052);
#2072=VERTEX_POINT('',#8053);
#2073=VERTEX_POINT('',#8055);
#2074=VERTEX_POINT('',#8057);
#2075=VERTEX_POINT('',#8061);
#2076=VERTEX_POINT('',#8063);
#2077=VERTEX_POINT('',#8067);
#2078=VERTEX_POINT('',#8069);
#2079=VERTEX_POINT('',#8086);
#2080=VERTEX_POINT('',#8088);
#2081=VERTEX_POINT('',#8092);
#2082=VERTEX_POINT('',#8094);
#2083=VERTEX_POINT('',#8098);
#2084=VERTEX_POINT('',#8100);
#2085=VERTEX_POINT('',#8104);
#2086=VERTEX_POINT('',#8106);
#2087=VERTEX_POINT('',#8110);
#2088=VERTEX_POINT('',#8112);
#2089=VERTEX_POINT('',#8116);
#2090=VERTEX_POINT('',#8117);
#2091=VERTEX_POINT('',#8119);
#2092=VERTEX_POINT('',#8121);
#2093=VERTEX_POINT('',#8152);
#2094=VERTEX_POINT('',#8153);
#2095=VERTEX_POINT('',#8155);
#2096=VERTEX_POINT('',#8157);
#2097=VERTEX_POINT('',#8188);
#2098=VERTEX_POINT('',#8189);
#2099=VERTEX_POINT('',#8194);
#2100=VERTEX_POINT('',#8195);
#2101=VERTEX_POINT('',#8197);
#2102=VERTEX_POINT('',#8199);
#2103=VERTEX_POINT('',#8230);
#2104=VERTEX_POINT('',#8232);
#2105=VERTEX_POINT('',#8263);
#2106=VERTEX_POINT('',#8264);
#2107=VERTEX_POINT('',#8266);
#2108=VERTEX_POINT('',#8268);
#2109=VERTEX_POINT('',#8272);
#2110=VERTEX_POINT('',#8277);
#2111=VERTEX_POINT('',#8289);
#2112=VERTEX_POINT('',#8294);
#2113=VERTEX_POINT('',#8306);
#2114=VERTEX_POINT('',#8307);
#2115=VERTEX_POINT('',#8312);
#2116=VERTEX_POINT('',#8314);
#2117=VERTEX_POINT('',#8322);
#2118=VERTEX_POINT('',#8324);
#2119=VERTEX_POINT('',#8328);
#2120=VERTEX_POINT('',#8330);
#2121=VERTEX_POINT('',#8378);
#2122=VERTEX_POINT('',#8379);
#2123=VERTEX_POINT('',#8451);
#2124=VERTEX_POINT('',#8466);
#2125=VERTEX_POINT('',#8492);
#2126=VERTEX_POINT('',#8494);
#2127=VERTEX_POINT('',#8498);
#2128=VERTEX_POINT('',#8500);
#2129=VERTEX_POINT('',#8548);
#2130=VERTEX_POINT('',#8549);
#2131=VERTEX_POINT('',#8624);
#2132=VERTEX_POINT('',#8639);
#2133=VERTEX_POINT('',#8662);
#2134=VERTEX_POINT('',#8664);
#2135=VERTEX_POINT('',#8668);
#2136=VERTEX_POINT('',#8670);
#2137=VERTEX_POINT('',#8679);
#2138=VERTEX_POINT('',#8680);
#2139=VERTEX_POINT('',#8682);
#2140=VERTEX_POINT('',#8684);
#2141=VERTEX_POINT('',#8688);
#2142=VERTEX_POINT('',#8689);
#2143=VERTEX_POINT('',#8691);
#2144=VERTEX_POINT('',#8693);
#2145=VERTEX_POINT('',#8697);
#2146=VERTEX_POINT('',#8698);
#2147=VERTEX_POINT('',#8700);
#2148=VERTEX_POINT('',#8702);
#2149=VERTEX_POINT('',#8722);
#2150=VERTEX_POINT('',#8723);
#2151=VERTEX_POINT('',#8725);
#2152=VERTEX_POINT('',#8727);
#2153=VERTEX_POINT('',#8731);
#2154=VERTEX_POINT('',#8732);
#2155=VERTEX_POINT('',#8734);
#2156=VERTEX_POINT('',#8736);
#2157=VERTEX_POINT('',#8740);
#2158=VERTEX_POINT('',#8741);
#2159=VERTEX_POINT('',#8743);
#2160=VERTEX_POINT('',#8745);
#2161=VERTEX_POINT('',#8765);
#2162=VERTEX_POINT('',#8766);
#2163=VERTEX_POINT('',#8768);
#2164=VERTEX_POINT('',#8770);
#2165=VERTEX_POINT('',#8774);
#2166=VERTEX_POINT('',#8775);
#2167=VERTEX_POINT('',#8777);
#2168=VERTEX_POINT('',#8779);
#2169=VERTEX_POINT('',#8783);
#2170=VERTEX_POINT('',#8784);
#2171=VERTEX_POINT('',#8786);
#2172=VERTEX_POINT('',#8788);
#2173=VERTEX_POINT('',#8815);
#2174=VERTEX_POINT('',#8816);
#2175=VERTEX_POINT('',#8818);
#2176=VERTEX_POINT('',#8820);
#2177=VERTEX_POINT('',#8824);
#2178=VERTEX_POINT('',#8826);
#2179=VERTEX_POINT('',#8830);
#2180=VERTEX_POINT('',#8832);
#2181=VERTEX_POINT('',#8842);
#2182=VERTEX_POINT('',#8844);
#2183=VERTEX_POINT('',#8848);
#2184=VERTEX_POINT('',#8850);
#2185=VERTEX_POINT('',#8857);
#2186=VERTEX_POINT('',#8859);
#2187=VERTEX_POINT('',#8861);
#2188=VERTEX_POINT('',#8865);
#2189=VERTEX_POINT('',#8866);
#2190=VERTEX_POINT('',#8871);
#2191=VERTEX_POINT('',#8873);
#2192=VERTEX_POINT('',#8879);
#2193=VERTEX_POINT('',#8880);
#2194=VERTEX_POINT('',#8882);
#2195=VERTEX_POINT('',#8886);
#2196=VERTEX_POINT('',#8890);
#2197=VERTEX_POINT('',#8892);
#2198=VERTEX_POINT('',#8900);
#2199=VERTEX_POINT('',#8904);
#2200=VERTEX_POINT('',#8908);
#2201=VERTEX_POINT('',#8910);
#2202=VERTEX_POINT('',#8918);
#2203=VERTEX_POINT('',#8919);
#2204=VERTEX_POINT('',#8923);
#2205=VERTEX_POINT('',#8925);
#2206=VERTEX_POINT('',#8936);
#2207=VERTEX_POINT('',#8940);
#2208=VERTEX_POINT('',#8944);
#2209=VERTEX_POINT('',#8946);
#2210=VERTEX_POINT('',#8954);
#2211=VERTEX_POINT('',#8958);
#2212=VERTEX_POINT('',#8962);
#2213=VERTEX_POINT('',#8964);
#2214=VERTEX_POINT('',#8972);
#2215=VERTEX_POINT('',#8979);
#2216=VERTEX_POINT('',#9014);
#2217=VERTEX_POINT('',#9015);
#2218=VERTEX_POINT('',#9017);
#2219=VERTEX_POINT('',#9019);
#2220=VERTEX_POINT('',#9021);
#2221=VERTEX_POINT('',#9023);
#2222=VERTEX_POINT('',#9025);
#2223=VERTEX_POINT('',#9027);
#2224=VERTEX_POINT('',#9029);
#2225=VERTEX_POINT('',#9031);
#2226=VERTEX_POINT('',#9033);
#2227=VERTEX_POINT('',#9035);
#2228=VERTEX_POINT('',#9037);
#2229=VERTEX_POINT('',#9039);
#2230=VERTEX_POINT('',#9041);
#2231=VERTEX_POINT('',#9043);
#2232=VERTEX_POINT('',#9045);
#2233=VERTEX_POINT('',#9047);
#2234=VERTEX_POINT('',#9053);
#2235=VERTEX_POINT('',#9055);
#2236=VERTEX_POINT('',#9059);
#2237=VERTEX_POINT('',#9061);
#2238=VERTEX_POINT('',#9065);
#2239=VERTEX_POINT('',#9069);
#2240=VERTEX_POINT('',#9073);
#2241=VERTEX_POINT('',#9074);
#2242=VERTEX_POINT('',#9076);
#2243=VERTEX_POINT('',#9078);
#2244=VERTEX_POINT('',#9080);
#2245=VERTEX_POINT('',#9082);
#2246=VERTEX_POINT('',#9084);
#2247=VERTEX_POINT('',#9086);
#2248=VERTEX_POINT('',#9088);
#2249=VERTEX_POINT('',#9090);
#2250=VERTEX_POINT('',#9092);
#2251=VERTEX_POINT('',#9094);
#2252=VERTEX_POINT('',#9096);
#2253=VERTEX_POINT('',#9098);
#2254=VERTEX_POINT('',#9100);
#2255=VERTEX_POINT('',#9102);
#2256=VERTEX_POINT('',#9109);
#2257=VERTEX_POINT('',#9113);
#2258=VERTEX_POINT('',#9120);
#2259=VERTEX_POINT('',#9130);
#2260=VERTEX_POINT('',#9142);
#2261=VERTEX_POINT('',#9148);
#2262=VERTEX_POINT('',#9152);
#2263=VERTEX_POINT('',#9161);
#2264=EDGE_CURVE('',#1947,#1947,#1805,.T.);
#2265=EDGE_CURVE('',#1947,#1948,#1133,.T.);
#2266=EDGE_CURVE('',#1948,#1948,#1806,.T.);
#2267=EDGE_CURVE('',#1949,#1949,#1807,.T.);
#2268=EDGE_CURVE('',#1949,#1950,#1134,.T.);
#2269=EDGE_CURVE('',#1950,#1950,#1808,.T.);
#2270=EDGE_CURVE('',#1951,#1951,#1809,.T.);
#2271=EDGE_CURVE('',#1951,#1952,#1135,.T.);
#2272=EDGE_CURVE('',#1952,#1952,#1810,.T.);
#2273=EDGE_CURVE('',#1953,#1953,#1811,.T.);
#2274=EDGE_CURVE('',#1953,#1954,#1136,.T.);
#2275=EDGE_CURVE('',#1954,#1954,#1812,.T.);
#2276=EDGE_CURVE('',#1955,#1955,#1813,.T.);
#2277=EDGE_CURVE('',#1955,#1956,#1137,.T.);
#2278=EDGE_CURVE('',#1956,#1956,#1814,.T.);
#2279=EDGE_CURVE('',#1957,#1957,#1815,.T.);
#2280=EDGE_CURVE('',#1957,#1958,#1138,.T.);
#2281=EDGE_CURVE('',#1958,#1958,#1816,.T.);
#2282=EDGE_CURVE('',#1959,#1959,#1817,.T.);
#2283=EDGE_CURVE('',#1959,#1960,#1139,.T.);
#2284=EDGE_CURVE('',#1960,#1960,#1818,.T.);
#2285=EDGE_CURVE('',#1961,#1961,#1819,.T.);
#2286=EDGE_CURVE('',#1961,#1962,#1140,.T.);
#2287=EDGE_CURVE('',#1962,#1962,#1820,.T.);
#2288=EDGE_CURVE('',#1963,#1963,#1821,.T.);
#2289=EDGE_CURVE('',#1963,#1964,#1141,.T.);
#2290=EDGE_CURVE('',#1964,#1964,#1822,.T.);
#2291=EDGE_CURVE('',#1965,#1965,#1823,.T.);
#2292=EDGE_CURVE('',#1965,#1966,#1142,.T.);
#2293=EDGE_CURVE('',#1966,#1966,#1824,.T.);
#2294=EDGE_CURVE('',#1967,#1967,#1825,.T.);
#2295=EDGE_CURVE('',#1967,#1968,#1143,.T.);
#2296=EDGE_CURVE('',#1968,#1968,#1826,.T.);
#2297=EDGE_CURVE('',#1969,#1969,#1827,.T.);
#2298=EDGE_CURVE('',#1969,#1970,#1144,.T.);
#2299=EDGE_CURVE('',#1970,#1970,#1828,.T.);
#2300=EDGE_CURVE('',#1971,#1971,#1829,.T.);
#2301=EDGE_CURVE('',#1971,#1972,#1145,.T.);
#2302=EDGE_CURVE('',#1972,#1972,#1830,.T.);
#2303=EDGE_CURVE('',#1973,#1973,#1831,.T.);
#2304=EDGE_CURVE('',#1973,#1974,#1146,.T.);
#2305=EDGE_CURVE('',#1974,#1974,#1832,.T.);
#2306=EDGE_CURVE('',#1975,#1976,#1147,.T.);
#2307=EDGE_CURVE('',#1977,#1975,#1148,.T.);
#2308=EDGE_CURVE('',#1978,#1977,#1149,.T.);
#2309=EDGE_CURVE('',#1976,#1978,#1150,.T.);
#2310=EDGE_CURVE('',#1979,#1980,#1151,.T.);
#2311=EDGE_CURVE('',#1981,#1979,#1152,.T.);
#2312=EDGE_CURVE('',#1982,#1981,#1153,.T.);
#2313=EDGE_CURVE('',#1980,#1982,#1154,.T.);
#2314=EDGE_CURVE('',#1983,#1984,#1155,.T.);
#2315=EDGE_CURVE('',#1983,#1985,#1833,.T.);
#2316=EDGE_CURVE('',#1985,#1986,#1156,.T.);
#2317=EDGE_CURVE('',#1984,#1986,#1834,.T.);
#2318=EDGE_CURVE('',#1987,#1988,#1157,.T.);
#2319=EDGE_CURVE('',#1987,#1989,#1835,.T.);
#2320=EDGE_CURVE('',#1989,#1990,#1158,.T.);
#2321=EDGE_CURVE('',#1988,#1990,#1836,.T.);
#2322=EDGE_CURVE('',#1991,#1992,#1159,.T.);
#2323=EDGE_CURVE('',#1991,#1993,#1837,.T.);
#2324=EDGE_CURVE('',#1993,#1994,#1160,.T.);
#2325=EDGE_CURVE('',#1992,#1994,#1838,.T.);
#2326=EDGE_CURVE('',#1995,#1996,#1839,.T.);
#2327=EDGE_CURVE('',#1996,#1997,#1161,.T.);
#2328=EDGE_CURVE('',#1998,#1997,#1840,.T.);
#2329=EDGE_CURVE('',#1995,#1998,#1162,.T.);
#2330=EDGE_CURVE('',#1999,#1998,#1163,.T.);
#2331=EDGE_CURVE('',#1998,#1994,#1164,.T.);
#2332=EDGE_CURVE('',#1994,#2000,#1165,.T.);
#2333=EDGE_CURVE('',#2000,#1999,#1166,.T.);
#2334=EDGE_CURVE('',#1984,#1997,#1167,.T.);
#2335=EDGE_CURVE('',#1984,#1990,#1168,.T.);
#2336=EDGE_CURVE('',#1992,#1990,#1169,.T.);
#2337=EDGE_CURVE('',#1992,#1997,#1170,.T.);
#2338=EDGE_CURVE('',#2001,#2002,#1841,.T.);
#2339=EDGE_CURVE('',#2003,#2001,#1171,.T.);
#2340=EDGE_CURVE('',#2004,#2003,#1842,.T.);
#2341=EDGE_CURVE('',#2005,#2004,#1172,.T.);
#2342=EDGE_CURVE('',#2006,#2005,#1843,.T.);
#2343=EDGE_CURVE('',#2007,#2006,#1173,.T.);
#2344=EDGE_CURVE('',#2008,#2007,#1844,.T.);
#2345=EDGE_CURVE('',#2002,#2008,#1174,.T.);
#2346=EDGE_CURVE('',#2009,#1988,#1175,.T.);
#2347=EDGE_CURVE('',#1988,#1986,#1176,.T.);
#2348=EDGE_CURVE('',#1986,#2010,#1177,.T.);
#2349=EDGE_CURVE('',#2010,#2009,#1178,.T.);
#2350=EDGE_CURVE('',#2011,#1995,#1179,.T.);
#2351=EDGE_CURVE('',#2012,#2011,#1180,.T.);
#2352=EDGE_CURVE('',#1993,#2012,#1181,.T.);
#2353=EDGE_CURVE('',#1995,#1993,#1182,.T.);
#2354=EDGE_CURVE('',#1983,#1996,#1183,.T.);
#2355=EDGE_CURVE('',#1991,#1996,#1184,.T.);
#2356=EDGE_CURVE('',#1991,#1989,#1185,.T.);
#2357=EDGE_CURVE('',#1983,#1989,#1186,.T.);
#2358=EDGE_CURVE('',#2013,#2014,#1187,.T.);
#2359=EDGE_CURVE('',#2014,#2015,#1845,.T.);
#2360=EDGE_CURVE('',#2015,#2016,#1188,.T.);
#2361=EDGE_CURVE('',#2016,#2017,#1846,.T.);
#2362=EDGE_CURVE('',#2017,#2018,#1189,.T.);
#2363=EDGE_CURVE('',#2018,#2019,#1847,.T.);
#2364=EDGE_CURVE('',#2019,#2020,#1190,.T.);
#2365=EDGE_CURVE('',#2020,#2013,#1848,.T.);
#2366=EDGE_CURVE('',#2021,#1987,#1191,.T.);
#2367=EDGE_CURVE('',#2022,#2021,#1192,.T.);
#2368=EDGE_CURVE('',#1985,#2022,#1193,.T.);
#2369=EDGE_CURVE('',#1987,#1985,#1194,.T.);
#2370=EDGE_CURVE('',#2023,#2024,#1195,.T.);
#2371=EDGE_CURVE('',#1991,#2024,#329,.T.);
#2372=EDGE_CURVE('',#1992,#2023,#330,.T.);
#2373=EDGE_CURVE('',#2025,#1989,#331,.T.);
#2374=EDGE_CURVE('',#2026,#2025,#1196,.T.);
#2375=EDGE_CURVE('',#2026,#1990,#332,.T.);
#2376=EDGE_CURVE('',#2026,#2023,#1197,.T.);
#2377=EDGE_CURVE('',#2024,#2025,#1198,.T.);
#2378=EDGE_CURVE('',#2027,#2026,#1199,.T.);
#2379=EDGE_CURVE('',#2028,#2027,#1200,.T.);
#2380=EDGE_CURVE('',#2023,#2028,#1201,.T.);
#2381=EDGE_CURVE('',#2029,#2030,#1202,.T.);
#2382=EDGE_CURVE('',#2030,#2025,#1203,.T.);
#2383=EDGE_CURVE('',#2024,#2029,#1204,.T.);
#2384=EDGE_CURVE('',#2027,#2030,#1205,.T.);
#2385=EDGE_CURVE('',#2029,#2028,#1206,.T.);
#2386=EDGE_CURVE('',#1975,#2031,#1207,.T.);
#2387=EDGE_CURVE('',#1987,#2031,#333,.T.);
#2388=EDGE_CURVE('',#1988,#1975,#334,.T.);
#2389=EDGE_CURVE('',#2032,#2021,#335,.T.);
#2390=EDGE_CURVE('',#2032,#1977,#1208,.T.);
#2391=EDGE_CURVE('',#1977,#2009,#336,.T.);
#2392=EDGE_CURVE('',#2021,#2009,#1209,.T.);
#2393=EDGE_CURVE('',#2031,#2032,#1210,.T.);
#2394=EDGE_CURVE('',#2031,#2033,#1211,.T.);
#2395=EDGE_CURVE('',#2033,#2034,#1212,.T.);
#2396=EDGE_CURVE('',#2034,#2032,#1213,.T.);
#2397=EDGE_CURVE('',#2033,#1976,#1214,.T.);
#2398=EDGE_CURVE('',#1978,#2034,#1215,.T.);
#2399=EDGE_CURVE('',#2035,#1982,#1216,.T.);
#2400=EDGE_CURVE('',#2012,#2035,#337,.T.);
#2401=EDGE_CURVE('',#2012,#2000,#1217,.T.);
#2402=EDGE_CURVE('',#2000,#1982,#338,.T.);
#2403=EDGE_CURVE('',#2036,#1993,#339,.T.);
#2404=EDGE_CURVE('',#1980,#2036,#1218,.T.);
#2405=EDGE_CURVE('',#1980,#1994,#340,.T.);
#2406=EDGE_CURVE('',#2035,#2036,#1219,.T.);
#2407=EDGE_CURVE('',#2037,#2038,#1220,.T.);
#2408=EDGE_CURVE('',#2038,#2036,#1221,.T.);
#2409=EDGE_CURVE('',#2035,#2037,#1222,.T.);
#2410=EDGE_CURVE('',#1979,#2038,#1223,.T.);
#2411=EDGE_CURVE('',#1981,#2037,#1224,.T.);
#2412=EDGE_CURVE('',#2039,#2040,#1225,.T.);
#2413=EDGE_CURVE('',#1995,#2040,#341,.T.);
#2414=EDGE_CURVE('',#1998,#2039,#342,.T.);
#2415=EDGE_CURVE('',#2041,#2011,#343,.T.);
#2416=EDGE_CURVE('',#2041,#2042,#1226,.T.);
#2417=EDGE_CURVE('',#2042,#1999,#344,.T.);
#2418=EDGE_CURVE('',#2011,#1999,#1227,.T.);
#2419=EDGE_CURVE('',#2042,#2039,#1228,.T.);
#2420=EDGE_CURVE('',#2040,#2041,#1229,.T.);
#2421=EDGE_CURVE('',#2039,#2043,#1230,.T.);
#2422=EDGE_CURVE('',#2044,#2042,#1231,.T.);
#2423=EDGE_CURVE('',#2043,#2044,#1232,.T.);
#2424=EDGE_CURVE('',#2040,#2045,#1233,.T.);
#2425=EDGE_CURVE('',#2045,#2046,#1234,.T.);
#2426=EDGE_CURVE('',#2046,#2041,#1235,.T.);
#2427=EDGE_CURVE('',#2045,#2043,#1236,.T.);
#2428=EDGE_CURVE('',#2044,#2046,#1237,.T.);
#2429=EDGE_CURVE('',#2047,#2048,#1238,.T.);
#2430=EDGE_CURVE('',#1983,#2048,#345,.T.);
#2431=EDGE_CURVE('',#1984,#2047,#346,.T.);
#2432=EDGE_CURVE('',#2049,#1996,#347,.T.);
#2433=EDGE_CURVE('',#2050,#2049,#1239,.T.);
#2434=EDGE_CURVE('',#2050,#1997,#348,.T.);
#2435=EDGE_CURVE('',#2050,#2047,#1240,.T.);
#2436=EDGE_CURVE('',#2048,#2049,#1241,.T.);
#2437=EDGE_CURVE('',#2051,#2050,#1242,.T.);
#2438=EDGE_CURVE('',#2052,#2051,#1243,.T.);
#2439=EDGE_CURVE('',#2047,#2052,#1244,.T.);
#2440=EDGE_CURVE('',#2053,#2054,#1245,.T.);
#2441=EDGE_CURVE('',#2054,#2049,#1246,.T.);
#2442=EDGE_CURVE('',#2048,#2053,#1247,.T.);
#2443=EDGE_CURVE('',#2051,#2054,#1248,.T.);
#2444=EDGE_CURVE('',#2053,#2052,#1249,.T.);
#2445=EDGE_CURVE('',#2055,#2056,#1250,.T.);
#2446=EDGE_CURVE('',#2022,#2055,#349,.T.);
#2447=EDGE_CURVE('',#2022,#2010,#1251,.T.);
#2448=EDGE_CURVE('',#2010,#2056,#350,.T.);
#2449=EDGE_CURVE('',#2057,#1985,#351,.T.);
#2450=EDGE_CURVE('',#2058,#2057,#1252,.T.);
#2451=EDGE_CURVE('',#2058,#1986,#352,.T.);
#2452=EDGE_CURVE('',#2058,#2056,#1253,.T.);
#2453=EDGE_CURVE('',#2055,#2057,#1254,.T.);
#2454=EDGE_CURVE('',#2059,#2058,#1255,.T.);
#2455=EDGE_CURVE('',#2060,#2059,#1256,.T.);
#2456=EDGE_CURVE('',#2056,#2060,#1257,.T.);
#2457=EDGE_CURVE('',#2061,#2062,#1258,.T.);
#2458=EDGE_CURVE('',#2062,#2057,#1259,.T.);
#2459=EDGE_CURVE('',#2055,#2061,#1260,.T.);
#2460=EDGE_CURVE('',#2059,#2062,#1261,.T.);
#2461=EDGE_CURVE('',#2060,#2061,#1262,.T.);
#2462=EDGE_CURVE('',#2014,#2001,#1263,.T.);
#2463=EDGE_CURVE('',#2015,#2002,#1264,.T.);
#2464=EDGE_CURVE('',#2013,#2003,#1265,.T.);
#2465=EDGE_CURVE('',#2020,#2004,#1266,.T.);
#2466=EDGE_CURVE('',#2019,#2005,#1267,.T.);
#2467=EDGE_CURVE('',#2018,#2006,#1268,.T.);
#2468=EDGE_CURVE('',#2017,#2007,#1269,.T.);
#2469=EDGE_CURVE('',#2016,#2008,#1270,.T.);
#2470=EDGE_CURVE('',#2063,#2064,#1271,.T.);
#2471=EDGE_CURVE('',#2065,#2063,#1272,.T.);
#2472=EDGE_CURVE('',#2065,#2066,#1273,.T.);
#2473=EDGE_CURVE('',#2066,#2064,#1274,.T.);
#2474=EDGE_CURVE('',#2067,#2065,#1275,.T.);
#2475=EDGE_CURVE('',#2067,#2068,#1276,.T.);
#2476=EDGE_CURVE('',#2068,#2066,#1277,.T.);
#2477=EDGE_CURVE('',#2069,#2067,#1278,.T.);
#2478=EDGE_CURVE('',#2069,#2070,#1279,.T.);
#2479=EDGE_CURVE('',#2070,#2068,#1280,.T.);
#2480=EDGE_CURVE('',#2064,#2070,#1281,.T.);
#2481=EDGE_CURVE('',#2063,#2069,#1282,.T.);
#2482=EDGE_CURVE('',#2011,#2069,#1849,.T.);
#2483=EDGE_CURVE('',#1999,#2070,#1850,.T.);
#2484=EDGE_CURVE('',#2063,#2012,#1851,.T.);
#2485=EDGE_CURVE('',#2064,#2000,#1852,.T.);
#2486=EDGE_CURVE('',#2071,#2072,#1283,.T.);
#2487=EDGE_CURVE('',#2073,#2071,#1284,.T.);
#2488=EDGE_CURVE('',#2073,#2074,#1285,.T.);
#2489=EDGE_CURVE('',#2074,#2072,#1286,.T.);
#2490=EDGE_CURVE('',#2075,#2073,#1287,.T.);
#2491=EDGE_CURVE('',#2075,#2076,#1288,.T.);
#2492=EDGE_CURVE('',#2076,#2074,#1289,.T.);
#2493=EDGE_CURVE('',#2077,#2075,#1290,.T.);
#2494=EDGE_CURVE('',#2077,#2078,#1291,.T.);
#2495=EDGE_CURVE('',#2078,#2076,#1292,.T.);
#2496=EDGE_CURVE('',#2072,#2078,#1293,.T.);
#2497=EDGE_CURVE('',#2071,#2077,#1294,.T.);
#2498=EDGE_CURVE('',#2021,#2077,#1853,.T.);
#2499=EDGE_CURVE('',#2009,#2078,#1854,.T.);
#2500=EDGE_CURVE('',#2071,#2022,#1855,.T.);
#2501=EDGE_CURVE('',#2072,#2010,#1856,.T.);
#2502=EDGE_CURVE('',#2079,#2079,#285,.T.);
#2503=EDGE_CURVE('',#2079,#2080,#1295,.T.);
#2504=EDGE_CURVE('',#2080,#2080,#286,.T.);
#2505=EDGE_CURVE('',#2081,#2081,#1857,.T.);
#2506=EDGE_CURVE('',#2081,#2082,#1296,.T.);
#2507=EDGE_CURVE('',#2082,#2082,#1858,.T.);
#2508=EDGE_CURVE('',#2083,#2083,#1859,.T.);
#2509=EDGE_CURVE('',#2083,#2084,#1297,.T.);
#2510=EDGE_CURVE('',#2084,#2084,#1860,.T.);
#2511=EDGE_CURVE('',#2085,#2085,#1861,.T.);
#2512=EDGE_CURVE('',#2085,#2086,#1298,.T.);
#2513=EDGE_CURVE('',#2086,#2086,#1862,.T.);
#2514=EDGE_CURVE('',#2087,#2087,#287,.T.);
#2515=EDGE_CURVE('',#2087,#2088,#1299,.T.);
#2516=EDGE_CURVE('',#2088,#2088,#288,.T.);
#2517=EDGE_CURVE('',#2089,#2090,#1300,.T.);
#2518=EDGE_CURVE('',#2090,#2091,#1301,.T.);
#2519=EDGE_CURVE('',#2092,#2091,#1302,.T.);
#2520=EDGE_CURVE('',#2089,#2092,#1303,.T.);
#2521=EDGE_CURVE('',#2093,#2094,#1304,.T.);
#2522=EDGE_CURVE('',#2093,#2095,#289,.T.);
#2523=EDGE_CURVE('',#2095,#2096,#1305,.T.);
#2524=EDGE_CURVE('',#2094,#2096,#290,.T.);
#2525=EDGE_CURVE('',#2097,#2098,#1306,.T.);
#2526=EDGE_CURVE('',#2097,#2089,#291,.T.);
#2527=EDGE_CURVE('',#2098,#2092,#292,.T.);
#2528=EDGE_CURVE('',#2099,#2100,#1307,.T.);
#2529=EDGE_CURVE('',#2099,#2101,#1308,.T.);
#2530=EDGE_CURVE('',#2101,#2102,#1309,.T.);
#2531=EDGE_CURVE('',#2100,#2102,#1310,.T.);
#2532=EDGE_CURVE('',#2101,#2103,#293,.T.);
#2533=EDGE_CURVE('',#2103,#2104,#1311,.T.);
#2534=EDGE_CURVE('',#2102,#2104,#294,.T.);
#2535=EDGE_CURVE('',#2105,#2106,#295,.T.);
#2536=EDGE_CURVE('',#2106,#2107,#1312,.T.);
#2537=EDGE_CURVE('',#2108,#2107,#296,.T.);
#2538=EDGE_CURVE('',#2105,#2108,#1313,.T.);
#2539=EDGE_CURVE('',#2109,#2108,#1314,.T.);
#2540=EDGE_CURVE('',#2108,#2104,#1315,.T.);
#2541=EDGE_CURVE('',#2104,#2109,#1316,.T.);
#2542=EDGE_CURVE('',#2110,#2098,#1317,.T.);
#2543=EDGE_CURVE('',#2098,#2096,#1318,.T.);
#2544=EDGE_CURVE('',#2096,#2110,#1319,.T.);
#2545=EDGE_CURVE('',#2107,#2094,#1320,.T.);
#2546=EDGE_CURVE('',#2094,#2092,#1321,.T.);
#2547=EDGE_CURVE('',#2091,#2100,#1322,.T.);
#2548=EDGE_CURVE('',#2102,#2107,#1323,.T.);
#2549=EDGE_CURVE('',#2111,#2105,#1324,.T.);
#2550=EDGE_CURVE('',#2103,#2111,#1325,.T.);
#2551=EDGE_CURVE('',#2105,#2103,#1326,.T.);
#2552=EDGE_CURVE('',#2112,#2097,#1327,.T.);
#2553=EDGE_CURVE('',#2095,#2112,#1328,.T.);
#2554=EDGE_CURVE('',#2097,#2095,#1329,.T.);
#2555=EDGE_CURVE('',#2106,#2093,#1330,.T.);
#2556=EDGE_CURVE('',#2101,#2106,#1331,.T.);
#2557=EDGE_CURVE('',#2090,#2099,#1332,.T.);
#2558=EDGE_CURVE('',#2093,#2089,#1333,.T.);
#2559=EDGE_CURVE('',#2113,#2114,#1334,.T.);
#2560=EDGE_CURVE('',#2099,#2113,#1863,.T.);
#2561=EDGE_CURVE('',#2100,#2114,#1864,.T.);
#2562=EDGE_CURVE('',#2115,#2090,#1865,.T.);
#2563=EDGE_CURVE('',#2115,#2116,#1335,.T.);
#2564=EDGE_CURVE('',#2116,#2091,#1866,.T.);
#2565=EDGE_CURVE('',#2114,#2116,#1336,.T.);
#2566=EDGE_CURVE('',#2113,#2115,#1337,.T.);
#2567=EDGE_CURVE('',#2117,#2116,#1338,.T.);
#2568=EDGE_CURVE('',#2118,#2115,#1339,.T.);
#2569=EDGE_CURVE('',#2117,#2118,#1340,.T.);
#2570=EDGE_CURVE('',#2113,#2119,#1341,.T.);
#2571=EDGE_CURVE('',#2114,#2120,#1342,.T.);
#2572=EDGE_CURVE('',#2120,#2119,#1343,.T.);
#2573=EDGE_CURVE('',#2120,#2117,#1344,.T.);
#2574=EDGE_CURVE('',#2119,#2118,#1345,.T.);
#2575=EDGE_CURVE('',#2121,#2122,#1346,.T.);
#2576=EDGE_CURVE('',#2097,#2121,#353,.T.);
#2577=EDGE_CURVE('',#2098,#2122,#354,.T.);
#2578=EDGE_CURVE('',#2123,#2112,#355,.T.);
#2579=EDGE_CURVE('',#2123,#2124,#1347,.T.);
#2580=EDGE_CURVE('',#2124,#2110,#356,.T.);
#2581=EDGE_CURVE('',#2112,#2110,#1348,.T.);
#2582=EDGE_CURVE('',#2124,#2122,#1349,.T.);
#2583=EDGE_CURVE('',#2121,#2123,#1350,.T.);
#2584=EDGE_CURVE('',#2125,#2124,#1351,.T.);
#2585=EDGE_CURVE('',#2126,#2123,#1352,.T.);
#2586=EDGE_CURVE('',#2125,#2126,#1353,.T.);
#2587=EDGE_CURVE('',#2121,#2127,#1354,.T.);
#2588=EDGE_CURVE('',#2122,#2128,#1355,.T.);
#2589=EDGE_CURVE('',#2128,#2127,#1356,.T.);
#2590=EDGE_CURVE('',#2128,#2125,#1357,.T.);
#2591=EDGE_CURVE('',#2127,#2126,#1358,.T.);
#2592=EDGE_CURVE('',#2129,#2130,#1359,.T.);
#2593=EDGE_CURVE('',#2111,#2129,#357,.T.);
#2594=EDGE_CURVE('',#2111,#2109,#1360,.T.);
#2595=EDGE_CURVE('',#2109,#2130,#358,.T.);
#2596=EDGE_CURVE('',#2131,#2103,#359,.T.);
#2597=EDGE_CURVE('',#2131,#2132,#1361,.T.);
#2598=EDGE_CURVE('',#2132,#2104,#360,.T.);
#2599=EDGE_CURVE('',#2132,#2130,#1362,.T.);
#2600=EDGE_CURVE('',#2129,#2131,#1363,.T.);
#2601=EDGE_CURVE('',#2129,#2133,#1364,.T.);
#2602=EDGE_CURVE('',#2130,#2134,#1365,.T.);
#2603=EDGE_CURVE('',#2134,#2133,#1366,.T.);
#2604=EDGE_CURVE('',#2135,#2132,#1367,.T.);
#2605=EDGE_CURVE('',#2136,#2131,#1368,.T.);
#2606=EDGE_CURVE('',#2135,#2136,#1369,.T.);
#2607=EDGE_CURVE('',#2134,#2135,#1370,.T.);
#2608=EDGE_CURVE('',#2133,#2136,#1371,.T.);
#2609=EDGE_CURVE('',#2137,#2138,#1372,.T.);
#2610=EDGE_CURVE('',#2137,#2139,#1373,.T.);
#2611=EDGE_CURVE('',#2139,#2140,#1374,.T.);
#2612=EDGE_CURVE('',#2138,#2140,#1375,.T.);
#2613=EDGE_CURVE('',#2141,#2142,#1376,.T.);
#2614=EDGE_CURVE('',#2142,#2143,#1377,.T.);
#2615=EDGE_CURVE('',#2144,#2143,#1378,.T.);
#2616=EDGE_CURVE('',#2144,#2141,#1379,.T.);
#2617=EDGE_CURVE('',#2145,#2146,#1380,.T.);
#2618=EDGE_CURVE('',#2146,#2147,#1381,.T.);
#2619=EDGE_CURVE('',#2148,#2147,#1382,.T.);
#2620=EDGE_CURVE('',#2148,#2145,#1383,.T.);
#2621=EDGE_CURVE('',#2139,#2142,#1384,.T.);
#2622=EDGE_CURVE('',#2141,#2146,#1385,.T.);
#2623=EDGE_CURVE('',#2140,#2145,#1386,.T.);
#2624=EDGE_CURVE('',#2143,#2137,#1387,.T.);
#2625=EDGE_CURVE('',#2138,#2148,#1388,.T.);
#2626=EDGE_CURVE('',#2147,#2144,#1389,.T.);
#2627=EDGE_CURVE('',#2112,#2148,#1867,.T.);
#2628=EDGE_CURVE('',#2110,#2145,#1868,.T.);
#2629=EDGE_CURVE('',#2138,#2095,#1869,.T.);
#2630=EDGE_CURVE('',#2140,#2096,#1870,.T.);
#2631=EDGE_CURVE('',#2149,#2150,#1390,.T.);
#2632=EDGE_CURVE('',#2149,#2151,#1391,.T.);
#2633=EDGE_CURVE('',#2151,#2152,#1392,.T.);
#2634=EDGE_CURVE('',#2150,#2152,#1393,.T.);
#2635=EDGE_CURVE('',#2153,#2154,#1394,.T.);
#2636=EDGE_CURVE('',#2154,#2155,#1395,.T.);
#2637=EDGE_CURVE('',#2156,#2155,#1396,.T.);
#2638=EDGE_CURVE('',#2156,#2153,#1397,.T.);
#2639=EDGE_CURVE('',#2157,#2158,#1398,.T.);
#2640=EDGE_CURVE('',#2158,#2159,#1399,.T.);
#2641=EDGE_CURVE('',#2160,#2159,#1400,.T.);
#2642=EDGE_CURVE('',#2160,#2157,#1401,.T.);
#2643=EDGE_CURVE('',#2151,#2154,#1402,.T.);
#2644=EDGE_CURVE('',#2153,#2158,#1403,.T.);
#2645=EDGE_CURVE('',#2152,#2157,#1404,.T.);
#2646=EDGE_CURVE('',#2155,#2149,#1405,.T.);
#2647=EDGE_CURVE('',#2150,#2160,#1406,.T.);
#2648=EDGE_CURVE('',#2159,#2156,#1407,.T.);
#2649=EDGE_CURVE('',#2093,#2160,#1871,.T.);
#2650=EDGE_CURVE('',#2094,#2157,#1872,.T.);
#2651=EDGE_CURVE('',#2150,#2106,#1873,.T.);
#2652=EDGE_CURVE('',#2152,#2107,#1874,.T.);
#2653=EDGE_CURVE('',#2161,#2162,#1408,.T.);
#2654=EDGE_CURVE('',#2161,#2163,#1409,.T.);
#2655=EDGE_CURVE('',#2163,#2164,#1410,.T.);
#2656=EDGE_CURVE('',#2162,#2164,#1411,.T.);
#2657=EDGE_CURVE('',#2165,#2166,#1412,.T.);
#2658=EDGE_CURVE('',#2166,#2167,#1413,.T.);
#2659=EDGE_CURVE('',#2168,#2167,#1414,.T.);
#2660=EDGE_CURVE('',#2168,#2165,#1415,.T.);
#2661=EDGE_CURVE('',#2169,#2170,#1416,.T.);
#2662=EDGE_CURVE('',#2170,#2171,#1417,.T.);
#2663=EDGE_CURVE('',#2172,#2171,#1418,.T.);
#2664=EDGE_CURVE('',#2172,#2169,#1419,.T.);
#2665=EDGE_CURVE('',#2163,#2166,#1420,.T.);
#2666=EDGE_CURVE('',#2165,#2170,#1421,.T.);
#2667=EDGE_CURVE('',#2164,#2169,#1422,.T.);
#2668=EDGE_CURVE('',#2167,#2161,#1423,.T.);
#2669=EDGE_CURVE('',#2162,#2172,#1424,.T.);
#2670=EDGE_CURVE('',#2171,#2168,#1425,.T.);
#2671=EDGE_CURVE('',#2105,#2172,#1875,.T.);
#2672=EDGE_CURVE('',#2108,#2169,#1876,.T.);
#2673=EDGE_CURVE('',#2162,#2111,#1877,.T.);
#2674=EDGE_CURVE('',#2164,#2109,#1878,.T.);
#2675=EDGE_CURVE('',#2173,#2174,#1879,.T.);
#2676=EDGE_CURVE('',#2175,#2173,#297,.T.);
#2677=EDGE_CURVE('',#2175,#2176,#1880,.T.);
#2678=EDGE_CURVE('',#2174,#2176,#298,.T.);
#2679=EDGE_CURVE('',#2177,#2175,#1426,.T.);
#2680=EDGE_CURVE('',#2177,#2178,#1881,.T.);
#2681=EDGE_CURVE('',#2178,#2176,#1427,.T.);
#2682=EDGE_CURVE('',#2179,#2177,#299,.T.);
#2683=EDGE_CURVE('',#2179,#2180,#1882,.T.);
#2684=EDGE_CURVE('',#2178,#2180,#300,.T.);
#2685=EDGE_CURVE('',#2179,#2173,#1428,.T.);
#2686=EDGE_CURVE('',#2180,#2174,#1429,.T.);
#2687=EDGE_CURVE('',#2181,#2181,#1883,.T.);
#2688=EDGE_CURVE('',#2181,#2182,#1430,.T.);
#2689=EDGE_CURVE('',#2182,#2182,#1884,.T.);
#2690=EDGE_CURVE('',#2183,#2183,#1885,.T.);
#2691=EDGE_CURVE('',#2183,#2184,#1431,.T.);
#2692=EDGE_CURVE('',#2184,#2184,#1886,.T.);
#2693=EDGE_CURVE('',#2185,#2185,#1887,.T.);
#2694=EDGE_CURVE('',#2185,#2186,#1432,.T.);
#2695=EDGE_CURVE('',#2186,#2187,#1888,.T.);
#2696=EDGE_CURVE('',#2187,#2186,#1889,.T.);
#2697=EDGE_CURVE('',#2188,#2189,#1890,.T.);
#2698=EDGE_CURVE('',#2189,#2187,#1433,.T.);
#2699=EDGE_CURVE('',#2189,#2188,#1891,.T.);
#2700=EDGE_CURVE('',#2190,#2190,#1892,.T.);
#2701=EDGE_CURVE('',#2190,#2191,#1434,.T.);
#2702=EDGE_CURVE('',#2191,#2191,#1893,.T.);
#2703=EDGE_CURVE('',#2188,#2190,#1435,.T.);
#2704=EDGE_CURVE('',#2192,#2193,#1436,.T.);
#2705=EDGE_CURVE('',#2193,#2194,#226,.T.);
#2706=EDGE_CURVE('',#2194,#2195,#227,.T.);
#2707=EDGE_CURVE('',#2196,#2195,#1437,.T.);
#2708=EDGE_CURVE('',#2197,#2196,#228,.T.);
#2709=EDGE_CURVE('',#2192,#2197,#229,.T.);
#2710=EDGE_CURVE('',#2195,#2198,#230,.T.);
#2711=EDGE_CURVE('',#2198,#2199,#231,.T.);
#2712=EDGE_CURVE('',#2200,#2199,#1438,.T.);
#2713=EDGE_CURVE('',#2201,#2200,#232,.T.);
#2714=EDGE_CURVE('',#2196,#2201,#233,.T.);
#2715=EDGE_CURVE('',#2202,#2203,#234,.T.);
#2716=EDGE_CURVE('',#2204,#2202,#1439,.T.);
#2717=EDGE_CURVE('',#2204,#2205,#235,.T.);
#2718=EDGE_CURVE('',#2205,#2200,#236,.T.);
#2719=EDGE_CURVE('',#2203,#2199,#237,.T.);
#2720=EDGE_CURVE('',#2202,#2206,#238,.T.);
#2721=EDGE_CURVE('',#2206,#2207,#239,.T.);
#2722=EDGE_CURVE('',#2208,#2207,#1440,.T.);
#2723=EDGE_CURVE('',#2209,#2208,#240,.T.);
#2724=EDGE_CURVE('',#2204,#2209,#241,.T.);
#2725=EDGE_CURVE('',#2207,#2210,#242,.T.);
#2726=EDGE_CURVE('',#2210,#2211,#243,.T.);
#2727=EDGE_CURVE('',#2212,#2211,#1441,.T.);
#2728=EDGE_CURVE('',#2213,#2212,#244,.T.);
#2729=EDGE_CURVE('',#2208,#2213,#245,.T.);
#2730=EDGE_CURVE('',#2211,#2214,#246,.T.);
#2731=EDGE_CURVE('',#2214,#2193,#247,.T.);
#2732=EDGE_CURVE('',#2215,#2192,#248,.T.);
#2733=EDGE_CURVE('',#2212,#2215,#249,.T.);
#2734=EDGE_CURVE('',#2214,#2194,#1894,.T.);
#2735=EDGE_CURVE('',#2210,#2214,#1895,.T.);
#2736=EDGE_CURVE('',#2206,#2210,#1896,.T.);
#2737=EDGE_CURVE('',#2203,#2206,#1897,.T.);
#2738=EDGE_CURVE('',#2203,#2198,#1898,.T.);
#2739=EDGE_CURVE('',#2194,#2198,#1899,.T.);
#2740=EDGE_CURVE('',#2215,#2213,#1900,.T.);
#2741=EDGE_CURVE('',#2197,#2215,#1901,.T.);
#2742=EDGE_CURVE('',#2201,#2197,#1902,.T.);
#2743=EDGE_CURVE('',#2205,#2201,#1903,.T.);
#2744=EDGE_CURVE('',#2209,#2205,#1904,.T.);
#2745=EDGE_CURVE('',#2213,#2209,#1905,.T.);
#2746=EDGE_CURVE('',#2216,#2217,#1442,.T.);
#2747=EDGE_CURVE('',#2217,#2218,#1906,.T.);
#2748=EDGE_CURVE('',#2218,#2219,#1907,.T.);
#2749=EDGE_CURVE('',#2219,#2220,#1908,.T.);
#2750=EDGE_CURVE('',#2220,#2221,#1909,.T.);
#2751=EDGE_CURVE('',#2221,#2222,#1910,.T.);
#2752=EDGE_CURVE('',#2222,#2223,#1911,.T.);
#2753=EDGE_CURVE('',#2223,#2224,#1912,.T.);
#2754=EDGE_CURVE('',#2224,#2225,#1913,.T.);
#2755=EDGE_CURVE('',#2225,#2226,#1914,.T.);
#2756=EDGE_CURVE('',#2226,#2227,#1915,.T.);
#2757=EDGE_CURVE('',#2227,#2228,#1916,.T.);
#2758=EDGE_CURVE('',#2228,#2229,#1917,.T.);
#2759=EDGE_CURVE('',#2229,#2230,#1918,.T.);
#2760=EDGE_CURVE('',#2230,#2231,#1919,.T.);
#2761=EDGE_CURVE('',#2231,#2232,#1920,.T.);
#2762=EDGE_CURVE('',#2232,#2233,#1921,.T.);
#2763=EDGE_CURVE('',#2233,#2217,#1922,.T.);
#2764=EDGE_CURVE('',#2225,#2226,#301,.T.);
#2765=EDGE_CURVE('',#2234,#2234,#1923,.T.);
#2766=EDGE_CURVE('',#2234,#2235,#1924,.T.);
#2767=EDGE_CURVE('',#2235,#2235,#1925,.T.);
#2768=EDGE_CURVE('',#2236,#2236,#1926,.T.);
#2769=EDGE_CURVE('',#2236,#2237,#1927,.T.);
#2770=EDGE_CURVE('',#2237,#2237,#1928,.T.);
#2771=EDGE_CURVE('',#2237,#2238,#1443,.T.);
#2772=EDGE_CURVE('',#2238,#2238,#1929,.T.);
#2773=EDGE_CURVE('',#2235,#2239,#1444,.T.);
#2774=EDGE_CURVE('',#2239,#2239,#1930,.T.);
#2775=EDGE_CURVE('',#2240,#2241,#1931,.T.);
#2776=EDGE_CURVE('',#2242,#2241,#1932,.T.);
#2777=EDGE_CURVE('',#2243,#2242,#1933,.T.);
#2778=EDGE_CURVE('',#2244,#2243,#1934,.T.);
#2779=EDGE_CURVE('',#2244,#2245,#1935,.T.);
#2780=EDGE_CURVE('',#2246,#2245,#1936,.T.);
#2781=EDGE_CURVE('',#2247,#2246,#1937,.T.);
#2782=EDGE_CURVE('',#2248,#2247,#1938,.T.);
#2783=EDGE_CURVE('',#2248,#2249,#1939,.T.);
#2784=EDGE_CURVE('',#2250,#2249,#1940,.T.);
#2785=EDGE_CURVE('',#2251,#2250,#1941,.T.);
#2786=EDGE_CURVE('',#2252,#2251,#1942,.T.);
#2787=EDGE_CURVE('',#2252,#2253,#1943,.T.);
#2788=EDGE_CURVE('',#2254,#2253,#1944,.T.);
#2789=EDGE_CURVE('',#2255,#2254,#1945,.T.);
#2790=EDGE_CURVE('',#2240,#2255,#1946,.T.);
#2791=EDGE_CURVE('',#2255,#2231,#250,.T.);
#2792=EDGE_CURVE('',#2231,#2256,#1445,.T.);
#2793=EDGE_CURVE('',#2240,#2256,#1446,.T.);
#2794=EDGE_CURVE('',#2257,#2220,#1447,.T.);
#2795=EDGE_CURVE('',#2220,#2250,#251,.T.);
#2796=EDGE_CURVE('',#2249,#2257,#1448,.T.);
#2797=EDGE_CURVE('',#2258,#2228,#1449,.T.);
#2798=EDGE_CURVE('',#2228,#2242,#252,.T.);
#2799=EDGE_CURVE('',#2241,#2258,#1450,.T.);
#2800=EDGE_CURVE('',#2247,#2223,#253,.T.);
#2801=EDGE_CURVE('',#2223,#2259,#1451,.T.);
#2802=EDGE_CURVE('',#2248,#2259,#1452,.T.);
#2803=EDGE_CURVE('',#2229,#2230,#302,.T.);
#2804=EDGE_CURVE('',#2258,#2229,#1453,.T.);
#2805=EDGE_CURVE('',#2230,#2256,#1454,.T.);
#2806=EDGE_CURVE('',#2221,#2222,#303,.T.);
#2807=EDGE_CURVE('',#2257,#2221,#1455,.T.);
#2808=EDGE_CURVE('',#2222,#2259,#1456,.T.);
#2809=EDGE_CURVE('',#2260,#2225,#1457,.T.);
#2810=EDGE_CURVE('',#2260,#2224,#1458,.T.);
#2811=EDGE_CURVE('',#2219,#2261,#1459,.T.);
#2812=EDGE_CURVE('',#2218,#2261,#1460,.T.);
#2813=EDGE_CURVE('',#2262,#2233,#1461,.T.);
#2814=EDGE_CURVE('',#2262,#2232,#1462,.T.);
#2815=EDGE_CURVE('',#2243,#2227,#254,.T.);
#2816=EDGE_CURVE('',#2227,#2263,#1463,.T.);
#2817=EDGE_CURVE('',#2244,#2263,#1464,.T.);
#2818=EDGE_CURVE('',#2224,#2246,#255,.T.);
#2819=EDGE_CURVE('',#2245,#2260,#1465,.T.);
#2820=EDGE_CURVE('',#2226,#2263,#1466,.T.);
#2821=EDGE_CURVE('',#2233,#2218,#304,.T.);
#2822=EDGE_CURVE('',#2253,#2262,#1467,.T.);
#2823=EDGE_CURVE('',#2252,#2261,#1468,.T.);
#2824=EDGE_CURVE('',#2232,#2254,#256,.T.);
#2825=EDGE_CURVE('',#2251,#2219,#257,.T.);
#2826=ORIENTED_EDGE('',*,*,#2264,.F.);
#2827=ORIENTED_EDGE('',*,*,#2265,.T.);
#2828=ORIENTED_EDGE('',*,*,#2266,.T.);
#2829=ORIENTED_EDGE('',*,*,#2265,.F.);
#2830=ORIENTED_EDGE('',*,*,#2267,.F.);
#2831=ORIENTED_EDGE('',*,*,#2268,.T.);
#2832=ORIENTED_EDGE('',*,*,#2269,.T.);
#2833=ORIENTED_EDGE('',*,*,#2268,.F.);
#2834=ORIENTED_EDGE('',*,*,#2270,.F.);
#2835=ORIENTED_EDGE('',*,*,#2271,.T.);
#2836=ORIENTED_EDGE('',*,*,#2272,.T.);
#2837=ORIENTED_EDGE('',*,*,#2271,.F.);
#2838=ORIENTED_EDGE('',*,*,#2273,.F.);
#2839=ORIENTED_EDGE('',*,*,#2274,.T.);
#2840=ORIENTED_EDGE('',*,*,#2275,.T.);
#2841=ORIENTED_EDGE('',*,*,#2274,.F.);
#2842=ORIENTED_EDGE('',*,*,#2276,.T.);
#2843=ORIENTED_EDGE('',*,*,#2277,.T.);
#2844=ORIENTED_EDGE('',*,*,#2278,.T.);
#2845=ORIENTED_EDGE('',*,*,#2277,.F.);
#2846=ORIENTED_EDGE('',*,*,#2279,.F.);
#2847=ORIENTED_EDGE('',*,*,#2280,.T.);
#2848=ORIENTED_EDGE('',*,*,#2281,.T.);
#2849=ORIENTED_EDGE('',*,*,#2280,.F.);
#2850=ORIENTED_EDGE('',*,*,#2282,.F.);
#2851=ORIENTED_EDGE('',*,*,#2283,.T.);
#2852=ORIENTED_EDGE('',*,*,#2284,.T.);
#2853=ORIENTED_EDGE('',*,*,#2283,.F.);
#2854=ORIENTED_EDGE('',*,*,#2285,.T.);
#2855=ORIENTED_EDGE('',*,*,#2286,.T.);
#2856=ORIENTED_EDGE('',*,*,#2287,.T.);
#2857=ORIENTED_EDGE('',*,*,#2286,.F.);
#2858=ORIENTED_EDGE('',*,*,#2288,.F.);
#2859=ORIENTED_EDGE('',*,*,#2289,.T.);
#2860=ORIENTED_EDGE('',*,*,#2290,.T.);
#2861=ORIENTED_EDGE('',*,*,#2289,.F.);
#2862=ORIENTED_EDGE('',*,*,#2291,.T.);
#2863=ORIENTED_EDGE('',*,*,#2292,.T.);
#2864=ORIENTED_EDGE('',*,*,#2293,.T.);
#2865=ORIENTED_EDGE('',*,*,#2292,.F.);
#2866=ORIENTED_EDGE('',*,*,#2294,.T.);
#2867=ORIENTED_EDGE('',*,*,#2295,.T.);
#2868=ORIENTED_EDGE('',*,*,#2296,.T.);
#2869=ORIENTED_EDGE('',*,*,#2295,.F.);
#2870=ORIENTED_EDGE('',*,*,#2297,.F.);
#2871=ORIENTED_EDGE('',*,*,#2298,.T.);
#2872=ORIENTED_EDGE('',*,*,#2299,.T.);
#2873=ORIENTED_EDGE('',*,*,#2298,.F.);
#2874=ORIENTED_EDGE('',*,*,#2300,.F.);
#2875=ORIENTED_EDGE('',*,*,#2301,.T.);
#2876=ORIENTED_EDGE('',*,*,#2302,.T.);
#2877=ORIENTED_EDGE('',*,*,#2301,.F.);
#2878=ORIENTED_EDGE('',*,*,#2303,.T.);
#2879=ORIENTED_EDGE('',*,*,#2304,.T.);
#2880=ORIENTED_EDGE('',*,*,#2305,.T.);
#2881=ORIENTED_EDGE('',*,*,#2304,.F.);
#2882=ORIENTED_EDGE('',*,*,#2306,.F.);
#2883=ORIENTED_EDGE('',*,*,#2307,.F.);
#2884=ORIENTED_EDGE('',*,*,#2308,.F.);
#2885=ORIENTED_EDGE('',*,*,#2309,.F.);
#2886=ORIENTED_EDGE('',*,*,#2278,.F.);
#2887=ORIENTED_EDGE('',*,*,#2310,.F.);
#2888=ORIENTED_EDGE('',*,*,#2311,.F.);
#2889=ORIENTED_EDGE('',*,*,#2312,.F.);
#2890=ORIENTED_EDGE('',*,*,#2313,.F.);
#2891=ORIENTED_EDGE('',*,*,#2296,.F.);
#2892=ORIENTED_EDGE('',*,*,#2314,.F.);
#2893=ORIENTED_EDGE('',*,*,#2315,.T.);
#2894=ORIENTED_EDGE('',*,*,#2316,.T.);
#2895=ORIENTED_EDGE('',*,*,#2317,.F.);
#2896=ORIENTED_EDGE('',*,*,#2318,.F.);
#2897=ORIENTED_EDGE('',*,*,#2319,.T.);
#2898=ORIENTED_EDGE('',*,*,#2320,.T.);
#2899=ORIENTED_EDGE('',*,*,#2321,.F.);
#2900=ORIENTED_EDGE('',*,*,#2322,.F.);
#2901=ORIENTED_EDGE('',*,*,#2323,.T.);
#2902=ORIENTED_EDGE('',*,*,#2324,.T.);
#2903=ORIENTED_EDGE('',*,*,#2325,.F.);
#2904=ORIENTED_EDGE('',*,*,#2326,.T.);
#2905=ORIENTED_EDGE('',*,*,#2327,.T.);
#2906=ORIENTED_EDGE('',*,*,#2328,.F.);
#2907=ORIENTED_EDGE('',*,*,#2329,.F.);
#2908=ORIENTED_EDGE('',*,*,#2330,.T.);
#2909=ORIENTED_EDGE('',*,*,#2331,.T.);
#2910=ORIENTED_EDGE('',*,*,#2332,.T.);
#2911=ORIENTED_EDGE('',*,*,#2333,.T.);
#2912=ORIENTED_EDGE('',*,*,#2334,.F.);
#2913=ORIENTED_EDGE('',*,*,#2335,.T.);
#2914=ORIENTED_EDGE('',*,*,#2336,.F.);
#2915=ORIENTED_EDGE('',*,*,#2337,.T.);
#2916=ORIENTED_EDGE('',*,*,#2338,.F.);
#2917=ORIENTED_EDGE('',*,*,#2339,.F.);
#2918=ORIENTED_EDGE('',*,*,#2340,.F.);
#2919=ORIENTED_EDGE('',*,*,#2341,.F.);
#2920=ORIENTED_EDGE('',*,*,#2342,.F.);
#2921=ORIENTED_EDGE('',*,*,#2343,.F.);
#2922=ORIENTED_EDGE('',*,*,#2344,.F.);
#2923=ORIENTED_EDGE('',*,*,#2345,.F.);
#2924=ORIENTED_EDGE('',*,*,#2266,.F.);
#2925=ORIENTED_EDGE('',*,*,#2269,.F.);
#2926=ORIENTED_EDGE('',*,*,#2272,.F.);
#2927=ORIENTED_EDGE('',*,*,#2275,.F.);
#2928=ORIENTED_EDGE('',*,*,#2346,.T.);
#2929=ORIENTED_EDGE('',*,*,#2347,.T.);
#2930=ORIENTED_EDGE('',*,*,#2348,.T.);
#2931=ORIENTED_EDGE('',*,*,#2349,.T.);
#2932=ORIENTED_EDGE('',*,*,#2328,.T.);
#2933=ORIENTED_EDGE('',*,*,#2337,.F.);
#2934=ORIENTED_EDGE('',*,*,#2325,.T.);
#2935=ORIENTED_EDGE('',*,*,#2331,.F.);
#2936=ORIENTED_EDGE('',*,*,#2321,.T.);
#2937=ORIENTED_EDGE('',*,*,#2335,.F.);
#2938=ORIENTED_EDGE('',*,*,#2317,.T.);
#2939=ORIENTED_EDGE('',*,*,#2347,.F.);
#2940=ORIENTED_EDGE('',*,*,#2350,.F.);
#2941=ORIENTED_EDGE('',*,*,#2351,.F.);
#2942=ORIENTED_EDGE('',*,*,#2352,.F.);
#2943=ORIENTED_EDGE('',*,*,#2353,.F.);
#2944=ORIENTED_EDGE('',*,*,#2354,.T.);
#2945=ORIENTED_EDGE('',*,*,#2355,.F.);
#2946=ORIENTED_EDGE('',*,*,#2356,.T.);
#2947=ORIENTED_EDGE('',*,*,#2357,.F.);
#2948=ORIENTED_EDGE('',*,*,#2358,.T.);
#2949=ORIENTED_EDGE('',*,*,#2359,.T.);
#2950=ORIENTED_EDGE('',*,*,#2360,.T.);
#2951=ORIENTED_EDGE('',*,*,#2361,.T.);
#2952=ORIENTED_EDGE('',*,*,#2362,.T.);
#2953=ORIENTED_EDGE('',*,*,#2363,.T.);
#2954=ORIENTED_EDGE('',*,*,#2364,.T.);
#2955=ORIENTED_EDGE('',*,*,#2365,.T.);
#2956=ORIENTED_EDGE('',*,*,#2264,.T.);
#2957=ORIENTED_EDGE('',*,*,#2267,.T.);
#2958=ORIENTED_EDGE('',*,*,#2270,.T.);
#2959=ORIENTED_EDGE('',*,*,#2273,.T.);
#2960=ORIENTED_EDGE('',*,*,#2366,.F.);
#2961=ORIENTED_EDGE('',*,*,#2367,.F.);
#2962=ORIENTED_EDGE('',*,*,#2368,.F.);
#2963=ORIENTED_EDGE('',*,*,#2369,.F.);
#2964=ORIENTED_EDGE('',*,*,#2326,.F.);
#2965=ORIENTED_EDGE('',*,*,#2353,.T.);
#2966=ORIENTED_EDGE('',*,*,#2323,.F.);
#2967=ORIENTED_EDGE('',*,*,#2355,.T.);
#2968=ORIENTED_EDGE('',*,*,#2319,.F.);
#2969=ORIENTED_EDGE('',*,*,#2369,.T.);
#2970=ORIENTED_EDGE('',*,*,#2315,.F.);
#2971=ORIENTED_EDGE('',*,*,#2357,.T.);
#2972=ORIENTED_EDGE('',*,*,#2370,.T.);
#2973=ORIENTED_EDGE('',*,*,#2371,.F.);
#2974=ORIENTED_EDGE('',*,*,#2322,.T.);
#2975=ORIENTED_EDGE('',*,*,#2372,.T.);
#2976=ORIENTED_EDGE('',*,*,#2373,.F.);
#2977=ORIENTED_EDGE('',*,*,#2374,.F.);
#2978=ORIENTED_EDGE('',*,*,#2375,.T.);
#2979=ORIENTED_EDGE('',*,*,#2320,.F.);
#2980=ORIENTED_EDGE('',*,*,#2336,.T.);
#2981=ORIENTED_EDGE('',*,*,#2375,.F.);
#2982=ORIENTED_EDGE('',*,*,#2376,.T.);
#2983=ORIENTED_EDGE('',*,*,#2372,.F.);
#2984=ORIENTED_EDGE('',*,*,#2356,.F.);
#2985=ORIENTED_EDGE('',*,*,#2371,.T.);
#2986=ORIENTED_EDGE('',*,*,#2377,.T.);
#2987=ORIENTED_EDGE('',*,*,#2373,.T.);
#2988=ORIENTED_EDGE('',*,*,#2378,.F.);
#2989=ORIENTED_EDGE('',*,*,#2379,.F.);
#2990=ORIENTED_EDGE('',*,*,#2380,.F.);
#2991=ORIENTED_EDGE('',*,*,#2376,.F.);
#2992=ORIENTED_EDGE('',*,*,#2287,.F.);
#2993=ORIENTED_EDGE('',*,*,#2293,.F.);
#2994=ORIENTED_EDGE('',*,*,#2305,.F.);
#2995=ORIENTED_EDGE('',*,*,#2381,.T.);
#2996=ORIENTED_EDGE('',*,*,#2382,.T.);
#2997=ORIENTED_EDGE('',*,*,#2377,.F.);
#2998=ORIENTED_EDGE('',*,*,#2383,.T.);
#2999=ORIENTED_EDGE('',*,*,#2285,.F.);
#3000=ORIENTED_EDGE('',*,*,#2291,.F.);
#3001=ORIENTED_EDGE('',*,*,#2303,.F.);
#3002=ORIENTED_EDGE('',*,*,#2379,.T.);
#3003=ORIENTED_EDGE('',*,*,#2384,.T.);
#3004=ORIENTED_EDGE('',*,*,#2381,.F.);
#3005=ORIENTED_EDGE('',*,*,#2385,.T.);
#3006=ORIENTED_EDGE('',*,*,#2383,.F.);
#3007=ORIENTED_EDGE('',*,*,#2370,.F.);
#3008=ORIENTED_EDGE('',*,*,#2380,.T.);
#3009=ORIENTED_EDGE('',*,*,#2385,.F.);
#3010=ORIENTED_EDGE('',*,*,#2382,.F.);
#3011=ORIENTED_EDGE('',*,*,#2384,.F.);
#3012=ORIENTED_EDGE('',*,*,#2378,.T.);
#3013=ORIENTED_EDGE('',*,*,#2374,.T.);
#3014=ORIENTED_EDGE('',*,*,#2386,.T.);
#3015=ORIENTED_EDGE('',*,*,#2387,.F.);
#3016=ORIENTED_EDGE('',*,*,#2318,.T.);
#3017=ORIENTED_EDGE('',*,*,#2388,.T.);
#3018=ORIENTED_EDGE('',*,*,#2389,.F.);
#3019=ORIENTED_EDGE('',*,*,#2390,.T.);
#3020=ORIENTED_EDGE('',*,*,#2391,.T.);
#3021=ORIENTED_EDGE('',*,*,#2392,.F.);
#3022=ORIENTED_EDGE('',*,*,#2346,.F.);
#3023=ORIENTED_EDGE('',*,*,#2391,.F.);
#3024=ORIENTED_EDGE('',*,*,#2307,.T.);
#3025=ORIENTED_EDGE('',*,*,#2388,.F.);
#3026=ORIENTED_EDGE('',*,*,#2366,.T.);
#3027=ORIENTED_EDGE('',*,*,#2387,.T.);
#3028=ORIENTED_EDGE('',*,*,#2393,.T.);
#3029=ORIENTED_EDGE('',*,*,#2389,.T.);
#3030=ORIENTED_EDGE('',*,*,#2393,.F.);
#3031=ORIENTED_EDGE('',*,*,#2394,.T.);
#3032=ORIENTED_EDGE('',*,*,#2395,.T.);
#3033=ORIENTED_EDGE('',*,*,#2396,.T.);
#3034=ORIENTED_EDGE('',*,*,#2276,.F.);
#3035=ORIENTED_EDGE('',*,*,#2395,.F.);
#3036=ORIENTED_EDGE('',*,*,#2397,.T.);
#3037=ORIENTED_EDGE('',*,*,#2309,.T.);
#3038=ORIENTED_EDGE('',*,*,#2398,.T.);
#3039=ORIENTED_EDGE('',*,*,#2308,.T.);
#3040=ORIENTED_EDGE('',*,*,#2390,.F.);
#3041=ORIENTED_EDGE('',*,*,#2396,.F.);
#3042=ORIENTED_EDGE('',*,*,#2398,.F.);
#3043=ORIENTED_EDGE('',*,*,#2394,.F.);
#3044=ORIENTED_EDGE('',*,*,#2386,.F.);
#3045=ORIENTED_EDGE('',*,*,#2306,.T.);
#3046=ORIENTED_EDGE('',*,*,#2397,.F.);
#3047=ORIENTED_EDGE('',*,*,#2399,.F.);
#3048=ORIENTED_EDGE('',*,*,#2400,.F.);
#3049=ORIENTED_EDGE('',*,*,#2401,.T.);
#3050=ORIENTED_EDGE('',*,*,#2402,.T.);
#3051=ORIENTED_EDGE('',*,*,#2403,.F.);
#3052=ORIENTED_EDGE('',*,*,#2404,.F.);
#3053=ORIENTED_EDGE('',*,*,#2405,.T.);
#3054=ORIENTED_EDGE('',*,*,#2324,.F.);
#3055=ORIENTED_EDGE('',*,*,#2332,.F.);
#3056=ORIENTED_EDGE('',*,*,#2405,.F.);
#3057=ORIENTED_EDGE('',*,*,#2313,.T.);
#3058=ORIENTED_EDGE('',*,*,#2402,.F.);
#3059=ORIENTED_EDGE('',*,*,#2352,.T.);
#3060=ORIENTED_EDGE('',*,*,#2400,.T.);
#3061=ORIENTED_EDGE('',*,*,#2406,.T.);
#3062=ORIENTED_EDGE('',*,*,#2403,.T.);
#3063=ORIENTED_EDGE('',*,*,#2407,.T.);
#3064=ORIENTED_EDGE('',*,*,#2408,.T.);
#3065=ORIENTED_EDGE('',*,*,#2406,.F.);
#3066=ORIENTED_EDGE('',*,*,#2409,.T.);
#3067=ORIENTED_EDGE('',*,*,#2294,.F.);
#3068=ORIENTED_EDGE('',*,*,#2311,.T.);
#3069=ORIENTED_EDGE('',*,*,#2410,.T.);
#3070=ORIENTED_EDGE('',*,*,#2407,.F.);
#3071=ORIENTED_EDGE('',*,*,#2411,.F.);
#3072=ORIENTED_EDGE('',*,*,#2409,.F.);
#3073=ORIENTED_EDGE('',*,*,#2399,.T.);
#3074=ORIENTED_EDGE('',*,*,#2312,.T.);
#3075=ORIENTED_EDGE('',*,*,#2411,.T.);
#3076=ORIENTED_EDGE('',*,*,#2408,.F.);
#3077=ORIENTED_EDGE('',*,*,#2410,.F.);
#3078=ORIENTED_EDGE('',*,*,#2310,.T.);
#3079=ORIENTED_EDGE('',*,*,#2404,.T.);
#3080=ORIENTED_EDGE('',*,*,#2412,.T.);
#3081=ORIENTED_EDGE('',*,*,#2413,.F.);
#3082=ORIENTED_EDGE('',*,*,#2329,.T.);
#3083=ORIENTED_EDGE('',*,*,#2414,.T.);
#3084=ORIENTED_EDGE('',*,*,#2415,.F.);
#3085=ORIENTED_EDGE('',*,*,#2416,.T.);
#3086=ORIENTED_EDGE('',*,*,#2417,.T.);
#3087=ORIENTED_EDGE('',*,*,#2418,.F.);
#3088=ORIENTED_EDGE('',*,*,#2330,.F.);
#3089=ORIENTED_EDGE('',*,*,#2417,.F.);
#3090=ORIENTED_EDGE('',*,*,#2419,.T.);
#3091=ORIENTED_EDGE('',*,*,#2414,.F.);
#3092=ORIENTED_EDGE('',*,*,#2350,.T.);
#3093=ORIENTED_EDGE('',*,*,#2413,.T.);
#3094=ORIENTED_EDGE('',*,*,#2420,.T.);
#3095=ORIENTED_EDGE('',*,*,#2415,.T.);
#3096=ORIENTED_EDGE('',*,*,#2421,.F.);
#3097=ORIENTED_EDGE('',*,*,#2419,.F.);
#3098=ORIENTED_EDGE('',*,*,#2422,.F.);
#3099=ORIENTED_EDGE('',*,*,#2423,.F.);
#3100=ORIENTED_EDGE('',*,*,#2297,.T.);
#3101=ORIENTED_EDGE('',*,*,#2420,.F.);
#3102=ORIENTED_EDGE('',*,*,#2424,.T.);
#3103=ORIENTED_EDGE('',*,*,#2425,.T.);
#3104=ORIENTED_EDGE('',*,*,#2426,.T.);
#3105=ORIENTED_EDGE('',*,*,#2299,.F.);
#3106=ORIENTED_EDGE('',*,*,#2425,.F.);
#3107=ORIENTED_EDGE('',*,*,#2427,.T.);
#3108=ORIENTED_EDGE('',*,*,#2423,.T.);
#3109=ORIENTED_EDGE('',*,*,#2428,.T.);
#3110=ORIENTED_EDGE('',*,*,#2422,.T.);
#3111=ORIENTED_EDGE('',*,*,#2416,.F.);
#3112=ORIENTED_EDGE('',*,*,#2426,.F.);
#3113=ORIENTED_EDGE('',*,*,#2428,.F.);
#3114=ORIENTED_EDGE('',*,*,#2424,.F.);
#3115=ORIENTED_EDGE('',*,*,#2412,.F.);
#3116=ORIENTED_EDGE('',*,*,#2421,.T.);
#3117=ORIENTED_EDGE('',*,*,#2427,.F.);
#3118=ORIENTED_EDGE('',*,*,#2429,.T.);
#3119=ORIENTED_EDGE('',*,*,#2430,.F.);
#3120=ORIENTED_EDGE('',*,*,#2314,.T.);
#3121=ORIENTED_EDGE('',*,*,#2431,.T.);
#3122=ORIENTED_EDGE('',*,*,#2432,.F.);
#3123=ORIENTED_EDGE('',*,*,#2433,.F.);
#3124=ORIENTED_EDGE('',*,*,#2434,.T.);
#3125=ORIENTED_EDGE('',*,*,#2327,.F.);
#3126=ORIENTED_EDGE('',*,*,#2334,.T.);
#3127=ORIENTED_EDGE('',*,*,#2434,.F.);
#3128=ORIENTED_EDGE('',*,*,#2435,.T.);
#3129=ORIENTED_EDGE('',*,*,#2431,.F.);
#3130=ORIENTED_EDGE('',*,*,#2354,.F.);
#3131=ORIENTED_EDGE('',*,*,#2430,.T.);
#3132=ORIENTED_EDGE('',*,*,#2436,.T.);
#3133=ORIENTED_EDGE('',*,*,#2432,.T.);
#3134=ORIENTED_EDGE('',*,*,#2437,.F.);
#3135=ORIENTED_EDGE('',*,*,#2438,.F.);
#3136=ORIENTED_EDGE('',*,*,#2439,.F.);
#3137=ORIENTED_EDGE('',*,*,#2435,.F.);
#3138=ORIENTED_EDGE('',*,*,#2282,.T.);
#3139=ORIENTED_EDGE('',*,*,#2288,.T.);
#3140=ORIENTED_EDGE('',*,*,#2300,.T.);
#3141=ORIENTED_EDGE('',*,*,#2440,.T.);
#3142=ORIENTED_EDGE('',*,*,#2441,.T.);
#3143=ORIENTED_EDGE('',*,*,#2436,.F.);
#3144=ORIENTED_EDGE('',*,*,#2442,.T.);
#3145=ORIENTED_EDGE('',*,*,#2284,.F.);
#3146=ORIENTED_EDGE('',*,*,#2290,.F.);
#3147=ORIENTED_EDGE('',*,*,#2302,.F.);
#3148=ORIENTED_EDGE('',*,*,#2438,.T.);
#3149=ORIENTED_EDGE('',*,*,#2443,.T.);
#3150=ORIENTED_EDGE('',*,*,#2440,.F.);
#3151=ORIENTED_EDGE('',*,*,#2444,.T.);
#3152=ORIENTED_EDGE('',*,*,#2442,.F.);
#3153=ORIENTED_EDGE('',*,*,#2429,.F.);
#3154=ORIENTED_EDGE('',*,*,#2439,.T.);
#3155=ORIENTED_EDGE('',*,*,#2444,.F.);
#3156=ORIENTED_EDGE('',*,*,#2441,.F.);
#3157=ORIENTED_EDGE('',*,*,#2443,.F.);
#3158=ORIENTED_EDGE('',*,*,#2437,.T.);
#3159=ORIENTED_EDGE('',*,*,#2433,.T.);
#3160=ORIENTED_EDGE('',*,*,#2445,.F.);
#3161=ORIENTED_EDGE('',*,*,#2446,.F.);
#3162=ORIENTED_EDGE('',*,*,#2447,.T.);
#3163=ORIENTED_EDGE('',*,*,#2448,.T.);
#3164=ORIENTED_EDGE('',*,*,#2449,.F.);
#3165=ORIENTED_EDGE('',*,*,#2450,.F.);
#3166=ORIENTED_EDGE('',*,*,#2451,.T.);
#3167=ORIENTED_EDGE('',*,*,#2316,.F.);
#3168=ORIENTED_EDGE('',*,*,#2348,.F.);
#3169=ORIENTED_EDGE('',*,*,#2451,.F.);
#3170=ORIENTED_EDGE('',*,*,#2452,.T.);
#3171=ORIENTED_EDGE('',*,*,#2448,.F.);
#3172=ORIENTED_EDGE('',*,*,#2368,.T.);
#3173=ORIENTED_EDGE('',*,*,#2446,.T.);
#3174=ORIENTED_EDGE('',*,*,#2453,.T.);
#3175=ORIENTED_EDGE('',*,*,#2449,.T.);
#3176=ORIENTED_EDGE('',*,*,#2454,.F.);
#3177=ORIENTED_EDGE('',*,*,#2455,.F.);
#3178=ORIENTED_EDGE('',*,*,#2456,.F.);
#3179=ORIENTED_EDGE('',*,*,#2452,.F.);
#3180=ORIENTED_EDGE('',*,*,#2279,.T.);
#3181=ORIENTED_EDGE('',*,*,#2457,.T.);
#3182=ORIENTED_EDGE('',*,*,#2458,.T.);
#3183=ORIENTED_EDGE('',*,*,#2453,.F.);
#3184=ORIENTED_EDGE('',*,*,#2459,.T.);
#3185=ORIENTED_EDGE('',*,*,#2281,.F.);
#3186=ORIENTED_EDGE('',*,*,#2455,.T.);
#3187=ORIENTED_EDGE('',*,*,#2460,.T.);
#3188=ORIENTED_EDGE('',*,*,#2457,.F.);
#3189=ORIENTED_EDGE('',*,*,#2461,.F.);
#3190=ORIENTED_EDGE('',*,*,#2459,.F.);
#3191=ORIENTED_EDGE('',*,*,#2445,.T.);
#3192=ORIENTED_EDGE('',*,*,#2456,.T.);
#3193=ORIENTED_EDGE('',*,*,#2461,.T.);
#3194=ORIENTED_EDGE('',*,*,#2458,.F.);
#3195=ORIENTED_EDGE('',*,*,#2460,.F.);
#3196=ORIENTED_EDGE('',*,*,#2454,.T.);
#3197=ORIENTED_EDGE('',*,*,#2450,.T.);
#3198=ORIENTED_EDGE('',*,*,#2462,.T.);
#3199=ORIENTED_EDGE('',*,*,#2338,.T.);
#3200=ORIENTED_EDGE('',*,*,#2463,.F.);
#3201=ORIENTED_EDGE('',*,*,#2359,.F.);
#3202=ORIENTED_EDGE('',*,*,#2464,.T.);
#3203=ORIENTED_EDGE('',*,*,#2339,.T.);
#3204=ORIENTED_EDGE('',*,*,#2462,.F.);
#3205=ORIENTED_EDGE('',*,*,#2358,.F.);
#3206=ORIENTED_EDGE('',*,*,#2465,.T.);
#3207=ORIENTED_EDGE('',*,*,#2340,.T.);
#3208=ORIENTED_EDGE('',*,*,#2464,.F.);
#3209=ORIENTED_EDGE('',*,*,#2365,.F.);
#3210=ORIENTED_EDGE('',*,*,#2466,.T.);
#3211=ORIENTED_EDGE('',*,*,#2341,.T.);
#3212=ORIENTED_EDGE('',*,*,#2465,.F.);
#3213=ORIENTED_EDGE('',*,*,#2364,.F.);
#3214=ORIENTED_EDGE('',*,*,#2467,.T.);
#3215=ORIENTED_EDGE('',*,*,#2342,.T.);
#3216=ORIENTED_EDGE('',*,*,#2466,.F.);
#3217=ORIENTED_EDGE('',*,*,#2363,.F.);
#3218=ORIENTED_EDGE('',*,*,#2468,.T.);
#3219=ORIENTED_EDGE('',*,*,#2343,.T.);
#3220=ORIENTED_EDGE('',*,*,#2467,.F.);
#3221=ORIENTED_EDGE('',*,*,#2362,.F.);
#3222=ORIENTED_EDGE('',*,*,#2469,.T.);
#3223=ORIENTED_EDGE('',*,*,#2344,.T.);
#3224=ORIENTED_EDGE('',*,*,#2468,.F.);
#3225=ORIENTED_EDGE('',*,*,#2361,.F.);
#3226=ORIENTED_EDGE('',*,*,#2463,.T.);
#3227=ORIENTED_EDGE('',*,*,#2345,.T.);
#3228=ORIENTED_EDGE('',*,*,#2469,.F.);
#3229=ORIENTED_EDGE('',*,*,#2360,.F.);
#3230=ORIENTED_EDGE('',*,*,#2470,.F.);
#3231=ORIENTED_EDGE('',*,*,#2471,.F.);
#3232=ORIENTED_EDGE('',*,*,#2472,.T.);
#3233=ORIENTED_EDGE('',*,*,#2473,.T.);
#3234=ORIENTED_EDGE('',*,*,#2472,.F.);
#3235=ORIENTED_EDGE('',*,*,#2474,.F.);
#3236=ORIENTED_EDGE('',*,*,#2475,.T.);
#3237=ORIENTED_EDGE('',*,*,#2476,.T.);
#3238=ORIENTED_EDGE('',*,*,#2477,.F.);
#3239=ORIENTED_EDGE('',*,*,#2478,.T.);
#3240=ORIENTED_EDGE('',*,*,#2479,.T.);
#3241=ORIENTED_EDGE('',*,*,#2475,.F.);
#3242=ORIENTED_EDGE('',*,*,#2476,.F.);
#3243=ORIENTED_EDGE('',*,*,#2479,.F.);
#3244=ORIENTED_EDGE('',*,*,#2480,.F.);
#3245=ORIENTED_EDGE('',*,*,#2473,.F.);
#3246=ORIENTED_EDGE('',*,*,#2474,.T.);
#3247=ORIENTED_EDGE('',*,*,#2471,.T.);
#3248=ORIENTED_EDGE('',*,*,#2481,.T.);
#3249=ORIENTED_EDGE('',*,*,#2477,.T.);
#3250=ORIENTED_EDGE('',*,*,#2478,.F.);
#3251=ORIENTED_EDGE('',*,*,#2482,.F.);
#3252=ORIENTED_EDGE('',*,*,#2418,.T.);
#3253=ORIENTED_EDGE('',*,*,#2483,.T.);
#3254=ORIENTED_EDGE('',*,*,#2484,.F.);
#3255=ORIENTED_EDGE('',*,*,#2470,.T.);
#3256=ORIENTED_EDGE('',*,*,#2485,.T.);
#3257=ORIENTED_EDGE('',*,*,#2401,.F.);
#3258=ORIENTED_EDGE('',*,*,#2333,.F.);
#3259=ORIENTED_EDGE('',*,*,#2485,.F.);
#3260=ORIENTED_EDGE('',*,*,#2480,.T.);
#3261=ORIENTED_EDGE('',*,*,#2483,.F.);
#3262=ORIENTED_EDGE('',*,*,#2351,.T.);
#3263=ORIENTED_EDGE('',*,*,#2482,.T.);
#3264=ORIENTED_EDGE('',*,*,#2481,.F.);
#3265=ORIENTED_EDGE('',*,*,#2484,.T.);
#3266=ORIENTED_EDGE('',*,*,#2486,.F.);
#3267=ORIENTED_EDGE('',*,*,#2487,.F.);
#3268=ORIENTED_EDGE('',*,*,#2488,.T.);
#3269=ORIENTED_EDGE('',*,*,#2489,.T.);
#3270=ORIENTED_EDGE('',*,*,#2488,.F.);
#3271=ORIENTED_EDGE('',*,*,#2490,.F.);
#3272=ORIENTED_EDGE('',*,*,#2491,.T.);
#3273=ORIENTED_EDGE('',*,*,#2492,.T.);
#3274=ORIENTED_EDGE('',*,*,#2493,.F.);
#3275=ORIENTED_EDGE('',*,*,#2494,.T.);
#3276=ORIENTED_EDGE('',*,*,#2495,.T.);
#3277=ORIENTED_EDGE('',*,*,#2491,.F.);
#3278=ORIENTED_EDGE('',*,*,#2492,.F.);
#3279=ORIENTED_EDGE('',*,*,#2495,.F.);
#3280=ORIENTED_EDGE('',*,*,#2496,.F.);
#3281=ORIENTED_EDGE('',*,*,#2489,.F.);
#3282=ORIENTED_EDGE('',*,*,#2490,.T.);
#3283=ORIENTED_EDGE('',*,*,#2487,.T.);
#3284=ORIENTED_EDGE('',*,*,#2497,.T.);
#3285=ORIENTED_EDGE('',*,*,#2493,.T.);
#3286=ORIENTED_EDGE('',*,*,#2494,.F.);
#3287=ORIENTED_EDGE('',*,*,#2498,.F.);
#3288=ORIENTED_EDGE('',*,*,#2392,.T.);
#3289=ORIENTED_EDGE('',*,*,#2499,.T.);
#3290=ORIENTED_EDGE('',*,*,#2500,.F.);
#3291=ORIENTED_EDGE('',*,*,#2486,.T.);
#3292=ORIENTED_EDGE('',*,*,#2501,.T.);
#3293=ORIENTED_EDGE('',*,*,#2447,.F.);
#3294=ORIENTED_EDGE('',*,*,#2349,.F.);
#3295=ORIENTED_EDGE('',*,*,#2501,.F.);
#3296=ORIENTED_EDGE('',*,*,#2496,.T.);
#3297=ORIENTED_EDGE('',*,*,#2499,.F.);
#3298=ORIENTED_EDGE('',*,*,#2367,.T.);
#3299=ORIENTED_EDGE('',*,*,#2498,.T.);
#3300=ORIENTED_EDGE('',*,*,#2497,.F.);
#3301=ORIENTED_EDGE('',*,*,#2500,.T.);
#3302=ORIENTED_EDGE('',*,*,#2502,.T.);
#3303=ORIENTED_EDGE('',*,*,#2503,.T.);
#3304=ORIENTED_EDGE('',*,*,#2504,.F.);
#3305=ORIENTED_EDGE('',*,*,#2503,.F.);
#3306=ORIENTED_EDGE('',*,*,#2505,.F.);
#3307=ORIENTED_EDGE('',*,*,#2506,.T.);
#3308=ORIENTED_EDGE('',*,*,#2507,.T.);
#3309=ORIENTED_EDGE('',*,*,#2506,.F.);
#3310=ORIENTED_EDGE('',*,*,#2508,.F.);
#3311=ORIENTED_EDGE('',*,*,#2509,.T.);
#3312=ORIENTED_EDGE('',*,*,#2510,.T.);
#3313=ORIENTED_EDGE('',*,*,#2509,.F.);
#3314=ORIENTED_EDGE('',*,*,#2511,.F.);
#3315=ORIENTED_EDGE('',*,*,#2512,.T.);
#3316=ORIENTED_EDGE('',*,*,#2513,.T.);
#3317=ORIENTED_EDGE('',*,*,#2512,.F.);
#3318=ORIENTED_EDGE('',*,*,#2514,.T.);
#3319=ORIENTED_EDGE('',*,*,#2515,.T.);
#3320=ORIENTED_EDGE('',*,*,#2516,.F.);
#3321=ORIENTED_EDGE('',*,*,#2515,.F.);
#3322=ORIENTED_EDGE('',*,*,#2517,.T.);
#3323=ORIENTED_EDGE('',*,*,#2518,.T.);
#3324=ORIENTED_EDGE('',*,*,#2519,.F.);
#3325=ORIENTED_EDGE('',*,*,#2520,.F.);
#3326=ORIENTED_EDGE('',*,*,#2521,.F.);
#3327=ORIENTED_EDGE('',*,*,#2522,.T.);
#3328=ORIENTED_EDGE('',*,*,#2523,.T.);
#3329=ORIENTED_EDGE('',*,*,#2524,.F.);
#3330=ORIENTED_EDGE('',*,*,#2525,.F.);
#3331=ORIENTED_EDGE('',*,*,#2526,.T.);
#3332=ORIENTED_EDGE('',*,*,#2520,.T.);
#3333=ORIENTED_EDGE('',*,*,#2527,.F.);
#3334=ORIENTED_EDGE('',*,*,#2528,.F.);
#3335=ORIENTED_EDGE('',*,*,#2529,.T.);
#3336=ORIENTED_EDGE('',*,*,#2530,.T.);
#3337=ORIENTED_EDGE('',*,*,#2531,.F.);
#3338=ORIENTED_EDGE('',*,*,#2530,.F.);
#3339=ORIENTED_EDGE('',*,*,#2532,.T.);
#3340=ORIENTED_EDGE('',*,*,#2533,.T.);
#3341=ORIENTED_EDGE('',*,*,#2534,.F.);
#3342=ORIENTED_EDGE('',*,*,#2535,.T.);
#3343=ORIENTED_EDGE('',*,*,#2536,.T.);
#3344=ORIENTED_EDGE('',*,*,#2537,.F.);
#3345=ORIENTED_EDGE('',*,*,#2538,.F.);
#3346=ORIENTED_EDGE('',*,*,#2539,.T.);
#3347=ORIENTED_EDGE('',*,*,#2540,.T.);
#3348=ORIENTED_EDGE('',*,*,#2541,.T.);
#3349=ORIENTED_EDGE('',*,*,#2542,.T.);
#3350=ORIENTED_EDGE('',*,*,#2543,.T.);
#3351=ORIENTED_EDGE('',*,*,#2544,.T.);
#3352=ORIENTED_EDGE('',*,*,#2545,.T.);
#3353=ORIENTED_EDGE('',*,*,#2546,.T.);
#3354=ORIENTED_EDGE('',*,*,#2519,.T.);
#3355=ORIENTED_EDGE('',*,*,#2547,.T.);
#3356=ORIENTED_EDGE('',*,*,#2531,.T.);
#3357=ORIENTED_EDGE('',*,*,#2548,.T.);
#3358=ORIENTED_EDGE('',*,*,#2537,.T.);
#3359=ORIENTED_EDGE('',*,*,#2548,.F.);
#3360=ORIENTED_EDGE('',*,*,#2534,.T.);
#3361=ORIENTED_EDGE('',*,*,#2540,.F.);
#3362=ORIENTED_EDGE('',*,*,#2524,.T.);
#3363=ORIENTED_EDGE('',*,*,#2543,.F.);
#3364=ORIENTED_EDGE('',*,*,#2527,.T.);
#3365=ORIENTED_EDGE('',*,*,#2546,.F.);
#3366=ORIENTED_EDGE('',*,*,#2549,.F.);
#3367=ORIENTED_EDGE('',*,*,#2550,.F.);
#3368=ORIENTED_EDGE('',*,*,#2551,.F.);
#3369=ORIENTED_EDGE('',*,*,#2552,.F.);
#3370=ORIENTED_EDGE('',*,*,#2553,.F.);
#3371=ORIENTED_EDGE('',*,*,#2554,.F.);
#3372=ORIENTED_EDGE('',*,*,#2555,.F.);
#3373=ORIENTED_EDGE('',*,*,#2556,.F.);
#3374=ORIENTED_EDGE('',*,*,#2529,.F.);
#3375=ORIENTED_EDGE('',*,*,#2557,.F.);
#3376=ORIENTED_EDGE('',*,*,#2517,.F.);
#3377=ORIENTED_EDGE('',*,*,#2558,.F.);
#3378=ORIENTED_EDGE('',*,*,#2535,.F.);
#3379=ORIENTED_EDGE('',*,*,#2551,.T.);
#3380=ORIENTED_EDGE('',*,*,#2532,.F.);
#3381=ORIENTED_EDGE('',*,*,#2556,.T.);
#3382=ORIENTED_EDGE('',*,*,#2522,.F.);
#3383=ORIENTED_EDGE('',*,*,#2558,.T.);
#3384=ORIENTED_EDGE('',*,*,#2526,.F.);
#3385=ORIENTED_EDGE('',*,*,#2554,.T.);
#3386=ORIENTED_EDGE('',*,*,#2559,.F.);
#3387=ORIENTED_EDGE('',*,*,#2560,.F.);
#3388=ORIENTED_EDGE('',*,*,#2528,.T.);
#3389=ORIENTED_EDGE('',*,*,#2561,.T.);
#3390=ORIENTED_EDGE('',*,*,#2562,.F.);
#3391=ORIENTED_EDGE('',*,*,#2563,.T.);
#3392=ORIENTED_EDGE('',*,*,#2564,.T.);
#3393=ORIENTED_EDGE('',*,*,#2518,.F.);
#3394=ORIENTED_EDGE('',*,*,#2547,.F.);
#3395=ORIENTED_EDGE('',*,*,#2564,.F.);
#3396=ORIENTED_EDGE('',*,*,#2565,.F.);
#3397=ORIENTED_EDGE('',*,*,#2561,.F.);
#3398=ORIENTED_EDGE('',*,*,#2557,.T.);
#3399=ORIENTED_EDGE('',*,*,#2560,.T.);
#3400=ORIENTED_EDGE('',*,*,#2566,.T.);
#3401=ORIENTED_EDGE('',*,*,#2562,.T.);
#3402=ORIENTED_EDGE('',*,*,#2567,.T.);
#3403=ORIENTED_EDGE('',*,*,#2563,.F.);
#3404=ORIENTED_EDGE('',*,*,#2568,.F.);
#3405=ORIENTED_EDGE('',*,*,#2569,.F.);
#3406=ORIENTED_EDGE('',*,*,#2570,.F.);
#3407=ORIENTED_EDGE('',*,*,#2559,.T.);
#3408=ORIENTED_EDGE('',*,*,#2571,.T.);
#3409=ORIENTED_EDGE('',*,*,#2572,.T.);
#3410=ORIENTED_EDGE('',*,*,#2571,.F.);
#3411=ORIENTED_EDGE('',*,*,#2565,.T.);
#3412=ORIENTED_EDGE('',*,*,#2567,.F.);
#3413=ORIENTED_EDGE('',*,*,#2573,.F.);
#3414=ORIENTED_EDGE('',*,*,#2507,.F.);
#3415=ORIENTED_EDGE('',*,*,#2510,.F.);
#3416=ORIENTED_EDGE('',*,*,#2513,.F.);
#3417=ORIENTED_EDGE('',*,*,#2566,.F.);
#3418=ORIENTED_EDGE('',*,*,#2570,.T.);
#3419=ORIENTED_EDGE('',*,*,#2574,.T.);
#3420=ORIENTED_EDGE('',*,*,#2568,.T.);
#3421=ORIENTED_EDGE('',*,*,#2505,.T.);
#3422=ORIENTED_EDGE('',*,*,#2508,.T.);
#3423=ORIENTED_EDGE('',*,*,#2511,.T.);
#3424=ORIENTED_EDGE('',*,*,#2574,.F.);
#3425=ORIENTED_EDGE('',*,*,#2572,.F.);
#3426=ORIENTED_EDGE('',*,*,#2573,.T.);
#3427=ORIENTED_EDGE('',*,*,#2569,.T.);
#3428=ORIENTED_EDGE('',*,*,#2575,.F.);
#3429=ORIENTED_EDGE('',*,*,#2576,.F.);
#3430=ORIENTED_EDGE('',*,*,#2525,.T.);
#3431=ORIENTED_EDGE('',*,*,#2577,.T.);
#3432=ORIENTED_EDGE('',*,*,#2578,.F.);
#3433=ORIENTED_EDGE('',*,*,#2579,.T.);
#3434=ORIENTED_EDGE('',*,*,#2580,.T.);
#3435=ORIENTED_EDGE('',*,*,#2581,.F.);
#3436=ORIENTED_EDGE('',*,*,#2542,.F.);
#3437=ORIENTED_EDGE('',*,*,#2580,.F.);
#3438=ORIENTED_EDGE('',*,*,#2582,.T.);
#3439=ORIENTED_EDGE('',*,*,#2577,.F.);
#3440=ORIENTED_EDGE('',*,*,#2552,.T.);
#3441=ORIENTED_EDGE('',*,*,#2576,.T.);
#3442=ORIENTED_EDGE('',*,*,#2583,.T.);
#3443=ORIENTED_EDGE('',*,*,#2578,.T.);
#3444=ORIENTED_EDGE('',*,*,#2584,.T.);
#3445=ORIENTED_EDGE('',*,*,#2579,.F.);
#3446=ORIENTED_EDGE('',*,*,#2585,.F.);
#3447=ORIENTED_EDGE('',*,*,#2586,.F.);
#3448=ORIENTED_EDGE('',*,*,#2587,.F.);
#3449=ORIENTED_EDGE('',*,*,#2575,.T.);
#3450=ORIENTED_EDGE('',*,*,#2588,.T.);
#3451=ORIENTED_EDGE('',*,*,#2589,.T.);
#3452=ORIENTED_EDGE('',*,*,#2582,.F.);
#3453=ORIENTED_EDGE('',*,*,#2584,.F.);
#3454=ORIENTED_EDGE('',*,*,#2590,.F.);
#3455=ORIENTED_EDGE('',*,*,#2588,.F.);
#3456=ORIENTED_EDGE('',*,*,#2516,.T.);
#3457=ORIENTED_EDGE('',*,*,#2585,.T.);
#3458=ORIENTED_EDGE('',*,*,#2583,.F.);
#3459=ORIENTED_EDGE('',*,*,#2587,.T.);
#3460=ORIENTED_EDGE('',*,*,#2591,.T.);
#3461=ORIENTED_EDGE('',*,*,#2514,.F.);
#3462=ORIENTED_EDGE('',*,*,#2591,.F.);
#3463=ORIENTED_EDGE('',*,*,#2589,.F.);
#3464=ORIENTED_EDGE('',*,*,#2590,.T.);
#3465=ORIENTED_EDGE('',*,*,#2586,.T.);
#3466=ORIENTED_EDGE('',*,*,#2592,.F.);
#3467=ORIENTED_EDGE('',*,*,#2593,.F.);
#3468=ORIENTED_EDGE('',*,*,#2594,.T.);
#3469=ORIENTED_EDGE('',*,*,#2595,.T.);
#3470=ORIENTED_EDGE('',*,*,#2596,.F.);
#3471=ORIENTED_EDGE('',*,*,#2597,.T.);
#3472=ORIENTED_EDGE('',*,*,#2598,.T.);
#3473=ORIENTED_EDGE('',*,*,#2533,.F.);
#3474=ORIENTED_EDGE('',*,*,#2541,.F.);
#3475=ORIENTED_EDGE('',*,*,#2598,.F.);
#3476=ORIENTED_EDGE('',*,*,#2599,.T.);
#3477=ORIENTED_EDGE('',*,*,#2595,.F.);
#3478=ORIENTED_EDGE('',*,*,#2550,.T.);
#3479=ORIENTED_EDGE('',*,*,#2593,.T.);
#3480=ORIENTED_EDGE('',*,*,#2600,.T.);
#3481=ORIENTED_EDGE('',*,*,#2596,.T.);
#3482=ORIENTED_EDGE('',*,*,#2601,.F.);
#3483=ORIENTED_EDGE('',*,*,#2592,.T.);
#3484=ORIENTED_EDGE('',*,*,#2602,.T.);
#3485=ORIENTED_EDGE('',*,*,#2603,.T.);
#3486=ORIENTED_EDGE('',*,*,#2604,.T.);
#3487=ORIENTED_EDGE('',*,*,#2597,.F.);
#3488=ORIENTED_EDGE('',*,*,#2605,.F.);
#3489=ORIENTED_EDGE('',*,*,#2606,.F.);
#3490=ORIENTED_EDGE('',*,*,#2599,.F.);
#3491=ORIENTED_EDGE('',*,*,#2604,.F.);
#3492=ORIENTED_EDGE('',*,*,#2607,.F.);
#3493=ORIENTED_EDGE('',*,*,#2602,.F.);
#3494=ORIENTED_EDGE('',*,*,#2504,.T.);
#3495=ORIENTED_EDGE('',*,*,#2605,.T.);
#3496=ORIENTED_EDGE('',*,*,#2600,.F.);
#3497=ORIENTED_EDGE('',*,*,#2601,.T.);
#3498=ORIENTED_EDGE('',*,*,#2608,.T.);
#3499=ORIENTED_EDGE('',*,*,#2502,.F.);
#3500=ORIENTED_EDGE('',*,*,#2608,.F.);
#3501=ORIENTED_EDGE('',*,*,#2603,.F.);
#3502=ORIENTED_EDGE('',*,*,#2607,.T.);
#3503=ORIENTED_EDGE('',*,*,#2606,.T.);
#3504=ORIENTED_EDGE('',*,*,#2609,.F.);
#3505=ORIENTED_EDGE('',*,*,#2610,.T.);
#3506=ORIENTED_EDGE('',*,*,#2611,.T.);
#3507=ORIENTED_EDGE('',*,*,#2612,.F.);
#3508=ORIENTED_EDGE('',*,*,#2613,.T.);
#3509=ORIENTED_EDGE('',*,*,#2614,.T.);
#3510=ORIENTED_EDGE('',*,*,#2615,.F.);
#3511=ORIENTED_EDGE('',*,*,#2616,.T.);
#3512=ORIENTED_EDGE('',*,*,#2617,.T.);
#3513=ORIENTED_EDGE('',*,*,#2618,.T.);
#3514=ORIENTED_EDGE('',*,*,#2619,.F.);
#3515=ORIENTED_EDGE('',*,*,#2620,.T.);
#3516=ORIENTED_EDGE('',*,*,#2611,.F.);
#3517=ORIENTED_EDGE('',*,*,#2621,.T.);
#3518=ORIENTED_EDGE('',*,*,#2613,.F.);
#3519=ORIENTED_EDGE('',*,*,#2622,.T.);
#3520=ORIENTED_EDGE('',*,*,#2617,.F.);
#3521=ORIENTED_EDGE('',*,*,#2623,.F.);
#3522=ORIENTED_EDGE('',*,*,#2615,.T.);
#3523=ORIENTED_EDGE('',*,*,#2624,.T.);
#3524=ORIENTED_EDGE('',*,*,#2609,.T.);
#3525=ORIENTED_EDGE('',*,*,#2625,.T.);
#3526=ORIENTED_EDGE('',*,*,#2619,.T.);
#3527=ORIENTED_EDGE('',*,*,#2626,.T.);
#3528=ORIENTED_EDGE('',*,*,#2620,.F.);
#3529=ORIENTED_EDGE('',*,*,#2627,.F.);
#3530=ORIENTED_EDGE('',*,*,#2581,.T.);
#3531=ORIENTED_EDGE('',*,*,#2628,.T.);
#3532=ORIENTED_EDGE('',*,*,#2629,.F.);
#3533=ORIENTED_EDGE('',*,*,#2612,.T.);
#3534=ORIENTED_EDGE('',*,*,#2630,.T.);
#3535=ORIENTED_EDGE('',*,*,#2523,.F.);
#3536=ORIENTED_EDGE('',*,*,#2544,.F.);
#3537=ORIENTED_EDGE('',*,*,#2630,.F.);
#3538=ORIENTED_EDGE('',*,*,#2623,.T.);
#3539=ORIENTED_EDGE('',*,*,#2628,.F.);
#3540=ORIENTED_EDGE('',*,*,#2553,.T.);
#3541=ORIENTED_EDGE('',*,*,#2627,.T.);
#3542=ORIENTED_EDGE('',*,*,#2625,.F.);
#3543=ORIENTED_EDGE('',*,*,#2629,.T.);
#3544=ORIENTED_EDGE('',*,*,#2631,.F.);
#3545=ORIENTED_EDGE('',*,*,#2632,.T.);
#3546=ORIENTED_EDGE('',*,*,#2633,.T.);
#3547=ORIENTED_EDGE('',*,*,#2634,.F.);
#3548=ORIENTED_EDGE('',*,*,#2635,.T.);
#3549=ORIENTED_EDGE('',*,*,#2636,.T.);
#3550=ORIENTED_EDGE('',*,*,#2637,.F.);
#3551=ORIENTED_EDGE('',*,*,#2638,.T.);
#3552=ORIENTED_EDGE('',*,*,#2639,.T.);
#3553=ORIENTED_EDGE('',*,*,#2640,.T.);
#3554=ORIENTED_EDGE('',*,*,#2641,.F.);
#3555=ORIENTED_EDGE('',*,*,#2642,.T.);
#3556=ORIENTED_EDGE('',*,*,#2633,.F.);
#3557=ORIENTED_EDGE('',*,*,#2643,.T.);
#3558=ORIENTED_EDGE('',*,*,#2635,.F.);
#3559=ORIENTED_EDGE('',*,*,#2644,.T.);
#3560=ORIENTED_EDGE('',*,*,#2639,.F.);
#3561=ORIENTED_EDGE('',*,*,#2645,.F.);
#3562=ORIENTED_EDGE('',*,*,#2637,.T.);
#3563=ORIENTED_EDGE('',*,*,#2646,.T.);
#3564=ORIENTED_EDGE('',*,*,#2631,.T.);
#3565=ORIENTED_EDGE('',*,*,#2647,.T.);
#3566=ORIENTED_EDGE('',*,*,#2641,.T.);
#3567=ORIENTED_EDGE('',*,*,#2648,.T.);
#3568=ORIENTED_EDGE('',*,*,#2642,.F.);
#3569=ORIENTED_EDGE('',*,*,#2649,.F.);
#3570=ORIENTED_EDGE('',*,*,#2521,.T.);
#3571=ORIENTED_EDGE('',*,*,#2650,.T.);
#3572=ORIENTED_EDGE('',*,*,#2651,.F.);
#3573=ORIENTED_EDGE('',*,*,#2634,.T.);
#3574=ORIENTED_EDGE('',*,*,#2652,.T.);
#3575=ORIENTED_EDGE('',*,*,#2536,.F.);
#3576=ORIENTED_EDGE('',*,*,#2545,.F.);
#3577=ORIENTED_EDGE('',*,*,#2652,.F.);
#3578=ORIENTED_EDGE('',*,*,#2645,.T.);
#3579=ORIENTED_EDGE('',*,*,#2650,.F.);
#3580=ORIENTED_EDGE('',*,*,#2555,.T.);
#3581=ORIENTED_EDGE('',*,*,#2649,.T.);
#3582=ORIENTED_EDGE('',*,*,#2647,.F.);
#3583=ORIENTED_EDGE('',*,*,#2651,.T.);
#3584=ORIENTED_EDGE('',*,*,#2653,.F.);
#3585=ORIENTED_EDGE('',*,*,#2654,.T.);
#3586=ORIENTED_EDGE('',*,*,#2655,.T.);
#3587=ORIENTED_EDGE('',*,*,#2656,.F.);
#3588=ORIENTED_EDGE('',*,*,#2657,.T.);
#3589=ORIENTED_EDGE('',*,*,#2658,.T.);
#3590=ORIENTED_EDGE('',*,*,#2659,.F.);
#3591=ORIENTED_EDGE('',*,*,#2660,.T.);
#3592=ORIENTED_EDGE('',*,*,#2661,.T.);
#3593=ORIENTED_EDGE('',*,*,#2662,.T.);
#3594=ORIENTED_EDGE('',*,*,#2663,.F.);
#3595=ORIENTED_EDGE('',*,*,#2664,.T.);
#3596=ORIENTED_EDGE('',*,*,#2655,.F.);
#3597=ORIENTED_EDGE('',*,*,#2665,.T.);
#3598=ORIENTED_EDGE('',*,*,#2657,.F.);
#3599=ORIENTED_EDGE('',*,*,#2666,.T.);
#3600=ORIENTED_EDGE('',*,*,#2661,.F.);
#3601=ORIENTED_EDGE('',*,*,#2667,.F.);
#3602=ORIENTED_EDGE('',*,*,#2659,.T.);
#3603=ORIENTED_EDGE('',*,*,#2668,.T.);
#3604=ORIENTED_EDGE('',*,*,#2653,.T.);
#3605=ORIENTED_EDGE('',*,*,#2669,.T.);
#3606=ORIENTED_EDGE('',*,*,#2663,.T.);
#3607=ORIENTED_EDGE('',*,*,#2670,.T.);
#3608=ORIENTED_EDGE('',*,*,#2664,.F.);
#3609=ORIENTED_EDGE('',*,*,#2671,.F.);
#3610=ORIENTED_EDGE('',*,*,#2538,.T.);
#3611=ORIENTED_EDGE('',*,*,#2672,.T.);
#3612=ORIENTED_EDGE('',*,*,#2673,.F.);
#3613=ORIENTED_EDGE('',*,*,#2656,.T.);
#3614=ORIENTED_EDGE('',*,*,#2674,.T.);
#3615=ORIENTED_EDGE('',*,*,#2594,.F.);
#3616=ORIENTED_EDGE('',*,*,#2539,.F.);
#3617=ORIENTED_EDGE('',*,*,#2674,.F.);
#3618=ORIENTED_EDGE('',*,*,#2667,.T.);
#3619=ORIENTED_EDGE('',*,*,#2672,.F.);
#3620=ORIENTED_EDGE('',*,*,#2549,.T.);
#3621=ORIENTED_EDGE('',*,*,#2671,.T.);
#3622=ORIENTED_EDGE('',*,*,#2669,.F.);
#3623=ORIENTED_EDGE('',*,*,#2673,.T.);
#3624=ORIENTED_EDGE('',*,*,#2626,.F.);
#3625=ORIENTED_EDGE('',*,*,#2618,.F.);
#3626=ORIENTED_EDGE('',*,*,#2622,.F.);
#3627=ORIENTED_EDGE('',*,*,#2616,.F.);
#3628=ORIENTED_EDGE('',*,*,#2624,.F.);
#3629=ORIENTED_EDGE('',*,*,#2614,.F.);
#3630=ORIENTED_EDGE('',*,*,#2621,.F.);
#3631=ORIENTED_EDGE('',*,*,#2610,.F.);
#3632=ORIENTED_EDGE('',*,*,#2648,.F.);
#3633=ORIENTED_EDGE('',*,*,#2640,.F.);
#3634=ORIENTED_EDGE('',*,*,#2644,.F.);
#3635=ORIENTED_EDGE('',*,*,#2638,.F.);
#3636=ORIENTED_EDGE('',*,*,#2646,.F.);
#3637=ORIENTED_EDGE('',*,*,#2636,.F.);
#3638=ORIENTED_EDGE('',*,*,#2643,.F.);
#3639=ORIENTED_EDGE('',*,*,#2632,.F.);
#3640=ORIENTED_EDGE('',*,*,#2670,.F.);
#3641=ORIENTED_EDGE('',*,*,#2662,.F.);
#3642=ORIENTED_EDGE('',*,*,#2666,.F.);
#3643=ORIENTED_EDGE('',*,*,#2660,.F.);
#3644=ORIENTED_EDGE('',*,*,#2668,.F.);
#3645=ORIENTED_EDGE('',*,*,#2658,.F.);
#3646=ORIENTED_EDGE('',*,*,#2665,.F.);
#3647=ORIENTED_EDGE('',*,*,#2654,.F.);
#3648=ORIENTED_EDGE('',*,*,#2675,.F.);
#3649=ORIENTED_EDGE('',*,*,#2676,.F.);
#3650=ORIENTED_EDGE('',*,*,#2677,.T.);
#3651=ORIENTED_EDGE('',*,*,#2678,.F.);
#3652=ORIENTED_EDGE('',*,*,#2677,.F.);
#3653=ORIENTED_EDGE('',*,*,#2679,.F.);
#3654=ORIENTED_EDGE('',*,*,#2680,.T.);
#3655=ORIENTED_EDGE('',*,*,#2681,.T.);
#3656=ORIENTED_EDGE('',*,*,#2680,.F.);
#3657=ORIENTED_EDGE('',*,*,#2682,.F.);
#3658=ORIENTED_EDGE('',*,*,#2683,.T.);
#3659=ORIENTED_EDGE('',*,*,#2684,.F.);
#3660=ORIENTED_EDGE('',*,*,#2683,.F.);
#3661=ORIENTED_EDGE('',*,*,#2685,.T.);
#3662=ORIENTED_EDGE('',*,*,#2675,.T.);
#3663=ORIENTED_EDGE('',*,*,#2686,.F.);
#3664=ORIENTED_EDGE('',*,*,#2678,.T.);
#3665=ORIENTED_EDGE('',*,*,#2681,.F.);
#3666=ORIENTED_EDGE('',*,*,#2684,.T.);
#3667=ORIENTED_EDGE('',*,*,#2686,.T.);
#3668=ORIENTED_EDGE('',*,*,#2676,.T.);
#3669=ORIENTED_EDGE('',*,*,#2685,.F.);
#3670=ORIENTED_EDGE('',*,*,#2682,.T.);
#3671=ORIENTED_EDGE('',*,*,#2679,.T.);
#3672=ORIENTED_EDGE('',*,*,#2687,.F.);
#3673=ORIENTED_EDGE('',*,*,#2688,.T.);
#3674=ORIENTED_EDGE('',*,*,#2689,.T.);
#3675=ORIENTED_EDGE('',*,*,#2688,.F.);
#3676=ORIENTED_EDGE('',*,*,#2690,.F.);
#3677=ORIENTED_EDGE('',*,*,#2691,.T.);
#3678=ORIENTED_EDGE('',*,*,#2692,.T.);
#3679=ORIENTED_EDGE('',*,*,#2691,.F.);
#3680=ORIENTED_EDGE('',*,*,#2689,.F.);
#3681=ORIENTED_EDGE('',*,*,#2690,.T.);
#3682=ORIENTED_EDGE('',*,*,#2687,.T.);
#3683=ORIENTED_EDGE('',*,*,#2692,.F.);
#3684=ORIENTED_EDGE('',*,*,#2693,.F.);
#3685=ORIENTED_EDGE('',*,*,#2694,.T.);
#3686=ORIENTED_EDGE('',*,*,#2695,.T.);
#3687=ORIENTED_EDGE('',*,*,#2696,.T.);
#3688=ORIENTED_EDGE('',*,*,#2694,.F.);
#3689=ORIENTED_EDGE('',*,*,#2697,.T.);
#3690=ORIENTED_EDGE('',*,*,#2698,.T.);
#3691=ORIENTED_EDGE('',*,*,#2695,.F.);
#3692=ORIENTED_EDGE('',*,*,#2696,.F.);
#3693=ORIENTED_EDGE('',*,*,#2698,.F.);
#3694=ORIENTED_EDGE('',*,*,#2699,.T.);
#3695=ORIENTED_EDGE('',*,*,#2700,.T.);
#3696=ORIENTED_EDGE('',*,*,#2701,.T.);
#3697=ORIENTED_EDGE('',*,*,#2702,.T.);
#3698=ORIENTED_EDGE('',*,*,#2701,.F.);
#3699=ORIENTED_EDGE('',*,*,#2697,.F.);
#3700=ORIENTED_EDGE('',*,*,#2703,.T.);
#3701=ORIENTED_EDGE('',*,*,#2700,.F.);
#3702=ORIENTED_EDGE('',*,*,#2703,.F.);
#3703=ORIENTED_EDGE('',*,*,#2699,.F.);
#3704=ORIENTED_EDGE('',*,*,#2704,.T.);
#3705=ORIENTED_EDGE('',*,*,#2705,.T.);
#3706=ORIENTED_EDGE('',*,*,#2706,.T.);
#3707=ORIENTED_EDGE('',*,*,#2707,.F.);
#3708=ORIENTED_EDGE('',*,*,#2708,.F.);
#3709=ORIENTED_EDGE('',*,*,#2709,.F.);
#3710=ORIENTED_EDGE('',*,*,#2707,.T.);
#3711=ORIENTED_EDGE('',*,*,#2710,.T.);
#3712=ORIENTED_EDGE('',*,*,#2711,.T.);
#3713=ORIENTED_EDGE('',*,*,#2712,.F.);
#3714=ORIENTED_EDGE('',*,*,#2713,.F.);
#3715=ORIENTED_EDGE('',*,*,#2714,.F.);
#3716=ORIENTED_EDGE('',*,*,#2715,.F.);
#3717=ORIENTED_EDGE('',*,*,#2716,.F.);
#3718=ORIENTED_EDGE('',*,*,#2717,.T.);
#3719=ORIENTED_EDGE('',*,*,#2718,.T.);
#3720=ORIENTED_EDGE('',*,*,#2712,.T.);
#3721=ORIENTED_EDGE('',*,*,#2719,.F.);
#3722=ORIENTED_EDGE('',*,*,#2716,.T.);
#3723=ORIENTED_EDGE('',*,*,#2720,.T.);
#3724=ORIENTED_EDGE('',*,*,#2721,.T.);
#3725=ORIENTED_EDGE('',*,*,#2722,.F.);
#3726=ORIENTED_EDGE('',*,*,#2723,.F.);
#3727=ORIENTED_EDGE('',*,*,#2724,.F.);
#3728=ORIENTED_EDGE('',*,*,#2722,.T.);
#3729=ORIENTED_EDGE('',*,*,#2725,.T.);
#3730=ORIENTED_EDGE('',*,*,#2726,.T.);
#3731=ORIENTED_EDGE('',*,*,#2727,.F.);
#3732=ORIENTED_EDGE('',*,*,#2728,.F.);
#3733=ORIENTED_EDGE('',*,*,#2729,.F.);
#3734=ORIENTED_EDGE('',*,*,#2727,.T.);
#3735=ORIENTED_EDGE('',*,*,#2730,.T.);
#3736=ORIENTED_EDGE('',*,*,#2731,.T.);
#3737=ORIENTED_EDGE('',*,*,#2704,.F.);
#3738=ORIENTED_EDGE('',*,*,#2732,.F.);
#3739=ORIENTED_EDGE('',*,*,#2733,.F.);
#3740=ORIENTED_EDGE('',*,*,#2734,.F.);
#3741=ORIENTED_EDGE('',*,*,#2735,.F.);
#3742=ORIENTED_EDGE('',*,*,#2736,.F.);
#3743=ORIENTED_EDGE('',*,*,#2737,.F.);
#3744=ORIENTED_EDGE('',*,*,#2738,.T.);
#3745=ORIENTED_EDGE('',*,*,#2739,.F.);
#3746=ORIENTED_EDGE('',*,*,#2702,.F.);
#3747=ORIENTED_EDGE('',*,*,#2740,.F.);
#3748=ORIENTED_EDGE('',*,*,#2741,.F.);
#3749=ORIENTED_EDGE('',*,*,#2742,.F.);
#3750=ORIENTED_EDGE('',*,*,#2743,.F.);
#3751=ORIENTED_EDGE('',*,*,#2744,.F.);
#3752=ORIENTED_EDGE('',*,*,#2745,.F.);
#3753=ORIENTED_EDGE('',*,*,#2693,.T.);
#3754=ORIENTED_EDGE('',*,*,#2709,.T.);
#3755=ORIENTED_EDGE('',*,*,#2741,.T.);
#3756=ORIENTED_EDGE('',*,*,#2732,.T.);
#3757=ORIENTED_EDGE('',*,*,#2708,.T.);
#3758=ORIENTED_EDGE('',*,*,#2714,.T.);
#3759=ORIENTED_EDGE('',*,*,#2742,.T.);
#3760=ORIENTED_EDGE('',*,*,#2713,.T.);
#3761=ORIENTED_EDGE('',*,*,#2718,.F.);
#3762=ORIENTED_EDGE('',*,*,#2743,.T.);
#3763=ORIENTED_EDGE('',*,*,#2724,.T.);
#3764=ORIENTED_EDGE('',*,*,#2744,.T.);
#3765=ORIENTED_EDGE('',*,*,#2717,.F.);
#3766=ORIENTED_EDGE('',*,*,#2723,.T.);
#3767=ORIENTED_EDGE('',*,*,#2729,.T.);
#3768=ORIENTED_EDGE('',*,*,#2745,.T.);
#3769=ORIENTED_EDGE('',*,*,#2728,.T.);
#3770=ORIENTED_EDGE('',*,*,#2733,.T.);
#3771=ORIENTED_EDGE('',*,*,#2740,.T.);
#3772=ORIENTED_EDGE('',*,*,#2735,.T.);
#3773=ORIENTED_EDGE('',*,*,#2730,.F.);
#3774=ORIENTED_EDGE('',*,*,#2726,.F.);
#3775=ORIENTED_EDGE('',*,*,#2736,.T.);
#3776=ORIENTED_EDGE('',*,*,#2725,.F.);
#3777=ORIENTED_EDGE('',*,*,#2721,.F.);
#3778=ORIENTED_EDGE('',*,*,#2715,.T.);
#3779=ORIENTED_EDGE('',*,*,#2737,.T.);
#3780=ORIENTED_EDGE('',*,*,#2720,.F.);
#3781=ORIENTED_EDGE('',*,*,#2738,.F.);
#3782=ORIENTED_EDGE('',*,*,#2719,.T.);
#3783=ORIENTED_EDGE('',*,*,#2711,.F.);
#3784=ORIENTED_EDGE('',*,*,#2739,.T.);
#3785=ORIENTED_EDGE('',*,*,#2710,.F.);
#3786=ORIENTED_EDGE('',*,*,#2706,.F.);
#3787=ORIENTED_EDGE('',*,*,#2731,.F.);
#3788=ORIENTED_EDGE('',*,*,#2734,.T.);
#3789=ORIENTED_EDGE('',*,*,#2705,.F.);
#3790=ORIENTED_EDGE('',*,*,#2746,.T.);
#3791=ORIENTED_EDGE('',*,*,#2747,.T.);
#3792=ORIENTED_EDGE('',*,*,#2748,.T.);
#3793=ORIENTED_EDGE('',*,*,#2749,.T.);
#3794=ORIENTED_EDGE('',*,*,#2750,.T.);
#3795=ORIENTED_EDGE('',*,*,#2751,.T.);
#3796=ORIENTED_EDGE('',*,*,#2752,.T.);
#3797=ORIENTED_EDGE('',*,*,#2753,.T.);
#3798=ORIENTED_EDGE('',*,*,#2754,.T.);
#3799=ORIENTED_EDGE('',*,*,#2755,.T.);
#3800=ORIENTED_EDGE('',*,*,#2756,.T.);
#3801=ORIENTED_EDGE('',*,*,#2757,.T.);
#3802=ORIENTED_EDGE('',*,*,#2758,.T.);
#3803=ORIENTED_EDGE('',*,*,#2759,.T.);
#3804=ORIENTED_EDGE('',*,*,#2760,.T.);
#3805=ORIENTED_EDGE('',*,*,#2761,.T.);
#3806=ORIENTED_EDGE('',*,*,#2762,.T.);
#3807=ORIENTED_EDGE('',*,*,#2763,.T.);
#3808=ORIENTED_EDGE('',*,*,#2746,.F.);
#3809=ORIENTED_EDGE('',*,*,#2755,.F.);
#3810=ORIENTED_EDGE('',*,*,#2764,.T.);
#3811=ORIENTED_EDGE('',*,*,#2765,.F.);
#3812=ORIENTED_EDGE('',*,*,#2766,.T.);
#3813=ORIENTED_EDGE('',*,*,#2767,.F.);
#3814=ORIENTED_EDGE('',*,*,#2766,.F.);
#3815=ORIENTED_EDGE('',*,*,#2768,.F.);
#3816=ORIENTED_EDGE('',*,*,#2769,.T.);
#3817=ORIENTED_EDGE('',*,*,#2770,.T.);
#3818=ORIENTED_EDGE('',*,*,#2769,.F.);
#3819=ORIENTED_EDGE('',*,*,#2770,.F.);
#3820=ORIENTED_EDGE('',*,*,#2771,.T.);
#3821=ORIENTED_EDGE('',*,*,#2772,.T.);
#3822=ORIENTED_EDGE('',*,*,#2771,.F.);
#3823=ORIENTED_EDGE('',*,*,#2767,.T.);
#3824=ORIENTED_EDGE('',*,*,#2773,.T.);
#3825=ORIENTED_EDGE('',*,*,#2774,.T.);
#3826=ORIENTED_EDGE('',*,*,#2773,.F.);
#3827=ORIENTED_EDGE('',*,*,#2768,.T.);
#3828=ORIENTED_EDGE('',*,*,#2775,.T.);
#3829=ORIENTED_EDGE('',*,*,#2776,.F.);
#3830=ORIENTED_EDGE('',*,*,#2777,.F.);
#3831=ORIENTED_EDGE('',*,*,#2778,.F.);
#3832=ORIENTED_EDGE('',*,*,#2779,.T.);
#3833=ORIENTED_EDGE('',*,*,#2780,.F.);
#3834=ORIENTED_EDGE('',*,*,#2781,.F.);
#3835=ORIENTED_EDGE('',*,*,#2782,.F.);
#3836=ORIENTED_EDGE('',*,*,#2783,.T.);
#3837=ORIENTED_EDGE('',*,*,#2784,.F.);
#3838=ORIENTED_EDGE('',*,*,#2785,.F.);
#3839=ORIENTED_EDGE('',*,*,#2786,.F.);
#3840=ORIENTED_EDGE('',*,*,#2787,.T.);
#3841=ORIENTED_EDGE('',*,*,#2788,.F.);
#3842=ORIENTED_EDGE('',*,*,#2789,.F.);
#3843=ORIENTED_EDGE('',*,*,#2790,.F.);
#3844=ORIENTED_EDGE('',*,*,#2790,.T.);
#3845=ORIENTED_EDGE('',*,*,#2791,.T.);
#3846=ORIENTED_EDGE('',*,*,#2792,.T.);
#3847=ORIENTED_EDGE('',*,*,#2793,.F.);
#3848=ORIENTED_EDGE('',*,*,#2794,.T.);
#3849=ORIENTED_EDGE('',*,*,#2795,.T.);
#3850=ORIENTED_EDGE('',*,*,#2784,.T.);
#3851=ORIENTED_EDGE('',*,*,#2796,.T.);
#3852=ORIENTED_EDGE('',*,*,#2797,.T.);
#3853=ORIENTED_EDGE('',*,*,#2798,.T.);
#3854=ORIENTED_EDGE('',*,*,#2776,.T.);
#3855=ORIENTED_EDGE('',*,*,#2799,.T.);
#3856=ORIENTED_EDGE('',*,*,#2782,.T.);
#3857=ORIENTED_EDGE('',*,*,#2800,.T.);
#3858=ORIENTED_EDGE('',*,*,#2801,.T.);
#3859=ORIENTED_EDGE('',*,*,#2802,.F.);
#3860=ORIENTED_EDGE('',*,*,#2803,.F.);
#3861=ORIENTED_EDGE('',*,*,#2804,.F.);
#3862=ORIENTED_EDGE('',*,*,#2799,.F.);
#3863=ORIENTED_EDGE('',*,*,#2775,.F.);
#3864=ORIENTED_EDGE('',*,*,#2793,.T.);
#3865=ORIENTED_EDGE('',*,*,#2805,.F.);
#3866=ORIENTED_EDGE('',*,*,#2806,.F.);
#3867=ORIENTED_EDGE('',*,*,#2807,.F.);
#3868=ORIENTED_EDGE('',*,*,#2796,.F.);
#3869=ORIENTED_EDGE('',*,*,#2783,.F.);
#3870=ORIENTED_EDGE('',*,*,#2802,.T.);
#3871=ORIENTED_EDGE('',*,*,#2808,.F.);
#3872=ORIENTED_EDGE('',*,*,#2809,.T.);
#3873=ORIENTED_EDGE('',*,*,#2754,.F.);
#3874=ORIENTED_EDGE('',*,*,#2810,.F.);
#3875=ORIENTED_EDGE('',*,*,#2801,.F.);
#3876=ORIENTED_EDGE('',*,*,#2752,.F.);
#3877=ORIENTED_EDGE('',*,*,#2808,.T.);
#3878=ORIENTED_EDGE('',*,*,#2807,.T.);
#3879=ORIENTED_EDGE('',*,*,#2750,.F.);
#3880=ORIENTED_EDGE('',*,*,#2794,.F.);
#3881=ORIENTED_EDGE('',*,*,#2811,.F.);
#3882=ORIENTED_EDGE('',*,*,#2748,.F.);
#3883=ORIENTED_EDGE('',*,*,#2812,.T.);
#3884=ORIENTED_EDGE('',*,*,#2813,.T.);
#3885=ORIENTED_EDGE('',*,*,#2762,.F.);
#3886=ORIENTED_EDGE('',*,*,#2814,.F.);
#3887=ORIENTED_EDGE('',*,*,#2792,.F.);
#3888=ORIENTED_EDGE('',*,*,#2760,.F.);
#3889=ORIENTED_EDGE('',*,*,#2805,.T.);
#3890=ORIENTED_EDGE('',*,*,#2804,.T.);
#3891=ORIENTED_EDGE('',*,*,#2758,.F.);
#3892=ORIENTED_EDGE('',*,*,#2797,.F.);
#3893=ORIENTED_EDGE('',*,*,#2778,.T.);
#3894=ORIENTED_EDGE('',*,*,#2815,.T.);
#3895=ORIENTED_EDGE('',*,*,#2816,.T.);
#3896=ORIENTED_EDGE('',*,*,#2817,.F.);
#3897=ORIENTED_EDGE('',*,*,#2810,.T.);
#3898=ORIENTED_EDGE('',*,*,#2818,.T.);
#3899=ORIENTED_EDGE('',*,*,#2780,.T.);
#3900=ORIENTED_EDGE('',*,*,#2819,.T.);
#3901=ORIENTED_EDGE('',*,*,#2764,.F.);
#3902=ORIENTED_EDGE('',*,*,#2809,.F.);
#3903=ORIENTED_EDGE('',*,*,#2819,.F.);
#3904=ORIENTED_EDGE('',*,*,#2779,.F.);
#3905=ORIENTED_EDGE('',*,*,#2817,.T.);
#3906=ORIENTED_EDGE('',*,*,#2820,.F.);
#3907=ORIENTED_EDGE('',*,*,#2821,.F.);
#3908=ORIENTED_EDGE('',*,*,#2813,.F.);
#3909=ORIENTED_EDGE('',*,*,#2822,.F.);
#3910=ORIENTED_EDGE('',*,*,#2787,.F.);
#3911=ORIENTED_EDGE('',*,*,#2823,.T.);
#3912=ORIENTED_EDGE('',*,*,#2812,.F.);
#3913=ORIENTED_EDGE('',*,*,#2814,.T.);
#3914=ORIENTED_EDGE('',*,*,#2824,.T.);
#3915=ORIENTED_EDGE('',*,*,#2788,.T.);
#3916=ORIENTED_EDGE('',*,*,#2822,.T.);
#3917=ORIENTED_EDGE('',*,*,#2786,.T.);
#3918=ORIENTED_EDGE('',*,*,#2825,.T.);
#3919=ORIENTED_EDGE('',*,*,#2811,.T.);
#3920=ORIENTED_EDGE('',*,*,#2823,.F.);
#3921=ORIENTED_EDGE('',*,*,#2772,.F.);
#3922=ORIENTED_EDGE('',*,*,#2765,.T.);
#3923=ORIENTED_EDGE('',*,*,#2774,.F.);
#3924=ORIENTED_EDGE('',*,*,#2816,.F.);
#3925=ORIENTED_EDGE('',*,*,#2756,.F.);
#3926=ORIENTED_EDGE('',*,*,#2820,.T.);
#3927=ORIENTED_EDGE('',*,*,#2803,.T.);
#3928=ORIENTED_EDGE('',*,*,#2759,.F.);
#3929=ORIENTED_EDGE('',*,*,#2806,.T.);
#3930=ORIENTED_EDGE('',*,*,#2751,.F.);
#3931=ORIENTED_EDGE('',*,*,#2757,.F.);
#3932=ORIENTED_EDGE('',*,*,#2815,.F.);
#3933=ORIENTED_EDGE('',*,*,#2777,.T.);
#3934=ORIENTED_EDGE('',*,*,#2798,.F.);
#3935=ORIENTED_EDGE('',*,*,#2821,.T.);
#3936=ORIENTED_EDGE('',*,*,#2747,.F.);
#3937=ORIENTED_EDGE('',*,*,#2763,.F.);
#3938=ORIENTED_EDGE('',*,*,#2781,.T.);
#3939=ORIENTED_EDGE('',*,*,#2818,.F.);
#3940=ORIENTED_EDGE('',*,*,#2753,.F.);
#3941=ORIENTED_EDGE('',*,*,#2800,.F.);
#3942=ORIENTED_EDGE('',*,*,#2789,.T.);
#3943=ORIENTED_EDGE('',*,*,#2824,.F.);
#3944=ORIENTED_EDGE('',*,*,#2761,.F.);
#3945=ORIENTED_EDGE('',*,*,#2791,.F.);
#3946=ORIENTED_EDGE('',*,*,#2749,.F.);
#3947=ORIENTED_EDGE('',*,*,#2825,.F.);
#3948=ORIENTED_EDGE('',*,*,#2785,.T.);
#3949=ORIENTED_EDGE('',*,*,#2795,.F.);
#3950=CYLINDRICAL_SURFACE('',#4351,4.5);
#3951=CYLINDRICAL_SURFACE('',#4354,4.5);
#3952=CYLINDRICAL_SURFACE('',#4357,4.5);
#3953=CYLINDRICAL_SURFACE('',#4360,4.5);
#3954=CYLINDRICAL_SURFACE('',#4363,1.59999999999988);
#3955=CYLINDRICAL_SURFACE('',#4366,1.59999999999988);
#3956=CYLINDRICAL_SURFACE('',#4369,1.59999999999989);
#3957=CYLINDRICAL_SURFACE('',#4372,1.59999999999989);
#3958=CYLINDRICAL_SURFACE('',#4375,1.59999999999989);
#3959=CYLINDRICAL_SURFACE('',#4378,1.59999999999989);
#3960=CYLINDRICAL_SURFACE('',#4381,1.59999999999989);
#3961=CYLINDRICAL_SURFACE('',#4384,1.59999999999989);
#3962=CYLINDRICAL_SURFACE('',#4387,1.59999999999989);
#3963=CYLINDRICAL_SURFACE('',#4390,1.59999999999989);
#3964=CYLINDRICAL_SURFACE('',#4414,2.);
#3965=CYLINDRICAL_SURFACE('',#4415,2.);
#3966=CYLINDRICAL_SURFACE('',#4423,1.2);
#3967=CYLINDRICAL_SURFACE('',#4424,1.2);
#3968=CYLINDRICAL_SURFACE('',#4425,2.00000000000006);
#3969=CYLINDRICAL_SURFACE('',#4426,1.20000000000003);
#3970=CYLINDRICAL_SURFACE('',#4432,2.);
#3971=CYLINDRICAL_SURFACE('',#4433,1.19999999999998);
#3972=CYLINDRICAL_SURFACE('',#4438,2.00000000000011);
#3973=CYLINDRICAL_SURFACE('',#4439,1.20000000000009);
#3974=CYLINDRICAL_SURFACE('',#4444,2.);
#3975=CYLINDRICAL_SURFACE('',#4445,1.19999999999998);
#3976=CYLINDRICAL_SURFACE('',#4451,2.00000000000006);
#3977=CYLINDRICAL_SURFACE('',#4452,1.20000000000003);
#3978=CYLINDRICAL_SURFACE('',#4458,1.99999999999989);
#3979=CYLINDRICAL_SURFACE('',#4459,1.19999999999987);
#3980=CYLINDRICAL_SURFACE('',#4465,4.);
#3981=CYLINDRICAL_SURFACE('',#4467,4.);
#3982=CYLINDRICAL_SURFACE('',#4469,4.);
#3983=CYLINDRICAL_SURFACE('',#4471,4.);
#3984=CYLINDRICAL_SURFACE('',#4484,0.850000000000009);
#3985=CYLINDRICAL_SURFACE('',#4485,0.0500000000000268);
#3986=CYLINDRICAL_SURFACE('',#4497,0.849999999999987);
#3987=CYLINDRICAL_SURFACE('',#4498,0.0499999999999678);
#3988=CYLINDRICAL_SURFACE('',#4500,1.90000000000001);
#3989=CYLINDRICAL_SURFACE('',#4503,1.89999999999998);
#3990=CYLINDRICAL_SURFACE('',#4506,1.9);
#3991=CYLINDRICAL_SURFACE('',#4509,1.89999999999998);
#3992=CYLINDRICAL_SURFACE('',#4512,1.9);
#3993=CYLINDRICAL_SURFACE('',#4528,2.);
#3994=CYLINDRICAL_SURFACE('',#4529,1.99999999999999);
#3995=CYLINDRICAL_SURFACE('',#4533,1.2);
#3996=CYLINDRICAL_SURFACE('',#4534,1.2);
#3997=CYLINDRICAL_SURFACE('',#4541,2.00000000000001);
#3998=CYLINDRICAL_SURFACE('',#4542,1.19999999999999);
#3999=CYLINDRICAL_SURFACE('',#4548,1.99999999999994);
#4000=CYLINDRICAL_SURFACE('',#4549,1.19999999999994);
#4001=CYLINDRICAL_SURFACE('',#4555,2.0000000000001);
#4002=CYLINDRICAL_SURFACE('',#4556,1.20000000000011);
#4003=CYLINDRICAL_SURFACE('',#4573,0.850000000000013);
#4004=CYLINDRICAL_SURFACE('',#4574,0.0500000000000224);
#4005=CYLINDRICAL_SURFACE('',#4586,0.849999999999963);
#4006=CYLINDRICAL_SURFACE('',#4587,0.0499999999999651);
#4007=CYLINDRICAL_SURFACE('',#4599,0.850000000000025);
#4008=CYLINDRICAL_SURFACE('',#4600,0.0500000000000351);
#4009=CYLINDRICAL_SURFACE('',#4608,1.55);
#4010=CYLINDRICAL_SURFACE('',#4615,2.35);
#4011=CYLINDRICAL_SURFACE('',#4623,3.5);
#4012=CYLINDRICAL_SURFACE('',#4626,1.6);
#4013=CYLINDRICAL_SURFACE('',#4632,1.5);
#4014=CYLINDRICAL_SURFACE('',#4642,1.25);
#4015=CYLINDRICAL_SURFACE('',#4704,2.8);
#4016=CYLINDRICAL_SURFACE('',#4706,1.5);
#4017=ADVANCED_FACE('',(#569),#3950,.F.);
#4018=ADVANCED_FACE('',(#570),#3951,.F.);
#4019=ADVANCED_FACE('',(#571),#3952,.F.);
#4020=ADVANCED_FACE('',(#572),#3953,.F.);
#4021=ADVANCED_FACE('',(#573),#3954,.F.);
#4022=ADVANCED_FACE('',(#574),#3955,.F.);
#4023=ADVANCED_FACE('',(#575),#3956,.F.);
#4024=ADVANCED_FACE('',(#576),#3957,.F.);
#4025=ADVANCED_FACE('',(#577),#3958,.F.);
#4026=ADVANCED_FACE('',(#578),#3959,.F.);
#4027=ADVANCED_FACE('',(#579),#3960,.F.);
#4028=ADVANCED_FACE('',(#580),#3961,.F.);
#4029=ADVANCED_FACE('',(#581),#3962,.F.);
#4030=ADVANCED_FACE('',(#582),#3963,.F.);
#4031=ADVANCED_FACE('',(#583,#377),#423,.F.);
#4032=ADVANCED_FACE('',(#584,#378),#424,.F.);
#4033=ADVANCED_FACE('',(#585),#425,.T.);
#4034=ADVANCED_FACE('',(#586),#426,.T.);
#4035=ADVANCED_FACE('',(#587),#427,.T.);
#4036=ADVANCED_FACE('',(#588),#428,.T.);
#4037=ADVANCED_FACE('',(#589),#429,.F.);
#4038=ADVANCED_FACE('',(#590,#379,#380,#381,#382,#383),#430,.T.);
#4039=ADVANCED_FACE('',(#591),#431,.F.);
#4040=ADVANCED_FACE('',(#592),#3964,.T.);
#4041=ADVANCED_FACE('',(#593),#3965,.T.);
#4042=ADVANCED_FACE('',(#594),#432,.T.);
#4043=ADVANCED_FACE('',(#595,#384,#385,#386,#387,#388),#433,.F.);
#4044=ADVANCED_FACE('',(#596),#434,.T.);
#4045=ADVANCED_FACE('',(#597),#3966,.F.);
#4046=ADVANCED_FACE('',(#598),#3967,.F.);
#4047=ADVANCED_FACE('',(#599),#361,.F.);
#4048=ADVANCED_FACE('',(#600),#362,.F.);
#4049=ADVANCED_FACE('',(#601),#3968,.T.);
#4050=ADVANCED_FACE('',(#602),#3969,.F.);
#4051=ADVANCED_FACE('',(#603,#389,#390,#391),#435,.F.);
#4052=ADVANCED_FACE('',(#604,#392,#393,#394),#436,.T.);
#4053=ADVANCED_FACE('',(#605),#437,.T.);
#4054=ADVANCED_FACE('',(#606),#438,.T.);
#4055=ADVANCED_FACE('',(#607),#439,.T.);
#4056=ADVANCED_FACE('',(#608),#363,.F.);
#4057=ADVANCED_FACE('',(#609),#364,.F.);
#4058=ADVANCED_FACE('',(#610),#3970,.T.);
#4059=ADVANCED_FACE('',(#611),#3971,.F.);
#4060=ADVANCED_FACE('',(#612,#395),#440,.T.);
#4061=ADVANCED_FACE('',(#613),#441,.T.);
#4062=ADVANCED_FACE('',(#614),#442,.T.);
#4063=ADVANCED_FACE('',(#615),#443,.T.);
#4064=ADVANCED_FACE('',(#616),#365,.F.);
#4065=ADVANCED_FACE('',(#617),#366,.F.);
#4066=ADVANCED_FACE('',(#618),#3972,.T.);
#4067=ADVANCED_FACE('',(#619),#3973,.F.);
#4068=ADVANCED_FACE('',(#620,#396),#444,.T.);
#4069=ADVANCED_FACE('',(#621),#445,.T.);
#4070=ADVANCED_FACE('',(#622),#446,.T.);
#4071=ADVANCED_FACE('',(#623),#447,.T.);
#4072=ADVANCED_FACE('',(#624),#367,.F.);
#4073=ADVANCED_FACE('',(#625),#368,.F.);
#4074=ADVANCED_FACE('',(#626),#3974,.T.);
#4075=ADVANCED_FACE('',(#627),#3975,.F.);
#4076=ADVANCED_FACE('',(#628,#397),#448,.F.);
#4077=ADVANCED_FACE('',(#629,#398),#449,.T.);
#4078=ADVANCED_FACE('',(#630),#450,.T.);
#4079=ADVANCED_FACE('',(#631),#451,.T.);
#4080=ADVANCED_FACE('',(#632),#452,.T.);
#4081=ADVANCED_FACE('',(#633),#369,.F.);
#4082=ADVANCED_FACE('',(#634),#370,.F.);
#4083=ADVANCED_FACE('',(#635),#3976,.T.);
#4084=ADVANCED_FACE('',(#636),#3977,.F.);
#4085=ADVANCED_FACE('',(#637,#399,#400,#401),#453,.F.);
#4086=ADVANCED_FACE('',(#638,#402,#403,#404),#454,.T.);
#4087=ADVANCED_FACE('',(#639),#455,.T.);
#4088=ADVANCED_FACE('',(#640),#456,.T.);
#4089=ADVANCED_FACE('',(#641),#457,.T.);
#4090=ADVANCED_FACE('',(#642),#371,.F.);
#4091=ADVANCED_FACE('',(#643),#372,.F.);
#4092=ADVANCED_FACE('',(#644),#3978,.T.);
#4093=ADVANCED_FACE('',(#645),#3979,.F.);
#4094=ADVANCED_FACE('',(#646,#405),#458,.F.);
#4095=ADVANCED_FACE('',(#647,#406),#459,.T.);
#4096=ADVANCED_FACE('',(#648),#460,.T.);
#4097=ADVANCED_FACE('',(#649),#461,.T.);
#4098=ADVANCED_FACE('',(#650),#462,.T.);
#4099=ADVANCED_FACE('',(#651),#3980,.F.);
#4100=ADVANCED_FACE('',(#652),#463,.F.);
#4101=ADVANCED_FACE('',(#653),#3981,.F.);
#4102=ADVANCED_FACE('',(#654),#464,.F.);
#4103=ADVANCED_FACE('',(#655),#3982,.F.);
#4104=ADVANCED_FACE('',(#656),#465,.F.);
#4105=ADVANCED_FACE('',(#657),#3983,.F.);
#4106=ADVANCED_FACE('',(#658),#466,.F.);
#4107=ADVANCED_FACE('',(#659),#467,.F.);
#4108=ADVANCED_FACE('',(#660),#468,.F.);
#4109=ADVANCED_FACE('',(#661),#469,.F.);
#4110=ADVANCED_FACE('',(#662),#470,.T.);
#4111=ADVANCED_FACE('',(#663),#471,.F.);
#4112=ADVANCED_FACE('',(#664),#472,.T.);
#4113=ADVANCED_FACE('',(#665),#473,.F.);
#4114=ADVANCED_FACE('',(#666),#3984,.T.);
#4115=ADVANCED_FACE('',(#667),#3985,.F.);
#4116=ADVANCED_FACE('',(#668),#474,.F.);
#4117=ADVANCED_FACE('',(#669),#475,.F.);
#4118=ADVANCED_FACE('',(#670),#476,.F.);
#4119=ADVANCED_FACE('',(#671),#477,.T.);
#4120=ADVANCED_FACE('',(#672),#478,.F.);
#4121=ADVANCED_FACE('',(#673),#479,.T.);
#4122=ADVANCED_FACE('',(#674),#480,.F.);
#4123=ADVANCED_FACE('',(#675),#3986,.T.);
#4124=ADVANCED_FACE('',(#676),#3987,.F.);
#4125=ADVANCED_FACE('',(#677),#3988,.F.);
#4126=ADVANCED_FACE('',(#678),#3989,.F.);
#4127=ADVANCED_FACE('',(#679),#3990,.F.);
#4128=ADVANCED_FACE('',(#680),#3991,.F.);
#4129=ADVANCED_FACE('',(#681),#3992,.F.);
#4130=ADVANCED_FACE('',(#682),#481,.F.);
#4131=ADVANCED_FACE('',(#683),#281,.F.);
#4132=ADVANCED_FACE('',(#684),#282,.F.);
#4133=ADVANCED_FACE('',(#685),#482,.F.);
#4134=ADVANCED_FACE('',(#686),#283,.F.);
#4135=ADVANCED_FACE('',(#687),#284,.F.);
#4136=ADVANCED_FACE('',(#688),#483,.T.);
#4137=ADVANCED_FACE('',(#689),#484,.T.);
#4138=ADVANCED_FACE('',(#690),#485,.F.);
#4139=ADVANCED_FACE('',(#691),#3993,.T.);
#4140=ADVANCED_FACE('',(#692),#3994,.T.);
#4141=ADVANCED_FACE('',(#693),#486,.F.);
#4142=ADVANCED_FACE('',(#694),#487,.F.);
#4143=ADVANCED_FACE('',(#695),#488,.T.);
#4144=ADVANCED_FACE('',(#696),#3995,.F.);
#4145=ADVANCED_FACE('',(#697),#3996,.F.);
#4146=ADVANCED_FACE('',(#698),#489,.T.);
#4147=ADVANCED_FACE('',(#699),#490,.F.);
#4148=ADVANCED_FACE('',(#700),#3997,.T.);
#4149=ADVANCED_FACE('',(#701),#3998,.F.);
#4150=ADVANCED_FACE('',(#702),#491,.T.);
#4151=ADVANCED_FACE('',(#703),#492,.T.);
#4152=ADVANCED_FACE('',(#704,#407,#408,#409),#493,.T.);
#4153=ADVANCED_FACE('',(#705,#410,#411,#412),#494,.F.);
#4154=ADVANCED_FACE('',(#706),#495,.T.);
#4155=ADVANCED_FACE('',(#707),#373,.F.);
#4156=ADVANCED_FACE('',(#708),#374,.F.);
#4157=ADVANCED_FACE('',(#709),#3999,.T.);
#4158=ADVANCED_FACE('',(#710),#4000,.F.);
#4159=ADVANCED_FACE('',(#711),#496,.T.);
#4160=ADVANCED_FACE('',(#712),#497,.T.);
#4161=ADVANCED_FACE('',(#713,#413),#498,.F.);
#4162=ADVANCED_FACE('',(#714,#414),#499,.T.);
#4163=ADVANCED_FACE('',(#715),#500,.T.);
#4164=ADVANCED_FACE('',(#716),#375,.F.);
#4165=ADVANCED_FACE('',(#717),#376,.F.);
#4166=ADVANCED_FACE('',(#718),#4001,.T.);
#4167=ADVANCED_FACE('',(#719),#4002,.F.);
#4168=ADVANCED_FACE('',(#720),#501,.T.);
#4169=ADVANCED_FACE('',(#721),#502,.T.);
#4170=ADVANCED_FACE('',(#722,#415),#503,.F.);
#4171=ADVANCED_FACE('',(#723,#416),#504,.T.);
#4172=ADVANCED_FACE('',(#724),#505,.T.);
#4173=ADVANCED_FACE('',(#725),#506,.F.);
#4174=ADVANCED_FACE('',(#726),#507,.F.);
#4175=ADVANCED_FACE('',(#727),#508,.F.);
#4176=ADVANCED_FACE('',(#728),#509,.T.);
#4177=ADVANCED_FACE('',(#729),#510,.F.);
#4178=ADVANCED_FACE('',(#730),#511,.T.);
#4179=ADVANCED_FACE('',(#731),#512,.F.);
#4180=ADVANCED_FACE('',(#732),#4003,.T.);
#4181=ADVANCED_FACE('',(#733),#4004,.F.);
#4182=ADVANCED_FACE('',(#734),#513,.F.);
#4183=ADVANCED_FACE('',(#735),#514,.F.);
#4184=ADVANCED_FACE('',(#736),#515,.F.);
#4185=ADVANCED_FACE('',(#737),#516,.T.);
#4186=ADVANCED_FACE('',(#738),#517,.F.);
#4187=ADVANCED_FACE('',(#739),#518,.T.);
#4188=ADVANCED_FACE('',(#740),#519,.F.);
#4189=ADVANCED_FACE('',(#741),#4005,.T.);
#4190=ADVANCED_FACE('',(#742),#4006,.F.);
#4191=ADVANCED_FACE('',(#743),#520,.F.);
#4192=ADVANCED_FACE('',(#744),#521,.F.);
#4193=ADVANCED_FACE('',(#745),#522,.F.);
#4194=ADVANCED_FACE('',(#746),#523,.T.);
#4195=ADVANCED_FACE('',(#747),#524,.F.);
#4196=ADVANCED_FACE('',(#748),#525,.T.);
#4197=ADVANCED_FACE('',(#749),#526,.F.);
#4198=ADVANCED_FACE('',(#750),#4007,.T.);
#4199=ADVANCED_FACE('',(#751),#4008,.F.);
#4200=ADVANCED_FACE('',(#752),#527,.F.);
#4201=ADVANCED_FACE('',(#753),#528,.F.);
#4202=ADVANCED_FACE('',(#754),#529,.F.);
#4203=ADVANCED_FACE('',(#755),#530,.F.);
#4204=ADVANCED_FACE('',(#756),#531,.F.);
#4205=ADVANCED_FACE('',(#757),#532,.F.);
#4206=ADVANCED_FACE('',(#758),#4009,.F.);
#4207=ADVANCED_FACE('',(#759),#533,.T.);
#4208=ADVANCED_FACE('',(#760),#4010,.T.);
#4209=ADVANCED_FACE('',(#761),#534,.T.);
#4210=ADVANCED_FACE('',(#762),#535,.T.);
#4211=ADVANCED_FACE('',(#763),#536,.T.);
#4212=ADVANCED_FACE('',(#764),#4011,.T.);
#4213=ADVANCED_FACE('',(#765),#4012,.F.);
#4214=ADVANCED_FACE('',(#766,#417),#537,.F.);
#4215=ADVANCED_FACE('',(#767,#418),#538,.F.);
#4216=ADVANCED_FACE('',(#768),#4013,.F.);
#4217=ADVANCED_FACE('',(#769),#258,.F.);
#4218=ADVANCED_FACE('',(#770),#259,.F.);
#4219=ADVANCED_FACE('',(#771),#4014,.F.);
#4220=ADVANCED_FACE('',(#772),#539,.T.);
#4221=ADVANCED_FACE('',(#773),#540,.T.);
#4222=ADVANCED_FACE('',(#774),#541,.F.);
#4223=ADVANCED_FACE('',(#775),#542,.T.);
#4224=ADVANCED_FACE('',(#776),#543,.T.);
#4225=ADVANCED_FACE('',(#777),#544,.T.);
#4226=ADVANCED_FACE('',(#778,#419),#545,.F.);
#4227=ADVANCED_FACE('',(#779,#420),#546,.T.);
#4228=ADVANCED_FACE('',(#780),#260,.T.);
#4229=ADVANCED_FACE('',(#781),#261,.T.);
#4230=ADVANCED_FACE('',(#782),#262,.T.);
#4231=ADVANCED_FACE('',(#783),#263,.T.);
#4232=ADVANCED_FACE('',(#784),#264,.T.);
#4233=ADVANCED_FACE('',(#785),#265,.T.);
#4234=ADVANCED_FACE('',(#786),#266,.T.);
#4235=ADVANCED_FACE('',(#787),#267,.T.);
#4236=ADVANCED_FACE('',(#788),#268,.T.);
#4237=ADVANCED_FACE('',(#789),#269,.T.);
#4238=ADVANCED_FACE('',(#790),#270,.T.);
#4239=ADVANCED_FACE('',(#791),#271,.T.);
#4240=ADVANCED_FACE('',(#792),#272,.F.);
#4241=ADVANCED_FACE('',(#793),#273,.F.);
#4242=ADVANCED_FACE('',(#794),#224,.F.);
#4243=ADVANCED_FACE('',(#795),#225,.T.);
#4244=ADVANCED_FACE('',(#796),#4015,.T.);
#4245=ADVANCED_FACE('',(#797),#4016,.T.);
#4246=ADVANCED_FACE('',(#798,#421),#223,.T.);
#4247=ADVANCED_FACE('',(#799),#547,.T.);
#4248=ADVANCED_FACE('',(#800),#548,.T.);
#4249=ADVANCED_FACE('',(#801),#549,.T.);
#4250=ADVANCED_FACE('',(#802),#550,.T.);
#4251=ADVANCED_FACE('',(#803),#551,.F.);
#4252=ADVANCED_FACE('',(#804),#552,.F.);
#4253=ADVANCED_FACE('',(#805),#553,.T.);
#4254=ADVANCED_FACE('',(#806),#554,.T.);
#4255=ADVANCED_FACE('',(#807),#555,.T.);
#4256=ADVANCED_FACE('',(#808),#556,.T.);
#4257=ADVANCED_FACE('',(#809),#557,.T.);
#4258=ADVANCED_FACE('',(#810),#558,.T.);
#4259=ADVANCED_FACE('',(#811),#559,.T.);
#4260=ADVANCED_FACE('',(#812),#560,.T.);
#4261=ADVANCED_FACE('',(#813),#561,.T.);
#4262=ADVANCED_FACE('',(#814),#562,.F.);
#4263=ADVANCED_FACE('',(#815),#563,.F.);
#4264=ADVANCED_FACE('',(#816),#564,.T.);
#4265=ADVANCED_FACE('',(#817),#565,.T.);
#4266=ADVANCED_FACE('',(#818,#422),#566,.F.);
#4267=ADVANCED_FACE('',(#819),#567,.T.);
#4268=ADVANCED_FACE('',(#820),#568,.T.);
#4269=ADVANCED_FACE('',(#821),#274,.F.);
#4270=ADVANCED_FACE('',(#822),#275,.F.);
#4271=ADVANCED_FACE('',(#823),#276,.F.);
#4272=ADVANCED_FACE('',(#824),#277,.F.);
#4273=ADVANCED_FACE('',(#825),#278,.F.);
#4274=ADVANCED_FACE('',(#826),#279,.F.);
#4275=ADVANCED_FACE('',(#827),#280,.F.);
#4276=CLOSED_SHELL('',(#4017,#4018,#4019,#4020,#4021,#4022,#4023,#4024,
#4025,#4026,#4027,#4028,#4029,#4030,#4031,#4032,#4033,#4034,#4035,#4036,
#4037,#4038,#4039,#4040,#4041,#4042,#4043,#4044,#4045,#4046,#4047,#4048,
#4049,#4050,#4051,#4052,#4053,#4054,#4055,#4056,#4057,#4058,#4059,#4060,
#4061,#4062,#4063,#4064,#4065,#4066,#4067,#4068,#4069,#4070,#4071,#4072,
#4073,#4074,#4075,#4076,#4077,#4078,#4079,#4080,#4081,#4082,#4083,#4084,
#4085,#4086,#4087,#4088,#4089,#4090,#4091,#4092,#4093,#4094,#4095,#4096,
#4097,#4098,#4099,#4100,#4101,#4102,#4103,#4104,#4105,#4106,#4107,#4108,
#4109,#4110,#4111,#4112,#4113,#4114,#4115,#4116,#4117,#4118,#4119,#4120,
#4121,#4122,#4123,#4124));
#4277=CLOSED_SHELL('',(#4125,#4126,#4127,#4128,#4129,#4130,#4131,#4132,
#4133,#4134,#4135,#4136,#4137,#4138,#4139,#4140,#4141,#4142,#4143,#4144,
#4145,#4146,#4147,#4148,#4149,#4150,#4151,#4152,#4153,#4154,#4155,#4156,
#4157,#4158,#4159,#4160,#4161,#4162,#4163,#4164,#4165,#4166,#4167,#4168,
#4169,#4170,#4171,#4172,#4173,#4174,#4175,#4176,#4177,#4178,#4179,#4180,
#4181,#4182,#4183,#4184,#4185,#4186,#4187,#4188,#4189,#4190,#4191,#4192,
#4193,#4194,#4195,#4196,#4197,#4198,#4199,#4200,#4201,#4202,#4203,#4204,
#4205));
#4278=CLOSED_SHELL('',(#4206,#4207,#4208,#4209,#4210,#4211));
#4279=CLOSED_SHELL('',(#4212,#4213,#4214,#4215));
#4280=CLOSED_SHELL('',(#4216,#4217,#4218,#4219,#4220,#4221,#4222,#4223,
#4224,#4225,#4226,#4227,#4228,#4229,#4230,#4231,#4232,#4233,#4234,#4235,
#4236,#4237,#4238,#4239));
#4281=CLOSED_SHELL('',(#4240,#4241,#4242,#4243,#4244,#4245,#4246,#4247,
#4248,#4249,#4250,#4251,#4252,#4253,#4254,#4255,#4256,#4257,#4258,#4259,
#4260,#4261,#4262,#4263,#4264,#4265,#4266,#4267,#4268,#4269,#4270,#4271,
#4272,#4273,#4274,#4275));
#4282=DERIVED_UNIT_ELEMENT(#4294,1.);
#4283=DERIVED_UNIT_ELEMENT(#9263,-3.);
#4284=DERIVED_UNIT_ELEMENT(#4294,1.);
#4285=DERIVED_UNIT_ELEMENT(#9263,-3.);
#4286=DERIVED_UNIT_ELEMENT(#4294,1.);
#4287=DERIVED_UNIT_ELEMENT(#9263,-3.);
#4288=DERIVED_UNIT_ELEMENT(#4294,1.);
#4289=DERIVED_UNIT_ELEMENT(#9263,-3.);
#4290=DERIVED_UNIT_ELEMENT(#4294,1.);
#4291=DERIVED_UNIT_ELEMENT(#9263,-3.);
#4292=DERIVED_UNIT_ELEMENT(#4294,1.);
#4293=DERIVED_UNIT_ELEMENT(#9263,-3.);
#4294=(
MASS_UNIT()
NAMED_UNIT(*)
SI_UNIT(.KILO.,.GRAM.)
);
#4295=DERIVED_UNIT((#4282,#4283));
#4296=DERIVED_UNIT((#4284,#4285));
#4297=DERIVED_UNIT((#4286,#4287));
#4298=DERIVED_UNIT((#4288,#4289));
#4299=DERIVED_UNIT((#4290,#4291));
#4300=DERIVED_UNIT((#4292,#4293));
#4301=MEASURE_REPRESENTATION_ITEM('density measure',
POSITIVE_RATIO_MEASURE(7850.),#4295);
#4302=MEASURE_REPRESENTATION_ITEM('density measure',
POSITIVE_RATIO_MEASURE(7850.),#4296);
#4303=MEASURE_REPRESENTATION_ITEM('density measure',
POSITIVE_RATIO_MEASURE(7850.),#4297);
#4304=MEASURE_REPRESENTATION_ITEM('density measure',
POSITIVE_RATIO_MEASURE(7850.),#4298);
#4305=MEASURE_REPRESENTATION_ITEM('density measure',
POSITIVE_RATIO_MEASURE(7850.),#4299);
#4306=MEASURE_REPRESENTATION_ITEM('density measure',
POSITIVE_RATIO_MEASURE(7850.),#4300);
#4307=PROPERTY_DEFINITION_REPRESENTATION(#4337,#4319);
#4308=PROPERTY_DEFINITION_REPRESENTATION(#4338,#4320);
#4309=PROPERTY_DEFINITION_REPRESENTATION(#4339,#4321);
#4310=PROPERTY_DEFINITION_REPRESENTATION(#4340,#4322);
#4311=PROPERTY_DEFINITION_REPRESENTATION(#4341,#4323);
#4312=PROPERTY_DEFINITION_REPRESENTATION(#4342,#4324);
#4313=PROPERTY_DEFINITION_REPRESENTATION(#4343,#4325);
#4314=PROPERTY_DEFINITION_REPRESENTATION(#4344,#4326);
#4315=PROPERTY_DEFINITION_REPRESENTATION(#4345,#4327);
#4316=PROPERTY_DEFINITION_REPRESENTATION(#4346,#4328);
#4317=PROPERTY_DEFINITION_REPRESENTATION(#4347,#4329);
#4318=PROPERTY_DEFINITION_REPRESENTATION(#4348,#4330);
#4319=REPRESENTATION('material name',(#4331),#9255);
#4320=REPRESENTATION('density',(#4301),#9255);
#4321=REPRESENTATION('material name',(#4332),#9256);
#4322=REPRESENTATION('density',(#4302),#9256);
#4323=REPRESENTATION('material name',(#4333),#9257);
#4324=REPRESENTATION('density',(#4303),#9257);
#4325=REPRESENTATION('material name',(#4334),#9258);
#4326=REPRESENTATION('density',(#4304),#9258);
#4327=REPRESENTATION('material name',(#4335),#9259);
#4328=REPRESENTATION('density',(#4305),#9259);
#4329=REPRESENTATION('material name',(#4336),#9260);
#4330=REPRESENTATION('density',(#4306),#9260);
#4331=DESCRIPTIVE_REPRESENTATION_ITEM('Steel','Steel');
#4332=DESCRIPTIVE_REPRESENTATION_ITEM('Steel','Steel');
#4333=DESCRIPTIVE_REPRESENTATION_ITEM('Steel','Steel');
#4334=DESCRIPTIVE_REPRESENTATION_ITEM('Steel','Steel');
#4335=DESCRIPTIVE_REPRESENTATION_ITEM('Steel','Steel');
#4336=DESCRIPTIVE_REPRESENTATION_ITEM('Steel','Steel');
#4337=PROPERTY_DEFINITION('material property','material name',#9342);
#4338=PROPERTY_DEFINITION('material property','density of part',#9342);
#4339=PROPERTY_DEFINITION('material property','material name',#9343);
#4340=PROPERTY_DEFINITION('material property','density of part',#9343);
#4341=PROPERTY_DEFINITION('material property','material name',#9344);
#4342=PROPERTY_DEFINITION('material property','density of part',#9344);
#4343=PROPERTY_DEFINITION('material property','material name',#9345);
#4344=PROPERTY_DEFINITION('material property','density of part',#9345);
#4345=PROPERTY_DEFINITION('material property','material name',#9346);
#4346=PROPERTY_DEFINITION('material property','density of part',#9346);
#4347=PROPERTY_DEFINITION('material property','material name',#9347);
#4348=PROPERTY_DEFINITION('material property','density of part',#9347);
#4349=AXIS2_PLACEMENT_3D('',#6068,#4810,#4811);
#4350=AXIS2_PLACEMENT_3D('',#6069,#4812,#4813);
#4351=AXIS2_PLACEMENT_3D('',#6070,#4814,#4815);
#4352=AXIS2_PLACEMENT_3D('',#6072,#4816,#4817);
#4353=AXIS2_PLACEMENT_3D('',#6075,#4819,#4820);
#4354=AXIS2_PLACEMENT_3D('',#6076,#4821,#4822);
#4355=AXIS2_PLACEMENT_3D('',#6078,#4823,#4824);
#4356=AXIS2_PLACEMENT_3D('',#6081,#4826,#4827);
#4357=AXIS2_PLACEMENT_3D('',#6082,#4828,#4829);
#4358=AXIS2_PLACEMENT_3D('',#6084,#4830,#4831);
#4359=AXIS2_PLACEMENT_3D('',#6087,#4833,#4834);
#4360=AXIS2_PLACEMENT_3D('',#6088,#4835,#4836);
#4361=AXIS2_PLACEMENT_3D('',#6090,#4837,#4838);
#4362=AXIS2_PLACEMENT_3D('',#6093,#4840,#4841);
#4363=AXIS2_PLACEMENT_3D('',#6094,#4842,#4843);
#4364=AXIS2_PLACEMENT_3D('',#6096,#4844,#4845);
#4365=AXIS2_PLACEMENT_3D('',#6099,#4847,#4848);
#4366=AXIS2_PLACEMENT_3D('',#6100,#4849,#4850);
#4367=AXIS2_PLACEMENT_3D('',#6102,#4851,#4852);
#4368=AXIS2_PLACEMENT_3D('',#6105,#4854,#4855);
#4369=AXIS2_PLACEMENT_3D('',#6106,#4856,#4857);
#4370=AXIS2_PLACEMENT_3D('',#6108,#4858,#4859);
#4371=AXIS2_PLACEMENT_3D('',#6111,#4861,#4862);
#4372=AXIS2_PLACEMENT_3D('',#6112,#4863,#4864);
#4373=AXIS2_PLACEMENT_3D('',#6114,#4865,#4866);
#4374=AXIS2_PLACEMENT_3D('',#6117,#4868,#4869);
#4375=AXIS2_PLACEMENT_3D('',#6118,#4870,#4871);
#4376=AXIS2_PLACEMENT_3D('',#6120,#4872,#4873);
#4377=AXIS2_PLACEMENT_3D('',#6123,#4875,#4876);
#4378=AXIS2_PLACEMENT_3D('',#6124,#4877,#4878);
#4379=AXIS2_PLACEMENT_3D('',#6126,#4879,#4880);
#4380=AXIS2_PLACEMENT_3D('',#6129,#4882,#4883);
#4381=AXIS2_PLACEMENT_3D('',#6130,#4884,#4885);
#4382=AXIS2_PLACEMENT_3D('',#6132,#4886,#4887);
#4383=AXIS2_PLACEMENT_3D('',#6135,#4889,#4890);
#4384=AXIS2_PLACEMENT_3D('',#6136,#4891,#4892);
#4385=AXIS2_PLACEMENT_3D('',#6138,#4893,#4894);
#4386=AXIS2_PLACEMENT_3D('',#6141,#4896,#4897);
#4387=AXIS2_PLACEMENT_3D('',#6142,#4898,#4899);
#4388=AXIS2_PLACEMENT_3D('',#6144,#4900,#4901);
#4389=AXIS2_PLACEMENT_3D('',#6147,#4903,#4904);
#4390=AXIS2_PLACEMENT_3D('',#6148,#4905,#4906);
#4391=AXIS2_PLACEMENT_3D('',#6150,#4907,#4908);
#4392=AXIS2_PLACEMENT_3D('',#6153,#4910,#4911);
#4393=AXIS2_PLACEMENT_3D('',#6154,#4912,#4913);
#4394=AXIS2_PLACEMENT_3D('',#6163,#4918,#4919);
#4395=AXIS2_PLACEMENT_3D('',#6172,#4924,#4925);
#4396=AXIS2_PLACEMENT_3D('',#6177,#4927,#4928);
#4397=AXIS2_PLACEMENT_3D('',#6180,#4930,#4931);
#4398=AXIS2_PLACEMENT_3D('',#6181,#4932,#4933);
#4399=AXIS2_PLACEMENT_3D('',#6186,#4935,#4936);
#4400=AXIS2_PLACEMENT_3D('',#6189,#4938,#4939);
#4401=AXIS2_PLACEMENT_3D('',#6190,#4940,#4941);
#4402=AXIS2_PLACEMENT_3D('',#6195,#4943,#4944);
#4403=AXIS2_PLACEMENT_3D('',#6198,#4946,#4947);
#4404=AXIS2_PLACEMENT_3D('',#6199,#4948,#4949);
#4405=AXIS2_PLACEMENT_3D('',#6202,#4950,#4951);
#4406=AXIS2_PLACEMENT_3D('',#6206,#4953,#4954);
#4407=AXIS2_PLACEMENT_3D('',#6208,#4956,#4957);
#4408=AXIS2_PLACEMENT_3D('',#6215,#4962,#4963);
#4409=AXIS2_PLACEMENT_3D('',#6222,#4968,#4969);
#4410=AXIS2_PLACEMENT_3D('',#6226,#4971,#4972);
#4411=AXIS2_PLACEMENT_3D('',#6230,#4974,#4975);
#4412=AXIS2_PLACEMENT_3D('',#6234,#4977,#4978);
#4413=AXIS2_PLACEMENT_3D('',#6236,#4980,#4981);
#4414=AXIS2_PLACEMENT_3D('',#6243,#4986,#4987);
#4415=AXIS2_PLACEMENT_3D('',#6244,#4988,#4989);
#4416=AXIS2_PLACEMENT_3D('',#6245,#4990,#4991);
#4417=AXIS2_PLACEMENT_3D('',#6252,#4996,#4997);
#4418=AXIS2_PLACEMENT_3D('',#6261,#5003,#5004);
#4419=AXIS2_PLACEMENT_3D('',#6265,#5006,#5007);
#4420=AXIS2_PLACEMENT_3D('',#6269,#5009,#5010);
#4421=AXIS2_PLACEMENT_3D('',#6272,#5012,#5013);
#4422=AXIS2_PLACEMENT_3D('',#6273,#5014,#5015);
#4423=AXIS2_PLACEMENT_3D('',#6280,#5020,#5021);
#4424=AXIS2_PLACEMENT_3D('',#6281,#5022,#5023);
#4425=AXIS2_PLACEMENT_3D('',#6534,#5026,#5027);
#4426=AXIS2_PLACEMENT_3D('',#6536,#5029,#5030);
#4427=AXIS2_PLACEMENT_3D('',#6538,#5032,#5033);
#4428=AXIS2_PLACEMENT_3D('',#6544,#5037,#5038);
#4429=AXIS2_PLACEMENT_3D('',#6550,#5042,#5043);
#4430=AXIS2_PLACEMENT_3D('',#6553,#5046,#5047);
#4431=AXIS2_PLACEMENT_3D('',#6554,#5048,#5049);
#4432=AXIS2_PLACEMENT_3D('',#6830,#5053,#5054);
#4433=AXIS2_PLACEMENT_3D('',#6831,#5055,#5056);
#4434=AXIS2_PLACEMENT_3D('',#6833,#5058,#5059);
#4435=AXIS2_PLACEMENT_3D('',#6839,#5063,#5064);
#4436=AXIS2_PLACEMENT_3D('',#6842,#5067,#5068);
#4437=AXIS2_PLACEMENT_3D('',#6843,#5069,#5070);
#4438=AXIS2_PLACEMENT_3D('',#7119,#5074,#5075);
#4439=AXIS2_PLACEMENT_3D('',#7120,#5076,#5077);
#4440=AXIS2_PLACEMENT_3D('',#7122,#5079,#5080);
#4441=AXIS2_PLACEMENT_3D('',#7128,#5084,#5085);
#4442=AXIS2_PLACEMENT_3D('',#7131,#5088,#5089);
#4443=AXIS2_PLACEMENT_3D('',#7132,#5090,#5091);
#4444=AXIS2_PLACEMENT_3D('',#7410,#5095,#5096);
#4445=AXIS2_PLACEMENT_3D('',#7412,#5098,#5099);
#4446=AXIS2_PLACEMENT_3D('',#7414,#5101,#5102);
#4447=AXIS2_PLACEMENT_3D('',#7420,#5106,#5107);
#4448=AXIS2_PLACEMENT_3D('',#7426,#5111,#5112);
#4449=AXIS2_PLACEMENT_3D('',#7429,#5115,#5116);
#4450=AXIS2_PLACEMENT_3D('',#7430,#5117,#5118);
#4451=AXIS2_PLACEMENT_3D('',#7683,#5121,#5122);
#4452=AXIS2_PLACEMENT_3D('',#7685,#5124,#5125);
#4453=AXIS2_PLACEMENT_3D('',#7687,#5127,#5128);
#4454=AXIS2_PLACEMENT_3D('',#7693,#5132,#5133);
#4455=AXIS2_PLACEMENT_3D('',#7699,#5137,#5138);
#4456=AXIS2_PLACEMENT_3D('',#7702,#5141,#5142);
#4457=AXIS2_PLACEMENT_3D('',#7703,#5143,#5144);
#4458=AXIS2_PLACEMENT_3D('',#7981,#5148,#5149);
#4459=AXIS2_PLACEMENT_3D('',#7983,#5151,#5152);
#4460=AXIS2_PLACEMENT_3D('',#7985,#5154,#5155);
#4461=AXIS2_PLACEMENT_3D('',#7991,#5159,#5160);
#4462=AXIS2_PLACEMENT_3D('',#7997,#5164,#5165);
#4463=AXIS2_PLACEMENT_3D('',#8000,#5168,#5169);
#4464=AXIS2_PLACEMENT_3D('',#8001,#5170,#5171);
#4465=AXIS2_PLACEMENT_3D('',#8002,#5172,#5173);
#4466=AXIS2_PLACEMENT_3D('',#8005,#5176,#5177);
#4467=AXIS2_PLACEMENT_3D('',#8007,#5179,#5180);
#4468=AXIS2_PLACEMENT_3D('',#8009,#5182,#5183);
#4469=AXIS2_PLACEMENT_3D('',#8011,#5185,#5186);
#4470=AXIS2_PLACEMENT_3D('',#8013,#5188,#5189);
#4471=AXIS2_PLACEMENT_3D('',#8015,#5191,#5192);
#4472=AXIS2_PLACEMENT_3D('',#8017,#5194,#5195);
#4473=AXIS2_PLACEMENT_3D('',#8018,#5196,#5197);
#4474=AXIS2_PLACEMENT_3D('',#8027,#5202,#5203);
#4475=AXIS2_PLACEMENT_3D('',#8033,#5207,#5208);
#4476=AXIS2_PLACEMENT_3D('',#8039,#5212,#5213);
#4477=AXIS2_PLACEMENT_3D('',#8041,#5215,#5216);
#4478=AXIS2_PLACEMENT_3D('',#8043,#5218,#5219);
#4479=AXIS2_PLACEMENT_3D('',#8044,#5220,#5221);
#4480=AXIS2_PLACEMENT_3D('',#8045,#5222,#5223);
#4481=AXIS2_PLACEMENT_3D('',#8046,#5224,#5225);
#4482=AXIS2_PLACEMENT_3D('',#8047,#5226,#5227);
#4483=AXIS2_PLACEMENT_3D('',#8048,#5228,#5229);
#4484=AXIS2_PLACEMENT_3D('',#8049,#5230,#5231);
#4485=AXIS2_PLACEMENT_3D('',#8050,#5232,#5233);
#4486=AXIS2_PLACEMENT_3D('',#8051,#5234,#5235);
#4487=AXIS2_PLACEMENT_3D('',#8060,#5240,#5241);
#4488=AXIS2_PLACEMENT_3D('',#8066,#5245,#5246);
#4489=AXIS2_PLACEMENT_3D('',#8072,#5250,#5251);
#4490=AXIS2_PLACEMENT_3D('',#8074,#5253,#5254);
#4491=AXIS2_PLACEMENT_3D('',#8076,#5256,#5257);
#4492=AXIS2_PLACEMENT_3D('',#8077,#5258,#5259);
#4493=AXIS2_PLACEMENT_3D('',#8078,#5260,#5261);
#4494=AXIS2_PLACEMENT_3D('',#8079,#5262,#5263);
#4495=AXIS2_PLACEMENT_3D('',#8080,#5264,#5265);
#4496=AXIS2_PLACEMENT_3D('',#8081,#5266,#5267);
#4497=AXIS2_PLACEMENT_3D('',#8082,#5268,#5269);
#4498=AXIS2_PLACEMENT_3D('',#8083,#5270,#5271);
#4499=AXIS2_PLACEMENT_3D('',#8084,#5272,#5273);
#4500=AXIS2_PLACEMENT_3D('',#8085,#5274,#5275);
#4501=AXIS2_PLACEMENT_3D('',#8087,#5276,#5277);
#4502=AXIS2_PLACEMENT_3D('',#8090,#5279,#5280);
#4503=AXIS2_PLACEMENT_3D('',#8091,#5281,#5282);
#4504=AXIS2_PLACEMENT_3D('',#8093,#5283,#5284);
#4505=AXIS2_PLACEMENT_3D('',#8096,#5286,#5287);
#4506=AXIS2_PLACEMENT_3D('',#8097,#5288,#5289);
#4507=AXIS2_PLACEMENT_3D('',#8099,#5290,#5291);
#4508=AXIS2_PLACEMENT_3D('',#8102,#5293,#5294);
#4509=AXIS2_PLACEMENT_3D('',#8103,#5295,#5296);
#4510=AXIS2_PLACEMENT_3D('',#8105,#5297,#5298);
#4511=AXIS2_PLACEMENT_3D('',#8108,#5300,#5301);
#4512=AXIS2_PLACEMENT_3D('',#8109,#5302,#5303);
#4513=AXIS2_PLACEMENT_3D('',#8111,#5304,#5305);
#4514=AXIS2_PLACEMENT_3D('',#8114,#5307,#5308);
#4515=AXIS2_PLACEMENT_3D('',#8115,#5309,#5310);
#4516=AXIS2_PLACEMENT_3D('',#8156,#5316,#5317);
#4517=AXIS2_PLACEMENT_3D('',#8159,#5319,#5320);
#4518=AXIS2_PLACEMENT_3D('',#8191,#5322,#5323);
#4519=AXIS2_PLACEMENT_3D('',#8192,#5324,#5325);
#4520=AXIS2_PLACEMENT_3D('',#8193,#5326,#5327);
#4521=AXIS2_PLACEMENT_3D('',#8231,#5332,#5333);
#4522=AXIS2_PLACEMENT_3D('',#8234,#5335,#5336);
#4523=AXIS2_PLACEMENT_3D('',#8265,#5337,#5338);
#4524=AXIS2_PLACEMENT_3D('',#8269,#5340,#5341);
#4525=AXIS2_PLACEMENT_3D('',#8271,#5343,#5344);
#4526=AXIS2_PLACEMENT_3D('',#8276,#5348,#5349);
#4527=AXIS2_PLACEMENT_3D('',#8281,#5353,#5354);
#4528=AXIS2_PLACEMENT_3D('',#8286,#5359,#5360);
#4529=AXIS2_PLACEMENT_3D('',#8287,#5361,#5362);
#4530=AXIS2_PLACEMENT_3D('',#8288,#5363,#5364);
#4531=AXIS2_PLACEMENT_3D('',#8293,#5368,#5369);
#4532=AXIS2_PLACEMENT_3D('',#8298,#5373,#5374);
#4533=AXIS2_PLACEMENT_3D('',#8303,#5379,#5380);
#4534=AXIS2_PLACEMENT_3D('',#8304,#5381,#5382);
#4535=AXIS2_PLACEMENT_3D('',#8305,#5383,#5384);
#4536=AXIS2_PLACEMENT_3D('',#8309,#5386,#5387);
#4537=AXIS2_PLACEMENT_3D('',#8310,#5388,#5389);
#4538=AXIS2_PLACEMENT_3D('',#8311,#5390,#5391);
#4539=AXIS2_PLACEMENT_3D('',#8313,#5392,#5393);
#4540=AXIS2_PLACEMENT_3D('',#8316,#5395,#5396);
#4541=AXIS2_PLACEMENT_3D('',#8317,#5397,#5398);
#4542=AXIS2_PLACEMENT_3D('',#8319,#5400,#5401);
#4543=AXIS2_PLACEMENT_3D('',#8321,#5403,#5404);
#4544=AXIS2_PLACEMENT_3D('',#8327,#5408,#5409);
#4545=AXIS2_PLACEMENT_3D('',#8333,#5413,#5414);
#4546=AXIS2_PLACEMENT_3D('',#8335,#5416,#5417);
#4547=AXIS2_PLACEMENT_3D('',#8337,#5419,#5420);
#4548=AXIS2_PLACEMENT_3D('',#8487,#5424,#5425);
#4549=AXIS2_PLACEMENT_3D('',#8489,#5427,#5428);
#4550=AXIS2_PLACEMENT_3D('',#8491,#5430,#5431);
#4551=AXIS2_PLACEMENT_3D('',#8497,#5435,#5436);
#4552=AXIS2_PLACEMENT_3D('',#8503,#5440,#5441);
#4553=AXIS2_PLACEMENT_3D('',#8505,#5443,#5444);
#4554=AXIS2_PLACEMENT_3D('',#8507,#5446,#5447);
#4555=AXIS2_PLACEMENT_3D('',#8657,#5451,#5452);
#4556=AXIS2_PLACEMENT_3D('',#8659,#5454,#5455);
#4557=AXIS2_PLACEMENT_3D('',#8661,#5457,#5458);
#4558=AXIS2_PLACEMENT_3D('',#8667,#5462,#5463);
#4559=AXIS2_PLACEMENT_3D('',#8673,#5467,#5468);
#4560=AXIS2_PLACEMENT_3D('',#8675,#5470,#5471);
#4561=AXIS2_PLACEMENT_3D('',#8677,#5473,#5474);
#4562=AXIS2_PLACEMENT_3D('',#8678,#5475,#5476);
#4563=AXIS2_PLACEMENT_3D('',#8687,#5481,#5482);
#4564=AXIS2_PLACEMENT_3D('',#8696,#5487,#5488);
#4565=AXIS2_PLACEMENT_3D('',#8705,#5493,#5494);
#4566=AXIS2_PLACEMENT_3D('',#8709,#5498,#5499);
#4567=AXIS2_PLACEMENT_3D('',#8713,#5503,#5504);
#4568=AXIS2_PLACEMENT_3D('',#8714,#5505,#5506);
#4569=AXIS2_PLACEMENT_3D('',#8715,#5507,#5508);
#4570=AXIS2_PLACEMENT_3D('',#8716,#5509,#5510);
#4571=AXIS2_PLACEMENT_3D('',#8717,#5511,#5512);
#4572=AXIS2_PLACEMENT_3D('',#8718,#5513,#5514);
#4573=AXIS2_PLACEMENT_3D('',#8719,#5515,#5516);
#4574=AXIS2_PLACEMENT_3D('',#8720,#5517,#5518);
#4575=AXIS2_PLACEMENT_3D('',#8721,#5519,#5520);
#4576=AXIS2_PLACEMENT_3D('',#8730,#5525,#5526);
#4577=AXIS2_PLACEMENT_3D('',#8739,#5531,#5532);
#4578=AXIS2_PLACEMENT_3D('',#8748,#5537,#5538);
#4579=AXIS2_PLACEMENT_3D('',#8752,#5542,#5543);
#4580=AXIS2_PLACEMENT_3D('',#8756,#5547,#5548);
#4581=AXIS2_PLACEMENT_3D('',#8757,#5549,#5550);
#4582=AXIS2_PLACEMENT_3D('',#8758,#5551,#5552);
#4583=AXIS2_PLACEMENT_3D('',#8759,#5553,#5554);
#4584=AXIS2_PLACEMENT_3D('',#8760,#5555,#5556);
#4585=AXIS2_PLACEMENT_3D('',#8761,#5557,#5558);
#4586=AXIS2_PLACEMENT_3D('',#8762,#5559,#5560);
#4587=AXIS2_PLACEMENT_3D('',#8763,#5561,#5562);
#4588=AXIS2_PLACEMENT_3D('',#8764,#5563,#5564);
#4589=AXIS2_PLACEMENT_3D('',#8773,#5569,#5570);
#4590=AXIS2_PLACEMENT_3D('',#8782,#5575,#5576);
#4591=AXIS2_PLACEMENT_3D('',#8791,#5581,#5582);
#4592=AXIS2_PLACEMENT_3D('',#8795,#5586,#5587);
#4593=AXIS2_PLACEMENT_3D('',#8799,#5591,#5592);
#4594=AXIS2_PLACEMENT_3D('',#8800,#5593,#5594);
#4595=AXIS2_PLACEMENT_3D('',#8801,#5595,#5596);
#4596=AXIS2_PLACEMENT_3D('',#8802,#5597,#5598);
#4597=AXIS2_PLACEMENT_3D('',#8803,#5599,#5600);
#4598=AXIS2_PLACEMENT_3D('',#8804,#5601,#5602);
#4599=AXIS2_PLACEMENT_3D('',#8805,#5603,#5604);
#4600=AXIS2_PLACEMENT_3D('',#8806,#5605,#5606);
#4601=AXIS2_PLACEMENT_3D('',#8807,#5607,#5608);
#4602=AXIS2_PLACEMENT_3D('',#8808,#5609,#5610);
#4603=AXIS2_PLACEMENT_3D('',#8809,#5611,#5612);
#4604=AXIS2_PLACEMENT_3D('',#8810,#5613,#5614);
#4605=AXIS2_PLACEMENT_3D('',#8811,#5615,#5616);
#4606=AXIS2_PLACEMENT_3D('',#8812,#5617,#5618);
#4607=AXIS2_PLACEMENT_3D('',#8813,#5619,#5620);
#4608=AXIS2_PLACEMENT_3D('',#8814,#5621,#5622);
#4609=AXIS2_PLACEMENT_3D('',#8817,#5623,#5624);
#4610=AXIS2_PLACEMENT_3D('',#8819,#5625,#5626);
#4611=AXIS2_PLACEMENT_3D('',#8821,#5627,#5628);
#4612=AXIS2_PLACEMENT_3D('',#8822,#5629,#5630);
#4613=AXIS2_PLACEMENT_3D('',#8823,#5631,#5632);
#4614=AXIS2_PLACEMENT_3D('',#8827,#5634,#5635);
#4615=AXIS2_PLACEMENT_3D('',#8829,#5637,#5638);
#4616=AXIS2_PLACEMENT_3D('',#8831,#5639,#5640);
#4617=AXIS2_PLACEMENT_3D('',#8833,#5641,#5642);
#4618=AXIS2_PLACEMENT_3D('',#8834,#5643,#5644);
#4619=AXIS2_PLACEMENT_3D('',#8835,#5645,#5646);
#4620=AXIS2_PLACEMENT_3D('',#8838,#5649,#5650);
#4621=AXIS2_PLACEMENT_3D('',#8839,#5651,#5652);
#4622=AXIS2_PLACEMENT_3D('',#8840,#5653,#5654);
#4623=AXIS2_PLACEMENT_3D('',#8841,#5655,#5656);
#4624=AXIS2_PLACEMENT_3D('',#8843,#5657,#5658);
#4625=AXIS2_PLACEMENT_3D('',#8846,#5660,#5661);
#4626=AXIS2_PLACEMENT_3D('',#8847,#5662,#5663);
#4627=AXIS2_PLACEMENT_3D('',#8849,#5664,#5665);
#4628=AXIS2_PLACEMENT_3D('',#8852,#5667,#5668);
#4629=AXIS2_PLACEMENT_3D('',#8853,#5669,#5670);
#4630=AXIS2_PLACEMENT_3D('',#8854,#5671,#5672);
#4631=AXIS2_PLACEMENT_3D('',#8855,#5673,#5674);
#4632=AXIS2_PLACEMENT_3D('',#8856,#5675,#5676);
#4633=AXIS2_PLACEMENT_3D('',#8858,#5677,#5678);
#4634=AXIS2_PLACEMENT_3D('',#8862,#5680,#5681);
#4635=AXIS2_PLACEMENT_3D('',#8863,#5682,#5683);
#4636=AXIS2_PLACEMENT_3D('',#8864,#5684,#5685);
#4637=AXIS2_PLACEMENT_3D('',#8867,#5686,#5687);
#4638=AXIS2_PLACEMENT_3D('',#8869,#5689,#5690);
#4639=AXIS2_PLACEMENT_3D('',#8870,#5691,#5692);
#4640=AXIS2_PLACEMENT_3D('',#8872,#5693,#5694);
#4641=AXIS2_PLACEMENT_3D('',#8875,#5696,#5697);
#4642=AXIS2_PLACEMENT_3D('',#8876,#5698,#5699);
#4643=AXIS2_PLACEMENT_3D('',#8878,#5701,#5702);
#4644=AXIS2_PLACEMENT_3D('',#8899,#5705,#5706);
#4645=AXIS2_PLACEMENT_3D('',#8917,#5708,#5709);
#4646=AXIS2_PLACEMENT_3D('',#8935,#5711,#5712);
#4647=AXIS2_PLACEMENT_3D('',#8953,#5714,#5715);
#4648=AXIS2_PLACEMENT_3D('',#8971,#5717,#5718);
#4649=AXIS2_PLACEMENT_3D('',#8986,#5719,#5720);
#4650=AXIS2_PLACEMENT_3D('',#8987,#5721,#5722);
#4651=AXIS2_PLACEMENT_3D('',#8988,#5723,#5724);
#4652=AXIS2_PLACEMENT_3D('',#8989,#5725,#5726);
#4653=AXIS2_PLACEMENT_3D('',#8990,#5727,#5728);
#4654=AXIS2_PLACEMENT_3D('',#8991,#5729,#5730);
#4655=AXIS2_PLACEMENT_3D('',#8992,#5731,#5732);
#4656=AXIS2_PLACEMENT_3D('',#8993,#5733,#5734);
#4657=AXIS2_PLACEMENT_3D('',#8994,#5735,#5736);
#4658=AXIS2_PLACEMENT_3D('',#8995,#5737,#5738);
#4659=AXIS2_PLACEMENT_3D('',#8996,#5739,#5740);
#4660=AXIS2_PLACEMENT_3D('',#8997,#5741,#5742);
#4661=AXIS2_PLACEMENT_3D('',#8998,#5743,#5744);
#4662=AXIS2_PLACEMENT_3D('',#8999,#5745,#5746);
#4663=AXIS2_PLACEMENT_3D('',#9000,#5747,#5748);
#4664=AXIS2_PLACEMENT_3D('',#9001,#5749,#5750);
#4665=AXIS2_PLACEMENT_3D('',#9002,#5751,#5752);
#4666=AXIS2_PLACEMENT_3D('',#9003,#5753,#5754);
#4667=AXIS2_PLACEMENT_3D('',#9004,#5755,#5756);
#4668=AXIS2_PLACEMENT_3D('',#9005,#5757,#5758);
#4669=AXIS2_PLACEMENT_3D('',#9006,#5759,#5760);
#4670=AXIS2_PLACEMENT_3D('',#9007,#5761,#5762);
#4671=AXIS2_PLACEMENT_3D('',#9008,#5763,#5764);
#4672=AXIS2_PLACEMENT_3D('',#9009,#5765,#5766);
#4673=AXIS2_PLACEMENT_3D('',#9010,#5767,#5768);
#4674=AXIS2_PLACEMENT_3D('',#9011,#5769,#5770);
#4675=AXIS2_PLACEMENT_3D('',#9012,#5771,#5772);
#4676=AXIS2_PLACEMENT_3D('',#9013,#5773,#5774);
#4677=AXIS2_PLACEMENT_3D('',#9018,#5776,#5777);
#4678=AXIS2_PLACEMENT_3D('',#9020,#5778,#5779);
#4679=AXIS2_PLACEMENT_3D('',#9022,#5780,#5781);
#4680=AXIS2_PLACEMENT_3D('',#9024,#5782,#5783);
#4681=AXIS2_PLACEMENT_3D('',#9026,#5784,#5785);
#4682=AXIS2_PLACEMENT_3D('',#9028,#5786,#5787);
#4683=AXIS2_PLACEMENT_3D('',#9030,#5788,#5789);
#4684=AXIS2_PLACEMENT_3D('',#9032,#5790,#5791);
#4685=AXIS2_PLACEMENT_3D('',#9034,#5792,#5793);
#4686=AXIS2_PLACEMENT_3D('',#9036,#5794,#5795);
#4687=AXIS2_PLACEMENT_3D('',#9038,#5796,#5797);
#4688=AXIS2_PLACEMENT_3D('',#9040,#5798,#5799);
#4689=AXIS2_PLACEMENT_3D('',#9042,#5800,#5801);
#4690=AXIS2_PLACEMENT_3D('',#9044,#5802,#5803);
#4691=AXIS2_PLACEMENT_3D('',#9046,#5804,#5805);
#4692=AXIS2_PLACEMENT_3D('',#9048,#5806,#5807);
#4693=AXIS2_PLACEMENT_3D('',#9049,#5808,#5809);
#4694=AXIS2_PLACEMENT_3D('',#9050,#5810,#5811);
#4695=AXIS2_PLACEMENT_3D('',#9051,#5812,#5813);
#4696=AXIS2_PLACEMENT_3D('',#9052,#5814,#5815);
#4697=AXIS2_PLACEMENT_3D('',#9054,#5816,#5817);
#4698=AXIS2_PLACEMENT_3D('',#9056,#5818,#5819);
#4699=AXIS2_PLACEMENT_3D('',#9057,#5820,#5821);
#4700=AXIS2_PLACEMENT_3D('',#9058,#5822,#5823);
#4701=AXIS2_PLACEMENT_3D('',#9060,#5824,#5825);
#4702=AXIS2_PLACEMENT_3D('',#9062,#5826,#5827);
#4703=AXIS2_PLACEMENT_3D('',#9063,#5828,#5829);
#4704=AXIS2_PLACEMENT_3D('',#9064,#5830,#5831);
#4705=AXIS2_PLACEMENT_3D('',#9067,#5833,#5834);
#4706=AXIS2_PLACEMENT_3D('',#9068,#5835,#5836);
#4707=AXIS2_PLACEMENT_3D('',#9071,#5838,#5839);
#4708=AXIS2_PLACEMENT_3D('',#9072,#5840,#5841);
#4709=AXIS2_PLACEMENT_3D('',#9075,#5842,#5843);
#4710=AXIS2_PLACEMENT_3D('',#9077,#5844,#5845);
#4711=AXIS2_PLACEMENT_3D('',#9079,#5846,#5847);
#4712=AXIS2_PLACEMENT_3D('',#9081,#5848,#5849);
#4713=AXIS2_PLACEMENT_3D('',#9083,#5850,#5851);
#4714=AXIS2_PLACEMENT_3D('',#9085,#5852,#5853);
#4715=AXIS2_PLACEMENT_3D('',#9087,#5854,#5855);
#4716=AXIS2_PLACEMENT_3D('',#9089,#5856,#5857);
#4717=AXIS2_PLACEMENT_3D('',#9091,#5858,#5859);
#4718=AXIS2_PLACEMENT_3D('',#9093,#5860,#5861);
#4719=AXIS2_PLACEMENT_3D('',#9095,#5862,#5863);
#4720=AXIS2_PLACEMENT_3D('',#9097,#5864,#5865);
#4721=AXIS2_PLACEMENT_3D('',#9099,#5866,#5867);
#4722=AXIS2_PLACEMENT_3D('',#9101,#5868,#5869);
#4723=AXIS2_PLACEMENT_3D('',#9103,#5870,#5871);
#4724=AXIS2_PLACEMENT_3D('',#9104,#5872,#5873);
#4725=AXIS2_PLACEMENT_3D('',#9105,#5874,#5875);
#4726=AXIS2_PLACEMENT_3D('',#9112,#5878,#5879);
#4727=AXIS2_PLACEMENT_3D('',#9119,#5882,#5883);
#4728=AXIS2_PLACEMENT_3D('',#9126,#5886,#5887);
#4729=AXIS2_PLACEMENT_3D('',#9133,#5890,#5891);
#4730=AXIS2_PLACEMENT_3D('',#9134,#5892,#5893);
#4731=AXIS2_PLACEMENT_3D('',#9137,#5896,#5897);
#4732=AXIS2_PLACEMENT_3D('',#9138,#5898,#5899);
#4733=AXIS2_PLACEMENT_3D('',#9141,#5902,#5903);
#4734=AXIS2_PLACEMENT_3D('',#9145,#5906,#5907);
#4735=AXIS2_PLACEMENT_3D('',#9146,#5908,#5909);
#4736=AXIS2_PLACEMENT_3D('',#9147,#5910,#5911);
#4737=AXIS2_PLACEMENT_3D('',#9151,#5914,#5915);
#4738=AXIS2_PLACEMENT_3D('',#9155,#5918,#5919);
#4739=AXIS2_PLACEMENT_3D('',#9156,#5920,#5921);
#4740=AXIS2_PLACEMENT_3D('',#9157,#5922,#5923);
#4741=AXIS2_PLACEMENT_3D('',#9164,#5926,#5927);
#4742=AXIS2_PLACEMENT_3D('',#9169,#5929,#5930);
#4743=AXIS2_PLACEMENT_3D('',#9171,#5932,#5933);
#4744=AXIS2_PLACEMENT_3D('',#9172,#5934,#5935);
#4745=AXIS2_PLACEMENT_3D('',#9175,#5938,#5939);
#4746=AXIS2_PLACEMENT_3D('',#9179,#5940,#5941);
#4747=AXIS2_PLACEMENT_3D('',#9183,#5942,#5943);
#4748=AXIS2_PLACEMENT_3D('',#9184,#5944,#5945);
#4749=AXIS2_PLACEMENT_3D('',#9185,#5946,#5947);
#4750=AXIS2_PLACEMENT_3D('',#9186,#5948,#5949);
#4751=AXIS2_PLACEMENT_3D('',#9187,#5950,#5951);
#4752=AXIS2_PLACEMENT_3D('',#9188,#5952,#5953);
#4753=AXIS2_PLACEMENT_3D('',#9189,#5954,#5955);
#4754=AXIS2_PLACEMENT_3D('',#9190,#5956,#5957);
#4755=AXIS2_PLACEMENT_3D('',#9191,#5958,#5959);
#4756=AXIS2_PLACEMENT_3D('',#9192,#5960,#5961);
#4757=AXIS2_PLACEMENT_3D('',#9193,#5962,#5963);
#4758=AXIS2_PLACEMENT_3D('',#9194,#5964,#5965);
#4759=AXIS2_PLACEMENT_3D('',#9195,#5966,#5967);
#4760=AXIS2_PLACEMENT_3D('',#9196,#5968,#5969);
#4761=AXIS2_PLACEMENT_3D('',#9197,#5970,#5971);
#4762=AXIS2_PLACEMENT_3D('',#9198,#5972,#5973);
#4763=AXIS2_PLACEMENT_3D('',#9199,#5974,#5975);
#4764=AXIS2_PLACEMENT_3D('',#9200,#5976,#5977);
#4765=AXIS2_PLACEMENT_3D('',#9201,#5978,#5979);
#4766=AXIS2_PLACEMENT_3D('',#9202,#5980,#5981);
#4767=AXIS2_PLACEMENT_3D('',#9203,#5982,#5983);
#4768=AXIS2_PLACEMENT_3D('',#9204,#5984,#5985);
#4769=AXIS2_PLACEMENT_3D('',#9205,#5986,#5987);
#4770=AXIS2_PLACEMENT_3D('',#9206,#5988,#5989);
#4771=AXIS2_PLACEMENT_3D('',#9207,#5990,#5991);
#4772=AXIS2_PLACEMENT_3D('',#9208,#5992,#5993);
#4773=AXIS2_PLACEMENT_3D('',#9209,#5994,#5995);
#4774=AXIS2_PLACEMENT_3D('',#9210,#5996,#5997);
#4775=AXIS2_PLACEMENT_3D('',#9211,#5998,#5999);
#4776=AXIS2_PLACEMENT_3D('',#9212,#6000,#6001);
#4777=AXIS2_PLACEMENT_3D('',#9213,#6002,#6003);
#4778=AXIS2_PLACEMENT_3D('',#9214,#6004,#6005);
#4779=AXIS2_PLACEMENT_3D('',#9215,#6006,#6007);
#4780=AXIS2_PLACEMENT_3D('',#9216,#6008,#6009);
#4781=AXIS2_PLACEMENT_3D('',#9217,#6010,#6011);
#4782=AXIS2_PLACEMENT_3D('',#9218,#6012,#6013);
#4783=AXIS2_PLACEMENT_3D('',#9219,#6014,#6015);
#4784=AXIS2_PLACEMENT_3D('',#9220,#6016,#6017);
#4785=AXIS2_PLACEMENT_3D('',#9221,#6018,#6019);
#4786=AXIS2_PLACEMENT_3D('',#9222,#6020,#6021);
#4787=AXIS2_PLACEMENT_3D('',#9223,#6022,#6023);
#4788=AXIS2_PLACEMENT_3D('',#9224,#6024,#6025);
#4789=AXIS2_PLACEMENT_3D('',#9225,#6026,#6027);
#4790=AXIS2_PLACEMENT_3D('',#9226,#6028,#6029);
#4791=AXIS2_PLACEMENT_3D('',#9227,#6030,#6031);
#4792=AXIS2_PLACEMENT_3D('',#9228,#6032,#6033);
#4793=AXIS2_PLACEMENT_3D('',#9229,#6034,#6035);
#4794=AXIS2_PLACEMENT_3D('',#9230,#6036,#6037);
#4795=AXIS2_PLACEMENT_3D('',#9231,#6038,#6039);
#4796=AXIS2_PLACEMENT_3D('',#9232,#6040,#6041);
#4797=AXIS2_PLACEMENT_3D('',#9233,#6042,#6043);
#4798=AXIS2_PLACEMENT_3D('',#9234,#6044,#6045);
#4799=AXIS2_PLACEMENT_3D('',#9235,#6046,#6047);
#4800=AXIS2_PLACEMENT_3D('',#9236,#6048,#6049);
#4801=AXIS2_PLACEMENT_3D('',#9237,#6050,#6051);
#4802=AXIS2_PLACEMENT_3D('',#9238,#6052,#6053);
#4803=AXIS2_PLACEMENT_3D('',#9239,#6054,#6055);
#4804=AXIS2_PLACEMENT_3D('',#9240,#6056,#6057);
#4805=AXIS2_PLACEMENT_3D('',#9241,#6058,#6059);
#4806=AXIS2_PLACEMENT_3D('',#9242,#6060,#6061);
#4807=AXIS2_PLACEMENT_3D('',#9243,#6062,#6063);
#4808=AXIS2_PLACEMENT_3D('',#9244,#6064,#6065);
#4809=AXIS2_PLACEMENT_3D('',#9245,#6066,#6067);
#4810=DIRECTION('axis',(0.,0.,1.));
#4811=DIRECTION('refdir',(1.,0.,0.));
#4812=DIRECTION('axis',(0.,0.,1.));
#4813=DIRECTION('refdir',(1.,0.,0.));
#4814=DIRECTION('center_axis',(0.,0.,1.));
#4815=DIRECTION('ref_axis',(1.,0.,0.));
#4816=DIRECTION('center_axis',(0.,0.,1.));
#4817=DIRECTION('ref_axis',(1.,0.,0.));
#4818=DIRECTION('',(0.,0.,1.));
#4819=DIRECTION('center_axis',(0.,0.,1.));
#4820=DIRECTION('ref_axis',(1.,0.,0.));
#4821=DIRECTION('center_axis',(0.,0.,1.));
#4822=DIRECTION('ref_axis',(1.,0.,0.));
#4823=DIRECTION('center_axis',(0.,0.,1.));
#4824=DIRECTION('ref_axis',(1.,0.,0.));
#4825=DIRECTION('',(0.,0.,1.));
#4826=DIRECTION('center_axis',(0.,0.,1.));
#4827=DIRECTION('ref_axis',(1.,0.,0.));
#4828=DIRECTION('center_axis',(0.,0.,1.));
#4829=DIRECTION('ref_axis',(1.,0.,0.));
#4830=DIRECTION('center_axis',(0.,0.,1.));
#4831=DIRECTION('ref_axis',(1.,0.,0.));
#4832=DIRECTION('',(0.,0.,1.));
#4833=DIRECTION('center_axis',(0.,0.,1.));
#4834=DIRECTION('ref_axis',(1.,0.,0.));
#4835=DIRECTION('center_axis',(0.,0.,1.));
#4836=DIRECTION('ref_axis',(1.,0.,0.));
#4837=DIRECTION('center_axis',(0.,0.,1.));
#4838=DIRECTION('ref_axis',(1.,0.,0.));
#4839=DIRECTION('',(0.,0.,1.));
#4840=DIRECTION('center_axis',(0.,0.,1.));
#4841=DIRECTION('ref_axis',(1.,0.,0.));
#4842=DIRECTION('center_axis',(-1.,0.,2.8420045632654E-15));
#4843=DIRECTION('ref_axis',(2.8420045632654E-15,0.,1.));
#4844=DIRECTION('center_axis',(1.,-1.75112050887496E-15,-3.08998527501999E-15));
#4845=DIRECTION('ref_axis',(-3.08998527501999E-15,5.41093658720914E-30,
-1.));
#4846=DIRECTION('',(-1.,0.,2.8420045632654E-15));
#4847=DIRECTION('center_axis',(-1.,0.,2.8420045632654E-15));
#4848=DIRECTION('ref_axis',(2.8420045632654E-15,0.,1.));
#4849=DIRECTION('center_axis',(-1.,0.,2.8420045632654E-15));
#4850=DIRECTION('ref_axis',(2.8420045632654E-15,0.,1.));
#4851=DIRECTION('center_axis',(-1.,-2.31673796696337E-15,-2.58259314350016E-15));
#4852=DIRECTION('ref_axis',(-2.58259314350016E-15,-5.98319158876609E-30,
1.));
#4853=DIRECTION('',(-1.,0.,2.8420045632654E-15));
#4854=DIRECTION('center_axis',(-1.,-2.31673796696337E-15,-2.58259314350016E-15));
#4855=DIRECTION('ref_axis',(-2.58259314350016E-15,-5.98319158876609E-30,
1.));
#4856=DIRECTION('center_axis',(-1.,0.,2.8420045632654E-15));
#4857=DIRECTION('ref_axis',(2.8420045632654E-15,0.,1.));
#4858=DIRECTION('center_axis',(-1.,-1.27004185785281E-16,-3.4694469519536E-15));
#4859=DIRECTION('ref_axis',(-3.4694469519536E-15,-4.40634285258091E-31,
1.));
#4860=DIRECTION('',(-1.,0.,2.8420045632654E-15));
#4861=DIRECTION('center_axis',(-1.,-1.27004185785281E-16,-3.4694469519536E-15));
#4862=DIRECTION('ref_axis',(-3.4694469519536E-15,-4.40634285258091E-31,
1.));
#4863=DIRECTION('center_axis',(-1.,0.,2.8420045632654E-15));
#4864=DIRECTION('ref_axis',(2.8420045632654E-15,0.,1.));
#4865=DIRECTION('center_axis',(1.,1.27004185785281E-16,-3.4694469519536E-15));
#4866=DIRECTION('ref_axis',(-3.4694469519536E-15,-4.40634285258091E-31,
-1.));
#4867=DIRECTION('',(-1.,0.,2.8420045632654E-15));
#4868=DIRECTION('center_axis',(-1.,0.,2.8420045632654E-15));
#4869=DIRECTION('ref_axis',(2.8420045632654E-15,0.,1.));
#4870=DIRECTION('center_axis',(-1.,0.,2.8420045632654E-15));
#4871=DIRECTION('ref_axis',(2.8420045632654E-15,0.,1.));
#4872=DIRECTION('center_axis',(-1.,-1.27004185785281E-16,-3.4694469519536E-15));
#4873=DIRECTION('ref_axis',(-3.4694469519536E-15,-4.40634285258091E-31,
1.));
#4874=DIRECTION('',(-1.,0.,2.8420045632654E-15));
#4875=DIRECTION('center_axis',(-1.,-1.27004185785281E-16,-3.4694469519536E-15));
#4876=DIRECTION('ref_axis',(-3.4694469519536E-15,-4.40634285258091E-31,
1.));
#4877=DIRECTION('center_axis',(-1.,0.,2.8420045632654E-15));
#4878=DIRECTION('ref_axis',(2.8420045632654E-15,0.,1.));
#4879=DIRECTION('center_axis',(1.,1.27004185785281E-16,-3.4694469519536E-15));
#4880=DIRECTION('ref_axis',(-3.4694469519536E-15,-4.40634285258091E-31,
-1.));
#4881=DIRECTION('',(-1.,0.,2.8420045632654E-15));
#4882=DIRECTION('center_axis',(-1.,0.,2.8420045632654E-15));
#4883=DIRECTION('ref_axis',(2.8420045632654E-15,0.,1.));
#4884=DIRECTION('center_axis',(-1.,0.,2.8420045632654E-15));
#4885=DIRECTION('ref_axis',(2.8420045632654E-15,0.,1.));
#4886=DIRECTION('center_axis',(1.,-1.61969292198009E-29,-4.66084337856961E-15));
#4887=DIRECTION('ref_axis',(-4.66084337856961E-15,7.54913503072695E-44,
-1.));
#4888=DIRECTION('',(-1.,0.,2.8420045632654E-15));
#4889=DIRECTION('center_axis',(-1.,0.,2.8420045632654E-15));
#4890=DIRECTION('ref_axis',(2.8420045632654E-15,0.,1.));
#4891=DIRECTION('center_axis',(-1.,0.,2.8420045632654E-15));
#4892=DIRECTION('ref_axis',(2.8420045632654E-15,0.,1.));
#4893=DIRECTION('center_axis',(-1.,2.31673796696337E-15,-2.58259314350015E-15));
#4894=DIRECTION('ref_axis',(-2.58259314350015E-15,5.98319158876609E-30,
1.));
#4895=DIRECTION('',(-1.,0.,2.8420045632654E-15));
#4896=DIRECTION('center_axis',(-1.,2.31673796696337E-15,-2.58259314350015E-15));
#4897=DIRECTION('ref_axis',(-2.58259314350015E-15,5.98319158876609E-30,
1.));
#4898=DIRECTION('center_axis',(-1.,0.,2.8420045632654E-15));
#4899=DIRECTION('ref_axis',(2.8420045632654E-15,0.,1.));
#4900=DIRECTION('center_axis',(-1.,-1.27004185785281E-16,-3.4694469519536E-15));
#4901=DIRECTION('ref_axis',(-3.4694469519536E-15,-4.40634285258091E-31,
1.));
#4902=DIRECTION('',(-1.,0.,2.8420045632654E-15));
#4903=DIRECTION('center_axis',(-1.,-1.27004185785281E-16,-3.4694469519536E-15));
#4904=DIRECTION('ref_axis',(-3.4694469519536E-15,-4.40634285258091E-31,
1.));
#4905=DIRECTION('center_axis',(-1.,0.,2.8420045632654E-15));
#4906=DIRECTION('ref_axis',(2.8420045632654E-15,0.,1.));
#4907=DIRECTION('center_axis',(1.,1.27004185785281E-16,-3.4694469519536E-15));
#4908=DIRECTION('ref_axis',(-3.4694469519536E-15,-4.40634285258091E-31,
-1.));
#4909=DIRECTION('',(-1.,0.,2.8420045632654E-15));
#4910=DIRECTION('center_axis',(-1.,0.,2.8420045632654E-15));
#4911=DIRECTION('ref_axis',(2.8420045632654E-15,0.,1.));
#4912=DIRECTION('center_axis',(1.,-1.75112050887496E-15,-3.08998527501999E-15));
#4913=DIRECTION('ref_axis',(-3.08998527501999E-15,0.,-1.));
#4914=DIRECTION('',(-3.44775272225992E-15,-0.357503990748509,-0.933911610699262));
#4915=DIRECTION('',(7.59848592827967E-16,-0.744381793197777,0.667754255662712));
#4916=DIRECTION('',(1.75112050887498E-15,1.,6.95021390088921E-15));
#4917=DIRECTION('',(-7.59848592827967E-16,0.744381793197777,-0.667754255662711));
#4918=DIRECTION('center_axis',(1.,-1.61969292198009E-29,-4.66084337856961E-15));
#4919=DIRECTION('ref_axis',(-4.66084337856961E-15,0.,-1.));
#4920=DIRECTION('',(3.44775272225992E-15,-0.357503990748505,0.933911610699264));
#4921=DIRECTION('',(3.11229800101724E-15,0.744381793197777,0.667754255662712));
#4922=DIRECTION('',(-2.80259692864963E-45,1.,-3.47510695044459E-15));
#4923=DIRECTION('',(-3.11229800101723E-15,-0.744381793197778,-0.66775425566271));
#4924=DIRECTION('center_axis',(1.,9.67093227025398E-17,-1.84588140615374E-32));
#4925=DIRECTION('ref_axis',(-9.67093227025398E-17,1.,0.));
#4926=DIRECTION('',(-2.31296463463574E-14,0.,1.));
#4927=DIRECTION('center_axis',(-1.,-9.67093227025398E-17,1.84588140615374E-32));
#4928=DIRECTION('ref_axis',(9.67093227025398E-17,-1.,-1.7851394057834E-48));
#4929=DIRECTION('',(0.,0.667754255662712,0.744381793197777));
#4930=DIRECTION('center_axis',(-1.,0.,0.));
#4931=DIRECTION('ref_axis',(0.,0.,1.));
#4932=DIRECTION('center_axis',(-1.,-9.67093227025398E-17,1.84588140615374E-32));
#4933=DIRECTION('ref_axis',(9.67093227025398E-17,-1.,0.));
#4934=DIRECTION('',(-1.85037170770858E-13,0.66775425566272,0.744381793197769));
#4935=DIRECTION('center_axis',(1.,9.67093227025398E-17,-1.84588140615374E-32));
#4936=DIRECTION('ref_axis',(-9.67093227025398E-17,1.,1.7851394057834E-48));
#4937=DIRECTION('',(0.,0.,1.));
#4938=DIRECTION('center_axis',(1.,0.,0.));
#4939=DIRECTION('ref_axis',(0.,2.77555756156289E-14,1.));
#4940=DIRECTION('center_axis',(-1.,-9.67093227025398E-17,-1.84588140615374E-32));
#4941=DIRECTION('ref_axis',(9.67093227025398E-17,-1.,0.));
#4942=DIRECTION('',(-1.8503717077086E-13,4.62592926927149E-14,1.));
#4943=DIRECTION('center_axis',(1.,9.67093227025398E-17,1.84588140615374E-32));
#4944=DIRECTION('ref_axis',(-9.67093227025398E-17,1.,-1.7851394057834E-48));
#4945=DIRECTION('',(0.,-0.667754255662712,0.744381793197777));
#4946=DIRECTION('center_axis',(1.,0.,0.));
#4947=DIRECTION('ref_axis',(0.,0.,-1.));
#4948=DIRECTION('center_axis',(1.,9.67093227025398E-17,1.84588140615374E-32));
#4949=DIRECTION('ref_axis',(-9.67093227025398E-17,1.,0.));
#4950=DIRECTION('center_axis',(-1.,-9.67093227025398E-17,-1.84588140615374E-32));
#4951=DIRECTION('ref_axis',(9.67093227025398E-17,-1.,1.7851394057834E-48));
#4952=DIRECTION('',(0.,0.,1.));
#4953=DIRECTION('center_axis',(-1.,0.,0.));
#4954=DIRECTION('ref_axis',(0.,1.38777878078144E-14,-1.));
#4955=DIRECTION('',(-2.31296463463574E-14,-0.667754255662723,0.744381793197767));
#4956=DIRECTION('center_axis',(0.,0.667754255662712,-0.744381793197777));
#4957=DIRECTION('ref_axis',(0.,0.744381793197777,0.667754255662712));
#4958=DIRECTION('',(0.,0.744381793197777,0.667754255662712));
#4959=DIRECTION('',(-1.,0.,0.));
#4960=DIRECTION('',(0.,-0.744381793197777,-0.667754255662712));
#4961=DIRECTION('',(1.,0.,0.));
#4962=DIRECTION('center_axis',(0.,0.,1.));
#4963=DIRECTION('ref_axis',(1.,0.,0.));
#4964=DIRECTION('',(0.,-1.,0.));
#4965=DIRECTION('',(-1.,0.,0.));
#4966=DIRECTION('',(0.,1.,0.));
#4967=DIRECTION('',(1.,0.,0.));
#4968=DIRECTION('center_axis',(0.,0.,1.));
#4969=DIRECTION('ref_axis',(1.,0.,0.));
#4970=DIRECTION('',(1.66201051590592E-16,-1.,0.));
#4971=DIRECTION('center_axis',(0.,0.,1.));
#4972=DIRECTION('ref_axis',(1.,0.,0.));
#4973=DIRECTION('',(-1.,6.39529392065182E-17,0.));
#4974=DIRECTION('center_axis',(0.,0.,1.));
#4975=DIRECTION('ref_axis',(-1.,0.,0.));
#4976=DIRECTION('',(-8.31005257952962E-17,1.,0.));
#4977=DIRECTION('center_axis',(0.,0.,1.));
#4978=DIRECTION('ref_axis',(1.,0.,0.));
#4979=DIRECTION('',(1.,0.,0.));
#4980=DIRECTION('center_axis',(0.,-0.667754255662712,-0.744381793197777));
#4981=DIRECTION('ref_axis',(0.,0.744381793197777,-0.667754255662712));
#4982=DIRECTION('',(0.,-0.744381793197777,0.667754255662712));
#4983=DIRECTION('',(1.,0.,0.));
#4984=DIRECTION('',(0.,0.744381793197777,-0.667754255662712));
#4985=DIRECTION('',(-1.,0.,0.));
#4986=DIRECTION('center_axis',(1.,0.,0.));
#4987=DIRECTION('ref_axis',(0.,0.,-1.));
#4988=DIRECTION('center_axis',(-1.,0.,0.));
#4989=DIRECTION('ref_axis',(0.,0.,1.));
#4990=DIRECTION('center_axis',(0.,0.667754255662712,-0.744381793197777));
#4991=DIRECTION('ref_axis',(0.,0.744381793197777,0.667754255662712));
#4992=DIRECTION('',(-7.1988659052259E-17,0.744381793197777,0.667754255662712));
#4993=DIRECTION('',(1.,0.,0.));
#4994=DIRECTION('',(7.1988659052259E-17,-0.744381793197777,-0.667754255662712));
#4995=DIRECTION('',(-1.,0.,0.));
#4996=DIRECTION('center_axis',(0.,0.,1.));
#4997=DIRECTION('ref_axis',(1.,0.,0.));
#4998=DIRECTION('',(9.67093227025398E-17,-1.,0.));
#4999=DIRECTION('',(1.,0.,0.));
#5000=DIRECTION('',(-9.67093227025398E-17,1.,0.));
#5001=DIRECTION('',(-1.,0.,0.));
#5002=DIRECTION('',(1.66201051590592E-16,-1.,0.));
#5003=DIRECTION('center_axis',(0.,0.,1.));
#5004=DIRECTION('ref_axis',(1.,0.,0.));
#5005=DIRECTION('',(1.,0.,0.));
#5006=DIRECTION('center_axis',(0.,0.,1.));
#5007=DIRECTION('ref_axis',(1.,0.,0.));
#5008=DIRECTION('',(-8.31005257952962E-17,1.,0.));
#5009=DIRECTION('center_axis',(0.,0.,1.));
#5010=DIRECTION('ref_axis',(1.,0.,0.));
#5011=DIRECTION('',(-1.,6.39529392065182E-17,0.));
#5012=DIRECTION('center_axis',(0.,0.,1.));
#5013=DIRECTION('ref_axis',(1.,0.,0.));
#5014=DIRECTION('center_axis',(0.,-0.667754255662712,-0.744381793197777));
#5015=DIRECTION('ref_axis',(0.,0.744381793197777,-0.667754255662712));
#5016=DIRECTION('',(7.1988659052259E-17,-0.744381793197777,0.667754255662712));
#5017=DIRECTION('',(-1.,0.,0.));
#5018=DIRECTION('',(-7.1988659052259E-17,0.744381793197777,-0.667754255662712));
#5019=DIRECTION('',(1.,0.,0.));
#5020=DIRECTION('center_axis',(1.,0.,0.));
#5021=DIRECTION('ref_axis',(0.,0.,-1.));
#5022=DIRECTION('center_axis',(-1.,0.,0.));
#5023=DIRECTION('ref_axis',(0.,0.,1.));
#5024=DIRECTION('',(1.,-6.59825224294478E-30,-3.39190141383284E-15));
#5025=DIRECTION('',(1.,-6.59825224294478E-30,-3.39190141383284E-15));
#5026=DIRECTION('center_axis',(0.,1.,0.));
#5027=DIRECTION('ref_axis',(-1.,0.,3.46944695195351E-15));
#5028=DIRECTION('',(1.27004185785281E-16,-1.,-1.31371731030452E-45));
#5029=DIRECTION('center_axis',(0.,1.,0.));
#5030=DIRECTION('ref_axis',(-1.,0.,5.78241158658919E-15));
#5031=DIRECTION('',(-1.27004185785281E-16,1.,1.31371731030452E-45));
#5032=DIRECTION('center_axis',(1.,1.27004185785281E-16,-3.4694469519536E-15));
#5033=DIRECTION('ref_axis',(-3.4694469519536E-15,0.,-1.));
#5034=DIRECTION('',(0.,0.357503990748515,0.93391161069926));
#5035=DIRECTION('',(-1.2700418578528E-16,1.,1.2700418578528E-16));
#5036=DIRECTION('',(-3.5627924652113E-15,0.357503990748514,-0.93391161069926));
#5037=DIRECTION('center_axis',(1.,1.27004185785281E-16,-3.4694469519536E-15));
#5038=DIRECTION('ref_axis',(-3.4694469519536E-15,0.,-1.));
#5039=DIRECTION('',(-1.2700418578528E-16,1.,1.2700418578528E-16));
#5040=DIRECTION('',(3.19475228787462E-15,0.357503990748515,0.93391161069926));
#5041=DIRECTION('',(-3.28556129439463E-15,0.357503990748514,-0.93391161069926));
#5042=DIRECTION('center_axis',(-3.49148133884313E-15,1.2700418578528E-16,
-1.));
#5043=DIRECTION('ref_axis',(-1.,0.,3.49148133884313E-15));
#5044=DIRECTION('',(1.,1.27004185785281E-16,-3.49148133884313E-15));
#5045=DIRECTION('',(-1.,-1.27004185785281E-16,3.49148133884313E-15));
#5046=DIRECTION('center_axis',(-1.12960782854811E-15,-0.93391161069926,
-0.357503990748514));
#5047=DIRECTION('ref_axis',(4.93038065763132E-32,0.357503990748514,-0.93391161069926));
#5048=DIRECTION('center_axis',(-1.36682919597267E-15,0.93391161069926,-0.357503990748515));
#5049=DIRECTION('ref_axis',(0.,0.357503990748515,0.93391161069926));
#5050=DIRECTION('',(1.,-2.00767287117281E-16,-4.56061484607278E-15));
#5051=DIRECTION('',(-1.,1.47708158491202E-15,3.41568584363927E-15));
#5052=DIRECTION('',(0.,0.667754255662712,0.744381793197777));
#5053=DIRECTION('center_axis',(0.,0.744381793197776,-0.667754255662713));
#5054=DIRECTION('ref_axis',(-1.,1.29340317166299E-15,1.44182648644399E-15));
#5055=DIRECTION('center_axis',(0.,0.744381793197776,-0.667754255662713));
#5056=DIRECTION('ref_axis',(-1.,1.3023851381329E-15,1.45183917037766E-15));
#5057=DIRECTION('',(-7.59848592827967E-16,0.744381793197777,-0.667754255662712));
#5058=DIRECTION('center_axis',(1.,-1.75112050887496E-15,-3.08998527501999E-15));
#5059=DIRECTION('ref_axis',(-3.08998527501999E-15,0.,-1.));
#5060=DIRECTION('',(-3.51180569543528E-15,-0.357503990748509,-0.933911610699262));
#5061=DIRECTION('',(-7.59848592827967E-16,0.744381793197777,-0.667754255662711));
#5062=DIRECTION('',(1.75112050887498E-15,1.,6.95021390088921E-15));
#5063=DIRECTION('center_axis',(-3.4928812679616E-15,-0.667754255662712,
-0.744381793197777));
#5064=DIRECTION('ref_axis',(0.,0.744381793197777,-0.667754255662712));
#5065=DIRECTION('',(-1.,1.77222820939035E-15,3.10253200741851E-15));
#5066=DIRECTION('',(1.,-1.4231386870459E-15,-3.41568584363927E-15));
#5067=DIRECTION('center_axis',(-3.41568584363926E-15,6.95021390088921E-15,
-1.));
#5068=DIRECTION('ref_axis',(0.,1.,6.95021390088921E-15));
#5069=DIRECTION('center_axis',(-5.45936927481309E-16,-0.933911610699262,
0.357503990748509));
#5070=DIRECTION('ref_axis',(2.46519032881566E-32,-0.357503990748509,-0.933911610699262));
#5071=DIRECTION('',(-1.,-1.4656964441507E-15,3.40935311554194E-15));
#5072=DIRECTION('',(0.,-0.667754255662712,0.744381793197777));
#5073=DIRECTION('',(1.,1.92542929427578E-16,-4.5514467096318E-15));
#5074=DIRECTION('center_axis',(0.,0.744381793197783,0.667754255662705));
#5075=DIRECTION('ref_axis',(-1.,-1.72453756221723E-15,1.92243531525858E-15));
#5076=DIRECTION('center_axis',(0.,0.744381793197783,0.667754255662705));
#5077=DIRECTION('ref_axis',(-1.,0.,0.));
#5078=DIRECTION('',(3.11229800101723E-15,0.744381793197778,0.667754255662711));
#5079=DIRECTION('center_axis',(1.,-1.61969292198009E-29,-4.66084337856961E-15));
#5080=DIRECTION('ref_axis',(-4.66084337856961E-15,0.,-1.));
#5081=DIRECTION('',(3.11229800101724E-15,0.744381793197777,0.667754255662712));
#5082=DIRECTION('',(4.35281574689693E-15,-0.357503990748505,0.933911610699263));
#5083=DIRECTION('',(-2.80259692864963E-45,1.,-3.47510695044459E-15));
#5084=DIRECTION('center_axis',(-3.48437390231243E-15,0.667754255662712,
-0.744381793197777));
#5085=DIRECTION('ref_axis',(1.97215226305253E-31,0.744381793197777,0.667754255662712));
#5086=DIRECTION('',(1.,2.25658263011973E-17,-4.66065331993617E-15));
#5087=DIRECTION('',(1.,1.41745785742919E-15,-3.40935311554194E-15));
#5088=DIRECTION('center_axis',(-3.40935311554194E-15,-3.47510695044459E-15,
-1.));
#5089=DIRECTION('ref_axis',(0.,1.,-3.47510695044459E-15));
#5090=DIRECTION('center_axis',(1.64512767418474E-15,0.933911610699264,0.357503990748505));
#5091=DIRECTION('ref_axis',(9.86076131526265E-32,-0.357503990748505,0.933911610699264));
#5092=DIRECTION('',(-1.,1.21862493571432E-16,-4.47265540408725E-15));
#5093=DIRECTION('',(1.,-2.15692977290968E-15,2.64708034468088E-15));
#5094=DIRECTION('',(0.,-0.667754255662712,0.744381793197777));
#5095=DIRECTION('center_axis',(0.,-0.744381793197782,-0.667754255662706));
#5096=DIRECTION('ref_axis',(1.,-1.29340317166299E-15,1.44182648644401E-15));
#5097=DIRECTION('',(-7.88860905221012E-31,0.744381793197777,0.667754255662712));
#5098=DIRECTION('center_axis',(0.,-0.744381793197782,-0.667754255662706));
#5099=DIRECTION('ref_axis',(1.,-1.3023851381329E-15,1.45183917037768E-15));
#5100=DIRECTION('',(7.88860905221012E-31,-0.744381793197777,-0.667754255662712));
#5101=DIRECTION('center_axis',(-1.,2.31673796696337E-15,-2.58259314350015E-15));
#5102=DIRECTION('ref_axis',(-2.58259314350015E-15,0.,1.));
#5103=DIRECTION('',(3.44775272225997E-15,0.357503990748508,-0.933911610699262));
#5104=DIRECTION('',(-2.3167379669632E-15,-1.,-6.60270320584515E-14));
#5105=DIRECTION('',(0.,-0.744381793197777,-0.667754255662712));
#5106=DIRECTION('center_axis',(-1.,2.31673796696337E-15,-2.58259314350015E-15));
#5107=DIRECTION('ref_axis',(-2.58259314350015E-15,0.,1.));
#5108=DIRECTION('',(3.24015679113509E-15,0.357503990748508,-0.933911610699262));
#5109=DIRECTION('',(0.,-0.744381793197777,-0.667754255662712));
#5110=DIRECTION('',(-2.3167379669632E-15,-1.,-6.60270320584515E-14));
#5111=DIRECTION('center_axis',(3.55607884135548E-15,0.667754255662712,-0.744381793197777));
#5112=DIRECTION('ref_axis',(1.97215226305253E-31,0.744381793197777,0.667754255662712));
#5113=DIRECTION('',(1.,-2.34399961736927E-15,2.67451882861464E-15));
#5114=DIRECTION('',(-1.,2.37458677978725E-15,-2.64708034468086E-15));
#5115=DIRECTION('center_axis',(2.64708034468102E-15,6.60270320584515E-14,
-1.));
#5116=DIRECTION('ref_axis',(0.,1.,6.60270320584515E-14));
#5117=DIRECTION('center_axis',(1.23293730357403E-15,0.933911610699262,0.357503990748508));
#5118=DIRECTION('ref_axis',(0.,-0.357503990748508,0.933911610699262));
#5119=DIRECTION('',(-1.,-6.59825224294478E-30,-3.39190141383284E-15));
#5120=DIRECTION('',(-1.,-6.59825224294478E-30,-3.39190141383284E-15));
#5121=DIRECTION('center_axis',(0.,-1.,0.));
#5122=DIRECTION('ref_axis',(1.,0.,3.46944695195351E-15));
#5123=DIRECTION('',(-1.2700418578528E-16,1.,-1.27004185785281E-16));
#5124=DIRECTION('center_axis',(0.,-1.,0.));
#5125=DIRECTION('ref_axis',(1.,0.,5.78241158658919E-15));
#5126=DIRECTION('',(1.2700418578528E-16,-1.,1.27004185785281E-16));
#5127=DIRECTION('center_axis',(-1.,-1.27004185785281E-16,-3.4694469519536E-15));
#5128=DIRECTION('ref_axis',(-3.4694469519536E-15,0.,1.));
#5129=DIRECTION('',(0.,-0.357503990748515,0.93391161069926));
#5130=DIRECTION('',(1.2700418578528E-16,-1.,1.2700418578528E-16));
#5131=DIRECTION('',(3.5627924652113E-15,-0.357503990748514,-0.93391161069926));
#5132=DIRECTION('center_axis',(-1.,-1.27004185785281E-16,-3.4694469519536E-15));
#5133=DIRECTION('ref_axis',(-3.4694469519536E-15,0.,1.));
#5134=DIRECTION('',(1.2700418578528E-16,-1.,1.2700418578528E-16));
#5135=DIRECTION('',(-3.19475228787462E-15,-0.357503990748515,0.93391161069926));
#5136=DIRECTION('',(3.28556129439463E-15,-0.357503990748514,-0.93391161069926));
#5137=DIRECTION('center_axis',(3.49148133884313E-15,-1.2700418578528E-16,
-1.));
#5138=DIRECTION('ref_axis',(-1.,0.,-3.49148133884313E-15));
#5139=DIRECTION('',(-1.,-1.27004185785281E-16,-3.49148133884313E-15));
#5140=DIRECTION('',(1.,1.27004185785281E-16,3.49148133884313E-15));
#5141=DIRECTION('center_axis',(1.12960782854811E-15,0.93391161069926,-0.357503990748514));
#5142=DIRECTION('ref_axis',(4.93038065763132E-32,0.357503990748514,0.93391161069926));
#5143=DIRECTION('center_axis',(1.36682919597267E-15,-0.93391161069926,-0.357503990748515));
#5144=DIRECTION('ref_axis',(-9.86076131526265E-32,0.357503990748515,-0.93391161069926));
#5145=DIRECTION('',(1.,2.17004015145308E-15,2.63531956392871E-15));
#5146=DIRECTION('',(0.,0.667754255662712,0.744381793197777));
#5147=DIRECTION('',(-1.,-1.21862493571432E-16,-4.47265540408725E-15));
#5148=DIRECTION('center_axis',(0.,-0.744381793197773,0.667754255662716));
#5149=DIRECTION('ref_axis',(1.,1.72453756221742E-15,1.92243531525874E-15));
#5150=DIRECTION('',(2.76101316827354E-30,0.744381793197777,-0.667754255662712));
#5151=DIRECTION('center_axis',(0.,-0.744381793197773,0.667754255662716));
#5152=DIRECTION('ref_axis',(1.,0.,0.));
#5153=DIRECTION('',(-2.76101316827354E-30,-0.744381793197777,0.667754255662712));
#5154=DIRECTION('center_axis',(-1.,-2.31673796696337E-15,-2.58259314350016E-15));
#5155=DIRECTION('ref_axis',(-2.58259314350016E-15,0.,1.));
#5156=DIRECTION('',(-3.44775272225996E-15,0.357503990748508,0.933911610699262));
#5157=DIRECTION('',(-3.54987407349455E-30,-0.744381793197777,0.667754255662712));
#5158=DIRECTION('',(2.31673796696321E-15,-1.,6.25519251080067E-14));
#5159=DIRECTION('center_axis',(-1.,-2.31673796696337E-15,-2.58259314350016E-15));
#5160=DIRECTION('ref_axis',(-2.58259314350016E-15,0.,1.));
#5161=DIRECTION('',(-3.54987407349455E-30,-0.744381793197777,0.667754255662712));
#5162=DIRECTION('',(-3.24015679113509E-15,0.357503990748508,0.933911610699262));
#5163=DIRECTION('',(2.31673796696321E-15,-1.,6.25519251080067E-14));
#5164=DIRECTION('center_axis',(3.54027944800701E-15,-0.667754255662712,
-0.744381793197777));
#5165=DIRECTION('ref_axis',(1.97215226305253E-31,0.744381793197777,-0.667754255662712));
#5166=DIRECTION('',(-1.,-2.33795156516735E-15,-2.65871943526617E-15));
#5167=DIRECTION('',(-1.,-2.36403666764192E-15,-2.63531956392869E-15));
#5168=DIRECTION('center_axis',(2.63531956392884E-15,-6.25519251080067E-14,
-1.));
#5169=DIRECTION('ref_axis',(0.,1.,-6.25519251080067E-14));
#5170=DIRECTION('center_axis',(1.23293730357403E-15,-0.933911610699262,
0.357503990748508));
#5171=DIRECTION('ref_axis',(0.,-0.357503990748508,-0.933911610699262));
#5172=DIRECTION('center_axis',(0.,0.,1.));
#5173=DIRECTION('ref_axis',(1.,0.,0.));
#5174=DIRECTION('',(0.,0.,1.));
#5175=DIRECTION('',(0.,0.,1.));
#5176=DIRECTION('center_axis',(-1.,-1.66201051590592E-16,0.));
#5177=DIRECTION('ref_axis',(1.66201051590592E-16,-1.,0.));
#5178=DIRECTION('',(0.,0.,1.));
#5179=DIRECTION('center_axis',(0.,0.,1.));
#5180=DIRECTION('ref_axis',(1.,0.,0.));
#5181=DIRECTION('',(0.,0.,1.));
#5182=DIRECTION('center_axis',(6.39529392065182E-17,1.,0.));
#5183=DIRECTION('ref_axis',(-1.,6.39529392065182E-17,0.));
#5184=DIRECTION('',(0.,0.,1.));
#5185=DIRECTION('center_axis',(0.,0.,1.));
#5186=DIRECTION('ref_axis',(1.,0.,0.));
#5187=DIRECTION('',(0.,0.,1.));
#5188=DIRECTION('center_axis',(1.,8.31005257952962E-17,0.));
#5189=DIRECTION('ref_axis',(-8.31005257952962E-17,1.,0.));
#5190=DIRECTION('',(0.,0.,1.));
#5191=DIRECTION('center_axis',(0.,0.,1.));
#5192=DIRECTION('ref_axis',(1.,0.,0.));
#5193=DIRECTION('',(0.,0.,1.));
#5194=DIRECTION('center_axis',(0.,-1.,0.));
#5195=DIRECTION('ref_axis',(0.,0.,-1.));
#5196=DIRECTION('center_axis',(1.,9.31810757195439E-17,8.35889061601791E-17));
#5197=DIRECTION('ref_axis',(1.25179144050863E-16,-0.744381793197777,-0.667754255662712));
#5198=DIRECTION('',(0.,0.667754255662712,-0.744381793197777));
#5199=DIRECTION('',(0.,-0.744381793197777,-0.667754255662712));
#5200=DIRECTION('',(0.,0.667754255662712,-0.744381793197777));
#5201=DIRECTION('',(1.25179144050863E-16,-0.744381793197777,-0.667754255662712));
#5202=DIRECTION('center_axis',(1.25179144050863E-16,-0.744381793197777,
-0.667754255662712));
#5203=DIRECTION('ref_axis',(-1.,-9.31810757195439E-17,-8.35889061601791E-17));
#5204=DIRECTION('',(-1.,0.,0.));
#5205=DIRECTION('',(0.,0.667754255662712,-0.744381793197777));
#5206=DIRECTION('',(-1.,-9.3181075719544E-17,-8.35889061601791E-17));
#5207=DIRECTION('center_axis',(-1.,-9.31810757195439E-17,-8.35889061601791E-17));
#5208=DIRECTION('ref_axis',(-1.25179144050863E-16,0.744381793197777,0.667754255662712));
#5209=DIRECTION('',(0.,0.744381793197777,0.667754255662712));
#5210=DIRECTION('',(0.,0.667754255662712,-0.744381793197777));
#5211=DIRECTION('',(-1.25179144050863E-16,0.744381793197777,0.667754255662712));
#5212=DIRECTION('center_axis',(0.,0.667754255662712,-0.744381793197777));
#5213=DIRECTION('ref_axis',(0.,0.744381793197777,0.667754255662712));
#5214=DIRECTION('',(1.,9.3181075719544E-17,8.35889061601791E-17));
#5215=DIRECTION('center_axis',(0.,0.667754255662712,-0.744381793197777));
#5216=DIRECTION('ref_axis',(0.,0.744381793197777,0.667754255662712));
#5217=DIRECTION('',(1.,0.,0.));
#5218=DIRECTION('center_axis',(1.,0.,0.));
#5219=DIRECTION('ref_axis',(0.,0.,-1.));
#5220=DIRECTION('center_axis',(1.,0.,0.));
#5221=DIRECTION('ref_axis',(0.,0.,1.));
#5222=DIRECTION('center_axis',(1.,0.,0.));
#5223=DIRECTION('ref_axis',(0.,-6.5307236742655E-14,1.));
#5224=DIRECTION('center_axis',(1.,0.,0.));
#5225=DIRECTION('ref_axis',(0.,0.,-1.));
#5226=DIRECTION('center_axis',(-1.,0.,0.));
#5227=DIRECTION('ref_axis',(0.,0.,1.));
#5228=DIRECTION('center_axis',(-1.,0.,0.));
#5229=DIRECTION('ref_axis',(0.,0.,1.));
#5230=DIRECTION('center_axis',(-1.,0.,0.));
#5231=DIRECTION('ref_axis',(0.,0.667754255662704,-0.744381793197784));
#5232=DIRECTION('center_axis',(-1.,0.,0.));
#5233=DIRECTION('ref_axis',(0.,0.667754255662875,-0.74438179319763));
#5234=DIRECTION('center_axis',(-1.,-7.84809985378517E-17,7.04020722177787E-17));
#5235=DIRECTION('ref_axis',(-1.05431109754453E-16,0.744381793197777,-0.667754255662712));
#5236=DIRECTION('',(6.16297582203915E-33,-0.667754255662712,-0.744381793197777));
#5237=DIRECTION('',(0.,0.744381793197777,-0.667754255662712));
#5238=DIRECTION('',(6.16297582203915E-33,-0.667754255662712,-0.744381793197777));
#5239=DIRECTION('',(-1.05431109754453E-16,0.744381793197777,-0.667754255662712));
#5240=DIRECTION('center_axis',(-1.05431109754453E-16,0.744381793197777,
-0.667754255662712));
#5241=DIRECTION('ref_axis',(1.,7.84809985378517E-17,-7.04020722177787E-17));
#5242=DIRECTION('',(1.,4.11535333271304E-33,4.58760699384405E-33));
#5243=DIRECTION('',(6.16297582203915E-33,-0.667754255662712,-0.744381793197777));
#5244=DIRECTION('',(1.,7.84809985378517E-17,-7.04020722177787E-17));
#5245=DIRECTION('center_axis',(1.,7.84809985378517E-17,-7.04020722177787E-17));
#5246=DIRECTION('ref_axis',(1.05431109754453E-16,-0.744381793197777,0.667754255662712));
#5247=DIRECTION('',(0.,-0.744381793197777,0.667754255662712));
#5248=DIRECTION('',(6.16297582203915E-33,-0.667754255662712,-0.744381793197777));
#5249=DIRECTION('',(1.05431109754453E-16,-0.744381793197777,0.667754255662712));
#5250=DIRECTION('center_axis',(6.16297582203915E-33,-0.667754255662712,
-0.744381793197777));
#5251=DIRECTION('ref_axis',(0.,0.744381793197777,-0.667754255662712));
#5252=DIRECTION('',(-1.,-7.84809985378517E-17,7.04020722177787E-17));
#5253=DIRECTION('center_axis',(6.16297582203915E-33,-0.667754255662712,
-0.744381793197777));
#5254=DIRECTION('ref_axis',(0.,0.744381793197777,-0.667754255662712));
#5255=DIRECTION('',(-1.,-4.11535333271304E-33,-4.58760699384405E-33));
#5256=DIRECTION('center_axis',(-1.,-4.11535333271304E-33,-4.58760699384405E-33));
#5257=DIRECTION('ref_axis',(-4.58760699384405E-33,0.,1.));
#5258=DIRECTION('center_axis',(-1.,-4.11535333271304E-33,-4.58760699384405E-33));
#5259=DIRECTION('ref_axis',(4.58760699384405E-33,1.88796237312938E-65,-1.));
#5260=DIRECTION('center_axis',(-1.,-4.11535333271304E-33,-4.58760699384405E-33));
#5261=DIRECTION('ref_axis',(4.58760699384378E-33,6.5307236742658E-14,-1.));
#5262=DIRECTION('center_axis',(-1.,-4.11535333271304E-33,-4.58760699384405E-33));
#5263=DIRECTION('ref_axis',(-4.58760699384405E-33,0.,1.));
#5264=DIRECTION('center_axis',(1.,4.11535333271304E-33,4.58760699384405E-33));
#5265=DIRECTION('ref_axis',(4.58760699384405E-33,1.88796237312938E-65,-1.));
#5266=DIRECTION('center_axis',(1.,4.11535333271304E-33,4.58760699384405E-33));
#5267=DIRECTION('ref_axis',(4.58760699384405E-33,1.88796237312938E-65,-1.));
#5268=DIRECTION('center_axis',(1.,4.11535333271304E-33,4.58760699384405E-33));
#5269=DIRECTION('ref_axis',(6.16297582203915E-33,-0.667754255662721,-0.744381793197769));
#5270=DIRECTION('center_axis',(1.,4.11535333271304E-33,4.58760699384405E-33));
#5271=DIRECTION('ref_axis',(6.16297582203915E-33,-0.667754255662552,-0.74438179319792));
#5272=DIRECTION('axis',(0.,0.,1.));
#5273=DIRECTION('refdir',(1.,0.,0.));
#5274=DIRECTION('center_axis',(0.999975446972692,0.,0.00700752822078742));
#5275=DIRECTION('ref_axis',(0.00700752822078742,0.,-0.999975446972692));
#5276=DIRECTION('center_axis',(-0.999761018585931,-0.0147413854913324,-0.0161430254233191));
#5277=DIRECTION('ref_axis',(0.0210339947521733,-0.849849300812821,-0.526605864924351));
#5278=DIRECTION('',(0.999975446972692,0.,0.00700752822078742));
#5279=DIRECTION('center_axis',(-0.999761018585931,-0.0147413854913418,-0.0161430254233098));
#5280=DIRECTION('ref_axis',(0.0210339947524182,-0.849849300791424,-0.526605864958873));
#5281=DIRECTION('center_axis',(0.999975446972692,0.,0.00700752822078742));
#5282=DIRECTION('ref_axis',(0.00700752822078741,0.,-0.999975446972692));
#5283=DIRECTION('center_axis',(0.999975446972692,0.,0.00700752822078742));
#5284=DIRECTION('ref_axis',(0.00700752822078742,0.,-0.999975446972692));
#5285=DIRECTION('',(0.999975446972692,0.,0.00700752822078742));
#5286=DIRECTION('center_axis',(0.999975446972692,0.,0.00700752822078742));
#5287=DIRECTION('ref_axis',(0.00700752822078741,0.,-0.999975446972692));
#5288=DIRECTION('center_axis',(0.999975446972692,0.,0.00700752822078742));
#5289=DIRECTION('ref_axis',(0.00700752822078741,0.,-0.999975446972692));
#5290=DIRECTION('center_axis',(0.999975446972692,0.,0.00700752822078742));
#5291=DIRECTION('ref_axis',(0.00700752822078742,0.,-0.999975446972692));
#5292=DIRECTION('',(0.999975446972692,0.,0.00700752822078741));
#5293=DIRECTION('center_axis',(0.999975446972692,0.,0.00700752822078742));
#5294=DIRECTION('ref_axis',(0.00700752822078741,0.,-0.999975446972692));
#5295=DIRECTION('center_axis',(0.999975446972692,0.,0.00700752822078742));
#5296=DIRECTION('ref_axis',(0.00700752822078741,0.,-0.999975446972692));
#5297=DIRECTION('center_axis',(0.999975446972692,0.,0.00700752822078742));
#5298=DIRECTION('ref_axis',(0.00700752822078742,0.,-0.999975446972692));
#5299=DIRECTION('',(0.999975446972692,0.,0.00700752822078742));
#5300=DIRECTION('center_axis',(0.999975446972692,0.,0.00700752822078742));
#5301=DIRECTION('ref_axis',(0.00700752822078741,0.,-0.999975446972692));
#5302=DIRECTION('center_axis',(0.999975446972692,0.,0.00700752822078742));
#5303=DIRECTION('ref_axis',(0.00700752822078741,0.,-0.999975446972692));
#5304=DIRECTION('center_axis',(-0.99976101858593,0.0147413854913789,-0.0161430254233099));
#5305=DIRECTION('ref_axis',(0.02103399475186,0.849849300843591,-0.526605864874708));
#5306=DIRECTION('',(0.999975446972692,0.,0.00700752822078741));
#5307=DIRECTION('center_axis',(-0.999761018585931,0.0147413854913602,-0.0161430254233099));
#5308=DIRECTION('ref_axis',(0.0210339947524112,0.849849300793434,-0.52660586495563));
#5309=DIRECTION('center_axis',(-0.73843762741475,0.,-0.674321785513471));
#5310=DIRECTION('ref_axis',(0.,1.,0.));
#5311=DIRECTION('',(0.,1.,0.));
#5312=DIRECTION('',(-0.674321785513469,0.,0.738437627414751));
#5313=DIRECTION('',(0.,1.,0.));
#5314=DIRECTION('',(-0.674321785513471,0.,0.73843762741475));
#5315=DIRECTION('',(-0.674321785513471,-8.41600209203499E-29,0.73843762741475));
#5316=DIRECTION('center_axis',(1.91061099176493E-15,-5.78241158658425E-17,
1.));
#5317=DIRECTION('ref_axis',(1.,-4.25862426472947E-11,-1.91061099176739E-15));
#5318=DIRECTION('',(-0.559086490094795,-0.559086490094795,0.612245533415283));
#5319=DIRECTION('center_axis',(0.246857161277065,1.69107407478825E-14,0.969051877830196));
#5320=DIRECTION('ref_axis',(0.969051877830196,5.69080723769822E-11,-0.246857161277065));
#5321=DIRECTION('',(-0.559086490094841,-0.559086490094747,0.612245533415286));
#5322=DIRECTION('center_axis',(-1.,-3.96283800567325E-13,9.57372188058874E-13));
#5323=DIRECTION('ref_axis',(-9.57372188062256E-13,8.53393230217793E-12,
-1.));
#5324=DIRECTION('center_axis',(-0.971619407959773,-3.40853504354931E-14,
-0.236549627088904));
#5325=DIRECTION('ref_axis',(0.236549627088904,5.85642618538353E-11,-0.971619407959773));
#5326=DIRECTION('center_axis',(-0.73843762741475,0.,-0.674321785513471));
#5327=DIRECTION('ref_axis',(0.,1.,0.));
#5328=DIRECTION('',(-0.674321785513469,0.,0.738437627414751));
#5329=DIRECTION('',(0.,1.,0.));
#5330=DIRECTION('',(-0.674321785513439,3.4353991469617E-14,0.738437627414778));
#5331=DIRECTION('',(0.,1.,0.));
#5332=DIRECTION('center_axis',(-1.,1.98141900283682E-13,4.78686094029296E-13));
#5333=DIRECTION('ref_axis',(-4.78686094023263E-13,3.04456920435299E-11,
-1.));
#5334=DIRECTION('',(-0.559086490094795,0.559086490094795,0.612245533415283));
#5335=DIRECTION('center_axis',(-0.971619407959761,5.57469654438288E-14,
-0.236549627088953));
#5336=DIRECTION('ref_axis',(0.236549627088953,-8.29500427625608E-11,-0.971619407959761));
#5337=DIRECTION('center_axis',(-5.46105812109612E-14,-1.51713292705791E-14,
1.));
#5338=DIRECTION('ref_axis',(1.,-1.05426989513934E-10,5.46105812093617E-14));
#5339=DIRECTION('',(-0.674321785513471,0.,0.73843762741475));
#5340=DIRECTION('center_axis',(0.246857161276634,1.12766438616023E-13,0.969051877830306));
#5341=DIRECTION('ref_axis',(0.969051877830306,-7.9920654010691E-12,-0.246857161276634));
#5342=DIRECTION('',(-0.559086490094731,0.559086490094812,0.612245533415327));
#5343=DIRECTION('center_axis',(-0.559086490094795,0.559086490094795,0.612245533415284));
#5344=DIRECTION('ref_axis',(2.77555756156289E-17,0.73843762741475,-0.67432178551347));
#5345=DIRECTION('',(-0.707106781186548,-0.707106781186547,0.));
#5346=DIRECTION('',(0.73843762741475,-1.21922384855162E-15,0.674321785513471));
#5347=DIRECTION('',(0.,0.73843762741475,-0.67432178551347));
#5348=DIRECTION('center_axis',(-0.559086490094795,-0.559086490094795,0.612245533415284));
#5349=DIRECTION('ref_axis',(2.77555756156289E-17,-0.73843762741475,-0.67432178551347));
#5350=DIRECTION('',(0.,0.73843762741475,0.67432178551347));
#5351=DIRECTION('',(-0.73843762741475,-1.21922384855162E-15,-0.674321785513471));
#5352=DIRECTION('',(0.707106781186548,-0.707106781186547,0.));
#5353=DIRECTION('center_axis',(0.674321785513471,0.,-0.73843762741475));
#5354=DIRECTION('ref_axis',(-0.73843762741475,0.,-0.674321785513471));
#5355=DIRECTION('',(0.,-1.,0.));
#5356=DIRECTION('',(0.73843762741475,0.,0.674321785513471));
#5357=DIRECTION('',(0.,1.,0.));
#5358=DIRECTION('',(-0.73843762741475,0.,-0.674321785513471));
#5359=DIRECTION('center_axis',(-0.73843762741475,1.21922384855162E-15,-0.674321785513471));
#5360=DIRECTION('ref_axis',(-0.67432178551347,7.69139382590487E-30,0.73843762741475));
#5361=DIRECTION('center_axis',(-0.73843762741475,-1.21922384855162E-15,
-0.674321785513471));
#5362=DIRECTION('ref_axis',(-0.674321785513471,-4.63455781817344E-30,0.73843762741475));
#5363=DIRECTION('center_axis',(-0.559086490094795,0.559086490094795,0.612245533415284));
#5364=DIRECTION('ref_axis',(2.77555756156289E-17,0.73843762741475,-0.67432178551347));
#5365=DIRECTION('',(-0.707106781186548,-0.707106781186547,0.));
#5366=DIRECTION('',(-1.42827605610702E-16,0.73843762741475,-0.67432178551347));
#5367=DIRECTION('',(0.73843762741475,-1.2179653680003E-15,0.674321785513471));
#5368=DIRECTION('center_axis',(-0.559086490094795,-0.559086490094795,0.612245533415284));
#5369=DIRECTION('ref_axis',(2.77555756156289E-17,-0.73843762741475,-0.67432178551347));
#5370=DIRECTION('',(-1.80259984224872E-16,0.73843762741475,0.67432178551347));
#5371=DIRECTION('',(0.707106781186548,-0.707106781186547,0.));
#5372=DIRECTION('',(-0.73843762741475,-1.2179653680003E-15,-0.674321785513471));
#5373=DIRECTION('center_axis',(0.674321785513471,0.,-0.73843762741475));
#5374=DIRECTION('ref_axis',(-0.73843762741475,0.,-0.674321785513471));
#5375=DIRECTION('',(0.,-1.,0.));
#5376=DIRECTION('',(-0.73843762741475,1.21922384855162E-15,-0.674321785513471));
#5377=DIRECTION('',(0.,1.,0.));
#5378=DIRECTION('',(0.73843762741475,1.21922384855162E-15,0.674321785513471));
#5379=DIRECTION('center_axis',(-0.73843762741475,1.21922384855162E-15,-0.674321785513471));
#5380=DIRECTION('ref_axis',(-0.674321785513471,1.16356983520099E-29,0.73843762741475));
#5381=DIRECTION('center_axis',(-0.73843762741475,-1.21922384855162E-15,
-0.674321785513471));
#5382=DIRECTION('ref_axis',(-0.674321785513471,-4.63455781817344E-30,0.73843762741475));
#5383=DIRECTION('center_axis',(0.,1.,0.));
#5384=DIRECTION('ref_axis',(0.,0.,1.));
#5385=DIRECTION('',(0.999975446972692,0.,0.00700752822078732));
#5386=DIRECTION('center_axis',(0.,1.,0.));
#5387=DIRECTION('ref_axis',(0.,0.,-1.));
#5388=DIRECTION('center_axis',(0.,1.,0.));
#5389=DIRECTION('ref_axis',(0.,0.,-1.));
#5390=DIRECTION('center_axis',(0.,1.,0.));
#5391=DIRECTION('ref_axis',(0.,0.,1.));
#5392=DIRECTION('center_axis',(0.,-1.,0.));
#5393=DIRECTION('ref_axis',(0.,0.,-1.));
#5394=DIRECTION('',(0.999975446972692,0.,0.00700752822078732));
#5395=DIRECTION('center_axis',(0.,-1.,0.));
#5396=DIRECTION('ref_axis',(0.,0.,-1.));
#5397=DIRECTION('center_axis',(0.,-1.,0.));
#5398=DIRECTION('ref_axis',(0.999975446972692,0.,0.00700752822078638));
#5399=DIRECTION('',(0.,-1.,0.));
#5400=DIRECTION('center_axis',(0.,-1.,0.));
#5401=DIRECTION('ref_axis',(0.999975446972692,0.,0.00700752822078876));
#5402=DIRECTION('',(0.,-1.,0.));
#5403=DIRECTION('center_axis',(0.,-1.,0.));
#5404=DIRECTION('ref_axis',(0.,0.,-1.));
#5405=DIRECTION('',(-0.00700752822078742,0.,0.999975446972692));
#5406=DIRECTION('',(-0.00700752822078742,0.,0.999975446972692));
#5407=DIRECTION('',(-0.999975446972692,0.,-0.00700752822078671));
#5408=DIRECTION('center_axis',(0.,1.,0.));
#5409=DIRECTION('ref_axis',(0.,0.,1.));
#5410=DIRECTION('',(0.00700752822078742,0.,-0.999975446972692));
#5411=DIRECTION('',(0.00700752822078742,0.,-0.999975446972692));
#5412=DIRECTION('',(-0.999975446972692,0.,-0.00700752822078671));
#5413=DIRECTION('center_axis',(0.999975446972692,0.,0.00700752822078742));
#5414=DIRECTION('ref_axis',(0.00700752822078742,0.,-0.999975446972692));
#5415=DIRECTION('',(0.,-1.,0.));
#5416=DIRECTION('center_axis',(0.999975446972692,0.,0.00700752822078742));
#5417=DIRECTION('ref_axis',(0.00700752822078742,0.,-0.999975446972692));
#5418=DIRECTION('',(0.,-1.,0.));
#5419=DIRECTION('center_axis',(0.00700752822078671,0.,-0.999975446972692));
#5420=DIRECTION('ref_axis',(-0.999975446972692,0.,-0.00700752822078671));
#5421=DIRECTION('',(0.999761018585931,-0.0147413854913441,0.0161430254233091));
#5422=DIRECTION('',(0.999761018585931,-0.0147413854913454,0.016143025423308));
#5423=DIRECTION('',(-0.559086490094795,-0.559086490094795,0.612245533415283));
#5424=DIRECTION('center_axis',(0.,-0.738437627414749,-0.674321785513472));
#5425=DIRECTION('ref_axis',(0.999761018585931,-0.0147413854913455,0.0161430254233094));
#5426=DIRECTION('',(-6.41811731247552E-18,0.73843762741475,0.674321785513471));
#5427=DIRECTION('center_axis',(0.,-0.738437627414749,-0.674321785513472));
#5428=DIRECTION('ref_axis',(0.999761018585931,-0.014741385491354,0.0161430254233187));
#5429=DIRECTION('',(6.41811731247552E-18,-0.73843762741475,-0.674321785513471));
#5430=DIRECTION('center_axis',(0.016384131715986,0.0163841317159862,-0.999731524188282));
#5431=DIRECTION('ref_axis',(0.,0.99986573506079,0.0163863312351168));
#5432=DIRECTION('',(-0.0144729383310791,-0.999757096389772,-0.0166217410145868));
#5433=DIRECTION('',(-0.0144729383310791,-0.999757096389772,-0.0166217410145868));
#5434=DIRECTION('',(-0.999761018585931,0.0147413854913442,-0.016143025423308));
#5435=DIRECTION('center_axis',(0.0150066067870994,0.999752340831403,-0.0164334644816105));
#5436=DIRECTION('ref_axis',(-5.42101086242752E-20,0.0164353151878971,0.999864931085531));
#5437=DIRECTION('',(0.0158967754201719,-0.0166717892239124,-0.999734636778838));
#5438=DIRECTION('',(0.0158967754201719,-0.0166717892239124,-0.999734636778838));
#5439=DIRECTION('',(-0.999761018585931,0.0147413854913442,-0.016143025423308));
#5440=DIRECTION('center_axis',(-0.999761018585931,0.0147413854913448,-0.0161430254233087));
#5441=DIRECTION('ref_axis',(-0.0161447797171169,2.71050543121376E-20,0.999869664550278));
#5442=DIRECTION('',(-1.73472347597681E-18,-0.73843762741475,-0.67432178551347));
#5443=DIRECTION('center_axis',(-0.999761018585931,0.0147413854913448,-0.0161430254233087));
#5444=DIRECTION('ref_axis',(-0.0161447797171169,2.71050543121376E-20,0.999869664550278));
#5445=DIRECTION('',(-1.73472347597681E-18,-0.73843762741475,-0.67432178551347));
#5446=DIRECTION('center_axis',(0.0218610547783491,0.674160635139631,-0.738261154546349));
#5447=DIRECTION('ref_axis',(0.,0.73843762741475,0.67432178551347));
#5448=DIRECTION('',(0.999761018585931,0.0147413854913458,0.016143025423308));
#5449=DIRECTION('',(-0.559086490094795,0.559086490094795,0.612245533415283));
#5450=DIRECTION('',(0.999761018585931,0.0147413854913441,0.0161430254233095));
#5451=DIRECTION('center_axis',(0.,-0.738437627414753,0.674321785513467));
#5452=DIRECTION('ref_axis',(0.999761018585931,0.0147413854913446,0.0161430254233086));
#5453=DIRECTION('',(-2.25514051876985E-17,0.73843762741475,-0.67432178551347));
#5454=DIRECTION('center_axis',(0.,-0.738437627414753,0.674321785513467));
#5455=DIRECTION('ref_axis',(0.999761018585931,0.0147413854913414,0.0161430254233051));
#5456=DIRECTION('',(2.25514051876985E-17,-0.73843762741475,0.67432178551347));
#5457=DIRECTION('center_axis',(0.016384131715986,-0.0163841317159863,-0.999731524188282));
#5458=DIRECTION('ref_axis',(0.,0.99986573506079,-0.0163863312351169));
#5459=DIRECTION('',(0.0144729383310792,-0.999757096389772,0.0166217410145869));
#5460=DIRECTION('',(0.0144729383310792,-0.999757096389772,0.0166217410145869));
#5461=DIRECTION('',(-0.999761018585931,-0.0147413854913442,-0.016143025423308));
#5462=DIRECTION('center_axis',(0.0150066067870995,-0.999752340831403,-0.0164334644816131));
#5463=DIRECTION('ref_axis',(5.42101086242752E-20,0.0164353151878997,-0.999864931085531));
#5464=DIRECTION('',(-0.015896775420172,-0.016671789223915,0.999734636778837));
#5465=DIRECTION('',(-0.015896775420172,-0.016671789223915,0.999734636778837));
#5466=DIRECTION('',(-0.999761018585931,-0.0147413854913442,-0.016143025423308));
#5467=DIRECTION('center_axis',(-0.999761018585931,-0.0147413854913449,-0.0161430254233088));
#5468=DIRECTION('ref_axis',(-0.016144779717117,2.71050543121376E-20,0.999869664550278));
#5469=DIRECTION('',(-8.67361737988403E-18,-0.738437627414749,0.674321785513471));
#5470=DIRECTION('center_axis',(-0.999761018585931,-0.0147413854913449,-0.0161430254233088));
#5471=DIRECTION('ref_axis',(-0.016144779717117,2.71050543121376E-20,0.999869664550278));
#5472=DIRECTION('',(-8.67361737988403E-18,-0.738437627414749,0.674321785513471));
#5473=DIRECTION('center_axis',(0.0218610547783491,-0.674160635139631,-0.738261154546348));
#5474=DIRECTION('ref_axis',(0.,0.738437627414749,-0.674321785513471));
#5475=DIRECTION('center_axis',(0.707106781186548,-0.707106781186547,-1.94289029309402E-16));
#5476=DIRECTION('ref_axis',(-0.432922968429122,-0.432922968429122,-0.79066769683163));
#5477=DIRECTION('',(-0.432922968429122,-0.432922968429122,-0.79066769683163));
#5478=DIRECTION('',(0.559086490094795,0.559086490094795,-0.612245533415283));
#5479=DIRECTION('',(-0.432922968429122,-0.432922968429122,-0.79066769683163));
#5480=DIRECTION('',(0.559086490094795,0.559086490094795,-0.612245533415283));
#5481=DIRECTION('center_axis',(-0.432922968429122,-0.432922968429122,-0.79066769683163));
#5482=DIRECTION('ref_axis',(-0.707106781186548,0.707106781186547,8.32667268468868E-17));
#5483=DIRECTION('',(-0.707106781186548,0.707106781186547,5.55111512312578E-17));
#5484=DIRECTION('',(-0.559086490094795,-0.559086490094796,0.612245533415283));
#5485=DIRECTION('',(-0.707106781186548,0.707106781186547,5.55111512312578E-17));
#5486=DIRECTION('',(0.559086490094795,0.559086490094796,-0.612245533415283));
#5487=DIRECTION('center_axis',(-0.707106781186548,0.707106781186547,1.94289029309402E-16));
#5488=DIRECTION('ref_axis',(0.432922968429122,0.432922968429122,0.79066769683163));
#5489=DIRECTION('',(0.432922968429122,0.432922968429122,0.79066769683163));
#5490=DIRECTION('',(-0.559086490094795,-0.559086490094795,0.612245533415283));
#5491=DIRECTION('',(0.432922968429122,0.432922968429122,0.79066769683163));
#5492=DIRECTION('',(0.559086490094795,0.559086490094795,-0.612245533415283));
#5493=DIRECTION('center_axis',(0.559086490094795,0.559086490094795,-0.612245533415284));
#5494=DIRECTION('ref_axis',(-2.77555756156289E-17,0.73843762741475,0.67432178551347));
#5495=DIRECTION('',(0.806122766707642,-0.193877233292358,0.559086490094795));
#5496=DIRECTION('',(0.193877233292361,-0.806122766707642,-0.559086490094793));
#5497=DIRECTION('',(0.707106781186548,-0.707106781186547,-5.55111512312578E-17));
#5498=DIRECTION('center_axis',(0.559086490094795,0.559086490094795,-0.612245533415284));
#5499=DIRECTION('ref_axis',(-2.77555756156289E-17,0.73843762741475,0.67432178551347));
#5500=DIRECTION('',(-0.806122766707642,0.193877233292358,-0.559086490094795));
#5501=DIRECTION('',(0.707106781186548,-0.707106781186547,-5.55111512312578E-17));
#5502=DIRECTION('',(-0.193877233292361,0.806122766707642,0.559086490094793));
#5503=DIRECTION('center_axis',(0.707106781186548,-0.707106781186547,-5.55111512312578E-17));
#5504=DIRECTION('ref_axis',(0.707106781186547,0.707106781186548,0.));
#5505=DIRECTION('center_axis',(0.707106781186548,-0.707106781186547,-5.55111512312578E-17));
#5506=DIRECTION('ref_axis',(-0.707106781186547,-0.707106781186548,5.5063917835071E-13));
#5507=DIRECTION('center_axis',(0.707106781186548,-0.707106781186547,-5.55111512312578E-17));
#5508=DIRECTION('ref_axis',(-0.707106781186547,-0.707106781186548,-5.32933200225402E-14));
#5509=DIRECTION('center_axis',(0.707106781186548,-0.707106781186547,-5.55111512312578E-17));
#5510=DIRECTION('ref_axis',(0.707106781186547,0.707106781186548,0.));
#5511=DIRECTION('center_axis',(-0.707106781186548,0.707106781186547,5.55111512312578E-17));
#5512=DIRECTION('ref_axis',(-0.707106781186547,-0.707106781186548,-2.77333911991762E-32));
#5513=DIRECTION('center_axis',(-0.707106781186548,0.707106781186547,5.55111512312578E-17));
#5514=DIRECTION('ref_axis',(-0.707106781186547,-0.707106781186548,-2.77333911991762E-32));
#5515=DIRECTION('center_axis',(-0.707106781186548,0.707106781186547,5.55111512312578E-17));
#5516=DIRECTION('ref_axis',(0.559086490094792,0.559086490094792,-0.612245533415289));
#5517=DIRECTION('center_axis',(-0.707106781186548,0.707106781186547,5.55111512312578E-17));
#5518=DIRECTION('ref_axis',(0.559086490094811,0.559086490094811,-0.612245533415254));
#5519=DIRECTION('center_axis',(0.,-1.,0.));
#5520=DIRECTION('ref_axis',(-0.73843762741475,0.,-0.674321785513471));
#5521=DIRECTION('',(-0.73843762741475,0.,-0.674321785513471));
#5522=DIRECTION('',(0.674321785513471,0.,-0.73843762741475));
#5523=DIRECTION('',(-0.73843762741475,0.,-0.674321785513471));
#5524=DIRECTION('',(0.674321785513471,0.,-0.73843762741475));
#5525=DIRECTION('center_axis',(-0.73843762741475,0.,-0.674321785513471));
#5526=DIRECTION('ref_axis',(0.,1.,0.));
#5527=DIRECTION('',(0.,1.,0.));
#5528=DIRECTION('',(-0.674321785513471,0.,0.73843762741475));
#5529=DIRECTION('',(0.,1.,0.));
#5530=DIRECTION('',(0.674321785513471,0.,-0.73843762741475));
#5531=DIRECTION('center_axis',(0.,1.,0.));
#5532=DIRECTION('ref_axis',(0.73843762741475,0.,0.674321785513471));
#5533=DIRECTION('',(0.73843762741475,0.,0.674321785513471));
#5534=DIRECTION('',(-0.674321785513471,0.,0.73843762741475));
#5535=DIRECTION('',(0.73843762741475,0.,0.674321785513471));
#5536=DIRECTION('',(0.674321785513471,0.,-0.73843762741475));
#5537=DIRECTION('center_axis',(0.674321785513471,0.,-0.73843762741475));
#5538=DIRECTION('ref_axis',(-0.73843762741475,0.,-0.674321785513471));
#5539=DIRECTION('',(0.522154253828274,-0.707106781186548,0.476817507238395));
#5540=DIRECTION('',(-0.522154253828274,-0.707106781186548,-0.476817507238395));
#5541=DIRECTION('',(0.,-1.,0.));
#5542=DIRECTION('center_axis',(0.674321785513471,0.,-0.73843762741475));
#5543=DIRECTION('ref_axis',(-0.73843762741475,0.,-0.674321785513471));
#5544=DIRECTION('',(-0.522154253828274,0.707106781186548,-0.476817507238395));
#5545=DIRECTION('',(0.,-1.,0.));
#5546=DIRECTION('',(0.522154253828274,0.707106781186548,0.476817507238395));
#5547=DIRECTION('center_axis',(0.,-1.,0.));
#5548=DIRECTION('ref_axis',(0.,0.,-1.));
#5549=DIRECTION('center_axis',(0.,-1.,0.));
#5550=DIRECTION('ref_axis',(0.,0.,1.));
#5551=DIRECTION('center_axis',(0.,-1.,0.));
#5552=DIRECTION('ref_axis',(6.53072367426598E-14,0.,1.));
#5553=DIRECTION('center_axis',(0.,-1.,0.));
#5554=DIRECTION('ref_axis',(0.,0.,-1.));
#5555=DIRECTION('center_axis',(0.,1.,0.));
#5556=DIRECTION('ref_axis',(0.,0.,1.));
#5557=DIRECTION('center_axis',(0.,1.,0.));
#5558=DIRECTION('ref_axis',(0.,0.,1.));
#5559=DIRECTION('center_axis',(0.,1.,0.));
#5560=DIRECTION('ref_axis',(0.674321785513479,0.,-0.738437627414742));
#5561=DIRECTION('center_axis',(0.,1.,0.));
#5562=DIRECTION('ref_axis',(0.674321785513659,0.,-0.738437627414578));
#5563=DIRECTION('center_axis',(-0.707106781186549,-0.707106781186546,-1.08246744900953E-15));
#5564=DIRECTION('ref_axis',(-0.432922968429121,0.432922968429123,-0.79066769683163));
#5565=DIRECTION('',(-0.432922968429121,0.432922968429123,-0.79066769683163));
#5566=DIRECTION('',(0.559086490094795,-0.559086490094796,-0.612245533415283));
#5567=DIRECTION('',(-0.432922968429121,0.432922968429123,-0.79066769683163));
#5568=DIRECTION('',(0.559086490094795,-0.559086490094796,-0.612245533415283));
#5569=DIRECTION('center_axis',(-0.432922968429121,0.432922968429123,-0.790667696831631));
#5570=DIRECTION('ref_axis',(0.707106781186549,0.707106781186547,1.0547118733939E-15));
#5571=DIRECTION('',(0.707106781186549,0.707106781186547,1.11022302462516E-15));
#5572=DIRECTION('',(-0.559086490094795,0.559086490094796,0.612245533415283));
#5573=DIRECTION('',(0.707106781186549,0.707106781186547,1.11022302462516E-15));
#5574=DIRECTION('',(0.559086490094795,-0.559086490094796,-0.612245533415283));
#5575=DIRECTION('center_axis',(0.707106781186549,0.707106781186546,1.08246744900953E-15));
#5576=DIRECTION('ref_axis',(0.432922968429121,-0.432922968429123,0.79066769683163));
#5577=DIRECTION('',(0.432922968429121,-0.432922968429123,0.79066769683163));
#5578=DIRECTION('',(-0.559086490094795,0.559086490094796,0.612245533415283));
#5579=DIRECTION('',(0.432922968429121,-0.432922968429123,0.79066769683163));
#5580=DIRECTION('',(0.559086490094795,-0.559086490094796,-0.612245533415283));
#5581=DIRECTION('center_axis',(0.559086490094795,-0.559086490094796,-0.612245533415283));
#5582=DIRECTION('ref_axis',(2.77555756156289E-17,0.73843762741475,-0.67432178551347));
#5583=DIRECTION('',(-0.193877233292362,-0.806122766707642,0.559086490094793));
#5584=DIRECTION('',(-0.806122766707641,-0.193877233292356,-0.559086490094796));
#5585=DIRECTION('',(-0.707106781186549,-0.707106781186547,-1.11022302462516E-15));
#5586=DIRECTION('center_axis',(0.559086490094795,-0.559086490094796,-0.612245533415283));
#5587=DIRECTION('ref_axis',(2.77555756156289E-17,0.73843762741475,-0.67432178551347));
#5588=DIRECTION('',(0.193877233292362,0.806122766707642,-0.559086490094793));
#5589=DIRECTION('',(-0.707106781186549,-0.707106781186547,-1.11022302462516E-15));
#5590=DIRECTION('',(0.806122766707641,0.193877233292356,0.559086490094796));
#5591=DIRECTION('center_axis',(-0.707106781186549,-0.707106781186547,-1.11022302462516E-15));
#5592=DIRECTION('ref_axis',(0.707106781186547,-0.707106781186549,9.86076131526265E-32));
#5593=DIRECTION('center_axis',(-0.707106781186549,-0.707106781186547,-1.11022302462516E-15));
#5594=DIRECTION('ref_axis',(-0.707106781186546,0.707106781186549,-2.78911008871602E-13));
#5595=DIRECTION('center_axis',(-0.707106781186549,-0.707106781186547,-1.11022302462516E-15));
#5596=DIRECTION('ref_axis',(-0.707106781186546,0.707106781186548,-3.55554535976852E-15));
#5597=DIRECTION('center_axis',(-0.707106781186549,-0.707106781186547,-1.11022302462516E-15));
#5598=DIRECTION('ref_axis',(0.707106781186547,-0.707106781186549,9.86076131526265E-32));
#5599=DIRECTION('center_axis',(0.707106781186549,0.707106781186547,1.11022302462516E-15));
#5600=DIRECTION('ref_axis',(-0.707106781186546,0.707106781186549,1.57772181044202E-30));
#5601=DIRECTION('center_axis',(0.707106781186549,0.707106781186547,1.11022302462516E-15));
#5602=DIRECTION('ref_axis',(-0.707106781186547,0.707106781186549,-4.95996294157711E-29));
#5603=DIRECTION('center_axis',(0.707106781186549,0.707106781186547,1.11022302462516E-15));
#5604=DIRECTION('ref_axis',(0.559086490094784,-0.559086490094785,-0.612245533415304));
#5605=DIRECTION('center_axis',(0.707106781186549,0.707106781186547,1.11022302462516E-15));
#5606=DIRECTION('ref_axis',(0.559086490094669,-0.55908649009467,-0.612245533415513));
#5607=DIRECTION('center_axis',(-0.806122766707641,0.193877233292355,-0.559086490094797));
#5608=DIRECTION('ref_axis',(0.559086490094795,0.559086490094795,-0.612245533415284));
#5609=DIRECTION('center_axis',(0.193877233292358,-0.806122766707642,-0.559086490094796));
#5610=DIRECTION('ref_axis',(0.559086490094795,0.559086490094795,-0.612245533415284));
#5611=DIRECTION('center_axis',(-0.522154253828276,0.707106781186547,-0.476817507238396));
#5612=DIRECTION('ref_axis',(0.67432178551347,2.77555756156289E-17,-0.73843762741475));
#5613=DIRECTION('center_axis',(-0.522154253828276,-0.707106781186547,-0.476817507238396));
#5614=DIRECTION('ref_axis',(0.67432178551347,-2.77555756156289E-17,-0.73843762741475));
#5615=DIRECTION('center_axis',(0.19387723329236,0.806122766707642,-0.559086490094794));
#5616=DIRECTION('ref_axis',(0.559086490094795,-0.559086490094796,-0.612245533415283));
#5617=DIRECTION('center_axis',(-0.806122766707641,-0.193877233292355,-0.559086490094797));
#5618=DIRECTION('ref_axis',(0.559086490094795,-0.559086490094796,-0.612245533415283));
#5619=DIRECTION('axis',(0.,0.,1.));
#5620=DIRECTION('refdir',(1.,0.,0.));
#5621=DIRECTION('center_axis',(0.,1.,0.));
#5622=DIRECTION('ref_axis',(0.0943891662639914,0.,-0.995535376213215));
#5623=DIRECTION('center_axis',(0.,1.,0.));
#5624=DIRECTION('ref_axis',(0.,0.,1.));
#5625=DIRECTION('center_axis',(0.93969262078591,0.342020143325665,1.99675920110195E-14));
#5626=DIRECTION('ref_axis',(0.342020143325665,-0.93969262078591,8.35615250929753E-13));
#5627=DIRECTION('center_axis',(0.,1.,0.));
#5628=DIRECTION('ref_axis',(0.,0.,1.));
#5629=DIRECTION('center_axis',(-0.93969262078591,-0.342020143325664,2.01182006307236E-14));
#5630=DIRECTION('ref_axis',(0.342020143325664,-0.93969262078591,1.08421460596606E-12));
#5631=DIRECTION('center_axis',(0.,1.,0.));
#5632=DIRECTION('ref_axis',(0.,0.,1.));
#5633=DIRECTION('',(0.,0.,-1.));
#5634=DIRECTION('center_axis',(0.,1.,0.));
#5635=DIRECTION('ref_axis',(0.,0.,1.));
#5636=DIRECTION('',(0.,0.,-1.));
#5637=DIRECTION('center_axis',(0.,1.,0.));
#5638=DIRECTION('ref_axis',(0.0620835436441764,0.,-0.998070956199298));
#5639=DIRECTION('center_axis',(-0.939692620785909,-0.342020143325666,0.));
#5640=DIRECTION('ref_axis',(0.342020143325666,-0.939692620785909,0.));
#5641=DIRECTION('center_axis',(0.,1.,0.));
#5642=DIRECTION('ref_axis',(0.,0.,1.));
#5643=DIRECTION('center_axis',(0.93969262078591,0.342020143325663,-4.37559610400891E-14));
#5644=DIRECTION('ref_axis',(0.342020143325663,-0.93969262078591,1.89899775907809E-11));
#5645=DIRECTION('center_axis',(0.,-1.,0.));
#5646=DIRECTION('ref_axis',(0.,0.,-1.));
#5647=DIRECTION('',(0.,0.,-1.));
#5648=DIRECTION('',(0.,0.,-1.));
#5649=DIRECTION('center_axis',(0.939692620785909,0.342020143325666,0.));
#5650=DIRECTION('ref_axis',(-0.342020143325666,0.939692620785909,0.));
#5651=DIRECTION('center_axis',(-0.939692620785909,-0.342020143325666,0.));
#5652=DIRECTION('ref_axis',(0.342020143325666,-0.93969262078591,0.));
#5653=DIRECTION('axis',(0.,0.,1.));
#5654=DIRECTION('refdir',(1.,0.,0.));
#5655=DIRECTION('center_axis',(-1.,0.,0.));
#5656=DIRECTION('ref_axis',(0.,0.,1.));
#5657=DIRECTION('center_axis',(-1.,0.,0.));
#5658=DIRECTION('ref_axis',(0.,0.,1.));
#5659=DIRECTION('',(1.,0.,0.));
#5660=DIRECTION('center_axis',(-1.,0.,0.));
#5661=DIRECTION('ref_axis',(0.,0.,1.));
#5662=DIRECTION('center_axis',(-1.,0.,0.));
#5663=DIRECTION('ref_axis',(0.,0.,1.));
#5664=DIRECTION('center_axis',(-1.,0.,0.));
#5665=DIRECTION('ref_axis',(0.,0.,1.));
#5666=DIRECTION('',(-1.,0.,0.));
#5667=DIRECTION('center_axis',(-1.,0.,0.));
#5668=DIRECTION('ref_axis',(0.,0.,1.));
#5669=DIRECTION('center_axis',(-1.,0.,0.));
#5670=DIRECTION('ref_axis',(0.,0.,1.));
#5671=DIRECTION('center_axis',(1.,0.,0.));
#5672=DIRECTION('ref_axis',(0.,0.,-1.));
#5673=DIRECTION('axis',(0.,0.,1.));
#5674=DIRECTION('refdir',(1.,0.,0.));
#5675=DIRECTION('center_axis',(0.,0.,1.));
#5676=DIRECTION('ref_axis',(1.,0.,0.));
#5677=DIRECTION('center_axis',(0.,0.,1.));
#5678=DIRECTION('ref_axis',(-1.,0.,0.));
#5679=DIRECTION('',(0.,0.,1.));
#5680=DIRECTION('center_axis',(0.,0.,1.));
#5681=DIRECTION('ref_axis',(1.,0.,0.));
#5682=DIRECTION('center_axis',(0.,0.,1.));
#5683=DIRECTION('ref_axis',(1.,0.,0.));
#5684=DIRECTION('center_axis',(0.,0.,-1.));
#5685=DIRECTION('ref_axis',(-1.,0.,0.));
#5686=DIRECTION('center_axis',(0.,0.,1.));
#5687=DIRECTION('ref_axis',(-1.,0.,0.));
#5688=DIRECTION('',(0.819152044288994,-1.00317192905353E-16,-0.573576436351043));
#5689=DIRECTION('center_axis',(0.,0.,1.));
#5690=DIRECTION('ref_axis',(-1.,0.,0.));
#5691=DIRECTION('center_axis',(0.,0.,1.));
#5692=DIRECTION('ref_axis',(1.,0.,0.));
#5693=DIRECTION('center_axis',(0.,0.,-1.));
#5694=DIRECTION('ref_axis',(1.,0.,0.));
#5695=DIRECTION('',(-0.819152044288988,-1.00317192905352E-16,0.573576436351051));
#5696=DIRECTION('center_axis',(0.,0.,1.));
#5697=DIRECTION('ref_axis',(1.,0.,0.));
#5698=DIRECTION('center_axis',(0.,0.,1.));
#5699=DIRECTION('ref_axis',(1.,0.,0.));
#5700=DIRECTION('',(0.,0.,1.));
#5701=DIRECTION('center_axis',(-0.500000000000003,0.866025403784437,0.));
#5702=DIRECTION('ref_axis',(-0.866025403784437,-0.500000000000003,0.));
#5703=DIRECTION('',(0.,0.,1.));
#5704=DIRECTION('',(0.,0.,1.));
#5705=DIRECTION('center_axis',(0.500000000000002,0.866025403784437,0.));
#5706=DIRECTION('ref_axis',(-0.866025403784437,0.500000000000002,0.));
#5707=DIRECTION('',(0.,0.,1.));
#5708=DIRECTION('center_axis',(-1.,0.,0.));
#5709=DIRECTION('ref_axis',(0.,0.,1.));
#5710=DIRECTION('',(0.,0.,1.));
#5711=DIRECTION('center_axis',(0.500000000000003,-0.866025403784437,0.));
#5712=DIRECTION('ref_axis',(0.866025403784437,0.500000000000003,0.));
#5713=DIRECTION('',(0.,0.,1.));
#5714=DIRECTION('center_axis',(-0.500000000000002,-0.866025403784438,0.));
#5715=DIRECTION('ref_axis',(0.866025403784438,-0.500000000000002,0.));
#5716=DIRECTION('',(0.,0.,1.));
#5717=DIRECTION('center_axis',(-1.,0.,0.));
#5718=DIRECTION('ref_axis',(0.,0.,1.));
#5719=DIRECTION('center_axis',(0.,0.,-1.));
#5720=DIRECTION('ref_axis',(-1.,0.,0.));
#5721=DIRECTION('center_axis',(0.,0.,-1.));
#5722=DIRECTION('ref_axis',(-1.,0.,0.));
#5723=DIRECTION('center_axis',(0.,0.,-1.));
#5724=DIRECTION('ref_axis',(-1.,0.,0.));
#5725=DIRECTION('center_axis',(0.,0.,-1.));
#5726=DIRECTION('ref_axis',(-1.,0.,0.));
#5727=DIRECTION('center_axis',(0.,0.,-1.));
#5728=DIRECTION('ref_axis',(-1.,0.,0.));
#5729=DIRECTION('center_axis',(0.,0.,1.));
#5730=DIRECTION('ref_axis',(1.,0.,0.));
#5731=DIRECTION('center_axis',(0.,0.,-1.));
#5732=DIRECTION('ref_axis',(-1.,0.,0.));
#5733=DIRECTION('center_axis',(0.,0.,-1.));
#5734=DIRECTION('ref_axis',(-1.,0.,0.));
#5735=DIRECTION('center_axis',(0.,0.,1.));
#5736=DIRECTION('ref_axis',(-1.,0.,0.));
#5737=DIRECTION('center_axis',(0.,0.,1.));
#5738=DIRECTION('ref_axis',(-1.,-3.5527136788005E-15,0.));
#5739=DIRECTION('center_axis',(0.,0.,1.));
#5740=DIRECTION('ref_axis',(-1.,1.77635683940025E-15,0.));
#5741=DIRECTION('center_axis',(0.,0.,1.));
#5742=DIRECTION('ref_axis',(1.,0.,0.));
#5743=DIRECTION('center_axis',(0.,0.,1.));
#5744=DIRECTION('ref_axis',(-1.,1.77635683940025E-15,0.));
#5745=DIRECTION('center_axis',(0.,0.,1.));
#5746=DIRECTION('ref_axis',(-1.,0.,0.));
#5747=DIRECTION('center_axis',(0.,0.,1.));
#5748=DIRECTION('ref_axis',(1.,0.,0.));
#5749=DIRECTION('center_axis',(0.,0.,1.));
#5750=DIRECTION('ref_axis',(1.,0.,0.));
#5751=DIRECTION('center_axis',(0.,0.,1.));
#5752=DIRECTION('ref_axis',(1.,0.,0.));
#5753=DIRECTION('center_axis',(0.,0.,1.));
#5754=DIRECTION('ref_axis',(1.,0.,0.));
#5755=DIRECTION('center_axis',(0.,0.,1.));
#5756=DIRECTION('ref_axis',(1.,0.,0.));
#5757=DIRECTION('center_axis',(0.,0.,1.));
#5758=DIRECTION('ref_axis',(1.,0.,0.));
#5759=DIRECTION('center_axis',(0.,0.,-1.));
#5760=DIRECTION('ref_axis',(-1.,0.,0.));
#5761=DIRECTION('center_axis',(0.,0.,-1.));
#5762=DIRECTION('ref_axis',(-1.,0.,0.));
#5763=DIRECTION('center_axis',(0.,0.,-1.));
#5764=DIRECTION('ref_axis',(-1.,0.,0.));
#5765=DIRECTION('center_axis',(0.,0.,-1.));
#5766=DIRECTION('ref_axis',(-1.,0.,0.));
#5767=DIRECTION('center_axis',(0.,0.,-1.));
#5768=DIRECTION('ref_axis',(-1.,0.,0.));
#5769=DIRECTION('center_axis',(0.,0.,-1.));
#5770=DIRECTION('ref_axis',(-1.,0.,0.));
#5771=DIRECTION('axis',(0.,0.,1.));
#5772=DIRECTION('refdir',(1.,0.,0.));
#5773=DIRECTION('center_axis',(-1.,0.,0.));
#5774=DIRECTION('ref_axis',(0.,0.,1.));
#5775=DIRECTION('',(-0.309016994374941,-1.16470831848909E-16,-0.951056516295156));
#5776=DIRECTION('center_axis',(-1.,0.,0.));
#5777=DIRECTION('ref_axis',(0.,0.,1.));
#5778=DIRECTION('center_axis',(-1.,0.,0.));
#5779=DIRECTION('ref_axis',(0.,0.,1.));
#5780=DIRECTION('center_axis',(-1.,0.,0.));
#5781=DIRECTION('ref_axis',(0.,0.,1.));
#5782=DIRECTION('center_axis',(-1.,0.,0.));
#5783=DIRECTION('ref_axis',(0.,0.,1.));
#5784=DIRECTION('center_axis',(-1.,0.,0.));
#5785=DIRECTION('ref_axis',(0.,0.,1.));
#5786=DIRECTION('center_axis',(-1.,0.,0.));
#5787=DIRECTION('ref_axis',(0.,0.,1.));
#5788=DIRECTION('center_axis',(-1.,0.,0.));
#5789=DIRECTION('ref_axis',(0.,0.,1.));
#5790=DIRECTION('center_axis',(-1.,0.,0.));
#5791=DIRECTION('ref_axis',(0.,0.,1.));
#5792=DIRECTION('center_axis',(-1.,0.,0.));
#5793=DIRECTION('ref_axis',(0.,0.,1.));
#5794=DIRECTION('center_axis',(-1.,0.,0.));
#5795=DIRECTION('ref_axis',(0.,0.,1.));
#5796=DIRECTION('center_axis',(-1.,0.,0.));
#5797=DIRECTION('ref_axis',(0.,0.,1.));
#5798=DIRECTION('center_axis',(-1.,0.,0.));
#5799=DIRECTION('ref_axis',(0.,0.,1.));
#5800=DIRECTION('center_axis',(-1.,0.,0.));
#5801=DIRECTION('ref_axis',(0.,0.,1.));
#5802=DIRECTION('center_axis',(-1.,0.,0.));
#5803=DIRECTION('ref_axis',(0.,0.,1.));
#5804=DIRECTION('center_axis',(-1.,0.,0.));
#5805=DIRECTION('ref_axis',(0.,0.,1.));
#5806=DIRECTION('center_axis',(-1.,0.,0.));
#5807=DIRECTION('ref_axis',(0.,0.,1.));
#5808=DIRECTION('center_axis',(-1.,0.,0.));
#5809=DIRECTION('ref_axis',(0.,0.,1.));
#5810=DIRECTION('center_axis',(-1.,0.,0.));
#5811=DIRECTION('ref_axis',(0.,0.,1.));
#5812=DIRECTION('center_axis',(-0.446197753347448,7.8402197568065E-15,-0.894934391398437));
#5813=DIRECTION('ref_axis',(0.894934391398437,-1.2425839497644E-12,-0.446197753347448));
#5814=DIRECTION('center_axis',(-1.,0.,0.));
#5815=DIRECTION('ref_axis',(0.,0.,1.));
#5816=DIRECTION('center_axis',(-1.,0.,0.));
#5817=DIRECTION('ref_axis',(0.,0.,1.));
#5818=DIRECTION('center_axis',(0.,1.,-1.22464679914735E-16));
#5819=DIRECTION('ref_axis',(0.,-1.22464679914735E-16,-1.));
#5820=DIRECTION('center_axis',(1.,0.,0.));
#5821=DIRECTION('ref_axis',(0.,0.,1.));
#5822=DIRECTION('center_axis',(-1.,0.,0.));
#5823=DIRECTION('ref_axis',(0.,0.,1.));
#5824=DIRECTION('center_axis',(-1.,0.,0.));
#5825=DIRECTION('ref_axis',(0.,0.,1.));
#5826=DIRECTION('center_axis',(0.,-1.,1.22464679914735E-16));
#5827=DIRECTION('ref_axis',(0.,-1.22464679914735E-16,-1.));
#5828=DIRECTION('center_axis',(-1.,0.,0.));
#5829=DIRECTION('ref_axis',(0.,0.,1.));
#5830=DIRECTION('center_axis',(-1.,0.,0.));
#5831=DIRECTION('ref_axis',(0.,0.,1.));
#5832=DIRECTION('',(1.,0.,0.));
#5833=DIRECTION('center_axis',(-1.,0.,0.));
#5834=DIRECTION('ref_axis',(0.,0.,1.));
#5835=DIRECTION('center_axis',(-1.,0.,0.));
#5836=DIRECTION('ref_axis',(0.,0.,1.));
#5837=DIRECTION('',(1.,0.,0.));
#5838=DIRECTION('center_axis',(-1.,0.,0.));
#5839=DIRECTION('ref_axis',(0.,0.,1.));
#5840=DIRECTION('center_axis',(0.,6.12323399573676E-17,-1.));
#5841=DIRECTION('ref_axis',(0.,1.,0.));
#5842=DIRECTION('center_axis',(0.446197753347436,0.894934391398443,0.));
#5843=DIRECTION('ref_axis',(-0.894934391398443,0.446197753347436,0.));
#5844=DIRECTION('center_axis',(4.70489222896738E-17,1.54157131018989E-16,
-1.));
#5845=DIRECTION('ref_axis',(-9.18167158560135E-35,1.,1.54157131018989E-16));
#5846=DIRECTION('center_axis',(-1.,0.,0.));
#5847=DIRECTION('ref_axis',(0.,0.,-1.));
#5848=DIRECTION('center_axis',(-3.09772049281573E-17,-1.,-3.49148133884313E-15));
#5849=DIRECTION('ref_axis',(5.03075623761132E-35,3.49148133884313E-15,-1.));
#5850=DIRECTION('center_axis',(0.446197753347436,-3.1246467270566E-15,0.894934391398443));
#5851=DIRECTION('ref_axis',(0.894934391398442,-5.91645678915759E-31,-0.446197753347436));
#5852=DIRECTION('center_axis',(4.70489222896738E-17,1.,3.64563846986212E-15));
#5853=DIRECTION('ref_axis',(-1.68225048961155E-34,-3.64563846986212E-15,
1.));
#5854=DIRECTION('center_axis',(-1.,0.,0.));
#5855=DIRECTION('ref_axis',(0.,-1.77635683940025E-15,-1.));
#5856=DIRECTION('center_axis',(4.70489222896738E-17,1.54157131018989E-16,
-1.));
#5857=DIRECTION('ref_axis',(-9.18167158560135E-35,1.,1.54157131018989E-16));
#5858=DIRECTION('center_axis',(0.446197753347436,-0.894934391398443,0.));
#5859=DIRECTION('ref_axis',(0.894934391398443,0.446197753347436,0.));
#5860=DIRECTION('center_axis',(-3.09772049281573E-17,0.,1.));
#5861=DIRECTION('ref_axis',(1.,0.,3.09772049281573E-17));
#5862=DIRECTION('center_axis',(-1.,0.,0.));
#5863=DIRECTION('ref_axis',(0.,0.,-1.));
#5864=DIRECTION('center_axis',(4.70489222896738E-17,1.,3.64563846986212E-15));
#5865=DIRECTION('ref_axis',(-1.68225048961155E-34,-3.64563846986212E-15,
1.));
#5866=DIRECTION('center_axis',(0.446197753347436,3.1246467270566E-15,-0.894934391398443));
#5867=DIRECTION('ref_axis',(-0.894934391398443,-1.97215226305253E-31,-0.446197753347436));
#5868=DIRECTION('center_axis',(-3.09772049281573E-17,-1.,-3.49148133884313E-15));
#5869=DIRECTION('ref_axis',(5.03075623761132E-35,3.49148133884313E-15,-1.));
#5870=DIRECTION('center_axis',(-1.,0.,0.));
#5871=DIRECTION('ref_axis',(0.,-8.88178419700125E-15,-1.));
#5872=DIRECTION('center_axis',(-3.09772049281573E-17,0.,1.));
#5873=DIRECTION('ref_axis',(1.,0.,3.09772049281573E-17));
#5874=DIRECTION('center_axis',(-3.09772049281573E-17,0.,1.));
#5875=DIRECTION('ref_axis',(1.,0.,3.09772049281573E-17));
#5876=DIRECTION('',(0.,1.,0.));
#5877=DIRECTION('',(0.894934391398442,-0.446197753347436,2.77225660396053E-17));
#5878=DIRECTION('center_axis',(-3.09772049281573E-17,0.,1.));
#5879=DIRECTION('ref_axis',(1.,0.,3.09772049281573E-17));
#5880=DIRECTION('',(0.,1.,0.));
#5881=DIRECTION('',(0.894934391398442,0.446197753347436,2.77225660396053E-17));
#5882=DIRECTION('center_axis',(4.70489222896738E-17,1.54157131018989E-16,
-1.));
#5883=DIRECTION('ref_axis',(0.,1.,1.54157131018989E-16));
#5884=DIRECTION('',(0.,-1.,-1.54157131018989E-16));
#5885=DIRECTION('',(0.894934391398442,-0.446197753347436,2.77225660396053E-17));
#5886=DIRECTION('center_axis',(4.70489222896738E-17,1.54157131018989E-16,
-1.));
#5887=DIRECTION('ref_axis',(0.,1.,1.54157131018989E-16));
#5888=DIRECTION('',(0.,-1.,-1.54157131018989E-16));
#5889=DIRECTION('',(0.894934391398443,0.446197753347436,1.10890264158421E-16));
#5890=DIRECTION('center_axis',(0.446197753347436,0.894934391398443,0.));
#5891=DIRECTION('ref_axis',(-0.894934391398443,0.446197753347436,0.));
#5892=DIRECTION('center_axis',(-0.446197753347433,-0.894934391398444,0.));
#5893=DIRECTION('ref_axis',(0.894934391398444,-0.446197753347433,6.54085398985359E-15));
#5894=DIRECTION('',(0.,0.,-1.));
#5895=DIRECTION('',(0.,0.,-1.));
#5896=DIRECTION('center_axis',(0.446197753347436,-0.894934391398443,0.));
#5897=DIRECTION('ref_axis',(0.894934391398443,0.446197753347436,0.));
#5898=DIRECTION('center_axis',(-0.446197753347436,0.894934391398443,3.53275502206315E-16));
#5899=DIRECTION('ref_axis',(0.894934391398443,0.446197753347436,7.95344695917439E-15));
#5900=DIRECTION('',(0.,-2.93027614185272E-16,1.));
#5901=DIRECTION('',(0.,-2.93027614185272E-16,1.));
#5902=DIRECTION('center_axis',(-1.,0.,0.));
#5903=DIRECTION('ref_axis',(0.,0.,1.));
#5904=DIRECTION('',(0.,1.,3.49148133884313E-15));
#5905=DIRECTION('',(0.,3.64563846986212E-15,-1.));
#5906=DIRECTION('center_axis',(-1.,0.,0.));
#5907=DIRECTION('ref_axis',(0.,0.,1.));
#5908=DIRECTION('center_axis',(-1.,0.,0.));
#5909=DIRECTION('ref_axis',(0.,0.,1.));
#5910=DIRECTION('center_axis',(-1.,0.,0.));
#5911=DIRECTION('ref_axis',(0.,0.,1.));
#5912=DIRECTION('',(0.,3.64563846986212E-15,-1.));
#5913=DIRECTION('',(0.,-1.,-3.78450895302841E-15));
#5914=DIRECTION('center_axis',(-1.,0.,0.));
#5915=DIRECTION('ref_axis',(0.,0.,1.));
#5916=DIRECTION('',(0.,-1.,-3.78450895302841E-15));
#5917=DIRECTION('',(0.,-3.49148133884313E-15,1.));
#5918=DIRECTION('center_axis',(-1.,0.,0.));
#5919=DIRECTION('ref_axis',(0.,0.,1.));
#5920=DIRECTION('center_axis',(-1.,0.,0.));
#5921=DIRECTION('ref_axis',(0.,0.,1.));
#5922=DIRECTION('center_axis',(-3.09772049281573E-17,-1.,-3.49148133884313E-15));
#5923=DIRECTION('ref_axis',(1.,-3.09772049281573E-17,-1.08156332936181E-31));
#5924=DIRECTION('',(0.,-3.49148133884313E-15,1.));
#5925=DIRECTION('',(0.894934391398442,1.5301685632067E-15,-0.446197753347436));
#5926=DIRECTION('center_axis',(4.70489222896738E-17,1.,3.64563846986212E-15));
#5927=DIRECTION('ref_axis',(0.,-3.64563846986212E-15,1.));
#5928=DIRECTION('',(0.894934391398442,1.5301685632067E-15,-0.446197753347436));
#5929=DIRECTION('center_axis',(0.446197753347436,-3.1246467270566E-15,0.894934391398443));
#5930=DIRECTION('ref_axis',(-0.894934391398443,-1.5578911292463E-15,0.446197753347436));
#5931=DIRECTION('',(0.,1.,3.49148133884313E-15));
#5932=DIRECTION('center_axis',(0.446197753347436,3.1246467270566E-15,-0.894934391398443));
#5933=DIRECTION('ref_axis',(0.894934391398443,-1.5578911292463E-15,0.446197753347436));
#5934=DIRECTION('center_axis',(-0.446197753347438,-3.00284176875363E-15,
0.894934391398441));
#5935=DIRECTION('ref_axis',(0.894934391398441,6.73763773561919E-15,0.446197753347438));
#5936=DIRECTION('',(0.894934391398442,-1.58561369528591E-15,0.446197753347436));
#5937=DIRECTION('',(0.894934391398443,-1.66878139340472E-15,0.446197753347436));
#5938=DIRECTION('center_axis',(-3.09772049281573E-17,-1.,-3.49148133884313E-15));
#5939=DIRECTION('ref_axis',(1.,-3.09772049281573E-17,-1.08156332936181E-31));
#5940=DIRECTION('center_axis',(4.70489222896738E-17,1.,3.64563846986212E-15));
#5941=DIRECTION('ref_axis',(0.,-3.64563846986212E-15,1.));
#5942=DIRECTION('center_axis',(-1.,0.,0.));
#5943=DIRECTION('ref_axis',(0.,0.,1.));
#5944=DIRECTION('center_axis',(1.,0.,0.));
#5945=DIRECTION('ref_axis',(0.,0.,-1.));
#5946=DIRECTION('center_axis',(-1.,0.,0.));
#5947=DIRECTION('ref_axis',(0.,0.,1.));
#5948=DIRECTION('center_axis',(-1.,0.,0.));
#5949=DIRECTION('ref_axis',(0.,0.,1.));
#5950=DIRECTION('center_axis',(-1.,0.,0.));
#5951=DIRECTION('ref_axis',(0.,0.,1.));
#5952=DIRECTION('center_axis',(-1.,0.,0.));
#5953=DIRECTION('ref_axis',(0.,0.,1.));
#5954=DIRECTION('center_axis',(-1.,0.,0.));
#5955=DIRECTION('ref_axis',(0.,3.67517835871524E-15,-1.));
#5956=DIRECTION('center_axis',(-1.,0.,0.));
#5957=DIRECTION('ref_axis',(0.,0.,1.));
#5958=DIRECTION('center_axis',(-1.,0.,0.));
#5959=DIRECTION('ref_axis',(0.,0.,1.));
#5960=DIRECTION('center_axis',(-1.,0.,0.));
#5961=DIRECTION('ref_axis',(0.,0.,1.));
#5962=DIRECTION('',(0.,0.,1.));
#5963=DIRECTION('',(1.,0.,0.));
#5964=DIRECTION('',(-1.37762895426728E-15,-8.28303950482062E-30,1.));
#5965=DIRECTION('',(-1.,1.17961196366419E-16,-1.37762895426728E-15));
#5966=DIRECTION('',(2.69229083471601E-15,0.222353050676121,0.97496621523775));
#5967=DIRECTION('',(-1.,-2.17587637173834E-16,2.81104315903161E-15));
#5968=DIRECTION('',(-1.,-1.05040901463439E-16,2.70494818091295E-15));
#5969=DIRECTION('',(1.94268466875535E-15,0.66802593139847,0.744137994581117));
#5970=DIRECTION('',(0.,0.,1.));
#5971=DIRECTION('',(1.,0.,0.));
#5972=DIRECTION('',(7.3938660097527E-16,0.929123360739173,0.369769902140161));
#5973=DIRECTION('',(2.76167977375508E-15,-0.369769902140161,0.929123360739173));
#5974=DIRECTION('',(0.,0.,1.));
#5975=DIRECTION('',(1.,0.,0.));
#5976=DIRECTION('',(0.,0.,1.));
#5977=DIRECTION('',(1.,0.,0.));
#5978=DIRECTION('',(0.,0.,1.));
#5979=DIRECTION('',(1.,0.,0.));
#5980=DIRECTION('',(0.,0.,1.));
#5981=DIRECTION('',(1.,0.,0.));
#5982=DIRECTION('',(0.,0.,1.));
#5983=DIRECTION('',(1.,0.,0.));
#5984=DIRECTION('',(0.,0.,1.));
#5985=DIRECTION('',(1.,0.,0.));
#5986=DIRECTION('',(7.3938660097527E-16,0.929123360739173,0.369769902140161));
#5987=DIRECTION('',(2.76167977375508E-15,-0.369769902140161,0.929123360739173));
#5988=DIRECTION('',(7.3938660097527E-16,0.929123360739173,0.369769902140161));
#5989=DIRECTION('',(2.76167977375508E-15,-0.369769902140161,0.929123360739173));
#5990=DIRECTION('',(7.3938660097527E-16,0.929123360739173,0.369769902140161));
#5991=DIRECTION('',(2.76167977375508E-15,-0.369769902140161,0.929123360739173));
#5992=DIRECTION('',(7.3938660097527E-16,0.929123360739173,0.369769902140161));
#5993=DIRECTION('',(2.76167977375508E-15,-0.369769902140161,0.929123360739173));
#5994=DIRECTION('',(0.,0.,1.));
#5995=DIRECTION('',(1.,0.,0.));
#5996=DIRECTION('',(0.,0.,1.));
#5997=DIRECTION('',(1.,0.,0.));
#5998=DIRECTION('',(0.,0.,1.));
#5999=DIRECTION('',(1.,0.,0.));
#6000=DIRECTION('',(0.,0.,1.));
#6001=DIRECTION('',(1.,0.,0.));
#6002=DIRECTION('',(-1.,-1.05040901463439E-16,2.70494818091295E-15));
#6003=DIRECTION('',(1.94268466875535E-15,0.66802593139847,0.744137994581117));
#6004=DIRECTION('',(-1.,-1.05040901463439E-16,2.70494818091295E-15));
#6005=DIRECTION('',(1.94268466875535E-15,0.66802593139847,0.744137994581117));
#6006=DIRECTION('',(-1.,-1.05040901463439E-16,2.70494818091295E-15));
#6007=DIRECTION('',(1.94268466875535E-15,0.66802593139847,0.744137994581117));
#6008=DIRECTION('',(-1.,-1.05040901463439E-16,2.70494818091295E-15));
#6009=DIRECTION('',(1.94268466875535E-15,0.66802593139847,0.744137994581117));
#6010=DIRECTION('',(2.69229083471601E-15,0.222353050676121,0.97496621523775));
#6011=DIRECTION('',(-1.,-2.17587637173834E-16,2.81104315903161E-15));
#6012=DIRECTION('',(2.69229083471601E-15,0.222353050676121,0.97496621523775));
#6013=DIRECTION('',(-1.,-2.17587637173834E-16,2.81104315903161E-15));
#6014=DIRECTION('',(2.69229083471601E-15,0.222353050676121,0.97496621523775));
#6015=DIRECTION('',(-1.,-2.17587637173834E-16,2.81104315903161E-15));
#6016=DIRECTION('',(2.69229083471601E-15,0.222353050676121,0.97496621523775));
#6017=DIRECTION('',(-1.,-2.17587637173834E-16,2.81104315903161E-15));
#6018=DIRECTION('',(2.76976706293113E-15,-0.222353050676121,-0.97496621523775));
#6019=DIRECTION('',(1.,-2.00360561475321E-16,2.88657986402541E-15));
#6020=DIRECTION('',(-1.,1.05040901463439E-16,-2.70494818091295E-15));
#6021=DIRECTION('',(-1.94268466875535E-15,0.66802593139847,0.744137994581117));
#6022=DIRECTION('',(0.,0.,-1.));
#6023=DIRECTION('',(-1.,0.,0.));
#6024=DIRECTION('',(-7.3938660097527E-16,0.929123360739173,0.369769902140161));
#6025=DIRECTION('',(2.76167977375508E-15,0.369769902140161,-0.929123360739173));
#6026=DIRECTION('',(0.,0.,-1.));
#6027=DIRECTION('',(-1.,0.,0.));
#6028=DIRECTION('',(0.,0.,-1.));
#6029=DIRECTION('',(-1.,0.,0.));
#6030=DIRECTION('',(0.,0.,-1.));
#6031=DIRECTION('',(-1.,0.,0.));
#6032=DIRECTION('',(0.,0.,-1.));
#6033=DIRECTION('',(-1.,0.,0.));
#6034=DIRECTION('',(0.,0.,-1.));
#6035=DIRECTION('',(-1.,0.,0.));
#6036=DIRECTION('',(-7.3938660097527E-16,0.929123360739173,0.369769902140161));
#6037=DIRECTION('',(2.76167977375508E-15,0.369769902140161,-0.929123360739173));
#6038=DIRECTION('',(-7.3938660097527E-16,0.929123360739173,0.369769902140161));
#6039=DIRECTION('',(2.76167977375508E-15,0.369769902140161,-0.929123360739173));
#6040=DIRECTION('',(-7.3938660097527E-16,0.929123360739173,0.369769902140161));
#6041=DIRECTION('',(2.76167977375508E-15,0.369769902140161,-0.929123360739173));
#6042=DIRECTION('',(-7.3938660097527E-16,0.929123360739173,0.369769902140161));
#6043=DIRECTION('',(2.76167977375508E-15,0.369769902140161,-0.929123360739173));
#6044=DIRECTION('',(0.,0.,-1.));
#6045=DIRECTION('',(-1.,0.,0.));
#6046=DIRECTION('',(0.,0.,-1.));
#6047=DIRECTION('',(-1.,0.,0.));
#6048=DIRECTION('',(0.,0.,-1.));
#6049=DIRECTION('',(-1.,0.,0.));
#6050=DIRECTION('',(0.,0.,-1.));
#6051=DIRECTION('',(-1.,0.,0.));
#6052=DIRECTION('',(-1.,1.05040901463439E-16,-2.70494818091295E-15));
#6053=DIRECTION('',(-1.94268466875535E-15,0.66802593139847,0.744137994581117));
#6054=DIRECTION('',(-1.,1.05040901463439E-16,-2.70494818091295E-15));
#6055=DIRECTION('',(-1.94268466875535E-15,0.66802593139847,0.744137994581117));
#6056=DIRECTION('',(-1.,1.05040901463439E-16,-2.70494818091295E-15));
#6057=DIRECTION('',(-1.94268466875535E-15,0.66802593139847,0.744137994581117));
#6058=DIRECTION('',(-1.,1.05040901463439E-16,-2.70494818091295E-15));
#6059=DIRECTION('',(-1.94268466875535E-15,0.66802593139847,0.744137994581117));
#6060=DIRECTION('',(2.76976706293113E-15,-0.222353050676121,-0.97496621523775));
#6061=DIRECTION('',(1.,-2.00360561475321E-16,2.88657986402541E-15));
#6062=DIRECTION('',(2.76976706293113E-15,-0.222353050676121,-0.97496621523775));
#6063=DIRECTION('',(1.,-2.00360561475321E-16,2.88657986402541E-15));
#6064=DIRECTION('',(2.76976706293113E-15,-0.222353050676121,-0.97496621523775));
#6065=DIRECTION('',(1.,-2.00360561475321E-16,2.88657986402541E-15));
#6066=DIRECTION('',(2.76976706293113E-15,-0.222353050676121,-0.97496621523775));
#6067=DIRECTION('',(1.,-2.00360561475321E-16,2.88657986402541E-15));
#6068=CARTESIAN_POINT('',(0.,0.,0.));
#6069=CARTESIAN_POINT('',(0.,0.,0.));
#6070=CARTESIAN_POINT('Origin',(95.,-150.,61.8));
#6071=CARTESIAN_POINT('',(90.5,-150.,61.));
#6072=CARTESIAN_POINT('Origin',(95.,-150.,61.));
#6073=CARTESIAN_POINT('',(90.5,-150.,61.8));
#6074=CARTESIAN_POINT('',(90.5,-150.,61.8));
#6075=CARTESIAN_POINT('Origin',(95.,-150.,61.8));
#6076=CARTESIAN_POINT('Origin',(-95.,-150.,61.8));
#6077=CARTESIAN_POINT('',(-99.5,-150.,61.));
#6078=CARTESIAN_POINT('Origin',(-95.,-150.,61.));
#6079=CARTESIAN_POINT('',(-99.5,-150.,61.8));
#6080=CARTESIAN_POINT('',(-99.5,-150.,61.8));
#6081=CARTESIAN_POINT('Origin',(-95.,-150.,61.8));
#6082=CARTESIAN_POINT('Origin',(95.,150.,61.8));
#6083=CARTESIAN_POINT('',(90.5,150.,61.));
#6084=CARTESIAN_POINT('Origin',(95.,150.,61.));
#6085=CARTESIAN_POINT('',(90.5,150.,61.8));
#6086=CARTESIAN_POINT('',(90.5,150.,61.8));
#6087=CARTESIAN_POINT('Origin',(95.,150.,61.8));
#6088=CARTESIAN_POINT('Origin',(-95.,150.,61.8));
#6089=CARTESIAN_POINT('',(-99.5,150.,61.));
#6090=CARTESIAN_POINT('Origin',(-95.,150.,61.));
#6091=CARTESIAN_POINT('',(-99.5,150.,61.8));
#6092=CARTESIAN_POINT('',(-99.5,150.,61.8));
#6093=CARTESIAN_POINT('Origin',(-95.,150.,61.8));
#6094=CARTESIAN_POINT('Origin',(-315.35,248.997397642689,22.0000000000019));
#6095=CARTESIAN_POINT('',(-314.55,248.997397642689,20.4000000000021));
#6096=CARTESIAN_POINT('Origin',(-314.55,248.997397642689,22.0000000000019));
#6097=CARTESIAN_POINT('',(-315.35,248.997397642689,20.4000000000021));
#6098=CARTESIAN_POINT('',(-315.35,248.997397642689,20.4000000000021));
#6099=CARTESIAN_POINT('Origin',(-315.35,248.997397642689,22.0000000000019));
#6100=CARTESIAN_POINT('Origin',(-315.35,248.997397642689,22.0000000000019));
#6101=CARTESIAN_POINT('',(315.35,248.997397642689,20.4000000000003));
#6102=CARTESIAN_POINT('Origin',(315.35,248.997397642689,22.0000000000001));
#6103=CARTESIAN_POINT('',(314.55,248.997397642689,20.4000000000003));
#6104=CARTESIAN_POINT('',(-315.35,248.997397642689,20.4000000000021));
#6105=CARTESIAN_POINT('Origin',(314.55,248.997397642689,22.0000000000001));
#6106=CARTESIAN_POINT('Origin',(-315.35,149.999999999964,51.9999999999935));
#6107=CARTESIAN_POINT('',(315.35,149.999999999964,50.3999999999918));
#6108=CARTESIAN_POINT('Origin',(315.35,149.999999999964,51.9999999999917));
#6109=CARTESIAN_POINT('',(314.55,149.999999999964,50.3999999999918));
#6110=CARTESIAN_POINT('',(-315.35,149.999999999964,50.3999999999936));
#6111=CARTESIAN_POINT('Origin',(314.55,149.999999999964,51.9999999999917));
#6112=CARTESIAN_POINT('Origin',(-315.35,149.999999999964,51.9999999999935));
#6113=CARTESIAN_POINT('',(-314.55,149.999999999964,50.3999999999936));
#6114=CARTESIAN_POINT('Origin',(-314.55,149.999999999964,51.9999999999935));
#6115=CARTESIAN_POINT('',(-315.35,149.999999999964,50.3999999999936));
#6116=CARTESIAN_POINT('',(-315.35,149.999999999964,50.3999999999936));
#6117=CARTESIAN_POINT('Origin',(-315.35,149.999999999964,51.9999999999935));
#6118=CARTESIAN_POINT('Origin',(-315.350000000001,-150.000000000036,51.9999999999935));
#6119=CARTESIAN_POINT('',(315.35,-150.000000000036,50.3999999999918));
#6120=CARTESIAN_POINT('Origin',(315.35,-150.000000000036,51.9999999999917));
#6121=CARTESIAN_POINT('',(314.55,-150.000000000036,50.3999999999918));
#6122=CARTESIAN_POINT('',(-315.350000000001,-150.000000000036,50.3999999999936));
#6123=CARTESIAN_POINT('Origin',(314.55,-150.000000000036,51.9999999999917));
#6124=CARTESIAN_POINT('Origin',(-315.350000000001,-150.000000000036,51.9999999999935));
#6125=CARTESIAN_POINT('',(-314.55,-150.000000000036,50.3999999999936));
#6126=CARTESIAN_POINT('Origin',(-314.55,-150.000000000036,51.9999999999935));
#6127=CARTESIAN_POINT('',(-315.350000000001,-150.000000000036,50.3999999999936));
#6128=CARTESIAN_POINT('',(-315.350000000001,-150.000000000036,50.3999999999936));
#6129=CARTESIAN_POINT('Origin',(-315.350000000001,-150.000000000036,51.9999999999935));
#6130=CARTESIAN_POINT('Origin',(-315.350000000001,-248.997397642689,22.0000000000019));
#6131=CARTESIAN_POINT('',(-314.55,-248.997397642689,20.400000000002));
#6132=CARTESIAN_POINT('Origin',(-314.55,-248.997397642689,22.0000000000019));
#6133=CARTESIAN_POINT('',(-315.350000000001,-248.997397642689,20.400000000002));
#6134=CARTESIAN_POINT('',(-315.350000000001,-248.997397642689,20.400000000002));
#6135=CARTESIAN_POINT('Origin',(-315.350000000001,-248.997397642689,22.0000000000019));
#6136=CARTESIAN_POINT('Origin',(-315.350000000001,-248.997397642689,22.0000000000019));
#6137=CARTESIAN_POINT('',(315.35,-248.997397642689,20.4000000000002));
#6138=CARTESIAN_POINT('Origin',(315.35,-248.997397642689,22.0000000000001));
#6139=CARTESIAN_POINT('',(314.55,-248.997397642689,20.4000000000002));
#6140=CARTESIAN_POINT('',(-315.350000000001,-248.997397642689,20.400000000002));
#6141=CARTESIAN_POINT('Origin',(314.55,-248.997397642689,22.0000000000001));
#6142=CARTESIAN_POINT('Origin',(-315.35,-3.62516774138502E-11,51.9999999999935));
#6143=CARTESIAN_POINT('',(315.35,-3.62518733573381E-11,50.3999999999918));
#6144=CARTESIAN_POINT('Origin',(315.35,-3.62516774138502E-11,51.9999999999917));
#6145=CARTESIAN_POINT('',(314.55,-3.62518733573381E-11,50.3999999999918));
#6146=CARTESIAN_POINT('',(-315.35,-3.62518733573381E-11,50.3999999999936));
#6147=CARTESIAN_POINT('Origin',(314.55,-3.62516774138502E-11,51.9999999999917));
#6148=CARTESIAN_POINT('Origin',(-315.35,-3.62516774138502E-11,51.9999999999935));
#6149=CARTESIAN_POINT('',(-314.55,-3.62518733573381E-11,50.3999999999936));
#6150=CARTESIAN_POINT('Origin',(-314.55,-3.62516774138502E-11,51.9999999999935));
#6151=CARTESIAN_POINT('',(-315.35,-3.62518733573381E-11,50.3999999999936));
#6152=CARTESIAN_POINT('',(-315.35,-3.62518733573381E-11,50.3999999999936));
#6153=CARTESIAN_POINT('Origin',(-315.35,-3.62516774138502E-11,51.9999999999935));
#6154=CARTESIAN_POINT('Origin',(-315.35,5.48761025232614E-13,9.71958212948787E-13));
#6155=CARTESIAN_POINT('',(-315.35,218.93916566445,59.4424960092515));
#6156=CARTESIAN_POINT('',(-315.35,213.273684046638,44.6424960092514));
#6157=CARTESIAN_POINT('',(-315.35,218.93916566445,59.4424960092514));
#6158=CARTESIAN_POINT('',(-315.35,285.20293170755,1.93051483790092E-14));
#6159=CARTESIAN_POINT('',(-315.35,218.540636625583,59.8));
#6160=CARTESIAN_POINT('',(-315.35,263.039089434,-1.34380599370873E-13));
#6161=CARTESIAN_POINT('',(-315.35,263.039089434,-1.35066551056873E-13));
#6162=CARTESIAN_POINT('',(-315.35,208.657873641775,48.7831494606729));
#6163=CARTESIAN_POINT('Origin',(-315.35,-4.28691129462443E-17,1.46418153351358E-12));
#6164=CARTESIAN_POINT('',(-315.35,-213.273684046638,44.6424960092514));
#6165=CARTESIAN_POINT('',(-315.35,-218.93916566445,59.4424960092514));
#6166=CARTESIAN_POINT('',(-315.35,-184.402829050593,-30.7771563285292));
#6167=CARTESIAN_POINT('',(-315.35,-263.039089434,-7.95604660080925E-14));
#6168=CARTESIAN_POINT('',(-315.35,-263.039089434,-7.95604660080924E-14));
#6169=CARTESIAN_POINT('',(-315.35,-285.20293170755,1.18414296298894E-13));
#6170=CARTESIAN_POINT('',(-315.35,-287.,3.70626083879424E-15));
#6171=CARTESIAN_POINT('',(-315.35,-285.20293170755,9.51389671890992E-17));
#6172=CARTESIAN_POINT('Origin',(313.35,218.540636625583,59.8));
#6173=CARTESIAN_POINT('',(313.35,218.540636625583,61.));
#6174=CARTESIAN_POINT('',(313.35,218.540636625583,61.8));
#6175=CARTESIAN_POINT('',(313.35,218.540636625583,61.));
#6176=CARTESIAN_POINT('',(313.35,219.341941732378,60.6932581518375));
#6177=CARTESIAN_POINT('Origin',(313.35,218.540636625583,59.8));
#6178=CARTESIAN_POINT('',(313.35,219.876145136908,61.2887635863957));
#6179=CARTESIAN_POINT('',(313.35,219.341941732378,60.6932581518373));
#6180=CARTESIAN_POINT('Origin',(313.35,218.540636625583,59.8));
#6181=CARTESIAN_POINT('Origin',(-313.35,218.540636625583,59.8));
#6182=CARTESIAN_POINT('',(-313.35,219.341941732378,60.6932581518374));
#6183=CARTESIAN_POINT('',(-313.35,219.876145136908,61.2887635863956));
#6184=CARTESIAN_POINT('',(-313.35,219.341941732378,60.6932581518373));
#6185=CARTESIAN_POINT('',(-313.35,218.540636625583,61.));
#6186=CARTESIAN_POINT('Origin',(-313.35,218.540636625583,59.8));
#6187=CARTESIAN_POINT('',(-313.35,218.540636625583,61.8000000000001));
#6188=CARTESIAN_POINT('',(-313.35,218.540636625583,61.));
#6189=CARTESIAN_POINT('Origin',(-313.35,218.540636625583,59.8));
#6190=CARTESIAN_POINT('Origin',(-313.35,-218.540636625583,59.8));
#6191=CARTESIAN_POINT('',(-313.35,-218.540636625583,61.));
#6192=CARTESIAN_POINT('',(-313.35,-218.540636625583,61.8));
#6193=CARTESIAN_POINT('',(-313.35,-218.540636625583,61.));
#6194=CARTESIAN_POINT('',(-313.35,-219.341941732378,60.6932581518371));
#6195=CARTESIAN_POINT('Origin',(-313.35,-218.540636625583,59.8));
#6196=CARTESIAN_POINT('',(-313.35,-219.876145136908,61.2887635863953));
#6197=CARTESIAN_POINT('',(-313.35,-219.341941732378,60.6932581518373));
#6198=CARTESIAN_POINT('Origin',(-313.35,-218.540636625583,59.8));
#6199=CARTESIAN_POINT('Origin',(313.35,-218.540636625583,59.8));
#6200=CARTESIAN_POINT('',(313.35,-219.341941732378,60.6932581518371));
#6201=CARTESIAN_POINT('',(313.35,-218.540636625583,61.));
#6202=CARTESIAN_POINT('Origin',(313.35,-218.540636625583,59.8));
#6203=CARTESIAN_POINT('',(313.35,-218.540636625583,61.8000000000001));
#6204=CARTESIAN_POINT('',(313.35,-218.540636625583,61.));
#6205=CARTESIAN_POINT('',(313.35,-219.876145136908,61.2887635863956));
#6206=CARTESIAN_POINT('Origin',(313.35,-218.540636625583,59.8));
#6207=CARTESIAN_POINT('',(313.35,-219.341941732378,60.6932581518373));
#6208=CARTESIAN_POINT('Origin',(387.,-287.53420340453,0.595505434558221));
#6209=CARTESIAN_POINT('',(313.35,-287.53420340453,0.59550543455852));
#6210=CARTESIAN_POINT('',(313.35,-287.53420340453,0.595505434558221));
#6211=CARTESIAN_POINT('',(387.,-219.876145136908,61.2887635863956));
#6212=CARTESIAN_POINT('',(-313.35,-287.534203404531,0.595505434558291));
#6213=CARTESIAN_POINT('',(-313.35,-287.53420340453,0.595505434558221));
#6214=CARTESIAN_POINT('',(387.,-287.53420340453,0.595505434558221));
#6215=CARTESIAN_POINT('Origin',(0.,0.,61.8));
#6216=CARTESIAN_POINT('',(313.35,0.,61.8));
#6217=CARTESIAN_POINT('',(0.,218.540636625583,61.8));
#6218=CARTESIAN_POINT('',(-313.35,0.,61.8));
#6219=CARTESIAN_POINT('',(0.,-218.540636625583,61.8));
#6220=CARTESIAN_POINT('',(-112.5,-83.5,61.8));
#6221=CARTESIAN_POINT('',(-108.5,-87.5,61.8));
#6222=CARTESIAN_POINT('Origin',(-108.5,-83.5,61.8));
#6223=CARTESIAN_POINT('',(-112.5,83.5,61.8));
#6224=CARTESIAN_POINT('',(-112.5,83.5,61.8));
#6225=CARTESIAN_POINT('',(-108.5,87.5,61.8));
#6226=CARTESIAN_POINT('Origin',(-108.5,83.5,61.8));
#6227=CARTESIAN_POINT('',(108.5,87.5,61.8));
#6228=CARTESIAN_POINT('',(-108.5,87.5,61.8));
#6229=CARTESIAN_POINT('',(112.5,83.5,61.8));
#6230=CARTESIAN_POINT('Origin',(108.5,83.5,61.8));
#6231=CARTESIAN_POINT('',(112.5,-83.5,61.8));
#6232=CARTESIAN_POINT('',(112.5,83.5,61.8));
#6233=CARTESIAN_POINT('',(108.5,-87.5,61.8));
#6234=CARTESIAN_POINT('Origin',(108.5,-83.5,61.8));
#6235=CARTESIAN_POINT('',(-108.5,-87.5,61.8));
#6236=CARTESIAN_POINT('Origin',(387.,287.53420340453,0.595505434558221));
#6237=CARTESIAN_POINT('',(-313.35,287.53420340453,0.595505434558164));
#6238=CARTESIAN_POINT('',(-313.35,287.53420340453,0.595505434558221));
#6239=CARTESIAN_POINT('',(387.,219.876145136908,61.2887635863956));
#6240=CARTESIAN_POINT('',(313.35,287.53420340453,0.595505434558233));
#6241=CARTESIAN_POINT('',(313.35,287.53420340453,0.595505434558221));
#6242=CARTESIAN_POINT('',(387.,287.53420340453,0.595505434558221));
#6243=CARTESIAN_POINT('Origin',(387.,-218.540636625583,59.8));
#6244=CARTESIAN_POINT('Origin',(387.,218.540636625583,59.8));
#6245=CARTESIAN_POINT('Origin',(387.,-287.,0.));
#6246=CARTESIAN_POINT('',(313.35,-287.,2.69431016126226E-13));
#6247=CARTESIAN_POINT('',(313.35,-287.,-3.54040951797369E-15));
#6248=CARTESIAN_POINT('',(-313.35,-287.,2.69431016126226E-13));
#6249=CARTESIAN_POINT('',(-317.,-287.,0.));
#6250=CARTESIAN_POINT('',(-313.35,-287.,-3.36663381658231E-14));
#6251=CARTESIAN_POINT('',(-313.35,-219.341941732378,60.6932581518373));
#6252=CARTESIAN_POINT('Origin',(0.,0.,61.));
#6253=CARTESIAN_POINT('',(313.35,287.,61.));
#6254=CARTESIAN_POINT('',(313.35,-218.540636625583,61.));
#6255=CARTESIAN_POINT('',(-313.35,287.,61.));
#6256=CARTESIAN_POINT('',(-313.35,218.540636625583,61.));
#6257=CARTESIAN_POINT('',(-112.5,83.5,61.));
#6258=CARTESIAN_POINT('',(-112.5,-83.5,61.));
#6259=CARTESIAN_POINT('',(-112.5,-1.86976183039416E-14,61.));
#6260=CARTESIAN_POINT('',(-108.5,-87.5,61.));
#6261=CARTESIAN_POINT('Origin',(-108.5,-83.5,61.));
#6262=CARTESIAN_POINT('',(108.5,-87.5,61.));
#6263=CARTESIAN_POINT('',(0.,-87.5,61.));
#6264=CARTESIAN_POINT('',(112.5,-83.5,61.));
#6265=CARTESIAN_POINT('Origin',(108.5,-83.5,61.));
#6266=CARTESIAN_POINT('',(112.5,83.5,61.));
#6267=CARTESIAN_POINT('',(112.5,9.34880915197082E-15,61.));
#6268=CARTESIAN_POINT('',(108.5,87.5,61.));
#6269=CARTESIAN_POINT('Origin',(108.5,83.5,61.));
#6270=CARTESIAN_POINT('',(-108.5,87.5,61.));
#6271=CARTESIAN_POINT('',(5.59588218057035E-15,87.5,61.));
#6272=CARTESIAN_POINT('Origin',(-108.5,83.5,61.));
#6273=CARTESIAN_POINT('Origin',(387.,287.,0.));
#6274=CARTESIAN_POINT('',(-313.35,287.,-1.29582488402752E-13));
#6275=CARTESIAN_POINT('',(-313.35,287.,3.36663381658231E-14));
#6276=CARTESIAN_POINT('',(313.35,287.,-1.29582488402752E-13));
#6277=CARTESIAN_POINT('',(-317.,287.,0.));
#6278=CARTESIAN_POINT('',(313.35,287.,3.54040951797369E-15));
#6279=CARTESIAN_POINT('',(313.35,219.341941732378,60.6932581518373));
#6280=CARTESIAN_POINT('Origin',(387.,-218.540636625583,59.8));
#6281=CARTESIAN_POINT('Origin',(387.,218.540636625583,59.8));
#6282=CARTESIAN_POINT('Ctrl Pts',(-313.346921985303,-218.541159082937,61.8079976116563));
#6283=CARTESIAN_POINT('Ctrl Pts',(-313.610841870823,-218.496361772767,61.8084072009605));
#6284=CARTESIAN_POINT('Ctrl Pts',(-313.874642015358,-218.451580318635,61.756129700035));
#6285=CARTESIAN_POINT('Ctrl Pts',(-314.361266912585,-218.362175768305,61.5545630678154));
#6286=CARTESIAN_POINT('Ctrl Pts',(-314.584009813709,-218.317560553986,61.4057310195356));
#6287=CARTESIAN_POINT('Ctrl Pts',(-314.955731019535,-218.228330125347,61.0340098137097));
#6288=CARTESIAN_POINT('Ctrl Pts',(-315.104563067815,-218.183714911028,60.8112669125848));
#6289=CARTESIAN_POINT('Ctrl Pts',(-315.306129700035,-218.094310360699,60.3246420153583));
#6290=CARTESIAN_POINT('Ctrl Pts',(-315.35840720096,-218.049528906567,60.0608418708234));
#6291=CARTESIAN_POINT('Ctrl Pts',(-315.357997611656,-218.004731596396,59.7969219853037));
#6292=CARTESIAN_POINT('Ctrl Pts',(-313.346934248465,-218.541159082893,61.7999976211716));
#6293=CARTESIAN_POINT('Ctrl Pts',(-313.609802646983,-218.496361776531,61.8004055786459));
#6294=CARTESIAN_POINT('Ctrl Pts',(-313.872551808126,-218.451580318635,61.7483363546166));
#6295=CARTESIAN_POINT('Ctrl Pts',(-314.357237960742,-218.362175768305,61.5475727767086));
#6296=CARTESIAN_POINT('Ctrl Pts',(-314.57909343995,-218.317560553986,61.3993336847964));
#6297=CARTESIAN_POINT('Ctrl Pts',(-314.949333684796,-218.228330125347,61.0290934399499));
#6298=CARTESIAN_POINT('Ctrl Pts',(-315.097572776708,-218.183714911028,60.8072379607418));
#6299=CARTESIAN_POINT('Ctrl Pts',(-315.298336354616,-218.094310360699,60.3225518081258));
#6300=CARTESIAN_POINT('Ctrl Pts',(-315.350405578646,-218.049528902803,60.0598026469838));
#6301=CARTESIAN_POINT('Ctrl Pts',(-315.349997621171,-218.00473159644,59.796934248465));
#6302=CARTESIAN_POINT('Ctrl Pts',(-313.348160564594,-218.541159078487,60.999998572703));
#6303=CARTESIAN_POINT('Ctrl Pts',(-313.505880263021,-218.496362152917,61.0002433471875));
#6304=CARTESIAN_POINT('Ctrl Pts',(-313.663531084875,-218.451580318635,60.96900181277));
#6305=CARTESIAN_POINT('Ctrl Pts',(-313.954342776445,-218.362175768305,60.8485436660252));
#6306=CARTESIAN_POINT('Ctrl Pts',(-314.08745606397,-218.317560553986,60.7596002108779));
#6307=CARTESIAN_POINT('Ctrl Pts',(-314.309600210878,-218.228330125347,60.5374560639699));
#6308=CARTESIAN_POINT('Ctrl Pts',(-314.398543666025,-218.183714911028,60.4043427764451));
#6309=CARTESIAN_POINT('Ctrl Pts',(-314.51900181277,-218.094310360699,60.1135310848755));
#6310=CARTESIAN_POINT('Ctrl Pts',(-314.550243347187,-218.049528526416,59.9558802630215));
#6311=CARTESIAN_POINT('Ctrl Pts',(-314.549998572703,-218.004731600847,59.7981605645944));
#6312=CARTESIAN_POINT('Ctrl Pts',(-313.348172950387,-218.541159078442,60.9919185823134));
#6313=CARTESIAN_POINT('Ctrl Pts',(-313.504830646943,-218.496362156719,60.9921617086498));
#6314=CARTESIAN_POINT('Ctrl Pts',(-313.66141997557,-218.451580318635,60.9611305338973));
#6315=CARTESIAN_POINT('Ctrl Pts',(-313.950273535084,-218.362175768305,60.8414834720072));
#6316=CARTESIAN_POINT('Ctrl Pts',(-314.082490526472,-218.317560553986,60.7531389027913));
#6317=CARTESIAN_POINT('Ctrl Pts',(-314.303138902791,-218.228330125347,60.5324905264725));
#6318=CARTESIAN_POINT('Ctrl Pts',(-314.391483472007,-218.183714911028,60.4002735350837));
#6319=CARTESIAN_POINT('Ctrl Pts',(-314.511130533897,-218.094310360699,60.1114199755706));
#6320=CARTESIAN_POINT('Ctrl Pts',(-314.54216170865,-218.049528522615,59.9548306469435));
#6321=CARTESIAN_POINT('Ctrl Pts',(-314.541918582313,-218.004731600891,59.7981729503873));
#6322=CARTESIAN_POINT('',(-315.35,-218.005254053751,59.8));
#6323=CARTESIAN_POINT('',(-314.55,-218.005254053751,59.8));
#6324=CARTESIAN_POINT('',(-314.55,-218.005254053751,59.8));
#6325=CARTESIAN_POINT('Ctrl Pts',(-313.35,-218.540636625583,61.));
#6326=CARTESIAN_POINT('Ctrl Pts',(-313.40083651281,-218.526197567663,61.));
#6327=CARTESIAN_POINT('Ctrl Pts',(-313.451672804741,-218.511758509743,60.9967652200038));
#6328=CARTESIAN_POINT('Ctrl Pts',(-313.502099309267,-218.497319451824,60.9903217212672));
#6329=CARTESIAN_POINT('Ctrl Pts',(-313.552523926704,-218.482880934251,60.9838784636628));
#6330=CARTESIAN_POINT('Ctrl Pts',(-313.60253834931,-218.468442416677,60.9742267837774));
#6331=CARTESIAN_POINT('Ctrl Pts',(-313.651739662097,-218.454003899104,60.9614444353123));
#6332=CARTESIAN_POINT('Ctrl Pts',(-313.700939289024,-218.43956587626,60.9486625248282));
#6333=CARTESIAN_POINT('Ctrl Pts',(-313.749325434495,-218.425127853416,60.9327502716356));
#6334=CARTESIAN_POINT('Ctrl Pts',(-313.796508327532,-218.410689830571,60.9138358557009));
#6335=CARTESIAN_POINT('Ctrl Pts',(-313.843689752836,-218.396252256855,60.8949220281424));
#6336=CARTESIAN_POINT('Ctrl Pts',(-313.889667590818,-218.381814683138,60.8730063891641));
#6337=CARTESIAN_POINT('Ctrl Pts',(-313.934071493427,-218.367377109422,60.8482654676014));
#6338=CARTESIAN_POINT('Ctrl Pts',(-313.980477250413,-218.352288648769,60.822409154841));
#6339=CARTESIAN_POINT('Ctrl Pts',(-314.025163294735,-218.337200188116,60.7934669439057));
#6340=CARTESIAN_POINT('Ctrl Pts',(-314.06773658515,-218.322111727463,60.7616933993414));
#6341=CARTESIAN_POINT('Ctrl Pts',(-314.108481472893,-218.307671273612,60.7312844388441));
#6342=CARTESIAN_POINT('Ctrl Pts',(-314.147291042297,-218.293230819761,60.6982827197653));
#6343=CARTESIAN_POINT('Ctrl Pts',(-314.183852560743,-218.27879036591,60.6629541743006));
#6344=CARTESIAN_POINT('Ctrl Pts',(-314.220410933851,-218.264351154352,60.6276286681019));
#6345=CARTESIAN_POINT('Ctrl Pts',(-314.25472132556,-218.249911942793,60.5899770434065));
#6346=CARTESIAN_POINT('Ctrl Pts',(-314.286507305669,-218.235472731234,60.5503026498877));
#6347=CARTESIAN_POINT('Ctrl Pts',(-314.318290952955,-218.221034579392,60.5106311681349));
#6348=CARTESIAN_POINT('Ctrl Pts',(-314.347550283512,-218.20659642755,60.4689375595409));
#6349=CARTESIAN_POINT('Ctrl Pts',(-314.374049596787,-218.192158275708,60.425557689841));
#6350=CARTESIAN_POINT('Ctrl Pts',(-314.400547299925,-218.17772100115,60.3821804559667));
#6351=CARTESIAN_POINT('Ctrl Pts',(-314.424285091461,-218.163283726591,60.3371175429601));
#6352=CARTESIAN_POINT('Ctrl Pts',(-314.44507177316,-218.148846452032,60.2907319142146));
#6353=CARTESIAN_POINT('Ctrl Pts',(-314.465861778896,-218.134406868782,60.2443388678555));
#6354=CARTESIAN_POINT('Ctrl Pts',(-314.483699548978,-218.119967285532,60.1966230852273));
#6355=CARTESIAN_POINT('Ctrl Pts',(-314.498441361596,-218.105527702281,60.1479690201376));
#6356=CARTESIAN_POINT('Ctrl Pts',(-314.513181079228,-218.091090171066,60.0993218693644));
#6357=CARTESIAN_POINT('Ctrl Pts',(-314.524825592398,-218.076652639851,60.0497371257932));
#6358=CARTESIAN_POINT('Ctrl Pts',(-314.533281105974,-218.062215108635,59.999614188485));
#6359=CARTESIAN_POINT('Ctrl Pts',(-314.541736952095,-218.047777009608,59.949489279899));
#6360=CARTESIAN_POINT('Ctrl Pts',(-314.547003473986,-218.033338910581,59.8988265706175));
#6361=CARTESIAN_POINT('Ctrl Pts',(-314.549038247125,-218.018900811554,59.8480341746054));
#6362=CARTESIAN_POINT('Ctrl Pts',(-314.549679330049,-218.014351892286,59.8320313401288));
#6363=CARTESIAN_POINT('Ctrl Pts',(-314.55,-218.009802973019,59.8160156704074));
#6364=CARTESIAN_POINT('Ctrl Pts',(-314.55,-218.005254053751,59.8));
#6365=CARTESIAN_POINT('Ctrl Pts',(-313.35,-218.540636625583,61.8000000000001));
#6366=CARTESIAN_POINT('Ctrl Pts',(-313.424569685969,-218.527928641239,61.8000000000001));
#6367=CARTESIAN_POINT('Ctrl Pts',(-313.499139177507,-218.515220656896,61.7958251786663));
#6368=CARTESIAN_POINT('Ctrl Pts',(-313.573242862728,-218.502512672553,61.787501603582));
#6369=CARTESIAN_POINT('Ctrl Pts',(-313.647344094921,-218.489805108877,61.7791783040302));
#6370=CARTESIAN_POINT('Ctrl Pts',(-313.720979165278,-218.477097545202,61.7667065690787));
#6371=CARTESIAN_POINT('Ctrl Pts',(-313.793688326825,-218.464389981527,61.7501642670913));
#6372=CARTESIAN_POINT('Ctrl Pts',(-313.866395259371,-218.45168280742,61.733622472231));
#6373=CARTESIAN_POINT('Ctrl Pts',(-313.938175960864,-218.438975633312,61.7130104464113));
#6374=CARTESIAN_POINT('Ctrl Pts',(-314.008582289667,-218.426268459205,61.6884568747358));
#6375=CARTESIAN_POINT('Ctrl Pts',(-314.078986632261,-218.413561643576,61.6639039957328));
#6376=CARTESIAN_POINT('Ctrl Pts',(-314.148016312765,-218.400854827946,61.6354099214846));
#6377=CARTESIAN_POINT('Ctrl Pts',(-314.215240389001,-218.388148012317,61.603152536321));
#6378=CARTESIAN_POINT('Ctrl Pts',(-314.282462733178,-218.375441524084,61.5708959822837));
#6379=CARTESIAN_POINT('Ctrl Pts',(-314.34787921583,-218.362735035851,61.5348764795943));
#6380=CARTESIAN_POINT('Ctrl Pts',(-314.411081472446,-218.350028547619,61.4953188811639));
#6381=CARTESIAN_POINT('Ctrl Pts',(-314.474282255141,-218.337322355711,61.4557622052452));
#6382=CARTESIAN_POINT('Ctrl Pts',(-314.535268585778,-218.324616163803,61.4126678049462));
#6383=CARTESIAN_POINT('Ctrl Pts',(-314.59365977294,-218.311909971895,61.3663046859316));
#6384=CARTESIAN_POINT('Ctrl Pts',(-314.652377874188,-218.299132641972,61.3196819942409));
#6385=CARTESIAN_POINT('Ctrl Pts',(-314.708471350867,-218.286355312049,61.2697540881621));
#6386=CARTESIAN_POINT('Ctrl Pts',(-314.761586129652,-218.273577982127,61.2168361226947));
#6387=CARTESIAN_POINT('Ctrl Pts',(-314.814412702275,-218.260869983289,61.1642052954614));
#6388=CARTESIAN_POINT('Ctrl Pts',(-314.864292570486,-218.248161984451,61.108617079868));
#6389=CARTESIAN_POINT('Ctrl Pts',(-314.910914283691,-218.235453985613,61.0504185695079));
#6390=CARTESIAN_POINT('Ctrl Pts',(-314.957533016771,-218.222746799088,60.9922237792769));
#6391=CARTESIAN_POINT('Ctrl Pts',(-315.00089376873,-218.210039612563,60.9314193317471));
#6392=CARTESIAN_POINT('Ctrl Pts',(-315.040725828974,-218.197332426038,60.8683848422922));
#6393=CARTESIAN_POINT('Ctrl Pts',(-315.080555732781,-218.184625927457,60.8053537654128));
#6394=CARTESIAN_POINT('Ctrl Pts',(-315.11685711971,-218.171919428877,60.7400932168784));
#6395=CARTESIAN_POINT('Ctrl Pts',(-315.14940337681,-218.159212930296,60.6730105884373));
#6396=CARTESIAN_POINT('Ctrl Pts',(-315.18226572901,-218.146383023918,60.6052764414501));
#6397=CARTESIAN_POINT('Ctrl Pts',(-315.211299403069,-218.133553117539,60.5356849740164));
#6398=CARTESIAN_POINT('Ctrl Pts',(-315.236319624154,-218.12072321116,60.4646790770987));
#6399=CARTESIAN_POINT('Ctrl Pts',(-315.261100551693,-218.108016010083,60.3943522810061));
#6400=CARTESIAN_POINT('Ctrl Pts',(-315.281944376804,-218.095308809006,60.322638381248));
#6401=CARTESIAN_POINT('Ctrl Pts',(-315.298720966662,-218.082601607929,60.2499851043012));
#6402=CARTESIAN_POINT('Ctrl Pts',(-315.315740557693,-218.069710348899,60.1762794781134));
#6403=CARTESIAN_POINT('Ctrl Pts',(-315.328574017225,-218.056819089869,60.1016074338827));
#6404=CARTESIAN_POINT('Ctrl Pts',(-315.337138889625,-218.04392783084,60.0264487432915));
#6405=CARTESIAN_POINT('Ctrl Pts',(-315.345703762026,-218.03103657181,59.9512900527002));
#6406=CARTESIAN_POINT('Ctrl Pts',(-315.35,-218.01814531278,59.8756451307794));
#6407=CARTESIAN_POINT('Ctrl Pts',(-315.35,-218.005254053751,59.8));
#6408=CARTESIAN_POINT('Ctrl Pts',(-315.357997611656,218.004731596396,59.7969219853034));
#6409=CARTESIAN_POINT('Ctrl Pts',(-315.35840720096,218.049528906567,60.0608418708233));
#6410=CARTESIAN_POINT('Ctrl Pts',(-315.306129700035,218.094310360699,60.3246420153582));
#6411=CARTESIAN_POINT('Ctrl Pts',(-315.104563067815,218.183714911028,60.8112669125848));
#6412=CARTESIAN_POINT('Ctrl Pts',(-314.955731019535,218.228330125347,61.0340098137097));
#6413=CARTESIAN_POINT('Ctrl Pts',(-314.584009813709,218.317560553986,61.4057310195356));
#6414=CARTESIAN_POINT('Ctrl Pts',(-314.361266912585,218.362175768305,61.5545630678154));
#6415=CARTESIAN_POINT('Ctrl Pts',(-313.874642015358,218.451580318635,61.7561297000351));
#6416=CARTESIAN_POINT('Ctrl Pts',(-313.610841870823,218.496361772767,61.8084072009605));
#6417=CARTESIAN_POINT('Ctrl Pts',(-313.346921985303,218.541159082938,61.8079976116563));
#6418=CARTESIAN_POINT('Ctrl Pts',(-315.349997621171,218.00473159644,59.7969342484647));
#6419=CARTESIAN_POINT('Ctrl Pts',(-315.350405578646,218.049528902803,60.0598026469837));
#6420=CARTESIAN_POINT('Ctrl Pts',(-315.298336354616,218.094310360699,60.3225518081257));
#6421=CARTESIAN_POINT('Ctrl Pts',(-315.097572776708,218.183714911028,60.8072379607418));
#6422=CARTESIAN_POINT('Ctrl Pts',(-314.949333684796,218.228330125347,61.0290934399499));
#6423=CARTESIAN_POINT('Ctrl Pts',(-314.57909343995,218.317560553986,61.3993336847964));
#6424=CARTESIAN_POINT('Ctrl Pts',(-314.357237960742,218.362175768305,61.5475727767086));
#6425=CARTESIAN_POINT('Ctrl Pts',(-313.872551808126,218.451580318635,61.7483363546166));
#6426=CARTESIAN_POINT('Ctrl Pts',(-313.609802646983,218.496361776531,61.8004055786459));
#6427=CARTESIAN_POINT('Ctrl Pts',(-313.346934248464,218.541159082894,61.7999976211716));
#6428=CARTESIAN_POINT('Ctrl Pts',(-314.549998572703,218.004731600847,59.7981605645942));
#6429=CARTESIAN_POINT('Ctrl Pts',(-314.550243347187,218.049528526416,59.9558802630214));
#6430=CARTESIAN_POINT('Ctrl Pts',(-314.51900181277,218.094310360699,60.1135310848754));
#6431=CARTESIAN_POINT('Ctrl Pts',(-314.398543666025,218.183714911028,60.4043427764451));
#6432=CARTESIAN_POINT('Ctrl Pts',(-314.309600210878,218.228330125347,60.5374560639699));
#6433=CARTESIAN_POINT('Ctrl Pts',(-314.08745606397,218.317560553986,60.7596002108779));
#6434=CARTESIAN_POINT('Ctrl Pts',(-313.954342776445,218.362175768305,60.8485436660252));
#6435=CARTESIAN_POINT('Ctrl Pts',(-313.663531084875,218.451580318635,60.96900181277));
#6436=CARTESIAN_POINT('Ctrl Pts',(-313.505880263021,218.496362152917,61.0002433471876));
#6437=CARTESIAN_POINT('Ctrl Pts',(-313.348160564594,218.541159078487,60.999998572703));
#6438=CARTESIAN_POINT('Ctrl Pts',(-314.541918582313,218.004731600891,59.7981729503871));
#6439=CARTESIAN_POINT('Ctrl Pts',(-314.54216170865,218.049528522615,59.9548306469434));
#6440=CARTESIAN_POINT('Ctrl Pts',(-314.511130533897,218.094310360699,60.1114199755706));
#6441=CARTESIAN_POINT('Ctrl Pts',(-314.391483472007,218.183714911028,60.4002735350837));
#6442=CARTESIAN_POINT('Ctrl Pts',(-314.303138902791,218.228330125347,60.5324905264725));
#6443=CARTESIAN_POINT('Ctrl Pts',(-314.082490526472,218.317560553986,60.7531389027913));
#6444=CARTESIAN_POINT('Ctrl Pts',(-313.950273535084,218.362175768305,60.8414834720072));
#6445=CARTESIAN_POINT('Ctrl Pts',(-313.66141997557,218.451580318635,60.9611305338973));
#6446=CARTESIAN_POINT('Ctrl Pts',(-313.504830646943,218.496362156719,60.9921617086499));
#6447=CARTESIAN_POINT('Ctrl Pts',(-313.348172950387,218.541159078442,60.9919185823135));
#6448=CARTESIAN_POINT('',(-314.55,218.005254053751,59.8));
#6449=CARTESIAN_POINT('Ctrl Pts',(-314.55,218.005254053751,59.8));
#6450=CARTESIAN_POINT('Ctrl Pts',(-314.55,218.01969311167,59.8508365128099));
#6451=CARTESIAN_POINT('Ctrl Pts',(-314.546765220004,218.03413216959,59.9016728047413));
#6452=CARTESIAN_POINT('Ctrl Pts',(-314.540321721267,218.04857122751,59.9520993092672));
#6453=CARTESIAN_POINT('Ctrl Pts',(-314.533878463663,218.063009745083,60.0025239267042));
#6454=CARTESIAN_POINT('Ctrl Pts',(-314.524226783777,218.077448262656,60.05253834931));
#6455=CARTESIAN_POINT('Ctrl Pts',(-314.511444435312,218.091886780229,60.1017396620968));
#6456=CARTESIAN_POINT('Ctrl Pts',(-314.498662524828,218.106324803074,60.1509392890242));
#6457=CARTESIAN_POINT('Ctrl Pts',(-314.482750271635,218.120762825918,60.1993254344955));
#6458=CARTESIAN_POINT('Ctrl Pts',(-314.463835855701,218.135200848762,60.2465083275317));
#6459=CARTESIAN_POINT('Ctrl Pts',(-314.444922028142,218.149638422479,60.2936897528361));
#6460=CARTESIAN_POINT('Ctrl Pts',(-314.423006389164,218.164075996195,60.3396675908186));
#6461=CARTESIAN_POINT('Ctrl Pts',(-314.398265467601,218.178513569912,60.3840714934274));
#6462=CARTESIAN_POINT('Ctrl Pts',(-314.372409154841,218.193602030565,60.430477250413));
#6463=CARTESIAN_POINT('Ctrl Pts',(-314.343466943906,218.208690491218,60.4751632947352));
#6464=CARTESIAN_POINT('Ctrl Pts',(-314.311693399341,218.223778951871,60.5177365851504));
#6465=CARTESIAN_POINT('Ctrl Pts',(-314.281284438844,218.238219405722,60.5584814728935));
#6466=CARTESIAN_POINT('Ctrl Pts',(-314.248282719765,218.252659859572,60.5972910422969));
#6467=CARTESIAN_POINT('Ctrl Pts',(-314.2129541743,218.267100313423,60.6338525607427));
#6468=CARTESIAN_POINT('Ctrl Pts',(-314.177628668102,218.281539524982,60.6704109338517));
#6469=CARTESIAN_POINT('Ctrl Pts',(-314.139977043406,218.29597873654,60.7047213255602));
#6470=CARTESIAN_POINT('Ctrl Pts',(-314.100302649887,218.310417948099,60.7365073056691));
#6471=CARTESIAN_POINT('Ctrl Pts',(-314.060631168135,218.324856099941,60.768290952955));
#6472=CARTESIAN_POINT('Ctrl Pts',(-314.018937559541,218.339294251783,60.797550283512));
#6473=CARTESIAN_POINT('Ctrl Pts',(-313.975557689841,218.353732403625,60.8240495967876));
#6474=CARTESIAN_POINT('Ctrl Pts',(-313.932180455966,218.368169678184,60.8505472999255));
#6475=CARTESIAN_POINT('Ctrl Pts',(-313.88711754296,218.382606952742,60.8742850914607));
#6476=CARTESIAN_POINT('Ctrl Pts',(-313.840731914214,218.397044227301,60.8950717731598));
#6477=CARTESIAN_POINT('Ctrl Pts',(-313.794338867855,218.411483810551,60.9158617788965));
#6478=CARTESIAN_POINT('Ctrl Pts',(-313.746623085227,218.425923393802,60.9336995489784));
#6479=CARTESIAN_POINT('Ctrl Pts',(-313.697969020137,218.440362977052,60.948441361596));
#6480=CARTESIAN_POINT('Ctrl Pts',(-313.649321869364,218.454800508268,60.9631810792282));
#6481=CARTESIAN_POINT('Ctrl Pts',(-313.599737125793,218.469238039483,60.9748255923987));
#6482=CARTESIAN_POINT('Ctrl Pts',(-313.549614188485,218.483675570698,60.9832811059742));
#6483=CARTESIAN_POINT('Ctrl Pts',(-313.499489279899,218.498113669725,60.9917369520954));
#6484=CARTESIAN_POINT('Ctrl Pts',(-313.448826570617,218.512551768752,60.997003473986));
#6485=CARTESIAN_POINT('Ctrl Pts',(-313.398034174605,218.526989867779,60.9990382471256));
#6486=CARTESIAN_POINT('Ctrl Pts',(-313.382031340129,218.531538787047,60.9996793300496));
#6487=CARTESIAN_POINT('Ctrl Pts',(-313.366015670407,218.536087706315,61.));
#6488=CARTESIAN_POINT('Ctrl Pts',(-313.35,218.540636625583,61.));
#6489=CARTESIAN_POINT('',(-315.35,218.005254053751,59.8));
#6490=CARTESIAN_POINT('',(-314.55,218.005254053751,59.8));
#6491=CARTESIAN_POINT('Ctrl Pts',(-315.35,218.005254053751,59.8));
#6492=CARTESIAN_POINT('Ctrl Pts',(-315.35,218.017962038094,59.8745696859694));
#6493=CARTESIAN_POINT('Ctrl Pts',(-315.345825178666,218.030670022437,59.9491391775073));
#6494=CARTESIAN_POINT('Ctrl Pts',(-315.337501603582,218.043378006781,60.0232428627287));
#6495=CARTESIAN_POINT('Ctrl Pts',(-315.32917830403,218.056085570456,60.0973440949208));
#6496=CARTESIAN_POINT('Ctrl Pts',(-315.316706569078,218.068793134131,60.1709791652786));
#6497=CARTESIAN_POINT('Ctrl Pts',(-315.300164267091,218.081500697806,60.2436883268249));
#6498=CARTESIAN_POINT('Ctrl Pts',(-315.283622472231,218.094207871914,60.3163952593714));
#6499=CARTESIAN_POINT('Ctrl Pts',(-315.263010446411,218.106915046021,60.3881759608645));
#6500=CARTESIAN_POINT('Ctrl Pts',(-315.238456874736,218.119622220128,60.4585822896673));
#6501=CARTESIAN_POINT('Ctrl Pts',(-315.213903995733,218.132329035758,60.5289866322609));
#6502=CARTESIAN_POINT('Ctrl Pts',(-315.185409921484,218.145035851387,60.5980163127654));
#6503=CARTESIAN_POINT('Ctrl Pts',(-315.153152536321,218.157742667017,60.6652403890014));
#6504=CARTESIAN_POINT('Ctrl Pts',(-315.120895982284,218.170449155249,60.7324627331785));
#6505=CARTESIAN_POINT('Ctrl Pts',(-315.084876479594,218.183155643482,60.7978792158301));
#6506=CARTESIAN_POINT('Ctrl Pts',(-315.045318881164,218.195862131715,60.8610814724467));
#6507=CARTESIAN_POINT('Ctrl Pts',(-315.005762205245,218.208568323623,60.9242822551409));
#6508=CARTESIAN_POINT('Ctrl Pts',(-314.962667804946,218.221274515531,60.9852685857784));
#6509=CARTESIAN_POINT('Ctrl Pts',(-314.916304685931,218.233980707439,61.04365977294));
#6510=CARTESIAN_POINT('Ctrl Pts',(-314.869681994241,218.246758037362,61.1023778741882));
#6511=CARTESIAN_POINT('Ctrl Pts',(-314.819754088162,218.259535367284,61.1584713508668));
#6512=CARTESIAN_POINT('Ctrl Pts',(-314.766836122694,218.272312697207,61.2115861296527));
#6513=CARTESIAN_POINT('Ctrl Pts',(-314.714205295461,218.285020696045,61.2644127022755));
#6514=CARTESIAN_POINT('Ctrl Pts',(-314.658617079868,218.297728694883,61.3142925704858));
#6515=CARTESIAN_POINT('Ctrl Pts',(-314.600418569508,218.31043669372,61.3609142836909));
#6516=CARTESIAN_POINT('Ctrl Pts',(-314.542223779277,218.323143880246,61.4075330167718));
#6517=CARTESIAN_POINT('Ctrl Pts',(-314.481419331747,218.335851066771,61.4508937687306));
#6518=CARTESIAN_POINT('Ctrl Pts',(-314.418384842292,218.348558253296,61.4907258289742));
#6519=CARTESIAN_POINT('Ctrl Pts',(-314.355353765413,218.361264751876,61.5305557327808));
#6520=CARTESIAN_POINT('Ctrl Pts',(-314.290093216878,218.373971250457,61.5668571197099));
#6521=CARTESIAN_POINT('Ctrl Pts',(-314.223010588437,218.386677749037,61.5994033768104));
#6522=CARTESIAN_POINT('Ctrl Pts',(-314.15527644145,218.399507655416,61.6322657290104));
#6523=CARTESIAN_POINT('Ctrl Pts',(-314.085684974016,218.412337561795,61.6612994030695));
#6524=CARTESIAN_POINT('Ctrl Pts',(-314.014679077098,218.425167468173,61.6863196241538));
#6525=CARTESIAN_POINT('Ctrl Pts',(-313.944352281006,218.437874669251,61.7111005516931));
#6526=CARTESIAN_POINT('Ctrl Pts',(-313.872638381248,218.450581870328,61.7319443768042));
#6527=CARTESIAN_POINT('Ctrl Pts',(-313.799985104301,218.463289071405,61.7487209666618));
#6528=CARTESIAN_POINT('Ctrl Pts',(-313.726279478113,218.476180330434,61.7657405576936));
#6529=CARTESIAN_POINT('Ctrl Pts',(-313.651607433882,218.489071589464,61.7785740172249));
#6530=CARTESIAN_POINT('Ctrl Pts',(-313.576448743291,218.501962848494,61.7871388896255));
#6531=CARTESIAN_POINT('Ctrl Pts',(-313.5012900527,218.514854107523,61.795703762026));
#6532=CARTESIAN_POINT('Ctrl Pts',(-313.425645130779,218.527745366553,61.8000000000001));
#6533=CARTESIAN_POINT('Ctrl Pts',(-313.35,218.540636625583,61.8000000000001));
#6534=CARTESIAN_POINT('Origin',(-313.35,218.540636625583,59.8));
#6535=CARTESIAN_POINT('',(-315.35,-218.540636625583,59.8));
#6536=CARTESIAN_POINT('Origin',(-313.35,218.540636625583,59.8));
#6537=CARTESIAN_POINT('',(-314.55,-218.540636625583,59.8));
#6538=CARTESIAN_POINT('Origin',(-315.35,-4.00507699873883E-14,1.08994438746574E-12));
#6539=CARTESIAN_POINT('',(-315.35,212.339772435939,45.));
#6540=CARTESIAN_POINT('',(-315.35,62.0397208042083,-347.6304794911));
#6541=CARTESIAN_POINT('',(-315.35,-212.339772435938,44.9999999999999));
#6542=CARTESIAN_POINT('',(-315.35,-218.540636625583,44.9999999999999));
#6543=CARTESIAN_POINT('',(-315.35,-218.005254053751,59.8));
#6544=CARTESIAN_POINT('Origin',(-314.55,-3.994916663876E-14,1.08715120239466E-12));
#6545=CARTESIAN_POINT('',(-314.55,-212.339772435938,44.9999999999999));
#6546=CARTESIAN_POINT('',(-314.55,212.339772435939,45.));
#6547=CARTESIAN_POINT('',(-314.55,-4.56643549990975E-14,45.));
#6548=CARTESIAN_POINT('',(-314.55,170.176345752094,-65.1439836922245));
#6549=CARTESIAN_POINT('',(-314.55,-170.176345752094,-65.1439836922242));
#6550=CARTESIAN_POINT('Origin',(-315.35,-218.540636625583,44.9999999999999));
#6551=CARTESIAN_POINT('',(-315.35,212.339772435939,45.));
#6552=CARTESIAN_POINT('',(-315.35,-212.339772435938,44.9999999999999));
#6553=CARTESIAN_POINT('Origin',(-315.35,-218.005254053751,59.8));
#6554=CARTESIAN_POINT('Origin',(-315.35,62.0397208042083,-347.6304794911));
#6555=CARTESIAN_POINT('Ctrl Pts',(-313.346921985303,219.881096668384,61.2950657360237));
#6556=CARTESIAN_POINT('Ctrl Pts',(-313.610841870823,219.914716475461,61.2654570323355));
#6557=CARTESIAN_POINT('Ctrl Pts',(-313.874642015358,219.913142450871,61.1966396058814));
#6558=CARTESIAN_POINT('Ctrl Pts',(-314.361266912585,219.845096593901,60.9868968057828));
#6559=CARTESIAN_POINT('Ctrl Pts',(-314.584009813709,219.778924113522,60.84631693957));
#6560=CARTESIAN_POINT('Ctrl Pts',(-314.955731019535,219.59712720289,60.5100304433495));
#6561=CARTESIAN_POINT('Ctrl Pts',(-315.104563067815,219.481600435984,60.3144326839591));
#6562=CARTESIAN_POINT('Ctrl Pts',(-315.306129700035,219.223205709443,59.8924977013888));
#6563=CARTESIAN_POINT('Ctrl Pts',(-315.35840720096,219.080386539415,59.6662266701827));
#6564=CARTESIAN_POINT('Ctrl Pts',(-315.357997611656,218.93749921478,59.43985591803));
#6565=CARTESIAN_POINT('Ctrl Pts',(-313.346934248464,219.875754640726,61.2891106887317));
#6566=CARTESIAN_POINT('Ctrl Pts',(-313.609802646983,219.909373355306,61.2595007728819));
#6567=CARTESIAN_POINT('Ctrl Pts',(-313.872551808125,219.907938411302,61.1908383814438));
#6568=CARTESIAN_POINT('Ctrl Pts',(-314.357237960742,219.840428797266,60.9816933603538));
#6569=CARTESIAN_POINT('Ctrl Pts',(-314.57909343995,219.774652266025,60.8415548800651));
#6570=CARTESIAN_POINT('Ctrl Pts',(-314.949333684796,219.593844273389,60.5063707842342));
#6571=CARTESIAN_POINT('Ctrl Pts',(-315.097572776708,219.478910086245,60.3114336055615));
#6572=CARTESIAN_POINT('Ctrl Pts',(-315.298336354616,219.221809964669,59.8909417891809));
#6573=CARTESIAN_POINT('Ctrl Pts',(-315.350405578646,219.079692596075,59.6654530883641));
#6574=CARTESIAN_POINT('Ctrl Pts',(-315.349997621171,218.937507403526,59.4398650465335));
#6575=CARTESIAN_POINT('Ctrl Pts',(-313.348160564594,219.341551874865,60.6936059595334));
#6576=CARTESIAN_POINT('Ctrl Pts',(-313.505880263021,219.375061339854,60.6638748275136));
#6577=CARTESIAN_POINT('Ctrl Pts',(-313.663531084875,219.387534454399,60.610715937683));
#6578=CARTESIAN_POINT('Ctrl Pts',(-313.954342776445,219.373649133775,60.4613488174458));
#6579=CARTESIAN_POINT('Ctrl Pts',(-314.08745606397,219.347467516326,60.365348929581));
#6580=CARTESIAN_POINT('Ctrl Pts',(-314.309600210878,219.265551323336,60.1404048726992));
#6581=CARTESIAN_POINT('Ctrl Pts',(-314.398543666025,219.209875112345,60.011525765804));
#6582=CARTESIAN_POINT('Ctrl Pts',(-314.51900181277,219.082235487197,59.7353505683924));
#6583=CARTESIAN_POINT('Ctrl Pts',(-314.550243347187,219.010298262101,59.588094906503));
#6584=CARTESIAN_POINT('Ctrl Pts',(-314.549998572703,218.938326278059,59.4407778968756));
#6585=CARTESIAN_POINT('Ctrl Pts',(-313.348172950387,219.33615642693,60.6875913617685));
#6586=CARTESIAN_POINT('Ctrl Pts',(-313.504830646943,219.369664788498,60.6578590054654));
#6587=CARTESIAN_POINT('Ctrl Pts',(-313.66141997557,219.382278374434,60.6048567010011));
#6588=CARTESIAN_POINT('Ctrl Pts',(-313.950273535083,219.368934659174,60.4560933375624));
#6589=CARTESIAN_POINT('Ctrl Pts',(-314.082490526472,219.343152950354,60.3605392494811));
#6590=CARTESIAN_POINT('Ctrl Pts',(-314.303138902791,219.26223556454,60.1367086169927));
#6591=CARTESIAN_POINT('Ctrl Pts',(-314.391483472007,219.207157859108,60.0084966966224));
#6592=CARTESIAN_POINT('Ctrl Pts',(-314.511130533897,219.080825784974,59.7337790970624));
#6593=CARTESIAN_POINT('Ctrl Pts',(-314.54216170865,219.009597379328,59.5873135888662));
#6594=CARTESIAN_POINT('Ctrl Pts',(-314.541918582313,218.938334548692,59.4407871166641));
#6595=CARTESIAN_POINT('',(-314.55,218.93916566445,59.4424960092515));
#6596=CARTESIAN_POINT('',(-314.55,218.93916566445,59.4424960092514));
#6597=CARTESIAN_POINT('Ctrl Pts',(-313.35,219.341941732378,60.6932581518374));
#6598=CARTESIAN_POINT('Ctrl Pts',(-313.40083651281,219.352689904204,60.6836164094638));
#6599=CARTESIAN_POINT('Ctrl Pts',(-313.451672804741,219.361278037922,60.671566755756));
#6600=CARTESIAN_POINT('Ctrl Pts',(-313.502099309267,219.367723536046,60.6571285902383));
#6601=CARTESIAN_POINT('Ctrl Pts',(-313.552523926704,219.374168792962,60.6426909650338));
#6602=CARTESIAN_POINT('Ctrl Pts',(-313.60253834931,219.378471612247,60.6258650486983));
#6603=CARTESIAN_POINT('Ctrl Pts',(-313.651739662097,219.380683914264,60.6067087196717));
#6604=CARTESIAN_POINT('Ctrl Pts',(-313.700939289024,219.382896140478,60.5875530470274));
#6605=CARTESIAN_POINT('Ctrl Pts',(-313.749325434495,219.383018067026,60.5660672042645));
#6606=CARTESIAN_POINT('Ctrl Pts',(-313.796508327532,219.381135286628,60.5423466062161));
#6607=CARTESIAN_POINT('Ctrl Pts',(-313.843689752836,219.379252564797,60.5186267460511));
#6608=CARTESIAN_POINT('Ctrl Pts',(-313.889667590818,219.375365370616,60.4926723921187));
#6609=CARTESIAN_POINT('Ctrl Pts',(-313.934071493427,219.369591581966,60.4646149492699));
#6610=CARTESIAN_POINT('Ctrl Pts',(-313.980477250413,219.363557494482,60.4352925969994));
#6611=CARTESIAN_POINT('Ctrl Pts',(-314.025163294735,219.35546278536,60.4036731583119));
#6612=CARTESIAN_POINT('Ctrl Pts',(-314.06773658515,219.345477441157,60.3699461264204));
#6613=CARTESIAN_POINT('Ctrl Pts',(-314.108481472893,219.335920939306,60.3376675753636));
#6614=CARTESIAN_POINT('Ctrl Pts',(-314.147291042297,219.324633111879,60.3034590220244));
#6615=CARTESIAN_POINT('Ctrl Pts',(-314.183852560742,219.311791536231,60.2675184214878));
#6616=CARTESIAN_POINT('Ctrl Pts',(-314.220410933851,219.298951065326,60.2315809128713));
#6617=CARTESIAN_POINT('Ctrl Pts',(-314.25472132556,219.284557318895,60.1939118839971));
#6618=CARTESIAN_POINT('Ctrl Pts',(-314.286507305669,219.268812859974,60.1547371428389));
#6619=CARTESIAN_POINT('Ctrl Pts',(-314.318290952955,219.253069556564,60.1155652767764));
#6620=CARTESIAN_POINT('Ctrl Pts',(-314.347550283512,219.23597596935,60.0748881763098));
#6621=CARTESIAN_POINT('Ctrl Pts',(-314.374049596787,219.217756374107,60.0329558537774));
#6622=CARTESIAN_POINT('Ctrl Pts',(-314.400547299925,219.199537885913,59.9910260791154));
#6623=CARTESIAN_POINT('Ctrl Pts',(-314.42428509146,219.180193778305,59.9478415155983));
#6624=CARTESIAN_POINT('Ctrl Pts',(-314.44507177316,219.159966421634,59.9036723465675));
#6625=CARTESIAN_POINT('Ctrl Pts',(-314.465861778896,219.139735830367,59.8594961143613));
#6626=CARTESIAN_POINT('Ctrl Pts',(-314.483699548978,219.118621976328,59.8143352613592));
#6627=CARTESIAN_POINT('Ctrl Pts',(-314.498441361596,219.096881580182,59.7684759679759));
#6628=CARTESIAN_POINT('Ctrl Pts',(-314.513181079228,219.075144273603,59.7226231917391));
#6629=CARTESIAN_POINT('Ctrl Pts',(-314.524825592398,219.052780885443,59.676072488494));
#6630=CARTESIAN_POINT('Ctrl Pts',(-314.533281105974,219.030058116124,59.6291211636299));
#6631=CARTESIAN_POINT('Ctrl Pts',(-314.541736952095,219.007334453145,59.5821679922239));
#6632=CARTESIAN_POINT('Ctrl Pts',(-314.547003473986,218.984251671463,59.5348144917717));
#6633=CARTESIAN_POINT('Ctrl Pts',(-314.549038247125,218.961082290915,59.4873644548785));
#6634=CARTESIAN_POINT('Ctrl Pts',(-314.549679330049,218.953782462772,59.4724146760548));
#6635=CARTESIAN_POINT('Ctrl Pts',(-314.55,218.94647406384,59.4574553429085));
#6636=CARTESIAN_POINT('Ctrl Pts',(-314.55,218.93916566445,59.4424960092515));
#6637=CARTESIAN_POINT('Ctrl Pts',(-313.35,219.876145136908,61.2887635863956));
#6638=CARTESIAN_POINT('Ctrl Pts',(-313.424569685969,219.885604729082,61.2802777757695));
#6639=CARTESIAN_POINT('Ctrl Pts',(-313.499139177507,219.892276566543,61.2686843041526));
#6640=CARTESIAN_POINT('Ctrl Pts',(-313.573242862728,219.896178056031,61.2540025757793));
#6641=CARTESIAN_POINT('Ctrl Pts',(-313.647344094921,219.90007941637,61.2393213334104));
#6642=CARTESIAN_POINT('Ctrl Pts',(-313.720979165278,219.901210641317,61.2215520712597));
#6643=CARTESIAN_POINT('Ctrl Pts',(-313.793688326825,219.899623727802,61.2007527531194));
#6644=CARTESIAN_POINT('Ctrl Pts',(-313.866395259371,219.898036862936,61.179954072611));
#6645=CARTESIAN_POINT('Ctrl Pts',(-313.938175960864,219.893732084026,61.1561255862824));
#6646=CARTESIAN_POINT('Ctrl Pts',(-314.008582289667,219.886795321096,61.1293630849815));
#6647=CARTESIAN_POINT('Ctrl Pts',(-314.078986632261,219.879858753857,61.1026013386686));
#6648=CARTESIAN_POINT('Ctrl Pts',(-314.148016312765,219.870290436721,61.0729058383717));
#6649=CARTESIAN_POINT('Ctrl Pts',(-314.215240389001,219.858209152705,61.0404089979472));
#6650=CARTESIAN_POINT('Ctrl Pts',(-314.282462733178,219.84612817997,61.0079129948187));
#6651=CARTESIAN_POINT('Ctrl Pts',(-314.34787921583,219.831534482258,60.9726159212249));
#6652=CARTESIAN_POINT('Ctrl Pts',(-314.411081472446,219.814578206058,60.9346851535788));
#6653=CARTESIAN_POINT('Ctrl Pts',(-314.474282255141,219.797622325291,60.8967552705056));
#6654=CARTESIAN_POINT('Ctrl Pts',(-314.535268585778,219.778304114013,60.8561919698144));
#6655=CARTESIAN_POINT('Ctrl Pts',(-314.59365977294,219.756803201903,60.8131954944241));
#6656=CARTESIAN_POINT('Ctrl Pts',(-314.652377874188,219.735181912876,60.7699582951479));
#6657=CARTESIAN_POINT('Ctrl Pts',(-314.708471350866,219.711353552875,60.7242607544584));
#6658=CARTESIAN_POINT('Ctrl Pts',(-314.761586129652,219.685528567994,60.6763374679996));
#6659=CARTESIAN_POINT('Ctrl Pts',(-314.814412702275,219.659843712093,60.6286742181413));
#6660=CARTESIAN_POINT('Ctrl Pts',(-314.864292570485,219.632184047528,60.5788095422322));
#6661=CARTESIAN_POINT('Ctrl Pts',(-314.910914283691,219.602781347525,60.527001810424));
#6662=CARTESIAN_POINT('Ctrl Pts',(-314.957533016771,219.573380526983,60.4751973902375));
#6663=CARTESIAN_POINT('Ctrl Pts',(-315.00089376873,219.542237096674,60.4214503886713));
#6664=CARTESIAN_POINT('Ctrl Pts',(-315.040725828974,219.509604546379,60.3660433844979));
#6665=CARTESIAN_POINT('Ctrl Pts',(-315.080555732781,219.476973762752,60.3106393799616));
#6666=CARTESIAN_POINT('Ctrl Pts',(-315.116857119709,219.44285423994,60.2535757973168));
#6667=CARTESIAN_POINT('Ctrl Pts',(-315.14940337681,219.407518015516,60.1951558915637));
#6668=CARTESIAN_POINT('Ctrl Pts',(-315.18226572901,219.371838599328,60.1361686011844));
#6669=CARTESIAN_POINT('Ctrl Pts',(-315.211299403069,219.334918949508,60.0757987552807));
#6670=CARTESIAN_POINT('Ctrl Pts',(-315.236319624153,219.297054808381,60.0143760338212));
#6671=CARTESIAN_POINT('Ctrl Pts',(-315.261100551693,219.259552800128,59.9535407596392));
#6672=CARTESIAN_POINT('Ctrl Pts',(-315.281944376804,219.221124547498,59.8916729507433));
#6673=CARTESIAN_POINT('Ctrl Pts',(-315.298720966662,219.182069021753,59.8291058865713));
#6674=CARTESIAN_POINT('Ctrl Pts',(-315.315740557693,219.142447794713,59.7656325673029));
#6675=CARTESIAN_POINT('Ctrl Pts',(-315.328574017225,219.102181237912,59.7014398640387));
#6676=CARTESIAN_POINT('Ctrl Pts',(-315.337138889625,219.061589720933,59.636884910084));
#6677=CARTESIAN_POINT('Ctrl Pts',(-315.345703762026,219.020998203954,59.5723299561294));
#6678=CARTESIAN_POINT('Ctrl Pts',(-315.35,218.980082003935,59.5074130604257));
#6679=CARTESIAN_POINT('Ctrl Pts',(-315.35,218.93916566445,59.4424960092515));
#6680=CARTESIAN_POINT('Ctrl Pts',(-315.357999942942,285.20246381932,-0.000219412178631794));
#6681=CARTESIAN_POINT('Ctrl Pts',(-315.358063037732,285.461156662017,0.121092405784551));
#6682=CARTESIAN_POINT('Ctrl Pts',(-315.305797814042,285.719709152833,0.242298941688929));
#6683=CARTESIAN_POINT('Ctrl Pts',(-315.104563067815,286.210130553924,0.455015960512327));
#6684=CARTESIAN_POINT('Ctrl Pts',(-314.955731019535,286.44184833954,0.546383541353942));
#6685=CARTESIAN_POINT('Ctrl Pts',(-314.584009813709,286.856027287593,0.674209680476694));
#6686=CARTESIAN_POINT('Ctrl Pts',(-314.361266912585,287.038390786682,0.710559368140721));
#6687=CARTESIAN_POINT('Ctrl Pts',(-313.875443259023,287.338776733786,0.711433585797946));
#6688=CARTESIAN_POINT('Ctrl Pts',(-313.612569794424,287.456694675458,0.67586718167224));
#6689=CARTESIAN_POINT('Ctrl Pts',(-313.349524239212,287.539695597414,0.601325710940756));
#6690=CARTESIAN_POINT('Ctrl Pts',(-315.349999943169,285.202465085133,-0.000218001206833145));
#6691=CARTESIAN_POINT('Ctrl Pts',(-315.350062786586,285.46045806636,0.120313698097042));
#6692=CARTESIAN_POINT('Ctrl Pts',(-315.298005790879,285.71831127645,0.24074065326114));
#6693=CARTESIAN_POINT('Ctrl Pts',(-315.097572776708,286.207440204185,0.452016882114751));
#6694=CARTESIAN_POINT('Ctrl Pts',(-314.949333684796,286.43856541004,0.542723882238592));
#6695=CARTESIAN_POINT('Ctrl Pts',(-314.57909343995,286.851755440096,0.669447620971853));
#6696=CARTESIAN_POINT('Ctrl Pts',(-314.357237960742,287.033722990047,0.705355922711641));
#6697=CARTESIAN_POINT('Ctrl Pts',(-313.873349859584,287.333573577158,0.705633345622849));
#6698=CARTESIAN_POINT('Ctrl Pts',(-313.611523648376,287.45135250089,0.669911915994165));
#6699=CARTESIAN_POINT('Ctrl Pts',(-313.349526134766,287.534353563471,0.595370656808518));
#6700=CARTESIAN_POINT('Ctrl Pts',(-314.549999965901,285.202591666481,-7.69040269682782E-5));
#6701=CARTESIAN_POINT('Ctrl Pts',(-314.550037671951,285.390598500607,0.042442929346146));
#6702=CARTESIAN_POINT('Ctrl Pts',(-314.518803474527,285.578523638074,0.0849118104821942));
#6703=CARTESIAN_POINT('Ctrl Pts',(-314.398543666025,285.938405230285,0.152109042357189));
#6704=CARTESIAN_POINT('Ctrl Pts',(-314.309600210878,286.110272459986,0.176757970703577));
#6705=CARTESIAN_POINT('Ctrl Pts',(-314.08745606397,286.424570690397,0.193241670487712));
#6706=CARTESIAN_POINT('Ctrl Pts',(-313.954342776445,286.566943326556,0.185011379803676));
#6707=CARTESIAN_POINT('Ctrl Pts',(-313.664009915751,286.813257914392,0.125609328113229));
#6708=CARTESIAN_POINT('Ctrl Pts',(-313.506909043565,286.917135044142,0.0743853481867201));
#6709=CARTESIAN_POINT('Ctrl Pts',(-313.349715690171,287.000150169202,-0.000134756415297756));
#6710=CARTESIAN_POINT('Ctrl Pts',(-314.541919966131,285.202592944953,-7.54789454516431E-5));
#6711=CARTESIAN_POINT('Ctrl Pts',(-314.541957418293,285.389892918993,0.0416564345817619));
#6712=CARTESIAN_POINT('Ctrl Pts',(-314.510933531132,285.577111782927,0.0833379391701269));
#6713=CARTESIAN_POINT('Ctrl Pts',(-314.391483472007,285.935687977049,0.149079973175638));
#6714=CARTESIAN_POINT('Ctrl Pts',(-314.303138902791,286.106956701191,0.173061714997074));
#6715=CARTESIAN_POINT('Ctrl Pts',(-314.082490526472,286.420256124425,0.188431990387822));
#6716=CARTESIAN_POINT('Ctrl Pts',(-313.950273535083,286.562228851955,0.179755899920306));
#6717=CARTESIAN_POINT('Ctrl Pts',(-313.661895582318,286.808002726198,0.119751085536382));
#6718=CARTESIAN_POINT('Ctrl Pts',(-313.505852436057,286.911739447829,0.0683705298518649));
#6719=CARTESIAN_POINT('Ctrl Pts',(-313.349717604681,286.99475471492,-0.0061493610888583));
#6720=CARTESIAN_POINT('',(-314.55,285.20293170755,-6.263978051535E-14));
#6721=CARTESIAN_POINT('Ctrl Pts',(-314.55,285.20293170755,-6.15063555642337E-14));
#6722=CARTESIAN_POINT('Ctrl Pts',(-314.55,285.256364795943,0.0120844744643764));
#6723=CARTESIAN_POINT('Ctrl Pts',(-314.547509429402,285.30939139591,0.0240761600890016));
#6724=CARTESIAN_POINT('Ctrl Pts',(-314.54261600258,285.362048501346,0.035823842455061));
#6725=CARTESIAN_POINT('Ctrl Pts',(-314.537680067687,285.415163026915,0.0476735742288276));
#6726=CARTESIAN_POINT('Ctrl Pts',(-314.530299328473,285.467902475953,0.0592760097385321));
#6727=CARTESIAN_POINT('Ctrl Pts',(-314.520510842092,285.520308873918,0.0704804844260726));
#6728=CARTESIAN_POINT('Ctrl Pts',(-314.510794692916,285.572327987047,0.0816021577133592));
#6729=CARTESIAN_POINT('Ctrl Pts',(-314.498705904199,285.624019769675,0.0923326402426023));
#6730=CARTESIAN_POINT('Ctrl Pts',(-314.484231745738,285.675416721018,0.102514994633619));
#6731=CARTESIAN_POINT('Ctrl Pts',(-314.476466685712,285.702990027846,0.10797759843646));
#6732=CARTESIAN_POINT('Ctrl Pts',(-314.468014284836,285.730478259055,0.113282200399711));
#6733=CARTESIAN_POINT('Ctrl Pts',(-314.458867344238,285.757884172526,0.118402049558589));
#6734=CARTESIAN_POINT('Ctrl Pts',(-314.438461965831,285.819022432797,0.129823623619771));
#6735=CARTESIAN_POINT('Ctrl Pts',(-314.4148962587,285.878872309329,0.140160725315018));
#6736=CARTESIAN_POINT('Ctrl Pts',(-314.388366654681,285.937414292414,0.149170553753069));
#6737=CARTESIAN_POINT('Ctrl Pts',(-314.361434643283,285.996844254304,0.158317045424273));
#6738=CARTESIAN_POINT('Ctrl Pts',(-314.331447358789,286.054927559587,0.166097047688668));
#6739=CARTESIAN_POINT('Ctrl Pts',(-314.298559250669,286.111634475553,0.172246151244355));
#6740=CARTESIAN_POINT('Ctrl Pts',(-314.267945101725,286.164420545376,0.177970091686433));
#6741=CARTESIAN_POINT('Ctrl Pts',(-314.234816045447,286.216014544829,0.182281495271727));
#6742=CARTESIAN_POINT('Ctrl Pts',(-314.199269297348,286.266372277881,0.184944559809933));
#6743=CARTESIAN_POINT('Ctrl Pts',(-314.158784977861,286.323724881495,0.18797753360763));
#6744=CARTESIAN_POINT('Ctrl Pts',(-314.115483595178,286.379011073307,0.18884227774445));
#6745=CARTESIAN_POINT('Ctrl Pts',(-314.06979170851,286.432051053896,0.1872782359126));
#6746=CARTESIAN_POINT('Ctrl Pts',(-314.023781951783,286.485460023884,0.185703313329116));
#6747=CARTESIAN_POINT('Ctrl Pts',(-313.975348379295,286.536591444373,0.181665720071512));
#6748=CARTESIAN_POINT('Ctrl Pts',(-313.924950659143,286.585293087906,0.174934372226447));
#6749=CARTESIAN_POINT('Ctrl Pts',(-313.874555239115,286.633992508721,0.168203331596528));
#6750=CARTESIAN_POINT('Ctrl Pts',(-313.822195880773,286.680262382591,0.158778791428269));
#6751=CARTESIAN_POINT('Ctrl Pts',(-313.768355515782,286.723981437536,0.146464183957436));
#6752=CARTESIAN_POINT('Ctrl Pts',(-313.714786003023,286.767480557055,0.134211527012524));
#6753=CARTESIAN_POINT('Ctrl Pts',(-313.659750358434,286.808454430977,0.119097777728228));
#6754=CARTESIAN_POINT('Ctrl Pts',(-313.60374704304,286.846814328202,0.100963565099747));
#6755=CARTESIAN_POINT('Ctrl Pts',(-313.548550976744,286.884621294012,0.0830907446172506));
#6756=CARTESIAN_POINT('Ctrl Pts',(-313.49241497157,286.919889058818,0.0622838660543022));
#6757=CARTESIAN_POINT('Ctrl Pts',(-313.435838046489,286.952563004596,0.0384241629609349));
#6758=CARTESIAN_POINT('Ctrl Pts',(-313.407315071518,286.969035411612,0.026395412491066));
#6759=CARTESIAN_POINT('Ctrl Pts',(-313.378680375253,286.984849053236,0.0135912904789777));
#6760=CARTESIAN_POINT('Ctrl Pts',(-313.35,287.,-3.60718626804407E-14));
#6761=CARTESIAN_POINT('',(-314.55,285.20293170755,2.08166817117217E-14));
#6762=CARTESIAN_POINT('Ctrl Pts',(-315.35,285.20293170755,1.98729921407903E-14));
#6763=CARTESIAN_POINT('Ctrl Pts',(-315.35,285.272309109562,0.0324124036356224));
#6764=CARTESIAN_POINT('Ctrl Pts',(-315.346281413327,285.341255546698,0.0646227021943225));
#6765=CARTESIAN_POINT('Ctrl Pts',(-315.338957085622,285.409726735868,0.0964450929555056));
#6766=CARTESIAN_POINT('Ctrl Pts',(-315.331552795744,285.478945448261,0.128614899562148));
#6767=CARTESIAN_POINT('Ctrl Pts',(-315.320463636198,285.547679369674,0.160389275002314));
#6768=CARTESIAN_POINT('Ctrl Pts',(-315.305753161602,285.615889198583,0.191583452194783));
#6769=CARTESIAN_POINT('Ctrl Pts',(-315.291127413507,285.683706165931,0.222597963298264));
#6770=CARTESIAN_POINT('Ctrl Pts',(-315.272921622635,285.751005918258,0.253039896498604));
#6771=CARTESIAN_POINT('Ctrl Pts',(-315.251148535041,285.81774303443,0.282720084395613));
#6772=CARTESIAN_POINT('Ctrl Pts',(-315.235262429914,285.866435845628,0.304375377109842));
#6773=CARTESIAN_POINT('Ctrl Pts',(-315.2174762015,285.914829043092,0.325625049905005));
#6774=CARTESIAN_POINT('Ctrl Pts',(-315.197779837026,285.962898791991,0.346388724588292));
#6775=CARTESIAN_POINT('Ctrl Pts',(-315.174948411269,286.018619780736,0.37045734383112));
#6776=CARTESIAN_POINT('Ctrl Pts',(-315.149789962912,286.073328996462,0.393622888761442));
#6777=CARTESIAN_POINT('Ctrl Pts',(-315.122380953873,286.127086975404,0.415826371757325));
#6778=CARTESIAN_POINT('Ctrl Pts',(-315.09473662496,286.181306493133,0.43822048261566));
#6779=CARTESIAN_POINT('Ctrl Pts',(-315.064802558102,286.234558960608,0.459636599136365));
#6780=CARTESIAN_POINT('Ctrl Pts',(-315.032607640205,286.286894813101,0.480001188120044));
#6781=CARTESIAN_POINT('Ctrl Pts',(-315.026327215066,286.297104232014,0.483973811284213));
#6782=CARTESIAN_POINT('Ctrl Pts',(-315.019960615203,286.3072787189,0.487906362579886));
#6783=CARTESIAN_POINT('Ctrl Pts',(-315.013507857883,286.317418567628,0.491798206361223));
#6784=CARTESIAN_POINT('Ctrl Pts',(-314.985899477702,286.360802315802,0.508449615576883));
#6785=CARTESIAN_POINT('Ctrl Pts',(-314.956607930597,286.403712138563,0.524414743734882));
#6786=CARTESIAN_POINT('Ctrl Pts',(-314.925764358587,286.445937411723,0.53954794429017));
#6787=CARTESIAN_POINT('Ctrl Pts',(-314.89495072402,286.488121700114,0.55466645623156));
#6788=CARTESIAN_POINT('Ctrl Pts',(-314.862588386475,286.529622446266,0.568954297069527));
#6789=CARTESIAN_POINT('Ctrl Pts',(-314.828851224263,286.570249090973,0.582287928445749));
#6790=CARTESIAN_POINT('Ctrl Pts',(-314.807888556874,286.595492554984,0.590572812570805));
#6791=CARTESIAN_POINT('Ctrl Pts',(-314.786395939295,286.62039895293,0.59848974921181));
#6792=CARTESIAN_POINT('Ctrl Pts',(-314.764422573324,286.644927140196,0.606014195744678));
#6793=CARTESIAN_POINT('Ctrl Pts',(-314.722090737803,286.692180855914,0.620510091977941));
#6794=CARTESIAN_POINT('Ctrl Pts',(-314.678071910219,286.737931809882,0.633520208490817));
#6795=CARTESIAN_POINT('Ctrl Pts',(-314.632428728173,286.782253193443,0.644998266336691));
#6796=CARTESIAN_POINT('Ctrl Pts',(-314.586552055154,286.826801306221,0.656535041010956));
#6797=CARTESIAN_POINT('Ctrl Pts',(-314.539033658294,286.869905624346,0.666524531930354));
#6798=CARTESIAN_POINT('Ctrl Pts',(-314.48990021793,286.911615817296,0.674892266624495));
#6799=CARTESIAN_POINT('Ctrl Pts',(-314.480829474155,286.919316122226,0.676437071483063));
#6800=CARTESIAN_POINT('Ctrl Pts',(-314.471703602211,286.926968834275,0.677926516318692));
#6801=CARTESIAN_POINT('Ctrl Pts',(-314.462522664195,286.934574156869,0.679360010922071));
#6802=CARTESIAN_POINT('Ctrl Pts',(-314.424131130787,286.966377007071,0.685354393615605));
#6803=CARTESIAN_POINT('Ctrl Pts',(-314.384639098539,286.997461619952,0.69038796325096));
#6804=CARTESIAN_POINT('Ctrl Pts',(-314.344258483497,287.027661660241,0.694377298044472));
#6805=CARTESIAN_POINT('Ctrl Pts',(-314.303899877822,287.057845240064,0.698364458459625));
#6806=CARTESIAN_POINT('Ctrl Pts',(-314.262654112616,287.087145003143,0.701308289993148));
#6807=CARTESIAN_POINT('Ctrl Pts',(-314.220760912046,287.115424171379,0.703158153142553));
#6808=CARTESIAN_POINT('Ctrl Pts',(-314.186231122811,287.138732815875,0.704682872758005));
#6809=CARTESIAN_POINT('Ctrl Pts',(-314.151262140229,287.161348611749,0.705464954442503));
#6810=CARTESIAN_POINT('Ctrl Pts',(-314.115999077917,287.183211212739,0.705494149403735));
#6811=CARTESIAN_POINT('Ctrl Pts',(-314.060604586728,287.217555015532,0.705540011558542));
#6812=CARTESIAN_POINT('Ctrl Pts',(-314.004402463005,287.250099745892,0.703733633958433));
#6813=CARTESIAN_POINT('Ctrl Pts',(-313.947439932946,287.280924746862,0.700034484349744));
#6814=CARTESIAN_POINT('Ctrl Pts',(-313.890391173071,287.311796410685,0.696329734972416));
#6815=CARTESIAN_POINT('Ctrl Pts',(-313.832578783169,287.340943337809,0.690726705303385));
#6816=CARTESIAN_POINT('Ctrl Pts',(-313.774032984028,287.368412557851,0.683148254927453));
#6817=CARTESIAN_POINT('Ctrl Pts',(-313.763501981423,287.373353619927,0.681785071200757));
#6818=CARTESIAN_POINT('Ctrl Pts',(-313.75294722533,287.3782403095,0.680357872034659));
#6819=CARTESIAN_POINT('Ctrl Pts',(-313.742368868781,287.383072781246,0.678866075776404));
#6820=CARTESIAN_POINT('Ctrl Pts',(-313.689773257234,287.407099841176,0.671448861567127));
#6821=CARTESIAN_POINT('Ctrl Pts',(-313.636495299852,287.429829680481,0.662416643286635));
#6822=CARTESIAN_POINT('Ctrl Pts',(-313.582815922382,287.451161714226,0.65173250677255));
#6823=CARTESIAN_POINT('Ctrl Pts',(-313.529208631527,287.472465100952,0.64106271810071));
#6824=CARTESIAN_POINT('Ctrl Pts',(-313.475201566252,287.492374339765,0.62874534008639));
#6825=CARTESIAN_POINT('Ctrl Pts',(-313.421086213066,287.510823068179,0.614781305576126));
#6826=CARTESIAN_POINT('Ctrl Pts',(-313.397403214456,287.518896954491,0.608670097010922));
#6827=CARTESIAN_POINT('Ctrl Pts',(-313.373699575454,287.526691557084,0.60224400359112));
#6828=CARTESIAN_POINT('Ctrl Pts',(-313.35,287.53420340453,0.595505434558198));
#6829=CARTESIAN_POINT('',(-313.35,287.,0.));
#6830=CARTESIAN_POINT('Origin',(-313.35,286.198694893205,-0.893258151837381));
#6831=CARTESIAN_POINT('Origin',(-313.35,286.198694893205,-0.893258151837381));
#6832=CARTESIAN_POINT('',(-314.55,218.540636625583,59.8));
#6833=CARTESIAN_POINT('Origin',(-314.55,5.47622514282977E-13,9.69225664273876E-13));
#6834=CARTESIAN_POINT('',(-314.55,213.273684046638,44.6424960092514));
#6835=CARTESIAN_POINT('',(-314.55,171.110257362795,-65.5014876829721));
#6836=CARTESIAN_POINT('',(-314.55,263.039089434,-1.23603809376491E-13));
#6837=CARTESIAN_POINT('',(-314.55,117.288010998671,130.747290949339));
#6838=CARTESIAN_POINT('',(-314.55,5.47622514282998E-13,-1.96597703559321E-12));
#6839=CARTESIAN_POINT('Origin',(-315.35,208.657873641775,48.7831494606729));
#6840=CARTESIAN_POINT('',(-315.35,213.273684046638,44.6424960092514));
#6841=CARTESIAN_POINT('',(-315.35,263.039089434,-1.31838984174237E-13));
#6842=CARTESIAN_POINT('Origin',(-315.35,263.039089434,-1.35066551056873E-13));
#6843=CARTESIAN_POINT('Origin',(-315.35,218.93916566445,59.4424960092514));
#6844=CARTESIAN_POINT('Ctrl Pts',(-313.349524239211,-287.539695597415,0.601325710941047));
#6845=CARTESIAN_POINT('Ctrl Pts',(-313.612569794424,-287.456694675458,0.67586718167256));
#6846=CARTESIAN_POINT('Ctrl Pts',(-313.875443259023,-287.338776733786,0.711433585798287));
#6847=CARTESIAN_POINT('Ctrl Pts',(-314.361266912585,-287.038390786683,0.710559368140992));
#6848=CARTESIAN_POINT('Ctrl Pts',(-314.58400981371,-286.856027287593,0.67420968047691));
#6849=CARTESIAN_POINT('Ctrl Pts',(-314.955731019536,-286.441848339541,0.546383541354036));
#6850=CARTESIAN_POINT('Ctrl Pts',(-315.104563067815,-286.210130553924,0.455015960512346));
#6851=CARTESIAN_POINT('Ctrl Pts',(-315.305797814042,-285.719709152834,0.242298941688819));
#6852=CARTESIAN_POINT('Ctrl Pts',(-315.358063037732,-285.461156662017,0.121092405784334));
#6853=CARTESIAN_POINT('Ctrl Pts',(-315.357999942942,-285.20246381932,-0.000219412178813672));
#6854=CARTESIAN_POINT('Ctrl Pts',(-313.349526134765,-287.534353563472,0.595370656808809));
#6855=CARTESIAN_POINT('Ctrl Pts',(-313.611523648376,-287.451352500891,0.669911915994486));
#6856=CARTESIAN_POINT('Ctrl Pts',(-313.873349859584,-287.333573577158,0.705633345623191));
#6857=CARTESIAN_POINT('Ctrl Pts',(-314.357237960742,-287.033722990048,0.705355922711913));
#6858=CARTESIAN_POINT('Ctrl Pts',(-314.57909343995,-286.851755440096,0.669447620972069));
#6859=CARTESIAN_POINT('Ctrl Pts',(-314.949333684796,-286.43856541004,0.542723882238687));
#6860=CARTESIAN_POINT('Ctrl Pts',(-315.097572776709,-286.207440204185,0.452016882114771));
#6861=CARTESIAN_POINT('Ctrl Pts',(-315.298005790879,-285.71831127645,0.240740653261031));
#6862=CARTESIAN_POINT('Ctrl Pts',(-315.350062786586,-285.460458066359,0.120313698096827));
#6863=CARTESIAN_POINT('Ctrl Pts',(-315.349999943169,-285.202465085133,-0.000218001207013603));
#6864=CARTESIAN_POINT('Ctrl Pts',(-313.349715690171,-287.000150169202,-0.000134756415012182));
#6865=CARTESIAN_POINT('Ctrl Pts',(-313.506909043565,-286.917135044142,0.0743853481870513));
#6866=CARTESIAN_POINT('Ctrl Pts',(-313.664009915751,-286.813257914393,0.125609328113559));
#6867=CARTESIAN_POINT('Ctrl Pts',(-313.954342776445,-286.566943326557,0.185011379803966));
#6868=CARTESIAN_POINT('Ctrl Pts',(-314.08745606397,-286.424570690397,0.193241670487971));
#6869=CARTESIAN_POINT('Ctrl Pts',(-314.309600210878,-286.110272459987,0.176757970703754));
#6870=CARTESIAN_POINT('Ctrl Pts',(-314.398543666025,-285.938405230285,0.152109042357317));
#6871=CARTESIAN_POINT('Ctrl Pts',(-314.518803474527,-285.578523638075,0.0849118104822321));
#6872=CARTESIAN_POINT('Ctrl Pts',(-314.550037671951,-285.390598500607,0.0424429293460531));
#6873=CARTESIAN_POINT('Ctrl Pts',(-314.549999965901,-285.202591666481,-7.69040270066967E-5));
#6874=CARTESIAN_POINT('Ctrl Pts',(-313.349717604681,-286.99475471492,-0.00614936108857278));
#6875=CARTESIAN_POINT('Ctrl Pts',(-313.505852436057,-286.911739447829,0.0683705298521962));
#6876=CARTESIAN_POINT('Ctrl Pts',(-313.661895582318,-286.808002726199,0.119751085536711));
#6877=CARTESIAN_POINT('Ctrl Pts',(-313.950273535084,-286.562228851955,0.179755899920595));
#6878=CARTESIAN_POINT('Ctrl Pts',(-314.082490526472,-286.420256124426,0.188431990388082));
#6879=CARTESIAN_POINT('Ctrl Pts',(-314.303138902791,-286.106956701191,0.173061714997251));
#6880=CARTESIAN_POINT('Ctrl Pts',(-314.391483472007,-285.935687977049,0.149079973175766));
#6881=CARTESIAN_POINT('Ctrl Pts',(-314.510933531132,-285.577111782927,0.0833379391701662));
#6882=CARTESIAN_POINT('Ctrl Pts',(-314.541957418294,-285.389892918993,0.0416564345816703));
#6883=CARTESIAN_POINT('Ctrl Pts',(-314.541919966131,-285.202592944953,-7.5478945488627E-5));
#6884=CARTESIAN_POINT('',(-314.55,-285.20293170755,1.37043154602168E-13));
#6885=CARTESIAN_POINT('',(-315.35,-285.20293170755,-2.53874367472221E-15));
#6886=CARTESIAN_POINT('Ctrl Pts',(-313.35,-287.,3.05533376376843E-13));
#6887=CARTESIAN_POINT('Ctrl Pts',(-313.39467563494,-286.976399256962,0.0211712547845908));
#6888=CARTESIAN_POINT('Ctrl Pts',(-313.43901076518,-286.951314539772,0.0403278975017101));
#6889=CARTESIAN_POINT('Ctrl Pts',(-313.482917532292,-286.924708758342,0.0576210353392241));
#6890=CARTESIAN_POINT('Ctrl Pts',(-313.527205707365,-286.897871858623,0.0750643946773513));
#6891=CARTESIAN_POINT('Ctrl Pts',(-313.571059340652,-286.869487339818,0.0906117174606117));
#6892=CARTESIAN_POINT('Ctrl Pts',(-313.614394342877,-286.83948177057,0.104378658392307));
#6893=CARTESIAN_POINT('Ctrl Pts',(-313.65740909815,-286.809697943369,0.118043861222206));
#6894=CARTESIAN_POINT('Ctrl Pts',(-313.69991408181,-286.778316704355,0.129954640426842));
#6895=CARTESIAN_POINT('Ctrl Pts',(-313.741814174018,-286.745233536987,0.140187651778334));
#6896=CARTESIAN_POINT('Ctrl Pts',(-313.764292629809,-286.727485162797,0.14567743189926));
#6897=CARTESIAN_POINT('Ctrl Pts',(-313.786596662299,-286.709246417549,0.15068373231649));
#6898=CARTESIAN_POINT('Ctrl Pts',(-313.808708200147,-286.690497669065,0.155214493306723));
#6899=CARTESIAN_POINT('Ctrl Pts',(-313.858035545409,-286.648672175241,0.165321904795141));
#6900=CARTESIAN_POINT('Ctrl Pts',(-313.905695305462,-286.604911205082,0.172919977417992));
#6901=CARTESIAN_POINT('Ctrl Pts',(-313.951493716052,-286.559236049584,0.178253497768075));
#6902=CARTESIAN_POINT('Ctrl Pts',(-313.997986807891,-286.512868082402,0.183667918230751));
#6903=CARTESIAN_POINT('Ctrl Pts',(-314.042563474214,-286.464526898921,0.186747986173833));
#6904=CARTESIAN_POINT('Ctrl Pts',(-314.085007039408,-286.414200680079,0.187711790888784));
#6905=CARTESIAN_POINT('Ctrl Pts',(-314.12451595922,-286.36735413136,0.188608955936619));
#6906=CARTESIAN_POINT('Ctrl Pts',(-314.162177402251,-286.318786652454,0.187671378531728));
#6907=CARTESIAN_POINT('Ctrl Pts',(-314.197786329556,-286.268470439836,0.185054599064038));
#6908=CARTESIAN_POINT('Ctrl Pts',(-314.238341465166,-286.211165123991,0.182074339499771));
#6909=CARTESIAN_POINT('Ctrl Pts',(-314.27590275482,-286.152045960631,0.176936774620604));
#6910=CARTESIAN_POINT('Ctrl Pts',(-314.310156183314,-286.09136790092,0.169986236446903));
#6911=CARTESIAN_POINT('Ctrl Pts',(-314.344647906617,-286.030267715097,0.16298734465629));
#6912=CARTESIAN_POINT('Ctrl Pts',(-314.375785619337,-285.967586910643,0.154150214804728));
#6913=CARTESIAN_POINT('Ctrl Pts',(-314.403295656284,-285.903601919249,0.14384438798367));
#6914=CARTESIAN_POINT('Ctrl Pts',(-314.430804437688,-285.839619848095,0.133539031515077));
#6915=CARTESIAN_POINT('Ctrl Pts',(-314.454685886763,-285.774333729121,0.121765134516767));
#6916=CARTESIAN_POINT('Ctrl Pts',(-314.474712702164,-285.708035532539,0.108909551309608));
#6917=CARTESIAN_POINT('Ctrl Pts',(-314.494638769592,-285.642070859226,0.0961186400899575));
#6918=CARTESIAN_POINT('Ctrl Pts',(-314.510748848481,-285.575104273154,0.0822569069774247));
#6919=CARTESIAN_POINT('Ctrl Pts',(-314.522865055385,-285.507438572467,0.0677223550898205));
#6920=CARTESIAN_POINT('Ctrl Pts',(-314.534806615539,-285.440748226104,0.0533973087256165));
#6921=CARTESIAN_POINT('Ctrl Pts',(-314.542868554,-285.373378798664,0.0384187273031514));
#6922=CARTESIAN_POINT('Ctrl Pts',(-314.546925991769,-285.305634741729,0.0231838802534412));
#6923=CARTESIAN_POINT('Ctrl Pts',(-314.548971528811,-285.271481912853,0.0155033079968948));
#6924=CARTESIAN_POINT('Ctrl Pts',(-314.55,-285.237234096947,0.00775785868273379));
#6925=CARTESIAN_POINT('Ctrl Pts',(-314.55,-285.20293170755,9.9475983006414E-14));
#6926=CARTESIAN_POINT('',(-313.35,-287.,0.));
#6927=CARTESIAN_POINT('Ctrl Pts',(-313.35,-287.534203404531,0.595505434558319));
#6928=CARTESIAN_POINT('Ctrl Pts',(-313.420454258581,-287.511872133515,0.615537898263479));
#6929=CARTESIAN_POINT('Ctrl Pts',(-313.490470295193,-287.487196100715,0.632678214374468));
#6930=CARTESIAN_POINT('Ctrl Pts',(-313.559880231451,-287.46018284087,0.647071220239361));
#6931=CARTESIAN_POINT('Ctrl Pts',(-313.630047939552,-287.432874668095,0.661621359436542));
#6932=CARTESIAN_POINT('Ctrl Pts',(-313.699597574653,-287.403177978021,0.673363897619904));
#6933=CARTESIAN_POINT('Ctrl Pts',(-313.768365355742,-287.371065145571,0.682408995170263));
#6934=CARTESIAN_POINT('Ctrl Pts',(-313.836737061686,-287.3391372703,0.691401996546019));
#6935=CARTESIAN_POINT('Ctrl Pts',(-313.904337178532,-287.304820789347,0.697728300288105));
#6936=CARTESIAN_POINT('Ctrl Pts',(-313.970994563356,-287.268055353662,0.701459166049212));
#6937=CARTESIAN_POINT('Ctrl Pts',(-314.019629200875,-287.241230514337,0.704181284602152));
#6938=CARTESIAN_POINT('Ctrl Pts',(-314.067761833963,-287.213101257742,0.705520922937706));
#6939=CARTESIAN_POINT('Ctrl Pts',(-314.115316714751,-287.183634151672,0.705494620586059));
#6940=CARTESIAN_POINT('Ctrl Pts',(-314.170440884072,-287.149476779862,0.70546413170118));
#6941=CARTESIAN_POINT('Ctrl Pts',(-314.224217205578,-287.113877270712,0.703601210498628));
#6942=CARTESIAN_POINT('Ctrl Pts',(-314.276642193284,-287.076823817978,0.700019166557333));
#6943=CARTESIAN_POINT('Ctrl Pts',(-314.32951727539,-287.039452243061,0.696406369000491));
#6944=CARTESIAN_POINT('Ctrl Pts',(-314.381018604394,-287.00060140666,0.691044529746572));
#6945=CARTESIAN_POINT('Ctrl Pts',(-314.43112512189,-286.960226101018,0.684013009386817));
#6946=CARTESIAN_POINT('Ctrl Pts',(-314.440899653162,-286.952349886358,0.682641335219715));
#6947=CARTESIAN_POINT('Ctrl Pts',(-314.450621029656,-286.944415565858,0.681206018576702));
#6948=CARTESIAN_POINT('Ctrl Pts',(-314.46028897444,-286.936422672255,0.679707501812096));
#6949=CARTESIAN_POINT('Ctrl Pts',(-314.501653662761,-286.902224757383,0.673296037917615));
#6950=CARTESIAN_POINT('Ctrl Pts',(-314.542191030247,-286.866824379039,0.665702093700315));
#6951=CARTESIAN_POINT('Ctrl Pts',(-314.581652015063,-286.830353419952,0.656983538342004));
#6952=CARTESIAN_POINT('Ctrl Pts',(-314.621074698188,-286.793917860372,0.648273445403312));
#6953=CARTESIAN_POINT('Ctrl Pts',(-314.659422606629,-286.756414004658,0.638441154561543));
#6954=CARTESIAN_POINT('Ctrl Pts',(-314.696476533959,-286.718002143973,0.627576462751072));
#6955=CARTESIAN_POINT('Ctrl Pts',(-314.71950008138,-286.694134841375,0.62082566020079));
#6956=CARTESIAN_POINT('Ctrl Pts',(-314.742024658094,-286.669917538535,0.613676895152526));
#6957=CARTESIAN_POINT('Ctrl Pts',(-314.764004520527,-286.64539368931,0.60615728446826));
#6958=CARTESIAN_POINT('Ctrl Pts',(-314.806348871527,-286.598148330855,0.591670704528509));
#6959=CARTESIAN_POINT('Ctrl Pts',(-314.8465837596,-286.549870635174,0.575843892336594));
#6960=CARTESIAN_POINT('Ctrl Pts',(-314.884723609372,-286.500538869553,0.558780490556209));
#6961=CARTESIAN_POINT('Ctrl Pts',(-314.923058566282,-286.450954743747,0.54162979971979));
#6962=CARTESIAN_POINT('Ctrl Pts',(-314.959277653312,-286.400305263395,0.523229308286176));
#6963=CARTESIAN_POINT('Ctrl Pts',(-314.993358601516,-286.348543704745,0.503656772485378));
#6964=CARTESIAN_POINT('Ctrl Pts',(-314.999650437512,-286.338987772323,0.500043399273108));
#6965=CARTESIAN_POINT('Ctrl Pts',(-315.005869284166,-286.329393881769,0.496390017741363));
#6966=CARTESIAN_POINT('Ctrl Pts',(-315.012014837976,-286.319761668457,0.492697038401218));
#6967=CARTESIAN_POINT('Ctrl Pts',(-315.037713435879,-286.279483056554,0.477254265614962));
#6968=CARTESIAN_POINT('Ctrl Pts',(-315.062217216008,-286.238389974534,0.461063713989629));
#6969=CARTESIAN_POINT('Ctrl Pts',(-315.085353009621,-286.196674631345,0.444237648096099));
#6970=CARTESIAN_POINT('Ctrl Pts',(-315.108476193119,-286.154982025014,0.427420753213632));
#6971=CARTESIAN_POINT('Ctrl Pts',(-315.130232569201,-286.112668139406,0.409969375255086));
#6972=CARTESIAN_POINT('Ctrl Pts',(-315.150493108585,-286.069943669601,0.392016552979712));
#6973=CARTESIAN_POINT('Ctrl Pts',(-315.167192528662,-286.034728720221,0.377219231198166));
#6974=CARTESIAN_POINT('Ctrl Pts',(-315.182876489967,-285.999235269323,0.362081730795871));
#6975=CARTESIAN_POINT('Ctrl Pts',(-315.197497067015,-285.963588560953,0.346686645639259));
#6976=CARTESIAN_POINT('Ctrl Pts',(-315.220464426439,-285.907591402925,0.322502616992718));
#6977=CARTESIAN_POINT('Ctrl Pts',(-315.240851674039,-285.851131136619,0.297649052881595));
#6978=CARTESIAN_POINT('Ctrl Pts',(-315.258681619998,-285.794175186081,0.272218619366214));
#6979=CARTESIAN_POINT('Ctrl Pts',(-315.276538556911,-285.737133015688,0.246749689288345));
#6980=CARTESIAN_POINT('Ctrl Pts',(-315.291830748264,-285.679593045033,0.220701457315138));
#6981=CARTESIAN_POINT('Ctrl Pts',(-315.304532176367,-285.621511051132,0.194154192569592));
#6982=CARTESIAN_POINT('Ctrl Pts',(-315.306816862449,-285.611063476103,0.189378968414632));
#6983=CARTESIAN_POINT('Ctrl Pts',(-315.309017589133,-285.600598347839,0.184587580188644));
#6984=CARTESIAN_POINT('Ctrl Pts',(-315.311134026733,-285.590115393703,0.179780478045373));
#6985=CARTESIAN_POINT('Ctrl Pts',(-315.321656959038,-285.537994123168,0.155879555838718));
#6986=CARTESIAN_POINT('Ctrl Pts',(-315.330111487123,-285.485333248202,0.131546029444413));
#6987=CARTESIAN_POINT('Ctrl Pts',(-315.336402966741,-285.432357744004,0.106955477581941));
#6988=CARTESIAN_POINT('Ctrl Pts',(-315.342685997463,-285.379453381183,0.0823979486369998));
#6989=CARTESIAN_POINT('Ctrl Pts',(-315.346811644474,-285.32623561305,0.0575845070779188));
#6990=CARTESIAN_POINT('Ctrl Pts',(-315.348736288335,-285.272936316383,0.0326987277948447));
#6991=CARTESIAN_POINT('Ctrl Pts',(-315.34957858789,-285.249610456064,0.021807735834683));
#6992=CARTESIAN_POINT('Ctrl Pts',(-315.35,-285.226269047373,0.0109029634462286));
#6993=CARTESIAN_POINT('Ctrl Pts',(-315.35,-285.20293170755,9.2370555648813E-14));
#6994=CARTESIAN_POINT('Ctrl Pts',(-315.357997611656,-218.93749921478,59.4398559180299));
#6995=CARTESIAN_POINT('Ctrl Pts',(-315.35840720096,-219.080386539415,59.6662266701826));
#6996=CARTESIAN_POINT('Ctrl Pts',(-315.306129700035,-219.223205709443,59.8924977013887));
#6997=CARTESIAN_POINT('Ctrl Pts',(-315.104563067815,-219.481600435984,60.314432683959));
#6998=CARTESIAN_POINT('Ctrl Pts',(-314.955731019535,-219.59712720289,60.5100304433494));
#6999=CARTESIAN_POINT('Ctrl Pts',(-314.584009813709,-219.778924113522,60.8463169395698));
#7000=CARTESIAN_POINT('Ctrl Pts',(-314.361266912584,-219.845096593901,60.9868968057826));
#7001=CARTESIAN_POINT('Ctrl Pts',(-313.874642015358,-219.913142450871,61.1966396058811));
#7002=CARTESIAN_POINT('Ctrl Pts',(-313.610841870823,-219.91471647546,61.2654570323353));
#7003=CARTESIAN_POINT('Ctrl Pts',(-313.346921985303,-219.881096668384,61.2950657360234));
#7004=CARTESIAN_POINT('Ctrl Pts',(-315.349997621172,-218.937507403525,59.4398650465333));
#7005=CARTESIAN_POINT('Ctrl Pts',(-315.350405578646,-219.079692596075,59.665453088364));
#7006=CARTESIAN_POINT('Ctrl Pts',(-315.298336354616,-219.221809964669,59.8909417891808));
#7007=CARTESIAN_POINT('Ctrl Pts',(-315.097572776708,-219.478910086245,60.3114336055614));
#7008=CARTESIAN_POINT('Ctrl Pts',(-314.949333684796,-219.593844273389,60.5063707842341));
#7009=CARTESIAN_POINT('Ctrl Pts',(-314.579093439949,-219.774652266025,60.8415548800649));
#7010=CARTESIAN_POINT('Ctrl Pts',(-314.357237960741,-219.840428797266,60.9816933603535));
#7011=CARTESIAN_POINT('Ctrl Pts',(-313.872551808125,-219.907938411302,61.1908383814435));
#7012=CARTESIAN_POINT('Ctrl Pts',(-313.609802646983,-219.909373355306,61.2595007728816));
#7013=CARTESIAN_POINT('Ctrl Pts',(-313.346934248464,-219.875754640725,61.2891106887314));
#7014=CARTESIAN_POINT('Ctrl Pts',(-314.549998572703,-218.938326278059,59.4407778968754));
#7015=CARTESIAN_POINT('Ctrl Pts',(-314.550243347187,-219.010298262101,59.5880949065029));
#7016=CARTESIAN_POINT('Ctrl Pts',(-314.51900181277,-219.082235487197,59.7353505683922));
#7017=CARTESIAN_POINT('Ctrl Pts',(-314.398543666025,-219.209875112344,60.0115257658038));
#7018=CARTESIAN_POINT('Ctrl Pts',(-314.309600210878,-219.265551323335,60.140404872699));
#7019=CARTESIAN_POINT('Ctrl Pts',(-314.08745606397,-219.347467516326,60.3653489295807));
#7020=CARTESIAN_POINT('Ctrl Pts',(-313.954342776445,-219.373649133775,60.4613488174455));
#7021=CARTESIAN_POINT('Ctrl Pts',(-313.663531084875,-219.387534454399,60.6107159376828));
#7022=CARTESIAN_POINT('Ctrl Pts',(-313.505880263021,-219.375061339854,60.6638748275133));
#7023=CARTESIAN_POINT('Ctrl Pts',(-313.348160564594,-219.341551874865,60.6936059595331));
#7024=CARTESIAN_POINT('Ctrl Pts',(-314.541918582313,-218.938334548692,59.4407871166639));
#7025=CARTESIAN_POINT('Ctrl Pts',(-314.54216170865,-219.009597379328,59.5873135888662));
#7026=CARTESIAN_POINT('Ctrl Pts',(-314.511130533897,-219.080825784974,59.7337790970623));
#7027=CARTESIAN_POINT('Ctrl Pts',(-314.391483472007,-219.207157859108,60.0084966966222));
#7028=CARTESIAN_POINT('Ctrl Pts',(-314.303138902791,-219.26223556454,60.1367086169925));
#7029=CARTESIAN_POINT('Ctrl Pts',(-314.082490526472,-219.343152950354,60.3605392494809));
#7030=CARTESIAN_POINT('Ctrl Pts',(-313.950273535083,-219.368934659174,60.4560933375621));
#7031=CARTESIAN_POINT('Ctrl Pts',(-313.66141997557,-219.382278374434,60.6048567010008));
#7032=CARTESIAN_POINT('Ctrl Pts',(-313.504830646943,-219.369664788498,60.6578590054651));
#7033=CARTESIAN_POINT('Ctrl Pts',(-313.348172950387,-219.33615642693,60.6875913617682));
#7034=CARTESIAN_POINT('',(-314.55,-218.93916566445,59.4424960092511));
#7035=CARTESIAN_POINT('Ctrl Pts',(-314.55,-218.93916566445,59.4424960092511));
#7036=CARTESIAN_POINT('Ctrl Pts',(-314.55,-218.962363790395,59.4899795261901));
#7037=CARTESIAN_POINT('Ctrl Pts',(-314.546765220004,-218.985561768848,59.5374628787111));
#7038=CARTESIAN_POINT('Ctrl Pts',(-314.540321721267,-219.008486110017,59.5846411929485));
#7039=CARTESIAN_POINT('Ctrl Pts',(-314.533878463663,-219.031409593299,59.6318177416524));
#7040=CARTESIAN_POINT('Ctrl Pts',(-314.524226783777,-219.054059167236,59.6786889487925));
#7041=CARTESIAN_POINT('Ctrl Pts',(-314.511444435312,-219.076165783632,59.7249548917873));
#7042=CARTESIAN_POINT('Ctrl Pts',(-314.498662524828,-219.098271642554,59.7712192495018));
#7043=CARTESIAN_POINT('Ctrl Pts',(-314.482750271635,-219.119834295773,59.8168780664313));
#7044=CARTESIAN_POINT('Ctrl Pts',(-314.463835855701,-219.140593472057,59.8616412041555));
#7045=CARTESIAN_POINT('Ctrl Pts',(-314.444922028142,-219.16135200258,59.9064029494199));
#7046=CARTESIAN_POINT('Ctrl Pts',(-314.423006389164,-219.181306832546,59.9502687661953));
#7047=CARTESIAN_POINT('Ctrl Pts',(-314.398265467601,-219.200210660469,59.9929629741349));
#7048=CARTESIAN_POINT('Ctrl Pts',(-314.372409154841,-219.219966726786,60.037581958547));
#7049=CARTESIAN_POINT('Ctrl Pts',(-314.343466943906,-219.238574447653,60.0809208201629));
#7050=CARTESIAN_POINT('Ctrl Pts',(-314.311693399341,-219.255771368108,60.1226869862369));
#7051=CARTESIAN_POINT('Ctrl Pts',(-314.281284438844,-219.272229729363,60.1626594133513));
#7052=CARTESIAN_POINT('Ctrl Pts',(-314.248282719765,-219.28739577356,60.2011912247297));
#7053=CARTESIAN_POINT('Ctrl Pts',(-314.2129541743,-219.301060672164,60.238049627905));
#7054=CARTESIAN_POINT('Ctrl Pts',(-314.177628668102,-219.314724395195,60.2749048602029));
#7055=CARTESIAN_POINT('Ctrl Pts',(-314.139977043406,-219.32688701908,60.3100867360749));
#7056=CARTESIAN_POINT('Ctrl Pts',(-314.100302649888,-219.337363956375,60.3433894859136));
#7057=CARTESIAN_POINT('Ctrl Pts',(-314.060631168135,-219.347840124752,60.3766897916111));
#7058=CARTESIAN_POINT('Ctrl Pts',(-314.018937559541,-219.356630669891,60.4081110418954));
#7059=CARTESIAN_POINT('Ctrl Pts',(-313.975557689841,-219.363578201744,60.4374777855665));
#7060=CARTESIAN_POINT('Ctrl Pts',(-313.932180455966,-219.370525311455,60.4668427448705));
#7061=CARTESIAN_POINT('Ctrl Pts',(-313.88711754296,-219.375629478448,60.4941532762267));
#7062=CARTESIAN_POINT('Ctrl Pts',(-313.840731914214,-219.378763029289,60.5192670551512));
#7063=CARTESIAN_POINT('Ctrl Pts',(-313.794338867855,-219.381897081222,60.5443848500675));
#7064=CARTESIAN_POINT('Ctrl Pts',(-313.746623085227,-219.383059765233,60.5673050545132));
#7065=CARTESIAN_POINT('Ctrl Pts',(-313.697969020137,-219.382155110471,60.58792068459));
#7066=CARTESIAN_POINT('Ctrl Pts',(-313.649321869364,-219.381250584272,60.6085333849425));
#7067=CARTESIAN_POINT('Ctrl Pts',(-313.599737125793,-219.378279222121,60.6268420714476));
#7068=CARTESIAN_POINT('Ctrl Pts',(-313.549614188485,-219.37317839192,60.6427769247156));
#7069=CARTESIAN_POINT('Ctrl Pts',(-313.499489279899,-219.368077361108,60.6587124046833));
#7070=CARTESIAN_POINT('Ctrl Pts',(-313.448826570617,-219.360846645469,60.672273809761));
#7071=CARTESIAN_POINT('Ctrl Pts',(-313.398034174605,-219.351457915848,60.6834295599083));
#7072=CARTESIAN_POINT('Ctrl Pts',(-313.382031340129,-219.348499869017,60.6869443305647));
#7073=CARTESIAN_POINT('Ctrl Pts',(-313.366015670407,-219.34532786506,60.6902205916372));
#7074=CARTESIAN_POINT('Ctrl Pts',(-313.35,-219.341941732378,60.6932581518371));
#7075=CARTESIAN_POINT('',(-314.55,-218.93916566445,59.4424960092513));
#7076=CARTESIAN_POINT('Ctrl Pts',(-315.35,-218.93916566445,59.4424960092514));
#7077=CARTESIAN_POINT('Ctrl Pts',(-315.35,-218.979500297426,59.5064901364376));
#7078=CARTESIAN_POINT('Ctrl Pts',(-315.345825178666,-219.01983480057,59.5704841188926));
#7079=CARTESIAN_POINT('Ctrl Pts',(-315.337501603582,-219.059858259563,59.6341313636065));
#7080=CARTESIAN_POINT('Ctrl Pts',(-315.32917830403,-219.099880393674,59.697776501427));
#7081=CARTESIAN_POINT('Ctrl Pts',(-315.316706569078,-219.139591246235,59.7610746368654));
#7082=CARTESIAN_POINT('Ctrl Pts',(-315.300164267091,-219.178683819248,59.8236835426424));
#7083=CARTESIAN_POINT('Ctrl Pts',(-315.283622472231,-219.217775193823,59.8862905290569));
#7084=CARTESIAN_POINT('Ctrl Pts',(-315.263010446411,-219.256248073671,59.9482080459389));
#7085=CARTESIAN_POINT('Ctrl Pts',(-315.238456874736,-219.293803210307,60.0091025048132));
#7086=CARTESIAN_POINT('Ctrl Pts',(-315.213903995732,-219.331357287486,60.0699952458145));
#7087=CARTESIAN_POINT('Ctrl Pts',(-315.185409921484,-219.367993428206,60.1298647133848));
#7088=CARTESIAN_POINT('Ctrl Pts',(-315.153152536321,-219.403423868992,60.188390122012));
#7089=CARTESIAN_POINT('Ctrl Pts',(-315.120895982283,-219.438853396896,60.2469140227052));
#7090=CARTESIAN_POINT('Ctrl Pts',(-315.084876479594,-219.473077053081,60.304093672958));
#7091=CARTESIAN_POINT('Ctrl Pts',(-315.045318881164,-219.505822150408,60.3596250936642));
#7092=CARTESIAN_POINT('Ctrl Pts',(-315.005762205245,-219.538566484096,60.4151552193376));
#7093=CARTESIAN_POINT('Ctrl Pts',(-314.962667804946,-219.569832108,60.4690369472179));
#7094=CARTESIAN_POINT('Ctrl Pts',(-314.916304685931,-219.599364813803,60.5209868975441));
#7095=CARTESIAN_POINT('Ctrl Pts',(-314.869681994241,-219.629062864035,60.5732276994763));
#7096=CARTESIAN_POINT('Ctrl Pts',(-314.819754088162,-219.657008310042,60.6235147786649));
#7097=CARTESIAN_POINT('Ctrl Pts',(-314.766836122694,-219.682964717855,60.6715845693747));
#7098=CARTESIAN_POINT('Ctrl Pts',(-314.714205295461,-219.708780283573,60.719393528537));
#7099=CARTESIAN_POINT('Ctrl Pts',(-314.658617079868,-219.73262817488,60.7650090145848));
#7100=CARTESIAN_POINT('Ctrl Pts',(-314.600418569507,-219.754300419316,60.8081991893674));
#7101=CARTESIAN_POINT('Ctrl Pts',(-314.542223779276,-219.775971278432,60.8513866033743));
#7102=CARTESIAN_POINT('Ctrl Pts',(-314.481419331747,-219.795466606789,60.8921488355514));
#7103=CARTESIAN_POINT('Ctrl Pts',(-314.418384842292,-219.812605636237,60.9302843738619));
#7104=CARTESIAN_POINT('Ctrl Pts',(-314.355353765412,-219.829743737808,60.968417847582));
#7105=CARTESIAN_POINT('Ctrl Pts',(-314.290093216878,-219.844525657217,61.0039247575815));
#7106=CARTESIAN_POINT('Ctrl Pts',(-314.223010588437,-219.856800072704,61.0366364173056));
#7107=CARTESIAN_POINT('Ctrl Pts',(-314.15527644145,-219.869193699519,61.0696657785491));
#7108=CARTESIAN_POINT('Ctrl Pts',(-314.085684974016,-219.879030710213,61.0998451414926));
#7109=CARTESIAN_POINT('Ctrl Pts',(-314.014679077098,-219.886187720603,61.1270369631137));
#7110=CARTESIAN_POINT('Ctrl Pts',(-313.944352281006,-219.893276281302,61.1539687219892));
#7111=CARTESIAN_POINT('Ctrl Pts',(-313.872638381248,-219.8977358251,61.1779697734992));
#7112=CARTESIAN_POINT('Ctrl Pts',(-313.799985104301,-219.899479455249,61.198943249138));
#7113=CARTESIAN_POINT('Ctrl Pts',(-313.726279478113,-219.901248341077,61.2202205159077));
#7114=CARTESIAN_POINT('Ctrl Pts',(-313.651607433882,-219.900221919781,61.2383817026044));
#7115=CARTESIAN_POINT('Ctrl Pts',(-313.576448743291,-219.896345131262,61.2533654307584));
#7116=CARTESIAN_POINT('Ctrl Pts',(-313.5012900527,-219.892468342744,61.2683491589124));
#7117=CARTESIAN_POINT('Ctrl Pts',(-313.425645130779,-219.885741155421,61.2801553933174));
#7118=CARTESIAN_POINT('Ctrl Pts',(-313.35,-219.876145136908,61.2887635863953));
#7119=CARTESIAN_POINT('Origin',(-313.35,-218.540636625583,59.7999999999997));
#7120=CARTESIAN_POINT('Origin',(-313.35,-218.540636625583,59.7999999999997));
#7121=CARTESIAN_POINT('',(-314.55,-285.20293170755,-3.66160695187734E-15));
#7122=CARTESIAN_POINT('Origin',(-314.55,1.0910971729971E-15,1.46145405102115E-12));
#7123=CARTESIAN_POINT('',(-314.55,-263.039089434,-8.94715369910235E-14));
#7124=CARTESIAN_POINT('',(-314.55,-213.273684046638,44.6424960092514));
#7125=CARTESIAN_POINT('',(-314.549999999999,-117.288010998671,130.74729094934));
#7126=CARTESIAN_POINT('',(-314.55,-171.110257362795,-65.5014876829714));
#7127=CARTESIAN_POINT('',(-314.55,1.09109717298856E-15,-9.96376916431237E-13));
#7128=CARTESIAN_POINT('Origin',(-315.35,-263.039089434,-7.95604660080927E-14));
#7129=CARTESIAN_POINT('',(-315.35,-213.273684046638,44.6424960092514));
#7130=CARTESIAN_POINT('',(-315.35,-263.039089434,-7.95604660080926E-14));
#7131=CARTESIAN_POINT('Origin',(-315.35,-287.,3.70626083879405E-15));
#7132=CARTESIAN_POINT('Origin',(-315.35,-184.402829050593,-30.7771563285292));
#7133=CARTESIAN_POINT('Ctrl Pts',(313.346921985304,-219.881096668384,61.2950657360234));
#7134=CARTESIAN_POINT('Ctrl Pts',(313.610841870823,-219.91471647546,61.2654570323353));
#7135=CARTESIAN_POINT('Ctrl Pts',(313.874642015358,-219.913142450871,61.1966396058811));
#7136=CARTESIAN_POINT('Ctrl Pts',(314.361266912585,-219.845096593901,60.9868968057826));
#7137=CARTESIAN_POINT('Ctrl Pts',(314.58400981371,-219.778924113522,60.8463169395698));
#7138=CARTESIAN_POINT('Ctrl Pts',(314.955731019536,-219.59712720289,60.5100304433495));
#7139=CARTESIAN_POINT('Ctrl Pts',(315.104563067815,-219.481600435984,60.3144326839591));
#7140=CARTESIAN_POINT('Ctrl Pts',(315.306129700035,-219.223205709444,59.8924977013889));
#7141=CARTESIAN_POINT('Ctrl Pts',(315.358407200961,-219.080386539415,59.6662266701828));
#7142=CARTESIAN_POINT('Ctrl Pts',(315.357997611657,-218.93749921478,59.4398559180302));
#7143=CARTESIAN_POINT('Ctrl Pts',(313.346934248465,-219.875754640725,61.2891106887314));
#7144=CARTESIAN_POINT('Ctrl Pts',(313.609802646984,-219.909373355306,61.2595007728817));
#7145=CARTESIAN_POINT('Ctrl Pts',(313.872551808126,-219.907938411302,61.1908383814436));
#7146=CARTESIAN_POINT('Ctrl Pts',(314.357237960742,-219.840428797266,60.9816933603536));
#7147=CARTESIAN_POINT('Ctrl Pts',(314.57909343995,-219.774652266025,60.841554880065));
#7148=CARTESIAN_POINT('Ctrl Pts',(314.949333684796,-219.593844273389,60.5063707842342));
#7149=CARTESIAN_POINT('Ctrl Pts',(315.097572776708,-219.478910086245,60.3114336055615));
#7150=CARTESIAN_POINT('Ctrl Pts',(315.298336354617,-219.221809964669,59.890941789181));
#7151=CARTESIAN_POINT('Ctrl Pts',(315.350405578646,-219.079692596075,59.6654530883642));
#7152=CARTESIAN_POINT('Ctrl Pts',(315.349997621172,-218.937507403526,59.4398650465336));
#7153=CARTESIAN_POINT('Ctrl Pts',(313.348160564594,-219.341551874865,60.6936059595331));
#7154=CARTESIAN_POINT('Ctrl Pts',(313.505880263022,-219.375061339854,60.6638748275134));
#7155=CARTESIAN_POINT('Ctrl Pts',(313.663531084876,-219.387534454399,60.6107159376828));
#7156=CARTESIAN_POINT('Ctrl Pts',(313.954342776445,-219.373649133775,60.4613488174456));
#7157=CARTESIAN_POINT('Ctrl Pts',(314.08745606397,-219.347467516326,60.3653489295808));
#7158=CARTESIAN_POINT('Ctrl Pts',(314.309600210878,-219.265551323336,60.1404048726991));
#7159=CARTESIAN_POINT('Ctrl Pts',(314.398543666025,-219.209875112345,60.0115257658039));
#7160=CARTESIAN_POINT('Ctrl Pts',(314.51900181277,-219.082235487197,59.7353505683924));
#7161=CARTESIAN_POINT('Ctrl Pts',(314.550243347188,-219.010298262101,59.588094906503));
#7162=CARTESIAN_POINT('Ctrl Pts',(314.549998572703,-218.938326278059,59.4407778968756));
#7163=CARTESIAN_POINT('Ctrl Pts',(313.348172950387,-219.33615642693,60.6875913617683));
#7164=CARTESIAN_POINT('Ctrl Pts',(313.504830646944,-219.369664788498,60.6578590054651));
#7165=CARTESIAN_POINT('Ctrl Pts',(313.661419975571,-219.382278374434,60.6048567010008));
#7166=CARTESIAN_POINT('Ctrl Pts',(313.950273535084,-219.368934659174,60.4560933375622));
#7167=CARTESIAN_POINT('Ctrl Pts',(314.082490526473,-219.343152950354,60.3605392494809));
#7168=CARTESIAN_POINT('Ctrl Pts',(314.303138902791,-219.26223556454,60.1367086169926));
#7169=CARTESIAN_POINT('Ctrl Pts',(314.391483472007,-219.207157859108,60.0084966966223));
#7170=CARTESIAN_POINT('Ctrl Pts',(314.511130533897,-219.080825784974,59.7337790970624));
#7171=CARTESIAN_POINT('Ctrl Pts',(314.54216170865,-219.009597379328,59.5873135888662));
#7172=CARTESIAN_POINT('Ctrl Pts',(314.541918582314,-218.938334548692,59.4407871166641));
#7173=CARTESIAN_POINT('',(315.35,-218.93916566445,59.4424960092513));
#7174=CARTESIAN_POINT('',(314.55,-218.93916566445,59.4424960092513));
#7175=CARTESIAN_POINT('',(314.55,-218.93916566445,59.4424960092515));
#7176=CARTESIAN_POINT('Ctrl Pts',(313.35,-219.341941732378,60.6932581518371));
#7177=CARTESIAN_POINT('Ctrl Pts',(313.40083651281,-219.352689904204,60.6836164094634));
#7178=CARTESIAN_POINT('Ctrl Pts',(313.451672804742,-219.361278037922,60.6715667557556));
#7179=CARTESIAN_POINT('Ctrl Pts',(313.502099309267,-219.367723536046,60.657128590238));
#7180=CARTESIAN_POINT('Ctrl Pts',(313.552523926704,-219.374168792962,60.6426909650334));
#7181=CARTESIAN_POINT('Ctrl Pts',(313.60253834931,-219.378471612247,60.625865048698));
#7182=CARTESIAN_POINT('Ctrl Pts',(313.651739662097,-219.380683914264,60.6067087196713));
#7183=CARTESIAN_POINT('Ctrl Pts',(313.700939289024,-219.382896140478,60.5875530470271));
#7184=CARTESIAN_POINT('Ctrl Pts',(313.749325434496,-219.383018067026,60.5660672042641));
#7185=CARTESIAN_POINT('Ctrl Pts',(313.796508327532,-219.381135286627,60.5423466062157));
#7186=CARTESIAN_POINT('Ctrl Pts',(313.843689752836,-219.379252564797,60.5186267460508));
#7187=CARTESIAN_POINT('Ctrl Pts',(313.889667590819,-219.375365370616,60.4926723921184));
#7188=CARTESIAN_POINT('Ctrl Pts',(313.934071493428,-219.369591581966,60.4646149492695));
#7189=CARTESIAN_POINT('Ctrl Pts',(313.980477250413,-219.363557494482,60.4352925969991));
#7190=CARTESIAN_POINT('Ctrl Pts',(314.025163294735,-219.355462785359,60.4036731583115));
#7191=CARTESIAN_POINT('Ctrl Pts',(314.067736585151,-219.345477441156,60.3699461264201));
#7192=CARTESIAN_POINT('Ctrl Pts',(314.108481472894,-219.335920939306,60.3376675753632));
#7193=CARTESIAN_POINT('Ctrl Pts',(314.147291042297,-219.324633111879,60.3034590220241));
#7194=CARTESIAN_POINT('Ctrl Pts',(314.183852560743,-219.311791536231,60.2675184214875));
#7195=CARTESIAN_POINT('Ctrl Pts',(314.220410933852,-219.298951065326,60.231580912871));
#7196=CARTESIAN_POINT('Ctrl Pts',(314.25472132556,-219.284557318895,60.1939118839968));
#7197=CARTESIAN_POINT('Ctrl Pts',(314.286507305669,-219.268812859974,60.1547371428386));
#7198=CARTESIAN_POINT('Ctrl Pts',(314.318290952955,-219.253069556564,60.1155652767761));
#7199=CARTESIAN_POINT('Ctrl Pts',(314.347550283512,-219.23597596935,60.0748881763095));
#7200=CARTESIAN_POINT('Ctrl Pts',(314.374049596788,-219.217756374107,60.0329558537771));
#7201=CARTESIAN_POINT('Ctrl Pts',(314.400547299926,-219.199537885913,59.9910260791151));
#7202=CARTESIAN_POINT('Ctrl Pts',(314.424285091461,-219.180193778305,59.947841515598));
#7203=CARTESIAN_POINT('Ctrl Pts',(314.44507177316,-219.159966421634,59.9036723465672));
#7204=CARTESIAN_POINT('Ctrl Pts',(314.465861778897,-219.139735830367,59.859496114361));
#7205=CARTESIAN_POINT('Ctrl Pts',(314.483699548979,-219.118621976328,59.8143352613589));
#7206=CARTESIAN_POINT('Ctrl Pts',(314.498441361596,-219.096881580182,59.7684759679756));
#7207=CARTESIAN_POINT('Ctrl Pts',(314.513181079228,-219.075144273603,59.7226231917388));
#7208=CARTESIAN_POINT('Ctrl Pts',(314.524825592399,-219.052780885442,59.6760724884938));
#7209=CARTESIAN_POINT('Ctrl Pts',(314.533281105974,-219.030058116124,59.6291211636297));
#7210=CARTESIAN_POINT('Ctrl Pts',(314.541736952096,-219.007334453145,59.5821679922236));
#7211=CARTESIAN_POINT('Ctrl Pts',(314.547003473986,-218.984251671463,59.5348144917715));
#7212=CARTESIAN_POINT('Ctrl Pts',(314.549038247126,-218.961082290915,59.4873644548783));
#7213=CARTESIAN_POINT('Ctrl Pts',(314.54967933005,-218.953782462772,59.4724146760546));
#7214=CARTESIAN_POINT('Ctrl Pts',(314.55,-218.94647406384,59.4574553429082));
#7215=CARTESIAN_POINT('Ctrl Pts',(314.55,-218.93916566445,59.4424960092513));
#7216=CARTESIAN_POINT('Ctrl Pts',(313.35,-219.876145136908,61.2887635863954));
#7217=CARTESIAN_POINT('Ctrl Pts',(313.42456968597,-219.885604729082,61.2802777757692));
#7218=CARTESIAN_POINT('Ctrl Pts',(313.499139177508,-219.892276566543,61.2686843041523));
#7219=CARTESIAN_POINT('Ctrl Pts',(313.573242862729,-219.896178056031,61.2540025757791));
#7220=CARTESIAN_POINT('Ctrl Pts',(313.647344094921,-219.90007941637,61.2393213334101));
#7221=CARTESIAN_POINT('Ctrl Pts',(313.720979165279,-219.901210641316,61.2215520712594));
#7222=CARTESIAN_POINT('Ctrl Pts',(313.793688326825,-219.899623727802,61.2007527531191));
#7223=CARTESIAN_POINT('Ctrl Pts',(313.866395259372,-219.898036862936,61.1799540726107));
#7224=CARTESIAN_POINT('Ctrl Pts',(313.938175960865,-219.893732084025,61.1561255862821));
#7225=CARTESIAN_POINT('Ctrl Pts',(314.008582289668,-219.886795321096,61.1293630849812));
#7226=CARTESIAN_POINT('Ctrl Pts',(314.078986632261,-219.879858753857,61.1026013386683));
#7227=CARTESIAN_POINT('Ctrl Pts',(314.148016312766,-219.870290436721,61.0729058383714));
#7228=CARTESIAN_POINT('Ctrl Pts',(314.215240389002,-219.858209152705,61.0404089979469));
#7229=CARTESIAN_POINT('Ctrl Pts',(314.282462733179,-219.84612817997,61.0079129948184));
#7230=CARTESIAN_POINT('Ctrl Pts',(314.34787921583,-219.831534482258,60.9726159212246));
#7231=CARTESIAN_POINT('Ctrl Pts',(314.411081472447,-219.814578206058,60.9346851535785));
#7232=CARTESIAN_POINT('Ctrl Pts',(314.474282255141,-219.797622325291,60.8967552705053));
#7233=CARTESIAN_POINT('Ctrl Pts',(314.535268585779,-219.778304114013,60.856191969814));
#7234=CARTESIAN_POINT('Ctrl Pts',(314.59365977294,-219.756803201902,60.8131954944238));
#7235=CARTESIAN_POINT('Ctrl Pts',(314.652377874188,-219.735181912876,60.7699582951475));
#7236=CARTESIAN_POINT('Ctrl Pts',(314.708471350867,-219.711353552875,60.7242607544581));
#7237=CARTESIAN_POINT('Ctrl Pts',(314.761586129653,-219.685528567994,60.6763374679992));
#7238=CARTESIAN_POINT('Ctrl Pts',(314.814412702276,-219.659843712092,60.6286742181409));
#7239=CARTESIAN_POINT('Ctrl Pts',(314.864292570486,-219.632184047528,60.5788095422319));
#7240=CARTESIAN_POINT('Ctrl Pts',(314.910914283691,-219.602781347525,60.5270018104236));
#7241=CARTESIAN_POINT('Ctrl Pts',(314.957533016772,-219.573380526983,60.4751973902371));
#7242=CARTESIAN_POINT('Ctrl Pts',(315.000893768731,-219.542237096673,60.4214503886709));
#7243=CARTESIAN_POINT('Ctrl Pts',(315.040725828974,-219.509604546378,60.3660433844976));
#7244=CARTESIAN_POINT('Ctrl Pts',(315.080555732781,-219.476973762752,60.3106393799612));
#7245=CARTESIAN_POINT('Ctrl Pts',(315.11685711971,-219.44285423994,60.2535757973164));
#7246=CARTESIAN_POINT('Ctrl Pts',(315.149403376811,-219.407518015516,60.1951558915633));
#7247=CARTESIAN_POINT('Ctrl Pts',(315.182265729011,-219.371838599328,60.136168601184));
#7248=CARTESIAN_POINT('Ctrl Pts',(315.21129940307,-219.334918949508,60.0757987552803));
#7249=CARTESIAN_POINT('Ctrl Pts',(315.236319624154,-219.297054808381,60.0143760338208));
#7250=CARTESIAN_POINT('Ctrl Pts',(315.261100551693,-219.259552800127,59.9535407596389));
#7251=CARTESIAN_POINT('Ctrl Pts',(315.281944376804,-219.221124547498,59.8916729507429));
#7252=CARTESIAN_POINT('Ctrl Pts',(315.298720966662,-219.182069021753,59.8291058865709));
#7253=CARTESIAN_POINT('Ctrl Pts',(315.315740557694,-219.142447794713,59.7656325673025));
#7254=CARTESIAN_POINT('Ctrl Pts',(315.328574017225,-219.102181237912,59.7014398640384));
#7255=CARTESIAN_POINT('Ctrl Pts',(315.337138889626,-219.061589720933,59.6368849100837));
#7256=CARTESIAN_POINT('Ctrl Pts',(315.345703762026,-219.020998203954,59.5723299561291));
#7257=CARTESIAN_POINT('Ctrl Pts',(315.35,-218.980082003935,59.5074130604255));
#7258=CARTESIAN_POINT('Ctrl Pts',(315.35,-218.93916566445,59.4424960092513));
#7259=CARTESIAN_POINT('Ctrl Pts',(315.357999942942,-285.202463819319,-0.000219412178693595));
#7260=CARTESIAN_POINT('Ctrl Pts',(315.358063037732,-285.461156662017,0.121092405784382));
#7261=CARTESIAN_POINT('Ctrl Pts',(315.305797814043,-285.719709152833,0.242298941688944));
#7262=CARTESIAN_POINT('Ctrl Pts',(315.104563067816,-286.210130553924,0.455015960512441));
#7263=CARTESIAN_POINT('Ctrl Pts',(314.955731019536,-286.44184833954,0.546383541354102));
#7264=CARTESIAN_POINT('Ctrl Pts',(314.58400981371,-286.856027287593,0.674209680476955));
#7265=CARTESIAN_POINT('Ctrl Pts',(314.361266912585,-287.038390786682,0.710559368141024));
#7266=CARTESIAN_POINT('Ctrl Pts',(313.875443259023,-287.338776733786,0.7114335857983));
#7267=CARTESIAN_POINT('Ctrl Pts',(313.612569794424,-287.456694675458,0.675867181672574));
#7268=CARTESIAN_POINT('Ctrl Pts',(313.349524239212,-287.539695597414,0.601325710941069));
#7269=CARTESIAN_POINT('Ctrl Pts',(315.349999943169,-285.202465085133,-0.000218001206892986));
#7270=CARTESIAN_POINT('Ctrl Pts',(315.350062786586,-285.460458066359,0.120313698096876));
#7271=CARTESIAN_POINT('Ctrl Pts',(315.298005790879,-285.71831127645,0.240740653261156));
#7272=CARTESIAN_POINT('Ctrl Pts',(315.097572776709,-286.207440204185,0.452016882114866));
#7273=CARTESIAN_POINT('Ctrl Pts',(314.949333684797,-286.43856541004,0.542723882238753));
#7274=CARTESIAN_POINT('Ctrl Pts',(314.57909343995,-286.851755440096,0.669447620972114));
#7275=CARTESIAN_POINT('Ctrl Pts',(314.357237960742,-287.033722990047,0.705355922711944));
#7276=CARTESIAN_POINT('Ctrl Pts',(313.873349859585,-287.333573577158,0.705633345623204));
#7277=CARTESIAN_POINT('Ctrl Pts',(313.611523648376,-287.45135250089,0.6699119159945));
#7278=CARTESIAN_POINT('Ctrl Pts',(313.349526134766,-287.534353563472,0.595370656808831));
#7279=CARTESIAN_POINT('Ctrl Pts',(314.549999965902,-285.202591666481,-7.69040268320722E-5));
#7280=CARTESIAN_POINT('Ctrl Pts',(314.550037671952,-285.390598500607,0.0424429293462608));
#7281=CARTESIAN_POINT('Ctrl Pts',(314.518803474528,-285.578523638075,0.0849118104823667));
#7282=CARTESIAN_POINT('Ctrl Pts',(314.398543666025,-285.938405230285,0.152109042357417));
#7283=CARTESIAN_POINT('Ctrl Pts',(314.309600210878,-286.110272459986,0.176757970703837));
#7284=CARTESIAN_POINT('Ctrl Pts',(314.08745606397,-286.424570690397,0.193241670488025));
#7285=CARTESIAN_POINT('Ctrl Pts',(313.954342776445,-286.566943326556,0.185011379804011));
#7286=CARTESIAN_POINT('Ctrl Pts',(313.664009915751,-286.813257914392,0.125609328113581));
#7287=CARTESIAN_POINT('Ctrl Pts',(313.506909043566,-286.917135044142,0.0743853481870685));
#7288=CARTESIAN_POINT('Ctrl Pts',(313.349715690172,-287.000150169202,-0.000134756414990147));
#7289=CARTESIAN_POINT('Ctrl Pts',(314.541919966131,-285.202592944953,-7.54789453134569E-5));
#7290=CARTESIAN_POINT('Ctrl Pts',(314.541957418294,-285.389892918993,0.0416564345818796));
#7291=CARTESIAN_POINT('Ctrl Pts',(314.510933531132,-285.577111782927,0.083337939170301));
#7292=CARTESIAN_POINT('Ctrl Pts',(314.391483472008,-285.935687977049,0.149079973175867));
#7293=CARTESIAN_POINT('Ctrl Pts',(314.303138902792,-286.106956701191,0.173061714997334));
#7294=CARTESIAN_POINT('Ctrl Pts',(314.082490526473,-286.420256124425,0.188431990388136));
#7295=CARTESIAN_POINT('Ctrl Pts',(313.950273535084,-286.562228851955,0.179755899920641));
#7296=CARTESIAN_POINT('Ctrl Pts',(313.661895582318,-286.808002726198,0.119751085536734));
#7297=CARTESIAN_POINT('Ctrl Pts',(313.505852436057,-286.911739447829,0.0683705298522135));
#7298=CARTESIAN_POINT('Ctrl Pts',(313.349717604681,-286.99475471492,-0.00614936108855074));
#7299=CARTESIAN_POINT('',(314.55,-285.20293170755,4.10045261634018E-13));
#7300=CARTESIAN_POINT('Ctrl Pts',(314.55,-285.20293170755,4.17443857259059E-13));
#7301=CARTESIAN_POINT('Ctrl Pts',(314.55,-285.256364795946,0.0120844744652872));
#7302=CARTESIAN_POINT('Ctrl Pts',(314.547509429402,-285.309391395915,0.0240761600903709));
#7303=CARTESIAN_POINT('Ctrl Pts',(314.54261600258,-285.362048501353,0.0358238424568829));
#7304=CARTESIAN_POINT('Ctrl Pts',(314.537680067687,-285.415163026924,0.0476735742311012));
#7305=CARTESIAN_POINT('Ctrl Pts',(314.530299328472,-285.467902475965,0.0592760097412511));
#7306=CARTESIAN_POINT('Ctrl Pts',(314.52051084209,-285.520308873932,0.0704804844291961));
#7307=CARTESIAN_POINT('Ctrl Pts',(314.510794692913,-285.572327987063,0.0816021577168495));
#7308=CARTESIAN_POINT('Ctrl Pts',(314.498705904196,-285.624019769692,0.0923326402464215));
#7309=CARTESIAN_POINT('Ctrl Pts',(314.484231745733,-285.675416721037,0.102514994637694));
#7310=CARTESIAN_POINT('Ctrl Pts',(314.476466685709,-285.70299002786,0.10797759843917));
#7311=CARTESIAN_POINT('Ctrl Pts',(314.468014284835,-285.730478259061,0.113282200401122));
#7312=CARTESIAN_POINT('Ctrl Pts',(314.458867344239,-285.757884172526,0.118402049558782));
#7313=CARTESIAN_POINT('Ctrl Pts',(314.438461965831,-285.819022432797,0.12982362361986));
#7314=CARTESIAN_POINT('Ctrl Pts',(314.4148962587,-285.878872309328,0.140160725315034));
#7315=CARTESIAN_POINT('Ctrl Pts',(314.388366654682,-285.937414292413,0.149170553753044));
#7316=CARTESIAN_POINT('Ctrl Pts',(314.361434643284,-285.996844254302,0.158317045424187));
#7317=CARTESIAN_POINT('Ctrl Pts',(314.331447358791,-286.054927559585,0.166097047688559));
#7318=CARTESIAN_POINT('Ctrl Pts',(314.298559250671,-286.11163447555,0.172246151244262));
#7319=CARTESIAN_POINT('Ctrl Pts',(314.267945101726,-286.164420545375,0.177970091686502));
#7320=CARTESIAN_POINT('Ctrl Pts',(314.234816045448,-286.216014544828,0.182281495271919));
#7321=CARTESIAN_POINT('Ctrl Pts',(314.199269297348,-286.266372277881,0.184944559810189));
#7322=CARTESIAN_POINT('Ctrl Pts',(314.158784977861,-286.323724881495,0.187977533607906));
#7323=CARTESIAN_POINT('Ctrl Pts',(314.115483595178,-286.379011073307,0.188842277744744));
#7324=CARTESIAN_POINT('Ctrl Pts',(314.069791708511,-286.432051053896,0.187278235912909));
#7325=CARTESIAN_POINT('Ctrl Pts',(314.023781951784,-286.485460023884,0.185703313329442));
#7326=CARTESIAN_POINT('Ctrl Pts',(313.975348379296,-286.536591444373,0.181665720071853));
#7327=CARTESIAN_POINT('Ctrl Pts',(313.924950659143,-286.585293087906,0.174934372226805));
#7328=CARTESIAN_POINT('Ctrl Pts',(313.874555239116,-286.633992508721,0.168203331596895));
#7329=CARTESIAN_POINT('Ctrl Pts',(313.822195880774,-286.680262382592,0.158778791428642));
#7330=CARTESIAN_POINT('Ctrl Pts',(313.768355515782,-286.723981437537,0.146464183957812));
#7331=CARTESIAN_POINT('Ctrl Pts',(313.714786003024,-286.767480557055,0.134211527012899));
#7332=CARTESIAN_POINT('Ctrl Pts',(313.659750358435,-286.808454430977,0.119097777728595));
#7333=CARTESIAN_POINT('Ctrl Pts',(313.60374704304,-286.846814328203,0.100963565100103));
#7334=CARTESIAN_POINT('Ctrl Pts',(313.548550976744,-286.884621294012,0.0830907446175986));
#7335=CARTESIAN_POINT('Ctrl Pts',(313.492414971571,-286.919889058818,0.0622838660546382));
#7336=CARTESIAN_POINT('Ctrl Pts',(313.43583804649,-286.952563004596,0.0384241629612565));
#7337=CARTESIAN_POINT('Ctrl Pts',(313.407315071519,-286.969035411612,0.0263954124913758));
#7338=CARTESIAN_POINT('Ctrl Pts',(313.378680375254,-286.984849053237,0.0135912904792745));
#7339=CARTESIAN_POINT('Ctrl Pts',(313.35,-287.,2.46576395730721E-13));
#7340=CARTESIAN_POINT('',(315.35,-285.20293170755,1.44009045584507E-13));
#7341=CARTESIAN_POINT('',(314.55,-285.20293170755,1.45716771982052E-13));
#7342=CARTESIAN_POINT('Ctrl Pts',(315.35,-285.20293170755,1.50324197534246E-13));
#7343=CARTESIAN_POINT('Ctrl Pts',(315.35,-285.272309109565,0.0324124036369867));
#7344=CARTESIAN_POINT('Ctrl Pts',(315.346281413327,-285.341255546703,0.0646227021969284));
#7345=CARTESIAN_POINT('Ctrl Pts',(315.338957085622,-285.409726735876,0.0964450929593303));
#7346=CARTESIAN_POINT('Ctrl Pts',(315.331552795743,-285.478945448271,0.128614899567232));
#7347=CARTESIAN_POINT('Ctrl Pts',(315.320463636196,-285.547679369687,0.160389275008633));
#7348=CARTESIAN_POINT('Ctrl Pts',(315.3057531616,-285.6158891986,0.191583452202282));
#7349=CARTESIAN_POINT('Ctrl Pts',(315.291127413503,-285.68370616595,0.22259796330685));
#7350=CARTESIAN_POINT('Ctrl Pts',(315.27292162263,-285.751005918279,0.253039896508225));
#7351=CARTESIAN_POINT('Ctrl Pts',(315.251148535034,-285.817743034454,0.282720084406187));
#7352=CARTESIAN_POINT('Ctrl Pts',(315.235262429909,-285.866435845644,0.304375377116797));
#7353=CARTESIAN_POINT('Ctrl Pts',(315.217476201497,-285.9148290431,0.32562504990846));
#7354=CARTESIAN_POINT('Ctrl Pts',(315.197779837027,-285.962898791991,0.3463887245884));
#7355=CARTESIAN_POINT('Ctrl Pts',(315.17494841127,-286.018619780735,0.370457343830594));
#7356=CARTESIAN_POINT('Ctrl Pts',(315.149789962914,-286.07332899646,0.393622888760333));
#7357=CARTESIAN_POINT('Ctrl Pts',(315.122380953875,-286.1270869754,0.415826371755692));
#7358=CARTESIAN_POINT('Ctrl Pts',(315.094736624964,-286.181306493127,0.438220482613462));
#7359=CARTESIAN_POINT('Ctrl Pts',(315.064802558106,-286.234558960601,0.459636599133665));
#7360=CARTESIAN_POINT('Ctrl Pts',(315.032607640211,-286.286894813093,0.480001188116912));
#7361=CARTESIAN_POINT('Ctrl Pts',(315.02632721507,-286.297104232009,0.483973811282212));
#7362=CARTESIAN_POINT('Ctrl Pts',(315.019960615206,-286.307278718898,0.487906362578994));
#7363=CARTESIAN_POINT('Ctrl Pts',(315.013507857883,-286.317418567628,0.491798206361417));
#7364=CARTESIAN_POINT('Ctrl Pts',(314.985899477702,-286.360802315803,0.508449615577504));
#7365=CARTESIAN_POINT('Ctrl Pts',(314.956607930596,-286.403712138565,0.524414743735896));
#7366=CARTESIAN_POINT('Ctrl Pts',(314.925764358586,-286.445937411726,0.539547944291531));
#7367=CARTESIAN_POINT('Ctrl Pts',(314.894950724018,-286.488121700118,0.554666456233267));
#7368=CARTESIAN_POINT('Ctrl Pts',(314.862588386472,-286.529622446271,0.568954297071534));
#7369=CARTESIAN_POINT('Ctrl Pts',(314.828851224259,-286.570249090979,0.582287928447999));
#7370=CARTESIAN_POINT('Ctrl Pts',(314.807888556871,-286.595492554988,0.590572812572358));
#7371=CARTESIAN_POINT('Ctrl Pts',(314.786395939294,-286.620398952932,0.59848974921272));
#7372=CARTESIAN_POINT('Ctrl Pts',(314.764422573324,-286.644927140196,0.606014195745001));
#7373=CARTESIAN_POINT('Ctrl Pts',(314.722090737803,-286.692180855914,0.620510091978327));
#7374=CARTESIAN_POINT('Ctrl Pts',(314.67807191022,-286.737931809883,0.633520208491232));
#7375=CARTESIAN_POINT('Ctrl Pts',(314.632428728173,-286.782253193444,0.644998266337123));
#7376=CARTESIAN_POINT('Ctrl Pts',(314.586552055153,-286.826801306222,0.656535041011423));
#7377=CARTESIAN_POINT('Ctrl Pts',(314.539033658293,-286.869905624347,0.66652453193084));
#7378=CARTESIAN_POINT('Ctrl Pts',(314.48990021793,-286.911615817298,0.674892266625012));
#7379=CARTESIAN_POINT('Ctrl Pts',(314.480829474155,-286.919316122227,0.676437071483498));
#7380=CARTESIAN_POINT('Ctrl Pts',(314.471703602211,-286.926968834276,0.677926516319052));
#7381=CARTESIAN_POINT('Ctrl Pts',(314.462522664195,-286.934574156869,0.679360010922363));
#7382=CARTESIAN_POINT('Ctrl Pts',(314.424131130786,-286.966377007072,0.685354393616145));
#7383=CARTESIAN_POINT('Ctrl Pts',(314.384639098537,-286.997461619954,0.690387963251659));
#7384=CARTESIAN_POINT('Ctrl Pts',(314.344258483493,-287.027661660245,0.694377298045249));
#7385=CARTESIAN_POINT('Ctrl Pts',(314.303899877817,-287.057845240069,0.698364458460481));
#7386=CARTESIAN_POINT('Ctrl Pts',(314.262654112609,-287.087145003149,0.701308289994));
#7387=CARTESIAN_POINT('Ctrl Pts',(314.220760912037,-287.115424171385,0.70315815314332));
#7388=CARTESIAN_POINT('Ctrl Pts',(314.186231122805,-287.138732815879,0.704682872758503));
#7389=CARTESIAN_POINT('Ctrl Pts',(314.151262140226,-287.161348611751,0.705464954442873));
#7390=CARTESIAN_POINT('Ctrl Pts',(314.115999077918,-287.183211212739,0.705494149404119));
#7391=CARTESIAN_POINT('Ctrl Pts',(314.060604586725,-287.217555015534,0.705540011558957));
#7392=CARTESIAN_POINT('Ctrl Pts',(314.004402463,-287.250099745895,0.703733633958636));
#7393=CARTESIAN_POINT('Ctrl Pts',(313.947439932938,-287.280924746867,0.700034484349518));
#7394=CARTESIAN_POINT('Ctrl Pts',(313.890391173059,-287.311796410692,0.696329734971753));
#7395=CARTESIAN_POINT('Ctrl Pts',(313.832578783154,-287.340943337817,0.69072670530206));
#7396=CARTESIAN_POINT('Ctrl Pts',(313.77403298401,-287.36841255786,0.683148254925268));
#7397=CARTESIAN_POINT('Ctrl Pts',(313.76350198141,-287.373353619933,0.681785071199326));
#7398=CARTESIAN_POINT('Ctrl Pts',(313.752947225324,-287.378240309504,0.68035787203406));
#7399=CARTESIAN_POINT('Ctrl Pts',(313.742368868781,-287.383072781247,0.67886607577672));
#7400=CARTESIAN_POINT('Ctrl Pts',(313.689773257234,-287.407099841177,0.67144886156729));
#7401=CARTESIAN_POINT('Ctrl Pts',(313.63649529985,-287.429829680482,0.662416643286573));
#7402=CARTESIAN_POINT('Ctrl Pts',(313.582815922379,-287.451161714227,0.651732506772187));
#7403=CARTESIAN_POINT('Ctrl Pts',(313.529208631523,-287.472465100954,0.641062718100057));
#7404=CARTESIAN_POINT('Ctrl Pts',(313.475201566247,-287.492374339767,0.628745340085375));
#7405=CARTESIAN_POINT('Ctrl Pts',(313.421086213059,-287.510823068181,0.614781305574674));
#7406=CARTESIAN_POINT('Ctrl Pts',(313.397403214452,-287.518896954493,0.608670097009999));
#7407=CARTESIAN_POINT('Ctrl Pts',(313.373699575452,-287.526691557085,0.602244003590787));
#7408=CARTESIAN_POINT('Ctrl Pts',(313.35,-287.53420340453,0.595505434558513));
#7409=CARTESIAN_POINT('',(313.35,-287.,0.));
#7410=CARTESIAN_POINT('Origin',(313.35,-286.198694893205,-0.893258151837034));
#7411=CARTESIAN_POINT('',(315.35,-218.540636625583,59.8));
#7412=CARTESIAN_POINT('Origin',(313.35,-286.198694893205,-0.893258151837034));
#7413=CARTESIAN_POINT('',(314.55,-218.540636625583,59.8));
#7414=CARTESIAN_POINT('Origin',(315.350000000001,-7.27849511371805E-13,
8.1137322579152E-13));
#7415=CARTESIAN_POINT('',(315.35,-213.273684046639,44.6424960092537));
#7416=CARTESIAN_POINT('',(315.35,-218.93916566445,59.4424960092515));
#7417=CARTESIAN_POINT('',(315.35,-263.039089434002,1.60514863134748E-12));
#7418=CARTESIAN_POINT('',(315.35,-263.039089434002,1.61194104998222E-12));
#7419=CARTESIAN_POINT('',(315.35,-208.657873641776,48.7831494606746));
#7420=CARTESIAN_POINT('Origin',(314.550000000001,-7.25949841947975E-13,
8.09255561515776E-13));
#7421=CARTESIAN_POINT('',(314.55,-213.273684046639,44.6424960092537));
#7422=CARTESIAN_POINT('',(314.550000000001,-171.110257362795,-65.5014876829721));
#7423=CARTESIAN_POINT('',(314.55,-263.039089434002,1.60755924616156E-12));
#7424=CARTESIAN_POINT('',(314.55,-117.288010998673,130.747290949341));
#7425=CARTESIAN_POINT('',(314.550000000001,-7.25949841949175E-13,1.89775137763912E-11));
#7426=CARTESIAN_POINT('Origin',(315.35,-208.657873641776,48.7831494606746));
#7427=CARTESIAN_POINT('',(315.35,-213.273684046639,44.6424960092537));
#7428=CARTESIAN_POINT('',(315.35,-263.039089434002,1.60288449180257E-12));
#7429=CARTESIAN_POINT('Origin',(315.35,-263.039089434002,1.61194104998222E-12));
#7430=CARTESIAN_POINT('Origin',(315.35,-218.93916566445,59.4424960092515));
#7431=CARTESIAN_POINT('Ctrl Pts',(313.346921985304,218.541159082938,61.8079976116564));
#7432=CARTESIAN_POINT('Ctrl Pts',(313.610841870824,218.496361772767,61.8084072009605));
#7433=CARTESIAN_POINT('Ctrl Pts',(313.874642015359,218.451580318635,61.7561297000351));
#7434=CARTESIAN_POINT('Ctrl Pts',(314.361266912585,218.362175768305,61.5545630678154));
#7435=CARTESIAN_POINT('Ctrl Pts',(314.58400981371,218.317560553986,61.4057310195356));
#7436=CARTESIAN_POINT('Ctrl Pts',(314.955731019536,218.228330125347,61.0340098137097));
#7437=CARTESIAN_POINT('Ctrl Pts',(315.104563067816,218.183714911028,60.8112669125848));
#7438=CARTESIAN_POINT('Ctrl Pts',(315.306129700035,218.094310360699,60.3246420153583));
#7439=CARTESIAN_POINT('Ctrl Pts',(315.358407200961,218.049528906567,60.0608418708234));
#7440=CARTESIAN_POINT('Ctrl Pts',(315.357997611657,218.004731596396,59.7969219853037));
#7441=CARTESIAN_POINT('Ctrl Pts',(313.346934248465,218.541159082894,61.7999976211717));
#7442=CARTESIAN_POINT('Ctrl Pts',(313.609802646984,218.496361776531,61.8004055786459));
#7443=CARTESIAN_POINT('Ctrl Pts',(313.872551808126,218.451580318635,61.7483363546166));
#7444=CARTESIAN_POINT('Ctrl Pts',(314.357237960742,218.362175768305,61.5475727767086));
#7445=CARTESIAN_POINT('Ctrl Pts',(314.57909343995,218.317560553986,61.3993336847964));
#7446=CARTESIAN_POINT('Ctrl Pts',(314.949333684797,218.228330125347,61.0290934399499));
#7447=CARTESIAN_POINT('Ctrl Pts',(315.097572776709,218.183714911028,60.8072379607419));
#7448=CARTESIAN_POINT('Ctrl Pts',(315.298336354617,218.094310360699,60.3225518081258));
#7449=CARTESIAN_POINT('Ctrl Pts',(315.350405578646,218.049528902803,60.0598026469838));
#7450=CARTESIAN_POINT('Ctrl Pts',(315.349997621172,218.00473159644,59.796934248465));
#7451=CARTESIAN_POINT('Ctrl Pts',(313.348160564595,218.541159078487,60.9999985727031));
#7452=CARTESIAN_POINT('Ctrl Pts',(313.505880263022,218.496362152917,61.0002433471876));
#7453=CARTESIAN_POINT('Ctrl Pts',(313.663531084876,218.451580318635,60.96900181277));
#7454=CARTESIAN_POINT('Ctrl Pts',(313.954342776445,218.362175768305,60.8485436660252));
#7455=CARTESIAN_POINT('Ctrl Pts',(314.08745606397,218.317560553986,60.7596002108779));
#7456=CARTESIAN_POINT('Ctrl Pts',(314.309600210878,218.228330125347,60.5374560639699));
#7457=CARTESIAN_POINT('Ctrl Pts',(314.398543666025,218.183714911028,60.4043427764451));
#7458=CARTESIAN_POINT('Ctrl Pts',(314.51900181277,218.094310360699,60.1135310848755));
#7459=CARTESIAN_POINT('Ctrl Pts',(314.550243347188,218.049528526416,59.9558802630215));
#7460=CARTESIAN_POINT('Ctrl Pts',(314.549998572703,218.004731600847,59.7981605645944));
#7461=CARTESIAN_POINT('Ctrl Pts',(313.348172950388,218.541159078442,60.9919185823135));
#7462=CARTESIAN_POINT('Ctrl Pts',(313.504830646944,218.496362156719,60.9921617086499));
#7463=CARTESIAN_POINT('Ctrl Pts',(313.661419975571,218.451580318635,60.9611305338973));
#7464=CARTESIAN_POINT('Ctrl Pts',(313.950273535084,218.362175768305,60.8414834720073));
#7465=CARTESIAN_POINT('Ctrl Pts',(314.082490526473,218.317560553986,60.7531389027913));
#7466=CARTESIAN_POINT('Ctrl Pts',(314.303138902791,218.228330125347,60.5324905264726));
#7467=CARTESIAN_POINT('Ctrl Pts',(314.391483472007,218.183714911028,60.4002735350837));
#7468=CARTESIAN_POINT('Ctrl Pts',(314.511130533897,218.094310360699,60.1114199755707));
#7469=CARTESIAN_POINT('Ctrl Pts',(314.54216170865,218.049528522615,59.9548306469434));
#7470=CARTESIAN_POINT('Ctrl Pts',(314.541918582314,218.004731600891,59.7981729503873));
#7471=CARTESIAN_POINT('',(315.35,218.005254053751,59.8000000000001));
#7472=CARTESIAN_POINT('',(314.55,218.005254053751,59.8));
#7473=CARTESIAN_POINT('',(314.55,218.005254053751,59.8));
#7474=CARTESIAN_POINT('Ctrl Pts',(313.35,218.540636625583,61.0000000000001));
#7475=CARTESIAN_POINT('Ctrl Pts',(313.40083651281,218.526197567663,61.0000000000001));
#7476=CARTESIAN_POINT('Ctrl Pts',(313.451672804741,218.511758509743,60.9967652200039));
#7477=CARTESIAN_POINT('Ctrl Pts',(313.502099309267,218.497319451824,60.9903217212673));
#7478=CARTESIAN_POINT('Ctrl Pts',(313.552523926704,218.482880934251,60.9838784636629));
#7479=CARTESIAN_POINT('Ctrl Pts',(313.60253834931,218.468442416677,60.9742267837774));
#7480=CARTESIAN_POINT('Ctrl Pts',(313.651739662097,218.454003899104,60.9614444353123));
#7481=CARTESIAN_POINT('Ctrl Pts',(313.700939289024,218.43956587626,60.9486625248283));
#7482=CARTESIAN_POINT('Ctrl Pts',(313.749325434496,218.425127853416,60.9327502716356));
#7483=CARTESIAN_POINT('Ctrl Pts',(313.796508327532,218.410689830571,60.9138358557009));
#7484=CARTESIAN_POINT('Ctrl Pts',(313.843689752836,218.396252256855,60.8949220281424));
#7485=CARTESIAN_POINT('Ctrl Pts',(313.889667590819,218.381814683138,60.8730063891641));
#7486=CARTESIAN_POINT('Ctrl Pts',(313.934071493428,218.367377109422,60.8482654676014));
#7487=CARTESIAN_POINT('Ctrl Pts',(313.980477250413,218.352288648769,60.8224091548411));
#7488=CARTESIAN_POINT('Ctrl Pts',(314.025163294735,218.337200188116,60.7934669439058));
#7489=CARTESIAN_POINT('Ctrl Pts',(314.067736585151,218.322111727463,60.7616933993414));
#7490=CARTESIAN_POINT('Ctrl Pts',(314.108481472894,218.307671273612,60.7312844388442));
#7491=CARTESIAN_POINT('Ctrl Pts',(314.147291042297,218.293230819761,60.6982827197653));
#7492=CARTESIAN_POINT('Ctrl Pts',(314.183852560743,218.27879036591,60.6629541743007));
#7493=CARTESIAN_POINT('Ctrl Pts',(314.220410933852,218.264351154352,60.6276286681019));
#7494=CARTESIAN_POINT('Ctrl Pts',(314.25472132556,218.249911942793,60.5899770434066));
#7495=CARTESIAN_POINT('Ctrl Pts',(314.286507305669,218.235472731235,60.5503026498877));
#7496=CARTESIAN_POINT('Ctrl Pts',(314.318290952955,218.221034579392,60.5106311681349));
#7497=CARTESIAN_POINT('Ctrl Pts',(314.347550283512,218.20659642755,60.4689375595409));
#7498=CARTESIAN_POINT('Ctrl Pts',(314.374049596788,218.192158275708,60.425557689841));
#7499=CARTESIAN_POINT('Ctrl Pts',(314.400547299926,218.17772100115,60.3821804559667));
#7500=CARTESIAN_POINT('Ctrl Pts',(314.424285091461,218.163283726591,60.3371175429602));
#7501=CARTESIAN_POINT('Ctrl Pts',(314.44507177316,218.148846452032,60.2907319142147));
#7502=CARTESIAN_POINT('Ctrl Pts',(314.465861778897,218.134406868782,60.2443388678556));
#7503=CARTESIAN_POINT('Ctrl Pts',(314.483699548979,218.119967285532,60.1966230852274));
#7504=CARTESIAN_POINT('Ctrl Pts',(314.498441361596,218.105527702281,60.1479690201376));
#7505=CARTESIAN_POINT('Ctrl Pts',(314.513181079228,218.091090171066,60.0993218693644));
#7506=CARTESIAN_POINT('Ctrl Pts',(314.524825592399,218.076652639851,60.0497371257933));
#7507=CARTESIAN_POINT('Ctrl Pts',(314.533281105974,218.062215108635,59.9996141884851));
#7508=CARTESIAN_POINT('Ctrl Pts',(314.541736952096,218.047777009608,59.9494892798991));
#7509=CARTESIAN_POINT('Ctrl Pts',(314.547003473986,218.033338910581,59.8988265706175));
#7510=CARTESIAN_POINT('Ctrl Pts',(314.549038247126,218.018900811554,59.8480341746054));
#7511=CARTESIAN_POINT('Ctrl Pts',(314.54967933005,218.014351892287,59.8320313401289));
#7512=CARTESIAN_POINT('Ctrl Pts',(314.55,218.009802973019,59.8160156704075));
#7513=CARTESIAN_POINT('Ctrl Pts',(314.55,218.005254053751,59.8));
#7514=CARTESIAN_POINT('Ctrl Pts',(313.35,218.540636625583,61.8000000000001));
#7515=CARTESIAN_POINT('Ctrl Pts',(313.42456968597,218.527928641239,61.8000000000001));
#7516=CARTESIAN_POINT('Ctrl Pts',(313.499139177508,218.515220656896,61.7958251786663));
#7517=CARTESIAN_POINT('Ctrl Pts',(313.573242862729,218.502512672553,61.787501603582));
#7518=CARTESIAN_POINT('Ctrl Pts',(313.647344094921,218.489805108878,61.7791783040302));
#7519=CARTESIAN_POINT('Ctrl Pts',(313.720979165279,218.477097545202,61.7667065690787));
#7520=CARTESIAN_POINT('Ctrl Pts',(313.793688326825,218.464389981527,61.7501642670913));
#7521=CARTESIAN_POINT('Ctrl Pts',(313.866395259372,218.45168280742,61.733622472231));
#7522=CARTESIAN_POINT('Ctrl Pts',(313.938175960865,218.438975633312,61.7130104464114));
#7523=CARTESIAN_POINT('Ctrl Pts',(314.008582289668,218.426268459205,61.6884568747358));
#7524=CARTESIAN_POINT('Ctrl Pts',(314.078986632261,218.413561643576,61.6639039957328));
#7525=CARTESIAN_POINT('Ctrl Pts',(314.148016312766,218.400854827946,61.6354099214846));
#7526=CARTESIAN_POINT('Ctrl Pts',(314.215240389002,218.388148012317,61.603152536321));
#7527=CARTESIAN_POINT('Ctrl Pts',(314.282462733179,218.375441524084,61.5708959822838));
#7528=CARTESIAN_POINT('Ctrl Pts',(314.34787921583,218.362735035852,61.5348764795944));
#7529=CARTESIAN_POINT('Ctrl Pts',(314.411081472447,218.350028547619,61.4953188811639));
#7530=CARTESIAN_POINT('Ctrl Pts',(314.474282255141,218.337322355711,61.4557622052452));
#7531=CARTESIAN_POINT('Ctrl Pts',(314.535268585779,218.324616163803,61.4126678049463));
#7532=CARTESIAN_POINT('Ctrl Pts',(314.59365977294,218.311909971895,61.3663046859317));
#7533=CARTESIAN_POINT('Ctrl Pts',(314.652377874188,218.299132641972,61.319681994241));
#7534=CARTESIAN_POINT('Ctrl Pts',(314.708471350867,218.286355312049,61.2697540881621));
#7535=CARTESIAN_POINT('Ctrl Pts',(314.761586129653,218.273577982127,61.2168361226947));
#7536=CARTESIAN_POINT('Ctrl Pts',(314.814412702276,218.260869983289,61.1642052954615));
#7537=CARTESIAN_POINT('Ctrl Pts',(314.864292570486,218.248161984451,61.1086170798681));
#7538=CARTESIAN_POINT('Ctrl Pts',(314.910914283691,218.235453985613,61.0504185695079));
#7539=CARTESIAN_POINT('Ctrl Pts',(314.957533016772,218.222746799088,60.9922237792769));
#7540=CARTESIAN_POINT('Ctrl Pts',(315.000893768731,218.210039612563,60.9314193317472));
#7541=CARTESIAN_POINT('Ctrl Pts',(315.040725828974,218.197332426038,60.8683848422923));
#7542=CARTESIAN_POINT('Ctrl Pts',(315.080555732781,218.184625927457,60.8053537654128));
#7543=CARTESIAN_POINT('Ctrl Pts',(315.11685711971,218.171919428877,60.7400932168785));
#7544=CARTESIAN_POINT('Ctrl Pts',(315.149403376811,218.159212930297,60.6730105884374));
#7545=CARTESIAN_POINT('Ctrl Pts',(315.182265729011,218.146383023918,60.6052764414501));
#7546=CARTESIAN_POINT('Ctrl Pts',(315.21129940307,218.133553117539,60.5356849740165));
#7547=CARTESIAN_POINT('Ctrl Pts',(315.236319624154,218.12072321116,60.4646790770987));
#7548=CARTESIAN_POINT('Ctrl Pts',(315.261100551693,218.108016010083,60.3943522810062));
#7549=CARTESIAN_POINT('Ctrl Pts',(315.281944376804,218.095308809006,60.322638381248));
#7550=CARTESIAN_POINT('Ctrl Pts',(315.298720966662,218.082601607929,60.2499851043013));
#7551=CARTESIAN_POINT('Ctrl Pts',(315.315740557694,218.069710348899,60.1762794781135));
#7552=CARTESIAN_POINT('Ctrl Pts',(315.328574017225,218.05681908987,60.1016074338828));
#7553=CARTESIAN_POINT('Ctrl Pts',(315.337138889626,218.04392783084,60.0264487432915));
#7554=CARTESIAN_POINT('Ctrl Pts',(315.345703762026,218.03103657181,59.9512900527002));
#7555=CARTESIAN_POINT('Ctrl Pts',(315.35,218.01814531278,59.8756451307795));
#7556=CARTESIAN_POINT('Ctrl Pts',(315.35,218.005254053751,59.8000000000001));
#7557=CARTESIAN_POINT('Ctrl Pts',(315.357997611657,-218.004731596396,59.7969219853033));
#7558=CARTESIAN_POINT('Ctrl Pts',(315.358407200961,-218.049528906567,60.0608418708231));
#7559=CARTESIAN_POINT('Ctrl Pts',(315.306129700035,-218.094310360699,60.3246420153582));
#7560=CARTESIAN_POINT('Ctrl Pts',(315.104563067816,-218.183714911028,60.8112669125849));
#7561=CARTESIAN_POINT('Ctrl Pts',(314.955731019536,-218.228330125347,61.0340098137097));
#7562=CARTESIAN_POINT('Ctrl Pts',(314.58400981371,-218.317560553986,61.4057310195356));
#7563=CARTESIAN_POINT('Ctrl Pts',(314.361266912585,-218.362175768305,61.5545630678155));
#7564=CARTESIAN_POINT('Ctrl Pts',(313.874642015358,-218.451580318635,61.7561297000351));
#7565=CARTESIAN_POINT('Ctrl Pts',(313.610841870823,-218.496361772767,61.8084072009606));
#7566=CARTESIAN_POINT('Ctrl Pts',(313.346921985303,-218.541159082938,61.8079976116563));
#7567=CARTESIAN_POINT('Ctrl Pts',(315.349997621172,-218.00473159644,59.7969342484646));
#7568=CARTESIAN_POINT('Ctrl Pts',(315.350405578646,-218.049528902803,60.0598026469835));
#7569=CARTESIAN_POINT('Ctrl Pts',(315.298336354617,-218.094310360699,60.3225518081257));
#7570=CARTESIAN_POINT('Ctrl Pts',(315.097572776709,-218.183714911028,60.8072379607419));
#7571=CARTESIAN_POINT('Ctrl Pts',(314.949333684797,-218.228330125347,61.0290934399499));
#7572=CARTESIAN_POINT('Ctrl Pts',(314.57909343995,-218.317560553986,61.3993336847965));
#7573=CARTESIAN_POINT('Ctrl Pts',(314.357237960742,-218.362175768305,61.5475727767086));
#7574=CARTESIAN_POINT('Ctrl Pts',(313.872551808126,-218.451580318635,61.7483363546167));
#7575=CARTESIAN_POINT('Ctrl Pts',(313.609802646984,-218.496361776531,61.800405578646));
#7576=CARTESIAN_POINT('Ctrl Pts',(313.346934248465,-218.541159082894,61.7999976211717));
#7577=CARTESIAN_POINT('Ctrl Pts',(314.549998572703,-218.004731600847,59.7981605645941));
#7578=CARTESIAN_POINT('Ctrl Pts',(314.550243347188,-218.049528526416,59.9558802630214));
#7579=CARTESIAN_POINT('Ctrl Pts',(314.51900181277,-218.094310360699,60.1135310848754));
#7580=CARTESIAN_POINT('Ctrl Pts',(314.398543666025,-218.183714911028,60.4043427764452));
#7581=CARTESIAN_POINT('Ctrl Pts',(314.309600210878,-218.228330125347,60.53745606397));
#7582=CARTESIAN_POINT('Ctrl Pts',(314.08745606397,-218.317560553986,60.7596002108779));
#7583=CARTESIAN_POINT('Ctrl Pts',(313.954342776445,-218.362175768305,60.8485436660252));
#7584=CARTESIAN_POINT('Ctrl Pts',(313.663531084876,-218.451580318635,60.96900181277));
#7585=CARTESIAN_POINT('Ctrl Pts',(313.505880263022,-218.496362152917,61.0002433471876));
#7586=CARTESIAN_POINT('Ctrl Pts',(313.348160564594,-218.541159078487,60.999998572703));
#7587=CARTESIAN_POINT('Ctrl Pts',(314.541918582314,-218.004731600891,59.798172950387));
#7588=CARTESIAN_POINT('Ctrl Pts',(314.54216170865,-218.049528522615,59.9548306469434));
#7589=CARTESIAN_POINT('Ctrl Pts',(314.511130533898,-218.094310360699,60.1114199755706));
#7590=CARTESIAN_POINT('Ctrl Pts',(314.391483472007,-218.183714911028,60.4002735350838));
#7591=CARTESIAN_POINT('Ctrl Pts',(314.303138902791,-218.228330125347,60.5324905264726));
#7592=CARTESIAN_POINT('Ctrl Pts',(314.082490526473,-218.317560553986,60.7531389027913));
#7593=CARTESIAN_POINT('Ctrl Pts',(313.950273535084,-218.362175768305,60.8414834720073));
#7594=CARTESIAN_POINT('Ctrl Pts',(313.661419975571,-218.451580318635,60.9611305338974));
#7595=CARTESIAN_POINT('Ctrl Pts',(313.504830646944,-218.496362156719,60.9921617086499));
#7596=CARTESIAN_POINT('Ctrl Pts',(313.348172950387,-218.541159078442,60.9919185823135));
#7597=CARTESIAN_POINT('',(314.55,-218.005254053751,59.8));
#7598=CARTESIAN_POINT('Ctrl Pts',(314.55,-218.005254053751,59.8));
#7599=CARTESIAN_POINT('Ctrl Pts',(314.55,-218.01969311167,59.8508365128099));
#7600=CARTESIAN_POINT('Ctrl Pts',(314.546765220004,-218.03413216959,59.9016728047413));
#7601=CARTESIAN_POINT('Ctrl Pts',(314.540321721267,-218.04857122751,59.9520993092672));
#7602=CARTESIAN_POINT('Ctrl Pts',(314.533878463663,-218.063009745083,60.0025239267042));
#7603=CARTESIAN_POINT('Ctrl Pts',(314.524226783778,-218.077448262656,60.0525383493101));
#7604=CARTESIAN_POINT('Ctrl Pts',(314.511444435313,-218.091886780229,60.1017396620968));
#7605=CARTESIAN_POINT('Ctrl Pts',(314.498662524828,-218.106324803073,60.1509392890242));
#7606=CARTESIAN_POINT('Ctrl Pts',(314.482750271636,-218.120762825918,60.1993254344955));
#7607=CARTESIAN_POINT('Ctrl Pts',(314.463835855701,-218.135200848762,60.2465083275317));
#7608=CARTESIAN_POINT('Ctrl Pts',(314.444922028143,-218.149638422479,60.2936897528361));
#7609=CARTESIAN_POINT('Ctrl Pts',(314.423006389164,-218.164075996195,60.3396675908186));
#7610=CARTESIAN_POINT('Ctrl Pts',(314.398265467602,-218.178513569912,60.3840714934275));
#7611=CARTESIAN_POINT('Ctrl Pts',(314.372409154841,-218.193602030565,60.430477250413));
#7612=CARTESIAN_POINT('Ctrl Pts',(314.343466943906,-218.208690491218,60.4751632947352));
#7613=CARTESIAN_POINT('Ctrl Pts',(314.311693399342,-218.223778951871,60.5177365851505));
#7614=CARTESIAN_POINT('Ctrl Pts',(314.281284438844,-218.238219405721,60.5584814728935));
#7615=CARTESIAN_POINT('Ctrl Pts',(314.248282719766,-218.252659859572,60.5972910422969));
#7616=CARTESIAN_POINT('Ctrl Pts',(314.212954174301,-218.267100313423,60.6338525607428));
#7617=CARTESIAN_POINT('Ctrl Pts',(314.177628668102,-218.281539524982,60.6704109338517));
#7618=CARTESIAN_POINT('Ctrl Pts',(314.139977043407,-218.29597873654,60.7047213255602));
#7619=CARTESIAN_POINT('Ctrl Pts',(314.100302649888,-218.310417948099,60.7365073056691));
#7620=CARTESIAN_POINT('Ctrl Pts',(314.060631168135,-218.324856099941,60.7682909529551));
#7621=CARTESIAN_POINT('Ctrl Pts',(314.018937559541,-218.339294251783,60.797550283512));
#7622=CARTESIAN_POINT('Ctrl Pts',(313.975557689841,-218.353732403625,60.8240495967877));
#7623=CARTESIAN_POINT('Ctrl Pts',(313.932180455967,-218.368169678184,60.8505472999255));
#7624=CARTESIAN_POINT('Ctrl Pts',(313.88711754296,-218.382606952742,60.8742850914607));
#7625=CARTESIAN_POINT('Ctrl Pts',(313.840731914215,-218.397044227301,60.8950717731598));
#7626=CARTESIAN_POINT('Ctrl Pts',(313.794338867856,-218.411483810551,60.9158617788965));
#7627=CARTESIAN_POINT('Ctrl Pts',(313.746623085228,-218.425923393802,60.9336995489784));
#7628=CARTESIAN_POINT('Ctrl Pts',(313.697969020138,-218.440362977052,60.9484413615961));
#7629=CARTESIAN_POINT('Ctrl Pts',(313.649321869365,-218.454800508268,60.9631810792282));
#7630=CARTESIAN_POINT('Ctrl Pts',(313.599737125794,-218.469238039483,60.9748255923987));
#7631=CARTESIAN_POINT('Ctrl Pts',(313.549614188485,-218.483675570698,60.9832811059742));
#7632=CARTESIAN_POINT('Ctrl Pts',(313.499489279899,-218.498113669725,60.9917369520955));
#7633=CARTESIAN_POINT('Ctrl Pts',(313.448826570618,-218.512551768752,60.997003473986));
#7634=CARTESIAN_POINT('Ctrl Pts',(313.398034174606,-218.526989867779,60.9990382471257));
#7635=CARTESIAN_POINT('Ctrl Pts',(313.382031340129,-218.531538787047,60.9996793300496));
#7636=CARTESIAN_POINT('Ctrl Pts',(313.366015670408,-218.536087706315,61.0000000000001));
#7637=CARTESIAN_POINT('Ctrl Pts',(313.35,-218.540636625583,61.0000000000001));
#7638=CARTESIAN_POINT('',(315.35,-218.005254053751,59.8000000000001));
#7639=CARTESIAN_POINT('',(314.55,-218.005254053751,59.8000000000001));
#7640=CARTESIAN_POINT('Ctrl Pts',(315.35,-218.005254053751,59.8000000000001));
#7641=CARTESIAN_POINT('Ctrl Pts',(315.35,-218.017962038094,59.8745696859695));
#7642=CARTESIAN_POINT('Ctrl Pts',(315.345825178667,-218.030670022437,59.9491391775074));
#7643=CARTESIAN_POINT('Ctrl Pts',(315.337501603582,-218.043378006781,60.0232428627288));
#7644=CARTESIAN_POINT('Ctrl Pts',(315.32917830403,-218.056085570456,60.0973440949208));
#7645=CARTESIAN_POINT('Ctrl Pts',(315.316706569079,-218.068793134131,60.1709791652787));
#7646=CARTESIAN_POINT('Ctrl Pts',(315.300164267091,-218.081500697806,60.243688326825));
#7647=CARTESIAN_POINT('Ctrl Pts',(315.283622472231,-218.094207871914,60.3163952593714));
#7648=CARTESIAN_POINT('Ctrl Pts',(315.263010446412,-218.106915046021,60.3881759608646));
#7649=CARTESIAN_POINT('Ctrl Pts',(315.238456874736,-218.119622220128,60.4585822896674));
#7650=CARTESIAN_POINT('Ctrl Pts',(315.213903995733,-218.132329035758,60.528986632261));
#7651=CARTESIAN_POINT('Ctrl Pts',(315.185409921485,-218.145035851387,60.5980163127654));
#7652=CARTESIAN_POINT('Ctrl Pts',(315.153152536321,-218.157742667017,60.6652403890015));
#7653=CARTESIAN_POINT('Ctrl Pts',(315.120895982284,-218.170449155249,60.7324627331785));
#7654=CARTESIAN_POINT('Ctrl Pts',(315.084876479595,-218.183155643482,60.7978792158301));
#7655=CARTESIAN_POINT('Ctrl Pts',(315.045318881164,-218.195862131715,60.8610814724467));
#7656=CARTESIAN_POINT('Ctrl Pts',(315.005762205245,-218.208568323623,60.924282255141));
#7657=CARTESIAN_POINT('Ctrl Pts',(314.962667804946,-218.221274515531,60.9852685857784));
#7658=CARTESIAN_POINT('Ctrl Pts',(314.916304685932,-218.233980707439,61.04365977294));
#7659=CARTESIAN_POINT('Ctrl Pts',(314.869681994241,-218.246758037362,61.1023778741882));
#7660=CARTESIAN_POINT('Ctrl Pts',(314.819754088162,-218.259535367284,61.1584713508668));
#7661=CARTESIAN_POINT('Ctrl Pts',(314.766836122695,-218.272312697207,61.2115861296527));
#7662=CARTESIAN_POINT('Ctrl Pts',(314.714205295462,-218.285020696045,61.2644127022755));
#7663=CARTESIAN_POINT('Ctrl Pts',(314.658617079868,-218.297728694883,61.3142925704858));
#7664=CARTESIAN_POINT('Ctrl Pts',(314.600418569508,-218.31043669372,61.3609142836909));
#7665=CARTESIAN_POINT('Ctrl Pts',(314.542223779277,-218.323143880245,61.4075330167718));
#7666=CARTESIAN_POINT('Ctrl Pts',(314.481419331747,-218.33585106677,61.4508937687306));
#7667=CARTESIAN_POINT('Ctrl Pts',(314.418384842292,-218.348558253296,61.4907258289742));
#7668=CARTESIAN_POINT('Ctrl Pts',(314.355353765413,-218.361264751876,61.5305557327808));
#7669=CARTESIAN_POINT('Ctrl Pts',(314.290093216879,-218.373971250457,61.5668571197099));
#7670=CARTESIAN_POINT('Ctrl Pts',(314.223010588438,-218.386677749037,61.5994033768104));
#7671=CARTESIAN_POINT('Ctrl Pts',(314.15527644145,-218.399507655416,61.6322657290104));
#7672=CARTESIAN_POINT('Ctrl Pts',(314.085684974017,-218.412337561795,61.6612994030695));
#7673=CARTESIAN_POINT('Ctrl Pts',(314.014679077099,-218.425167468173,61.6863196241538));
#7674=CARTESIAN_POINT('Ctrl Pts',(313.944352281006,-218.43787466925,61.7111005516931));
#7675=CARTESIAN_POINT('Ctrl Pts',(313.872638381248,-218.450581870327,61.7319443768042));
#7676=CARTESIAN_POINT('Ctrl Pts',(313.799985104301,-218.463289071405,61.7487209666618));
#7677=CARTESIAN_POINT('Ctrl Pts',(313.726279478114,-218.476180330434,61.7657405576936));
#7678=CARTESIAN_POINT('Ctrl Pts',(313.651607433883,-218.489071589464,61.778574017225));
#7679=CARTESIAN_POINT('Ctrl Pts',(313.576448743292,-218.501962848494,61.7871388896255));
#7680=CARTESIAN_POINT('Ctrl Pts',(313.5012900527,-218.514854107523,61.7957037620261));
#7681=CARTESIAN_POINT('Ctrl Pts',(313.42564513078,-218.527745366553,61.8000000000001));
#7682=CARTESIAN_POINT('Ctrl Pts',(313.35,-218.540636625583,61.8000000000001));
#7683=CARTESIAN_POINT('Origin',(313.35,-218.540636625583,59.8));
#7684=CARTESIAN_POINT('',(315.35,218.540636625583,59.8));
#7685=CARTESIAN_POINT('Origin',(313.35,-218.540636625583,59.8));
#7686=CARTESIAN_POINT('',(314.55,218.540636625583,59.8));
#7687=CARTESIAN_POINT('Origin',(315.350000000001,4.00507699873883E-14,1.08994438746574E-12));
#7688=CARTESIAN_POINT('',(315.35,-212.339772435938,45.));
#7689=CARTESIAN_POINT('',(315.35,-62.0397208042081,-347.6304794911));
#7690=CARTESIAN_POINT('',(315.35,212.339772435939,44.9999999999999));
#7691=CARTESIAN_POINT('',(315.35,218.540636625583,44.9999999999999));
#7692=CARTESIAN_POINT('',(315.35,218.005254053751,59.8));
#7693=CARTESIAN_POINT('Origin',(314.550000000001,3.99491666387601E-14,1.08715120239466E-12));
#7694=CARTESIAN_POINT('',(314.55,212.339772435939,44.9999999999999));
#7695=CARTESIAN_POINT('',(314.55,-212.339772435938,45.));
#7696=CARTESIAN_POINT('',(314.55,4.56643549990975E-14,45.));
#7697=CARTESIAN_POINT('',(314.550000000001,-170.176345752094,-65.1439836922245));
#7698=CARTESIAN_POINT('',(314.550000000001,170.176345752094,-65.1439836922243));
#7699=CARTESIAN_POINT('Origin',(315.35,218.540636625583,44.9999999999999));
#7700=CARTESIAN_POINT('',(315.35,-212.339772435938,45.));
#7701=CARTESIAN_POINT('',(315.35,212.339772435939,44.9999999999999));
#7702=CARTESIAN_POINT('Origin',(315.35,218.005254053751,59.8));
#7703=CARTESIAN_POINT('Origin',(315.35,-62.0397208042081,-347.6304794911));
#7704=CARTESIAN_POINT('Ctrl Pts',(313.349524239212,287.539695597414,0.601325710940579));
#7705=CARTESIAN_POINT('Ctrl Pts',(313.612569794424,287.456694675457,0.675867181672098));
#7706=CARTESIAN_POINT('Ctrl Pts',(313.875443259023,287.338776733786,0.71143358579778));
#7707=CARTESIAN_POINT('Ctrl Pts',(314.361266912585,287.038390786682,0.710559368140611));
#7708=CARTESIAN_POINT('Ctrl Pts',(314.58400981371,286.856027287593,0.674209680476622));
#7709=CARTESIAN_POINT('Ctrl Pts',(314.955731019535,286.44184833954,0.546383541353953));
#7710=CARTESIAN_POINT('Ctrl Pts',(315.104563067815,286.210130553924,0.45501596051237));
#7711=CARTESIAN_POINT('Ctrl Pts',(315.305797814042,285.719709152833,0.242298941689045));
#7712=CARTESIAN_POINT('Ctrl Pts',(315.358063037732,285.461156662017,0.121092405784552));
#7713=CARTESIAN_POINT('Ctrl Pts',(315.357999942942,285.20246381932,-0.000219412178470011));
#7714=CARTESIAN_POINT('Ctrl Pts',(313.349526134766,287.534353563471,0.595370656808341));
#7715=CARTESIAN_POINT('Ctrl Pts',(313.611523648376,287.45135250089,0.669911915994022));
#7716=CARTESIAN_POINT('Ctrl Pts',(313.873349859585,287.333573577158,0.705633345622684));
#7717=CARTESIAN_POINT('Ctrl Pts',(314.357237960742,287.033722990047,0.705355922711531));
#7718=CARTESIAN_POINT('Ctrl Pts',(314.57909343995,286.851755440096,0.669447620971781));
#7719=CARTESIAN_POINT('Ctrl Pts',(314.949333684796,286.43856541004,0.542723882238603));
#7720=CARTESIAN_POINT('Ctrl Pts',(315.097572776708,286.207440204185,0.452016882114794));
#7721=CARTESIAN_POINT('Ctrl Pts',(315.298005790879,285.71831127645,0.240740653261255));
#7722=CARTESIAN_POINT('Ctrl Pts',(315.350062786586,285.460458066359,0.120313698097043));
#7723=CARTESIAN_POINT('Ctrl Pts',(315.349999943169,285.202465085133,-0.00021800120667191));
#7724=CARTESIAN_POINT('Ctrl Pts',(313.349715690172,287.000150169201,-0.000134756415472168));
#7725=CARTESIAN_POINT('Ctrl Pts',(313.506909043565,286.917135044142,0.0743853481865261));
#7726=CARTESIAN_POINT('Ctrl Pts',(313.664009915751,286.813257914392,0.125609328113062));
#7727=CARTESIAN_POINT('Ctrl Pts',(313.954342776445,286.566943326556,0.185011379803549));
#7728=CARTESIAN_POINT('Ctrl Pts',(314.08745606397,286.424570690397,0.193241670487613));
#7729=CARTESIAN_POINT('Ctrl Pts',(314.309600210878,286.110272459986,0.17675797070354));
#7730=CARTESIAN_POINT('Ctrl Pts',(314.398543666025,285.938405230285,0.15210904235718));
#7731=CARTESIAN_POINT('Ctrl Pts',(314.518803474527,285.578523638074,0.084911810482249));
#7732=CARTESIAN_POINT('Ctrl Pts',(314.550037671951,285.390598500607,0.0424429293462058));
#7733=CARTESIAN_POINT('Ctrl Pts',(314.549999965902,285.202591666481,-7.69040268618034E-5));
#7734=CARTESIAN_POINT('Ctrl Pts',(313.349717604681,286.994754714919,-0.00614936108903268));
#7735=CARTESIAN_POINT('Ctrl Pts',(313.505852436057,286.911739447829,0.0683705298516703));
#7736=CARTESIAN_POINT('Ctrl Pts',(313.661895582318,286.808002726198,0.119751085536215));
#7737=CARTESIAN_POINT('Ctrl Pts',(313.950273535084,286.562228851955,0.179755899920178));
#7738=CARTESIAN_POINT('Ctrl Pts',(314.082490526472,286.420256124425,0.188431990387723));
#7739=CARTESIAN_POINT('Ctrl Pts',(314.303138902791,286.106956701191,0.173061714997036));
#7740=CARTESIAN_POINT('Ctrl Pts',(314.391483472007,285.935687977049,0.149079973175629));
#7741=CARTESIAN_POINT('Ctrl Pts',(314.510933531132,285.577111782927,0.0833379391701811));
#7742=CARTESIAN_POINT('Ctrl Pts',(314.541957418294,285.389892918993,0.0416564345818224));
#7743=CARTESIAN_POINT('Ctrl Pts',(314.541919966131,285.202592944953,-7.54789453457214E-5));
#7744=CARTESIAN_POINT('',(314.55,285.20293170755,-4.85722573273506E-14));
#7745=CARTESIAN_POINT('',(315.35,285.20293170755,-2.58331403003701E-14));
#7746=CARTESIAN_POINT('',(315.35,285.20293170755,1.42273912510079E-13));
#7747=CARTESIAN_POINT('Ctrl Pts',(313.35,287.,-2.20268248085631E-13));
#7748=CARTESIAN_POINT('Ctrl Pts',(313.39467563494,286.976399256962,0.0211712547838755));
#7749=CARTESIAN_POINT('Ctrl Pts',(313.43901076518,286.951314539772,0.0403278975008353));
#7750=CARTESIAN_POINT('Ctrl Pts',(313.482917532291,286.924708758342,0.0576210353382294));
#7751=CARTESIAN_POINT('Ctrl Pts',(313.527205707364,286.897871858623,0.0750643946762328));
#7752=CARTESIAN_POINT('Ctrl Pts',(313.57105934065,286.869487339818,0.0906117174594156));
#7753=CARTESIAN_POINT('Ctrl Pts',(313.614394342875,286.839481770571,0.104378658391049));
#7754=CARTESIAN_POINT('Ctrl Pts',(313.657409098148,286.80969794337,0.118043861220884));
#7755=CARTESIAN_POINT('Ctrl Pts',(313.699914081807,286.778316704357,0.129954640425501));
#7756=CARTESIAN_POINT('Ctrl Pts',(313.741814174015,286.745233536989,0.140187651776991));
#7757=CARTESIAN_POINT('Ctrl Pts',(313.764292629807,286.727485162798,0.145677431898265));
#7758=CARTESIAN_POINT('Ctrl Pts',(313.786596662298,286.709246417549,0.150683732315799));
#7759=CARTESIAN_POINT('Ctrl Pts',(313.808708200147,286.690497669065,0.155214493306275));
#7760=CARTESIAN_POINT('Ctrl Pts',(313.858035545407,286.648672175242,0.165321904794261));
#7761=CARTESIAN_POINT('Ctrl Pts',(313.905695305458,286.604911205085,0.172919977416895));
#7762=CARTESIAN_POINT('Ctrl Pts',(313.951493716047,286.55923604959,0.178253497766981));
#7763=CARTESIAN_POINT('Ctrl Pts',(313.997986807883,286.512868082409,0.183667918229653));
#7764=CARTESIAN_POINT('Ctrl Pts',(314.042563474205,286.46452689893,0.186747986172917));
#7765=CARTESIAN_POINT('Ctrl Pts',(314.085007039397,286.414200680091,0.18771179088823));
#7766=CARTESIAN_POINT('Ctrl Pts',(314.124515959213,286.367354131368,0.188608955936525));
#7767=CARTESIAN_POINT('Ctrl Pts',(314.162177402248,286.318786652458,0.187671378531715));
#7768=CARTESIAN_POINT('Ctrl Pts',(314.197786329556,286.268470439835,0.185054599063776));
#7769=CARTESIAN_POINT('Ctrl Pts',(314.238341465167,286.211165123989,0.182074339499437));
#7770=CARTESIAN_POINT('Ctrl Pts',(314.275902754821,286.152045960628,0.176936774620136));
#7771=CARTESIAN_POINT('Ctrl Pts',(314.310156183317,286.091367900915,0.169986236446221));
#7772=CARTESIAN_POINT('Ctrl Pts',(314.34464790662,286.030267715091,0.162987344655377));
#7773=CARTESIAN_POINT('Ctrl Pts',(314.37578561934,285.967586910636,0.154150214803498));
#7774=CARTESIAN_POINT('Ctrl Pts',(314.403295656288,285.90360191924,0.143844387982092));
#7775=CARTESIAN_POINT('Ctrl Pts',(314.430804437692,285.839619848085,0.133539031513158));
#7776=CARTESIAN_POINT('Ctrl Pts',(314.454685886767,285.774333729108,0.121765134514468));
#7777=CARTESIAN_POINT('Ctrl Pts',(314.474712702169,285.708035532525,0.108909551306894));
#7778=CARTESIAN_POINT('Ctrl Pts',(314.494638769596,285.642070859211,0.0961186400868634));
#7779=CARTESIAN_POINT('Ctrl Pts',(314.510748848485,285.575104273137,0.0822569069739311));
#7780=CARTESIAN_POINT('Ctrl Pts',(314.522865055389,285.507438572448,0.0677223550859196));
#7781=CARTESIAN_POINT('Ctrl Pts',(314.534806615541,285.440748226084,0.0533973087213893));
#7782=CARTESIAN_POINT('Ctrl Pts',(314.542868554002,285.373378798644,0.0384187272986267));
#7783=CARTESIAN_POINT('Ctrl Pts',(314.546925991771,285.305634741707,0.0231838802486166));
#7784=CARTESIAN_POINT('Ctrl Pts',(314.548971528811,285.271481912838,0.0155033079936057));
#7785=CARTESIAN_POINT('Ctrl Pts',(314.55,285.23723409694,0.00775785868100302));
#7786=CARTESIAN_POINT('Ctrl Pts',(314.55,285.20293170755,-6.3948846218409E-14));
#7787=CARTESIAN_POINT('',(313.35,287.,0.));
#7788=CARTESIAN_POINT('Ctrl Pts',(313.35,287.53420340453,0.595505434558135));
#7789=CARTESIAN_POINT('Ctrl Pts',(313.420454258581,287.511872133515,0.61553789826306));
#7790=CARTESIAN_POINT('Ctrl Pts',(313.490470295192,287.487196100714,0.632678214373892));
#7791=CARTESIAN_POINT('Ctrl Pts',(313.55988023145,287.46018284087,0.647071220238679));
#7792=CARTESIAN_POINT('Ctrl Pts',(313.63004793955,287.432874668096,0.661621359435739));
#7793=CARTESIAN_POINT('Ctrl Pts',(313.69959757465,287.403177978021,0.673363897619043));
#7794=CARTESIAN_POINT('Ctrl Pts',(313.768365355739,287.371065145572,0.682408995169411));
#7795=CARTESIAN_POINT('Ctrl Pts',(313.836737061682,287.339137270301,0.691401996545175));
#7796=CARTESIAN_POINT('Ctrl Pts',(313.904337178528,287.304820789349,0.69772830028733));
#7797=CARTESIAN_POINT('Ctrl Pts',(313.970994563352,287.268055353664,0.701459166048551));
#7798=CARTESIAN_POINT('Ctrl Pts',(314.019629200872,287.241230514338,0.704181284601691));
#7799=CARTESIAN_POINT('Ctrl Pts',(314.067761833962,287.213101257743,0.705520922937328));
#7800=CARTESIAN_POINT('Ctrl Pts',(314.115316714751,287.183634151671,0.705494620585689));
#7801=CARTESIAN_POINT('Ctrl Pts',(314.17044088407,287.149476779863,0.705464131700818));
#7802=CARTESIAN_POINT('Ctrl Pts',(314.224217205573,287.113877270715,0.703601210498447));
#7803=CARTESIAN_POINT('Ctrl Pts',(314.276642193277,287.076823817983,0.700019166557482));
#7804=CARTESIAN_POINT('Ctrl Pts',(314.329517275381,287.039452243067,0.696406369000986));
#7805=CARTESIAN_POINT('Ctrl Pts',(314.381018604383,287.000601406668,0.691044529747556));
#7806=CARTESIAN_POINT('Ctrl Pts',(314.431125121876,286.960226101028,0.684013009388444));
#7807=CARTESIAN_POINT('Ctrl Pts',(314.440899653154,286.952349886365,0.682641335220754));
#7808=CARTESIAN_POINT('Ctrl Pts',(314.450621029652,286.944415565861,0.681206018577113));
#7809=CARTESIAN_POINT('Ctrl Pts',(314.46028897444,286.936422672254,0.679707501811798));
#7810=CARTESIAN_POINT('Ctrl Pts',(314.501653662761,286.902224757383,0.673296037917323));
#7811=CARTESIAN_POINT('Ctrl Pts',(314.542191030247,286.866824379038,0.665702093700061));
#7812=CARTESIAN_POINT('Ctrl Pts',(314.581652015063,286.830353419952,0.656983538341784));
#7813=CARTESIAN_POINT('Ctrl Pts',(314.621074698188,286.793917860372,0.648273445403127));
#7814=CARTESIAN_POINT('Ctrl Pts',(314.659422606628,286.756414004657,0.638441154561409));
#7815=CARTESIAN_POINT('Ctrl Pts',(314.696476533958,286.718002143973,0.627576462750994));
#7816=CARTESIAN_POINT('Ctrl Pts',(314.71950008138,286.694134841375,0.620825660200661));
#7817=CARTESIAN_POINT('Ctrl Pts',(314.742024658095,286.669917538534,0.613676895152334));
#7818=CARTESIAN_POINT('Ctrl Pts',(314.764004520527,286.645393689309,0.606157284467997));
#7819=CARTESIAN_POINT('Ctrl Pts',(314.806348871524,286.598148330857,0.591670704529197));
#7820=CARTESIAN_POINT('Ctrl Pts',(314.846583759595,286.549870635179,0.575843892338423));
#7821=CARTESIAN_POINT('Ctrl Pts',(314.884723609365,286.500538869562,0.558780490559329));
#7822=CARTESIAN_POINT('Ctrl Pts',(314.923058566273,286.450954743759,0.54162979972423));
#7823=CARTESIAN_POINT('Ctrl Pts',(314.9592776533,286.400305263411,0.523229308292083));
#7824=CARTESIAN_POINT('Ctrl Pts',(314.993358601503,286.348543704765,0.503656772492889));
#7825=CARTESIAN_POINT('Ctrl Pts',(314.999650437504,286.338987772336,0.500043399278103));
#7826=CARTESIAN_POINT('Ctrl Pts',(315.005869284162,286.329393881775,0.496390017743787));
#7827=CARTESIAN_POINT('Ctrl Pts',(315.012014837976,286.319761668456,0.492697038401012));
#7828=CARTESIAN_POINT('Ctrl Pts',(315.03771343588,286.279483056552,0.477254265614613));
#7829=CARTESIAN_POINT('Ctrl Pts',(315.062217216009,286.238389974532,0.46106371398912));
#7830=CARTESIAN_POINT('Ctrl Pts',(315.085353009622,286.196674631343,0.444237648095445));
#7831=CARTESIAN_POINT('Ctrl Pts',(315.10847619312,286.154982025012,0.427420753212834));
#7832=CARTESIAN_POINT('Ctrl Pts',(315.130232569202,286.112668139403,0.409969375254139));
#7833=CARTESIAN_POINT('Ctrl Pts',(315.150493108587,286.069943669598,0.39201655297861));
#7834=CARTESIAN_POINT('Ctrl Pts',(315.167192528663,286.034728720219,0.377219231197374));
#7835=CARTESIAN_POINT('Ctrl Pts',(315.182876489968,285.999235269322,0.362081730795435));
#7836=CARTESIAN_POINT('Ctrl Pts',(315.197497067015,285.963588560953,0.346686645639167));
#7837=CARTESIAN_POINT('Ctrl Pts',(315.220464426438,285.907591402927,0.32250261699374));
#7838=CARTESIAN_POINT('Ctrl Pts',(315.240851674037,285.851131136623,0.297649052883821));
#7839=CARTESIAN_POINT('Ctrl Pts',(315.258681619996,285.794175186088,0.272218619369646));
#7840=CARTESIAN_POINT('Ctrl Pts',(315.276538556908,285.737133015698,0.24674968929296));
#7841=CARTESIAN_POINT('Ctrl Pts',(315.291830748261,285.679593045045,0.220701457320989));
#7842=CARTESIAN_POINT('Ctrl Pts',(315.304532176364,285.621511051147,0.194154192576725));
#7843=CARTESIAN_POINT('Ctrl Pts',(315.306816862447,285.611063476113,0.189378968419433));
#7844=CARTESIAN_POINT('Ctrl Pts',(315.309017589132,285.600598347844,0.184587580191094));
#7845=CARTESIAN_POINT('Ctrl Pts',(315.311134026733,285.590115393702,0.179780478045458));
#7846=CARTESIAN_POINT('Ctrl Pts',(315.321656959041,285.537994123155,0.155879555833136));
#7847=CARTESIAN_POINT('Ctrl Pts',(315.330111487128,285.485333248176,0.131546029433019));
#7848=CARTESIAN_POINT('Ctrl Pts',(315.336402966746,285.432357743966,0.106955477564604));
#7849=CARTESIAN_POINT('Ctrl Pts',(315.342685997468,285.379453381132,0.082397948613733));
#7850=CARTESIAN_POINT('Ctrl Pts',(315.346811644478,285.326235612986,0.0575845070486127));
#7851=CARTESIAN_POINT('Ctrl Pts',(315.348736288338,285.272936316307,0.0326987277594455));
#7852=CARTESIAN_POINT('Ctrl Pts',(315.349578587891,285.249610456013,0.0218077358110427));
#7853=CARTESIAN_POINT('Ctrl Pts',(315.35,285.226269047348,0.0109029634343681));
#7854=CARTESIAN_POINT('Ctrl Pts',(315.35,285.20293170755,-1.4210854715202E-14));
#7855=CARTESIAN_POINT('Ctrl Pts',(315.357997611656,218.93749921478,59.4398559180298));
#7856=CARTESIAN_POINT('Ctrl Pts',(315.358407200961,219.080386539415,59.6662266701826));
#7857=CARTESIAN_POINT('Ctrl Pts',(315.306129700035,219.223205709443,59.8924977013888));
#7858=CARTESIAN_POINT('Ctrl Pts',(315.104563067816,219.481600435984,60.3144326839591));
#7859=CARTESIAN_POINT('Ctrl Pts',(314.955731019536,219.59712720289,60.5100304433496));
#7860=CARTESIAN_POINT('Ctrl Pts',(314.58400981371,219.778924113522,60.8463169395701));
#7861=CARTESIAN_POINT('Ctrl Pts',(314.361266912585,219.845096593901,60.986896805783));
#7862=CARTESIAN_POINT('Ctrl Pts',(313.874642015358,219.913142450871,61.1966396058816));
#7863=CARTESIAN_POINT('Ctrl Pts',(313.610841870823,219.914716475461,61.2654570323358));
#7864=CARTESIAN_POINT('Ctrl Pts',(313.346921985303,219.881096668384,61.2950657360239));
#7865=CARTESIAN_POINT('Ctrl Pts',(315.349997621172,218.937507403525,59.4398650465333));
#7866=CARTESIAN_POINT('Ctrl Pts',(315.350405578646,219.079692596075,59.665453088364));
#7867=CARTESIAN_POINT('Ctrl Pts',(315.298336354617,219.221809964669,59.8909417891809));
#7868=CARTESIAN_POINT('Ctrl Pts',(315.097572776709,219.478910086245,60.3114336055615));
#7869=CARTESIAN_POINT('Ctrl Pts',(314.949333684797,219.593844273389,60.5063707842342));
#7870=CARTESIAN_POINT('Ctrl Pts',(314.57909343995,219.774652266025,60.8415548800652));
#7871=CARTESIAN_POINT('Ctrl Pts',(314.357237960742,219.840428797266,60.9816933603539));
#7872=CARTESIAN_POINT('Ctrl Pts',(313.872551808126,219.907938411302,61.190838381444));
#7873=CARTESIAN_POINT('Ctrl Pts',(313.609802646984,219.909373355306,61.2595007728821));
#7874=CARTESIAN_POINT('Ctrl Pts',(313.346934248465,219.875754640726,61.2891106887319));
#7875=CARTESIAN_POINT('Ctrl Pts',(314.549998572703,218.938326278059,59.4407778968756));
#7876=CARTESIAN_POINT('Ctrl Pts',(314.550243347188,219.010298262101,59.588094906503));
#7877=CARTESIAN_POINT('Ctrl Pts',(314.51900181277,219.082235487197,59.7353505683925));
#7878=CARTESIAN_POINT('Ctrl Pts',(314.398543666025,219.209875112345,60.0115257658041));
#7879=CARTESIAN_POINT('Ctrl Pts',(314.309600210878,219.265551323336,60.1404048726993));
#7880=CARTESIAN_POINT('Ctrl Pts',(314.08745606397,219.347467516326,60.3653489295811));
#7881=CARTESIAN_POINT('Ctrl Pts',(313.954342776445,219.373649133775,60.4613488174459));
#7882=CARTESIAN_POINT('Ctrl Pts',(313.663531084876,219.387534454399,60.6107159376832));
#7883=CARTESIAN_POINT('Ctrl Pts',(313.505880263022,219.375061339854,60.6638748275138));
#7884=CARTESIAN_POINT('Ctrl Pts',(313.348160564594,219.341551874865,60.6936059595336));
#7885=CARTESIAN_POINT('Ctrl Pts',(314.541918582313,218.938334548692,59.4407871166641));
#7886=CARTESIAN_POINT('Ctrl Pts',(314.54216170865,219.009597379328,59.5873135888662));
#7887=CARTESIAN_POINT('Ctrl Pts',(314.511130533897,219.080825784974,59.7337790970625));
#7888=CARTESIAN_POINT('Ctrl Pts',(314.391483472007,219.207157859108,60.0084966966225));
#7889=CARTESIAN_POINT('Ctrl Pts',(314.303138902791,219.26223556454,60.1367086169928));
#7890=CARTESIAN_POINT('Ctrl Pts',(314.082490526473,219.343152950354,60.3605392494812));
#7891=CARTESIAN_POINT('Ctrl Pts',(313.950273535084,219.368934659174,60.4560933375626));
#7892=CARTESIAN_POINT('Ctrl Pts',(313.661419975571,219.382278374434,60.6048567010012));
#7893=CARTESIAN_POINT('Ctrl Pts',(313.504830646944,219.369664788498,60.6578590054656));
#7894=CARTESIAN_POINT('Ctrl Pts',(313.348172950387,219.33615642693,60.6875913617687));
#7895=CARTESIAN_POINT('',(314.55,218.93916566445,59.4424960092517));
#7896=CARTESIAN_POINT('Ctrl Pts',(314.55,218.93916566445,59.4424960092517));
#7897=CARTESIAN_POINT('Ctrl Pts',(314.55,218.962363790396,59.4899795261907));
#7898=CARTESIAN_POINT('Ctrl Pts',(314.546765220004,218.985561768849,59.5374628787118));
#7899=CARTESIAN_POINT('Ctrl Pts',(314.540321721267,219.008486110018,59.5846411929491));
#7900=CARTESIAN_POINT('Ctrl Pts',(314.533878463663,219.031409593299,59.6318177416531));
#7901=CARTESIAN_POINT('Ctrl Pts',(314.524226783777,219.054059167237,59.6786889487931));
#7902=CARTESIAN_POINT('Ctrl Pts',(314.511444435312,219.076165783632,59.7249548917879));
#7903=CARTESIAN_POINT('Ctrl Pts',(314.498662524828,219.098271642555,59.7712192495024));
#7904=CARTESIAN_POINT('Ctrl Pts',(314.482750271636,219.119834295773,59.8168780664319));
#7905=CARTESIAN_POINT('Ctrl Pts',(314.463835855701,219.140593472058,59.8616412041561));
#7906=CARTESIAN_POINT('Ctrl Pts',(314.444922028142,219.16135200258,59.9064029494205));
#7907=CARTESIAN_POINT('Ctrl Pts',(314.423006389164,219.181306832547,59.9502687661959));
#7908=CARTESIAN_POINT('Ctrl Pts',(314.398265467601,219.200210660469,59.9929629741355));
#7909=CARTESIAN_POINT('Ctrl Pts',(314.372409154841,219.219966726786,60.0375819585476));
#7910=CARTESIAN_POINT('Ctrl Pts',(314.343466943906,219.238574447654,60.0809208201634));
#7911=CARTESIAN_POINT('Ctrl Pts',(314.311693399341,219.255771368108,60.1226869862375));
#7912=CARTESIAN_POINT('Ctrl Pts',(314.281284438844,219.272229729363,60.1626594133519));
#7913=CARTESIAN_POINT('Ctrl Pts',(314.248282719765,219.287395773561,60.2011912247303));
#7914=CARTESIAN_POINT('Ctrl Pts',(314.212954174301,219.301060672164,60.2380496279056));
#7915=CARTESIAN_POINT('Ctrl Pts',(314.177628668102,219.314724395196,60.2749048602035));
#7916=CARTESIAN_POINT('Ctrl Pts',(314.139977043407,219.32688701908,60.3100867360754));
#7917=CARTESIAN_POINT('Ctrl Pts',(314.100302649888,219.337363956376,60.3433894859141));
#7918=CARTESIAN_POINT('Ctrl Pts',(314.060631168135,219.347840124753,60.3766897916117));
#7919=CARTESIAN_POINT('Ctrl Pts',(314.018937559541,219.356630669891,60.4081110418959));
#7920=CARTESIAN_POINT('Ctrl Pts',(313.975557689841,219.363578201745,60.4374777855671));
#7921=CARTESIAN_POINT('Ctrl Pts',(313.932180455967,219.370525311455,60.4668427448711));
#7922=CARTESIAN_POINT('Ctrl Pts',(313.88711754296,219.375629478448,60.4941532762273));
#7923=CARTESIAN_POINT('Ctrl Pts',(313.840731914215,219.378763029289,60.5192670551517));
#7924=CARTESIAN_POINT('Ctrl Pts',(313.794338867856,219.381897081222,60.544384850068));
#7925=CARTESIAN_POINT('Ctrl Pts',(313.746623085227,219.383059765233,60.5673050545137));
#7926=CARTESIAN_POINT('Ctrl Pts',(313.697969020138,219.382155110471,60.5879206845905));
#7927=CARTESIAN_POINT('Ctrl Pts',(313.649321869364,219.381250584272,60.6085333849431));
#7928=CARTESIAN_POINT('Ctrl Pts',(313.599737125793,219.378279222121,60.6268420714481));
#7929=CARTESIAN_POINT('Ctrl Pts',(313.549614188485,219.37317839192,60.6427769247162));
#7930=CARTESIAN_POINT('Ctrl Pts',(313.499489279899,219.368077361109,60.6587124046838));
#7931=CARTESIAN_POINT('Ctrl Pts',(313.448826570618,219.360846645469,60.6722738097615));
#7932=CARTESIAN_POINT('Ctrl Pts',(313.398034174605,219.351457915849,60.6834295599088));
#7933=CARTESIAN_POINT('Ctrl Pts',(313.382031340129,219.348499869018,60.6869443305652));
#7934=CARTESIAN_POINT('Ctrl Pts',(313.366015670408,219.34532786506,60.6902205916377));
#7935=CARTESIAN_POINT('Ctrl Pts',(313.35,219.341941732378,60.6932581518375));
#7936=CARTESIAN_POINT('',(315.35,218.93916566445,59.4424960092516));
#7937=CARTESIAN_POINT('',(314.55,218.93916566445,59.4424960092515));
#7938=CARTESIAN_POINT('Ctrl Pts',(315.35,218.93916566445,59.4424960092515));
#7939=CARTESIAN_POINT('Ctrl Pts',(315.35,218.979500297426,59.5064901364378));
#7940=CARTESIAN_POINT('Ctrl Pts',(315.345825178666,219.01983480057,59.5704841188928));
#7941=CARTESIAN_POINT('Ctrl Pts',(315.337501603582,219.059858259563,59.6341313636066));
#7942=CARTESIAN_POINT('Ctrl Pts',(315.32917830403,219.099880393674,59.6977765014272));
#7943=CARTESIAN_POINT('Ctrl Pts',(315.316706569079,219.139591246235,59.7610746368656));
#7944=CARTESIAN_POINT('Ctrl Pts',(315.300164267091,219.178683819248,59.8236835426426));
#7945=CARTESIAN_POINT('Ctrl Pts',(315.283622472231,219.217775193823,59.886290529057));
#7946=CARTESIAN_POINT('Ctrl Pts',(315.263010446411,219.256248073671,59.9482080459391));
#7947=CARTESIAN_POINT('Ctrl Pts',(315.238456874736,219.293803210307,60.0091025048133));
#7948=CARTESIAN_POINT('Ctrl Pts',(315.213903995733,219.331357287487,60.0699952458146));
#7949=CARTESIAN_POINT('Ctrl Pts',(315.185409921485,219.367993428206,60.1298647133849));
#7950=CARTESIAN_POINT('Ctrl Pts',(315.153152536321,219.403423868992,60.1883901220121));
#7951=CARTESIAN_POINT('Ctrl Pts',(315.120895982284,219.438853396896,60.2469140227054));
#7952=CARTESIAN_POINT('Ctrl Pts',(315.084876479595,219.473077053081,60.3040936729581));
#7953=CARTESIAN_POINT('Ctrl Pts',(315.045318881164,219.505822150408,60.3596250936643));
#7954=CARTESIAN_POINT('Ctrl Pts',(315.005762205245,219.538566484097,60.4151552193377));
#7955=CARTESIAN_POINT('Ctrl Pts',(314.962667804947,219.569832108,60.4690369472181));
#7956=CARTESIAN_POINT('Ctrl Pts',(314.916304685932,219.599364813803,60.5209868975442));
#7957=CARTESIAN_POINT('Ctrl Pts',(314.869681994241,219.629062864036,60.5732276994764));
#7958=CARTESIAN_POINT('Ctrl Pts',(314.819754088162,219.657008310043,60.623514778665));
#7959=CARTESIAN_POINT('Ctrl Pts',(314.766836122695,219.682964717855,60.6715845693749));
#7960=CARTESIAN_POINT('Ctrl Pts',(314.714205295462,219.708780283573,60.7193935285372));
#7961=CARTESIAN_POINT('Ctrl Pts',(314.658617079868,219.73262817488,60.765009014585));
#7962=CARTESIAN_POINT('Ctrl Pts',(314.600418569508,219.754300419316,60.8081991893676));
#7963=CARTESIAN_POINT('Ctrl Pts',(314.542223779277,219.775971278432,60.8513866033745));
#7964=CARTESIAN_POINT('Ctrl Pts',(314.481419331747,219.79546660679,60.8921488355516));
#7965=CARTESIAN_POINT('Ctrl Pts',(314.418384842293,219.812605636237,60.9302843738621));
#7966=CARTESIAN_POINT('Ctrl Pts',(314.355353765413,219.829743737808,60.9684178475823));
#7967=CARTESIAN_POINT('Ctrl Pts',(314.290093216879,219.844525657218,61.0039247575817));
#7968=CARTESIAN_POINT('Ctrl Pts',(314.223010588438,219.856800072704,61.0366364173058));
#7969=CARTESIAN_POINT('Ctrl Pts',(314.15527644145,219.86919369952,61.0696657785494));
#7970=CARTESIAN_POINT('Ctrl Pts',(314.085684974017,219.879030710213,61.0998451414928));
#7971=CARTESIAN_POINT('Ctrl Pts',(314.014679077099,219.886187720603,61.1270369631139));
#7972=CARTESIAN_POINT('Ctrl Pts',(313.944352281007,219.893276281303,61.1539687219895));
#7973=CARTESIAN_POINT('Ctrl Pts',(313.872638381248,219.897735825101,61.1779697734996));
#7974=CARTESIAN_POINT('Ctrl Pts',(313.799985104302,219.899479455249,61.1989432491383));
#7975=CARTESIAN_POINT('Ctrl Pts',(313.726279478114,219.901248341077,61.220220515908));
#7976=CARTESIAN_POINT('Ctrl Pts',(313.651607433883,219.900221919781,61.2383817026048));
#7977=CARTESIAN_POINT('Ctrl Pts',(313.576448743292,219.896345131263,61.2533654307588));
#7978=CARTESIAN_POINT('Ctrl Pts',(313.5012900527,219.892468342744,61.2683491589128));
#7979=CARTESIAN_POINT('Ctrl Pts',(313.42564513078,219.885741155422,61.2801553933178));
#7980=CARTESIAN_POINT('Ctrl Pts',(313.35,219.876145136908,61.2887635863958));
#7981=CARTESIAN_POINT('Origin',(313.35,218.540636625583,59.8000000000003));
#7982=CARTESIAN_POINT('',(315.35,285.20293170755,1.39984997113636E-13));
#7983=CARTESIAN_POINT('Origin',(313.35,218.540636625583,59.8000000000003));
#7984=CARTESIAN_POINT('',(314.55,285.20293170755,1.37953884427061E-13));
#7985=CARTESIAN_POINT('Origin',(315.350000000001,7.27841071282088E-13,8.11363817166919E-13));
#7986=CARTESIAN_POINT('',(315.35,213.273684046639,44.6424960092537));
#7987=CARTESIAN_POINT('',(315.35,184.402829050593,-30.7771563285277));
#7988=CARTESIAN_POINT('',(315.35,263.039089434002,1.52866491451073E-12));
#7989=CARTESIAN_POINT('',(315.35,263.039089434002,1.52866491451073E-12));
#7990=CARTESIAN_POINT('',(315.35,287.,2.98638312667716E-14));
#7991=CARTESIAN_POINT('Origin',(314.550000000001,7.25949841947974E-13,8.09255561515776E-13));
#7992=CARTESIAN_POINT('',(314.55,263.039089434002,1.52655665885959E-12));
#7993=CARTESIAN_POINT('',(314.55,213.273684046639,44.6424960092537));
#7994=CARTESIAN_POINT('',(314.55,117.288010998673,130.747290949341));
#7995=CARTESIAN_POINT('',(314.550000000001,171.110257362795,-65.5014876829721));
#7996=CARTESIAN_POINT('',(314.550000000001,7.25949841949048E-13,1.79801580816135E-11));
#7997=CARTESIAN_POINT('Origin',(315.35,263.039089434002,1.52866491451073E-12));
#7998=CARTESIAN_POINT('',(315.35,213.273684046639,44.6424960092537));
#7999=CARTESIAN_POINT('',(315.35,263.039089434002,1.52866491451073E-12));
#8000=CARTESIAN_POINT('Origin',(315.35,287.,2.98638312667719E-14));
#8001=CARTESIAN_POINT('Origin',(315.35,184.402829050593,-30.7771563285277));
#8002=CARTESIAN_POINT('Origin',(-108.5,-83.5,-0.133261017234487));
#8003=CARTESIAN_POINT('',(-112.5,-83.5,-0.133261017234487));
#8004=CARTESIAN_POINT('',(-108.5,-87.5,-0.133261017234487));
#8005=CARTESIAN_POINT('Origin',(-112.5,83.5,-0.133261017234487));
#8006=CARTESIAN_POINT('',(-112.5,83.5,-0.133261017234487));
#8007=CARTESIAN_POINT('Origin',(-108.5,83.5,-0.133261017234487));
#8008=CARTESIAN_POINT('',(-108.5,87.5,-0.133261017234487));
#8009=CARTESIAN_POINT('Origin',(-108.5,87.5,-0.133261017234487));
#8010=CARTESIAN_POINT('',(108.5,87.5,-0.133261017234487));
#8011=CARTESIAN_POINT('Origin',(108.5,83.5,-0.133261017234487));
#8012=CARTESIAN_POINT('',(112.5,83.5,-0.133261017234487));
#8013=CARTESIAN_POINT('Origin',(112.5,83.5,-0.133261017234487));
#8014=CARTESIAN_POINT('',(112.5,-83.5,-0.133261017234487));
#8015=CARTESIAN_POINT('Origin',(108.5,-83.5,-0.133261017234487));
#8016=CARTESIAN_POINT('',(108.5,-87.5,-0.133261017234487));
#8017=CARTESIAN_POINT('Origin',(-108.5,-87.5,-0.133261017234487));
#8018=CARTESIAN_POINT('Origin',(-313.35,-282.993474466024,2.38503210577916));
#8019=CARTESIAN_POINT('',(-313.35,-286.933224574434,-0.074438179319538));
#8020=CARTESIAN_POINT('',(-313.35,-286.399021169904,-0.669943613877748));
#8021=CARTESIAN_POINT('',(-313.35,-286.399021169904,-0.669943613877748));
#8022=CARTESIAN_POINT('',(-313.35,-280.122131166674,6.03551325999427));
#8023=CARTESIAN_POINT('',(-313.35,-283.527677870554,2.98053754033741));
#8024=CARTESIAN_POINT('',(-313.35,-279.587927762144,5.44000782543606));
#8025=CARTESIAN_POINT('',(-313.35,-279.587927762144,5.44000782543606));
#8026=CARTESIAN_POINT('',(-313.35,-282.993474466024,2.38503210577916));
#8027=CARTESIAN_POINT('Origin',(2.20899215756966E-13,-279.587927762144,
5.44000782543609));
#8028=CARTESIAN_POINT('',(313.35,-280.122131166674,6.03551325999435));
#8029=CARTESIAN_POINT('',(2.21471910340999E-13,-280.122131166674,6.03551325999435));
#8030=CARTESIAN_POINT('',(313.35,-279.587927762144,5.44000782543612));
#8031=CARTESIAN_POINT('',(313.35,-279.587927762144,5.44000782543612));
#8032=CARTESIAN_POINT('',(2.20899215756966E-13,-279.587927762144,5.44000782543609));
#8033=CARTESIAN_POINT('Origin',(313.35,-282.993474466024,2.38503210577921));
#8034=CARTESIAN_POINT('',(313.35,-286.933224574434,-0.074438179319459));
#8035=CARTESIAN_POINT('',(313.35,-283.527677870554,2.98053754033741));
#8036=CARTESIAN_POINT('',(313.35,-286.399021169904,-0.669943613877619));
#8037=CARTESIAN_POINT('',(313.35,-286.399021169904,-0.669943613877696));
#8038=CARTESIAN_POINT('',(313.35,-282.993474466024,2.38503210577921));
#8039=CARTESIAN_POINT('Origin',(2.21471910340999E-13,-282.993474466024,
2.38503210577918));
#8040=CARTESIAN_POINT('',(2.22044604925031E-13,-286.399021169904,-0.669943613877722));
#8041=CARTESIAN_POINT('Origin',(2.21471910340999E-13,-283.527677870554,
2.98053754033741));
#8042=CARTESIAN_POINT('',(2.21471910340999E-13,-286.933224574434,-0.074438179319538));
#8043=CARTESIAN_POINT('Origin',(313.35,-286.966612287217,-0.0372190896596206));
#8044=CARTESIAN_POINT('Origin',(313.35,-286.966612287217,-0.0372190896596206));
#8045=CARTESIAN_POINT('Origin',(313.35,-286.966612287217,-0.0372190896596206));
#8046=CARTESIAN_POINT('Origin',(-313.35,-286.966612287217,-0.0372190896596206));
#8047=CARTESIAN_POINT('Origin',(-313.35,-286.966612287217,-0.0372190896596206));
#8048=CARTESIAN_POINT('Origin',(-313.35,-286.966612287217,-0.0372190896596206));
#8049=CARTESIAN_POINT('Origin',(-313.35,-286.966612287217,-0.0372190896596206));
#8050=CARTESIAN_POINT('Origin',(-313.35,-286.966612287217,-0.0372190896596206));
#8051=CARTESIAN_POINT('Origin',(313.35,282.993474466024,2.38503210577881));
#8052=CARTESIAN_POINT('',(313.35,286.933224574434,-0.0744381793198593));
#8053=CARTESIAN_POINT('',(313.35,286.399021169903,-0.669943613878096));
#8054=CARTESIAN_POINT('',(313.35,286.399021169903,-0.669943613878096));
#8055=CARTESIAN_POINT('',(313.35,280.122131166674,6.03551325999395));
#8056=CARTESIAN_POINT('',(313.35,283.527677870554,2.98053754033705));
#8057=CARTESIAN_POINT('',(313.35,279.587927762144,5.44000782543572));
#8058=CARTESIAN_POINT('',(313.35,279.587927762144,5.44000782543572));
#8059=CARTESIAN_POINT('',(313.35,282.993474466024,2.38503210577881));
#8060=CARTESIAN_POINT('Origin',(2.23009299579285E-13,279.587927762144,5.44000782543574));
#8061=CARTESIAN_POINT('',(-313.35,280.122131166674,6.03551325999397));
#8062=CARTESIAN_POINT('',(2.22526952252158E-13,280.122131166674,6.03551325999397));
#8063=CARTESIAN_POINT('',(-313.35,279.587927762144,5.44000782543576));
#8064=CARTESIAN_POINT('',(-313.35,279.587927762144,5.44000782543576));
#8065=CARTESIAN_POINT('',(2.23009299579285E-13,279.587927762144,5.44000782543574));
#8066=CARTESIAN_POINT('Origin',(-313.35,282.993474466024,2.38503210577885));
#8067=CARTESIAN_POINT('',(-313.35,286.933224574434,-0.0744381793198398));
#8068=CARTESIAN_POINT('',(-313.35,283.527677870554,2.98053754033705));
#8069=CARTESIAN_POINT('',(-313.35,286.399021169904,-0.66994361387822));
#8070=CARTESIAN_POINT('',(-313.35,286.399021169903,-0.669943613878051));
#8071=CARTESIAN_POINT('',(-313.35,282.993474466024,2.38503210577885));
#8072=CARTESIAN_POINT('Origin',(2.22526952252158E-13,282.993474466024,2.38503210577883));
#8073=CARTESIAN_POINT('',(2.22044604925031E-13,286.399021169903,-0.669943613878073));
#8074=CARTESIAN_POINT('Origin',(2.22526952252158E-13,283.527677870554,2.98053754033705));
#8075=CARTESIAN_POINT('',(2.22526952252158E-13,286.933224574434,-0.0744381793198593));
#8076=CARTESIAN_POINT('Origin',(-313.35,286.966612287217,-0.0372190896600047));
#8077=CARTESIAN_POINT('Origin',(-313.35,286.966612287217,-0.0372190896600047));
#8078=CARTESIAN_POINT('Origin',(-313.35,286.966612287217,-0.0372190896600047));
#8079=CARTESIAN_POINT('Origin',(313.35,286.966612287217,-0.0372190896600047));
#8080=CARTESIAN_POINT('Origin',(313.35,286.966612287217,-0.0372190896600047));
#8081=CARTESIAN_POINT('Origin',(313.35,286.966612287217,-0.0372190896600047));
#8082=CARTESIAN_POINT('Origin',(313.35,286.966612287217,-0.0372190896600047));
#8083=CARTESIAN_POINT('Origin',(313.35,286.966612287217,-0.0372190896600047));
#8084=CARTESIAN_POINT('',(0.,0.,0.));
#8085=CARTESIAN_POINT('Origin',(-315.123645968118,248.997397642689,21.9959800609877));
#8086=CARTESIAN_POINT('',(-316.193639082895,248.997397642689,23.8885285218339));
#8087=CARTESIAN_POINT('Origin',(-316.162962720685,248.997397642689,21.9886968406887));
#8088=CARTESIAN_POINT('',(-315.393538385477,248.997397642689,23.8941353877161));
#8089=CARTESIAN_POINT('',(-315.136960271738,248.997397642689,23.8959334102358));
#8090=CARTESIAN_POINT('Origin',(-315.362862023268,248.997397642689,21.9943037065708));
#8091=CARTESIAN_POINT('Origin',(-315.333866653061,150.000000000036,51.9945068974263));
#8092=CARTESIAN_POINT('',(-316.147161314259,150.000000000036,53.8888542240978));
#8093=CARTESIAN_POINT('Origin',(-316.133847010639,150.000000000036,51.9889008748497));
#8094=CARTESIAN_POINT('',(-315.347180956681,150.000000000036,53.8944602466745));
#8095=CARTESIAN_POINT('',(-315.347180956681,150.000000000036,53.8944602466745));
#8096=CARTESIAN_POINT('Origin',(-315.333866653061,150.000000000036,51.9945068974263));
#8097=CARTESIAN_POINT('Origin',(-315.333866653061,3.62145727195332E-11,
51.9945068974263));
#8098=CARTESIAN_POINT('',(-316.147161314259,3.62143400366413E-11,53.8888542240978));
#8099=CARTESIAN_POINT('Origin',(-316.133847010639,3.62145727195332E-11,
51.9889008748497));
#8100=CARTESIAN_POINT('',(-315.347180956681,3.62143400366413E-11,53.8944602466745));
#8101=CARTESIAN_POINT('',(-315.347180956681,3.62143400366413E-11,53.8944602466745));
#8102=CARTESIAN_POINT('Origin',(-315.333866653061,3.62145727195332E-11,
51.9945068974263));
#8103=CARTESIAN_POINT('Origin',(-315.333866653061,-149.999999999964,51.9945068974263));
#8104=CARTESIAN_POINT('',(-316.147161314259,-149.999999999964,53.8888542240978));
#8105=CARTESIAN_POINT('Origin',(-316.133847010639,-149.999999999964,51.9889008748497));
#8106=CARTESIAN_POINT('',(-315.347180956681,-149.999999999964,53.8944602466744));
#8107=CARTESIAN_POINT('',(-315.347180956681,-149.999999999964,53.8944602466744));
#8108=CARTESIAN_POINT('Origin',(-315.333866653061,-149.999999999964,51.9945068974263));
#8109=CARTESIAN_POINT('Origin',(-315.123645968118,-248.997397642689,21.9959800609877));
#8110=CARTESIAN_POINT('',(-316.193639082894,-248.997397642689,23.8885285218339));
#8111=CARTESIAN_POINT('Origin',(-316.162962720685,-248.997397642689,21.9886968406887));
#8112=CARTESIAN_POINT('',(-315.393538385477,-248.997397642689,23.8941353877161));
#8113=CARTESIAN_POINT('',(-315.136960271738,-248.997397642689,23.8959334102358));
#8114=CARTESIAN_POINT('Origin',(-315.362862023268,-248.997397642689,21.9943037065708));
#8115=CARTESIAN_POINT('Origin',(-318.2,-285.8,61.));
#8116=CARTESIAN_POINT('',(-318.2,-218.633207390241,61.));
#8117=CARTESIAN_POINT('',(-318.2,-217.633207390241,61.));
#8118=CARTESIAN_POINT('',(-318.2,-285.8,61.));
#8119=CARTESIAN_POINT('',(-318.739457428411,-217.633207390241,61.5907501019318));
#8120=CARTESIAN_POINT('',(-318.2,-217.633207390241,61.));
#8121=CARTESIAN_POINT('',(-318.739457428411,-218.633207390241,61.5907501019318));
#8122=CARTESIAN_POINT('',(-318.739457428411,-285.8,61.5907501019318));
#8123=CARTESIAN_POINT('',(-318.2,-218.633207390241,61.));
#8124=CARTESIAN_POINT('Ctrl Pts',(-385.539457428411,-218.633207390241,0.590750101931805));
#8125=CARTESIAN_POINT('Ctrl Pts',(-385.359638285607,-218.633207390241,0.393833401287871));
#8126=CARTESIAN_POINT('Ctrl Pts',(-385.179819142804,-218.633207390241,0.196916700643937));
#8127=CARTESIAN_POINT('Ctrl Pts',(-385.,-218.633207390241,3.36102673470506E-15));
#8128=CARTESIAN_POINT('Ctrl Pts',(-385.539457428411,-222.633207390241,0.590750101931807));
#8129=CARTESIAN_POINT('Ctrl Pts',(-385.359638285607,-222.099874056908,0.393833401287873));
#8130=CARTESIAN_POINT('Ctrl Pts',(-385.179819142804,-221.566540723575,0.196916700643938));
#8131=CARTESIAN_POINT('Ctrl Pts',(-385.,-221.033207390241,3.36102673470507E-15));
#8132=CARTESIAN_POINT('Ctrl Pts',(-380.901410935093,-222.633207390241,-0.590750101931804));
#8133=CARTESIAN_POINT('Ctrl Pts',(-381.081230077896,-222.099874056908,-0.39383340128787));
#8134=CARTESIAN_POINT('Ctrl Pts',(-381.2610492207,-221.566540723575,-0.196916700643937));
#8135=CARTESIAN_POINT('Ctrl Pts',(-381.440868363503,-221.033207390241,-3.36102673470506E-15));
#8136=CARTESIAN_POINT('Ctrl Pts',(-380.901410935093,-218.633207390241,-0.590750101931805));
#8137=CARTESIAN_POINT('Ctrl Pts',(-381.081230077896,-218.633207390241,-0.393833401287871));
#8138=CARTESIAN_POINT('Ctrl Pts',(-381.2610492207,-218.633207390241,-0.196916700643937));
#8139=CARTESIAN_POINT('Ctrl Pts',(-381.440868363503,-218.633207390241,-3.36102673470506E-15));
#8140=CARTESIAN_POINT('Ctrl Pts',(-380.901410935093,-214.633207390241,-0.590750101931807));
#8141=CARTESIAN_POINT('Ctrl Pts',(-381.081230077896,-215.166540723575,-0.393833401287872));
#8142=CARTESIAN_POINT('Ctrl Pts',(-381.2610492207,-215.699874056908,-0.196916700643938));
#8143=CARTESIAN_POINT('Ctrl Pts',(-381.440868363503,-216.233207390241,-3.36102673470507E-15));
#8144=CARTESIAN_POINT('Ctrl Pts',(-385.539457428411,-214.633207390241,0.590750101931804));
#8145=CARTESIAN_POINT('Ctrl Pts',(-385.359638285607,-215.166540723575,0.39383340128787));
#8146=CARTESIAN_POINT('Ctrl Pts',(-385.179819142804,-215.699874056908,0.196916700643937));
#8147=CARTESIAN_POINT('Ctrl Pts',(-385.,-216.233207390241,3.36102673470506E-15));
#8148=CARTESIAN_POINT('Ctrl Pts',(-385.539457428411,-218.633207390241,0.590750101931805));
#8149=CARTESIAN_POINT('Ctrl Pts',(-385.359638285607,-218.633207390241,0.393833401287871));
#8150=CARTESIAN_POINT('Ctrl Pts',(-385.179819142804,-218.633207390241,0.196916700643937));
#8151=CARTESIAN_POINT('Ctrl Pts',(-385.,-218.633207390241,3.36102673470506E-15));
#8152=CARTESIAN_POINT('',(-385.,-218.633207390241,-4.02035718084781E-14));
#8153=CARTESIAN_POINT('',(-385.539457428411,-218.633207390241,0.5907501019318));
#8154=CARTESIAN_POINT('',(-385.,-218.633207390241,0.));
#8155=CARTESIAN_POINT('',(-384.695888821645,-219.304111178355,-4.03323208164608E-14));
#8156=CARTESIAN_POINT('Origin',(-383.220434181946,-218.633207390284,-6.93889386712383E-17));
#8157=CARTESIAN_POINT('',(-385.143158013721,-219.751380370431,0.489796426732134));
#8158=CARTESIAN_POINT('',(-384.695888821645,-219.304111178355,0.));
#8159=CARTESIAN_POINT('Origin',(-383.220434181613,-218.633207390199,-3.57468221690027E-11));
#8160=CARTESIAN_POINT('Ctrl Pts',(-317.660542571589,-218.633207390241,57.1591446611476));
#8161=CARTESIAN_POINT('Ctrl Pts',(-317.840361714393,-218.633207390241,57.3560613617915));
#8162=CARTESIAN_POINT('Ctrl Pts',(-318.020180857197,-218.633207390241,57.5529780624355));
#8163=CARTESIAN_POINT('Ctrl Pts',(-318.2,-218.633207390241,57.7498947630794));
#8164=CARTESIAN_POINT('Ctrl Pts',(-317.660542571589,-222.633207390241,57.1591446611476));
#8165=CARTESIAN_POINT('Ctrl Pts',(-317.840361714393,-222.099874056908,57.3560613617915));
#8166=CARTESIAN_POINT('Ctrl Pts',(-318.020180857197,-221.566540723574,57.5529780624355));
#8167=CARTESIAN_POINT('Ctrl Pts',(-318.2,-221.033207390241,57.7498947630794));
#8168=CARTESIAN_POINT('Ctrl Pts',(-318.739457428411,-222.633207390241,61.5907501019319));
#8169=CARTESIAN_POINT('Ctrl Pts',(-318.559638285607,-222.099874056908,61.393833401288));
#8170=CARTESIAN_POINT('Ctrl Pts',(-318.379819142804,-221.566540723574,61.1969167006441));
#8171=CARTESIAN_POINT('Ctrl Pts',(-318.2,-221.033207390241,61.0000000000001));
#8172=CARTESIAN_POINT('Ctrl Pts',(-318.739457428411,-218.633207390241,61.5907501019319));
#8173=CARTESIAN_POINT('Ctrl Pts',(-318.559638285607,-218.633207390241,61.393833401288));
#8174=CARTESIAN_POINT('Ctrl Pts',(-318.379819142804,-218.633207390241,61.1969167006441));
#8175=CARTESIAN_POINT('Ctrl Pts',(-318.2,-218.633207390241,61.0000000000001));
#8176=CARTESIAN_POINT('Ctrl Pts',(-318.739457428411,-214.633207390241,61.5907501019319));
#8177=CARTESIAN_POINT('Ctrl Pts',(-318.559638285607,-215.166540723574,61.393833401288));
#8178=CARTESIAN_POINT('Ctrl Pts',(-318.379819142804,-215.699874056908,61.1969167006441));
#8179=CARTESIAN_POINT('Ctrl Pts',(-318.2,-216.233207390241,61.0000000000001));
#8180=CARTESIAN_POINT('Ctrl Pts',(-317.660542571589,-214.633207390241,57.1591446611476));
#8181=CARTESIAN_POINT('Ctrl Pts',(-317.840361714393,-215.166540723574,57.3560613617915));
#8182=CARTESIAN_POINT('Ctrl Pts',(-318.020180857197,-215.699874056908,57.5529780624355));
#8183=CARTESIAN_POINT('Ctrl Pts',(-318.2,-216.233207390241,57.7498947630794));
#8184=CARTESIAN_POINT('Ctrl Pts',(-317.660542571589,-218.633207390241,57.1591446611476));
#8185=CARTESIAN_POINT('Ctrl Pts',(-317.840361714393,-218.633207390241,57.3560613617915));
#8186=CARTESIAN_POINT('Ctrl Pts',(-318.020180857197,-218.633207390241,57.5529780624355));
#8187=CARTESIAN_POINT('Ctrl Pts',(-318.2,-218.633207390241,57.7498947630794));
#8188=CARTESIAN_POINT('',(-318.2,-219.304111178355,60.7222936844367));
#8189=CARTESIAN_POINT('',(-318.647269192076,-219.751380370431,61.2120901111688));
#8190=CARTESIAN_POINT('',(-318.2,-219.304111178355,60.7222936844366));
#8191=CARTESIAN_POINT('Origin',(-318.200000000002,-218.633207390235,59.3749473815116));
#8192=CARTESIAN_POINT('Origin',(-318.199999999976,-218.633207390209,59.3749473814392));
#8193=CARTESIAN_POINT('Origin',(-318.2,-285.8,61.));
#8194=CARTESIAN_POINT('',(-318.2,217.633207390241,61.));
#8195=CARTESIAN_POINT('',(-318.739457428411,217.633207390241,61.5907501019318));
#8196=CARTESIAN_POINT('',(-318.2,217.633207390241,61.));
#8197=CARTESIAN_POINT('',(-318.2,218.633207390241,61.));
#8198=CARTESIAN_POINT('',(-318.2,-285.8,61.));
#8199=CARTESIAN_POINT('',(-318.739457428411,218.633207390241,61.5907501019318));
#8200=CARTESIAN_POINT('',(-318.2,218.633207390241,61.));
#8201=CARTESIAN_POINT('',(-318.739457428411,-285.8,61.5907501019318));
#8202=CARTESIAN_POINT('Ctrl Pts',(-317.660542571589,218.633207390241,57.1591446611474));
#8203=CARTESIAN_POINT('Ctrl Pts',(-317.840361714393,218.633207390241,57.3560613617914));
#8204=CARTESIAN_POINT('Ctrl Pts',(-318.020180857197,218.633207390241,57.5529780624353));
#8205=CARTESIAN_POINT('Ctrl Pts',(-318.2,218.633207390241,57.7498947630792));
#8206=CARTESIAN_POINT('Ctrl Pts',(-317.66054257159,214.633207390241,57.1591446611474));
#8207=CARTESIAN_POINT('Ctrl Pts',(-317.840361714393,215.166540723575,57.3560613617914));
#8208=CARTESIAN_POINT('Ctrl Pts',(-318.020180857197,215.699874056908,57.5529780624353));
#8209=CARTESIAN_POINT('Ctrl Pts',(-318.2,216.233207390241,57.7498947630792));
#8210=CARTESIAN_POINT('Ctrl Pts',(-318.739457428411,214.633207390241,61.5907501019318));
#8211=CARTESIAN_POINT('Ctrl Pts',(-318.559638285608,215.166540723575,61.3938334012878));
#8212=CARTESIAN_POINT('Ctrl Pts',(-318.379819142804,215.699874056908,61.1969167006439));
#8213=CARTESIAN_POINT('Ctrl Pts',(-318.2,216.233207390241,61.));
#8214=CARTESIAN_POINT('Ctrl Pts',(-318.739457428411,218.633207390241,61.5907501019318));
#8215=CARTESIAN_POINT('Ctrl Pts',(-318.559638285607,218.633207390241,61.3938334012878));
#8216=CARTESIAN_POINT('Ctrl Pts',(-318.379819142804,218.633207390241,61.1969167006439));
#8217=CARTESIAN_POINT('Ctrl Pts',(-318.2,218.633207390241,61.));
#8218=CARTESIAN_POINT('Ctrl Pts',(-318.739457428411,222.633207390241,61.5907501019318));
#8219=CARTESIAN_POINT('Ctrl Pts',(-318.559638285608,222.099874056908,61.3938334012878));
#8220=CARTESIAN_POINT('Ctrl Pts',(-318.379819142804,221.566540723575,61.1969167006439));
#8221=CARTESIAN_POINT('Ctrl Pts',(-318.2,221.033207390241,61.));
#8222=CARTESIAN_POINT('Ctrl Pts',(-317.66054257159,222.633207390241,57.1591446611474));
#8223=CARTESIAN_POINT('Ctrl Pts',(-317.840361714393,222.099874056908,57.3560613617914));
#8224=CARTESIAN_POINT('Ctrl Pts',(-318.020180857197,221.566540723575,57.5529780624353));
#8225=CARTESIAN_POINT('Ctrl Pts',(-318.2,221.033207390241,57.7498947630792));
#8226=CARTESIAN_POINT('Ctrl Pts',(-317.660542571589,218.633207390241,57.1591446611474));
#8227=CARTESIAN_POINT('Ctrl Pts',(-317.840361714393,218.633207390241,57.3560613617914));
#8228=CARTESIAN_POINT('Ctrl Pts',(-318.020180857197,218.633207390241,57.5529780624353));
#8229=CARTESIAN_POINT('Ctrl Pts',(-318.2,218.633207390241,57.7498947630792));
#8230=CARTESIAN_POINT('',(-318.2,219.304111178355,60.7222936844364));
#8231=CARTESIAN_POINT('Origin',(-318.200000000001,218.633207390264,59.3749473816477));
#8232=CARTESIAN_POINT('',(-318.647269192076,219.751380370431,61.2120901111687));
#8233=CARTESIAN_POINT('',(-318.2,219.304111178355,60.7222936844365));
#8234=CARTESIAN_POINT('Origin',(-318.199999999957,218.633207390197,59.374947381361));
#8235=CARTESIAN_POINT('Ctrl Pts',(-385.539457428411,218.633207390241,0.590750101931803));
#8236=CARTESIAN_POINT('Ctrl Pts',(-385.359638285607,218.633207390241,0.393833401287868));
#8237=CARTESIAN_POINT('Ctrl Pts',(-385.179819142804,218.633207390241,0.196916700643933));
#8238=CARTESIAN_POINT('Ctrl Pts',(-385.,218.633207390241,-2.22261445359528E-15));
#8239=CARTESIAN_POINT('Ctrl Pts',(-385.539457428411,214.633207390241,0.590750101931801));
#8240=CARTESIAN_POINT('Ctrl Pts',(-385.359638285607,215.166540723575,0.393833401287867));
#8241=CARTESIAN_POINT('Ctrl Pts',(-385.179819142804,215.699874056908,0.196916700643932));
#8242=CARTESIAN_POINT('Ctrl Pts',(-385.,216.233207390241,-2.22261445359528E-15));
#8243=CARTESIAN_POINT('Ctrl Pts',(-380.901410935093,214.633207390241,-0.590750101931804));
#8244=CARTESIAN_POINT('Ctrl Pts',(-381.081230077896,215.166540723575,-0.393833401287869));
#8245=CARTESIAN_POINT('Ctrl Pts',(-381.2610492207,215.699874056908,-0.196916700643933));
#8246=CARTESIAN_POINT('Ctrl Pts',(-381.440868363503,216.233207390241,2.22261445359529E-15));
#8247=CARTESIAN_POINT('Ctrl Pts',(-380.901410935093,218.633207390241,-0.590750101931803));
#8248=CARTESIAN_POINT('Ctrl Pts',(-381.081230077896,218.633207390241,-0.393833401287868));
#8249=CARTESIAN_POINT('Ctrl Pts',(-381.2610492207,218.633207390241,-0.196916700643933));
#8250=CARTESIAN_POINT('Ctrl Pts',(-381.440868363503,218.633207390241,2.22261445359528E-15));
#8251=CARTESIAN_POINT('Ctrl Pts',(-380.901410935093,222.633207390241,-0.590750101931801));
#8252=CARTESIAN_POINT('Ctrl Pts',(-381.081230077896,222.099874056908,-0.393833401287867));
#8253=CARTESIAN_POINT('Ctrl Pts',(-381.2610492207,221.566540723575,-0.196916700643932));
#8254=CARTESIAN_POINT('Ctrl Pts',(-381.440868363503,221.033207390241,2.22261445359528E-15));
#8255=CARTESIAN_POINT('Ctrl Pts',(-385.539457428411,222.633207390241,0.590750101931804));
#8256=CARTESIAN_POINT('Ctrl Pts',(-385.359638285607,222.099874056908,0.393833401287869));
#8257=CARTESIAN_POINT('Ctrl Pts',(-385.179819142804,221.566540723575,0.196916700643933));
#8258=CARTESIAN_POINT('Ctrl Pts',(-385.,221.033207390241,-2.22261445359529E-15));
#8259=CARTESIAN_POINT('Ctrl Pts',(-385.539457428411,218.633207390241,0.590750101931803));
#8260=CARTESIAN_POINT('Ctrl Pts',(-385.359638285607,218.633207390241,0.393833401287868));
#8261=CARTESIAN_POINT('Ctrl Pts',(-385.179819142804,218.633207390241,0.196916700643933));
#8262=CARTESIAN_POINT('Ctrl Pts',(-385.,218.633207390241,-2.22261445359528E-15));
#8263=CARTESIAN_POINT('',(-384.695888821645,219.304111178355,5.23195310860036E-14));
#8264=CARTESIAN_POINT('',(-385.,218.633207390241,-4.02035718084781E-14));
#8265=CARTESIAN_POINT('Origin',(-383.220434181252,218.633207390137,9.4962677614137E-14));
#8266=CARTESIAN_POINT('',(-385.539457428411,218.633207390241,0.590750101931578));
#8267=CARTESIAN_POINT('',(-385.,218.633207390241,0.));
#8268=CARTESIAN_POINT('',(-385.143158013721,219.751380370431,0.489796426732192));
#8269=CARTESIAN_POINT('Origin',(-383.220434181767,218.633207390236,4.61838900456257E-12));
#8270=CARTESIAN_POINT('',(-384.695888821645,219.304111178355,0.));
#8271=CARTESIAN_POINT('Origin',(-189.244202049612,189.244202049613,207.237913064166));
#8272=CARTESIAN_POINT('',(-318.647269192076,286.247269192076,0.489796426732478));
#8273=CARTESIAN_POINT('',(-385.447269192076,219.447269192076,0.489796426732218));
#8274=CARTESIAN_POINT('',(-175.372286948532,219.75138037043,192.047028986261));
#8275=CARTESIAN_POINT('',(-318.647269192076,130.403350157562,142.802357221723));
#8276=CARTESIAN_POINT('Origin',(-189.244202049612,-189.244202049613,207.237913064166));
#8277=CARTESIAN_POINT('',(-318.647269192076,-286.247269192076,0.489796426732153));
#8278=CARTESIAN_POINT('',(-318.647269192076,-130.403350157562,142.802357221723));
#8279=CARTESIAN_POINT('',(-385.308986837574,-219.751380370431,0.338365913932803));
#8280=CARTESIAN_POINT('',(-385.447269192076,-219.447269192076,0.489796426732218));
#8281=CARTESIAN_POINT('Origin',(-385.539457428411,-285.8,0.5907501019318));
#8282=CARTESIAN_POINT('',(-385.539457428411,-285.8,0.5907501019318));
#8283=CARTESIAN_POINT('',(-385.539457428411,-218.633207390241,0.5907501019318));
#8284=CARTESIAN_POINT('',(-318.739457428411,-217.633207390241,61.5907501019318));
#8285=CARTESIAN_POINT('',(-385.539457428411,218.633207390241,0.5907501019318));
#8286=CARTESIAN_POINT('Origin',(-174.254113968343,218.633207390241,190.822537919431));
#8287=CARTESIAN_POINT('Origin',(-384.190813857384,-218.633207390241,-0.886125152897755));
#8288=CARTESIAN_POINT('Origin',(-188.796932857537,188.796932857537,206.748116637433));
#8289=CARTESIAN_POINT('',(-318.2,285.8,1.5672142403278E-13));
#8290=CARTESIAN_POINT('',(-385.,219.,0.));
#8291=CARTESIAN_POINT('',(-318.2,286.454348155498,-0.597533495290387));
#8292=CARTESIAN_POINT('',(-318.061717645498,219.304111178355,60.8485694872006));
#8293=CARTESIAN_POINT('Origin',(-188.796932857537,-188.796932857537,206.748116637433));
#8294=CARTESIAN_POINT('',(-318.2,-285.8,-4.55500437715473E-14));
#8295=CARTESIAN_POINT('',(-318.2,26.5421862245269,285.222655085272));
#8296=CARTESIAN_POINT('',(-385.,-219.,0.));
#8297=CARTESIAN_POINT('',(-384.861717645498,-219.304111178355,-0.151430512799355));
#8298=CARTESIAN_POINT('Origin',(-385.,-285.8,0.));
#8299=CARTESIAN_POINT('',(-385.,219.,0.));
#8300=CARTESIAN_POINT('',(-385.,218.633207390241,-6.08202038481236E-14));
#8301=CARTESIAN_POINT('',(-318.2,-217.633207390241,61.));
#8302=CARTESIAN_POINT('',(-318.2,-218.633207390241,61.));
#8303=CARTESIAN_POINT('Origin',(-174.254113968343,218.633207390241,190.822537919431));
#8304=CARTESIAN_POINT('Origin',(-384.190813857384,-218.633207390241,-0.886125152897755));
#8305=CARTESIAN_POINT('Origin',(-317.390813857384,217.633207390241,60.1138748471023));
#8306=CARTESIAN_POINT('',(-316.190843321017,217.633207390241,60.1222838809672));
#8307=CARTESIAN_POINT('',(-315.390862963439,217.633207390241,60.1278899035439));
#8308=CARTESIAN_POINT('',(-315.390862963439,217.633207390241,60.1278899035439));
#8309=CARTESIAN_POINT('Origin',(-317.390813857384,217.633207390241,60.1138748471023));
#8310=CARTESIAN_POINT('Origin',(-317.390813857384,217.633207390241,60.1138748471023));
#8311=CARTESIAN_POINT('Origin',(-317.390813857384,-217.633207390241,60.1138748471023));
#8312=CARTESIAN_POINT('',(-316.190843321017,-217.633207390241,60.1222838809672));
#8313=CARTESIAN_POINT('Origin',(-317.390813857384,-217.633207390241,60.1138748471023));
#8314=CARTESIAN_POINT('',(-315.390862963439,-217.633207390241,60.1278899035439));
#8315=CARTESIAN_POINT('',(-316.190843321017,-217.633207390241,60.1222838809672));
#8316=CARTESIAN_POINT('Origin',(-317.390813857384,-217.633207390241,60.1138748471023));
#8317=CARTESIAN_POINT('Origin',(-317.390813857384,-217.633207390241,60.1138748471023));
#8318=CARTESIAN_POINT('',(-315.390862963439,0.,60.1278899035439));
#8319=CARTESIAN_POINT('Origin',(-317.390813857384,-217.633207390241,60.1138748471023));
#8320=CARTESIAN_POINT('',(-316.190843321017,217.633207390241,60.1222838809672));
#8321=CARTESIAN_POINT('Origin',(-315.409749962732,-217.633207390241,62.8230678558262));
#8322=CARTESIAN_POINT('',(-315.290621982979,-217.633207390241,45.8234852572905));
#8323=CARTESIAN_POINT('',(-315.409749962732,-217.633207390241,62.8230678558262));
#8324=CARTESIAN_POINT('',(-316.090602340557,-217.633207390241,45.8178792347138));
#8325=CARTESIAN_POINT('',(-315.766656239509,-217.633207390241,-0.409283465817976));
#8326=CARTESIAN_POINT('',(-315.290621982979,-217.633207390241,45.8234852572905));
#8327=CARTESIAN_POINT('Origin',(-315.290621982979,217.633207390241,45.8234852572905));
#8328=CARTESIAN_POINT('',(-316.090602340557,217.633207390241,45.8178792347138));
#8329=CARTESIAN_POINT('',(-315.766656239509,217.633207390241,-0.409283465817976));
#8330=CARTESIAN_POINT('',(-315.290621982979,217.633207390241,45.8234852572905));
#8331=CARTESIAN_POINT('',(-315.290621982979,217.633207390241,45.8234852572905));
#8332=CARTESIAN_POINT('',(-315.290621982979,217.633207390241,45.8234852572905));
#8333=CARTESIAN_POINT('Origin',(-314.966675881931,0.,-0.403677443241347));
#8334=CARTESIAN_POINT('',(-315.290621982979,-217.633207390241,45.8234852572905));
#8335=CARTESIAN_POINT('Origin',(-315.766656239509,0.,-0.409283465817976));
#8336=CARTESIAN_POINT('',(-316.090602340557,0.,45.8178792347138));
#8337=CARTESIAN_POINT('Origin',(-315.290621982979,-217.633207390241,45.8234852572905));
#8338=CARTESIAN_POINT('Ctrl Pts',(-318.652269257893,-219.755386563553,61.2169323176583));
#8339=CARTESIAN_POINT('Ctrl Pts',(-318.3548022581,-220.018577888518,61.2484217784086));
#8340=CARTESIAN_POINT('Ctrl Pts',(-318.003031057967,-220.226351048058,61.2194821172111));
#8341=CARTESIAN_POINT('Ctrl Pts',(-317.287085119035,-220.509719501519,61.0167507375194));
#8342=CARTESIAN_POINT('Ctrl Pts',(-316.924035061597,-220.585223068822,60.8429876122493));
#8343=CARTESIAN_POINT('Ctrl Pts',(-316.287404409379,-220.618304973229,60.3663235686377));
#8344=CARTESIAN_POINT('Ctrl Pts',(-316.014684835317,-220.576183976312,60.0637519041885));
#8345=CARTESIAN_POINT('Ctrl Pts',(-315.635320299488,-220.421270253206,59.3810656163879));
#8346=CARTESIAN_POINT('Ctrl Pts',(-315.529291095638,-220.309048499148,59.0017052957096));
#8347=CARTESIAN_POINT('Ctrl Pts',(-315.521562282806,-220.194954917565,58.6200368587976));
#8348=CARTESIAN_POINT('Ctrl Pts',(-318.647794464484,-219.750914827821,61.2120353999194));
#8349=CARTESIAN_POINT('Ctrl Pts',(-318.351512816783,-220.013566622796,61.2429343566961));
#8350=CARTESIAN_POINT('Ctrl Pts',(-318.00114287133,-220.221021057441,61.2136453406013));
#8351=CARTESIAN_POINT('Ctrl Pts',(-317.288049306656,-220.504278349782,61.0107922303714));
#8352=CARTESIAN_POINT('Ctrl Pts',(-316.926445663789,-220.579989854093,60.8372568131692));
#8353=CARTESIAN_POINT('Ctrl Pts',(-316.292351388671,-220.61395745415,60.3615626788927));
#8354=CARTESIAN_POINT('Ctrl Pts',(-316.020718346778,-220.572513018003,60.0597319039425));
#8355=CARTESIAN_POINT('Ctrl Pts',(-315.642865223442,-220.419234277907,59.3788360565523));
#8356=CARTESIAN_POINT('Ctrl Pts',(-315.537258440788,-220.307968394835,59.000522167941));
#8357=CARTESIAN_POINT('Ctrl Pts',(-315.52956042596,-220.194838695137,58.6199095862893));
#8358=CARTESIAN_POINT('Ctrl Pts',(-318.200315123517,-219.303741254602,60.7223436260245));
#8359=CARTESIAN_POINT('Ctrl Pts',(-318.022568685071,-219.512440050572,60.6941921854393));
#8360=CARTESIAN_POINT('Ctrl Pts',(-317.812324207552,-219.688021995766,60.6299676796189));
#8361=CARTESIAN_POINT('Ctrl Pts',(-317.384468068748,-219.960163176091,60.4149415155747));
#8362=CARTESIAN_POINT('Ctrl Pts',(-317.167505883028,-220.056668381208,60.2641769051575));
#8363=CARTESIAN_POINT('Ctrl Pts',(-316.787049317957,-220.179205546305,59.8854737043999));
#8364=CARTESIAN_POINT('Ctrl Pts',(-316.624069492821,-220.205417187148,59.6577318793339));
#8365=CARTESIAN_POINT('Ctrl Pts',(-316.39735761882,-220.215636748011,59.1558800729935));
#8366=CARTESIAN_POINT('Ctrl Pts',(-316.333992955701,-220.199957963539,58.8822093910811));
#8367=CARTESIAN_POINT('Ctrl Pts',(-316.329374741383,-220.183216452361,58.6071823354549));
#8368=CARTESIAN_POINT('Ctrl Pts',(-318.195795582174,-219.299224801513,60.7173977391082));
#8369=CARTESIAN_POINT('Ctrl Pts',(-318.019246349341,-219.507378672193,60.6886498895096));
#8370=CARTESIAN_POINT('Ctrl Pts',(-317.810417139048,-219.682638705243,60.624072535243));
#8371=CARTESIAN_POINT('Ctrl Pts',(-317.385441898245,-219.954667612836,60.4089234233552));
#8372=CARTESIAN_POINT('Ctrl Pts',(-317.169940591242,-220.051382834332,60.2583887980866));
#8373=CARTESIAN_POINT('Ctrl Pts',(-316.792045767043,-220.174814552036,59.8806652057575));
#8374=CARTESIAN_POINT('Ctrl Pts',(-316.630163339396,-220.201709519256,59.6536716790853));
#8375=CARTESIAN_POINT('Ctrl Pts',(-316.404977992013,-220.213580412959,59.1536282175596));
#8376=CARTESIAN_POINT('Ctrl Pts',(-316.342039974302,-220.198867058183,58.8810144320348));
#8377=CARTESIAN_POINT('Ctrl Pts',(-316.337452865969,-220.183099067709,58.6070537902215));
#8378=CARTESIAN_POINT('',(-316.329382989583,-220.183246128767,58.6076698719704));
#8379=CARTESIAN_POINT('',(-315.529574174715,-220.19503923716,58.6205842923091));
#8380=CARTESIAN_POINT('',(-315.529574174715,-220.19503923716,58.620584292309));
#8381=CARTESIAN_POINT('Ctrl Pts',(-318.2,-219.304111178355,60.7222936844366));
#8382=CARTESIAN_POINT('Ctrl Pts',(-318.063414312508,-219.464416880058,60.7006331924174));
#8383=CARTESIAN_POINT('Ctrl Pts',(-317.909314055939,-219.604057390466,60.6584290882408));
#8384=CARTESIAN_POINT('Ctrl Pts',(-317.585371376026,-219.840839214668,60.52333741928));
#8385=CARTESIAN_POINT('Ctrl Pts',(-317.418965478153,-219.935511805314,60.4318643936623));
#8386=CARTESIAN_POINT('Ctrl Pts',(-317.160866855873,-220.053119317517,60.2435674170664));
#8387=CARTESIAN_POINT('Ctrl Pts',(-317.06645583218,-220.089206356212,60.1635726031871));
#8388=CARTESIAN_POINT('Ctrl Pts',(-316.888481057532,-220.14654461982,59.9864578933075));
#8389=CARTESIAN_POINT('Ctrl Pts',(-316.805608997678,-220.167599721474,59.8900020788625));
#8390=CARTESIAN_POINT('Ctrl Pts',(-316.607759233885,-220.206659214658,59.6156013440579));
#8391=CARTESIAN_POINT('Ctrl Pts',(-316.508621934052,-220.213651996109,59.428027965781));
#8392=CARTESIAN_POINT('Ctrl Pts',(-316.370495710288,-220.208337190098,59.0276472939765));
#8393=CARTESIAN_POINT('Ctrl Pts',(-316.33298591356,-220.196112704446,58.8190547706429));
#8394=CARTESIAN_POINT('Ctrl Pts',(-316.329382989583,-220.183246128767,58.6076698719704));
#8395=CARTESIAN_POINT('Ctrl Pts',(-318.647269192076,-219.751380370431,61.2120901111688));
#8396=CARTESIAN_POINT('Ctrl Pts',(-318.413513683535,-219.958506997644,61.2364069039981));
#8397=CARTESIAN_POINT('Ctrl Pts',(-318.149048149239,-220.129986717434,61.2239462855224));
#8398=CARTESIAN_POINT('Ctrl Pts',(-317.586044867124,-220.40029899542,61.1094979031507));
#8399=CARTESIAN_POINT('Ctrl Pts',(-317.293430348367,-220.493892714577,61.0064470284767));
#8400=CARTESIAN_POINT('Ctrl Pts',(-316.874249627029,-220.573646879237,60.7822203772315));
#8401=CARTESIAN_POINT('Ctrl Pts',(-316.739233305883,-220.589942469793,60.6966791442084));
#8402=CARTESIAN_POINT('Ctrl Pts',(-316.482794633823,-220.60383081126,60.5045624899286));
#8403=CARTESIAN_POINT('Ctrl Pts',(-316.362119968899,-220.601408883664,60.3985234412014));
#8404=CARTESIAN_POINT('Ctrl Pts',(-316.028409012914,-220.569616301664,60.0521406193313));
#8405=CARTESIAN_POINT('Ctrl Pts',(-315.848521823422,-220.51609092909,59.7879824167018));
#8406=CARTESIAN_POINT('Ctrl Pts',(-315.663128552444,-220.408010314999,59.3602741660715));
#8407=CARTESIAN_POINT('Ctrl Pts',(-315.616018491923,-220.368328138226,59.2157298764062));
#8408=CARTESIAN_POINT('Ctrl Pts',(-315.550689095393,-220.284062765684,58.9206562502029));
#8409=CARTESIAN_POINT('Ctrl Pts',(-315.532660992727,-220.239730378053,58.7709446442474));
#8410=CARTESIAN_POINT('Ctrl Pts',(-315.529574174715,-220.19503923716,58.6205842923091));
#8411=CARTESIAN_POINT('Ctrl Pts',(-315.521562483628,-283.320406632794,0.975550160378165));
#8412=CARTESIAN_POINT('Ctrl Pts',(-315.529292625833,-283.715618243855,1.1004860505491));
#8413=CARTESIAN_POINT('Ctrl Pts',(-315.635321938354,-284.108705293499,1.22338149024191));
#8414=CARTESIAN_POINT('Ctrl Pts',(-316.014684835317,-284.82544012714,1.39302398202479));
#8415=CARTESIAN_POINT('Ctrl Pts',(-316.287404409379,-285.148390207909,1.43914992618974));
#8416=CARTESIAN_POINT('Ctrl Pts',(-316.924035061597,-285.676966471207,1.4029225292331));
#8417=CARTESIAN_POINT('Ctrl Pts',(-317.287085119035,-285.882291987756,1.32023993421906));
#8418=CARTESIAN_POINT('Ctrl Pts',(-318.00302796506,-286.160746538222,1.00992959131198));
#8419=CARTESIAN_POINT('Ctrl Pts',(-318.354807614793,-286.233827813061,0.78239247761181));
#8420=CARTESIAN_POINT('Ctrl Pts',(-318.65226152978,-286.251773287113,0.494191024304126));
#8421=CARTESIAN_POINT('Ctrl Pts',(-315.529560625983,-283.320290386034,0.975422859876184));
#8422=CARTESIAN_POINT('Ctrl Pts',(-315.537259964106,-283.714537754502,1.09930326731432));
#8423=CARTESIAN_POINT('Ctrl Pts',(-315.642866855778,-284.106669311137,1.22115192267157));
#8424=CARTESIAN_POINT('Ctrl Pts',(-316.020718346778,-284.821769168831,1.3890039817787));
#8425=CARTESIAN_POINT('Ctrl Pts',(-316.292351388671,-285.144042688831,1.43438903644482));
#8426=CARTESIAN_POINT('Ctrl Pts',(-316.926445663789,-285.671733256478,1.39719173015298));
#8427=CARTESIAN_POINT('Ctrl Pts',(-317.288049306656,-285.876850836019,1.31428142707109));
#8428=CARTESIAN_POINT('Ctrl Pts',(-318.001139790745,-286.155416547125,1.00409281417628));
#8429=CARTESIAN_POINT('Ctrl Pts',(-318.35151818171,-286.22881693061,0.776904709428522));
#8430=CARTESIAN_POINT('Ctrl Pts',(-318.647786767113,-286.247301536721,0.489294091858806));
#8431=CARTESIAN_POINT('Ctrl Pts',(-316.329374861519,-283.308665710009,0.96269280967803));
#8432=CARTESIAN_POINT('Ctrl Pts',(-316.333993791398,-283.60648881922,0.981024943836789));
#8433=CARTESIAN_POINT('Ctrl Pts',(-316.397358598222,-283.903071074923,0.998195165637368));
#8434=CARTESIAN_POINT('Ctrl Pts',(-316.624069492821,-284.454673337976,0.987003957170104));
#8435=CARTESIAN_POINT('Ctrl Pts',(-316.787049317957,-284.709290780985,0.958300061951986));
#8436=CARTESIAN_POINT('Ctrl Pts',(-317.167505883028,-285.148411783593,0.824111822141317));
#8437=CARTESIAN_POINT('Ctrl Pts',(-317.384468068748,-285.332735662327,0.718430712274401));
#8438=CARTESIAN_POINT('Ctrl Pts',(-317.812322359201,-285.622417437427,0.420415100605979));
#8439=CARTESIAN_POINT('Ctrl Pts',(-318.022574873451,-285.7277286855,0.228127891099759));
#8440=CARTESIAN_POINT('Ctrl Pts',(-318.200310500489,-285.800126497498,-0.00039915267315781));
#8441=CARTESIAN_POINT('Ctrl Pts',(-316.337452985298,-283.308548300781,0.962564236171028));
#8442=CARTESIAN_POINT('Ctrl Pts',(-316.342040803053,-283.605397524974,0.979830332769666));
#8443=CARTESIAN_POINT('Ctrl Pts',(-316.40497896482,-283.901014732737,0.995943302391322));
#8444=CARTESIAN_POINT('Ctrl Pts',(-316.630163339396,-284.450965670085,0.982943756921557));
#8445=CARTESIAN_POINT('Ctrl Pts',(-316.792045767043,-284.704899786716,0.953491563309609));
#8446=CARTESIAN_POINT('Ctrl Pts',(-317.169940591242,-285.143126236717,0.818323715070399));
#8447=CARTESIAN_POINT('Ctrl Pts',(-317.385441898245,-285.327240099073,0.712412620054955));
#8448=CARTESIAN_POINT('Ctrl Pts',(-317.810415303143,-285.617034146419,0.414519955698919));
#8449=CARTESIAN_POINT('Ctrl Pts',(-318.019252546037,-285.722667694224,0.222585245234639));
#8450=CARTESIAN_POINT('Ctrl Pts',(-318.195790990196,-285.795610029602,-0.00534505444293064));
#8451=CARTESIAN_POINT('',(-316.329382989583,-283.309185944187,0.96272483094301));
#8452=CARTESIAN_POINT('Ctrl Pts',(-316.329382989583,-283.309185944187,0.96272483094311));
#8453=CARTESIAN_POINT('Ctrl Pts',(-316.33289150954,-283.532108461341,0.97644560014214));
#8454=CARTESIAN_POINT('Ctrl Pts',(-316.368554367485,-283.752314463046,0.989503487701274));
#8455=CARTESIAN_POINT('Ctrl Pts',(-316.49993867279,-284.179193003172,0.996224687668366));
#8456=CARTESIAN_POINT('Ctrl Pts',(-316.594323615998,-284.381623072219,0.989783757718188));
#8457=CARTESIAN_POINT('Ctrl Pts',(-316.791300435067,-284.697434639124,0.949503327040583));
#8458=CARTESIAN_POINT('Ctrl Pts',(-316.880442447755,-284.817029476994,0.92533614822336));
#8459=CARTESIAN_POINT('Ctrl Pts',(-317.073159336788,-285.039572387024,0.857411891136306));
#8460=CARTESIAN_POINT('Ctrl Pts',(-317.175855906486,-285.141536115978,0.813937201279145));
#8461=CARTESIAN_POINT('Ctrl Pts',(-317.439283879762,-285.371298181107,0.679165177603327));
#8462=CARTESIAN_POINT('Ctrl Pts',(-317.601532955308,-285.485799277693,0.57618343338533));
#8463=CARTESIAN_POINT('Ctrl Pts',(-317.916874230987,-285.673941063042,0.320949218861256));
#8464=CARTESIAN_POINT('Ctrl Pts',(-318.06678499097,-285.745719793489,0.171215690838148));
#8465=CARTESIAN_POINT('Ctrl Pts',(-318.2,-285.8,-1.10259024133086E-13));
#8466=CARTESIAN_POINT('',(-315.529574174715,-283.32097905258,0.975639251281788));
#8467=CARTESIAN_POINT('',(-316.329382989583,-283.309185944187,0.962724830943125));
#8468=CARTESIAN_POINT('Ctrl Pts',(-315.529574174714,-283.32097905258,0.97563925128184));
#8469=CARTESIAN_POINT('Ctrl Pts',(-315.532657365348,-283.476550255774,1.02452220290159));
#8470=CARTESIAN_POINT('Ctrl Pts',(-315.550646782103,-283.63148523652,1.07301360481352));
#8471=CARTESIAN_POINT('Ctrl Pts',(-315.615832960627,-283.937486497091,1.1651965826249));
#8472=CARTESIAN_POINT('Ctrl Pts',(-315.662839789101,-284.087708559617,1.2086138356772));
#8473=CARTESIAN_POINT('Ctrl Pts',(-315.845068096969,-284.527436806934,1.32513580608546));
#8474=CARTESIAN_POINT('Ctrl Pts',(-316.019421720359,-284.800184904005,1.38294372096372));
#8475=CARTESIAN_POINT('Ctrl Pts',(-316.349548988968,-285.174779156334,1.42026496469287));
#8476=CARTESIAN_POINT('Ctrl Pts',(-316.474672355016,-285.295653281803,1.42361972604499));
#8477=CARTESIAN_POINT('Ctrl Pts',(-316.741348842497,-285.51781140669,1.4081231122692));
#8478=CARTESIAN_POINT('Ctrl Pts',(-316.882061112019,-285.618426354232,1.38929173687669));
#8479=CARTESIAN_POINT('Ctrl Pts',(-317.301713603227,-285.87764881253,1.29981546700574));
#8480=CARTESIAN_POINT('Ctrl Pts',(-317.587927938574,-286.005886886463,1.19893504441016));
#8481=CARTESIAN_POINT('Ctrl Pts',(-318.006355078448,-286.139599150249,0.979665182847823));
#8482=CARTESIAN_POINT('Ctrl Pts',(-318.142669864383,-286.174003074095,0.896029424476805));
#8483=CARTESIAN_POINT('Ctrl Pts',(-318.404923858061,-286.22423607351,0.707676181250236));
#8484=CARTESIAN_POINT('Ctrl Pts',(-318.53011883709,-286.239936289937,0.603471257340209));
#8485=CARTESIAN_POINT('Ctrl Pts',(-318.647269192076,-286.247269192076,0.489796426732167));
#8486=CARTESIAN_POINT('',(-318.2,-285.8,0.));
#8487=CARTESIAN_POINT('Origin',(-317.529096211886,-285.129096211886,-0.734694640098402));
#8488=CARTESIAN_POINT('',(-315.529574174715,-220.19503923716,58.620584292309));
#8489=CARTESIAN_POINT('Origin',(-317.529096211886,-285.129096211886,-0.734694640098402));
#8490=CARTESIAN_POINT('',(-316.329382989583,-220.183246128767,58.6076698719704));
#8491=CARTESIAN_POINT('Origin',(-315.577629502157,-286.640529895087,0.920449131013402));
#8492=CARTESIAN_POINT('',(-315.227852625704,-262.47875248762,1.32215751394889));
#8493=CARTESIAN_POINT('',(-315.577629502157,-286.640529895087,0.920449131013402));
#8494=CARTESIAN_POINT('',(-316.027661440573,-262.466959379227,1.30924309361025));
#8495=CARTESIAN_POINT('',(-312.175425216824,3.63660670814912,5.73342230127442));
#8496=CARTESIAN_POINT('',(-315.227852625704,-262.47875248762,1.32215751394889));
#8497=CARTESIAN_POINT('Origin',(-315.227852625704,-220.511470584805,39.6455736228067));
#8498=CARTESIAN_POINT('',(-316.027661440573,-220.499677476412,39.632659202468));
#8499=CARTESIAN_POINT('',(-315.390115948683,-221.168305155957,-0.462032577314065));
#8500=CARTESIAN_POINT('',(-315.227852625704,-220.511470584805,39.6455736228066));
#8501=CARTESIAN_POINT('',(-315.227852625704,-220.511470584805,39.6455736228067));
#8502=CARTESIAN_POINT('',(-315.227852625704,-220.511470584805,39.6455736228066));
#8503=CARTESIAN_POINT('Origin',(-311.213478779614,3.78695122209646,-4.1470219940335));
#8504=CARTESIAN_POINT('',(-315.227852625704,-262.47875248762,1.32215751394889));
#8505=CARTESIAN_POINT('Origin',(-312.013287594483,3.79874433048954,-4.15993641437214));
#8506=CARTESIAN_POINT('',(-316.027661440573,-119.998247589946,131.407917032924));
#8507=CARTESIAN_POINT('Origin',(-315.227852625704,-262.47875248762,1.32215751394889));
#8508=CARTESIAN_POINT('Ctrl Pts',(-318.65226152978,286.251773287113,0.494191024304674));
#8509=CARTESIAN_POINT('Ctrl Pts',(-318.354807614793,286.233827813061,0.782392477612308));
#8510=CARTESIAN_POINT('Ctrl Pts',(-318.003027965061,286.160746538222,1.00992959131237));
#8511=CARTESIAN_POINT('Ctrl Pts',(-317.287085119035,285.882291987756,1.32023993421941));
#8512=CARTESIAN_POINT('Ctrl Pts',(-316.924035061597,285.676966471207,1.40292252923344));
#8513=CARTESIAN_POINT('Ctrl Pts',(-316.287404409379,285.148390207909,1.43914992618999));
#8514=CARTESIAN_POINT('Ctrl Pts',(-316.014684835317,284.82544012714,1.39302398202497));
#8515=CARTESIAN_POINT('Ctrl Pts',(-315.635321938354,284.108705293499,1.22338149024195));
#8516=CARTESIAN_POINT('Ctrl Pts',(-315.529292625833,283.715618243855,1.1004860505491));
#8517=CARTESIAN_POINT('Ctrl Pts',(-315.521562483628,283.320406632794,0.97555016037807));
#8518=CARTESIAN_POINT('Ctrl Pts',(-318.647786767114,286.247301536721,0.489294091859354));
#8519=CARTESIAN_POINT('Ctrl Pts',(-318.35151818171,286.22881693061,0.77690470942902));
#8520=CARTESIAN_POINT('Ctrl Pts',(-318.001139790745,286.155416547125,1.00409281417667));
#8521=CARTESIAN_POINT('Ctrl Pts',(-317.288049306656,285.876850836019,1.31428142707144));
#8522=CARTESIAN_POINT('Ctrl Pts',(-316.926445663789,285.671733256478,1.39719173015332));
#8523=CARTESIAN_POINT('Ctrl Pts',(-316.292351388671,285.144042688831,1.43438903644506));
#8524=CARTESIAN_POINT('Ctrl Pts',(-316.020718346778,284.821769168831,1.38900398177889));
#8525=CARTESIAN_POINT('Ctrl Pts',(-315.642866855778,284.106669311137,1.22115192267161));
#8526=CARTESIAN_POINT('Ctrl Pts',(-315.537259964106,283.714537754502,1.09930326731432));
#8527=CARTESIAN_POINT('Ctrl Pts',(-315.529560625983,283.320290386034,0.975422859876089));
#8528=CARTESIAN_POINT('Ctrl Pts',(-318.200310500489,285.800126497498,-0.000399152672639621));
#8529=CARTESIAN_POINT('Ctrl Pts',(-318.022574873451,285.7277286855,0.228127891100178));
#8530=CARTESIAN_POINT('Ctrl Pts',(-317.812322359202,285.622417437427,0.420415100606365));
#8531=CARTESIAN_POINT('Ctrl Pts',(-317.384468068748,285.332735662327,0.718430712274745));
#8532=CARTESIAN_POINT('Ctrl Pts',(-317.167505883028,285.148411783593,0.824111822141648));
#8533=CARTESIAN_POINT('Ctrl Pts',(-316.787049317957,284.709290780986,0.958300061952246));
#8534=CARTESIAN_POINT('Ctrl Pts',(-316.624069492821,284.454673337976,0.987003957170315));
#8535=CARTESIAN_POINT('Ctrl Pts',(-316.397358598222,283.903071074923,0.998195165637461));
#8536=CARTESIAN_POINT('Ctrl Pts',(-316.333993791398,283.60648881922,0.981024943836821));
#8537=CARTESIAN_POINT('Ctrl Pts',(-316.329374861518,283.308665710009,0.962692809678014));
#8538=CARTESIAN_POINT('Ctrl Pts',(-318.195790990196,285.795610029602,-0.00534505444241276));
#8539=CARTESIAN_POINT('Ctrl Pts',(-318.019252546037,285.722667694224,0.222585245235056));
#8540=CARTESIAN_POINT('Ctrl Pts',(-317.810415303143,285.617034146419,0.414519955699305));
#8541=CARTESIAN_POINT('Ctrl Pts',(-317.385441898245,285.327240099073,0.712412620055298));
#8542=CARTESIAN_POINT('Ctrl Pts',(-317.169940591243,285.143126236717,0.81832371507073));
#8543=CARTESIAN_POINT('Ctrl Pts',(-316.792045767043,284.704899786716,0.953491563309868));
#8544=CARTESIAN_POINT('Ctrl Pts',(-316.630163339396,284.450965670085,0.982943756921769));
#8545=CARTESIAN_POINT('Ctrl Pts',(-316.40497896482,283.901014732737,0.995943302391416));
#8546=CARTESIAN_POINT('Ctrl Pts',(-316.342040803053,283.605397524974,0.979830332769698));
#8547=CARTESIAN_POINT('Ctrl Pts',(-316.337452985297,283.308548300781,0.962564236171013));
#8548=CARTESIAN_POINT('',(-316.329382989583,283.309185944187,0.962724830943175));
#8549=CARTESIAN_POINT('',(-315.529574174715,283.32097905258,0.97563925128183));
#8550=CARTESIAN_POINT('',(-315.529574174715,283.32097905258,0.975639251281744));
#8551=CARTESIAN_POINT('Ctrl Pts',(-318.2,285.8,3.41913997115029E-13));
#8552=CARTESIAN_POINT('Ctrl Pts',(-318.066934752543,285.745780815811,0.171023208539816));
#8553=CARTESIAN_POINT('Ctrl Pts',(-317.91720972334,285.67410178625,0.320614529820514));
#8554=CARTESIAN_POINT('Ctrl Pts',(-317.602250560154,285.486266721294,0.575665528891843));
#8555=CARTESIAN_POINT('Ctrl Pts',(-317.440186934537,285.371964991958,0.67861421446047));
#8556=CARTESIAN_POINT('Ctrl Pts',(-317.176887047234,285.142516540881,0.813469335913197));
#8557=CARTESIAN_POINT('Ctrl Pts',(-317.074157526456,285.04061478577,0.857011890604209));
#8558=CARTESIAN_POINT('Ctrl Pts',(-316.881351311898,284.818188191689,0.925063523189786));
#8559=CARTESIAN_POINT('Ctrl Pts',(-316.792153257362,284.698647262834,0.949289738400815));
#8560=CARTESIAN_POINT('Ctrl Pts',(-316.594879697824,284.382741696681,0.989727567512614));
#8561=CARTESIAN_POINT('Ctrl Pts',(-316.500297878563,284.180127139003,0.996217849419797));
#8562=CARTESIAN_POINT('Ctrl Pts',(-316.36863464262,283.752807519404,0.989532730700408));
#8563=CARTESIAN_POINT('Ctrl Pts',(-316.332895458291,283.532359355,0.976461042521089));
#8564=CARTESIAN_POINT('Ctrl Pts',(-316.329382989583,283.309185944187,0.962724830943089));
#8565=CARTESIAN_POINT('',(-318.2,285.8,0.));
#8566=CARTESIAN_POINT('Ctrl Pts',(-318.647269192076,286.247269192076,0.489796426732659));
#8567=CARTESIAN_POINT('Ctrl Pts',(-318.530335120263,286.239949827953,0.603261390685788));
#8568=CARTESIAN_POINT('Ctrl Pts',(-318.405385500255,286.224293934691,0.707292005887169));
#8569=CARTESIAN_POINT('Ctrl Pts',(-318.143656528012,286.174222451063,0.89537311167957));
#8570=CARTESIAN_POINT('Ctrl Pts',(-318.007617138957,286.139934852166,0.978913599126291));
#8571=CARTESIAN_POINT('Ctrl Pts',(-317.590022563306,286.006690680271,1.19801681294988));
#8572=CARTESIAN_POINT('Ctrl Pts',(-317.304339042014,285.878911703656,1.29896196768555));
#8573=CARTESIAN_POINT('Ctrl Pts',(-316.885029124891,285.620447353165,1.38881248531289));
#8574=CARTESIAN_POINT('Ctrl Pts',(-316.744233272717,285.519981281344,1.4078062154974));
#8575=CARTESIAN_POINT('Ctrl Pts',(-316.477340758524,285.298104457375,1.42361087683441));
#8576=CARTESIAN_POINT('Ctrl Pts',(-316.352085726738,285.177361743604,1.42040069838998));
#8577=CARTESIAN_POINT('Ctrl Pts',(-316.021117568652,284.802658268856,1.3834157895914));
#8578=CARTESIAN_POINT('Ctrl Pts',(-315.846165755821,284.529538807867,1.32563921783723));
#8579=CARTESIAN_POINT('Ctrl Pts',(-315.663299710852,284.089088772959,1.20900607758071));
#8580=CARTESIAN_POINT('Ctrl Pts',(-315.616127350829,283.938607323459,1.16552743080906));
#8581=CARTESIAN_POINT('Ctrl Pts',(-315.550713364369,283.632057528155,1.07319277296499));
#8582=CARTESIAN_POINT('Ctrl Pts',(-315.532663068068,283.476838002818,1.02461261760893));
#8583=CARTESIAN_POINT('Ctrl Pts',(-315.529574174715,283.32097905258,0.97563925128172));
#8584=CARTESIAN_POINT('Ctrl Pts',(-315.521562282806,220.194954917565,58.6200368587975));
#8585=CARTESIAN_POINT('Ctrl Pts',(-315.529291095639,220.309048499148,59.0017052957093));
#8586=CARTESIAN_POINT('Ctrl Pts',(-315.635320299488,220.421270253206,59.3810656163877));
#8587=CARTESIAN_POINT('Ctrl Pts',(-316.014684835317,220.576183976312,60.0637519041883));
#8588=CARTESIAN_POINT('Ctrl Pts',(-316.287404409379,220.618304973229,60.3663235686374));
#8589=CARTESIAN_POINT('Ctrl Pts',(-316.924035061597,220.585223068822,60.842987612249));
#8590=CARTESIAN_POINT('Ctrl Pts',(-317.287085119035,220.509719501519,61.0167507375191));
#8591=CARTESIAN_POINT('Ctrl Pts',(-318.003031057967,220.226351048058,61.2194821172108));
#8592=CARTESIAN_POINT('Ctrl Pts',(-318.3548022581,220.018577888518,61.2484217784084));
#8593=CARTESIAN_POINT('Ctrl Pts',(-318.652269257893,219.755386563554,61.2169323176582));
#8594=CARTESIAN_POINT('Ctrl Pts',(-315.52956042596,220.194838695138,58.6199095862892));
#8595=CARTESIAN_POINT('Ctrl Pts',(-315.537258440788,220.307968394835,59.0005221679408));
#8596=CARTESIAN_POINT('Ctrl Pts',(-315.642865223442,220.419234277907,59.3788360565521));
#8597=CARTESIAN_POINT('Ctrl Pts',(-316.020718346778,220.572513018003,60.0597319039422));
#8598=CARTESIAN_POINT('Ctrl Pts',(-316.292351388672,220.61395745415,60.3615626788925));
#8599=CARTESIAN_POINT('Ctrl Pts',(-316.92644566379,220.579989854093,60.8372568131689));
#8600=CARTESIAN_POINT('Ctrl Pts',(-317.288049306656,220.504278349782,61.0107922303711));
#8601=CARTESIAN_POINT('Ctrl Pts',(-318.001142871329,220.221021057441,61.213645340601));
#8602=CARTESIAN_POINT('Ctrl Pts',(-318.351512816783,220.013566622796,61.2429343566959));
#8603=CARTESIAN_POINT('Ctrl Pts',(-318.647794464484,219.750914827821,61.2120353999192));
#8604=CARTESIAN_POINT('Ctrl Pts',(-316.329374741383,220.183216452361,58.6071823354546));
#8605=CARTESIAN_POINT('Ctrl Pts',(-316.333992955701,220.19995796354,58.8822093910808));
#8606=CARTESIAN_POINT('Ctrl Pts',(-316.39735761882,220.215636748011,59.1558800729932));
#8607=CARTESIAN_POINT('Ctrl Pts',(-316.624069492821,220.205417187148,59.6577318793336));
#8608=CARTESIAN_POINT('Ctrl Pts',(-316.787049317957,220.179205546305,59.8854737043996));
#8609=CARTESIAN_POINT('Ctrl Pts',(-317.167505883028,220.056668381208,60.2641769051572));
#8610=CARTESIAN_POINT('Ctrl Pts',(-317.384468068748,219.960163176091,60.4149415155744));
#8611=CARTESIAN_POINT('Ctrl Pts',(-317.812324207552,219.688021995766,60.6299676796186));
#8612=CARTESIAN_POINT('Ctrl Pts',(-318.022568685071,219.512440050572,60.6941921854391));
#8613=CARTESIAN_POINT('Ctrl Pts',(-318.200315123517,219.303741254603,60.7223436260243));
#8614=CARTESIAN_POINT('Ctrl Pts',(-316.337452865969,220.183099067709,58.6070537902212));
#8615=CARTESIAN_POINT('Ctrl Pts',(-316.342039974302,220.198867058183,58.8810144320345));
#8616=CARTESIAN_POINT('Ctrl Pts',(-316.404977992013,220.213580412959,59.1536282175593));
#8617=CARTESIAN_POINT('Ctrl Pts',(-316.630163339396,220.201709519256,59.6536716790851));
#8618=CARTESIAN_POINT('Ctrl Pts',(-316.792045767043,220.174814552036,59.8806652057572));
#8619=CARTESIAN_POINT('Ctrl Pts',(-317.169940591243,220.051382834332,60.2583887980863));
#8620=CARTESIAN_POINT('Ctrl Pts',(-317.385441898245,219.954667612836,60.408923423355));
#8621=CARTESIAN_POINT('Ctrl Pts',(-317.810417139048,219.682638705243,60.6240725352427));
#8622=CARTESIAN_POINT('Ctrl Pts',(-318.019246349341,219.507378672193,60.6886498895093));
#8623=CARTESIAN_POINT('Ctrl Pts',(-318.195795582174,219.299224801513,60.717397739108));
#8624=CARTESIAN_POINT('',(-316.329382989583,220.183246128767,58.60766987197));
#8625=CARTESIAN_POINT('Ctrl Pts',(-316.329382989583,220.183246128767,58.6076698719701));
#8626=CARTESIAN_POINT('Ctrl Pts',(-316.332984332681,220.19610705889,58.8189620198251));
#8627=CARTESIAN_POINT('Ctrl Pts',(-316.370462817099,220.20832652548,59.0274652463531));
#8628=CARTESIAN_POINT('Ctrl Pts',(-316.5084748984,220.213655723155,59.4276883294353));
#8629=CARTESIAN_POINT('Ctrl Pts',(-316.607531833551,220.206682125083,59.6151989403633));
#8630=CARTESIAN_POINT('Ctrl Pts',(-316.805264107796,220.167681137673,59.8895765047654));
#8631=CARTESIAN_POINT('Ctrl Pts',(-316.888115887173,220.146646061776,59.9860544516768));
#8632=CARTESIAN_POINT('Ctrl Pts',(-317.066057660482,220.089350771127,60.1632162204686));
#8633=CARTESIAN_POINT('Ctrl Pts',(-317.160456011674,220.05328661666,60.2432358918334));
#8634=CARTESIAN_POINT('Ctrl Pts',(-317.418604188278,219.93570906108,60.4316529124073));
#8635=CARTESIAN_POINT('Ctrl Pts',(-317.585083751694,219.841026010392,60.5231982581427));
#8636=CARTESIAN_POINT('Ctrl Pts',(-317.909179412712,219.604179220477,60.6583921330971));
#8637=CARTESIAN_POINT('Ctrl Pts',(-318.063354355551,219.464487249379,60.7006236841209));
#8638=CARTESIAN_POINT('Ctrl Pts',(-318.2,219.304111178355,60.7222936844364));
#8639=CARTESIAN_POINT('',(-315.529574174715,220.19503923716,58.6205842923087));
#8640=CARTESIAN_POINT('',(-316.329382989583,220.183246128767,58.6076698719701));
#8641=CARTESIAN_POINT('Ctrl Pts',(-315.529574174715,220.19503923716,58.6205842923088));
#8642=CARTESIAN_POINT('Ctrl Pts',(-315.535737586142,220.28427348661,58.9208069513013));
#8643=CARTESIAN_POINT('Ctrl Pts',(-315.601433726237,220.37162292946,59.2167067183722));
#8644=CARTESIAN_POINT('Ctrl Pts',(-315.846487419538,220.515331261463,59.7845416047981));
#8645=CARTESIAN_POINT('Ctrl Pts',(-316.025953028574,220.569075303607,60.0489394049623));
#8646=CARTESIAN_POINT('Ctrl Pts',(-316.359156761082,220.601276765288,60.3957666437417));
#8647=CARTESIAN_POINT('Ctrl Pts',(-316.479685239702,220.603846635203,60.5019671023303));
#8648=CARTESIAN_POINT('Ctrl Pts',(-316.73588244666,220.590272719457,60.6944280785467));
#8649=CARTESIAN_POINT('Ctrl Pts',(-316.87080431316,220.574142539126,60.7801510484292));
#8650=CARTESIAN_POINT('Ctrl Pts',(-317.289784551218,220.494901040823,61.004942451213));
#8651=CARTESIAN_POINT('Ctrl Pts',(-317.58237743603,220.401665787287,61.1083857386935));
#8652=CARTESIAN_POINT('Ctrl Pts',(-318.006824701141,220.198460323479,61.1952102187712));
#8653=CARTESIAN_POINT('Ctrl Pts',(-318.143035186807,220.122119666234,61.2126999951194));
#8654=CARTESIAN_POINT('Ctrl Pts',(-318.405092425493,219.950214299525,61.2272456642404));
#8655=CARTESIAN_POINT('Ctrl Pts',(-318.530197547151,219.855115487121,61.2242686773705));
#8656=CARTESIAN_POINT('Ctrl Pts',(-318.647269192076,219.751380370431,61.2120901111687));
#8657=CARTESIAN_POINT('Origin',(-317.529096211886,218.633207390241,59.987599044338));
#8658=CARTESIAN_POINT('',(-315.529574174715,283.32097905258,0.975639251281748));
#8659=CARTESIAN_POINT('Origin',(-317.529096211886,218.633207390241,59.987599044338));
#8660=CARTESIAN_POINT('',(-316.329382989583,283.309185944187,0.962724830943101));
#8661=CARTESIAN_POINT('Origin',(-315.577629502158,286.640529895087,0.920449131013375));
#8662=CARTESIAN_POINT('',(-316.027661440573,262.466959379227,1.30924309361021));
#8663=CARTESIAN_POINT('',(-312.175425216824,-3.63660670814915,5.73342230127442));
#8664=CARTESIAN_POINT('',(-315.227852625704,262.47875248762,1.32215751394886));
#8665=CARTESIAN_POINT('',(-315.577629502158,286.640529895087,0.920449131013376));
#8666=CARTESIAN_POINT('',(-315.227852625704,262.47875248762,1.32215751394886));
#8667=CARTESIAN_POINT('Origin',(-315.227852625704,220.511470584805,39.6455736228066));
#8668=CARTESIAN_POINT('',(-315.227852625704,220.511470584805,39.6455736228065));
#8669=CARTESIAN_POINT('',(-315.227852625704,220.511470584805,39.6455736228066));
#8670=CARTESIAN_POINT('',(-316.027661440573,220.499677476412,39.6326592024679));
#8671=CARTESIAN_POINT('',(-315.390115948683,221.168305155957,-0.462032577313513));
#8672=CARTESIAN_POINT('',(-315.227852625704,220.511470584805,39.6455736228065));
#8673=CARTESIAN_POINT('Origin',(-311.213478779614,-3.7869512220965,-4.14702199403353));
#8674=CARTESIAN_POINT('',(-315.227852625704,262.47875248762,1.32215751394887));
#8675=CARTESIAN_POINT('Origin',(-312.013287594483,-3.79874433048957,-4.15993641437217));
#8676=CARTESIAN_POINT('',(-316.027661440573,119.998247589946,131.407917032924));
#8677=CARTESIAN_POINT('Origin',(-315.227852625704,262.47875248762,1.32215751394886));
#8678=CARTESIAN_POINT('Origin',(-382.212088399997,-216.820310756706,3.0662837329309));
#8679=CARTESIAN_POINT('',(-384.575041727371,-219.183264084081,0.0573756011831728));
#8680=CARTESIAN_POINT('',(-384.639980172636,-219.248202529345,-0.0612245533415934));
#8681=CARTESIAN_POINT('',(-382.659357592072,-217.267579948782,3.55608015966312));
#8682=CARTESIAN_POINT('',(-384.127772535296,-218.735994892005,-0.432420825549046));
#8683=CARTESIAN_POINT('',(-384.127772535296,-218.735994892005,-0.432420825549046));
#8684=CARTESIAN_POINT('',(-384.19271098056,-218.800933337269,-0.551020980073809));
#8685=CARTESIAN_POINT('',(-382.212088399997,-216.820310756706,3.0662837329309));
#8686=CARTESIAN_POINT('',(-384.19271098056,-218.800933337269,-0.551020980073809));
#8687=CARTESIAN_POINT('Origin',(-346.983521408611,-248.087632586966,6.68358844593561));
#8688=CARTESIAN_POINT('',(-320.099538028467,-274.971615967109,6.68358844593561));
#8689=CARTESIAN_POINT('',(-373.867504788755,-221.203649206822,6.68358844593561));
#8690=CARTESIAN_POINT('',(-346.983521408611,-248.087632586966,6.68358844593561));
#8691=CARTESIAN_POINT('',(-374.31477398083,-221.650918398898,7.17338487266783));
#8692=CARTESIAN_POINT('',(-373.867504788755,-221.203649206822,6.68358844593562));
#8693=CARTESIAN_POINT('',(-320.546807220543,-275.418885159185,7.17338487266783));
#8694=CARTESIAN_POINT('',(-347.430790600687,-248.534901779041,7.17338487266783));
#8695=CARTESIAN_POINT('',(-320.099538028467,-274.971615967109,6.6835884459356));
#8696=CARTESIAN_POINT('Origin',(-315.716199578351,-283.316199578351,3.0662837329309));
#8697=CARTESIAN_POINT('',(-317.696822158915,-285.296822158915,-0.551020980073819));
#8698=CARTESIAN_POINT('',(-317.63188371365,-285.23188371365,-0.432420825549062));
#8699=CARTESIAN_POINT('',(-315.716199578351,-283.316199578351,3.0662837329309));
#8700=CARTESIAN_POINT('',(-318.079152905726,-285.679152905726,0.0573756011831572));
#8701=CARTESIAN_POINT('',(-317.63188371365,-285.23188371365,-0.432420825549064));
#8702=CARTESIAN_POINT('',(-318.14409135099,-285.74409135099,-0.0612245533415916));
#8703=CARTESIAN_POINT('',(-316.163468770427,-283.763468770427,3.55608015966312));
#8704=CARTESIAN_POINT('',(-317.696822158915,-285.296822158915,-0.551020980073814));
#8705=CARTESIAN_POINT('Origin',(-348.964143989174,-250.068255167529,3.0662837329309));
#8706=CARTESIAN_POINT('',(-354.803531778477,-225.788646052759,19.9054079972046));
#8707=CARTESIAN_POINT('',(-324.684534874405,-255.907642956831,19.9054079972046));
#8708=CARTESIAN_POINT('',(-350.944766569737,-252.048877748092,-0.551020980073811));
#8709=CARTESIAN_POINT('Origin',(-349.41141318125,-250.515524359605,3.55608015966313));
#8710=CARTESIAN_POINT('',(-384.575041727371,-219.183264084081,0.0573756011831655));
#8711=CARTESIAN_POINT('',(-351.392035761813,-252.496146940168,-0.0612245533415902));
#8712=CARTESIAN_POINT('',(-320.546807220543,-275.418885159185,7.17338487266783));
#8713=CARTESIAN_POINT('Origin',(-318.172045675495,-285.772045675495,-0.0306122766708191));
#8714=CARTESIAN_POINT('Origin',(-318.172045675495,-285.772045675495,-0.0306122766708191));
#8715=CARTESIAN_POINT('Origin',(-318.172045675495,-285.772045675495,-0.0306122766708191));
#8716=CARTESIAN_POINT('Origin',(-384.667934497141,-219.27615685385,-0.0306122766708139));
#8717=CARTESIAN_POINT('Origin',(-384.667934497141,-219.27615685385,-0.0306122766708139));
#8718=CARTESIAN_POINT('Origin',(-384.667934497141,-219.27615685385,-0.0306122766708139));
#8719=CARTESIAN_POINT('Origin',(-384.667934497141,-219.27615685385,-0.0306122766708139));
#8720=CARTESIAN_POINT('Origin',(-384.667934497141,-219.27615685385,-0.0306122766708139));
#8721=CARTESIAN_POINT('Origin',(-381.014758247616,218.633207390241,2.42042830405085));
#8722=CARTESIAN_POINT('',(-384.821802177337,218.633207390241,0.0273045050855525));
#8723=CARTESIAN_POINT('',(-384.932567821449,218.633207390241,-0.073843762741476));
#8724=CARTESIAN_POINT('',(-381.554215676026,218.633207390241,3.01117840598265));
#8725=CARTESIAN_POINT('',(-384.282344748926,218.633207390241,-0.563445596846245));
#8726=CARTESIAN_POINT('',(-384.282344748926,218.633207390241,-0.563445596846245));
#8727=CARTESIAN_POINT('',(-384.393110393038,218.633207390241,-0.664593864673275));
#8728=CARTESIAN_POINT('',(-381.014758247616,218.633207390241,2.42042830405085));
#8729=CARTESIAN_POINT('',(-384.393110393038,218.633207390241,-0.664593864673275));
#8730=CARTESIAN_POINT('Origin',(-377.636406102193,0.,5.50545047277498));
#8731=CARTESIAN_POINT('',(-377.636406102193,-209.633207390241,5.50545047277498));
#8732=CARTESIAN_POINT('',(-377.636406102193,209.633207390241,5.50545047277498));
#8733=CARTESIAN_POINT('',(-377.636406102193,0.,5.50545047277498));
#8734=CARTESIAN_POINT('',(-378.175863530604,209.633207390241,6.09620057470678));
#8735=CARTESIAN_POINT('',(-377.636406102193,209.633207390241,5.50545047277498));
#8736=CARTESIAN_POINT('',(-378.175863530604,-209.633207390241,6.09620057470678));
#8737=CARTESIAN_POINT('',(-378.175863530604,0.,6.09620057470678));
#8738=CARTESIAN_POINT('',(-377.636406102193,-209.633207390241,5.50545047277498));
#8739=CARTESIAN_POINT('Origin',(-381.014758247616,-218.633207390241,2.42042830405085));
#8740=CARTESIAN_POINT('',(-384.393110393038,-218.633207390241,-0.664593864673095));
#8741=CARTESIAN_POINT('',(-384.282344748926,-218.633207390241,-0.563445596846245));
#8742=CARTESIAN_POINT('',(-381.014758247616,-218.633207390241,2.42042830405085));
#8743=CARTESIAN_POINT('',(-384.821802177337,-218.633207390241,0.0273045050855525));
#8744=CARTESIAN_POINT('',(-384.282344748926,-218.633207390241,-0.563445596846244));
#8745=CARTESIAN_POINT('',(-384.932567821449,-218.633207390241,-0.073843762741476));
#8746=CARTESIAN_POINT('',(-381.554215676026,-218.633207390241,3.01117840598265));
#8747=CARTESIAN_POINT('',(-384.393110393038,-218.633207390241,-0.664593864673275));
#8748=CARTESIAN_POINT('Origin',(-381.014758247616,0.,2.42042830405085));
#8749=CARTESIAN_POINT('',(-301.925058028607,107.10410369512,74.6430587435645));
#8750=CARTESIAN_POINT('',(-301.925058028607,-107.10410369512,74.6430587435645));
#8751=CARTESIAN_POINT('',(-384.393110393038,0.,-0.664593864673275));
#8752=CARTESIAN_POINT('Origin',(-381.554215676026,0.,3.01117840598265));
#8753=CARTESIAN_POINT('',(-384.821802177337,218.633207390241,0.0273045050855514));
#8754=CARTESIAN_POINT('',(-384.932567821449,0.,-0.073843762741476));
#8755=CARTESIAN_POINT('',(-378.175863530604,-209.633207390241,6.09620057470678));
#8756=CARTESIAN_POINT('Origin',(-384.966283910724,-218.633207390241,-0.036921881370738));
#8757=CARTESIAN_POINT('Origin',(-384.966283910724,-218.633207390241,-0.036921881370738));
#8758=CARTESIAN_POINT('Origin',(-384.966283910724,-218.633207390241,-0.036921881370738));
#8759=CARTESIAN_POINT('Origin',(-384.966283910724,218.633207390241,-0.036921881370738));
#8760=CARTESIAN_POINT('Origin',(-384.966283910724,218.633207390241,-0.036921881370738));
#8761=CARTESIAN_POINT('Origin',(-384.966283910724,218.633207390241,-0.036921881370738));
#8762=CARTESIAN_POINT('Origin',(-384.966283910724,218.633207390241,-0.036921881370738));
#8763=CARTESIAN_POINT('Origin',(-384.966283910724,218.633207390241,-0.036921881370738));
#8764=CARTESIAN_POINT('Origin',(-315.716199578351,283.316199578351,3.06628373293104));
#8765=CARTESIAN_POINT('',(-318.079152905726,285.679152905726,0.0573756011832951));
#8766=CARTESIAN_POINT('',(-318.14409135099,285.744091350991,-0.0612245533414477));
#8767=CARTESIAN_POINT('',(-316.163468770427,283.763468770427,3.55608015966327));
#8768=CARTESIAN_POINT('',(-317.63188371365,285.23188371365,-0.432420825548924));
#8769=CARTESIAN_POINT('',(-317.63188371365,285.23188371365,-0.432420825548925));
#8770=CARTESIAN_POINT('',(-317.696822158915,285.296822158915,-0.551020980073666));
#8771=CARTESIAN_POINT('',(-315.716199578351,283.316199578351,3.06628373293104));
#8772=CARTESIAN_POINT('',(-317.696822158915,285.296822158915,-0.551020980073666));
#8773=CARTESIAN_POINT('Origin',(-346.983521408611,248.087632586966,6.6835884459357));
#8774=CARTESIAN_POINT('',(-373.867504788755,221.203649206822,6.68358844593566));
#8775=CARTESIAN_POINT('',(-320.099538028467,274.971615967109,6.68358844593574));
#8776=CARTESIAN_POINT('',(-346.983521408611,248.087632586966,6.6835884459357));
#8777=CARTESIAN_POINT('',(-320.546807220543,275.418885159185,7.17338487266796));
#8778=CARTESIAN_POINT('',(-320.099538028467,274.971615967109,6.68358844593574));
#8779=CARTESIAN_POINT('',(-374.31477398083,221.650918398898,7.17338487266788));
#8780=CARTESIAN_POINT('',(-347.430790600687,248.534901779042,7.17338487266792));
#8781=CARTESIAN_POINT('',(-373.867504788755,221.203649206822,6.68358844593566));
#8782=CARTESIAN_POINT('Origin',(-382.212088399997,216.820310756706,3.06628373293094));
#8783=CARTESIAN_POINT('',(-384.19271098056,218.80093333727,-0.551020980073863));
#8784=CARTESIAN_POINT('',(-384.127772535296,218.735994892005,-0.432420825549016));
#8785=CARTESIAN_POINT('',(-382.212088399997,216.820310756706,3.06628373293094));
#8786=CARTESIAN_POINT('',(-384.575041727371,219.183264084081,0.057375601183204));
#8787=CARTESIAN_POINT('',(-384.127772535296,218.735994892005,-0.432420825549015));
#8788=CARTESIAN_POINT('',(-384.639980172636,219.248202529346,-0.0612245533415622));
#8789=CARTESIAN_POINT('',(-382.659357592072,217.267579948782,3.55608015966316));
#8790=CARTESIAN_POINT('',(-384.19271098056,218.80093333727,-0.55102098007377));
#8791=CARTESIAN_POINT('Origin',(-348.964143989174,250.068255167529,3.06628373293099));
#8792=CARTESIAN_POINT('',(-324.684534874405,255.907642956831,19.9054079972047));
#8793=CARTESIAN_POINT('',(-354.803531778477,225.788646052759,19.9054079972047));
#8794=CARTESIAN_POINT('',(-350.944766569737,252.048877748092,-0.551020980073718));
#8795=CARTESIAN_POINT('Origin',(-349.41141318125,250.515524359605,3.55608015966322));
#8796=CARTESIAN_POINT('',(-318.079152905726,285.679152905726,0.0573756011833062));
#8797=CARTESIAN_POINT('',(-351.392035761813,252.496146940168,-0.0612245533414968));
#8798=CARTESIAN_POINT('',(-374.31477398083,221.650918398898,7.17338487266789));
#8799=CARTESIAN_POINT('Origin',(-384.667934497141,219.27615685385,-0.0306122766707343));
#8800=CARTESIAN_POINT('Origin',(-384.667934497141,219.27615685385,-0.0306122766707343));
#8801=CARTESIAN_POINT('Origin',(-384.667934497141,219.27615685385,-0.0306122766707343));
#8802=CARTESIAN_POINT('Origin',(-318.172045675495,285.772045675495,-0.0306122766706299));
#8803=CARTESIAN_POINT('Origin',(-318.172045675495,285.772045675495,-0.0306122766706299));
#8804=CARTESIAN_POINT('Origin',(-318.172045675495,285.772045675495,-0.0306122766706299));
#8805=CARTESIAN_POINT('Origin',(-318.172045675495,285.772045675495,-0.0306122766706299));
#8806=CARTESIAN_POINT('Origin',(-318.172045675495,285.772045675495,-0.0306122766706299));
#8807=CARTESIAN_POINT('Origin',(-320.099538028467,-274.971615967109,6.68358844593561));
#8808=CARTESIAN_POINT('Origin',(-384.127772535296,-218.735994892005,-0.432420825549051));
#8809=CARTESIAN_POINT('Origin',(-377.636406102193,-209.633207390241,5.50545047277498));
#8810=CARTESIAN_POINT('Origin',(-384.282344748926,218.633207390241,-0.563445596846247));
#8811=CARTESIAN_POINT('Origin',(-373.867504788755,221.203649206822,6.68358844593566));
#8812=CARTESIAN_POINT('Origin',(-317.63188371365,285.23188371365,-0.432420825548925));
#8813=CARTESIAN_POINT('',(0.,0.,0.));
#8814=CARTESIAN_POINT('Origin',(0.,15.7596723055964,0.));
#8815=CARTESIAN_POINT('',(0.297969776293255,0.,1.52108974502353));
#8816=CARTESIAN_POINT('',(-0.297969776293255,0.,1.52108974502353));
#8817=CARTESIAN_POINT('Origin',(0.,0.,0.));
#8818=CARTESIAN_POINT('',(0.00679358888029599,0.8,1.54998511191241));
#8819=CARTESIAN_POINT('Origin',(-3.32694917622167E-12,0.818665232054903,
-3.43927664125943E-11));
#8820=CARTESIAN_POINT('',(-0.589145963706215,0.8,1.43366908087211));
#8821=CARTESIAN_POINT('Origin',(0.,0.8,0.));
#8822=CARTESIAN_POINT('Origin',(-4.53682230672214E-12,-0.818665232033301,
1.47479251033644E-11));
#8823=CARTESIAN_POINT('Origin',(-1.55,0.8,0.));
#8824=CARTESIAN_POINT('',(0.00679358888029599,0.8,2.34999018022419));
#8825=CARTESIAN_POINT('',(0.00679358888029599,0.8,2.351));
#8826=CARTESIAN_POINT('',(-0.589145963706215,0.8,2.27495209475907));
#8827=CARTESIAN_POINT('Origin',(0.,0.8,0.));
#8828=CARTESIAN_POINT('',(-0.589145963706215,0.8,2.351));
#8829=CARTESIAN_POINT('Origin',(0.,15.7596723055964,0.));
#8830=CARTESIAN_POINT('',(0.297969776293255,0.,2.33103282096493));
#8831=CARTESIAN_POINT('Origin',(0.,0.818665232045672,0.));
#8832=CARTESIAN_POINT('',(-0.297969776293255,0.,2.33103282096493));
#8833=CARTESIAN_POINT('Origin',(0.,0.,0.));
#8834=CARTESIAN_POINT('Origin',(-1.17380549724544E-10,-0.818665231723476,
5.99476301932356E-10));
#8835=CARTESIAN_POINT('Origin',(-1.55,3.85763741731416E-16,0.));
#8836=CARTESIAN_POINT('',(0.297969776293255,4.39459050839951E-16,2.351));
#8837=CARTESIAN_POINT('',(-0.297969776293255,9.76544379092099E-19,2.351));
#8838=CARTESIAN_POINT('Origin',(-0.589145963706215,0.8,2.351));
#8839=CARTESIAN_POINT('Origin',(0.00679358888029599,0.8,2.351));
#8840=CARTESIAN_POINT('',(0.,0.,0.));
#8841=CARTESIAN_POINT('Origin',(-34.9249999999999,0.,0.));
#8842=CARTESIAN_POINT('',(-0.500000000000003,-4.28626379701574E-16,-3.5));
#8843=CARTESIAN_POINT('Origin',(-0.5,0.,0.));
#8844=CARTESIAN_POINT('',(-4.44089209850063E-15,-4.28626379701574E-16,-3.5));
#8845=CARTESIAN_POINT('',(-34.9249999999999,-4.28626379701574E-16,-3.5));
#8846=CARTESIAN_POINT('Origin',(0.,0.,0.));
#8847=CARTESIAN_POINT('Origin',(-34.9249999999999,0.,0.));
#8848=CARTESIAN_POINT('',(0.,-1.95943487863577E-16,-1.6));
#8849=CARTESIAN_POINT('Origin',(0.,0.,0.));
#8850=CARTESIAN_POINT('',(-0.500000000000003,-1.95943487863577E-16,-1.6));
#8851=CARTESIAN_POINT('',(-34.9249999999999,-1.95943487863577E-16,-1.6));
#8852=CARTESIAN_POINT('Origin',(-0.5,0.,0.));
#8853=CARTESIAN_POINT('Origin',(0.,1.6,0.));
#8854=CARTESIAN_POINT('Origin',(-0.5,3.5,0.));
#8855=CARTESIAN_POINT('',(0.,0.,0.));
#8856=CARTESIAN_POINT('Origin',(0.,0.,-25.0375057290932));
#8857=CARTESIAN_POINT('',(-1.5,-1.83697019872103E-16,-2.4));
#8858=CARTESIAN_POINT('Origin',(0.,0.,-2.4));
#8859=CARTESIAN_POINT('',(-1.5,-1.83697019872103E-16,-2.3746));
#8860=CARTESIAN_POINT('',(-1.5,-1.83697019872103E-16,-25.0375057290932));
#8861=CARTESIAN_POINT('',(1.5,1.83697019872103E-16,-2.3746));
#8862=CARTESIAN_POINT('Origin',(0.,0.,-2.3746));
#8863=CARTESIAN_POINT('Origin',(0.,0.,-2.3746));
#8864=CARTESIAN_POINT('Origin',(0.,0.,-2.3746));
#8865=CARTESIAN_POINT('',(-1.25,1.53080849893419E-16,-2.19954811544757));
#8866=CARTESIAN_POINT('',(1.25,-1.53080849893419E-16,-2.19954811544757));
#8867=CARTESIAN_POINT('Origin',(0.,0.,-2.19954811544757));
#8868=CARTESIAN_POINT('',(1.5,-1.83697019872103E-16,-2.3746));
#8869=CARTESIAN_POINT('Origin',(0.,0.,-2.19954811544757));
#8870=CARTESIAN_POINT('Origin',(0.,0.,-0.192557073007669));
#8871=CARTESIAN_POINT('',(-1.25,-1.53080849893419E-16,-0.175051884552426));
#8872=CARTESIAN_POINT('Origin',(0.,0.,-0.175051884552426));
#8873=CARTESIAN_POINT('',(-1.5,-1.83697019872103E-16,3.71230823859037E-15));
#8874=CARTESIAN_POINT('',(-1.225,-1.50019232895551E-16,-0.192557073007669));
#8875=CARTESIAN_POINT('Origin',(0.,0.,3.46944695195361E-15));
#8876=CARTESIAN_POINT('Origin',(0.,0.,-2.4));
#8877=CARTESIAN_POINT('',(-1.25,-1.53080849893419E-16,-2.4));
#8878=CARTESIAN_POINT('Origin',(-1.67691730579435E-16,3.17542648054295,
-2.4));
#8879=CARTESIAN_POINT('',(-2.75,1.58771324027148,-2.15437990693813));
#8880=CARTESIAN_POINT('',(-2.75,1.58771324027146,-0.245620093061861));
#8881=CARTESIAN_POINT('',(-2.75,1.58771324027146,-2.4));
#8882=CARTESIAN_POINT('',(-1.37500000000001,2.3815698604072,0.));
#8883=CARTESIAN_POINT('Ctrl Pts',(-2.75000000001884,1.58771324026059,-0.245620093068142));
#8884=CARTESIAN_POINT('Ctrl Pts',(-2.01313972082199,2.01313972081003,3.05311331771918E-16));
#8885=CARTESIAN_POINT('Ctrl Pts',(-1.37500000000001,2.3815698604072,2.14461014940105E-16));
#8886=CARTESIAN_POINT('',(4.33680868994202E-16,3.17542648054295,-0.245620093061867));
#8887=CARTESIAN_POINT('Ctrl Pts',(-1.37500000000001,2.3815698604072,2.14461014940105E-16));
#8888=CARTESIAN_POINT('Ctrl Pts',(-0.736860279178021,2.75000000000437,2.17286869470685E-16));
#8889=CARTESIAN_POINT('Ctrl Pts',(1.88377075610089E-11,3.17542648055382,
-0.245620093068146));
#8890=CARTESIAN_POINT('',(4.33680868994202E-16,3.17542648054295,-2.15437990693813));
#8891=CARTESIAN_POINT('',(-1.67691730579435E-16,3.17542648054295,-2.4));
#8892=CARTESIAN_POINT('',(-1.37500000000001,2.3815698604072,-2.4));
#8893=CARTESIAN_POINT('Ctrl Pts',(-1.37500000000001,2.3815698604072,-2.4));
#8894=CARTESIAN_POINT('Ctrl Pts',(-0.736860279178022,2.75000000000437,-2.4));
#8895=CARTESIAN_POINT('Ctrl Pts',(1.88401335821467E-11,3.17542648055383,
-2.15437990693185));
#8896=CARTESIAN_POINT('Ctrl Pts',(-2.75000000001883,1.58771324026059,-2.15437990693186));
#8897=CARTESIAN_POINT('Ctrl Pts',(-2.01313972082199,2.01313972081004,-2.4));
#8898=CARTESIAN_POINT('Ctrl Pts',(-1.37500000000001,2.3815698604072,-2.4));
#8899=CARTESIAN_POINT('Origin',(2.75,1.58771324027147,-2.4));
#8900=CARTESIAN_POINT('',(1.37500000000001,2.3815698604072,0.));
#8901=CARTESIAN_POINT('Ctrl Pts',(-1.88427906529168E-11,3.17542648055383,
-0.245620093068149));
#8902=CARTESIAN_POINT('Ctrl Pts',(0.736860279178019,2.75000000000437,-5.55111512312578E-16));
#8903=CARTESIAN_POINT('Ctrl Pts',(1.37500000000001,2.3815698604072,-6.96998298555341E-16));
#8904=CARTESIAN_POINT('',(2.75,1.58771324027148,-0.245620093061867));
#8905=CARTESIAN_POINT('Ctrl Pts',(1.37500000000001,2.3815698604072,-6.96998298555341E-16));
#8906=CARTESIAN_POINT('Ctrl Pts',(2.01313972082199,2.01313972081004,-8.50977214429369E-16));
#8907=CARTESIAN_POINT('Ctrl Pts',(2.75000000001884,1.58771324026059,-0.245620093068143));
#8908=CARTESIAN_POINT('',(2.75,1.58771324027148,-2.15437990693813));
#8909=CARTESIAN_POINT('',(2.75,1.58771324027147,-2.4));
#8910=CARTESIAN_POINT('',(1.37500000000001,2.3815698604072,-2.4));
#8911=CARTESIAN_POINT('Ctrl Pts',(1.375,2.38156986040721,-2.4));
#8912=CARTESIAN_POINT('Ctrl Pts',(2.01313972082199,2.01313972081004,-2.4));
#8913=CARTESIAN_POINT('Ctrl Pts',(2.75000000001884,1.58771324026059,-2.15437990693186));
#8914=CARTESIAN_POINT('Ctrl Pts',(-1.88420975040203E-11,3.17542648055383,
-2.15437990693185));
#8915=CARTESIAN_POINT('Ctrl Pts',(0.736860279178016,2.75000000000437,-2.4));
#8916=CARTESIAN_POINT('Ctrl Pts',(1.375,2.38156986040721,-2.4));
#8917=CARTESIAN_POINT('Origin',(2.75,1.58771324027147,-2.4));
#8918=CARTESIAN_POINT('',(2.75,-1.58771324027148,-0.245620093061867));
#8919=CARTESIAN_POINT('',(2.75,0.,0.));
#8920=CARTESIAN_POINT('Ctrl Pts',(2.75,-1.58771324029324,-0.245620093068147));
#8921=CARTESIAN_POINT('Ctrl Pts',(2.75,-0.736860279194335,1.38777878078145E-16));
#8922=CARTESIAN_POINT('Ctrl Pts',(2.75,8.5784405976042E-16,-1.07230507470053E-16));
#8923=CARTESIAN_POINT('',(2.75,-1.58771324027148,-2.15437990693813));
#8924=CARTESIAN_POINT('',(2.75,-1.58771324027148,-2.4));
#8925=CARTESIAN_POINT('',(2.75,0.,-2.4));
#8926=CARTESIAN_POINT('Ctrl Pts',(2.75,-1.58771324029324,-2.15437990693185));
#8927=CARTESIAN_POINT('Ctrl Pts',(2.75,-0.736860279194337,-2.4));
#8928=CARTESIAN_POINT('Ctrl Pts',(2.75,-8.5784405976042E-16,-2.4));
#8929=CARTESIAN_POINT('Ctrl Pts',(2.75,-8.5784405976042E-16,-2.4));
#8930=CARTESIAN_POINT('Ctrl Pts',(2.75,0.736860279194335,-2.4));
#8931=CARTESIAN_POINT('Ctrl Pts',(2.75,1.58771324029324,-2.15437990693185));
#8932=CARTESIAN_POINT('Ctrl Pts',(2.75,0.,-1.07230507470053E-16));
#8933=CARTESIAN_POINT('Ctrl Pts',(2.75,0.736860279194336,-1.50013402920955E-16));
#8934=CARTESIAN_POINT('Ctrl Pts',(2.75,1.58771324029324,-0.245620093068147));
#8935=CARTESIAN_POINT('Origin',(7.51157299368584E-16,-3.17542648054296,
-2.4));
#8936=CARTESIAN_POINT('',(1.37500000000001,-2.3815698604072,0.));
#8937=CARTESIAN_POINT('Ctrl Pts',(2.75000000001884,-1.5877132402606,-0.245620093068148));
#8938=CARTESIAN_POINT('Ctrl Pts',(2.013139720822,-2.01313972081005,-8.71525074330748E-15));
#8939=CARTESIAN_POINT('Ctrl Pts',(1.37500000000002,-2.38156986040721,-8.36397958266414E-15));
#8940=CARTESIAN_POINT('',(-2.49366499671666E-14,-3.17542648054295,-0.245620093061867));
#8941=CARTESIAN_POINT('Ctrl Pts',(1.37500000000002,-2.38156986040721,-8.36397958266414E-15));
#8942=CARTESIAN_POINT('Ctrl Pts',(0.736860279178018,-2.75000000000439,-8.019118259315E-15));
#8943=CARTESIAN_POINT('Ctrl Pts',(-1.88558449571349E-11,-3.17542648055385,
-0.245620093068162));
#8944=CARTESIAN_POINT('',(-2.49366499671666E-14,-3.17542648054295,-2.15437990693813));
#8945=CARTESIAN_POINT('',(7.51157299368584E-16,-3.17542648054296,-2.4));
#8946=CARTESIAN_POINT('',(1.37500000000001,-2.3815698604072,-2.4));
#8947=CARTESIAN_POINT('Ctrl Pts',(1.37500000000002,-2.38156986040721,-2.39999999999999));
#8948=CARTESIAN_POINT('Ctrl Pts',(0.73686027917802,-2.75000000000439,-2.39999999999999));
#8949=CARTESIAN_POINT('Ctrl Pts',(-1.88509929148592E-11,-3.17542648055385,
-2.15437990693184));
#8950=CARTESIAN_POINT('Ctrl Pts',(2.75000000001884,-1.5877132402606,-2.15437990693185));
#8951=CARTESIAN_POINT('Ctrl Pts',(2.013139720822,-2.01313972081005,-2.39999999999999));
#8952=CARTESIAN_POINT('Ctrl Pts',(1.37500000000002,-2.38156986040721,-2.39999999999999));
#8953=CARTESIAN_POINT('Origin',(-2.75,-1.58771324027148,-2.4));
#8954=CARTESIAN_POINT('',(-1.375,-2.3815698604072,0.));
#8955=CARTESIAN_POINT('Ctrl Pts',(1.88152957466878E-11,-3.17542648055383,
-0.245620093068147));
#8956=CARTESIAN_POINT('Ctrl Pts',(-0.736860279178035,-2.75000000000438,
-7.60502771868232E-15));
#8957=CARTESIAN_POINT('Ctrl Pts',(-1.37500000000002,-2.38156986040721,-8.47121009013419E-15));
#8958=CARTESIAN_POINT('',(-2.75,-1.58771324027148,-0.245620093061867));
#8959=CARTESIAN_POINT('Ctrl Pts',(-1.37500000000002,-2.38156986040721,-8.47121009013419E-15));
#8960=CARTESIAN_POINT('Ctrl Pts',(-2.013139720822,-2.01313972081005,-9.3274907714331E-15));
#8961=CARTESIAN_POINT('Ctrl Pts',(-2.75000000001885,-1.5877132402606,-0.24562009306815));
#8962=CARTESIAN_POINT('',(-2.75,-1.58771324027148,-2.15437990693813));
#8963=CARTESIAN_POINT('',(-2.75,-1.58771324027148,-2.4));
#8964=CARTESIAN_POINT('',(-1.375,-2.3815698604072,-2.4));
#8965=CARTESIAN_POINT('Ctrl Pts',(-1.37500000000001,-2.38156986040722,-2.39999999999999));
#8966=CARTESIAN_POINT('Ctrl Pts',(-2.013139720822,-2.01313972081005,-2.39999999999999));
#8967=CARTESIAN_POINT('Ctrl Pts',(-2.75000000001884,-1.58771324026061,-2.15437990693185));
#8968=CARTESIAN_POINT('Ctrl Pts',(1.88147181226073E-11,-3.17542648055382,
-2.15437990693185));
#8969=CARTESIAN_POINT('Ctrl Pts',(-0.736860279178033,-2.75000000000438,
-2.39999999999999));
#8970=CARTESIAN_POINT('Ctrl Pts',(-1.37500000000001,-2.38156986040722,-2.39999999999999));
#8971=CARTESIAN_POINT('Origin',(-2.75,1.58771324027146,-2.4));
#8972=CARTESIAN_POINT('',(-2.75,0.,0.));
#8973=CARTESIAN_POINT('Ctrl Pts',(-2.75,-1.58771324029324,-0.245620093068148));
#8974=CARTESIAN_POINT('Ctrl Pts',(-2.75,-0.736860279194336,-5.55111512312578E-17));
#8975=CARTESIAN_POINT('Ctrl Pts',(-2.75,8.5784405976042E-16,-1.07230507470053E-16));
#8976=CARTESIAN_POINT('Ctrl Pts',(-2.75,8.5784405976042E-16,-1.07230507470053E-16));
#8977=CARTESIAN_POINT('Ctrl Pts',(-2.75,0.73686027919433,-2.74123307477791E-16));
#8978=CARTESIAN_POINT('Ctrl Pts',(-2.75,1.58771324029322,-0.245620093068143));
#8979=CARTESIAN_POINT('',(-2.75,0.,-2.4));
#8980=CARTESIAN_POINT('Ctrl Pts',(-2.75,-8.5784405976042E-16,-2.4));
#8981=CARTESIAN_POINT('Ctrl Pts',(-2.75,0.736860279194335,-2.4));
#8982=CARTESIAN_POINT('Ctrl Pts',(-2.75,1.58771324029324,-2.15437990693185));
#8983=CARTESIAN_POINT('Ctrl Pts',(-2.75,-1.58771324029324,-2.15437990693185));
#8984=CARTESIAN_POINT('Ctrl Pts',(-2.75,-0.736860279194338,-2.4));
#8985=CARTESIAN_POINT('Ctrl Pts',(-2.75,-8.5784405976042E-16,-2.4));
#8986=CARTESIAN_POINT('Origin',(4.33680868994202E-16,3.17542648054295,0.));
#8987=CARTESIAN_POINT('Origin',(0.,0.,0.));
#8988=CARTESIAN_POINT('Origin',(0.,0.,0.));
#8989=CARTESIAN_POINT('Origin',(0.,0.,0.));
#8990=CARTESIAN_POINT('Origin',(0.,0.,0.));
#8991=CARTESIAN_POINT('Origin',(0.,0.,0.));
#8992=CARTESIAN_POINT('Origin',(0.,0.,0.));
#8993=CARTESIAN_POINT('Origin',(4.33680868994202E-16,3.17542648054295,-2.4));
#8994=CARTESIAN_POINT('Origin',(0.,0.,-2.4));
#8995=CARTESIAN_POINT('Origin',(0.,0.,-2.4));
#8996=CARTESIAN_POINT('Origin',(0.,0.,-2.4));
#8997=CARTESIAN_POINT('Origin',(0.,0.,-2.4));
#8998=CARTESIAN_POINT('Origin',(0.,0.,-2.4));
#8999=CARTESIAN_POINT('Origin',(0.,0.,-2.4));
#9000=CARTESIAN_POINT('Origin',(0.,0.,-2.4));
#9001=CARTESIAN_POINT('Origin',(0.,0.,-2.4));
#9002=CARTESIAN_POINT('Origin',(0.,0.,-2.4));
#9003=CARTESIAN_POINT('Origin',(0.,0.,-2.4));
#9004=CARTESIAN_POINT('Origin',(0.,0.,-2.4));
#9005=CARTESIAN_POINT('Origin',(0.,0.,-2.4));
#9006=CARTESIAN_POINT('Origin',(0.,0.,0.));
#9007=CARTESIAN_POINT('Origin',(0.,0.,0.));
#9008=CARTESIAN_POINT('Origin',(0.,0.,0.));
#9009=CARTESIAN_POINT('Origin',(0.,0.,0.));
#9010=CARTESIAN_POINT('Origin',(0.,0.,0.));
#9011=CARTESIAN_POINT('Origin',(0.,0.,0.));
#9012=CARTESIAN_POINT('',(0.,0.,0.));
#9013=CARTESIAN_POINT('Origin',(-998.069344648895,0.,0.));
#9014=CARTESIAN_POINT('',(1.93065535110549,0.,0.));
#9015=CARTESIAN_POINT('',(1.74999999999983,-6.80903620326135E-17,-0.556000000000267));
#9016=CARTESIAN_POINT('',(-998.069344648895,-3.76907529259026E-13,-3077.68353717532));
#9017=CARTESIAN_POINT('',(1.75,-0.175779377683681,-0.527482331818932));
#9018=CARTESIAN_POINT('Origin',(1.75,0.,0.));
#9019=CARTESIAN_POINT('',(1.75,-0.369999999999998,-0.415013252800438));
#9020=CARTESIAN_POINT('Origin',(1.75,0.,0.));
#9021=CARTESIAN_POINT('',(1.75,-0.415013252800437,-0.370000000000001));
#9022=CARTESIAN_POINT('Origin',(1.75,0.,0.));
#9023=CARTESIAN_POINT('',(1.75,-0.527482331818932,-0.175779377683681));
#9024=CARTESIAN_POINT('Origin',(1.75,0.,0.));
#9025=CARTESIAN_POINT('',(1.75,-0.527482331818932,0.175779377683681));
#9026=CARTESIAN_POINT('Origin',(1.75,0.,0.));
#9027=CARTESIAN_POINT('',(1.75,-0.415013252800437,0.37));
#9028=CARTESIAN_POINT('Origin',(1.75,0.,0.));
#9029=CARTESIAN_POINT('',(1.75,-0.370000000000001,0.415013252800437));
#9030=CARTESIAN_POINT('Origin',(1.75,0.,0.));
#9031=CARTESIAN_POINT('',(1.75,-0.175779377683685,0.527482331818931));
#9032=CARTESIAN_POINT('Origin',(1.75,0.,0.));
#9033=CARTESIAN_POINT('',(1.75,0.175779377683681,0.527482331818932));
#9034=CARTESIAN_POINT('Origin',(1.75,0.,0.));
#9035=CARTESIAN_POINT('',(1.75,0.369999999999999,0.415013252800439));
#9036=CARTESIAN_POINT('Origin',(1.75,0.,0.));
#9037=CARTESIAN_POINT('',(1.75,0.415013252800437,0.370000000000001));
#9038=CARTESIAN_POINT('Origin',(1.75,0.,0.));
#9039=CARTESIAN_POINT('',(1.75,0.527482331818932,0.175779377683681));
#9040=CARTESIAN_POINT('Origin',(1.75,0.,0.));
#9041=CARTESIAN_POINT('',(1.75,0.527482331818932,-0.175779377683681));
#9042=CARTESIAN_POINT('Origin',(1.75,0.,0.));
#9043=CARTESIAN_POINT('',(1.75,0.415013252800437,-0.370000000000001));
#9044=CARTESIAN_POINT('Origin',(1.75,0.,0.));
#9045=CARTESIAN_POINT('',(1.75,0.370000000000001,-0.415013252800437));
#9046=CARTESIAN_POINT('Origin',(1.75,0.,0.));
#9047=CARTESIAN_POINT('',(1.75,0.175779377683685,-0.527482331818931));
#9048=CARTESIAN_POINT('Origin',(1.75,0.,0.));
#9049=CARTESIAN_POINT('Origin',(1.75,0.,0.));
#9050=CARTESIAN_POINT('Origin',(1.75,0.,0.));
#9051=CARTESIAN_POINT('Origin',(2.66965268829525,-1.10987736221707E-12,
0.0689604923173016));
#9052=CARTESIAN_POINT('Origin',(2.5,0.,0.));
#9053=CARTESIAN_POINT('',(2.4,-1.95943487863577E-16,-1.6));
#9054=CARTESIAN_POINT('Origin',(2.4,0.,0.));
#9055=CARTESIAN_POINT('',(2.5,-1.83697019872103E-16,-1.5));
#9056=CARTESIAN_POINT('Origin',(2.5,-1.95943487863577E-16,-1.6));
#9057=CARTESIAN_POINT('Origin',(2.5,0.,0.));
#9058=CARTESIAN_POINT('Origin',(1.00350153259131,0.,0.));
#9059=CARTESIAN_POINT('',(0.775371598933733,-3.27521818376618E-16,-2.67441860465116));
#9060=CARTESIAN_POINT('Origin',(0.775371598933733,0.,0.));
#9061=CARTESIAN_POINT('',(1.00350153259132,-3.42901103761259E-16,-2.8));
#9062=CARTESIAN_POINT('Origin',(1.00350153259131,-3.0983564018428E-16,-2.53));
#9063=CARTESIAN_POINT('Origin',(1.00350153259132,0.,0.));
#9064=CARTESIAN_POINT('Origin',(-25.4,0.,0.));
#9065=CARTESIAN_POINT('',(2.4,-3.42901103761259E-16,-2.8));
#9066=CARTESIAN_POINT('',(-25.4,-3.42901103761259E-16,-2.8));
#9067=CARTESIAN_POINT('Origin',(2.4,0.,0.));
#9068=CARTESIAN_POINT('Origin',(-25.4,0.,0.));
#9069=CARTESIAN_POINT('',(10.4,-1.83697019872103E-16,-1.5));
#9070=CARTESIAN_POINT('',(-25.4,-1.83697019872103E-16,-1.5));
#9071=CARTESIAN_POINT('Origin',(10.4,0.,0.));
#9072=CARTESIAN_POINT('Origin',(5.,-2.90241291397923E-15,0.));
#9073=CARTESIAN_POINT('',(0.187869734228641,1.30633162146802,-0.37));
#9074=CARTESIAN_POINT('',(0.187869734228641,1.30633162146802,0.37));
#9075=CARTESIAN_POINT('Origin',(4.56358262530798,-0.87531798330592,0.));
#9076=CARTESIAN_POINT('',(0.0457951200896417,0.564760133040908,0.37));
#9077=CARTESIAN_POINT('Origin',(5.,-2.95945105245625E-15,0.37));
#9078=CARTESIAN_POINT('',(0.0457951200896434,0.369999999999998,0.564760133040918));
#9079=CARTESIAN_POINT('Origin',(0.0457951200896417,-2.90241291397923E-15,
0.));
#9080=CARTESIAN_POINT('',(0.187869734228641,0.369999999999995,1.30633162146802));
#9081=CARTESIAN_POINT('Origin',(5.,0.37,1.29184809537197E-15));
#9082=CARTESIAN_POINT('',(0.187869734228641,-0.370000000000004,1.30633162146802));
#9083=CARTESIAN_POINT('Origin',(4.56358262530798,1.53743490287196E-16,-0.87531798330592));
#9084=CARTESIAN_POINT('',(0.0457951200896429,-0.370000000000002,0.564760133040916));
#9085=CARTESIAN_POINT('Origin',(5.,-0.37,-1.34888623384897E-15));
#9086=CARTESIAN_POINT('',(0.0457951200896417,-0.564760133040914,0.37));
#9087=CARTESIAN_POINT('Origin',(0.0457951200896417,-2.90241291397923E-15,
0.));
#9088=CARTESIAN_POINT('',(0.187869734228639,-1.30633162146802,0.37));
#9089=CARTESIAN_POINT('Origin',(5.,-2.95945105245625E-15,0.37));
#9090=CARTESIAN_POINT('',(0.187869734228639,-1.30633162146802,-0.37));
#9091=CARTESIAN_POINT('Origin',(4.56358262530798,0.875317983305919,0.));
#9092=CARTESIAN_POINT('',(0.0457951200896417,-0.564760133040918,-0.37));
#9093=CARTESIAN_POINT('Origin',(5.,-2.90241291397923E-15,-0.37));
#9094=CARTESIAN_POINT('',(0.0457951200896434,-0.369999999999998,-0.564760133040918));
#9095=CARTESIAN_POINT('Origin',(0.0457951200896417,-2.90241291397923E-15,
0.));
#9096=CARTESIAN_POINT('',(0.187869734228639,-0.369999999999995,-1.30633162146802));
#9097=CARTESIAN_POINT('Origin',(5.,-0.37,-1.34888623384897E-15));
#9098=CARTESIAN_POINT('',(0.187869734228639,0.370000000000005,-1.30633162146802));
#9099=CARTESIAN_POINT('Origin',(4.56358262530798,-5.95856931824565E-15,
0.875317983305919));
#9100=CARTESIAN_POINT('',(0.0457951200896429,0.370000000000002,-0.564760133040916));
#9101=CARTESIAN_POINT('Origin',(5.,0.37,1.29184809537197E-15));
#9102=CARTESIAN_POINT('',(0.0457951200896417,0.564760133040913,-0.37));
#9103=CARTESIAN_POINT('Origin',(0.0457951200896417,-2.90241291397923E-15,
0.));
#9104=CARTESIAN_POINT('Origin',(5.,-2.90241291397923E-15,-0.37));
#9105=CARTESIAN_POINT('Origin',(1.75,0.527482331818931,-0.37));
#9106=CARTESIAN_POINT('Ctrl Pts',(0.0457951200892475,0.564760133040949,
-0.37));
#9107=CARTESIAN_POINT('Ctrl Pts',(1.02813143236002,0.482639406383709,-0.37));
#9108=CARTESIAN_POINT('Ctrl Pts',(1.75000000000145,0.415013252800302,-0.37));
#9109=CARTESIAN_POINT('',(1.75,0.527482331818931,-0.37));
#9110=CARTESIAN_POINT('',(1.75,-0.527482331818931,-0.37));
#9111=CARTESIAN_POINT('',(0.,1.4,-0.37));
#9112=CARTESIAN_POINT('Origin',(1.75,0.527482331818931,-0.37));
#9113=CARTESIAN_POINT('',(1.75,-0.527482331818931,-0.37));
#9114=CARTESIAN_POINT('',(1.75,-0.527482331818931,-0.37));
#9115=CARTESIAN_POINT('Ctrl Pts',(1.75000000000145,-0.415013252800303,-0.37));
#9116=CARTESIAN_POINT('Ctrl Pts',(1.02813143236002,-0.482639406383709,-0.37));
#9117=CARTESIAN_POINT('Ctrl Pts',(0.0457951200892473,-0.564760133040949,
-0.37));
#9118=CARTESIAN_POINT('',(0.,-1.4,-0.37));
#9119=CARTESIAN_POINT('Origin',(1.75,-0.527482331818931,0.37));
#9120=CARTESIAN_POINT('',(1.75,0.527482331818931,0.37));
#9121=CARTESIAN_POINT('',(1.75,0.527482331818931,0.37));
#9122=CARTESIAN_POINT('Ctrl Pts',(1.75000000000145,0.415013252800303,0.37));
#9123=CARTESIAN_POINT('Ctrl Pts',(1.02813143236002,0.48263940638371,0.37));
#9124=CARTESIAN_POINT('Ctrl Pts',(0.0457951200892478,0.564760133040949,
0.37));
#9125=CARTESIAN_POINT('',(0.,1.4,0.37));
#9126=CARTESIAN_POINT('Origin',(1.75,-0.527482331818931,0.37));
#9127=CARTESIAN_POINT('Ctrl Pts',(0.0457951200892474,-0.564760133040949,
0.37));
#9128=CARTESIAN_POINT('Ctrl Pts',(1.02813143236002,-0.482639406383709,0.37));
#9129=CARTESIAN_POINT('Ctrl Pts',(1.75000000000145,-0.415013252800303,0.37));
#9130=CARTESIAN_POINT('',(1.75,-0.527482331818931,0.37));
#9131=CARTESIAN_POINT('',(1.75,0.527482331818931,0.37));
#9132=CARTESIAN_POINT('',(0.,-1.4,0.37));
#9133=CARTESIAN_POINT('Origin',(1.75,0.527482331818931,0.37));
#9134=CARTESIAN_POINT('Origin',(2.6696526882837,0.0689604923230822,5.41233724504764E-15));
#9135=CARTESIAN_POINT('',(1.75,0.527482331818931,0.37));
#9136=CARTESIAN_POINT('',(1.75,0.527482331818931,0.37));
#9137=CARTESIAN_POINT('Origin',(0.,-1.4,-0.37));
#9138=CARTESIAN_POINT('Origin',(2.66965268828218,-0.0689604923238338,6.59194920871187E-15));
#9139=CARTESIAN_POINT('',(1.75,-0.527482331818931,-0.37));
#9140=CARTESIAN_POINT('',(1.75,-0.527482331818931,-0.37));
#9141=CARTESIAN_POINT('Origin',(1.75,0.527482331818931,-0.37));
#9142=CARTESIAN_POINT('',(1.75,-0.370000000000002,0.52748233181893));
#9143=CARTESIAN_POINT('',(1.75,-0.370000000000002,0.52748233181893));
#9144=CARTESIAN_POINT('',(1.75,-0.370000000000002,0.52748233181893));
#9145=CARTESIAN_POINT('Origin',(1.75,0.527482331818931,-0.37));
#9146=CARTESIAN_POINT('Origin',(1.75,0.527482331818931,-0.37));
#9147=CARTESIAN_POINT('Origin',(1.75,0.527482331818931,-0.37));
#9148=CARTESIAN_POINT('',(1.75,-0.369999999999998,-0.527482331818933));
#9149=CARTESIAN_POINT('',(1.75,-0.370000000000002,0.52748233181893));
#9150=CARTESIAN_POINT('',(1.75,0.370000000000002,-0.52748233181893));
#9151=CARTESIAN_POINT('Origin',(1.75,0.527482331818931,-0.37));
#9152=CARTESIAN_POINT('',(1.75,0.370000000000002,-0.52748233181893));
#9153=CARTESIAN_POINT('',(1.75,0.370000000000002,-0.52748233181893));
#9154=CARTESIAN_POINT('',(1.75,0.370000000000002,-0.52748233181893));
#9155=CARTESIAN_POINT('Origin',(1.75,0.527482331818931,-0.37));
#9156=CARTESIAN_POINT('Origin',(1.75,0.527482331818931,-0.37));
#9157=CARTESIAN_POINT('Origin',(1.75,0.369999999999998,0.527482331818932));
#9158=CARTESIAN_POINT('Ctrl Pts',(0.0457951200892499,0.369999999999998,
0.564760133040952));
#9159=CARTESIAN_POINT('Ctrl Pts',(1.02813143235982,0.369999999999998,0.482639406383729));
#9160=CARTESIAN_POINT('Ctrl Pts',(1.75000000000145,0.369999999999999,0.415013252800302));
#9161=CARTESIAN_POINT('',(1.75,0.369999999999998,0.527482331818933));
#9162=CARTESIAN_POINT('',(1.75,0.370000000000002,-0.52748233181893));
#9163=CARTESIAN_POINT('',(0.,0.369999999999995,1.4));
#9164=CARTESIAN_POINT('Origin',(1.75,-0.369999999999998,-0.527482331818933));
#9165=CARTESIAN_POINT('Ctrl Pts',(1.75000000000146,-0.370000000000001,0.4150132528003));
#9166=CARTESIAN_POINT('Ctrl Pts',(1.02813143235992,-0.370000000000002,0.482639406383718));
#9167=CARTESIAN_POINT('Ctrl Pts',(0.0457951200892488,-0.370000000000002,
0.564760133040949));
#9168=CARTESIAN_POINT('',(0.,-0.370000000000005,1.4));
#9169=CARTESIAN_POINT('Origin',(1.75,-0.370000000000002,0.52748233181893));
#9170=CARTESIAN_POINT('',(1.75,-0.370000000000002,0.52748233181893));
#9171=CARTESIAN_POINT('Origin',(0.,0.370000000000005,-1.4));
#9172=CARTESIAN_POINT('Origin',(2.66965268828253,7.14706072102445E-15,-0.0689604923236573));
#9173=CARTESIAN_POINT('',(0.,0.370000000000005,-1.4));
#9174=CARTESIAN_POINT('',(0.,-0.369999999999995,-1.4));
#9175=CARTESIAN_POINT('Origin',(1.75,0.369999999999998,0.527482331818932));
#9176=CARTESIAN_POINT('Ctrl Pts',(1.75000000000145,0.370000000000001,-0.415013252800299));
#9177=CARTESIAN_POINT('Ctrl Pts',(1.02813143235983,0.370000000000002,-0.482639406383726));
#9178=CARTESIAN_POINT('Ctrl Pts',(0.0457951200892485,0.370000000000002,
-0.56476013304095));
#9179=CARTESIAN_POINT('Origin',(1.75,-0.369999999999998,-0.527482331818933));
#9180=CARTESIAN_POINT('Ctrl Pts',(0.045795120089249,-0.369999999999998,
-0.564760133040952));
#9181=CARTESIAN_POINT('Ctrl Pts',(1.02813143235991,-0.369999999999998,-0.482639406383722));
#9182=CARTESIAN_POINT('Ctrl Pts',(1.75000000000145,-0.369999999999998,-0.415013252800303));
#9183=CARTESIAN_POINT('Origin',(2.4,1.5,0.));
#9184=CARTESIAN_POINT('Origin',(10.4,1.5,0.));
#9185=CARTESIAN_POINT('Origin',(1.75,0.527482331818931,-0.37));
#9186=CARTESIAN_POINT('Origin',(1.75,0.,0.));
#9187=CARTESIAN_POINT('Origin',(1.75,0.,0.));
#9188=CARTESIAN_POINT('Origin',(1.75,0.,0.));
#9189=CARTESIAN_POINT('Origin',(1.75,0.,0.));
#9190=CARTESIAN_POINT('Origin',(1.75,0.,0.));
#9191=CARTESIAN_POINT('Origin',(1.75,0.,0.));
#9192=CARTESIAN_POINT('Origin',(1.75,0.,0.));
#9193=CARTESIAN_POINT('',(0.,0.,0.));
#9194=CARTESIAN_POINT('',(0.,0.,0.));
#9195=CARTESIAN_POINT('',(-311.65,248.997397642689,22.000000000002));
#9196=CARTESIAN_POINT('',(-319.85,248.997397642689,22.0000000000021));
#9197=CARTESIAN_POINT('',(-314.05,248.997397642688,22.0000000000011));
#9198=CARTESIAN_POINT('',(-317.45,248.997397642689,22.000000000002));
#9199=CARTESIAN_POINT('',(0.,0.,0.));
#9200=CARTESIAN_POINT('',(-316.15,248.997397642688,22.0000000000011));
#9201=CARTESIAN_POINT('',(-316.150000000001,-3.63042929052426E-11,51.9999999999927));
#9202=CARTESIAN_POINT('',(-316.150000000001,-248.997397642689,22.0000000000011));
#9203=CARTESIAN_POINT('',(-316.150000000001,-150.000000000036,51.9999999999927));
#9204=CARTESIAN_POINT('',(-316.150000000001,149.999999999964,51.9999999999926));
#9205=CARTESIAN_POINT('',(-317.45,-3.58879592710082E-11,51.9999999999936));
#9206=CARTESIAN_POINT('',(-317.450000000001,-248.997397642688,22.000000000002));
#9207=CARTESIAN_POINT('',(-317.450000000001,-150.000000000036,51.9999999999936));
#9208=CARTESIAN_POINT('',(-317.45,149.999999999964,51.9999999999936));
#9209=CARTESIAN_POINT('',(-314.050000000001,-3.63042929052426E-11,51.9999999999927));
#9210=CARTESIAN_POINT('',(-314.050000000001,-248.997397642689,22.0000000000011));
#9211=CARTESIAN_POINT('',(-314.050000000001,-150.000000000036,51.9999999999927));
#9212=CARTESIAN_POINT('',(-314.050000000001,149.999999999964,51.9999999999926));
#9213=CARTESIAN_POINT('',(-319.85,-3.60267371490863E-11,51.9999999999937));
#9214=CARTESIAN_POINT('',(-319.850000000001,-248.997397642688,22.0000000000021));
#9215=CARTESIAN_POINT('',(-319.850000000001,-150.000000000036,51.9999999999937));
#9216=CARTESIAN_POINT('',(-319.85,149.999999999964,51.9999999999936));
#9217=CARTESIAN_POINT('',(-311.65,-3.58879592710082E-11,51.9999999999936));
#9218=CARTESIAN_POINT('',(-311.650000000001,-248.997397642688,22.000000000002));
#9219=CARTESIAN_POINT('',(-311.650000000001,-150.000000000036,51.9999999999936));
#9220=CARTESIAN_POINT('',(-311.65,149.999999999964,51.9999999999936));
#9221=CARTESIAN_POINT('',(311.65,248.997397642689,22.000000000002));
#9222=CARTESIAN_POINT('',(317.45,248.997397642689,22.0000000000021));
#9223=CARTESIAN_POINT('',(314.05,248.997397642689,22.0000000000011));
#9224=CARTESIAN_POINT('',(317.45,248.997397642689,22.000000000002));
#9225=CARTESIAN_POINT('',(316.15,248.997397642689,22.0000000000011));
#9226=CARTESIAN_POINT('',(316.150000000001,-3.63042929052426E-11,51.9999999999927));
#9227=CARTESIAN_POINT('',(316.150000000001,-248.997397642689,22.0000000000011));
#9228=CARTESIAN_POINT('',(316.150000000001,-150.000000000036,51.9999999999927));
#9229=CARTESIAN_POINT('',(316.150000000001,149.999999999964,51.9999999999926));
#9230=CARTESIAN_POINT('',(317.45,-3.58921368366769E-11,51.9999999999936));
#9231=CARTESIAN_POINT('',(317.450000000001,-248.997397642688,22.000000000002));
#9232=CARTESIAN_POINT('',(317.450000000001,-150.000000000036,51.9999999999936));
#9233=CARTESIAN_POINT('',(317.45,149.999999999964,51.9999999999936));
#9234=CARTESIAN_POINT('',(314.050000000001,-3.63042929052426E-11,51.9999999999927));
#9235=CARTESIAN_POINT('',(314.050000000001,-248.997397642689,22.0000000000011));
#9236=CARTESIAN_POINT('',(314.050000000001,-150.000000000036,51.9999999999927));
#9237=CARTESIAN_POINT('',(314.050000000001,149.999999999964,51.9999999999926));
#9238=CARTESIAN_POINT('',(317.45,-3.60260339816503E-11,51.9999999999937));
#9239=CARTESIAN_POINT('',(317.450000000001,-248.997397642688,22.0000000000021));
#9240=CARTESIAN_POINT('',(317.450000000001,-150.000000000036,51.9999999999937));
#9241=CARTESIAN_POINT('',(317.45,149.999999999964,51.9999999999936));
#9242=CARTESIAN_POINT('',(311.65,-3.5889502155236E-11,51.9999999999936));
#9243=CARTESIAN_POINT('',(311.650000000001,-248.997397642688,22.000000000002));
#9244=CARTESIAN_POINT('',(311.650000000001,-150.000000000036,51.9999999999936));
#9245=CARTESIAN_POINT('',(311.65,149.999999999964,51.9999999999936));
#9246=UNCERTAINTY_MEASURE_WITH_UNIT(LENGTH_MEASURE(0.01),#9262,
'DISTANCE_ACCURACY_VALUE',
'Maximum model space distance between geometric entities at asserted c
onnectivities');
#9247=UNCERTAINTY_MEASURE_WITH_UNIT(LENGTH_MEASURE(0.01),#9262,
'DISTANCE_ACCURACY_VALUE',
'Maximum model space distance between geometric entities at asserted c
onnectivities');
#9248=UNCERTAINTY_MEASURE_WITH_UNIT(LENGTH_MEASURE(0.01),#9262,
'DISTANCE_ACCURACY_VALUE',
'Maximum model space distance between geometric entities at asserted c
onnectivities');
#9249=UNCERTAINTY_MEASURE_WITH_UNIT(LENGTH_MEASURE(0.01),#9262,
'DISTANCE_ACCURACY_VALUE',
'Maximum model space distance between geometric entities at asserted c
onnectivities');
#9250=UNCERTAINTY_MEASURE_WITH_UNIT(LENGTH_MEASURE(0.01),#9262,
'DISTANCE_ACCURACY_VALUE',
'Maximum model space distance between geometric entities at asserted c
onnectivities');
#9251=UNCERTAINTY_MEASURE_WITH_UNIT(LENGTH_MEASURE(0.01),#9262,
'DISTANCE_ACCURACY_VALUE',
'Maximum model space distance between geometric entities at asserted c
onnectivities');
#9252=UNCERTAINTY_MEASURE_WITH_UNIT(LENGTH_MEASURE(0.01),#9262,
'DISTANCE_ACCURACY_VALUE',
'Maximum model space distance between geometric entities at asserted c
onnectivities');
#9253=UNCERTAINTY_MEASURE_WITH_UNIT(LENGTH_MEASURE(0.01),#9262,
'DISTANCE_ACCURACY_VALUE',
'Maximum model space distance between geometric entities at asserted c
onnectivities');
#9254=(
GEOMETRIC_REPRESENTATION_CONTEXT(3)
GLOBAL_UNCERTAINTY_ASSIGNED_CONTEXT((#9246))
GLOBAL_UNIT_ASSIGNED_CONTEXT((#9262,#9264,#9265))
REPRESENTATION_CONTEXT('','3D')
);
#9255=(
GEOMETRIC_REPRESENTATION_CONTEXT(3)
GLOBAL_UNCERTAINTY_ASSIGNED_CONTEXT((#9247))
GLOBAL_UNIT_ASSIGNED_CONTEXT((#9262,#9264,#9265))
REPRESENTATION_CONTEXT('','3D')
);
#9256=(
GEOMETRIC_REPRESENTATION_CONTEXT(3)
GLOBAL_UNCERTAINTY_ASSIGNED_CONTEXT((#9248))
GLOBAL_UNIT_ASSIGNED_CONTEXT((#9262,#9264,#9265))
REPRESENTATION_CONTEXT('','3D')
);
#9257=(
GEOMETRIC_REPRESENTATION_CONTEXT(3)
GLOBAL_UNCERTAINTY_ASSIGNED_CONTEXT((#9249))
GLOBAL_UNIT_ASSIGNED_CONTEXT((#9262,#9264,#9265))
REPRESENTATION_CONTEXT('','3D')
);
#9258=(
GEOMETRIC_REPRESENTATION_CONTEXT(3)
GLOBAL_UNCERTAINTY_ASSIGNED_CONTEXT((#9250))
GLOBAL_UNIT_ASSIGNED_CONTEXT((#9262,#9264,#9265))
REPRESENTATION_CONTEXT('','3D')
);
#9259=(
GEOMETRIC_REPRESENTATION_CONTEXT(3)
GLOBAL_UNCERTAINTY_ASSIGNED_CONTEXT((#9251))
GLOBAL_UNIT_ASSIGNED_CONTEXT((#9262,#9264,#9265))
REPRESENTATION_CONTEXT('','3D')
);
#9260=(
GEOMETRIC_REPRESENTATION_CONTEXT(3)
GLOBAL_UNCERTAINTY_ASSIGNED_CONTEXT((#9252))
GLOBAL_UNIT_ASSIGNED_CONTEXT((#9262,#9264,#9265))
REPRESENTATION_CONTEXT('','3D')
);
#9261=(
GEOMETRIC_REPRESENTATION_CONTEXT(3)
GLOBAL_UNCERTAINTY_ASSIGNED_CONTEXT((#9253))
GLOBAL_UNIT_ASSIGNED_CONTEXT((#9262,#9264,#9265))
REPRESENTATION_CONTEXT('','3D')
);
#9262=(
LENGTH_UNIT()
NAMED_UNIT(*)
SI_UNIT(.MILLI.,.METRE.)
);
#9263=(
LENGTH_UNIT()
NAMED_UNIT(*)
SI_UNIT($,.METRE.)
);
#9264=(
NAMED_UNIT(*)
PLANE_ANGLE_UNIT()
SI_UNIT($,.RADIAN.)
);
#9265=(
NAMED_UNIT(*)
SI_UNIT($,.STERADIAN.)
SOLID_ANGLE_UNIT()
);
#9266=SHAPE_DEFINITION_REPRESENTATION(#9273,#9333);
#9267=SHAPE_DEFINITION_REPRESENTATION(#9274,#9334);
#9268=SHAPE_DEFINITION_REPRESENTATION(#9275,#9335);
#9269=SHAPE_DEFINITION_REPRESENTATION(#9276,#9336);
#9270=SHAPE_DEFINITION_REPRESENTATION(#9277,#9337);
#9271=SHAPE_DEFINITION_REPRESENTATION(#9278,#9338);
#9272=SHAPE_DEFINITION_REPRESENTATION(#9279,#9339);
#9273=PRODUCT_DEFINITION_SHAPE('',$,#9341);
#9274=PRODUCT_DEFINITION_SHAPE('',$,#9342);
#9275=PRODUCT_DEFINITION_SHAPE('',$,#9343);
#9276=PRODUCT_DEFINITION_SHAPE('',$,#9344);
#9277=PRODUCT_DEFINITION_SHAPE('',$,#9345);
#9278=PRODUCT_DEFINITION_SHAPE('',$,#9346);
#9279=PRODUCT_DEFINITION_SHAPE('',$,#9347);
#9280=PRODUCT_DEFINITION_SHAPE($,$,#170);
#9281=PRODUCT_DEFINITION_SHAPE($,$,#171);
#9282=PRODUCT_DEFINITION_SHAPE($,$,#172);
#9283=PRODUCT_DEFINITION_SHAPE($,$,#173);
#9284=PRODUCT_DEFINITION_SHAPE($,$,#174);
#9285=PRODUCT_DEFINITION_SHAPE($,$,#175);
#9286=PRODUCT_DEFINITION_SHAPE($,$,#176);
#9287=PRODUCT_DEFINITION_SHAPE($,$,#177);
#9288=PRODUCT_DEFINITION_SHAPE($,$,#178);
#9289=PRODUCT_DEFINITION_SHAPE($,$,#179);
#9290=PRODUCT_DEFINITION_SHAPE($,$,#180);
#9291=PRODUCT_DEFINITION_SHAPE($,$,#181);
#9292=PRODUCT_DEFINITION_SHAPE($,$,#182);
#9293=PRODUCT_DEFINITION_SHAPE($,$,#183);
#9294=PRODUCT_DEFINITION_SHAPE($,$,#184);
#9295=PRODUCT_DEFINITION_SHAPE($,$,#185);
#9296=PRODUCT_DEFINITION_SHAPE($,$,#186);
#9297=PRODUCT_DEFINITION_SHAPE($,$,#187);
#9298=PRODUCT_DEFINITION_SHAPE($,$,#188);
#9299=PRODUCT_DEFINITION_SHAPE($,$,#189);
#9300=PRODUCT_DEFINITION_SHAPE($,$,#190);
#9301=PRODUCT_DEFINITION_SHAPE($,$,#191);
#9302=PRODUCT_DEFINITION_SHAPE($,$,#192);
#9303=PRODUCT_DEFINITION_SHAPE($,$,#193);
#9304=PRODUCT_DEFINITION_SHAPE($,$,#194);
#9305=PRODUCT_DEFINITION_SHAPE($,$,#195);
#9306=PRODUCT_DEFINITION_SHAPE($,$,#196);
#9307=PRODUCT_DEFINITION_SHAPE($,$,#197);
#9308=PRODUCT_DEFINITION_SHAPE($,$,#198);
#9309=PRODUCT_DEFINITION_SHAPE($,$,#199);
#9310=PRODUCT_DEFINITION_SHAPE($,$,#200);
#9311=PRODUCT_DEFINITION_SHAPE($,$,#201);
#9312=PRODUCT_DEFINITION_SHAPE($,$,#202);
#9313=PRODUCT_DEFINITION_SHAPE($,$,#203);
#9314=PRODUCT_DEFINITION_SHAPE($,$,#204);
#9315=PRODUCT_DEFINITION_SHAPE($,$,#205);
#9316=PRODUCT_DEFINITION_SHAPE($,$,#206);
#9317=PRODUCT_DEFINITION_SHAPE($,$,#207);
#9318=PRODUCT_DEFINITION_SHAPE($,$,#208);
#9319=PRODUCT_DEFINITION_SHAPE($,$,#209);
#9320=PRODUCT_DEFINITION_SHAPE($,$,#210);
#9321=PRODUCT_DEFINITION_SHAPE($,$,#211);
#9322=PRODUCT_DEFINITION_SHAPE($,$,#212);
#9323=PRODUCT_DEFINITION_SHAPE($,$,#213);
#9324=PRODUCT_DEFINITION_SHAPE($,$,#214);
#9325=PRODUCT_DEFINITION_SHAPE($,$,#215);
#9326=PRODUCT_DEFINITION_SHAPE($,$,#216);
#9327=PRODUCT_DEFINITION_SHAPE($,$,#217);
#9328=PRODUCT_DEFINITION_SHAPE($,$,#218);
#9329=PRODUCT_DEFINITION_SHAPE($,$,#219);
#9330=PRODUCT_DEFINITION_SHAPE($,$,#220);
#9331=PRODUCT_DEFINITION_SHAPE($,$,#221);
#9332=PRODUCT_DEFINITION_SHAPE($,$,#222);
#9333=SHAPE_REPRESENTATION('',(#4349,#4757,#4758,#4759,#4760,#4761,#4762,
#4763,#4764,#4765,#4766,#4767,#4768,#4769,#4770,#4771,#4772,#4773,#4774,
#4775,#4776,#4777,#4778,#4779,#4780,#4781,#4782,#4783,#4784,#4785,#4786,
#4787,#4788,#4789,#4790,#4791,#4792,#4793,#4794,#4795,#4796,#4797,#4798,
#4799,#4800,#4801,#4802,#4803,#4804,#4805,#4806,#4807,#4808,#4809),#9254);
#9334=SHAPE_REPRESENTATION('',(#4350),#9255);
#9335=SHAPE_REPRESENTATION('',(#4499),#9256);
#9336=SHAPE_REPRESENTATION('',(#4607),#9257);
#9337=SHAPE_REPRESENTATION('',(#4622),#9258);
#9338=SHAPE_REPRESENTATION('',(#4631),#9259);
#9339=SHAPE_REPRESENTATION('',(#4675),#9260);
#9340=PRODUCT_DEFINITION_CONTEXT('part definition',#9363,'design');
#9341=PRODUCT_DEFINITION('MMP.01.00.00.000 Cover assembly',
'Cover assembly v1',#9348,#9340);
#9342=PRODUCT_DEFINITION('MMP.01.00.00.001 Cover_00',
'MMP.01.00.00.001 Cover_00',#9349,#9340);
#9343=PRODUCT_DEFINITION('MMP.01.00.00.002 Cover flange_00',
'MMP.01.00.00.002 Cover flange_00',#9350,#9340);
#9344=PRODUCT_DEFINITION(
'\X\D8\X\E0\X\E9\X\E1\X\E0 DIN 7980 (\X\EF\X\F0\X\F3\X\E6\X\E8\X\ED\X\ED
\X\E0\X\FF)_\X\98\X\A0\X\A9\X\A1\X\A0 3 \X\83\X\8E\X\91\X\92 6402-70',
'\X\D8\X\E0\X\E9\X\E1\X\E0 DIN 7980 (\X\EF\X\F0\X\F3\X\E6\X\E8\X\ED\X\ED
\X\E0\X\FF)_\X\98\X\A0\X\A9\X\A1\X\A0 3 \X\83\X\8E\X\91\X\92 6402-70',#9351,
#9340);
#9345=PRODUCT_DEFINITION('\X\D8\X\E0\X\E9\X\E1\X\E0 DIN 125_Washer DIN
 125 - A 3.2','\X\D8\X\E0\X\E9\X\E1\X\E0 DIN 125_Washer DIN 125 - A 3.
2',#9352,#9340);
#9346=PRODUCT_DEFINITION(
'\X\C3\X\E0\X\E9\X\EA\X\E0 DIN 934_Hexagon Nut ISO - 4032 - M3 - D - C',
'\X\C3\X\E0\X\E9\X\EA\X\E0 DIN 934_Hexagon Nut ISO - 4032 - M3 - D - C',
#9353,#9340);
#9347=PRODUCT_DEFINITION(
'\X\C2\X\E8\X\ED\X\F2 DIN 7985 (\X\F6\X\E8\X\EB.)_ISO 7045 - M3 x 8 - 
Z --- 8C','\X\C2\X\E8\X\ED\X\F2 DIN 7985 (\X\F6\X\E8\X\EB.)_ISO 7045 -
 M3 x 8 - Z --- 8C',#9354,#9340);
#9348=PRODUCT_DEFINITION_FORMATION('',$,#9365);
#9349=PRODUCT_DEFINITION_FORMATION('',$,#9366);
#9350=PRODUCT_DEFINITION_FORMATION('',$,#9367);
#9351=PRODUCT_DEFINITION_FORMATION('',$,#9368);
#9352=PRODUCT_DEFINITION_FORMATION('',$,#9369);
#9353=PRODUCT_DEFINITION_FORMATION('',$,#9370);
#9354=PRODUCT_DEFINITION_FORMATION('',$,#9371);
#9355=PRODUCT_RELATED_PRODUCT_CATEGORY('Cover assembly v1',
'Cover assembly v1',(#9365));
#9356=PRODUCT_RELATED_PRODUCT_CATEGORY('MMP.01.00.00.001 Cover_00',
'MMP.01.00.00.001 Cover_00',(#9366));
#9357=PRODUCT_RELATED_PRODUCT_CATEGORY(
'MMP.01.00.00.002 Cover flange_00','MMP.01.00.00.002 Cover flange_00',(#9367));
#9358=PRODUCT_RELATED_PRODUCT_CATEGORY(
'\X\D8\X\E0\X\E9\X\E1\X\E0 DIN 7980 (\X\EF\X\F0\X\F3\X\E6\X\E8\X\ED\X\ED
\X\E0\X\FF)_\X\98\X\A0\X\A9\X\A1\X\A0 3 \X\83\X\8E\X\91\X\92 6402-70',
'\X\D8\X\E0\X\E9\X\E1\X\E0 DIN 7980 (\X\EF\X\F0\X\F3\X\E6\X\E8\X\ED\X\ED
\X\E0\X\FF)_\X\98\X\A0\X\A9\X\A1\X\A0 3 \X\83\X\8E\X\91\X\92 6402-70',(#9368));
#9359=PRODUCT_RELATED_PRODUCT_CATEGORY(
'\X\D8\X\E0\X\E9\X\E1\X\E0 DIN 125_Washer DIN 125 - A 3.2',
'\X\D8\X\E0\X\E9\X\E1\X\E0 DIN 125_Washer DIN 125 - A 3.2',(#9369));
#9360=PRODUCT_RELATED_PRODUCT_CATEGORY(
'\X\C3\X\E0\X\E9\X\EA\X\E0 DIN 934_Hexagon Nut ISO - 4032 - M3 - D - C',
'\X\C3\X\E0\X\E9\X\EA\X\E0 DIN 934_Hexagon Nut ISO - 4032 - M3 - D - C',
(#9370));
#9361=PRODUCT_RELATED_PRODUCT_CATEGORY(
'\X\C2\X\E8\X\ED\X\F2 DIN 7985 (\X\F6\X\E8\X\EB.)_ISO 7045 - M3 x 8 - 
Z --- 8C','\X\C2\X\E8\X\ED\X\F2 DIN 7985 (\X\F6\X\E8\X\EB.)_ISO 7045 -
 M3 x 8 - Z --- 8C',(#9371));
#9362=APPLICATION_PROTOCOL_DEFINITION('international standard',
'automotive_design',2009,#9363);
#9363=APPLICATION_CONTEXT(
'Core Data for Automotive Mechanical Design Process');
#9364=PRODUCT_CONTEXT('part definition',#9363,'mechanical');
#9365=PRODUCT('MMP.01.00.00.000 Cover assembly','Cover assembly v1',
'STEP AP203',(#9364));
#9366=PRODUCT('MMP.01.00.00.001 Cover_00','MMP.01.00.00.001 Cover_00',$,
(#9364));
#9367=PRODUCT('MMP.01.00.00.002 Cover flange_00',
'MMP.01.00.00.002 Cover flange_00',$,(#9364));
#9368=PRODUCT(
'\X\D8\X\E0\X\E9\X\E1\X\E0 DIN 7980 (\X\EF\X\F0\X\F3\X\E6\X\E8\X\ED\X\ED
\X\E0\X\FF)_\X\98\X\A0\X\A9\X\A1\X\A0 3 \X\83\X\8E\X\91\X\92 6402-70',
'\X\D8\X\E0\X\E9\X\E1\X\E0 DIN 7980 (\X\EF\X\F0\X\F3\X\E6\X\E8\X\ED\X\ED
\X\E0\X\FF)_\X\98\X\A0\X\A9\X\A1\X\A0 3 \X\83\X\8E\X\91\X\92 6402-70',$,
(#9364));
#9369=PRODUCT('\X\D8\X\E0\X\E9\X\E1\X\E0 DIN 125_Washer DIN 125 - A 3.
2','\X\D8\X\E0\X\E9\X\E1\X\E0 DIN 125_Washer DIN 125 - A 3.2',$,(#9364));
#9370=PRODUCT('\X\C3\X\E0\X\E9\X\EA\X\E0 DIN 934_Hexagon Nut ISO - 403
2 - M3 - D - C',
'\X\C3\X\E0\X\E9\X\EA\X\E0 DIN 934_Hexagon Nut ISO - 4032 - M3 - D - C',
$,(#9364));
#9371=PRODUCT(
'\X\C2\X\E8\X\ED\X\F2 DIN 7985 (\X\F6\X\E8\X\EB.)_ISO 7045 - M3 x 8 - 
Z --- 8C','\X\C2\X\E8\X\ED\X\F2 DIN 7985 (\X\F6\X\E8\X\EB.)_ISO 7045 -
 M3 x 8 - Z --- 8C',$,(#9364));
#9372=PRESENTATION_STYLE_ASSIGNMENT((#9373));
#9373=SURFACE_STYLE_USAGE(.BOTH.,#9374);
#9374=SURFACE_SIDE_STYLE('',(#9375));
#9375=SURFACE_STYLE_FILL_AREA(#9376);
#9376=FILL_AREA_STYLE('Steel - Satin',(#9377));
#9377=FILL_AREA_STYLE_COLOUR('Steel - Satin',#9378);
#9378=COLOUR_RGB('Steel - Satin',0.627450980392157,0.627450980392157,0.627450980392157);
ENDSEC;
END-ISO-10303-21;
