ISO-10303-21;
HEADER;
/* Generated by software containing ST-Developer
 * from STEP Tools, Inc. (www.steptools.com) 
 */

FILE_DESCRIPTION(
/* description */ ('STEP AP203'),
/* implementation_level */ '2;1');

FILE_NAME(
/* name */ 'Cover.step',
/* time_stamp */ '2026-07-23T10:28:29+08:00',
/* author */ (''),
/* organization */ (''),
/* preprocessor_version */ 'ST-DEVELOPER v20.1',
/* originating_system */ 'Autodesk Translation Framework v15.8.0.0',
/* authorisation */ '');

FILE_SCHEMA (('AUTOMOTIVE_DESIGN { 1 0 10303 214 3 1 1 }'));
ENDSEC;

DATA;
#10=MECHANICAL_DESIGN_GEOMETRIC_PRESENTATION_REPRESENTATION('',(#13),#4393);
#11=SHAPE_REPRESENTATION_RELATIONSHIP('SRR','None',#4400,#12);
#12=ADVANCED_BREP_SHAPE_REPRESENTATION('',(#14),#4392);
#13=STYLED_ITEM('',(#4409),#14);
#14=MANIFOLD_SOLID_BREP('Body1',#1753);
#15=B_SPLINE_CURVE_WITH_KNOTS('',3,(#2631,#2632,#2633,#2634,#2635,#2636,
#2637,#2638,#2639,#2640,#2641,#2642,#2643,#2644,#2645,#2646,#2647,#2648,
#2649,#2650,#2651,#2652,#2653,#2654,#2655,#2656,#2657,#2658,#2659,#2660,
#2661,#2662,#2663,#2664,#2665,#2666,#2667,#2668,#2669,#2670),
 .UNSPECIFIED.,.F.,.F.,(4,3,3,3,3,3,3,3,3,3,3,3,3,4),(0.,0.0809088230324957,
0.161814618249629,0.242717641268566,0.323618147613914,0.408165879162175,
0.489082524252631,0.569992208196009,0.650895954050606,0.731794784073021,
0.812706550780389,0.893606818971355,0.974510268877324,1.),.UNSPECIFIED.);
#16=B_SPLINE_CURVE_WITH_KNOTS('',3,(#2671,#2672,#2673,#2674,#2675,#2676,
#2677,#2678,#2679,#2680,#2681,#2682,#2683,#2684,#2685,#2686,#2687,#2688,
#2689,#2690,#2691,#2692,#2693,#2694,#2695,#2696,#2697,#2698,#2699,#2700,
#2701,#2702,#2703,#2704,#2705,#2706,#2707,#2708,#2709,#2710,#2711,#2712,
#2713),.UNSPECIFIED.,.F.,.F.,(4,3,3,3,3,3,3,3,3,3,3,3,3,3,4),(0.,0.0712088047610414,
0.142415252321008,0.213619516948883,0.284821772857324,0.35602219420709,
0.427220955111556,0.498818335722612,0.570027221703215,0.641231555913495,
0.712432035247427,0.784324026435571,0.855528442187521,0.92776422109376,
1.),.UNSPECIFIED.);
#17=B_SPLINE_CURVE_WITH_KNOTS('',3,(#2755,#2756,#2757,#2758,#2759,#2760,
#2761,#2762,#2763,#2764,#2765,#2766,#2767,#2768,#2769,#2770,#2771,#2772,
#2773,#2774,#2775,#2776,#2777,#2778,#2779,#2780,#2781,#2782,#2783,#2784,
#2785,#2786,#2787,#2788,#2789,#2790,#2791,#2792,#2793,#2794),
 .UNSPECIFIED.,.F.,.F.,(4,3,3,3,3,3,3,3,3,3,3,3,3,4),(0.,0.0809088230324988,
0.161814618249641,0.242717641268567,0.323618147613928,0.408165879162187,
0.489082524252645,0.569992208196015,0.650895954050625,0.731794784073016,
0.812706550780392,0.893606818971344,0.974510268877321,1.),.UNSPECIFIED.);
#18=B_SPLINE_CURVE_WITH_KNOTS('',3,(#2797,#2798,#2799,#2800,#2801,#2802,
#2803,#2804,#2805,#2806,#2807,#2808,#2809,#2810,#2811,#2812,#2813,#2814,
#2815,#2816,#2817,#2818,#2819,#2820,#2821,#2822,#2823,#2824,#2825,#2826,
#2827,#2828,#2829,#2830,#2831,#2832,#2833,#2834,#2835,#2836,#2837,#2838,
#2839),.UNSPECIFIED.,.F.,.F.,(4,3,3,3,3,3,3,3,3,3,3,3,3,3,4),(0.,0.0712088047610391,
0.142415252321009,0.213619516948882,0.284821772857305,0.356022194207078,
0.427220955111567,0.498818335722621,0.570027221703229,0.641231555913512,
0.712432035247443,0.784324026435582,0.855528442187539,0.92776422109377,
1.),.UNSPECIFIED.);
#19=B_SPLINE_CURVE_WITH_KNOTS('',3,(#2903,#2904,#2905,#2906,#2907,#2908,
#2909,#2910,#2911,#2912,#2913,#2914,#2915,#2916,#2917,#2918,#2919,#2920,
#2921,#2922,#2923,#2924,#2925,#2926,#2927,#2928,#2929,#2930,#2931,#2932,
#2933,#2934,#2935,#2936,#2937,#2938,#2939,#2940,#2941,#2942),
 .UNSPECIFIED.,.F.,.F.,(4,3,3,3,3,3,3,3,3,3,3,3,3,4),(0.,0.0809088230324956,
0.161814618249639,0.24271764126857,0.32361814761391,0.408165879162171,0.489082524252626,
0.569992208195997,0.650895954050591,0.731794784073005,0.812706550780376,
0.893606818971339,0.974510268877312,1.),.UNSPECIFIED.);
#20=B_SPLINE_CURVE_WITH_KNOTS('',3,(#2943,#2944,#2945,#2946,#2947,#2948,
#2949,#2950,#2951,#2952,#2953,#2954,#2955,#2956,#2957,#2958,#2959,#2960,
#2961,#2962,#2963,#2964,#2965,#2966,#2967,#2968,#2969,#2970,#2971,#2972,
#2973,#2974,#2975,#2976,#2977,#2978,#2979,#2980,#2981,#2982,#2983,#2984,
#2985),.UNSPECIFIED.,.F.,.F.,(4,3,3,3,3,3,3,3,3,3,3,3,3,3,4),(0.,0.0712088047610396,
0.142415252321004,0.213619516948875,0.284821772857309,0.356022194207083,
0.427220955111536,0.498818335722594,0.570027221703188,0.641231555913468,
0.712432035247398,0.784324026435549,0.855528442187495,0.927764221093748,
1.),.UNSPECIFIED.);
#21=B_SPLINE_CURVE_WITH_KNOTS('',3,(#3027,#3028,#3029,#3030,#3031,#3032,
#3033,#3034,#3035,#3036,#3037,#3038,#3039,#3040,#3041,#3042,#3043,#3044,
#3045,#3046,#3047,#3048,#3049,#3050,#3051,#3052,#3053,#3054,#3055,#3056,
#3057,#3058,#3059,#3060,#3061,#3062,#3063,#3064,#3065,#3066),
 .UNSPECIFIED.,.F.,.F.,(4,3,3,3,3,3,3,3,3,3,3,3,3,4),(5.73823080492747E-17,
0.000162019259489344,0.000325445942924296,0.0004876648983216,0.000574691714381744,
0.000768834782682154,0.000965922659487032,0.00114938342876343,0.00135832755990917,
0.00156872527698211,0.00177911339161483,0.00198844311649537,0.00219475549801913,
0.00229876685752694),.UNSPECIFIED.);
#22=B_SPLINE_CURVE_WITH_KNOTS('',3,(#3068,#3069,#3070,#3071,#3072,#3073,
#3074,#3075,#3076,#3077,#3078,#3079,#3080,#3081,#3082,#3083,#3084,#3085,
#3086,#3087,#3088,#3089,#3090,#3091,#3092,#3093,#3094,#3095,#3096,#3097,
#3098,#3099,#3100,#3101,#3102,#3103,#3104,#3105,#3106,#3107,#3108,#3109,
#3110,#3111,#3112,#3113,#3114,#3115,#3116,#3117,#3118,#3119,#3120,#3121,
#3122,#3123,#3124,#3125,#3126,#3127,#3128,#3129,#3130,#3131,#3132,#3133,
#3134),.UNSPECIFIED.,.F.,.F.,(4,3,3,3,3,3,3,3,3,3,3,3,3,3,3,3,3,3,3,3,3,
3,4),(6.51853098401246E-17,0.000226468386974338,0.000455409206228164,0.000683031417161234,
0.000849109395613397,0.00104162192959185,0.0012357872787099,0.00127366409342016,
0.0014357215594857,0.00159762172904681,0.00169821879122693,0.00189201969982058,
0.00208681201086619,0.00212277348903369,0.0022731520547103,0.00242344865687276,
0.00254732818684046,0.00274192965028247,0.00293682570120745,0.00297188288464723,
0.00314618727622085,0.00332025759254563,0.00339643758245399),
 .UNSPECIFIED.);
#23=B_SPLINE_CURVE_WITH_KNOTS('',3,(#3192,#3193,#3194,#3195,#3196,#3197,
#3198,#3199,#3200,#3201,#3202,#3203,#3204,#3205,#3206,#3207,#3208,#3209,
#3210,#3211,#3212,#3213,#3214,#3215,#3216,#3217,#3218,#3219,#3220,#3221,
#3222,#3223,#3224,#3225,#3226,#3227,#3228,#3229,#3230,#3231),
 .UNSPECIFIED.,.F.,.F.,(4,3,3,3,3,3,3,3,3,3,3,3,3,4),(8.13250358237181E-17,
0.000162019259490749,0.000325445942927123,0.00048766489832587,0.0005746917143819,
0.000768834782688022,0.000965922659498459,0.00114938342876372,0.00135832755990724,
0.00156872527697761,0.00177911339160788,0.00198844311648623,0.00219475549800836,
0.00229876685752713),.UNSPECIFIED.);
#24=B_SPLINE_CURVE_WITH_KNOTS('',3,(#3233,#3234,#3235,#3236,#3237,#3238,
#3239,#3240,#3241,#3242,#3243,#3244,#3245,#3246,#3247,#3248,#3249,#3250,
#3251,#3252,#3253,#3254,#3255,#3256,#3257,#3258,#3259,#3260,#3261,#3262,
#3263,#3264,#3265,#3266,#3267,#3268,#3269,#3270,#3271,#3272,#3273,#3274,
#3275,#3276,#3277,#3278,#3279,#3280,#3281,#3282,#3283,#3284,#3285,#3286,
#3287,#3288,#3289,#3290,#3291,#3292,#3293,#3294,#3295,#3296,#3297,#3298,
#3299),.UNSPECIFIED.,.F.,.F.,(4,3,3,3,3,3,3,3,3,3,3,3,3,3,3,3,3,3,3,3,3,
3,4),(3.03576608295941E-18,0.000226468386977073,0.000455409206233928,0.000683031417169811,
0.000849109395613633,0.00104162192960911,0.00123578727874462,0.0012736640934204,
0.00143572155948801,0.00159762172905134,0.00169821879122718,0.00189201969982518,
0.00208681201087551,0.00212277348903395,0.00227315205471441,0.00242344865688075,
0.00254732818684072,0.0027419296502815,0.00293682570120515,0.00297188288464749,
0.00314618727620549,0.0033202575925146,0.00339643758245426),
 .UNSPECIFIED.);
#25=B_SPLINE_CURVE_WITH_KNOTS('',3,(#3341,#3342,#3343,#3344,#3345,#3346,
#3347,#3348,#3349,#3350,#3351,#3352,#3353,#3354,#3355,#3356,#3357,#3358,
#3359,#3360,#3361,#3362,#3363,#3364,#3365,#3366,#3367,#3368,#3369,#3370,
#3371,#3372,#3373,#3374,#3375,#3376,#3377,#3378,#3379,#3380),
 .UNSPECIFIED.,.F.,.F.,(4,3,3,3,3,3,3,3,3,3,3,3,3,4),(0.,0.0809088230324958,
0.161814618249631,0.242717641268553,0.323618147613899,0.408165879162161,
0.489082524252615,0.569992208195988,0.650895954050586,0.731794784073005,
0.812706550780376,0.89360681897134,0.974510268877315,1.),.UNSPECIFIED.);
#26=B_SPLINE_CURVE_WITH_KNOTS('',3,(#3382,#3383,#3384,#3385,#3386,#3387,
#3388,#3389,#3390,#3391,#3392,#3393,#3394,#3395,#3396,#3397,#3398,#3399,
#3400,#3401,#3402,#3403,#3404,#3405,#3406,#3407,#3408,#3409,#3410,#3411,
#3412,#3413,#3414,#3415,#3416,#3417,#3418,#3419,#3420,#3421,#3422,#3423,
#3424),.UNSPECIFIED.,.F.,.F.,(4,3,3,3,3,3,3,3,3,3,3,3,3,3,4),(0.,0.0712088047610449,
0.142415252321019,0.213619516948897,0.284821772857335,0.356022194207105,
0.427220955111607,0.498818335722656,0.570027221703262,0.641231555913558,
0.712432035247489,0.784324026435617,0.855528442187572,0.927764221093786,
1.),.UNSPECIFIED.);
#27=B_SPLINE_CURVE_WITH_KNOTS('',3,(#3482,#3483,#3484,#3485,#3486,#3487,
#3488,#3489,#3490,#3491,#3492,#3493,#3494,#3495,#3496,#3497,#3498,#3499,
#3500,#3501,#3502,#3503,#3504,#3505,#3506,#3507,#3508,#3509,#3510,#3511,
#3512,#3513,#3514,#3515,#3516,#3517,#3518,#3519,#3520,#3521),
 .UNSPECIFIED.,.F.,.F.,(4,3,3,3,3,3,3,3,3,3,3,3,3,4),(0.,0.0809088230324951,
0.16181461824964,0.242717641268562,0.323618147613913,0.408165879162174,
0.489082524252625,0.569992208195996,0.650895954050598,0.731794784073005,
0.812706550780375,0.89360681897134,0.974510268877312,1.),.UNSPECIFIED.);
#28=B_SPLINE_CURVE_WITH_KNOTS('',3,(#3522,#3523,#3524,#3525,#3526,#3527,
#3528,#3529,#3530,#3531,#3532,#3533,#3534,#3535,#3536,#3537,#3538,#3539,
#3540,#3541,#3542,#3543,#3544,#3545,#3546,#3547,#3548,#3549,#3550,#3551,
#3552,#3553,#3554,#3555,#3556,#3557,#3558,#3559,#3560,#3561,#3562,#3563,
#3564),.UNSPECIFIED.,.F.,.F.,(4,3,3,3,3,3,3,3,3,3,3,3,3,3,4),(0.,0.0712088047610405,
0.142415252321008,0.213619516948882,0.284821772857303,0.356022194207083,
0.427220955111581,0.498818335722634,0.570027221703231,0.641231555913515,
0.712432035247435,0.784324026435576,0.855528442187527,0.927764221093764,
1.),.UNSPECIFIED.);
#29=B_SPLINE_CURVE_WITH_KNOTS('',3,(#3606,#3607,#3608,#3609,#3610,#3611,
#3612,#3613,#3614,#3615,#3616,#3617,#3618,#3619,#3620,#3621,#3622,#3623,
#3624,#3625,#3626,#3627,#3628,#3629,#3630,#3631,#3632,#3633,#3634,#3635,
#3636,#3637,#3638,#3639,#3640,#3641,#3642,#3643,#3644,#3645),
 .UNSPECIFIED.,.F.,.F.,(4,3,3,3,3,3,3,3,3,3,3,3,3,4),(2.88324141967252E-16,
0.000162019259496621,0.000325445942938612,0.000487664898342397,0.000574691714382071,
0.000768834782681182,0.000965922659484321,0.00114938342876385,0.0013583275599095,
0.00156872527698228,0.00177911339161505,0.00198844311649571,0.00219475549801957,
0.00229876685752746),.UNSPECIFIED.);
#30=B_SPLINE_CURVE_WITH_KNOTS('',3,(#3648,#3649,#3650,#3651,#3652,#3653,
#3654,#3655,#3656,#3657,#3658,#3659,#3660,#3661,#3662,#3663,#3664,#3665,
#3666,#3667,#3668,#3669,#3670,#3671,#3672,#3673,#3674,#3675,#3676,#3677,
#3678,#3679,#3680,#3681,#3682,#3683,#3684,#3685,#3686,#3687,#3688,#3689,
#3690,#3691,#3692,#3693,#3694,#3695,#3696,#3697,#3698,#3699,#3700,#3701,
#3702,#3703,#3704,#3705,#3706,#3707,#3708,#3709,#3710,#3711,#3712,#3713,
#3714),.UNSPECIFIED.,.F.,.F.,(4,3,3,3,3,3,3,3,3,3,3,3,3,3,3,3,3,3,3,3,3,
3,4),(2.54006960283588E-16,0.000226468386983583,0.000455409206246756,0.000683031417188485,
0.000849109395613887,0.00104162192958728,0.00123578727869992,0.0012736640934207,
0.0014357215594902,0.00159762172905525,0.00169821879122752,0.00189201969982197,
0.00208681201086867,0.00212277348903434,0.00227315205471663,0.00242344865688484,
0.00254732818684115,0.00274192965029371,0.0029368257012296,0.00297188288464797,
0.0031461872762254,0.00332025759255382,0.00339643758245479),
 .UNSPECIFIED.);
#31=B_SPLINE_CURVE_WITH_KNOTS('',3,(#3780,#3781,#3782,#3783,#3784,#3785,
#3786,#3787,#3788,#3789,#3790,#3791,#3792,#3793,#3794,#3795,#3796,#3797,
#3798,#3799,#3800,#3801,#3802,#3803,#3804,#3805,#3806,#3807,#3808,#3809,
#3810,#3811,#3812,#3813,#3814,#3815,#3816,#3817,#3818,#3819),
 .UNSPECIFIED.,.F.,.F.,(4,3,3,3,3,3,3,3,3,3,3,3,3,4),(0.,0.0809088230325006,
0.161814618249625,0.242717641268553,0.32361814761391,0.408165879162172,
0.489082524252625,0.569992208195999,0.650895954050599,0.731794784073013,
0.812706550780381,0.89360681897134,0.974510268877309,1.),.UNSPECIFIED.);
#32=B_SPLINE_CURVE_WITH_KNOTS('',3,(#3820,#3821,#3822,#3823,#3824,#3825,
#3826,#3827,#3828,#3829,#3830,#3831,#3832,#3833,#3834,#3835,#3836,#3837,
#3838,#3839,#3840,#3841,#3842,#3843,#3844,#3845,#3846,#3847,#3848,#3849,
#3850,#3851,#3852,#3853,#3854,#3855,#3856,#3857,#3858,#3859,#3860,#3861,
#3862),.UNSPECIFIED.,.F.,.F.,(4,3,3,3,3,3,3,3,3,3,3,3,3,3,4),(0.,0.0712088047610394,
0.142415252321009,0.213619516948881,0.284821772857327,0.356022194207098,
0.427220955111555,0.498818335722611,0.570027221703214,0.641231555913494,
0.712432035247414,0.78432402643556,0.855528442187507,0.927764221093754,
1.),.UNSPECIFIED.);
#33=B_SPLINE_CURVE_WITH_KNOTS('',3,(#3904,#3905,#3906,#3907,#3908,#3909,
#3910,#3911,#3912,#3913,#3914,#3915,#3916,#3917,#3918,#3919,#3920,#3921,
#3922,#3923,#3924,#3925,#3926,#3927,#3928,#3929,#3930,#3931,#3932,#3933,
#3934,#3935,#3936,#3937,#3938,#3939,#3940,#3941,#3942,#3943),
 .UNSPECIFIED.,.F.,.F.,(4,3,3,3,3,3,3,3,3,3,3,3,3,4),(0.,0.0809088230324957,
0.161814618249634,0.242717641268557,0.323618147613907,0.408165879162168,
0.489082524252624,0.56999220819599,0.650895954050592,0.731794784072994,
0.812706550780359,0.893606818971304,0.974510268877276,1.),.UNSPECIFIED.);
#34=B_SPLINE_CURVE_WITH_KNOTS('',3,(#3946,#3947,#3948,#3949,#3950,#3951,
#3952,#3953,#3954,#3955,#3956,#3957,#3958,#3959,#3960,#3961,#3962,#3963,
#3964,#3965,#3966,#3967,#3968,#3969,#3970,#3971,#3972,#3973,#3974,#3975,
#3976,#3977,#3978,#3979,#3980,#3981,#3982,#3983,#3984,#3985,#3986,#3987,
#3988),.UNSPECIFIED.,.F.,.F.,(4,3,3,3,3,3,3,3,3,3,3,3,3,3,4),(0.,0.0712088047610405,
0.142415252321013,0.213619516948882,0.284821772857306,0.35602219420707,
0.42722095511155,0.498818335722606,0.570027221703209,0.64123155591349,0.712432035247416,
0.784324026435562,0.855528442187511,0.927764221093755,1.),.UNSPECIFIED.);
#35=B_SPLINE_CURVE_WITH_KNOTS('',3,(#4053,#4054,#4055,#4056,#4057,#4058,
#4059,#4060,#4061,#4062,#4063,#4064,#4065,#4066,#4067,#4068,#4069,#4070,
#4071,#4072,#4073,#4074,#4075,#4076,#4077,#4078,#4079,#4080,#4081,#4082,
#4083,#4084,#4085,#4086,#4087,#4088,#4089,#4090,#4091,#4092),
 .UNSPECIFIED.,.F.,.F.,(4,3,3,3,3,3,3,3,3,3,3,3,3,4),(1.29118259807429E-16,
0.000162019259489237,0.000325445942924011,0.000487664898321129,0.000574691714381809,
0.000768834782679521,0.000965922659481191,0.00114938342876349,0.00135832755991141,
0.00156872527698667,0.00177911339162169,0.00198844311650424,0.00219475549802942,
0.00229876685752689),.UNSPECIFIED.);
#36=B_SPLINE_CURVE_WITH_KNOTS('',3,(#4094,#4095,#4096,#4097,#4098,#4099,
#4100,#4101,#4102,#4103,#4104,#4105,#4106,#4107,#4108,#4109,#4110,#4111,
#4112,#4113,#4114,#4115,#4116,#4117,#4118,#4119,#4120,#4121,#4122,#4123,
#4124,#4125,#4126,#4127,#4128,#4129,#4130,#4131,#4132,#4133,#4134,#4135,
#4136,#4137,#4138,#4139,#4140,#4141,#4142,#4143,#4144,#4145,#4146,#4147,
#4148,#4149,#4150,#4151,#4152,#4153,#4154,#4155,#4156,#4157,#4158,#4159,
#4160),.UNSPECIFIED.,.F.,.F.,(4,3,3,3,3,3,3,3,3,3,3,3,3,3,3,3,3,3,3,3,3,
3,4),(2.50291447152052E-16,0.000226468386975522,0.000455409206230343,0.00068303141716421,
0.000849109395613662,0.00104162192960058,0.00123578727872673,0.00127366409342039,
0.00143572155948751,0.00159762172905033,0.00169821879122713,0.00189201969981248,
0.00208681201084985,0.00212277348903386,0.00227315205471561,0.00242344865688322,
0.00254732818684059,0.00274192965027263,0.00293682570118771,0.00297188288464733,
0.00314618727624676,0.00332025759259721,0.00339643758245406),
 .UNSPECIFIED.);
#37=B_SPLINE_CURVE_WITH_KNOTS('',3,(#4202,#4203,#4204,#4205,#4206,#4207,
#4208,#4209,#4210,#4211,#4212,#4213,#4214,#4215,#4216,#4217,#4218,#4219,
#4220,#4221,#4222,#4223,#4224,#4225,#4226,#4227,#4228,#4229,#4230,#4231,
#4232,#4233,#4234,#4235,#4236,#4237,#4238,#4239,#4240,#4241),
 .UNSPECIFIED.,.F.,.F.,(4,3,3,3,3,3,3,3,3,3,3,3,3,4),(0.,0.0809088230325002,
0.161814618249641,0.242717641268567,0.323618147613931,0.40816587916219,
0.489082524252649,0.569992208196026,0.650895954050628,0.731794784073055,
0.812706550780426,0.893606818971408,0.974510268877375,1.),.UNSPECIFIED.);
#38=B_SPLINE_CURVE_WITH_KNOTS('',3,(#4244,#4245,#4246,#4247,#4248,#4249,
#4250,#4251,#4252,#4253,#4254,#4255,#4256,#4257,#4258,#4259,#4260,#4261,
#4262,#4263,#4264,#4265,#4266,#4267,#4268,#4269,#4270,#4271,#4272,#4273,
#4274,#4275,#4276,#4277,#4278,#4279,#4280,#4281,#4282,#4283,#4284,#4285,
#4286),.UNSPECIFIED.,.F.,.F.,(4,3,3,3,3,3,3,3,3,3,3,3,3,3,4),(0.,0.0712088047610335,
0.142415252320996,0.21361951694886,0.284821772857282,0.356022194207041,
0.427220955111517,0.498818335722577,0.570027221703174,0.641231555913461,
0.712432035247353,0.784324026435515,0.855528442187462,0.927764221093731,
1.),.UNSPECIFIED.);
#39=B_SPLINE_SURFACE_WITH_KNOTS('',1,3,((#2588,#2589,#2590,#2591,#2592,
#2593,#2594,#2595,#2596,#2597),(#2598,#2599,#2600,#2601,#2602,#2603,#2604,
#2605,#2606,#2607),(#2608,#2609,#2610,#2611,#2612,#2613,#2614,#2615,#2616,
#2617),(#2618,#2619,#2620,#2621,#2622,#2623,#2624,#2625,#2626,#2627)),
 .UNSPECIFIED.,.F.,.F.,.F.,(2,1,1,2),(4,2,2,2,4),(-0.01,0.,1.,1.0101),(-0.000975685611465179,
0.25,0.5,0.75,1.00097568561147),.UNSPECIFIED.);
#40=B_SPLINE_SURFACE_WITH_KNOTS('',1,3,((#2714,#2715,#2716,#2717,#2718,
#2719,#2720,#2721,#2722,#2723),(#2724,#2725,#2726,#2727,#2728,#2729,#2730,
#2731,#2732,#2733),(#2734,#2735,#2736,#2737,#2738,#2739,#2740,#2741,#2742,
#2743),(#2744,#2745,#2746,#2747,#2748,#2749,#2750,#2751,#2752,#2753)),
 .UNSPECIFIED.,.F.,.F.,.F.,(2,1,1,2),(4,2,2,2,4),(-0.01,0.,1.,1.0101),(-0.000975685611536397,
0.25,0.5,0.75,1.00097568561154),.UNSPECIFIED.);
#41=B_SPLINE_SURFACE_WITH_KNOTS('',1,3,((#2861,#2862,#2863,#2864,#2865,
#2866,#2867,#2868,#2869,#2870),(#2871,#2872,#2873,#2874,#2875,#2876,#2877,
#2878,#2879,#2880),(#2881,#2882,#2883,#2884,#2885,#2886,#2887,#2888,#2889,
#2890),(#2891,#2892,#2893,#2894,#2895,#2896,#2897,#2898,#2899,#2900)),
 .UNSPECIFIED.,.F.,.F.,.F.,(2,1,1,2),(4,2,2,2,4),(-0.01,0.,1.,1.0101),(-0.000975685611557224,
0.25,0.5,0.75,1.00097568561153),.UNSPECIFIED.);
#42=B_SPLINE_SURFACE_WITH_KNOTS('',1,3,((#2986,#2987,#2988,#2989,#2990,
#2991,#2992,#2993,#2994,#2995),(#2996,#2997,#2998,#2999,#3000,#3001,#3002,
#3003,#3004,#3005),(#3006,#3007,#3008,#3009,#3010,#3011,#3012,#3013,#3014,
#3015),(#3016,#3017,#3018,#3019,#3020,#3021,#3022,#3023,#3024,#3025)),
 .UNSPECIFIED.,.F.,.F.,.F.,(2,1,1,2),(4,2,2,2,4),(-0.01,0.,1.,1.0101),(-0.000150812908729183,
0.25,0.5,0.75,1.00015081290873),.UNSPECIFIED.);
#43=B_SPLINE_SURFACE_WITH_KNOTS('',1,3,((#3150,#3151,#3152,#3153,#3154,
#3155,#3156,#3157,#3158,#3159),(#3160,#3161,#3162,#3163,#3164,#3165,#3166,
#3167,#3168,#3169),(#3170,#3171,#3172,#3173,#3174,#3175,#3176,#3177,#3178,
#3179),(#3180,#3181,#3182,#3183,#3184,#3185,#3186,#3187,#3188,#3189)),
 .UNSPECIFIED.,.F.,.F.,.F.,(2,1,1,2),(4,2,2,2,4),(-0.01,0.,1.,1.0101),(-0.000150812908809638,
0.25,0.5,0.75,1.0001508129087),.UNSPECIFIED.);
#44=B_SPLINE_SURFACE_WITH_KNOTS('',1,3,((#3300,#3301,#3302,#3303,#3304,
#3305,#3306,#3307,#3308,#3309),(#3310,#3311,#3312,#3313,#3314,#3315,#3316,
#3317,#3318,#3319),(#3320,#3321,#3322,#3323,#3324,#3325,#3326,#3327,#3328,
#3329),(#3330,#3331,#3332,#3333,#3334,#3335,#3336,#3337,#3338,#3339)),
 .UNSPECIFIED.,.F.,.F.,.F.,(2,1,1,2),(4,2,2,2,4),(-0.01,0.,1.,1.0101),(-0.000975685611601309,
0.25,0.5,0.75,1.0009756856116),.UNSPECIFIED.);
#45=B_SPLINE_SURFACE_WITH_KNOTS('',1,3,((#3439,#3440,#3441,#3442,#3443,
#3444,#3445,#3446,#3447,#3448),(#3449,#3450,#3451,#3452,#3453,#3454,#3455,
#3456,#3457,#3458),(#3459,#3460,#3461,#3462,#3463,#3464,#3465,#3466,#3467,
#3468),(#3469,#3470,#3471,#3472,#3473,#3474,#3475,#3476,#3477,#3478)),
 .UNSPECIFIED.,.F.,.F.,.F.,(2,1,1,2),(4,2,2,2,4),(-0.01,0.,1.,1.0101),(-0.000975685611577456,
0.25,0.5,0.75,1.00097568561158),.UNSPECIFIED.);
#46=B_SPLINE_SURFACE_WITH_KNOTS('',1,3,((#3565,#3566,#3567,#3568,#3569,
#3570,#3571,#3572,#3573,#3574),(#3575,#3576,#3577,#3578,#3579,#3580,#3581,
#3582,#3583,#3584),(#3585,#3586,#3587,#3588,#3589,#3590,#3591,#3592,#3593,
#3594),(#3595,#3596,#3597,#3598,#3599,#3600,#3601,#3602,#3603,#3604)),
 .UNSPECIFIED.,.F.,.F.,.F.,(2,1,1,2),(4,2,2,2,4),(-0.01,0.,1.,1.0101),(-0.000150812908698528,
0.25,0.5,0.75,1.00015081290878),.UNSPECIFIED.);
#47=B_SPLINE_SURFACE_WITH_KNOTS('',1,3,((#3737,#3738,#3739,#3740,#3741,
#3742,#3743,#3744,#3745,#3746),(#3747,#3748,#3749,#3750,#3751,#3752,#3753,
#3754,#3755,#3756),(#3757,#3758,#3759,#3760,#3761,#3762,#3763,#3764,#3765,
#3766),(#3767,#3768,#3769,#3770,#3771,#3772,#3773,#3774,#3775,#3776)),
 .UNSPECIFIED.,.F.,.F.,.F.,(2,1,1,2),(4,2,2,2,4),(-0.01,0.,1.,1.0101),(-0.000975685611452816,
0.25,0.5,0.75,1.00097568561144),.UNSPECIFIED.);
#48=B_SPLINE_SURFACE_WITH_KNOTS('',1,3,((#3863,#3864,#3865,#3866,#3867,
#3868,#3869,#3870,#3871,#3872),(#3873,#3874,#3875,#3876,#3877,#3878,#3879,
#3880,#3881,#3882),(#3883,#3884,#3885,#3886,#3887,#3888,#3889,#3890,#3891,
#3892),(#3893,#3894,#3895,#3896,#3897,#3898,#3899,#3900,#3901,#3902)),
 .UNSPECIFIED.,.F.,.F.,.F.,(2,1,1,2),(4,2,2,2,4),(-0.01,0.,1.,1.0101),(-0.000975685611621792,
0.25,0.5,0.75,1.00097568561162),.UNSPECIFIED.);
#49=B_SPLINE_SURFACE_WITH_KNOTS('',1,3,((#4010,#4011,#4012,#4013,#4014,
#4015,#4016,#4017,#4018,#4019),(#4020,#4021,#4022,#4023,#4024,#4025,#4026,
#4027,#4028,#4029),(#4030,#4031,#4032,#4033,#4034,#4035,#4036,#4037,#4038,
#4039),(#4040,#4041,#4042,#4043,#4044,#4045,#4046,#4047,#4048,#4049)),
 .UNSPECIFIED.,.F.,.F.,.F.,(2,1,1,2),(4,2,2,2,4),(-0.01,0.,1.,1.0101),(-0.000150812908706748,
0.25,0.5,0.75,1.00015081290877),.UNSPECIFIED.);
#50=B_SPLINE_SURFACE_WITH_KNOTS('',1,3,((#4161,#4162,#4163,#4164,#4165,
#4166,#4167,#4168,#4169,#4170),(#4171,#4172,#4173,#4174,#4175,#4176,#4177,
#4178,#4179,#4180),(#4181,#4182,#4183,#4184,#4185,#4186,#4187,#4188,#4189,
#4190),(#4191,#4192,#4193,#4194,#4195,#4196,#4197,#4198,#4199,#4200)),
 .UNSPECIFIED.,.F.,.F.,.F.,(2,1,1,2),(4,2,2,2,4),(-0.01,0.,1.,1.0101),(-0.000975685611606582,
0.25,0.5,0.75,1.00097568561165),.UNSPECIFIED.);
#51=FACE_BOUND('',#262,.T.);
#52=FACE_BOUND('',#264,.T.);
#53=FACE_BOUND('',#271,.T.);
#54=FACE_BOUND('',#272,.T.);
#55=FACE_BOUND('',#273,.T.);
#56=FACE_BOUND('',#274,.T.);
#57=FACE_BOUND('',#275,.T.);
#58=FACE_BOUND('',#281,.T.);
#59=FACE_BOUND('',#282,.T.);
#60=FACE_BOUND('',#283,.T.);
#61=FACE_BOUND('',#284,.T.);
#62=FACE_BOUND('',#285,.T.);
#63=FACE_BOUND('',#294,.T.);
#64=FACE_BOUND('',#295,.T.);
#65=FACE_BOUND('',#296,.T.);
#66=FACE_BOUND('',#298,.T.);
#67=FACE_BOUND('',#299,.T.);
#68=FACE_BOUND('',#300,.T.);
#69=FACE_BOUND('',#309,.T.);
#70=FACE_BOUND('',#318,.T.);
#71=FACE_BOUND('',#327,.T.);
#72=FACE_BOUND('',#329,.T.);
#73=FACE_BOUND('',#338,.T.);
#74=FACE_BOUND('',#339,.T.);
#75=FACE_BOUND('',#340,.T.);
#76=FACE_BOUND('',#342,.T.);
#77=FACE_BOUND('',#343,.T.);
#78=FACE_BOUND('',#344,.T.);
#79=FACE_BOUND('',#353,.T.);
#80=FACE_BOUND('',#355,.T.);
#81=PLANE('',#1809);
#82=PLANE('',#1810);
#83=PLANE('',#1811);
#84=PLANE('',#1814);
#85=PLANE('',#1817);
#86=PLANE('',#1820);
#87=PLANE('',#1823);
#88=PLANE('',#1824);
#89=PLANE('',#1829);
#90=PLANE('',#1832);
#91=PLANE('',#1833);
#92=PLANE('',#1838);
#93=PLANE('',#1843);
#94=PLANE('',#1844);
#95=PLANE('',#1845);
#96=PLANE('',#1846);
#97=PLANE('',#1847);
#98=PLANE('',#1850);
#99=PLANE('',#1851);
#100=PLANE('',#1852);
#101=PLANE('',#1853);
#102=PLANE('',#1856);
#103=PLANE('',#1857);
#104=PLANE('',#1858);
#105=PLANE('',#1859);
#106=PLANE('',#1862);
#107=PLANE('',#1863);
#108=PLANE('',#1864);
#109=PLANE('',#1865);
#110=PLANE('',#1866);
#111=PLANE('',#1869);
#112=PLANE('',#1870);
#113=PLANE('',#1871);
#114=PLANE('',#1872);
#115=PLANE('',#1873);
#116=PLANE('',#1876);
#117=PLANE('',#1877);
#118=PLANE('',#1878);
#119=PLANE('',#1879);
#120=PLANE('',#1880);
#121=PLANE('',#1882);
#122=PLANE('',#1884);
#123=PLANE('',#1886);
#124=PLANE('',#1888);
#125=PLANE('',#1889);
#126=PLANE('',#1890);
#127=PLANE('',#1891);
#128=PLANE('',#1892);
#129=PLANE('',#1893);
#130=PLANE('',#1894);
#131=PLANE('',#1897);
#132=PLANE('',#1902);
#133=PLANE('',#1903);
#134=PLANE('',#1904);
#135=PLANE('',#1905);
#136=PLANE('',#1906);
#137=PLANE('',#1907);
#138=PLANE('',#1910);
#139=FACE_OUTER_BOUND('',#247,.T.);
#140=FACE_OUTER_BOUND('',#248,.T.);
#141=FACE_OUTER_BOUND('',#249,.T.);
#142=FACE_OUTER_BOUND('',#250,.T.);
#143=FACE_OUTER_BOUND('',#251,.T.);
#144=FACE_OUTER_BOUND('',#252,.T.);
#145=FACE_OUTER_BOUND('',#253,.T.);
#146=FACE_OUTER_BOUND('',#254,.T.);
#147=FACE_OUTER_BOUND('',#255,.T.);
#148=FACE_OUTER_BOUND('',#256,.T.);
#149=FACE_OUTER_BOUND('',#257,.T.);
#150=FACE_OUTER_BOUND('',#258,.T.);
#151=FACE_OUTER_BOUND('',#259,.T.);
#152=FACE_OUTER_BOUND('',#260,.T.);
#153=FACE_OUTER_BOUND('',#261,.T.);
#154=FACE_OUTER_BOUND('',#263,.T.);
#155=FACE_OUTER_BOUND('',#265,.T.);
#156=FACE_OUTER_BOUND('',#266,.T.);
#157=FACE_OUTER_BOUND('',#267,.T.);
#158=FACE_OUTER_BOUND('',#268,.T.);
#159=FACE_OUTER_BOUND('',#269,.T.);
#160=FACE_OUTER_BOUND('',#270,.T.);
#161=FACE_OUTER_BOUND('',#276,.T.);
#162=FACE_OUTER_BOUND('',#277,.T.);
#163=FACE_OUTER_BOUND('',#278,.T.);
#164=FACE_OUTER_BOUND('',#279,.T.);
#165=FACE_OUTER_BOUND('',#280,.T.);
#166=FACE_OUTER_BOUND('',#286,.T.);
#167=FACE_OUTER_BOUND('',#287,.T.);
#168=FACE_OUTER_BOUND('',#288,.T.);
#169=FACE_OUTER_BOUND('',#289,.T.);
#170=FACE_OUTER_BOUND('',#290,.T.);
#171=FACE_OUTER_BOUND('',#291,.T.);
#172=FACE_OUTER_BOUND('',#292,.T.);
#173=FACE_OUTER_BOUND('',#293,.T.);
#174=FACE_OUTER_BOUND('',#297,.T.);
#175=FACE_OUTER_BOUND('',#301,.T.);
#176=FACE_OUTER_BOUND('',#302,.T.);
#177=FACE_OUTER_BOUND('',#303,.T.);
#178=FACE_OUTER_BOUND('',#304,.T.);
#179=FACE_OUTER_BOUND('',#305,.T.);
#180=FACE_OUTER_BOUND('',#306,.T.);
#181=FACE_OUTER_BOUND('',#307,.T.);
#182=FACE_OUTER_BOUND('',#308,.T.);
#183=FACE_OUTER_BOUND('',#310,.T.);
#184=FACE_OUTER_BOUND('',#311,.T.);
#185=FACE_OUTER_BOUND('',#312,.T.);
#186=FACE_OUTER_BOUND('',#313,.T.);
#187=FACE_OUTER_BOUND('',#314,.T.);
#188=FACE_OUTER_BOUND('',#315,.T.);
#189=FACE_OUTER_BOUND('',#316,.T.);
#190=FACE_OUTER_BOUND('',#317,.T.);
#191=FACE_OUTER_BOUND('',#319,.T.);
#192=FACE_OUTER_BOUND('',#320,.T.);
#193=FACE_OUTER_BOUND('',#321,.T.);
#194=FACE_OUTER_BOUND('',#322,.T.);
#195=FACE_OUTER_BOUND('',#323,.T.);
#196=FACE_OUTER_BOUND('',#324,.T.);
#197=FACE_OUTER_BOUND('',#325,.T.);
#198=FACE_OUTER_BOUND('',#326,.T.);
#199=FACE_OUTER_BOUND('',#328,.T.);
#200=FACE_OUTER_BOUND('',#330,.T.);
#201=FACE_OUTER_BOUND('',#331,.T.);
#202=FACE_OUTER_BOUND('',#332,.T.);
#203=FACE_OUTER_BOUND('',#333,.T.);
#204=FACE_OUTER_BOUND('',#334,.T.);
#205=FACE_OUTER_BOUND('',#335,.T.);
#206=FACE_OUTER_BOUND('',#336,.T.);
#207=FACE_OUTER_BOUND('',#337,.T.);
#208=FACE_OUTER_BOUND('',#341,.T.);
#209=FACE_OUTER_BOUND('',#345,.T.);
#210=FACE_OUTER_BOUND('',#346,.T.);
#211=FACE_OUTER_BOUND('',#347,.T.);
#212=FACE_OUTER_BOUND('',#348,.T.);
#213=FACE_OUTER_BOUND('',#349,.T.);
#214=FACE_OUTER_BOUND('',#350,.T.);
#215=FACE_OUTER_BOUND('',#351,.T.);
#216=FACE_OUTER_BOUND('',#352,.T.);
#217=FACE_OUTER_BOUND('',#354,.T.);
#218=FACE_OUTER_BOUND('',#356,.T.);
#219=FACE_OUTER_BOUND('',#357,.T.);
#220=FACE_OUTER_BOUND('',#358,.T.);
#221=FACE_OUTER_BOUND('',#359,.T.);
#222=FACE_OUTER_BOUND('',#360,.T.);
#223=FACE_OUTER_BOUND('',#361,.T.);
#224=FACE_OUTER_BOUND('',#362,.T.);
#225=FACE_OUTER_BOUND('',#363,.T.);
#226=FACE_OUTER_BOUND('',#364,.T.);
#227=FACE_OUTER_BOUND('',#365,.T.);
#228=FACE_OUTER_BOUND('',#366,.T.);
#229=FACE_OUTER_BOUND('',#367,.T.);
#230=FACE_OUTER_BOUND('',#368,.T.);
#231=FACE_OUTER_BOUND('',#369,.T.);
#232=FACE_OUTER_BOUND('',#370,.T.);
#233=FACE_OUTER_BOUND('',#371,.T.);
#234=FACE_OUTER_BOUND('',#372,.T.);
#235=FACE_OUTER_BOUND('',#373,.T.);
#236=FACE_OUTER_BOUND('',#374,.T.);
#237=FACE_OUTER_BOUND('',#375,.T.);
#238=FACE_OUTER_BOUND('',#376,.T.);
#239=FACE_OUTER_BOUND('',#377,.T.);
#240=FACE_OUTER_BOUND('',#378,.T.);
#241=FACE_OUTER_BOUND('',#379,.T.);
#242=FACE_OUTER_BOUND('',#380,.T.);
#243=FACE_OUTER_BOUND('',#381,.T.);
#244=FACE_OUTER_BOUND('',#382,.T.);
#245=FACE_OUTER_BOUND('',#383,.T.);
#246=FACE_OUTER_BOUND('',#384,.T.);
#247=EDGE_LOOP('',(#1131,#1132,#1133,#1134));
#248=EDGE_LOOP('',(#1135,#1136,#1137,#1138));
#249=EDGE_LOOP('',(#1139,#1140,#1141,#1142));
#250=EDGE_LOOP('',(#1143,#1144,#1145,#1146));
#251=EDGE_LOOP('',(#1147,#1148,#1149,#1150));
#252=EDGE_LOOP('',(#1151,#1152,#1153,#1154));
#253=EDGE_LOOP('',(#1155,#1156,#1157,#1158));
#254=EDGE_LOOP('',(#1159,#1160,#1161,#1162));
#255=EDGE_LOOP('',(#1163,#1164,#1165,#1166));
#256=EDGE_LOOP('',(#1167,#1168,#1169,#1170));
#257=EDGE_LOOP('',(#1171,#1172,#1173,#1174));
#258=EDGE_LOOP('',(#1175,#1176,#1177,#1178));
#259=EDGE_LOOP('',(#1179,#1180,#1181,#1182));
#260=EDGE_LOOP('',(#1183,#1184,#1185,#1186));
#261=EDGE_LOOP('',(#1187,#1188,#1189,#1190));
#262=EDGE_LOOP('',(#1191));
#263=EDGE_LOOP('',(#1192,#1193,#1194,#1195));
#264=EDGE_LOOP('',(#1196));
#265=EDGE_LOOP('',(#1197,#1198,#1199,#1200));
#266=EDGE_LOOP('',(#1201,#1202,#1203,#1204));
#267=EDGE_LOOP('',(#1205,#1206,#1207,#1208));
#268=EDGE_LOOP('',(#1209,#1210,#1211,#1212));
#269=EDGE_LOOP('',(#1213,#1214,#1215,#1216));
#270=EDGE_LOOP('',(#1217,#1218,#1219,#1220));
#271=EDGE_LOOP('',(#1221,#1222,#1223,#1224,#1225,#1226,#1227,#1228));
#272=EDGE_LOOP('',(#1229));
#273=EDGE_LOOP('',(#1230));
#274=EDGE_LOOP('',(#1231));
#275=EDGE_LOOP('',(#1232));
#276=EDGE_LOOP('',(#1233,#1234,#1235,#1236));
#277=EDGE_LOOP('',(#1237,#1238,#1239,#1240));
#278=EDGE_LOOP('',(#1241,#1242,#1243,#1244));
#279=EDGE_LOOP('',(#1245,#1246,#1247,#1248));
#280=EDGE_LOOP('',(#1249,#1250,#1251,#1252));
#281=EDGE_LOOP('',(#1253,#1254,#1255,#1256,#1257,#1258,#1259,#1260));
#282=EDGE_LOOP('',(#1261));
#283=EDGE_LOOP('',(#1262));
#284=EDGE_LOOP('',(#1263));
#285=EDGE_LOOP('',(#1264));
#286=EDGE_LOOP('',(#1265,#1266,#1267,#1268));
#287=EDGE_LOOP('',(#1269,#1270,#1271,#1272));
#288=EDGE_LOOP('',(#1273,#1274,#1275,#1276));
#289=EDGE_LOOP('',(#1277,#1278,#1279,#1280));
#290=EDGE_LOOP('',(#1281,#1282,#1283,#1284));
#291=EDGE_LOOP('',(#1285,#1286,#1287,#1288));
#292=EDGE_LOOP('',(#1289,#1290,#1291,#1292));
#293=EDGE_LOOP('',(#1293,#1294,#1295,#1296));
#294=EDGE_LOOP('',(#1297));
#295=EDGE_LOOP('',(#1298));
#296=EDGE_LOOP('',(#1299));
#297=EDGE_LOOP('',(#1300,#1301,#1302,#1303));
#298=EDGE_LOOP('',(#1304));
#299=EDGE_LOOP('',(#1305));
#300=EDGE_LOOP('',(#1306));
#301=EDGE_LOOP('',(#1307,#1308,#1309,#1310));
#302=EDGE_LOOP('',(#1311,#1312,#1313,#1314));
#303=EDGE_LOOP('',(#1315,#1316,#1317,#1318));
#304=EDGE_LOOP('',(#1319,#1320,#1321,#1322));
#305=EDGE_LOOP('',(#1323,#1324,#1325,#1326));
#306=EDGE_LOOP('',(#1327,#1328,#1329,#1330));
#307=EDGE_LOOP('',(#1331,#1332,#1333,#1334));
#308=EDGE_LOOP('',(#1335,#1336,#1337,#1338));
#309=EDGE_LOOP('',(#1339));
#310=EDGE_LOOP('',(#1340,#1341,#1342,#1343));
#311=EDGE_LOOP('',(#1344,#1345,#1346,#1347));
#312=EDGE_LOOP('',(#1348,#1349,#1350,#1351));
#313=EDGE_LOOP('',(#1352,#1353,#1354,#1355));
#314=EDGE_LOOP('',(#1356,#1357,#1358,#1359));
#315=EDGE_LOOP('',(#1360,#1361,#1362,#1363));
#316=EDGE_LOOP('',(#1364,#1365,#1366,#1367));
#317=EDGE_LOOP('',(#1368,#1369,#1370,#1371));
#318=EDGE_LOOP('',(#1372));
#319=EDGE_LOOP('',(#1373,#1374,#1375,#1376));
#320=EDGE_LOOP('',(#1377,#1378,#1379,#1380));
#321=EDGE_LOOP('',(#1381,#1382,#1383,#1384));
#322=EDGE_LOOP('',(#1385,#1386,#1387,#1388));
#323=EDGE_LOOP('',(#1389,#1390,#1391,#1392));
#324=EDGE_LOOP('',(#1393,#1394,#1395,#1396));
#325=EDGE_LOOP('',(#1397,#1398,#1399,#1400));
#326=EDGE_LOOP('',(#1401,#1402,#1403,#1404));
#327=EDGE_LOOP('',(#1405));
#328=EDGE_LOOP('',(#1406,#1407,#1408,#1409));
#329=EDGE_LOOP('',(#1410));
#330=EDGE_LOOP('',(#1411,#1412,#1413,#1414));
#331=EDGE_LOOP('',(#1415,#1416,#1417,#1418));
#332=EDGE_LOOP('',(#1419,#1420,#1421,#1422));
#333=EDGE_LOOP('',(#1423,#1424,#1425,#1426));
#334=EDGE_LOOP('',(#1427,#1428,#1429,#1430));
#335=EDGE_LOOP('',(#1431,#1432,#1433,#1434));
#336=EDGE_LOOP('',(#1435,#1436,#1437,#1438));
#337=EDGE_LOOP('',(#1439,#1440,#1441,#1442));
#338=EDGE_LOOP('',(#1443));
#339=EDGE_LOOP('',(#1444));
#340=EDGE_LOOP('',(#1445));
#341=EDGE_LOOP('',(#1446,#1447,#1448,#1449));
#342=EDGE_LOOP('',(#1450));
#343=EDGE_LOOP('',(#1451));
#344=EDGE_LOOP('',(#1452));
#345=EDGE_LOOP('',(#1453,#1454,#1455,#1456));
#346=EDGE_LOOP('',(#1457,#1458,#1459,#1460));
#347=EDGE_LOOP('',(#1461,#1462,#1463,#1464));
#348=EDGE_LOOP('',(#1465,#1466,#1467,#1468));
#349=EDGE_LOOP('',(#1469,#1470,#1471,#1472));
#350=EDGE_LOOP('',(#1473,#1474,#1475,#1476));
#351=EDGE_LOOP('',(#1477,#1478,#1479,#1480));
#352=EDGE_LOOP('',(#1481,#1482,#1483,#1484));
#353=EDGE_LOOP('',(#1485));
#354=EDGE_LOOP('',(#1486,#1487,#1488,#1489));
#355=EDGE_LOOP('',(#1490));
#356=EDGE_LOOP('',(#1491,#1492,#1493,#1494));
#357=EDGE_LOOP('',(#1495,#1496,#1497,#1498));
#358=EDGE_LOOP('',(#1499,#1500,#1501,#1502));
#359=EDGE_LOOP('',(#1503,#1504,#1505,#1506));
#360=EDGE_LOOP('',(#1507,#1508,#1509,#1510));
#361=EDGE_LOOP('',(#1511,#1512,#1513,#1514));
#362=EDGE_LOOP('',(#1515,#1516,#1517,#1518));
#363=EDGE_LOOP('',(#1519,#1520,#1521,#1522));
#364=EDGE_LOOP('',(#1523,#1524,#1525,#1526));
#365=EDGE_LOOP('',(#1527,#1528,#1529,#1530));
#366=EDGE_LOOP('',(#1531,#1532,#1533,#1534));
#367=EDGE_LOOP('',(#1535,#1536,#1537,#1538));
#368=EDGE_LOOP('',(#1539,#1540,#1541,#1542));
#369=EDGE_LOOP('',(#1543,#1544,#1545,#1546));
#370=EDGE_LOOP('',(#1547,#1548,#1549,#1550));
#371=EDGE_LOOP('',(#1551,#1552,#1553,#1554));
#372=EDGE_LOOP('',(#1555,#1556,#1557,#1558));
#373=EDGE_LOOP('',(#1559,#1560,#1561,#1562));
#374=EDGE_LOOP('',(#1563,#1564,#1565,#1566));
#375=EDGE_LOOP('',(#1567,#1568,#1569,#1570));
#376=EDGE_LOOP('',(#1571,#1572,#1573,#1574));
#377=EDGE_LOOP('',(#1575,#1576,#1577,#1578));
#378=EDGE_LOOP('',(#1579,#1580,#1581,#1582));
#379=EDGE_LOOP('',(#1583,#1584,#1585,#1586));
#380=EDGE_LOOP('',(#1587,#1588,#1589,#1590));
#381=EDGE_LOOP('',(#1591,#1592,#1593,#1594));
#382=EDGE_LOOP('',(#1595,#1596,#1597,#1598));
#383=EDGE_LOOP('',(#1599,#1600,#1601,#1602));
#384=EDGE_LOOP('',(#1603,#1604,#1605,#1606));
#385=LINE('',#2380,#547);
#386=LINE('',#2386,#548);
#387=LINE('',#2392,#549);
#388=LINE('',#2398,#550);
#389=LINE('',#2404,#551);
#390=LINE('',#2410,#552);
#391=LINE('',#2416,#553);
#392=LINE('',#2422,#554);
#393=LINE('',#2428,#555);
#394=LINE('',#2434,#556);
#395=LINE('',#2440,#557);
#396=LINE('',#2446,#558);
#397=LINE('',#2452,#559);
#398=LINE('',#2458,#560);
#399=LINE('',#2463,#561);
#400=LINE('',#2465,#562);
#401=LINE('',#2467,#563);
#402=LINE('',#2468,#564);
#403=LINE('',#2472,#565);
#404=LINE('',#2474,#566);
#405=LINE('',#2476,#567);
#406=LINE('',#2477,#568);
#407=LINE('',#2481,#569);
#408=LINE('',#2485,#570);
#409=LINE('',#2490,#571);
#410=LINE('',#2494,#572);
#411=LINE('',#2499,#573);
#412=LINE('',#2503,#574);
#413=LINE('',#2510,#575);
#414=LINE('',#2513,#576);
#415=LINE('',#2516,#577);
#416=LINE('',#2517,#578);
#417=LINE('',#2519,#579);
#418=LINE('',#2520,#580);
#419=LINE('',#2522,#581);
#420=LINE('',#2523,#582);
#421=LINE('',#2524,#583);
#422=LINE('',#2525,#584);
#423=LINE('',#2530,#585);
#424=LINE('',#2534,#586);
#425=LINE('',#2538,#587);
#426=LINE('',#2541,#588);
#427=LINE('',#2544,#589);
#428=LINE('',#2545,#590);
#429=LINE('',#2547,#591);
#430=LINE('',#2548,#592);
#431=LINE('',#2553,#593);
#432=LINE('',#2555,#594);
#433=LINE('',#2556,#595);
#434=LINE('',#2557,#596);
#435=LINE('',#2559,#597);
#436=LINE('',#2560,#598);
#437=LINE('',#2561,#599);
#438=LINE('',#2562,#600);
#439=LINE('',#2565,#601);
#440=LINE('',#2569,#602);
#441=LINE('',#2573,#603);
#442=LINE('',#2577,#604);
#443=LINE('',#2581,#605);
#444=LINE('',#2583,#606);
#445=LINE('',#2584,#607);
#446=LINE('',#2585,#608);
#447=LINE('',#2630,#609);
#448=LINE('',#2796,#610);
#449=LINE('',#2841,#611);
#450=LINE('',#2843,#612);
#451=LINE('',#2846,#613);
#452=LINE('',#2848,#614);
#453=LINE('',#2849,#615);
#454=LINE('',#2853,#616);
#455=LINE('',#2854,#617);
#456=LINE('',#2855,#618);
#457=LINE('',#2857,#619);
#458=LINE('',#2858,#620);
#459=LINE('',#2902,#621);
#460=LINE('',#3067,#622);
#461=LINE('',#3135,#623);
#462=LINE('',#3138,#624);
#463=LINE('',#3141,#625);
#464=LINE('',#3143,#626);
#465=LINE('',#3144,#627);
#466=LINE('',#3146,#628);
#467=LINE('',#3147,#629);
#468=LINE('',#3191,#630);
#469=LINE('',#3232,#631);
#470=LINE('',#3381,#632);
#471=LINE('',#3427,#633);
#472=LINE('',#3431,#634);
#473=LINE('',#3432,#635);
#474=LINE('',#3433,#636);
#475=LINE('',#3435,#637);
#476=LINE('',#3436,#638);
#477=LINE('',#3481,#639);
#478=LINE('',#3647,#640);
#479=LINE('',#3715,#641);
#480=LINE('',#3717,#642);
#481=LINE('',#3719,#643);
#482=LINE('',#3722,#644);
#483=LINE('',#3724,#645);
#484=LINE('',#3725,#646);
#485=LINE('',#3728,#647);
#486=LINE('',#3730,#648);
#487=LINE('',#3731,#649);
#488=LINE('',#3733,#650);
#489=LINE('',#3734,#651);
#490=LINE('',#3779,#652);
#491=LINE('',#3945,#653);
#492=LINE('',#3990,#654);
#493=LINE('',#3992,#655);
#494=LINE('',#3995,#656);
#495=LINE('',#3997,#657);
#496=LINE('',#3998,#658);
#497=LINE('',#4002,#659);
#498=LINE('',#4003,#660);
#499=LINE('',#4004,#661);
#500=LINE('',#4006,#662);
#501=LINE('',#4007,#663);
#502=LINE('',#4052,#664);
#503=LINE('',#4093,#665);
#504=LINE('',#4243,#666);
#505=LINE('',#4288,#667);
#506=LINE('',#4290,#668);
#507=LINE('',#4293,#669);
#508=LINE('',#4295,#670);
#509=LINE('',#4296,#671);
#510=LINE('',#4300,#672);
#511=LINE('',#4301,#673);
#512=LINE('',#4302,#674);
#513=LINE('',#4304,#675);
#514=LINE('',#4305,#676);
#515=LINE('',#4309,#677);
#516=LINE('',#4310,#678);
#517=LINE('',#4312,#679);
#518=LINE('',#4314,#680);
#519=LINE('',#4316,#681);
#520=LINE('',#4318,#682);
#521=LINE('',#4320,#683);
#522=LINE('',#4322,#684);
#523=LINE('',#4327,#685);
#524=LINE('',#4329,#686);
#525=LINE('',#4331,#687);
#526=LINE('',#4332,#688);
#527=LINE('',#4335,#689);
#528=LINE('',#4337,#690);
#529=LINE('',#4338,#691);
#530=LINE('',#4341,#692);
#531=LINE('',#4343,#693);
#532=LINE('',#4344,#694);
#533=LINE('',#4346,#695);
#534=LINE('',#4348,#696);
#535=LINE('',#4360,#697);
#536=LINE('',#4362,#698);
#537=LINE('',#4364,#699);
#538=LINE('',#4365,#700);
#539=LINE('',#4368,#701);
#540=LINE('',#4370,#702);
#541=LINE('',#4371,#703);
#542=LINE('',#4374,#704);
#543=LINE('',#4376,#705);
#544=LINE('',#4377,#706);
#545=LINE('',#4379,#707);
#546=LINE('',#4381,#708);
#547=VECTOR('',#1921,4.5);
#548=VECTOR('',#1928,4.5);
#549=VECTOR('',#1935,4.5);
#550=VECTOR('',#1942,4.5);
#551=VECTOR('',#1949,1.59999999999988);
#552=VECTOR('',#1956,1.59999999999988);
#553=VECTOR('',#1963,1.59999999999989);
#554=VECTOR('',#1970,1.59999999999989);
#555=VECTOR('',#1977,1.59999999999989);
#556=VECTOR('',#1984,1.59999999999989);
#557=VECTOR('',#1991,1.59999999999989);
#558=VECTOR('',#1998,1.59999999999989);
#559=VECTOR('',#2005,1.59999999999989);
#560=VECTOR('',#2012,1.59999999999989);
#561=VECTOR('',#2017,1000.);
#562=VECTOR('',#2018,1000.);
#563=VECTOR('',#2019,1000.);
#564=VECTOR('',#2020,1000.);
#565=VECTOR('',#2023,1000.);
#566=VECTOR('',#2024,1000.);
#567=VECTOR('',#2025,1000.);
#568=VECTOR('',#2026,1000.);
#569=VECTOR('',#2029,1000.);
#570=VECTOR('',#2032,1000.);
#571=VECTOR('',#2037,1000.);
#572=VECTOR('',#2040,1000.);
#573=VECTOR('',#2045,1000.);
#574=VECTOR('',#2048,1000.);
#575=VECTOR('',#2055,1000.);
#576=VECTOR('',#2058,1000.);
#577=VECTOR('',#2061,1000.);
#578=VECTOR('',#2062,1000.);
#579=VECTOR('',#2063,1000.);
#580=VECTOR('',#2064,1000.);
#581=VECTOR('',#2067,1000.);
#582=VECTOR('',#2068,1000.);
#583=VECTOR('',#2069,1000.);
#584=VECTOR('',#2070,1000.);
#585=VECTOR('',#2073,1000.);
#586=VECTOR('',#2076,1000.);
#587=VECTOR('',#2079,1000.);
#588=VECTOR('',#2082,1000.);
#589=VECTOR('',#2085,1000.);
#590=VECTOR('',#2086,1000.);
#591=VECTOR('',#2087,1000.);
#592=VECTOR('',#2088,1000.);
#593=VECTOR('',#2095,1000.);
#594=VECTOR('',#2096,1000.);
#595=VECTOR('',#2097,1000.);
#596=VECTOR('',#2098,1000.);
#597=VECTOR('',#2101,1000.);
#598=VECTOR('',#2102,1000.);
#599=VECTOR('',#2103,1000.);
#600=VECTOR('',#2104,1000.);
#601=VECTOR('',#2105,1000.);
#602=VECTOR('',#2108,1000.);
#603=VECTOR('',#2111,1000.);
#604=VECTOR('',#2114,1000.);
#605=VECTOR('',#2119,1000.);
#606=VECTOR('',#2120,1000.);
#607=VECTOR('',#2121,1000.);
#608=VECTOR('',#2122,1000.);
#609=VECTOR('',#2127,1000.);
#610=VECTOR('',#2128,1000.);
#611=VECTOR('',#2131,1000.);
#612=VECTOR('',#2134,1000.);
#613=VECTOR('',#2137,1000.);
#614=VECTOR('',#2138,1000.);
#615=VECTOR('',#2139,1000.);
#616=VECTOR('',#2142,1000.);
#617=VECTOR('',#2143,1000.);
#618=VECTOR('',#2144,1000.);
#619=VECTOR('',#2147,1000.);
#620=VECTOR('',#2148,1000.);
#621=VECTOR('',#2153,1000.);
#622=VECTOR('',#2154,1000.);
#623=VECTOR('',#2155,1000.);
#624=VECTOR('',#2160,1000.);
#625=VECTOR('',#2163,1000.);
#626=VECTOR('',#2164,1000.);
#627=VECTOR('',#2165,1000.);
#628=VECTOR('',#2168,1000.);
#629=VECTOR('',#2169,1000.);
#630=VECTOR('',#2174,1000.);
#631=VECTOR('',#2175,1000.);
#632=VECTOR('',#2176,1000.);
#633=VECTOR('',#2181,1000.);
#634=VECTOR('',#2184,1000.);
#635=VECTOR('',#2185,1000.);
#636=VECTOR('',#2186,1000.);
#637=VECTOR('',#2189,1000.);
#638=VECTOR('',#2190,1000.);
#639=VECTOR('',#2195,1000.);
#640=VECTOR('',#2196,1000.);
#641=VECTOR('',#2197,1000.);
#642=VECTOR('',#2200,1000.);
#643=VECTOR('',#2203,1000.);
#644=VECTOR('',#2206,1000.);
#645=VECTOR('',#2207,1000.);
#646=VECTOR('',#2208,1000.);
#647=VECTOR('',#2211,1000.);
#648=VECTOR('',#2212,1000.);
#649=VECTOR('',#2213,1000.);
#650=VECTOR('',#2216,1000.);
#651=VECTOR('',#2217,1000.);
#652=VECTOR('',#2222,1000.);
#653=VECTOR('',#2223,1000.);
#654=VECTOR('',#2226,1000.);
#655=VECTOR('',#2229,1000.);
#656=VECTOR('',#2232,1000.);
#657=VECTOR('',#2233,1000.);
#658=VECTOR('',#2234,1000.);
#659=VECTOR('',#2237,1000.);
#660=VECTOR('',#2238,1000.);
#661=VECTOR('',#2239,1000.);
#662=VECTOR('',#2242,1000.);
#663=VECTOR('',#2243,1000.);
#664=VECTOR('',#2248,1000.);
#665=VECTOR('',#2249,1000.);
#666=VECTOR('',#2250,1000.);
#667=VECTOR('',#2253,1000.);
#668=VECTOR('',#2256,1000.);
#669=VECTOR('',#2259,1000.);
#670=VECTOR('',#2260,1000.);
#671=VECTOR('',#2261,1000.);
#672=VECTOR('',#2264,1000.);
#673=VECTOR('',#2265,1000.);
#674=VECTOR('',#2266,1000.);
#675=VECTOR('',#2269,1000.);
#676=VECTOR('',#2270,1000.);
#677=VECTOR('',#2277,1000.);
#678=VECTOR('',#2278,1000.);
#679=VECTOR('',#2281,1000.);
#680=VECTOR('',#2284,1000.);
#681=VECTOR('',#2287,1000.);
#682=VECTOR('',#2290,1000.);
#683=VECTOR('',#2293,1000.);
#684=VECTOR('',#2296,1000.);
#685=VECTOR('',#2301,1000.);
#686=VECTOR('',#2302,1000.);
#687=VECTOR('',#2303,1000.);
#688=VECTOR('',#2304,1000.);
#689=VECTOR('',#2307,1000.);
#690=VECTOR('',#2308,1000.);
#691=VECTOR('',#2309,1000.);
#692=VECTOR('',#2312,1000.);
#693=VECTOR('',#2313,1000.);
#694=VECTOR('',#2314,1000.);
#695=VECTOR('',#2317,1000.);
#696=VECTOR('',#2320,1000.);
#697=VECTOR('',#2339,1000.);
#698=VECTOR('',#2340,1000.);
#699=VECTOR('',#2341,1000.);
#700=VECTOR('',#2342,1000.);
#701=VECTOR('',#2345,1000.);
#702=VECTOR('',#2346,1000.);
#703=VECTOR('',#2347,1000.);
#704=VECTOR('',#2350,1000.);
#705=VECTOR('',#2351,1000.);
#706=VECTOR('',#2352,1000.);
#707=VECTOR('',#2355,1000.);
#708=VECTOR('',#2358,1000.);
#709=CIRCLE('',#1768,4.5);
#710=CIRCLE('',#1769,4.5);
#711=CIRCLE('',#1771,4.5);
#712=CIRCLE('',#1772,4.5);
#713=CIRCLE('',#1774,4.5);
#714=CIRCLE('',#1775,4.5);
#715=CIRCLE('',#1777,4.5);
#716=CIRCLE('',#1778,4.5);
#717=CIRCLE('',#1780,1.59999999999988);
#718=CIRCLE('',#1781,1.59999999999991);
#719=CIRCLE('',#1783,1.59999999999988);
#720=CIRCLE('',#1784,1.59999999999988);
#721=CIRCLE('',#1786,1.59999999999989);
#722=CIRCLE('',#1787,1.59999999999989);
#723=CIRCLE('',#1789,1.59999999999989);
#724=CIRCLE('',#1790,1.59999999999993);
#725=CIRCLE('',#1792,1.59999999999989);
#726=CIRCLE('',#1793,1.59999999999989);
#727=CIRCLE('',#1795,1.59999999999989);
#728=CIRCLE('',#1796,1.59999999999993);
#729=CIRCLE('',#1798,1.59999999999989);
#730=CIRCLE('',#1799,1.59999999999993);
#731=CIRCLE('',#1801,1.59999999999989);
#732=CIRCLE('',#1802,1.59999999999989);
#733=CIRCLE('',#1804,1.59999999999989);
#734=CIRCLE('',#1805,1.59999999999989);
#735=CIRCLE('',#1807,1.59999999999989);
#736=CIRCLE('',#1808,1.59999999999992);
#737=CIRCLE('',#1812,1.20000000000001);
#738=CIRCLE('',#1813,2.);
#739=CIRCLE('',#1815,1.20000000000001);
#740=CIRCLE('',#1816,2.);
#741=CIRCLE('',#1818,1.20000000000001);
#742=CIRCLE('',#1819,2.);
#743=CIRCLE('',#1821,1.20000000000001);
#744=CIRCLE('',#1822,2.);
#745=CIRCLE('',#1825,4.);
#746=CIRCLE('',#1826,4.);
#747=CIRCLE('',#1827,4.);
#748=CIRCLE('',#1828,4.);
#749=CIRCLE('',#1834,4.);
#750=CIRCLE('',#1835,4.);
#751=CIRCLE('',#1836,4.);
#752=CIRCLE('',#1837,4.);
#753=CIRCLE('',#1895,0.0500000000000169);
#754=CIRCLE('',#1896,0.850000000000017);
#755=CIRCLE('',#1898,0.0500000000000169);
#756=CIRCLE('',#1899,0.850000000000017);
#757=CIRCLE('',#1908,0.0499999999999774);
#758=CIRCLE('',#1909,0.849999999999978);
#759=CIRCLE('',#1911,0.0499999999999774);
#760=CIRCLE('',#1912,0.849999999999978);
#761=VERTEX_POINT('',#2377);
#762=VERTEX_POINT('',#2379);
#763=VERTEX_POINT('',#2383);
#764=VERTEX_POINT('',#2385);
#765=VERTEX_POINT('',#2389);
#766=VERTEX_POINT('',#2391);
#767=VERTEX_POINT('',#2395);
#768=VERTEX_POINT('',#2397);
#769=VERTEX_POINT('',#2401);
#770=VERTEX_POINT('',#2403);
#771=VERTEX_POINT('',#2407);
#772=VERTEX_POINT('',#2409);
#773=VERTEX_POINT('',#2413);
#774=VERTEX_POINT('',#2415);
#775=VERTEX_POINT('',#2419);
#776=VERTEX_POINT('',#2421);
#777=VERTEX_POINT('',#2425);
#778=VERTEX_POINT('',#2427);
#779=VERTEX_POINT('',#2431);
#780=VERTEX_POINT('',#2433);
#781=VERTEX_POINT('',#2437);
#782=VERTEX_POINT('',#2439);
#783=VERTEX_POINT('',#2443);
#784=VERTEX_POINT('',#2445);
#785=VERTEX_POINT('',#2449);
#786=VERTEX_POINT('',#2451);
#787=VERTEX_POINT('',#2455);
#788=VERTEX_POINT('',#2457);
#789=VERTEX_POINT('',#2461);
#790=VERTEX_POINT('',#2462);
#791=VERTEX_POINT('',#2464);
#792=VERTEX_POINT('',#2466);
#793=VERTEX_POINT('',#2470);
#794=VERTEX_POINT('',#2471);
#795=VERTEX_POINT('',#2473);
#796=VERTEX_POINT('',#2475);
#797=VERTEX_POINT('',#2479);
#798=VERTEX_POINT('',#2480);
#799=VERTEX_POINT('',#2482);
#800=VERTEX_POINT('',#2484);
#801=VERTEX_POINT('',#2488);
#802=VERTEX_POINT('',#2489);
#803=VERTEX_POINT('',#2491);
#804=VERTEX_POINT('',#2493);
#805=VERTEX_POINT('',#2497);
#806=VERTEX_POINT('',#2498);
#807=VERTEX_POINT('',#2500);
#808=VERTEX_POINT('',#2502);
#809=VERTEX_POINT('',#2506);
#810=VERTEX_POINT('',#2507);
#811=VERTEX_POINT('',#2509);
#812=VERTEX_POINT('',#2511);
#813=VERTEX_POINT('',#2515);
#814=VERTEX_POINT('',#2518);
#815=VERTEX_POINT('',#2526);
#816=VERTEX_POINT('',#2527);
#817=VERTEX_POINT('',#2529);
#818=VERTEX_POINT('',#2531);
#819=VERTEX_POINT('',#2533);
#820=VERTEX_POINT('',#2535);
#821=VERTEX_POINT('',#2537);
#822=VERTEX_POINT('',#2539);
#823=VERTEX_POINT('',#2543);
#824=VERTEX_POINT('',#2546);
#825=VERTEX_POINT('',#2552);
#826=VERTEX_POINT('',#2554);
#827=VERTEX_POINT('',#2563);
#828=VERTEX_POINT('',#2564);
#829=VERTEX_POINT('',#2566);
#830=VERTEX_POINT('',#2568);
#831=VERTEX_POINT('',#2570);
#832=VERTEX_POINT('',#2572);
#833=VERTEX_POINT('',#2574);
#834=VERTEX_POINT('',#2576);
#835=VERTEX_POINT('',#2580);
#836=VERTEX_POINT('',#2582);
#837=VERTEX_POINT('',#2628);
#838=VERTEX_POINT('',#2629);
#839=VERTEX_POINT('',#2754);
#840=VERTEX_POINT('',#2795);
#841=VERTEX_POINT('',#2845);
#842=VERTEX_POINT('',#2847);
#843=VERTEX_POINT('',#2851);
#844=VERTEX_POINT('',#2852);
#845=VERTEX_POINT('',#2901);
#846=VERTEX_POINT('',#3026);
#847=VERTEX_POINT('',#3140);
#848=VERTEX_POINT('',#3142);
#849=VERTEX_POINT('',#3190);
#850=VERTEX_POINT('',#3340);
#851=VERTEX_POINT('',#3429);
#852=VERTEX_POINT('',#3430);
#853=VERTEX_POINT('',#3479);
#854=VERTEX_POINT('',#3480);
#855=VERTEX_POINT('',#3605);
#856=VERTEX_POINT('',#3646);
#857=VERTEX_POINT('',#3721);
#858=VERTEX_POINT('',#3723);
#859=VERTEX_POINT('',#3727);
#860=VERTEX_POINT('',#3729);
#861=VERTEX_POINT('',#3777);
#862=VERTEX_POINT('',#3778);
#863=VERTEX_POINT('',#3903);
#864=VERTEX_POINT('',#3944);
#865=VERTEX_POINT('',#3994);
#866=VERTEX_POINT('',#3996);
#867=VERTEX_POINT('',#4000);
#868=VERTEX_POINT('',#4001);
#869=VERTEX_POINT('',#4050);
#870=VERTEX_POINT('',#4051);
#871=VERTEX_POINT('',#4201);
#872=VERTEX_POINT('',#4242);
#873=VERTEX_POINT('',#4292);
#874=VERTEX_POINT('',#4294);
#875=VERTEX_POINT('',#4298);
#876=VERTEX_POINT('',#4299);
#877=VERTEX_POINT('',#4325);
#878=VERTEX_POINT('',#4326);
#879=VERTEX_POINT('',#4328);
#880=VERTEX_POINT('',#4330);
#881=VERTEX_POINT('',#4334);
#882=VERTEX_POINT('',#4336);
#883=VERTEX_POINT('',#4340);
#884=VERTEX_POINT('',#4342);
#885=VERTEX_POINT('',#4358);
#886=VERTEX_POINT('',#4359);
#887=VERTEX_POINT('',#4361);
#888=VERTEX_POINT('',#4363);
#889=VERTEX_POINT('',#4367);
#890=VERTEX_POINT('',#4369);
#891=VERTEX_POINT('',#4373);
#892=VERTEX_POINT('',#4375);
#893=EDGE_CURVE('',#761,#761,#709,.T.);
#894=EDGE_CURVE('',#761,#762,#385,.T.);
#895=EDGE_CURVE('',#762,#762,#710,.T.);
#896=EDGE_CURVE('',#763,#763,#711,.T.);
#897=EDGE_CURVE('',#763,#764,#386,.T.);
#898=EDGE_CURVE('',#764,#764,#712,.T.);
#899=EDGE_CURVE('',#765,#765,#713,.T.);
#900=EDGE_CURVE('',#765,#766,#387,.T.);
#901=EDGE_CURVE('',#766,#766,#714,.T.);
#902=EDGE_CURVE('',#767,#767,#715,.T.);
#903=EDGE_CURVE('',#767,#768,#388,.T.);
#904=EDGE_CURVE('',#768,#768,#716,.T.);
#905=EDGE_CURVE('',#769,#769,#717,.T.);
#906=EDGE_CURVE('',#769,#770,#389,.T.);
#907=EDGE_CURVE('',#770,#770,#718,.T.);
#908=EDGE_CURVE('',#771,#771,#719,.T.);
#909=EDGE_CURVE('',#771,#772,#390,.T.);
#910=EDGE_CURVE('',#772,#772,#720,.T.);
#911=EDGE_CURVE('',#773,#773,#721,.T.);
#912=EDGE_CURVE('',#773,#774,#391,.T.);
#913=EDGE_CURVE('',#774,#774,#722,.T.);
#914=EDGE_CURVE('',#775,#775,#723,.T.);
#915=EDGE_CURVE('',#775,#776,#392,.T.);
#916=EDGE_CURVE('',#776,#776,#724,.T.);
#917=EDGE_CURVE('',#777,#777,#725,.T.);
#918=EDGE_CURVE('',#777,#778,#393,.T.);
#919=EDGE_CURVE('',#778,#778,#726,.T.);
#920=EDGE_CURVE('',#779,#779,#727,.T.);
#921=EDGE_CURVE('',#779,#780,#394,.T.);
#922=EDGE_CURVE('',#780,#780,#728,.T.);
#923=EDGE_CURVE('',#781,#781,#729,.T.);
#924=EDGE_CURVE('',#781,#782,#395,.T.);
#925=EDGE_CURVE('',#782,#782,#730,.T.);
#926=EDGE_CURVE('',#783,#783,#731,.T.);
#927=EDGE_CURVE('',#783,#784,#396,.T.);
#928=EDGE_CURVE('',#784,#784,#732,.T.);
#929=EDGE_CURVE('',#785,#785,#733,.T.);
#930=EDGE_CURVE('',#785,#786,#397,.T.);
#931=EDGE_CURVE('',#786,#786,#734,.T.);
#932=EDGE_CURVE('',#787,#787,#735,.T.);
#933=EDGE_CURVE('',#787,#788,#398,.T.);
#934=EDGE_CURVE('',#788,#788,#736,.T.);
#935=EDGE_CURVE('',#789,#790,#399,.T.);
#936=EDGE_CURVE('',#791,#789,#400,.T.);
#937=EDGE_CURVE('',#792,#791,#401,.T.);
#938=EDGE_CURVE('',#790,#792,#402,.T.);
#939=EDGE_CURVE('',#793,#794,#403,.T.);
#940=EDGE_CURVE('',#795,#793,#404,.T.);
#941=EDGE_CURVE('',#796,#795,#405,.T.);
#942=EDGE_CURVE('',#794,#796,#406,.T.);
#943=EDGE_CURVE('',#797,#798,#407,.T.);
#944=EDGE_CURVE('',#797,#799,#737,.T.);
#945=EDGE_CURVE('',#799,#800,#408,.T.);
#946=EDGE_CURVE('',#798,#800,#738,.T.);
#947=EDGE_CURVE('',#801,#802,#409,.T.);
#948=EDGE_CURVE('',#801,#803,#739,.T.);
#949=EDGE_CURVE('',#803,#804,#410,.T.);
#950=EDGE_CURVE('',#802,#804,#740,.T.);
#951=EDGE_CURVE('',#805,#806,#411,.T.);
#952=EDGE_CURVE('',#805,#807,#741,.T.);
#953=EDGE_CURVE('',#807,#808,#412,.T.);
#954=EDGE_CURVE('',#806,#808,#742,.T.);
#955=EDGE_CURVE('',#809,#810,#743,.T.);
#956=EDGE_CURVE('',#810,#811,#413,.T.);
#957=EDGE_CURVE('',#812,#811,#744,.T.);
#958=EDGE_CURVE('',#809,#812,#414,.T.);
#959=EDGE_CURVE('',#813,#812,#415,.T.);
#960=EDGE_CURVE('',#812,#808,#416,.T.);
#961=EDGE_CURVE('',#808,#814,#417,.T.);
#962=EDGE_CURVE('',#814,#813,#418,.T.);
#963=EDGE_CURVE('',#798,#811,#419,.T.);
#964=EDGE_CURVE('',#798,#804,#420,.T.);
#965=EDGE_CURVE('',#806,#804,#421,.T.);
#966=EDGE_CURVE('',#806,#811,#422,.T.);
#967=EDGE_CURVE('',#815,#816,#745,.T.);
#968=EDGE_CURVE('',#817,#815,#423,.T.);
#969=EDGE_CURVE('',#818,#817,#746,.T.);
#970=EDGE_CURVE('',#819,#818,#424,.T.);
#971=EDGE_CURVE('',#820,#819,#747,.T.);
#972=EDGE_CURVE('',#821,#820,#425,.T.);
#973=EDGE_CURVE('',#822,#821,#748,.T.);
#974=EDGE_CURVE('',#816,#822,#426,.T.);
#975=EDGE_CURVE('',#823,#802,#427,.T.);
#976=EDGE_CURVE('',#802,#800,#428,.T.);
#977=EDGE_CURVE('',#800,#824,#429,.T.);
#978=EDGE_CURVE('',#824,#823,#430,.T.);
#979=EDGE_CURVE('',#825,#809,#431,.T.);
#980=EDGE_CURVE('',#826,#825,#432,.T.);
#981=EDGE_CURVE('',#807,#826,#433,.T.);
#982=EDGE_CURVE('',#809,#807,#434,.T.);
#983=EDGE_CURVE('',#797,#810,#435,.T.);
#984=EDGE_CURVE('',#805,#810,#436,.T.);
#985=EDGE_CURVE('',#805,#803,#437,.T.);
#986=EDGE_CURVE('',#797,#803,#438,.T.);
#987=EDGE_CURVE('',#827,#828,#439,.T.);
#988=EDGE_CURVE('',#828,#829,#749,.T.);
#989=EDGE_CURVE('',#829,#830,#440,.T.);
#990=EDGE_CURVE('',#830,#831,#750,.T.);
#991=EDGE_CURVE('',#831,#832,#441,.T.);
#992=EDGE_CURVE('',#832,#833,#751,.T.);
#993=EDGE_CURVE('',#833,#834,#442,.T.);
#994=EDGE_CURVE('',#834,#827,#752,.T.);
#995=EDGE_CURVE('',#835,#801,#443,.T.);
#996=EDGE_CURVE('',#836,#835,#444,.T.);
#997=EDGE_CURVE('',#799,#836,#445,.T.);
#998=EDGE_CURVE('',#801,#799,#446,.T.);
#999=EDGE_CURVE('',#837,#838,#447,.T.);
#1000=EDGE_CURVE('',#805,#838,#15,.T.);
#1001=EDGE_CURVE('',#806,#837,#16,.T.);
#1002=EDGE_CURVE('',#839,#803,#17,.T.);
#1003=EDGE_CURVE('',#840,#839,#448,.T.);
#1004=EDGE_CURVE('',#840,#804,#18,.T.);
#1005=EDGE_CURVE('',#840,#837,#449,.T.);
#1006=EDGE_CURVE('',#838,#839,#450,.T.);
#1007=EDGE_CURVE('',#841,#840,#451,.T.);
#1008=EDGE_CURVE('',#842,#841,#452,.T.);
#1009=EDGE_CURVE('',#837,#842,#453,.T.);
#1010=EDGE_CURVE('',#843,#844,#454,.T.);
#1011=EDGE_CURVE('',#844,#839,#455,.T.);
#1012=EDGE_CURVE('',#838,#843,#456,.T.);
#1013=EDGE_CURVE('',#841,#844,#457,.T.);
#1014=EDGE_CURVE('',#843,#842,#458,.T.);
#1015=EDGE_CURVE('',#789,#845,#459,.T.);
#1016=EDGE_CURVE('',#801,#845,#19,.T.);
#1017=EDGE_CURVE('',#802,#789,#20,.T.);
#1018=EDGE_CURVE('',#846,#835,#21,.T.);
#1019=EDGE_CURVE('',#846,#791,#460,.T.);
#1020=EDGE_CURVE('',#791,#823,#22,.T.);
#1021=EDGE_CURVE('',#835,#823,#461,.T.);
#1022=EDGE_CURVE('',#845,#846,#462,.T.);
#1023=EDGE_CURVE('',#845,#847,#463,.T.);
#1024=EDGE_CURVE('',#847,#848,#464,.T.);
#1025=EDGE_CURVE('',#848,#846,#465,.T.);
#1026=EDGE_CURVE('',#847,#790,#466,.T.);
#1027=EDGE_CURVE('',#792,#848,#467,.T.);
#1028=EDGE_CURVE('',#849,#796,#468,.T.);
#1029=EDGE_CURVE('',#826,#849,#23,.T.);
#1030=EDGE_CURVE('',#826,#814,#469,.T.);
#1031=EDGE_CURVE('',#814,#796,#24,.T.);
#1032=EDGE_CURVE('',#850,#807,#25,.T.);
#1033=EDGE_CURVE('',#794,#850,#470,.T.);
#1034=EDGE_CURVE('',#794,#808,#26,.T.);
#1035=EDGE_CURVE('',#849,#850,#471,.T.);
#1036=EDGE_CURVE('',#851,#852,#472,.T.);
#1037=EDGE_CURVE('',#852,#850,#473,.T.);
#1038=EDGE_CURVE('',#849,#851,#474,.T.);
#1039=EDGE_CURVE('',#793,#852,#475,.T.);
#1040=EDGE_CURVE('',#795,#851,#476,.T.);
#1041=EDGE_CURVE('',#853,#854,#477,.T.);
#1042=EDGE_CURVE('',#809,#854,#27,.T.);
#1043=EDGE_CURVE('',#812,#853,#28,.T.);
#1044=EDGE_CURVE('',#855,#825,#29,.T.);
#1045=EDGE_CURVE('',#855,#856,#478,.T.);
#1046=EDGE_CURVE('',#856,#813,#30,.T.);
#1047=EDGE_CURVE('',#825,#813,#479,.T.);
#1048=EDGE_CURVE('',#856,#853,#480,.T.);
#1049=EDGE_CURVE('',#854,#855,#481,.T.);
#1050=EDGE_CURVE('',#853,#857,#482,.T.);
#1051=EDGE_CURVE('',#858,#856,#483,.T.);
#1052=EDGE_CURVE('',#857,#858,#484,.T.);
#1053=EDGE_CURVE('',#854,#859,#485,.T.);
#1054=EDGE_CURVE('',#859,#860,#486,.T.);
#1055=EDGE_CURVE('',#860,#855,#487,.T.);
#1056=EDGE_CURVE('',#859,#857,#488,.T.);
#1057=EDGE_CURVE('',#858,#860,#489,.T.);
#1058=EDGE_CURVE('',#861,#862,#490,.T.);
#1059=EDGE_CURVE('',#797,#862,#31,.T.);
#1060=EDGE_CURVE('',#798,#861,#32,.T.);
#1061=EDGE_CURVE('',#863,#810,#33,.T.);
#1062=EDGE_CURVE('',#864,#863,#491,.T.);
#1063=EDGE_CURVE('',#864,#811,#34,.T.);
#1064=EDGE_CURVE('',#864,#861,#492,.T.);
#1065=EDGE_CURVE('',#862,#863,#493,.T.);
#1066=EDGE_CURVE('',#865,#864,#494,.T.);
#1067=EDGE_CURVE('',#866,#865,#495,.T.);
#1068=EDGE_CURVE('',#861,#866,#496,.T.);
#1069=EDGE_CURVE('',#867,#868,#497,.T.);
#1070=EDGE_CURVE('',#868,#863,#498,.T.);
#1071=EDGE_CURVE('',#862,#867,#499,.T.);
#1072=EDGE_CURVE('',#865,#868,#500,.T.);
#1073=EDGE_CURVE('',#867,#866,#501,.T.);
#1074=EDGE_CURVE('',#869,#870,#502,.T.);
#1075=EDGE_CURVE('',#836,#869,#35,.T.);
#1076=EDGE_CURVE('',#836,#824,#503,.T.);
#1077=EDGE_CURVE('',#824,#870,#36,.T.);
#1078=EDGE_CURVE('',#871,#799,#37,.T.);
#1079=EDGE_CURVE('',#872,#871,#504,.T.);
#1080=EDGE_CURVE('',#872,#800,#38,.T.);
#1081=EDGE_CURVE('',#872,#870,#505,.T.);
#1082=EDGE_CURVE('',#869,#871,#506,.T.);
#1083=EDGE_CURVE('',#873,#872,#507,.T.);
#1084=EDGE_CURVE('',#874,#873,#508,.T.);
#1085=EDGE_CURVE('',#870,#874,#509,.T.);
#1086=EDGE_CURVE('',#875,#876,#510,.T.);
#1087=EDGE_CURVE('',#876,#871,#511,.T.);
#1088=EDGE_CURVE('',#869,#875,#512,.T.);
#1089=EDGE_CURVE('',#873,#876,#513,.T.);
#1090=EDGE_CURVE('',#874,#875,#514,.T.);
#1091=EDGE_CURVE('',#828,#815,#515,.T.);
#1092=EDGE_CURVE('',#829,#816,#516,.T.);
#1093=EDGE_CURVE('',#827,#817,#517,.T.);
#1094=EDGE_CURVE('',#834,#818,#518,.T.);
#1095=EDGE_CURVE('',#833,#819,#519,.T.);
#1096=EDGE_CURVE('',#832,#820,#520,.T.);
#1097=EDGE_CURVE('',#831,#821,#521,.T.);
#1098=EDGE_CURVE('',#830,#822,#522,.T.);
#1099=EDGE_CURVE('',#877,#878,#523,.T.);
#1100=EDGE_CURVE('',#879,#877,#524,.T.);
#1101=EDGE_CURVE('',#879,#880,#525,.T.);
#1102=EDGE_CURVE('',#880,#878,#526,.T.);
#1103=EDGE_CURVE('',#881,#879,#527,.T.);
#1104=EDGE_CURVE('',#881,#882,#528,.T.);
#1105=EDGE_CURVE('',#882,#880,#529,.T.);
#1106=EDGE_CURVE('',#883,#881,#530,.T.);
#1107=EDGE_CURVE('',#883,#884,#531,.T.);
#1108=EDGE_CURVE('',#884,#882,#532,.T.);
#1109=EDGE_CURVE('',#878,#884,#533,.T.);
#1110=EDGE_CURVE('',#877,#883,#534,.T.);
#1111=EDGE_CURVE('',#825,#883,#753,.T.);
#1112=EDGE_CURVE('',#813,#884,#754,.T.);
#1113=EDGE_CURVE('',#877,#826,#755,.T.);
#1114=EDGE_CURVE('',#878,#814,#756,.T.);
#1115=EDGE_CURVE('',#885,#886,#535,.T.);
#1116=EDGE_CURVE('',#887,#885,#536,.T.);
#1117=EDGE_CURVE('',#887,#888,#537,.T.);
#1118=EDGE_CURVE('',#888,#886,#538,.T.);
#1119=EDGE_CURVE('',#889,#887,#539,.T.);
#1120=EDGE_CURVE('',#889,#890,#540,.T.);
#1121=EDGE_CURVE('',#890,#888,#541,.T.);
#1122=EDGE_CURVE('',#891,#889,#542,.T.);
#1123=EDGE_CURVE('',#891,#892,#543,.T.);
#1124=EDGE_CURVE('',#892,#890,#544,.T.);
#1125=EDGE_CURVE('',#886,#892,#545,.T.);
#1126=EDGE_CURVE('',#885,#891,#546,.T.);
#1127=EDGE_CURVE('',#835,#891,#757,.T.);
#1128=EDGE_CURVE('',#823,#892,#758,.T.);
#1129=EDGE_CURVE('',#885,#836,#759,.T.);
#1130=EDGE_CURVE('',#886,#824,#760,.T.);
#1131=ORIENTED_EDGE('',*,*,#893,.F.);
#1132=ORIENTED_EDGE('',*,*,#894,.T.);
#1133=ORIENTED_EDGE('',*,*,#895,.T.);
#1134=ORIENTED_EDGE('',*,*,#894,.F.);
#1135=ORIENTED_EDGE('',*,*,#896,.F.);
#1136=ORIENTED_EDGE('',*,*,#897,.T.);
#1137=ORIENTED_EDGE('',*,*,#898,.T.);
#1138=ORIENTED_EDGE('',*,*,#897,.F.);
#1139=ORIENTED_EDGE('',*,*,#899,.F.);
#1140=ORIENTED_EDGE('',*,*,#900,.T.);
#1141=ORIENTED_EDGE('',*,*,#901,.T.);
#1142=ORIENTED_EDGE('',*,*,#900,.F.);
#1143=ORIENTED_EDGE('',*,*,#902,.F.);
#1144=ORIENTED_EDGE('',*,*,#903,.T.);
#1145=ORIENTED_EDGE('',*,*,#904,.T.);
#1146=ORIENTED_EDGE('',*,*,#903,.F.);
#1147=ORIENTED_EDGE('',*,*,#905,.T.);
#1148=ORIENTED_EDGE('',*,*,#906,.T.);
#1149=ORIENTED_EDGE('',*,*,#907,.T.);
#1150=ORIENTED_EDGE('',*,*,#906,.F.);
#1151=ORIENTED_EDGE('',*,*,#908,.F.);
#1152=ORIENTED_EDGE('',*,*,#909,.T.);
#1153=ORIENTED_EDGE('',*,*,#910,.T.);
#1154=ORIENTED_EDGE('',*,*,#909,.F.);
#1155=ORIENTED_EDGE('',*,*,#911,.F.);
#1156=ORIENTED_EDGE('',*,*,#912,.T.);
#1157=ORIENTED_EDGE('',*,*,#913,.T.);
#1158=ORIENTED_EDGE('',*,*,#912,.F.);
#1159=ORIENTED_EDGE('',*,*,#914,.T.);
#1160=ORIENTED_EDGE('',*,*,#915,.T.);
#1161=ORIENTED_EDGE('',*,*,#916,.T.);
#1162=ORIENTED_EDGE('',*,*,#915,.F.);
#1163=ORIENTED_EDGE('',*,*,#917,.F.);
#1164=ORIENTED_EDGE('',*,*,#918,.T.);
#1165=ORIENTED_EDGE('',*,*,#919,.T.);
#1166=ORIENTED_EDGE('',*,*,#918,.F.);
#1167=ORIENTED_EDGE('',*,*,#920,.T.);
#1168=ORIENTED_EDGE('',*,*,#921,.T.);
#1169=ORIENTED_EDGE('',*,*,#922,.T.);
#1170=ORIENTED_EDGE('',*,*,#921,.F.);
#1171=ORIENTED_EDGE('',*,*,#923,.T.);
#1172=ORIENTED_EDGE('',*,*,#924,.T.);
#1173=ORIENTED_EDGE('',*,*,#925,.T.);
#1174=ORIENTED_EDGE('',*,*,#924,.F.);
#1175=ORIENTED_EDGE('',*,*,#926,.F.);
#1176=ORIENTED_EDGE('',*,*,#927,.T.);
#1177=ORIENTED_EDGE('',*,*,#928,.T.);
#1178=ORIENTED_EDGE('',*,*,#927,.F.);
#1179=ORIENTED_EDGE('',*,*,#929,.F.);
#1180=ORIENTED_EDGE('',*,*,#930,.T.);
#1181=ORIENTED_EDGE('',*,*,#931,.T.);
#1182=ORIENTED_EDGE('',*,*,#930,.F.);
#1183=ORIENTED_EDGE('',*,*,#932,.T.);
#1184=ORIENTED_EDGE('',*,*,#933,.T.);
#1185=ORIENTED_EDGE('',*,*,#934,.T.);
#1186=ORIENTED_EDGE('',*,*,#933,.F.);
#1187=ORIENTED_EDGE('',*,*,#935,.F.);
#1188=ORIENTED_EDGE('',*,*,#936,.F.);
#1189=ORIENTED_EDGE('',*,*,#937,.F.);
#1190=ORIENTED_EDGE('',*,*,#938,.F.);
#1191=ORIENTED_EDGE('',*,*,#907,.F.);
#1192=ORIENTED_EDGE('',*,*,#939,.F.);
#1193=ORIENTED_EDGE('',*,*,#940,.F.);
#1194=ORIENTED_EDGE('',*,*,#941,.F.);
#1195=ORIENTED_EDGE('',*,*,#942,.F.);
#1196=ORIENTED_EDGE('',*,*,#925,.F.);
#1197=ORIENTED_EDGE('',*,*,#943,.F.);
#1198=ORIENTED_EDGE('',*,*,#944,.T.);
#1199=ORIENTED_EDGE('',*,*,#945,.T.);
#1200=ORIENTED_EDGE('',*,*,#946,.F.);
#1201=ORIENTED_EDGE('',*,*,#947,.F.);
#1202=ORIENTED_EDGE('',*,*,#948,.T.);
#1203=ORIENTED_EDGE('',*,*,#949,.T.);
#1204=ORIENTED_EDGE('',*,*,#950,.F.);
#1205=ORIENTED_EDGE('',*,*,#951,.F.);
#1206=ORIENTED_EDGE('',*,*,#952,.T.);
#1207=ORIENTED_EDGE('',*,*,#953,.T.);
#1208=ORIENTED_EDGE('',*,*,#954,.F.);
#1209=ORIENTED_EDGE('',*,*,#955,.T.);
#1210=ORIENTED_EDGE('',*,*,#956,.T.);
#1211=ORIENTED_EDGE('',*,*,#957,.F.);
#1212=ORIENTED_EDGE('',*,*,#958,.F.);
#1213=ORIENTED_EDGE('',*,*,#959,.T.);
#1214=ORIENTED_EDGE('',*,*,#960,.T.);
#1215=ORIENTED_EDGE('',*,*,#961,.T.);
#1216=ORIENTED_EDGE('',*,*,#962,.T.);
#1217=ORIENTED_EDGE('',*,*,#963,.F.);
#1218=ORIENTED_EDGE('',*,*,#964,.T.);
#1219=ORIENTED_EDGE('',*,*,#965,.F.);
#1220=ORIENTED_EDGE('',*,*,#966,.T.);
#1221=ORIENTED_EDGE('',*,*,#967,.F.);
#1222=ORIENTED_EDGE('',*,*,#968,.F.);
#1223=ORIENTED_EDGE('',*,*,#969,.F.);
#1224=ORIENTED_EDGE('',*,*,#970,.F.);
#1225=ORIENTED_EDGE('',*,*,#971,.F.);
#1226=ORIENTED_EDGE('',*,*,#972,.F.);
#1227=ORIENTED_EDGE('',*,*,#973,.F.);
#1228=ORIENTED_EDGE('',*,*,#974,.F.);
#1229=ORIENTED_EDGE('',*,*,#895,.F.);
#1230=ORIENTED_EDGE('',*,*,#898,.F.);
#1231=ORIENTED_EDGE('',*,*,#901,.F.);
#1232=ORIENTED_EDGE('',*,*,#904,.F.);
#1233=ORIENTED_EDGE('',*,*,#975,.T.);
#1234=ORIENTED_EDGE('',*,*,#976,.T.);
#1235=ORIENTED_EDGE('',*,*,#977,.T.);
#1236=ORIENTED_EDGE('',*,*,#978,.T.);
#1237=ORIENTED_EDGE('',*,*,#957,.T.);
#1238=ORIENTED_EDGE('',*,*,#966,.F.);
#1239=ORIENTED_EDGE('',*,*,#954,.T.);
#1240=ORIENTED_EDGE('',*,*,#960,.F.);
#1241=ORIENTED_EDGE('',*,*,#950,.T.);
#1242=ORIENTED_EDGE('',*,*,#964,.F.);
#1243=ORIENTED_EDGE('',*,*,#946,.T.);
#1244=ORIENTED_EDGE('',*,*,#976,.F.);
#1245=ORIENTED_EDGE('',*,*,#979,.F.);
#1246=ORIENTED_EDGE('',*,*,#980,.F.);
#1247=ORIENTED_EDGE('',*,*,#981,.F.);
#1248=ORIENTED_EDGE('',*,*,#982,.F.);
#1249=ORIENTED_EDGE('',*,*,#983,.T.);
#1250=ORIENTED_EDGE('',*,*,#984,.F.);
#1251=ORIENTED_EDGE('',*,*,#985,.T.);
#1252=ORIENTED_EDGE('',*,*,#986,.F.);
#1253=ORIENTED_EDGE('',*,*,#987,.T.);
#1254=ORIENTED_EDGE('',*,*,#988,.T.);
#1255=ORIENTED_EDGE('',*,*,#989,.T.);
#1256=ORIENTED_EDGE('',*,*,#990,.T.);
#1257=ORIENTED_EDGE('',*,*,#991,.T.);
#1258=ORIENTED_EDGE('',*,*,#992,.T.);
#1259=ORIENTED_EDGE('',*,*,#993,.T.);
#1260=ORIENTED_EDGE('',*,*,#994,.T.);
#1261=ORIENTED_EDGE('',*,*,#893,.T.);
#1262=ORIENTED_EDGE('',*,*,#896,.T.);
#1263=ORIENTED_EDGE('',*,*,#899,.T.);
#1264=ORIENTED_EDGE('',*,*,#902,.T.);
#1265=ORIENTED_EDGE('',*,*,#995,.F.);
#1266=ORIENTED_EDGE('',*,*,#996,.F.);
#1267=ORIENTED_EDGE('',*,*,#997,.F.);
#1268=ORIENTED_EDGE('',*,*,#998,.F.);
#1269=ORIENTED_EDGE('',*,*,#955,.F.);
#1270=ORIENTED_EDGE('',*,*,#982,.T.);
#1271=ORIENTED_EDGE('',*,*,#952,.F.);
#1272=ORIENTED_EDGE('',*,*,#984,.T.);
#1273=ORIENTED_EDGE('',*,*,#948,.F.);
#1274=ORIENTED_EDGE('',*,*,#998,.T.);
#1275=ORIENTED_EDGE('',*,*,#944,.F.);
#1276=ORIENTED_EDGE('',*,*,#986,.T.);
#1277=ORIENTED_EDGE('',*,*,#999,.T.);
#1278=ORIENTED_EDGE('',*,*,#1000,.F.);
#1279=ORIENTED_EDGE('',*,*,#951,.T.);
#1280=ORIENTED_EDGE('',*,*,#1001,.T.);
#1281=ORIENTED_EDGE('',*,*,#1002,.F.);
#1282=ORIENTED_EDGE('',*,*,#1003,.F.);
#1283=ORIENTED_EDGE('',*,*,#1004,.T.);
#1284=ORIENTED_EDGE('',*,*,#949,.F.);
#1285=ORIENTED_EDGE('',*,*,#965,.T.);
#1286=ORIENTED_EDGE('',*,*,#1004,.F.);
#1287=ORIENTED_EDGE('',*,*,#1005,.T.);
#1288=ORIENTED_EDGE('',*,*,#1001,.F.);
#1289=ORIENTED_EDGE('',*,*,#985,.F.);
#1290=ORIENTED_EDGE('',*,*,#1000,.T.);
#1291=ORIENTED_EDGE('',*,*,#1006,.T.);
#1292=ORIENTED_EDGE('',*,*,#1002,.T.);
#1293=ORIENTED_EDGE('',*,*,#1007,.F.);
#1294=ORIENTED_EDGE('',*,*,#1008,.F.);
#1295=ORIENTED_EDGE('',*,*,#1009,.F.);
#1296=ORIENTED_EDGE('',*,*,#1005,.F.);
#1297=ORIENTED_EDGE('',*,*,#916,.F.);
#1298=ORIENTED_EDGE('',*,*,#922,.F.);
#1299=ORIENTED_EDGE('',*,*,#934,.F.);
#1300=ORIENTED_EDGE('',*,*,#1010,.T.);
#1301=ORIENTED_EDGE('',*,*,#1011,.T.);
#1302=ORIENTED_EDGE('',*,*,#1006,.F.);
#1303=ORIENTED_EDGE('',*,*,#1012,.T.);
#1304=ORIENTED_EDGE('',*,*,#914,.F.);
#1305=ORIENTED_EDGE('',*,*,#920,.F.);
#1306=ORIENTED_EDGE('',*,*,#932,.F.);
#1307=ORIENTED_EDGE('',*,*,#1008,.T.);
#1308=ORIENTED_EDGE('',*,*,#1013,.T.);
#1309=ORIENTED_EDGE('',*,*,#1010,.F.);
#1310=ORIENTED_EDGE('',*,*,#1014,.T.);
#1311=ORIENTED_EDGE('',*,*,#1012,.F.);
#1312=ORIENTED_EDGE('',*,*,#999,.F.);
#1313=ORIENTED_EDGE('',*,*,#1009,.T.);
#1314=ORIENTED_EDGE('',*,*,#1014,.F.);
#1315=ORIENTED_EDGE('',*,*,#1011,.F.);
#1316=ORIENTED_EDGE('',*,*,#1013,.F.);
#1317=ORIENTED_EDGE('',*,*,#1007,.T.);
#1318=ORIENTED_EDGE('',*,*,#1003,.T.);
#1319=ORIENTED_EDGE('',*,*,#1015,.T.);
#1320=ORIENTED_EDGE('',*,*,#1016,.F.);
#1321=ORIENTED_EDGE('',*,*,#947,.T.);
#1322=ORIENTED_EDGE('',*,*,#1017,.T.);
#1323=ORIENTED_EDGE('',*,*,#1018,.F.);
#1324=ORIENTED_EDGE('',*,*,#1019,.T.);
#1325=ORIENTED_EDGE('',*,*,#1020,.T.);
#1326=ORIENTED_EDGE('',*,*,#1021,.F.);
#1327=ORIENTED_EDGE('',*,*,#975,.F.);
#1328=ORIENTED_EDGE('',*,*,#1020,.F.);
#1329=ORIENTED_EDGE('',*,*,#936,.T.);
#1330=ORIENTED_EDGE('',*,*,#1017,.F.);
#1331=ORIENTED_EDGE('',*,*,#995,.T.);
#1332=ORIENTED_EDGE('',*,*,#1016,.T.);
#1333=ORIENTED_EDGE('',*,*,#1022,.T.);
#1334=ORIENTED_EDGE('',*,*,#1018,.T.);
#1335=ORIENTED_EDGE('',*,*,#1022,.F.);
#1336=ORIENTED_EDGE('',*,*,#1023,.T.);
#1337=ORIENTED_EDGE('',*,*,#1024,.T.);
#1338=ORIENTED_EDGE('',*,*,#1025,.T.);
#1339=ORIENTED_EDGE('',*,*,#905,.F.);
#1340=ORIENTED_EDGE('',*,*,#1024,.F.);
#1341=ORIENTED_EDGE('',*,*,#1026,.T.);
#1342=ORIENTED_EDGE('',*,*,#938,.T.);
#1343=ORIENTED_EDGE('',*,*,#1027,.T.);
#1344=ORIENTED_EDGE('',*,*,#937,.T.);
#1345=ORIENTED_EDGE('',*,*,#1019,.F.);
#1346=ORIENTED_EDGE('',*,*,#1025,.F.);
#1347=ORIENTED_EDGE('',*,*,#1027,.F.);
#1348=ORIENTED_EDGE('',*,*,#1023,.F.);
#1349=ORIENTED_EDGE('',*,*,#1015,.F.);
#1350=ORIENTED_EDGE('',*,*,#935,.T.);
#1351=ORIENTED_EDGE('',*,*,#1026,.F.);
#1352=ORIENTED_EDGE('',*,*,#1028,.F.);
#1353=ORIENTED_EDGE('',*,*,#1029,.F.);
#1354=ORIENTED_EDGE('',*,*,#1030,.T.);
#1355=ORIENTED_EDGE('',*,*,#1031,.T.);
#1356=ORIENTED_EDGE('',*,*,#1032,.F.);
#1357=ORIENTED_EDGE('',*,*,#1033,.F.);
#1358=ORIENTED_EDGE('',*,*,#1034,.T.);
#1359=ORIENTED_EDGE('',*,*,#953,.F.);
#1360=ORIENTED_EDGE('',*,*,#961,.F.);
#1361=ORIENTED_EDGE('',*,*,#1034,.F.);
#1362=ORIENTED_EDGE('',*,*,#942,.T.);
#1363=ORIENTED_EDGE('',*,*,#1031,.F.);
#1364=ORIENTED_EDGE('',*,*,#981,.T.);
#1365=ORIENTED_EDGE('',*,*,#1029,.T.);
#1366=ORIENTED_EDGE('',*,*,#1035,.T.);
#1367=ORIENTED_EDGE('',*,*,#1032,.T.);
#1368=ORIENTED_EDGE('',*,*,#1036,.T.);
#1369=ORIENTED_EDGE('',*,*,#1037,.T.);
#1370=ORIENTED_EDGE('',*,*,#1035,.F.);
#1371=ORIENTED_EDGE('',*,*,#1038,.T.);
#1372=ORIENTED_EDGE('',*,*,#923,.F.);
#1373=ORIENTED_EDGE('',*,*,#940,.T.);
#1374=ORIENTED_EDGE('',*,*,#1039,.T.);
#1375=ORIENTED_EDGE('',*,*,#1036,.F.);
#1376=ORIENTED_EDGE('',*,*,#1040,.F.);
#1377=ORIENTED_EDGE('',*,*,#1038,.F.);
#1378=ORIENTED_EDGE('',*,*,#1028,.T.);
#1379=ORIENTED_EDGE('',*,*,#941,.T.);
#1380=ORIENTED_EDGE('',*,*,#1040,.T.);
#1381=ORIENTED_EDGE('',*,*,#1037,.F.);
#1382=ORIENTED_EDGE('',*,*,#1039,.F.);
#1383=ORIENTED_EDGE('',*,*,#939,.T.);
#1384=ORIENTED_EDGE('',*,*,#1033,.T.);
#1385=ORIENTED_EDGE('',*,*,#1041,.T.);
#1386=ORIENTED_EDGE('',*,*,#1042,.F.);
#1387=ORIENTED_EDGE('',*,*,#958,.T.);
#1388=ORIENTED_EDGE('',*,*,#1043,.T.);
#1389=ORIENTED_EDGE('',*,*,#1044,.F.);
#1390=ORIENTED_EDGE('',*,*,#1045,.T.);
#1391=ORIENTED_EDGE('',*,*,#1046,.T.);
#1392=ORIENTED_EDGE('',*,*,#1047,.F.);
#1393=ORIENTED_EDGE('',*,*,#959,.F.);
#1394=ORIENTED_EDGE('',*,*,#1046,.F.);
#1395=ORIENTED_EDGE('',*,*,#1048,.T.);
#1396=ORIENTED_EDGE('',*,*,#1043,.F.);
#1397=ORIENTED_EDGE('',*,*,#979,.T.);
#1398=ORIENTED_EDGE('',*,*,#1042,.T.);
#1399=ORIENTED_EDGE('',*,*,#1049,.T.);
#1400=ORIENTED_EDGE('',*,*,#1044,.T.);
#1401=ORIENTED_EDGE('',*,*,#1050,.F.);
#1402=ORIENTED_EDGE('',*,*,#1048,.F.);
#1403=ORIENTED_EDGE('',*,*,#1051,.F.);
#1404=ORIENTED_EDGE('',*,*,#1052,.F.);
#1405=ORIENTED_EDGE('',*,*,#926,.T.);
#1406=ORIENTED_EDGE('',*,*,#1049,.F.);
#1407=ORIENTED_EDGE('',*,*,#1053,.T.);
#1408=ORIENTED_EDGE('',*,*,#1054,.T.);
#1409=ORIENTED_EDGE('',*,*,#1055,.T.);
#1410=ORIENTED_EDGE('',*,*,#928,.F.);
#1411=ORIENTED_EDGE('',*,*,#1054,.F.);
#1412=ORIENTED_EDGE('',*,*,#1056,.T.);
#1413=ORIENTED_EDGE('',*,*,#1052,.T.);
#1414=ORIENTED_EDGE('',*,*,#1057,.T.);
#1415=ORIENTED_EDGE('',*,*,#1051,.T.);
#1416=ORIENTED_EDGE('',*,*,#1045,.F.);
#1417=ORIENTED_EDGE('',*,*,#1055,.F.);
#1418=ORIENTED_EDGE('',*,*,#1057,.F.);
#1419=ORIENTED_EDGE('',*,*,#1053,.F.);
#1420=ORIENTED_EDGE('',*,*,#1041,.F.);
#1421=ORIENTED_EDGE('',*,*,#1050,.T.);
#1422=ORIENTED_EDGE('',*,*,#1056,.F.);
#1423=ORIENTED_EDGE('',*,*,#1058,.T.);
#1424=ORIENTED_EDGE('',*,*,#1059,.F.);
#1425=ORIENTED_EDGE('',*,*,#943,.T.);
#1426=ORIENTED_EDGE('',*,*,#1060,.T.);
#1427=ORIENTED_EDGE('',*,*,#1061,.F.);
#1428=ORIENTED_EDGE('',*,*,#1062,.F.);
#1429=ORIENTED_EDGE('',*,*,#1063,.T.);
#1430=ORIENTED_EDGE('',*,*,#956,.F.);
#1431=ORIENTED_EDGE('',*,*,#963,.T.);
#1432=ORIENTED_EDGE('',*,*,#1063,.F.);
#1433=ORIENTED_EDGE('',*,*,#1064,.T.);
#1434=ORIENTED_EDGE('',*,*,#1060,.F.);
#1435=ORIENTED_EDGE('',*,*,#983,.F.);
#1436=ORIENTED_EDGE('',*,*,#1059,.T.);
#1437=ORIENTED_EDGE('',*,*,#1065,.T.);
#1438=ORIENTED_EDGE('',*,*,#1061,.T.);
#1439=ORIENTED_EDGE('',*,*,#1066,.F.);
#1440=ORIENTED_EDGE('',*,*,#1067,.F.);
#1441=ORIENTED_EDGE('',*,*,#1068,.F.);
#1442=ORIENTED_EDGE('',*,*,#1064,.F.);
#1443=ORIENTED_EDGE('',*,*,#911,.T.);
#1444=ORIENTED_EDGE('',*,*,#917,.T.);
#1445=ORIENTED_EDGE('',*,*,#929,.T.);
#1446=ORIENTED_EDGE('',*,*,#1069,.T.);
#1447=ORIENTED_EDGE('',*,*,#1070,.T.);
#1448=ORIENTED_EDGE('',*,*,#1065,.F.);
#1449=ORIENTED_EDGE('',*,*,#1071,.T.);
#1450=ORIENTED_EDGE('',*,*,#913,.F.);
#1451=ORIENTED_EDGE('',*,*,#919,.F.);
#1452=ORIENTED_EDGE('',*,*,#931,.F.);
#1453=ORIENTED_EDGE('',*,*,#1067,.T.);
#1454=ORIENTED_EDGE('',*,*,#1072,.T.);
#1455=ORIENTED_EDGE('',*,*,#1069,.F.);
#1456=ORIENTED_EDGE('',*,*,#1073,.T.);
#1457=ORIENTED_EDGE('',*,*,#1071,.F.);
#1458=ORIENTED_EDGE('',*,*,#1058,.F.);
#1459=ORIENTED_EDGE('',*,*,#1068,.T.);
#1460=ORIENTED_EDGE('',*,*,#1073,.F.);
#1461=ORIENTED_EDGE('',*,*,#1070,.F.);
#1462=ORIENTED_EDGE('',*,*,#1072,.F.);
#1463=ORIENTED_EDGE('',*,*,#1066,.T.);
#1464=ORIENTED_EDGE('',*,*,#1062,.T.);
#1465=ORIENTED_EDGE('',*,*,#1074,.F.);
#1466=ORIENTED_EDGE('',*,*,#1075,.F.);
#1467=ORIENTED_EDGE('',*,*,#1076,.T.);
#1468=ORIENTED_EDGE('',*,*,#1077,.T.);
#1469=ORIENTED_EDGE('',*,*,#1078,.F.);
#1470=ORIENTED_EDGE('',*,*,#1079,.F.);
#1471=ORIENTED_EDGE('',*,*,#1080,.T.);
#1472=ORIENTED_EDGE('',*,*,#945,.F.);
#1473=ORIENTED_EDGE('',*,*,#977,.F.);
#1474=ORIENTED_EDGE('',*,*,#1080,.F.);
#1475=ORIENTED_EDGE('',*,*,#1081,.T.);
#1476=ORIENTED_EDGE('',*,*,#1077,.F.);
#1477=ORIENTED_EDGE('',*,*,#997,.T.);
#1478=ORIENTED_EDGE('',*,*,#1075,.T.);
#1479=ORIENTED_EDGE('',*,*,#1082,.T.);
#1480=ORIENTED_EDGE('',*,*,#1078,.T.);
#1481=ORIENTED_EDGE('',*,*,#1083,.F.);
#1482=ORIENTED_EDGE('',*,*,#1084,.F.);
#1483=ORIENTED_EDGE('',*,*,#1085,.F.);
#1484=ORIENTED_EDGE('',*,*,#1081,.F.);
#1485=ORIENTED_EDGE('',*,*,#908,.T.);
#1486=ORIENTED_EDGE('',*,*,#1086,.T.);
#1487=ORIENTED_EDGE('',*,*,#1087,.T.);
#1488=ORIENTED_EDGE('',*,*,#1082,.F.);
#1489=ORIENTED_EDGE('',*,*,#1088,.T.);
#1490=ORIENTED_EDGE('',*,*,#910,.F.);
#1491=ORIENTED_EDGE('',*,*,#1084,.T.);
#1492=ORIENTED_EDGE('',*,*,#1089,.T.);
#1493=ORIENTED_EDGE('',*,*,#1086,.F.);
#1494=ORIENTED_EDGE('',*,*,#1090,.F.);
#1495=ORIENTED_EDGE('',*,*,#1088,.F.);
#1496=ORIENTED_EDGE('',*,*,#1074,.T.);
#1497=ORIENTED_EDGE('',*,*,#1085,.T.);
#1498=ORIENTED_EDGE('',*,*,#1090,.T.);
#1499=ORIENTED_EDGE('',*,*,#1087,.F.);
#1500=ORIENTED_EDGE('',*,*,#1089,.F.);
#1501=ORIENTED_EDGE('',*,*,#1083,.T.);
#1502=ORIENTED_EDGE('',*,*,#1079,.T.);
#1503=ORIENTED_EDGE('',*,*,#1091,.T.);
#1504=ORIENTED_EDGE('',*,*,#967,.T.);
#1505=ORIENTED_EDGE('',*,*,#1092,.F.);
#1506=ORIENTED_EDGE('',*,*,#988,.F.);
#1507=ORIENTED_EDGE('',*,*,#1093,.T.);
#1508=ORIENTED_EDGE('',*,*,#968,.T.);
#1509=ORIENTED_EDGE('',*,*,#1091,.F.);
#1510=ORIENTED_EDGE('',*,*,#987,.F.);
#1511=ORIENTED_EDGE('',*,*,#1094,.T.);
#1512=ORIENTED_EDGE('',*,*,#969,.T.);
#1513=ORIENTED_EDGE('',*,*,#1093,.F.);
#1514=ORIENTED_EDGE('',*,*,#994,.F.);
#1515=ORIENTED_EDGE('',*,*,#1095,.T.);
#1516=ORIENTED_EDGE('',*,*,#970,.T.);
#1517=ORIENTED_EDGE('',*,*,#1094,.F.);
#1518=ORIENTED_EDGE('',*,*,#993,.F.);
#1519=ORIENTED_EDGE('',*,*,#1096,.T.);
#1520=ORIENTED_EDGE('',*,*,#971,.T.);
#1521=ORIENTED_EDGE('',*,*,#1095,.F.);
#1522=ORIENTED_EDGE('',*,*,#992,.F.);
#1523=ORIENTED_EDGE('',*,*,#1097,.T.);
#1524=ORIENTED_EDGE('',*,*,#972,.T.);
#1525=ORIENTED_EDGE('',*,*,#1096,.F.);
#1526=ORIENTED_EDGE('',*,*,#991,.F.);
#1527=ORIENTED_EDGE('',*,*,#1098,.T.);
#1528=ORIENTED_EDGE('',*,*,#973,.T.);
#1529=ORIENTED_EDGE('',*,*,#1097,.F.);
#1530=ORIENTED_EDGE('',*,*,#990,.F.);
#1531=ORIENTED_EDGE('',*,*,#1092,.T.);
#1532=ORIENTED_EDGE('',*,*,#974,.T.);
#1533=ORIENTED_EDGE('',*,*,#1098,.F.);
#1534=ORIENTED_EDGE('',*,*,#989,.F.);
#1535=ORIENTED_EDGE('',*,*,#1099,.F.);
#1536=ORIENTED_EDGE('',*,*,#1100,.F.);
#1537=ORIENTED_EDGE('',*,*,#1101,.T.);
#1538=ORIENTED_EDGE('',*,*,#1102,.T.);
#1539=ORIENTED_EDGE('',*,*,#1101,.F.);
#1540=ORIENTED_EDGE('',*,*,#1103,.F.);
#1541=ORIENTED_EDGE('',*,*,#1104,.T.);
#1542=ORIENTED_EDGE('',*,*,#1105,.T.);
#1543=ORIENTED_EDGE('',*,*,#1106,.F.);
#1544=ORIENTED_EDGE('',*,*,#1107,.T.);
#1545=ORIENTED_EDGE('',*,*,#1108,.T.);
#1546=ORIENTED_EDGE('',*,*,#1104,.F.);
#1547=ORIENTED_EDGE('',*,*,#1105,.F.);
#1548=ORIENTED_EDGE('',*,*,#1108,.F.);
#1549=ORIENTED_EDGE('',*,*,#1109,.F.);
#1550=ORIENTED_EDGE('',*,*,#1102,.F.);
#1551=ORIENTED_EDGE('',*,*,#1103,.T.);
#1552=ORIENTED_EDGE('',*,*,#1100,.T.);
#1553=ORIENTED_EDGE('',*,*,#1110,.T.);
#1554=ORIENTED_EDGE('',*,*,#1106,.T.);
#1555=ORIENTED_EDGE('',*,*,#1107,.F.);
#1556=ORIENTED_EDGE('',*,*,#1111,.F.);
#1557=ORIENTED_EDGE('',*,*,#1047,.T.);
#1558=ORIENTED_EDGE('',*,*,#1112,.T.);
#1559=ORIENTED_EDGE('',*,*,#1113,.F.);
#1560=ORIENTED_EDGE('',*,*,#1099,.T.);
#1561=ORIENTED_EDGE('',*,*,#1114,.T.);
#1562=ORIENTED_EDGE('',*,*,#1030,.F.);
#1563=ORIENTED_EDGE('',*,*,#962,.F.);
#1564=ORIENTED_EDGE('',*,*,#1114,.F.);
#1565=ORIENTED_EDGE('',*,*,#1109,.T.);
#1566=ORIENTED_EDGE('',*,*,#1112,.F.);
#1567=ORIENTED_EDGE('',*,*,#980,.T.);
#1568=ORIENTED_EDGE('',*,*,#1111,.T.);
#1569=ORIENTED_EDGE('',*,*,#1110,.F.);
#1570=ORIENTED_EDGE('',*,*,#1113,.T.);
#1571=ORIENTED_EDGE('',*,*,#1115,.F.);
#1572=ORIENTED_EDGE('',*,*,#1116,.F.);
#1573=ORIENTED_EDGE('',*,*,#1117,.T.);
#1574=ORIENTED_EDGE('',*,*,#1118,.T.);
#1575=ORIENTED_EDGE('',*,*,#1117,.F.);
#1576=ORIENTED_EDGE('',*,*,#1119,.F.);
#1577=ORIENTED_EDGE('',*,*,#1120,.T.);
#1578=ORIENTED_EDGE('',*,*,#1121,.T.);
#1579=ORIENTED_EDGE('',*,*,#1122,.F.);
#1580=ORIENTED_EDGE('',*,*,#1123,.T.);
#1581=ORIENTED_EDGE('',*,*,#1124,.T.);
#1582=ORIENTED_EDGE('',*,*,#1120,.F.);
#1583=ORIENTED_EDGE('',*,*,#1121,.F.);
#1584=ORIENTED_EDGE('',*,*,#1124,.F.);
#1585=ORIENTED_EDGE('',*,*,#1125,.F.);
#1586=ORIENTED_EDGE('',*,*,#1118,.F.);
#1587=ORIENTED_EDGE('',*,*,#1119,.T.);
#1588=ORIENTED_EDGE('',*,*,#1116,.T.);
#1589=ORIENTED_EDGE('',*,*,#1126,.T.);
#1590=ORIENTED_EDGE('',*,*,#1122,.T.);
#1591=ORIENTED_EDGE('',*,*,#1123,.F.);
#1592=ORIENTED_EDGE('',*,*,#1127,.F.);
#1593=ORIENTED_EDGE('',*,*,#1021,.T.);
#1594=ORIENTED_EDGE('',*,*,#1128,.T.);
#1595=ORIENTED_EDGE('',*,*,#1129,.F.);
#1596=ORIENTED_EDGE('',*,*,#1115,.T.);
#1597=ORIENTED_EDGE('',*,*,#1130,.T.);
#1598=ORIENTED_EDGE('',*,*,#1076,.F.);
#1599=ORIENTED_EDGE('',*,*,#978,.F.);
#1600=ORIENTED_EDGE('',*,*,#1130,.F.);
#1601=ORIENTED_EDGE('',*,*,#1125,.T.);
#1602=ORIENTED_EDGE('',*,*,#1128,.F.);
#1603=ORIENTED_EDGE('',*,*,#996,.T.);
#1604=ORIENTED_EDGE('',*,*,#1127,.T.);
#1605=ORIENTED_EDGE('',*,*,#1126,.F.);
#1606=ORIENTED_EDGE('',*,*,#1129,.T.);
#1607=CYLINDRICAL_SURFACE('',#1767,4.5);
#1608=CYLINDRICAL_SURFACE('',#1770,4.5);
#1609=CYLINDRICAL_SURFACE('',#1773,4.5);
#1610=CYLINDRICAL_SURFACE('',#1776,4.5);
#1611=CYLINDRICAL_SURFACE('',#1779,1.59999999999988);
#1612=CYLINDRICAL_SURFACE('',#1782,1.59999999999988);
#1613=CYLINDRICAL_SURFACE('',#1785,1.59999999999989);
#1614=CYLINDRICAL_SURFACE('',#1788,1.59999999999989);
#1615=CYLINDRICAL_SURFACE('',#1791,1.59999999999989);
#1616=CYLINDRICAL_SURFACE('',#1794,1.59999999999989);
#1617=CYLINDRICAL_SURFACE('',#1797,1.59999999999989);
#1618=CYLINDRICAL_SURFACE('',#1800,1.59999999999989);
#1619=CYLINDRICAL_SURFACE('',#1803,1.59999999999989);
#1620=CYLINDRICAL_SURFACE('',#1806,1.59999999999989);
#1621=CYLINDRICAL_SURFACE('',#1830,2.);
#1622=CYLINDRICAL_SURFACE('',#1831,2.);
#1623=CYLINDRICAL_SURFACE('',#1839,1.2);
#1624=CYLINDRICAL_SURFACE('',#1840,1.2);
#1625=CYLINDRICAL_SURFACE('',#1841,2.00000000000006);
#1626=CYLINDRICAL_SURFACE('',#1842,1.20000000000003);
#1627=CYLINDRICAL_SURFACE('',#1848,2.);
#1628=CYLINDRICAL_SURFACE('',#1849,1.19999999999998);
#1629=CYLINDRICAL_SURFACE('',#1854,2.00000000000011);
#1630=CYLINDRICAL_SURFACE('',#1855,1.20000000000009);
#1631=CYLINDRICAL_SURFACE('',#1860,2.);
#1632=CYLINDRICAL_SURFACE('',#1861,1.19999999999998);
#1633=CYLINDRICAL_SURFACE('',#1867,2.00000000000006);
#1634=CYLINDRICAL_SURFACE('',#1868,1.20000000000003);
#1635=CYLINDRICAL_SURFACE('',#1874,1.99999999999989);
#1636=CYLINDRICAL_SURFACE('',#1875,1.19999999999987);
#1637=CYLINDRICAL_SURFACE('',#1881,4.);
#1638=CYLINDRICAL_SURFACE('',#1883,4.);
#1639=CYLINDRICAL_SURFACE('',#1885,4.);
#1640=CYLINDRICAL_SURFACE('',#1887,4.);
#1641=CYLINDRICAL_SURFACE('',#1900,0.850000000000009);
#1642=CYLINDRICAL_SURFACE('',#1901,0.0500000000000268);
#1643=CYLINDRICAL_SURFACE('',#1913,0.849999999999987);
#1644=CYLINDRICAL_SURFACE('',#1914,0.0499999999999678);
#1645=ADVANCED_FACE('',(#139),#1607,.F.);
#1646=ADVANCED_FACE('',(#140),#1608,.F.);
#1647=ADVANCED_FACE('',(#141),#1609,.F.);
#1648=ADVANCED_FACE('',(#142),#1610,.F.);
#1649=ADVANCED_FACE('',(#143),#1611,.F.);
#1650=ADVANCED_FACE('',(#144),#1612,.F.);
#1651=ADVANCED_FACE('',(#145),#1613,.F.);
#1652=ADVANCED_FACE('',(#146),#1614,.F.);
#1653=ADVANCED_FACE('',(#147),#1615,.F.);
#1654=ADVANCED_FACE('',(#148),#1616,.F.);
#1655=ADVANCED_FACE('',(#149),#1617,.F.);
#1656=ADVANCED_FACE('',(#150),#1618,.F.);
#1657=ADVANCED_FACE('',(#151),#1619,.F.);
#1658=ADVANCED_FACE('',(#152),#1620,.F.);
#1659=ADVANCED_FACE('',(#153,#51),#81,.F.);
#1660=ADVANCED_FACE('',(#154,#52),#82,.F.);
#1661=ADVANCED_FACE('',(#155),#83,.T.);
#1662=ADVANCED_FACE('',(#156),#84,.T.);
#1663=ADVANCED_FACE('',(#157),#85,.T.);
#1664=ADVANCED_FACE('',(#158),#86,.T.);
#1665=ADVANCED_FACE('',(#159),#87,.F.);
#1666=ADVANCED_FACE('',(#160,#53,#54,#55,#56,#57),#88,.T.);
#1667=ADVANCED_FACE('',(#161),#89,.F.);
#1668=ADVANCED_FACE('',(#162),#1621,.T.);
#1669=ADVANCED_FACE('',(#163),#1622,.T.);
#1670=ADVANCED_FACE('',(#164),#90,.T.);
#1671=ADVANCED_FACE('',(#165,#58,#59,#60,#61,#62),#91,.F.);
#1672=ADVANCED_FACE('',(#166),#92,.T.);
#1673=ADVANCED_FACE('',(#167),#1623,.F.);
#1674=ADVANCED_FACE('',(#168),#1624,.F.);
#1675=ADVANCED_FACE('',(#169),#39,.F.);
#1676=ADVANCED_FACE('',(#170),#40,.F.);
#1677=ADVANCED_FACE('',(#171),#1625,.T.);
#1678=ADVANCED_FACE('',(#172),#1626,.F.);
#1679=ADVANCED_FACE('',(#173,#63,#64,#65),#93,.F.);
#1680=ADVANCED_FACE('',(#174,#66,#67,#68),#94,.T.);
#1681=ADVANCED_FACE('',(#175),#95,.T.);
#1682=ADVANCED_FACE('',(#176),#96,.T.);
#1683=ADVANCED_FACE('',(#177),#97,.T.);
#1684=ADVANCED_FACE('',(#178),#41,.F.);
#1685=ADVANCED_FACE('',(#179),#42,.F.);
#1686=ADVANCED_FACE('',(#180),#1627,.T.);
#1687=ADVANCED_FACE('',(#181),#1628,.F.);
#1688=ADVANCED_FACE('',(#182,#69),#98,.T.);
#1689=ADVANCED_FACE('',(#183),#99,.T.);
#1690=ADVANCED_FACE('',(#184),#100,.T.);
#1691=ADVANCED_FACE('',(#185),#101,.T.);
#1692=ADVANCED_FACE('',(#186),#43,.F.);
#1693=ADVANCED_FACE('',(#187),#44,.F.);
#1694=ADVANCED_FACE('',(#188),#1629,.T.);
#1695=ADVANCED_FACE('',(#189),#1630,.F.);
#1696=ADVANCED_FACE('',(#190,#70),#102,.T.);
#1697=ADVANCED_FACE('',(#191),#103,.T.);
#1698=ADVANCED_FACE('',(#192),#104,.T.);
#1699=ADVANCED_FACE('',(#193),#105,.T.);
#1700=ADVANCED_FACE('',(#194),#45,.F.);
#1701=ADVANCED_FACE('',(#195),#46,.F.);
#1702=ADVANCED_FACE('',(#196),#1631,.T.);
#1703=ADVANCED_FACE('',(#197),#1632,.F.);
#1704=ADVANCED_FACE('',(#198,#71),#106,.F.);
#1705=ADVANCED_FACE('',(#199,#72),#107,.T.);
#1706=ADVANCED_FACE('',(#200),#108,.T.);
#1707=ADVANCED_FACE('',(#201),#109,.T.);
#1708=ADVANCED_FACE('',(#202),#110,.T.);
#1709=ADVANCED_FACE('',(#203),#47,.F.);
#1710=ADVANCED_FACE('',(#204),#48,.F.);
#1711=ADVANCED_FACE('',(#205),#1633,.T.);
#1712=ADVANCED_FACE('',(#206),#1634,.F.);
#1713=ADVANCED_FACE('',(#207,#73,#74,#75),#111,.F.);
#1714=ADVANCED_FACE('',(#208,#76,#77,#78),#112,.T.);
#1715=ADVANCED_FACE('',(#209),#113,.T.);
#1716=ADVANCED_FACE('',(#210),#114,.T.);
#1717=ADVANCED_FACE('',(#211),#115,.T.);
#1718=ADVANCED_FACE('',(#212),#49,.F.);
#1719=ADVANCED_FACE('',(#213),#50,.F.);
#1720=ADVANCED_FACE('',(#214),#1635,.T.);
#1721=ADVANCED_FACE('',(#215),#1636,.F.);
#1722=ADVANCED_FACE('',(#216,#79),#116,.F.);
#1723=ADVANCED_FACE('',(#217,#80),#117,.T.);
#1724=ADVANCED_FACE('',(#218),#118,.T.);
#1725=ADVANCED_FACE('',(#219),#119,.T.);
#1726=ADVANCED_FACE('',(#220),#120,.T.);
#1727=ADVANCED_FACE('',(#221),#1637,.F.);
#1728=ADVANCED_FACE('',(#222),#121,.F.);
#1729=ADVANCED_FACE('',(#223),#1638,.F.);
#1730=ADVANCED_FACE('',(#224),#122,.F.);
#1731=ADVANCED_FACE('',(#225),#1639,.F.);
#1732=ADVANCED_FACE('',(#226),#123,.F.);
#1733=ADVANCED_FACE('',(#227),#1640,.F.);
#1734=ADVANCED_FACE('',(#228),#124,.F.);
#1735=ADVANCED_FACE('',(#229),#125,.F.);
#1736=ADVANCED_FACE('',(#230),#126,.F.);
#1737=ADVANCED_FACE('',(#231),#127,.F.);
#1738=ADVANCED_FACE('',(#232),#128,.T.);
#1739=ADVANCED_FACE('',(#233),#129,.F.);
#1740=ADVANCED_FACE('',(#234),#130,.T.);
#1741=ADVANCED_FACE('',(#235),#131,.F.);
#1742=ADVANCED_FACE('',(#236),#1641,.T.);
#1743=ADVANCED_FACE('',(#237),#1642,.F.);
#1744=ADVANCED_FACE('',(#238),#132,.F.);
#1745=ADVANCED_FACE('',(#239),#133,.F.);
#1746=ADVANCED_FACE('',(#240),#134,.F.);
#1747=ADVANCED_FACE('',(#241),#135,.T.);
#1748=ADVANCED_FACE('',(#242),#136,.F.);
#1749=ADVANCED_FACE('',(#243),#137,.T.);
#1750=ADVANCED_FACE('',(#244),#138,.F.);
#1751=ADVANCED_FACE('',(#245),#1643,.T.);
#1752=ADVANCED_FACE('',(#246),#1644,.F.);
#1753=CLOSED_SHELL('',(#1645,#1646,#1647,#1648,#1649,#1650,#1651,#1652,
#1653,#1654,#1655,#1656,#1657,#1658,#1659,#1660,#1661,#1662,#1663,#1664,
#1665,#1666,#1667,#1668,#1669,#1670,#1671,#1672,#1673,#1674,#1675,#1676,
#1677,#1678,#1679,#1680,#1681,#1682,#1683,#1684,#1685,#1686,#1687,#1688,
#1689,#1690,#1691,#1692,#1693,#1694,#1695,#1696,#1697,#1698,#1699,#1700,
#1701,#1702,#1703,#1704,#1705,#1706,#1707,#1708,#1709,#1710,#1711,#1712,
#1713,#1714,#1715,#1716,#1717,#1718,#1719,#1720,#1721,#1722,#1723,#1724,
#1725,#1726,#1727,#1728,#1729,#1730,#1731,#1732,#1733,#1734,#1735,#1736,
#1737,#1738,#1739,#1740,#1741,#1742,#1743,#1744,#1745,#1746,#1747,#1748,
#1749,#1750,#1751,#1752));
#1754=DERIVED_UNIT_ELEMENT(#1756,1.);
#1755=DERIVED_UNIT_ELEMENT(#4395,-3.);
#1756=(
MASS_UNIT()
NAMED_UNIT(*)
SI_UNIT(.KILO.,.GRAM.)
);
#1757=DERIVED_UNIT((#1754,#1755));
#1758=MEASURE_REPRESENTATION_ITEM('density measure',
POSITIVE_RATIO_MEASURE(7850.),#1757);
#1759=PROPERTY_DEFINITION_REPRESENTATION(#1764,#1761);
#1760=PROPERTY_DEFINITION_REPRESENTATION(#1765,#1762);
#1761=REPRESENTATION('material name',(#1763),#4392);
#1762=REPRESENTATION('density',(#1758),#4392);
#1763=DESCRIPTIVE_REPRESENTATION_ITEM('Steel','Steel');
#1764=PROPERTY_DEFINITION('material property','material name',#4402);
#1765=PROPERTY_DEFINITION('material property','density of part',#4402);
#1766=AXIS2_PLACEMENT_3D('',#2375,#1915,#1916);
#1767=AXIS2_PLACEMENT_3D('',#2376,#1917,#1918);
#1768=AXIS2_PLACEMENT_3D('',#2378,#1919,#1920);
#1769=AXIS2_PLACEMENT_3D('',#2381,#1922,#1923);
#1770=AXIS2_PLACEMENT_3D('',#2382,#1924,#1925);
#1771=AXIS2_PLACEMENT_3D('',#2384,#1926,#1927);
#1772=AXIS2_PLACEMENT_3D('',#2387,#1929,#1930);
#1773=AXIS2_PLACEMENT_3D('',#2388,#1931,#1932);
#1774=AXIS2_PLACEMENT_3D('',#2390,#1933,#1934);
#1775=AXIS2_PLACEMENT_3D('',#2393,#1936,#1937);
#1776=AXIS2_PLACEMENT_3D('',#2394,#1938,#1939);
#1777=AXIS2_PLACEMENT_3D('',#2396,#1940,#1941);
#1778=AXIS2_PLACEMENT_3D('',#2399,#1943,#1944);
#1779=AXIS2_PLACEMENT_3D('',#2400,#1945,#1946);
#1780=AXIS2_PLACEMENT_3D('',#2402,#1947,#1948);
#1781=AXIS2_PLACEMENT_3D('',#2405,#1950,#1951);
#1782=AXIS2_PLACEMENT_3D('',#2406,#1952,#1953);
#1783=AXIS2_PLACEMENT_3D('',#2408,#1954,#1955);
#1784=AXIS2_PLACEMENT_3D('',#2411,#1957,#1958);
#1785=AXIS2_PLACEMENT_3D('',#2412,#1959,#1960);
#1786=AXIS2_PLACEMENT_3D('',#2414,#1961,#1962);
#1787=AXIS2_PLACEMENT_3D('',#2417,#1964,#1965);
#1788=AXIS2_PLACEMENT_3D('',#2418,#1966,#1967);
#1789=AXIS2_PLACEMENT_3D('',#2420,#1968,#1969);
#1790=AXIS2_PLACEMENT_3D('',#2423,#1971,#1972);
#1791=AXIS2_PLACEMENT_3D('',#2424,#1973,#1974);
#1792=AXIS2_PLACEMENT_3D('',#2426,#1975,#1976);
#1793=AXIS2_PLACEMENT_3D('',#2429,#1978,#1979);
#1794=AXIS2_PLACEMENT_3D('',#2430,#1980,#1981);
#1795=AXIS2_PLACEMENT_3D('',#2432,#1982,#1983);
#1796=AXIS2_PLACEMENT_3D('',#2435,#1985,#1986);
#1797=AXIS2_PLACEMENT_3D('',#2436,#1987,#1988);
#1798=AXIS2_PLACEMENT_3D('',#2438,#1989,#1990);
#1799=AXIS2_PLACEMENT_3D('',#2441,#1992,#1993);
#1800=AXIS2_PLACEMENT_3D('',#2442,#1994,#1995);
#1801=AXIS2_PLACEMENT_3D('',#2444,#1996,#1997);
#1802=AXIS2_PLACEMENT_3D('',#2447,#1999,#2000);
#1803=AXIS2_PLACEMENT_3D('',#2448,#2001,#2002);
#1804=AXIS2_PLACEMENT_3D('',#2450,#2003,#2004);
#1805=AXIS2_PLACEMENT_3D('',#2453,#2006,#2007);
#1806=AXIS2_PLACEMENT_3D('',#2454,#2008,#2009);
#1807=AXIS2_PLACEMENT_3D('',#2456,#2010,#2011);
#1808=AXIS2_PLACEMENT_3D('',#2459,#2013,#2014);
#1809=AXIS2_PLACEMENT_3D('',#2460,#2015,#2016);
#1810=AXIS2_PLACEMENT_3D('',#2469,#2021,#2022);
#1811=AXIS2_PLACEMENT_3D('',#2478,#2027,#2028);
#1812=AXIS2_PLACEMENT_3D('',#2483,#2030,#2031);
#1813=AXIS2_PLACEMENT_3D('',#2486,#2033,#2034);
#1814=AXIS2_PLACEMENT_3D('',#2487,#2035,#2036);
#1815=AXIS2_PLACEMENT_3D('',#2492,#2038,#2039);
#1816=AXIS2_PLACEMENT_3D('',#2495,#2041,#2042);
#1817=AXIS2_PLACEMENT_3D('',#2496,#2043,#2044);
#1818=AXIS2_PLACEMENT_3D('',#2501,#2046,#2047);
#1819=AXIS2_PLACEMENT_3D('',#2504,#2049,#2050);
#1820=AXIS2_PLACEMENT_3D('',#2505,#2051,#2052);
#1821=AXIS2_PLACEMENT_3D('',#2508,#2053,#2054);
#1822=AXIS2_PLACEMENT_3D('',#2512,#2056,#2057);
#1823=AXIS2_PLACEMENT_3D('',#2514,#2059,#2060);
#1824=AXIS2_PLACEMENT_3D('',#2521,#2065,#2066);
#1825=AXIS2_PLACEMENT_3D('',#2528,#2071,#2072);
#1826=AXIS2_PLACEMENT_3D('',#2532,#2074,#2075);
#1827=AXIS2_PLACEMENT_3D('',#2536,#2077,#2078);
#1828=AXIS2_PLACEMENT_3D('',#2540,#2080,#2081);
#1829=AXIS2_PLACEMENT_3D('',#2542,#2083,#2084);
#1830=AXIS2_PLACEMENT_3D('',#2549,#2089,#2090);
#1831=AXIS2_PLACEMENT_3D('',#2550,#2091,#2092);
#1832=AXIS2_PLACEMENT_3D('',#2551,#2093,#2094);
#1833=AXIS2_PLACEMENT_3D('',#2558,#2099,#2100);
#1834=AXIS2_PLACEMENT_3D('',#2567,#2106,#2107);
#1835=AXIS2_PLACEMENT_3D('',#2571,#2109,#2110);
#1836=AXIS2_PLACEMENT_3D('',#2575,#2112,#2113);
#1837=AXIS2_PLACEMENT_3D('',#2578,#2115,#2116);
#1838=AXIS2_PLACEMENT_3D('',#2579,#2117,#2118);
#1839=AXIS2_PLACEMENT_3D('',#2586,#2123,#2124);
#1840=AXIS2_PLACEMENT_3D('',#2587,#2125,#2126);
#1841=AXIS2_PLACEMENT_3D('',#2840,#2129,#2130);
#1842=AXIS2_PLACEMENT_3D('',#2842,#2132,#2133);
#1843=AXIS2_PLACEMENT_3D('',#2844,#2135,#2136);
#1844=AXIS2_PLACEMENT_3D('',#2850,#2140,#2141);
#1845=AXIS2_PLACEMENT_3D('',#2856,#2145,#2146);
#1846=AXIS2_PLACEMENT_3D('',#2859,#2149,#2150);
#1847=AXIS2_PLACEMENT_3D('',#2860,#2151,#2152);
#1848=AXIS2_PLACEMENT_3D('',#3136,#2156,#2157);
#1849=AXIS2_PLACEMENT_3D('',#3137,#2158,#2159);
#1850=AXIS2_PLACEMENT_3D('',#3139,#2161,#2162);
#1851=AXIS2_PLACEMENT_3D('',#3145,#2166,#2167);
#1852=AXIS2_PLACEMENT_3D('',#3148,#2170,#2171);
#1853=AXIS2_PLACEMENT_3D('',#3149,#2172,#2173);
#1854=AXIS2_PLACEMENT_3D('',#3425,#2177,#2178);
#1855=AXIS2_PLACEMENT_3D('',#3426,#2179,#2180);
#1856=AXIS2_PLACEMENT_3D('',#3428,#2182,#2183);
#1857=AXIS2_PLACEMENT_3D('',#3434,#2187,#2188);
#1858=AXIS2_PLACEMENT_3D('',#3437,#2191,#2192);
#1859=AXIS2_PLACEMENT_3D('',#3438,#2193,#2194);
#1860=AXIS2_PLACEMENT_3D('',#3716,#2198,#2199);
#1861=AXIS2_PLACEMENT_3D('',#3718,#2201,#2202);
#1862=AXIS2_PLACEMENT_3D('',#3720,#2204,#2205);
#1863=AXIS2_PLACEMENT_3D('',#3726,#2209,#2210);
#1864=AXIS2_PLACEMENT_3D('',#3732,#2214,#2215);
#1865=AXIS2_PLACEMENT_3D('',#3735,#2218,#2219);
#1866=AXIS2_PLACEMENT_3D('',#3736,#2220,#2221);
#1867=AXIS2_PLACEMENT_3D('',#3989,#2224,#2225);
#1868=AXIS2_PLACEMENT_3D('',#3991,#2227,#2228);
#1869=AXIS2_PLACEMENT_3D('',#3993,#2230,#2231);
#1870=AXIS2_PLACEMENT_3D('',#3999,#2235,#2236);
#1871=AXIS2_PLACEMENT_3D('',#4005,#2240,#2241);
#1872=AXIS2_PLACEMENT_3D('',#4008,#2244,#2245);
#1873=AXIS2_PLACEMENT_3D('',#4009,#2246,#2247);
#1874=AXIS2_PLACEMENT_3D('',#4287,#2251,#2252);
#1875=AXIS2_PLACEMENT_3D('',#4289,#2254,#2255);
#1876=AXIS2_PLACEMENT_3D('',#4291,#2257,#2258);
#1877=AXIS2_PLACEMENT_3D('',#4297,#2262,#2263);
#1878=AXIS2_PLACEMENT_3D('',#4303,#2267,#2268);
#1879=AXIS2_PLACEMENT_3D('',#4306,#2271,#2272);
#1880=AXIS2_PLACEMENT_3D('',#4307,#2273,#2274);
#1881=AXIS2_PLACEMENT_3D('',#4308,#2275,#2276);
#1882=AXIS2_PLACEMENT_3D('',#4311,#2279,#2280);
#1883=AXIS2_PLACEMENT_3D('',#4313,#2282,#2283);
#1884=AXIS2_PLACEMENT_3D('',#4315,#2285,#2286);
#1885=AXIS2_PLACEMENT_3D('',#4317,#2288,#2289);
#1886=AXIS2_PLACEMENT_3D('',#4319,#2291,#2292);
#1887=AXIS2_PLACEMENT_3D('',#4321,#2294,#2295);
#1888=AXIS2_PLACEMENT_3D('',#4323,#2297,#2298);
#1889=AXIS2_PLACEMENT_3D('',#4324,#2299,#2300);
#1890=AXIS2_PLACEMENT_3D('',#4333,#2305,#2306);
#1891=AXIS2_PLACEMENT_3D('',#4339,#2310,#2311);
#1892=AXIS2_PLACEMENT_3D('',#4345,#2315,#2316);
#1893=AXIS2_PLACEMENT_3D('',#4347,#2318,#2319);
#1894=AXIS2_PLACEMENT_3D('',#4349,#2321,#2322);
#1895=AXIS2_PLACEMENT_3D('',#4350,#2323,#2324);
#1896=AXIS2_PLACEMENT_3D('',#4351,#2325,#2326);
#1897=AXIS2_PLACEMENT_3D('',#4352,#2327,#2328);
#1898=AXIS2_PLACEMENT_3D('',#4353,#2329,#2330);
#1899=AXIS2_PLACEMENT_3D('',#4354,#2331,#2332);
#1900=AXIS2_PLACEMENT_3D('',#4355,#2333,#2334);
#1901=AXIS2_PLACEMENT_3D('',#4356,#2335,#2336);
#1902=AXIS2_PLACEMENT_3D('',#4357,#2337,#2338);
#1903=AXIS2_PLACEMENT_3D('',#4366,#2343,#2344);
#1904=AXIS2_PLACEMENT_3D('',#4372,#2348,#2349);
#1905=AXIS2_PLACEMENT_3D('',#4378,#2353,#2354);
#1906=AXIS2_PLACEMENT_3D('',#4380,#2356,#2357);
#1907=AXIS2_PLACEMENT_3D('',#4382,#2359,#2360);
#1908=AXIS2_PLACEMENT_3D('',#4383,#2361,#2362);
#1909=AXIS2_PLACEMENT_3D('',#4384,#2363,#2364);
#1910=AXIS2_PLACEMENT_3D('',#4385,#2365,#2366);
#1911=AXIS2_PLACEMENT_3D('',#4386,#2367,#2368);
#1912=AXIS2_PLACEMENT_3D('',#4387,#2369,#2370);
#1913=AXIS2_PLACEMENT_3D('',#4388,#2371,#2372);
#1914=AXIS2_PLACEMENT_3D('',#4389,#2373,#2374);
#1915=DIRECTION('axis',(0.,0.,1.));
#1916=DIRECTION('refdir',(1.,0.,0.));
#1917=DIRECTION('center_axis',(0.,0.,1.));
#1918=DIRECTION('ref_axis',(1.,0.,0.));
#1919=DIRECTION('center_axis',(0.,0.,1.));
#1920=DIRECTION('ref_axis',(1.,0.,0.));
#1921=DIRECTION('',(0.,0.,1.));
#1922=DIRECTION('center_axis',(0.,0.,1.));
#1923=DIRECTION('ref_axis',(1.,0.,0.));
#1924=DIRECTION('center_axis',(0.,0.,1.));
#1925=DIRECTION('ref_axis',(1.,0.,0.));
#1926=DIRECTION('center_axis',(0.,0.,1.));
#1927=DIRECTION('ref_axis',(1.,0.,0.));
#1928=DIRECTION('',(0.,0.,1.));
#1929=DIRECTION('center_axis',(0.,0.,1.));
#1930=DIRECTION('ref_axis',(1.,0.,0.));
#1931=DIRECTION('center_axis',(0.,0.,1.));
#1932=DIRECTION('ref_axis',(1.,0.,0.));
#1933=DIRECTION('center_axis',(0.,0.,1.));
#1934=DIRECTION('ref_axis',(1.,0.,0.));
#1935=DIRECTION('',(0.,0.,1.));
#1936=DIRECTION('center_axis',(0.,0.,1.));
#1937=DIRECTION('ref_axis',(1.,0.,0.));
#1938=DIRECTION('center_axis',(0.,0.,1.));
#1939=DIRECTION('ref_axis',(1.,0.,0.));
#1940=DIRECTION('center_axis',(0.,0.,1.));
#1941=DIRECTION('ref_axis',(1.,0.,0.));
#1942=DIRECTION('',(0.,0.,1.));
#1943=DIRECTION('center_axis',(0.,0.,1.));
#1944=DIRECTION('ref_axis',(1.,0.,0.));
#1945=DIRECTION('center_axis',(-1.,0.,2.8420045632654E-15));
#1946=DIRECTION('ref_axis',(2.8420045632654E-15,0.,1.));
#1947=DIRECTION('center_axis',(1.,-1.75112050887496E-15,-3.08998527501999E-15));
#1948=DIRECTION('ref_axis',(-3.08998527501999E-15,5.41093658720914E-30,
-1.));
#1949=DIRECTION('',(-1.,0.,2.8420045632654E-15));
#1950=DIRECTION('center_axis',(-1.,0.,2.8420045632654E-15));
#1951=DIRECTION('ref_axis',(2.8420045632654E-15,0.,1.));
#1952=DIRECTION('center_axis',(-1.,0.,2.8420045632654E-15));
#1953=DIRECTION('ref_axis',(2.8420045632654E-15,0.,1.));
#1954=DIRECTION('center_axis',(-1.,-2.31673796696337E-15,-2.58259314350016E-15));
#1955=DIRECTION('ref_axis',(-2.58259314350016E-15,-5.98319158876609E-30,
1.));
#1956=DIRECTION('',(-1.,0.,2.8420045632654E-15));
#1957=DIRECTION('center_axis',(-1.,-2.31673796696337E-15,-2.58259314350016E-15));
#1958=DIRECTION('ref_axis',(-2.58259314350016E-15,-5.98319158876609E-30,
1.));
#1959=DIRECTION('center_axis',(-1.,0.,2.8420045632654E-15));
#1960=DIRECTION('ref_axis',(2.8420045632654E-15,0.,1.));
#1961=DIRECTION('center_axis',(-1.,-1.27004185785281E-16,-3.4694469519536E-15));
#1962=DIRECTION('ref_axis',(-3.4694469519536E-15,-4.40634285258091E-31,
1.));
#1963=DIRECTION('',(-1.,0.,2.8420045632654E-15));
#1964=DIRECTION('center_axis',(-1.,-1.27004185785281E-16,-3.4694469519536E-15));
#1965=DIRECTION('ref_axis',(-3.4694469519536E-15,-4.40634285258091E-31,
1.));
#1966=DIRECTION('center_axis',(-1.,0.,2.8420045632654E-15));
#1967=DIRECTION('ref_axis',(2.8420045632654E-15,0.,1.));
#1968=DIRECTION('center_axis',(1.,1.27004185785281E-16,-3.4694469519536E-15));
#1969=DIRECTION('ref_axis',(-3.4694469519536E-15,-4.40634285258091E-31,
-1.));
#1970=DIRECTION('',(-1.,0.,2.8420045632654E-15));
#1971=DIRECTION('center_axis',(-1.,0.,2.8420045632654E-15));
#1972=DIRECTION('ref_axis',(2.8420045632654E-15,0.,1.));
#1973=DIRECTION('center_axis',(-1.,0.,2.8420045632654E-15));
#1974=DIRECTION('ref_axis',(2.8420045632654E-15,0.,1.));
#1975=DIRECTION('center_axis',(-1.,-1.27004185785281E-16,-3.4694469519536E-15));
#1976=DIRECTION('ref_axis',(-3.4694469519536E-15,-4.40634285258091E-31,
1.));
#1977=DIRECTION('',(-1.,0.,2.8420045632654E-15));
#1978=DIRECTION('center_axis',(-1.,-1.27004185785281E-16,-3.4694469519536E-15));
#1979=DIRECTION('ref_axis',(-3.4694469519536E-15,-4.40634285258091E-31,
1.));
#1980=DIRECTION('center_axis',(-1.,0.,2.8420045632654E-15));
#1981=DIRECTION('ref_axis',(2.8420045632654E-15,0.,1.));
#1982=DIRECTION('center_axis',(1.,1.27004185785281E-16,-3.4694469519536E-15));
#1983=DIRECTION('ref_axis',(-3.4694469519536E-15,-4.40634285258091E-31,
-1.));
#1984=DIRECTION('',(-1.,0.,2.8420045632654E-15));
#1985=DIRECTION('center_axis',(-1.,0.,2.8420045632654E-15));
#1986=DIRECTION('ref_axis',(2.8420045632654E-15,0.,1.));
#1987=DIRECTION('center_axis',(-1.,0.,2.8420045632654E-15));
#1988=DIRECTION('ref_axis',(2.8420045632654E-15,0.,1.));
#1989=DIRECTION('center_axis',(1.,-1.61969292198009E-29,-4.66084337856961E-15));
#1990=DIRECTION('ref_axis',(-4.66084337856961E-15,7.54913503072695E-44,
-1.));
#1991=DIRECTION('',(-1.,0.,2.8420045632654E-15));
#1992=DIRECTION('center_axis',(-1.,0.,2.8420045632654E-15));
#1993=DIRECTION('ref_axis',(2.8420045632654E-15,0.,1.));
#1994=DIRECTION('center_axis',(-1.,0.,2.8420045632654E-15));
#1995=DIRECTION('ref_axis',(2.8420045632654E-15,0.,1.));
#1996=DIRECTION('center_axis',(-1.,2.31673796696337E-15,-2.58259314350015E-15));
#1997=DIRECTION('ref_axis',(-2.58259314350015E-15,5.98319158876609E-30,
1.));
#1998=DIRECTION('',(-1.,0.,2.8420045632654E-15));
#1999=DIRECTION('center_axis',(-1.,2.31673796696337E-15,-2.58259314350015E-15));
#2000=DIRECTION('ref_axis',(-2.58259314350015E-15,5.98319158876609E-30,
1.));
#2001=DIRECTION('center_axis',(-1.,0.,2.8420045632654E-15));
#2002=DIRECTION('ref_axis',(2.8420045632654E-15,0.,1.));
#2003=DIRECTION('center_axis',(-1.,-1.27004185785281E-16,-3.4694469519536E-15));
#2004=DIRECTION('ref_axis',(-3.4694469519536E-15,-4.40634285258091E-31,
1.));
#2005=DIRECTION('',(-1.,0.,2.8420045632654E-15));
#2006=DIRECTION('center_axis',(-1.,-1.27004185785281E-16,-3.4694469519536E-15));
#2007=DIRECTION('ref_axis',(-3.4694469519536E-15,-4.40634285258091E-31,
1.));
#2008=DIRECTION('center_axis',(-1.,0.,2.8420045632654E-15));
#2009=DIRECTION('ref_axis',(2.8420045632654E-15,0.,1.));
#2010=DIRECTION('center_axis',(1.,1.27004185785281E-16,-3.4694469519536E-15));
#2011=DIRECTION('ref_axis',(-3.4694469519536E-15,-4.40634285258091E-31,
-1.));
#2012=DIRECTION('',(-1.,0.,2.8420045632654E-15));
#2013=DIRECTION('center_axis',(-1.,0.,2.8420045632654E-15));
#2014=DIRECTION('ref_axis',(2.8420045632654E-15,0.,1.));
#2015=DIRECTION('center_axis',(1.,-1.75112050887496E-15,-3.08998527501999E-15));
#2016=DIRECTION('ref_axis',(-3.08998527501999E-15,0.,-1.));
#2017=DIRECTION('',(-3.44775272225992E-15,-0.357503990748509,-0.933911610699262));
#2018=DIRECTION('',(7.59848592827967E-16,-0.744381793197777,0.667754255662712));
#2019=DIRECTION('',(1.75112050887498E-15,1.,6.95021390088921E-15));
#2020=DIRECTION('',(-7.59848592827967E-16,0.744381793197777,-0.667754255662711));
#2021=DIRECTION('center_axis',(1.,-1.61969292198009E-29,-4.66084337856961E-15));
#2022=DIRECTION('ref_axis',(-4.66084337856961E-15,0.,-1.));
#2023=DIRECTION('',(3.44775272225992E-15,-0.357503990748505,0.933911610699264));
#2024=DIRECTION('',(3.11229800101724E-15,0.744381793197777,0.667754255662712));
#2025=DIRECTION('',(-2.80259692864963E-45,1.,-3.47510695044459E-15));
#2026=DIRECTION('',(-3.11229800101723E-15,-0.744381793197778,-0.66775425566271));
#2027=DIRECTION('center_axis',(1.,9.67093227025398E-17,-1.84588140615374E-32));
#2028=DIRECTION('ref_axis',(-9.67093227025398E-17,1.,0.));
#2029=DIRECTION('',(-2.31296463463574E-14,0.,1.));
#2030=DIRECTION('center_axis',(-1.,-9.67093227025398E-17,1.84588140615374E-32));
#2031=DIRECTION('ref_axis',(9.67093227025398E-17,-1.,-1.7851394057834E-48));
#2032=DIRECTION('',(0.,0.667754255662712,0.744381793197777));
#2033=DIRECTION('center_axis',(-1.,0.,0.));
#2034=DIRECTION('ref_axis',(0.,0.,1.));
#2035=DIRECTION('center_axis',(-1.,-9.67093227025398E-17,1.84588140615374E-32));
#2036=DIRECTION('ref_axis',(9.67093227025398E-17,-1.,0.));
#2037=DIRECTION('',(-1.85037170770858E-13,0.66775425566272,0.744381793197769));
#2038=DIRECTION('center_axis',(1.,9.67093227025398E-17,-1.84588140615374E-32));
#2039=DIRECTION('ref_axis',(-9.67093227025398E-17,1.,1.7851394057834E-48));
#2040=DIRECTION('',(0.,0.,1.));
#2041=DIRECTION('center_axis',(1.,0.,0.));
#2042=DIRECTION('ref_axis',(0.,2.77555756156289E-14,1.));
#2043=DIRECTION('center_axis',(-1.,-9.67093227025398E-17,-1.84588140615374E-32));
#2044=DIRECTION('ref_axis',(9.67093227025398E-17,-1.,0.));
#2045=DIRECTION('',(-1.8503717077086E-13,4.62592926927149E-14,1.));
#2046=DIRECTION('center_axis',(1.,9.67093227025398E-17,1.84588140615374E-32));
#2047=DIRECTION('ref_axis',(-9.67093227025398E-17,1.,-1.7851394057834E-48));
#2048=DIRECTION('',(0.,-0.667754255662712,0.744381793197777));
#2049=DIRECTION('center_axis',(1.,0.,0.));
#2050=DIRECTION('ref_axis',(0.,0.,-1.));
#2051=DIRECTION('center_axis',(1.,9.67093227025398E-17,1.84588140615374E-32));
#2052=DIRECTION('ref_axis',(-9.67093227025398E-17,1.,0.));
#2053=DIRECTION('center_axis',(-1.,-9.67093227025398E-17,-1.84588140615374E-32));
#2054=DIRECTION('ref_axis',(9.67093227025398E-17,-1.,1.7851394057834E-48));
#2055=DIRECTION('',(0.,0.,1.));
#2056=DIRECTION('center_axis',(-1.,0.,0.));
#2057=DIRECTION('ref_axis',(0.,1.38777878078144E-14,-1.));
#2058=DIRECTION('',(-2.31296463463574E-14,-0.667754255662723,0.744381793197767));
#2059=DIRECTION('center_axis',(0.,0.667754255662712,-0.744381793197777));
#2060=DIRECTION('ref_axis',(0.,0.744381793197777,0.667754255662712));
#2061=DIRECTION('',(0.,0.744381793197777,0.667754255662712));
#2062=DIRECTION('',(-1.,0.,0.));
#2063=DIRECTION('',(0.,-0.744381793197777,-0.667754255662712));
#2064=DIRECTION('',(1.,0.,0.));
#2065=DIRECTION('center_axis',(0.,0.,1.));
#2066=DIRECTION('ref_axis',(1.,0.,0.));
#2067=DIRECTION('',(0.,-1.,0.));
#2068=DIRECTION('',(-1.,0.,0.));
#2069=DIRECTION('',(0.,1.,0.));
#2070=DIRECTION('',(1.,0.,0.));
#2071=DIRECTION('center_axis',(0.,0.,1.));
#2072=DIRECTION('ref_axis',(1.,0.,0.));
#2073=DIRECTION('',(1.66201051590592E-16,-1.,0.));
#2074=DIRECTION('center_axis',(0.,0.,1.));
#2075=DIRECTION('ref_axis',(1.,0.,0.));
#2076=DIRECTION('',(-1.,6.39529392065182E-17,0.));
#2077=DIRECTION('center_axis',(0.,0.,1.));
#2078=DIRECTION('ref_axis',(-1.,0.,0.));
#2079=DIRECTION('',(-8.31005257952962E-17,1.,0.));
#2080=DIRECTION('center_axis',(0.,0.,1.));
#2081=DIRECTION('ref_axis',(1.,0.,0.));
#2082=DIRECTION('',(1.,0.,0.));
#2083=DIRECTION('center_axis',(0.,-0.667754255662712,-0.744381793197777));
#2084=DIRECTION('ref_axis',(0.,0.744381793197777,-0.667754255662712));
#2085=DIRECTION('',(0.,-0.744381793197777,0.667754255662712));
#2086=DIRECTION('',(1.,0.,0.));
#2087=DIRECTION('',(0.,0.744381793197777,-0.667754255662712));
#2088=DIRECTION('',(-1.,0.,0.));
#2089=DIRECTION('center_axis',(1.,0.,0.));
#2090=DIRECTION('ref_axis',(0.,0.,-1.));
#2091=DIRECTION('center_axis',(-1.,0.,0.));
#2092=DIRECTION('ref_axis',(0.,0.,1.));
#2093=DIRECTION('center_axis',(0.,0.667754255662712,-0.744381793197777));
#2094=DIRECTION('ref_axis',(0.,0.744381793197777,0.667754255662712));
#2095=DIRECTION('',(-7.1988659052259E-17,0.744381793197777,0.667754255662712));
#2096=DIRECTION('',(1.,0.,0.));
#2097=DIRECTION('',(7.1988659052259E-17,-0.744381793197777,-0.667754255662712));
#2098=DIRECTION('',(-1.,0.,0.));
#2099=DIRECTION('center_axis',(0.,0.,1.));
#2100=DIRECTION('ref_axis',(1.,0.,0.));
#2101=DIRECTION('',(9.67093227025398E-17,-1.,0.));
#2102=DIRECTION('',(1.,0.,0.));
#2103=DIRECTION('',(-9.67093227025398E-17,1.,0.));
#2104=DIRECTION('',(-1.,0.,0.));
#2105=DIRECTION('',(1.66201051590592E-16,-1.,0.));
#2106=DIRECTION('center_axis',(0.,0.,1.));
#2107=DIRECTION('ref_axis',(1.,0.,0.));
#2108=DIRECTION('',(1.,0.,0.));
#2109=DIRECTION('center_axis',(0.,0.,1.));
#2110=DIRECTION('ref_axis',(1.,0.,0.));
#2111=DIRECTION('',(-8.31005257952962E-17,1.,0.));
#2112=DIRECTION('center_axis',(0.,0.,1.));
#2113=DIRECTION('ref_axis',(1.,0.,0.));
#2114=DIRECTION('',(-1.,6.39529392065182E-17,0.));
#2115=DIRECTION('center_axis',(0.,0.,1.));
#2116=DIRECTION('ref_axis',(1.,0.,0.));
#2117=DIRECTION('center_axis',(0.,-0.667754255662712,-0.744381793197777));
#2118=DIRECTION('ref_axis',(0.,0.744381793197777,-0.667754255662712));
#2119=DIRECTION('',(7.1988659052259E-17,-0.744381793197777,0.667754255662712));
#2120=DIRECTION('',(-1.,0.,0.));
#2121=DIRECTION('',(-7.1988659052259E-17,0.744381793197777,-0.667754255662712));
#2122=DIRECTION('',(1.,0.,0.));
#2123=DIRECTION('center_axis',(1.,0.,0.));
#2124=DIRECTION('ref_axis',(0.,0.,-1.));
#2125=DIRECTION('center_axis',(-1.,0.,0.));
#2126=DIRECTION('ref_axis',(0.,0.,1.));
#2127=DIRECTION('',(1.,-6.59825224294478E-30,-3.39190141383284E-15));
#2128=DIRECTION('',(1.,-6.59825224294478E-30,-3.39190141383284E-15));
#2129=DIRECTION('center_axis',(0.,1.,0.));
#2130=DIRECTION('ref_axis',(-1.,0.,3.46944695195351E-15));
#2131=DIRECTION('',(1.27004185785281E-16,-1.,-1.31371731030452E-45));
#2132=DIRECTION('center_axis',(0.,1.,0.));
#2133=DIRECTION('ref_axis',(-1.,0.,5.78241158658919E-15));
#2134=DIRECTION('',(-1.27004185785281E-16,1.,1.31371731030452E-45));
#2135=DIRECTION('center_axis',(1.,1.27004185785281E-16,-3.4694469519536E-15));
#2136=DIRECTION('ref_axis',(-3.4694469519536E-15,0.,-1.));
#2137=DIRECTION('',(0.,0.357503990748515,0.93391161069926));
#2138=DIRECTION('',(-1.2700418578528E-16,1.,1.2700418578528E-16));
#2139=DIRECTION('',(-3.5627924652113E-15,0.357503990748514,-0.93391161069926));
#2140=DIRECTION('center_axis',(1.,1.27004185785281E-16,-3.4694469519536E-15));
#2141=DIRECTION('ref_axis',(-3.4694469519536E-15,0.,-1.));
#2142=DIRECTION('',(-1.2700418578528E-16,1.,1.2700418578528E-16));
#2143=DIRECTION('',(3.19475228787462E-15,0.357503990748515,0.93391161069926));
#2144=DIRECTION('',(-3.28556129439463E-15,0.357503990748514,-0.93391161069926));
#2145=DIRECTION('center_axis',(-3.49148133884313E-15,1.2700418578528E-16,
-1.));
#2146=DIRECTION('ref_axis',(-1.,0.,3.49148133884313E-15));
#2147=DIRECTION('',(1.,1.27004185785281E-16,-3.49148133884313E-15));
#2148=DIRECTION('',(-1.,-1.27004185785281E-16,3.49148133884313E-15));
#2149=DIRECTION('center_axis',(-1.12960782854811E-15,-0.93391161069926,
-0.357503990748514));
#2150=DIRECTION('ref_axis',(4.93038065763132E-32,0.357503990748514,-0.93391161069926));
#2151=DIRECTION('center_axis',(-1.36682919597267E-15,0.93391161069926,-0.357503990748515));
#2152=DIRECTION('ref_axis',(0.,0.357503990748515,0.93391161069926));
#2153=DIRECTION('',(1.,-2.00767287117281E-16,-4.56061484607278E-15));
#2154=DIRECTION('',(-1.,1.47708158491202E-15,3.41568584363927E-15));
#2155=DIRECTION('',(0.,0.667754255662712,0.744381793197777));
#2156=DIRECTION('center_axis',(0.,0.744381793197776,-0.667754255662713));
#2157=DIRECTION('ref_axis',(-1.,1.29340317166299E-15,1.44182648644399E-15));
#2158=DIRECTION('center_axis',(0.,0.744381793197776,-0.667754255662713));
#2159=DIRECTION('ref_axis',(-1.,1.3023851381329E-15,1.45183917037766E-15));
#2160=DIRECTION('',(-7.59848592827967E-16,0.744381793197777,-0.667754255662712));
#2161=DIRECTION('center_axis',(1.,-1.75112050887496E-15,-3.08998527501999E-15));
#2162=DIRECTION('ref_axis',(-3.08998527501999E-15,0.,-1.));
#2163=DIRECTION('',(-3.51180569543528E-15,-0.357503990748509,-0.933911610699262));
#2164=DIRECTION('',(-7.59848592827967E-16,0.744381793197777,-0.667754255662711));
#2165=DIRECTION('',(1.75112050887498E-15,1.,6.95021390088921E-15));
#2166=DIRECTION('center_axis',(-3.4928812679616E-15,-0.667754255662712,
-0.744381793197777));
#2167=DIRECTION('ref_axis',(0.,0.744381793197777,-0.667754255662712));
#2168=DIRECTION('',(-1.,1.77222820939035E-15,3.10253200741851E-15));
#2169=DIRECTION('',(1.,-1.4231386870459E-15,-3.41568584363927E-15));
#2170=DIRECTION('center_axis',(-3.41568584363926E-15,6.95021390088921E-15,
-1.));
#2171=DIRECTION('ref_axis',(0.,1.,6.95021390088921E-15));
#2172=DIRECTION('center_axis',(-5.45936927481309E-16,-0.933911610699262,
0.357503990748509));
#2173=DIRECTION('ref_axis',(2.46519032881566E-32,-0.357503990748509,-0.933911610699262));
#2174=DIRECTION('',(-1.,-1.4656964441507E-15,3.40935311554194E-15));
#2175=DIRECTION('',(0.,-0.667754255662712,0.744381793197777));
#2176=DIRECTION('',(1.,1.92542929427578E-16,-4.5514467096318E-15));
#2177=DIRECTION('center_axis',(0.,0.744381793197783,0.667754255662705));
#2178=DIRECTION('ref_axis',(-1.,-1.72453756221723E-15,1.92243531525858E-15));
#2179=DIRECTION('center_axis',(0.,0.744381793197783,0.667754255662705));
#2180=DIRECTION('ref_axis',(-1.,0.,0.));
#2181=DIRECTION('',(3.11229800101723E-15,0.744381793197778,0.667754255662711));
#2182=DIRECTION('center_axis',(1.,-1.61969292198009E-29,-4.66084337856961E-15));
#2183=DIRECTION('ref_axis',(-4.66084337856961E-15,0.,-1.));
#2184=DIRECTION('',(3.11229800101724E-15,0.744381793197777,0.667754255662712));
#2185=DIRECTION('',(4.35281574689693E-15,-0.357503990748505,0.933911610699263));
#2186=DIRECTION('',(-2.80259692864963E-45,1.,-3.47510695044459E-15));
#2187=DIRECTION('center_axis',(-3.48437390231243E-15,0.667754255662712,
-0.744381793197777));
#2188=DIRECTION('ref_axis',(1.97215226305253E-31,0.744381793197777,0.667754255662712));
#2189=DIRECTION('',(1.,2.25658263011973E-17,-4.66065331993617E-15));
#2190=DIRECTION('',(1.,1.41745785742919E-15,-3.40935311554194E-15));
#2191=DIRECTION('center_axis',(-3.40935311554194E-15,-3.47510695044459E-15,
-1.));
#2192=DIRECTION('ref_axis',(0.,1.,-3.47510695044459E-15));
#2193=DIRECTION('center_axis',(1.64512767418474E-15,0.933911610699264,0.357503990748505));
#2194=DIRECTION('ref_axis',(9.86076131526265E-32,-0.357503990748505,0.933911610699264));
#2195=DIRECTION('',(-1.,1.21862493571432E-16,-4.47265540408725E-15));
#2196=DIRECTION('',(1.,-2.15692977290968E-15,2.64708034468088E-15));
#2197=DIRECTION('',(0.,-0.667754255662712,0.744381793197777));
#2198=DIRECTION('center_axis',(0.,-0.744381793197782,-0.667754255662706));
#2199=DIRECTION('ref_axis',(1.,-1.29340317166299E-15,1.44182648644401E-15));
#2200=DIRECTION('',(-7.88860905221012E-31,0.744381793197777,0.667754255662712));
#2201=DIRECTION('center_axis',(0.,-0.744381793197782,-0.667754255662706));
#2202=DIRECTION('ref_axis',(1.,-1.3023851381329E-15,1.45183917037768E-15));
#2203=DIRECTION('',(7.88860905221012E-31,-0.744381793197777,-0.667754255662712));
#2204=DIRECTION('center_axis',(-1.,2.31673796696337E-15,-2.58259314350015E-15));
#2205=DIRECTION('ref_axis',(-2.58259314350015E-15,0.,1.));
#2206=DIRECTION('',(3.44775272225997E-15,0.357503990748508,-0.933911610699262));
#2207=DIRECTION('',(-2.3167379669632E-15,-1.,-6.60270320584515E-14));
#2208=DIRECTION('',(0.,-0.744381793197777,-0.667754255662712));
#2209=DIRECTION('center_axis',(-1.,2.31673796696337E-15,-2.58259314350015E-15));
#2210=DIRECTION('ref_axis',(-2.58259314350015E-15,0.,1.));
#2211=DIRECTION('',(3.24015679113509E-15,0.357503990748508,-0.933911610699262));
#2212=DIRECTION('',(0.,-0.744381793197777,-0.667754255662712));
#2213=DIRECTION('',(-2.3167379669632E-15,-1.,-6.60270320584515E-14));
#2214=DIRECTION('center_axis',(3.55607884135548E-15,0.667754255662712,-0.744381793197777));
#2215=DIRECTION('ref_axis',(1.97215226305253E-31,0.744381793197777,0.667754255662712));
#2216=DIRECTION('',(1.,-2.34399961736927E-15,2.67451882861464E-15));
#2217=DIRECTION('',(-1.,2.37458677978725E-15,-2.64708034468086E-15));
#2218=DIRECTION('center_axis',(2.64708034468102E-15,6.60270320584515E-14,
-1.));
#2219=DIRECTION('ref_axis',(0.,1.,6.60270320584515E-14));
#2220=DIRECTION('center_axis',(1.23293730357403E-15,0.933911610699262,0.357503990748508));
#2221=DIRECTION('ref_axis',(0.,-0.357503990748508,0.933911610699262));
#2222=DIRECTION('',(-1.,-6.59825224294478E-30,-3.39190141383284E-15));
#2223=DIRECTION('',(-1.,-6.59825224294478E-30,-3.39190141383284E-15));
#2224=DIRECTION('center_axis',(0.,-1.,0.));
#2225=DIRECTION('ref_axis',(1.,0.,3.46944695195351E-15));
#2226=DIRECTION('',(-1.2700418578528E-16,1.,-1.27004185785281E-16));
#2227=DIRECTION('center_axis',(0.,-1.,0.));
#2228=DIRECTION('ref_axis',(1.,0.,5.78241158658919E-15));
#2229=DIRECTION('',(1.2700418578528E-16,-1.,1.27004185785281E-16));
#2230=DIRECTION('center_axis',(-1.,-1.27004185785281E-16,-3.4694469519536E-15));
#2231=DIRECTION('ref_axis',(-3.4694469519536E-15,0.,1.));
#2232=DIRECTION('',(0.,-0.357503990748515,0.93391161069926));
#2233=DIRECTION('',(1.2700418578528E-16,-1.,1.2700418578528E-16));
#2234=DIRECTION('',(3.5627924652113E-15,-0.357503990748514,-0.93391161069926));
#2235=DIRECTION('center_axis',(-1.,-1.27004185785281E-16,-3.4694469519536E-15));
#2236=DIRECTION('ref_axis',(-3.4694469519536E-15,0.,1.));
#2237=DIRECTION('',(1.2700418578528E-16,-1.,1.2700418578528E-16));
#2238=DIRECTION('',(-3.19475228787462E-15,-0.357503990748515,0.93391161069926));
#2239=DIRECTION('',(3.28556129439463E-15,-0.357503990748514,-0.93391161069926));
#2240=DIRECTION('center_axis',(3.49148133884313E-15,-1.2700418578528E-16,
-1.));
#2241=DIRECTION('ref_axis',(-1.,0.,-3.49148133884313E-15));
#2242=DIRECTION('',(-1.,-1.27004185785281E-16,-3.49148133884313E-15));
#2243=DIRECTION('',(1.,1.27004185785281E-16,3.49148133884313E-15));
#2244=DIRECTION('center_axis',(1.12960782854811E-15,0.93391161069926,-0.357503990748514));
#2245=DIRECTION('ref_axis',(4.93038065763132E-32,0.357503990748514,0.93391161069926));
#2246=DIRECTION('center_axis',(1.36682919597267E-15,-0.93391161069926,-0.357503990748515));
#2247=DIRECTION('ref_axis',(-9.86076131526265E-32,0.357503990748515,-0.93391161069926));
#2248=DIRECTION('',(1.,2.17004015145308E-15,2.63531956392871E-15));
#2249=DIRECTION('',(0.,0.667754255662712,0.744381793197777));
#2250=DIRECTION('',(-1.,-1.21862493571432E-16,-4.47265540408725E-15));
#2251=DIRECTION('center_axis',(0.,-0.744381793197773,0.667754255662716));
#2252=DIRECTION('ref_axis',(1.,1.72453756221742E-15,1.92243531525874E-15));
#2253=DIRECTION('',(2.76101316827354E-30,0.744381793197777,-0.667754255662712));
#2254=DIRECTION('center_axis',(0.,-0.744381793197773,0.667754255662716));
#2255=DIRECTION('ref_axis',(1.,0.,0.));
#2256=DIRECTION('',(-2.76101316827354E-30,-0.744381793197777,0.667754255662712));
#2257=DIRECTION('center_axis',(-1.,-2.31673796696337E-15,-2.58259314350016E-15));
#2258=DIRECTION('ref_axis',(-2.58259314350016E-15,0.,1.));
#2259=DIRECTION('',(-3.44775272225996E-15,0.357503990748508,0.933911610699262));
#2260=DIRECTION('',(-3.54987407349455E-30,-0.744381793197777,0.667754255662712));
#2261=DIRECTION('',(2.31673796696321E-15,-1.,6.25519251080067E-14));
#2262=DIRECTION('center_axis',(-1.,-2.31673796696337E-15,-2.58259314350016E-15));
#2263=DIRECTION('ref_axis',(-2.58259314350016E-15,0.,1.));
#2264=DIRECTION('',(-3.54987407349455E-30,-0.744381793197777,0.667754255662712));
#2265=DIRECTION('',(-3.24015679113509E-15,0.357503990748508,0.933911610699262));
#2266=DIRECTION('',(2.31673796696321E-15,-1.,6.25519251080067E-14));
#2267=DIRECTION('center_axis',(3.54027944800701E-15,-0.667754255662712,
-0.744381793197777));
#2268=DIRECTION('ref_axis',(1.97215226305253E-31,0.744381793197777,-0.667754255662712));
#2269=DIRECTION('',(-1.,-2.33795156516735E-15,-2.65871943526617E-15));
#2270=DIRECTION('',(-1.,-2.36403666764192E-15,-2.63531956392869E-15));
#2271=DIRECTION('center_axis',(2.63531956392884E-15,-6.25519251080067E-14,
-1.));
#2272=DIRECTION('ref_axis',(0.,1.,-6.25519251080067E-14));
#2273=DIRECTION('center_axis',(1.23293730357403E-15,-0.933911610699262,
0.357503990748508));
#2274=DIRECTION('ref_axis',(0.,-0.357503990748508,-0.933911610699262));
#2275=DIRECTION('center_axis',(0.,0.,1.));
#2276=DIRECTION('ref_axis',(1.,0.,0.));
#2277=DIRECTION('',(0.,0.,1.));
#2278=DIRECTION('',(0.,0.,1.));
#2279=DIRECTION('center_axis',(-1.,-1.66201051590592E-16,0.));
#2280=DIRECTION('ref_axis',(1.66201051590592E-16,-1.,0.));
#2281=DIRECTION('',(0.,0.,1.));
#2282=DIRECTION('center_axis',(0.,0.,1.));
#2283=DIRECTION('ref_axis',(1.,0.,0.));
#2284=DIRECTION('',(0.,0.,1.));
#2285=DIRECTION('center_axis',(6.39529392065182E-17,1.,0.));
#2286=DIRECTION('ref_axis',(-1.,6.39529392065182E-17,0.));
#2287=DIRECTION('',(0.,0.,1.));
#2288=DIRECTION('center_axis',(0.,0.,1.));
#2289=DIRECTION('ref_axis',(1.,0.,0.));
#2290=DIRECTION('',(0.,0.,1.));
#2291=DIRECTION('center_axis',(1.,8.31005257952962E-17,0.));
#2292=DIRECTION('ref_axis',(-8.31005257952962E-17,1.,0.));
#2293=DIRECTION('',(0.,0.,1.));
#2294=DIRECTION('center_axis',(0.,0.,1.));
#2295=DIRECTION('ref_axis',(1.,0.,0.));
#2296=DIRECTION('',(0.,0.,1.));
#2297=DIRECTION('center_axis',(0.,-1.,0.));
#2298=DIRECTION('ref_axis',(0.,0.,-1.));
#2299=DIRECTION('center_axis',(1.,9.31810757195439E-17,8.35889061601791E-17));
#2300=DIRECTION('ref_axis',(1.25179144050863E-16,-0.744381793197777,-0.667754255662712));
#2301=DIRECTION('',(0.,0.667754255662712,-0.744381793197777));
#2302=DIRECTION('',(0.,-0.744381793197777,-0.667754255662712));
#2303=DIRECTION('',(0.,0.667754255662712,-0.744381793197777));
#2304=DIRECTION('',(1.25179144050863E-16,-0.744381793197777,-0.667754255662712));
#2305=DIRECTION('center_axis',(1.25179144050863E-16,-0.744381793197777,
-0.667754255662712));
#2306=DIRECTION('ref_axis',(-1.,-9.31810757195439E-17,-8.35889061601791E-17));
#2307=DIRECTION('',(-1.,0.,0.));
#2308=DIRECTION('',(0.,0.667754255662712,-0.744381793197777));
#2309=DIRECTION('',(-1.,-9.3181075719544E-17,-8.35889061601791E-17));
#2310=DIRECTION('center_axis',(-1.,-9.31810757195439E-17,-8.35889061601791E-17));
#2311=DIRECTION('ref_axis',(-1.25179144050863E-16,0.744381793197777,0.667754255662712));
#2312=DIRECTION('',(0.,0.744381793197777,0.667754255662712));
#2313=DIRECTION('',(0.,0.667754255662712,-0.744381793197777));
#2314=DIRECTION('',(-1.25179144050863E-16,0.744381793197777,0.667754255662712));
#2315=DIRECTION('center_axis',(0.,0.667754255662712,-0.744381793197777));
#2316=DIRECTION('ref_axis',(0.,0.744381793197777,0.667754255662712));
#2317=DIRECTION('',(1.,9.3181075719544E-17,8.35889061601791E-17));
#2318=DIRECTION('center_axis',(0.,0.667754255662712,-0.744381793197777));
#2319=DIRECTION('ref_axis',(0.,0.744381793197777,0.667754255662712));
#2320=DIRECTION('',(1.,0.,0.));
#2321=DIRECTION('center_axis',(1.,0.,0.));
#2322=DIRECTION('ref_axis',(0.,0.,-1.));
#2323=DIRECTION('center_axis',(1.,0.,0.));
#2324=DIRECTION('ref_axis',(0.,0.,1.));
#2325=DIRECTION('center_axis',(1.,0.,0.));
#2326=DIRECTION('ref_axis',(0.,-6.5307236742655E-14,1.));
#2327=DIRECTION('center_axis',(1.,0.,0.));
#2328=DIRECTION('ref_axis',(0.,0.,-1.));
#2329=DIRECTION('center_axis',(-1.,0.,0.));
#2330=DIRECTION('ref_axis',(0.,0.,1.));
#2331=DIRECTION('center_axis',(-1.,0.,0.));
#2332=DIRECTION('ref_axis',(0.,0.,1.));
#2333=DIRECTION('center_axis',(-1.,0.,0.));
#2334=DIRECTION('ref_axis',(0.,0.667754255662704,-0.744381793197784));
#2335=DIRECTION('center_axis',(-1.,0.,0.));
#2336=DIRECTION('ref_axis',(0.,0.667754255662875,-0.74438179319763));
#2337=DIRECTION('center_axis',(-1.,-7.84809985378517E-17,7.04020722177787E-17));
#2338=DIRECTION('ref_axis',(-1.05431109754453E-16,0.744381793197777,-0.667754255662712));
#2339=DIRECTION('',(6.16297582203915E-33,-0.667754255662712,-0.744381793197777));
#2340=DIRECTION('',(0.,0.744381793197777,-0.667754255662712));
#2341=DIRECTION('',(6.16297582203915E-33,-0.667754255662712,-0.744381793197777));
#2342=DIRECTION('',(-1.05431109754453E-16,0.744381793197777,-0.667754255662712));
#2343=DIRECTION('center_axis',(-1.05431109754453E-16,0.744381793197777,
-0.667754255662712));
#2344=DIRECTION('ref_axis',(1.,7.84809985378517E-17,-7.04020722177787E-17));
#2345=DIRECTION('',(1.,4.11535333271304E-33,4.58760699384405E-33));
#2346=DIRECTION('',(6.16297582203915E-33,-0.667754255662712,-0.744381793197777));
#2347=DIRECTION('',(1.,7.84809985378517E-17,-7.04020722177787E-17));
#2348=DIRECTION('center_axis',(1.,7.84809985378517E-17,-7.04020722177787E-17));
#2349=DIRECTION('ref_axis',(1.05431109754453E-16,-0.744381793197777,0.667754255662712));
#2350=DIRECTION('',(0.,-0.744381793197777,0.667754255662712));
#2351=DIRECTION('',(6.16297582203915E-33,-0.667754255662712,-0.744381793197777));
#2352=DIRECTION('',(1.05431109754453E-16,-0.744381793197777,0.667754255662712));
#2353=DIRECTION('center_axis',(6.16297582203915E-33,-0.667754255662712,
-0.744381793197777));
#2354=DIRECTION('ref_axis',(0.,0.744381793197777,-0.667754255662712));
#2355=DIRECTION('',(-1.,-7.84809985378517E-17,7.04020722177787E-17));
#2356=DIRECTION('center_axis',(6.16297582203915E-33,-0.667754255662712,
-0.744381793197777));
#2357=DIRECTION('ref_axis',(0.,0.744381793197777,-0.667754255662712));
#2358=DIRECTION('',(-1.,-4.11535333271304E-33,-4.58760699384405E-33));
#2359=DIRECTION('center_axis',(-1.,-4.11535333271304E-33,-4.58760699384405E-33));
#2360=DIRECTION('ref_axis',(-4.58760699384405E-33,0.,1.));
#2361=DIRECTION('center_axis',(-1.,-4.11535333271304E-33,-4.58760699384405E-33));
#2362=DIRECTION('ref_axis',(4.58760699384405E-33,1.88796237312938E-65,-1.));
#2363=DIRECTION('center_axis',(-1.,-4.11535333271304E-33,-4.58760699384405E-33));
#2364=DIRECTION('ref_axis',(4.58760699384378E-33,6.5307236742658E-14,-1.));
#2365=DIRECTION('center_axis',(-1.,-4.11535333271304E-33,-4.58760699384405E-33));
#2366=DIRECTION('ref_axis',(-4.58760699384405E-33,0.,1.));
#2367=DIRECTION('center_axis',(1.,4.11535333271304E-33,4.58760699384405E-33));
#2368=DIRECTION('ref_axis',(4.58760699384405E-33,1.88796237312938E-65,-1.));
#2369=DIRECTION('center_axis',(1.,4.11535333271304E-33,4.58760699384405E-33));
#2370=DIRECTION('ref_axis',(4.58760699384405E-33,1.88796237312938E-65,-1.));
#2371=DIRECTION('center_axis',(1.,4.11535333271304E-33,4.58760699384405E-33));
#2372=DIRECTION('ref_axis',(6.16297582203915E-33,-0.667754255662721,-0.744381793197769));
#2373=DIRECTION('center_axis',(1.,4.11535333271304E-33,4.58760699384405E-33));
#2374=DIRECTION('ref_axis',(6.16297582203915E-33,-0.667754255662552,-0.74438179319792));
#2375=CARTESIAN_POINT('',(0.,0.,0.));
#2376=CARTESIAN_POINT('Origin',(95.,-150.,61.8));
#2377=CARTESIAN_POINT('',(90.5,-150.,61.));
#2378=CARTESIAN_POINT('Origin',(95.,-150.,61.));
#2379=CARTESIAN_POINT('',(90.5,-150.,61.8));
#2380=CARTESIAN_POINT('',(90.5,-150.,61.8));
#2381=CARTESIAN_POINT('Origin',(95.,-150.,61.8));
#2382=CARTESIAN_POINT('Origin',(-95.,-150.,61.8));
#2383=CARTESIAN_POINT('',(-99.5,-150.,61.));
#2384=CARTESIAN_POINT('Origin',(-95.,-150.,61.));
#2385=CARTESIAN_POINT('',(-99.5,-150.,61.8));
#2386=CARTESIAN_POINT('',(-99.5,-150.,61.8));
#2387=CARTESIAN_POINT('Origin',(-95.,-150.,61.8));
#2388=CARTESIAN_POINT('Origin',(95.,150.,61.8));
#2389=CARTESIAN_POINT('',(90.5,150.,61.));
#2390=CARTESIAN_POINT('Origin',(95.,150.,61.));
#2391=CARTESIAN_POINT('',(90.5,150.,61.8));
#2392=CARTESIAN_POINT('',(90.5,150.,61.8));
#2393=CARTESIAN_POINT('Origin',(95.,150.,61.8));
#2394=CARTESIAN_POINT('Origin',(-95.,150.,61.8));
#2395=CARTESIAN_POINT('',(-99.5,150.,61.));
#2396=CARTESIAN_POINT('Origin',(-95.,150.,61.));
#2397=CARTESIAN_POINT('',(-99.5,150.,61.8));
#2398=CARTESIAN_POINT('',(-99.5,150.,61.8));
#2399=CARTESIAN_POINT('Origin',(-95.,150.,61.8));
#2400=CARTESIAN_POINT('Origin',(-315.35,248.997397642689,22.0000000000019));
#2401=CARTESIAN_POINT('',(-314.55,248.997397642689,20.4000000000021));
#2402=CARTESIAN_POINT('Origin',(-314.55,248.997397642689,22.0000000000019));
#2403=CARTESIAN_POINT('',(-315.35,248.997397642689,20.4000000000021));
#2404=CARTESIAN_POINT('',(-315.35,248.997397642689,20.4000000000021));
#2405=CARTESIAN_POINT('Origin',(-315.35,248.997397642689,22.0000000000019));
#2406=CARTESIAN_POINT('Origin',(-315.35,248.997397642689,22.0000000000019));
#2407=CARTESIAN_POINT('',(315.35,248.997397642689,20.4000000000003));
#2408=CARTESIAN_POINT('Origin',(315.35,248.997397642689,22.0000000000001));
#2409=CARTESIAN_POINT('',(314.55,248.997397642689,20.4000000000003));
#2410=CARTESIAN_POINT('',(-315.35,248.997397642689,20.4000000000021));
#2411=CARTESIAN_POINT('Origin',(314.55,248.997397642689,22.0000000000001));
#2412=CARTESIAN_POINT('Origin',(-315.35,149.999999999964,51.9999999999935));
#2413=CARTESIAN_POINT('',(315.35,149.999999999964,50.3999999999918));
#2414=CARTESIAN_POINT('Origin',(315.35,149.999999999964,51.9999999999917));
#2415=CARTESIAN_POINT('',(314.55,149.999999999964,50.3999999999918));
#2416=CARTESIAN_POINT('',(-315.35,149.999999999964,50.3999999999936));
#2417=CARTESIAN_POINT('Origin',(314.55,149.999999999964,51.9999999999917));
#2418=CARTESIAN_POINT('Origin',(-315.35,149.999999999964,51.9999999999935));
#2419=CARTESIAN_POINT('',(-314.55,149.999999999964,50.3999999999936));
#2420=CARTESIAN_POINT('Origin',(-314.55,149.999999999964,51.9999999999935));
#2421=CARTESIAN_POINT('',(-315.35,149.999999999964,50.3999999999936));
#2422=CARTESIAN_POINT('',(-315.35,149.999999999964,50.3999999999936));
#2423=CARTESIAN_POINT('Origin',(-315.35,149.999999999964,51.9999999999935));
#2424=CARTESIAN_POINT('Origin',(-315.350000000001,-150.000000000036,51.9999999999935));
#2425=CARTESIAN_POINT('',(315.35,-150.000000000036,50.3999999999918));
#2426=CARTESIAN_POINT('Origin',(315.35,-150.000000000036,51.9999999999917));
#2427=CARTESIAN_POINT('',(314.55,-150.000000000036,50.3999999999918));
#2428=CARTESIAN_POINT('',(-315.350000000001,-150.000000000036,50.3999999999936));
#2429=CARTESIAN_POINT('Origin',(314.55,-150.000000000036,51.9999999999917));
#2430=CARTESIAN_POINT('Origin',(-315.350000000001,-150.000000000036,51.9999999999935));
#2431=CARTESIAN_POINT('',(-314.55,-150.000000000036,50.3999999999936));
#2432=CARTESIAN_POINT('Origin',(-314.55,-150.000000000036,51.9999999999935));
#2433=CARTESIAN_POINT('',(-315.350000000001,-150.000000000036,50.3999999999936));
#2434=CARTESIAN_POINT('',(-315.350000000001,-150.000000000036,50.3999999999936));
#2435=CARTESIAN_POINT('Origin',(-315.350000000001,-150.000000000036,51.9999999999935));
#2436=CARTESIAN_POINT('Origin',(-315.350000000001,-248.997397642689,22.0000000000019));
#2437=CARTESIAN_POINT('',(-314.55,-248.997397642689,20.400000000002));
#2438=CARTESIAN_POINT('Origin',(-314.55,-248.997397642689,22.0000000000019));
#2439=CARTESIAN_POINT('',(-315.350000000001,-248.997397642689,20.400000000002));
#2440=CARTESIAN_POINT('',(-315.350000000001,-248.997397642689,20.400000000002));
#2441=CARTESIAN_POINT('Origin',(-315.350000000001,-248.997397642689,22.0000000000019));
#2442=CARTESIAN_POINT('Origin',(-315.350000000001,-248.997397642689,22.0000000000019));
#2443=CARTESIAN_POINT('',(315.35,-248.997397642689,20.4000000000002));
#2444=CARTESIAN_POINT('Origin',(315.35,-248.997397642689,22.0000000000001));
#2445=CARTESIAN_POINT('',(314.55,-248.997397642689,20.4000000000002));
#2446=CARTESIAN_POINT('',(-315.350000000001,-248.997397642689,20.400000000002));
#2447=CARTESIAN_POINT('Origin',(314.55,-248.997397642689,22.0000000000001));
#2448=CARTESIAN_POINT('Origin',(-315.35,-3.62516774138502E-11,51.9999999999935));
#2449=CARTESIAN_POINT('',(315.35,-3.62518733573381E-11,50.3999999999918));
#2450=CARTESIAN_POINT('Origin',(315.35,-3.62516774138502E-11,51.9999999999917));
#2451=CARTESIAN_POINT('',(314.55,-3.62518733573381E-11,50.3999999999918));
#2452=CARTESIAN_POINT('',(-315.35,-3.62518733573381E-11,50.3999999999936));
#2453=CARTESIAN_POINT('Origin',(314.55,-3.62516774138502E-11,51.9999999999917));
#2454=CARTESIAN_POINT('Origin',(-315.35,-3.62516774138502E-11,51.9999999999935));
#2455=CARTESIAN_POINT('',(-314.55,-3.62518733573381E-11,50.3999999999936));
#2456=CARTESIAN_POINT('Origin',(-314.55,-3.62516774138502E-11,51.9999999999935));
#2457=CARTESIAN_POINT('',(-315.35,-3.62518733573381E-11,50.3999999999936));
#2458=CARTESIAN_POINT('',(-315.35,-3.62518733573381E-11,50.3999999999936));
#2459=CARTESIAN_POINT('Origin',(-315.35,-3.62516774138502E-11,51.9999999999935));
#2460=CARTESIAN_POINT('Origin',(-315.35,5.48761025232614E-13,9.71958212948787E-13));
#2461=CARTESIAN_POINT('',(-315.35,218.93916566445,59.4424960092515));
#2462=CARTESIAN_POINT('',(-315.35,213.273684046638,44.6424960092514));
#2463=CARTESIAN_POINT('',(-315.35,218.93916566445,59.4424960092514));
#2464=CARTESIAN_POINT('',(-315.35,285.20293170755,1.93051483790092E-14));
#2465=CARTESIAN_POINT('',(-315.35,218.540636625583,59.8));
#2466=CARTESIAN_POINT('',(-315.35,263.039089434,-1.34380599370873E-13));
#2467=CARTESIAN_POINT('',(-315.35,263.039089434,-1.35066551056873E-13));
#2468=CARTESIAN_POINT('',(-315.35,208.657873641775,48.7831494606729));
#2469=CARTESIAN_POINT('Origin',(-315.35,-4.28691129462443E-17,1.46418153351358E-12));
#2470=CARTESIAN_POINT('',(-315.35,-213.273684046638,44.6424960092514));
#2471=CARTESIAN_POINT('',(-315.35,-218.93916566445,59.4424960092514));
#2472=CARTESIAN_POINT('',(-315.35,-184.402829050593,-30.7771563285292));
#2473=CARTESIAN_POINT('',(-315.35,-263.039089434,-7.95604660080925E-14));
#2474=CARTESIAN_POINT('',(-315.35,-263.039089434,-7.95604660080924E-14));
#2475=CARTESIAN_POINT('',(-315.35,-285.20293170755,1.18414296298894E-13));
#2476=CARTESIAN_POINT('',(-315.35,-287.,3.70626083879424E-15));
#2477=CARTESIAN_POINT('',(-315.35,-285.20293170755,9.51389671890992E-17));
#2478=CARTESIAN_POINT('Origin',(313.35,218.540636625583,59.8));
#2479=CARTESIAN_POINT('',(313.35,218.540636625583,61.));
#2480=CARTESIAN_POINT('',(313.35,218.540636625583,61.8));
#2481=CARTESIAN_POINT('',(313.35,218.540636625583,61.));
#2482=CARTESIAN_POINT('',(313.35,219.341941732378,60.6932581518375));
#2483=CARTESIAN_POINT('Origin',(313.35,218.540636625583,59.8));
#2484=CARTESIAN_POINT('',(313.35,219.876145136908,61.2887635863957));
#2485=CARTESIAN_POINT('',(313.35,219.341941732378,60.6932581518373));
#2486=CARTESIAN_POINT('Origin',(313.35,218.540636625583,59.8));
#2487=CARTESIAN_POINT('Origin',(-313.35,218.540636625583,59.8));
#2488=CARTESIAN_POINT('',(-313.35,219.341941732378,60.6932581518374));
#2489=CARTESIAN_POINT('',(-313.35,219.876145136908,61.2887635863956));
#2490=CARTESIAN_POINT('',(-313.35,219.341941732378,60.6932581518373));
#2491=CARTESIAN_POINT('',(-313.35,218.540636625583,61.));
#2492=CARTESIAN_POINT('Origin',(-313.35,218.540636625583,59.8));
#2493=CARTESIAN_POINT('',(-313.35,218.540636625583,61.8000000000001));
#2494=CARTESIAN_POINT('',(-313.35,218.540636625583,61.));
#2495=CARTESIAN_POINT('Origin',(-313.35,218.540636625583,59.8));
#2496=CARTESIAN_POINT('Origin',(-313.35,-218.540636625583,59.8));
#2497=CARTESIAN_POINT('',(-313.35,-218.540636625583,61.));
#2498=CARTESIAN_POINT('',(-313.35,-218.540636625583,61.8));
#2499=CARTESIAN_POINT('',(-313.35,-218.540636625583,61.));
#2500=CARTESIAN_POINT('',(-313.35,-219.341941732378,60.6932581518371));
#2501=CARTESIAN_POINT('Origin',(-313.35,-218.540636625583,59.8));
#2502=CARTESIAN_POINT('',(-313.35,-219.876145136908,61.2887635863953));
#2503=CARTESIAN_POINT('',(-313.35,-219.341941732378,60.6932581518373));
#2504=CARTESIAN_POINT('Origin',(-313.35,-218.540636625583,59.8));
#2505=CARTESIAN_POINT('Origin',(313.35,-218.540636625583,59.8));
#2506=CARTESIAN_POINT('',(313.35,-219.341941732378,60.6932581518371));
#2507=CARTESIAN_POINT('',(313.35,-218.540636625583,61.));
#2508=CARTESIAN_POINT('Origin',(313.35,-218.540636625583,59.8));
#2509=CARTESIAN_POINT('',(313.35,-218.540636625583,61.8000000000001));
#2510=CARTESIAN_POINT('',(313.35,-218.540636625583,61.));
#2511=CARTESIAN_POINT('',(313.35,-219.876145136908,61.2887635863956));
#2512=CARTESIAN_POINT('Origin',(313.35,-218.540636625583,59.8));
#2513=CARTESIAN_POINT('',(313.35,-219.341941732378,60.6932581518373));
#2514=CARTESIAN_POINT('Origin',(387.,-287.53420340453,0.595505434558221));
#2515=CARTESIAN_POINT('',(313.35,-287.53420340453,0.59550543455852));
#2516=CARTESIAN_POINT('',(313.35,-287.53420340453,0.595505434558221));
#2517=CARTESIAN_POINT('',(387.,-219.876145136908,61.2887635863956));
#2518=CARTESIAN_POINT('',(-313.35,-287.534203404531,0.595505434558291));
#2519=CARTESIAN_POINT('',(-313.35,-287.53420340453,0.595505434558221));
#2520=CARTESIAN_POINT('',(387.,-287.53420340453,0.595505434558221));
#2521=CARTESIAN_POINT('Origin',(0.,0.,61.8));
#2522=CARTESIAN_POINT('',(313.35,0.,61.8));
#2523=CARTESIAN_POINT('',(0.,218.540636625583,61.8));
#2524=CARTESIAN_POINT('',(-313.35,0.,61.8));
#2525=CARTESIAN_POINT('',(0.,-218.540636625583,61.8));
#2526=CARTESIAN_POINT('',(-112.5,-83.5,61.8));
#2527=CARTESIAN_POINT('',(-108.5,-87.5,61.8));
#2528=CARTESIAN_POINT('Origin',(-108.5,-83.5,61.8));
#2529=CARTESIAN_POINT('',(-112.5,83.5,61.8));
#2530=CARTESIAN_POINT('',(-112.5,83.5,61.8));
#2531=CARTESIAN_POINT('',(-108.5,87.5,61.8));
#2532=CARTESIAN_POINT('Origin',(-108.5,83.5,61.8));
#2533=CARTESIAN_POINT('',(108.5,87.5,61.8));
#2534=CARTESIAN_POINT('',(-108.5,87.5,61.8));
#2535=CARTESIAN_POINT('',(112.5,83.5,61.8));
#2536=CARTESIAN_POINT('Origin',(108.5,83.5,61.8));
#2537=CARTESIAN_POINT('',(112.5,-83.5,61.8));
#2538=CARTESIAN_POINT('',(112.5,83.5,61.8));
#2539=CARTESIAN_POINT('',(108.5,-87.5,61.8));
#2540=CARTESIAN_POINT('Origin',(108.5,-83.5,61.8));
#2541=CARTESIAN_POINT('',(-108.5,-87.5,61.8));
#2542=CARTESIAN_POINT('Origin',(387.,287.53420340453,0.595505434558221));
#2543=CARTESIAN_POINT('',(-313.35,287.53420340453,0.595505434558164));
#2544=CARTESIAN_POINT('',(-313.35,287.53420340453,0.595505434558221));
#2545=CARTESIAN_POINT('',(387.,219.876145136908,61.2887635863956));
#2546=CARTESIAN_POINT('',(313.35,287.53420340453,0.595505434558233));
#2547=CARTESIAN_POINT('',(313.35,287.53420340453,0.595505434558221));
#2548=CARTESIAN_POINT('',(387.,287.53420340453,0.595505434558221));
#2549=CARTESIAN_POINT('Origin',(387.,-218.540636625583,59.8));
#2550=CARTESIAN_POINT('Origin',(387.,218.540636625583,59.8));
#2551=CARTESIAN_POINT('Origin',(387.,-287.,0.));
#2552=CARTESIAN_POINT('',(313.35,-287.,2.69431016126226E-13));
#2553=CARTESIAN_POINT('',(313.35,-287.,-3.54040951797369E-15));
#2554=CARTESIAN_POINT('',(-313.35,-287.,2.69431016126226E-13));
#2555=CARTESIAN_POINT('',(-317.,-287.,0.));
#2556=CARTESIAN_POINT('',(-313.35,-287.,-3.36663381658231E-14));
#2557=CARTESIAN_POINT('',(-313.35,-219.341941732378,60.6932581518373));
#2558=CARTESIAN_POINT('Origin',(0.,0.,61.));
#2559=CARTESIAN_POINT('',(313.35,287.,61.));
#2560=CARTESIAN_POINT('',(313.35,-218.540636625583,61.));
#2561=CARTESIAN_POINT('',(-313.35,287.,61.));
#2562=CARTESIAN_POINT('',(-313.35,218.540636625583,61.));
#2563=CARTESIAN_POINT('',(-112.5,83.5,61.));
#2564=CARTESIAN_POINT('',(-112.5,-83.5,61.));
#2565=CARTESIAN_POINT('',(-112.5,-1.86976183039416E-14,61.));
#2566=CARTESIAN_POINT('',(-108.5,-87.5,61.));
#2567=CARTESIAN_POINT('Origin',(-108.5,-83.5,61.));
#2568=CARTESIAN_POINT('',(108.5,-87.5,61.));
#2569=CARTESIAN_POINT('',(0.,-87.5,61.));
#2570=CARTESIAN_POINT('',(112.5,-83.5,61.));
#2571=CARTESIAN_POINT('Origin',(108.5,-83.5,61.));
#2572=CARTESIAN_POINT('',(112.5,83.5,61.));
#2573=CARTESIAN_POINT('',(112.5,9.34880915197082E-15,61.));
#2574=CARTESIAN_POINT('',(108.5,87.5,61.));
#2575=CARTESIAN_POINT('Origin',(108.5,83.5,61.));
#2576=CARTESIAN_POINT('',(-108.5,87.5,61.));
#2577=CARTESIAN_POINT('',(5.59588218057035E-15,87.5,61.));
#2578=CARTESIAN_POINT('Origin',(-108.5,83.5,61.));
#2579=CARTESIAN_POINT('Origin',(387.,287.,0.));
#2580=CARTESIAN_POINT('',(-313.35,287.,-1.29582488402752E-13));
#2581=CARTESIAN_POINT('',(-313.35,287.,3.36663381658231E-14));
#2582=CARTESIAN_POINT('',(313.35,287.,-1.29582488402752E-13));
#2583=CARTESIAN_POINT('',(-317.,287.,0.));
#2584=CARTESIAN_POINT('',(313.35,287.,3.54040951797369E-15));
#2585=CARTESIAN_POINT('',(313.35,219.341941732378,60.6932581518373));
#2586=CARTESIAN_POINT('Origin',(387.,-218.540636625583,59.8));
#2587=CARTESIAN_POINT('Origin',(387.,218.540636625583,59.8));
#2588=CARTESIAN_POINT('Ctrl Pts',(-313.346921985303,-218.541159082937,61.8079976116563));
#2589=CARTESIAN_POINT('Ctrl Pts',(-313.610841870823,-218.496361772767,61.8084072009605));
#2590=CARTESIAN_POINT('Ctrl Pts',(-313.874642015358,-218.451580318635,61.756129700035));
#2591=CARTESIAN_POINT('Ctrl Pts',(-314.361266912585,-218.362175768305,61.5545630678154));
#2592=CARTESIAN_POINT('Ctrl Pts',(-314.584009813709,-218.317560553986,61.4057310195356));
#2593=CARTESIAN_POINT('Ctrl Pts',(-314.955731019535,-218.228330125347,61.0340098137097));
#2594=CARTESIAN_POINT('Ctrl Pts',(-315.104563067815,-218.183714911028,60.8112669125848));
#2595=CARTESIAN_POINT('Ctrl Pts',(-315.306129700035,-218.094310360699,60.3246420153583));
#2596=CARTESIAN_POINT('Ctrl Pts',(-315.35840720096,-218.049528906567,60.0608418708234));
#2597=CARTESIAN_POINT('Ctrl Pts',(-315.357997611656,-218.004731596396,59.7969219853037));
#2598=CARTESIAN_POINT('Ctrl Pts',(-313.346934248465,-218.541159082893,61.7999976211716));
#2599=CARTESIAN_POINT('Ctrl Pts',(-313.609802646983,-218.496361776531,61.8004055786459));
#2600=CARTESIAN_POINT('Ctrl Pts',(-313.872551808126,-218.451580318635,61.7483363546166));
#2601=CARTESIAN_POINT('Ctrl Pts',(-314.357237960742,-218.362175768305,61.5475727767086));
#2602=CARTESIAN_POINT('Ctrl Pts',(-314.57909343995,-218.317560553986,61.3993336847964));
#2603=CARTESIAN_POINT('Ctrl Pts',(-314.949333684796,-218.228330125347,61.0290934399499));
#2604=CARTESIAN_POINT('Ctrl Pts',(-315.097572776708,-218.183714911028,60.8072379607418));
#2605=CARTESIAN_POINT('Ctrl Pts',(-315.298336354616,-218.094310360699,60.3225518081258));
#2606=CARTESIAN_POINT('Ctrl Pts',(-315.350405578646,-218.049528902803,60.0598026469838));
#2607=CARTESIAN_POINT('Ctrl Pts',(-315.349997621171,-218.00473159644,59.796934248465));
#2608=CARTESIAN_POINT('Ctrl Pts',(-313.348160564594,-218.541159078487,60.999998572703));
#2609=CARTESIAN_POINT('Ctrl Pts',(-313.505880263021,-218.496362152917,61.0002433471875));
#2610=CARTESIAN_POINT('Ctrl Pts',(-313.663531084875,-218.451580318635,60.96900181277));
#2611=CARTESIAN_POINT('Ctrl Pts',(-313.954342776445,-218.362175768305,60.8485436660252));
#2612=CARTESIAN_POINT('Ctrl Pts',(-314.08745606397,-218.317560553986,60.7596002108779));
#2613=CARTESIAN_POINT('Ctrl Pts',(-314.309600210878,-218.228330125347,60.5374560639699));
#2614=CARTESIAN_POINT('Ctrl Pts',(-314.398543666025,-218.183714911028,60.4043427764451));
#2615=CARTESIAN_POINT('Ctrl Pts',(-314.51900181277,-218.094310360699,60.1135310848755));
#2616=CARTESIAN_POINT('Ctrl Pts',(-314.550243347187,-218.049528526416,59.9558802630215));
#2617=CARTESIAN_POINT('Ctrl Pts',(-314.549998572703,-218.004731600847,59.7981605645944));
#2618=CARTESIAN_POINT('Ctrl Pts',(-313.348172950387,-218.541159078442,60.9919185823134));
#2619=CARTESIAN_POINT('Ctrl Pts',(-313.504830646943,-218.496362156719,60.9921617086498));
#2620=CARTESIAN_POINT('Ctrl Pts',(-313.66141997557,-218.451580318635,60.9611305338973));
#2621=CARTESIAN_POINT('Ctrl Pts',(-313.950273535084,-218.362175768305,60.8414834720072));
#2622=CARTESIAN_POINT('Ctrl Pts',(-314.082490526472,-218.317560553986,60.7531389027913));
#2623=CARTESIAN_POINT('Ctrl Pts',(-314.303138902791,-218.228330125347,60.5324905264725));
#2624=CARTESIAN_POINT('Ctrl Pts',(-314.391483472007,-218.183714911028,60.4002735350837));
#2625=CARTESIAN_POINT('Ctrl Pts',(-314.511130533897,-218.094310360699,60.1114199755706));
#2626=CARTESIAN_POINT('Ctrl Pts',(-314.54216170865,-218.049528522615,59.9548306469435));
#2627=CARTESIAN_POINT('Ctrl Pts',(-314.541918582313,-218.004731600891,59.7981729503873));
#2628=CARTESIAN_POINT('',(-315.35,-218.005254053751,59.8));
#2629=CARTESIAN_POINT('',(-314.55,-218.005254053751,59.8));
#2630=CARTESIAN_POINT('',(-314.55,-218.005254053751,59.8));
#2631=CARTESIAN_POINT('Ctrl Pts',(-313.35,-218.540636625583,61.));
#2632=CARTESIAN_POINT('Ctrl Pts',(-313.40083651281,-218.526197567663,61.));
#2633=CARTESIAN_POINT('Ctrl Pts',(-313.451672804741,-218.511758509743,60.9967652200038));
#2634=CARTESIAN_POINT('Ctrl Pts',(-313.502099309267,-218.497319451824,60.9903217212672));
#2635=CARTESIAN_POINT('Ctrl Pts',(-313.552523926704,-218.482880934251,60.9838784636628));
#2636=CARTESIAN_POINT('Ctrl Pts',(-313.60253834931,-218.468442416677,60.9742267837774));
#2637=CARTESIAN_POINT('Ctrl Pts',(-313.651739662097,-218.454003899104,60.9614444353123));
#2638=CARTESIAN_POINT('Ctrl Pts',(-313.700939289024,-218.43956587626,60.9486625248282));
#2639=CARTESIAN_POINT('Ctrl Pts',(-313.749325434495,-218.425127853416,60.9327502716356));
#2640=CARTESIAN_POINT('Ctrl Pts',(-313.796508327532,-218.410689830571,60.9138358557009));
#2641=CARTESIAN_POINT('Ctrl Pts',(-313.843689752836,-218.396252256855,60.8949220281424));
#2642=CARTESIAN_POINT('Ctrl Pts',(-313.889667590818,-218.381814683138,60.8730063891641));
#2643=CARTESIAN_POINT('Ctrl Pts',(-313.934071493427,-218.367377109422,60.8482654676014));
#2644=CARTESIAN_POINT('Ctrl Pts',(-313.980477250413,-218.352288648769,60.822409154841));
#2645=CARTESIAN_POINT('Ctrl Pts',(-314.025163294735,-218.337200188116,60.7934669439057));
#2646=CARTESIAN_POINT('Ctrl Pts',(-314.06773658515,-218.322111727463,60.7616933993414));
#2647=CARTESIAN_POINT('Ctrl Pts',(-314.108481472893,-218.307671273612,60.7312844388441));
#2648=CARTESIAN_POINT('Ctrl Pts',(-314.147291042297,-218.293230819761,60.6982827197653));
#2649=CARTESIAN_POINT('Ctrl Pts',(-314.183852560743,-218.27879036591,60.6629541743006));
#2650=CARTESIAN_POINT('Ctrl Pts',(-314.220410933851,-218.264351154352,60.6276286681019));
#2651=CARTESIAN_POINT('Ctrl Pts',(-314.25472132556,-218.249911942793,60.5899770434065));
#2652=CARTESIAN_POINT('Ctrl Pts',(-314.286507305669,-218.235472731234,60.5503026498877));
#2653=CARTESIAN_POINT('Ctrl Pts',(-314.318290952955,-218.221034579392,60.5106311681349));
#2654=CARTESIAN_POINT('Ctrl Pts',(-314.347550283512,-218.20659642755,60.4689375595409));
#2655=CARTESIAN_POINT('Ctrl Pts',(-314.374049596787,-218.192158275708,60.425557689841));
#2656=CARTESIAN_POINT('Ctrl Pts',(-314.400547299925,-218.17772100115,60.3821804559667));
#2657=CARTESIAN_POINT('Ctrl Pts',(-314.424285091461,-218.163283726591,60.3371175429601));
#2658=CARTESIAN_POINT('Ctrl Pts',(-314.44507177316,-218.148846452032,60.2907319142146));
#2659=CARTESIAN_POINT('Ctrl Pts',(-314.465861778896,-218.134406868782,60.2443388678555));
#2660=CARTESIAN_POINT('Ctrl Pts',(-314.483699548978,-218.119967285532,60.1966230852273));
#2661=CARTESIAN_POINT('Ctrl Pts',(-314.498441361596,-218.105527702281,60.1479690201376));
#2662=CARTESIAN_POINT('Ctrl Pts',(-314.513181079228,-218.091090171066,60.0993218693644));
#2663=CARTESIAN_POINT('Ctrl Pts',(-314.524825592398,-218.076652639851,60.0497371257932));
#2664=CARTESIAN_POINT('Ctrl Pts',(-314.533281105974,-218.062215108635,59.999614188485));
#2665=CARTESIAN_POINT('Ctrl Pts',(-314.541736952095,-218.047777009608,59.949489279899));
#2666=CARTESIAN_POINT('Ctrl Pts',(-314.547003473986,-218.033338910581,59.8988265706175));
#2667=CARTESIAN_POINT('Ctrl Pts',(-314.549038247125,-218.018900811554,59.8480341746054));
#2668=CARTESIAN_POINT('Ctrl Pts',(-314.549679330049,-218.014351892286,59.8320313401288));
#2669=CARTESIAN_POINT('Ctrl Pts',(-314.55,-218.009802973019,59.8160156704074));
#2670=CARTESIAN_POINT('Ctrl Pts',(-314.55,-218.005254053751,59.8));
#2671=CARTESIAN_POINT('Ctrl Pts',(-313.35,-218.540636625583,61.8000000000001));
#2672=CARTESIAN_POINT('Ctrl Pts',(-313.424569685969,-218.527928641239,61.8000000000001));
#2673=CARTESIAN_POINT('Ctrl Pts',(-313.499139177507,-218.515220656896,61.7958251786663));
#2674=CARTESIAN_POINT('Ctrl Pts',(-313.573242862728,-218.502512672553,61.787501603582));
#2675=CARTESIAN_POINT('Ctrl Pts',(-313.647344094921,-218.489805108877,61.7791783040302));
#2676=CARTESIAN_POINT('Ctrl Pts',(-313.720979165278,-218.477097545202,61.7667065690787));
#2677=CARTESIAN_POINT('Ctrl Pts',(-313.793688326825,-218.464389981527,61.7501642670913));
#2678=CARTESIAN_POINT('Ctrl Pts',(-313.866395259371,-218.45168280742,61.733622472231));
#2679=CARTESIAN_POINT('Ctrl Pts',(-313.938175960864,-218.438975633312,61.7130104464113));
#2680=CARTESIAN_POINT('Ctrl Pts',(-314.008582289667,-218.426268459205,61.6884568747358));
#2681=CARTESIAN_POINT('Ctrl Pts',(-314.078986632261,-218.413561643576,61.6639039957328));
#2682=CARTESIAN_POINT('Ctrl Pts',(-314.148016312765,-218.400854827946,61.6354099214846));
#2683=CARTESIAN_POINT('Ctrl Pts',(-314.215240389001,-218.388148012317,61.603152536321));
#2684=CARTESIAN_POINT('Ctrl Pts',(-314.282462733178,-218.375441524084,61.5708959822837));
#2685=CARTESIAN_POINT('Ctrl Pts',(-314.34787921583,-218.362735035851,61.5348764795943));
#2686=CARTESIAN_POINT('Ctrl Pts',(-314.411081472446,-218.350028547619,61.4953188811639));
#2687=CARTESIAN_POINT('Ctrl Pts',(-314.474282255141,-218.337322355711,61.4557622052452));
#2688=CARTESIAN_POINT('Ctrl Pts',(-314.535268585778,-218.324616163803,61.4126678049462));
#2689=CARTESIAN_POINT('Ctrl Pts',(-314.59365977294,-218.311909971895,61.3663046859316));
#2690=CARTESIAN_POINT('Ctrl Pts',(-314.652377874188,-218.299132641972,61.3196819942409));
#2691=CARTESIAN_POINT('Ctrl Pts',(-314.708471350867,-218.286355312049,61.2697540881621));
#2692=CARTESIAN_POINT('Ctrl Pts',(-314.761586129652,-218.273577982127,61.2168361226947));
#2693=CARTESIAN_POINT('Ctrl Pts',(-314.814412702275,-218.260869983289,61.1642052954614));
#2694=CARTESIAN_POINT('Ctrl Pts',(-314.864292570486,-218.248161984451,61.108617079868));
#2695=CARTESIAN_POINT('Ctrl Pts',(-314.910914283691,-218.235453985613,61.0504185695079));
#2696=CARTESIAN_POINT('Ctrl Pts',(-314.957533016771,-218.222746799088,60.9922237792769));
#2697=CARTESIAN_POINT('Ctrl Pts',(-315.00089376873,-218.210039612563,60.9314193317471));
#2698=CARTESIAN_POINT('Ctrl Pts',(-315.040725828974,-218.197332426038,60.8683848422922));
#2699=CARTESIAN_POINT('Ctrl Pts',(-315.080555732781,-218.184625927457,60.8053537654128));
#2700=CARTESIAN_POINT('Ctrl Pts',(-315.11685711971,-218.171919428877,60.7400932168784));
#2701=CARTESIAN_POINT('Ctrl Pts',(-315.14940337681,-218.159212930296,60.6730105884373));
#2702=CARTESIAN_POINT('Ctrl Pts',(-315.18226572901,-218.146383023918,60.6052764414501));
#2703=CARTESIAN_POINT('Ctrl Pts',(-315.211299403069,-218.133553117539,60.5356849740164));
#2704=CARTESIAN_POINT('Ctrl Pts',(-315.236319624154,-218.12072321116,60.4646790770987));
#2705=CARTESIAN_POINT('Ctrl Pts',(-315.261100551693,-218.108016010083,60.3943522810061));
#2706=CARTESIAN_POINT('Ctrl Pts',(-315.281944376804,-218.095308809006,60.322638381248));
#2707=CARTESIAN_POINT('Ctrl Pts',(-315.298720966662,-218.082601607929,60.2499851043012));
#2708=CARTESIAN_POINT('Ctrl Pts',(-315.315740557693,-218.069710348899,60.1762794781134));
#2709=CARTESIAN_POINT('Ctrl Pts',(-315.328574017225,-218.056819089869,60.1016074338827));
#2710=CARTESIAN_POINT('Ctrl Pts',(-315.337138889625,-218.04392783084,60.0264487432915));
#2711=CARTESIAN_POINT('Ctrl Pts',(-315.345703762026,-218.03103657181,59.9512900527002));
#2712=CARTESIAN_POINT('Ctrl Pts',(-315.35,-218.01814531278,59.8756451307794));
#2713=CARTESIAN_POINT('Ctrl Pts',(-315.35,-218.005254053751,59.8));
#2714=CARTESIAN_POINT('Ctrl Pts',(-315.357997611656,218.004731596396,59.7969219853034));
#2715=CARTESIAN_POINT('Ctrl Pts',(-315.35840720096,218.049528906567,60.0608418708233));
#2716=CARTESIAN_POINT('Ctrl Pts',(-315.306129700035,218.094310360699,60.3246420153582));
#2717=CARTESIAN_POINT('Ctrl Pts',(-315.104563067815,218.183714911028,60.8112669125848));
#2718=CARTESIAN_POINT('Ctrl Pts',(-314.955731019535,218.228330125347,61.0340098137097));
#2719=CARTESIAN_POINT('Ctrl Pts',(-314.584009813709,218.317560553986,61.4057310195356));
#2720=CARTESIAN_POINT('Ctrl Pts',(-314.361266912585,218.362175768305,61.5545630678154));
#2721=CARTESIAN_POINT('Ctrl Pts',(-313.874642015358,218.451580318635,61.7561297000351));
#2722=CARTESIAN_POINT('Ctrl Pts',(-313.610841870823,218.496361772767,61.8084072009605));
#2723=CARTESIAN_POINT('Ctrl Pts',(-313.346921985303,218.541159082938,61.8079976116563));
#2724=CARTESIAN_POINT('Ctrl Pts',(-315.349997621171,218.00473159644,59.7969342484647));
#2725=CARTESIAN_POINT('Ctrl Pts',(-315.350405578646,218.049528902803,60.0598026469837));
#2726=CARTESIAN_POINT('Ctrl Pts',(-315.298336354616,218.094310360699,60.3225518081257));
#2727=CARTESIAN_POINT('Ctrl Pts',(-315.097572776708,218.183714911028,60.8072379607418));
#2728=CARTESIAN_POINT('Ctrl Pts',(-314.949333684796,218.228330125347,61.0290934399499));
#2729=CARTESIAN_POINT('Ctrl Pts',(-314.57909343995,218.317560553986,61.3993336847964));
#2730=CARTESIAN_POINT('Ctrl Pts',(-314.357237960742,218.362175768305,61.5475727767086));
#2731=CARTESIAN_POINT('Ctrl Pts',(-313.872551808126,218.451580318635,61.7483363546166));
#2732=CARTESIAN_POINT('Ctrl Pts',(-313.609802646983,218.496361776531,61.8004055786459));
#2733=CARTESIAN_POINT('Ctrl Pts',(-313.346934248464,218.541159082894,61.7999976211716));
#2734=CARTESIAN_POINT('Ctrl Pts',(-314.549998572703,218.004731600847,59.7981605645942));
#2735=CARTESIAN_POINT('Ctrl Pts',(-314.550243347187,218.049528526416,59.9558802630214));
#2736=CARTESIAN_POINT('Ctrl Pts',(-314.51900181277,218.094310360699,60.1135310848754));
#2737=CARTESIAN_POINT('Ctrl Pts',(-314.398543666025,218.183714911028,60.4043427764451));
#2738=CARTESIAN_POINT('Ctrl Pts',(-314.309600210878,218.228330125347,60.5374560639699));
#2739=CARTESIAN_POINT('Ctrl Pts',(-314.08745606397,218.317560553986,60.7596002108779));
#2740=CARTESIAN_POINT('Ctrl Pts',(-313.954342776445,218.362175768305,60.8485436660252));
#2741=CARTESIAN_POINT('Ctrl Pts',(-313.663531084875,218.451580318635,60.96900181277));
#2742=CARTESIAN_POINT('Ctrl Pts',(-313.505880263021,218.496362152917,61.0002433471876));
#2743=CARTESIAN_POINT('Ctrl Pts',(-313.348160564594,218.541159078487,60.999998572703));
#2744=CARTESIAN_POINT('Ctrl Pts',(-314.541918582313,218.004731600891,59.7981729503871));
#2745=CARTESIAN_POINT('Ctrl Pts',(-314.54216170865,218.049528522615,59.9548306469434));
#2746=CARTESIAN_POINT('Ctrl Pts',(-314.511130533897,218.094310360699,60.1114199755706));
#2747=CARTESIAN_POINT('Ctrl Pts',(-314.391483472007,218.183714911028,60.4002735350837));
#2748=CARTESIAN_POINT('Ctrl Pts',(-314.303138902791,218.228330125347,60.5324905264725));
#2749=CARTESIAN_POINT('Ctrl Pts',(-314.082490526472,218.317560553986,60.7531389027913));
#2750=CARTESIAN_POINT('Ctrl Pts',(-313.950273535084,218.362175768305,60.8414834720072));
#2751=CARTESIAN_POINT('Ctrl Pts',(-313.66141997557,218.451580318635,60.9611305338973));
#2752=CARTESIAN_POINT('Ctrl Pts',(-313.504830646943,218.496362156719,60.9921617086499));
#2753=CARTESIAN_POINT('Ctrl Pts',(-313.348172950387,218.541159078442,60.9919185823135));
#2754=CARTESIAN_POINT('',(-314.55,218.005254053751,59.8));
#2755=CARTESIAN_POINT('Ctrl Pts',(-314.55,218.005254053751,59.8));
#2756=CARTESIAN_POINT('Ctrl Pts',(-314.55,218.01969311167,59.8508365128099));
#2757=CARTESIAN_POINT('Ctrl Pts',(-314.546765220004,218.03413216959,59.9016728047413));
#2758=CARTESIAN_POINT('Ctrl Pts',(-314.540321721267,218.04857122751,59.9520993092672));
#2759=CARTESIAN_POINT('Ctrl Pts',(-314.533878463663,218.063009745083,60.0025239267042));
#2760=CARTESIAN_POINT('Ctrl Pts',(-314.524226783777,218.077448262656,60.05253834931));
#2761=CARTESIAN_POINT('Ctrl Pts',(-314.511444435312,218.091886780229,60.1017396620968));
#2762=CARTESIAN_POINT('Ctrl Pts',(-314.498662524828,218.106324803074,60.1509392890242));
#2763=CARTESIAN_POINT('Ctrl Pts',(-314.482750271635,218.120762825918,60.1993254344955));
#2764=CARTESIAN_POINT('Ctrl Pts',(-314.463835855701,218.135200848762,60.2465083275317));
#2765=CARTESIAN_POINT('Ctrl Pts',(-314.444922028142,218.149638422479,60.2936897528361));
#2766=CARTESIAN_POINT('Ctrl Pts',(-314.423006389164,218.164075996195,60.3396675908186));
#2767=CARTESIAN_POINT('Ctrl Pts',(-314.398265467601,218.178513569912,60.3840714934274));
#2768=CARTESIAN_POINT('Ctrl Pts',(-314.372409154841,218.193602030565,60.430477250413));
#2769=CARTESIAN_POINT('Ctrl Pts',(-314.343466943906,218.208690491218,60.4751632947352));
#2770=CARTESIAN_POINT('Ctrl Pts',(-314.311693399341,218.223778951871,60.5177365851504));
#2771=CARTESIAN_POINT('Ctrl Pts',(-314.281284438844,218.238219405722,60.5584814728935));
#2772=CARTESIAN_POINT('Ctrl Pts',(-314.248282719765,218.252659859572,60.5972910422969));
#2773=CARTESIAN_POINT('Ctrl Pts',(-314.2129541743,218.267100313423,60.6338525607427));
#2774=CARTESIAN_POINT('Ctrl Pts',(-314.177628668102,218.281539524982,60.6704109338517));
#2775=CARTESIAN_POINT('Ctrl Pts',(-314.139977043406,218.29597873654,60.7047213255602));
#2776=CARTESIAN_POINT('Ctrl Pts',(-314.100302649887,218.310417948099,60.7365073056691));
#2777=CARTESIAN_POINT('Ctrl Pts',(-314.060631168135,218.324856099941,60.768290952955));
#2778=CARTESIAN_POINT('Ctrl Pts',(-314.018937559541,218.339294251783,60.797550283512));
#2779=CARTESIAN_POINT('Ctrl Pts',(-313.975557689841,218.353732403625,60.8240495967876));
#2780=CARTESIAN_POINT('Ctrl Pts',(-313.932180455966,218.368169678184,60.8505472999255));
#2781=CARTESIAN_POINT('Ctrl Pts',(-313.88711754296,218.382606952742,60.8742850914607));
#2782=CARTESIAN_POINT('Ctrl Pts',(-313.840731914214,218.397044227301,60.8950717731598));
#2783=CARTESIAN_POINT('Ctrl Pts',(-313.794338867855,218.411483810551,60.9158617788965));
#2784=CARTESIAN_POINT('Ctrl Pts',(-313.746623085227,218.425923393802,60.9336995489784));
#2785=CARTESIAN_POINT('Ctrl Pts',(-313.697969020137,218.440362977052,60.948441361596));
#2786=CARTESIAN_POINT('Ctrl Pts',(-313.649321869364,218.454800508268,60.9631810792282));
#2787=CARTESIAN_POINT('Ctrl Pts',(-313.599737125793,218.469238039483,60.9748255923987));
#2788=CARTESIAN_POINT('Ctrl Pts',(-313.549614188485,218.483675570698,60.9832811059742));
#2789=CARTESIAN_POINT('Ctrl Pts',(-313.499489279899,218.498113669725,60.9917369520954));
#2790=CARTESIAN_POINT('Ctrl Pts',(-313.448826570617,218.512551768752,60.997003473986));
#2791=CARTESIAN_POINT('Ctrl Pts',(-313.398034174605,218.526989867779,60.9990382471256));
#2792=CARTESIAN_POINT('Ctrl Pts',(-313.382031340129,218.531538787047,60.9996793300496));
#2793=CARTESIAN_POINT('Ctrl Pts',(-313.366015670407,218.536087706315,61.));
#2794=CARTESIAN_POINT('Ctrl Pts',(-313.35,218.540636625583,61.));
#2795=CARTESIAN_POINT('',(-315.35,218.005254053751,59.8));
#2796=CARTESIAN_POINT('',(-314.55,218.005254053751,59.8));
#2797=CARTESIAN_POINT('Ctrl Pts',(-315.35,218.005254053751,59.8));
#2798=CARTESIAN_POINT('Ctrl Pts',(-315.35,218.017962038094,59.8745696859694));
#2799=CARTESIAN_POINT('Ctrl Pts',(-315.345825178666,218.030670022437,59.9491391775073));
#2800=CARTESIAN_POINT('Ctrl Pts',(-315.337501603582,218.043378006781,60.0232428627287));
#2801=CARTESIAN_POINT('Ctrl Pts',(-315.32917830403,218.056085570456,60.0973440949208));
#2802=CARTESIAN_POINT('Ctrl Pts',(-315.316706569078,218.068793134131,60.1709791652786));
#2803=CARTESIAN_POINT('Ctrl Pts',(-315.300164267091,218.081500697806,60.2436883268249));
#2804=CARTESIAN_POINT('Ctrl Pts',(-315.283622472231,218.094207871914,60.3163952593714));
#2805=CARTESIAN_POINT('Ctrl Pts',(-315.263010446411,218.106915046021,60.3881759608645));
#2806=CARTESIAN_POINT('Ctrl Pts',(-315.238456874736,218.119622220128,60.4585822896673));
#2807=CARTESIAN_POINT('Ctrl Pts',(-315.213903995733,218.132329035758,60.5289866322609));
#2808=CARTESIAN_POINT('Ctrl Pts',(-315.185409921484,218.145035851387,60.5980163127654));
#2809=CARTESIAN_POINT('Ctrl Pts',(-315.153152536321,218.157742667017,60.6652403890014));
#2810=CARTESIAN_POINT('Ctrl Pts',(-315.120895982284,218.170449155249,60.7324627331785));
#2811=CARTESIAN_POINT('Ctrl Pts',(-315.084876479594,218.183155643482,60.7978792158301));
#2812=CARTESIAN_POINT('Ctrl Pts',(-315.045318881164,218.195862131715,60.8610814724467));
#2813=CARTESIAN_POINT('Ctrl Pts',(-315.005762205245,218.208568323623,60.9242822551409));
#2814=CARTESIAN_POINT('Ctrl Pts',(-314.962667804946,218.221274515531,60.9852685857784));
#2815=CARTESIAN_POINT('Ctrl Pts',(-314.916304685931,218.233980707439,61.04365977294));
#2816=CARTESIAN_POINT('Ctrl Pts',(-314.869681994241,218.246758037362,61.1023778741882));
#2817=CARTESIAN_POINT('Ctrl Pts',(-314.819754088162,218.259535367284,61.1584713508668));
#2818=CARTESIAN_POINT('Ctrl Pts',(-314.766836122694,218.272312697207,61.2115861296527));
#2819=CARTESIAN_POINT('Ctrl Pts',(-314.714205295461,218.285020696045,61.2644127022755));
#2820=CARTESIAN_POINT('Ctrl Pts',(-314.658617079868,218.297728694883,61.3142925704858));
#2821=CARTESIAN_POINT('Ctrl Pts',(-314.600418569508,218.31043669372,61.3609142836909));
#2822=CARTESIAN_POINT('Ctrl Pts',(-314.542223779277,218.323143880246,61.4075330167718));
#2823=CARTESIAN_POINT('Ctrl Pts',(-314.481419331747,218.335851066771,61.4508937687306));
#2824=CARTESIAN_POINT('Ctrl Pts',(-314.418384842292,218.348558253296,61.4907258289742));
#2825=CARTESIAN_POINT('Ctrl Pts',(-314.355353765413,218.361264751876,61.5305557327808));
#2826=CARTESIAN_POINT('Ctrl Pts',(-314.290093216878,218.373971250457,61.5668571197099));
#2827=CARTESIAN_POINT('Ctrl Pts',(-314.223010588437,218.386677749037,61.5994033768104));
#2828=CARTESIAN_POINT('Ctrl Pts',(-314.15527644145,218.399507655416,61.6322657290104));
#2829=CARTESIAN_POINT('Ctrl Pts',(-314.085684974016,218.412337561795,61.6612994030695));
#2830=CARTESIAN_POINT('Ctrl Pts',(-314.014679077098,218.425167468173,61.6863196241538));
#2831=CARTESIAN_POINT('Ctrl Pts',(-313.944352281006,218.437874669251,61.7111005516931));
#2832=CARTESIAN_POINT('Ctrl Pts',(-313.872638381248,218.450581870328,61.7319443768042));
#2833=CARTESIAN_POINT('Ctrl Pts',(-313.799985104301,218.463289071405,61.7487209666618));
#2834=CARTESIAN_POINT('Ctrl Pts',(-313.726279478113,218.476180330434,61.7657405576936));
#2835=CARTESIAN_POINT('Ctrl Pts',(-313.651607433882,218.489071589464,61.7785740172249));
#2836=CARTESIAN_POINT('Ctrl Pts',(-313.576448743291,218.501962848494,61.7871388896255));
#2837=CARTESIAN_POINT('Ctrl Pts',(-313.5012900527,218.514854107523,61.795703762026));
#2838=CARTESIAN_POINT('Ctrl Pts',(-313.425645130779,218.527745366553,61.8000000000001));
#2839=CARTESIAN_POINT('Ctrl Pts',(-313.35,218.540636625583,61.8000000000001));
#2840=CARTESIAN_POINT('Origin',(-313.35,218.540636625583,59.8));
#2841=CARTESIAN_POINT('',(-315.35,-218.540636625583,59.8));
#2842=CARTESIAN_POINT('Origin',(-313.35,218.540636625583,59.8));
#2843=CARTESIAN_POINT('',(-314.55,-218.540636625583,59.8));
#2844=CARTESIAN_POINT('Origin',(-315.35,-4.00507699873883E-14,1.08994438746574E-12));
#2845=CARTESIAN_POINT('',(-315.35,212.339772435939,45.));
#2846=CARTESIAN_POINT('',(-315.35,62.0397208042083,-347.6304794911));
#2847=CARTESIAN_POINT('',(-315.35,-212.339772435938,44.9999999999999));
#2848=CARTESIAN_POINT('',(-315.35,-218.540636625583,44.9999999999999));
#2849=CARTESIAN_POINT('',(-315.35,-218.005254053751,59.8));
#2850=CARTESIAN_POINT('Origin',(-314.55,-3.994916663876E-14,1.08715120239466E-12));
#2851=CARTESIAN_POINT('',(-314.55,-212.339772435938,44.9999999999999));
#2852=CARTESIAN_POINT('',(-314.55,212.339772435939,45.));
#2853=CARTESIAN_POINT('',(-314.55,-4.56643549990975E-14,45.));
#2854=CARTESIAN_POINT('',(-314.55,170.176345752094,-65.1439836922245));
#2855=CARTESIAN_POINT('',(-314.55,-170.176345752094,-65.1439836922242));
#2856=CARTESIAN_POINT('Origin',(-315.35,-218.540636625583,44.9999999999999));
#2857=CARTESIAN_POINT('',(-315.35,212.339772435939,45.));
#2858=CARTESIAN_POINT('',(-315.35,-212.339772435938,44.9999999999999));
#2859=CARTESIAN_POINT('Origin',(-315.35,-218.005254053751,59.8));
#2860=CARTESIAN_POINT('Origin',(-315.35,62.0397208042083,-347.6304794911));
#2861=CARTESIAN_POINT('Ctrl Pts',(-313.346921985303,219.881096668384,61.2950657360237));
#2862=CARTESIAN_POINT('Ctrl Pts',(-313.610841870823,219.914716475461,61.2654570323355));
#2863=CARTESIAN_POINT('Ctrl Pts',(-313.874642015358,219.913142450871,61.1966396058814));
#2864=CARTESIAN_POINT('Ctrl Pts',(-314.361266912585,219.845096593901,60.9868968057828));
#2865=CARTESIAN_POINT('Ctrl Pts',(-314.584009813709,219.778924113522,60.84631693957));
#2866=CARTESIAN_POINT('Ctrl Pts',(-314.955731019535,219.59712720289,60.5100304433495));
#2867=CARTESIAN_POINT('Ctrl Pts',(-315.104563067815,219.481600435984,60.3144326839591));
#2868=CARTESIAN_POINT('Ctrl Pts',(-315.306129700035,219.223205709443,59.8924977013888));
#2869=CARTESIAN_POINT('Ctrl Pts',(-315.35840720096,219.080386539415,59.6662266701827));
#2870=CARTESIAN_POINT('Ctrl Pts',(-315.357997611656,218.93749921478,59.43985591803));
#2871=CARTESIAN_POINT('Ctrl Pts',(-313.346934248464,219.875754640726,61.2891106887317));
#2872=CARTESIAN_POINT('Ctrl Pts',(-313.609802646983,219.909373355306,61.2595007728819));
#2873=CARTESIAN_POINT('Ctrl Pts',(-313.872551808125,219.907938411302,61.1908383814438));
#2874=CARTESIAN_POINT('Ctrl Pts',(-314.357237960742,219.840428797266,60.9816933603538));
#2875=CARTESIAN_POINT('Ctrl Pts',(-314.57909343995,219.774652266025,60.8415548800651));
#2876=CARTESIAN_POINT('Ctrl Pts',(-314.949333684796,219.593844273389,60.5063707842342));
#2877=CARTESIAN_POINT('Ctrl Pts',(-315.097572776708,219.478910086245,60.3114336055615));
#2878=CARTESIAN_POINT('Ctrl Pts',(-315.298336354616,219.221809964669,59.8909417891809));
#2879=CARTESIAN_POINT('Ctrl Pts',(-315.350405578646,219.079692596075,59.6654530883641));
#2880=CARTESIAN_POINT('Ctrl Pts',(-315.349997621171,218.937507403526,59.4398650465335));
#2881=CARTESIAN_POINT('Ctrl Pts',(-313.348160564594,219.341551874865,60.6936059595334));
#2882=CARTESIAN_POINT('Ctrl Pts',(-313.505880263021,219.375061339854,60.6638748275136));
#2883=CARTESIAN_POINT('Ctrl Pts',(-313.663531084875,219.387534454399,60.610715937683));
#2884=CARTESIAN_POINT('Ctrl Pts',(-313.954342776445,219.373649133775,60.4613488174458));
#2885=CARTESIAN_POINT('Ctrl Pts',(-314.08745606397,219.347467516326,60.365348929581));
#2886=CARTESIAN_POINT('Ctrl Pts',(-314.309600210878,219.265551323336,60.1404048726992));
#2887=CARTESIAN_POINT('Ctrl Pts',(-314.398543666025,219.209875112345,60.011525765804));
#2888=CARTESIAN_POINT('Ctrl Pts',(-314.51900181277,219.082235487197,59.7353505683924));
#2889=CARTESIAN_POINT('Ctrl Pts',(-314.550243347187,219.010298262101,59.588094906503));
#2890=CARTESIAN_POINT('Ctrl Pts',(-314.549998572703,218.938326278059,59.4407778968756));
#2891=CARTESIAN_POINT('Ctrl Pts',(-313.348172950387,219.33615642693,60.6875913617685));
#2892=CARTESIAN_POINT('Ctrl Pts',(-313.504830646943,219.369664788498,60.6578590054654));
#2893=CARTESIAN_POINT('Ctrl Pts',(-313.66141997557,219.382278374434,60.6048567010011));
#2894=CARTESIAN_POINT('Ctrl Pts',(-313.950273535083,219.368934659174,60.4560933375624));
#2895=CARTESIAN_POINT('Ctrl Pts',(-314.082490526472,219.343152950354,60.3605392494811));
#2896=CARTESIAN_POINT('Ctrl Pts',(-314.303138902791,219.26223556454,60.1367086169927));
#2897=CARTESIAN_POINT('Ctrl Pts',(-314.391483472007,219.207157859108,60.0084966966224));
#2898=CARTESIAN_POINT('Ctrl Pts',(-314.511130533897,219.080825784974,59.7337790970624));
#2899=CARTESIAN_POINT('Ctrl Pts',(-314.54216170865,219.009597379328,59.5873135888662));
#2900=CARTESIAN_POINT('Ctrl Pts',(-314.541918582313,218.938334548692,59.4407871166641));
#2901=CARTESIAN_POINT('',(-314.55,218.93916566445,59.4424960092515));
#2902=CARTESIAN_POINT('',(-314.55,218.93916566445,59.4424960092514));
#2903=CARTESIAN_POINT('Ctrl Pts',(-313.35,219.341941732378,60.6932581518374));
#2904=CARTESIAN_POINT('Ctrl Pts',(-313.40083651281,219.352689904204,60.6836164094638));
#2905=CARTESIAN_POINT('Ctrl Pts',(-313.451672804741,219.361278037922,60.671566755756));
#2906=CARTESIAN_POINT('Ctrl Pts',(-313.502099309267,219.367723536046,60.6571285902383));
#2907=CARTESIAN_POINT('Ctrl Pts',(-313.552523926704,219.374168792962,60.6426909650338));
#2908=CARTESIAN_POINT('Ctrl Pts',(-313.60253834931,219.378471612247,60.6258650486983));
#2909=CARTESIAN_POINT('Ctrl Pts',(-313.651739662097,219.380683914264,60.6067087196717));
#2910=CARTESIAN_POINT('Ctrl Pts',(-313.700939289024,219.382896140478,60.5875530470274));
#2911=CARTESIAN_POINT('Ctrl Pts',(-313.749325434495,219.383018067026,60.5660672042645));
#2912=CARTESIAN_POINT('Ctrl Pts',(-313.796508327532,219.381135286628,60.5423466062161));
#2913=CARTESIAN_POINT('Ctrl Pts',(-313.843689752836,219.379252564797,60.5186267460511));
#2914=CARTESIAN_POINT('Ctrl Pts',(-313.889667590818,219.375365370616,60.4926723921187));
#2915=CARTESIAN_POINT('Ctrl Pts',(-313.934071493427,219.369591581966,60.4646149492699));
#2916=CARTESIAN_POINT('Ctrl Pts',(-313.980477250413,219.363557494482,60.4352925969994));
#2917=CARTESIAN_POINT('Ctrl Pts',(-314.025163294735,219.35546278536,60.4036731583119));
#2918=CARTESIAN_POINT('Ctrl Pts',(-314.06773658515,219.345477441157,60.3699461264204));
#2919=CARTESIAN_POINT('Ctrl Pts',(-314.108481472893,219.335920939306,60.3376675753636));
#2920=CARTESIAN_POINT('Ctrl Pts',(-314.147291042297,219.324633111879,60.3034590220244));
#2921=CARTESIAN_POINT('Ctrl Pts',(-314.183852560742,219.311791536231,60.2675184214878));
#2922=CARTESIAN_POINT('Ctrl Pts',(-314.220410933851,219.298951065326,60.2315809128713));
#2923=CARTESIAN_POINT('Ctrl Pts',(-314.25472132556,219.284557318895,60.1939118839971));
#2924=CARTESIAN_POINT('Ctrl Pts',(-314.286507305669,219.268812859974,60.1547371428389));
#2925=CARTESIAN_POINT('Ctrl Pts',(-314.318290952955,219.253069556564,60.1155652767764));
#2926=CARTESIAN_POINT('Ctrl Pts',(-314.347550283512,219.23597596935,60.0748881763098));
#2927=CARTESIAN_POINT('Ctrl Pts',(-314.374049596787,219.217756374107,60.0329558537774));
#2928=CARTESIAN_POINT('Ctrl Pts',(-314.400547299925,219.199537885913,59.9910260791154));
#2929=CARTESIAN_POINT('Ctrl Pts',(-314.42428509146,219.180193778305,59.9478415155983));
#2930=CARTESIAN_POINT('Ctrl Pts',(-314.44507177316,219.159966421634,59.9036723465675));
#2931=CARTESIAN_POINT('Ctrl Pts',(-314.465861778896,219.139735830367,59.8594961143613));
#2932=CARTESIAN_POINT('Ctrl Pts',(-314.483699548978,219.118621976328,59.8143352613592));
#2933=CARTESIAN_POINT('Ctrl Pts',(-314.498441361596,219.096881580182,59.7684759679759));
#2934=CARTESIAN_POINT('Ctrl Pts',(-314.513181079228,219.075144273603,59.7226231917391));
#2935=CARTESIAN_POINT('Ctrl Pts',(-314.524825592398,219.052780885443,59.676072488494));
#2936=CARTESIAN_POINT('Ctrl Pts',(-314.533281105974,219.030058116124,59.6291211636299));
#2937=CARTESIAN_POINT('Ctrl Pts',(-314.541736952095,219.007334453145,59.5821679922239));
#2938=CARTESIAN_POINT('Ctrl Pts',(-314.547003473986,218.984251671463,59.5348144917717));
#2939=CARTESIAN_POINT('Ctrl Pts',(-314.549038247125,218.961082290915,59.4873644548785));
#2940=CARTESIAN_POINT('Ctrl Pts',(-314.549679330049,218.953782462772,59.4724146760548));
#2941=CARTESIAN_POINT('Ctrl Pts',(-314.55,218.94647406384,59.4574553429085));
#2942=CARTESIAN_POINT('Ctrl Pts',(-314.55,218.93916566445,59.4424960092515));
#2943=CARTESIAN_POINT('Ctrl Pts',(-313.35,219.876145136908,61.2887635863956));
#2944=CARTESIAN_POINT('Ctrl Pts',(-313.424569685969,219.885604729082,61.2802777757695));
#2945=CARTESIAN_POINT('Ctrl Pts',(-313.499139177507,219.892276566543,61.2686843041526));
#2946=CARTESIAN_POINT('Ctrl Pts',(-313.573242862728,219.896178056031,61.2540025757793));
#2947=CARTESIAN_POINT('Ctrl Pts',(-313.647344094921,219.90007941637,61.2393213334104));
#2948=CARTESIAN_POINT('Ctrl Pts',(-313.720979165278,219.901210641317,61.2215520712597));
#2949=CARTESIAN_POINT('Ctrl Pts',(-313.793688326825,219.899623727802,61.2007527531194));
#2950=CARTESIAN_POINT('Ctrl Pts',(-313.866395259371,219.898036862936,61.179954072611));
#2951=CARTESIAN_POINT('Ctrl Pts',(-313.938175960864,219.893732084026,61.1561255862824));
#2952=CARTESIAN_POINT('Ctrl Pts',(-314.008582289667,219.886795321096,61.1293630849815));
#2953=CARTESIAN_POINT('Ctrl Pts',(-314.078986632261,219.879858753857,61.1026013386686));
#2954=CARTESIAN_POINT('Ctrl Pts',(-314.148016312765,219.870290436721,61.0729058383717));
#2955=CARTESIAN_POINT('Ctrl Pts',(-314.215240389001,219.858209152705,61.0404089979472));
#2956=CARTESIAN_POINT('Ctrl Pts',(-314.282462733178,219.84612817997,61.0079129948187));
#2957=CARTESIAN_POINT('Ctrl Pts',(-314.34787921583,219.831534482258,60.9726159212249));
#2958=CARTESIAN_POINT('Ctrl Pts',(-314.411081472446,219.814578206058,60.9346851535788));
#2959=CARTESIAN_POINT('Ctrl Pts',(-314.474282255141,219.797622325291,60.8967552705056));
#2960=CARTESIAN_POINT('Ctrl Pts',(-314.535268585778,219.778304114013,60.8561919698144));
#2961=CARTESIAN_POINT('Ctrl Pts',(-314.59365977294,219.756803201903,60.8131954944241));
#2962=CARTESIAN_POINT('Ctrl Pts',(-314.652377874188,219.735181912876,60.7699582951479));
#2963=CARTESIAN_POINT('Ctrl Pts',(-314.708471350866,219.711353552875,60.7242607544584));
#2964=CARTESIAN_POINT('Ctrl Pts',(-314.761586129652,219.685528567994,60.6763374679996));
#2965=CARTESIAN_POINT('Ctrl Pts',(-314.814412702275,219.659843712093,60.6286742181413));
#2966=CARTESIAN_POINT('Ctrl Pts',(-314.864292570485,219.632184047528,60.5788095422322));
#2967=CARTESIAN_POINT('Ctrl Pts',(-314.910914283691,219.602781347525,60.527001810424));
#2968=CARTESIAN_POINT('Ctrl Pts',(-314.957533016771,219.573380526983,60.4751973902375));
#2969=CARTESIAN_POINT('Ctrl Pts',(-315.00089376873,219.542237096674,60.4214503886713));
#2970=CARTESIAN_POINT('Ctrl Pts',(-315.040725828974,219.509604546379,60.3660433844979));
#2971=CARTESIAN_POINT('Ctrl Pts',(-315.080555732781,219.476973762752,60.3106393799616));
#2972=CARTESIAN_POINT('Ctrl Pts',(-315.116857119709,219.44285423994,60.2535757973168));
#2973=CARTESIAN_POINT('Ctrl Pts',(-315.14940337681,219.407518015516,60.1951558915637));
#2974=CARTESIAN_POINT('Ctrl Pts',(-315.18226572901,219.371838599328,60.1361686011844));
#2975=CARTESIAN_POINT('Ctrl Pts',(-315.211299403069,219.334918949508,60.0757987552807));
#2976=CARTESIAN_POINT('Ctrl Pts',(-315.236319624153,219.297054808381,60.0143760338212));
#2977=CARTESIAN_POINT('Ctrl Pts',(-315.261100551693,219.259552800128,59.9535407596392));
#2978=CARTESIAN_POINT('Ctrl Pts',(-315.281944376804,219.221124547498,59.8916729507433));
#2979=CARTESIAN_POINT('Ctrl Pts',(-315.298720966662,219.182069021753,59.8291058865713));
#2980=CARTESIAN_POINT('Ctrl Pts',(-315.315740557693,219.142447794713,59.7656325673029));
#2981=CARTESIAN_POINT('Ctrl Pts',(-315.328574017225,219.102181237912,59.7014398640387));
#2982=CARTESIAN_POINT('Ctrl Pts',(-315.337138889625,219.061589720933,59.636884910084));
#2983=CARTESIAN_POINT('Ctrl Pts',(-315.345703762026,219.020998203954,59.5723299561294));
#2984=CARTESIAN_POINT('Ctrl Pts',(-315.35,218.980082003935,59.5074130604257));
#2985=CARTESIAN_POINT('Ctrl Pts',(-315.35,218.93916566445,59.4424960092515));
#2986=CARTESIAN_POINT('Ctrl Pts',(-315.357999942942,285.20246381932,-0.000219412178631794));
#2987=CARTESIAN_POINT('Ctrl Pts',(-315.358063037732,285.461156662017,0.121092405784551));
#2988=CARTESIAN_POINT('Ctrl Pts',(-315.305797814042,285.719709152833,0.242298941688929));
#2989=CARTESIAN_POINT('Ctrl Pts',(-315.104563067815,286.210130553924,0.455015960512327));
#2990=CARTESIAN_POINT('Ctrl Pts',(-314.955731019535,286.44184833954,0.546383541353942));
#2991=CARTESIAN_POINT('Ctrl Pts',(-314.584009813709,286.856027287593,0.674209680476694));
#2992=CARTESIAN_POINT('Ctrl Pts',(-314.361266912585,287.038390786682,0.710559368140721));
#2993=CARTESIAN_POINT('Ctrl Pts',(-313.875443259023,287.338776733786,0.711433585797946));
#2994=CARTESIAN_POINT('Ctrl Pts',(-313.612569794424,287.456694675458,0.67586718167224));
#2995=CARTESIAN_POINT('Ctrl Pts',(-313.349524239212,287.539695597414,0.601325710940756));
#2996=CARTESIAN_POINT('Ctrl Pts',(-315.349999943169,285.202465085133,-0.000218001206833145));
#2997=CARTESIAN_POINT('Ctrl Pts',(-315.350062786586,285.46045806636,0.120313698097042));
#2998=CARTESIAN_POINT('Ctrl Pts',(-315.298005790879,285.71831127645,0.24074065326114));
#2999=CARTESIAN_POINT('Ctrl Pts',(-315.097572776708,286.207440204185,0.452016882114751));
#3000=CARTESIAN_POINT('Ctrl Pts',(-314.949333684796,286.43856541004,0.542723882238592));
#3001=CARTESIAN_POINT('Ctrl Pts',(-314.57909343995,286.851755440096,0.669447620971853));
#3002=CARTESIAN_POINT('Ctrl Pts',(-314.357237960742,287.033722990047,0.705355922711641));
#3003=CARTESIAN_POINT('Ctrl Pts',(-313.873349859584,287.333573577158,0.705633345622849));
#3004=CARTESIAN_POINT('Ctrl Pts',(-313.611523648376,287.45135250089,0.669911915994165));
#3005=CARTESIAN_POINT('Ctrl Pts',(-313.349526134766,287.534353563471,0.595370656808518));
#3006=CARTESIAN_POINT('Ctrl Pts',(-314.549999965901,285.202591666481,-7.69040269682782E-5));
#3007=CARTESIAN_POINT('Ctrl Pts',(-314.550037671951,285.390598500607,0.042442929346146));
#3008=CARTESIAN_POINT('Ctrl Pts',(-314.518803474527,285.578523638074,0.0849118104821942));
#3009=CARTESIAN_POINT('Ctrl Pts',(-314.398543666025,285.938405230285,0.152109042357189));
#3010=CARTESIAN_POINT('Ctrl Pts',(-314.309600210878,286.110272459986,0.176757970703577));
#3011=CARTESIAN_POINT('Ctrl Pts',(-314.08745606397,286.424570690397,0.193241670487712));
#3012=CARTESIAN_POINT('Ctrl Pts',(-313.954342776445,286.566943326556,0.185011379803676));
#3013=CARTESIAN_POINT('Ctrl Pts',(-313.664009915751,286.813257914392,0.125609328113229));
#3014=CARTESIAN_POINT('Ctrl Pts',(-313.506909043565,286.917135044142,0.0743853481867201));
#3015=CARTESIAN_POINT('Ctrl Pts',(-313.349715690171,287.000150169202,-0.000134756415297756));
#3016=CARTESIAN_POINT('Ctrl Pts',(-314.541919966131,285.202592944953,-7.54789454516431E-5));
#3017=CARTESIAN_POINT('Ctrl Pts',(-314.541957418293,285.389892918993,0.0416564345817619));
#3018=CARTESIAN_POINT('Ctrl Pts',(-314.510933531132,285.577111782927,0.0833379391701269));
#3019=CARTESIAN_POINT('Ctrl Pts',(-314.391483472007,285.935687977049,0.149079973175638));
#3020=CARTESIAN_POINT('Ctrl Pts',(-314.303138902791,286.106956701191,0.173061714997074));
#3021=CARTESIAN_POINT('Ctrl Pts',(-314.082490526472,286.420256124425,0.188431990387822));
#3022=CARTESIAN_POINT('Ctrl Pts',(-313.950273535083,286.562228851955,0.179755899920306));
#3023=CARTESIAN_POINT('Ctrl Pts',(-313.661895582318,286.808002726198,0.119751085536382));
#3024=CARTESIAN_POINT('Ctrl Pts',(-313.505852436057,286.911739447829,0.0683705298518649));
#3025=CARTESIAN_POINT('Ctrl Pts',(-313.349717604681,286.99475471492,-0.0061493610888583));
#3026=CARTESIAN_POINT('',(-314.55,285.20293170755,-6.263978051535E-14));
#3027=CARTESIAN_POINT('Ctrl Pts',(-314.55,285.20293170755,-6.15063555642337E-14));
#3028=CARTESIAN_POINT('Ctrl Pts',(-314.55,285.256364795943,0.0120844744643764));
#3029=CARTESIAN_POINT('Ctrl Pts',(-314.547509429402,285.30939139591,0.0240761600890016));
#3030=CARTESIAN_POINT('Ctrl Pts',(-314.54261600258,285.362048501346,0.035823842455061));
#3031=CARTESIAN_POINT('Ctrl Pts',(-314.537680067687,285.415163026915,0.0476735742288276));
#3032=CARTESIAN_POINT('Ctrl Pts',(-314.530299328473,285.467902475953,0.0592760097385321));
#3033=CARTESIAN_POINT('Ctrl Pts',(-314.520510842092,285.520308873918,0.0704804844260726));
#3034=CARTESIAN_POINT('Ctrl Pts',(-314.510794692916,285.572327987047,0.0816021577133592));
#3035=CARTESIAN_POINT('Ctrl Pts',(-314.498705904199,285.624019769675,0.0923326402426023));
#3036=CARTESIAN_POINT('Ctrl Pts',(-314.484231745738,285.675416721018,0.102514994633619));
#3037=CARTESIAN_POINT('Ctrl Pts',(-314.476466685712,285.702990027846,0.10797759843646));
#3038=CARTESIAN_POINT('Ctrl Pts',(-314.468014284836,285.730478259055,0.113282200399711));
#3039=CARTESIAN_POINT('Ctrl Pts',(-314.458867344238,285.757884172526,0.118402049558589));
#3040=CARTESIAN_POINT('Ctrl Pts',(-314.438461965831,285.819022432797,0.129823623619771));
#3041=CARTESIAN_POINT('Ctrl Pts',(-314.4148962587,285.878872309329,0.140160725315018));
#3042=CARTESIAN_POINT('Ctrl Pts',(-314.388366654681,285.937414292414,0.149170553753069));
#3043=CARTESIAN_POINT('Ctrl Pts',(-314.361434643283,285.996844254304,0.158317045424273));
#3044=CARTESIAN_POINT('Ctrl Pts',(-314.331447358789,286.054927559587,0.166097047688668));
#3045=CARTESIAN_POINT('Ctrl Pts',(-314.298559250669,286.111634475553,0.172246151244355));
#3046=CARTESIAN_POINT('Ctrl Pts',(-314.267945101725,286.164420545376,0.177970091686433));
#3047=CARTESIAN_POINT('Ctrl Pts',(-314.234816045447,286.216014544829,0.182281495271727));
#3048=CARTESIAN_POINT('Ctrl Pts',(-314.199269297348,286.266372277881,0.184944559809933));
#3049=CARTESIAN_POINT('Ctrl Pts',(-314.158784977861,286.323724881495,0.18797753360763));
#3050=CARTESIAN_POINT('Ctrl Pts',(-314.115483595178,286.379011073307,0.18884227774445));
#3051=CARTESIAN_POINT('Ctrl Pts',(-314.06979170851,286.432051053896,0.1872782359126));
#3052=CARTESIAN_POINT('Ctrl Pts',(-314.023781951783,286.485460023884,0.185703313329116));
#3053=CARTESIAN_POINT('Ctrl Pts',(-313.975348379295,286.536591444373,0.181665720071512));
#3054=CARTESIAN_POINT('Ctrl Pts',(-313.924950659143,286.585293087906,0.174934372226447));
#3055=CARTESIAN_POINT('Ctrl Pts',(-313.874555239115,286.633992508721,0.168203331596528));
#3056=CARTESIAN_POINT('Ctrl Pts',(-313.822195880773,286.680262382591,0.158778791428269));
#3057=CARTESIAN_POINT('Ctrl Pts',(-313.768355515782,286.723981437536,0.146464183957436));
#3058=CARTESIAN_POINT('Ctrl Pts',(-313.714786003023,286.767480557055,0.134211527012524));
#3059=CARTESIAN_POINT('Ctrl Pts',(-313.659750358434,286.808454430977,0.119097777728228));
#3060=CARTESIAN_POINT('Ctrl Pts',(-313.60374704304,286.846814328202,0.100963565099747));
#3061=CARTESIAN_POINT('Ctrl Pts',(-313.548550976744,286.884621294012,0.0830907446172506));
#3062=CARTESIAN_POINT('Ctrl Pts',(-313.49241497157,286.919889058818,0.0622838660543022));
#3063=CARTESIAN_POINT('Ctrl Pts',(-313.435838046489,286.952563004596,0.0384241629609349));
#3064=CARTESIAN_POINT('Ctrl Pts',(-313.407315071518,286.969035411612,0.026395412491066));
#3065=CARTESIAN_POINT('Ctrl Pts',(-313.378680375253,286.984849053236,0.0135912904789777));
#3066=CARTESIAN_POINT('Ctrl Pts',(-313.35,287.,-3.60718626804407E-14));
#3067=CARTESIAN_POINT('',(-314.55,285.20293170755,2.08166817117217E-14));
#3068=CARTESIAN_POINT('Ctrl Pts',(-315.35,285.20293170755,1.98729921407903E-14));
#3069=CARTESIAN_POINT('Ctrl Pts',(-315.35,285.272309109562,0.0324124036356224));
#3070=CARTESIAN_POINT('Ctrl Pts',(-315.346281413327,285.341255546698,0.0646227021943225));
#3071=CARTESIAN_POINT('Ctrl Pts',(-315.338957085622,285.409726735868,0.0964450929555056));
#3072=CARTESIAN_POINT('Ctrl Pts',(-315.331552795744,285.478945448261,0.128614899562148));
#3073=CARTESIAN_POINT('Ctrl Pts',(-315.320463636198,285.547679369674,0.160389275002314));
#3074=CARTESIAN_POINT('Ctrl Pts',(-315.305753161602,285.615889198583,0.191583452194783));
#3075=CARTESIAN_POINT('Ctrl Pts',(-315.291127413507,285.683706165931,0.222597963298264));
#3076=CARTESIAN_POINT('Ctrl Pts',(-315.272921622635,285.751005918258,0.253039896498604));
#3077=CARTESIAN_POINT('Ctrl Pts',(-315.251148535041,285.81774303443,0.282720084395613));
#3078=CARTESIAN_POINT('Ctrl Pts',(-315.235262429914,285.866435845628,0.304375377109842));
#3079=CARTESIAN_POINT('Ctrl Pts',(-315.2174762015,285.914829043092,0.325625049905005));
#3080=CARTESIAN_POINT('Ctrl Pts',(-315.197779837026,285.962898791991,0.346388724588292));
#3081=CARTESIAN_POINT('Ctrl Pts',(-315.174948411269,286.018619780736,0.37045734383112));
#3082=CARTESIAN_POINT('Ctrl Pts',(-315.149789962912,286.073328996462,0.393622888761442));
#3083=CARTESIAN_POINT('Ctrl Pts',(-315.122380953873,286.127086975404,0.415826371757325));
#3084=CARTESIAN_POINT('Ctrl Pts',(-315.09473662496,286.181306493133,0.43822048261566));
#3085=CARTESIAN_POINT('Ctrl Pts',(-315.064802558102,286.234558960608,0.459636599136365));
#3086=CARTESIAN_POINT('Ctrl Pts',(-315.032607640205,286.286894813101,0.480001188120044));
#3087=CARTESIAN_POINT('Ctrl Pts',(-315.026327215066,286.297104232014,0.483973811284213));
#3088=CARTESIAN_POINT('Ctrl Pts',(-315.019960615203,286.3072787189,0.487906362579886));
#3089=CARTESIAN_POINT('Ctrl Pts',(-315.013507857883,286.317418567628,0.491798206361223));
#3090=CARTESIAN_POINT('Ctrl Pts',(-314.985899477702,286.360802315802,0.508449615576883));
#3091=CARTESIAN_POINT('Ctrl Pts',(-314.956607930597,286.403712138563,0.524414743734882));
#3092=CARTESIAN_POINT('Ctrl Pts',(-314.925764358587,286.445937411723,0.53954794429017));
#3093=CARTESIAN_POINT('Ctrl Pts',(-314.89495072402,286.488121700114,0.55466645623156));
#3094=CARTESIAN_POINT('Ctrl Pts',(-314.862588386475,286.529622446266,0.568954297069527));
#3095=CARTESIAN_POINT('Ctrl Pts',(-314.828851224263,286.570249090973,0.582287928445749));
#3096=CARTESIAN_POINT('Ctrl Pts',(-314.807888556874,286.595492554984,0.590572812570805));
#3097=CARTESIAN_POINT('Ctrl Pts',(-314.786395939295,286.62039895293,0.59848974921181));
#3098=CARTESIAN_POINT('Ctrl Pts',(-314.764422573324,286.644927140196,0.606014195744678));
#3099=CARTESIAN_POINT('Ctrl Pts',(-314.722090737803,286.692180855914,0.620510091977941));
#3100=CARTESIAN_POINT('Ctrl Pts',(-314.678071910219,286.737931809882,0.633520208490817));
#3101=CARTESIAN_POINT('Ctrl Pts',(-314.632428728173,286.782253193443,0.644998266336691));
#3102=CARTESIAN_POINT('Ctrl Pts',(-314.586552055154,286.826801306221,0.656535041010956));
#3103=CARTESIAN_POINT('Ctrl Pts',(-314.539033658294,286.869905624346,0.666524531930354));
#3104=CARTESIAN_POINT('Ctrl Pts',(-314.48990021793,286.911615817296,0.674892266624495));
#3105=CARTESIAN_POINT('Ctrl Pts',(-314.480829474155,286.919316122226,0.676437071483063));
#3106=CARTESIAN_POINT('Ctrl Pts',(-314.471703602211,286.926968834275,0.677926516318692));
#3107=CARTESIAN_POINT('Ctrl Pts',(-314.462522664195,286.934574156869,0.679360010922071));
#3108=CARTESIAN_POINT('Ctrl Pts',(-314.424131130787,286.966377007071,0.685354393615605));
#3109=CARTESIAN_POINT('Ctrl Pts',(-314.384639098539,286.997461619952,0.69038796325096));
#3110=CARTESIAN_POINT('Ctrl Pts',(-314.344258483497,287.027661660241,0.694377298044472));
#3111=CARTESIAN_POINT('Ctrl Pts',(-314.303899877822,287.057845240064,0.698364458459625));
#3112=CARTESIAN_POINT('Ctrl Pts',(-314.262654112616,287.087145003143,0.701308289993148));
#3113=CARTESIAN_POINT('Ctrl Pts',(-314.220760912046,287.115424171379,0.703158153142553));
#3114=CARTESIAN_POINT('Ctrl Pts',(-314.186231122811,287.138732815875,0.704682872758005));
#3115=CARTESIAN_POINT('Ctrl Pts',(-314.151262140229,287.161348611749,0.705464954442503));
#3116=CARTESIAN_POINT('Ctrl Pts',(-314.115999077917,287.183211212739,0.705494149403735));
#3117=CARTESIAN_POINT('Ctrl Pts',(-314.060604586728,287.217555015532,0.705540011558542));
#3118=CARTESIAN_POINT('Ctrl Pts',(-314.004402463005,287.250099745892,0.703733633958433));
#3119=CARTESIAN_POINT('Ctrl Pts',(-313.947439932946,287.280924746862,0.700034484349744));
#3120=CARTESIAN_POINT('Ctrl Pts',(-313.890391173071,287.311796410685,0.696329734972416));
#3121=CARTESIAN_POINT('Ctrl Pts',(-313.832578783169,287.340943337809,0.690726705303385));
#3122=CARTESIAN_POINT('Ctrl Pts',(-313.774032984028,287.368412557851,0.683148254927453));
#3123=CARTESIAN_POINT('Ctrl Pts',(-313.763501981423,287.373353619927,0.681785071200757));
#3124=CARTESIAN_POINT('Ctrl Pts',(-313.75294722533,287.3782403095,0.680357872034659));
#3125=CARTESIAN_POINT('Ctrl Pts',(-313.742368868781,287.383072781246,0.678866075776404));
#3126=CARTESIAN_POINT('Ctrl Pts',(-313.689773257234,287.407099841176,0.671448861567127));
#3127=CARTESIAN_POINT('Ctrl Pts',(-313.636495299852,287.429829680481,0.662416643286635));
#3128=CARTESIAN_POINT('Ctrl Pts',(-313.582815922382,287.451161714226,0.65173250677255));
#3129=CARTESIAN_POINT('Ctrl Pts',(-313.529208631527,287.472465100952,0.64106271810071));
#3130=CARTESIAN_POINT('Ctrl Pts',(-313.475201566252,287.492374339765,0.62874534008639));
#3131=CARTESIAN_POINT('Ctrl Pts',(-313.421086213066,287.510823068179,0.614781305576126));
#3132=CARTESIAN_POINT('Ctrl Pts',(-313.397403214456,287.518896954491,0.608670097010922));
#3133=CARTESIAN_POINT('Ctrl Pts',(-313.373699575454,287.526691557084,0.60224400359112));
#3134=CARTESIAN_POINT('Ctrl Pts',(-313.35,287.53420340453,0.595505434558198));
#3135=CARTESIAN_POINT('',(-313.35,287.,0.));
#3136=CARTESIAN_POINT('Origin',(-313.35,286.198694893205,-0.893258151837381));
#3137=CARTESIAN_POINT('Origin',(-313.35,286.198694893205,-0.893258151837381));
#3138=CARTESIAN_POINT('',(-314.55,218.540636625583,59.8));
#3139=CARTESIAN_POINT('Origin',(-314.55,5.47622514282977E-13,9.69225664273876E-13));
#3140=CARTESIAN_POINT('',(-314.55,213.273684046638,44.6424960092514));
#3141=CARTESIAN_POINT('',(-314.55,171.110257362795,-65.5014876829721));
#3142=CARTESIAN_POINT('',(-314.55,263.039089434,-1.23603809376491E-13));
#3143=CARTESIAN_POINT('',(-314.55,117.288010998671,130.747290949339));
#3144=CARTESIAN_POINT('',(-314.55,5.47622514282998E-13,-1.96597703559321E-12));
#3145=CARTESIAN_POINT('Origin',(-315.35,208.657873641775,48.7831494606729));
#3146=CARTESIAN_POINT('',(-315.35,213.273684046638,44.6424960092514));
#3147=CARTESIAN_POINT('',(-315.35,263.039089434,-1.31838984174237E-13));
#3148=CARTESIAN_POINT('Origin',(-315.35,263.039089434,-1.35066551056873E-13));
#3149=CARTESIAN_POINT('Origin',(-315.35,218.93916566445,59.4424960092514));
#3150=CARTESIAN_POINT('Ctrl Pts',(-313.349524239211,-287.539695597415,0.601325710941047));
#3151=CARTESIAN_POINT('Ctrl Pts',(-313.612569794424,-287.456694675458,0.67586718167256));
#3152=CARTESIAN_POINT('Ctrl Pts',(-313.875443259023,-287.338776733786,0.711433585798287));
#3153=CARTESIAN_POINT('Ctrl Pts',(-314.361266912585,-287.038390786683,0.710559368140992));
#3154=CARTESIAN_POINT('Ctrl Pts',(-314.58400981371,-286.856027287593,0.67420968047691));
#3155=CARTESIAN_POINT('Ctrl Pts',(-314.955731019536,-286.441848339541,0.546383541354036));
#3156=CARTESIAN_POINT('Ctrl Pts',(-315.104563067815,-286.210130553924,0.455015960512346));
#3157=CARTESIAN_POINT('Ctrl Pts',(-315.305797814042,-285.719709152834,0.242298941688819));
#3158=CARTESIAN_POINT('Ctrl Pts',(-315.358063037732,-285.461156662017,0.121092405784334));
#3159=CARTESIAN_POINT('Ctrl Pts',(-315.357999942942,-285.20246381932,-0.000219412178813672));
#3160=CARTESIAN_POINT('Ctrl Pts',(-313.349526134765,-287.534353563472,0.595370656808809));
#3161=CARTESIAN_POINT('Ctrl Pts',(-313.611523648376,-287.451352500891,0.669911915994486));
#3162=CARTESIAN_POINT('Ctrl Pts',(-313.873349859584,-287.333573577158,0.705633345623191));
#3163=CARTESIAN_POINT('Ctrl Pts',(-314.357237960742,-287.033722990048,0.705355922711913));
#3164=CARTESIAN_POINT('Ctrl Pts',(-314.57909343995,-286.851755440096,0.669447620972069));
#3165=CARTESIAN_POINT('Ctrl Pts',(-314.949333684796,-286.43856541004,0.542723882238687));
#3166=CARTESIAN_POINT('Ctrl Pts',(-315.097572776709,-286.207440204185,0.452016882114771));
#3167=CARTESIAN_POINT('Ctrl Pts',(-315.298005790879,-285.71831127645,0.240740653261031));
#3168=CARTESIAN_POINT('Ctrl Pts',(-315.350062786586,-285.460458066359,0.120313698096827));
#3169=CARTESIAN_POINT('Ctrl Pts',(-315.349999943169,-285.202465085133,-0.000218001207013603));
#3170=CARTESIAN_POINT('Ctrl Pts',(-313.349715690171,-287.000150169202,-0.000134756415012182));
#3171=CARTESIAN_POINT('Ctrl Pts',(-313.506909043565,-286.917135044142,0.0743853481870513));
#3172=CARTESIAN_POINT('Ctrl Pts',(-313.664009915751,-286.813257914393,0.125609328113559));
#3173=CARTESIAN_POINT('Ctrl Pts',(-313.954342776445,-286.566943326557,0.185011379803966));
#3174=CARTESIAN_POINT('Ctrl Pts',(-314.08745606397,-286.424570690397,0.193241670487971));
#3175=CARTESIAN_POINT('Ctrl Pts',(-314.309600210878,-286.110272459987,0.176757970703754));
#3176=CARTESIAN_POINT('Ctrl Pts',(-314.398543666025,-285.938405230285,0.152109042357317));
#3177=CARTESIAN_POINT('Ctrl Pts',(-314.518803474527,-285.578523638075,0.0849118104822321));
#3178=CARTESIAN_POINT('Ctrl Pts',(-314.550037671951,-285.390598500607,0.0424429293460531));
#3179=CARTESIAN_POINT('Ctrl Pts',(-314.549999965901,-285.202591666481,-7.69040270066967E-5));
#3180=CARTESIAN_POINT('Ctrl Pts',(-313.349717604681,-286.99475471492,-0.00614936108857278));
#3181=CARTESIAN_POINT('Ctrl Pts',(-313.505852436057,-286.911739447829,0.0683705298521962));
#3182=CARTESIAN_POINT('Ctrl Pts',(-313.661895582318,-286.808002726199,0.119751085536711));
#3183=CARTESIAN_POINT('Ctrl Pts',(-313.950273535084,-286.562228851955,0.179755899920595));
#3184=CARTESIAN_POINT('Ctrl Pts',(-314.082490526472,-286.420256124426,0.188431990388082));
#3185=CARTESIAN_POINT('Ctrl Pts',(-314.303138902791,-286.106956701191,0.173061714997251));
#3186=CARTESIAN_POINT('Ctrl Pts',(-314.391483472007,-285.935687977049,0.149079973175766));
#3187=CARTESIAN_POINT('Ctrl Pts',(-314.510933531132,-285.577111782927,0.0833379391701662));
#3188=CARTESIAN_POINT('Ctrl Pts',(-314.541957418294,-285.389892918993,0.0416564345816703));
#3189=CARTESIAN_POINT('Ctrl Pts',(-314.541919966131,-285.202592944953,-7.5478945488627E-5));
#3190=CARTESIAN_POINT('',(-314.55,-285.20293170755,1.37043154602168E-13));
#3191=CARTESIAN_POINT('',(-315.35,-285.20293170755,-2.53874367472221E-15));
#3192=CARTESIAN_POINT('Ctrl Pts',(-313.35,-287.,3.05533376376843E-13));
#3193=CARTESIAN_POINT('Ctrl Pts',(-313.39467563494,-286.976399256962,0.0211712547845908));
#3194=CARTESIAN_POINT('Ctrl Pts',(-313.43901076518,-286.951314539772,0.0403278975017101));
#3195=CARTESIAN_POINT('Ctrl Pts',(-313.482917532292,-286.924708758342,0.0576210353392241));
#3196=CARTESIAN_POINT('Ctrl Pts',(-313.527205707365,-286.897871858623,0.0750643946773513));
#3197=CARTESIAN_POINT('Ctrl Pts',(-313.571059340652,-286.869487339818,0.0906117174606117));
#3198=CARTESIAN_POINT('Ctrl Pts',(-313.614394342877,-286.83948177057,0.104378658392307));
#3199=CARTESIAN_POINT('Ctrl Pts',(-313.65740909815,-286.809697943369,0.118043861222206));
#3200=CARTESIAN_POINT('Ctrl Pts',(-313.69991408181,-286.778316704355,0.129954640426842));
#3201=CARTESIAN_POINT('Ctrl Pts',(-313.741814174018,-286.745233536987,0.140187651778334));
#3202=CARTESIAN_POINT('Ctrl Pts',(-313.764292629809,-286.727485162797,0.14567743189926));
#3203=CARTESIAN_POINT('Ctrl Pts',(-313.786596662299,-286.709246417549,0.15068373231649));
#3204=CARTESIAN_POINT('Ctrl Pts',(-313.808708200147,-286.690497669065,0.155214493306723));
#3205=CARTESIAN_POINT('Ctrl Pts',(-313.858035545409,-286.648672175241,0.165321904795141));
#3206=CARTESIAN_POINT('Ctrl Pts',(-313.905695305462,-286.604911205082,0.172919977417992));
#3207=CARTESIAN_POINT('Ctrl Pts',(-313.951493716052,-286.559236049584,0.178253497768075));
#3208=CARTESIAN_POINT('Ctrl Pts',(-313.997986807891,-286.512868082402,0.183667918230751));
#3209=CARTESIAN_POINT('Ctrl Pts',(-314.042563474214,-286.464526898921,0.186747986173833));
#3210=CARTESIAN_POINT('Ctrl Pts',(-314.085007039408,-286.414200680079,0.187711790888784));
#3211=CARTESIAN_POINT('Ctrl Pts',(-314.12451595922,-286.36735413136,0.188608955936619));
#3212=CARTESIAN_POINT('Ctrl Pts',(-314.162177402251,-286.318786652454,0.187671378531728));
#3213=CARTESIAN_POINT('Ctrl Pts',(-314.197786329556,-286.268470439836,0.185054599064038));
#3214=CARTESIAN_POINT('Ctrl Pts',(-314.238341465166,-286.211165123991,0.182074339499771));
#3215=CARTESIAN_POINT('Ctrl Pts',(-314.27590275482,-286.152045960631,0.176936774620604));
#3216=CARTESIAN_POINT('Ctrl Pts',(-314.310156183314,-286.09136790092,0.169986236446903));
#3217=CARTESIAN_POINT('Ctrl Pts',(-314.344647906617,-286.030267715097,0.16298734465629));
#3218=CARTESIAN_POINT('Ctrl Pts',(-314.375785619337,-285.967586910643,0.154150214804728));
#3219=CARTESIAN_POINT('Ctrl Pts',(-314.403295656284,-285.903601919249,0.14384438798367));
#3220=CARTESIAN_POINT('Ctrl Pts',(-314.430804437688,-285.839619848095,0.133539031515077));
#3221=CARTESIAN_POINT('Ctrl Pts',(-314.454685886763,-285.774333729121,0.121765134516767));
#3222=CARTESIAN_POINT('Ctrl Pts',(-314.474712702164,-285.708035532539,0.108909551309608));
#3223=CARTESIAN_POINT('Ctrl Pts',(-314.494638769592,-285.642070859226,0.0961186400899575));
#3224=CARTESIAN_POINT('Ctrl Pts',(-314.510748848481,-285.575104273154,0.0822569069774247));
#3225=CARTESIAN_POINT('Ctrl Pts',(-314.522865055385,-285.507438572467,0.0677223550898205));
#3226=CARTESIAN_POINT('Ctrl Pts',(-314.534806615539,-285.440748226104,0.0533973087256165));
#3227=CARTESIAN_POINT('Ctrl Pts',(-314.542868554,-285.373378798664,0.0384187273031514));
#3228=CARTESIAN_POINT('Ctrl Pts',(-314.546925991769,-285.305634741729,0.0231838802534412));
#3229=CARTESIAN_POINT('Ctrl Pts',(-314.548971528811,-285.271481912853,0.0155033079968948));
#3230=CARTESIAN_POINT('Ctrl Pts',(-314.55,-285.237234096947,0.00775785868273379));
#3231=CARTESIAN_POINT('Ctrl Pts',(-314.55,-285.20293170755,9.9475983006414E-14));
#3232=CARTESIAN_POINT('',(-313.35,-287.,0.));
#3233=CARTESIAN_POINT('Ctrl Pts',(-313.35,-287.534203404531,0.595505434558319));
#3234=CARTESIAN_POINT('Ctrl Pts',(-313.420454258581,-287.511872133515,0.615537898263479));
#3235=CARTESIAN_POINT('Ctrl Pts',(-313.490470295193,-287.487196100715,0.632678214374468));
#3236=CARTESIAN_POINT('Ctrl Pts',(-313.559880231451,-287.46018284087,0.647071220239361));
#3237=CARTESIAN_POINT('Ctrl Pts',(-313.630047939552,-287.432874668095,0.661621359436542));
#3238=CARTESIAN_POINT('Ctrl Pts',(-313.699597574653,-287.403177978021,0.673363897619904));
#3239=CARTESIAN_POINT('Ctrl Pts',(-313.768365355742,-287.371065145571,0.682408995170263));
#3240=CARTESIAN_POINT('Ctrl Pts',(-313.836737061686,-287.3391372703,0.691401996546019));
#3241=CARTESIAN_POINT('Ctrl Pts',(-313.904337178532,-287.304820789347,0.697728300288105));
#3242=CARTESIAN_POINT('Ctrl Pts',(-313.970994563356,-287.268055353662,0.701459166049212));
#3243=CARTESIAN_POINT('Ctrl Pts',(-314.019629200875,-287.241230514337,0.704181284602152));
#3244=CARTESIAN_POINT('Ctrl Pts',(-314.067761833963,-287.213101257742,0.705520922937706));
#3245=CARTESIAN_POINT('Ctrl Pts',(-314.115316714751,-287.183634151672,0.705494620586059));
#3246=CARTESIAN_POINT('Ctrl Pts',(-314.170440884072,-287.149476779862,0.70546413170118));
#3247=CARTESIAN_POINT('Ctrl Pts',(-314.224217205578,-287.113877270712,0.703601210498628));
#3248=CARTESIAN_POINT('Ctrl Pts',(-314.276642193284,-287.076823817978,0.700019166557333));
#3249=CARTESIAN_POINT('Ctrl Pts',(-314.32951727539,-287.039452243061,0.696406369000491));
#3250=CARTESIAN_POINT('Ctrl Pts',(-314.381018604394,-287.00060140666,0.691044529746572));
#3251=CARTESIAN_POINT('Ctrl Pts',(-314.43112512189,-286.960226101018,0.684013009386817));
#3252=CARTESIAN_POINT('Ctrl Pts',(-314.440899653162,-286.952349886358,0.682641335219715));
#3253=CARTESIAN_POINT('Ctrl Pts',(-314.450621029656,-286.944415565858,0.681206018576702));
#3254=CARTESIAN_POINT('Ctrl Pts',(-314.46028897444,-286.936422672255,0.679707501812096));
#3255=CARTESIAN_POINT('Ctrl Pts',(-314.501653662761,-286.902224757383,0.673296037917615));
#3256=CARTESIAN_POINT('Ctrl Pts',(-314.542191030247,-286.866824379039,0.665702093700315));
#3257=CARTESIAN_POINT('Ctrl Pts',(-314.581652015063,-286.830353419952,0.656983538342004));
#3258=CARTESIAN_POINT('Ctrl Pts',(-314.621074698188,-286.793917860372,0.648273445403312));
#3259=CARTESIAN_POINT('Ctrl Pts',(-314.659422606629,-286.756414004658,0.638441154561543));
#3260=CARTESIAN_POINT('Ctrl Pts',(-314.696476533959,-286.718002143973,0.627576462751072));
#3261=CARTESIAN_POINT('Ctrl Pts',(-314.71950008138,-286.694134841375,0.62082566020079));
#3262=CARTESIAN_POINT('Ctrl Pts',(-314.742024658094,-286.669917538535,0.613676895152526));
#3263=CARTESIAN_POINT('Ctrl Pts',(-314.764004520527,-286.64539368931,0.60615728446826));
#3264=CARTESIAN_POINT('Ctrl Pts',(-314.806348871527,-286.598148330855,0.591670704528509));
#3265=CARTESIAN_POINT('Ctrl Pts',(-314.8465837596,-286.549870635174,0.575843892336594));
#3266=CARTESIAN_POINT('Ctrl Pts',(-314.884723609372,-286.500538869553,0.558780490556209));
#3267=CARTESIAN_POINT('Ctrl Pts',(-314.923058566282,-286.450954743747,0.54162979971979));
#3268=CARTESIAN_POINT('Ctrl Pts',(-314.959277653312,-286.400305263395,0.523229308286176));
#3269=CARTESIAN_POINT('Ctrl Pts',(-314.993358601516,-286.348543704745,0.503656772485378));
#3270=CARTESIAN_POINT('Ctrl Pts',(-314.999650437512,-286.338987772323,0.500043399273108));
#3271=CARTESIAN_POINT('Ctrl Pts',(-315.005869284166,-286.329393881769,0.496390017741363));
#3272=CARTESIAN_POINT('Ctrl Pts',(-315.012014837976,-286.319761668457,0.492697038401218));
#3273=CARTESIAN_POINT('Ctrl Pts',(-315.037713435879,-286.279483056554,0.477254265614962));
#3274=CARTESIAN_POINT('Ctrl Pts',(-315.062217216008,-286.238389974534,0.461063713989629));
#3275=CARTESIAN_POINT('Ctrl Pts',(-315.085353009621,-286.196674631345,0.444237648096099));
#3276=CARTESIAN_POINT('Ctrl Pts',(-315.108476193119,-286.154982025014,0.427420753213632));
#3277=CARTESIAN_POINT('Ctrl Pts',(-315.130232569201,-286.112668139406,0.409969375255086));
#3278=CARTESIAN_POINT('Ctrl Pts',(-315.150493108585,-286.069943669601,0.392016552979712));
#3279=CARTESIAN_POINT('Ctrl Pts',(-315.167192528662,-286.034728720221,0.377219231198166));
#3280=CARTESIAN_POINT('Ctrl Pts',(-315.182876489967,-285.999235269323,0.362081730795871));
#3281=CARTESIAN_POINT('Ctrl Pts',(-315.197497067015,-285.963588560953,0.346686645639259));
#3282=CARTESIAN_POINT('Ctrl Pts',(-315.220464426439,-285.907591402925,0.322502616992718));
#3283=CARTESIAN_POINT('Ctrl Pts',(-315.240851674039,-285.851131136619,0.297649052881595));
#3284=CARTESIAN_POINT('Ctrl Pts',(-315.258681619998,-285.794175186081,0.272218619366214));
#3285=CARTESIAN_POINT('Ctrl Pts',(-315.276538556911,-285.737133015688,0.246749689288345));
#3286=CARTESIAN_POINT('Ctrl Pts',(-315.291830748264,-285.679593045033,0.220701457315138));
#3287=CARTESIAN_POINT('Ctrl Pts',(-315.304532176367,-285.621511051132,0.194154192569592));
#3288=CARTESIAN_POINT('Ctrl Pts',(-315.306816862449,-285.611063476103,0.189378968414632));
#3289=CARTESIAN_POINT('Ctrl Pts',(-315.309017589133,-285.600598347839,0.184587580188644));
#3290=CARTESIAN_POINT('Ctrl Pts',(-315.311134026733,-285.590115393703,0.179780478045373));
#3291=CARTESIAN_POINT('Ctrl Pts',(-315.321656959038,-285.537994123168,0.155879555838718));
#3292=CARTESIAN_POINT('Ctrl Pts',(-315.330111487123,-285.485333248202,0.131546029444413));
#3293=CARTESIAN_POINT('Ctrl Pts',(-315.336402966741,-285.432357744004,0.106955477581941));
#3294=CARTESIAN_POINT('Ctrl Pts',(-315.342685997463,-285.379453381183,0.0823979486369998));
#3295=CARTESIAN_POINT('Ctrl Pts',(-315.346811644474,-285.32623561305,0.0575845070779188));
#3296=CARTESIAN_POINT('Ctrl Pts',(-315.348736288335,-285.272936316383,0.0326987277948447));
#3297=CARTESIAN_POINT('Ctrl Pts',(-315.34957858789,-285.249610456064,0.021807735834683));
#3298=CARTESIAN_POINT('Ctrl Pts',(-315.35,-285.226269047373,0.0109029634462286));
#3299=CARTESIAN_POINT('Ctrl Pts',(-315.35,-285.20293170755,9.2370555648813E-14));
#3300=CARTESIAN_POINT('Ctrl Pts',(-315.357997611656,-218.93749921478,59.4398559180299));
#3301=CARTESIAN_POINT('Ctrl Pts',(-315.35840720096,-219.080386539415,59.6662266701826));
#3302=CARTESIAN_POINT('Ctrl Pts',(-315.306129700035,-219.223205709443,59.8924977013887));
#3303=CARTESIAN_POINT('Ctrl Pts',(-315.104563067815,-219.481600435984,60.314432683959));
#3304=CARTESIAN_POINT('Ctrl Pts',(-314.955731019535,-219.59712720289,60.5100304433494));
#3305=CARTESIAN_POINT('Ctrl Pts',(-314.584009813709,-219.778924113522,60.8463169395698));
#3306=CARTESIAN_POINT('Ctrl Pts',(-314.361266912584,-219.845096593901,60.9868968057826));
#3307=CARTESIAN_POINT('Ctrl Pts',(-313.874642015358,-219.913142450871,61.1966396058811));
#3308=CARTESIAN_POINT('Ctrl Pts',(-313.610841870823,-219.91471647546,61.2654570323353));
#3309=CARTESIAN_POINT('Ctrl Pts',(-313.346921985303,-219.881096668384,61.2950657360234));
#3310=CARTESIAN_POINT('Ctrl Pts',(-315.349997621172,-218.937507403525,59.4398650465333));
#3311=CARTESIAN_POINT('Ctrl Pts',(-315.350405578646,-219.079692596075,59.665453088364));
#3312=CARTESIAN_POINT('Ctrl Pts',(-315.298336354616,-219.221809964669,59.8909417891808));
#3313=CARTESIAN_POINT('Ctrl Pts',(-315.097572776708,-219.478910086245,60.3114336055614));
#3314=CARTESIAN_POINT('Ctrl Pts',(-314.949333684796,-219.593844273389,60.5063707842341));
#3315=CARTESIAN_POINT('Ctrl Pts',(-314.579093439949,-219.774652266025,60.8415548800649));
#3316=CARTESIAN_POINT('Ctrl Pts',(-314.357237960741,-219.840428797266,60.9816933603535));
#3317=CARTESIAN_POINT('Ctrl Pts',(-313.872551808125,-219.907938411302,61.1908383814435));
#3318=CARTESIAN_POINT('Ctrl Pts',(-313.609802646983,-219.909373355306,61.2595007728816));
#3319=CARTESIAN_POINT('Ctrl Pts',(-313.346934248464,-219.875754640725,61.2891106887314));
#3320=CARTESIAN_POINT('Ctrl Pts',(-314.549998572703,-218.938326278059,59.4407778968754));
#3321=CARTESIAN_POINT('Ctrl Pts',(-314.550243347187,-219.010298262101,59.5880949065029));
#3322=CARTESIAN_POINT('Ctrl Pts',(-314.51900181277,-219.082235487197,59.7353505683922));
#3323=CARTESIAN_POINT('Ctrl Pts',(-314.398543666025,-219.209875112344,60.0115257658038));
#3324=CARTESIAN_POINT('Ctrl Pts',(-314.309600210878,-219.265551323335,60.140404872699));
#3325=CARTESIAN_POINT('Ctrl Pts',(-314.08745606397,-219.347467516326,60.3653489295807));
#3326=CARTESIAN_POINT('Ctrl Pts',(-313.954342776445,-219.373649133775,60.4613488174455));
#3327=CARTESIAN_POINT('Ctrl Pts',(-313.663531084875,-219.387534454399,60.6107159376828));
#3328=CARTESIAN_POINT('Ctrl Pts',(-313.505880263021,-219.375061339854,60.6638748275133));
#3329=CARTESIAN_POINT('Ctrl Pts',(-313.348160564594,-219.341551874865,60.6936059595331));
#3330=CARTESIAN_POINT('Ctrl Pts',(-314.541918582313,-218.938334548692,59.4407871166639));
#3331=CARTESIAN_POINT('Ctrl Pts',(-314.54216170865,-219.009597379328,59.5873135888662));
#3332=CARTESIAN_POINT('Ctrl Pts',(-314.511130533897,-219.080825784974,59.7337790970623));
#3333=CARTESIAN_POINT('Ctrl Pts',(-314.391483472007,-219.207157859108,60.0084966966222));
#3334=CARTESIAN_POINT('Ctrl Pts',(-314.303138902791,-219.26223556454,60.1367086169925));
#3335=CARTESIAN_POINT('Ctrl Pts',(-314.082490526472,-219.343152950354,60.3605392494809));
#3336=CARTESIAN_POINT('Ctrl Pts',(-313.950273535083,-219.368934659174,60.4560933375621));
#3337=CARTESIAN_POINT('Ctrl Pts',(-313.66141997557,-219.382278374434,60.6048567010008));
#3338=CARTESIAN_POINT('Ctrl Pts',(-313.504830646943,-219.369664788498,60.6578590054651));
#3339=CARTESIAN_POINT('Ctrl Pts',(-313.348172950387,-219.33615642693,60.6875913617682));
#3340=CARTESIAN_POINT('',(-314.55,-218.93916566445,59.4424960092511));
#3341=CARTESIAN_POINT('Ctrl Pts',(-314.55,-218.93916566445,59.4424960092511));
#3342=CARTESIAN_POINT('Ctrl Pts',(-314.55,-218.962363790395,59.4899795261901));
#3343=CARTESIAN_POINT('Ctrl Pts',(-314.546765220004,-218.985561768848,59.5374628787111));
#3344=CARTESIAN_POINT('Ctrl Pts',(-314.540321721267,-219.008486110017,59.5846411929485));
#3345=CARTESIAN_POINT('Ctrl Pts',(-314.533878463663,-219.031409593299,59.6318177416524));
#3346=CARTESIAN_POINT('Ctrl Pts',(-314.524226783777,-219.054059167236,59.6786889487925));
#3347=CARTESIAN_POINT('Ctrl Pts',(-314.511444435312,-219.076165783632,59.7249548917873));
#3348=CARTESIAN_POINT('Ctrl Pts',(-314.498662524828,-219.098271642554,59.7712192495018));
#3349=CARTESIAN_POINT('Ctrl Pts',(-314.482750271635,-219.119834295773,59.8168780664313));
#3350=CARTESIAN_POINT('Ctrl Pts',(-314.463835855701,-219.140593472057,59.8616412041555));
#3351=CARTESIAN_POINT('Ctrl Pts',(-314.444922028142,-219.16135200258,59.9064029494199));
#3352=CARTESIAN_POINT('Ctrl Pts',(-314.423006389164,-219.181306832546,59.9502687661953));
#3353=CARTESIAN_POINT('Ctrl Pts',(-314.398265467601,-219.200210660469,59.9929629741349));
#3354=CARTESIAN_POINT('Ctrl Pts',(-314.372409154841,-219.219966726786,60.037581958547));
#3355=CARTESIAN_POINT('Ctrl Pts',(-314.343466943906,-219.238574447653,60.0809208201629));
#3356=CARTESIAN_POINT('Ctrl Pts',(-314.311693399341,-219.255771368108,60.1226869862369));
#3357=CARTESIAN_POINT('Ctrl Pts',(-314.281284438844,-219.272229729363,60.1626594133513));
#3358=CARTESIAN_POINT('Ctrl Pts',(-314.248282719765,-219.28739577356,60.2011912247297));
#3359=CARTESIAN_POINT('Ctrl Pts',(-314.2129541743,-219.301060672164,60.238049627905));
#3360=CARTESIAN_POINT('Ctrl Pts',(-314.177628668102,-219.314724395195,60.2749048602029));
#3361=CARTESIAN_POINT('Ctrl Pts',(-314.139977043406,-219.32688701908,60.3100867360749));
#3362=CARTESIAN_POINT('Ctrl Pts',(-314.100302649888,-219.337363956375,60.3433894859136));
#3363=CARTESIAN_POINT('Ctrl Pts',(-314.060631168135,-219.347840124752,60.3766897916111));
#3364=CARTESIAN_POINT('Ctrl Pts',(-314.018937559541,-219.356630669891,60.4081110418954));
#3365=CARTESIAN_POINT('Ctrl Pts',(-313.975557689841,-219.363578201744,60.4374777855665));
#3366=CARTESIAN_POINT('Ctrl Pts',(-313.932180455966,-219.370525311455,60.4668427448705));
#3367=CARTESIAN_POINT('Ctrl Pts',(-313.88711754296,-219.375629478448,60.4941532762267));
#3368=CARTESIAN_POINT('Ctrl Pts',(-313.840731914214,-219.378763029289,60.5192670551512));
#3369=CARTESIAN_POINT('Ctrl Pts',(-313.794338867855,-219.381897081222,60.5443848500675));
#3370=CARTESIAN_POINT('Ctrl Pts',(-313.746623085227,-219.383059765233,60.5673050545132));
#3371=CARTESIAN_POINT('Ctrl Pts',(-313.697969020137,-219.382155110471,60.58792068459));
#3372=CARTESIAN_POINT('Ctrl Pts',(-313.649321869364,-219.381250584272,60.6085333849425));
#3373=CARTESIAN_POINT('Ctrl Pts',(-313.599737125793,-219.378279222121,60.6268420714476));
#3374=CARTESIAN_POINT('Ctrl Pts',(-313.549614188485,-219.37317839192,60.6427769247156));
#3375=CARTESIAN_POINT('Ctrl Pts',(-313.499489279899,-219.368077361108,60.6587124046833));
#3376=CARTESIAN_POINT('Ctrl Pts',(-313.448826570617,-219.360846645469,60.672273809761));
#3377=CARTESIAN_POINT('Ctrl Pts',(-313.398034174605,-219.351457915848,60.6834295599083));
#3378=CARTESIAN_POINT('Ctrl Pts',(-313.382031340129,-219.348499869017,60.6869443305647));
#3379=CARTESIAN_POINT('Ctrl Pts',(-313.366015670407,-219.34532786506,60.6902205916372));
#3380=CARTESIAN_POINT('Ctrl Pts',(-313.35,-219.341941732378,60.6932581518371));
#3381=CARTESIAN_POINT('',(-314.55,-218.93916566445,59.4424960092513));
#3382=CARTESIAN_POINT('Ctrl Pts',(-315.35,-218.93916566445,59.4424960092514));
#3383=CARTESIAN_POINT('Ctrl Pts',(-315.35,-218.979500297426,59.5064901364376));
#3384=CARTESIAN_POINT('Ctrl Pts',(-315.345825178666,-219.01983480057,59.5704841188926));
#3385=CARTESIAN_POINT('Ctrl Pts',(-315.337501603582,-219.059858259563,59.6341313636065));
#3386=CARTESIAN_POINT('Ctrl Pts',(-315.32917830403,-219.099880393674,59.697776501427));
#3387=CARTESIAN_POINT('Ctrl Pts',(-315.316706569078,-219.139591246235,59.7610746368654));
#3388=CARTESIAN_POINT('Ctrl Pts',(-315.300164267091,-219.178683819248,59.8236835426424));
#3389=CARTESIAN_POINT('Ctrl Pts',(-315.283622472231,-219.217775193823,59.8862905290569));
#3390=CARTESIAN_POINT('Ctrl Pts',(-315.263010446411,-219.256248073671,59.9482080459389));
#3391=CARTESIAN_POINT('Ctrl Pts',(-315.238456874736,-219.293803210307,60.0091025048132));
#3392=CARTESIAN_POINT('Ctrl Pts',(-315.213903995732,-219.331357287486,60.0699952458145));
#3393=CARTESIAN_POINT('Ctrl Pts',(-315.185409921484,-219.367993428206,60.1298647133848));
#3394=CARTESIAN_POINT('Ctrl Pts',(-315.153152536321,-219.403423868992,60.188390122012));
#3395=CARTESIAN_POINT('Ctrl Pts',(-315.120895982283,-219.438853396896,60.2469140227052));
#3396=CARTESIAN_POINT('Ctrl Pts',(-315.084876479594,-219.473077053081,60.304093672958));
#3397=CARTESIAN_POINT('Ctrl Pts',(-315.045318881164,-219.505822150408,60.3596250936642));
#3398=CARTESIAN_POINT('Ctrl Pts',(-315.005762205245,-219.538566484096,60.4151552193376));
#3399=CARTESIAN_POINT('Ctrl Pts',(-314.962667804946,-219.569832108,60.4690369472179));
#3400=CARTESIAN_POINT('Ctrl Pts',(-314.916304685931,-219.599364813803,60.5209868975441));
#3401=CARTESIAN_POINT('Ctrl Pts',(-314.869681994241,-219.629062864035,60.5732276994763));
#3402=CARTESIAN_POINT('Ctrl Pts',(-314.819754088162,-219.657008310042,60.6235147786649));
#3403=CARTESIAN_POINT('Ctrl Pts',(-314.766836122694,-219.682964717855,60.6715845693747));
#3404=CARTESIAN_POINT('Ctrl Pts',(-314.714205295461,-219.708780283573,60.719393528537));
#3405=CARTESIAN_POINT('Ctrl Pts',(-314.658617079868,-219.73262817488,60.7650090145848));
#3406=CARTESIAN_POINT('Ctrl Pts',(-314.600418569507,-219.754300419316,60.8081991893674));
#3407=CARTESIAN_POINT('Ctrl Pts',(-314.542223779276,-219.775971278432,60.8513866033743));
#3408=CARTESIAN_POINT('Ctrl Pts',(-314.481419331747,-219.795466606789,60.8921488355514));
#3409=CARTESIAN_POINT('Ctrl Pts',(-314.418384842292,-219.812605636237,60.9302843738619));
#3410=CARTESIAN_POINT('Ctrl Pts',(-314.355353765412,-219.829743737808,60.968417847582));
#3411=CARTESIAN_POINT('Ctrl Pts',(-314.290093216878,-219.844525657217,61.0039247575815));
#3412=CARTESIAN_POINT('Ctrl Pts',(-314.223010588437,-219.856800072704,61.0366364173056));
#3413=CARTESIAN_POINT('Ctrl Pts',(-314.15527644145,-219.869193699519,61.0696657785491));
#3414=CARTESIAN_POINT('Ctrl Pts',(-314.085684974016,-219.879030710213,61.0998451414926));
#3415=CARTESIAN_POINT('Ctrl Pts',(-314.014679077098,-219.886187720603,61.1270369631137));
#3416=CARTESIAN_POINT('Ctrl Pts',(-313.944352281006,-219.893276281302,61.1539687219892));
#3417=CARTESIAN_POINT('Ctrl Pts',(-313.872638381248,-219.8977358251,61.1779697734992));
#3418=CARTESIAN_POINT('Ctrl Pts',(-313.799985104301,-219.899479455249,61.198943249138));
#3419=CARTESIAN_POINT('Ctrl Pts',(-313.726279478113,-219.901248341077,61.2202205159077));
#3420=CARTESIAN_POINT('Ctrl Pts',(-313.651607433882,-219.900221919781,61.2383817026044));
#3421=CARTESIAN_POINT('Ctrl Pts',(-313.576448743291,-219.896345131262,61.2533654307584));
#3422=CARTESIAN_POINT('Ctrl Pts',(-313.5012900527,-219.892468342744,61.2683491589124));
#3423=CARTESIAN_POINT('Ctrl Pts',(-313.425645130779,-219.885741155421,61.2801553933174));
#3424=CARTESIAN_POINT('Ctrl Pts',(-313.35,-219.876145136908,61.2887635863953));
#3425=CARTESIAN_POINT('Origin',(-313.35,-218.540636625583,59.7999999999997));
#3426=CARTESIAN_POINT('Origin',(-313.35,-218.540636625583,59.7999999999997));
#3427=CARTESIAN_POINT('',(-314.55,-285.20293170755,-3.66160695187734E-15));
#3428=CARTESIAN_POINT('Origin',(-314.55,1.0910971729971E-15,1.46145405102115E-12));
#3429=CARTESIAN_POINT('',(-314.55,-263.039089434,-8.94715369910235E-14));
#3430=CARTESIAN_POINT('',(-314.55,-213.273684046638,44.6424960092514));
#3431=CARTESIAN_POINT('',(-314.549999999999,-117.288010998671,130.74729094934));
#3432=CARTESIAN_POINT('',(-314.55,-171.110257362795,-65.5014876829714));
#3433=CARTESIAN_POINT('',(-314.55,1.09109717298856E-15,-9.96376916431237E-13));
#3434=CARTESIAN_POINT('Origin',(-315.35,-263.039089434,-7.95604660080927E-14));
#3435=CARTESIAN_POINT('',(-315.35,-213.273684046638,44.6424960092514));
#3436=CARTESIAN_POINT('',(-315.35,-263.039089434,-7.95604660080926E-14));
#3437=CARTESIAN_POINT('Origin',(-315.35,-287.,3.70626083879405E-15));
#3438=CARTESIAN_POINT('Origin',(-315.35,-184.402829050593,-30.7771563285292));
#3439=CARTESIAN_POINT('Ctrl Pts',(313.346921985304,-219.881096668384,61.2950657360234));
#3440=CARTESIAN_POINT('Ctrl Pts',(313.610841870823,-219.91471647546,61.2654570323353));
#3441=CARTESIAN_POINT('Ctrl Pts',(313.874642015358,-219.913142450871,61.1966396058811));
#3442=CARTESIAN_POINT('Ctrl Pts',(314.361266912585,-219.845096593901,60.9868968057826));
#3443=CARTESIAN_POINT('Ctrl Pts',(314.58400981371,-219.778924113522,60.8463169395698));
#3444=CARTESIAN_POINT('Ctrl Pts',(314.955731019536,-219.59712720289,60.5100304433495));
#3445=CARTESIAN_POINT('Ctrl Pts',(315.104563067815,-219.481600435984,60.3144326839591));
#3446=CARTESIAN_POINT('Ctrl Pts',(315.306129700035,-219.223205709444,59.8924977013889));
#3447=CARTESIAN_POINT('Ctrl Pts',(315.358407200961,-219.080386539415,59.6662266701828));
#3448=CARTESIAN_POINT('Ctrl Pts',(315.357997611657,-218.93749921478,59.4398559180302));
#3449=CARTESIAN_POINT('Ctrl Pts',(313.346934248465,-219.875754640725,61.2891106887314));
#3450=CARTESIAN_POINT('Ctrl Pts',(313.609802646984,-219.909373355306,61.2595007728817));
#3451=CARTESIAN_POINT('Ctrl Pts',(313.872551808126,-219.907938411302,61.1908383814436));
#3452=CARTESIAN_POINT('Ctrl Pts',(314.357237960742,-219.840428797266,60.9816933603536));
#3453=CARTESIAN_POINT('Ctrl Pts',(314.57909343995,-219.774652266025,60.841554880065));
#3454=CARTESIAN_POINT('Ctrl Pts',(314.949333684796,-219.593844273389,60.5063707842342));
#3455=CARTESIAN_POINT('Ctrl Pts',(315.097572776708,-219.478910086245,60.3114336055615));
#3456=CARTESIAN_POINT('Ctrl Pts',(315.298336354617,-219.221809964669,59.890941789181));
#3457=CARTESIAN_POINT('Ctrl Pts',(315.350405578646,-219.079692596075,59.6654530883642));
#3458=CARTESIAN_POINT('Ctrl Pts',(315.349997621172,-218.937507403526,59.4398650465336));
#3459=CARTESIAN_POINT('Ctrl Pts',(313.348160564594,-219.341551874865,60.6936059595331));
#3460=CARTESIAN_POINT('Ctrl Pts',(313.505880263022,-219.375061339854,60.6638748275134));
#3461=CARTESIAN_POINT('Ctrl Pts',(313.663531084876,-219.387534454399,60.6107159376828));
#3462=CARTESIAN_POINT('Ctrl Pts',(313.954342776445,-219.373649133775,60.4613488174456));
#3463=CARTESIAN_POINT('Ctrl Pts',(314.08745606397,-219.347467516326,60.3653489295808));
#3464=CARTESIAN_POINT('Ctrl Pts',(314.309600210878,-219.265551323336,60.1404048726991));
#3465=CARTESIAN_POINT('Ctrl Pts',(314.398543666025,-219.209875112345,60.0115257658039));
#3466=CARTESIAN_POINT('Ctrl Pts',(314.51900181277,-219.082235487197,59.7353505683924));
#3467=CARTESIAN_POINT('Ctrl Pts',(314.550243347188,-219.010298262101,59.588094906503));
#3468=CARTESIAN_POINT('Ctrl Pts',(314.549998572703,-218.938326278059,59.4407778968756));
#3469=CARTESIAN_POINT('Ctrl Pts',(313.348172950387,-219.33615642693,60.6875913617683));
#3470=CARTESIAN_POINT('Ctrl Pts',(313.504830646944,-219.369664788498,60.6578590054651));
#3471=CARTESIAN_POINT('Ctrl Pts',(313.661419975571,-219.382278374434,60.6048567010008));
#3472=CARTESIAN_POINT('Ctrl Pts',(313.950273535084,-219.368934659174,60.4560933375622));
#3473=CARTESIAN_POINT('Ctrl Pts',(314.082490526473,-219.343152950354,60.3605392494809));
#3474=CARTESIAN_POINT('Ctrl Pts',(314.303138902791,-219.26223556454,60.1367086169926));
#3475=CARTESIAN_POINT('Ctrl Pts',(314.391483472007,-219.207157859108,60.0084966966223));
#3476=CARTESIAN_POINT('Ctrl Pts',(314.511130533897,-219.080825784974,59.7337790970624));
#3477=CARTESIAN_POINT('Ctrl Pts',(314.54216170865,-219.009597379328,59.5873135888662));
#3478=CARTESIAN_POINT('Ctrl Pts',(314.541918582314,-218.938334548692,59.4407871166641));
#3479=CARTESIAN_POINT('',(315.35,-218.93916566445,59.4424960092513));
#3480=CARTESIAN_POINT('',(314.55,-218.93916566445,59.4424960092513));
#3481=CARTESIAN_POINT('',(314.55,-218.93916566445,59.4424960092515));
#3482=CARTESIAN_POINT('Ctrl Pts',(313.35,-219.341941732378,60.6932581518371));
#3483=CARTESIAN_POINT('Ctrl Pts',(313.40083651281,-219.352689904204,60.6836164094634));
#3484=CARTESIAN_POINT('Ctrl Pts',(313.451672804742,-219.361278037922,60.6715667557556));
#3485=CARTESIAN_POINT('Ctrl Pts',(313.502099309267,-219.367723536046,60.657128590238));
#3486=CARTESIAN_POINT('Ctrl Pts',(313.552523926704,-219.374168792962,60.6426909650334));
#3487=CARTESIAN_POINT('Ctrl Pts',(313.60253834931,-219.378471612247,60.625865048698));
#3488=CARTESIAN_POINT('Ctrl Pts',(313.651739662097,-219.380683914264,60.6067087196713));
#3489=CARTESIAN_POINT('Ctrl Pts',(313.700939289024,-219.382896140478,60.5875530470271));
#3490=CARTESIAN_POINT('Ctrl Pts',(313.749325434496,-219.383018067026,60.5660672042641));
#3491=CARTESIAN_POINT('Ctrl Pts',(313.796508327532,-219.381135286627,60.5423466062157));
#3492=CARTESIAN_POINT('Ctrl Pts',(313.843689752836,-219.379252564797,60.5186267460508));
#3493=CARTESIAN_POINT('Ctrl Pts',(313.889667590819,-219.375365370616,60.4926723921184));
#3494=CARTESIAN_POINT('Ctrl Pts',(313.934071493428,-219.369591581966,60.4646149492695));
#3495=CARTESIAN_POINT('Ctrl Pts',(313.980477250413,-219.363557494482,60.4352925969991));
#3496=CARTESIAN_POINT('Ctrl Pts',(314.025163294735,-219.355462785359,60.4036731583115));
#3497=CARTESIAN_POINT('Ctrl Pts',(314.067736585151,-219.345477441156,60.3699461264201));
#3498=CARTESIAN_POINT('Ctrl Pts',(314.108481472894,-219.335920939306,60.3376675753632));
#3499=CARTESIAN_POINT('Ctrl Pts',(314.147291042297,-219.324633111879,60.3034590220241));
#3500=CARTESIAN_POINT('Ctrl Pts',(314.183852560743,-219.311791536231,60.2675184214875));
#3501=CARTESIAN_POINT('Ctrl Pts',(314.220410933852,-219.298951065326,60.231580912871));
#3502=CARTESIAN_POINT('Ctrl Pts',(314.25472132556,-219.284557318895,60.1939118839968));
#3503=CARTESIAN_POINT('Ctrl Pts',(314.286507305669,-219.268812859974,60.1547371428386));
#3504=CARTESIAN_POINT('Ctrl Pts',(314.318290952955,-219.253069556564,60.1155652767761));
#3505=CARTESIAN_POINT('Ctrl Pts',(314.347550283512,-219.23597596935,60.0748881763095));
#3506=CARTESIAN_POINT('Ctrl Pts',(314.374049596788,-219.217756374107,60.0329558537771));
#3507=CARTESIAN_POINT('Ctrl Pts',(314.400547299926,-219.199537885913,59.9910260791151));
#3508=CARTESIAN_POINT('Ctrl Pts',(314.424285091461,-219.180193778305,59.947841515598));
#3509=CARTESIAN_POINT('Ctrl Pts',(314.44507177316,-219.159966421634,59.9036723465672));
#3510=CARTESIAN_POINT('Ctrl Pts',(314.465861778897,-219.139735830367,59.859496114361));
#3511=CARTESIAN_POINT('Ctrl Pts',(314.483699548979,-219.118621976328,59.8143352613589));
#3512=CARTESIAN_POINT('Ctrl Pts',(314.498441361596,-219.096881580182,59.7684759679756));
#3513=CARTESIAN_POINT('Ctrl Pts',(314.513181079228,-219.075144273603,59.7226231917388));
#3514=CARTESIAN_POINT('Ctrl Pts',(314.524825592399,-219.052780885442,59.6760724884938));
#3515=CARTESIAN_POINT('Ctrl Pts',(314.533281105974,-219.030058116124,59.6291211636297));
#3516=CARTESIAN_POINT('Ctrl Pts',(314.541736952096,-219.007334453145,59.5821679922236));
#3517=CARTESIAN_POINT('Ctrl Pts',(314.547003473986,-218.984251671463,59.5348144917715));
#3518=CARTESIAN_POINT('Ctrl Pts',(314.549038247126,-218.961082290915,59.4873644548783));
#3519=CARTESIAN_POINT('Ctrl Pts',(314.54967933005,-218.953782462772,59.4724146760546));
#3520=CARTESIAN_POINT('Ctrl Pts',(314.55,-218.94647406384,59.4574553429082));
#3521=CARTESIAN_POINT('Ctrl Pts',(314.55,-218.93916566445,59.4424960092513));
#3522=CARTESIAN_POINT('Ctrl Pts',(313.35,-219.876145136908,61.2887635863954));
#3523=CARTESIAN_POINT('Ctrl Pts',(313.42456968597,-219.885604729082,61.2802777757692));
#3524=CARTESIAN_POINT('Ctrl Pts',(313.499139177508,-219.892276566543,61.2686843041523));
#3525=CARTESIAN_POINT('Ctrl Pts',(313.573242862729,-219.896178056031,61.2540025757791));
#3526=CARTESIAN_POINT('Ctrl Pts',(313.647344094921,-219.90007941637,61.2393213334101));
#3527=CARTESIAN_POINT('Ctrl Pts',(313.720979165279,-219.901210641316,61.2215520712594));
#3528=CARTESIAN_POINT('Ctrl Pts',(313.793688326825,-219.899623727802,61.2007527531191));
#3529=CARTESIAN_POINT('Ctrl Pts',(313.866395259372,-219.898036862936,61.1799540726107));
#3530=CARTESIAN_POINT('Ctrl Pts',(313.938175960865,-219.893732084025,61.1561255862821));
#3531=CARTESIAN_POINT('Ctrl Pts',(314.008582289668,-219.886795321096,61.1293630849812));
#3532=CARTESIAN_POINT('Ctrl Pts',(314.078986632261,-219.879858753857,61.1026013386683));
#3533=CARTESIAN_POINT('Ctrl Pts',(314.148016312766,-219.870290436721,61.0729058383714));
#3534=CARTESIAN_POINT('Ctrl Pts',(314.215240389002,-219.858209152705,61.0404089979469));
#3535=CARTESIAN_POINT('Ctrl Pts',(314.282462733179,-219.84612817997,61.0079129948184));
#3536=CARTESIAN_POINT('Ctrl Pts',(314.34787921583,-219.831534482258,60.9726159212246));
#3537=CARTESIAN_POINT('Ctrl Pts',(314.411081472447,-219.814578206058,60.9346851535785));
#3538=CARTESIAN_POINT('Ctrl Pts',(314.474282255141,-219.797622325291,60.8967552705053));
#3539=CARTESIAN_POINT('Ctrl Pts',(314.535268585779,-219.778304114013,60.856191969814));
#3540=CARTESIAN_POINT('Ctrl Pts',(314.59365977294,-219.756803201902,60.8131954944238));
#3541=CARTESIAN_POINT('Ctrl Pts',(314.652377874188,-219.735181912876,60.7699582951475));
#3542=CARTESIAN_POINT('Ctrl Pts',(314.708471350867,-219.711353552875,60.7242607544581));
#3543=CARTESIAN_POINT('Ctrl Pts',(314.761586129653,-219.685528567994,60.6763374679992));
#3544=CARTESIAN_POINT('Ctrl Pts',(314.814412702276,-219.659843712092,60.6286742181409));
#3545=CARTESIAN_POINT('Ctrl Pts',(314.864292570486,-219.632184047528,60.5788095422319));
#3546=CARTESIAN_POINT('Ctrl Pts',(314.910914283691,-219.602781347525,60.5270018104236));
#3547=CARTESIAN_POINT('Ctrl Pts',(314.957533016772,-219.573380526983,60.4751973902371));
#3548=CARTESIAN_POINT('Ctrl Pts',(315.000893768731,-219.542237096673,60.4214503886709));
#3549=CARTESIAN_POINT('Ctrl Pts',(315.040725828974,-219.509604546378,60.3660433844976));
#3550=CARTESIAN_POINT('Ctrl Pts',(315.080555732781,-219.476973762752,60.3106393799612));
#3551=CARTESIAN_POINT('Ctrl Pts',(315.11685711971,-219.44285423994,60.2535757973164));
#3552=CARTESIAN_POINT('Ctrl Pts',(315.149403376811,-219.407518015516,60.1951558915633));
#3553=CARTESIAN_POINT('Ctrl Pts',(315.182265729011,-219.371838599328,60.136168601184));
#3554=CARTESIAN_POINT('Ctrl Pts',(315.21129940307,-219.334918949508,60.0757987552803));
#3555=CARTESIAN_POINT('Ctrl Pts',(315.236319624154,-219.297054808381,60.0143760338208));
#3556=CARTESIAN_POINT('Ctrl Pts',(315.261100551693,-219.259552800127,59.9535407596389));
#3557=CARTESIAN_POINT('Ctrl Pts',(315.281944376804,-219.221124547498,59.8916729507429));
#3558=CARTESIAN_POINT('Ctrl Pts',(315.298720966662,-219.182069021753,59.8291058865709));
#3559=CARTESIAN_POINT('Ctrl Pts',(315.315740557694,-219.142447794713,59.7656325673025));
#3560=CARTESIAN_POINT('Ctrl Pts',(315.328574017225,-219.102181237912,59.7014398640384));
#3561=CARTESIAN_POINT('Ctrl Pts',(315.337138889626,-219.061589720933,59.6368849100837));
#3562=CARTESIAN_POINT('Ctrl Pts',(315.345703762026,-219.020998203954,59.5723299561291));
#3563=CARTESIAN_POINT('Ctrl Pts',(315.35,-218.980082003935,59.5074130604255));
#3564=CARTESIAN_POINT('Ctrl Pts',(315.35,-218.93916566445,59.4424960092513));
#3565=CARTESIAN_POINT('Ctrl Pts',(315.357999942942,-285.202463819319,-0.000219412178693595));
#3566=CARTESIAN_POINT('Ctrl Pts',(315.358063037732,-285.461156662017,0.121092405784382));
#3567=CARTESIAN_POINT('Ctrl Pts',(315.305797814043,-285.719709152833,0.242298941688944));
#3568=CARTESIAN_POINT('Ctrl Pts',(315.104563067816,-286.210130553924,0.455015960512441));
#3569=CARTESIAN_POINT('Ctrl Pts',(314.955731019536,-286.44184833954,0.546383541354102));
#3570=CARTESIAN_POINT('Ctrl Pts',(314.58400981371,-286.856027287593,0.674209680476955));
#3571=CARTESIAN_POINT('Ctrl Pts',(314.361266912585,-287.038390786682,0.710559368141024));
#3572=CARTESIAN_POINT('Ctrl Pts',(313.875443259023,-287.338776733786,0.7114335857983));
#3573=CARTESIAN_POINT('Ctrl Pts',(313.612569794424,-287.456694675458,0.675867181672574));
#3574=CARTESIAN_POINT('Ctrl Pts',(313.349524239212,-287.539695597414,0.601325710941069));
#3575=CARTESIAN_POINT('Ctrl Pts',(315.349999943169,-285.202465085133,-0.000218001206892986));
#3576=CARTESIAN_POINT('Ctrl Pts',(315.350062786586,-285.460458066359,0.120313698096876));
#3577=CARTESIAN_POINT('Ctrl Pts',(315.298005790879,-285.71831127645,0.240740653261156));
#3578=CARTESIAN_POINT('Ctrl Pts',(315.097572776709,-286.207440204185,0.452016882114866));
#3579=CARTESIAN_POINT('Ctrl Pts',(314.949333684797,-286.43856541004,0.542723882238753));
#3580=CARTESIAN_POINT('Ctrl Pts',(314.57909343995,-286.851755440096,0.669447620972114));
#3581=CARTESIAN_POINT('Ctrl Pts',(314.357237960742,-287.033722990047,0.705355922711944));
#3582=CARTESIAN_POINT('Ctrl Pts',(313.873349859585,-287.333573577158,0.705633345623204));
#3583=CARTESIAN_POINT('Ctrl Pts',(313.611523648376,-287.45135250089,0.6699119159945));
#3584=CARTESIAN_POINT('Ctrl Pts',(313.349526134766,-287.534353563472,0.595370656808831));
#3585=CARTESIAN_POINT('Ctrl Pts',(314.549999965902,-285.202591666481,-7.69040268320722E-5));
#3586=CARTESIAN_POINT('Ctrl Pts',(314.550037671952,-285.390598500607,0.0424429293462608));
#3587=CARTESIAN_POINT('Ctrl Pts',(314.518803474528,-285.578523638075,0.0849118104823667));
#3588=CARTESIAN_POINT('Ctrl Pts',(314.398543666025,-285.938405230285,0.152109042357417));
#3589=CARTESIAN_POINT('Ctrl Pts',(314.309600210878,-286.110272459986,0.176757970703837));
#3590=CARTESIAN_POINT('Ctrl Pts',(314.08745606397,-286.424570690397,0.193241670488025));
#3591=CARTESIAN_POINT('Ctrl Pts',(313.954342776445,-286.566943326556,0.185011379804011));
#3592=CARTESIAN_POINT('Ctrl Pts',(313.664009915751,-286.813257914392,0.125609328113581));
#3593=CARTESIAN_POINT('Ctrl Pts',(313.506909043566,-286.917135044142,0.0743853481870685));
#3594=CARTESIAN_POINT('Ctrl Pts',(313.349715690172,-287.000150169202,-0.000134756414990147));
#3595=CARTESIAN_POINT('Ctrl Pts',(314.541919966131,-285.202592944953,-7.54789453134569E-5));
#3596=CARTESIAN_POINT('Ctrl Pts',(314.541957418294,-285.389892918993,0.0416564345818796));
#3597=CARTESIAN_POINT('Ctrl Pts',(314.510933531132,-285.577111782927,0.083337939170301));
#3598=CARTESIAN_POINT('Ctrl Pts',(314.391483472008,-285.935687977049,0.149079973175867));
#3599=CARTESIAN_POINT('Ctrl Pts',(314.303138902792,-286.106956701191,0.173061714997334));
#3600=CARTESIAN_POINT('Ctrl Pts',(314.082490526473,-286.420256124425,0.188431990388136));
#3601=CARTESIAN_POINT('Ctrl Pts',(313.950273535084,-286.562228851955,0.179755899920641));
#3602=CARTESIAN_POINT('Ctrl Pts',(313.661895582318,-286.808002726198,0.119751085536734));
#3603=CARTESIAN_POINT('Ctrl Pts',(313.505852436057,-286.911739447829,0.0683705298522135));
#3604=CARTESIAN_POINT('Ctrl Pts',(313.349717604681,-286.99475471492,-0.00614936108855074));
#3605=CARTESIAN_POINT('',(314.55,-285.20293170755,4.10045261634018E-13));
#3606=CARTESIAN_POINT('Ctrl Pts',(314.55,-285.20293170755,4.17443857259059E-13));
#3607=CARTESIAN_POINT('Ctrl Pts',(314.55,-285.256364795946,0.0120844744652872));
#3608=CARTESIAN_POINT('Ctrl Pts',(314.547509429402,-285.309391395915,0.0240761600903709));
#3609=CARTESIAN_POINT('Ctrl Pts',(314.54261600258,-285.362048501353,0.0358238424568829));
#3610=CARTESIAN_POINT('Ctrl Pts',(314.537680067687,-285.415163026924,0.0476735742311012));
#3611=CARTESIAN_POINT('Ctrl Pts',(314.530299328472,-285.467902475965,0.0592760097412511));
#3612=CARTESIAN_POINT('Ctrl Pts',(314.52051084209,-285.520308873932,0.0704804844291961));
#3613=CARTESIAN_POINT('Ctrl Pts',(314.510794692913,-285.572327987063,0.0816021577168495));
#3614=CARTESIAN_POINT('Ctrl Pts',(314.498705904196,-285.624019769692,0.0923326402464215));
#3615=CARTESIAN_POINT('Ctrl Pts',(314.484231745733,-285.675416721037,0.102514994637694));
#3616=CARTESIAN_POINT('Ctrl Pts',(314.476466685709,-285.70299002786,0.10797759843917));
#3617=CARTESIAN_POINT('Ctrl Pts',(314.468014284835,-285.730478259061,0.113282200401122));
#3618=CARTESIAN_POINT('Ctrl Pts',(314.458867344239,-285.757884172526,0.118402049558782));
#3619=CARTESIAN_POINT('Ctrl Pts',(314.438461965831,-285.819022432797,0.12982362361986));
#3620=CARTESIAN_POINT('Ctrl Pts',(314.4148962587,-285.878872309328,0.140160725315034));
#3621=CARTESIAN_POINT('Ctrl Pts',(314.388366654682,-285.937414292413,0.149170553753044));
#3622=CARTESIAN_POINT('Ctrl Pts',(314.361434643284,-285.996844254302,0.158317045424187));
#3623=CARTESIAN_POINT('Ctrl Pts',(314.331447358791,-286.054927559585,0.166097047688559));
#3624=CARTESIAN_POINT('Ctrl Pts',(314.298559250671,-286.11163447555,0.172246151244262));
#3625=CARTESIAN_POINT('Ctrl Pts',(314.267945101726,-286.164420545375,0.177970091686502));
#3626=CARTESIAN_POINT('Ctrl Pts',(314.234816045448,-286.216014544828,0.182281495271919));
#3627=CARTESIAN_POINT('Ctrl Pts',(314.199269297348,-286.266372277881,0.184944559810189));
#3628=CARTESIAN_POINT('Ctrl Pts',(314.158784977861,-286.323724881495,0.187977533607906));
#3629=CARTESIAN_POINT('Ctrl Pts',(314.115483595178,-286.379011073307,0.188842277744744));
#3630=CARTESIAN_POINT('Ctrl Pts',(314.069791708511,-286.432051053896,0.187278235912909));
#3631=CARTESIAN_POINT('Ctrl Pts',(314.023781951784,-286.485460023884,0.185703313329442));
#3632=CARTESIAN_POINT('Ctrl Pts',(313.975348379296,-286.536591444373,0.181665720071853));
#3633=CARTESIAN_POINT('Ctrl Pts',(313.924950659143,-286.585293087906,0.174934372226805));
#3634=CARTESIAN_POINT('Ctrl Pts',(313.874555239116,-286.633992508721,0.168203331596895));
#3635=CARTESIAN_POINT('Ctrl Pts',(313.822195880774,-286.680262382592,0.158778791428642));
#3636=CARTESIAN_POINT('Ctrl Pts',(313.768355515782,-286.723981437537,0.146464183957812));
#3637=CARTESIAN_POINT('Ctrl Pts',(313.714786003024,-286.767480557055,0.134211527012899));
#3638=CARTESIAN_POINT('Ctrl Pts',(313.659750358435,-286.808454430977,0.119097777728595));
#3639=CARTESIAN_POINT('Ctrl Pts',(313.60374704304,-286.846814328203,0.100963565100103));
#3640=CARTESIAN_POINT('Ctrl Pts',(313.548550976744,-286.884621294012,0.0830907446175986));
#3641=CARTESIAN_POINT('Ctrl Pts',(313.492414971571,-286.919889058818,0.0622838660546382));
#3642=CARTESIAN_POINT('Ctrl Pts',(313.43583804649,-286.952563004596,0.0384241629612565));
#3643=CARTESIAN_POINT('Ctrl Pts',(313.407315071519,-286.969035411612,0.0263954124913758));
#3644=CARTESIAN_POINT('Ctrl Pts',(313.378680375254,-286.984849053237,0.0135912904792745));
#3645=CARTESIAN_POINT('Ctrl Pts',(313.35,-287.,2.46576395730721E-13));
#3646=CARTESIAN_POINT('',(315.35,-285.20293170755,1.44009045584507E-13));
#3647=CARTESIAN_POINT('',(314.55,-285.20293170755,1.45716771982052E-13));
#3648=CARTESIAN_POINT('Ctrl Pts',(315.35,-285.20293170755,1.50324197534246E-13));
#3649=CARTESIAN_POINT('Ctrl Pts',(315.35,-285.272309109565,0.0324124036369867));
#3650=CARTESIAN_POINT('Ctrl Pts',(315.346281413327,-285.341255546703,0.0646227021969284));
#3651=CARTESIAN_POINT('Ctrl Pts',(315.338957085622,-285.409726735876,0.0964450929593303));
#3652=CARTESIAN_POINT('Ctrl Pts',(315.331552795743,-285.478945448271,0.128614899567232));
#3653=CARTESIAN_POINT('Ctrl Pts',(315.320463636196,-285.547679369687,0.160389275008633));
#3654=CARTESIAN_POINT('Ctrl Pts',(315.3057531616,-285.6158891986,0.191583452202282));
#3655=CARTESIAN_POINT('Ctrl Pts',(315.291127413503,-285.68370616595,0.22259796330685));
#3656=CARTESIAN_POINT('Ctrl Pts',(315.27292162263,-285.751005918279,0.253039896508225));
#3657=CARTESIAN_POINT('Ctrl Pts',(315.251148535034,-285.817743034454,0.282720084406187));
#3658=CARTESIAN_POINT('Ctrl Pts',(315.235262429909,-285.866435845644,0.304375377116797));
#3659=CARTESIAN_POINT('Ctrl Pts',(315.217476201497,-285.9148290431,0.32562504990846));
#3660=CARTESIAN_POINT('Ctrl Pts',(315.197779837027,-285.962898791991,0.3463887245884));
#3661=CARTESIAN_POINT('Ctrl Pts',(315.17494841127,-286.018619780735,0.370457343830594));
#3662=CARTESIAN_POINT('Ctrl Pts',(315.149789962914,-286.07332899646,0.393622888760333));
#3663=CARTESIAN_POINT('Ctrl Pts',(315.122380953875,-286.1270869754,0.415826371755692));
#3664=CARTESIAN_POINT('Ctrl Pts',(315.094736624964,-286.181306493127,0.438220482613462));
#3665=CARTESIAN_POINT('Ctrl Pts',(315.064802558106,-286.234558960601,0.459636599133665));
#3666=CARTESIAN_POINT('Ctrl Pts',(315.032607640211,-286.286894813093,0.480001188116912));
#3667=CARTESIAN_POINT('Ctrl Pts',(315.02632721507,-286.297104232009,0.483973811282212));
#3668=CARTESIAN_POINT('Ctrl Pts',(315.019960615206,-286.307278718898,0.487906362578994));
#3669=CARTESIAN_POINT('Ctrl Pts',(315.013507857883,-286.317418567628,0.491798206361417));
#3670=CARTESIAN_POINT('Ctrl Pts',(314.985899477702,-286.360802315803,0.508449615577504));
#3671=CARTESIAN_POINT('Ctrl Pts',(314.956607930596,-286.403712138565,0.524414743735896));
#3672=CARTESIAN_POINT('Ctrl Pts',(314.925764358586,-286.445937411726,0.539547944291531));
#3673=CARTESIAN_POINT('Ctrl Pts',(314.894950724018,-286.488121700118,0.554666456233267));
#3674=CARTESIAN_POINT('Ctrl Pts',(314.862588386472,-286.529622446271,0.568954297071534));
#3675=CARTESIAN_POINT('Ctrl Pts',(314.828851224259,-286.570249090979,0.582287928447999));
#3676=CARTESIAN_POINT('Ctrl Pts',(314.807888556871,-286.595492554988,0.590572812572358));
#3677=CARTESIAN_POINT('Ctrl Pts',(314.786395939294,-286.620398952932,0.59848974921272));
#3678=CARTESIAN_POINT('Ctrl Pts',(314.764422573324,-286.644927140196,0.606014195745001));
#3679=CARTESIAN_POINT('Ctrl Pts',(314.722090737803,-286.692180855914,0.620510091978327));
#3680=CARTESIAN_POINT('Ctrl Pts',(314.67807191022,-286.737931809883,0.633520208491232));
#3681=CARTESIAN_POINT('Ctrl Pts',(314.632428728173,-286.782253193444,0.644998266337123));
#3682=CARTESIAN_POINT('Ctrl Pts',(314.586552055153,-286.826801306222,0.656535041011423));
#3683=CARTESIAN_POINT('Ctrl Pts',(314.539033658293,-286.869905624347,0.66652453193084));
#3684=CARTESIAN_POINT('Ctrl Pts',(314.48990021793,-286.911615817298,0.674892266625012));
#3685=CARTESIAN_POINT('Ctrl Pts',(314.480829474155,-286.919316122227,0.676437071483498));
#3686=CARTESIAN_POINT('Ctrl Pts',(314.471703602211,-286.926968834276,0.677926516319052));
#3687=CARTESIAN_POINT('Ctrl Pts',(314.462522664195,-286.934574156869,0.679360010922363));
#3688=CARTESIAN_POINT('Ctrl Pts',(314.424131130786,-286.966377007072,0.685354393616145));
#3689=CARTESIAN_POINT('Ctrl Pts',(314.384639098537,-286.997461619954,0.690387963251659));
#3690=CARTESIAN_POINT('Ctrl Pts',(314.344258483493,-287.027661660245,0.694377298045249));
#3691=CARTESIAN_POINT('Ctrl Pts',(314.303899877817,-287.057845240069,0.698364458460481));
#3692=CARTESIAN_POINT('Ctrl Pts',(314.262654112609,-287.087145003149,0.701308289994));
#3693=CARTESIAN_POINT('Ctrl Pts',(314.220760912037,-287.115424171385,0.70315815314332));
#3694=CARTESIAN_POINT('Ctrl Pts',(314.186231122805,-287.138732815879,0.704682872758503));
#3695=CARTESIAN_POINT('Ctrl Pts',(314.151262140226,-287.161348611751,0.705464954442873));
#3696=CARTESIAN_POINT('Ctrl Pts',(314.115999077918,-287.183211212739,0.705494149404119));
#3697=CARTESIAN_POINT('Ctrl Pts',(314.060604586725,-287.217555015534,0.705540011558957));
#3698=CARTESIAN_POINT('Ctrl Pts',(314.004402463,-287.250099745895,0.703733633958636));
#3699=CARTESIAN_POINT('Ctrl Pts',(313.947439932938,-287.280924746867,0.700034484349518));
#3700=CARTESIAN_POINT('Ctrl Pts',(313.890391173059,-287.311796410692,0.696329734971753));
#3701=CARTESIAN_POINT('Ctrl Pts',(313.832578783154,-287.340943337817,0.69072670530206));
#3702=CARTESIAN_POINT('Ctrl Pts',(313.77403298401,-287.36841255786,0.683148254925268));
#3703=CARTESIAN_POINT('Ctrl Pts',(313.76350198141,-287.373353619933,0.681785071199326));
#3704=CARTESIAN_POINT('Ctrl Pts',(313.752947225324,-287.378240309504,0.68035787203406));
#3705=CARTESIAN_POINT('Ctrl Pts',(313.742368868781,-287.383072781247,0.67886607577672));
#3706=CARTESIAN_POINT('Ctrl Pts',(313.689773257234,-287.407099841177,0.67144886156729));
#3707=CARTESIAN_POINT('Ctrl Pts',(313.63649529985,-287.429829680482,0.662416643286573));
#3708=CARTESIAN_POINT('Ctrl Pts',(313.582815922379,-287.451161714227,0.651732506772187));
#3709=CARTESIAN_POINT('Ctrl Pts',(313.529208631523,-287.472465100954,0.641062718100057));
#3710=CARTESIAN_POINT('Ctrl Pts',(313.475201566247,-287.492374339767,0.628745340085375));
#3711=CARTESIAN_POINT('Ctrl Pts',(313.421086213059,-287.510823068181,0.614781305574674));
#3712=CARTESIAN_POINT('Ctrl Pts',(313.397403214452,-287.518896954493,0.608670097009999));
#3713=CARTESIAN_POINT('Ctrl Pts',(313.373699575452,-287.526691557085,0.602244003590787));
#3714=CARTESIAN_POINT('Ctrl Pts',(313.35,-287.53420340453,0.595505434558513));
#3715=CARTESIAN_POINT('',(313.35,-287.,0.));
#3716=CARTESIAN_POINT('Origin',(313.35,-286.198694893205,-0.893258151837034));
#3717=CARTESIAN_POINT('',(315.35,-218.540636625583,59.8));
#3718=CARTESIAN_POINT('Origin',(313.35,-286.198694893205,-0.893258151837034));
#3719=CARTESIAN_POINT('',(314.55,-218.540636625583,59.8));
#3720=CARTESIAN_POINT('Origin',(315.350000000001,-7.27849511371805E-13,
8.1137322579152E-13));
#3721=CARTESIAN_POINT('',(315.35,-213.273684046639,44.6424960092537));
#3722=CARTESIAN_POINT('',(315.35,-218.93916566445,59.4424960092515));
#3723=CARTESIAN_POINT('',(315.35,-263.039089434002,1.60514863134748E-12));
#3724=CARTESIAN_POINT('',(315.35,-263.039089434002,1.61194104998222E-12));
#3725=CARTESIAN_POINT('',(315.35,-208.657873641776,48.7831494606746));
#3726=CARTESIAN_POINT('Origin',(314.550000000001,-7.25949841947975E-13,
8.09255561515776E-13));
#3727=CARTESIAN_POINT('',(314.55,-213.273684046639,44.6424960092537));
#3728=CARTESIAN_POINT('',(314.550000000001,-171.110257362795,-65.5014876829721));
#3729=CARTESIAN_POINT('',(314.55,-263.039089434002,1.60755924616156E-12));
#3730=CARTESIAN_POINT('',(314.55,-117.288010998673,130.747290949341));
#3731=CARTESIAN_POINT('',(314.550000000001,-7.25949841949175E-13,1.89775137763912E-11));
#3732=CARTESIAN_POINT('Origin',(315.35,-208.657873641776,48.7831494606746));
#3733=CARTESIAN_POINT('',(315.35,-213.273684046639,44.6424960092537));
#3734=CARTESIAN_POINT('',(315.35,-263.039089434002,1.60288449180257E-12));
#3735=CARTESIAN_POINT('Origin',(315.35,-263.039089434002,1.61194104998222E-12));
#3736=CARTESIAN_POINT('Origin',(315.35,-218.93916566445,59.4424960092515));
#3737=CARTESIAN_POINT('Ctrl Pts',(313.346921985304,218.541159082938,61.8079976116564));
#3738=CARTESIAN_POINT('Ctrl Pts',(313.610841870824,218.496361772767,61.8084072009605));
#3739=CARTESIAN_POINT('Ctrl Pts',(313.874642015359,218.451580318635,61.7561297000351));
#3740=CARTESIAN_POINT('Ctrl Pts',(314.361266912585,218.362175768305,61.5545630678154));
#3741=CARTESIAN_POINT('Ctrl Pts',(314.58400981371,218.317560553986,61.4057310195356));
#3742=CARTESIAN_POINT('Ctrl Pts',(314.955731019536,218.228330125347,61.0340098137097));
#3743=CARTESIAN_POINT('Ctrl Pts',(315.104563067816,218.183714911028,60.8112669125848));
#3744=CARTESIAN_POINT('Ctrl Pts',(315.306129700035,218.094310360699,60.3246420153583));
#3745=CARTESIAN_POINT('Ctrl Pts',(315.358407200961,218.049528906567,60.0608418708234));
#3746=CARTESIAN_POINT('Ctrl Pts',(315.357997611657,218.004731596396,59.7969219853037));
#3747=CARTESIAN_POINT('Ctrl Pts',(313.346934248465,218.541159082894,61.7999976211717));
#3748=CARTESIAN_POINT('Ctrl Pts',(313.609802646984,218.496361776531,61.8004055786459));
#3749=CARTESIAN_POINT('Ctrl Pts',(313.872551808126,218.451580318635,61.7483363546166));
#3750=CARTESIAN_POINT('Ctrl Pts',(314.357237960742,218.362175768305,61.5475727767086));
#3751=CARTESIAN_POINT('Ctrl Pts',(314.57909343995,218.317560553986,61.3993336847964));
#3752=CARTESIAN_POINT('Ctrl Pts',(314.949333684797,218.228330125347,61.0290934399499));
#3753=CARTESIAN_POINT('Ctrl Pts',(315.097572776709,218.183714911028,60.8072379607419));
#3754=CARTESIAN_POINT('Ctrl Pts',(315.298336354617,218.094310360699,60.3225518081258));
#3755=CARTESIAN_POINT('Ctrl Pts',(315.350405578646,218.049528902803,60.0598026469838));
#3756=CARTESIAN_POINT('Ctrl Pts',(315.349997621172,218.00473159644,59.796934248465));
#3757=CARTESIAN_POINT('Ctrl Pts',(313.348160564595,218.541159078487,60.9999985727031));
#3758=CARTESIAN_POINT('Ctrl Pts',(313.505880263022,218.496362152917,61.0002433471876));
#3759=CARTESIAN_POINT('Ctrl Pts',(313.663531084876,218.451580318635,60.96900181277));
#3760=CARTESIAN_POINT('Ctrl Pts',(313.954342776445,218.362175768305,60.8485436660252));
#3761=CARTESIAN_POINT('Ctrl Pts',(314.08745606397,218.317560553986,60.7596002108779));
#3762=CARTESIAN_POINT('Ctrl Pts',(314.309600210878,218.228330125347,60.5374560639699));
#3763=CARTESIAN_POINT('Ctrl Pts',(314.398543666025,218.183714911028,60.4043427764451));
#3764=CARTESIAN_POINT('Ctrl Pts',(314.51900181277,218.094310360699,60.1135310848755));
#3765=CARTESIAN_POINT('Ctrl Pts',(314.550243347188,218.049528526416,59.9558802630215));
#3766=CARTESIAN_POINT('Ctrl Pts',(314.549998572703,218.004731600847,59.7981605645944));
#3767=CARTESIAN_POINT('Ctrl Pts',(313.348172950388,218.541159078442,60.9919185823135));
#3768=CARTESIAN_POINT('Ctrl Pts',(313.504830646944,218.496362156719,60.9921617086499));
#3769=CARTESIAN_POINT('Ctrl Pts',(313.661419975571,218.451580318635,60.9611305338973));
#3770=CARTESIAN_POINT('Ctrl Pts',(313.950273535084,218.362175768305,60.8414834720073));
#3771=CARTESIAN_POINT('Ctrl Pts',(314.082490526473,218.317560553986,60.7531389027913));
#3772=CARTESIAN_POINT('Ctrl Pts',(314.303138902791,218.228330125347,60.5324905264726));
#3773=CARTESIAN_POINT('Ctrl Pts',(314.391483472007,218.183714911028,60.4002735350837));
#3774=CARTESIAN_POINT('Ctrl Pts',(314.511130533897,218.094310360699,60.1114199755707));
#3775=CARTESIAN_POINT('Ctrl Pts',(314.54216170865,218.049528522615,59.9548306469434));
#3776=CARTESIAN_POINT('Ctrl Pts',(314.541918582314,218.004731600891,59.7981729503873));
#3777=CARTESIAN_POINT('',(315.35,218.005254053751,59.8000000000001));
#3778=CARTESIAN_POINT('',(314.55,218.005254053751,59.8));
#3779=CARTESIAN_POINT('',(314.55,218.005254053751,59.8));
#3780=CARTESIAN_POINT('Ctrl Pts',(313.35,218.540636625583,61.0000000000001));
#3781=CARTESIAN_POINT('Ctrl Pts',(313.40083651281,218.526197567663,61.0000000000001));
#3782=CARTESIAN_POINT('Ctrl Pts',(313.451672804741,218.511758509743,60.9967652200039));
#3783=CARTESIAN_POINT('Ctrl Pts',(313.502099309267,218.497319451824,60.9903217212673));
#3784=CARTESIAN_POINT('Ctrl Pts',(313.552523926704,218.482880934251,60.9838784636629));
#3785=CARTESIAN_POINT('Ctrl Pts',(313.60253834931,218.468442416677,60.9742267837774));
#3786=CARTESIAN_POINT('Ctrl Pts',(313.651739662097,218.454003899104,60.9614444353123));
#3787=CARTESIAN_POINT('Ctrl Pts',(313.700939289024,218.43956587626,60.9486625248283));
#3788=CARTESIAN_POINT('Ctrl Pts',(313.749325434496,218.425127853416,60.9327502716356));
#3789=CARTESIAN_POINT('Ctrl Pts',(313.796508327532,218.410689830571,60.9138358557009));
#3790=CARTESIAN_POINT('Ctrl Pts',(313.843689752836,218.396252256855,60.8949220281424));
#3791=CARTESIAN_POINT('Ctrl Pts',(313.889667590819,218.381814683138,60.8730063891641));
#3792=CARTESIAN_POINT('Ctrl Pts',(313.934071493428,218.367377109422,60.8482654676014));
#3793=CARTESIAN_POINT('Ctrl Pts',(313.980477250413,218.352288648769,60.8224091548411));
#3794=CARTESIAN_POINT('Ctrl Pts',(314.025163294735,218.337200188116,60.7934669439058));
#3795=CARTESIAN_POINT('Ctrl Pts',(314.067736585151,218.322111727463,60.7616933993414));
#3796=CARTESIAN_POINT('Ctrl Pts',(314.108481472894,218.307671273612,60.7312844388442));
#3797=CARTESIAN_POINT('Ctrl Pts',(314.147291042297,218.293230819761,60.6982827197653));
#3798=CARTESIAN_POINT('Ctrl Pts',(314.183852560743,218.27879036591,60.6629541743007));
#3799=CARTESIAN_POINT('Ctrl Pts',(314.220410933852,218.264351154352,60.6276286681019));
#3800=CARTESIAN_POINT('Ctrl Pts',(314.25472132556,218.249911942793,60.5899770434066));
#3801=CARTESIAN_POINT('Ctrl Pts',(314.286507305669,218.235472731235,60.5503026498877));
#3802=CARTESIAN_POINT('Ctrl Pts',(314.318290952955,218.221034579392,60.5106311681349));
#3803=CARTESIAN_POINT('Ctrl Pts',(314.347550283512,218.20659642755,60.4689375595409));
#3804=CARTESIAN_POINT('Ctrl Pts',(314.374049596788,218.192158275708,60.425557689841));
#3805=CARTESIAN_POINT('Ctrl Pts',(314.400547299926,218.17772100115,60.3821804559667));
#3806=CARTESIAN_POINT('Ctrl Pts',(314.424285091461,218.163283726591,60.3371175429602));
#3807=CARTESIAN_POINT('Ctrl Pts',(314.44507177316,218.148846452032,60.2907319142147));
#3808=CARTESIAN_POINT('Ctrl Pts',(314.465861778897,218.134406868782,60.2443388678556));
#3809=CARTESIAN_POINT('Ctrl Pts',(314.483699548979,218.119967285532,60.1966230852274));
#3810=CARTESIAN_POINT('Ctrl Pts',(314.498441361596,218.105527702281,60.1479690201376));
#3811=CARTESIAN_POINT('Ctrl Pts',(314.513181079228,218.091090171066,60.0993218693644));
#3812=CARTESIAN_POINT('Ctrl Pts',(314.524825592399,218.076652639851,60.0497371257933));
#3813=CARTESIAN_POINT('Ctrl Pts',(314.533281105974,218.062215108635,59.9996141884851));
#3814=CARTESIAN_POINT('Ctrl Pts',(314.541736952096,218.047777009608,59.9494892798991));
#3815=CARTESIAN_POINT('Ctrl Pts',(314.547003473986,218.033338910581,59.8988265706175));
#3816=CARTESIAN_POINT('Ctrl Pts',(314.549038247126,218.018900811554,59.8480341746054));
#3817=CARTESIAN_POINT('Ctrl Pts',(314.54967933005,218.014351892287,59.8320313401289));
#3818=CARTESIAN_POINT('Ctrl Pts',(314.55,218.009802973019,59.8160156704075));
#3819=CARTESIAN_POINT('Ctrl Pts',(314.55,218.005254053751,59.8));
#3820=CARTESIAN_POINT('Ctrl Pts',(313.35,218.540636625583,61.8000000000001));
#3821=CARTESIAN_POINT('Ctrl Pts',(313.42456968597,218.527928641239,61.8000000000001));
#3822=CARTESIAN_POINT('Ctrl Pts',(313.499139177508,218.515220656896,61.7958251786663));
#3823=CARTESIAN_POINT('Ctrl Pts',(313.573242862729,218.502512672553,61.787501603582));
#3824=CARTESIAN_POINT('Ctrl Pts',(313.647344094921,218.489805108878,61.7791783040302));
#3825=CARTESIAN_POINT('Ctrl Pts',(313.720979165279,218.477097545202,61.7667065690787));
#3826=CARTESIAN_POINT('Ctrl Pts',(313.793688326825,218.464389981527,61.7501642670913));
#3827=CARTESIAN_POINT('Ctrl Pts',(313.866395259372,218.45168280742,61.733622472231));
#3828=CARTESIAN_POINT('Ctrl Pts',(313.938175960865,218.438975633312,61.7130104464114));
#3829=CARTESIAN_POINT('Ctrl Pts',(314.008582289668,218.426268459205,61.6884568747358));
#3830=CARTESIAN_POINT('Ctrl Pts',(314.078986632261,218.413561643576,61.6639039957328));
#3831=CARTESIAN_POINT('Ctrl Pts',(314.148016312766,218.400854827946,61.6354099214846));
#3832=CARTESIAN_POINT('Ctrl Pts',(314.215240389002,218.388148012317,61.603152536321));
#3833=CARTESIAN_POINT('Ctrl Pts',(314.282462733179,218.375441524084,61.5708959822838));
#3834=CARTESIAN_POINT('Ctrl Pts',(314.34787921583,218.362735035852,61.5348764795944));
#3835=CARTESIAN_POINT('Ctrl Pts',(314.411081472447,218.350028547619,61.4953188811639));
#3836=CARTESIAN_POINT('Ctrl Pts',(314.474282255141,218.337322355711,61.4557622052452));
#3837=CARTESIAN_POINT('Ctrl Pts',(314.535268585779,218.324616163803,61.4126678049463));
#3838=CARTESIAN_POINT('Ctrl Pts',(314.59365977294,218.311909971895,61.3663046859317));
#3839=CARTESIAN_POINT('Ctrl Pts',(314.652377874188,218.299132641972,61.319681994241));
#3840=CARTESIAN_POINT('Ctrl Pts',(314.708471350867,218.286355312049,61.2697540881621));
#3841=CARTESIAN_POINT('Ctrl Pts',(314.761586129653,218.273577982127,61.2168361226947));
#3842=CARTESIAN_POINT('Ctrl Pts',(314.814412702276,218.260869983289,61.1642052954615));
#3843=CARTESIAN_POINT('Ctrl Pts',(314.864292570486,218.248161984451,61.1086170798681));
#3844=CARTESIAN_POINT('Ctrl Pts',(314.910914283691,218.235453985613,61.0504185695079));
#3845=CARTESIAN_POINT('Ctrl Pts',(314.957533016772,218.222746799088,60.9922237792769));
#3846=CARTESIAN_POINT('Ctrl Pts',(315.000893768731,218.210039612563,60.9314193317472));
#3847=CARTESIAN_POINT('Ctrl Pts',(315.040725828974,218.197332426038,60.8683848422923));
#3848=CARTESIAN_POINT('Ctrl Pts',(315.080555732781,218.184625927457,60.8053537654128));
#3849=CARTESIAN_POINT('Ctrl Pts',(315.11685711971,218.171919428877,60.7400932168785));
#3850=CARTESIAN_POINT('Ctrl Pts',(315.149403376811,218.159212930297,60.6730105884374));
#3851=CARTESIAN_POINT('Ctrl Pts',(315.182265729011,218.146383023918,60.6052764414501));
#3852=CARTESIAN_POINT('Ctrl Pts',(315.21129940307,218.133553117539,60.5356849740165));
#3853=CARTESIAN_POINT('Ctrl Pts',(315.236319624154,218.12072321116,60.4646790770987));
#3854=CARTESIAN_POINT('Ctrl Pts',(315.261100551693,218.108016010083,60.3943522810062));
#3855=CARTESIAN_POINT('Ctrl Pts',(315.281944376804,218.095308809006,60.322638381248));
#3856=CARTESIAN_POINT('Ctrl Pts',(315.298720966662,218.082601607929,60.2499851043013));
#3857=CARTESIAN_POINT('Ctrl Pts',(315.315740557694,218.069710348899,60.1762794781135));
#3858=CARTESIAN_POINT('Ctrl Pts',(315.328574017225,218.05681908987,60.1016074338828));
#3859=CARTESIAN_POINT('Ctrl Pts',(315.337138889626,218.04392783084,60.0264487432915));
#3860=CARTESIAN_POINT('Ctrl Pts',(315.345703762026,218.03103657181,59.9512900527002));
#3861=CARTESIAN_POINT('Ctrl Pts',(315.35,218.01814531278,59.8756451307795));
#3862=CARTESIAN_POINT('Ctrl Pts',(315.35,218.005254053751,59.8000000000001));
#3863=CARTESIAN_POINT('Ctrl Pts',(315.357997611657,-218.004731596396,59.7969219853033));
#3864=CARTESIAN_POINT('Ctrl Pts',(315.358407200961,-218.049528906567,60.0608418708231));
#3865=CARTESIAN_POINT('Ctrl Pts',(315.306129700035,-218.094310360699,60.3246420153582));
#3866=CARTESIAN_POINT('Ctrl Pts',(315.104563067816,-218.183714911028,60.8112669125849));
#3867=CARTESIAN_POINT('Ctrl Pts',(314.955731019536,-218.228330125347,61.0340098137097));
#3868=CARTESIAN_POINT('Ctrl Pts',(314.58400981371,-218.317560553986,61.4057310195356));
#3869=CARTESIAN_POINT('Ctrl Pts',(314.361266912585,-218.362175768305,61.5545630678155));
#3870=CARTESIAN_POINT('Ctrl Pts',(313.874642015358,-218.451580318635,61.7561297000351));
#3871=CARTESIAN_POINT('Ctrl Pts',(313.610841870823,-218.496361772767,61.8084072009606));
#3872=CARTESIAN_POINT('Ctrl Pts',(313.346921985303,-218.541159082938,61.8079976116563));
#3873=CARTESIAN_POINT('Ctrl Pts',(315.349997621172,-218.00473159644,59.7969342484646));
#3874=CARTESIAN_POINT('Ctrl Pts',(315.350405578646,-218.049528902803,60.0598026469835));
#3875=CARTESIAN_POINT('Ctrl Pts',(315.298336354617,-218.094310360699,60.3225518081257));
#3876=CARTESIAN_POINT('Ctrl Pts',(315.097572776709,-218.183714911028,60.8072379607419));
#3877=CARTESIAN_POINT('Ctrl Pts',(314.949333684797,-218.228330125347,61.0290934399499));
#3878=CARTESIAN_POINT('Ctrl Pts',(314.57909343995,-218.317560553986,61.3993336847965));
#3879=CARTESIAN_POINT('Ctrl Pts',(314.357237960742,-218.362175768305,61.5475727767086));
#3880=CARTESIAN_POINT('Ctrl Pts',(313.872551808126,-218.451580318635,61.7483363546167));
#3881=CARTESIAN_POINT('Ctrl Pts',(313.609802646984,-218.496361776531,61.800405578646));
#3882=CARTESIAN_POINT('Ctrl Pts',(313.346934248465,-218.541159082894,61.7999976211717));
#3883=CARTESIAN_POINT('Ctrl Pts',(314.549998572703,-218.004731600847,59.7981605645941));
#3884=CARTESIAN_POINT('Ctrl Pts',(314.550243347188,-218.049528526416,59.9558802630214));
#3885=CARTESIAN_POINT('Ctrl Pts',(314.51900181277,-218.094310360699,60.1135310848754));
#3886=CARTESIAN_POINT('Ctrl Pts',(314.398543666025,-218.183714911028,60.4043427764452));
#3887=CARTESIAN_POINT('Ctrl Pts',(314.309600210878,-218.228330125347,60.53745606397));
#3888=CARTESIAN_POINT('Ctrl Pts',(314.08745606397,-218.317560553986,60.7596002108779));
#3889=CARTESIAN_POINT('Ctrl Pts',(313.954342776445,-218.362175768305,60.8485436660252));
#3890=CARTESIAN_POINT('Ctrl Pts',(313.663531084876,-218.451580318635,60.96900181277));
#3891=CARTESIAN_POINT('Ctrl Pts',(313.505880263022,-218.496362152917,61.0002433471876));
#3892=CARTESIAN_POINT('Ctrl Pts',(313.348160564594,-218.541159078487,60.999998572703));
#3893=CARTESIAN_POINT('Ctrl Pts',(314.541918582314,-218.004731600891,59.798172950387));
#3894=CARTESIAN_POINT('Ctrl Pts',(314.54216170865,-218.049528522615,59.9548306469434));
#3895=CARTESIAN_POINT('Ctrl Pts',(314.511130533898,-218.094310360699,60.1114199755706));
#3896=CARTESIAN_POINT('Ctrl Pts',(314.391483472007,-218.183714911028,60.4002735350838));
#3897=CARTESIAN_POINT('Ctrl Pts',(314.303138902791,-218.228330125347,60.5324905264726));
#3898=CARTESIAN_POINT('Ctrl Pts',(314.082490526473,-218.317560553986,60.7531389027913));
#3899=CARTESIAN_POINT('Ctrl Pts',(313.950273535084,-218.362175768305,60.8414834720073));
#3900=CARTESIAN_POINT('Ctrl Pts',(313.661419975571,-218.451580318635,60.9611305338974));
#3901=CARTESIAN_POINT('Ctrl Pts',(313.504830646944,-218.496362156719,60.9921617086499));
#3902=CARTESIAN_POINT('Ctrl Pts',(313.348172950387,-218.541159078442,60.9919185823135));
#3903=CARTESIAN_POINT('',(314.55,-218.005254053751,59.8));
#3904=CARTESIAN_POINT('Ctrl Pts',(314.55,-218.005254053751,59.8));
#3905=CARTESIAN_POINT('Ctrl Pts',(314.55,-218.01969311167,59.8508365128099));
#3906=CARTESIAN_POINT('Ctrl Pts',(314.546765220004,-218.03413216959,59.9016728047413));
#3907=CARTESIAN_POINT('Ctrl Pts',(314.540321721267,-218.04857122751,59.9520993092672));
#3908=CARTESIAN_POINT('Ctrl Pts',(314.533878463663,-218.063009745083,60.0025239267042));
#3909=CARTESIAN_POINT('Ctrl Pts',(314.524226783778,-218.077448262656,60.0525383493101));
#3910=CARTESIAN_POINT('Ctrl Pts',(314.511444435313,-218.091886780229,60.1017396620968));
#3911=CARTESIAN_POINT('Ctrl Pts',(314.498662524828,-218.106324803073,60.1509392890242));
#3912=CARTESIAN_POINT('Ctrl Pts',(314.482750271636,-218.120762825918,60.1993254344955));
#3913=CARTESIAN_POINT('Ctrl Pts',(314.463835855701,-218.135200848762,60.2465083275317));
#3914=CARTESIAN_POINT('Ctrl Pts',(314.444922028143,-218.149638422479,60.2936897528361));
#3915=CARTESIAN_POINT('Ctrl Pts',(314.423006389164,-218.164075996195,60.3396675908186));
#3916=CARTESIAN_POINT('Ctrl Pts',(314.398265467602,-218.178513569912,60.3840714934275));
#3917=CARTESIAN_POINT('Ctrl Pts',(314.372409154841,-218.193602030565,60.430477250413));
#3918=CARTESIAN_POINT('Ctrl Pts',(314.343466943906,-218.208690491218,60.4751632947352));
#3919=CARTESIAN_POINT('Ctrl Pts',(314.311693399342,-218.223778951871,60.5177365851505));
#3920=CARTESIAN_POINT('Ctrl Pts',(314.281284438844,-218.238219405721,60.5584814728935));
#3921=CARTESIAN_POINT('Ctrl Pts',(314.248282719766,-218.252659859572,60.5972910422969));
#3922=CARTESIAN_POINT('Ctrl Pts',(314.212954174301,-218.267100313423,60.6338525607428));
#3923=CARTESIAN_POINT('Ctrl Pts',(314.177628668102,-218.281539524982,60.6704109338517));
#3924=CARTESIAN_POINT('Ctrl Pts',(314.139977043407,-218.29597873654,60.7047213255602));
#3925=CARTESIAN_POINT('Ctrl Pts',(314.100302649888,-218.310417948099,60.7365073056691));
#3926=CARTESIAN_POINT('Ctrl Pts',(314.060631168135,-218.324856099941,60.7682909529551));
#3927=CARTESIAN_POINT('Ctrl Pts',(314.018937559541,-218.339294251783,60.797550283512));
#3928=CARTESIAN_POINT('Ctrl Pts',(313.975557689841,-218.353732403625,60.8240495967877));
#3929=CARTESIAN_POINT('Ctrl Pts',(313.932180455967,-218.368169678184,60.8505472999255));
#3930=CARTESIAN_POINT('Ctrl Pts',(313.88711754296,-218.382606952742,60.8742850914607));
#3931=CARTESIAN_POINT('Ctrl Pts',(313.840731914215,-218.397044227301,60.8950717731598));
#3932=CARTESIAN_POINT('Ctrl Pts',(313.794338867856,-218.411483810551,60.9158617788965));
#3933=CARTESIAN_POINT('Ctrl Pts',(313.746623085228,-218.425923393802,60.9336995489784));
#3934=CARTESIAN_POINT('Ctrl Pts',(313.697969020138,-218.440362977052,60.9484413615961));
#3935=CARTESIAN_POINT('Ctrl Pts',(313.649321869365,-218.454800508268,60.9631810792282));
#3936=CARTESIAN_POINT('Ctrl Pts',(313.599737125794,-218.469238039483,60.9748255923987));
#3937=CARTESIAN_POINT('Ctrl Pts',(313.549614188485,-218.483675570698,60.9832811059742));
#3938=CARTESIAN_POINT('Ctrl Pts',(313.499489279899,-218.498113669725,60.9917369520955));
#3939=CARTESIAN_POINT('Ctrl Pts',(313.448826570618,-218.512551768752,60.997003473986));
#3940=CARTESIAN_POINT('Ctrl Pts',(313.398034174606,-218.526989867779,60.9990382471257));
#3941=CARTESIAN_POINT('Ctrl Pts',(313.382031340129,-218.531538787047,60.9996793300496));
#3942=CARTESIAN_POINT('Ctrl Pts',(313.366015670408,-218.536087706315,61.0000000000001));
#3943=CARTESIAN_POINT('Ctrl Pts',(313.35,-218.540636625583,61.0000000000001));
#3944=CARTESIAN_POINT('',(315.35,-218.005254053751,59.8000000000001));
#3945=CARTESIAN_POINT('',(314.55,-218.005254053751,59.8000000000001));
#3946=CARTESIAN_POINT('Ctrl Pts',(315.35,-218.005254053751,59.8000000000001));
#3947=CARTESIAN_POINT('Ctrl Pts',(315.35,-218.017962038094,59.8745696859695));
#3948=CARTESIAN_POINT('Ctrl Pts',(315.345825178667,-218.030670022437,59.9491391775074));
#3949=CARTESIAN_POINT('Ctrl Pts',(315.337501603582,-218.043378006781,60.0232428627288));
#3950=CARTESIAN_POINT('Ctrl Pts',(315.32917830403,-218.056085570456,60.0973440949208));
#3951=CARTESIAN_POINT('Ctrl Pts',(315.316706569079,-218.068793134131,60.1709791652787));
#3952=CARTESIAN_POINT('Ctrl Pts',(315.300164267091,-218.081500697806,60.243688326825));
#3953=CARTESIAN_POINT('Ctrl Pts',(315.283622472231,-218.094207871914,60.3163952593714));
#3954=CARTESIAN_POINT('Ctrl Pts',(315.263010446412,-218.106915046021,60.3881759608646));
#3955=CARTESIAN_POINT('Ctrl Pts',(315.238456874736,-218.119622220128,60.4585822896674));
#3956=CARTESIAN_POINT('Ctrl Pts',(315.213903995733,-218.132329035758,60.528986632261));
#3957=CARTESIAN_POINT('Ctrl Pts',(315.185409921485,-218.145035851387,60.5980163127654));
#3958=CARTESIAN_POINT('Ctrl Pts',(315.153152536321,-218.157742667017,60.6652403890015));
#3959=CARTESIAN_POINT('Ctrl Pts',(315.120895982284,-218.170449155249,60.7324627331785));
#3960=CARTESIAN_POINT('Ctrl Pts',(315.084876479595,-218.183155643482,60.7978792158301));
#3961=CARTESIAN_POINT('Ctrl Pts',(315.045318881164,-218.195862131715,60.8610814724467));
#3962=CARTESIAN_POINT('Ctrl Pts',(315.005762205245,-218.208568323623,60.924282255141));
#3963=CARTESIAN_POINT('Ctrl Pts',(314.962667804946,-218.221274515531,60.9852685857784));
#3964=CARTESIAN_POINT('Ctrl Pts',(314.916304685932,-218.233980707439,61.04365977294));
#3965=CARTESIAN_POINT('Ctrl Pts',(314.869681994241,-218.246758037362,61.1023778741882));
#3966=CARTESIAN_POINT('Ctrl Pts',(314.819754088162,-218.259535367284,61.1584713508668));
#3967=CARTESIAN_POINT('Ctrl Pts',(314.766836122695,-218.272312697207,61.2115861296527));
#3968=CARTESIAN_POINT('Ctrl Pts',(314.714205295462,-218.285020696045,61.2644127022755));
#3969=CARTESIAN_POINT('Ctrl Pts',(314.658617079868,-218.297728694883,61.3142925704858));
#3970=CARTESIAN_POINT('Ctrl Pts',(314.600418569508,-218.31043669372,61.3609142836909));
#3971=CARTESIAN_POINT('Ctrl Pts',(314.542223779277,-218.323143880245,61.4075330167718));
#3972=CARTESIAN_POINT('Ctrl Pts',(314.481419331747,-218.33585106677,61.4508937687306));
#3973=CARTESIAN_POINT('Ctrl Pts',(314.418384842292,-218.348558253296,61.4907258289742));
#3974=CARTESIAN_POINT('Ctrl Pts',(314.355353765413,-218.361264751876,61.5305557327808));
#3975=CARTESIAN_POINT('Ctrl Pts',(314.290093216879,-218.373971250457,61.5668571197099));
#3976=CARTESIAN_POINT('Ctrl Pts',(314.223010588438,-218.386677749037,61.5994033768104));
#3977=CARTESIAN_POINT('Ctrl Pts',(314.15527644145,-218.399507655416,61.6322657290104));
#3978=CARTESIAN_POINT('Ctrl Pts',(314.085684974017,-218.412337561795,61.6612994030695));
#3979=CARTESIAN_POINT('Ctrl Pts',(314.014679077099,-218.425167468173,61.6863196241538));
#3980=CARTESIAN_POINT('Ctrl Pts',(313.944352281006,-218.43787466925,61.7111005516931));
#3981=CARTESIAN_POINT('Ctrl Pts',(313.872638381248,-218.450581870327,61.7319443768042));
#3982=CARTESIAN_POINT('Ctrl Pts',(313.799985104301,-218.463289071405,61.7487209666618));
#3983=CARTESIAN_POINT('Ctrl Pts',(313.726279478114,-218.476180330434,61.7657405576936));
#3984=CARTESIAN_POINT('Ctrl Pts',(313.651607433883,-218.489071589464,61.778574017225));
#3985=CARTESIAN_POINT('Ctrl Pts',(313.576448743292,-218.501962848494,61.7871388896255));
#3986=CARTESIAN_POINT('Ctrl Pts',(313.5012900527,-218.514854107523,61.7957037620261));
#3987=CARTESIAN_POINT('Ctrl Pts',(313.42564513078,-218.527745366553,61.8000000000001));
#3988=CARTESIAN_POINT('Ctrl Pts',(313.35,-218.540636625583,61.8000000000001));
#3989=CARTESIAN_POINT('Origin',(313.35,-218.540636625583,59.8));
#3990=CARTESIAN_POINT('',(315.35,218.540636625583,59.8));
#3991=CARTESIAN_POINT('Origin',(313.35,-218.540636625583,59.8));
#3992=CARTESIAN_POINT('',(314.55,218.540636625583,59.8));
#3993=CARTESIAN_POINT('Origin',(315.350000000001,4.00507699873883E-14,1.08994438746574E-12));
#3994=CARTESIAN_POINT('',(315.35,-212.339772435938,45.));
#3995=CARTESIAN_POINT('',(315.35,-62.0397208042081,-347.6304794911));
#3996=CARTESIAN_POINT('',(315.35,212.339772435939,44.9999999999999));
#3997=CARTESIAN_POINT('',(315.35,218.540636625583,44.9999999999999));
#3998=CARTESIAN_POINT('',(315.35,218.005254053751,59.8));
#3999=CARTESIAN_POINT('Origin',(314.550000000001,3.99491666387601E-14,1.08715120239466E-12));
#4000=CARTESIAN_POINT('',(314.55,212.339772435939,44.9999999999999));
#4001=CARTESIAN_POINT('',(314.55,-212.339772435938,45.));
#4002=CARTESIAN_POINT('',(314.55,4.56643549990975E-14,45.));
#4003=CARTESIAN_POINT('',(314.550000000001,-170.176345752094,-65.1439836922245));
#4004=CARTESIAN_POINT('',(314.550000000001,170.176345752094,-65.1439836922243));
#4005=CARTESIAN_POINT('Origin',(315.35,218.540636625583,44.9999999999999));
#4006=CARTESIAN_POINT('',(315.35,-212.339772435938,45.));
#4007=CARTESIAN_POINT('',(315.35,212.339772435939,44.9999999999999));
#4008=CARTESIAN_POINT('Origin',(315.35,218.005254053751,59.8));
#4009=CARTESIAN_POINT('Origin',(315.35,-62.0397208042081,-347.6304794911));
#4010=CARTESIAN_POINT('Ctrl Pts',(313.349524239212,287.539695597414,0.601325710940579));
#4011=CARTESIAN_POINT('Ctrl Pts',(313.612569794424,287.456694675457,0.675867181672098));
#4012=CARTESIAN_POINT('Ctrl Pts',(313.875443259023,287.338776733786,0.71143358579778));
#4013=CARTESIAN_POINT('Ctrl Pts',(314.361266912585,287.038390786682,0.710559368140611));
#4014=CARTESIAN_POINT('Ctrl Pts',(314.58400981371,286.856027287593,0.674209680476622));
#4015=CARTESIAN_POINT('Ctrl Pts',(314.955731019535,286.44184833954,0.546383541353953));
#4016=CARTESIAN_POINT('Ctrl Pts',(315.104563067815,286.210130553924,0.45501596051237));
#4017=CARTESIAN_POINT('Ctrl Pts',(315.305797814042,285.719709152833,0.242298941689045));
#4018=CARTESIAN_POINT('Ctrl Pts',(315.358063037732,285.461156662017,0.121092405784552));
#4019=CARTESIAN_POINT('Ctrl Pts',(315.357999942942,285.20246381932,-0.000219412178470011));
#4020=CARTESIAN_POINT('Ctrl Pts',(313.349526134766,287.534353563471,0.595370656808341));
#4021=CARTESIAN_POINT('Ctrl Pts',(313.611523648376,287.45135250089,0.669911915994022));
#4022=CARTESIAN_POINT('Ctrl Pts',(313.873349859585,287.333573577158,0.705633345622684));
#4023=CARTESIAN_POINT('Ctrl Pts',(314.357237960742,287.033722990047,0.705355922711531));
#4024=CARTESIAN_POINT('Ctrl Pts',(314.57909343995,286.851755440096,0.669447620971781));
#4025=CARTESIAN_POINT('Ctrl Pts',(314.949333684796,286.43856541004,0.542723882238603));
#4026=CARTESIAN_POINT('Ctrl Pts',(315.097572776708,286.207440204185,0.452016882114794));
#4027=CARTESIAN_POINT('Ctrl Pts',(315.298005790879,285.71831127645,0.240740653261255));
#4028=CARTESIAN_POINT('Ctrl Pts',(315.350062786586,285.460458066359,0.120313698097043));
#4029=CARTESIAN_POINT('Ctrl Pts',(315.349999943169,285.202465085133,-0.00021800120667191));
#4030=CARTESIAN_POINT('Ctrl Pts',(313.349715690172,287.000150169201,-0.000134756415472168));
#4031=CARTESIAN_POINT('Ctrl Pts',(313.506909043565,286.917135044142,0.0743853481865261));
#4032=CARTESIAN_POINT('Ctrl Pts',(313.664009915751,286.813257914392,0.125609328113062));
#4033=CARTESIAN_POINT('Ctrl Pts',(313.954342776445,286.566943326556,0.185011379803549));
#4034=CARTESIAN_POINT('Ctrl Pts',(314.08745606397,286.424570690397,0.193241670487613));
#4035=CARTESIAN_POINT('Ctrl Pts',(314.309600210878,286.110272459986,0.17675797070354));
#4036=CARTESIAN_POINT('Ctrl Pts',(314.398543666025,285.938405230285,0.15210904235718));
#4037=CARTESIAN_POINT('Ctrl Pts',(314.518803474527,285.578523638074,0.084911810482249));
#4038=CARTESIAN_POINT('Ctrl Pts',(314.550037671951,285.390598500607,0.0424429293462058));
#4039=CARTESIAN_POINT('Ctrl Pts',(314.549999965902,285.202591666481,-7.69040268618034E-5));
#4040=CARTESIAN_POINT('Ctrl Pts',(313.349717604681,286.994754714919,-0.00614936108903268));
#4041=CARTESIAN_POINT('Ctrl Pts',(313.505852436057,286.911739447829,0.0683705298516703));
#4042=CARTESIAN_POINT('Ctrl Pts',(313.661895582318,286.808002726198,0.119751085536215));
#4043=CARTESIAN_POINT('Ctrl Pts',(313.950273535084,286.562228851955,0.179755899920178));
#4044=CARTESIAN_POINT('Ctrl Pts',(314.082490526472,286.420256124425,0.188431990387723));
#4045=CARTESIAN_POINT('Ctrl Pts',(314.303138902791,286.106956701191,0.173061714997036));
#4046=CARTESIAN_POINT('Ctrl Pts',(314.391483472007,285.935687977049,0.149079973175629));
#4047=CARTESIAN_POINT('Ctrl Pts',(314.510933531132,285.577111782927,0.0833379391701811));
#4048=CARTESIAN_POINT('Ctrl Pts',(314.541957418294,285.389892918993,0.0416564345818224));
#4049=CARTESIAN_POINT('Ctrl Pts',(314.541919966131,285.202592944953,-7.54789453457214E-5));
#4050=CARTESIAN_POINT('',(314.55,285.20293170755,-4.85722573273506E-14));
#4051=CARTESIAN_POINT('',(315.35,285.20293170755,-2.58331403003701E-14));
#4052=CARTESIAN_POINT('',(315.35,285.20293170755,1.42273912510079E-13));
#4053=CARTESIAN_POINT('Ctrl Pts',(313.35,287.,-2.20268248085631E-13));
#4054=CARTESIAN_POINT('Ctrl Pts',(313.39467563494,286.976399256962,0.0211712547838755));
#4055=CARTESIAN_POINT('Ctrl Pts',(313.43901076518,286.951314539772,0.0403278975008353));
#4056=CARTESIAN_POINT('Ctrl Pts',(313.482917532291,286.924708758342,0.0576210353382294));
#4057=CARTESIAN_POINT('Ctrl Pts',(313.527205707364,286.897871858623,0.0750643946762328));
#4058=CARTESIAN_POINT('Ctrl Pts',(313.57105934065,286.869487339818,0.0906117174594156));
#4059=CARTESIAN_POINT('Ctrl Pts',(313.614394342875,286.839481770571,0.104378658391049));
#4060=CARTESIAN_POINT('Ctrl Pts',(313.657409098148,286.80969794337,0.118043861220884));
#4061=CARTESIAN_POINT('Ctrl Pts',(313.699914081807,286.778316704357,0.129954640425501));
#4062=CARTESIAN_POINT('Ctrl Pts',(313.741814174015,286.745233536989,0.140187651776991));
#4063=CARTESIAN_POINT('Ctrl Pts',(313.764292629807,286.727485162798,0.145677431898265));
#4064=CARTESIAN_POINT('Ctrl Pts',(313.786596662298,286.709246417549,0.150683732315799));
#4065=CARTESIAN_POINT('Ctrl Pts',(313.808708200147,286.690497669065,0.155214493306275));
#4066=CARTESIAN_POINT('Ctrl Pts',(313.858035545407,286.648672175242,0.165321904794261));
#4067=CARTESIAN_POINT('Ctrl Pts',(313.905695305458,286.604911205085,0.172919977416895));
#4068=CARTESIAN_POINT('Ctrl Pts',(313.951493716047,286.55923604959,0.178253497766981));
#4069=CARTESIAN_POINT('Ctrl Pts',(313.997986807883,286.512868082409,0.183667918229653));
#4070=CARTESIAN_POINT('Ctrl Pts',(314.042563474205,286.46452689893,0.186747986172917));
#4071=CARTESIAN_POINT('Ctrl Pts',(314.085007039397,286.414200680091,0.18771179088823));
#4072=CARTESIAN_POINT('Ctrl Pts',(314.124515959213,286.367354131368,0.188608955936525));
#4073=CARTESIAN_POINT('Ctrl Pts',(314.162177402248,286.318786652458,0.187671378531715));
#4074=CARTESIAN_POINT('Ctrl Pts',(314.197786329556,286.268470439835,0.185054599063776));
#4075=CARTESIAN_POINT('Ctrl Pts',(314.238341465167,286.211165123989,0.182074339499437));
#4076=CARTESIAN_POINT('Ctrl Pts',(314.275902754821,286.152045960628,0.176936774620136));
#4077=CARTESIAN_POINT('Ctrl Pts',(314.310156183317,286.091367900915,0.169986236446221));
#4078=CARTESIAN_POINT('Ctrl Pts',(314.34464790662,286.030267715091,0.162987344655377));
#4079=CARTESIAN_POINT('Ctrl Pts',(314.37578561934,285.967586910636,0.154150214803498));
#4080=CARTESIAN_POINT('Ctrl Pts',(314.403295656288,285.90360191924,0.143844387982092));
#4081=CARTESIAN_POINT('Ctrl Pts',(314.430804437692,285.839619848085,0.133539031513158));
#4082=CARTESIAN_POINT('Ctrl Pts',(314.454685886767,285.774333729108,0.121765134514468));
#4083=CARTESIAN_POINT('Ctrl Pts',(314.474712702169,285.708035532525,0.108909551306894));
#4084=CARTESIAN_POINT('Ctrl Pts',(314.494638769596,285.642070859211,0.0961186400868634));
#4085=CARTESIAN_POINT('Ctrl Pts',(314.510748848485,285.575104273137,0.0822569069739311));
#4086=CARTESIAN_POINT('Ctrl Pts',(314.522865055389,285.507438572448,0.0677223550859196));
#4087=CARTESIAN_POINT('Ctrl Pts',(314.534806615541,285.440748226084,0.0533973087213893));
#4088=CARTESIAN_POINT('Ctrl Pts',(314.542868554002,285.373378798644,0.0384187272986267));
#4089=CARTESIAN_POINT('Ctrl Pts',(314.546925991771,285.305634741707,0.0231838802486166));
#4090=CARTESIAN_POINT('Ctrl Pts',(314.548971528811,285.271481912838,0.0155033079936057));
#4091=CARTESIAN_POINT('Ctrl Pts',(314.55,285.23723409694,0.00775785868100302));
#4092=CARTESIAN_POINT('Ctrl Pts',(314.55,285.20293170755,-6.3948846218409E-14));
#4093=CARTESIAN_POINT('',(313.35,287.,0.));
#4094=CARTESIAN_POINT('Ctrl Pts',(313.35,287.53420340453,0.595505434558135));
#4095=CARTESIAN_POINT('Ctrl Pts',(313.420454258581,287.511872133515,0.61553789826306));
#4096=CARTESIAN_POINT('Ctrl Pts',(313.490470295192,287.487196100714,0.632678214373892));
#4097=CARTESIAN_POINT('Ctrl Pts',(313.55988023145,287.46018284087,0.647071220238679));
#4098=CARTESIAN_POINT('Ctrl Pts',(313.63004793955,287.432874668096,0.661621359435739));
#4099=CARTESIAN_POINT('Ctrl Pts',(313.69959757465,287.403177978021,0.673363897619043));
#4100=CARTESIAN_POINT('Ctrl Pts',(313.768365355739,287.371065145572,0.682408995169411));
#4101=CARTESIAN_POINT('Ctrl Pts',(313.836737061682,287.339137270301,0.691401996545175));
#4102=CARTESIAN_POINT('Ctrl Pts',(313.904337178528,287.304820789349,0.69772830028733));
#4103=CARTESIAN_POINT('Ctrl Pts',(313.970994563352,287.268055353664,0.701459166048551));
#4104=CARTESIAN_POINT('Ctrl Pts',(314.019629200872,287.241230514338,0.704181284601691));
#4105=CARTESIAN_POINT('Ctrl Pts',(314.067761833962,287.213101257743,0.705520922937328));
#4106=CARTESIAN_POINT('Ctrl Pts',(314.115316714751,287.183634151671,0.705494620585689));
#4107=CARTESIAN_POINT('Ctrl Pts',(314.17044088407,287.149476779863,0.705464131700818));
#4108=CARTESIAN_POINT('Ctrl Pts',(314.224217205573,287.113877270715,0.703601210498447));
#4109=CARTESIAN_POINT('Ctrl Pts',(314.276642193277,287.076823817983,0.700019166557482));
#4110=CARTESIAN_POINT('Ctrl Pts',(314.329517275381,287.039452243067,0.696406369000986));
#4111=CARTESIAN_POINT('Ctrl Pts',(314.381018604383,287.000601406668,0.691044529747556));
#4112=CARTESIAN_POINT('Ctrl Pts',(314.431125121876,286.960226101028,0.684013009388444));
#4113=CARTESIAN_POINT('Ctrl Pts',(314.440899653154,286.952349886365,0.682641335220754));
#4114=CARTESIAN_POINT('Ctrl Pts',(314.450621029652,286.944415565861,0.681206018577113));
#4115=CARTESIAN_POINT('Ctrl Pts',(314.46028897444,286.936422672254,0.679707501811798));
#4116=CARTESIAN_POINT('Ctrl Pts',(314.501653662761,286.902224757383,0.673296037917323));
#4117=CARTESIAN_POINT('Ctrl Pts',(314.542191030247,286.866824379038,0.665702093700061));
#4118=CARTESIAN_POINT('Ctrl Pts',(314.581652015063,286.830353419952,0.656983538341784));
#4119=CARTESIAN_POINT('Ctrl Pts',(314.621074698188,286.793917860372,0.648273445403127));
#4120=CARTESIAN_POINT('Ctrl Pts',(314.659422606628,286.756414004657,0.638441154561409));
#4121=CARTESIAN_POINT('Ctrl Pts',(314.696476533958,286.718002143973,0.627576462750994));
#4122=CARTESIAN_POINT('Ctrl Pts',(314.71950008138,286.694134841375,0.620825660200661));
#4123=CARTESIAN_POINT('Ctrl Pts',(314.742024658095,286.669917538534,0.613676895152334));
#4124=CARTESIAN_POINT('Ctrl Pts',(314.764004520527,286.645393689309,0.606157284467997));
#4125=CARTESIAN_POINT('Ctrl Pts',(314.806348871524,286.598148330857,0.591670704529197));
#4126=CARTESIAN_POINT('Ctrl Pts',(314.846583759595,286.549870635179,0.575843892338423));
#4127=CARTESIAN_POINT('Ctrl Pts',(314.884723609365,286.500538869562,0.558780490559329));
#4128=CARTESIAN_POINT('Ctrl Pts',(314.923058566273,286.450954743759,0.54162979972423));
#4129=CARTESIAN_POINT('Ctrl Pts',(314.9592776533,286.400305263411,0.523229308292083));
#4130=CARTESIAN_POINT('Ctrl Pts',(314.993358601503,286.348543704765,0.503656772492889));
#4131=CARTESIAN_POINT('Ctrl Pts',(314.999650437504,286.338987772336,0.500043399278103));
#4132=CARTESIAN_POINT('Ctrl Pts',(315.005869284162,286.329393881775,0.496390017743787));
#4133=CARTESIAN_POINT('Ctrl Pts',(315.012014837976,286.319761668456,0.492697038401012));
#4134=CARTESIAN_POINT('Ctrl Pts',(315.03771343588,286.279483056552,0.477254265614613));
#4135=CARTESIAN_POINT('Ctrl Pts',(315.062217216009,286.238389974532,0.46106371398912));
#4136=CARTESIAN_POINT('Ctrl Pts',(315.085353009622,286.196674631343,0.444237648095445));
#4137=CARTESIAN_POINT('Ctrl Pts',(315.10847619312,286.154982025012,0.427420753212834));
#4138=CARTESIAN_POINT('Ctrl Pts',(315.130232569202,286.112668139403,0.409969375254139));
#4139=CARTESIAN_POINT('Ctrl Pts',(315.150493108587,286.069943669598,0.39201655297861));
#4140=CARTESIAN_POINT('Ctrl Pts',(315.167192528663,286.034728720219,0.377219231197374));
#4141=CARTESIAN_POINT('Ctrl Pts',(315.182876489968,285.999235269322,0.362081730795435));
#4142=CARTESIAN_POINT('Ctrl Pts',(315.197497067015,285.963588560953,0.346686645639167));
#4143=CARTESIAN_POINT('Ctrl Pts',(315.220464426438,285.907591402927,0.32250261699374));
#4144=CARTESIAN_POINT('Ctrl Pts',(315.240851674037,285.851131136623,0.297649052883821));
#4145=CARTESIAN_POINT('Ctrl Pts',(315.258681619996,285.794175186088,0.272218619369646));
#4146=CARTESIAN_POINT('Ctrl Pts',(315.276538556908,285.737133015698,0.24674968929296));
#4147=CARTESIAN_POINT('Ctrl Pts',(315.291830748261,285.679593045045,0.220701457320989));
#4148=CARTESIAN_POINT('Ctrl Pts',(315.304532176364,285.621511051147,0.194154192576725));
#4149=CARTESIAN_POINT('Ctrl Pts',(315.306816862447,285.611063476113,0.189378968419433));
#4150=CARTESIAN_POINT('Ctrl Pts',(315.309017589132,285.600598347844,0.184587580191094));
#4151=CARTESIAN_POINT('Ctrl Pts',(315.311134026733,285.590115393702,0.179780478045458));
#4152=CARTESIAN_POINT('Ctrl Pts',(315.321656959041,285.537994123155,0.155879555833136));
#4153=CARTESIAN_POINT('Ctrl Pts',(315.330111487128,285.485333248176,0.131546029433019));
#4154=CARTESIAN_POINT('Ctrl Pts',(315.336402966746,285.432357743966,0.106955477564604));
#4155=CARTESIAN_POINT('Ctrl Pts',(315.342685997468,285.379453381132,0.082397948613733));
#4156=CARTESIAN_POINT('Ctrl Pts',(315.346811644478,285.326235612986,0.0575845070486127));
#4157=CARTESIAN_POINT('Ctrl Pts',(315.348736288338,285.272936316307,0.0326987277594455));
#4158=CARTESIAN_POINT('Ctrl Pts',(315.349578587891,285.249610456013,0.0218077358110427));
#4159=CARTESIAN_POINT('Ctrl Pts',(315.35,285.226269047348,0.0109029634343681));
#4160=CARTESIAN_POINT('Ctrl Pts',(315.35,285.20293170755,-1.4210854715202E-14));
#4161=CARTESIAN_POINT('Ctrl Pts',(315.357997611656,218.93749921478,59.4398559180298));
#4162=CARTESIAN_POINT('Ctrl Pts',(315.358407200961,219.080386539415,59.6662266701826));
#4163=CARTESIAN_POINT('Ctrl Pts',(315.306129700035,219.223205709443,59.8924977013888));
#4164=CARTESIAN_POINT('Ctrl Pts',(315.104563067816,219.481600435984,60.3144326839591));
#4165=CARTESIAN_POINT('Ctrl Pts',(314.955731019536,219.59712720289,60.5100304433496));
#4166=CARTESIAN_POINT('Ctrl Pts',(314.58400981371,219.778924113522,60.8463169395701));
#4167=CARTESIAN_POINT('Ctrl Pts',(314.361266912585,219.845096593901,60.986896805783));
#4168=CARTESIAN_POINT('Ctrl Pts',(313.874642015358,219.913142450871,61.1966396058816));
#4169=CARTESIAN_POINT('Ctrl Pts',(313.610841870823,219.914716475461,61.2654570323358));
#4170=CARTESIAN_POINT('Ctrl Pts',(313.346921985303,219.881096668384,61.2950657360239));
#4171=CARTESIAN_POINT('Ctrl Pts',(315.349997621172,218.937507403525,59.4398650465333));
#4172=CARTESIAN_POINT('Ctrl Pts',(315.350405578646,219.079692596075,59.665453088364));
#4173=CARTESIAN_POINT('Ctrl Pts',(315.298336354617,219.221809964669,59.8909417891809));
#4174=CARTESIAN_POINT('Ctrl Pts',(315.097572776709,219.478910086245,60.3114336055615));
#4175=CARTESIAN_POINT('Ctrl Pts',(314.949333684797,219.593844273389,60.5063707842342));
#4176=CARTESIAN_POINT('Ctrl Pts',(314.57909343995,219.774652266025,60.8415548800652));
#4177=CARTESIAN_POINT('Ctrl Pts',(314.357237960742,219.840428797266,60.9816933603539));
#4178=CARTESIAN_POINT('Ctrl Pts',(313.872551808126,219.907938411302,61.190838381444));
#4179=CARTESIAN_POINT('Ctrl Pts',(313.609802646984,219.909373355306,61.2595007728821));
#4180=CARTESIAN_POINT('Ctrl Pts',(313.346934248465,219.875754640726,61.2891106887319));
#4181=CARTESIAN_POINT('Ctrl Pts',(314.549998572703,218.938326278059,59.4407778968756));
#4182=CARTESIAN_POINT('Ctrl Pts',(314.550243347188,219.010298262101,59.588094906503));
#4183=CARTESIAN_POINT('Ctrl Pts',(314.51900181277,219.082235487197,59.7353505683925));
#4184=CARTESIAN_POINT('Ctrl Pts',(314.398543666025,219.209875112345,60.0115257658041));
#4185=CARTESIAN_POINT('Ctrl Pts',(314.309600210878,219.265551323336,60.1404048726993));
#4186=CARTESIAN_POINT('Ctrl Pts',(314.08745606397,219.347467516326,60.3653489295811));
#4187=CARTESIAN_POINT('Ctrl Pts',(313.954342776445,219.373649133775,60.4613488174459));
#4188=CARTESIAN_POINT('Ctrl Pts',(313.663531084876,219.387534454399,60.6107159376832));
#4189=CARTESIAN_POINT('Ctrl Pts',(313.505880263022,219.375061339854,60.6638748275138));
#4190=CARTESIAN_POINT('Ctrl Pts',(313.348160564594,219.341551874865,60.6936059595336));
#4191=CARTESIAN_POINT('Ctrl Pts',(314.541918582313,218.938334548692,59.4407871166641));
#4192=CARTESIAN_POINT('Ctrl Pts',(314.54216170865,219.009597379328,59.5873135888662));
#4193=CARTESIAN_POINT('Ctrl Pts',(314.511130533897,219.080825784974,59.7337790970625));
#4194=CARTESIAN_POINT('Ctrl Pts',(314.391483472007,219.207157859108,60.0084966966225));
#4195=CARTESIAN_POINT('Ctrl Pts',(314.303138902791,219.26223556454,60.1367086169928));
#4196=CARTESIAN_POINT('Ctrl Pts',(314.082490526473,219.343152950354,60.3605392494812));
#4197=CARTESIAN_POINT('Ctrl Pts',(313.950273535084,219.368934659174,60.4560933375626));
#4198=CARTESIAN_POINT('Ctrl Pts',(313.661419975571,219.382278374434,60.6048567010012));
#4199=CARTESIAN_POINT('Ctrl Pts',(313.504830646944,219.369664788498,60.6578590054656));
#4200=CARTESIAN_POINT('Ctrl Pts',(313.348172950387,219.33615642693,60.6875913617687));
#4201=CARTESIAN_POINT('',(314.55,218.93916566445,59.4424960092517));
#4202=CARTESIAN_POINT('Ctrl Pts',(314.55,218.93916566445,59.4424960092517));
#4203=CARTESIAN_POINT('Ctrl Pts',(314.55,218.962363790396,59.4899795261907));
#4204=CARTESIAN_POINT('Ctrl Pts',(314.546765220004,218.985561768849,59.5374628787118));
#4205=CARTESIAN_POINT('Ctrl Pts',(314.540321721267,219.008486110018,59.5846411929491));
#4206=CARTESIAN_POINT('Ctrl Pts',(314.533878463663,219.031409593299,59.6318177416531));
#4207=CARTESIAN_POINT('Ctrl Pts',(314.524226783777,219.054059167237,59.6786889487931));
#4208=CARTESIAN_POINT('Ctrl Pts',(314.511444435312,219.076165783632,59.7249548917879));
#4209=CARTESIAN_POINT('Ctrl Pts',(314.498662524828,219.098271642555,59.7712192495024));
#4210=CARTESIAN_POINT('Ctrl Pts',(314.482750271636,219.119834295773,59.8168780664319));
#4211=CARTESIAN_POINT('Ctrl Pts',(314.463835855701,219.140593472058,59.8616412041561));
#4212=CARTESIAN_POINT('Ctrl Pts',(314.444922028142,219.16135200258,59.9064029494205));
#4213=CARTESIAN_POINT('Ctrl Pts',(314.423006389164,219.181306832547,59.9502687661959));
#4214=CARTESIAN_POINT('Ctrl Pts',(314.398265467601,219.200210660469,59.9929629741355));
#4215=CARTESIAN_POINT('Ctrl Pts',(314.372409154841,219.219966726786,60.0375819585476));
#4216=CARTESIAN_POINT('Ctrl Pts',(314.343466943906,219.238574447654,60.0809208201634));
#4217=CARTESIAN_POINT('Ctrl Pts',(314.311693399341,219.255771368108,60.1226869862375));
#4218=CARTESIAN_POINT('Ctrl Pts',(314.281284438844,219.272229729363,60.1626594133519));
#4219=CARTESIAN_POINT('Ctrl Pts',(314.248282719765,219.287395773561,60.2011912247303));
#4220=CARTESIAN_POINT('Ctrl Pts',(314.212954174301,219.301060672164,60.2380496279056));
#4221=CARTESIAN_POINT('Ctrl Pts',(314.177628668102,219.314724395196,60.2749048602035));
#4222=CARTESIAN_POINT('Ctrl Pts',(314.139977043407,219.32688701908,60.3100867360754));
#4223=CARTESIAN_POINT('Ctrl Pts',(314.100302649888,219.337363956376,60.3433894859141));
#4224=CARTESIAN_POINT('Ctrl Pts',(314.060631168135,219.347840124753,60.3766897916117));
#4225=CARTESIAN_POINT('Ctrl Pts',(314.018937559541,219.356630669891,60.4081110418959));
#4226=CARTESIAN_POINT('Ctrl Pts',(313.975557689841,219.363578201745,60.4374777855671));
#4227=CARTESIAN_POINT('Ctrl Pts',(313.932180455967,219.370525311455,60.4668427448711));
#4228=CARTESIAN_POINT('Ctrl Pts',(313.88711754296,219.375629478448,60.4941532762273));
#4229=CARTESIAN_POINT('Ctrl Pts',(313.840731914215,219.378763029289,60.5192670551517));
#4230=CARTESIAN_POINT('Ctrl Pts',(313.794338867856,219.381897081222,60.544384850068));
#4231=CARTESIAN_POINT('Ctrl Pts',(313.746623085227,219.383059765233,60.5673050545137));
#4232=CARTESIAN_POINT('Ctrl Pts',(313.697969020138,219.382155110471,60.5879206845905));
#4233=CARTESIAN_POINT('Ctrl Pts',(313.649321869364,219.381250584272,60.6085333849431));
#4234=CARTESIAN_POINT('Ctrl Pts',(313.599737125793,219.378279222121,60.6268420714481));
#4235=CARTESIAN_POINT('Ctrl Pts',(313.549614188485,219.37317839192,60.6427769247162));
#4236=CARTESIAN_POINT('Ctrl Pts',(313.499489279899,219.368077361109,60.6587124046838));
#4237=CARTESIAN_POINT('Ctrl Pts',(313.448826570618,219.360846645469,60.6722738097615));
#4238=CARTESIAN_POINT('Ctrl Pts',(313.398034174605,219.351457915849,60.6834295599088));
#4239=CARTESIAN_POINT('Ctrl Pts',(313.382031340129,219.348499869018,60.6869443305652));
#4240=CARTESIAN_POINT('Ctrl Pts',(313.366015670408,219.34532786506,60.6902205916377));
#4241=CARTESIAN_POINT('Ctrl Pts',(313.35,219.341941732378,60.6932581518375));
#4242=CARTESIAN_POINT('',(315.35,218.93916566445,59.4424960092516));
#4243=CARTESIAN_POINT('',(314.55,218.93916566445,59.4424960092515));
#4244=CARTESIAN_POINT('Ctrl Pts',(315.35,218.93916566445,59.4424960092515));
#4245=CARTESIAN_POINT('Ctrl Pts',(315.35,218.979500297426,59.5064901364378));
#4246=CARTESIAN_POINT('Ctrl Pts',(315.345825178666,219.01983480057,59.5704841188928));
#4247=CARTESIAN_POINT('Ctrl Pts',(315.337501603582,219.059858259563,59.6341313636066));
#4248=CARTESIAN_POINT('Ctrl Pts',(315.32917830403,219.099880393674,59.6977765014272));
#4249=CARTESIAN_POINT('Ctrl Pts',(315.316706569079,219.139591246235,59.7610746368656));
#4250=CARTESIAN_POINT('Ctrl Pts',(315.300164267091,219.178683819248,59.8236835426426));
#4251=CARTESIAN_POINT('Ctrl Pts',(315.283622472231,219.217775193823,59.886290529057));
#4252=CARTESIAN_POINT('Ctrl Pts',(315.263010446411,219.256248073671,59.9482080459391));
#4253=CARTESIAN_POINT('Ctrl Pts',(315.238456874736,219.293803210307,60.0091025048133));
#4254=CARTESIAN_POINT('Ctrl Pts',(315.213903995733,219.331357287487,60.0699952458146));
#4255=CARTESIAN_POINT('Ctrl Pts',(315.185409921485,219.367993428206,60.1298647133849));
#4256=CARTESIAN_POINT('Ctrl Pts',(315.153152536321,219.403423868992,60.1883901220121));
#4257=CARTESIAN_POINT('Ctrl Pts',(315.120895982284,219.438853396896,60.2469140227054));
#4258=CARTESIAN_POINT('Ctrl Pts',(315.084876479595,219.473077053081,60.3040936729581));
#4259=CARTESIAN_POINT('Ctrl Pts',(315.045318881164,219.505822150408,60.3596250936643));
#4260=CARTESIAN_POINT('Ctrl Pts',(315.005762205245,219.538566484097,60.4151552193377));
#4261=CARTESIAN_POINT('Ctrl Pts',(314.962667804947,219.569832108,60.4690369472181));
#4262=CARTESIAN_POINT('Ctrl Pts',(314.916304685932,219.599364813803,60.5209868975442));
#4263=CARTESIAN_POINT('Ctrl Pts',(314.869681994241,219.629062864036,60.5732276994764));
#4264=CARTESIAN_POINT('Ctrl Pts',(314.819754088162,219.657008310043,60.623514778665));
#4265=CARTESIAN_POINT('Ctrl Pts',(314.766836122695,219.682964717855,60.6715845693749));
#4266=CARTESIAN_POINT('Ctrl Pts',(314.714205295462,219.708780283573,60.7193935285372));
#4267=CARTESIAN_POINT('Ctrl Pts',(314.658617079868,219.73262817488,60.765009014585));
#4268=CARTESIAN_POINT('Ctrl Pts',(314.600418569508,219.754300419316,60.8081991893676));
#4269=CARTESIAN_POINT('Ctrl Pts',(314.542223779277,219.775971278432,60.8513866033745));
#4270=CARTESIAN_POINT('Ctrl Pts',(314.481419331747,219.79546660679,60.8921488355516));
#4271=CARTESIAN_POINT('Ctrl Pts',(314.418384842293,219.812605636237,60.9302843738621));
#4272=CARTESIAN_POINT('Ctrl Pts',(314.355353765413,219.829743737808,60.9684178475823));
#4273=CARTESIAN_POINT('Ctrl Pts',(314.290093216879,219.844525657218,61.0039247575817));
#4274=CARTESIAN_POINT('Ctrl Pts',(314.223010588438,219.856800072704,61.0366364173058));
#4275=CARTESIAN_POINT('Ctrl Pts',(314.15527644145,219.86919369952,61.0696657785494));
#4276=CARTESIAN_POINT('Ctrl Pts',(314.085684974017,219.879030710213,61.0998451414928));
#4277=CARTESIAN_POINT('Ctrl Pts',(314.014679077099,219.886187720603,61.1270369631139));
#4278=CARTESIAN_POINT('Ctrl Pts',(313.944352281007,219.893276281303,61.1539687219895));
#4279=CARTESIAN_POINT('Ctrl Pts',(313.872638381248,219.897735825101,61.1779697734996));
#4280=CARTESIAN_POINT('Ctrl Pts',(313.799985104302,219.899479455249,61.1989432491383));
#4281=CARTESIAN_POINT('Ctrl Pts',(313.726279478114,219.901248341077,61.220220515908));
#4282=CARTESIAN_POINT('Ctrl Pts',(313.651607433883,219.900221919781,61.2383817026048));
#4283=CARTESIAN_POINT('Ctrl Pts',(313.576448743292,219.896345131263,61.2533654307588));
#4284=CARTESIAN_POINT('Ctrl Pts',(313.5012900527,219.892468342744,61.2683491589128));
#4285=CARTESIAN_POINT('Ctrl Pts',(313.42564513078,219.885741155422,61.2801553933178));
#4286=CARTESIAN_POINT('Ctrl Pts',(313.35,219.876145136908,61.2887635863958));
#4287=CARTESIAN_POINT('Origin',(313.35,218.540636625583,59.8000000000003));
#4288=CARTESIAN_POINT('',(315.35,285.20293170755,1.39984997113636E-13));
#4289=CARTESIAN_POINT('Origin',(313.35,218.540636625583,59.8000000000003));
#4290=CARTESIAN_POINT('',(314.55,285.20293170755,1.37953884427061E-13));
#4291=CARTESIAN_POINT('Origin',(315.350000000001,7.27841071282088E-13,8.11363817166919E-13));
#4292=CARTESIAN_POINT('',(315.35,213.273684046639,44.6424960092537));
#4293=CARTESIAN_POINT('',(315.35,184.402829050593,-30.7771563285277));
#4294=CARTESIAN_POINT('',(315.35,263.039089434002,1.52866491451073E-12));
#4295=CARTESIAN_POINT('',(315.35,263.039089434002,1.52866491451073E-12));
#4296=CARTESIAN_POINT('',(315.35,287.,2.98638312667716E-14));
#4297=CARTESIAN_POINT('Origin',(314.550000000001,7.25949841947974E-13,8.09255561515776E-13));
#4298=CARTESIAN_POINT('',(314.55,263.039089434002,1.52655665885959E-12));
#4299=CARTESIAN_POINT('',(314.55,213.273684046639,44.6424960092537));
#4300=CARTESIAN_POINT('',(314.55,117.288010998673,130.747290949341));
#4301=CARTESIAN_POINT('',(314.550000000001,171.110257362795,-65.5014876829721));
#4302=CARTESIAN_POINT('',(314.550000000001,7.25949841949048E-13,1.79801580816135E-11));
#4303=CARTESIAN_POINT('Origin',(315.35,263.039089434002,1.52866491451073E-12));
#4304=CARTESIAN_POINT('',(315.35,213.273684046639,44.6424960092537));
#4305=CARTESIAN_POINT('',(315.35,263.039089434002,1.52866491451073E-12));
#4306=CARTESIAN_POINT('Origin',(315.35,287.,2.98638312667719E-14));
#4307=CARTESIAN_POINT('Origin',(315.35,184.402829050593,-30.7771563285277));
#4308=CARTESIAN_POINT('Origin',(-108.5,-83.5,-0.133261017234487));
#4309=CARTESIAN_POINT('',(-112.5,-83.5,-0.133261017234487));
#4310=CARTESIAN_POINT('',(-108.5,-87.5,-0.133261017234487));
#4311=CARTESIAN_POINT('Origin',(-112.5,83.5,-0.133261017234487));
#4312=CARTESIAN_POINT('',(-112.5,83.5,-0.133261017234487));
#4313=CARTESIAN_POINT('Origin',(-108.5,83.5,-0.133261017234487));
#4314=CARTESIAN_POINT('',(-108.5,87.5,-0.133261017234487));
#4315=CARTESIAN_POINT('Origin',(-108.5,87.5,-0.133261017234487));
#4316=CARTESIAN_POINT('',(108.5,87.5,-0.133261017234487));
#4317=CARTESIAN_POINT('Origin',(108.5,83.5,-0.133261017234487));
#4318=CARTESIAN_POINT('',(112.5,83.5,-0.133261017234487));
#4319=CARTESIAN_POINT('Origin',(112.5,83.5,-0.133261017234487));
#4320=CARTESIAN_POINT('',(112.5,-83.5,-0.133261017234487));
#4321=CARTESIAN_POINT('Origin',(108.5,-83.5,-0.133261017234487));
#4322=CARTESIAN_POINT('',(108.5,-87.5,-0.133261017234487));
#4323=CARTESIAN_POINT('Origin',(-108.5,-87.5,-0.133261017234487));
#4324=CARTESIAN_POINT('Origin',(-313.35,-282.993474466024,2.38503210577916));
#4325=CARTESIAN_POINT('',(-313.35,-286.933224574434,-0.074438179319538));
#4326=CARTESIAN_POINT('',(-313.35,-286.399021169904,-0.669943613877748));
#4327=CARTESIAN_POINT('',(-313.35,-286.399021169904,-0.669943613877748));
#4328=CARTESIAN_POINT('',(-313.35,-280.122131166674,6.03551325999427));
#4329=CARTESIAN_POINT('',(-313.35,-283.527677870554,2.98053754033741));
#4330=CARTESIAN_POINT('',(-313.35,-279.587927762144,5.44000782543606));
#4331=CARTESIAN_POINT('',(-313.35,-279.587927762144,5.44000782543606));
#4332=CARTESIAN_POINT('',(-313.35,-282.993474466024,2.38503210577916));
#4333=CARTESIAN_POINT('Origin',(2.20899215756966E-13,-279.587927762144,
5.44000782543609));
#4334=CARTESIAN_POINT('',(313.35,-280.122131166674,6.03551325999435));
#4335=CARTESIAN_POINT('',(2.21471910340999E-13,-280.122131166674,6.03551325999435));
#4336=CARTESIAN_POINT('',(313.35,-279.587927762144,5.44000782543612));
#4337=CARTESIAN_POINT('',(313.35,-279.587927762144,5.44000782543612));
#4338=CARTESIAN_POINT('',(2.20899215756966E-13,-279.587927762144,5.44000782543609));
#4339=CARTESIAN_POINT('Origin',(313.35,-282.993474466024,2.38503210577921));
#4340=CARTESIAN_POINT('',(313.35,-286.933224574434,-0.074438179319459));
#4341=CARTESIAN_POINT('',(313.35,-283.527677870554,2.98053754033741));
#4342=CARTESIAN_POINT('',(313.35,-286.399021169904,-0.669943613877619));
#4343=CARTESIAN_POINT('',(313.35,-286.399021169904,-0.669943613877696));
#4344=CARTESIAN_POINT('',(313.35,-282.993474466024,2.38503210577921));
#4345=CARTESIAN_POINT('Origin',(2.21471910340999E-13,-282.993474466024,
2.38503210577918));
#4346=CARTESIAN_POINT('',(2.22044604925031E-13,-286.399021169904,-0.669943613877722));
#4347=CARTESIAN_POINT('Origin',(2.21471910340999E-13,-283.527677870554,
2.98053754033741));
#4348=CARTESIAN_POINT('',(2.21471910340999E-13,-286.933224574434,-0.074438179319538));
#4349=CARTESIAN_POINT('Origin',(313.35,-286.966612287217,-0.0372190896596206));
#4350=CARTESIAN_POINT('Origin',(313.35,-286.966612287217,-0.0372190896596206));
#4351=CARTESIAN_POINT('Origin',(313.35,-286.966612287217,-0.0372190896596206));
#4352=CARTESIAN_POINT('Origin',(-313.35,-286.966612287217,-0.0372190896596206));
#4353=CARTESIAN_POINT('Origin',(-313.35,-286.966612287217,-0.0372190896596206));
#4354=CARTESIAN_POINT('Origin',(-313.35,-286.966612287217,-0.0372190896596206));
#4355=CARTESIAN_POINT('Origin',(-313.35,-286.966612287217,-0.0372190896596206));
#4356=CARTESIAN_POINT('Origin',(-313.35,-286.966612287217,-0.0372190896596206));
#4357=CARTESIAN_POINT('Origin',(313.35,282.993474466024,2.38503210577881));
#4358=CARTESIAN_POINT('',(313.35,286.933224574434,-0.0744381793198593));
#4359=CARTESIAN_POINT('',(313.35,286.399021169903,-0.669943613878096));
#4360=CARTESIAN_POINT('',(313.35,286.399021169903,-0.669943613878096));
#4361=CARTESIAN_POINT('',(313.35,280.122131166674,6.03551325999395));
#4362=CARTESIAN_POINT('',(313.35,283.527677870554,2.98053754033705));
#4363=CARTESIAN_POINT('',(313.35,279.587927762144,5.44000782543572));
#4364=CARTESIAN_POINT('',(313.35,279.587927762144,5.44000782543572));
#4365=CARTESIAN_POINT('',(313.35,282.993474466024,2.38503210577881));
#4366=CARTESIAN_POINT('Origin',(2.23009299579285E-13,279.587927762144,5.44000782543574));
#4367=CARTESIAN_POINT('',(-313.35,280.122131166674,6.03551325999397));
#4368=CARTESIAN_POINT('',(2.22526952252158E-13,280.122131166674,6.03551325999397));
#4369=CARTESIAN_POINT('',(-313.35,279.587927762144,5.44000782543576));
#4370=CARTESIAN_POINT('',(-313.35,279.587927762144,5.44000782543576));
#4371=CARTESIAN_POINT('',(2.23009299579285E-13,279.587927762144,5.44000782543574));
#4372=CARTESIAN_POINT('Origin',(-313.35,282.993474466024,2.38503210577885));
#4373=CARTESIAN_POINT('',(-313.35,286.933224574434,-0.0744381793198398));
#4374=CARTESIAN_POINT('',(-313.35,283.527677870554,2.98053754033705));
#4375=CARTESIAN_POINT('',(-313.35,286.399021169904,-0.66994361387822));
#4376=CARTESIAN_POINT('',(-313.35,286.399021169903,-0.669943613878051));
#4377=CARTESIAN_POINT('',(-313.35,282.993474466024,2.38503210577885));
#4378=CARTESIAN_POINT('Origin',(2.22526952252158E-13,282.993474466024,2.38503210577883));
#4379=CARTESIAN_POINT('',(2.22044604925031E-13,286.399021169903,-0.669943613878073));
#4380=CARTESIAN_POINT('Origin',(2.22526952252158E-13,283.527677870554,2.98053754033705));
#4381=CARTESIAN_POINT('',(2.22526952252158E-13,286.933224574434,-0.0744381793198593));
#4382=CARTESIAN_POINT('Origin',(-313.35,286.966612287217,-0.0372190896600047));
#4383=CARTESIAN_POINT('Origin',(-313.35,286.966612287217,-0.0372190896600047));
#4384=CARTESIAN_POINT('Origin',(-313.35,286.966612287217,-0.0372190896600047));
#4385=CARTESIAN_POINT('Origin',(313.35,286.966612287217,-0.0372190896600047));
#4386=CARTESIAN_POINT('Origin',(313.35,286.966612287217,-0.0372190896600047));
#4387=CARTESIAN_POINT('Origin',(313.35,286.966612287217,-0.0372190896600047));
#4388=CARTESIAN_POINT('Origin',(313.35,286.966612287217,-0.0372190896600047));
#4389=CARTESIAN_POINT('Origin',(313.35,286.966612287217,-0.0372190896600047));
#4390=UNCERTAINTY_MEASURE_WITH_UNIT(LENGTH_MEASURE(0.01),#4394,
'DISTANCE_ACCURACY_VALUE',
'Maximum model space distance between geometric entities at asserted c
onnectivities');
#4391=UNCERTAINTY_MEASURE_WITH_UNIT(LENGTH_MEASURE(0.01),#4394,
'DISTANCE_ACCURACY_VALUE',
'Maximum model space distance between geometric entities at asserted c
onnectivities');
#4392=(
GEOMETRIC_REPRESENTATION_CONTEXT(3)
GLOBAL_UNCERTAINTY_ASSIGNED_CONTEXT((#4390))
GLOBAL_UNIT_ASSIGNED_CONTEXT((#4394,#4396,#4397))
REPRESENTATION_CONTEXT('','3D')
);
#4393=(
GEOMETRIC_REPRESENTATION_CONTEXT(3)
GLOBAL_UNCERTAINTY_ASSIGNED_CONTEXT((#4391))
GLOBAL_UNIT_ASSIGNED_CONTEXT((#4394,#4396,#4397))
REPRESENTATION_CONTEXT('','3D')
);
#4394=(
LENGTH_UNIT()
NAMED_UNIT(*)
SI_UNIT(.MILLI.,.METRE.)
);
#4395=(
LENGTH_UNIT()
NAMED_UNIT(*)
SI_UNIT($,.METRE.)
);
#4396=(
NAMED_UNIT(*)
PLANE_ANGLE_UNIT()
SI_UNIT($,.RADIAN.)
);
#4397=(
NAMED_UNIT(*)
SI_UNIT($,.STERADIAN.)
SOLID_ANGLE_UNIT()
);
#4398=SHAPE_DEFINITION_REPRESENTATION(#4399,#4400);
#4399=PRODUCT_DEFINITION_SHAPE('',$,#4402);
#4400=SHAPE_REPRESENTATION('',(#1766),#4392);
#4401=PRODUCT_DEFINITION_CONTEXT('part definition',#4406,'design');
#4402=PRODUCT_DEFINITION('MMP.01.00.00.001 Cover','Cover v1',#4403,#4401);
#4403=PRODUCT_DEFINITION_FORMATION('',$,#4408);
#4404=PRODUCT_RELATED_PRODUCT_CATEGORY('Cover v1','Cover v1',(#4408));
#4405=APPLICATION_PROTOCOL_DEFINITION('international standard',
'automotive_design',2009,#4406);
#4406=APPLICATION_CONTEXT(
'Core Data for Automotive Mechanical Design Process');
#4407=PRODUCT_CONTEXT('part definition',#4406,'mechanical');
#4408=PRODUCT('MMP.01.00.00.001 Cover','Cover v1','STEP AP203',(#4407));
#4409=PRESENTATION_STYLE_ASSIGNMENT((#4410));
#4410=SURFACE_STYLE_USAGE(.BOTH.,#4411);
#4411=SURFACE_SIDE_STYLE('',(#4412));
#4412=SURFACE_STYLE_FILL_AREA(#4413);
#4413=FILL_AREA_STYLE('Steel - Satin',(#4414));
#4414=FILL_AREA_STYLE_COLOUR('Steel - Satin',#4415);
#4415=COLOUR_RGB('Steel - Satin',0.627450980392157,0.627450980392157,0.627450980392157);
ENDSEC;
END-ISO-10303-21;
