ISO-10303-21;
HEADER;
/* Generated by software containing ST-Developer
 * from STEP Tools, Inc. (www.steptools.com) 
 */

FILE_DESCRIPTION(
/* description */ ('STEP AP203'),
/* implementation_level */ '2;1');

FILE_NAME(
/* name */ 'Lidar support.step',
/* time_stamp */ '2026-07-23T10:32:20+08:00',
/* author */ (''),
/* organization */ (''),
/* preprocessor_version */ 'ST-DEVELOPER v20.1',
/* originating_system */ 'Autodesk Translation Framework v15.8.0.0',
/* authorisation */ '');

FILE_SCHEMA (('AUTOMOTIVE_DESIGN { 1 0 10303 214 3 1 1 }'));
ENDSEC;

DATA;
#10=MECHANICAL_DESIGN_GEOMETRIC_PRESENTATION_REPRESENTATION('',(#13),#2973);
#11=SHAPE_REPRESENTATION_RELATIONSHIP('SRR','None',#2980,#12);
#12=ADVANCED_BREP_SHAPE_REPRESENTATION('',(#14),#2972);
#13=STYLED_ITEM('',(#2989),#14);
#14=MANIFOLD_SOLID_BREP('Body1',#1745);
#15=FACE_BOUND('',#222,.T.);
#16=FACE_BOUND('',#223,.T.);
#17=FACE_BOUND('',#224,.T.);
#18=FACE_BOUND('',#225,.T.);
#19=FACE_BOUND('',#226,.T.);
#20=FACE_BOUND('',#230,.T.);
#21=FACE_BOUND('',#231,.T.);
#22=FACE_BOUND('',#234,.T.);
#23=FACE_BOUND('',#235,.T.);
#24=FACE_BOUND('',#238,.T.);
#25=FACE_BOUND('',#239,.T.);
#26=FACE_BOUND('',#240,.T.);
#27=FACE_BOUND('',#241,.T.);
#28=FACE_BOUND('',#242,.T.);
#29=FACE_BOUND('',#243,.T.);
#30=FACE_BOUND('',#246,.T.);
#31=FACE_BOUND('',#247,.T.);
#32=FACE_BOUND('',#248,.T.);
#33=FACE_BOUND('',#249,.T.);
#34=FACE_BOUND('',#250,.T.);
#35=FACE_BOUND('',#253,.T.);
#36=FACE_BOUND('',#254,.T.);
#37=FACE_BOUND('',#255,.T.);
#38=FACE_BOUND('',#256,.T.);
#39=FACE_BOUND('',#257,.T.);
#40=FACE_BOUND('',#258,.T.);
#41=FACE_BOUND('',#261,.T.);
#42=FACE_BOUND('',#262,.T.);
#43=FACE_BOUND('',#265,.T.);
#44=FACE_BOUND('',#266,.T.);
#45=FACE_BOUND('',#269,.T.);
#46=FACE_BOUND('',#270,.T.);
#47=FACE_BOUND('',#271,.T.);
#48=FACE_BOUND('',#272,.T.);
#49=FACE_BOUND('',#273,.T.);
#50=FACE_BOUND('',#274,.T.);
#51=FACE_BOUND('',#278,.T.);
#52=FACE_BOUND('',#279,.T.);
#53=FACE_BOUND('',#280,.T.);
#54=FACE_BOUND('',#281,.T.);
#55=FACE_BOUND('',#282,.T.);
#56=FACE_BOUND('',#283,.T.);
#57=PLANE('',#1819);
#58=PLANE('',#1824);
#59=PLANE('',#1825);
#60=PLANE('',#1826);
#61=PLANE('',#1829);
#62=PLANE('',#1830);
#63=PLANE('',#1836);
#64=PLANE('',#1844);
#65=PLANE('',#1852);
#66=PLANE('',#1860);
#67=PLANE('',#1863);
#68=PLANE('',#1864);
#69=PLANE('',#1870);
#70=PLANE('',#1881);
#71=PLANE('',#1889);
#72=PLANE('',#1890);
#73=PLANE('',#1891);
#74=PLANE('',#1892);
#75=PLANE('',#1893);
#76=PLANE('',#1894);
#77=PLANE('',#1895);
#78=PLANE('',#1896);
#79=PLANE('',#1897);
#80=PLANE('',#1898);
#81=PLANE('',#1899);
#82=PLANE('',#1900);
#83=PLANE('',#1901);
#84=PLANE('',#1902);
#85=PLANE('',#1903);
#86=PLANE('',#1904);
#87=PLANE('',#1905);
#88=PLANE('',#1906);
#89=PLANE('',#1907);
#90=PLANE('',#1908);
#91=PLANE('',#1909);
#92=PLANE('',#1910);
#93=PLANE('',#1911);
#94=PLANE('',#1924);
#95=PLANE('',#1927);
#96=PLANE('',#1932);
#97=PLANE('',#1933);
#98=PLANE('',#1934);
#99=PLANE('',#1937);
#100=PLANE('',#1940);
#101=PLANE('',#1942);
#102=PLANE('',#1944);
#103=PLANE('',#1946);
#104=PLANE('',#1948);
#105=FACE_OUTER_BOUND('',#201,.T.);
#106=FACE_OUTER_BOUND('',#202,.T.);
#107=FACE_OUTER_BOUND('',#203,.T.);
#108=FACE_OUTER_BOUND('',#204,.T.);
#109=FACE_OUTER_BOUND('',#205,.T.);
#110=FACE_OUTER_BOUND('',#206,.T.);
#111=FACE_OUTER_BOUND('',#207,.T.);
#112=FACE_OUTER_BOUND('',#208,.T.);
#113=FACE_OUTER_BOUND('',#209,.T.);
#114=FACE_OUTER_BOUND('',#210,.T.);
#115=FACE_OUTER_BOUND('',#211,.T.);
#116=FACE_OUTER_BOUND('',#212,.T.);
#117=FACE_OUTER_BOUND('',#213,.T.);
#118=FACE_OUTER_BOUND('',#214,.T.);
#119=FACE_OUTER_BOUND('',#215,.T.);
#120=FACE_OUTER_BOUND('',#216,.T.);
#121=FACE_OUTER_BOUND('',#217,.T.);
#122=FACE_OUTER_BOUND('',#218,.T.);
#123=FACE_OUTER_BOUND('',#219,.T.);
#124=FACE_OUTER_BOUND('',#220,.T.);
#125=FACE_OUTER_BOUND('',#221,.T.);
#126=FACE_OUTER_BOUND('',#227,.T.);
#127=FACE_OUTER_BOUND('',#228,.T.);
#128=FACE_OUTER_BOUND('',#229,.T.);
#129=FACE_OUTER_BOUND('',#232,.T.);
#130=FACE_OUTER_BOUND('',#233,.T.);
#131=FACE_OUTER_BOUND('',#236,.T.);
#132=FACE_OUTER_BOUND('',#237,.T.);
#133=FACE_OUTER_BOUND('',#244,.T.);
#134=FACE_OUTER_BOUND('',#245,.T.);
#135=FACE_OUTER_BOUND('',#251,.T.);
#136=FACE_OUTER_BOUND('',#252,.T.);
#137=FACE_OUTER_BOUND('',#259,.T.);
#138=FACE_OUTER_BOUND('',#260,.T.);
#139=FACE_OUTER_BOUND('',#263,.T.);
#140=FACE_OUTER_BOUND('',#264,.T.);
#141=FACE_OUTER_BOUND('',#267,.T.);
#142=FACE_OUTER_BOUND('',#268,.T.);
#143=FACE_OUTER_BOUND('',#275,.T.);
#144=FACE_OUTER_BOUND('',#276,.T.);
#145=FACE_OUTER_BOUND('',#277,.T.);
#146=FACE_OUTER_BOUND('',#284,.T.);
#147=FACE_OUTER_BOUND('',#285,.T.);
#148=FACE_OUTER_BOUND('',#286,.T.);
#149=FACE_OUTER_BOUND('',#287,.T.);
#150=FACE_OUTER_BOUND('',#288,.T.);
#151=FACE_OUTER_BOUND('',#289,.T.);
#152=FACE_OUTER_BOUND('',#290,.T.);
#153=FACE_OUTER_BOUND('',#291,.T.);
#154=FACE_OUTER_BOUND('',#292,.T.);
#155=FACE_OUTER_BOUND('',#293,.T.);
#156=FACE_OUTER_BOUND('',#294,.T.);
#157=FACE_OUTER_BOUND('',#295,.T.);
#158=FACE_OUTER_BOUND('',#296,.T.);
#159=FACE_OUTER_BOUND('',#297,.T.);
#160=FACE_OUTER_BOUND('',#298,.T.);
#161=FACE_OUTER_BOUND('',#299,.T.);
#162=FACE_OUTER_BOUND('',#300,.T.);
#163=FACE_OUTER_BOUND('',#301,.T.);
#164=FACE_OUTER_BOUND('',#302,.T.);
#165=FACE_OUTER_BOUND('',#303,.T.);
#166=FACE_OUTER_BOUND('',#304,.T.);
#167=FACE_OUTER_BOUND('',#305,.T.);
#168=FACE_OUTER_BOUND('',#306,.T.);
#169=FACE_OUTER_BOUND('',#307,.T.);
#170=FACE_OUTER_BOUND('',#308,.T.);
#171=FACE_OUTER_BOUND('',#309,.T.);
#172=FACE_OUTER_BOUND('',#310,.T.);
#173=FACE_OUTER_BOUND('',#311,.T.);
#174=FACE_OUTER_BOUND('',#312,.T.);
#175=FACE_OUTER_BOUND('',#313,.T.);
#176=FACE_OUTER_BOUND('',#314,.T.);
#177=FACE_OUTER_BOUND('',#315,.T.);
#178=FACE_OUTER_BOUND('',#316,.T.);
#179=FACE_OUTER_BOUND('',#317,.T.);
#180=FACE_OUTER_BOUND('',#318,.T.);
#181=FACE_OUTER_BOUND('',#319,.T.);
#182=FACE_OUTER_BOUND('',#320,.T.);
#183=FACE_OUTER_BOUND('',#321,.T.);
#184=FACE_OUTER_BOUND('',#322,.T.);
#185=FACE_OUTER_BOUND('',#323,.T.);
#186=FACE_OUTER_BOUND('',#324,.T.);
#187=FACE_OUTER_BOUND('',#325,.T.);
#188=FACE_OUTER_BOUND('',#326,.T.);
#189=FACE_OUTER_BOUND('',#327,.T.);
#190=FACE_OUTER_BOUND('',#328,.T.);
#191=FACE_OUTER_BOUND('',#329,.T.);
#192=FACE_OUTER_BOUND('',#330,.T.);
#193=FACE_OUTER_BOUND('',#331,.T.);
#194=FACE_OUTER_BOUND('',#332,.T.);
#195=FACE_OUTER_BOUND('',#333,.T.);
#196=FACE_OUTER_BOUND('',#334,.T.);
#197=FACE_OUTER_BOUND('',#335,.T.);
#198=FACE_OUTER_BOUND('',#336,.T.);
#199=FACE_OUTER_BOUND('',#337,.T.);
#200=FACE_OUTER_BOUND('',#338,.T.);
#201=EDGE_LOOP('',(#1117,#1118,#1119,#1120));
#202=EDGE_LOOP('',(#1121,#1122,#1123,#1124));
#203=EDGE_LOOP('',(#1125,#1126,#1127,#1128));
#204=EDGE_LOOP('',(#1129,#1130,#1131,#1132));
#205=EDGE_LOOP('',(#1133,#1134,#1135,#1136));
#206=EDGE_LOOP('',(#1137,#1138,#1139,#1140));
#207=EDGE_LOOP('',(#1141,#1142,#1143,#1144));
#208=EDGE_LOOP('',(#1145,#1146,#1147,#1148));
#209=EDGE_LOOP('',(#1149,#1150,#1151,#1152));
#210=EDGE_LOOP('',(#1153,#1154,#1155,#1156));
#211=EDGE_LOOP('',(#1157,#1158,#1159,#1160));
#212=EDGE_LOOP('',(#1161,#1162,#1163,#1164));
#213=EDGE_LOOP('',(#1165,#1166,#1167,#1168));
#214=EDGE_LOOP('',(#1169,#1170,#1171,#1172));
#215=EDGE_LOOP('',(#1173,#1174,#1175,#1176));
#216=EDGE_LOOP('',(#1177,#1178,#1179,#1180));
#217=EDGE_LOOP('',(#1181,#1182,#1183,#1184));
#218=EDGE_LOOP('',(#1185,#1186,#1187,#1188));
#219=EDGE_LOOP('',(#1189,#1190,#1191,#1192));
#220=EDGE_LOOP('',(#1193,#1194,#1195,#1196));
#221=EDGE_LOOP('',(#1197,#1198,#1199,#1200));
#222=EDGE_LOOP('',(#1201));
#223=EDGE_LOOP('',(#1202,#1203,#1204,#1205,#1206,#1207,#1208,#1209));
#224=EDGE_LOOP('',(#1210));
#225=EDGE_LOOP('',(#1211));
#226=EDGE_LOOP('',(#1212));
#227=EDGE_LOOP('',(#1213,#1214,#1215,#1216));
#228=EDGE_LOOP('',(#1217,#1218,#1219,#1220));
#229=EDGE_LOOP('',(#1221,#1222,#1223,#1224,#1225,#1226));
#230=EDGE_LOOP('',(#1227));
#231=EDGE_LOOP('',(#1228));
#232=EDGE_LOOP('',(#1229,#1230,#1231,#1232));
#233=EDGE_LOOP('',(#1233,#1234,#1235,#1236,#1237,#1238));
#234=EDGE_LOOP('',(#1239));
#235=EDGE_LOOP('',(#1240));
#236=EDGE_LOOP('',(#1241,#1242,#1243,#1244));
#237=EDGE_LOOP('',(#1245,#1246,#1247,#1248,#1249,#1250,#1251,#1252,#1253,
#1254,#1255,#1256));
#238=EDGE_LOOP('',(#1257));
#239=EDGE_LOOP('',(#1258));
#240=EDGE_LOOP('',(#1259));
#241=EDGE_LOOP('',(#1260));
#242=EDGE_LOOP('',(#1261));
#243=EDGE_LOOP('',(#1262));
#244=EDGE_LOOP('',(#1263,#1264,#1265,#1266));
#245=EDGE_LOOP('',(#1267,#1268,#1269,#1270));
#246=EDGE_LOOP('',(#1271,#1272,#1273,#1274,#1275,#1276,#1277,#1278));
#247=EDGE_LOOP('',(#1279));
#248=EDGE_LOOP('',(#1280));
#249=EDGE_LOOP('',(#1281));
#250=EDGE_LOOP('',(#1282));
#251=EDGE_LOOP('',(#1283,#1284,#1285,#1286));
#252=EDGE_LOOP('',(#1287,#1288,#1289,#1290,#1291,#1292,#1293,#1294,#1295,
#1296,#1297,#1298));
#253=EDGE_LOOP('',(#1299));
#254=EDGE_LOOP('',(#1300));
#255=EDGE_LOOP('',(#1301));
#256=EDGE_LOOP('',(#1302));
#257=EDGE_LOOP('',(#1303));
#258=EDGE_LOOP('',(#1304));
#259=EDGE_LOOP('',(#1305,#1306,#1307,#1308));
#260=EDGE_LOOP('',(#1309,#1310,#1311,#1312,#1313,#1314));
#261=EDGE_LOOP('',(#1315));
#262=EDGE_LOOP('',(#1316));
#263=EDGE_LOOP('',(#1317,#1318,#1319,#1320));
#264=EDGE_LOOP('',(#1321,#1322,#1323,#1324,#1325,#1326));
#265=EDGE_LOOP('',(#1327));
#266=EDGE_LOOP('',(#1328));
#267=EDGE_LOOP('',(#1329,#1330,#1331,#1332));
#268=EDGE_LOOP('',(#1333,#1334,#1335,#1336,#1337,#1338,#1339,#1340,#1341,
#1342,#1343,#1344));
#269=EDGE_LOOP('',(#1345));
#270=EDGE_LOOP('',(#1346));
#271=EDGE_LOOP('',(#1347));
#272=EDGE_LOOP('',(#1348));
#273=EDGE_LOOP('',(#1349));
#274=EDGE_LOOP('',(#1350));
#275=EDGE_LOOP('',(#1351,#1352,#1353,#1354));
#276=EDGE_LOOP('',(#1355,#1356,#1357,#1358));
#277=EDGE_LOOP('',(#1359,#1360,#1361,#1362,#1363,#1364,#1365,#1366,#1367,
#1368,#1369,#1370));
#278=EDGE_LOOP('',(#1371));
#279=EDGE_LOOP('',(#1372));
#280=EDGE_LOOP('',(#1373));
#281=EDGE_LOOP('',(#1374));
#282=EDGE_LOOP('',(#1375));
#283=EDGE_LOOP('',(#1376));
#284=EDGE_LOOP('',(#1377,#1378,#1379,#1380));
#285=EDGE_LOOP('',(#1381,#1382,#1383,#1384));
#286=EDGE_LOOP('',(#1385,#1386,#1387,#1388));
#287=EDGE_LOOP('',(#1389,#1390,#1391,#1392));
#288=EDGE_LOOP('',(#1393,#1394,#1395,#1396));
#289=EDGE_LOOP('',(#1397,#1398,#1399,#1400));
#290=EDGE_LOOP('',(#1401,#1402,#1403,#1404));
#291=EDGE_LOOP('',(#1405,#1406,#1407,#1408));
#292=EDGE_LOOP('',(#1409,#1410,#1411,#1412));
#293=EDGE_LOOP('',(#1413,#1414,#1415,#1416));
#294=EDGE_LOOP('',(#1417,#1418,#1419,#1420));
#295=EDGE_LOOP('',(#1421,#1422,#1423,#1424));
#296=EDGE_LOOP('',(#1425,#1426,#1427,#1428));
#297=EDGE_LOOP('',(#1429,#1430,#1431,#1432));
#298=EDGE_LOOP('',(#1433,#1434,#1435,#1436));
#299=EDGE_LOOP('',(#1437,#1438,#1439,#1440));
#300=EDGE_LOOP('',(#1441,#1442,#1443,#1444));
#301=EDGE_LOOP('',(#1445,#1446,#1447,#1448));
#302=EDGE_LOOP('',(#1449,#1450,#1451,#1452));
#303=EDGE_LOOP('',(#1453,#1454,#1455,#1456));
#304=EDGE_LOOP('',(#1457,#1458,#1459,#1460));
#305=EDGE_LOOP('',(#1461,#1462,#1463,#1464));
#306=EDGE_LOOP('',(#1465,#1466,#1467,#1468));
#307=EDGE_LOOP('',(#1469,#1470,#1471,#1472));
#308=EDGE_LOOP('',(#1473,#1474,#1475,#1476));
#309=EDGE_LOOP('',(#1477,#1478,#1479,#1480));
#310=EDGE_LOOP('',(#1481,#1482,#1483,#1484));
#311=EDGE_LOOP('',(#1485,#1486,#1487,#1488));
#312=EDGE_LOOP('',(#1489,#1490,#1491,#1492));
#313=EDGE_LOOP('',(#1493,#1494,#1495,#1496));
#314=EDGE_LOOP('',(#1497,#1498,#1499,#1500));
#315=EDGE_LOOP('',(#1501,#1502,#1503,#1504));
#316=EDGE_LOOP('',(#1505,#1506,#1507,#1508));
#317=EDGE_LOOP('',(#1509,#1510,#1511,#1512));
#318=EDGE_LOOP('',(#1513,#1514,#1515,#1516));
#319=EDGE_LOOP('',(#1517,#1518,#1519,#1520));
#320=EDGE_LOOP('',(#1521,#1522,#1523,#1524));
#321=EDGE_LOOP('',(#1525,#1526,#1527,#1528));
#322=EDGE_LOOP('',(#1529,#1530,#1531,#1532));
#323=EDGE_LOOP('',(#1533,#1534,#1535,#1536));
#324=EDGE_LOOP('',(#1537,#1538,#1539,#1540));
#325=EDGE_LOOP('',(#1541,#1542,#1543,#1544));
#326=EDGE_LOOP('',(#1545,#1546,#1547,#1548,#1549,#1550));
#327=EDGE_LOOP('',(#1551,#1552,#1553,#1554,#1555,#1556));
#328=EDGE_LOOP('',(#1557,#1558,#1559,#1560));
#329=EDGE_LOOP('',(#1561,#1562,#1563,#1564));
#330=EDGE_LOOP('',(#1565,#1566,#1567,#1568));
#331=EDGE_LOOP('',(#1569,#1570,#1571,#1572));
#332=EDGE_LOOP('',(#1573,#1574,#1575,#1576));
#333=EDGE_LOOP('',(#1577,#1578,#1579,#1580));
#334=EDGE_LOOP('',(#1581,#1582,#1583,#1584));
#335=EDGE_LOOP('',(#1585,#1586,#1587,#1588));
#336=EDGE_LOOP('',(#1589,#1590,#1591,#1592));
#337=EDGE_LOOP('',(#1593,#1594,#1595,#1596));
#338=EDGE_LOOP('',(#1597,#1598,#1599,#1600));
#339=LINE('',#2488,#485);
#340=LINE('',#2494,#486);
#341=LINE('',#2500,#487);
#342=LINE('',#2506,#488);
#343=LINE('',#2512,#489);
#344=LINE('',#2518,#490);
#345=LINE('',#2524,#491);
#346=LINE('',#2530,#492);
#347=LINE('',#2536,#493);
#348=LINE('',#2542,#494);
#349=LINE('',#2548,#495);
#350=LINE('',#2554,#496);
#351=LINE('',#2560,#497);
#352=LINE('',#2566,#498);
#353=LINE('',#2572,#499);
#354=LINE('',#2578,#500);
#355=LINE('',#2584,#501);
#356=LINE('',#2590,#502);
#357=LINE('',#2596,#503);
#358=LINE('',#2602,#504);
#359=LINE('',#2607,#505);
#360=LINE('',#2609,#506);
#361=LINE('',#2611,#507);
#362=LINE('',#2612,#508);
#363=LINE('',#2615,#509);
#364=LINE('',#2619,#510);
#365=LINE('',#2623,#511);
#366=LINE('',#2627,#512);
#367=LINE('',#2632,#513);
#368=LINE('',#2634,#514);
#369=LINE('',#2636,#515);
#370=LINE('',#2637,#516);
#371=LINE('',#2641,#517);
#372=LINE('',#2643,#518);
#373=LINE('',#2645,#519);
#374=LINE('',#2646,#520);
#375=LINE('',#2650,#521);
#376=LINE('',#2654,#522);
#377=LINE('',#2656,#523);
#378=LINE('',#2658,#524);
#379=LINE('',#2663,#525);
#380=LINE('',#2664,#526);
#381=LINE('',#2665,#527);
#382=LINE('',#2669,#528);
#383=LINE('',#2674,#529);
#384=LINE('',#2675,#530);
#385=LINE('',#2679,#531);
#386=LINE('',#2684,#532);
#387=LINE('',#2688,#533);
#388=LINE('',#2690,#534);
#389=LINE('',#2692,#535);
#390=LINE('',#2696,#536);
#391=LINE('',#2699,#537);
#392=LINE('',#2704,#538);
#393=LINE('',#2710,#539);
#394=LINE('',#2711,#540);
#395=LINE('',#2712,#541);
#396=LINE('',#2717,#542);
#397=LINE('',#2721,#543);
#398=LINE('',#2725,#544);
#399=LINE('',#2728,#545);
#400=LINE('',#2732,#546);
#401=LINE('',#2737,#547);
#402=LINE('',#2741,#548);
#403=LINE('',#2745,#549);
#404=LINE('',#2746,#550);
#405=LINE('',#2750,#551);
#406=LINE('',#2753,#552);
#407=LINE('',#2758,#553);
#408=LINE('',#2763,#554);
#409=LINE('',#2766,#555);
#410=LINE('',#2768,#556);
#411=LINE('',#2773,#557);
#412=LINE('',#2774,#558);
#413=LINE('',#2775,#559);
#414=LINE('',#2779,#560);
#415=LINE('',#2784,#561);
#416=LINE('',#2785,#562);
#417=LINE('',#2789,#563);
#418=LINE('',#2794,#564);
#419=LINE('',#2798,#565);
#420=LINE('',#2800,#566);
#421=LINE('',#2802,#567);
#422=LINE('',#2806,#568);
#423=LINE('',#2809,#569);
#424=LINE('',#2819,#570);
#425=LINE('',#2822,#571);
#426=LINE('',#2826,#572);
#427=LINE('',#2830,#573);
#428=LINE('',#2831,#574);
#429=LINE('',#2835,#575);
#430=LINE('',#2838,#576);
#431=LINE('',#2843,#577);
#432=LINE('',#2845,#578);
#433=LINE('',#2846,#579);
#434=LINE('',#2848,#580);
#435=LINE('',#2850,#581);
#436=LINE('',#2851,#582);
#437=LINE('',#2853,#583);
#438=LINE('',#2855,#584);
#439=LINE('',#2857,#585);
#440=LINE('',#2859,#586);
#441=LINE('',#2861,#587);
#442=LINE('',#2862,#588);
#443=LINE('',#2864,#589);
#444=LINE('',#2865,#590);
#445=LINE('',#2867,#591);
#446=LINE('',#2869,#592);
#447=LINE('',#2871,#593);
#448=LINE('',#2872,#594);
#449=LINE('',#2874,#595);
#450=LINE('',#2875,#596);
#451=LINE('',#2877,#597);
#452=LINE('',#2878,#598);
#453=LINE('',#2880,#599);
#454=LINE('',#2881,#600);
#455=LINE('',#2883,#601);
#456=LINE('',#2885,#602);
#457=LINE('',#2888,#603);
#458=LINE('',#2889,#604);
#459=LINE('',#2891,#605);
#460=LINE('',#2892,#606);
#461=LINE('',#2894,#607);
#462=LINE('',#2895,#608);
#463=LINE('',#2912,#609);
#464=LINE('',#2919,#610);
#465=LINE('',#2922,#611);
#466=LINE('',#2924,#612);
#467=LINE('',#2927,#613);
#468=LINE('',#2929,#614);
#469=LINE('',#2930,#615);
#470=LINE('',#2933,#616);
#471=LINE('',#2935,#617);
#472=LINE('',#2936,#618);
#473=LINE('',#2940,#619);
#474=LINE('',#2947,#620);
#475=LINE('',#2950,#621);
#476=LINE('',#2951,#622);
#477=LINE('',#2953,#623);
#478=LINE('',#2954,#624);
#479=LINE('',#2956,#625);
#480=LINE('',#2958,#626);
#481=LINE('',#2960,#627);
#482=LINE('',#2962,#628);
#483=LINE('',#2964,#629);
#484=LINE('',#2966,#630);
#485=VECTOR('',#1957,1.99999999999997);
#486=VECTOR('',#1964,1.99999999999997);
#487=VECTOR('',#1971,1.99999999999997);
#488=VECTOR('',#1978,1.99999999999997);
#489=VECTOR('',#1985,1.99999999999997);
#490=VECTOR('',#1992,1.99999999999997);
#491=VECTOR('',#1999,1.99999999999997);
#492=VECTOR('',#2006,1.99999999999997);
#493=VECTOR('',#2013,1.99999999999997);
#494=VECTOR('',#2020,1.99999999999997);
#495=VECTOR('',#2027,1.99999999999997);
#496=VECTOR('',#2034,1.99999999999997);
#497=VECTOR('',#2041,1.5);
#498=VECTOR('',#2048,1.5);
#499=VECTOR('',#2055,1.5);
#500=VECTOR('',#2062,1.5);
#501=VECTOR('',#2069,3.04999999999999);
#502=VECTOR('',#2076,3.04999999999999);
#503=VECTOR('',#2083,3.04999999999999);
#504=VECTOR('',#2090,3.04999999999999);
#505=VECTOR('',#2095,1000.);
#506=VECTOR('',#2096,1000.);
#507=VECTOR('',#2097,1000.);
#508=VECTOR('',#2098,1000.);
#509=VECTOR('',#2099,1000.);
#510=VECTOR('',#2102,1000.);
#511=VECTOR('',#2105,1000.);
#512=VECTOR('',#2108,1000.);
#513=VECTOR('',#2113,1000.);
#514=VECTOR('',#2114,1000.);
#515=VECTOR('',#2115,1000.);
#516=VECTOR('',#2116,1000.);
#517=VECTOR('',#2119,1000.);
#518=VECTOR('',#2120,1000.);
#519=VECTOR('',#2121,1000.);
#520=VECTOR('',#2122,1000.);
#521=VECTOR('',#2125,1000.);
#522=VECTOR('',#2128,1000.);
#523=VECTOR('',#2129,1000.);
#524=VECTOR('',#2130,1000.);
#525=VECTOR('',#2135,1000.);
#526=VECTOR('',#2136,1000.);
#527=VECTOR('',#2137,1000.);
#528=VECTOR('',#2140,1000.);
#529=VECTOR('',#2145,1000.);
#530=VECTOR('',#2146,1000.);
#531=VECTOR('',#2151,1000.);
#532=VECTOR('',#2156,1000.);
#533=VECTOR('',#2159,1000.);
#534=VECTOR('',#2160,1000.);
#535=VECTOR('',#2161,1000.);
#536=VECTOR('',#2164,1000.);
#537=VECTOR('',#2167,1000.);
#538=VECTOR('',#2172,1000.);
#539=VECTOR('',#2179,1000.);
#540=VECTOR('',#2180,1000.);
#541=VECTOR('',#2181,1000.);
#542=VECTOR('',#2184,1000.);
#543=VECTOR('',#2187,1000.);
#544=VECTOR('',#2190,1000.);
#545=VECTOR('',#2193,1000.);
#546=VECTOR('',#2196,1000.);
#547=VECTOR('',#2203,1000.);
#548=VECTOR('',#2206,1000.);
#549=VECTOR('',#2209,1000.);
#550=VECTOR('',#2210,1000.);
#551=VECTOR('',#2213,1000.);
#552=VECTOR('',#2216,1000.);
#553=VECTOR('',#2221,1000.);
#554=VECTOR('',#2226,1000.);
#555=VECTOR('',#2229,1000.);
#556=VECTOR('',#2230,1000.);
#557=VECTOR('',#2235,1000.);
#558=VECTOR('',#2236,1000.);
#559=VECTOR('',#2237,1000.);
#560=VECTOR('',#2240,1000.);
#561=VECTOR('',#2245,1000.);
#562=VECTOR('',#2246,1000.);
#563=VECTOR('',#2251,1000.);
#564=VECTOR('',#2256,1000.);
#565=VECTOR('',#2259,1000.);
#566=VECTOR('',#2260,1000.);
#567=VECTOR('',#2261,1000.);
#568=VECTOR('',#2264,1000.);
#569=VECTOR('',#2267,1000.);
#570=VECTOR('',#2282,1000.);
#571=VECTOR('',#2285,1000.);
#572=VECTOR('',#2288,1000.);
#573=VECTOR('',#2291,1000.);
#574=VECTOR('',#2292,1000.);
#575=VECTOR('',#2295,1000.);
#576=VECTOR('',#2298,1000.);
#577=VECTOR('',#2307,1000.);
#578=VECTOR('',#2310,1000.);
#579=VECTOR('',#2311,1000.);
#580=VECTOR('',#2314,1000.);
#581=VECTOR('',#2317,1000.);
#582=VECTOR('',#2318,1000.);
#583=VECTOR('',#2321,1000.);
#584=VECTOR('',#2324,1000.);
#585=VECTOR('',#2327,1000.);
#586=VECTOR('',#2330,1000.);
#587=VECTOR('',#2333,1000.);
#588=VECTOR('',#2334,1000.);
#589=VECTOR('',#2337,1000.);
#590=VECTOR('',#2338,1000.);
#591=VECTOR('',#2341,1000.);
#592=VECTOR('',#2344,1000.);
#593=VECTOR('',#2347,1000.);
#594=VECTOR('',#2348,1000.);
#595=VECTOR('',#2351,1000.);
#596=VECTOR('',#2352,1000.);
#597=VECTOR('',#2355,1000.);
#598=VECTOR('',#2356,1000.);
#599=VECTOR('',#2359,1000.);
#600=VECTOR('',#2360,1000.);
#601=VECTOR('',#2363,1000.);
#602=VECTOR('',#2366,1000.);
#603=VECTOR('',#2371,1000.);
#604=VECTOR('',#2372,1000.);
#605=VECTOR('',#2375,1000.);
#606=VECTOR('',#2376,1000.);
#607=VECTOR('',#2379,1000.);
#608=VECTOR('',#2380,1000.);
#609=VECTOR('',#2409,1000.);
#610=VECTOR('',#2418,1000.);
#611=VECTOR('',#2423,1000.);
#612=VECTOR('',#2426,1000.);
#613=VECTOR('',#2429,1000.);
#614=VECTOR('',#2430,1000.);
#615=VECTOR('',#2431,1000.);
#616=VECTOR('',#2434,1000.);
#617=VECTOR('',#2435,1000.);
#618=VECTOR('',#2436,1000.);
#619=VECTOR('',#2439,1000.);
#620=VECTOR('',#2448,1000.);
#621=VECTOR('',#2453,1000.);
#622=VECTOR('',#2454,1000.);
#623=VECTOR('',#2457,1000.);
#624=VECTOR('',#2458,1000.);
#625=VECTOR('',#2461,1000.);
#626=VECTOR('',#2464,1000.);
#627=VECTOR('',#2467,1000.);
#628=VECTOR('',#2470,1000.);
#629=VECTOR('',#2473,1000.);
#630=VECTOR('',#2476,1000.);
#631=CIRCLE('',#1760,1.99999999999997);
#632=CIRCLE('',#1761,1.99999999999997);
#633=CIRCLE('',#1763,1.99999999999997);
#634=CIRCLE('',#1764,1.99999999999999);
#635=CIRCLE('',#1766,1.99999999999997);
#636=CIRCLE('',#1767,1.99999999999999);
#637=CIRCLE('',#1769,1.99999999999997);
#638=CIRCLE('',#1770,1.99999999999997);
#639=CIRCLE('',#1772,1.99999999999997);
#640=CIRCLE('',#1773,1.99999999999997);
#641=CIRCLE('',#1775,1.99999999999997);
#642=CIRCLE('',#1776,1.99999999999999);
#643=CIRCLE('',#1778,1.99999999999997);
#644=CIRCLE('',#1779,1.99999999999997);
#645=CIRCLE('',#1781,1.99999999999997);
#646=CIRCLE('',#1782,1.99999999999999);
#647=CIRCLE('',#1784,1.99999999999997);
#648=CIRCLE('',#1785,1.99999999999999);
#649=CIRCLE('',#1787,1.99999999999997);
#650=CIRCLE('',#1788,1.99999999999997);
#651=CIRCLE('',#1790,1.99999999999997);
#652=CIRCLE('',#1791,1.99999999999997);
#653=CIRCLE('',#1793,1.99999999999997);
#654=CIRCLE('',#1794,1.99999999999999);
#655=CIRCLE('',#1796,1.5);
#656=CIRCLE('',#1797,1.5);
#657=CIRCLE('',#1799,1.5);
#658=CIRCLE('',#1800,1.5);
#659=CIRCLE('',#1802,1.5);
#660=CIRCLE('',#1803,1.5);
#661=CIRCLE('',#1805,1.5);
#662=CIRCLE('',#1806,1.5);
#663=CIRCLE('',#1808,3.05);
#664=CIRCLE('',#1809,3.04999999999998);
#665=CIRCLE('',#1811,3.05);
#666=CIRCLE('',#1812,3.04999999999998);
#667=CIRCLE('',#1814,3.05);
#668=CIRCLE('',#1815,3.04999999999998);
#669=CIRCLE('',#1817,3.05);
#670=CIRCLE('',#1818,3.04999999999998);
#671=CIRCLE('',#1820,2.);
#672=CIRCLE('',#1821,2.);
#673=CIRCLE('',#1822,2.);
#674=CIRCLE('',#1823,2.);
#675=CIRCLE('',#1827,5.);
#676=CIRCLE('',#1828,5.);
#677=CIRCLE('',#1831,5.);
#678=CIRCLE('',#1832,5.);
#679=CIRCLE('',#1834,1.5);
#680=CIRCLE('',#1835,1.5);
#681=CIRCLE('',#1837,5.);
#682=CIRCLE('',#1838,5.);
#683=CIRCLE('',#1839,5.);
#684=CIRCLE('',#1840,5.);
#685=CIRCLE('',#1842,2.69999999999999);
#686=CIRCLE('',#1843,2.69999999999999);
#687=CIRCLE('',#1845,2.);
#688=CIRCLE('',#1846,2.);
#689=CIRCLE('',#1847,2.);
#690=CIRCLE('',#1848,2.);
#691=CIRCLE('',#1850,2.69999999999999);
#692=CIRCLE('',#1851,2.69999999999999);
#693=CIRCLE('',#1853,5.);
#694=CIRCLE('',#1854,5.);
#695=CIRCLE('',#1855,5.);
#696=CIRCLE('',#1856,5.);
#697=CIRCLE('',#1858,1.5);
#698=CIRCLE('',#1859,1.5);
#699=CIRCLE('',#1861,5.);
#700=CIRCLE('',#1862,5.);
#701=CIRCLE('',#1865,5.);
#702=CIRCLE('',#1866,5.);
#703=CIRCLE('',#1868,2.69999999999999);
#704=CIRCLE('',#1869,2.69999999999999);
#705=CIRCLE('',#1871,5.);
#706=CIRCLE('',#1872,5.);
#707=CIRCLE('',#1873,5.);
#708=CIRCLE('',#1874,5.);
#709=CIRCLE('',#1876,1.5);
#710=CIRCLE('',#1877,1.5);
#711=CIRCLE('',#1879,1.5);
#712=CIRCLE('',#1880,1.5);
#713=CIRCLE('',#1882,5.);
#714=CIRCLE('',#1883,5.);
#715=CIRCLE('',#1884,5.);
#716=CIRCLE('',#1885,5.);
#717=CIRCLE('',#1887,2.69999999999999);
#718=CIRCLE('',#1888,2.69999999999999);
#719=CIRCLE('',#1925,1.5);
#720=CIRCLE('',#1926,2.70000000000001);
#721=CIRCLE('',#1928,1.5);
#722=CIRCLE('',#1929,2.70000000000001);
#723=CIRCLE('',#1935,3.);
#724=CIRCLE('',#1936,3.);
#725=CIRCLE('',#1938,3.);
#726=CIRCLE('',#1939,3.);
#727=VERTEX_POINT('',#2485);
#728=VERTEX_POINT('',#2487);
#729=VERTEX_POINT('',#2491);
#730=VERTEX_POINT('',#2493);
#731=VERTEX_POINT('',#2497);
#732=VERTEX_POINT('',#2499);
#733=VERTEX_POINT('',#2503);
#734=VERTEX_POINT('',#2505);
#735=VERTEX_POINT('',#2509);
#736=VERTEX_POINT('',#2511);
#737=VERTEX_POINT('',#2515);
#738=VERTEX_POINT('',#2517);
#739=VERTEX_POINT('',#2521);
#740=VERTEX_POINT('',#2523);
#741=VERTEX_POINT('',#2527);
#742=VERTEX_POINT('',#2529);
#743=VERTEX_POINT('',#2533);
#744=VERTEX_POINT('',#2535);
#745=VERTEX_POINT('',#2539);
#746=VERTEX_POINT('',#2541);
#747=VERTEX_POINT('',#2545);
#748=VERTEX_POINT('',#2547);
#749=VERTEX_POINT('',#2551);
#750=VERTEX_POINT('',#2553);
#751=VERTEX_POINT('',#2557);
#752=VERTEX_POINT('',#2559);
#753=VERTEX_POINT('',#2563);
#754=VERTEX_POINT('',#2565);
#755=VERTEX_POINT('',#2569);
#756=VERTEX_POINT('',#2571);
#757=VERTEX_POINT('',#2575);
#758=VERTEX_POINT('',#2577);
#759=VERTEX_POINT('',#2581);
#760=VERTEX_POINT('',#2583);
#761=VERTEX_POINT('',#2587);
#762=VERTEX_POINT('',#2589);
#763=VERTEX_POINT('',#2593);
#764=VERTEX_POINT('',#2595);
#765=VERTEX_POINT('',#2599);
#766=VERTEX_POINT('',#2601);
#767=VERTEX_POINT('',#2605);
#768=VERTEX_POINT('',#2606);
#769=VERTEX_POINT('',#2608);
#770=VERTEX_POINT('',#2610);
#771=VERTEX_POINT('',#2613);
#772=VERTEX_POINT('',#2614);
#773=VERTEX_POINT('',#2616);
#774=VERTEX_POINT('',#2618);
#775=VERTEX_POINT('',#2620);
#776=VERTEX_POINT('',#2622);
#777=VERTEX_POINT('',#2624);
#778=VERTEX_POINT('',#2626);
#779=VERTEX_POINT('',#2630);
#780=VERTEX_POINT('',#2631);
#781=VERTEX_POINT('',#2633);
#782=VERTEX_POINT('',#2635);
#783=VERTEX_POINT('',#2639);
#784=VERTEX_POINT('',#2640);
#785=VERTEX_POINT('',#2642);
#786=VERTEX_POINT('',#2644);
#787=VERTEX_POINT('',#2648);
#788=VERTEX_POINT('',#2649);
#789=VERTEX_POINT('',#2651);
#790=VERTEX_POINT('',#2653);
#791=VERTEX_POINT('',#2655);
#792=VERTEX_POINT('',#2657);
#793=VERTEX_POINT('',#2661);
#794=VERTEX_POINT('',#2662);
#795=VERTEX_POINT('',#2667);
#796=VERTEX_POINT('',#2668);
#797=VERTEX_POINT('',#2671);
#798=VERTEX_POINT('',#2673);
#799=VERTEX_POINT('',#2677);
#800=VERTEX_POINT('',#2682);
#801=VERTEX_POINT('',#2683);
#802=VERTEX_POINT('',#2685);
#803=VERTEX_POINT('',#2687);
#804=VERTEX_POINT('',#2689);
#805=VERTEX_POINT('',#2691);
#806=VERTEX_POINT('',#2693);
#807=VERTEX_POINT('',#2695);
#808=VERTEX_POINT('',#2698);
#809=VERTEX_POINT('',#2702);
#810=VERTEX_POINT('',#2703);
#811=VERTEX_POINT('',#2708);
#812=VERTEX_POINT('',#2709);
#813=VERTEX_POINT('',#2713);
#814=VERTEX_POINT('',#2714);
#815=VERTEX_POINT('',#2716);
#816=VERTEX_POINT('',#2718);
#817=VERTEX_POINT('',#2720);
#818=VERTEX_POINT('',#2722);
#819=VERTEX_POINT('',#2724);
#820=VERTEX_POINT('',#2726);
#821=VERTEX_POINT('',#2730);
#822=VERTEX_POINT('',#2731);
#823=VERTEX_POINT('',#2736);
#824=VERTEX_POINT('',#2738);
#825=VERTEX_POINT('',#2740);
#826=VERTEX_POINT('',#2742);
#827=VERTEX_POINT('',#2744);
#828=VERTEX_POINT('',#2747);
#829=VERTEX_POINT('',#2749);
#830=VERTEX_POINT('',#2751);
#831=VERTEX_POINT('',#2755);
#832=VERTEX_POINT('',#2757);
#833=VERTEX_POINT('',#2761);
#834=VERTEX_POINT('',#2762);
#835=VERTEX_POINT('',#2764);
#836=VERTEX_POINT('',#2767);
#837=VERTEX_POINT('',#2771);
#838=VERTEX_POINT('',#2772);
#839=VERTEX_POINT('',#2777);
#840=VERTEX_POINT('',#2778);
#841=VERTEX_POINT('',#2781);
#842=VERTEX_POINT('',#2783);
#843=VERTEX_POINT('',#2787);
#844=VERTEX_POINT('',#2792);
#845=VERTEX_POINT('',#2793);
#846=VERTEX_POINT('',#2795);
#847=VERTEX_POINT('',#2797);
#848=VERTEX_POINT('',#2799);
#849=VERTEX_POINT('',#2801);
#850=VERTEX_POINT('',#2803);
#851=VERTEX_POINT('',#2805);
#852=VERTEX_POINT('',#2808);
#853=VERTEX_POINT('',#2815);
#854=VERTEX_POINT('',#2817);
#855=VERTEX_POINT('',#2821);
#856=VERTEX_POINT('',#2823);
#857=VERTEX_POINT('',#2825);
#858=VERTEX_POINT('',#2827);
#859=VERTEX_POINT('',#2829);
#860=VERTEX_POINT('',#2832);
#861=VERTEX_POINT('',#2834);
#862=VERTEX_POINT('',#2836);
#863=VERTEX_POINT('',#2910);
#864=VERTEX_POINT('',#2911);
#865=VERTEX_POINT('',#2916);
#866=VERTEX_POINT('',#2918);
#867=VERTEX_POINT('',#2926);
#868=VERTEX_POINT('',#2928);
#869=VERTEX_POINT('',#2932);
#870=VERTEX_POINT('',#2934);
#871=VERTEX_POINT('',#2938);
#872=VERTEX_POINT('',#2939);
#873=VERTEX_POINT('',#2944);
#874=VERTEX_POINT('',#2946);
#875=EDGE_CURVE('',#727,#727,#631,.T.);
#876=EDGE_CURVE('',#727,#728,#339,.T.);
#877=EDGE_CURVE('',#728,#728,#632,.T.);
#878=EDGE_CURVE('',#729,#729,#633,.T.);
#879=EDGE_CURVE('',#729,#730,#340,.T.);
#880=EDGE_CURVE('',#730,#730,#634,.T.);
#881=EDGE_CURVE('',#731,#731,#635,.T.);
#882=EDGE_CURVE('',#731,#732,#341,.T.);
#883=EDGE_CURVE('',#732,#732,#636,.T.);
#884=EDGE_CURVE('',#733,#733,#637,.T.);
#885=EDGE_CURVE('',#733,#734,#342,.T.);
#886=EDGE_CURVE('',#734,#734,#638,.T.);
#887=EDGE_CURVE('',#735,#735,#639,.T.);
#888=EDGE_CURVE('',#735,#736,#343,.T.);
#889=EDGE_CURVE('',#736,#736,#640,.T.);
#890=EDGE_CURVE('',#737,#737,#641,.T.);
#891=EDGE_CURVE('',#737,#738,#344,.T.);
#892=EDGE_CURVE('',#738,#738,#642,.T.);
#893=EDGE_CURVE('',#739,#739,#643,.T.);
#894=EDGE_CURVE('',#739,#740,#345,.T.);
#895=EDGE_CURVE('',#740,#740,#644,.T.);
#896=EDGE_CURVE('',#741,#741,#645,.T.);
#897=EDGE_CURVE('',#741,#742,#346,.T.);
#898=EDGE_CURVE('',#742,#742,#646,.T.);
#899=EDGE_CURVE('',#743,#743,#647,.T.);
#900=EDGE_CURVE('',#743,#744,#347,.T.);
#901=EDGE_CURVE('',#744,#744,#648,.T.);
#902=EDGE_CURVE('',#745,#745,#649,.T.);
#903=EDGE_CURVE('',#745,#746,#348,.T.);
#904=EDGE_CURVE('',#746,#746,#650,.T.);
#905=EDGE_CURVE('',#747,#747,#651,.T.);
#906=EDGE_CURVE('',#747,#748,#349,.T.);
#907=EDGE_CURVE('',#748,#748,#652,.T.);
#908=EDGE_CURVE('',#749,#749,#653,.T.);
#909=EDGE_CURVE('',#749,#750,#350,.T.);
#910=EDGE_CURVE('',#750,#750,#654,.T.);
#911=EDGE_CURVE('',#751,#751,#655,.T.);
#912=EDGE_CURVE('',#751,#752,#351,.T.);
#913=EDGE_CURVE('',#752,#752,#656,.T.);
#914=EDGE_CURVE('',#753,#753,#657,.T.);
#915=EDGE_CURVE('',#753,#754,#352,.T.);
#916=EDGE_CURVE('',#754,#754,#658,.T.);
#917=EDGE_CURVE('',#755,#755,#659,.T.);
#918=EDGE_CURVE('',#755,#756,#353,.T.);
#919=EDGE_CURVE('',#756,#756,#660,.T.);
#920=EDGE_CURVE('',#757,#757,#661,.T.);
#921=EDGE_CURVE('',#757,#758,#354,.T.);
#922=EDGE_CURVE('',#758,#758,#662,.T.);
#923=EDGE_CURVE('',#759,#759,#663,.T.);
#924=EDGE_CURVE('',#759,#760,#355,.T.);
#925=EDGE_CURVE('',#760,#760,#664,.T.);
#926=EDGE_CURVE('',#761,#761,#665,.T.);
#927=EDGE_CURVE('',#761,#762,#356,.T.);
#928=EDGE_CURVE('',#762,#762,#666,.T.);
#929=EDGE_CURVE('',#763,#763,#667,.T.);
#930=EDGE_CURVE('',#763,#764,#357,.T.);
#931=EDGE_CURVE('',#764,#764,#668,.T.);
#932=EDGE_CURVE('',#765,#765,#669,.T.);
#933=EDGE_CURVE('',#765,#766,#358,.T.);
#934=EDGE_CURVE('',#766,#766,#670,.T.);
#935=EDGE_CURVE('',#767,#768,#359,.T.);
#936=EDGE_CURVE('',#768,#769,#360,.T.);
#937=EDGE_CURVE('',#769,#770,#361,.T.);
#938=EDGE_CURVE('',#767,#770,#362,.T.);
#939=EDGE_CURVE('',#771,#772,#363,.T.);
#940=EDGE_CURVE('',#773,#771,#671,.T.);
#941=EDGE_CURVE('',#774,#773,#364,.T.);
#942=EDGE_CURVE('',#775,#774,#672,.T.);
#943=EDGE_CURVE('',#776,#775,#365,.T.);
#944=EDGE_CURVE('',#777,#776,#673,.T.);
#945=EDGE_CURVE('',#778,#777,#366,.T.);
#946=EDGE_CURVE('',#772,#778,#674,.T.);
#947=EDGE_CURVE('',#779,#780,#367,.T.);
#948=EDGE_CURVE('',#780,#781,#368,.T.);
#949=EDGE_CURVE('',#782,#781,#369,.T.);
#950=EDGE_CURVE('',#782,#779,#370,.T.);
#951=EDGE_CURVE('',#783,#784,#371,.T.);
#952=EDGE_CURVE('',#783,#785,#372,.T.);
#953=EDGE_CURVE('',#785,#786,#373,.T.);
#954=EDGE_CURVE('',#786,#784,#374,.T.);
#955=EDGE_CURVE('',#787,#788,#375,.T.);
#956=EDGE_CURVE('',#787,#789,#675,.T.);
#957=EDGE_CURVE('',#790,#789,#376,.T.);
#958=EDGE_CURVE('',#790,#791,#377,.T.);
#959=EDGE_CURVE('',#791,#792,#378,.T.);
#960=EDGE_CURVE('',#792,#788,#676,.T.);
#961=EDGE_CURVE('',#793,#794,#379,.T.);
#962=EDGE_CURVE('',#793,#787,#380,.T.);
#963=EDGE_CURVE('',#788,#794,#381,.T.);
#964=EDGE_CURVE('',#795,#796,#382,.T.);
#965=EDGE_CURVE('',#796,#793,#677,.T.);
#966=EDGE_CURVE('',#794,#797,#678,.T.);
#967=EDGE_CURVE('',#798,#797,#383,.T.);
#968=EDGE_CURVE('',#795,#798,#384,.T.);
#969=EDGE_CURVE('',#799,#798,#679,.T.);
#970=EDGE_CURVE('',#784,#799,#385,.T.);
#971=EDGE_CURVE('',#784,#795,#680,.T.);
#972=EDGE_CURVE('',#800,#801,#386,.T.);
#973=EDGE_CURVE('',#800,#802,#681,.T.);
#974=EDGE_CURVE('',#803,#802,#387,.T.);
#975=EDGE_CURVE('',#804,#803,#388,.T.);
#976=EDGE_CURVE('',#805,#804,#389,.T.);
#977=EDGE_CURVE('',#805,#806,#682,.T.);
#978=EDGE_CURVE('',#807,#806,#390,.T.);
#979=EDGE_CURVE('',#807,#783,#683,.T.);
#980=EDGE_CURVE('',#808,#799,#391,.T.);
#981=EDGE_CURVE('',#808,#801,#684,.T.);
#982=EDGE_CURVE('',#809,#810,#392,.T.);
#983=EDGE_CURVE('',#804,#809,#685,.T.);
#984=EDGE_CURVE('',#810,#803,#686,.T.);
#985=EDGE_CURVE('',#811,#812,#393,.T.);
#986=EDGE_CURVE('',#809,#811,#394,.T.);
#987=EDGE_CURVE('',#812,#810,#395,.T.);
#988=EDGE_CURVE('',#813,#814,#687,.T.);
#989=EDGE_CURVE('',#814,#815,#396,.T.);
#990=EDGE_CURVE('',#815,#816,#688,.T.);
#991=EDGE_CURVE('',#816,#817,#397,.T.);
#992=EDGE_CURVE('',#817,#818,#689,.T.);
#993=EDGE_CURVE('',#818,#819,#398,.T.);
#994=EDGE_CURVE('',#819,#820,#690,.T.);
#995=EDGE_CURVE('',#820,#813,#399,.T.);
#996=EDGE_CURVE('',#821,#822,#400,.T.);
#997=EDGE_CURVE('',#811,#821,#691,.T.);
#998=EDGE_CURVE('',#822,#812,#692,.T.);
#999=EDGE_CURVE('',#823,#822,#401,.T.);
#1000=EDGE_CURVE('',#823,#824,#693,.T.);
#1001=EDGE_CURVE('',#825,#824,#402,.T.);
#1002=EDGE_CURVE('',#825,#826,#694,.T.);
#1003=EDGE_CURVE('',#827,#826,#403,.T.);
#1004=EDGE_CURVE('',#782,#827,#404,.T.);
#1005=EDGE_CURVE('',#781,#828,#695,.T.);
#1006=EDGE_CURVE('',#829,#828,#405,.T.);
#1007=EDGE_CURVE('',#829,#830,#696,.T.);
#1008=EDGE_CURVE('',#821,#830,#406,.T.);
#1009=EDGE_CURVE('',#831,#827,#697,.T.);
#1010=EDGE_CURVE('',#832,#831,#407,.T.);
#1011=EDGE_CURVE('',#832,#782,#698,.T.);
#1012=EDGE_CURVE('',#833,#834,#408,.T.);
#1013=EDGE_CURVE('',#833,#835,#699,.T.);
#1014=EDGE_CURVE('',#835,#832,#409,.T.);
#1015=EDGE_CURVE('',#836,#831,#410,.T.);
#1016=EDGE_CURVE('',#836,#834,#700,.T.);
#1017=EDGE_CURVE('',#837,#838,#411,.T.);
#1018=EDGE_CURVE('',#837,#833,#412,.T.);
#1019=EDGE_CURVE('',#834,#838,#413,.T.);
#1020=EDGE_CURVE('',#839,#840,#414,.T.);
#1021=EDGE_CURVE('',#839,#837,#701,.T.);
#1022=EDGE_CURVE('',#838,#841,#702,.T.);
#1023=EDGE_CURVE('',#841,#842,#415,.T.);
#1024=EDGE_CURVE('',#840,#842,#416,.T.);
#1025=EDGE_CURVE('',#842,#843,#703,.T.);
#1026=EDGE_CURVE('',#779,#843,#417,.T.);
#1027=EDGE_CURVE('',#840,#779,#704,.T.);
#1028=EDGE_CURVE('',#844,#845,#418,.T.);
#1029=EDGE_CURVE('',#845,#846,#705,.T.);
#1030=EDGE_CURVE('',#846,#847,#419,.T.);
#1031=EDGE_CURVE('',#848,#847,#420,.T.);
#1032=EDGE_CURVE('',#848,#849,#421,.T.);
#1033=EDGE_CURVE('',#849,#850,#706,.T.);
#1034=EDGE_CURVE('',#850,#851,#422,.T.);
#1035=EDGE_CURVE('',#851,#780,#707,.T.);
#1036=EDGE_CURVE('',#843,#852,#423,.T.);
#1037=EDGE_CURVE('',#852,#844,#708,.T.);
#1038=EDGE_CURVE('',#768,#848,#709,.T.);
#1039=EDGE_CURVE('',#847,#769,#710,.T.);
#1040=EDGE_CURVE('',#853,#767,#711,.T.);
#1041=EDGE_CURVE('',#770,#854,#712,.T.);
#1042=EDGE_CURVE('',#853,#854,#424,.T.);
#1043=EDGE_CURVE('',#854,#855,#425,.T.);
#1044=EDGE_CURVE('',#855,#856,#713,.T.);
#1045=EDGE_CURVE('',#856,#857,#426,.T.);
#1046=EDGE_CURVE('',#857,#858,#714,.T.);
#1047=EDGE_CURVE('',#858,#859,#427,.T.);
#1048=EDGE_CURVE('',#786,#859,#428,.T.);
#1049=EDGE_CURVE('',#785,#860,#715,.T.);
#1050=EDGE_CURVE('',#860,#861,#429,.T.);
#1051=EDGE_CURVE('',#861,#862,#716,.T.);
#1052=EDGE_CURVE('',#862,#853,#430,.T.);
#1053=EDGE_CURVE('',#859,#791,#717,.T.);
#1054=EDGE_CURVE('',#786,#790,#718,.T.);
#1055=EDGE_CURVE('',#840,#832,#431,.T.);
#1056=EDGE_CURVE('',#822,#847,#432,.T.);
#1057=EDGE_CURVE('',#769,#812,#433,.T.);
#1058=EDGE_CURVE('',#846,#823,#434,.T.);
#1059=EDGE_CURVE('',#810,#770,#435,.T.);
#1060=EDGE_CURVE('',#854,#803,#436,.T.);
#1061=EDGE_CURVE('',#795,#790,#437,.T.);
#1062=EDGE_CURVE('',#789,#796,#438,.T.);
#1063=EDGE_CURVE('',#802,#855,#439,.T.);
#1064=EDGE_CURVE('',#835,#839,#440,.T.);
#1065=EDGE_CURVE('',#801,#857,#441,.T.);
#1066=EDGE_CURVE('',#856,#800,#442,.T.);
#1067=EDGE_CURVE('',#858,#808,#443,.T.);
#1068=EDGE_CURVE('',#799,#859,#444,.T.);
#1069=EDGE_CURVE('',#798,#791,#445,.T.);
#1070=EDGE_CURVE('',#797,#792,#446,.T.);
#1071=EDGE_CURVE('',#806,#861,#447,.T.);
#1072=EDGE_CURVE('',#860,#807,#448,.T.);
#1073=EDGE_CURVE('',#862,#805,#449,.T.);
#1074=EDGE_CURVE('',#804,#853,#450,.T.);
#1075=EDGE_CURVE('',#850,#829,#451,.T.);
#1076=EDGE_CURVE('',#828,#851,#452,.T.);
#1077=EDGE_CURVE('',#830,#849,#453,.T.);
#1078=EDGE_CURVE('',#848,#821,#454,.T.);
#1079=EDGE_CURVE('',#768,#811,#455,.T.);
#1080=EDGE_CURVE('',#767,#809,#456,.T.);
#1081=EDGE_CURVE('',#826,#852,#457,.T.);
#1082=EDGE_CURVE('',#827,#843,#458,.T.);
#1083=EDGE_CURVE('',#844,#825,#459,.T.);
#1084=EDGE_CURVE('',#824,#845,#460,.T.);
#1085=EDGE_CURVE('',#841,#836,#461,.T.);
#1086=EDGE_CURVE('',#831,#842,#462,.T.);
#1087=EDGE_CURVE('',#863,#864,#463,.T.);
#1088=EDGE_CURVE('',#769,#863,#719,.T.);
#1089=EDGE_CURVE('',#812,#864,#720,.T.);
#1090=EDGE_CURVE('',#865,#770,#721,.T.);
#1091=EDGE_CURVE('',#865,#866,#464,.T.);
#1092=EDGE_CURVE('',#866,#810,#722,.T.);
#1093=EDGE_CURVE('',#866,#864,#465,.T.);
#1094=EDGE_CURVE('',#863,#865,#466,.T.);
#1095=EDGE_CURVE('',#867,#864,#467,.T.);
#1096=EDGE_CURVE('',#867,#868,#468,.T.);
#1097=EDGE_CURVE('',#868,#863,#469,.T.);
#1098=EDGE_CURVE('',#865,#869,#470,.T.);
#1099=EDGE_CURVE('',#869,#870,#471,.T.);
#1100=EDGE_CURVE('',#866,#870,#472,.T.);
#1101=EDGE_CURVE('',#871,#872,#473,.T.);
#1102=EDGE_CURVE('',#872,#867,#723,.T.);
#1103=EDGE_CURVE('',#870,#871,#724,.T.);
#1104=EDGE_CURVE('',#868,#873,#725,.T.);
#1105=EDGE_CURVE('',#874,#873,#474,.T.);
#1106=EDGE_CURVE('',#874,#869,#726,.T.);
#1107=EDGE_CURVE('',#873,#872,#475,.T.);
#1108=EDGE_CURVE('',#871,#874,#476,.T.);
#1109=EDGE_CURVE('',#814,#771,#477,.T.);
#1110=EDGE_CURVE('',#813,#773,#478,.T.);
#1111=EDGE_CURVE('',#820,#774,#479,.T.);
#1112=EDGE_CURVE('',#819,#775,#480,.T.);
#1113=EDGE_CURVE('',#818,#776,#481,.T.);
#1114=EDGE_CURVE('',#817,#777,#482,.T.);
#1115=EDGE_CURVE('',#816,#778,#483,.T.);
#1116=EDGE_CURVE('',#815,#772,#484,.T.);
#1117=ORIENTED_EDGE('',*,*,#875,.T.);
#1118=ORIENTED_EDGE('',*,*,#876,.T.);
#1119=ORIENTED_EDGE('',*,*,#877,.F.);
#1120=ORIENTED_EDGE('',*,*,#876,.F.);
#1121=ORIENTED_EDGE('',*,*,#878,.F.);
#1122=ORIENTED_EDGE('',*,*,#879,.T.);
#1123=ORIENTED_EDGE('',*,*,#880,.T.);
#1124=ORIENTED_EDGE('',*,*,#879,.F.);
#1125=ORIENTED_EDGE('',*,*,#881,.F.);
#1126=ORIENTED_EDGE('',*,*,#882,.T.);
#1127=ORIENTED_EDGE('',*,*,#883,.T.);
#1128=ORIENTED_EDGE('',*,*,#882,.F.);
#1129=ORIENTED_EDGE('',*,*,#884,.T.);
#1130=ORIENTED_EDGE('',*,*,#885,.T.);
#1131=ORIENTED_EDGE('',*,*,#886,.F.);
#1132=ORIENTED_EDGE('',*,*,#885,.F.);
#1133=ORIENTED_EDGE('',*,*,#887,.T.);
#1134=ORIENTED_EDGE('',*,*,#888,.T.);
#1135=ORIENTED_EDGE('',*,*,#889,.F.);
#1136=ORIENTED_EDGE('',*,*,#888,.F.);
#1137=ORIENTED_EDGE('',*,*,#890,.F.);
#1138=ORIENTED_EDGE('',*,*,#891,.T.);
#1139=ORIENTED_EDGE('',*,*,#892,.T.);
#1140=ORIENTED_EDGE('',*,*,#891,.F.);
#1141=ORIENTED_EDGE('',*,*,#893,.T.);
#1142=ORIENTED_EDGE('',*,*,#894,.T.);
#1143=ORIENTED_EDGE('',*,*,#895,.F.);
#1144=ORIENTED_EDGE('',*,*,#894,.F.);
#1145=ORIENTED_EDGE('',*,*,#896,.F.);
#1146=ORIENTED_EDGE('',*,*,#897,.T.);
#1147=ORIENTED_EDGE('',*,*,#898,.T.);
#1148=ORIENTED_EDGE('',*,*,#897,.F.);
#1149=ORIENTED_EDGE('',*,*,#899,.F.);
#1150=ORIENTED_EDGE('',*,*,#900,.T.);
#1151=ORIENTED_EDGE('',*,*,#901,.T.);
#1152=ORIENTED_EDGE('',*,*,#900,.F.);
#1153=ORIENTED_EDGE('',*,*,#902,.T.);
#1154=ORIENTED_EDGE('',*,*,#903,.T.);
#1155=ORIENTED_EDGE('',*,*,#904,.F.);
#1156=ORIENTED_EDGE('',*,*,#903,.F.);
#1157=ORIENTED_EDGE('',*,*,#905,.T.);
#1158=ORIENTED_EDGE('',*,*,#906,.T.);
#1159=ORIENTED_EDGE('',*,*,#907,.F.);
#1160=ORIENTED_EDGE('',*,*,#906,.F.);
#1161=ORIENTED_EDGE('',*,*,#908,.F.);
#1162=ORIENTED_EDGE('',*,*,#909,.T.);
#1163=ORIENTED_EDGE('',*,*,#910,.T.);
#1164=ORIENTED_EDGE('',*,*,#909,.F.);
#1165=ORIENTED_EDGE('',*,*,#911,.F.);
#1166=ORIENTED_EDGE('',*,*,#912,.T.);
#1167=ORIENTED_EDGE('',*,*,#913,.T.);
#1168=ORIENTED_EDGE('',*,*,#912,.F.);
#1169=ORIENTED_EDGE('',*,*,#914,.F.);
#1170=ORIENTED_EDGE('',*,*,#915,.T.);
#1171=ORIENTED_EDGE('',*,*,#916,.T.);
#1172=ORIENTED_EDGE('',*,*,#915,.F.);
#1173=ORIENTED_EDGE('',*,*,#917,.F.);
#1174=ORIENTED_EDGE('',*,*,#918,.T.);
#1175=ORIENTED_EDGE('',*,*,#919,.T.);
#1176=ORIENTED_EDGE('',*,*,#918,.F.);
#1177=ORIENTED_EDGE('',*,*,#920,.F.);
#1178=ORIENTED_EDGE('',*,*,#921,.T.);
#1179=ORIENTED_EDGE('',*,*,#922,.T.);
#1180=ORIENTED_EDGE('',*,*,#921,.F.);
#1181=ORIENTED_EDGE('',*,*,#923,.F.);
#1182=ORIENTED_EDGE('',*,*,#924,.T.);
#1183=ORIENTED_EDGE('',*,*,#925,.T.);
#1184=ORIENTED_EDGE('',*,*,#924,.F.);
#1185=ORIENTED_EDGE('',*,*,#926,.F.);
#1186=ORIENTED_EDGE('',*,*,#927,.T.);
#1187=ORIENTED_EDGE('',*,*,#928,.T.);
#1188=ORIENTED_EDGE('',*,*,#927,.F.);
#1189=ORIENTED_EDGE('',*,*,#929,.F.);
#1190=ORIENTED_EDGE('',*,*,#930,.T.);
#1191=ORIENTED_EDGE('',*,*,#931,.T.);
#1192=ORIENTED_EDGE('',*,*,#930,.F.);
#1193=ORIENTED_EDGE('',*,*,#932,.F.);
#1194=ORIENTED_EDGE('',*,*,#933,.T.);
#1195=ORIENTED_EDGE('',*,*,#934,.T.);
#1196=ORIENTED_EDGE('',*,*,#933,.F.);
#1197=ORIENTED_EDGE('',*,*,#935,.T.);
#1198=ORIENTED_EDGE('',*,*,#936,.T.);
#1199=ORIENTED_EDGE('',*,*,#937,.T.);
#1200=ORIENTED_EDGE('',*,*,#938,.F.);
#1201=ORIENTED_EDGE('',*,*,#913,.F.);
#1202=ORIENTED_EDGE('',*,*,#939,.F.);
#1203=ORIENTED_EDGE('',*,*,#940,.F.);
#1204=ORIENTED_EDGE('',*,*,#941,.F.);
#1205=ORIENTED_EDGE('',*,*,#942,.F.);
#1206=ORIENTED_EDGE('',*,*,#943,.F.);
#1207=ORIENTED_EDGE('',*,*,#944,.F.);
#1208=ORIENTED_EDGE('',*,*,#945,.F.);
#1209=ORIENTED_EDGE('',*,*,#946,.F.);
#1210=ORIENTED_EDGE('',*,*,#916,.F.);
#1211=ORIENTED_EDGE('',*,*,#919,.F.);
#1212=ORIENTED_EDGE('',*,*,#922,.F.);
#1213=ORIENTED_EDGE('',*,*,#947,.T.);
#1214=ORIENTED_EDGE('',*,*,#948,.T.);
#1215=ORIENTED_EDGE('',*,*,#949,.F.);
#1216=ORIENTED_EDGE('',*,*,#950,.T.);
#1217=ORIENTED_EDGE('',*,*,#951,.F.);
#1218=ORIENTED_EDGE('',*,*,#952,.T.);
#1219=ORIENTED_EDGE('',*,*,#953,.T.);
#1220=ORIENTED_EDGE('',*,*,#954,.T.);
#1221=ORIENTED_EDGE('',*,*,#955,.F.);
#1222=ORIENTED_EDGE('',*,*,#956,.T.);
#1223=ORIENTED_EDGE('',*,*,#957,.F.);
#1224=ORIENTED_EDGE('',*,*,#958,.T.);
#1225=ORIENTED_EDGE('',*,*,#959,.T.);
#1226=ORIENTED_EDGE('',*,*,#960,.T.);
#1227=ORIENTED_EDGE('',*,*,#929,.T.);
#1228=ORIENTED_EDGE('',*,*,#932,.T.);
#1229=ORIENTED_EDGE('',*,*,#961,.F.);
#1230=ORIENTED_EDGE('',*,*,#962,.T.);
#1231=ORIENTED_EDGE('',*,*,#955,.T.);
#1232=ORIENTED_EDGE('',*,*,#963,.T.);
#1233=ORIENTED_EDGE('',*,*,#964,.T.);
#1234=ORIENTED_EDGE('',*,*,#965,.T.);
#1235=ORIENTED_EDGE('',*,*,#961,.T.);
#1236=ORIENTED_EDGE('',*,*,#966,.T.);
#1237=ORIENTED_EDGE('',*,*,#967,.F.);
#1238=ORIENTED_EDGE('',*,*,#968,.F.);
#1239=ORIENTED_EDGE('',*,*,#931,.F.);
#1240=ORIENTED_EDGE('',*,*,#934,.F.);
#1241=ORIENTED_EDGE('',*,*,#968,.T.);
#1242=ORIENTED_EDGE('',*,*,#969,.F.);
#1243=ORIENTED_EDGE('',*,*,#970,.F.);
#1244=ORIENTED_EDGE('',*,*,#971,.T.);
#1245=ORIENTED_EDGE('',*,*,#972,.F.);
#1246=ORIENTED_EDGE('',*,*,#973,.T.);
#1247=ORIENTED_EDGE('',*,*,#974,.F.);
#1248=ORIENTED_EDGE('',*,*,#975,.F.);
#1249=ORIENTED_EDGE('',*,*,#976,.F.);
#1250=ORIENTED_EDGE('',*,*,#977,.T.);
#1251=ORIENTED_EDGE('',*,*,#978,.F.);
#1252=ORIENTED_EDGE('',*,*,#979,.T.);
#1253=ORIENTED_EDGE('',*,*,#951,.T.);
#1254=ORIENTED_EDGE('',*,*,#970,.T.);
#1255=ORIENTED_EDGE('',*,*,#980,.F.);
#1256=ORIENTED_EDGE('',*,*,#981,.T.);
#1257=ORIENTED_EDGE('',*,*,#880,.F.);
#1258=ORIENTED_EDGE('',*,*,#883,.F.);
#1259=ORIENTED_EDGE('',*,*,#892,.F.);
#1260=ORIENTED_EDGE('',*,*,#898,.F.);
#1261=ORIENTED_EDGE('',*,*,#901,.F.);
#1262=ORIENTED_EDGE('',*,*,#910,.F.);
#1263=ORIENTED_EDGE('',*,*,#982,.F.);
#1264=ORIENTED_EDGE('',*,*,#983,.F.);
#1265=ORIENTED_EDGE('',*,*,#975,.T.);
#1266=ORIENTED_EDGE('',*,*,#984,.F.);
#1267=ORIENTED_EDGE('',*,*,#985,.F.);
#1268=ORIENTED_EDGE('',*,*,#986,.F.);
#1269=ORIENTED_EDGE('',*,*,#982,.T.);
#1270=ORIENTED_EDGE('',*,*,#987,.F.);
#1271=ORIENTED_EDGE('',*,*,#988,.T.);
#1272=ORIENTED_EDGE('',*,*,#989,.T.);
#1273=ORIENTED_EDGE('',*,*,#990,.T.);
#1274=ORIENTED_EDGE('',*,*,#991,.T.);
#1275=ORIENTED_EDGE('',*,*,#992,.T.);
#1276=ORIENTED_EDGE('',*,*,#993,.T.);
#1277=ORIENTED_EDGE('',*,*,#994,.T.);
#1278=ORIENTED_EDGE('',*,*,#995,.T.);
#1279=ORIENTED_EDGE('',*,*,#911,.T.);
#1280=ORIENTED_EDGE('',*,*,#914,.T.);
#1281=ORIENTED_EDGE('',*,*,#917,.T.);
#1282=ORIENTED_EDGE('',*,*,#920,.T.);
#1283=ORIENTED_EDGE('',*,*,#996,.F.);
#1284=ORIENTED_EDGE('',*,*,#997,.F.);
#1285=ORIENTED_EDGE('',*,*,#985,.T.);
#1286=ORIENTED_EDGE('',*,*,#998,.F.);
#1287=ORIENTED_EDGE('',*,*,#999,.F.);
#1288=ORIENTED_EDGE('',*,*,#1000,.T.);
#1289=ORIENTED_EDGE('',*,*,#1001,.F.);
#1290=ORIENTED_EDGE('',*,*,#1002,.T.);
#1291=ORIENTED_EDGE('',*,*,#1003,.F.);
#1292=ORIENTED_EDGE('',*,*,#1004,.F.);
#1293=ORIENTED_EDGE('',*,*,#949,.T.);
#1294=ORIENTED_EDGE('',*,*,#1005,.T.);
#1295=ORIENTED_EDGE('',*,*,#1006,.F.);
#1296=ORIENTED_EDGE('',*,*,#1007,.T.);
#1297=ORIENTED_EDGE('',*,*,#1008,.F.);
#1298=ORIENTED_EDGE('',*,*,#996,.T.);
#1299=ORIENTED_EDGE('',*,*,#875,.F.);
#1300=ORIENTED_EDGE('',*,*,#884,.F.);
#1301=ORIENTED_EDGE('',*,*,#887,.F.);
#1302=ORIENTED_EDGE('',*,*,#893,.F.);
#1303=ORIENTED_EDGE('',*,*,#902,.F.);
#1304=ORIENTED_EDGE('',*,*,#905,.F.);
#1305=ORIENTED_EDGE('',*,*,#1004,.T.);
#1306=ORIENTED_EDGE('',*,*,#1009,.F.);
#1307=ORIENTED_EDGE('',*,*,#1010,.F.);
#1308=ORIENTED_EDGE('',*,*,#1011,.T.);
#1309=ORIENTED_EDGE('',*,*,#1012,.F.);
#1310=ORIENTED_EDGE('',*,*,#1013,.T.);
#1311=ORIENTED_EDGE('',*,*,#1014,.T.);
#1312=ORIENTED_EDGE('',*,*,#1010,.T.);
#1313=ORIENTED_EDGE('',*,*,#1015,.F.);
#1314=ORIENTED_EDGE('',*,*,#1016,.T.);
#1315=ORIENTED_EDGE('',*,*,#925,.F.);
#1316=ORIENTED_EDGE('',*,*,#928,.F.);
#1317=ORIENTED_EDGE('',*,*,#1017,.F.);
#1318=ORIENTED_EDGE('',*,*,#1018,.T.);
#1319=ORIENTED_EDGE('',*,*,#1012,.T.);
#1320=ORIENTED_EDGE('',*,*,#1019,.T.);
#1321=ORIENTED_EDGE('',*,*,#1020,.F.);
#1322=ORIENTED_EDGE('',*,*,#1021,.T.);
#1323=ORIENTED_EDGE('',*,*,#1017,.T.);
#1324=ORIENTED_EDGE('',*,*,#1022,.T.);
#1325=ORIENTED_EDGE('',*,*,#1023,.T.);
#1326=ORIENTED_EDGE('',*,*,#1024,.F.);
#1327=ORIENTED_EDGE('',*,*,#923,.T.);
#1328=ORIENTED_EDGE('',*,*,#926,.T.);
#1329=ORIENTED_EDGE('',*,*,#1025,.T.);
#1330=ORIENTED_EDGE('',*,*,#1026,.F.);
#1331=ORIENTED_EDGE('',*,*,#1027,.F.);
#1332=ORIENTED_EDGE('',*,*,#1024,.T.);
#1333=ORIENTED_EDGE('',*,*,#1028,.T.);
#1334=ORIENTED_EDGE('',*,*,#1029,.T.);
#1335=ORIENTED_EDGE('',*,*,#1030,.T.);
#1336=ORIENTED_EDGE('',*,*,#1031,.F.);
#1337=ORIENTED_EDGE('',*,*,#1032,.T.);
#1338=ORIENTED_EDGE('',*,*,#1033,.T.);
#1339=ORIENTED_EDGE('',*,*,#1034,.T.);
#1340=ORIENTED_EDGE('',*,*,#1035,.T.);
#1341=ORIENTED_EDGE('',*,*,#947,.F.);
#1342=ORIENTED_EDGE('',*,*,#1026,.T.);
#1343=ORIENTED_EDGE('',*,*,#1036,.T.);
#1344=ORIENTED_EDGE('',*,*,#1037,.T.);
#1345=ORIENTED_EDGE('',*,*,#877,.T.);
#1346=ORIENTED_EDGE('',*,*,#886,.T.);
#1347=ORIENTED_EDGE('',*,*,#889,.T.);
#1348=ORIENTED_EDGE('',*,*,#895,.T.);
#1349=ORIENTED_EDGE('',*,*,#904,.T.);
#1350=ORIENTED_EDGE('',*,*,#907,.T.);
#1351=ORIENTED_EDGE('',*,*,#1038,.T.);
#1352=ORIENTED_EDGE('',*,*,#1031,.T.);
#1353=ORIENTED_EDGE('',*,*,#1039,.T.);
#1354=ORIENTED_EDGE('',*,*,#936,.F.);
#1355=ORIENTED_EDGE('',*,*,#1040,.T.);
#1356=ORIENTED_EDGE('',*,*,#938,.T.);
#1357=ORIENTED_EDGE('',*,*,#1041,.T.);
#1358=ORIENTED_EDGE('',*,*,#1042,.F.);
#1359=ORIENTED_EDGE('',*,*,#1043,.T.);
#1360=ORIENTED_EDGE('',*,*,#1044,.T.);
#1361=ORIENTED_EDGE('',*,*,#1045,.T.);
#1362=ORIENTED_EDGE('',*,*,#1046,.T.);
#1363=ORIENTED_EDGE('',*,*,#1047,.T.);
#1364=ORIENTED_EDGE('',*,*,#1048,.F.);
#1365=ORIENTED_EDGE('',*,*,#953,.F.);
#1366=ORIENTED_EDGE('',*,*,#1049,.T.);
#1367=ORIENTED_EDGE('',*,*,#1050,.T.);
#1368=ORIENTED_EDGE('',*,*,#1051,.T.);
#1369=ORIENTED_EDGE('',*,*,#1052,.T.);
#1370=ORIENTED_EDGE('',*,*,#1042,.T.);
#1371=ORIENTED_EDGE('',*,*,#878,.T.);
#1372=ORIENTED_EDGE('',*,*,#881,.T.);
#1373=ORIENTED_EDGE('',*,*,#890,.T.);
#1374=ORIENTED_EDGE('',*,*,#896,.T.);
#1375=ORIENTED_EDGE('',*,*,#899,.T.);
#1376=ORIENTED_EDGE('',*,*,#908,.T.);
#1377=ORIENTED_EDGE('',*,*,#1053,.T.);
#1378=ORIENTED_EDGE('',*,*,#958,.F.);
#1379=ORIENTED_EDGE('',*,*,#1054,.F.);
#1380=ORIENTED_EDGE('',*,*,#1048,.T.);
#1381=ORIENTED_EDGE('',*,*,#950,.F.);
#1382=ORIENTED_EDGE('',*,*,#1011,.F.);
#1383=ORIENTED_EDGE('',*,*,#1055,.F.);
#1384=ORIENTED_EDGE('',*,*,#1027,.T.);
#1385=ORIENTED_EDGE('',*,*,#1056,.F.);
#1386=ORIENTED_EDGE('',*,*,#998,.T.);
#1387=ORIENTED_EDGE('',*,*,#1057,.F.);
#1388=ORIENTED_EDGE('',*,*,#1039,.F.);
#1389=ORIENTED_EDGE('',*,*,#1030,.F.);
#1390=ORIENTED_EDGE('',*,*,#1058,.T.);
#1391=ORIENTED_EDGE('',*,*,#999,.T.);
#1392=ORIENTED_EDGE('',*,*,#1056,.T.);
#1393=ORIENTED_EDGE('',*,*,#1059,.F.);
#1394=ORIENTED_EDGE('',*,*,#984,.T.);
#1395=ORIENTED_EDGE('',*,*,#1060,.F.);
#1396=ORIENTED_EDGE('',*,*,#1041,.F.);
#1397=ORIENTED_EDGE('',*,*,#1061,.F.);
#1398=ORIENTED_EDGE('',*,*,#971,.F.);
#1399=ORIENTED_EDGE('',*,*,#954,.F.);
#1400=ORIENTED_EDGE('',*,*,#1054,.T.);
#1401=ORIENTED_EDGE('',*,*,#957,.T.);
#1402=ORIENTED_EDGE('',*,*,#1062,.T.);
#1403=ORIENTED_EDGE('',*,*,#964,.F.);
#1404=ORIENTED_EDGE('',*,*,#1061,.T.);
#1405=ORIENTED_EDGE('',*,*,#974,.T.);
#1406=ORIENTED_EDGE('',*,*,#1063,.T.);
#1407=ORIENTED_EDGE('',*,*,#1043,.F.);
#1408=ORIENTED_EDGE('',*,*,#1060,.T.);
#1409=ORIENTED_EDGE('',*,*,#1014,.F.);
#1410=ORIENTED_EDGE('',*,*,#1064,.T.);
#1411=ORIENTED_EDGE('',*,*,#1020,.T.);
#1412=ORIENTED_EDGE('',*,*,#1055,.T.);
#1413=ORIENTED_EDGE('',*,*,#972,.T.);
#1414=ORIENTED_EDGE('',*,*,#1065,.T.);
#1415=ORIENTED_EDGE('',*,*,#1045,.F.);
#1416=ORIENTED_EDGE('',*,*,#1066,.T.);
#1417=ORIENTED_EDGE('',*,*,#1047,.F.);
#1418=ORIENTED_EDGE('',*,*,#1067,.T.);
#1419=ORIENTED_EDGE('',*,*,#980,.T.);
#1420=ORIENTED_EDGE('',*,*,#1068,.T.);
#1421=ORIENTED_EDGE('',*,*,#969,.T.);
#1422=ORIENTED_EDGE('',*,*,#1069,.T.);
#1423=ORIENTED_EDGE('',*,*,#1053,.F.);
#1424=ORIENTED_EDGE('',*,*,#1068,.F.);
#1425=ORIENTED_EDGE('',*,*,#967,.T.);
#1426=ORIENTED_EDGE('',*,*,#1070,.T.);
#1427=ORIENTED_EDGE('',*,*,#959,.F.);
#1428=ORIENTED_EDGE('',*,*,#1069,.F.);
#1429=ORIENTED_EDGE('',*,*,#978,.T.);
#1430=ORIENTED_EDGE('',*,*,#1071,.T.);
#1431=ORIENTED_EDGE('',*,*,#1050,.F.);
#1432=ORIENTED_EDGE('',*,*,#1072,.T.);
#1433=ORIENTED_EDGE('',*,*,#1052,.F.);
#1434=ORIENTED_EDGE('',*,*,#1073,.T.);
#1435=ORIENTED_EDGE('',*,*,#976,.T.);
#1436=ORIENTED_EDGE('',*,*,#1074,.T.);
#1437=ORIENTED_EDGE('',*,*,#1034,.F.);
#1438=ORIENTED_EDGE('',*,*,#1075,.T.);
#1439=ORIENTED_EDGE('',*,*,#1006,.T.);
#1440=ORIENTED_EDGE('',*,*,#1076,.T.);
#1441=ORIENTED_EDGE('',*,*,#1008,.T.);
#1442=ORIENTED_EDGE('',*,*,#1077,.T.);
#1443=ORIENTED_EDGE('',*,*,#1032,.F.);
#1444=ORIENTED_EDGE('',*,*,#1078,.T.);
#1445=ORIENTED_EDGE('',*,*,#1078,.F.);
#1446=ORIENTED_EDGE('',*,*,#1038,.F.);
#1447=ORIENTED_EDGE('',*,*,#1079,.T.);
#1448=ORIENTED_EDGE('',*,*,#997,.T.);
#1449=ORIENTED_EDGE('',*,*,#1079,.F.);
#1450=ORIENTED_EDGE('',*,*,#935,.F.);
#1451=ORIENTED_EDGE('',*,*,#1080,.T.);
#1452=ORIENTED_EDGE('',*,*,#986,.T.);
#1453=ORIENTED_EDGE('',*,*,#1080,.F.);
#1454=ORIENTED_EDGE('',*,*,#1040,.F.);
#1455=ORIENTED_EDGE('',*,*,#1074,.F.);
#1456=ORIENTED_EDGE('',*,*,#983,.T.);
#1457=ORIENTED_EDGE('',*,*,#1003,.T.);
#1458=ORIENTED_EDGE('',*,*,#1081,.T.);
#1459=ORIENTED_EDGE('',*,*,#1036,.F.);
#1460=ORIENTED_EDGE('',*,*,#1082,.F.);
#1461=ORIENTED_EDGE('',*,*,#1028,.F.);
#1462=ORIENTED_EDGE('',*,*,#1083,.T.);
#1463=ORIENTED_EDGE('',*,*,#1001,.T.);
#1464=ORIENTED_EDGE('',*,*,#1084,.T.);
#1465=ORIENTED_EDGE('',*,*,#1023,.F.);
#1466=ORIENTED_EDGE('',*,*,#1085,.T.);
#1467=ORIENTED_EDGE('',*,*,#1015,.T.);
#1468=ORIENTED_EDGE('',*,*,#1086,.T.);
#1469=ORIENTED_EDGE('',*,*,#1009,.T.);
#1470=ORIENTED_EDGE('',*,*,#1082,.T.);
#1471=ORIENTED_EDGE('',*,*,#1025,.F.);
#1472=ORIENTED_EDGE('',*,*,#1086,.F.);
#1473=ORIENTED_EDGE('',*,*,#981,.F.);
#1474=ORIENTED_EDGE('',*,*,#1067,.F.);
#1475=ORIENTED_EDGE('',*,*,#1046,.F.);
#1476=ORIENTED_EDGE('',*,*,#1065,.F.);
#1477=ORIENTED_EDGE('',*,*,#1002,.F.);
#1478=ORIENTED_EDGE('',*,*,#1083,.F.);
#1479=ORIENTED_EDGE('',*,*,#1037,.F.);
#1480=ORIENTED_EDGE('',*,*,#1081,.F.);
#1481=ORIENTED_EDGE('',*,*,#1000,.F.);
#1482=ORIENTED_EDGE('',*,*,#1058,.F.);
#1483=ORIENTED_EDGE('',*,*,#1029,.F.);
#1484=ORIENTED_EDGE('',*,*,#1084,.F.);
#1485=ORIENTED_EDGE('',*,*,#973,.F.);
#1486=ORIENTED_EDGE('',*,*,#1066,.F.);
#1487=ORIENTED_EDGE('',*,*,#1044,.F.);
#1488=ORIENTED_EDGE('',*,*,#1063,.F.);
#1489=ORIENTED_EDGE('',*,*,#1033,.F.);
#1490=ORIENTED_EDGE('',*,*,#1077,.F.);
#1491=ORIENTED_EDGE('',*,*,#1007,.F.);
#1492=ORIENTED_EDGE('',*,*,#1075,.F.);
#1493=ORIENTED_EDGE('',*,*,#977,.F.);
#1494=ORIENTED_EDGE('',*,*,#1073,.F.);
#1495=ORIENTED_EDGE('',*,*,#1051,.F.);
#1496=ORIENTED_EDGE('',*,*,#1071,.F.);
#1497=ORIENTED_EDGE('',*,*,#979,.F.);
#1498=ORIENTED_EDGE('',*,*,#1072,.F.);
#1499=ORIENTED_EDGE('',*,*,#1049,.F.);
#1500=ORIENTED_EDGE('',*,*,#952,.F.);
#1501=ORIENTED_EDGE('',*,*,#1035,.F.);
#1502=ORIENTED_EDGE('',*,*,#1076,.F.);
#1503=ORIENTED_EDGE('',*,*,#1005,.F.);
#1504=ORIENTED_EDGE('',*,*,#948,.F.);
#1505=ORIENTED_EDGE('',*,*,#1021,.F.);
#1506=ORIENTED_EDGE('',*,*,#1064,.F.);
#1507=ORIENTED_EDGE('',*,*,#1013,.F.);
#1508=ORIENTED_EDGE('',*,*,#1018,.F.);
#1509=ORIENTED_EDGE('',*,*,#1016,.F.);
#1510=ORIENTED_EDGE('',*,*,#1085,.F.);
#1511=ORIENTED_EDGE('',*,*,#1022,.F.);
#1512=ORIENTED_EDGE('',*,*,#1019,.F.);
#1513=ORIENTED_EDGE('',*,*,#965,.F.);
#1514=ORIENTED_EDGE('',*,*,#1062,.F.);
#1515=ORIENTED_EDGE('',*,*,#956,.F.);
#1516=ORIENTED_EDGE('',*,*,#962,.F.);
#1517=ORIENTED_EDGE('',*,*,#966,.F.);
#1518=ORIENTED_EDGE('',*,*,#963,.F.);
#1519=ORIENTED_EDGE('',*,*,#960,.F.);
#1520=ORIENTED_EDGE('',*,*,#1070,.F.);
#1521=ORIENTED_EDGE('',*,*,#1087,.F.);
#1522=ORIENTED_EDGE('',*,*,#1088,.F.);
#1523=ORIENTED_EDGE('',*,*,#1057,.T.);
#1524=ORIENTED_EDGE('',*,*,#1089,.T.);
#1525=ORIENTED_EDGE('',*,*,#1090,.F.);
#1526=ORIENTED_EDGE('',*,*,#1091,.T.);
#1527=ORIENTED_EDGE('',*,*,#1092,.T.);
#1528=ORIENTED_EDGE('',*,*,#1059,.T.);
#1529=ORIENTED_EDGE('',*,*,#987,.T.);
#1530=ORIENTED_EDGE('',*,*,#1092,.F.);
#1531=ORIENTED_EDGE('',*,*,#1093,.T.);
#1532=ORIENTED_EDGE('',*,*,#1089,.F.);
#1533=ORIENTED_EDGE('',*,*,#937,.F.);
#1534=ORIENTED_EDGE('',*,*,#1088,.T.);
#1535=ORIENTED_EDGE('',*,*,#1094,.T.);
#1536=ORIENTED_EDGE('',*,*,#1090,.T.);
#1537=ORIENTED_EDGE('',*,*,#1095,.F.);
#1538=ORIENTED_EDGE('',*,*,#1096,.T.);
#1539=ORIENTED_EDGE('',*,*,#1097,.T.);
#1540=ORIENTED_EDGE('',*,*,#1087,.T.);
#1541=ORIENTED_EDGE('',*,*,#1098,.T.);
#1542=ORIENTED_EDGE('',*,*,#1099,.T.);
#1543=ORIENTED_EDGE('',*,*,#1100,.F.);
#1544=ORIENTED_EDGE('',*,*,#1091,.F.);
#1545=ORIENTED_EDGE('',*,*,#1101,.T.);
#1546=ORIENTED_EDGE('',*,*,#1102,.T.);
#1547=ORIENTED_EDGE('',*,*,#1095,.T.);
#1548=ORIENTED_EDGE('',*,*,#1093,.F.);
#1549=ORIENTED_EDGE('',*,*,#1100,.T.);
#1550=ORIENTED_EDGE('',*,*,#1103,.T.);
#1551=ORIENTED_EDGE('',*,*,#1097,.F.);
#1552=ORIENTED_EDGE('',*,*,#1104,.T.);
#1553=ORIENTED_EDGE('',*,*,#1105,.F.);
#1554=ORIENTED_EDGE('',*,*,#1106,.T.);
#1555=ORIENTED_EDGE('',*,*,#1098,.F.);
#1556=ORIENTED_EDGE('',*,*,#1094,.F.);
#1557=ORIENTED_EDGE('',*,*,#1105,.T.);
#1558=ORIENTED_EDGE('',*,*,#1107,.T.);
#1559=ORIENTED_EDGE('',*,*,#1101,.F.);
#1560=ORIENTED_EDGE('',*,*,#1108,.T.);
#1561=ORIENTED_EDGE('',*,*,#940,.T.);
#1562=ORIENTED_EDGE('',*,*,#1109,.F.);
#1563=ORIENTED_EDGE('',*,*,#988,.F.);
#1564=ORIENTED_EDGE('',*,*,#1110,.T.);
#1565=ORIENTED_EDGE('',*,*,#941,.T.);
#1566=ORIENTED_EDGE('',*,*,#1110,.F.);
#1567=ORIENTED_EDGE('',*,*,#995,.F.);
#1568=ORIENTED_EDGE('',*,*,#1111,.T.);
#1569=ORIENTED_EDGE('',*,*,#942,.T.);
#1570=ORIENTED_EDGE('',*,*,#1111,.F.);
#1571=ORIENTED_EDGE('',*,*,#994,.F.);
#1572=ORIENTED_EDGE('',*,*,#1112,.T.);
#1573=ORIENTED_EDGE('',*,*,#943,.T.);
#1574=ORIENTED_EDGE('',*,*,#1112,.F.);
#1575=ORIENTED_EDGE('',*,*,#993,.F.);
#1576=ORIENTED_EDGE('',*,*,#1113,.T.);
#1577=ORIENTED_EDGE('',*,*,#944,.T.);
#1578=ORIENTED_EDGE('',*,*,#1113,.F.);
#1579=ORIENTED_EDGE('',*,*,#992,.F.);
#1580=ORIENTED_EDGE('',*,*,#1114,.T.);
#1581=ORIENTED_EDGE('',*,*,#945,.T.);
#1582=ORIENTED_EDGE('',*,*,#1114,.F.);
#1583=ORIENTED_EDGE('',*,*,#991,.F.);
#1584=ORIENTED_EDGE('',*,*,#1115,.T.);
#1585=ORIENTED_EDGE('',*,*,#946,.T.);
#1586=ORIENTED_EDGE('',*,*,#1115,.F.);
#1587=ORIENTED_EDGE('',*,*,#990,.F.);
#1588=ORIENTED_EDGE('',*,*,#1116,.T.);
#1589=ORIENTED_EDGE('',*,*,#939,.T.);
#1590=ORIENTED_EDGE('',*,*,#1116,.F.);
#1591=ORIENTED_EDGE('',*,*,#989,.F.);
#1592=ORIENTED_EDGE('',*,*,#1109,.T.);
#1593=ORIENTED_EDGE('',*,*,#1102,.F.);
#1594=ORIENTED_EDGE('',*,*,#1107,.F.);
#1595=ORIENTED_EDGE('',*,*,#1104,.F.);
#1596=ORIENTED_EDGE('',*,*,#1096,.F.);
#1597=ORIENTED_EDGE('',*,*,#1103,.F.);
#1598=ORIENTED_EDGE('',*,*,#1099,.F.);
#1599=ORIENTED_EDGE('',*,*,#1106,.F.);
#1600=ORIENTED_EDGE('',*,*,#1108,.F.);
#1601=CYLINDRICAL_SURFACE('',#1759,1.99999999999997);
#1602=CYLINDRICAL_SURFACE('',#1762,1.99999999999997);
#1603=CYLINDRICAL_SURFACE('',#1765,1.99999999999997);
#1604=CYLINDRICAL_SURFACE('',#1768,1.99999999999997);
#1605=CYLINDRICAL_SURFACE('',#1771,1.99999999999997);
#1606=CYLINDRICAL_SURFACE('',#1774,1.99999999999997);
#1607=CYLINDRICAL_SURFACE('',#1777,1.99999999999997);
#1608=CYLINDRICAL_SURFACE('',#1780,1.99999999999997);
#1609=CYLINDRICAL_SURFACE('',#1783,1.99999999999997);
#1610=CYLINDRICAL_SURFACE('',#1786,1.99999999999997);
#1611=CYLINDRICAL_SURFACE('',#1789,1.99999999999997);
#1612=CYLINDRICAL_SURFACE('',#1792,1.99999999999997);
#1613=CYLINDRICAL_SURFACE('',#1795,1.5);
#1614=CYLINDRICAL_SURFACE('',#1798,1.5);
#1615=CYLINDRICAL_SURFACE('',#1801,1.5);
#1616=CYLINDRICAL_SURFACE('',#1804,1.5);
#1617=CYLINDRICAL_SURFACE('',#1807,3.04999999999999);
#1618=CYLINDRICAL_SURFACE('',#1810,3.04999999999999);
#1619=CYLINDRICAL_SURFACE('',#1813,3.04999999999999);
#1620=CYLINDRICAL_SURFACE('',#1816,3.04999999999999);
#1621=CYLINDRICAL_SURFACE('',#1833,1.5);
#1622=CYLINDRICAL_SURFACE('',#1841,2.69999999999999);
#1623=CYLINDRICAL_SURFACE('',#1849,2.69999999999999);
#1624=CYLINDRICAL_SURFACE('',#1857,1.5);
#1625=CYLINDRICAL_SURFACE('',#1867,2.69999999999999);
#1626=CYLINDRICAL_SURFACE('',#1875,1.5);
#1627=CYLINDRICAL_SURFACE('',#1878,1.5);
#1628=CYLINDRICAL_SURFACE('',#1886,2.69999999999999);
#1629=CYLINDRICAL_SURFACE('',#1912,5.);
#1630=CYLINDRICAL_SURFACE('',#1913,5.);
#1631=CYLINDRICAL_SURFACE('',#1914,5.);
#1632=CYLINDRICAL_SURFACE('',#1915,5.);
#1633=CYLINDRICAL_SURFACE('',#1916,5.);
#1634=CYLINDRICAL_SURFACE('',#1917,5.);
#1635=CYLINDRICAL_SURFACE('',#1918,5.);
#1636=CYLINDRICAL_SURFACE('',#1919,5.);
#1637=CYLINDRICAL_SURFACE('',#1920,5.);
#1638=CYLINDRICAL_SURFACE('',#1921,5.);
#1639=CYLINDRICAL_SURFACE('',#1922,5.);
#1640=CYLINDRICAL_SURFACE('',#1923,5.);
#1641=CYLINDRICAL_SURFACE('',#1930,2.70000000000001);
#1642=CYLINDRICAL_SURFACE('',#1931,1.5);
#1643=CYLINDRICAL_SURFACE('',#1941,2.);
#1644=CYLINDRICAL_SURFACE('',#1943,2.);
#1645=CYLINDRICAL_SURFACE('',#1945,2.);
#1646=CYLINDRICAL_SURFACE('',#1947,2.);
#1647=CYLINDRICAL_SURFACE('',#1949,3.);
#1648=CYLINDRICAL_SURFACE('',#1950,3.);
#1649=ADVANCED_FACE('',(#105),#1601,.F.);
#1650=ADVANCED_FACE('',(#106),#1602,.F.);
#1651=ADVANCED_FACE('',(#107),#1603,.F.);
#1652=ADVANCED_FACE('',(#108),#1604,.F.);
#1653=ADVANCED_FACE('',(#109),#1605,.F.);
#1654=ADVANCED_FACE('',(#110),#1606,.F.);
#1655=ADVANCED_FACE('',(#111),#1607,.F.);
#1656=ADVANCED_FACE('',(#112),#1608,.F.);
#1657=ADVANCED_FACE('',(#113),#1609,.F.);
#1658=ADVANCED_FACE('',(#114),#1610,.F.);
#1659=ADVANCED_FACE('',(#115),#1611,.F.);
#1660=ADVANCED_FACE('',(#116),#1612,.F.);
#1661=ADVANCED_FACE('',(#117),#1613,.F.);
#1662=ADVANCED_FACE('',(#118),#1614,.F.);
#1663=ADVANCED_FACE('',(#119),#1615,.F.);
#1664=ADVANCED_FACE('',(#120),#1616,.F.);
#1665=ADVANCED_FACE('',(#121),#1617,.F.);
#1666=ADVANCED_FACE('',(#122),#1618,.F.);
#1667=ADVANCED_FACE('',(#123),#1619,.F.);
#1668=ADVANCED_FACE('',(#124),#1620,.F.);
#1669=ADVANCED_FACE('',(#125,#15,#16,#17,#18,#19),#57,.F.);
#1670=ADVANCED_FACE('',(#126),#58,.T.);
#1671=ADVANCED_FACE('',(#127),#59,.T.);
#1672=ADVANCED_FACE('',(#128,#20,#21),#60,.F.);
#1673=ADVANCED_FACE('',(#129),#61,.T.);
#1674=ADVANCED_FACE('',(#130,#22,#23),#62,.T.);
#1675=ADVANCED_FACE('',(#131),#1621,.F.);
#1676=ADVANCED_FACE('',(#132,#24,#25,#26,#27,#28,#29),#63,.T.);
#1677=ADVANCED_FACE('',(#133),#1622,.T.);
#1678=ADVANCED_FACE('',(#134,#30,#31,#32,#33,#34),#64,.T.);
#1679=ADVANCED_FACE('',(#135),#1623,.T.);
#1680=ADVANCED_FACE('',(#136,#35,#36,#37,#38,#39,#40),#65,.T.);
#1681=ADVANCED_FACE('',(#137),#1624,.F.);
#1682=ADVANCED_FACE('',(#138,#41,#42),#66,.T.);
#1683=ADVANCED_FACE('',(#139),#67,.T.);
#1684=ADVANCED_FACE('',(#140,#43,#44),#68,.F.);
#1685=ADVANCED_FACE('',(#141),#1625,.T.);
#1686=ADVANCED_FACE('',(#142,#45,#46,#47,#48,#49,#50),#69,.F.);
#1687=ADVANCED_FACE('',(#143),#1626,.F.);
#1688=ADVANCED_FACE('',(#144),#1627,.F.);
#1689=ADVANCED_FACE('',(#145,#51,#52,#53,#54,#55,#56),#70,.F.);
#1690=ADVANCED_FACE('',(#146),#1628,.T.);
#1691=ADVANCED_FACE('',(#147),#71,.T.);
#1692=ADVANCED_FACE('',(#148),#72,.T.);
#1693=ADVANCED_FACE('',(#149),#73,.T.);
#1694=ADVANCED_FACE('',(#150),#74,.T.);
#1695=ADVANCED_FACE('',(#151),#75,.T.);
#1696=ADVANCED_FACE('',(#152),#76,.T.);
#1697=ADVANCED_FACE('',(#153),#77,.T.);
#1698=ADVANCED_FACE('',(#154),#78,.F.);
#1699=ADVANCED_FACE('',(#155),#79,.F.);
#1700=ADVANCED_FACE('',(#156),#80,.F.);
#1701=ADVANCED_FACE('',(#157),#81,.T.);
#1702=ADVANCED_FACE('',(#158),#82,.F.);
#1703=ADVANCED_FACE('',(#159),#83,.F.);
#1704=ADVANCED_FACE('',(#160),#84,.F.);
#1705=ADVANCED_FACE('',(#161),#85,.F.);
#1706=ADVANCED_FACE('',(#162),#86,.F.);
#1707=ADVANCED_FACE('',(#163),#87,.T.);
#1708=ADVANCED_FACE('',(#164),#88,.F.);
#1709=ADVANCED_FACE('',(#165),#89,.T.);
#1710=ADVANCED_FACE('',(#166),#90,.F.);
#1711=ADVANCED_FACE('',(#167),#91,.F.);
#1712=ADVANCED_FACE('',(#168),#92,.F.);
#1713=ADVANCED_FACE('',(#169),#93,.T.);
#1714=ADVANCED_FACE('',(#170),#1629,.F.);
#1715=ADVANCED_FACE('',(#171),#1630,.F.);
#1716=ADVANCED_FACE('',(#172),#1631,.T.);
#1717=ADVANCED_FACE('',(#173),#1632,.T.);
#1718=ADVANCED_FACE('',(#174),#1633,.F.);
#1719=ADVANCED_FACE('',(#175),#1634,.F.);
#1720=ADVANCED_FACE('',(#176),#1635,.T.);
#1721=ADVANCED_FACE('',(#177),#1636,.T.);
#1722=ADVANCED_FACE('',(#178),#1637,.T.);
#1723=ADVANCED_FACE('',(#179),#1638,.T.);
#1724=ADVANCED_FACE('',(#180),#1639,.T.);
#1725=ADVANCED_FACE('',(#181),#1640,.T.);
#1726=ADVANCED_FACE('',(#182),#94,.T.);
#1727=ADVANCED_FACE('',(#183),#95,.F.);
#1728=ADVANCED_FACE('',(#184),#1641,.T.);
#1729=ADVANCED_FACE('',(#185),#1642,.F.);
#1730=ADVANCED_FACE('',(#186),#96,.F.);
#1731=ADVANCED_FACE('',(#187),#97,.F.);
#1732=ADVANCED_FACE('',(#188),#98,.F.);
#1733=ADVANCED_FACE('',(#189),#99,.T.);
#1734=ADVANCED_FACE('',(#190),#100,.F.);
#1735=ADVANCED_FACE('',(#191),#1643,.F.);
#1736=ADVANCED_FACE('',(#192),#101,.F.);
#1737=ADVANCED_FACE('',(#193),#1644,.F.);
#1738=ADVANCED_FACE('',(#194),#102,.F.);
#1739=ADVANCED_FACE('',(#195),#1645,.F.);
#1740=ADVANCED_FACE('',(#196),#103,.F.);
#1741=ADVANCED_FACE('',(#197),#1646,.F.);
#1742=ADVANCED_FACE('',(#198),#104,.F.);
#1743=ADVANCED_FACE('',(#199),#1647,.T.);
#1744=ADVANCED_FACE('',(#200),#1648,.T.);
#1745=CLOSED_SHELL('',(#1649,#1650,#1651,#1652,#1653,#1654,#1655,#1656,
#1657,#1658,#1659,#1660,#1661,#1662,#1663,#1664,#1665,#1666,#1667,#1668,
#1669,#1670,#1671,#1672,#1673,#1674,#1675,#1676,#1677,#1678,#1679,#1680,
#1681,#1682,#1683,#1684,#1685,#1686,#1687,#1688,#1689,#1690,#1691,#1692,
#1693,#1694,#1695,#1696,#1697,#1698,#1699,#1700,#1701,#1702,#1703,#1704,
#1705,#1706,#1707,#1708,#1709,#1710,#1711,#1712,#1713,#1714,#1715,#1716,
#1717,#1718,#1719,#1720,#1721,#1722,#1723,#1724,#1725,#1726,#1727,#1728,
#1729,#1730,#1731,#1732,#1733,#1734,#1735,#1736,#1737,#1738,#1739,#1740,
#1741,#1742,#1743,#1744));
#1746=DERIVED_UNIT_ELEMENT(#1748,1.);
#1747=DERIVED_UNIT_ELEMENT(#2975,-3.);
#1748=(
MASS_UNIT()
NAMED_UNIT(*)
SI_UNIT(.KILO.,.GRAM.)
);
#1749=DERIVED_UNIT((#1746,#1747));
#1750=MEASURE_REPRESENTATION_ITEM('density measure',
POSITIVE_RATIO_MEASURE(7850.),#1749);
#1751=PROPERTY_DEFINITION_REPRESENTATION(#1756,#1753);
#1752=PROPERTY_DEFINITION_REPRESENTATION(#1757,#1754);
#1753=REPRESENTATION('material name',(#1755),#2972);
#1754=REPRESENTATION('density',(#1750),#2972);
#1755=DESCRIPTIVE_REPRESENTATION_ITEM('Steel','Steel');
#1756=PROPERTY_DEFINITION('material property','material name',#2982);
#1757=PROPERTY_DEFINITION('material property','density of part',#2982);
#1758=AXIS2_PLACEMENT_3D('',#2483,#1951,#1952);
#1759=AXIS2_PLACEMENT_3D('',#2484,#1953,#1954);
#1760=AXIS2_PLACEMENT_3D('',#2486,#1955,#1956);
#1761=AXIS2_PLACEMENT_3D('',#2489,#1958,#1959);
#1762=AXIS2_PLACEMENT_3D('',#2490,#1960,#1961);
#1763=AXIS2_PLACEMENT_3D('',#2492,#1962,#1963);
#1764=AXIS2_PLACEMENT_3D('',#2495,#1965,#1966);
#1765=AXIS2_PLACEMENT_3D('',#2496,#1967,#1968);
#1766=AXIS2_PLACEMENT_3D('',#2498,#1969,#1970);
#1767=AXIS2_PLACEMENT_3D('',#2501,#1972,#1973);
#1768=AXIS2_PLACEMENT_3D('',#2502,#1974,#1975);
#1769=AXIS2_PLACEMENT_3D('',#2504,#1976,#1977);
#1770=AXIS2_PLACEMENT_3D('',#2507,#1979,#1980);
#1771=AXIS2_PLACEMENT_3D('',#2508,#1981,#1982);
#1772=AXIS2_PLACEMENT_3D('',#2510,#1983,#1984);
#1773=AXIS2_PLACEMENT_3D('',#2513,#1986,#1987);
#1774=AXIS2_PLACEMENT_3D('',#2514,#1988,#1989);
#1775=AXIS2_PLACEMENT_3D('',#2516,#1990,#1991);
#1776=AXIS2_PLACEMENT_3D('',#2519,#1993,#1994);
#1777=AXIS2_PLACEMENT_3D('',#2520,#1995,#1996);
#1778=AXIS2_PLACEMENT_3D('',#2522,#1997,#1998);
#1779=AXIS2_PLACEMENT_3D('',#2525,#2000,#2001);
#1780=AXIS2_PLACEMENT_3D('',#2526,#2002,#2003);
#1781=AXIS2_PLACEMENT_3D('',#2528,#2004,#2005);
#1782=AXIS2_PLACEMENT_3D('',#2531,#2007,#2008);
#1783=AXIS2_PLACEMENT_3D('',#2532,#2009,#2010);
#1784=AXIS2_PLACEMENT_3D('',#2534,#2011,#2012);
#1785=AXIS2_PLACEMENT_3D('',#2537,#2014,#2015);
#1786=AXIS2_PLACEMENT_3D('',#2538,#2016,#2017);
#1787=AXIS2_PLACEMENT_3D('',#2540,#2018,#2019);
#1788=AXIS2_PLACEMENT_3D('',#2543,#2021,#2022);
#1789=AXIS2_PLACEMENT_3D('',#2544,#2023,#2024);
#1790=AXIS2_PLACEMENT_3D('',#2546,#2025,#2026);
#1791=AXIS2_PLACEMENT_3D('',#2549,#2028,#2029);
#1792=AXIS2_PLACEMENT_3D('',#2550,#2030,#2031);
#1793=AXIS2_PLACEMENT_3D('',#2552,#2032,#2033);
#1794=AXIS2_PLACEMENT_3D('',#2555,#2035,#2036);
#1795=AXIS2_PLACEMENT_3D('',#2556,#2037,#2038);
#1796=AXIS2_PLACEMENT_3D('',#2558,#2039,#2040);
#1797=AXIS2_PLACEMENT_3D('',#2561,#2042,#2043);
#1798=AXIS2_PLACEMENT_3D('',#2562,#2044,#2045);
#1799=AXIS2_PLACEMENT_3D('',#2564,#2046,#2047);
#1800=AXIS2_PLACEMENT_3D('',#2567,#2049,#2050);
#1801=AXIS2_PLACEMENT_3D('',#2568,#2051,#2052);
#1802=AXIS2_PLACEMENT_3D('',#2570,#2053,#2054);
#1803=AXIS2_PLACEMENT_3D('',#2573,#2056,#2057);
#1804=AXIS2_PLACEMENT_3D('',#2574,#2058,#2059);
#1805=AXIS2_PLACEMENT_3D('',#2576,#2060,#2061);
#1806=AXIS2_PLACEMENT_3D('',#2579,#2063,#2064);
#1807=AXIS2_PLACEMENT_3D('',#2580,#2065,#2066);
#1808=AXIS2_PLACEMENT_3D('',#2582,#2067,#2068);
#1809=AXIS2_PLACEMENT_3D('',#2585,#2070,#2071);
#1810=AXIS2_PLACEMENT_3D('',#2586,#2072,#2073);
#1811=AXIS2_PLACEMENT_3D('',#2588,#2074,#2075);
#1812=AXIS2_PLACEMENT_3D('',#2591,#2077,#2078);
#1813=AXIS2_PLACEMENT_3D('',#2592,#2079,#2080);
#1814=AXIS2_PLACEMENT_3D('',#2594,#2081,#2082);
#1815=AXIS2_PLACEMENT_3D('',#2597,#2084,#2085);
#1816=AXIS2_PLACEMENT_3D('',#2598,#2086,#2087);
#1817=AXIS2_PLACEMENT_3D('',#2600,#2088,#2089);
#1818=AXIS2_PLACEMENT_3D('',#2603,#2091,#2092);
#1819=AXIS2_PLACEMENT_3D('',#2604,#2093,#2094);
#1820=AXIS2_PLACEMENT_3D('',#2617,#2100,#2101);
#1821=AXIS2_PLACEMENT_3D('',#2621,#2103,#2104);
#1822=AXIS2_PLACEMENT_3D('',#2625,#2106,#2107);
#1823=AXIS2_PLACEMENT_3D('',#2628,#2109,#2110);
#1824=AXIS2_PLACEMENT_3D('',#2629,#2111,#2112);
#1825=AXIS2_PLACEMENT_3D('',#2638,#2117,#2118);
#1826=AXIS2_PLACEMENT_3D('',#2647,#2123,#2124);
#1827=AXIS2_PLACEMENT_3D('',#2652,#2126,#2127);
#1828=AXIS2_PLACEMENT_3D('',#2659,#2131,#2132);
#1829=AXIS2_PLACEMENT_3D('',#2660,#2133,#2134);
#1830=AXIS2_PLACEMENT_3D('',#2666,#2138,#2139);
#1831=AXIS2_PLACEMENT_3D('',#2670,#2141,#2142);
#1832=AXIS2_PLACEMENT_3D('',#2672,#2143,#2144);
#1833=AXIS2_PLACEMENT_3D('',#2676,#2147,#2148);
#1834=AXIS2_PLACEMENT_3D('',#2678,#2149,#2150);
#1835=AXIS2_PLACEMENT_3D('',#2680,#2152,#2153);
#1836=AXIS2_PLACEMENT_3D('',#2681,#2154,#2155);
#1837=AXIS2_PLACEMENT_3D('',#2686,#2157,#2158);
#1838=AXIS2_PLACEMENT_3D('',#2694,#2162,#2163);
#1839=AXIS2_PLACEMENT_3D('',#2697,#2165,#2166);
#1840=AXIS2_PLACEMENT_3D('',#2700,#2168,#2169);
#1841=AXIS2_PLACEMENT_3D('',#2701,#2170,#2171);
#1842=AXIS2_PLACEMENT_3D('',#2705,#2173,#2174);
#1843=AXIS2_PLACEMENT_3D('',#2706,#2175,#2176);
#1844=AXIS2_PLACEMENT_3D('',#2707,#2177,#2178);
#1845=AXIS2_PLACEMENT_3D('',#2715,#2182,#2183);
#1846=AXIS2_PLACEMENT_3D('',#2719,#2185,#2186);
#1847=AXIS2_PLACEMENT_3D('',#2723,#2188,#2189);
#1848=AXIS2_PLACEMENT_3D('',#2727,#2191,#2192);
#1849=AXIS2_PLACEMENT_3D('',#2729,#2194,#2195);
#1850=AXIS2_PLACEMENT_3D('',#2733,#2197,#2198);
#1851=AXIS2_PLACEMENT_3D('',#2734,#2199,#2200);
#1852=AXIS2_PLACEMENT_3D('',#2735,#2201,#2202);
#1853=AXIS2_PLACEMENT_3D('',#2739,#2204,#2205);
#1854=AXIS2_PLACEMENT_3D('',#2743,#2207,#2208);
#1855=AXIS2_PLACEMENT_3D('',#2748,#2211,#2212);
#1856=AXIS2_PLACEMENT_3D('',#2752,#2214,#2215);
#1857=AXIS2_PLACEMENT_3D('',#2754,#2217,#2218);
#1858=AXIS2_PLACEMENT_3D('',#2756,#2219,#2220);
#1859=AXIS2_PLACEMENT_3D('',#2759,#2222,#2223);
#1860=AXIS2_PLACEMENT_3D('',#2760,#2224,#2225);
#1861=AXIS2_PLACEMENT_3D('',#2765,#2227,#2228);
#1862=AXIS2_PLACEMENT_3D('',#2769,#2231,#2232);
#1863=AXIS2_PLACEMENT_3D('',#2770,#2233,#2234);
#1864=AXIS2_PLACEMENT_3D('',#2776,#2238,#2239);
#1865=AXIS2_PLACEMENT_3D('',#2780,#2241,#2242);
#1866=AXIS2_PLACEMENT_3D('',#2782,#2243,#2244);
#1867=AXIS2_PLACEMENT_3D('',#2786,#2247,#2248);
#1868=AXIS2_PLACEMENT_3D('',#2788,#2249,#2250);
#1869=AXIS2_PLACEMENT_3D('',#2790,#2252,#2253);
#1870=AXIS2_PLACEMENT_3D('',#2791,#2254,#2255);
#1871=AXIS2_PLACEMENT_3D('',#2796,#2257,#2258);
#1872=AXIS2_PLACEMENT_3D('',#2804,#2262,#2263);
#1873=AXIS2_PLACEMENT_3D('',#2807,#2265,#2266);
#1874=AXIS2_PLACEMENT_3D('',#2810,#2268,#2269);
#1875=AXIS2_PLACEMENT_3D('',#2811,#2270,#2271);
#1876=AXIS2_PLACEMENT_3D('',#2812,#2272,#2273);
#1877=AXIS2_PLACEMENT_3D('',#2813,#2274,#2275);
#1878=AXIS2_PLACEMENT_3D('',#2814,#2276,#2277);
#1879=AXIS2_PLACEMENT_3D('',#2816,#2278,#2279);
#1880=AXIS2_PLACEMENT_3D('',#2818,#2280,#2281);
#1881=AXIS2_PLACEMENT_3D('',#2820,#2283,#2284);
#1882=AXIS2_PLACEMENT_3D('',#2824,#2286,#2287);
#1883=AXIS2_PLACEMENT_3D('',#2828,#2289,#2290);
#1884=AXIS2_PLACEMENT_3D('',#2833,#2293,#2294);
#1885=AXIS2_PLACEMENT_3D('',#2837,#2296,#2297);
#1886=AXIS2_PLACEMENT_3D('',#2839,#2299,#2300);
#1887=AXIS2_PLACEMENT_3D('',#2840,#2301,#2302);
#1888=AXIS2_PLACEMENT_3D('',#2841,#2303,#2304);
#1889=AXIS2_PLACEMENT_3D('',#2842,#2305,#2306);
#1890=AXIS2_PLACEMENT_3D('',#2844,#2308,#2309);
#1891=AXIS2_PLACEMENT_3D('',#2847,#2312,#2313);
#1892=AXIS2_PLACEMENT_3D('',#2849,#2315,#2316);
#1893=AXIS2_PLACEMENT_3D('',#2852,#2319,#2320);
#1894=AXIS2_PLACEMENT_3D('',#2854,#2322,#2323);
#1895=AXIS2_PLACEMENT_3D('',#2856,#2325,#2326);
#1896=AXIS2_PLACEMENT_3D('',#2858,#2328,#2329);
#1897=AXIS2_PLACEMENT_3D('',#2860,#2331,#2332);
#1898=AXIS2_PLACEMENT_3D('',#2863,#2335,#2336);
#1899=AXIS2_PLACEMENT_3D('',#2866,#2339,#2340);
#1900=AXIS2_PLACEMENT_3D('',#2868,#2342,#2343);
#1901=AXIS2_PLACEMENT_3D('',#2870,#2345,#2346);
#1902=AXIS2_PLACEMENT_3D('',#2873,#2349,#2350);
#1903=AXIS2_PLACEMENT_3D('',#2876,#2353,#2354);
#1904=AXIS2_PLACEMENT_3D('',#2879,#2357,#2358);
#1905=AXIS2_PLACEMENT_3D('',#2882,#2361,#2362);
#1906=AXIS2_PLACEMENT_3D('',#2884,#2364,#2365);
#1907=AXIS2_PLACEMENT_3D('',#2886,#2367,#2368);
#1908=AXIS2_PLACEMENT_3D('',#2887,#2369,#2370);
#1909=AXIS2_PLACEMENT_3D('',#2890,#2373,#2374);
#1910=AXIS2_PLACEMENT_3D('',#2893,#2377,#2378);
#1911=AXIS2_PLACEMENT_3D('',#2896,#2381,#2382);
#1912=AXIS2_PLACEMENT_3D('',#2897,#2383,#2384);
#1913=AXIS2_PLACEMENT_3D('',#2898,#2385,#2386);
#1914=AXIS2_PLACEMENT_3D('',#2899,#2387,#2388);
#1915=AXIS2_PLACEMENT_3D('',#2900,#2389,#2390);
#1916=AXIS2_PLACEMENT_3D('',#2901,#2391,#2392);
#1917=AXIS2_PLACEMENT_3D('',#2902,#2393,#2394);
#1918=AXIS2_PLACEMENT_3D('',#2903,#2395,#2396);
#1919=AXIS2_PLACEMENT_3D('',#2904,#2397,#2398);
#1920=AXIS2_PLACEMENT_3D('',#2905,#2399,#2400);
#1921=AXIS2_PLACEMENT_3D('',#2906,#2401,#2402);
#1922=AXIS2_PLACEMENT_3D('',#2907,#2403,#2404);
#1923=AXIS2_PLACEMENT_3D('',#2908,#2405,#2406);
#1924=AXIS2_PLACEMENT_3D('',#2909,#2407,#2408);
#1925=AXIS2_PLACEMENT_3D('',#2913,#2410,#2411);
#1926=AXIS2_PLACEMENT_3D('',#2914,#2412,#2413);
#1927=AXIS2_PLACEMENT_3D('',#2915,#2414,#2415);
#1928=AXIS2_PLACEMENT_3D('',#2917,#2416,#2417);
#1929=AXIS2_PLACEMENT_3D('',#2920,#2419,#2420);
#1930=AXIS2_PLACEMENT_3D('',#2921,#2421,#2422);
#1931=AXIS2_PLACEMENT_3D('',#2923,#2424,#2425);
#1932=AXIS2_PLACEMENT_3D('',#2925,#2427,#2428);
#1933=AXIS2_PLACEMENT_3D('',#2931,#2432,#2433);
#1934=AXIS2_PLACEMENT_3D('',#2937,#2437,#2438);
#1935=AXIS2_PLACEMENT_3D('',#2941,#2440,#2441);
#1936=AXIS2_PLACEMENT_3D('',#2942,#2442,#2443);
#1937=AXIS2_PLACEMENT_3D('',#2943,#2444,#2445);
#1938=AXIS2_PLACEMENT_3D('',#2945,#2446,#2447);
#1939=AXIS2_PLACEMENT_3D('',#2948,#2449,#2450);
#1940=AXIS2_PLACEMENT_3D('',#2949,#2451,#2452);
#1941=AXIS2_PLACEMENT_3D('',#2952,#2455,#2456);
#1942=AXIS2_PLACEMENT_3D('',#2955,#2459,#2460);
#1943=AXIS2_PLACEMENT_3D('',#2957,#2462,#2463);
#1944=AXIS2_PLACEMENT_3D('',#2959,#2465,#2466);
#1945=AXIS2_PLACEMENT_3D('',#2961,#2468,#2469);
#1946=AXIS2_PLACEMENT_3D('',#2963,#2471,#2472);
#1947=AXIS2_PLACEMENT_3D('',#2965,#2474,#2475);
#1948=AXIS2_PLACEMENT_3D('',#2967,#2477,#2478);
#1949=AXIS2_PLACEMENT_3D('',#2968,#2479,#2480);
#1950=AXIS2_PLACEMENT_3D('',#2969,#2481,#2482);
#1951=DIRECTION('axis',(0.,0.,1.));
#1952=DIRECTION('refdir',(1.,0.,0.));
#1953=DIRECTION('center_axis',(1.,0.,0.));
#1954=DIRECTION('ref_axis',(0.,0.,-1.));
#1955=DIRECTION('center_axis',(-1.,-1.16816395688674E-16,0.));
#1956=DIRECTION('ref_axis',(1.16816395688674E-16,-1.,0.));
#1957=DIRECTION('',(1.,0.,0.));
#1958=DIRECTION('center_axis',(-1.,-1.16816395688674E-16,0.));
#1959=DIRECTION('ref_axis',(1.16816395688674E-16,-1.,0.));
#1960=DIRECTION('center_axis',(1.,0.,0.));
#1961=DIRECTION('ref_axis',(0.,0.,-1.));
#1962=DIRECTION('center_axis',(1.,-1.16816395688674E-16,0.));
#1963=DIRECTION('ref_axis',(1.16816395688674E-16,1.,0.));
#1964=DIRECTION('',(1.,0.,0.));
#1965=DIRECTION('center_axis',(1.,0.,0.));
#1966=DIRECTION('ref_axis',(0.,0.,-1.));
#1967=DIRECTION('center_axis',(1.,0.,0.));
#1968=DIRECTION('ref_axis',(0.,0.,-1.));
#1969=DIRECTION('center_axis',(1.,-1.16816395688674E-16,0.));
#1970=DIRECTION('ref_axis',(1.16816395688674E-16,1.,0.));
#1971=DIRECTION('',(1.,0.,0.));
#1972=DIRECTION('center_axis',(1.,0.,0.));
#1973=DIRECTION('ref_axis',(0.,0.,-1.));
#1974=DIRECTION('center_axis',(1.,0.,0.));
#1975=DIRECTION('ref_axis',(0.,0.,-1.));
#1976=DIRECTION('center_axis',(-1.,-1.16816395688674E-16,0.));
#1977=DIRECTION('ref_axis',(1.16816395688674E-16,-1.,0.));
#1978=DIRECTION('',(1.,0.,0.));
#1979=DIRECTION('center_axis',(-1.,-1.16816395688674E-16,0.));
#1980=DIRECTION('ref_axis',(1.16816395688674E-16,-1.,0.));
#1981=DIRECTION('center_axis',(1.,0.,0.));
#1982=DIRECTION('ref_axis',(0.,0.,-1.));
#1983=DIRECTION('center_axis',(-1.,-1.16816395688674E-16,0.));
#1984=DIRECTION('ref_axis',(1.16816395688674E-16,-1.,0.));
#1985=DIRECTION('',(1.,0.,0.));
#1986=DIRECTION('center_axis',(-1.,-1.16816395688674E-16,0.));
#1987=DIRECTION('ref_axis',(1.16816395688674E-16,-1.,0.));
#1988=DIRECTION('center_axis',(1.,0.,0.));
#1989=DIRECTION('ref_axis',(0.,0.,-1.));
#1990=DIRECTION('center_axis',(1.,-1.16816395688674E-16,0.));
#1991=DIRECTION('ref_axis',(1.16816395688674E-16,1.,0.));
#1992=DIRECTION('',(1.,0.,0.));
#1993=DIRECTION('center_axis',(1.,0.,0.));
#1994=DIRECTION('ref_axis',(0.,0.,-1.));
#1995=DIRECTION('center_axis',(1.,0.,0.));
#1996=DIRECTION('ref_axis',(0.,0.,-1.));
#1997=DIRECTION('center_axis',(-1.,-1.16816395688674E-16,0.));
#1998=DIRECTION('ref_axis',(1.16816395688674E-16,-1.,0.));
#1999=DIRECTION('',(1.,0.,0.));
#2000=DIRECTION('center_axis',(-1.,-1.16816395688674E-16,0.));
#2001=DIRECTION('ref_axis',(1.16816395688674E-16,-1.,0.));
#2002=DIRECTION('center_axis',(1.,0.,0.));
#2003=DIRECTION('ref_axis',(0.,0.,-1.));
#2004=DIRECTION('center_axis',(1.,-1.16816395688674E-16,0.));
#2005=DIRECTION('ref_axis',(1.16816395688674E-16,1.,0.));
#2006=DIRECTION('',(1.,0.,0.));
#2007=DIRECTION('center_axis',(1.,0.,0.));
#2008=DIRECTION('ref_axis',(0.,0.,-1.));
#2009=DIRECTION('center_axis',(1.,0.,0.));
#2010=DIRECTION('ref_axis',(0.,0.,-1.));
#2011=DIRECTION('center_axis',(1.,-1.16816395688674E-16,0.));
#2012=DIRECTION('ref_axis',(1.16816395688674E-16,1.,0.));
#2013=DIRECTION('',(1.,0.,0.));
#2014=DIRECTION('center_axis',(1.,0.,0.));
#2015=DIRECTION('ref_axis',(0.,0.,-1.));
#2016=DIRECTION('center_axis',(1.,0.,0.));
#2017=DIRECTION('ref_axis',(0.,0.,-1.));
#2018=DIRECTION('center_axis',(-1.,-1.16816395688674E-16,0.));
#2019=DIRECTION('ref_axis',(1.16816395688674E-16,-1.,0.));
#2020=DIRECTION('',(1.,0.,0.));
#2021=DIRECTION('center_axis',(-1.,-1.16816395688674E-16,0.));
#2022=DIRECTION('ref_axis',(1.16816395688674E-16,-1.,0.));
#2023=DIRECTION('center_axis',(1.,0.,0.));
#2024=DIRECTION('ref_axis',(0.,0.,-1.));
#2025=DIRECTION('center_axis',(-1.,-1.16816395688674E-16,0.));
#2026=DIRECTION('ref_axis',(1.16816395688674E-16,-1.,0.));
#2027=DIRECTION('',(1.,0.,0.));
#2028=DIRECTION('center_axis',(-1.,-1.16816395688674E-16,0.));
#2029=DIRECTION('ref_axis',(1.16816395688674E-16,-1.,0.));
#2030=DIRECTION('center_axis',(1.,0.,0.));
#2031=DIRECTION('ref_axis',(0.,0.,-1.));
#2032=DIRECTION('center_axis',(1.,-1.16816395688674E-16,0.));
#2033=DIRECTION('ref_axis',(1.16816395688674E-16,1.,0.));
#2034=DIRECTION('',(1.,0.,0.));
#2035=DIRECTION('center_axis',(1.,0.,0.));
#2036=DIRECTION('ref_axis',(0.,0.,-1.));
#2037=DIRECTION('center_axis',(0.,-1.,0.));
#2038=DIRECTION('ref_axis',(0.,0.,-1.));
#2039=DIRECTION('center_axis',(0.,-1.,0.));
#2040=DIRECTION('ref_axis',(0.,0.,-1.));
#2041=DIRECTION('',(0.,-1.,0.));
#2042=DIRECTION('center_axis',(0.,-1.,0.));
#2043=DIRECTION('ref_axis',(0.,0.,-1.));
#2044=DIRECTION('center_axis',(0.,-1.,0.));
#2045=DIRECTION('ref_axis',(0.,0.,-1.));
#2046=DIRECTION('center_axis',(0.,-1.,0.));
#2047=DIRECTION('ref_axis',(0.,0.,-1.));
#2048=DIRECTION('',(0.,-1.,0.));
#2049=DIRECTION('center_axis',(0.,-1.,0.));
#2050=DIRECTION('ref_axis',(0.,0.,-1.));
#2051=DIRECTION('center_axis',(0.,-1.,0.));
#2052=DIRECTION('ref_axis',(0.,0.,-1.));
#2053=DIRECTION('center_axis',(0.,-1.,0.));
#2054=DIRECTION('ref_axis',(0.,0.,-1.));
#2055=DIRECTION('',(0.,-1.,0.));
#2056=DIRECTION('center_axis',(0.,-1.,0.));
#2057=DIRECTION('ref_axis',(0.,0.,-1.));
#2058=DIRECTION('center_axis',(0.,-1.,0.));
#2059=DIRECTION('ref_axis',(0.,0.,-1.));
#2060=DIRECTION('center_axis',(0.,-1.,0.));
#2061=DIRECTION('ref_axis',(0.,0.,-1.));
#2062=DIRECTION('',(0.,-1.,0.));
#2063=DIRECTION('center_axis',(0.,-1.,0.));
#2064=DIRECTION('ref_axis',(0.,0.,-1.));
#2065=DIRECTION('center_axis',(0.,1.,0.));
#2066=DIRECTION('ref_axis',(0.,0.,1.));
#2067=DIRECTION('center_axis',(0.,1.,0.));
#2068=DIRECTION('ref_axis',(0.,0.,1.));
#2069=DIRECTION('',(0.,1.,0.));
#2070=DIRECTION('center_axis',(0.,1.,0.));
#2071=DIRECTION('ref_axis',(0.,0.,1.));
#2072=DIRECTION('center_axis',(0.,1.,0.));
#2073=DIRECTION('ref_axis',(0.,0.,1.));
#2074=DIRECTION('center_axis',(0.,1.,0.));
#2075=DIRECTION('ref_axis',(0.,0.,1.));
#2076=DIRECTION('',(0.,1.,0.));
#2077=DIRECTION('center_axis',(0.,1.,0.));
#2078=DIRECTION('ref_axis',(0.,0.,1.));
#2079=DIRECTION('center_axis',(0.,1.,0.));
#2080=DIRECTION('ref_axis',(0.,0.,1.));
#2081=DIRECTION('center_axis',(0.,1.,0.));
#2082=DIRECTION('ref_axis',(0.,0.,1.));
#2083=DIRECTION('',(0.,1.,0.));
#2084=DIRECTION('center_axis',(0.,1.,0.));
#2085=DIRECTION('ref_axis',(0.,0.,1.));
#2086=DIRECTION('center_axis',(0.,1.,0.));
#2087=DIRECTION('ref_axis',(0.,0.,1.));
#2088=DIRECTION('center_axis',(0.,1.,0.));
#2089=DIRECTION('ref_axis',(0.,0.,1.));
#2090=DIRECTION('',(0.,1.,0.));
#2091=DIRECTION('center_axis',(0.,1.,0.));
#2092=DIRECTION('ref_axis',(0.,0.,1.));
#2093=DIRECTION('center_axis',(0.,1.,0.));
#2094=DIRECTION('ref_axis',(0.,0.,1.));
#2095=DIRECTION('',(-1.,0.,0.));
#2096=DIRECTION('',(0.,0.,-1.));
#2097=DIRECTION('',(1.,0.,0.));
#2098=DIRECTION('',(0.,0.,-1.));
#2099=DIRECTION('',(1.,0.,1.92747052886312E-16));
#2100=DIRECTION('center_axis',(0.,-1.,0.));
#2101=DIRECTION('ref_axis',(0.,0.,1.));
#2102=DIRECTION('',(0.,0.,-1.));
#2103=DIRECTION('center_axis',(0.,-1.,0.));
#2104=DIRECTION('ref_axis',(0.,0.,-1.));
#2105=DIRECTION('',(-1.,0.,0.));
#2106=DIRECTION('center_axis',(0.,-1.,0.));
#2107=DIRECTION('ref_axis',(0.,0.,1.));
#2108=DIRECTION('',(0.,0.,1.));
#2109=DIRECTION('center_axis',(0.,-1.,0.));
#2110=DIRECTION('ref_axis',(0.,0.,1.));
#2111=DIRECTION('center_axis',(0.,0.,1.));
#2112=DIRECTION('ref_axis',(1.,0.,0.));
#2113=DIRECTION('',(-1.16816395688674E-16,1.,0.));
#2114=DIRECTION('',(-1.,-1.16816395688674E-16,0.));
#2115=DIRECTION('',(-1.16816395688674E-16,1.,0.));
#2116=DIRECTION('',(1.,1.80700362080916E-16,0.));
#2117=DIRECTION('center_axis',(0.,0.,1.));
#2118=DIRECTION('ref_axis',(1.,0.,0.));
#2119=DIRECTION('',(-1.16816395688674E-16,-1.,0.));
#2120=DIRECTION('',(-1.,1.16816395688674E-16,0.));
#2121=DIRECTION('',(-1.16816395688674E-16,-1.,0.));
#2122=DIRECTION('',(1.,-7.22801448323674E-16,0.));
#2123=DIRECTION('center_axis',(0.,1.,0.));
#2124=DIRECTION('ref_axis',(0.,0.,1.));
#2125=DIRECTION('',(0.,0.,-1.));
#2126=DIRECTION('center_axis',(0.,-1.,0.));
#2127=DIRECTION('ref_axis',(0.,0.,1.));
#2128=DIRECTION('',(1.,0.,0.));
#2129=DIRECTION('',(0.,0.,-1.));
#2130=DIRECTION('',(1.,0.,0.));
#2131=DIRECTION('center_axis',(0.,-1.,0.));
#2132=DIRECTION('ref_axis',(0.,0.,1.));
#2133=DIRECTION('center_axis',(1.,0.,0.));
#2134=DIRECTION('ref_axis',(0.,0.,-1.));
#2135=DIRECTION('',(0.,0.,-1.));
#2136=DIRECTION('',(0.,-1.,0.));
#2137=DIRECTION('',(0.,1.,0.));
#2138=DIRECTION('center_axis',(0.,1.,0.));
#2139=DIRECTION('ref_axis',(0.,0.,1.));
#2140=DIRECTION('',(1.,0.,0.));
#2141=DIRECTION('center_axis',(0.,1.,0.));
#2142=DIRECTION('ref_axis',(0.,0.,1.));
#2143=DIRECTION('center_axis',(0.,1.,0.));
#2144=DIRECTION('ref_axis',(0.,0.,1.));
#2145=DIRECTION('',(1.,0.,0.));
#2146=DIRECTION('',(0.,0.,-1.));
#2147=DIRECTION('center_axis',(0.,0.,-1.));
#2148=DIRECTION('ref_axis',(-1.,0.,0.));
#2149=DIRECTION('center_axis',(0.,0.,1.));
#2150=DIRECTION('ref_axis',(1.,0.,0.));
#2151=DIRECTION('',(0.,0.,-1.));
#2152=DIRECTION('center_axis',(0.,0.,1.));
#2153=DIRECTION('ref_axis',(-1.,0.,0.));
#2154=DIRECTION('center_axis',(1.,-1.16816395688674E-16,0.));
#2155=DIRECTION('ref_axis',(1.16816395688674E-16,1.,0.));
#2156=DIRECTION('',(-1.04483760658555E-16,-0.894427190999916,0.447213595499958));
#2157=DIRECTION('center_axis',(1.,-1.16816395688674E-16,0.));
#2158=DIRECTION('ref_axis',(1.16816395688674E-16,1.,0.));
#2159=DIRECTION('',(-1.16816395688674E-16,-1.,0.));
#2160=DIRECTION('',(0.,0.,-1.));
#2161=DIRECTION('',(1.16816395688674E-16,1.,0.));
#2162=DIRECTION('center_axis',(-1.,1.16816395688674E-16,0.));
#2163=DIRECTION('ref_axis',(1.16816395688674E-16,1.,0.));
#2164=DIRECTION('',(1.04483760658555E-16,0.894427190999916,-0.447213595499958));
#2165=DIRECTION('center_axis',(1.,-1.16816395688674E-16,0.));
#2166=DIRECTION('ref_axis',(1.16816395688674E-16,1.,0.));
#2167=DIRECTION('',(-1.16816395688674E-16,-1.,0.));
#2168=DIRECTION('center_axis',(-1.,1.16816395688674E-16,0.));
#2169=DIRECTION('ref_axis',(1.16816395688674E-16,1.,-2.77555756156289E-15));
#2170=DIRECTION('center_axis',(0.,0.,-1.));
#2171=DIRECTION('ref_axis',(-1.,0.,0.));
#2172=DIRECTION('',(0.,0.,-1.));
#2173=DIRECTION('center_axis',(0.,0.,1.));
#2174=DIRECTION('ref_axis',(-1.,0.,0.));
#2175=DIRECTION('center_axis',(0.,0.,-1.));
#2176=DIRECTION('ref_axis',(1.,0.,0.));
#2177=DIRECTION('center_axis',(0.,1.,0.));
#2178=DIRECTION('ref_axis',(0.,0.,1.));
#2179=DIRECTION('',(0.,0.,-1.));
#2180=DIRECTION('',(-1.,0.,0.));
#2181=DIRECTION('',(1.,0.,0.));
#2182=DIRECTION('center_axis',(0.,-1.,0.));
#2183=DIRECTION('ref_axis',(0.,0.,1.));
#2184=DIRECTION('',(1.,0.,1.92747052886312E-16));
#2185=DIRECTION('center_axis',(0.,-1.,0.));
#2186=DIRECTION('ref_axis',(0.,0.,1.));
#2187=DIRECTION('',(0.,0.,1.));
#2188=DIRECTION('center_axis',(0.,-1.,0.));
#2189=DIRECTION('ref_axis',(0.,0.,1.));
#2190=DIRECTION('',(-1.,0.,0.));
#2191=DIRECTION('center_axis',(0.,-1.,0.));
#2192=DIRECTION('ref_axis',(0.,0.,-1.));
#2193=DIRECTION('',(0.,0.,-1.));
#2194=DIRECTION('center_axis',(0.,0.,-1.));
#2195=DIRECTION('ref_axis',(-1.,0.,0.));
#2196=DIRECTION('',(0.,0.,-1.));
#2197=DIRECTION('center_axis',(0.,0.,1.));
#2198=DIRECTION('ref_axis',(-1.,0.,0.));
#2199=DIRECTION('center_axis',(0.,0.,-1.));
#2200=DIRECTION('ref_axis',(1.,0.,0.));
#2201=DIRECTION('center_axis',(-1.,-1.16816395688674E-16,0.));
#2202=DIRECTION('ref_axis',(1.16816395688674E-16,-1.,0.));
#2203=DIRECTION('',(-1.16816395688674E-16,1.,0.));
#2204=DIRECTION('center_axis',(-1.,-1.16816395688674E-16,0.));
#2205=DIRECTION('ref_axis',(1.16816395688674E-16,-1.,0.));
#2206=DIRECTION('',(-1.04483760658555E-16,0.894427190999916,-0.447213595499958));
#2207=DIRECTION('center_axis',(1.,1.16816395688674E-16,0.));
#2208=DIRECTION('ref_axis',(1.16816395688674E-16,-1.,3.46944695195361E-15));
#2209=DIRECTION('',(-1.16816395688674E-16,1.,0.));
#2210=DIRECTION('',(0.,0.,-1.));
#2211=DIRECTION('center_axis',(-1.,-1.16816395688674E-16,0.));
#2212=DIRECTION('ref_axis',(1.16816395688674E-16,-1.,0.));
#2213=DIRECTION('',(1.04483760658555E-16,-0.894427190999916,0.447213595499958));
#2214=DIRECTION('center_axis',(1.,1.16816395688674E-16,0.));
#2215=DIRECTION('ref_axis',(1.16816395688674E-16,-1.,-3.46944695195361E-15));
#2216=DIRECTION('',(1.16816395688674E-16,-1.,0.));
#2217=DIRECTION('center_axis',(0.,0.,-1.));
#2218=DIRECTION('ref_axis',(-1.,0.,0.));
#2219=DIRECTION('center_axis',(0.,0.,1.));
#2220=DIRECTION('ref_axis',(1.,0.,0.));
#2221=DIRECTION('',(0.,0.,-1.));
#2222=DIRECTION('center_axis',(0.,0.,1.));
#2223=DIRECTION('ref_axis',(-1.,0.,0.));
#2224=DIRECTION('center_axis',(0.,1.,0.));
#2225=DIRECTION('ref_axis',(0.,0.,1.));
#2226=DIRECTION('',(0.,0.,-1.));
#2227=DIRECTION('center_axis',(0.,1.,0.));
#2228=DIRECTION('ref_axis',(0.,0.,1.));
#2229=DIRECTION('',(1.,0.,0.));
#2230=DIRECTION('',(1.,0.,0.));
#2231=DIRECTION('center_axis',(0.,1.,0.));
#2232=DIRECTION('ref_axis',(0.,0.,1.));
#2233=DIRECTION('center_axis',(-1.,0.,0.));
#2234=DIRECTION('ref_axis',(0.,0.,1.));
#2235=DIRECTION('',(0.,0.,-1.));
#2236=DIRECTION('',(0.,1.,0.));
#2237=DIRECTION('',(0.,-1.,0.));
#2238=DIRECTION('center_axis',(0.,1.,0.));
#2239=DIRECTION('ref_axis',(0.,0.,1.));
#2240=DIRECTION('',(1.,0.,0.));
#2241=DIRECTION('center_axis',(0.,-1.,0.));
#2242=DIRECTION('ref_axis',(0.,0.,1.));
#2243=DIRECTION('center_axis',(0.,-1.,0.));
#2244=DIRECTION('ref_axis',(0.,0.,1.));
#2245=DIRECTION('',(1.,0.,0.));
#2246=DIRECTION('',(0.,0.,-1.));
#2247=DIRECTION('center_axis',(0.,0.,-1.));
#2248=DIRECTION('ref_axis',(-1.,0.,0.));
#2249=DIRECTION('center_axis',(0.,0.,1.));
#2250=DIRECTION('ref_axis',(-1.,0.,0.));
#2251=DIRECTION('',(0.,0.,-1.));
#2252=DIRECTION('center_axis',(0.,0.,1.));
#2253=DIRECTION('ref_axis',(1.,0.,0.));
#2254=DIRECTION('center_axis',(-1.,-1.16816395688674E-16,0.));
#2255=DIRECTION('ref_axis',(1.16816395688674E-16,-1.,0.));
#2256=DIRECTION('',(-1.04483760658555E-16,0.894427190999916,-0.447213595499958));
#2257=DIRECTION('center_axis',(1.,1.16816395688674E-16,0.));
#2258=DIRECTION('ref_axis',(1.16816395688674E-16,-1.,-4.16333634234433E-15));
#2259=DIRECTION('',(-1.16816395688674E-16,1.,0.));
#2260=DIRECTION('',(0.,0.,-1.));
#2261=DIRECTION('',(1.16816395688674E-16,-1.,0.));
#2262=DIRECTION('center_axis',(-1.,-1.16816395688674E-16,0.));
#2263=DIRECTION('ref_axis',(1.16816395688674E-16,-1.,0.));
#2264=DIRECTION('',(1.04483760658555E-16,-0.894427190999916,0.447213595499958));
#2265=DIRECTION('center_axis',(1.,1.16816395688674E-16,0.));
#2266=DIRECTION('ref_axis',(1.16816395688674E-16,-1.,0.));
#2267=DIRECTION('',(-1.16816395688674E-16,1.,0.));
#2268=DIRECTION('center_axis',(-1.,-1.16816395688674E-16,0.));
#2269=DIRECTION('ref_axis',(1.16816395688674E-16,-1.,0.));
#2270=DIRECTION('center_axis',(0.,0.,-1.));
#2271=DIRECTION('ref_axis',(-1.,0.,0.));
#2272=DIRECTION('center_axis',(0.,0.,1.));
#2273=DIRECTION('ref_axis',(-1.,0.,0.));
#2274=DIRECTION('center_axis',(0.,0.,-1.));
#2275=DIRECTION('ref_axis',(1.,0.,0.));
#2276=DIRECTION('center_axis',(0.,0.,-1.));
#2277=DIRECTION('ref_axis',(-1.,0.,0.));
#2278=DIRECTION('center_axis',(0.,0.,1.));
#2279=DIRECTION('ref_axis',(-1.,0.,0.));
#2280=DIRECTION('center_axis',(0.,0.,-1.));
#2281=DIRECTION('ref_axis',(1.,0.,0.));
#2282=DIRECTION('',(0.,0.,-1.));
#2283=DIRECTION('center_axis',(1.,-1.16816395688674E-16,0.));
#2284=DIRECTION('ref_axis',(1.16816395688674E-16,1.,0.));
#2285=DIRECTION('',(-1.16816395688674E-16,-1.,0.));
#2286=DIRECTION('center_axis',(-1.,1.16816395688674E-16,0.));
#2287=DIRECTION('ref_axis',(1.16816395688674E-16,1.,4.16333634234433E-15));
#2288=DIRECTION('',(-1.04483760658555E-16,-0.894427190999916,0.447213595499958));
#2289=DIRECTION('center_axis',(1.,-1.16816395688674E-16,0.));
#2290=DIRECTION('ref_axis',(1.16816395688674E-16,1.,0.));
#2291=DIRECTION('',(-1.16816395688674E-16,-1.,0.));
#2292=DIRECTION('',(0.,0.,-1.));
#2293=DIRECTION('center_axis',(-1.,1.16816395688674E-16,0.));
#2294=DIRECTION('ref_axis',(1.16816395688674E-16,1.,4.16333634234434E-15));
#2295=DIRECTION('',(1.04483760658555E-16,0.894427190999916,-0.447213595499958));
#2296=DIRECTION('center_axis',(1.,-1.16816395688674E-16,0.));
#2297=DIRECTION('ref_axis',(1.16816395688674E-16,1.,0.));
#2298=DIRECTION('',(1.16816395688674E-16,1.,0.));
#2299=DIRECTION('center_axis',(0.,0.,-1.));
#2300=DIRECTION('ref_axis',(-1.,0.,0.));
#2301=DIRECTION('center_axis',(0.,0.,1.));
#2302=DIRECTION('ref_axis',(-1.,0.,0.));
#2303=DIRECTION('center_axis',(0.,0.,1.));
#2304=DIRECTION('ref_axis',(1.,0.,0.));
#2305=DIRECTION('center_axis',(0.,0.,1.));
#2306=DIRECTION('ref_axis',(1.,0.,0.));
#2307=DIRECTION('',(0.,1.,0.));
#2308=DIRECTION('center_axis',(0.,0.,-1.));
#2309=DIRECTION('ref_axis',(-1.,0.,0.));
#2310=DIRECTION('',(1.,0.,0.));
#2311=DIRECTION('',(0.,1.,0.));
#2312=DIRECTION('center_axis',(0.,0.,-1.));
#2313=DIRECTION('ref_axis',(-1.,0.,0.));
#2314=DIRECTION('',(-1.,-1.16816395688674E-16,0.));
#2315=DIRECTION('center_axis',(0.,0.,-1.));
#2316=DIRECTION('ref_axis',(-1.,0.,0.));
#2317=DIRECTION('',(0.,-1.,0.));
#2318=DIRECTION('',(1.,0.,0.));
#2319=DIRECTION('center_axis',(0.,0.,1.));
#2320=DIRECTION('ref_axis',(1.,0.,0.));
#2321=DIRECTION('',(0.,-1.,0.));
#2322=DIRECTION('center_axis',(0.,0.,1.));
#2323=DIRECTION('ref_axis',(1.,0.,0.));
#2324=DIRECTION('',(0.,1.,0.));
#2325=DIRECTION('center_axis',(0.,0.,-1.));
#2326=DIRECTION('ref_axis',(-1.,0.,0.));
#2327=DIRECTION('',(-1.,1.16816395688674E-16,0.));
#2328=DIRECTION('center_axis',(0.,0.,-1.));
#2329=DIRECTION('ref_axis',(-1.,0.,0.));
#2330=DIRECTION('',(0.,-1.,0.));
#2331=DIRECTION('center_axis',(5.22418803292776E-17,0.447213595499958,0.894427190999916));
#2332=DIRECTION('ref_axis',(-1.04483760658555E-16,-0.894427190999916,0.447213595499958));
#2333=DIRECTION('',(-1.,1.16816395688674E-16,1.16390499015111E-34));
#2334=DIRECTION('',(1.,-1.16816395688674E-16,4.29347602315039E-33));
#2335=DIRECTION('center_axis',(0.,0.,1.));
#2336=DIRECTION('ref_axis',(-1.16816395688674E-16,-1.,0.));
#2337=DIRECTION('',(1.,-1.16816395688674E-16,0.));
#2338=DIRECTION('',(-1.,1.16816395688674E-16,0.));
#2339=DIRECTION('center_axis',(0.,0.,-1.));
#2340=DIRECTION('ref_axis',(-1.,0.,0.));
#2341=DIRECTION('',(0.,-1.,0.));
#2342=DIRECTION('center_axis',(0.,0.,1.));
#2343=DIRECTION('ref_axis',(1.,0.,0.));
#2344=DIRECTION('',(0.,-1.,0.));
#2345=DIRECTION('center_axis',(-5.22418803292776E-17,-0.447213595499958,
-0.894427190999916));
#2346=DIRECTION('ref_axis',(1.04483760658555E-16,0.894427190999916,-0.447213595499958));
#2347=DIRECTION('',(-1.,1.16816395688674E-16,1.16390499015111E-34));
#2348=DIRECTION('',(1.,-1.16816395688674E-16,4.29347602315039E-33));
#2349=DIRECTION('center_axis',(0.,0.,-1.));
#2350=DIRECTION('ref_axis',(1.16816395688674E-16,1.,0.));
#2351=DIRECTION('',(1.,-1.16816395688674E-16,0.));
#2352=DIRECTION('',(-1.,1.16816395688674E-16,0.));
#2353=DIRECTION('center_axis',(5.22418803292776E-17,-0.447213595499958,
-0.894427190999916));
#2354=DIRECTION('ref_axis',(1.04483760658555E-16,-0.894427190999916,0.447213595499958));
#2355=DIRECTION('',(-1.,-1.16816395688674E-16,-1.16390499015111E-34));
#2356=DIRECTION('',(1.,1.16816395688674E-16,-4.29347602315039E-33));
#2357=DIRECTION('center_axis',(0.,0.,-1.));
#2358=DIRECTION('ref_axis',(1.16816395688674E-16,-1.,0.));
#2359=DIRECTION('',(1.,1.16816395688674E-16,0.));
#2360=DIRECTION('',(-1.,-1.16816395688674E-16,0.));
#2361=DIRECTION('center_axis',(0.,0.,1.));
#2362=DIRECTION('ref_axis',(1.,0.,0.));
#2363=DIRECTION('',(0.,1.,0.));
#2364=DIRECTION('center_axis',(0.,0.,-1.));
#2365=DIRECTION('ref_axis',(-1.,0.,0.));
#2366=DIRECTION('',(0.,1.,0.));
#2367=DIRECTION('center_axis',(0.,0.,1.));
#2368=DIRECTION('ref_axis',(1.,0.,0.));
#2369=DIRECTION('center_axis',(0.,0.,1.));
#2370=DIRECTION('ref_axis',(-1.16816395688674E-16,1.,0.));
#2371=DIRECTION('',(1.,1.16816395688674E-16,0.));
#2372=DIRECTION('',(1.,1.16816395688674E-16,0.));
#2373=DIRECTION('center_axis',(-5.22418803292776E-17,0.447213595499958,
0.894427190999916));
#2374=DIRECTION('ref_axis',(-1.04483760658555E-16,0.894427190999916,-0.447213595499958));
#2375=DIRECTION('',(-1.,-1.16816395688674E-16,-1.16390499015111E-34));
#2376=DIRECTION('',(1.,1.16816395688674E-16,-4.29347602315039E-33));
#2377=DIRECTION('center_axis',(0.,0.,1.));
#2378=DIRECTION('ref_axis',(1.,0.,0.));
#2379=DIRECTION('',(0.,1.,0.));
#2380=DIRECTION('',(0.,-1.,0.));
#2381=DIRECTION('center_axis',(0.,0.,-1.));
#2382=DIRECTION('ref_axis',(-1.,0.,0.));
#2383=DIRECTION('center_axis',(1.,-1.16816395688674E-16,0.));
#2384=DIRECTION('ref_axis',(1.16816395688674E-16,1.,0.));
#2385=DIRECTION('center_axis',(-1.,-1.16816395688674E-16,0.));
#2386=DIRECTION('ref_axis',(1.16816395688674E-16,-1.,0.));
#2387=DIRECTION('center_axis',(-1.,-1.16816395688674E-16,0.));
#2388=DIRECTION('ref_axis',(1.16816395688674E-16,-1.,0.));
#2389=DIRECTION('center_axis',(1.,-1.16816395688674E-16,0.));
#2390=DIRECTION('ref_axis',(1.16816395688674E-16,1.,0.));
#2391=DIRECTION('center_axis',(1.,1.16816395688674E-16,0.));
#2392=DIRECTION('ref_axis',(-1.16816395688674E-16,1.,0.));
#2393=DIRECTION('center_axis',(1.,-1.16816395688674E-16,0.));
#2394=DIRECTION('ref_axis',(1.16816395688674E-16,1.,0.));
#2395=DIRECTION('center_axis',(1.,-1.16816395688674E-16,0.));
#2396=DIRECTION('ref_axis',(1.16816395688674E-16,1.,0.));
#2397=DIRECTION('center_axis',(1.,1.16816395688674E-16,0.));
#2398=DIRECTION('ref_axis',(-1.16816395688674E-16,1.,0.));
#2399=DIRECTION('center_axis',(0.,-1.,0.));
#2400=DIRECTION('ref_axis',(0.,0.,-1.));
#2401=DIRECTION('center_axis',(0.,1.,0.));
#2402=DIRECTION('ref_axis',(0.,0.,1.));
#2403=DIRECTION('center_axis',(0.,-1.,0.));
#2404=DIRECTION('ref_axis',(0.,0.,-1.));
#2405=DIRECTION('center_axis',(0.,1.,0.));
#2406=DIRECTION('ref_axis',(0.,0.,1.));
#2407=DIRECTION('center_axis',(-1.,0.,0.));
#2408=DIRECTION('ref_axis',(0.,0.,1.));
#2409=DIRECTION('',(-3.59985417202146E-31,6.98296267768627E-15,-1.));
#2410=DIRECTION('center_axis',(-1.,0.,0.));
#2411=DIRECTION('ref_axis',(0.,0.,-1.));
#2412=DIRECTION('center_axis',(-1.,0.,0.));
#2413=DIRECTION('ref_axis',(0.,0.,-1.));
#2414=DIRECTION('center_axis',(-1.,0.,0.));
#2415=DIRECTION('ref_axis',(0.,0.,1.));
#2416=DIRECTION('center_axis',(1.,0.,0.));
#2417=DIRECTION('ref_axis',(0.,0.,-1.));
#2418=DIRECTION('',(-3.59985417202146E-31,6.98296267768627E-15,-1.));
#2419=DIRECTION('center_axis',(1.,0.,0.));
#2420=DIRECTION('ref_axis',(0.,0.,-1.));
#2421=DIRECTION('center_axis',(1.,0.,0.));
#2422=DIRECTION('ref_axis',(0.,5.13992141030163E-15,-1.));
#2423=DIRECTION('',(-1.,-1.031039213062E-16,-8.75811540203011E-47));
#2424=DIRECTION('center_axis',(1.,0.,0.));
#2425=DIRECTION('ref_axis',(0.,0.,-1.));
#2426=DIRECTION('',(1.,1.031039213062E-16,8.75811540203011E-47));
#2427=DIRECTION('center_axis',(1.,1.13540937132703E-45,-3.59985417202146E-31));
#2428=DIRECTION('ref_axis',(-3.59985417202146E-31,0.,-1.));
#2429=DIRECTION('',(1.55575381946529E-61,1.,3.15404268359418E-15));
#2430=DIRECTION('',(3.59985417202146E-31,-3.49148133884313E-15,1.));
#2431=DIRECTION('',(1.55575381946529E-61,1.,3.15404268359418E-15));
#2432=DIRECTION('center_axis',(-1.,-1.13540937132703E-45,3.59985417202146E-31));
#2433=DIRECTION('ref_axis',(3.59985417202146E-31,0.,1.));
#2434=DIRECTION('',(1.55575381946529E-60,-1.,-3.15404268359418E-15));
#2435=DIRECTION('',(-3.59985417202146E-31,3.49148133884313E-15,-1.));
#2436=DIRECTION('',(1.55575381946529E-60,-1.,-3.15404268359418E-15));
#2437=DIRECTION('center_axis',(3.25194168645689E-31,-3.15404268359418E-15,
1.));
#2438=DIRECTION('ref_axis',(0.,-1.,-3.15404268359418E-15));
#2439=DIRECTION('',(-1.,-1.03103921306199E-16,0.));
#2440=DIRECTION('center_axis',(-3.25194168645689E-31,3.15404268359418E-15,
-1.));
#2441=DIRECTION('ref_axis',(4.7864893457007E-46,-1.,-3.15404268359418E-15));
#2442=DIRECTION('center_axis',(-3.25194168645689E-31,3.15404268359418E-15,
-1.));
#2443=DIRECTION('ref_axis',(4.7864893457007E-46,-1.,-3.15404268359418E-15));
#2444=DIRECTION('center_axis',(3.25194168645689E-31,-3.15404268359418E-15,
1.));
#2445=DIRECTION('ref_axis',(0.,-1.,-3.15404268359418E-15));
#2446=DIRECTION('center_axis',(3.25194168645689E-31,-3.15404268359418E-15,
1.));
#2447=DIRECTION('ref_axis',(-2.73513676897179E-46,-1.,-3.15404268359418E-15));
#2448=DIRECTION('',(-1.,-1.03103921306199E-16,0.));
#2449=DIRECTION('center_axis',(3.25194168645689E-31,-3.15404268359418E-15,
1.));
#2450=DIRECTION('ref_axis',(-2.73513676897179E-46,-1.,-3.15404268359418E-15));
#2451=DIRECTION('center_axis',(-1.03103921306199E-16,1.,3.49148133884313E-15));
#2452=DIRECTION('ref_axis',(0.,-3.49148133884313E-15,1.));
#2453=DIRECTION('',(-3.59985417202146E-31,3.49148133884313E-15,-1.));
#2454=DIRECTION('',(3.59985417202146E-31,-3.49148133884313E-15,1.));
#2455=DIRECTION('center_axis',(0.,-1.,0.));
#2456=DIRECTION('ref_axis',(0.,0.,-1.));
#2457=DIRECTION('',(0.,-1.,0.));
#2458=DIRECTION('',(0.,-1.,0.));
#2459=DIRECTION('center_axis',(-1.,0.,0.));
#2460=DIRECTION('ref_axis',(0.,0.,1.));
#2461=DIRECTION('',(0.,-1.,0.));
#2462=DIRECTION('center_axis',(0.,-1.,0.));
#2463=DIRECTION('ref_axis',(0.,0.,-1.));
#2464=DIRECTION('',(0.,-1.,0.));
#2465=DIRECTION('center_axis',(0.,0.,1.));
#2466=DIRECTION('ref_axis',(1.,0.,0.));
#2467=DIRECTION('',(0.,-1.,0.));
#2468=DIRECTION('center_axis',(0.,-1.,0.));
#2469=DIRECTION('ref_axis',(0.,0.,-1.));
#2470=DIRECTION('',(0.,-1.,0.));
#2471=DIRECTION('center_axis',(1.,0.,0.));
#2472=DIRECTION('ref_axis',(0.,0.,-1.));
#2473=DIRECTION('',(0.,-1.,0.));
#2474=DIRECTION('center_axis',(0.,-1.,0.));
#2475=DIRECTION('ref_axis',(0.,0.,-1.));
#2476=DIRECTION('',(0.,-1.,0.));
#2477=DIRECTION('center_axis',(1.92747052886312E-16,0.,-1.));
#2478=DIRECTION('ref_axis',(-1.,0.,-1.92747052886312E-16));
#2479=DIRECTION('center_axis',(3.59985417202146E-31,-3.49148133884313E-15,
1.));
#2480=DIRECTION('ref_axis',(4.08384711529361E-46,-1.,-3.49148133884313E-15));
#2481=DIRECTION('center_axis',(3.59985417202146E-31,-3.49148133884313E-15,
1.));
#2482=DIRECTION('ref_axis',(4.08384711529361E-46,-1.,-3.49148133884313E-15));
#2483=CARTESIAN_POINT('',(0.,0.,0.));
#2484=CARTESIAN_POINT('Origin',(70.,100.8,12.8196601125011));
#2485=CARTESIAN_POINT('',(-70.,100.8,14.819660112501));
#2486=CARTESIAN_POINT('Origin',(-70.,100.8,12.8196601125011));
#2487=CARTESIAN_POINT('',(-68.8,100.8,14.819660112501));
#2488=CARTESIAN_POINT('',(70.,100.8,14.819660112501));
#2489=CARTESIAN_POINT('Origin',(-68.8,100.8,12.8196601125011));
#2490=CARTESIAN_POINT('Origin',(70.,100.8,12.8196601125011));
#2491=CARTESIAN_POINT('',(68.8,100.8,14.819660112501));
#2492=CARTESIAN_POINT('Origin',(68.8,100.8,12.8196601125011));
#2493=CARTESIAN_POINT('',(70.,100.8,14.819660112501));
#2494=CARTESIAN_POINT('',(70.,100.8,14.819660112501));
#2495=CARTESIAN_POINT('Origin',(70.,100.8,12.8196601125011));
#2496=CARTESIAN_POINT('Origin',(70.,100.8,-44.8196601125011));
#2497=CARTESIAN_POINT('',(68.8,100.8,-42.8196601125011));
#2498=CARTESIAN_POINT('Origin',(68.8,100.8,-44.8196601125011));
#2499=CARTESIAN_POINT('',(70.,100.8,-42.8196601125011));
#2500=CARTESIAN_POINT('',(70.,100.8,-42.8196601125011));
#2501=CARTESIAN_POINT('Origin',(70.,100.8,-44.8196601125011));
#2502=CARTESIAN_POINT('Origin',(70.,100.8,-44.8196601125011));
#2503=CARTESIAN_POINT('',(-70.,100.8,-42.8196601125011));
#2504=CARTESIAN_POINT('Origin',(-70.,100.8,-44.8196601125011));
#2505=CARTESIAN_POINT('',(-68.8,100.8,-42.8196601125011));
#2506=CARTESIAN_POINT('',(70.,100.8,-42.8196601125011));
#2507=CARTESIAN_POINT('Origin',(-68.8,100.8,-44.8196601125011));
#2508=CARTESIAN_POINT('Origin',(70.,65.0229123600034,-26.9311162925028));
#2509=CARTESIAN_POINT('',(-70.,65.0229123600034,-24.9311162925028));
#2510=CARTESIAN_POINT('Origin',(-70.,65.0229123600034,-26.9311162925028));
#2511=CARTESIAN_POINT('',(-68.8,65.0229123600034,-24.9311162925028));
#2512=CARTESIAN_POINT('',(70.,65.0229123600034,-24.9311162925028));
#2513=CARTESIAN_POINT('Origin',(-68.8,65.0229123600034,-26.9311162925028));
#2514=CARTESIAN_POINT('Origin',(70.,65.0229123600034,-26.9311162925028));
#2515=CARTESIAN_POINT('',(68.8,65.0229123600034,-24.9311162925028));
#2516=CARTESIAN_POINT('Origin',(68.8,65.0229123600034,-26.9311162925028));
#2517=CARTESIAN_POINT('',(70.,65.0229123600034,-24.9311162925028));
#2518=CARTESIAN_POINT('',(70.,65.0229123600034,-24.9311162925028));
#2519=CARTESIAN_POINT('Origin',(70.,65.0229123600034,-26.9311162925028));
#2520=CARTESIAN_POINT('Origin',(70.,65.0229123600034,30.7082039324994));
#2521=CARTESIAN_POINT('',(-70.,65.0229123600034,32.7082039324994));
#2522=CARTESIAN_POINT('Origin',(-70.,65.0229123600034,30.7082039324994));
#2523=CARTESIAN_POINT('',(-68.8,65.0229123600034,32.7082039324994));
#2524=CARTESIAN_POINT('',(70.,65.0229123600034,32.7082039324994));
#2525=CARTESIAN_POINT('Origin',(-68.8,65.0229123600034,30.7082039324994));
#2526=CARTESIAN_POINT('Origin',(70.,65.0229123600034,30.7082039324994));
#2527=CARTESIAN_POINT('',(68.8,65.0229123600034,32.7082039324994));
#2528=CARTESIAN_POINT('Origin',(68.8,65.0229123600034,30.7082039324994));
#2529=CARTESIAN_POINT('',(70.,65.0229123600034,32.7082039324994));
#2530=CARTESIAN_POINT('',(70.,65.0229123600034,32.7082039324994));
#2531=CARTESIAN_POINT('Origin',(70.,65.0229123600034,30.7082039324994));
#2532=CARTESIAN_POINT('Origin',(70.,29.2458247200067,48.5967477524977));
#2533=CARTESIAN_POINT('',(68.8,29.2458247200067,50.5967477524977));
#2534=CARTESIAN_POINT('Origin',(68.8,29.2458247200067,48.5967477524977));
#2535=CARTESIAN_POINT('',(70.,29.2458247200067,50.5967477524977));
#2536=CARTESIAN_POINT('',(70.,29.2458247200067,50.5967477524977));
#2537=CARTESIAN_POINT('Origin',(70.,29.2458247200067,48.5967477524977));
#2538=CARTESIAN_POINT('Origin',(70.,29.2458247200067,48.5967477524977));
#2539=CARTESIAN_POINT('',(-70.,29.2458247200067,50.5967477524977));
#2540=CARTESIAN_POINT('Origin',(-70.,29.2458247200067,48.5967477524977));
#2541=CARTESIAN_POINT('',(-68.8,29.2458247200067,50.5967477524977));
#2542=CARTESIAN_POINT('',(70.,29.2458247200067,50.5967477524977));
#2543=CARTESIAN_POINT('Origin',(-68.8,29.2458247200067,48.5967477524977));
#2544=CARTESIAN_POINT('Origin',(70.,29.2458247200067,-9.04257247250444));
#2545=CARTESIAN_POINT('',(-70.,29.2458247200067,-7.04257247250447));
#2546=CARTESIAN_POINT('Origin',(-70.,29.2458247200067,-9.04257247250444));
#2547=CARTESIAN_POINT('',(-68.8,29.2458247200067,-7.04257247250447));
#2548=CARTESIAN_POINT('',(70.,29.2458247200067,-7.04257247250447));
#2549=CARTESIAN_POINT('Origin',(-68.8,29.2458247200067,-9.04257247250444));
#2550=CARTESIAN_POINT('Origin',(70.,29.2458247200067,-9.04257247250444));
#2551=CARTESIAN_POINT('',(68.8,29.2458247200067,-7.04257247250447));
#2552=CARTESIAN_POINT('Origin',(68.8,29.2458247200067,-9.04257247250444));
#2553=CARTESIAN_POINT('',(70.,29.2458247200067,-7.04257247250447));
#2554=CARTESIAN_POINT('',(70.,29.2458247200067,-7.04257247250447));
#2555=CARTESIAN_POINT('Origin',(70.,29.2458247200067,-9.04257247250444));
#2556=CARTESIAN_POINT('Origin',(20.,117.6,14.));
#2557=CARTESIAN_POINT('',(20.,118.8,15.5));
#2558=CARTESIAN_POINT('Origin',(20.,118.8,14.));
#2559=CARTESIAN_POINT('',(20.,117.6,15.5));
#2560=CARTESIAN_POINT('',(20.,117.6,15.5));
#2561=CARTESIAN_POINT('Origin',(20.,117.6,14.));
#2562=CARTESIAN_POINT('Origin',(28.,117.6,-56.));
#2563=CARTESIAN_POINT('',(28.,118.8,-54.5));
#2564=CARTESIAN_POINT('Origin',(28.,118.8,-56.));
#2565=CARTESIAN_POINT('',(28.,117.6,-54.5));
#2566=CARTESIAN_POINT('',(28.,117.6,-54.5));
#2567=CARTESIAN_POINT('Origin',(28.,117.6,-56.));
#2568=CARTESIAN_POINT('Origin',(-28.,117.6,-56.));
#2569=CARTESIAN_POINT('',(-28.,118.8,-54.5));
#2570=CARTESIAN_POINT('Origin',(-28.,118.8,-56.));
#2571=CARTESIAN_POINT('',(-28.,117.6,-54.5));
#2572=CARTESIAN_POINT('',(-28.,117.6,-54.5));
#2573=CARTESIAN_POINT('Origin',(-28.,117.6,-56.));
#2574=CARTESIAN_POINT('Origin',(-20.,117.6,14.));
#2575=CARTESIAN_POINT('',(-20.,118.8,15.5));
#2576=CARTESIAN_POINT('Origin',(-20.,118.8,14.));
#2577=CARTESIAN_POINT('',(-20.,117.6,15.5));
#2578=CARTESIAN_POINT('',(-20.,117.6,15.5));
#2579=CARTESIAN_POINT('Origin',(-20.,117.6,14.));
#2580=CARTESIAN_POINT('Origin',(-78.,0.,-13.));
#2581=CARTESIAN_POINT('',(-78.,-1.2,-16.05));
#2582=CARTESIAN_POINT('Origin',(-78.,-1.2,-13.));
#2583=CARTESIAN_POINT('',(-78.,1.18178416117719E-15,-16.05));
#2584=CARTESIAN_POINT('',(-78.,0.,-16.05));
#2585=CARTESIAN_POINT('Origin',(-78.,1.18178416117719E-15,-13.));
#2586=CARTESIAN_POINT('Origin',(-78.,0.,53.));
#2587=CARTESIAN_POINT('',(-78.,-1.2,49.95));
#2588=CARTESIAN_POINT('Origin',(-78.,-1.2,53.));
#2589=CARTESIAN_POINT('',(-78.,1.18178416117719E-15,49.95));
#2590=CARTESIAN_POINT('',(-78.,0.,49.95));
#2591=CARTESIAN_POINT('Origin',(-78.,1.18178416117719E-15,53.));
#2592=CARTESIAN_POINT('Origin',(78.,0.,53.));
#2593=CARTESIAN_POINT('',(78.,-1.2,49.95));
#2594=CARTESIAN_POINT('Origin',(78.,-1.2,53.));
#2595=CARTESIAN_POINT('',(78.,1.18178416117719E-15,49.95));
#2596=CARTESIAN_POINT('',(78.,0.,49.95));
#2597=CARTESIAN_POINT('Origin',(78.,1.18178416117719E-15,53.));
#2598=CARTESIAN_POINT('Origin',(78.,0.,-13.));
#2599=CARTESIAN_POINT('',(78.,-1.2,-16.05));
#2600=CARTESIAN_POINT('Origin',(78.,-1.2,-13.));
#2601=CARTESIAN_POINT('',(78.,1.18178416117719E-15,-16.05));
#2602=CARTESIAN_POINT('',(78.,0.,-16.05));
#2603=CARTESIAN_POINT('Origin',(78.,1.18178416117719E-15,-13.));
#2604=CARTESIAN_POINT('Origin',(-70.,117.6,60.));
#2605=CARTESIAN_POINT('',(67.3,117.6,20.));
#2606=CARTESIAN_POINT('',(-67.3,117.6,20.));
#2607=CARTESIAN_POINT('',(-70.,117.6,20.));
#2608=CARTESIAN_POINT('',(-67.3,117.6,-60.));
#2609=CARTESIAN_POINT('',(-67.3,117.6,60.));
#2610=CARTESIAN_POINT('',(67.3,117.6,-60.));
#2611=CARTESIAN_POINT('',(-70.,117.6,-60.));
#2612=CARTESIAN_POINT('',(67.3,117.6,60.));
#2613=CARTESIAN_POINT('',(-45.1,117.6,-48.));
#2614=CARTESIAN_POINT('',(-9.10000000000002,117.6,-48.));
#2615=CARTESIAN_POINT('',(-9.10000000000002,117.6,-48.));
#2616=CARTESIAN_POINT('',(-47.1,117.6,-46.));
#2617=CARTESIAN_POINT('Origin',(-45.1,117.6,-46.));
#2618=CARTESIAN_POINT('',(-47.1,117.6,-9.99999999999997));
#2619=CARTESIAN_POINT('',(-47.1,117.6,-9.99999999999997));
#2620=CARTESIAN_POINT('',(-45.1,117.6,-7.99999999999998));
#2621=CARTESIAN_POINT('Origin',(-45.1,117.6,-9.99999999999997));
#2622=CARTESIAN_POINT('',(-9.10000000000004,117.6,-7.99999999999998));
#2623=CARTESIAN_POINT('',(-9.10000000000004,117.6,-7.99999999999998));
#2624=CARTESIAN_POINT('',(-7.10000000000004,117.6,-9.99999999999997));
#2625=CARTESIAN_POINT('Origin',(-9.10000000000004,117.6,-9.99999999999997));
#2626=CARTESIAN_POINT('',(-7.10000000000003,117.6,-46.));
#2627=CARTESIAN_POINT('',(-7.10000000000004,117.6,-9.99999999999997));
#2628=CARTESIAN_POINT('Origin',(-9.10000000000003,117.6,-46.));
#2629=CARTESIAN_POINT('Origin',(-71.5,-1.2,60.));
#2630=CARTESIAN_POINT('',(-68.8,1.5,60.));
#2631=CARTESIAN_POINT('',(-68.8,27.6196601125011,60.));
#2632=CARTESIAN_POINT('',(-68.8,1.40179674826409E-16,60.));
#2633=CARTESIAN_POINT('',(-70.,27.6196601125011,60.));
#2634=CARTESIAN_POINT('',(-71.5,27.6196601125011,60.));
#2635=CARTESIAN_POINT('',(-70.,1.5,60.));
#2636=CARTESIAN_POINT('',(-70.,0.,60.));
#2637=CARTESIAN_POINT('',(-70.,1.5,60.));
#2638=CARTESIAN_POINT('Origin',(67.3,117.6,60.));
#2639=CARTESIAN_POINT('',(70.,27.619660112501,60.));
#2640=CARTESIAN_POINT('',(70.,1.5,60.));
#2641=CARTESIAN_POINT('',(70.,118.8,60.));
#2642=CARTESIAN_POINT('',(68.8,27.619660112501,60.));
#2643=CARTESIAN_POINT('',(67.3,27.619660112501,60.));
#2644=CARTESIAN_POINT('',(68.8,1.5,60.));
#2645=CARTESIAN_POINT('',(68.8,118.8,60.));
#2646=CARTESIAN_POINT('',(68.8,1.5,60.));
#2647=CARTESIAN_POINT('Origin',(70.,-1.2,60.));
#2648=CARTESIAN_POINT('',(85.,-1.2,55.));
#2649=CARTESIAN_POINT('',(85.,-1.2,-15.));
#2650=CARTESIAN_POINT('',(85.,-1.2,60.));
#2651=CARTESIAN_POINT('',(80.,-1.2,60.));
#2652=CARTESIAN_POINT('Origin',(80.,-1.2,55.));
#2653=CARTESIAN_POINT('',(71.5,-1.2,60.));
#2654=CARTESIAN_POINT('',(70.,-1.2,60.));
#2655=CARTESIAN_POINT('',(71.5,-1.2,-20.));
#2656=CARTESIAN_POINT('',(71.5,-1.2,60.));
#2657=CARTESIAN_POINT('',(80.,-1.2,-20.));
#2658=CARTESIAN_POINT('',(70.,-1.2,-20.));
#2659=CARTESIAN_POINT('Origin',(80.,-1.2,-15.));
#2660=CARTESIAN_POINT('Origin',(85.,0.,60.));
#2661=CARTESIAN_POINT('',(85.,0.,55.));
#2662=CARTESIAN_POINT('',(85.,0.,-15.));
#2663=CARTESIAN_POINT('',(85.,0.,60.));
#2664=CARTESIAN_POINT('',(85.,0.,55.));
#2665=CARTESIAN_POINT('',(85.,0.,-15.));
#2666=CARTESIAN_POINT('Origin',(70.,0.,60.));
#2667=CARTESIAN_POINT('',(71.5,0.,60.));
#2668=CARTESIAN_POINT('',(80.,0.,60.));
#2669=CARTESIAN_POINT('',(70.,0.,60.));
#2670=CARTESIAN_POINT('Origin',(80.,0.,55.));
#2671=CARTESIAN_POINT('',(80.,0.,-20.));
#2672=CARTESIAN_POINT('Origin',(80.,0.,-15.));
#2673=CARTESIAN_POINT('',(71.5,6.50521303491303E-16,-20.));
#2674=CARTESIAN_POINT('',(70.,0.,-20.));
#2675=CARTESIAN_POINT('',(71.5,0.,60.));
#2676=CARTESIAN_POINT('Origin',(71.5,1.5,60.));
#2677=CARTESIAN_POINT('',(70.,1.5,-20.));
#2678=CARTESIAN_POINT('Origin',(71.5,1.5,-20.));
#2679=CARTESIAN_POINT('',(70.,1.5,60.));
#2680=CARTESIAN_POINT('Origin',(71.5,1.5,60.));
#2681=CARTESIAN_POINT('Origin',(70.,118.8,60.));
#2682=CARTESIAN_POINT('',(70.,107.744271909999,-59.4721359549996));
#2683=CARTESIAN_POINT('',(70.,29.8557280900008,-20.5278640450004));
#2684=CARTESIAN_POINT('',(70.,68.8,-40.));
#2685=CARTESIAN_POINT('',(70.,109.980339887499,-60.));
#2686=CARTESIAN_POINT('Origin',(70.,109.980339887499,-55.));
#2687=CARTESIAN_POINT('',(70.,116.1,-60.));
#2688=CARTESIAN_POINT('',(70.,118.8,-60.));
#2689=CARTESIAN_POINT('',(70.,116.1,20.));
#2690=CARTESIAN_POINT('',(70.,116.1,60.));
#2691=CARTESIAN_POINT('',(70.,109.980339887499,20.));
#2692=CARTESIAN_POINT('',(70.,118.8,20.));
#2693=CARTESIAN_POINT('',(70.,107.744271909999,20.5278640450004));
#2694=CARTESIAN_POINT('Origin',(70.,109.980339887499,25.));
#2695=CARTESIAN_POINT('',(70.,29.8557280900008,59.4721359549996));
#2696=CARTESIAN_POINT('',(70.,100.8,24.));
#2697=CARTESIAN_POINT('Origin',(70.,27.619660112501,55.));
#2698=CARTESIAN_POINT('',(70.,27.619660112501,-20.));
#2699=CARTESIAN_POINT('',(70.,118.8,-20.));
#2700=CARTESIAN_POINT('Origin',(70.,27.619660112501,-25.));
#2701=CARTESIAN_POINT('Origin',(67.3,116.1,60.));
#2702=CARTESIAN_POINT('',(67.3,118.8,20.));
#2703=CARTESIAN_POINT('',(67.3,118.8,-60.));
#2704=CARTESIAN_POINT('',(67.3,118.8,60.));
#2705=CARTESIAN_POINT('Origin',(67.3,116.1,20.));
#2706=CARTESIAN_POINT('Origin',(67.3,116.1,-60.));
#2707=CARTESIAN_POINT('Origin',(-70.,118.8,60.));
#2708=CARTESIAN_POINT('',(-67.3,118.8,20.));
#2709=CARTESIAN_POINT('',(-67.3,118.8,-60.));
#2710=CARTESIAN_POINT('',(-67.3,118.8,60.));
#2711=CARTESIAN_POINT('',(-70.,118.8,20.));
#2712=CARTESIAN_POINT('',(-70.,118.8,-60.));
#2713=CARTESIAN_POINT('',(-47.1,118.8,-46.));
#2714=CARTESIAN_POINT('',(-45.1,118.8,-48.));
#2715=CARTESIAN_POINT('Origin',(-45.1,118.8,-46.));
#2716=CARTESIAN_POINT('',(-9.10000000000002,118.8,-48.));
#2717=CARTESIAN_POINT('',(-9.10000000000002,118.8,-48.));
#2718=CARTESIAN_POINT('',(-7.10000000000003,118.8,-46.));
#2719=CARTESIAN_POINT('Origin',(-9.10000000000003,118.8,-46.));
#2720=CARTESIAN_POINT('',(-7.10000000000004,118.8,-9.99999999999997));
#2721=CARTESIAN_POINT('',(-7.10000000000004,118.8,-9.99999999999997));
#2722=CARTESIAN_POINT('',(-9.10000000000004,118.8,-7.99999999999998));
#2723=CARTESIAN_POINT('Origin',(-9.10000000000004,118.8,-9.99999999999997));
#2724=CARTESIAN_POINT('',(-45.1,118.8,-7.99999999999998));
#2725=CARTESIAN_POINT('',(-9.10000000000004,118.8,-7.99999999999998));
#2726=CARTESIAN_POINT('',(-47.1,118.8,-9.99999999999997));
#2727=CARTESIAN_POINT('Origin',(-45.1,118.8,-9.99999999999997));
#2728=CARTESIAN_POINT('',(-47.1,118.8,-9.99999999999997));
#2729=CARTESIAN_POINT('Origin',(-67.3,116.1,60.));
#2730=CARTESIAN_POINT('',(-70.,116.1,20.));
#2731=CARTESIAN_POINT('',(-70.,116.1,-60.));
#2732=CARTESIAN_POINT('',(-70.,116.1,60.));
#2733=CARTESIAN_POINT('Origin',(-67.3,116.1,20.));
#2734=CARTESIAN_POINT('Origin',(-67.3,116.1,-60.));
#2735=CARTESIAN_POINT('Origin',(-70.,0.,60.));
#2736=CARTESIAN_POINT('',(-70.,109.980339887499,-60.));
#2737=CARTESIAN_POINT('',(-70.,0.,-60.));
#2738=CARTESIAN_POINT('',(-70.,107.744271909999,-59.4721359549996));
#2739=CARTESIAN_POINT('Origin',(-70.,109.980339887499,-55.));
#2740=CARTESIAN_POINT('',(-70.,29.8557280900008,-20.5278640450004));
#2741=CARTESIAN_POINT('',(-70.,-26.24,7.51999999999998));
#2742=CARTESIAN_POINT('',(-70.,27.619660112501,-20.));
#2743=CARTESIAN_POINT('Origin',(-70.,27.619660112501,-25.));
#2744=CARTESIAN_POINT('',(-70.,1.5,-20.));
#2745=CARTESIAN_POINT('',(-70.,0.,-20.));
#2746=CARTESIAN_POINT('',(-70.,1.5,60.));
#2747=CARTESIAN_POINT('',(-70.,29.8557280900009,59.4721359549996));
#2748=CARTESIAN_POINT('Origin',(-70.,27.6196601125011,55.));
#2749=CARTESIAN_POINT('',(-70.,107.744271909999,20.5278640450004));
#2750=CARTESIAN_POINT('',(-70.,5.76,71.52));
#2751=CARTESIAN_POINT('',(-70.,109.980339887499,20.));
#2752=CARTESIAN_POINT('Origin',(-70.,109.980339887499,25.));
#2753=CARTESIAN_POINT('',(-70.,0.,20.));
#2754=CARTESIAN_POINT('Origin',(-71.5,1.5,60.));
#2755=CARTESIAN_POINT('',(-71.5,0.,-20.));
#2756=CARTESIAN_POINT('Origin',(-71.5,1.5,-20.));
#2757=CARTESIAN_POINT('',(-71.5,0.,60.));
#2758=CARTESIAN_POINT('',(-71.5,0.,60.));
#2759=CARTESIAN_POINT('Origin',(-71.5,1.5,60.));
#2760=CARTESIAN_POINT('Origin',(-85.,0.,60.));
#2761=CARTESIAN_POINT('',(-85.,0.,55.));
#2762=CARTESIAN_POINT('',(-85.,0.,-15.));
#2763=CARTESIAN_POINT('',(-85.,0.,60.));
#2764=CARTESIAN_POINT('',(-80.,0.,60.));
#2765=CARTESIAN_POINT('Origin',(-80.,0.,55.));
#2766=CARTESIAN_POINT('',(-85.,0.,60.));
#2767=CARTESIAN_POINT('',(-80.,0.,-20.));
#2768=CARTESIAN_POINT('',(-85.,0.,-20.));
#2769=CARTESIAN_POINT('Origin',(-80.,0.,-15.));
#2770=CARTESIAN_POINT('Origin',(-85.,-1.2,60.));
#2771=CARTESIAN_POINT('',(-85.,-1.2,55.));
#2772=CARTESIAN_POINT('',(-85.,-1.2,-15.));
#2773=CARTESIAN_POINT('',(-85.,-1.2,60.));
#2774=CARTESIAN_POINT('',(-85.,0.,55.));
#2775=CARTESIAN_POINT('',(-85.,-1.2,-15.));
#2776=CARTESIAN_POINT('Origin',(-85.,-1.2,60.));
#2777=CARTESIAN_POINT('',(-80.,-1.2,60.));
#2778=CARTESIAN_POINT('',(-71.5,-1.2,60.));
#2779=CARTESIAN_POINT('',(-85.,-1.2,60.));
#2780=CARTESIAN_POINT('Origin',(-80.,-1.2,55.));
#2781=CARTESIAN_POINT('',(-80.,-1.2,-20.));
#2782=CARTESIAN_POINT('Origin',(-80.,-1.2,-15.));
#2783=CARTESIAN_POINT('',(-71.5,-1.2,-20.));
#2784=CARTESIAN_POINT('',(-85.,-1.2,-20.));
#2785=CARTESIAN_POINT('',(-71.5,-1.2,60.));
#2786=CARTESIAN_POINT('Origin',(-71.5,1.5,60.));
#2787=CARTESIAN_POINT('',(-68.8,1.5,-20.));
#2788=CARTESIAN_POINT('Origin',(-71.5,1.5,-20.));
#2789=CARTESIAN_POINT('',(-68.8,1.5,60.));
#2790=CARTESIAN_POINT('Origin',(-71.5,1.5,60.));
#2791=CARTESIAN_POINT('Origin',(-68.8,1.40179674826409E-16,60.));
#2792=CARTESIAN_POINT('',(-68.8,29.8557280900008,-20.5278640450004));
#2793=CARTESIAN_POINT('',(-68.8,107.744271909999,-59.4721359549996));
#2794=CARTESIAN_POINT('',(-68.8,-26.24,7.51999999999998));
#2795=CARTESIAN_POINT('',(-68.8,109.980339887499,-60.));
#2796=CARTESIAN_POINT('Origin',(-68.8,109.980339887499,-55.));
#2797=CARTESIAN_POINT('',(-68.8,116.1,-60.));
#2798=CARTESIAN_POINT('',(-68.8,1.40179674826409E-16,-60.));
#2799=CARTESIAN_POINT('',(-68.8,116.1,20.));
#2800=CARTESIAN_POINT('',(-68.8,116.1,60.));
#2801=CARTESIAN_POINT('',(-68.8,109.980339887499,20.));
#2802=CARTESIAN_POINT('',(-68.8,1.40179674826409E-16,20.));
#2803=CARTESIAN_POINT('',(-68.8,107.744271909999,20.5278640450004));
#2804=CARTESIAN_POINT('Origin',(-68.8,109.980339887499,25.));
#2805=CARTESIAN_POINT('',(-68.8,29.8557280900009,59.4721359549996));
#2806=CARTESIAN_POINT('',(-68.8,5.76,71.52));
#2807=CARTESIAN_POINT('Origin',(-68.8,27.6196601125011,55.));
#2808=CARTESIAN_POINT('',(-68.8,27.619660112501,-20.));
#2809=CARTESIAN_POINT('',(-68.8,1.40179674826409E-16,-20.));
#2810=CARTESIAN_POINT('Origin',(-68.8,27.619660112501,-25.));
#2811=CARTESIAN_POINT('Origin',(-67.3,116.1,60.));
#2812=CARTESIAN_POINT('Origin',(-67.3,116.1,20.));
#2813=CARTESIAN_POINT('Origin',(-67.3,116.1,-60.));
#2814=CARTESIAN_POINT('Origin',(67.3,116.1,60.));
#2815=CARTESIAN_POINT('',(68.8,116.1,20.));
#2816=CARTESIAN_POINT('Origin',(67.3,116.1,20.));
#2817=CARTESIAN_POINT('',(68.8,116.1,-60.));
#2818=CARTESIAN_POINT('Origin',(67.3,116.1,-60.));
#2819=CARTESIAN_POINT('',(68.8,116.1,60.));
#2820=CARTESIAN_POINT('Origin',(68.8,118.8,60.));
#2821=CARTESIAN_POINT('',(68.8,109.980339887499,-60.));
#2822=CARTESIAN_POINT('',(68.8,118.8,-60.));
#2823=CARTESIAN_POINT('',(68.8,107.744271909999,-59.4721359549996));
#2824=CARTESIAN_POINT('Origin',(68.8,109.980339887499,-55.));
#2825=CARTESIAN_POINT('',(68.8,29.8557280900008,-20.5278640450004));
#2826=CARTESIAN_POINT('',(68.8,68.8,-40.));
#2827=CARTESIAN_POINT('',(68.8,27.619660112501,-20.));
#2828=CARTESIAN_POINT('Origin',(68.8,27.619660112501,-25.));
#2829=CARTESIAN_POINT('',(68.8,1.5,-20.));
#2830=CARTESIAN_POINT('',(68.8,118.8,-20.));
#2831=CARTESIAN_POINT('',(68.8,1.5,60.));
#2832=CARTESIAN_POINT('',(68.8,29.8557280900008,59.4721359549996));
#2833=CARTESIAN_POINT('Origin',(68.8,27.619660112501,55.));
#2834=CARTESIAN_POINT('',(68.8,107.744271909999,20.5278640450004));
#2835=CARTESIAN_POINT('',(68.8,100.8,24.));
#2836=CARTESIAN_POINT('',(68.8,109.980339887499,20.));
#2837=CARTESIAN_POINT('Origin',(68.8,109.980339887499,25.));
#2838=CARTESIAN_POINT('',(68.8,118.8,20.));
#2839=CARTESIAN_POINT('Origin',(71.5,1.5,60.));
#2840=CARTESIAN_POINT('Origin',(71.5,1.5,-20.));
#2841=CARTESIAN_POINT('Origin',(71.5,1.5,60.));
#2842=CARTESIAN_POINT('Origin',(-70.,1.5,60.));
#2843=CARTESIAN_POINT('',(-71.5,-1.2,60.));
#2844=CARTESIAN_POINT('Origin',(-70.,116.1,-60.));
#2845=CARTESIAN_POINT('',(-70.,116.1,-60.));
#2846=CARTESIAN_POINT('',(-67.3,117.6,-60.));
#2847=CARTESIAN_POINT('Origin',(-67.3,117.6,-60.));
#2848=CARTESIAN_POINT('',(-67.3,109.980339887499,-60.));
#2849=CARTESIAN_POINT('Origin',(67.3,118.8,-60.));
#2850=CARTESIAN_POINT('',(67.3,118.8,-60.));
#2851=CARTESIAN_POINT('',(68.8,116.1,-60.));
#2852=CARTESIAN_POINT('Origin',(71.5,0.,60.));
#2853=CARTESIAN_POINT('',(71.5,0.,60.));
#2854=CARTESIAN_POINT('Origin',(68.8,1.5,60.));
#2855=CARTESIAN_POINT('',(80.,1.5,60.));
#2856=CARTESIAN_POINT('Origin',(71.5,-1.2,-60.));
#2857=CARTESIAN_POINT('',(71.5,109.980339887499,-60.));
#2858=CARTESIAN_POINT('Origin',(71.5,1.5,60.));
#2859=CARTESIAN_POINT('',(-80.,-1.2,60.));
#2860=CARTESIAN_POINT('Origin',(70.,68.8,-40.));
#2861=CARTESIAN_POINT('',(68.8,29.8557280900008,-20.5278640450004));
#2862=CARTESIAN_POINT('',(70.,107.744271909999,-59.4721359549996));
#2863=CARTESIAN_POINT('Origin',(70.,118.8,-20.));
#2864=CARTESIAN_POINT('',(70.,27.619660112501,-20.));
#2865=CARTESIAN_POINT('',(70.,1.5,-20.));
#2866=CARTESIAN_POINT('Origin',(71.5,1.5,-20.));
#2867=CARTESIAN_POINT('',(71.5,6.50521303491303E-16,-20.));
#2868=CARTESIAN_POINT('Origin',(70.,0.,-20.));
#2869=CARTESIAN_POINT('',(80.,0.,-20.));
#2870=CARTESIAN_POINT('Origin',(70.,100.8,24.));
#2871=CARTESIAN_POINT('',(68.8,107.744271909999,20.5278640450004));
#2872=CARTESIAN_POINT('',(70.,29.8557280900008,59.4721359549996));
#2873=CARTESIAN_POINT('Origin',(70.,118.8,20.));
#2874=CARTESIAN_POINT('',(70.,109.980339887499,20.));
#2875=CARTESIAN_POINT('',(70.,116.1,20.));
#2876=CARTESIAN_POINT('Origin',(-68.8,5.76,71.52));
#2877=CARTESIAN_POINT('',(-70.,107.744271909999,20.5278640450004));
#2878=CARTESIAN_POINT('',(-68.8,29.8557280900008,59.4721359549996));
#2879=CARTESIAN_POINT('Origin',(-68.8,1.40179674826409E-16,20.));
#2880=CARTESIAN_POINT('',(-68.8,109.980339887499,20.));
#2881=CARTESIAN_POINT('',(-68.8,116.1,20.));
#2882=CARTESIAN_POINT('Origin',(-67.3,116.1,20.));
#2883=CARTESIAN_POINT('',(-67.3,117.6,20.));
#2884=CARTESIAN_POINT('Origin',(-70.,117.6,20.));
#2885=CARTESIAN_POINT('',(67.3,117.6,20.));
#2886=CARTESIAN_POINT('Origin',(67.3,116.1,20.));
#2887=CARTESIAN_POINT('Origin',(-70.,0.,-20.));
#2888=CARTESIAN_POINT('',(-68.8,27.619660112501,-20.));
#2889=CARTESIAN_POINT('',(-70.,1.5,-20.));
#2890=CARTESIAN_POINT('Origin',(-70.,-26.24,7.51999999999998));
#2891=CARTESIAN_POINT('',(-70.,29.8557280900008,-20.5278640450004));
#2892=CARTESIAN_POINT('',(-70.,107.744271909999,-59.4721359549996));
#2893=CARTESIAN_POINT('Origin',(-85.,0.,-20.));
#2894=CARTESIAN_POINT('',(-80.,0.,-20.));
#2895=CARTESIAN_POINT('',(-71.5,0.,-20.));
#2896=CARTESIAN_POINT('Origin',(-71.5,1.5,-20.));
#2897=CARTESIAN_POINT('Origin',(70.,27.619660112501,-25.));
#2898=CARTESIAN_POINT('Origin',(-70.,27.619660112501,-25.));
#2899=CARTESIAN_POINT('Origin',(-70.,109.980339887499,-55.));
#2900=CARTESIAN_POINT('Origin',(71.5,109.980339887499,-55.));
#2901=CARTESIAN_POINT('Origin',(-68.8,109.980339887499,25.));
#2902=CARTESIAN_POINT('Origin',(70.,109.980339887499,25.));
#2903=CARTESIAN_POINT('Origin',(67.3,27.619660112501,55.));
#2904=CARTESIAN_POINT('Origin',(-71.5,27.6196601125011,55.));
#2905=CARTESIAN_POINT('Origin',(-80.,-1.2,55.));
#2906=CARTESIAN_POINT('Origin',(-80.,-1.2,-15.));
#2907=CARTESIAN_POINT('Origin',(80.,0.,55.));
#2908=CARTESIAN_POINT('Origin',(80.,0.,-15.));
#2909=CARTESIAN_POINT('Origin',(-67.3,116.1,-60.));
#2910=CARTESIAN_POINT('',(-67.3,116.1,-61.5));
#2911=CARTESIAN_POINT('',(-67.3,116.1,-62.7));
#2912=CARTESIAN_POINT('',(-67.3,116.1,-62.7));
#2913=CARTESIAN_POINT('Origin',(-67.3,116.1,-60.));
#2914=CARTESIAN_POINT('Origin',(-67.3,116.1,-60.));
#2915=CARTESIAN_POINT('Origin',(67.3,116.1,-60.));
#2916=CARTESIAN_POINT('',(67.3,116.1,-61.5));
#2917=CARTESIAN_POINT('Origin',(67.3,116.1,-60.));
#2918=CARTESIAN_POINT('',(67.3,116.1,-62.7));
#2919=CARTESIAN_POINT('',(67.3,116.1,-61.5));
#2920=CARTESIAN_POINT('Origin',(67.3,116.1,-60.));
#2921=CARTESIAN_POINT('Origin',(67.3,116.1,-60.));
#2922=CARTESIAN_POINT('',(-67.3,116.1,-62.7));
#2923=CARTESIAN_POINT('Origin',(67.3,116.1,-60.));
#2924=CARTESIAN_POINT('',(-67.3,116.1,-61.5));
#2925=CARTESIAN_POINT('Origin',(-67.3,117.6,-62.7));
#2926=CARTESIAN_POINT('',(-67.3,111.8,-62.7));
#2927=CARTESIAN_POINT('',(-67.3,1.93432338622264E-13,-62.7000000000004));
#2928=CARTESIAN_POINT('',(-67.3,111.8,-61.5));
#2929=CARTESIAN_POINT('',(-67.3,111.8,-62.7));
#2930=CARTESIAN_POINT('',(-67.3,117.6,-61.5));
#2931=CARTESIAN_POINT('Origin',(67.3,108.8,-62.7));
#2932=CARTESIAN_POINT('',(67.3,111.8,-61.5));
#2933=CARTESIAN_POINT('',(67.3,108.8,-61.5));
#2934=CARTESIAN_POINT('',(67.3,111.8,-62.7));
#2935=CARTESIAN_POINT('',(67.3,111.8,-62.7));
#2936=CARTESIAN_POINT('',(67.3,1.93432338622264E-13,-62.7000000000004));
#2937=CARTESIAN_POINT('Origin',(-1.9943632619384E-29,1.93432338622264E-13,
-62.7000000000004));
#2938=CARTESIAN_POINT('',(64.3,108.8,-62.7));
#2939=CARTESIAN_POINT('',(-64.3,108.8,-62.7));
#2940=CARTESIAN_POINT('',(-1.12177066381145E-14,108.8,-62.7));
#2941=CARTESIAN_POINT('Origin',(-64.3,111.8,-62.7));
#2942=CARTESIAN_POINT('Origin',(64.3,111.8,-62.7));
#2943=CARTESIAN_POINT('Origin',(-1.95116501187415E-29,1.89242561015652E-13,
-61.5000000000004));
#2944=CARTESIAN_POINT('',(-64.3,108.8,-61.5));
#2945=CARTESIAN_POINT('Origin',(-64.3,111.8,-61.5));
#2946=CARTESIAN_POINT('',(64.3,108.8,-61.5));
#2947=CARTESIAN_POINT('',(-67.3,108.8,-61.5));
#2948=CARTESIAN_POINT('Origin',(64.3,111.8,-61.5));
#2949=CARTESIAN_POINT('Origin',(-67.3,108.8,-62.7));
#2950=CARTESIAN_POINT('',(-64.3,108.8,-62.7));
#2951=CARTESIAN_POINT('',(64.3,108.8,-62.7));
#2952=CARTESIAN_POINT('Origin',(-45.1,118.8,-46.));
#2953=CARTESIAN_POINT('',(-45.1,118.8,-48.));
#2954=CARTESIAN_POINT('',(-47.1,118.8,-46.));
#2955=CARTESIAN_POINT('Origin',(-47.1,118.8,-9.99999999999997));
#2956=CARTESIAN_POINT('',(-47.1,118.8,-9.99999999999997));
#2957=CARTESIAN_POINT('Origin',(-45.1,118.8,-9.99999999999997));
#2958=CARTESIAN_POINT('',(-45.1,118.8,-7.99999999999998));
#2959=CARTESIAN_POINT('Origin',(-9.10000000000004,118.8,-7.99999999999998));
#2960=CARTESIAN_POINT('',(-9.10000000000004,118.8,-7.99999999999998));
#2961=CARTESIAN_POINT('Origin',(-9.10000000000004,118.8,-9.99999999999997));
#2962=CARTESIAN_POINT('',(-7.10000000000004,118.8,-9.99999999999997));
#2963=CARTESIAN_POINT('Origin',(-7.10000000000004,118.8,-9.99999999999997));
#2964=CARTESIAN_POINT('',(-7.10000000000003,118.8,-46.));
#2965=CARTESIAN_POINT('Origin',(-9.10000000000003,118.8,-46.));
#2966=CARTESIAN_POINT('',(-9.10000000000002,118.8,-48.));
#2967=CARTESIAN_POINT('Origin',(-9.10000000000002,118.8,-48.));
#2968=CARTESIAN_POINT('Origin',(-64.3,111.8,-62.7));
#2969=CARTESIAN_POINT('Origin',(64.3,111.8,-62.7));
#2970=UNCERTAINTY_MEASURE_WITH_UNIT(LENGTH_MEASURE(0.01),#2974,
'DISTANCE_ACCURACY_VALUE',
'Maximum model space distance between geometric entities at asserted c
onnectivities');
#2971=UNCERTAINTY_MEASURE_WITH_UNIT(LENGTH_MEASURE(0.01),#2974,
'DISTANCE_ACCURACY_VALUE',
'Maximum model space distance between geometric entities at asserted c
onnectivities');
#2972=(
GEOMETRIC_REPRESENTATION_CONTEXT(3)
GLOBAL_UNCERTAINTY_ASSIGNED_CONTEXT((#2970))
GLOBAL_UNIT_ASSIGNED_CONTEXT((#2974,#2976,#2977))
REPRESENTATION_CONTEXT('','3D')
);
#2973=(
GEOMETRIC_REPRESENTATION_CONTEXT(3)
GLOBAL_UNCERTAINTY_ASSIGNED_CONTEXT((#2971))
GLOBAL_UNIT_ASSIGNED_CONTEXT((#2974,#2976,#2977))
REPRESENTATION_CONTEXT('','3D')
);
#2974=(
LENGTH_UNIT()
NAMED_UNIT(*)
SI_UNIT(.MILLI.,.METRE.)
);
#2975=(
LENGTH_UNIT()
NAMED_UNIT(*)
SI_UNIT($,.METRE.)
);
#2976=(
NAMED_UNIT(*)
PLANE_ANGLE_UNIT()
SI_UNIT($,.RADIAN.)
);
#2977=(
NAMED_UNIT(*)
SI_UNIT($,.STERADIAN.)
SOLID_ANGLE_UNIT()
);
#2978=SHAPE_DEFINITION_REPRESENTATION(#2979,#2980);
#2979=PRODUCT_DEFINITION_SHAPE('',$,#2982);
#2980=SHAPE_REPRESENTATION('',(#1758),#2972);
#2981=PRODUCT_DEFINITION_CONTEXT('part definition',#2986,'design');
#2982=PRODUCT_DEFINITION('MMP.07.00.00.001 Lidar support',
'Lidar support v1',#2983,#2981);
#2983=PRODUCT_DEFINITION_FORMATION('',$,#2988);
#2984=PRODUCT_RELATED_PRODUCT_CATEGORY('Lidar support v1',
'Lidar support v1',(#2988));
#2985=APPLICATION_PROTOCOL_DEFINITION('international standard',
'automotive_design',2009,#2986);
#2986=APPLICATION_CONTEXT(
'Core Data for Automotive Mechanical Design Process');
#2987=PRODUCT_CONTEXT('part definition',#2986,'mechanical');
#2988=PRODUCT('MMP.07.00.00.001 Lidar support','Lidar support v1',
'STEP AP203',(#2987));
#2989=PRESENTATION_STYLE_ASSIGNMENT((#2990));
#2990=SURFACE_STYLE_USAGE(.BOTH.,#2991);
#2991=SURFACE_SIDE_STYLE('',(#2992));
#2992=SURFACE_STYLE_FILL_AREA(#2993);
#2993=FILL_AREA_STYLE('Steel - Satin',(#2994));
#2994=FILL_AREA_STYLE_COLOUR('Steel - Satin',#2995);
#2995=COLOUR_RGB('Steel - Satin',0.627450980392157,0.627450980392157,0.627450980392157);
ENDSEC;
END-ISO-10303-21;
