ISO-10303-21;
HEADER;
/* Generated by software containing ST-Developer
 * from STEP Tools, Inc. (www.steptools.com) 
 */

FILE_DESCRIPTION(
/* description */ ('STEP AP203'),
/* implementation_level */ '2;1');

FILE_NAME(
/* name */ 'Lidar support assembly.step',
/* time_stamp */ '2026-07-23T10:32:12+08:00',
/* author */ (''),
/* organization */ (''),
/* preprocessor_version */ 'ST-DEVELOPER v20.1',
/* originating_system */ 'Autodesk Translation Framework v15.8.0.0',
/* authorisation */ '');

FILE_SCHEMA (('AUTOMOTIVE_DESIGN { 1 0 10303 214 3 1 1 }'));
ENDSEC;

DATA;
#10=MECHANICAL_DESIGN_GEOMETRIC_PRESENTATION_REPRESENTATION('',(#41,#42),
#3447);
#11=ITEM_DEFINED_TRANSFORMATION($,$,#2002,#2231);
#12=ITEM_DEFINED_TRANSFORMATION($,$,#2195,#2232);
#13=ITEM_DEFINED_TRANSFORMATION($,$,#2195,#2233);
#14=ITEM_DEFINED_TRANSFORMATION($,$,#2195,#2234);
#15=ITEM_DEFINED_TRANSFORMATION($,$,#2195,#2235);
#16=(
REPRESENTATION_RELATIONSHIP($,$,#3464,#3463)
REPRESENTATION_RELATIONSHIP_WITH_TRANSFORMATION(#11)
SHAPE_REPRESENTATION_RELATIONSHIP()
);
#17=(
REPRESENTATION_RELATIONSHIP($,$,#3465,#3463)
REPRESENTATION_RELATIONSHIP_WITH_TRANSFORMATION(#12)
SHAPE_REPRESENTATION_RELATIONSHIP()
);
#18=(
REPRESENTATION_RELATIONSHIP($,$,#3465,#3463)
REPRESENTATION_RELATIONSHIP_WITH_TRANSFORMATION(#13)
SHAPE_REPRESENTATION_RELATIONSHIP()
);
#19=(
REPRESENTATION_RELATIONSHIP($,$,#3465,#3463)
REPRESENTATION_RELATIONSHIP_WITH_TRANSFORMATION(#14)
SHAPE_REPRESENTATION_RELATIONSHIP()
);
#20=(
REPRESENTATION_RELATIONSHIP($,$,#3465,#3463)
REPRESENTATION_RELATIONSHIP_WITH_TRANSFORMATION(#15)
SHAPE_REPRESENTATION_RELATIONSHIP()
);
#21=CONTEXT_DEPENDENT_SHAPE_REPRESENTATION(#16,#3458);
#22=CONTEXT_DEPENDENT_SHAPE_REPRESENTATION(#17,#3459);
#23=CONTEXT_DEPENDENT_SHAPE_REPRESENTATION(#18,#3460);
#24=CONTEXT_DEPENDENT_SHAPE_REPRESENTATION(#19,#3461);
#25=CONTEXT_DEPENDENT_SHAPE_REPRESENTATION(#20,#3462);
#26=NEXT_ASSEMBLY_USAGE_OCCURRENCE(
'MMP.07.00.00.001 Lidar support_\X\8F\X\AE \X\E3\X\AC\X\AE\X\AB\X\E7\X\A0
\X\AD\X\A8\X\EE:1',
'MMP.07.00.00.001 Lidar support_\X\8F\X\AE \X\E3\X\AC\X\AE\X\AB\X\E7\X\A0
\X\AD\X\A8\X\EE:1',
'MMP.07.00.00.001 Lidar support_\X\8F\X\AE \X\E3\X\AC\X\AE\X\AB\X\E7\X\A0
\X\AD\X\A8\X\EE:1',#3467,#3468,
'MMP.07.00.00.001 Lidar support_\X\8F\X\AE \X\E3\X\AC\X\AE\X\AB\X\E7\X\A0
\X\AD\X\A8\X\EE:1');
#27=NEXT_ASSEMBLY_USAGE_OCCURRENCE(
'\X\C3\X\E0\X\E9\X\EA\X\E0 \X\EA\X\EB\X\E5\X\EF\X\E0\X\EB\X\FC\X\ED\X\E0
\X\FF \X\CC4_0,5-2 \X\F3\X\EC. \X\EF\X\EE\X\F2\X\E0\X\E9, \X\F1\X\F2\X\E0
\X\EB\X\FC_\X\E3\X\E1\X\E2. \X\AD\X\A0 1,2 \X\AC\X\AC:1',
'\X\C3\X\E0\X\E9\X\EA\X\E0 \X\EA\X\EB\X\E5\X\EF\X\E0\X\EB\X\FC\X\ED\X\E0
\X\FF \X\CC4_0,5-2 \X\F3\X\EC. \X\EF\X\EE\X\F2\X\E0\X\E9, \X\F1\X\F2\X\E0
\X\EB\X\FC_\X\E3\X\E1\X\E2. \X\AD\X\A0 1,2 \X\AC\X\AC:1',
'\X\C3\X\E0\X\E9\X\EA\X\E0 \X\EA\X\EB\X\E5\X\EF\X\E0\X\EB\X\FC\X\ED\X\E0
\X\FF \X\CC4_0,5-2 \X\F3\X\EC. \X\EF\X\EE\X\F2\X\E0\X\E9, \X\F1\X\F2\X\E0
\X\EB\X\FC_\X\E3\X\E1\X\E2. \X\AD\X\A0 1,2 \X\AC\X\AC:1',#3467,#3469,
'\X\C3\X\E0\X\E9\X\EA\X\E0 \X\EA\X\EB\X\E5\X\EF\X\E0\X\EB\X\FC\X\ED\X\E0
\X\FF \X\CC4_0,5-2 \X\F3\X\EC. \X\EF\X\EE\X\F2\X\E0\X\E9, \X\F1\X\F2\X\E0
\X\EB\X\FC_\X\E3\X\E1\X\E2. \X\AD\X\A0 1,2 \X\AC\X\AC:1');
#28=NEXT_ASSEMBLY_USAGE_OCCURRENCE(
'\X\C3\X\E0\X\E9\X\EA\X\E0 \X\EA\X\EB\X\E5\X\EF\X\E0\X\EB\X\FC\X\ED\X\E0
\X\FF \X\CC4_0,5-2 \X\F3\X\EC. \X\EF\X\EE\X\F2\X\E0\X\E9, \X\F1\X\F2\X\E0
\X\EB\X\FC_\X\E3\X\E1\X\E2. \X\AD\X\A0 1,2 \X\AC\X\AC:2',
'\X\C3\X\E0\X\E9\X\EA\X\E0 \X\EA\X\EB\X\E5\X\EF\X\E0\X\EB\X\FC\X\ED\X\E0
\X\FF \X\CC4_0,5-2 \X\F3\X\EC. \X\EF\X\EE\X\F2\X\E0\X\E9, \X\F1\X\F2\X\E0
\X\EB\X\FC_\X\E3\X\E1\X\E2. \X\AD\X\A0 1,2 \X\AC\X\AC:2',
'\X\C3\X\E0\X\E9\X\EA\X\E0 \X\EA\X\EB\X\E5\X\EF\X\E0\X\EB\X\FC\X\ED\X\E0
\X\FF \X\CC4_0,5-2 \X\F3\X\EC. \X\EF\X\EE\X\F2\X\E0\X\E9, \X\F1\X\F2\X\E0
\X\EB\X\FC_\X\E3\X\E1\X\E2. \X\AD\X\A0 1,2 \X\AC\X\AC:2',#3467,#3469,
'\X\C3\X\E0\X\E9\X\EA\X\E0 \X\EA\X\EB\X\E5\X\EF\X\E0\X\EB\X\FC\X\ED\X\E0
\X\FF \X\CC4_0,5-2 \X\F3\X\EC. \X\EF\X\EE\X\F2\X\E0\X\E9, \X\F1\X\F2\X\E0
\X\EB\X\FC_\X\E3\X\E1\X\E2. \X\AD\X\A0 1,2 \X\AC\X\AC:2');
#29=NEXT_ASSEMBLY_USAGE_OCCURRENCE(
'\X\C3\X\E0\X\E9\X\EA\X\E0 \X\EA\X\EB\X\E5\X\EF\X\E0\X\EB\X\FC\X\ED\X\E0
\X\FF \X\CC4_0,5-2 \X\F3\X\EC. \X\EF\X\EE\X\F2\X\E0\X\E9, \X\F1\X\F2\X\E0
\X\EB\X\FC_\X\E3\X\E1\X\E2. \X\AD\X\A0 1,2 \X\AC\X\AC:3',
'\X\C3\X\E0\X\E9\X\EA\X\E0 \X\EA\X\EB\X\E5\X\EF\X\E0\X\EB\X\FC\X\ED\X\E0
\X\FF \X\CC4_0,5-2 \X\F3\X\EC. \X\EF\X\EE\X\F2\X\E0\X\E9, \X\F1\X\F2\X\E0
\X\EB\X\FC_\X\E3\X\E1\X\E2. \X\AD\X\A0 1,2 \X\AC\X\AC:3',
'\X\C3\X\E0\X\E9\X\EA\X\E0 \X\EA\X\EB\X\E5\X\EF\X\E0\X\EB\X\FC\X\ED\X\E0
\X\FF \X\CC4_0,5-2 \X\F3\X\EC. \X\EF\X\EE\X\F2\X\E0\X\E9, \X\F1\X\F2\X\E0
\X\EB\X\FC_\X\E3\X\E1\X\E2. \X\AD\X\A0 1,2 \X\AC\X\AC:3',#3467,#3469,
'\X\C3\X\E0\X\E9\X\EA\X\E0 \X\EA\X\EB\X\E5\X\EF\X\E0\X\EB\X\FC\X\ED\X\E0
\X\FF \X\CC4_0,5-2 \X\F3\X\EC. \X\EF\X\EE\X\F2\X\E0\X\E9, \X\F1\X\F2\X\E0
\X\EB\X\FC_\X\E3\X\E1\X\E2. \X\AD\X\A0 1,2 \X\AC\X\AC:3');
#30=NEXT_ASSEMBLY_USAGE_OCCURRENCE(
'\X\C3\X\E0\X\E9\X\EA\X\E0 \X\EA\X\EB\X\E5\X\EF\X\E0\X\EB\X\FC\X\ED\X\E0
\X\FF \X\CC4_0,5-2 \X\F3\X\EC. \X\EF\X\EE\X\F2\X\E0\X\E9, \X\F1\X\F2\X\E0
\X\EB\X\FC_\X\E3\X\E1\X\E2. \X\AD\X\A0 1,2 \X\AC\X\AC:4',
'\X\C3\X\E0\X\E9\X\EA\X\E0 \X\EA\X\EB\X\E5\X\EF\X\E0\X\EB\X\FC\X\ED\X\E0
\X\FF \X\CC4_0,5-2 \X\F3\X\EC. \X\EF\X\EE\X\F2\X\E0\X\E9, \X\F1\X\F2\X\E0
\X\EB\X\FC_\X\E3\X\E1\X\E2. \X\AD\X\A0 1,2 \X\AC\X\AC:4',
'\X\C3\X\E0\X\E9\X\EA\X\E0 \X\EA\X\EB\X\E5\X\EF\X\E0\X\EB\X\FC\X\ED\X\E0
\X\FF \X\CC4_0,5-2 \X\F3\X\EC. \X\EF\X\EE\X\F2\X\E0\X\E9, \X\F1\X\F2\X\E0
\X\EB\X\FC_\X\E3\X\E1\X\E2. \X\AD\X\A0 1,2 \X\AC\X\AC:4',#3467,#3469,
'\X\C3\X\E0\X\E9\X\EA\X\E0 \X\EA\X\EB\X\E5\X\EF\X\E0\X\EB\X\FC\X\ED\X\E0
\X\FF \X\CC4_0,5-2 \X\F3\X\EC. \X\EF\X\EE\X\F2\X\E0\X\E9, \X\F1\X\F2\X\E0
\X\EB\X\FC_\X\E3\X\E1\X\E2. \X\AD\X\A0 1,2 \X\AC\X\AC:4');
#31=TOROIDAL_SURFACE('',#2205,3.25,0.5);
#32=TOROIDAL_SURFACE('',#2223,3.3,0.2);
#33=(
BOUNDED_SURFACE()
B_SPLINE_SURFACE(2,2,((#3354,#3355,#3356,#3357,#3358,#3359,#3360,#3361,
#3362),(#3363,#3364,#3365,#3366,#3367,#3368,#3369,#3370,#3371),(#3372,#3373,
#3374,#3375,#3376,#3377,#3378,#3379,#3380)),.UNSPECIFIED.,.F.,.T.,.F.)
B_SPLINE_SURFACE_WITH_KNOTS((3,3),(3,2,2,2,3),(-7.6025258542683E-17,0.321750554396646),
(-3.14159265358979,-1.5707963267949,0.,1.5707963267949,3.14159265358979),
 .UNSPECIFIED.)
GEOMETRIC_REPRESENTATION_ITEM()
RATIONAL_B_SPLINE_SURFACE(((1.,0.707106781186548,1.,0.707106781186548,1.,
0.707106781186548,1.,0.707106781186548,1.),(0.987087457637491,0.697976234919659,
0.987087457637491,0.697976234919659,0.987087457637491,0.697976234919659,
0.987087457637491,0.697976234919659,0.987087457637491),(1.,0.707106781186548,
1.,0.707106781186548,1.,0.707106781186548,1.,0.707106781186548,1.)))
REPRESENTATION_ITEM('')
SURFACE()
);
#34=CONICAL_SURFACE('',#2196,1.65,0.78539816339745);
#35=CONICAL_SURFACE('',#2203,2.5,0.321750554396639);
#36=CONICAL_SURFACE('',#2220,3.,0.785398163397452);
#37=SHAPE_REPRESENTATION_RELATIONSHIP('SRR','None',#3464,#39);
#38=SHAPE_REPRESENTATION_RELATIONSHIP('SRR','None',#3465,#40);
#39=ADVANCED_BREP_SHAPE_REPRESENTATION('',(#43),#3445);
#40=ADVANCED_BREP_SHAPE_REPRESENTATION('',(#44),#3446);
#41=STYLED_ITEM('',(#3482),#43);
#42=STYLED_ITEM('',(#3482),#44);
#43=MANIFOLD_SOLID_BREP('Body1',#1976);
#44=MANIFOLD_SOLID_BREP('Body1',#1977);
#45=FACE_BOUND('',#277,.T.);
#46=FACE_BOUND('',#278,.T.);
#47=FACE_BOUND('',#279,.T.);
#48=FACE_BOUND('',#280,.T.);
#49=FACE_BOUND('',#281,.T.);
#50=FACE_BOUND('',#285,.T.);
#51=FACE_BOUND('',#286,.T.);
#52=FACE_BOUND('',#289,.T.);
#53=FACE_BOUND('',#290,.T.);
#54=FACE_BOUND('',#293,.T.);
#55=FACE_BOUND('',#294,.T.);
#56=FACE_BOUND('',#295,.T.);
#57=FACE_BOUND('',#296,.T.);
#58=FACE_BOUND('',#297,.T.);
#59=FACE_BOUND('',#298,.T.);
#60=FACE_BOUND('',#301,.T.);
#61=FACE_BOUND('',#302,.T.);
#62=FACE_BOUND('',#303,.T.);
#63=FACE_BOUND('',#304,.T.);
#64=FACE_BOUND('',#305,.T.);
#65=FACE_BOUND('',#308,.T.);
#66=FACE_BOUND('',#309,.T.);
#67=FACE_BOUND('',#310,.T.);
#68=FACE_BOUND('',#311,.T.);
#69=FACE_BOUND('',#312,.T.);
#70=FACE_BOUND('',#313,.T.);
#71=FACE_BOUND('',#316,.T.);
#72=FACE_BOUND('',#317,.T.);
#73=FACE_BOUND('',#320,.T.);
#74=FACE_BOUND('',#321,.T.);
#75=FACE_BOUND('',#324,.T.);
#76=FACE_BOUND('',#325,.T.);
#77=FACE_BOUND('',#326,.T.);
#78=FACE_BOUND('',#327,.T.);
#79=FACE_BOUND('',#328,.T.);
#80=FACE_BOUND('',#329,.T.);
#81=FACE_BOUND('',#333,.T.);
#82=FACE_BOUND('',#334,.T.);
#83=FACE_BOUND('',#335,.T.);
#84=FACE_BOUND('',#336,.T.);
#85=FACE_BOUND('',#337,.T.);
#86=FACE_BOUND('',#338,.T.);
#87=FACE_BOUND('',#405,.T.);
#88=FACE_BOUND('',#407,.T.);
#89=FACE_BOUND('',#409,.T.);
#90=FACE_BOUND('',#411,.T.);
#91=FACE_BOUND('',#413,.T.);
#92=PLANE('',#2063);
#93=PLANE('',#2068);
#94=PLANE('',#2069);
#95=PLANE('',#2070);
#96=PLANE('',#2073);
#97=PLANE('',#2074);
#98=PLANE('',#2080);
#99=PLANE('',#2088);
#100=PLANE('',#2096);
#101=PLANE('',#2104);
#102=PLANE('',#2107);
#103=PLANE('',#2108);
#104=PLANE('',#2114);
#105=PLANE('',#2125);
#106=PLANE('',#2133);
#107=PLANE('',#2134);
#108=PLANE('',#2135);
#109=PLANE('',#2136);
#110=PLANE('',#2137);
#111=PLANE('',#2138);
#112=PLANE('',#2139);
#113=PLANE('',#2140);
#114=PLANE('',#2141);
#115=PLANE('',#2142);
#116=PLANE('',#2143);
#117=PLANE('',#2144);
#118=PLANE('',#2145);
#119=PLANE('',#2146);
#120=PLANE('',#2147);
#121=PLANE('',#2148);
#122=PLANE('',#2149);
#123=PLANE('',#2150);
#124=PLANE('',#2151);
#125=PLANE('',#2152);
#126=PLANE('',#2153);
#127=PLANE('',#2154);
#128=PLANE('',#2155);
#129=PLANE('',#2168);
#130=PLANE('',#2171);
#131=PLANE('',#2176);
#132=PLANE('',#2177);
#133=PLANE('',#2178);
#134=PLANE('',#2181);
#135=PLANE('',#2184);
#136=PLANE('',#2186);
#137=PLANE('',#2188);
#138=PLANE('',#2190);
#139=PLANE('',#2192);
#140=PLANE('',#2226);
#141=PLANE('',#2227);
#142=PLANE('',#2228);
#143=PLANE('',#2229);
#144=PLANE('',#2230);
#145=FACE_OUTER_BOUND('',#256,.T.);
#146=FACE_OUTER_BOUND('',#257,.T.);
#147=FACE_OUTER_BOUND('',#258,.T.);
#148=FACE_OUTER_BOUND('',#259,.T.);
#149=FACE_OUTER_BOUND('',#260,.T.);
#150=FACE_OUTER_BOUND('',#261,.T.);
#151=FACE_OUTER_BOUND('',#262,.T.);
#152=FACE_OUTER_BOUND('',#263,.T.);
#153=FACE_OUTER_BOUND('',#264,.T.);
#154=FACE_OUTER_BOUND('',#265,.T.);
#155=FACE_OUTER_BOUND('',#266,.T.);
#156=FACE_OUTER_BOUND('',#267,.T.);
#157=FACE_OUTER_BOUND('',#268,.T.);
#158=FACE_OUTER_BOUND('',#269,.T.);
#159=FACE_OUTER_BOUND('',#270,.T.);
#160=FACE_OUTER_BOUND('',#271,.T.);
#161=FACE_OUTER_BOUND('',#272,.T.);
#162=FACE_OUTER_BOUND('',#273,.T.);
#163=FACE_OUTER_BOUND('',#274,.T.);
#164=FACE_OUTER_BOUND('',#275,.T.);
#165=FACE_OUTER_BOUND('',#276,.T.);
#166=FACE_OUTER_BOUND('',#282,.T.);
#167=FACE_OUTER_BOUND('',#283,.T.);
#168=FACE_OUTER_BOUND('',#284,.T.);
#169=FACE_OUTER_BOUND('',#287,.T.);
#170=FACE_OUTER_BOUND('',#288,.T.);
#171=FACE_OUTER_BOUND('',#291,.T.);
#172=FACE_OUTER_BOUND('',#292,.T.);
#173=FACE_OUTER_BOUND('',#299,.T.);
#174=FACE_OUTER_BOUND('',#300,.T.);
#175=FACE_OUTER_BOUND('',#306,.T.);
#176=FACE_OUTER_BOUND('',#307,.T.);
#177=FACE_OUTER_BOUND('',#314,.T.);
#178=FACE_OUTER_BOUND('',#315,.T.);
#179=FACE_OUTER_BOUND('',#318,.T.);
#180=FACE_OUTER_BOUND('',#319,.T.);
#181=FACE_OUTER_BOUND('',#322,.T.);
#182=FACE_OUTER_BOUND('',#323,.T.);
#183=FACE_OUTER_BOUND('',#330,.T.);
#184=FACE_OUTER_BOUND('',#331,.T.);
#185=FACE_OUTER_BOUND('',#332,.T.);
#186=FACE_OUTER_BOUND('',#339,.T.);
#187=FACE_OUTER_BOUND('',#340,.T.);
#188=FACE_OUTER_BOUND('',#341,.T.);
#189=FACE_OUTER_BOUND('',#342,.T.);
#190=FACE_OUTER_BOUND('',#343,.T.);
#191=FACE_OUTER_BOUND('',#344,.T.);
#192=FACE_OUTER_BOUND('',#345,.T.);
#193=FACE_OUTER_BOUND('',#346,.T.);
#194=FACE_OUTER_BOUND('',#347,.T.);
#195=FACE_OUTER_BOUND('',#348,.T.);
#196=FACE_OUTER_BOUND('',#349,.T.);
#197=FACE_OUTER_BOUND('',#350,.T.);
#198=FACE_OUTER_BOUND('',#351,.T.);
#199=FACE_OUTER_BOUND('',#352,.T.);
#200=FACE_OUTER_BOUND('',#353,.T.);
#201=FACE_OUTER_BOUND('',#354,.T.);
#202=FACE_OUTER_BOUND('',#355,.T.);
#203=FACE_OUTER_BOUND('',#356,.T.);
#204=FACE_OUTER_BOUND('',#357,.T.);
#205=FACE_OUTER_BOUND('',#358,.T.);
#206=FACE_OUTER_BOUND('',#359,.T.);
#207=FACE_OUTER_BOUND('',#360,.T.);
#208=FACE_OUTER_BOUND('',#361,.T.);
#209=FACE_OUTER_BOUND('',#362,.T.);
#210=FACE_OUTER_BOUND('',#363,.T.);
#211=FACE_OUTER_BOUND('',#364,.T.);
#212=FACE_OUTER_BOUND('',#365,.T.);
#213=FACE_OUTER_BOUND('',#366,.T.);
#214=FACE_OUTER_BOUND('',#367,.T.);
#215=FACE_OUTER_BOUND('',#368,.T.);
#216=FACE_OUTER_BOUND('',#369,.T.);
#217=FACE_OUTER_BOUND('',#370,.T.);
#218=FACE_OUTER_BOUND('',#371,.T.);
#219=FACE_OUTER_BOUND('',#372,.T.);
#220=FACE_OUTER_BOUND('',#373,.T.);
#221=FACE_OUTER_BOUND('',#374,.T.);
#222=FACE_OUTER_BOUND('',#375,.T.);
#223=FACE_OUTER_BOUND('',#376,.T.);
#224=FACE_OUTER_BOUND('',#377,.T.);
#225=FACE_OUTER_BOUND('',#378,.T.);
#226=FACE_OUTER_BOUND('',#379,.T.);
#227=FACE_OUTER_BOUND('',#380,.T.);
#228=FACE_OUTER_BOUND('',#381,.T.);
#229=FACE_OUTER_BOUND('',#382,.T.);
#230=FACE_OUTER_BOUND('',#383,.T.);
#231=FACE_OUTER_BOUND('',#384,.T.);
#232=FACE_OUTER_BOUND('',#385,.T.);
#233=FACE_OUTER_BOUND('',#386,.T.);
#234=FACE_OUTER_BOUND('',#387,.T.);
#235=FACE_OUTER_BOUND('',#388,.T.);
#236=FACE_OUTER_BOUND('',#389,.T.);
#237=FACE_OUTER_BOUND('',#390,.T.);
#238=FACE_OUTER_BOUND('',#391,.T.);
#239=FACE_OUTER_BOUND('',#392,.T.);
#240=FACE_OUTER_BOUND('',#393,.T.);
#241=FACE_OUTER_BOUND('',#394,.T.);
#242=FACE_OUTER_BOUND('',#395,.T.);
#243=FACE_OUTER_BOUND('',#396,.T.);
#244=FACE_OUTER_BOUND('',#397,.T.);
#245=FACE_OUTER_BOUND('',#398,.T.);
#246=FACE_OUTER_BOUND('',#399,.T.);
#247=FACE_OUTER_BOUND('',#400,.T.);
#248=FACE_OUTER_BOUND('',#401,.T.);
#249=FACE_OUTER_BOUND('',#402,.T.);
#250=FACE_OUTER_BOUND('',#403,.T.);
#251=FACE_OUTER_BOUND('',#404,.T.);
#252=FACE_OUTER_BOUND('',#406,.T.);
#253=FACE_OUTER_BOUND('',#408,.T.);
#254=FACE_OUTER_BOUND('',#410,.T.);
#255=FACE_OUTER_BOUND('',#412,.T.);
#256=EDGE_LOOP('',(#1273,#1274,#1275,#1276));
#257=EDGE_LOOP('',(#1277,#1278,#1279,#1280));
#258=EDGE_LOOP('',(#1281,#1282,#1283,#1284));
#259=EDGE_LOOP('',(#1285,#1286,#1287,#1288));
#260=EDGE_LOOP('',(#1289,#1290,#1291,#1292));
#261=EDGE_LOOP('',(#1293,#1294,#1295,#1296));
#262=EDGE_LOOP('',(#1297,#1298,#1299,#1300));
#263=EDGE_LOOP('',(#1301,#1302,#1303,#1304));
#264=EDGE_LOOP('',(#1305,#1306,#1307,#1308));
#265=EDGE_LOOP('',(#1309,#1310,#1311,#1312));
#266=EDGE_LOOP('',(#1313,#1314,#1315,#1316));
#267=EDGE_LOOP('',(#1317,#1318,#1319,#1320));
#268=EDGE_LOOP('',(#1321,#1322,#1323,#1324));
#269=EDGE_LOOP('',(#1325,#1326,#1327,#1328));
#270=EDGE_LOOP('',(#1329,#1330,#1331,#1332));
#271=EDGE_LOOP('',(#1333,#1334,#1335,#1336));
#272=EDGE_LOOP('',(#1337,#1338,#1339,#1340));
#273=EDGE_LOOP('',(#1341,#1342,#1343,#1344));
#274=EDGE_LOOP('',(#1345,#1346,#1347,#1348));
#275=EDGE_LOOP('',(#1349,#1350,#1351,#1352));
#276=EDGE_LOOP('',(#1353,#1354,#1355,#1356));
#277=EDGE_LOOP('',(#1357));
#278=EDGE_LOOP('',(#1358,#1359,#1360,#1361,#1362,#1363,#1364,#1365));
#279=EDGE_LOOP('',(#1366));
#280=EDGE_LOOP('',(#1367));
#281=EDGE_LOOP('',(#1368));
#282=EDGE_LOOP('',(#1369,#1370,#1371,#1372));
#283=EDGE_LOOP('',(#1373,#1374,#1375,#1376));
#284=EDGE_LOOP('',(#1377,#1378,#1379,#1380,#1381,#1382));
#285=EDGE_LOOP('',(#1383));
#286=EDGE_LOOP('',(#1384));
#287=EDGE_LOOP('',(#1385,#1386,#1387,#1388));
#288=EDGE_LOOP('',(#1389,#1390,#1391,#1392,#1393,#1394));
#289=EDGE_LOOP('',(#1395));
#290=EDGE_LOOP('',(#1396));
#291=EDGE_LOOP('',(#1397,#1398,#1399,#1400));
#292=EDGE_LOOP('',(#1401,#1402,#1403,#1404,#1405,#1406,#1407,#1408,#1409,
#1410,#1411,#1412));
#293=EDGE_LOOP('',(#1413));
#294=EDGE_LOOP('',(#1414));
#295=EDGE_LOOP('',(#1415));
#296=EDGE_LOOP('',(#1416));
#297=EDGE_LOOP('',(#1417));
#298=EDGE_LOOP('',(#1418));
#299=EDGE_LOOP('',(#1419,#1420,#1421,#1422));
#300=EDGE_LOOP('',(#1423,#1424,#1425,#1426));
#301=EDGE_LOOP('',(#1427,#1428,#1429,#1430,#1431,#1432,#1433,#1434));
#302=EDGE_LOOP('',(#1435));
#303=EDGE_LOOP('',(#1436));
#304=EDGE_LOOP('',(#1437));
#305=EDGE_LOOP('',(#1438));
#306=EDGE_LOOP('',(#1439,#1440,#1441,#1442));
#307=EDGE_LOOP('',(#1443,#1444,#1445,#1446,#1447,#1448,#1449,#1450,#1451,
#1452,#1453,#1454));
#308=EDGE_LOOP('',(#1455));
#309=EDGE_LOOP('',(#1456));
#310=EDGE_LOOP('',(#1457));
#311=EDGE_LOOP('',(#1458));
#312=EDGE_LOOP('',(#1459));
#313=EDGE_LOOP('',(#1460));
#314=EDGE_LOOP('',(#1461,#1462,#1463,#1464));
#315=EDGE_LOOP('',(#1465,#1466,#1467,#1468,#1469,#1470));
#316=EDGE_LOOP('',(#1471));
#317=EDGE_LOOP('',(#1472));
#318=EDGE_LOOP('',(#1473,#1474,#1475,#1476));
#319=EDGE_LOOP('',(#1477,#1478,#1479,#1480,#1481,#1482));
#320=EDGE_LOOP('',(#1483));
#321=EDGE_LOOP('',(#1484));
#322=EDGE_LOOP('',(#1485,#1486,#1487,#1488));
#323=EDGE_LOOP('',(#1489,#1490,#1491,#1492,#1493,#1494,#1495,#1496,#1497,
#1498,#1499,#1500));
#324=EDGE_LOOP('',(#1501));
#325=EDGE_LOOP('',(#1502));
#326=EDGE_LOOP('',(#1503));
#327=EDGE_LOOP('',(#1504));
#328=EDGE_LOOP('',(#1505));
#329=EDGE_LOOP('',(#1506));
#330=EDGE_LOOP('',(#1507,#1508,#1509,#1510));
#331=EDGE_LOOP('',(#1511,#1512,#1513,#1514));
#332=EDGE_LOOP('',(#1515,#1516,#1517,#1518,#1519,#1520,#1521,#1522,#1523,
#1524,#1525,#1526));
#333=EDGE_LOOP('',(#1527));
#334=EDGE_LOOP('',(#1528));
#335=EDGE_LOOP('',(#1529));
#336=EDGE_LOOP('',(#1530));
#337=EDGE_LOOP('',(#1531));
#338=EDGE_LOOP('',(#1532));
#339=EDGE_LOOP('',(#1533,#1534,#1535,#1536));
#340=EDGE_LOOP('',(#1537,#1538,#1539,#1540));
#341=EDGE_LOOP('',(#1541,#1542,#1543,#1544));
#342=EDGE_LOOP('',(#1545,#1546,#1547,#1548));
#343=EDGE_LOOP('',(#1549,#1550,#1551,#1552));
#344=EDGE_LOOP('',(#1553,#1554,#1555,#1556));
#345=EDGE_LOOP('',(#1557,#1558,#1559,#1560));
#346=EDGE_LOOP('',(#1561,#1562,#1563,#1564));
#347=EDGE_LOOP('',(#1565,#1566,#1567,#1568));
#348=EDGE_LOOP('',(#1569,#1570,#1571,#1572));
#349=EDGE_LOOP('',(#1573,#1574,#1575,#1576));
#350=EDGE_LOOP('',(#1577,#1578,#1579,#1580));
#351=EDGE_LOOP('',(#1581,#1582,#1583,#1584));
#352=EDGE_LOOP('',(#1585,#1586,#1587,#1588));
#353=EDGE_LOOP('',(#1589,#1590,#1591,#1592));
#354=EDGE_LOOP('',(#1593,#1594,#1595,#1596));
#355=EDGE_LOOP('',(#1597,#1598,#1599,#1600));
#356=EDGE_LOOP('',(#1601,#1602,#1603,#1604));
#357=EDGE_LOOP('',(#1605,#1606,#1607,#1608));
#358=EDGE_LOOP('',(#1609,#1610,#1611,#1612));
#359=EDGE_LOOP('',(#1613,#1614,#1615,#1616));
#360=EDGE_LOOP('',(#1617,#1618,#1619,#1620));
#361=EDGE_LOOP('',(#1621,#1622,#1623,#1624));
#362=EDGE_LOOP('',(#1625,#1626,#1627,#1628));
#363=EDGE_LOOP('',(#1629,#1630,#1631,#1632));
#364=EDGE_LOOP('',(#1633,#1634,#1635,#1636));
#365=EDGE_LOOP('',(#1637,#1638,#1639,#1640));
#366=EDGE_LOOP('',(#1641,#1642,#1643,#1644));
#367=EDGE_LOOP('',(#1645,#1646,#1647,#1648));
#368=EDGE_LOOP('',(#1649,#1650,#1651,#1652));
#369=EDGE_LOOP('',(#1653,#1654,#1655,#1656));
#370=EDGE_LOOP('',(#1657,#1658,#1659,#1660));
#371=EDGE_LOOP('',(#1661,#1662,#1663,#1664));
#372=EDGE_LOOP('',(#1665,#1666,#1667,#1668));
#373=EDGE_LOOP('',(#1669,#1670,#1671,#1672));
#374=EDGE_LOOP('',(#1673,#1674,#1675,#1676));
#375=EDGE_LOOP('',(#1677,#1678,#1679,#1680));
#376=EDGE_LOOP('',(#1681,#1682,#1683,#1684));
#377=EDGE_LOOP('',(#1685,#1686,#1687,#1688));
#378=EDGE_LOOP('',(#1689,#1690,#1691,#1692));
#379=EDGE_LOOP('',(#1693,#1694,#1695,#1696));
#380=EDGE_LOOP('',(#1697,#1698,#1699,#1700));
#381=EDGE_LOOP('',(#1701,#1702,#1703,#1704,#1705,#1706));
#382=EDGE_LOOP('',(#1707,#1708,#1709,#1710,#1711,#1712));
#383=EDGE_LOOP('',(#1713,#1714,#1715,#1716));
#384=EDGE_LOOP('',(#1717,#1718,#1719,#1720));
#385=EDGE_LOOP('',(#1721,#1722,#1723,#1724));
#386=EDGE_LOOP('',(#1725,#1726,#1727,#1728));
#387=EDGE_LOOP('',(#1729,#1730,#1731,#1732));
#388=EDGE_LOOP('',(#1733,#1734,#1735,#1736));
#389=EDGE_LOOP('',(#1737,#1738,#1739,#1740));
#390=EDGE_LOOP('',(#1741,#1742,#1743,#1744));
#391=EDGE_LOOP('',(#1745,#1746,#1747,#1748));
#392=EDGE_LOOP('',(#1749,#1750,#1751,#1752));
#393=EDGE_LOOP('',(#1753,#1754,#1755,#1756));
#394=EDGE_LOOP('',(#1757,#1758,#1759,#1760));
#395=EDGE_LOOP('',(#1761,#1762,#1763,#1764,#1765));
#396=EDGE_LOOP('',(#1766,#1767,#1768,#1769,#1770));
#397=EDGE_LOOP('',(#1771,#1772,#1773,#1774));
#398=EDGE_LOOP('',(#1775,#1776,#1777,#1778));
#399=EDGE_LOOP('',(#1779,#1780,#1781,#1782));
#400=EDGE_LOOP('',(#1783,#1784,#1785,#1786));
#401=EDGE_LOOP('',(#1787,#1788,#1789,#1790,#1791));
#402=EDGE_LOOP('',(#1792,#1793,#1794,#1795,#1796,#1797));
#403=EDGE_LOOP('',(#1798,#1799,#1800,#1801,#1802));
#404=EDGE_LOOP('',(#1803));
#405=EDGE_LOOP('',(#1804));
#406=EDGE_LOOP('',(#1805));
#407=EDGE_LOOP('',(#1806));
#408=EDGE_LOOP('',(#1807));
#409=EDGE_LOOP('',(#1808));
#410=EDGE_LOOP('',(#1809));
#411=EDGE_LOOP('',(#1810));
#412=EDGE_LOOP('',(#1811));
#413=EDGE_LOOP('',(#1812));
#414=LINE('',#2865,#567);
#415=LINE('',#2871,#568);
#416=LINE('',#2877,#569);
#417=LINE('',#2883,#570);
#418=LINE('',#2889,#571);
#419=LINE('',#2895,#572);
#420=LINE('',#2901,#573);
#421=LINE('',#2907,#574);
#422=LINE('',#2913,#575);
#423=LINE('',#2919,#576);
#424=LINE('',#2925,#577);
#425=LINE('',#2931,#578);
#426=LINE('',#2937,#579);
#427=LINE('',#2943,#580);
#428=LINE('',#2949,#581);
#429=LINE('',#2955,#582);
#430=LINE('',#2961,#583);
#431=LINE('',#2967,#584);
#432=LINE('',#2973,#585);
#433=LINE('',#2979,#586);
#434=LINE('',#2984,#587);
#435=LINE('',#2986,#588);
#436=LINE('',#2988,#589);
#437=LINE('',#2989,#590);
#438=LINE('',#2992,#591);
#439=LINE('',#2996,#592);
#440=LINE('',#3000,#593);
#441=LINE('',#3004,#594);
#442=LINE('',#3009,#595);
#443=LINE('',#3011,#596);
#444=LINE('',#3013,#597);
#445=LINE('',#3014,#598);
#446=LINE('',#3018,#599);
#447=LINE('',#3020,#600);
#448=LINE('',#3022,#601);
#449=LINE('',#3023,#602);
#450=LINE('',#3027,#603);
#451=LINE('',#3031,#604);
#452=LINE('',#3033,#605);
#453=LINE('',#3035,#606);
#454=LINE('',#3040,#607);
#455=LINE('',#3041,#608);
#456=LINE('',#3042,#609);
#457=LINE('',#3046,#610);
#458=LINE('',#3051,#611);
#459=LINE('',#3052,#612);
#460=LINE('',#3056,#613);
#461=LINE('',#3061,#614);
#462=LINE('',#3065,#615);
#463=LINE('',#3067,#616);
#464=LINE('',#3069,#617);
#465=LINE('',#3073,#618);
#466=LINE('',#3076,#619);
#467=LINE('',#3081,#620);
#468=LINE('',#3087,#621);
#469=LINE('',#3088,#622);
#470=LINE('',#3089,#623);
#471=LINE('',#3094,#624);
#472=LINE('',#3098,#625);
#473=LINE('',#3102,#626);
#474=LINE('',#3105,#627);
#475=LINE('',#3109,#628);
#476=LINE('',#3114,#629);
#477=LINE('',#3118,#630);
#478=LINE('',#3122,#631);
#479=LINE('',#3123,#632);
#480=LINE('',#3127,#633);
#481=LINE('',#3130,#634);
#482=LINE('',#3135,#635);
#483=LINE('',#3140,#636);
#484=LINE('',#3143,#637);
#485=LINE('',#3145,#638);
#486=LINE('',#3150,#639);
#487=LINE('',#3151,#640);
#488=LINE('',#3152,#641);
#489=LINE('',#3156,#642);
#490=LINE('',#3161,#643);
#491=LINE('',#3162,#644);
#492=LINE('',#3166,#645);
#493=LINE('',#3171,#646);
#494=LINE('',#3175,#647);
#495=LINE('',#3177,#648);
#496=LINE('',#3179,#649);
#497=LINE('',#3183,#650);
#498=LINE('',#3186,#651);
#499=LINE('',#3196,#652);
#500=LINE('',#3199,#653);
#501=LINE('',#3203,#654);
#502=LINE('',#3207,#655);
#503=LINE('',#3208,#656);
#504=LINE('',#3212,#657);
#505=LINE('',#3215,#658);
#506=LINE('',#3220,#659);
#507=LINE('',#3222,#660);
#508=LINE('',#3223,#661);
#509=LINE('',#3225,#662);
#510=LINE('',#3227,#663);
#511=LINE('',#3228,#664);
#512=LINE('',#3230,#665);
#513=LINE('',#3232,#666);
#514=LINE('',#3234,#667);
#515=LINE('',#3236,#668);
#516=LINE('',#3238,#669);
#517=LINE('',#3239,#670);
#518=LINE('',#3241,#671);
#519=LINE('',#3242,#672);
#520=LINE('',#3244,#673);
#521=LINE('',#3246,#674);
#522=LINE('',#3248,#675);
#523=LINE('',#3249,#676);
#524=LINE('',#3251,#677);
#525=LINE('',#3252,#678);
#526=LINE('',#3254,#679);
#527=LINE('',#3255,#680);
#528=LINE('',#3257,#681);
#529=LINE('',#3258,#682);
#530=LINE('',#3260,#683);
#531=LINE('',#3262,#684);
#532=LINE('',#3265,#685);
#533=LINE('',#3266,#686);
#534=LINE('',#3268,#687);
#535=LINE('',#3269,#688);
#536=LINE('',#3271,#689);
#537=LINE('',#3272,#690);
#538=LINE('',#3289,#691);
#539=LINE('',#3296,#692);
#540=LINE('',#3299,#693);
#541=LINE('',#3301,#694);
#542=LINE('',#3304,#695);
#543=LINE('',#3306,#696);
#544=LINE('',#3307,#697);
#545=LINE('',#3310,#698);
#546=LINE('',#3312,#699);
#547=LINE('',#3313,#700);
#548=LINE('',#3317,#701);
#549=LINE('',#3324,#702);
#550=LINE('',#3327,#703);
#551=LINE('',#3328,#704);
#552=LINE('',#3330,#705);
#553=LINE('',#3331,#706);
#554=LINE('',#3333,#707);
#555=LINE('',#3335,#708);
#556=LINE('',#3337,#709);
#557=LINE('',#3339,#710);
#558=LINE('',#3341,#711);
#559=LINE('',#3343,#712);
#560=LINE('',#3352,#713);
#561=LINE('',#3390,#714);
#562=LINE('',#3402,#715);
#563=LINE('',#3407,#716);
#564=LINE('',#3410,#717);
#565=LINE('',#3416,#718);
#566=LINE('',#3424,#719);
#567=VECTOR('',#2244,1.99999999999997);
#568=VECTOR('',#2251,1.99999999999997);
#569=VECTOR('',#2258,1.99999999999997);
#570=VECTOR('',#2265,1.99999999999997);
#571=VECTOR('',#2272,1.99999999999997);
#572=VECTOR('',#2279,1.99999999999997);
#573=VECTOR('',#2286,1.99999999999997);
#574=VECTOR('',#2293,1.99999999999997);
#575=VECTOR('',#2300,1.99999999999997);
#576=VECTOR('',#2307,1.99999999999997);
#577=VECTOR('',#2314,1.99999999999997);
#578=VECTOR('',#2321,1.99999999999997);
#579=VECTOR('',#2328,1.5);
#580=VECTOR('',#2335,1.5);
#581=VECTOR('',#2342,1.5);
#582=VECTOR('',#2349,1.5);
#583=VECTOR('',#2356,3.04999999999999);
#584=VECTOR('',#2363,3.04999999999999);
#585=VECTOR('',#2370,3.04999999999999);
#586=VECTOR('',#2377,3.04999999999999);
#587=VECTOR('',#2382,1000.);
#588=VECTOR('',#2383,1000.);
#589=VECTOR('',#2384,1000.);
#590=VECTOR('',#2385,1000.);
#591=VECTOR('',#2386,1000.);
#592=VECTOR('',#2389,1000.);
#593=VECTOR('',#2392,1000.);
#594=VECTOR('',#2395,1000.);
#595=VECTOR('',#2400,1000.);
#596=VECTOR('',#2401,1000.);
#597=VECTOR('',#2402,1000.);
#598=VECTOR('',#2403,1000.);
#599=VECTOR('',#2406,1000.);
#600=VECTOR('',#2407,1000.);
#601=VECTOR('',#2408,1000.);
#602=VECTOR('',#2409,1000.);
#603=VECTOR('',#2412,1000.);
#604=VECTOR('',#2415,1000.);
#605=VECTOR('',#2416,1000.);
#606=VECTOR('',#2417,1000.);
#607=VECTOR('',#2422,1000.);
#608=VECTOR('',#2423,1000.);
#609=VECTOR('',#2424,1000.);
#610=VECTOR('',#2427,1000.);
#611=VECTOR('',#2432,1000.);
#612=VECTOR('',#2433,1000.);
#613=VECTOR('',#2438,1000.);
#614=VECTOR('',#2443,1000.);
#615=VECTOR('',#2446,1000.);
#616=VECTOR('',#2447,1000.);
#617=VECTOR('',#2448,1000.);
#618=VECTOR('',#2451,1000.);
#619=VECTOR('',#2454,1000.);
#620=VECTOR('',#2459,1000.);
#621=VECTOR('',#2466,1000.);
#622=VECTOR('',#2467,1000.);
#623=VECTOR('',#2468,1000.);
#624=VECTOR('',#2471,1000.);
#625=VECTOR('',#2474,1000.);
#626=VECTOR('',#2477,1000.);
#627=VECTOR('',#2480,1000.);
#628=VECTOR('',#2483,1000.);
#629=VECTOR('',#2490,1000.);
#630=VECTOR('',#2493,1000.);
#631=VECTOR('',#2496,1000.);
#632=VECTOR('',#2497,1000.);
#633=VECTOR('',#2500,1000.);
#634=VECTOR('',#2503,1000.);
#635=VECTOR('',#2508,1000.);
#636=VECTOR('',#2513,1000.);
#637=VECTOR('',#2516,1000.);
#638=VECTOR('',#2517,1000.);
#639=VECTOR('',#2522,1000.);
#640=VECTOR('',#2523,1000.);
#641=VECTOR('',#2524,1000.);
#642=VECTOR('',#2527,1000.);
#643=VECTOR('',#2532,1000.);
#644=VECTOR('',#2533,1000.);
#645=VECTOR('',#2538,1000.);
#646=VECTOR('',#2543,1000.);
#647=VECTOR('',#2546,1000.);
#648=VECTOR('',#2547,1000.);
#649=VECTOR('',#2548,1000.);
#650=VECTOR('',#2551,1000.);
#651=VECTOR('',#2554,1000.);
#652=VECTOR('',#2569,1000.);
#653=VECTOR('',#2572,1000.);
#654=VECTOR('',#2575,1000.);
#655=VECTOR('',#2578,1000.);
#656=VECTOR('',#2579,1000.);
#657=VECTOR('',#2582,1000.);
#658=VECTOR('',#2585,1000.);
#659=VECTOR('',#2594,1000.);
#660=VECTOR('',#2597,1000.);
#661=VECTOR('',#2598,1000.);
#662=VECTOR('',#2601,1000.);
#663=VECTOR('',#2604,1000.);
#664=VECTOR('',#2605,1000.);
#665=VECTOR('',#2608,1000.);
#666=VECTOR('',#2611,1000.);
#667=VECTOR('',#2614,1000.);
#668=VECTOR('',#2617,1000.);
#669=VECTOR('',#2620,1000.);
#670=VECTOR('',#2621,1000.);
#671=VECTOR('',#2624,1000.);
#672=VECTOR('',#2625,1000.);
#673=VECTOR('',#2628,1000.);
#674=VECTOR('',#2631,1000.);
#675=VECTOR('',#2634,1000.);
#676=VECTOR('',#2635,1000.);
#677=VECTOR('',#2638,1000.);
#678=VECTOR('',#2639,1000.);
#679=VECTOR('',#2642,1000.);
#680=VECTOR('',#2643,1000.);
#681=VECTOR('',#2646,1000.);
#682=VECTOR('',#2647,1000.);
#683=VECTOR('',#2650,1000.);
#684=VECTOR('',#2653,1000.);
#685=VECTOR('',#2658,1000.);
#686=VECTOR('',#2659,1000.);
#687=VECTOR('',#2662,1000.);
#688=VECTOR('',#2663,1000.);
#689=VECTOR('',#2666,1000.);
#690=VECTOR('',#2667,1000.);
#691=VECTOR('',#2696,1000.);
#692=VECTOR('',#2705,1000.);
#693=VECTOR('',#2710,1000.);
#694=VECTOR('',#2713,1000.);
#695=VECTOR('',#2716,1000.);
#696=VECTOR('',#2717,1000.);
#697=VECTOR('',#2718,1000.);
#698=VECTOR('',#2721,1000.);
#699=VECTOR('',#2722,1000.);
#700=VECTOR('',#2723,1000.);
#701=VECTOR('',#2726,1000.);
#702=VECTOR('',#2735,1000.);
#703=VECTOR('',#2740,1000.);
#704=VECTOR('',#2741,1000.);
#705=VECTOR('',#2744,1000.);
#706=VECTOR('',#2745,1000.);
#707=VECTOR('',#2748,1000.);
#708=VECTOR('',#2751,1000.);
#709=VECTOR('',#2754,1000.);
#710=VECTOR('',#2757,1000.);
#711=VECTOR('',#2760,1000.);
#712=VECTOR('',#2763,1000.);
#713=VECTOR('',#2776,1.65);
#714=VECTOR('',#2789,2.5);
#715=VECTOR('',#2804,2.25);
#716=VECTOR('',#2811,1.65);
#717=VECTOR('',#2814,3.);
#718=VECTOR('',#2821,3.);
#719=VECTOR('',#2830,3.);
#720=CIRCLE('',#2004,1.99999999999997);
#721=CIRCLE('',#2005,1.99999999999997);
#722=CIRCLE('',#2007,1.99999999999997);
#723=CIRCLE('',#2008,1.99999999999999);
#724=CIRCLE('',#2010,1.99999999999997);
#725=CIRCLE('',#2011,1.99999999999999);
#726=CIRCLE('',#2013,1.99999999999997);
#727=CIRCLE('',#2014,1.99999999999997);
#728=CIRCLE('',#2016,1.99999999999997);
#729=CIRCLE('',#2017,1.99999999999997);
#730=CIRCLE('',#2019,1.99999999999997);
#731=CIRCLE('',#2020,1.99999999999999);
#732=CIRCLE('',#2022,1.99999999999997);
#733=CIRCLE('',#2023,1.99999999999997);
#734=CIRCLE('',#2025,1.99999999999997);
#735=CIRCLE('',#2026,1.99999999999999);
#736=CIRCLE('',#2028,1.99999999999997);
#737=CIRCLE('',#2029,1.99999999999999);
#738=CIRCLE('',#2031,1.99999999999997);
#739=CIRCLE('',#2032,1.99999999999997);
#740=CIRCLE('',#2034,1.99999999999997);
#741=CIRCLE('',#2035,1.99999999999997);
#742=CIRCLE('',#2037,1.99999999999997);
#743=CIRCLE('',#2038,1.99999999999999);
#744=CIRCLE('',#2040,1.5);
#745=CIRCLE('',#2041,1.5);
#746=CIRCLE('',#2043,1.5);
#747=CIRCLE('',#2044,1.5);
#748=CIRCLE('',#2046,1.5);
#749=CIRCLE('',#2047,1.5);
#750=CIRCLE('',#2049,1.5);
#751=CIRCLE('',#2050,1.5);
#752=CIRCLE('',#2052,3.05);
#753=CIRCLE('',#2053,3.04999999999998);
#754=CIRCLE('',#2055,3.05);
#755=CIRCLE('',#2056,3.04999999999998);
#756=CIRCLE('',#2058,3.05);
#757=CIRCLE('',#2059,3.04999999999998);
#758=CIRCLE('',#2061,3.05);
#759=CIRCLE('',#2062,3.04999999999998);
#760=CIRCLE('',#2064,2.);
#761=CIRCLE('',#2065,2.);
#762=CIRCLE('',#2066,2.);
#763=CIRCLE('',#2067,2.);
#764=CIRCLE('',#2071,5.);
#765=CIRCLE('',#2072,5.);
#766=CIRCLE('',#2075,5.);
#767=CIRCLE('',#2076,5.);
#768=CIRCLE('',#2078,1.5);
#769=CIRCLE('',#2079,1.5);
#770=CIRCLE('',#2081,5.);
#771=CIRCLE('',#2082,5.);
#772=CIRCLE('',#2083,5.);
#773=CIRCLE('',#2084,5.);
#774=CIRCLE('',#2086,2.69999999999999);
#775=CIRCLE('',#2087,2.69999999999999);
#776=CIRCLE('',#2089,2.);
#777=CIRCLE('',#2090,2.);
#778=CIRCLE('',#2091,2.);
#779=CIRCLE('',#2092,2.);
#780=CIRCLE('',#2094,2.69999999999999);
#781=CIRCLE('',#2095,2.69999999999999);
#782=CIRCLE('',#2097,5.);
#783=CIRCLE('',#2098,5.);
#784=CIRCLE('',#2099,5.);
#785=CIRCLE('',#2100,5.);
#786=CIRCLE('',#2102,1.5);
#787=CIRCLE('',#2103,1.5);
#788=CIRCLE('',#2105,5.);
#789=CIRCLE('',#2106,5.);
#790=CIRCLE('',#2109,5.);
#791=CIRCLE('',#2110,5.);
#792=CIRCLE('',#2112,2.69999999999999);
#793=CIRCLE('',#2113,2.69999999999999);
#794=CIRCLE('',#2115,5.);
#795=CIRCLE('',#2116,5.);
#796=CIRCLE('',#2117,5.);
#797=CIRCLE('',#2118,5.);
#798=CIRCLE('',#2120,1.5);
#799=CIRCLE('',#2121,1.5);
#800=CIRCLE('',#2123,1.5);
#801=CIRCLE('',#2124,1.5);
#802=CIRCLE('',#2126,5.);
#803=CIRCLE('',#2127,5.);
#804=CIRCLE('',#2128,5.);
#805=CIRCLE('',#2129,5.);
#806=CIRCLE('',#2131,2.69999999999999);
#807=CIRCLE('',#2132,2.69999999999999);
#808=CIRCLE('',#2169,1.5);
#809=CIRCLE('',#2170,2.70000000000001);
#810=CIRCLE('',#2172,1.5);
#811=CIRCLE('',#2173,2.70000000000001);
#812=CIRCLE('',#2179,3.);
#813=CIRCLE('',#2180,3.);
#814=CIRCLE('',#2182,3.);
#815=CIRCLE('',#2183,3.);
#816=CIRCLE('',#2197,1.65);
#817=CIRCLE('',#2198,2.15);
#818=CIRCLE('',#2199,2.74341649025258);
#819=CIRCLE('',#2200,2.74341649025258);
#820=CIRCLE('',#2201,5.);
#821=CIRCLE('',#2202,3.);
#822=CIRCLE('',#2204,2.5);
#823=CIRCLE('',#2206,3.25);
#824=CIRCLE('',#2207,0.5);
#825=CIRCLE('',#2208,3.25);
#826=CIRCLE('',#2210,2.25);
#827=CIRCLE('',#2211,2.25);
#828=CIRCLE('',#2213,1.65);
#829=CIRCLE('',#2215,3.);
#830=CIRCLE('',#2217,3.);
#831=CIRCLE('',#2218,3.);
#832=CIRCLE('',#2219,3.);
#833=CIRCLE('',#2221,3.44142135623731);
#834=CIRCLE('',#2222,3.44142135623731);
#835=CIRCLE('',#2224,0.2);
#836=CIRCLE('',#2225,3.3);
#837=VERTEX_POINT('',#2862);
#838=VERTEX_POINT('',#2864);
#839=VERTEX_POINT('',#2868);
#840=VERTEX_POINT('',#2870);
#841=VERTEX_POINT('',#2874);
#842=VERTEX_POINT('',#2876);
#843=VERTEX_POINT('',#2880);
#844=VERTEX_POINT('',#2882);
#845=VERTEX_POINT('',#2886);
#846=VERTEX_POINT('',#2888);
#847=VERTEX_POINT('',#2892);
#848=VERTEX_POINT('',#2894);
#849=VERTEX_POINT('',#2898);
#850=VERTEX_POINT('',#2900);
#851=VERTEX_POINT('',#2904);
#852=VERTEX_POINT('',#2906);
#853=VERTEX_POINT('',#2910);
#854=VERTEX_POINT('',#2912);
#855=VERTEX_POINT('',#2916);
#856=VERTEX_POINT('',#2918);
#857=VERTEX_POINT('',#2922);
#858=VERTEX_POINT('',#2924);
#859=VERTEX_POINT('',#2928);
#860=VERTEX_POINT('',#2930);
#861=VERTEX_POINT('',#2934);
#862=VERTEX_POINT('',#2936);
#863=VERTEX_POINT('',#2940);
#864=VERTEX_POINT('',#2942);
#865=VERTEX_POINT('',#2946);
#866=VERTEX_POINT('',#2948);
#867=VERTEX_POINT('',#2952);
#868=VERTEX_POINT('',#2954);
#869=VERTEX_POINT('',#2958);
#870=VERTEX_POINT('',#2960);
#871=VERTEX_POINT('',#2964);
#872=VERTEX_POINT('',#2966);
#873=VERTEX_POINT('',#2970);
#874=VERTEX_POINT('',#2972);
#875=VERTEX_POINT('',#2976);
#876=VERTEX_POINT('',#2978);
#877=VERTEX_POINT('',#2982);
#878=VERTEX_POINT('',#2983);
#879=VERTEX_POINT('',#2985);
#880=VERTEX_POINT('',#2987);
#881=VERTEX_POINT('',#2990);
#882=VERTEX_POINT('',#2991);
#883=VERTEX_POINT('',#2993);
#884=VERTEX_POINT('',#2995);
#885=VERTEX_POINT('',#2997);
#886=VERTEX_POINT('',#2999);
#887=VERTEX_POINT('',#3001);
#888=VERTEX_POINT('',#3003);
#889=VERTEX_POINT('',#3007);
#890=VERTEX_POINT('',#3008);
#891=VERTEX_POINT('',#3010);
#892=VERTEX_POINT('',#3012);
#893=VERTEX_POINT('',#3016);
#894=VERTEX_POINT('',#3017);
#895=VERTEX_POINT('',#3019);
#896=VERTEX_POINT('',#3021);
#897=VERTEX_POINT('',#3025);
#898=VERTEX_POINT('',#3026);
#899=VERTEX_POINT('',#3028);
#900=VERTEX_POINT('',#3030);
#901=VERTEX_POINT('',#3032);
#902=VERTEX_POINT('',#3034);
#903=VERTEX_POINT('',#3038);
#904=VERTEX_POINT('',#3039);
#905=VERTEX_POINT('',#3044);
#906=VERTEX_POINT('',#3045);
#907=VERTEX_POINT('',#3048);
#908=VERTEX_POINT('',#3050);
#909=VERTEX_POINT('',#3054);
#910=VERTEX_POINT('',#3059);
#911=VERTEX_POINT('',#3060);
#912=VERTEX_POINT('',#3062);
#913=VERTEX_POINT('',#3064);
#914=VERTEX_POINT('',#3066);
#915=VERTEX_POINT('',#3068);
#916=VERTEX_POINT('',#3070);
#917=VERTEX_POINT('',#3072);
#918=VERTEX_POINT('',#3075);
#919=VERTEX_POINT('',#3079);
#920=VERTEX_POINT('',#3080);
#921=VERTEX_POINT('',#3085);
#922=VERTEX_POINT('',#3086);
#923=VERTEX_POINT('',#3090);
#924=VERTEX_POINT('',#3091);
#925=VERTEX_POINT('',#3093);
#926=VERTEX_POINT('',#3095);
#927=VERTEX_POINT('',#3097);
#928=VERTEX_POINT('',#3099);
#929=VERTEX_POINT('',#3101);
#930=VERTEX_POINT('',#3103);
#931=VERTEX_POINT('',#3107);
#932=VERTEX_POINT('',#3108);
#933=VERTEX_POINT('',#3113);
#934=VERTEX_POINT('',#3115);
#935=VERTEX_POINT('',#3117);
#936=VERTEX_POINT('',#3119);
#937=VERTEX_POINT('',#3121);
#938=VERTEX_POINT('',#3124);
#939=VERTEX_POINT('',#3126);
#940=VERTEX_POINT('',#3128);
#941=VERTEX_POINT('',#3132);
#942=VERTEX_POINT('',#3134);
#943=VERTEX_POINT('',#3138);
#944=VERTEX_POINT('',#3139);
#945=VERTEX_POINT('',#3141);
#946=VERTEX_POINT('',#3144);
#947=VERTEX_POINT('',#3148);
#948=VERTEX_POINT('',#3149);
#949=VERTEX_POINT('',#3154);
#950=VERTEX_POINT('',#3155);
#951=VERTEX_POINT('',#3158);
#952=VERTEX_POINT('',#3160);
#953=VERTEX_POINT('',#3164);
#954=VERTEX_POINT('',#3169);
#955=VERTEX_POINT('',#3170);
#956=VERTEX_POINT('',#3172);
#957=VERTEX_POINT('',#3174);
#958=VERTEX_POINT('',#3176);
#959=VERTEX_POINT('',#3178);
#960=VERTEX_POINT('',#3180);
#961=VERTEX_POINT('',#3182);
#962=VERTEX_POINT('',#3185);
#963=VERTEX_POINT('',#3192);
#964=VERTEX_POINT('',#3194);
#965=VERTEX_POINT('',#3198);
#966=VERTEX_POINT('',#3200);
#967=VERTEX_POINT('',#3202);
#968=VERTEX_POINT('',#3204);
#969=VERTEX_POINT('',#3206);
#970=VERTEX_POINT('',#3209);
#971=VERTEX_POINT('',#3211);
#972=VERTEX_POINT('',#3213);
#973=VERTEX_POINT('',#3287);
#974=VERTEX_POINT('',#3288);
#975=VERTEX_POINT('',#3293);
#976=VERTEX_POINT('',#3295);
#977=VERTEX_POINT('',#3303);
#978=VERTEX_POINT('',#3305);
#979=VERTEX_POINT('',#3309);
#980=VERTEX_POINT('',#3311);
#981=VERTEX_POINT('',#3315);
#982=VERTEX_POINT('',#3316);
#983=VERTEX_POINT('',#3321);
#984=VERTEX_POINT('',#3323);
#985=VERTEX_POINT('',#3349);
#986=VERTEX_POINT('',#3351);
#987=VERTEX_POINT('',#3381);
#988=VERTEX_POINT('',#3382);
#989=VERTEX_POINT('',#3385);
#990=VERTEX_POINT('',#3389);
#991=VERTEX_POINT('',#3393);
#992=VERTEX_POINT('',#3395);
#993=VERTEX_POINT('',#3399);
#994=VERTEX_POINT('',#3401);
#995=VERTEX_POINT('',#3405);
#996=VERTEX_POINT('',#3409);
#997=VERTEX_POINT('',#3413);
#998=VERTEX_POINT('',#3415);
#999=VERTEX_POINT('',#3417);
#1000=VERTEX_POINT('',#3421);
#1001=VERTEX_POINT('',#3422);
#1002=VERTEX_POINT('',#3427);
#1003=EDGE_CURVE('',#837,#837,#720,.T.);
#1004=EDGE_CURVE('',#837,#838,#414,.T.);
#1005=EDGE_CURVE('',#838,#838,#721,.T.);
#1006=EDGE_CURVE('',#839,#839,#722,.T.);
#1007=EDGE_CURVE('',#839,#840,#415,.T.);
#1008=EDGE_CURVE('',#840,#840,#723,.T.);
#1009=EDGE_CURVE('',#841,#841,#724,.T.);
#1010=EDGE_CURVE('',#841,#842,#416,.T.);
#1011=EDGE_CURVE('',#842,#842,#725,.T.);
#1012=EDGE_CURVE('',#843,#843,#726,.T.);
#1013=EDGE_CURVE('',#843,#844,#417,.T.);
#1014=EDGE_CURVE('',#844,#844,#727,.T.);
#1015=EDGE_CURVE('',#845,#845,#728,.T.);
#1016=EDGE_CURVE('',#845,#846,#418,.T.);
#1017=EDGE_CURVE('',#846,#846,#729,.T.);
#1018=EDGE_CURVE('',#847,#847,#730,.T.);
#1019=EDGE_CURVE('',#847,#848,#419,.T.);
#1020=EDGE_CURVE('',#848,#848,#731,.T.);
#1021=EDGE_CURVE('',#849,#849,#732,.T.);
#1022=EDGE_CURVE('',#849,#850,#420,.T.);
#1023=EDGE_CURVE('',#850,#850,#733,.T.);
#1024=EDGE_CURVE('',#851,#851,#734,.T.);
#1025=EDGE_CURVE('',#851,#852,#421,.T.);
#1026=EDGE_CURVE('',#852,#852,#735,.T.);
#1027=EDGE_CURVE('',#853,#853,#736,.T.);
#1028=EDGE_CURVE('',#853,#854,#422,.T.);
#1029=EDGE_CURVE('',#854,#854,#737,.T.);
#1030=EDGE_CURVE('',#855,#855,#738,.T.);
#1031=EDGE_CURVE('',#855,#856,#423,.T.);
#1032=EDGE_CURVE('',#856,#856,#739,.T.);
#1033=EDGE_CURVE('',#857,#857,#740,.T.);
#1034=EDGE_CURVE('',#857,#858,#424,.T.);
#1035=EDGE_CURVE('',#858,#858,#741,.T.);
#1036=EDGE_CURVE('',#859,#859,#742,.T.);
#1037=EDGE_CURVE('',#859,#860,#425,.T.);
#1038=EDGE_CURVE('',#860,#860,#743,.T.);
#1039=EDGE_CURVE('',#861,#861,#744,.T.);
#1040=EDGE_CURVE('',#861,#862,#426,.T.);
#1041=EDGE_CURVE('',#862,#862,#745,.T.);
#1042=EDGE_CURVE('',#863,#863,#746,.T.);
#1043=EDGE_CURVE('',#863,#864,#427,.T.);
#1044=EDGE_CURVE('',#864,#864,#747,.T.);
#1045=EDGE_CURVE('',#865,#865,#748,.T.);
#1046=EDGE_CURVE('',#865,#866,#428,.T.);
#1047=EDGE_CURVE('',#866,#866,#749,.T.);
#1048=EDGE_CURVE('',#867,#867,#750,.T.);
#1049=EDGE_CURVE('',#867,#868,#429,.T.);
#1050=EDGE_CURVE('',#868,#868,#751,.T.);
#1051=EDGE_CURVE('',#869,#869,#752,.T.);
#1052=EDGE_CURVE('',#869,#870,#430,.T.);
#1053=EDGE_CURVE('',#870,#870,#753,.T.);
#1054=EDGE_CURVE('',#871,#871,#754,.T.);
#1055=EDGE_CURVE('',#871,#872,#431,.T.);
#1056=EDGE_CURVE('',#872,#872,#755,.T.);
#1057=EDGE_CURVE('',#873,#873,#756,.T.);
#1058=EDGE_CURVE('',#873,#874,#432,.T.);
#1059=EDGE_CURVE('',#874,#874,#757,.T.);
#1060=EDGE_CURVE('',#875,#875,#758,.T.);
#1061=EDGE_CURVE('',#875,#876,#433,.T.);
#1062=EDGE_CURVE('',#876,#876,#759,.T.);
#1063=EDGE_CURVE('',#877,#878,#434,.T.);
#1064=EDGE_CURVE('',#878,#879,#435,.T.);
#1065=EDGE_CURVE('',#879,#880,#436,.T.);
#1066=EDGE_CURVE('',#877,#880,#437,.T.);
#1067=EDGE_CURVE('',#881,#882,#438,.T.);
#1068=EDGE_CURVE('',#883,#881,#760,.T.);
#1069=EDGE_CURVE('',#884,#883,#439,.T.);
#1070=EDGE_CURVE('',#885,#884,#761,.T.);
#1071=EDGE_CURVE('',#886,#885,#440,.T.);
#1072=EDGE_CURVE('',#887,#886,#762,.T.);
#1073=EDGE_CURVE('',#888,#887,#441,.T.);
#1074=EDGE_CURVE('',#882,#888,#763,.T.);
#1075=EDGE_CURVE('',#889,#890,#442,.T.);
#1076=EDGE_CURVE('',#890,#891,#443,.T.);
#1077=EDGE_CURVE('',#892,#891,#444,.T.);
#1078=EDGE_CURVE('',#892,#889,#445,.T.);
#1079=EDGE_CURVE('',#893,#894,#446,.T.);
#1080=EDGE_CURVE('',#893,#895,#447,.T.);
#1081=EDGE_CURVE('',#895,#896,#448,.T.);
#1082=EDGE_CURVE('',#896,#894,#449,.T.);
#1083=EDGE_CURVE('',#897,#898,#450,.T.);
#1084=EDGE_CURVE('',#897,#899,#764,.T.);
#1085=EDGE_CURVE('',#900,#899,#451,.T.);
#1086=EDGE_CURVE('',#900,#901,#452,.T.);
#1087=EDGE_CURVE('',#901,#902,#453,.T.);
#1088=EDGE_CURVE('',#902,#898,#765,.T.);
#1089=EDGE_CURVE('',#903,#904,#454,.T.);
#1090=EDGE_CURVE('',#903,#897,#455,.T.);
#1091=EDGE_CURVE('',#898,#904,#456,.T.);
#1092=EDGE_CURVE('',#905,#906,#457,.T.);
#1093=EDGE_CURVE('',#906,#903,#766,.T.);
#1094=EDGE_CURVE('',#904,#907,#767,.T.);
#1095=EDGE_CURVE('',#908,#907,#458,.T.);
#1096=EDGE_CURVE('',#905,#908,#459,.T.);
#1097=EDGE_CURVE('',#909,#908,#768,.T.);
#1098=EDGE_CURVE('',#894,#909,#460,.T.);
#1099=EDGE_CURVE('',#894,#905,#769,.T.);
#1100=EDGE_CURVE('',#910,#911,#461,.T.);
#1101=EDGE_CURVE('',#910,#912,#770,.T.);
#1102=EDGE_CURVE('',#913,#912,#462,.T.);
#1103=EDGE_CURVE('',#914,#913,#463,.T.);
#1104=EDGE_CURVE('',#915,#914,#464,.T.);
#1105=EDGE_CURVE('',#915,#916,#771,.T.);
#1106=EDGE_CURVE('',#917,#916,#465,.T.);
#1107=EDGE_CURVE('',#917,#893,#772,.T.);
#1108=EDGE_CURVE('',#918,#909,#466,.T.);
#1109=EDGE_CURVE('',#918,#911,#773,.T.);
#1110=EDGE_CURVE('',#919,#920,#467,.T.);
#1111=EDGE_CURVE('',#914,#919,#774,.T.);
#1112=EDGE_CURVE('',#920,#913,#775,.T.);
#1113=EDGE_CURVE('',#921,#922,#468,.T.);
#1114=EDGE_CURVE('',#919,#921,#469,.T.);
#1115=EDGE_CURVE('',#922,#920,#470,.T.);
#1116=EDGE_CURVE('',#923,#924,#776,.T.);
#1117=EDGE_CURVE('',#924,#925,#471,.T.);
#1118=EDGE_CURVE('',#925,#926,#777,.T.);
#1119=EDGE_CURVE('',#926,#927,#472,.T.);
#1120=EDGE_CURVE('',#927,#928,#778,.T.);
#1121=EDGE_CURVE('',#928,#929,#473,.T.);
#1122=EDGE_CURVE('',#929,#930,#779,.T.);
#1123=EDGE_CURVE('',#930,#923,#474,.T.);
#1124=EDGE_CURVE('',#931,#932,#475,.T.);
#1125=EDGE_CURVE('',#921,#931,#780,.T.);
#1126=EDGE_CURVE('',#932,#922,#781,.T.);
#1127=EDGE_CURVE('',#933,#932,#476,.T.);
#1128=EDGE_CURVE('',#933,#934,#782,.T.);
#1129=EDGE_CURVE('',#935,#934,#477,.T.);
#1130=EDGE_CURVE('',#935,#936,#783,.T.);
#1131=EDGE_CURVE('',#937,#936,#478,.T.);
#1132=EDGE_CURVE('',#892,#937,#479,.T.);
#1133=EDGE_CURVE('',#891,#938,#784,.T.);
#1134=EDGE_CURVE('',#939,#938,#480,.T.);
#1135=EDGE_CURVE('',#939,#940,#785,.T.);
#1136=EDGE_CURVE('',#931,#940,#481,.T.);
#1137=EDGE_CURVE('',#941,#937,#786,.T.);
#1138=EDGE_CURVE('',#942,#941,#482,.T.);
#1139=EDGE_CURVE('',#942,#892,#787,.T.);
#1140=EDGE_CURVE('',#943,#944,#483,.T.);
#1141=EDGE_CURVE('',#943,#945,#788,.T.);
#1142=EDGE_CURVE('',#945,#942,#484,.T.);
#1143=EDGE_CURVE('',#946,#941,#485,.T.);
#1144=EDGE_CURVE('',#946,#944,#789,.T.);
#1145=EDGE_CURVE('',#947,#948,#486,.T.);
#1146=EDGE_CURVE('',#947,#943,#487,.T.);
#1147=EDGE_CURVE('',#944,#948,#488,.T.);
#1148=EDGE_CURVE('',#949,#950,#489,.T.);
#1149=EDGE_CURVE('',#949,#947,#790,.T.);
#1150=EDGE_CURVE('',#948,#951,#791,.T.);
#1151=EDGE_CURVE('',#951,#952,#490,.T.);
#1152=EDGE_CURVE('',#950,#952,#491,.T.);
#1153=EDGE_CURVE('',#952,#953,#792,.T.);
#1154=EDGE_CURVE('',#889,#953,#492,.T.);
#1155=EDGE_CURVE('',#950,#889,#793,.T.);
#1156=EDGE_CURVE('',#954,#955,#493,.T.);
#1157=EDGE_CURVE('',#955,#956,#794,.T.);
#1158=EDGE_CURVE('',#956,#957,#494,.T.);
#1159=EDGE_CURVE('',#958,#957,#495,.T.);
#1160=EDGE_CURVE('',#958,#959,#496,.T.);
#1161=EDGE_CURVE('',#959,#960,#795,.T.);
#1162=EDGE_CURVE('',#960,#961,#497,.T.);
#1163=EDGE_CURVE('',#961,#890,#796,.T.);
#1164=EDGE_CURVE('',#953,#962,#498,.T.);
#1165=EDGE_CURVE('',#962,#954,#797,.T.);
#1166=EDGE_CURVE('',#878,#958,#798,.T.);
#1167=EDGE_CURVE('',#957,#879,#799,.T.);
#1168=EDGE_CURVE('',#963,#877,#800,.T.);
#1169=EDGE_CURVE('',#880,#964,#801,.T.);
#1170=EDGE_CURVE('',#963,#964,#499,.T.);
#1171=EDGE_CURVE('',#964,#965,#500,.T.);
#1172=EDGE_CURVE('',#965,#966,#802,.T.);
#1173=EDGE_CURVE('',#966,#967,#501,.T.);
#1174=EDGE_CURVE('',#967,#968,#803,.T.);
#1175=EDGE_CURVE('',#968,#969,#502,.T.);
#1176=EDGE_CURVE('',#896,#969,#503,.T.);
#1177=EDGE_CURVE('',#895,#970,#804,.T.);
#1178=EDGE_CURVE('',#970,#971,#504,.T.);
#1179=EDGE_CURVE('',#971,#972,#805,.T.);
#1180=EDGE_CURVE('',#972,#963,#505,.T.);
#1181=EDGE_CURVE('',#969,#901,#806,.T.);
#1182=EDGE_CURVE('',#896,#900,#807,.T.);
#1183=EDGE_CURVE('',#950,#942,#506,.T.);
#1184=EDGE_CURVE('',#932,#957,#507,.T.);
#1185=EDGE_CURVE('',#879,#922,#508,.T.);
#1186=EDGE_CURVE('',#956,#933,#509,.T.);
#1187=EDGE_CURVE('',#920,#880,#510,.T.);
#1188=EDGE_CURVE('',#964,#913,#511,.T.);
#1189=EDGE_CURVE('',#905,#900,#512,.T.);
#1190=EDGE_CURVE('',#899,#906,#513,.T.);
#1191=EDGE_CURVE('',#912,#965,#514,.T.);
#1192=EDGE_CURVE('',#945,#949,#515,.T.);
#1193=EDGE_CURVE('',#911,#967,#516,.T.);
#1194=EDGE_CURVE('',#966,#910,#517,.T.);
#1195=EDGE_CURVE('',#968,#918,#518,.T.);
#1196=EDGE_CURVE('',#909,#969,#519,.T.);
#1197=EDGE_CURVE('',#908,#901,#520,.T.);
#1198=EDGE_CURVE('',#907,#902,#521,.T.);
#1199=EDGE_CURVE('',#916,#971,#522,.T.);
#1200=EDGE_CURVE('',#970,#917,#523,.T.);
#1201=EDGE_CURVE('',#972,#915,#524,.T.);
#1202=EDGE_CURVE('',#914,#963,#525,.T.);
#1203=EDGE_CURVE('',#960,#939,#526,.T.);
#1204=EDGE_CURVE('',#938,#961,#527,.T.);
#1205=EDGE_CURVE('',#940,#959,#528,.T.);
#1206=EDGE_CURVE('',#958,#931,#529,.T.);
#1207=EDGE_CURVE('',#878,#921,#530,.T.);
#1208=EDGE_CURVE('',#877,#919,#531,.T.);
#1209=EDGE_CURVE('',#936,#962,#532,.T.);
#1210=EDGE_CURVE('',#937,#953,#533,.T.);
#1211=EDGE_CURVE('',#954,#935,#534,.T.);
#1212=EDGE_CURVE('',#934,#955,#535,.T.);
#1213=EDGE_CURVE('',#951,#946,#536,.T.);
#1214=EDGE_CURVE('',#941,#952,#537,.T.);
#1215=EDGE_CURVE('',#973,#974,#538,.T.);
#1216=EDGE_CURVE('',#879,#973,#808,.T.);
#1217=EDGE_CURVE('',#922,#974,#809,.T.);
#1218=EDGE_CURVE('',#975,#880,#810,.T.);
#1219=EDGE_CURVE('',#975,#976,#539,.T.);
#1220=EDGE_CURVE('',#976,#920,#811,.T.);
#1221=EDGE_CURVE('',#976,#974,#540,.T.);
#1222=EDGE_CURVE('',#973,#975,#541,.T.);
#1223=EDGE_CURVE('',#977,#974,#542,.T.);
#1224=EDGE_CURVE('',#977,#978,#543,.T.);
#1225=EDGE_CURVE('',#978,#973,#544,.T.);
#1226=EDGE_CURVE('',#975,#979,#545,.T.);
#1227=EDGE_CURVE('',#979,#980,#546,.T.);
#1228=EDGE_CURVE('',#976,#980,#547,.T.);
#1229=EDGE_CURVE('',#981,#982,#548,.T.);
#1230=EDGE_CURVE('',#982,#977,#812,.T.);
#1231=EDGE_CURVE('',#980,#981,#813,.T.);
#1232=EDGE_CURVE('',#978,#983,#814,.T.);
#1233=EDGE_CURVE('',#984,#983,#549,.T.);
#1234=EDGE_CURVE('',#984,#979,#815,.T.);
#1235=EDGE_CURVE('',#983,#982,#550,.T.);
#1236=EDGE_CURVE('',#981,#984,#551,.T.);
#1237=EDGE_CURVE('',#924,#881,#552,.T.);
#1238=EDGE_CURVE('',#923,#883,#553,.T.);
#1239=EDGE_CURVE('',#930,#884,#554,.T.);
#1240=EDGE_CURVE('',#929,#885,#555,.T.);
#1241=EDGE_CURVE('',#928,#886,#556,.T.);
#1242=EDGE_CURVE('',#927,#887,#557,.T.);
#1243=EDGE_CURVE('',#926,#888,#558,.T.);
#1244=EDGE_CURVE('',#925,#882,#559,.T.);
#1245=EDGE_CURVE('',#985,#985,#816,.T.);
#1246=EDGE_CURVE('',#985,#986,#560,.T.);
#1247=EDGE_CURVE('',#986,#986,#817,.T.);
#1248=EDGE_CURVE('',#987,#988,#818,.T.);
#1249=EDGE_CURVE('',#988,#987,#819,.T.);
#1250=EDGE_CURVE('',#988,#989,#820,.T.);
#1251=EDGE_CURVE('',#989,#989,#821,.T.);
#1252=EDGE_CURVE('',#987,#990,#561,.T.);
#1253=EDGE_CURVE('',#990,#990,#822,.T.);
#1254=EDGE_CURVE('',#991,#991,#823,.T.);
#1255=EDGE_CURVE('',#991,#992,#824,.T.);
#1256=EDGE_CURVE('',#992,#992,#825,.T.);
#1257=EDGE_CURVE('',#993,#993,#826,.T.);
#1258=EDGE_CURVE('',#993,#994,#562,.T.);
#1259=EDGE_CURVE('',#994,#994,#827,.T.);
#1260=EDGE_CURVE('',#995,#995,#828,.T.);
#1261=EDGE_CURVE('',#995,#985,#563,.T.);
#1262=EDGE_CURVE('',#989,#996,#564,.T.);
#1263=EDGE_CURVE('',#996,#996,#829,.T.);
#1264=EDGE_CURVE('',#997,#997,#830,.T.);
#1265=EDGE_CURVE('',#997,#998,#565,.T.);
#1266=EDGE_CURVE('',#998,#999,#831,.T.);
#1267=EDGE_CURVE('',#999,#998,#832,.T.);
#1268=EDGE_CURVE('',#1000,#1001,#833,.T.);
#1269=EDGE_CURVE('',#1001,#999,#566,.T.);
#1270=EDGE_CURVE('',#1001,#1000,#834,.T.);
#1271=EDGE_CURVE('',#1000,#1002,#835,.T.);
#1272=EDGE_CURVE('',#1002,#1002,#836,.T.);
#1273=ORIENTED_EDGE('',*,*,#1003,.T.);
#1274=ORIENTED_EDGE('',*,*,#1004,.T.);
#1275=ORIENTED_EDGE('',*,*,#1005,.F.);
#1276=ORIENTED_EDGE('',*,*,#1004,.F.);
#1277=ORIENTED_EDGE('',*,*,#1006,.F.);
#1278=ORIENTED_EDGE('',*,*,#1007,.T.);
#1279=ORIENTED_EDGE('',*,*,#1008,.T.);
#1280=ORIENTED_EDGE('',*,*,#1007,.F.);
#1281=ORIENTED_EDGE('',*,*,#1009,.F.);
#1282=ORIENTED_EDGE('',*,*,#1010,.T.);
#1283=ORIENTED_EDGE('',*,*,#1011,.T.);
#1284=ORIENTED_EDGE('',*,*,#1010,.F.);
#1285=ORIENTED_EDGE('',*,*,#1012,.T.);
#1286=ORIENTED_EDGE('',*,*,#1013,.T.);
#1287=ORIENTED_EDGE('',*,*,#1014,.F.);
#1288=ORIENTED_EDGE('',*,*,#1013,.F.);
#1289=ORIENTED_EDGE('',*,*,#1015,.T.);
#1290=ORIENTED_EDGE('',*,*,#1016,.T.);
#1291=ORIENTED_EDGE('',*,*,#1017,.F.);
#1292=ORIENTED_EDGE('',*,*,#1016,.F.);
#1293=ORIENTED_EDGE('',*,*,#1018,.F.);
#1294=ORIENTED_EDGE('',*,*,#1019,.T.);
#1295=ORIENTED_EDGE('',*,*,#1020,.T.);
#1296=ORIENTED_EDGE('',*,*,#1019,.F.);
#1297=ORIENTED_EDGE('',*,*,#1021,.T.);
#1298=ORIENTED_EDGE('',*,*,#1022,.T.);
#1299=ORIENTED_EDGE('',*,*,#1023,.F.);
#1300=ORIENTED_EDGE('',*,*,#1022,.F.);
#1301=ORIENTED_EDGE('',*,*,#1024,.F.);
#1302=ORIENTED_EDGE('',*,*,#1025,.T.);
#1303=ORIENTED_EDGE('',*,*,#1026,.T.);
#1304=ORIENTED_EDGE('',*,*,#1025,.F.);
#1305=ORIENTED_EDGE('',*,*,#1027,.F.);
#1306=ORIENTED_EDGE('',*,*,#1028,.T.);
#1307=ORIENTED_EDGE('',*,*,#1029,.T.);
#1308=ORIENTED_EDGE('',*,*,#1028,.F.);
#1309=ORIENTED_EDGE('',*,*,#1030,.T.);
#1310=ORIENTED_EDGE('',*,*,#1031,.T.);
#1311=ORIENTED_EDGE('',*,*,#1032,.F.);
#1312=ORIENTED_EDGE('',*,*,#1031,.F.);
#1313=ORIENTED_EDGE('',*,*,#1033,.T.);
#1314=ORIENTED_EDGE('',*,*,#1034,.T.);
#1315=ORIENTED_EDGE('',*,*,#1035,.F.);
#1316=ORIENTED_EDGE('',*,*,#1034,.F.);
#1317=ORIENTED_EDGE('',*,*,#1036,.F.);
#1318=ORIENTED_EDGE('',*,*,#1037,.T.);
#1319=ORIENTED_EDGE('',*,*,#1038,.T.);
#1320=ORIENTED_EDGE('',*,*,#1037,.F.);
#1321=ORIENTED_EDGE('',*,*,#1039,.F.);
#1322=ORIENTED_EDGE('',*,*,#1040,.T.);
#1323=ORIENTED_EDGE('',*,*,#1041,.T.);
#1324=ORIENTED_EDGE('',*,*,#1040,.F.);
#1325=ORIENTED_EDGE('',*,*,#1042,.F.);
#1326=ORIENTED_EDGE('',*,*,#1043,.T.);
#1327=ORIENTED_EDGE('',*,*,#1044,.T.);
#1328=ORIENTED_EDGE('',*,*,#1043,.F.);
#1329=ORIENTED_EDGE('',*,*,#1045,.F.);
#1330=ORIENTED_EDGE('',*,*,#1046,.T.);
#1331=ORIENTED_EDGE('',*,*,#1047,.T.);
#1332=ORIENTED_EDGE('',*,*,#1046,.F.);
#1333=ORIENTED_EDGE('',*,*,#1048,.F.);
#1334=ORIENTED_EDGE('',*,*,#1049,.T.);
#1335=ORIENTED_EDGE('',*,*,#1050,.T.);
#1336=ORIENTED_EDGE('',*,*,#1049,.F.);
#1337=ORIENTED_EDGE('',*,*,#1051,.F.);
#1338=ORIENTED_EDGE('',*,*,#1052,.T.);
#1339=ORIENTED_EDGE('',*,*,#1053,.T.);
#1340=ORIENTED_EDGE('',*,*,#1052,.F.);
#1341=ORIENTED_EDGE('',*,*,#1054,.F.);
#1342=ORIENTED_EDGE('',*,*,#1055,.T.);
#1343=ORIENTED_EDGE('',*,*,#1056,.T.);
#1344=ORIENTED_EDGE('',*,*,#1055,.F.);
#1345=ORIENTED_EDGE('',*,*,#1057,.F.);
#1346=ORIENTED_EDGE('',*,*,#1058,.T.);
#1347=ORIENTED_EDGE('',*,*,#1059,.T.);
#1348=ORIENTED_EDGE('',*,*,#1058,.F.);
#1349=ORIENTED_EDGE('',*,*,#1060,.F.);
#1350=ORIENTED_EDGE('',*,*,#1061,.T.);
#1351=ORIENTED_EDGE('',*,*,#1062,.T.);
#1352=ORIENTED_EDGE('',*,*,#1061,.F.);
#1353=ORIENTED_EDGE('',*,*,#1063,.T.);
#1354=ORIENTED_EDGE('',*,*,#1064,.T.);
#1355=ORIENTED_EDGE('',*,*,#1065,.T.);
#1356=ORIENTED_EDGE('',*,*,#1066,.F.);
#1357=ORIENTED_EDGE('',*,*,#1041,.F.);
#1358=ORIENTED_EDGE('',*,*,#1067,.F.);
#1359=ORIENTED_EDGE('',*,*,#1068,.F.);
#1360=ORIENTED_EDGE('',*,*,#1069,.F.);
#1361=ORIENTED_EDGE('',*,*,#1070,.F.);
#1362=ORIENTED_EDGE('',*,*,#1071,.F.);
#1363=ORIENTED_EDGE('',*,*,#1072,.F.);
#1364=ORIENTED_EDGE('',*,*,#1073,.F.);
#1365=ORIENTED_EDGE('',*,*,#1074,.F.);
#1366=ORIENTED_EDGE('',*,*,#1044,.F.);
#1367=ORIENTED_EDGE('',*,*,#1047,.F.);
#1368=ORIENTED_EDGE('',*,*,#1050,.F.);
#1369=ORIENTED_EDGE('',*,*,#1075,.T.);
#1370=ORIENTED_EDGE('',*,*,#1076,.T.);
#1371=ORIENTED_EDGE('',*,*,#1077,.F.);
#1372=ORIENTED_EDGE('',*,*,#1078,.T.);
#1373=ORIENTED_EDGE('',*,*,#1079,.F.);
#1374=ORIENTED_EDGE('',*,*,#1080,.T.);
#1375=ORIENTED_EDGE('',*,*,#1081,.T.);
#1376=ORIENTED_EDGE('',*,*,#1082,.T.);
#1377=ORIENTED_EDGE('',*,*,#1083,.F.);
#1378=ORIENTED_EDGE('',*,*,#1084,.T.);
#1379=ORIENTED_EDGE('',*,*,#1085,.F.);
#1380=ORIENTED_EDGE('',*,*,#1086,.T.);
#1381=ORIENTED_EDGE('',*,*,#1087,.T.);
#1382=ORIENTED_EDGE('',*,*,#1088,.T.);
#1383=ORIENTED_EDGE('',*,*,#1057,.T.);
#1384=ORIENTED_EDGE('',*,*,#1060,.T.);
#1385=ORIENTED_EDGE('',*,*,#1089,.F.);
#1386=ORIENTED_EDGE('',*,*,#1090,.T.);
#1387=ORIENTED_EDGE('',*,*,#1083,.T.);
#1388=ORIENTED_EDGE('',*,*,#1091,.T.);
#1389=ORIENTED_EDGE('',*,*,#1092,.T.);
#1390=ORIENTED_EDGE('',*,*,#1093,.T.);
#1391=ORIENTED_EDGE('',*,*,#1089,.T.);
#1392=ORIENTED_EDGE('',*,*,#1094,.T.);
#1393=ORIENTED_EDGE('',*,*,#1095,.F.);
#1394=ORIENTED_EDGE('',*,*,#1096,.F.);
#1395=ORIENTED_EDGE('',*,*,#1059,.F.);
#1396=ORIENTED_EDGE('',*,*,#1062,.F.);
#1397=ORIENTED_EDGE('',*,*,#1096,.T.);
#1398=ORIENTED_EDGE('',*,*,#1097,.F.);
#1399=ORIENTED_EDGE('',*,*,#1098,.F.);
#1400=ORIENTED_EDGE('',*,*,#1099,.T.);
#1401=ORIENTED_EDGE('',*,*,#1100,.F.);
#1402=ORIENTED_EDGE('',*,*,#1101,.T.);
#1403=ORIENTED_EDGE('',*,*,#1102,.F.);
#1404=ORIENTED_EDGE('',*,*,#1103,.F.);
#1405=ORIENTED_EDGE('',*,*,#1104,.F.);
#1406=ORIENTED_EDGE('',*,*,#1105,.T.);
#1407=ORIENTED_EDGE('',*,*,#1106,.F.);
#1408=ORIENTED_EDGE('',*,*,#1107,.T.);
#1409=ORIENTED_EDGE('',*,*,#1079,.T.);
#1410=ORIENTED_EDGE('',*,*,#1098,.T.);
#1411=ORIENTED_EDGE('',*,*,#1108,.F.);
#1412=ORIENTED_EDGE('',*,*,#1109,.T.);
#1413=ORIENTED_EDGE('',*,*,#1008,.F.);
#1414=ORIENTED_EDGE('',*,*,#1011,.F.);
#1415=ORIENTED_EDGE('',*,*,#1020,.F.);
#1416=ORIENTED_EDGE('',*,*,#1026,.F.);
#1417=ORIENTED_EDGE('',*,*,#1029,.F.);
#1418=ORIENTED_EDGE('',*,*,#1038,.F.);
#1419=ORIENTED_EDGE('',*,*,#1110,.F.);
#1420=ORIENTED_EDGE('',*,*,#1111,.F.);
#1421=ORIENTED_EDGE('',*,*,#1103,.T.);
#1422=ORIENTED_EDGE('',*,*,#1112,.F.);
#1423=ORIENTED_EDGE('',*,*,#1113,.F.);
#1424=ORIENTED_EDGE('',*,*,#1114,.F.);
#1425=ORIENTED_EDGE('',*,*,#1110,.T.);
#1426=ORIENTED_EDGE('',*,*,#1115,.F.);
#1427=ORIENTED_EDGE('',*,*,#1116,.T.);
#1428=ORIENTED_EDGE('',*,*,#1117,.T.);
#1429=ORIENTED_EDGE('',*,*,#1118,.T.);
#1430=ORIENTED_EDGE('',*,*,#1119,.T.);
#1431=ORIENTED_EDGE('',*,*,#1120,.T.);
#1432=ORIENTED_EDGE('',*,*,#1121,.T.);
#1433=ORIENTED_EDGE('',*,*,#1122,.T.);
#1434=ORIENTED_EDGE('',*,*,#1123,.T.);
#1435=ORIENTED_EDGE('',*,*,#1039,.T.);
#1436=ORIENTED_EDGE('',*,*,#1042,.T.);
#1437=ORIENTED_EDGE('',*,*,#1045,.T.);
#1438=ORIENTED_EDGE('',*,*,#1048,.T.);
#1439=ORIENTED_EDGE('',*,*,#1124,.F.);
#1440=ORIENTED_EDGE('',*,*,#1125,.F.);
#1441=ORIENTED_EDGE('',*,*,#1113,.T.);
#1442=ORIENTED_EDGE('',*,*,#1126,.F.);
#1443=ORIENTED_EDGE('',*,*,#1127,.F.);
#1444=ORIENTED_EDGE('',*,*,#1128,.T.);
#1445=ORIENTED_EDGE('',*,*,#1129,.F.);
#1446=ORIENTED_EDGE('',*,*,#1130,.T.);
#1447=ORIENTED_EDGE('',*,*,#1131,.F.);
#1448=ORIENTED_EDGE('',*,*,#1132,.F.);
#1449=ORIENTED_EDGE('',*,*,#1077,.T.);
#1450=ORIENTED_EDGE('',*,*,#1133,.T.);
#1451=ORIENTED_EDGE('',*,*,#1134,.F.);
#1452=ORIENTED_EDGE('',*,*,#1135,.T.);
#1453=ORIENTED_EDGE('',*,*,#1136,.F.);
#1454=ORIENTED_EDGE('',*,*,#1124,.T.);
#1455=ORIENTED_EDGE('',*,*,#1003,.F.);
#1456=ORIENTED_EDGE('',*,*,#1012,.F.);
#1457=ORIENTED_EDGE('',*,*,#1015,.F.);
#1458=ORIENTED_EDGE('',*,*,#1021,.F.);
#1459=ORIENTED_EDGE('',*,*,#1030,.F.);
#1460=ORIENTED_EDGE('',*,*,#1033,.F.);
#1461=ORIENTED_EDGE('',*,*,#1132,.T.);
#1462=ORIENTED_EDGE('',*,*,#1137,.F.);
#1463=ORIENTED_EDGE('',*,*,#1138,.F.);
#1464=ORIENTED_EDGE('',*,*,#1139,.T.);
#1465=ORIENTED_EDGE('',*,*,#1140,.F.);
#1466=ORIENTED_EDGE('',*,*,#1141,.T.);
#1467=ORIENTED_EDGE('',*,*,#1142,.T.);
#1468=ORIENTED_EDGE('',*,*,#1138,.T.);
#1469=ORIENTED_EDGE('',*,*,#1143,.F.);
#1470=ORIENTED_EDGE('',*,*,#1144,.T.);
#1471=ORIENTED_EDGE('',*,*,#1053,.F.);
#1472=ORIENTED_EDGE('',*,*,#1056,.F.);
#1473=ORIENTED_EDGE('',*,*,#1145,.F.);
#1474=ORIENTED_EDGE('',*,*,#1146,.T.);
#1475=ORIENTED_EDGE('',*,*,#1140,.T.);
#1476=ORIENTED_EDGE('',*,*,#1147,.T.);
#1477=ORIENTED_EDGE('',*,*,#1148,.F.);
#1478=ORIENTED_EDGE('',*,*,#1149,.T.);
#1479=ORIENTED_EDGE('',*,*,#1145,.T.);
#1480=ORIENTED_EDGE('',*,*,#1150,.T.);
#1481=ORIENTED_EDGE('',*,*,#1151,.T.);
#1482=ORIENTED_EDGE('',*,*,#1152,.F.);
#1483=ORIENTED_EDGE('',*,*,#1051,.T.);
#1484=ORIENTED_EDGE('',*,*,#1054,.T.);
#1485=ORIENTED_EDGE('',*,*,#1153,.T.);
#1486=ORIENTED_EDGE('',*,*,#1154,.F.);
#1487=ORIENTED_EDGE('',*,*,#1155,.F.);
#1488=ORIENTED_EDGE('',*,*,#1152,.T.);
#1489=ORIENTED_EDGE('',*,*,#1156,.T.);
#1490=ORIENTED_EDGE('',*,*,#1157,.T.);
#1491=ORIENTED_EDGE('',*,*,#1158,.T.);
#1492=ORIENTED_EDGE('',*,*,#1159,.F.);
#1493=ORIENTED_EDGE('',*,*,#1160,.T.);
#1494=ORIENTED_EDGE('',*,*,#1161,.T.);
#1495=ORIENTED_EDGE('',*,*,#1162,.T.);
#1496=ORIENTED_EDGE('',*,*,#1163,.T.);
#1497=ORIENTED_EDGE('',*,*,#1075,.F.);
#1498=ORIENTED_EDGE('',*,*,#1154,.T.);
#1499=ORIENTED_EDGE('',*,*,#1164,.T.);
#1500=ORIENTED_EDGE('',*,*,#1165,.T.);
#1501=ORIENTED_EDGE('',*,*,#1005,.T.);
#1502=ORIENTED_EDGE('',*,*,#1014,.T.);
#1503=ORIENTED_EDGE('',*,*,#1017,.T.);
#1504=ORIENTED_EDGE('',*,*,#1023,.T.);
#1505=ORIENTED_EDGE('',*,*,#1032,.T.);
#1506=ORIENTED_EDGE('',*,*,#1035,.T.);
#1507=ORIENTED_EDGE('',*,*,#1166,.T.);
#1508=ORIENTED_EDGE('',*,*,#1159,.T.);
#1509=ORIENTED_EDGE('',*,*,#1167,.T.);
#1510=ORIENTED_EDGE('',*,*,#1064,.F.);
#1511=ORIENTED_EDGE('',*,*,#1168,.T.);
#1512=ORIENTED_EDGE('',*,*,#1066,.T.);
#1513=ORIENTED_EDGE('',*,*,#1169,.T.);
#1514=ORIENTED_EDGE('',*,*,#1170,.F.);
#1515=ORIENTED_EDGE('',*,*,#1171,.T.);
#1516=ORIENTED_EDGE('',*,*,#1172,.T.);
#1517=ORIENTED_EDGE('',*,*,#1173,.T.);
#1518=ORIENTED_EDGE('',*,*,#1174,.T.);
#1519=ORIENTED_EDGE('',*,*,#1175,.T.);
#1520=ORIENTED_EDGE('',*,*,#1176,.F.);
#1521=ORIENTED_EDGE('',*,*,#1081,.F.);
#1522=ORIENTED_EDGE('',*,*,#1177,.T.);
#1523=ORIENTED_EDGE('',*,*,#1178,.T.);
#1524=ORIENTED_EDGE('',*,*,#1179,.T.);
#1525=ORIENTED_EDGE('',*,*,#1180,.T.);
#1526=ORIENTED_EDGE('',*,*,#1170,.T.);
#1527=ORIENTED_EDGE('',*,*,#1006,.T.);
#1528=ORIENTED_EDGE('',*,*,#1009,.T.);
#1529=ORIENTED_EDGE('',*,*,#1018,.T.);
#1530=ORIENTED_EDGE('',*,*,#1024,.T.);
#1531=ORIENTED_EDGE('',*,*,#1027,.T.);
#1532=ORIENTED_EDGE('',*,*,#1036,.T.);
#1533=ORIENTED_EDGE('',*,*,#1181,.T.);
#1534=ORIENTED_EDGE('',*,*,#1086,.F.);
#1535=ORIENTED_EDGE('',*,*,#1182,.F.);
#1536=ORIENTED_EDGE('',*,*,#1176,.T.);
#1537=ORIENTED_EDGE('',*,*,#1078,.F.);
#1538=ORIENTED_EDGE('',*,*,#1139,.F.);
#1539=ORIENTED_EDGE('',*,*,#1183,.F.);
#1540=ORIENTED_EDGE('',*,*,#1155,.T.);
#1541=ORIENTED_EDGE('',*,*,#1184,.F.);
#1542=ORIENTED_EDGE('',*,*,#1126,.T.);
#1543=ORIENTED_EDGE('',*,*,#1185,.F.);
#1544=ORIENTED_EDGE('',*,*,#1167,.F.);
#1545=ORIENTED_EDGE('',*,*,#1158,.F.);
#1546=ORIENTED_EDGE('',*,*,#1186,.T.);
#1547=ORIENTED_EDGE('',*,*,#1127,.T.);
#1548=ORIENTED_EDGE('',*,*,#1184,.T.);
#1549=ORIENTED_EDGE('',*,*,#1187,.F.);
#1550=ORIENTED_EDGE('',*,*,#1112,.T.);
#1551=ORIENTED_EDGE('',*,*,#1188,.F.);
#1552=ORIENTED_EDGE('',*,*,#1169,.F.);
#1553=ORIENTED_EDGE('',*,*,#1189,.F.);
#1554=ORIENTED_EDGE('',*,*,#1099,.F.);
#1555=ORIENTED_EDGE('',*,*,#1082,.F.);
#1556=ORIENTED_EDGE('',*,*,#1182,.T.);
#1557=ORIENTED_EDGE('',*,*,#1085,.T.);
#1558=ORIENTED_EDGE('',*,*,#1190,.T.);
#1559=ORIENTED_EDGE('',*,*,#1092,.F.);
#1560=ORIENTED_EDGE('',*,*,#1189,.T.);
#1561=ORIENTED_EDGE('',*,*,#1102,.T.);
#1562=ORIENTED_EDGE('',*,*,#1191,.T.);
#1563=ORIENTED_EDGE('',*,*,#1171,.F.);
#1564=ORIENTED_EDGE('',*,*,#1188,.T.);
#1565=ORIENTED_EDGE('',*,*,#1142,.F.);
#1566=ORIENTED_EDGE('',*,*,#1192,.T.);
#1567=ORIENTED_EDGE('',*,*,#1148,.T.);
#1568=ORIENTED_EDGE('',*,*,#1183,.T.);
#1569=ORIENTED_EDGE('',*,*,#1100,.T.);
#1570=ORIENTED_EDGE('',*,*,#1193,.T.);
#1571=ORIENTED_EDGE('',*,*,#1173,.F.);
#1572=ORIENTED_EDGE('',*,*,#1194,.T.);
#1573=ORIENTED_EDGE('',*,*,#1175,.F.);
#1574=ORIENTED_EDGE('',*,*,#1195,.T.);
#1575=ORIENTED_EDGE('',*,*,#1108,.T.);
#1576=ORIENTED_EDGE('',*,*,#1196,.T.);
#1577=ORIENTED_EDGE('',*,*,#1097,.T.);
#1578=ORIENTED_EDGE('',*,*,#1197,.T.);
#1579=ORIENTED_EDGE('',*,*,#1181,.F.);
#1580=ORIENTED_EDGE('',*,*,#1196,.F.);
#1581=ORIENTED_EDGE('',*,*,#1095,.T.);
#1582=ORIENTED_EDGE('',*,*,#1198,.T.);
#1583=ORIENTED_EDGE('',*,*,#1087,.F.);
#1584=ORIENTED_EDGE('',*,*,#1197,.F.);
#1585=ORIENTED_EDGE('',*,*,#1106,.T.);
#1586=ORIENTED_EDGE('',*,*,#1199,.T.);
#1587=ORIENTED_EDGE('',*,*,#1178,.F.);
#1588=ORIENTED_EDGE('',*,*,#1200,.T.);
#1589=ORIENTED_EDGE('',*,*,#1180,.F.);
#1590=ORIENTED_EDGE('',*,*,#1201,.T.);
#1591=ORIENTED_EDGE('',*,*,#1104,.T.);
#1592=ORIENTED_EDGE('',*,*,#1202,.T.);
#1593=ORIENTED_EDGE('',*,*,#1162,.F.);
#1594=ORIENTED_EDGE('',*,*,#1203,.T.);
#1595=ORIENTED_EDGE('',*,*,#1134,.T.);
#1596=ORIENTED_EDGE('',*,*,#1204,.T.);
#1597=ORIENTED_EDGE('',*,*,#1136,.T.);
#1598=ORIENTED_EDGE('',*,*,#1205,.T.);
#1599=ORIENTED_EDGE('',*,*,#1160,.F.);
#1600=ORIENTED_EDGE('',*,*,#1206,.T.);
#1601=ORIENTED_EDGE('',*,*,#1206,.F.);
#1602=ORIENTED_EDGE('',*,*,#1166,.F.);
#1603=ORIENTED_EDGE('',*,*,#1207,.T.);
#1604=ORIENTED_EDGE('',*,*,#1125,.T.);
#1605=ORIENTED_EDGE('',*,*,#1207,.F.);
#1606=ORIENTED_EDGE('',*,*,#1063,.F.);
#1607=ORIENTED_EDGE('',*,*,#1208,.T.);
#1608=ORIENTED_EDGE('',*,*,#1114,.T.);
#1609=ORIENTED_EDGE('',*,*,#1208,.F.);
#1610=ORIENTED_EDGE('',*,*,#1168,.F.);
#1611=ORIENTED_EDGE('',*,*,#1202,.F.);
#1612=ORIENTED_EDGE('',*,*,#1111,.T.);
#1613=ORIENTED_EDGE('',*,*,#1131,.T.);
#1614=ORIENTED_EDGE('',*,*,#1209,.T.);
#1615=ORIENTED_EDGE('',*,*,#1164,.F.);
#1616=ORIENTED_EDGE('',*,*,#1210,.F.);
#1617=ORIENTED_EDGE('',*,*,#1156,.F.);
#1618=ORIENTED_EDGE('',*,*,#1211,.T.);
#1619=ORIENTED_EDGE('',*,*,#1129,.T.);
#1620=ORIENTED_EDGE('',*,*,#1212,.T.);
#1621=ORIENTED_EDGE('',*,*,#1151,.F.);
#1622=ORIENTED_EDGE('',*,*,#1213,.T.);
#1623=ORIENTED_EDGE('',*,*,#1143,.T.);
#1624=ORIENTED_EDGE('',*,*,#1214,.T.);
#1625=ORIENTED_EDGE('',*,*,#1137,.T.);
#1626=ORIENTED_EDGE('',*,*,#1210,.T.);
#1627=ORIENTED_EDGE('',*,*,#1153,.F.);
#1628=ORIENTED_EDGE('',*,*,#1214,.F.);
#1629=ORIENTED_EDGE('',*,*,#1109,.F.);
#1630=ORIENTED_EDGE('',*,*,#1195,.F.);
#1631=ORIENTED_EDGE('',*,*,#1174,.F.);
#1632=ORIENTED_EDGE('',*,*,#1193,.F.);
#1633=ORIENTED_EDGE('',*,*,#1130,.F.);
#1634=ORIENTED_EDGE('',*,*,#1211,.F.);
#1635=ORIENTED_EDGE('',*,*,#1165,.F.);
#1636=ORIENTED_EDGE('',*,*,#1209,.F.);
#1637=ORIENTED_EDGE('',*,*,#1128,.F.);
#1638=ORIENTED_EDGE('',*,*,#1186,.F.);
#1639=ORIENTED_EDGE('',*,*,#1157,.F.);
#1640=ORIENTED_EDGE('',*,*,#1212,.F.);
#1641=ORIENTED_EDGE('',*,*,#1101,.F.);
#1642=ORIENTED_EDGE('',*,*,#1194,.F.);
#1643=ORIENTED_EDGE('',*,*,#1172,.F.);
#1644=ORIENTED_EDGE('',*,*,#1191,.F.);
#1645=ORIENTED_EDGE('',*,*,#1161,.F.);
#1646=ORIENTED_EDGE('',*,*,#1205,.F.);
#1647=ORIENTED_EDGE('',*,*,#1135,.F.);
#1648=ORIENTED_EDGE('',*,*,#1203,.F.);
#1649=ORIENTED_EDGE('',*,*,#1105,.F.);
#1650=ORIENTED_EDGE('',*,*,#1201,.F.);
#1651=ORIENTED_EDGE('',*,*,#1179,.F.);
#1652=ORIENTED_EDGE('',*,*,#1199,.F.);
#1653=ORIENTED_EDGE('',*,*,#1107,.F.);
#1654=ORIENTED_EDGE('',*,*,#1200,.F.);
#1655=ORIENTED_EDGE('',*,*,#1177,.F.);
#1656=ORIENTED_EDGE('',*,*,#1080,.F.);
#1657=ORIENTED_EDGE('',*,*,#1163,.F.);
#1658=ORIENTED_EDGE('',*,*,#1204,.F.);
#1659=ORIENTED_EDGE('',*,*,#1133,.F.);
#1660=ORIENTED_EDGE('',*,*,#1076,.F.);
#1661=ORIENTED_EDGE('',*,*,#1149,.F.);
#1662=ORIENTED_EDGE('',*,*,#1192,.F.);
#1663=ORIENTED_EDGE('',*,*,#1141,.F.);
#1664=ORIENTED_EDGE('',*,*,#1146,.F.);
#1665=ORIENTED_EDGE('',*,*,#1144,.F.);
#1666=ORIENTED_EDGE('',*,*,#1213,.F.);
#1667=ORIENTED_EDGE('',*,*,#1150,.F.);
#1668=ORIENTED_EDGE('',*,*,#1147,.F.);
#1669=ORIENTED_EDGE('',*,*,#1093,.F.);
#1670=ORIENTED_EDGE('',*,*,#1190,.F.);
#1671=ORIENTED_EDGE('',*,*,#1084,.F.);
#1672=ORIENTED_EDGE('',*,*,#1090,.F.);
#1673=ORIENTED_EDGE('',*,*,#1094,.F.);
#1674=ORIENTED_EDGE('',*,*,#1091,.F.);
#1675=ORIENTED_EDGE('',*,*,#1088,.F.);
#1676=ORIENTED_EDGE('',*,*,#1198,.F.);
#1677=ORIENTED_EDGE('',*,*,#1215,.F.);
#1678=ORIENTED_EDGE('',*,*,#1216,.F.);
#1679=ORIENTED_EDGE('',*,*,#1185,.T.);
#1680=ORIENTED_EDGE('',*,*,#1217,.T.);
#1681=ORIENTED_EDGE('',*,*,#1218,.F.);
#1682=ORIENTED_EDGE('',*,*,#1219,.T.);
#1683=ORIENTED_EDGE('',*,*,#1220,.T.);
#1684=ORIENTED_EDGE('',*,*,#1187,.T.);
#1685=ORIENTED_EDGE('',*,*,#1115,.T.);
#1686=ORIENTED_EDGE('',*,*,#1220,.F.);
#1687=ORIENTED_EDGE('',*,*,#1221,.T.);
#1688=ORIENTED_EDGE('',*,*,#1217,.F.);
#1689=ORIENTED_EDGE('',*,*,#1065,.F.);
#1690=ORIENTED_EDGE('',*,*,#1216,.T.);
#1691=ORIENTED_EDGE('',*,*,#1222,.T.);
#1692=ORIENTED_EDGE('',*,*,#1218,.T.);
#1693=ORIENTED_EDGE('',*,*,#1223,.F.);
#1694=ORIENTED_EDGE('',*,*,#1224,.T.);
#1695=ORIENTED_EDGE('',*,*,#1225,.T.);
#1696=ORIENTED_EDGE('',*,*,#1215,.T.);
#1697=ORIENTED_EDGE('',*,*,#1226,.T.);
#1698=ORIENTED_EDGE('',*,*,#1227,.T.);
#1699=ORIENTED_EDGE('',*,*,#1228,.F.);
#1700=ORIENTED_EDGE('',*,*,#1219,.F.);
#1701=ORIENTED_EDGE('',*,*,#1229,.T.);
#1702=ORIENTED_EDGE('',*,*,#1230,.T.);
#1703=ORIENTED_EDGE('',*,*,#1223,.T.);
#1704=ORIENTED_EDGE('',*,*,#1221,.F.);
#1705=ORIENTED_EDGE('',*,*,#1228,.T.);
#1706=ORIENTED_EDGE('',*,*,#1231,.T.);
#1707=ORIENTED_EDGE('',*,*,#1225,.F.);
#1708=ORIENTED_EDGE('',*,*,#1232,.T.);
#1709=ORIENTED_EDGE('',*,*,#1233,.F.);
#1710=ORIENTED_EDGE('',*,*,#1234,.T.);
#1711=ORIENTED_EDGE('',*,*,#1226,.F.);
#1712=ORIENTED_EDGE('',*,*,#1222,.F.);
#1713=ORIENTED_EDGE('',*,*,#1233,.T.);
#1714=ORIENTED_EDGE('',*,*,#1235,.T.);
#1715=ORIENTED_EDGE('',*,*,#1229,.F.);
#1716=ORIENTED_EDGE('',*,*,#1236,.T.);
#1717=ORIENTED_EDGE('',*,*,#1068,.T.);
#1718=ORIENTED_EDGE('',*,*,#1237,.F.);
#1719=ORIENTED_EDGE('',*,*,#1116,.F.);
#1720=ORIENTED_EDGE('',*,*,#1238,.T.);
#1721=ORIENTED_EDGE('',*,*,#1069,.T.);
#1722=ORIENTED_EDGE('',*,*,#1238,.F.);
#1723=ORIENTED_EDGE('',*,*,#1123,.F.);
#1724=ORIENTED_EDGE('',*,*,#1239,.T.);
#1725=ORIENTED_EDGE('',*,*,#1070,.T.);
#1726=ORIENTED_EDGE('',*,*,#1239,.F.);
#1727=ORIENTED_EDGE('',*,*,#1122,.F.);
#1728=ORIENTED_EDGE('',*,*,#1240,.T.);
#1729=ORIENTED_EDGE('',*,*,#1071,.T.);
#1730=ORIENTED_EDGE('',*,*,#1240,.F.);
#1731=ORIENTED_EDGE('',*,*,#1121,.F.);
#1732=ORIENTED_EDGE('',*,*,#1241,.T.);
#1733=ORIENTED_EDGE('',*,*,#1072,.T.);
#1734=ORIENTED_EDGE('',*,*,#1241,.F.);
#1735=ORIENTED_EDGE('',*,*,#1120,.F.);
#1736=ORIENTED_EDGE('',*,*,#1242,.T.);
#1737=ORIENTED_EDGE('',*,*,#1073,.T.);
#1738=ORIENTED_EDGE('',*,*,#1242,.F.);
#1739=ORIENTED_EDGE('',*,*,#1119,.F.);
#1740=ORIENTED_EDGE('',*,*,#1243,.T.);
#1741=ORIENTED_EDGE('',*,*,#1074,.T.);
#1742=ORIENTED_EDGE('',*,*,#1243,.F.);
#1743=ORIENTED_EDGE('',*,*,#1118,.F.);
#1744=ORIENTED_EDGE('',*,*,#1244,.T.);
#1745=ORIENTED_EDGE('',*,*,#1067,.T.);
#1746=ORIENTED_EDGE('',*,*,#1244,.F.);
#1747=ORIENTED_EDGE('',*,*,#1117,.F.);
#1748=ORIENTED_EDGE('',*,*,#1237,.T.);
#1749=ORIENTED_EDGE('',*,*,#1230,.F.);
#1750=ORIENTED_EDGE('',*,*,#1235,.F.);
#1751=ORIENTED_EDGE('',*,*,#1232,.F.);
#1752=ORIENTED_EDGE('',*,*,#1224,.F.);
#1753=ORIENTED_EDGE('',*,*,#1231,.F.);
#1754=ORIENTED_EDGE('',*,*,#1227,.F.);
#1755=ORIENTED_EDGE('',*,*,#1234,.F.);
#1756=ORIENTED_EDGE('',*,*,#1236,.F.);
#1757=ORIENTED_EDGE('',*,*,#1245,.F.);
#1758=ORIENTED_EDGE('',*,*,#1246,.T.);
#1759=ORIENTED_EDGE('',*,*,#1247,.F.);
#1760=ORIENTED_EDGE('',*,*,#1246,.F.);
#1761=ORIENTED_EDGE('',*,*,#1248,.F.);
#1762=ORIENTED_EDGE('',*,*,#1249,.F.);
#1763=ORIENTED_EDGE('',*,*,#1250,.T.);
#1764=ORIENTED_EDGE('',*,*,#1251,.F.);
#1765=ORIENTED_EDGE('',*,*,#1250,.F.);
#1766=ORIENTED_EDGE('',*,*,#1248,.T.);
#1767=ORIENTED_EDGE('',*,*,#1249,.T.);
#1768=ORIENTED_EDGE('',*,*,#1252,.T.);
#1769=ORIENTED_EDGE('',*,*,#1253,.F.);
#1770=ORIENTED_EDGE('',*,*,#1252,.F.);
#1771=ORIENTED_EDGE('',*,*,#1254,.F.);
#1772=ORIENTED_EDGE('',*,*,#1255,.T.);
#1773=ORIENTED_EDGE('',*,*,#1256,.F.);
#1774=ORIENTED_EDGE('',*,*,#1255,.F.);
#1775=ORIENTED_EDGE('',*,*,#1257,.F.);
#1776=ORIENTED_EDGE('',*,*,#1258,.T.);
#1777=ORIENTED_EDGE('',*,*,#1259,.T.);
#1778=ORIENTED_EDGE('',*,*,#1258,.F.);
#1779=ORIENTED_EDGE('',*,*,#1260,.F.);
#1780=ORIENTED_EDGE('',*,*,#1261,.T.);
#1781=ORIENTED_EDGE('',*,*,#1245,.T.);
#1782=ORIENTED_EDGE('',*,*,#1261,.F.);
#1783=ORIENTED_EDGE('',*,*,#1251,.T.);
#1784=ORIENTED_EDGE('',*,*,#1262,.T.);
#1785=ORIENTED_EDGE('',*,*,#1263,.T.);
#1786=ORIENTED_EDGE('',*,*,#1262,.F.);
#1787=ORIENTED_EDGE('',*,*,#1264,.F.);
#1788=ORIENTED_EDGE('',*,*,#1265,.T.);
#1789=ORIENTED_EDGE('',*,*,#1266,.T.);
#1790=ORIENTED_EDGE('',*,*,#1267,.T.);
#1791=ORIENTED_EDGE('',*,*,#1265,.F.);
#1792=ORIENTED_EDGE('',*,*,#1268,.T.);
#1793=ORIENTED_EDGE('',*,*,#1269,.T.);
#1794=ORIENTED_EDGE('',*,*,#1266,.F.);
#1795=ORIENTED_EDGE('',*,*,#1267,.F.);
#1796=ORIENTED_EDGE('',*,*,#1269,.F.);
#1797=ORIENTED_EDGE('',*,*,#1270,.T.);
#1798=ORIENTED_EDGE('',*,*,#1268,.F.);
#1799=ORIENTED_EDGE('',*,*,#1271,.T.);
#1800=ORIENTED_EDGE('',*,*,#1272,.T.);
#1801=ORIENTED_EDGE('',*,*,#1271,.F.);
#1802=ORIENTED_EDGE('',*,*,#1270,.F.);
#1803=ORIENTED_EDGE('',*,*,#1256,.T.);
#1804=ORIENTED_EDGE('',*,*,#1264,.T.);
#1805=ORIENTED_EDGE('',*,*,#1254,.T.);
#1806=ORIENTED_EDGE('',*,*,#1263,.F.);
#1807=ORIENTED_EDGE('',*,*,#1253,.T.);
#1808=ORIENTED_EDGE('',*,*,#1247,.T.);
#1809=ORIENTED_EDGE('',*,*,#1259,.F.);
#1810=ORIENTED_EDGE('',*,*,#1260,.T.);
#1811=ORIENTED_EDGE('',*,*,#1272,.F.);
#1812=ORIENTED_EDGE('',*,*,#1257,.T.);
#1813=CYLINDRICAL_SURFACE('',#2003,1.99999999999997);
#1814=CYLINDRICAL_SURFACE('',#2006,1.99999999999997);
#1815=CYLINDRICAL_SURFACE('',#2009,1.99999999999997);
#1816=CYLINDRICAL_SURFACE('',#2012,1.99999999999997);
#1817=CYLINDRICAL_SURFACE('',#2015,1.99999999999997);
#1818=CYLINDRICAL_SURFACE('',#2018,1.99999999999997);
#1819=CYLINDRICAL_SURFACE('',#2021,1.99999999999997);
#1820=CYLINDRICAL_SURFACE('',#2024,1.99999999999997);
#1821=CYLINDRICAL_SURFACE('',#2027,1.99999999999997);
#1822=CYLINDRICAL_SURFACE('',#2030,1.99999999999997);
#1823=CYLINDRICAL_SURFACE('',#2033,1.99999999999997);
#1824=CYLINDRICAL_SURFACE('',#2036,1.99999999999997);
#1825=CYLINDRICAL_SURFACE('',#2039,1.5);
#1826=CYLINDRICAL_SURFACE('',#2042,1.5);
#1827=CYLINDRICAL_SURFACE('',#2045,1.5);
#1828=CYLINDRICAL_SURFACE('',#2048,1.5);
#1829=CYLINDRICAL_SURFACE('',#2051,3.04999999999999);
#1830=CYLINDRICAL_SURFACE('',#2054,3.04999999999999);
#1831=CYLINDRICAL_SURFACE('',#2057,3.04999999999999);
#1832=CYLINDRICAL_SURFACE('',#2060,3.04999999999999);
#1833=CYLINDRICAL_SURFACE('',#2077,1.5);
#1834=CYLINDRICAL_SURFACE('',#2085,2.69999999999999);
#1835=CYLINDRICAL_SURFACE('',#2093,2.69999999999999);
#1836=CYLINDRICAL_SURFACE('',#2101,1.5);
#1837=CYLINDRICAL_SURFACE('',#2111,2.69999999999999);
#1838=CYLINDRICAL_SURFACE('',#2119,1.5);
#1839=CYLINDRICAL_SURFACE('',#2122,1.5);
#1840=CYLINDRICAL_SURFACE('',#2130,2.69999999999999);
#1841=CYLINDRICAL_SURFACE('',#2156,5.);
#1842=CYLINDRICAL_SURFACE('',#2157,5.);
#1843=CYLINDRICAL_SURFACE('',#2158,5.);
#1844=CYLINDRICAL_SURFACE('',#2159,5.);
#1845=CYLINDRICAL_SURFACE('',#2160,5.);
#1846=CYLINDRICAL_SURFACE('',#2161,5.);
#1847=CYLINDRICAL_SURFACE('',#2162,5.);
#1848=CYLINDRICAL_SURFACE('',#2163,5.);
#1849=CYLINDRICAL_SURFACE('',#2164,5.);
#1850=CYLINDRICAL_SURFACE('',#2165,5.);
#1851=CYLINDRICAL_SURFACE('',#2166,5.);
#1852=CYLINDRICAL_SURFACE('',#2167,5.);
#1853=CYLINDRICAL_SURFACE('',#2174,2.70000000000001);
#1854=CYLINDRICAL_SURFACE('',#2175,1.5);
#1855=CYLINDRICAL_SURFACE('',#2185,2.);
#1856=CYLINDRICAL_SURFACE('',#2187,2.);
#1857=CYLINDRICAL_SURFACE('',#2189,2.);
#1858=CYLINDRICAL_SURFACE('',#2191,2.);
#1859=CYLINDRICAL_SURFACE('',#2193,3.);
#1860=CYLINDRICAL_SURFACE('',#2194,3.);
#1861=CYLINDRICAL_SURFACE('',#2209,2.25);
#1862=CYLINDRICAL_SURFACE('',#2212,1.65);
#1863=CYLINDRICAL_SURFACE('',#2214,3.);
#1864=CYLINDRICAL_SURFACE('',#2216,3.);
#1865=ADVANCED_FACE('',(#145),#1813,.F.);
#1866=ADVANCED_FACE('',(#146),#1814,.F.);
#1867=ADVANCED_FACE('',(#147),#1815,.F.);
#1868=ADVANCED_FACE('',(#148),#1816,.F.);
#1869=ADVANCED_FACE('',(#149),#1817,.F.);
#1870=ADVANCED_FACE('',(#150),#1818,.F.);
#1871=ADVANCED_FACE('',(#151),#1819,.F.);
#1872=ADVANCED_FACE('',(#152),#1820,.F.);
#1873=ADVANCED_FACE('',(#153),#1821,.F.);
#1874=ADVANCED_FACE('',(#154),#1822,.F.);
#1875=ADVANCED_FACE('',(#155),#1823,.F.);
#1876=ADVANCED_FACE('',(#156),#1824,.F.);
#1877=ADVANCED_FACE('',(#157),#1825,.F.);
#1878=ADVANCED_FACE('',(#158),#1826,.F.);
#1879=ADVANCED_FACE('',(#159),#1827,.F.);
#1880=ADVANCED_FACE('',(#160),#1828,.F.);
#1881=ADVANCED_FACE('',(#161),#1829,.F.);
#1882=ADVANCED_FACE('',(#162),#1830,.F.);
#1883=ADVANCED_FACE('',(#163),#1831,.F.);
#1884=ADVANCED_FACE('',(#164),#1832,.F.);
#1885=ADVANCED_FACE('',(#165,#45,#46,#47,#48,#49),#92,.F.);
#1886=ADVANCED_FACE('',(#166),#93,.T.);
#1887=ADVANCED_FACE('',(#167),#94,.T.);
#1888=ADVANCED_FACE('',(#168,#50,#51),#95,.F.);
#1889=ADVANCED_FACE('',(#169),#96,.T.);
#1890=ADVANCED_FACE('',(#170,#52,#53),#97,.T.);
#1891=ADVANCED_FACE('',(#171),#1833,.F.);
#1892=ADVANCED_FACE('',(#172,#54,#55,#56,#57,#58,#59),#98,.T.);
#1893=ADVANCED_FACE('',(#173),#1834,.T.);
#1894=ADVANCED_FACE('',(#174,#60,#61,#62,#63,#64),#99,.T.);
#1895=ADVANCED_FACE('',(#175),#1835,.T.);
#1896=ADVANCED_FACE('',(#176,#65,#66,#67,#68,#69,#70),#100,.T.);
#1897=ADVANCED_FACE('',(#177),#1836,.F.);
#1898=ADVANCED_FACE('',(#178,#71,#72),#101,.T.);
#1899=ADVANCED_FACE('',(#179),#102,.T.);
#1900=ADVANCED_FACE('',(#180,#73,#74),#103,.F.);
#1901=ADVANCED_FACE('',(#181),#1837,.T.);
#1902=ADVANCED_FACE('',(#182,#75,#76,#77,#78,#79,#80),#104,.F.);
#1903=ADVANCED_FACE('',(#183),#1838,.F.);
#1904=ADVANCED_FACE('',(#184),#1839,.F.);
#1905=ADVANCED_FACE('',(#185,#81,#82,#83,#84,#85,#86),#105,.F.);
#1906=ADVANCED_FACE('',(#186),#1840,.T.);
#1907=ADVANCED_FACE('',(#187),#106,.T.);
#1908=ADVANCED_FACE('',(#188),#107,.T.);
#1909=ADVANCED_FACE('',(#189),#108,.T.);
#1910=ADVANCED_FACE('',(#190),#109,.T.);
#1911=ADVANCED_FACE('',(#191),#110,.T.);
#1912=ADVANCED_FACE('',(#192),#111,.T.);
#1913=ADVANCED_FACE('',(#193),#112,.T.);
#1914=ADVANCED_FACE('',(#194),#113,.F.);
#1915=ADVANCED_FACE('',(#195),#114,.F.);
#1916=ADVANCED_FACE('',(#196),#115,.F.);
#1917=ADVANCED_FACE('',(#197),#116,.T.);
#1918=ADVANCED_FACE('',(#198),#117,.F.);
#1919=ADVANCED_FACE('',(#199),#118,.F.);
#1920=ADVANCED_FACE('',(#200),#119,.F.);
#1921=ADVANCED_FACE('',(#201),#120,.F.);
#1922=ADVANCED_FACE('',(#202),#121,.F.);
#1923=ADVANCED_FACE('',(#203),#122,.T.);
#1924=ADVANCED_FACE('',(#204),#123,.F.);
#1925=ADVANCED_FACE('',(#205),#124,.T.);
#1926=ADVANCED_FACE('',(#206),#125,.F.);
#1927=ADVANCED_FACE('',(#207),#126,.F.);
#1928=ADVANCED_FACE('',(#208),#127,.F.);
#1929=ADVANCED_FACE('',(#209),#128,.T.);
#1930=ADVANCED_FACE('',(#210),#1841,.F.);
#1931=ADVANCED_FACE('',(#211),#1842,.F.);
#1932=ADVANCED_FACE('',(#212),#1843,.T.);
#1933=ADVANCED_FACE('',(#213),#1844,.T.);
#1934=ADVANCED_FACE('',(#214),#1845,.F.);
#1935=ADVANCED_FACE('',(#215),#1846,.F.);
#1936=ADVANCED_FACE('',(#216),#1847,.T.);
#1937=ADVANCED_FACE('',(#217),#1848,.T.);
#1938=ADVANCED_FACE('',(#218),#1849,.T.);
#1939=ADVANCED_FACE('',(#219),#1850,.T.);
#1940=ADVANCED_FACE('',(#220),#1851,.T.);
#1941=ADVANCED_FACE('',(#221),#1852,.T.);
#1942=ADVANCED_FACE('',(#222),#129,.T.);
#1943=ADVANCED_FACE('',(#223),#130,.F.);
#1944=ADVANCED_FACE('',(#224),#1853,.T.);
#1945=ADVANCED_FACE('',(#225),#1854,.F.);
#1946=ADVANCED_FACE('',(#226),#131,.F.);
#1947=ADVANCED_FACE('',(#227),#132,.F.);
#1948=ADVANCED_FACE('',(#228),#133,.F.);
#1949=ADVANCED_FACE('',(#229),#134,.T.);
#1950=ADVANCED_FACE('',(#230),#135,.F.);
#1951=ADVANCED_FACE('',(#231),#1855,.F.);
#1952=ADVANCED_FACE('',(#232),#136,.F.);
#1953=ADVANCED_FACE('',(#233),#1856,.F.);
#1954=ADVANCED_FACE('',(#234),#137,.F.);
#1955=ADVANCED_FACE('',(#235),#1857,.F.);
#1956=ADVANCED_FACE('',(#236),#138,.F.);
#1957=ADVANCED_FACE('',(#237),#1858,.F.);
#1958=ADVANCED_FACE('',(#238),#139,.F.);
#1959=ADVANCED_FACE('',(#239),#1859,.T.);
#1960=ADVANCED_FACE('',(#240),#1860,.T.);
#1961=ADVANCED_FACE('',(#241),#34,.F.);
#1962=ADVANCED_FACE('',(#242),#33,.F.);
#1963=ADVANCED_FACE('',(#243),#35,.T.);
#1964=ADVANCED_FACE('',(#244),#31,.T.);
#1965=ADVANCED_FACE('',(#245),#1861,.F.);
#1966=ADVANCED_FACE('',(#246),#1862,.F.);
#1967=ADVANCED_FACE('',(#247),#1863,.T.);
#1968=ADVANCED_FACE('',(#248),#1864,.T.);
#1969=ADVANCED_FACE('',(#249),#36,.T.);
#1970=ADVANCED_FACE('',(#250),#32,.T.);
#1971=ADVANCED_FACE('',(#251,#87),#140,.T.);
#1972=ADVANCED_FACE('',(#252,#88),#141,.T.);
#1973=ADVANCED_FACE('',(#253,#89),#142,.T.);
#1974=ADVANCED_FACE('',(#254,#90),#143,.T.);
#1975=ADVANCED_FACE('',(#255,#91),#144,.T.);
#1976=CLOSED_SHELL('',(#1865,#1866,#1867,#1868,#1869,#1870,#1871,#1872,
#1873,#1874,#1875,#1876,#1877,#1878,#1879,#1880,#1881,#1882,#1883,#1884,
#1885,#1886,#1887,#1888,#1889,#1890,#1891,#1892,#1893,#1894,#1895,#1896,
#1897,#1898,#1899,#1900,#1901,#1902,#1903,#1904,#1905,#1906,#1907,#1908,
#1909,#1910,#1911,#1912,#1913,#1914,#1915,#1916,#1917,#1918,#1919,#1920,
#1921,#1922,#1923,#1924,#1925,#1926,#1927,#1928,#1929,#1930,#1931,#1932,
#1933,#1934,#1935,#1936,#1937,#1938,#1939,#1940,#1941,#1942,#1943,#1944,
#1945,#1946,#1947,#1948,#1949,#1950,#1951,#1952,#1953,#1954,#1955,#1956,
#1957,#1958,#1959,#1960));
#1977=CLOSED_SHELL('',(#1961,#1962,#1963,#1964,#1965,#1966,#1967,#1968,
#1969,#1970,#1971,#1972,#1973,#1974,#1975));
#1978=DERIVED_UNIT_ELEMENT(#1982,1.);
#1979=DERIVED_UNIT_ELEMENT(#3449,-3.);
#1980=DERIVED_UNIT_ELEMENT(#1982,1.);
#1981=DERIVED_UNIT_ELEMENT(#3449,-3.);
#1982=(
MASS_UNIT()
NAMED_UNIT(*)
SI_UNIT(.KILO.,.GRAM.)
);
#1983=DERIVED_UNIT((#1978,#1979));
#1984=DERIVED_UNIT((#1980,#1981));
#1985=MEASURE_REPRESENTATION_ITEM('density measure',
POSITIVE_RATIO_MEASURE(7850.),#1983);
#1986=MEASURE_REPRESENTATION_ITEM('density measure',
POSITIVE_RATIO_MEASURE(7850.),#1984);
#1987=PROPERTY_DEFINITION_REPRESENTATION(#1997,#1991);
#1988=PROPERTY_DEFINITION_REPRESENTATION(#1998,#1992);
#1989=PROPERTY_DEFINITION_REPRESENTATION(#1999,#1993);
#1990=PROPERTY_DEFINITION_REPRESENTATION(#2000,#1994);
#1991=REPRESENTATION('material name',(#1995),#3445);
#1992=REPRESENTATION('density',(#1985),#3445);
#1993=REPRESENTATION('material name',(#1996),#3446);
#1994=REPRESENTATION('density',(#1986),#3446);
#1995=DESCRIPTIVE_REPRESENTATION_ITEM('Steel','Steel');
#1996=DESCRIPTIVE_REPRESENTATION_ITEM('Steel','Steel');
#1997=PROPERTY_DEFINITION('material property','material name',#3468);
#1998=PROPERTY_DEFINITION('material property','density of part',#3468);
#1999=PROPERTY_DEFINITION('material property','material name',#3469);
#2000=PROPERTY_DEFINITION('material property','density of part',#3469);
#2001=AXIS2_PLACEMENT_3D('',#2859,#2236,#2237);
#2002=AXIS2_PLACEMENT_3D('',#2860,#2238,#2239);
#2003=AXIS2_PLACEMENT_3D('',#2861,#2240,#2241);
#2004=AXIS2_PLACEMENT_3D('',#2863,#2242,#2243);
#2005=AXIS2_PLACEMENT_3D('',#2866,#2245,#2246);
#2006=AXIS2_PLACEMENT_3D('',#2867,#2247,#2248);
#2007=AXIS2_PLACEMENT_3D('',#2869,#2249,#2250);
#2008=AXIS2_PLACEMENT_3D('',#2872,#2252,#2253);
#2009=AXIS2_PLACEMENT_3D('',#2873,#2254,#2255);
#2010=AXIS2_PLACEMENT_3D('',#2875,#2256,#2257);
#2011=AXIS2_PLACEMENT_3D('',#2878,#2259,#2260);
#2012=AXIS2_PLACEMENT_3D('',#2879,#2261,#2262);
#2013=AXIS2_PLACEMENT_3D('',#2881,#2263,#2264);
#2014=AXIS2_PLACEMENT_3D('',#2884,#2266,#2267);
#2015=AXIS2_PLACEMENT_3D('',#2885,#2268,#2269);
#2016=AXIS2_PLACEMENT_3D('',#2887,#2270,#2271);
#2017=AXIS2_PLACEMENT_3D('',#2890,#2273,#2274);
#2018=AXIS2_PLACEMENT_3D('',#2891,#2275,#2276);
#2019=AXIS2_PLACEMENT_3D('',#2893,#2277,#2278);
#2020=AXIS2_PLACEMENT_3D('',#2896,#2280,#2281);
#2021=AXIS2_PLACEMENT_3D('',#2897,#2282,#2283);
#2022=AXIS2_PLACEMENT_3D('',#2899,#2284,#2285);
#2023=AXIS2_PLACEMENT_3D('',#2902,#2287,#2288);
#2024=AXIS2_PLACEMENT_3D('',#2903,#2289,#2290);
#2025=AXIS2_PLACEMENT_3D('',#2905,#2291,#2292);
#2026=AXIS2_PLACEMENT_3D('',#2908,#2294,#2295);
#2027=AXIS2_PLACEMENT_3D('',#2909,#2296,#2297);
#2028=AXIS2_PLACEMENT_3D('',#2911,#2298,#2299);
#2029=AXIS2_PLACEMENT_3D('',#2914,#2301,#2302);
#2030=AXIS2_PLACEMENT_3D('',#2915,#2303,#2304);
#2031=AXIS2_PLACEMENT_3D('',#2917,#2305,#2306);
#2032=AXIS2_PLACEMENT_3D('',#2920,#2308,#2309);
#2033=AXIS2_PLACEMENT_3D('',#2921,#2310,#2311);
#2034=AXIS2_PLACEMENT_3D('',#2923,#2312,#2313);
#2035=AXIS2_PLACEMENT_3D('',#2926,#2315,#2316);
#2036=AXIS2_PLACEMENT_3D('',#2927,#2317,#2318);
#2037=AXIS2_PLACEMENT_3D('',#2929,#2319,#2320);
#2038=AXIS2_PLACEMENT_3D('',#2932,#2322,#2323);
#2039=AXIS2_PLACEMENT_3D('',#2933,#2324,#2325);
#2040=AXIS2_PLACEMENT_3D('',#2935,#2326,#2327);
#2041=AXIS2_PLACEMENT_3D('',#2938,#2329,#2330);
#2042=AXIS2_PLACEMENT_3D('',#2939,#2331,#2332);
#2043=AXIS2_PLACEMENT_3D('',#2941,#2333,#2334);
#2044=AXIS2_PLACEMENT_3D('',#2944,#2336,#2337);
#2045=AXIS2_PLACEMENT_3D('',#2945,#2338,#2339);
#2046=AXIS2_PLACEMENT_3D('',#2947,#2340,#2341);
#2047=AXIS2_PLACEMENT_3D('',#2950,#2343,#2344);
#2048=AXIS2_PLACEMENT_3D('',#2951,#2345,#2346);
#2049=AXIS2_PLACEMENT_3D('',#2953,#2347,#2348);
#2050=AXIS2_PLACEMENT_3D('',#2956,#2350,#2351);
#2051=AXIS2_PLACEMENT_3D('',#2957,#2352,#2353);
#2052=AXIS2_PLACEMENT_3D('',#2959,#2354,#2355);
#2053=AXIS2_PLACEMENT_3D('',#2962,#2357,#2358);
#2054=AXIS2_PLACEMENT_3D('',#2963,#2359,#2360);
#2055=AXIS2_PLACEMENT_3D('',#2965,#2361,#2362);
#2056=AXIS2_PLACEMENT_3D('',#2968,#2364,#2365);
#2057=AXIS2_PLACEMENT_3D('',#2969,#2366,#2367);
#2058=AXIS2_PLACEMENT_3D('',#2971,#2368,#2369);
#2059=AXIS2_PLACEMENT_3D('',#2974,#2371,#2372);
#2060=AXIS2_PLACEMENT_3D('',#2975,#2373,#2374);
#2061=AXIS2_PLACEMENT_3D('',#2977,#2375,#2376);
#2062=AXIS2_PLACEMENT_3D('',#2980,#2378,#2379);
#2063=AXIS2_PLACEMENT_3D('',#2981,#2380,#2381);
#2064=AXIS2_PLACEMENT_3D('',#2994,#2387,#2388);
#2065=AXIS2_PLACEMENT_3D('',#2998,#2390,#2391);
#2066=AXIS2_PLACEMENT_3D('',#3002,#2393,#2394);
#2067=AXIS2_PLACEMENT_3D('',#3005,#2396,#2397);
#2068=AXIS2_PLACEMENT_3D('',#3006,#2398,#2399);
#2069=AXIS2_PLACEMENT_3D('',#3015,#2404,#2405);
#2070=AXIS2_PLACEMENT_3D('',#3024,#2410,#2411);
#2071=AXIS2_PLACEMENT_3D('',#3029,#2413,#2414);
#2072=AXIS2_PLACEMENT_3D('',#3036,#2418,#2419);
#2073=AXIS2_PLACEMENT_3D('',#3037,#2420,#2421);
#2074=AXIS2_PLACEMENT_3D('',#3043,#2425,#2426);
#2075=AXIS2_PLACEMENT_3D('',#3047,#2428,#2429);
#2076=AXIS2_PLACEMENT_3D('',#3049,#2430,#2431);
#2077=AXIS2_PLACEMENT_3D('',#3053,#2434,#2435);
#2078=AXIS2_PLACEMENT_3D('',#3055,#2436,#2437);
#2079=AXIS2_PLACEMENT_3D('',#3057,#2439,#2440);
#2080=AXIS2_PLACEMENT_3D('',#3058,#2441,#2442);
#2081=AXIS2_PLACEMENT_3D('',#3063,#2444,#2445);
#2082=AXIS2_PLACEMENT_3D('',#3071,#2449,#2450);
#2083=AXIS2_PLACEMENT_3D('',#3074,#2452,#2453);
#2084=AXIS2_PLACEMENT_3D('',#3077,#2455,#2456);
#2085=AXIS2_PLACEMENT_3D('',#3078,#2457,#2458);
#2086=AXIS2_PLACEMENT_3D('',#3082,#2460,#2461);
#2087=AXIS2_PLACEMENT_3D('',#3083,#2462,#2463);
#2088=AXIS2_PLACEMENT_3D('',#3084,#2464,#2465);
#2089=AXIS2_PLACEMENT_3D('',#3092,#2469,#2470);
#2090=AXIS2_PLACEMENT_3D('',#3096,#2472,#2473);
#2091=AXIS2_PLACEMENT_3D('',#3100,#2475,#2476);
#2092=AXIS2_PLACEMENT_3D('',#3104,#2478,#2479);
#2093=AXIS2_PLACEMENT_3D('',#3106,#2481,#2482);
#2094=AXIS2_PLACEMENT_3D('',#3110,#2484,#2485);
#2095=AXIS2_PLACEMENT_3D('',#3111,#2486,#2487);
#2096=AXIS2_PLACEMENT_3D('',#3112,#2488,#2489);
#2097=AXIS2_PLACEMENT_3D('',#3116,#2491,#2492);
#2098=AXIS2_PLACEMENT_3D('',#3120,#2494,#2495);
#2099=AXIS2_PLACEMENT_3D('',#3125,#2498,#2499);
#2100=AXIS2_PLACEMENT_3D('',#3129,#2501,#2502);
#2101=AXIS2_PLACEMENT_3D('',#3131,#2504,#2505);
#2102=AXIS2_PLACEMENT_3D('',#3133,#2506,#2507);
#2103=AXIS2_PLACEMENT_3D('',#3136,#2509,#2510);
#2104=AXIS2_PLACEMENT_3D('',#3137,#2511,#2512);
#2105=AXIS2_PLACEMENT_3D('',#3142,#2514,#2515);
#2106=AXIS2_PLACEMENT_3D('',#3146,#2518,#2519);
#2107=AXIS2_PLACEMENT_3D('',#3147,#2520,#2521);
#2108=AXIS2_PLACEMENT_3D('',#3153,#2525,#2526);
#2109=AXIS2_PLACEMENT_3D('',#3157,#2528,#2529);
#2110=AXIS2_PLACEMENT_3D('',#3159,#2530,#2531);
#2111=AXIS2_PLACEMENT_3D('',#3163,#2534,#2535);
#2112=AXIS2_PLACEMENT_3D('',#3165,#2536,#2537);
#2113=AXIS2_PLACEMENT_3D('',#3167,#2539,#2540);
#2114=AXIS2_PLACEMENT_3D('',#3168,#2541,#2542);
#2115=AXIS2_PLACEMENT_3D('',#3173,#2544,#2545);
#2116=AXIS2_PLACEMENT_3D('',#3181,#2549,#2550);
#2117=AXIS2_PLACEMENT_3D('',#3184,#2552,#2553);
#2118=AXIS2_PLACEMENT_3D('',#3187,#2555,#2556);
#2119=AXIS2_PLACEMENT_3D('',#3188,#2557,#2558);
#2120=AXIS2_PLACEMENT_3D('',#3189,#2559,#2560);
#2121=AXIS2_PLACEMENT_3D('',#3190,#2561,#2562);
#2122=AXIS2_PLACEMENT_3D('',#3191,#2563,#2564);
#2123=AXIS2_PLACEMENT_3D('',#3193,#2565,#2566);
#2124=AXIS2_PLACEMENT_3D('',#3195,#2567,#2568);
#2125=AXIS2_PLACEMENT_3D('',#3197,#2570,#2571);
#2126=AXIS2_PLACEMENT_3D('',#3201,#2573,#2574);
#2127=AXIS2_PLACEMENT_3D('',#3205,#2576,#2577);
#2128=AXIS2_PLACEMENT_3D('',#3210,#2580,#2581);
#2129=AXIS2_PLACEMENT_3D('',#3214,#2583,#2584);
#2130=AXIS2_PLACEMENT_3D('',#3216,#2586,#2587);
#2131=AXIS2_PLACEMENT_3D('',#3217,#2588,#2589);
#2132=AXIS2_PLACEMENT_3D('',#3218,#2590,#2591);
#2133=AXIS2_PLACEMENT_3D('',#3219,#2592,#2593);
#2134=AXIS2_PLACEMENT_3D('',#3221,#2595,#2596);
#2135=AXIS2_PLACEMENT_3D('',#3224,#2599,#2600);
#2136=AXIS2_PLACEMENT_3D('',#3226,#2602,#2603);
#2137=AXIS2_PLACEMENT_3D('',#3229,#2606,#2607);
#2138=AXIS2_PLACEMENT_3D('',#3231,#2609,#2610);
#2139=AXIS2_PLACEMENT_3D('',#3233,#2612,#2613);
#2140=AXIS2_PLACEMENT_3D('',#3235,#2615,#2616);
#2141=AXIS2_PLACEMENT_3D('',#3237,#2618,#2619);
#2142=AXIS2_PLACEMENT_3D('',#3240,#2622,#2623);
#2143=AXIS2_PLACEMENT_3D('',#3243,#2626,#2627);
#2144=AXIS2_PLACEMENT_3D('',#3245,#2629,#2630);
#2145=AXIS2_PLACEMENT_3D('',#3247,#2632,#2633);
#2146=AXIS2_PLACEMENT_3D('',#3250,#2636,#2637);
#2147=AXIS2_PLACEMENT_3D('',#3253,#2640,#2641);
#2148=AXIS2_PLACEMENT_3D('',#3256,#2644,#2645);
#2149=AXIS2_PLACEMENT_3D('',#3259,#2648,#2649);
#2150=AXIS2_PLACEMENT_3D('',#3261,#2651,#2652);
#2151=AXIS2_PLACEMENT_3D('',#3263,#2654,#2655);
#2152=AXIS2_PLACEMENT_3D('',#3264,#2656,#2657);
#2153=AXIS2_PLACEMENT_3D('',#3267,#2660,#2661);
#2154=AXIS2_PLACEMENT_3D('',#3270,#2664,#2665);
#2155=AXIS2_PLACEMENT_3D('',#3273,#2668,#2669);
#2156=AXIS2_PLACEMENT_3D('',#3274,#2670,#2671);
#2157=AXIS2_PLACEMENT_3D('',#3275,#2672,#2673);
#2158=AXIS2_PLACEMENT_3D('',#3276,#2674,#2675);
#2159=AXIS2_PLACEMENT_3D('',#3277,#2676,#2677);
#2160=AXIS2_PLACEMENT_3D('',#3278,#2678,#2679);
#2161=AXIS2_PLACEMENT_3D('',#3279,#2680,#2681);
#2162=AXIS2_PLACEMENT_3D('',#3280,#2682,#2683);
#2163=AXIS2_PLACEMENT_3D('',#3281,#2684,#2685);
#2164=AXIS2_PLACEMENT_3D('',#3282,#2686,#2687);
#2165=AXIS2_PLACEMENT_3D('',#3283,#2688,#2689);
#2166=AXIS2_PLACEMENT_3D('',#3284,#2690,#2691);
#2167=AXIS2_PLACEMENT_3D('',#3285,#2692,#2693);
#2168=AXIS2_PLACEMENT_3D('',#3286,#2694,#2695);
#2169=AXIS2_PLACEMENT_3D('',#3290,#2697,#2698);
#2170=AXIS2_PLACEMENT_3D('',#3291,#2699,#2700);
#2171=AXIS2_PLACEMENT_3D('',#3292,#2701,#2702);
#2172=AXIS2_PLACEMENT_3D('',#3294,#2703,#2704);
#2173=AXIS2_PLACEMENT_3D('',#3297,#2706,#2707);
#2174=AXIS2_PLACEMENT_3D('',#3298,#2708,#2709);
#2175=AXIS2_PLACEMENT_3D('',#3300,#2711,#2712);
#2176=AXIS2_PLACEMENT_3D('',#3302,#2714,#2715);
#2177=AXIS2_PLACEMENT_3D('',#3308,#2719,#2720);
#2178=AXIS2_PLACEMENT_3D('',#3314,#2724,#2725);
#2179=AXIS2_PLACEMENT_3D('',#3318,#2727,#2728);
#2180=AXIS2_PLACEMENT_3D('',#3319,#2729,#2730);
#2181=AXIS2_PLACEMENT_3D('',#3320,#2731,#2732);
#2182=AXIS2_PLACEMENT_3D('',#3322,#2733,#2734);
#2183=AXIS2_PLACEMENT_3D('',#3325,#2736,#2737);
#2184=AXIS2_PLACEMENT_3D('',#3326,#2738,#2739);
#2185=AXIS2_PLACEMENT_3D('',#3329,#2742,#2743);
#2186=AXIS2_PLACEMENT_3D('',#3332,#2746,#2747);
#2187=AXIS2_PLACEMENT_3D('',#3334,#2749,#2750);
#2188=AXIS2_PLACEMENT_3D('',#3336,#2752,#2753);
#2189=AXIS2_PLACEMENT_3D('',#3338,#2755,#2756);
#2190=AXIS2_PLACEMENT_3D('',#3340,#2758,#2759);
#2191=AXIS2_PLACEMENT_3D('',#3342,#2761,#2762);
#2192=AXIS2_PLACEMENT_3D('',#3344,#2764,#2765);
#2193=AXIS2_PLACEMENT_3D('',#3345,#2766,#2767);
#2194=AXIS2_PLACEMENT_3D('',#3346,#2768,#2769);
#2195=AXIS2_PLACEMENT_3D('',#3347,#2770,#2771);
#2196=AXIS2_PLACEMENT_3D('',#3348,#2772,#2773);
#2197=AXIS2_PLACEMENT_3D('',#3350,#2774,#2775);
#2198=AXIS2_PLACEMENT_3D('',#3353,#2777,#2778);
#2199=AXIS2_PLACEMENT_3D('',#3383,#2779,#2780);
#2200=AXIS2_PLACEMENT_3D('',#3384,#2781,#2782);
#2201=AXIS2_PLACEMENT_3D('',#3386,#2783,#2784);
#2202=AXIS2_PLACEMENT_3D('',#3387,#2785,#2786);
#2203=AXIS2_PLACEMENT_3D('',#3388,#2787,#2788);
#2204=AXIS2_PLACEMENT_3D('',#3391,#2790,#2791);
#2205=AXIS2_PLACEMENT_3D('',#3392,#2792,#2793);
#2206=AXIS2_PLACEMENT_3D('',#3394,#2794,#2795);
#2207=AXIS2_PLACEMENT_3D('',#3396,#2796,#2797);
#2208=AXIS2_PLACEMENT_3D('',#3397,#2798,#2799);
#2209=AXIS2_PLACEMENT_3D('',#3398,#2800,#2801);
#2210=AXIS2_PLACEMENT_3D('',#3400,#2802,#2803);
#2211=AXIS2_PLACEMENT_3D('',#3403,#2805,#2806);
#2212=AXIS2_PLACEMENT_3D('',#3404,#2807,#2808);
#2213=AXIS2_PLACEMENT_3D('',#3406,#2809,#2810);
#2214=AXIS2_PLACEMENT_3D('',#3408,#2812,#2813);
#2215=AXIS2_PLACEMENT_3D('',#3411,#2815,#2816);
#2216=AXIS2_PLACEMENT_3D('',#3412,#2817,#2818);
#2217=AXIS2_PLACEMENT_3D('',#3414,#2819,#2820);
#2218=AXIS2_PLACEMENT_3D('',#3418,#2822,#2823);
#2219=AXIS2_PLACEMENT_3D('',#3419,#2824,#2825);
#2220=AXIS2_PLACEMENT_3D('',#3420,#2826,#2827);
#2221=AXIS2_PLACEMENT_3D('',#3423,#2828,#2829);
#2222=AXIS2_PLACEMENT_3D('',#3425,#2831,#2832);
#2223=AXIS2_PLACEMENT_3D('',#3426,#2833,#2834);
#2224=AXIS2_PLACEMENT_3D('',#3428,#2835,#2836);
#2225=AXIS2_PLACEMENT_3D('',#3429,#2837,#2838);
#2226=AXIS2_PLACEMENT_3D('',#3430,#2839,#2840);
#2227=AXIS2_PLACEMENT_3D('',#3431,#2841,#2842);
#2228=AXIS2_PLACEMENT_3D('',#3432,#2843,#2844);
#2229=AXIS2_PLACEMENT_3D('',#3433,#2845,#2846);
#2230=AXIS2_PLACEMENT_3D('',#3434,#2847,#2848);
#2231=AXIS2_PLACEMENT_3D('',#3435,#2849,#2850);
#2232=AXIS2_PLACEMENT_3D('',#3436,#2851,#2852);
#2233=AXIS2_PLACEMENT_3D('',#3437,#2853,#2854);
#2234=AXIS2_PLACEMENT_3D('',#3438,#2855,#2856);
#2235=AXIS2_PLACEMENT_3D('',#3439,#2857,#2858);
#2236=DIRECTION('axis',(0.,0.,1.));
#2237=DIRECTION('refdir',(1.,0.,0.));
#2238=DIRECTION('axis',(0.,0.,1.));
#2239=DIRECTION('refdir',(1.,0.,0.));
#2240=DIRECTION('center_axis',(1.,0.,0.));
#2241=DIRECTION('ref_axis',(0.,0.,-1.));
#2242=DIRECTION('center_axis',(-1.,-1.16816395688674E-16,0.));
#2243=DIRECTION('ref_axis',(1.16816395688674E-16,-1.,0.));
#2244=DIRECTION('',(1.,0.,0.));
#2245=DIRECTION('center_axis',(-1.,-1.16816395688674E-16,0.));
#2246=DIRECTION('ref_axis',(1.16816395688674E-16,-1.,0.));
#2247=DIRECTION('center_axis',(1.,0.,0.));
#2248=DIRECTION('ref_axis',(0.,0.,-1.));
#2249=DIRECTION('center_axis',(1.,-1.16816395688674E-16,0.));
#2250=DIRECTION('ref_axis',(1.16816395688674E-16,1.,0.));
#2251=DIRECTION('',(1.,0.,0.));
#2252=DIRECTION('center_axis',(1.,0.,0.));
#2253=DIRECTION('ref_axis',(0.,0.,-1.));
#2254=DIRECTION('center_axis',(1.,0.,0.));
#2255=DIRECTION('ref_axis',(0.,0.,-1.));
#2256=DIRECTION('center_axis',(1.,-1.16816395688674E-16,0.));
#2257=DIRECTION('ref_axis',(1.16816395688674E-16,1.,0.));
#2258=DIRECTION('',(1.,0.,0.));
#2259=DIRECTION('center_axis',(1.,0.,0.));
#2260=DIRECTION('ref_axis',(0.,0.,-1.));
#2261=DIRECTION('center_axis',(1.,0.,0.));
#2262=DIRECTION('ref_axis',(0.,0.,-1.));
#2263=DIRECTION('center_axis',(-1.,-1.16816395688674E-16,0.));
#2264=DIRECTION('ref_axis',(1.16816395688674E-16,-1.,0.));
#2265=DIRECTION('',(1.,0.,0.));
#2266=DIRECTION('center_axis',(-1.,-1.16816395688674E-16,0.));
#2267=DIRECTION('ref_axis',(1.16816395688674E-16,-1.,0.));
#2268=DIRECTION('center_axis',(1.,0.,0.));
#2269=DIRECTION('ref_axis',(0.,0.,-1.));
#2270=DIRECTION('center_axis',(-1.,-1.16816395688674E-16,0.));
#2271=DIRECTION('ref_axis',(1.16816395688674E-16,-1.,0.));
#2272=DIRECTION('',(1.,0.,0.));
#2273=DIRECTION('center_axis',(-1.,-1.16816395688674E-16,0.));
#2274=DIRECTION('ref_axis',(1.16816395688674E-16,-1.,0.));
#2275=DIRECTION('center_axis',(1.,0.,0.));
#2276=DIRECTION('ref_axis',(0.,0.,-1.));
#2277=DIRECTION('center_axis',(1.,-1.16816395688674E-16,0.));
#2278=DIRECTION('ref_axis',(1.16816395688674E-16,1.,0.));
#2279=DIRECTION('',(1.,0.,0.));
#2280=DIRECTION('center_axis',(1.,0.,0.));
#2281=DIRECTION('ref_axis',(0.,0.,-1.));
#2282=DIRECTION('center_axis',(1.,0.,0.));
#2283=DIRECTION('ref_axis',(0.,0.,-1.));
#2284=DIRECTION('center_axis',(-1.,-1.16816395688674E-16,0.));
#2285=DIRECTION('ref_axis',(1.16816395688674E-16,-1.,0.));
#2286=DIRECTION('',(1.,0.,0.));
#2287=DIRECTION('center_axis',(-1.,-1.16816395688674E-16,0.));
#2288=DIRECTION('ref_axis',(1.16816395688674E-16,-1.,0.));
#2289=DIRECTION('center_axis',(1.,0.,0.));
#2290=DIRECTION('ref_axis',(0.,0.,-1.));
#2291=DIRECTION('center_axis',(1.,-1.16816395688674E-16,0.));
#2292=DIRECTION('ref_axis',(1.16816395688674E-16,1.,0.));
#2293=DIRECTION('',(1.,0.,0.));
#2294=DIRECTION('center_axis',(1.,0.,0.));
#2295=DIRECTION('ref_axis',(0.,0.,-1.));
#2296=DIRECTION('center_axis',(1.,0.,0.));
#2297=DIRECTION('ref_axis',(0.,0.,-1.));
#2298=DIRECTION('center_axis',(1.,-1.16816395688674E-16,0.));
#2299=DIRECTION('ref_axis',(1.16816395688674E-16,1.,0.));
#2300=DIRECTION('',(1.,0.,0.));
#2301=DIRECTION('center_axis',(1.,0.,0.));
#2302=DIRECTION('ref_axis',(0.,0.,-1.));
#2303=DIRECTION('center_axis',(1.,0.,0.));
#2304=DIRECTION('ref_axis',(0.,0.,-1.));
#2305=DIRECTION('center_axis',(-1.,-1.16816395688674E-16,0.));
#2306=DIRECTION('ref_axis',(1.16816395688674E-16,-1.,0.));
#2307=DIRECTION('',(1.,0.,0.));
#2308=DIRECTION('center_axis',(-1.,-1.16816395688674E-16,0.));
#2309=DIRECTION('ref_axis',(1.16816395688674E-16,-1.,0.));
#2310=DIRECTION('center_axis',(1.,0.,0.));
#2311=DIRECTION('ref_axis',(0.,0.,-1.));
#2312=DIRECTION('center_axis',(-1.,-1.16816395688674E-16,0.));
#2313=DIRECTION('ref_axis',(1.16816395688674E-16,-1.,0.));
#2314=DIRECTION('',(1.,0.,0.));
#2315=DIRECTION('center_axis',(-1.,-1.16816395688674E-16,0.));
#2316=DIRECTION('ref_axis',(1.16816395688674E-16,-1.,0.));
#2317=DIRECTION('center_axis',(1.,0.,0.));
#2318=DIRECTION('ref_axis',(0.,0.,-1.));
#2319=DIRECTION('center_axis',(1.,-1.16816395688674E-16,0.));
#2320=DIRECTION('ref_axis',(1.16816395688674E-16,1.,0.));
#2321=DIRECTION('',(1.,0.,0.));
#2322=DIRECTION('center_axis',(1.,0.,0.));
#2323=DIRECTION('ref_axis',(0.,0.,-1.));
#2324=DIRECTION('center_axis',(0.,-1.,0.));
#2325=DIRECTION('ref_axis',(0.,0.,-1.));
#2326=DIRECTION('center_axis',(0.,-1.,0.));
#2327=DIRECTION('ref_axis',(0.,0.,-1.));
#2328=DIRECTION('',(0.,-1.,0.));
#2329=DIRECTION('center_axis',(0.,-1.,0.));
#2330=DIRECTION('ref_axis',(0.,0.,-1.));
#2331=DIRECTION('center_axis',(0.,-1.,0.));
#2332=DIRECTION('ref_axis',(0.,0.,-1.));
#2333=DIRECTION('center_axis',(0.,-1.,0.));
#2334=DIRECTION('ref_axis',(0.,0.,-1.));
#2335=DIRECTION('',(0.,-1.,0.));
#2336=DIRECTION('center_axis',(0.,-1.,0.));
#2337=DIRECTION('ref_axis',(0.,0.,-1.));
#2338=DIRECTION('center_axis',(0.,-1.,0.));
#2339=DIRECTION('ref_axis',(0.,0.,-1.));
#2340=DIRECTION('center_axis',(0.,-1.,0.));
#2341=DIRECTION('ref_axis',(0.,0.,-1.));
#2342=DIRECTION('',(0.,-1.,0.));
#2343=DIRECTION('center_axis',(0.,-1.,0.));
#2344=DIRECTION('ref_axis',(0.,0.,-1.));
#2345=DIRECTION('center_axis',(0.,-1.,0.));
#2346=DIRECTION('ref_axis',(0.,0.,-1.));
#2347=DIRECTION('center_axis',(0.,-1.,0.));
#2348=DIRECTION('ref_axis',(0.,0.,-1.));
#2349=DIRECTION('',(0.,-1.,0.));
#2350=DIRECTION('center_axis',(0.,-1.,0.));
#2351=DIRECTION('ref_axis',(0.,0.,-1.));
#2352=DIRECTION('center_axis',(0.,1.,0.));
#2353=DIRECTION('ref_axis',(0.,0.,1.));
#2354=DIRECTION('center_axis',(0.,1.,0.));
#2355=DIRECTION('ref_axis',(0.,0.,1.));
#2356=DIRECTION('',(0.,1.,0.));
#2357=DIRECTION('center_axis',(0.,1.,0.));
#2358=DIRECTION('ref_axis',(0.,0.,1.));
#2359=DIRECTION('center_axis',(0.,1.,0.));
#2360=DIRECTION('ref_axis',(0.,0.,1.));
#2361=DIRECTION('center_axis',(0.,1.,0.));
#2362=DIRECTION('ref_axis',(0.,0.,1.));
#2363=DIRECTION('',(0.,1.,0.));
#2364=DIRECTION('center_axis',(0.,1.,0.));
#2365=DIRECTION('ref_axis',(0.,0.,1.));
#2366=DIRECTION('center_axis',(0.,1.,0.));
#2367=DIRECTION('ref_axis',(0.,0.,1.));
#2368=DIRECTION('center_axis',(0.,1.,0.));
#2369=DIRECTION('ref_axis',(0.,0.,1.));
#2370=DIRECTION('',(0.,1.,0.));
#2371=DIRECTION('center_axis',(0.,1.,0.));
#2372=DIRECTION('ref_axis',(0.,0.,1.));
#2373=DIRECTION('center_axis',(0.,1.,0.));
#2374=DIRECTION('ref_axis',(0.,0.,1.));
#2375=DIRECTION('center_axis',(0.,1.,0.));
#2376=DIRECTION('ref_axis',(0.,0.,1.));
#2377=DIRECTION('',(0.,1.,0.));
#2378=DIRECTION('center_axis',(0.,1.,0.));
#2379=DIRECTION('ref_axis',(0.,0.,1.));
#2380=DIRECTION('center_axis',(0.,1.,0.));
#2381=DIRECTION('ref_axis',(0.,0.,1.));
#2382=DIRECTION('',(-1.,0.,0.));
#2383=DIRECTION('',(0.,0.,-1.));
#2384=DIRECTION('',(1.,0.,0.));
#2385=DIRECTION('',(0.,0.,-1.));
#2386=DIRECTION('',(1.,0.,1.92747052886312E-16));
#2387=DIRECTION('center_axis',(0.,-1.,0.));
#2388=DIRECTION('ref_axis',(0.,0.,1.));
#2389=DIRECTION('',(0.,0.,-1.));
#2390=DIRECTION('center_axis',(0.,-1.,0.));
#2391=DIRECTION('ref_axis',(0.,0.,-1.));
#2392=DIRECTION('',(-1.,0.,0.));
#2393=DIRECTION('center_axis',(0.,-1.,0.));
#2394=DIRECTION('ref_axis',(0.,0.,1.));
#2395=DIRECTION('',(0.,0.,1.));
#2396=DIRECTION('center_axis',(0.,-1.,0.));
#2397=DIRECTION('ref_axis',(0.,0.,1.));
#2398=DIRECTION('center_axis',(0.,0.,1.));
#2399=DIRECTION('ref_axis',(1.,0.,0.));
#2400=DIRECTION('',(-1.16816395688674E-16,1.,0.));
#2401=DIRECTION('',(-1.,-1.16816395688674E-16,0.));
#2402=DIRECTION('',(-1.16816395688674E-16,1.,0.));
#2403=DIRECTION('',(1.,1.80700362080916E-16,0.));
#2404=DIRECTION('center_axis',(0.,0.,1.));
#2405=DIRECTION('ref_axis',(1.,0.,0.));
#2406=DIRECTION('',(-1.16816395688674E-16,-1.,0.));
#2407=DIRECTION('',(-1.,1.16816395688674E-16,0.));
#2408=DIRECTION('',(-1.16816395688674E-16,-1.,0.));
#2409=DIRECTION('',(1.,-7.22801448323674E-16,0.));
#2410=DIRECTION('center_axis',(0.,1.,0.));
#2411=DIRECTION('ref_axis',(0.,0.,1.));
#2412=DIRECTION('',(0.,0.,-1.));
#2413=DIRECTION('center_axis',(0.,-1.,0.));
#2414=DIRECTION('ref_axis',(0.,0.,1.));
#2415=DIRECTION('',(1.,0.,0.));
#2416=DIRECTION('',(0.,0.,-1.));
#2417=DIRECTION('',(1.,0.,0.));
#2418=DIRECTION('center_axis',(0.,-1.,0.));
#2419=DIRECTION('ref_axis',(0.,0.,1.));
#2420=DIRECTION('center_axis',(1.,0.,0.));
#2421=DIRECTION('ref_axis',(0.,0.,-1.));
#2422=DIRECTION('',(0.,0.,-1.));
#2423=DIRECTION('',(0.,-1.,0.));
#2424=DIRECTION('',(0.,1.,0.));
#2425=DIRECTION('center_axis',(0.,1.,0.));
#2426=DIRECTION('ref_axis',(0.,0.,1.));
#2427=DIRECTION('',(1.,0.,0.));
#2428=DIRECTION('center_axis',(0.,1.,0.));
#2429=DIRECTION('ref_axis',(0.,0.,1.));
#2430=DIRECTION('center_axis',(0.,1.,0.));
#2431=DIRECTION('ref_axis',(0.,0.,1.));
#2432=DIRECTION('',(1.,0.,0.));
#2433=DIRECTION('',(0.,0.,-1.));
#2434=DIRECTION('center_axis',(0.,0.,-1.));
#2435=DIRECTION('ref_axis',(-1.,0.,0.));
#2436=DIRECTION('center_axis',(0.,0.,1.));
#2437=DIRECTION('ref_axis',(1.,0.,0.));
#2438=DIRECTION('',(0.,0.,-1.));
#2439=DIRECTION('center_axis',(0.,0.,1.));
#2440=DIRECTION('ref_axis',(-1.,0.,0.));
#2441=DIRECTION('center_axis',(1.,-1.16816395688674E-16,0.));
#2442=DIRECTION('ref_axis',(1.16816395688674E-16,1.,0.));
#2443=DIRECTION('',(-1.04483760658555E-16,-0.894427190999916,0.447213595499958));
#2444=DIRECTION('center_axis',(1.,-1.16816395688674E-16,0.));
#2445=DIRECTION('ref_axis',(1.16816395688674E-16,1.,0.));
#2446=DIRECTION('',(-1.16816395688674E-16,-1.,0.));
#2447=DIRECTION('',(0.,0.,-1.));
#2448=DIRECTION('',(1.16816395688674E-16,1.,0.));
#2449=DIRECTION('center_axis',(-1.,1.16816395688674E-16,0.));
#2450=DIRECTION('ref_axis',(1.16816395688674E-16,1.,0.));
#2451=DIRECTION('',(1.04483760658555E-16,0.894427190999916,-0.447213595499958));
#2452=DIRECTION('center_axis',(1.,-1.16816395688674E-16,0.));
#2453=DIRECTION('ref_axis',(1.16816395688674E-16,1.,0.));
#2454=DIRECTION('',(-1.16816395688674E-16,-1.,0.));
#2455=DIRECTION('center_axis',(-1.,1.16816395688674E-16,0.));
#2456=DIRECTION('ref_axis',(1.16816395688674E-16,1.,-2.77555756156289E-15));
#2457=DIRECTION('center_axis',(0.,0.,-1.));
#2458=DIRECTION('ref_axis',(-1.,0.,0.));
#2459=DIRECTION('',(0.,0.,-1.));
#2460=DIRECTION('center_axis',(0.,0.,1.));
#2461=DIRECTION('ref_axis',(-1.,0.,0.));
#2462=DIRECTION('center_axis',(0.,0.,-1.));
#2463=DIRECTION('ref_axis',(1.,0.,0.));
#2464=DIRECTION('center_axis',(0.,1.,0.));
#2465=DIRECTION('ref_axis',(0.,0.,1.));
#2466=DIRECTION('',(0.,0.,-1.));
#2467=DIRECTION('',(-1.,0.,0.));
#2468=DIRECTION('',(1.,0.,0.));
#2469=DIRECTION('center_axis',(0.,-1.,0.));
#2470=DIRECTION('ref_axis',(0.,0.,1.));
#2471=DIRECTION('',(1.,0.,1.92747052886312E-16));
#2472=DIRECTION('center_axis',(0.,-1.,0.));
#2473=DIRECTION('ref_axis',(0.,0.,1.));
#2474=DIRECTION('',(0.,0.,1.));
#2475=DIRECTION('center_axis',(0.,-1.,0.));
#2476=DIRECTION('ref_axis',(0.,0.,1.));
#2477=DIRECTION('',(-1.,0.,0.));
#2478=DIRECTION('center_axis',(0.,-1.,0.));
#2479=DIRECTION('ref_axis',(0.,0.,-1.));
#2480=DIRECTION('',(0.,0.,-1.));
#2481=DIRECTION('center_axis',(0.,0.,-1.));
#2482=DIRECTION('ref_axis',(-1.,0.,0.));
#2483=DIRECTION('',(0.,0.,-1.));
#2484=DIRECTION('center_axis',(0.,0.,1.));
#2485=DIRECTION('ref_axis',(-1.,0.,0.));
#2486=DIRECTION('center_axis',(0.,0.,-1.));
#2487=DIRECTION('ref_axis',(1.,0.,0.));
#2488=DIRECTION('center_axis',(-1.,-1.16816395688674E-16,0.));
#2489=DIRECTION('ref_axis',(1.16816395688674E-16,-1.,0.));
#2490=DIRECTION('',(-1.16816395688674E-16,1.,0.));
#2491=DIRECTION('center_axis',(-1.,-1.16816395688674E-16,0.));
#2492=DIRECTION('ref_axis',(1.16816395688674E-16,-1.,0.));
#2493=DIRECTION('',(-1.04483760658555E-16,0.894427190999916,-0.447213595499958));
#2494=DIRECTION('center_axis',(1.,1.16816395688674E-16,0.));
#2495=DIRECTION('ref_axis',(1.16816395688674E-16,-1.,3.46944695195361E-15));
#2496=DIRECTION('',(-1.16816395688674E-16,1.,0.));
#2497=DIRECTION('',(0.,0.,-1.));
#2498=DIRECTION('center_axis',(-1.,-1.16816395688674E-16,0.));
#2499=DIRECTION('ref_axis',(1.16816395688674E-16,-1.,0.));
#2500=DIRECTION('',(1.04483760658555E-16,-0.894427190999916,0.447213595499958));
#2501=DIRECTION('center_axis',(1.,1.16816395688674E-16,0.));
#2502=DIRECTION('ref_axis',(1.16816395688674E-16,-1.,-3.46944695195361E-15));
#2503=DIRECTION('',(1.16816395688674E-16,-1.,0.));
#2504=DIRECTION('center_axis',(0.,0.,-1.));
#2505=DIRECTION('ref_axis',(-1.,0.,0.));
#2506=DIRECTION('center_axis',(0.,0.,1.));
#2507=DIRECTION('ref_axis',(1.,0.,0.));
#2508=DIRECTION('',(0.,0.,-1.));
#2509=DIRECTION('center_axis',(0.,0.,1.));
#2510=DIRECTION('ref_axis',(-1.,0.,0.));
#2511=DIRECTION('center_axis',(0.,1.,0.));
#2512=DIRECTION('ref_axis',(0.,0.,1.));
#2513=DIRECTION('',(0.,0.,-1.));
#2514=DIRECTION('center_axis',(0.,1.,0.));
#2515=DIRECTION('ref_axis',(0.,0.,1.));
#2516=DIRECTION('',(1.,0.,0.));
#2517=DIRECTION('',(1.,0.,0.));
#2518=DIRECTION('center_axis',(0.,1.,0.));
#2519=DIRECTION('ref_axis',(0.,0.,1.));
#2520=DIRECTION('center_axis',(-1.,0.,0.));
#2521=DIRECTION('ref_axis',(0.,0.,1.));
#2522=DIRECTION('',(0.,0.,-1.));
#2523=DIRECTION('',(0.,1.,0.));
#2524=DIRECTION('',(0.,-1.,0.));
#2525=DIRECTION('center_axis',(0.,1.,0.));
#2526=DIRECTION('ref_axis',(0.,0.,1.));
#2527=DIRECTION('',(1.,0.,0.));
#2528=DIRECTION('center_axis',(0.,-1.,0.));
#2529=DIRECTION('ref_axis',(0.,0.,1.));
#2530=DIRECTION('center_axis',(0.,-1.,0.));
#2531=DIRECTION('ref_axis',(0.,0.,1.));
#2532=DIRECTION('',(1.,0.,0.));
#2533=DIRECTION('',(0.,0.,-1.));
#2534=DIRECTION('center_axis',(0.,0.,-1.));
#2535=DIRECTION('ref_axis',(-1.,0.,0.));
#2536=DIRECTION('center_axis',(0.,0.,1.));
#2537=DIRECTION('ref_axis',(-1.,0.,0.));
#2538=DIRECTION('',(0.,0.,-1.));
#2539=DIRECTION('center_axis',(0.,0.,1.));
#2540=DIRECTION('ref_axis',(1.,0.,0.));
#2541=DIRECTION('center_axis',(-1.,-1.16816395688674E-16,0.));
#2542=DIRECTION('ref_axis',(1.16816395688674E-16,-1.,0.));
#2543=DIRECTION('',(-1.04483760658555E-16,0.894427190999916,-0.447213595499958));
#2544=DIRECTION('center_axis',(1.,1.16816395688674E-16,0.));
#2545=DIRECTION('ref_axis',(1.16816395688674E-16,-1.,-4.16333634234433E-15));
#2546=DIRECTION('',(-1.16816395688674E-16,1.,0.));
#2547=DIRECTION('',(0.,0.,-1.));
#2548=DIRECTION('',(1.16816395688674E-16,-1.,0.));
#2549=DIRECTION('center_axis',(-1.,-1.16816395688674E-16,0.));
#2550=DIRECTION('ref_axis',(1.16816395688674E-16,-1.,0.));
#2551=DIRECTION('',(1.04483760658555E-16,-0.894427190999916,0.447213595499958));
#2552=DIRECTION('center_axis',(1.,1.16816395688674E-16,0.));
#2553=DIRECTION('ref_axis',(1.16816395688674E-16,-1.,0.));
#2554=DIRECTION('',(-1.16816395688674E-16,1.,0.));
#2555=DIRECTION('center_axis',(-1.,-1.16816395688674E-16,0.));
#2556=DIRECTION('ref_axis',(1.16816395688674E-16,-1.,0.));
#2557=DIRECTION('center_axis',(0.,0.,-1.));
#2558=DIRECTION('ref_axis',(-1.,0.,0.));
#2559=DIRECTION('center_axis',(0.,0.,1.));
#2560=DIRECTION('ref_axis',(-1.,0.,0.));
#2561=DIRECTION('center_axis',(0.,0.,-1.));
#2562=DIRECTION('ref_axis',(1.,0.,0.));
#2563=DIRECTION('center_axis',(0.,0.,-1.));
#2564=DIRECTION('ref_axis',(-1.,0.,0.));
#2565=DIRECTION('center_axis',(0.,0.,1.));
#2566=DIRECTION('ref_axis',(-1.,0.,0.));
#2567=DIRECTION('center_axis',(0.,0.,-1.));
#2568=DIRECTION('ref_axis',(1.,0.,0.));
#2569=DIRECTION('',(0.,0.,-1.));
#2570=DIRECTION('center_axis',(1.,-1.16816395688674E-16,0.));
#2571=DIRECTION('ref_axis',(1.16816395688674E-16,1.,0.));
#2572=DIRECTION('',(-1.16816395688674E-16,-1.,0.));
#2573=DIRECTION('center_axis',(-1.,1.16816395688674E-16,0.));
#2574=DIRECTION('ref_axis',(1.16816395688674E-16,1.,4.16333634234433E-15));
#2575=DIRECTION('',(-1.04483760658555E-16,-0.894427190999916,0.447213595499958));
#2576=DIRECTION('center_axis',(1.,-1.16816395688674E-16,0.));
#2577=DIRECTION('ref_axis',(1.16816395688674E-16,1.,0.));
#2578=DIRECTION('',(-1.16816395688674E-16,-1.,0.));
#2579=DIRECTION('',(0.,0.,-1.));
#2580=DIRECTION('center_axis',(-1.,1.16816395688674E-16,0.));
#2581=DIRECTION('ref_axis',(1.16816395688674E-16,1.,4.16333634234434E-15));
#2582=DIRECTION('',(1.04483760658555E-16,0.894427190999916,-0.447213595499958));
#2583=DIRECTION('center_axis',(1.,-1.16816395688674E-16,0.));
#2584=DIRECTION('ref_axis',(1.16816395688674E-16,1.,0.));
#2585=DIRECTION('',(1.16816395688674E-16,1.,0.));
#2586=DIRECTION('center_axis',(0.,0.,-1.));
#2587=DIRECTION('ref_axis',(-1.,0.,0.));
#2588=DIRECTION('center_axis',(0.,0.,1.));
#2589=DIRECTION('ref_axis',(-1.,0.,0.));
#2590=DIRECTION('center_axis',(0.,0.,1.));
#2591=DIRECTION('ref_axis',(1.,0.,0.));
#2592=DIRECTION('center_axis',(0.,0.,1.));
#2593=DIRECTION('ref_axis',(1.,0.,0.));
#2594=DIRECTION('',(0.,1.,0.));
#2595=DIRECTION('center_axis',(0.,0.,-1.));
#2596=DIRECTION('ref_axis',(-1.,0.,0.));
#2597=DIRECTION('',(1.,0.,0.));
#2598=DIRECTION('',(0.,1.,0.));
#2599=DIRECTION('center_axis',(0.,0.,-1.));
#2600=DIRECTION('ref_axis',(-1.,0.,0.));
#2601=DIRECTION('',(-1.,-1.16816395688674E-16,0.));
#2602=DIRECTION('center_axis',(0.,0.,-1.));
#2603=DIRECTION('ref_axis',(-1.,0.,0.));
#2604=DIRECTION('',(0.,-1.,0.));
#2605=DIRECTION('',(1.,0.,0.));
#2606=DIRECTION('center_axis',(0.,0.,1.));
#2607=DIRECTION('ref_axis',(1.,0.,0.));
#2608=DIRECTION('',(0.,-1.,0.));
#2609=DIRECTION('center_axis',(0.,0.,1.));
#2610=DIRECTION('ref_axis',(1.,0.,0.));
#2611=DIRECTION('',(0.,1.,0.));
#2612=DIRECTION('center_axis',(0.,0.,-1.));
#2613=DIRECTION('ref_axis',(-1.,0.,0.));
#2614=DIRECTION('',(-1.,1.16816395688674E-16,0.));
#2615=DIRECTION('center_axis',(0.,0.,-1.));
#2616=DIRECTION('ref_axis',(-1.,0.,0.));
#2617=DIRECTION('',(0.,-1.,0.));
#2618=DIRECTION('center_axis',(5.22418803292776E-17,0.447213595499958,0.894427190999916));
#2619=DIRECTION('ref_axis',(-1.04483760658555E-16,-0.894427190999916,0.447213595499958));
#2620=DIRECTION('',(-1.,1.16816395688674E-16,1.16390499015111E-34));
#2621=DIRECTION('',(1.,-1.16816395688674E-16,4.29347602315039E-33));
#2622=DIRECTION('center_axis',(0.,0.,1.));
#2623=DIRECTION('ref_axis',(-1.16816395688674E-16,-1.,0.));
#2624=DIRECTION('',(1.,-1.16816395688674E-16,0.));
#2625=DIRECTION('',(-1.,1.16816395688674E-16,0.));
#2626=DIRECTION('center_axis',(0.,0.,-1.));
#2627=DIRECTION('ref_axis',(-1.,0.,0.));
#2628=DIRECTION('',(0.,-1.,0.));
#2629=DIRECTION('center_axis',(0.,0.,1.));
#2630=DIRECTION('ref_axis',(1.,0.,0.));
#2631=DIRECTION('',(0.,-1.,0.));
#2632=DIRECTION('center_axis',(-5.22418803292776E-17,-0.447213595499958,
-0.894427190999916));
#2633=DIRECTION('ref_axis',(1.04483760658555E-16,0.894427190999916,-0.447213595499958));
#2634=DIRECTION('',(-1.,1.16816395688674E-16,1.16390499015111E-34));
#2635=DIRECTION('',(1.,-1.16816395688674E-16,4.29347602315039E-33));
#2636=DIRECTION('center_axis',(0.,0.,-1.));
#2637=DIRECTION('ref_axis',(1.16816395688674E-16,1.,0.));
#2638=DIRECTION('',(1.,-1.16816395688674E-16,0.));
#2639=DIRECTION('',(-1.,1.16816395688674E-16,0.));
#2640=DIRECTION('center_axis',(5.22418803292776E-17,-0.447213595499958,
-0.894427190999916));
#2641=DIRECTION('ref_axis',(1.04483760658555E-16,-0.894427190999916,0.447213595499958));
#2642=DIRECTION('',(-1.,-1.16816395688674E-16,-1.16390499015111E-34));
#2643=DIRECTION('',(1.,1.16816395688674E-16,-4.29347602315039E-33));
#2644=DIRECTION('center_axis',(0.,0.,-1.));
#2645=DIRECTION('ref_axis',(1.16816395688674E-16,-1.,0.));
#2646=DIRECTION('',(1.,1.16816395688674E-16,0.));
#2647=DIRECTION('',(-1.,-1.16816395688674E-16,0.));
#2648=DIRECTION('center_axis',(0.,0.,1.));
#2649=DIRECTION('ref_axis',(1.,0.,0.));
#2650=DIRECTION('',(0.,1.,0.));
#2651=DIRECTION('center_axis',(0.,0.,-1.));
#2652=DIRECTION('ref_axis',(-1.,0.,0.));
#2653=DIRECTION('',(0.,1.,0.));
#2654=DIRECTION('center_axis',(0.,0.,1.));
#2655=DIRECTION('ref_axis',(1.,0.,0.));
#2656=DIRECTION('center_axis',(0.,0.,1.));
#2657=DIRECTION('ref_axis',(-1.16816395688674E-16,1.,0.));
#2658=DIRECTION('',(1.,1.16816395688674E-16,0.));
#2659=DIRECTION('',(1.,1.16816395688674E-16,0.));
#2660=DIRECTION('center_axis',(-5.22418803292776E-17,0.447213595499958,
0.894427190999916));
#2661=DIRECTION('ref_axis',(-1.04483760658555E-16,0.894427190999916,-0.447213595499958));
#2662=DIRECTION('',(-1.,-1.16816395688674E-16,-1.16390499015111E-34));
#2663=DIRECTION('',(1.,1.16816395688674E-16,-4.29347602315039E-33));
#2664=DIRECTION('center_axis',(0.,0.,1.));
#2665=DIRECTION('ref_axis',(1.,0.,0.));
#2666=DIRECTION('',(0.,1.,0.));
#2667=DIRECTION('',(0.,-1.,0.));
#2668=DIRECTION('center_axis',(0.,0.,-1.));
#2669=DIRECTION('ref_axis',(-1.,0.,0.));
#2670=DIRECTION('center_axis',(1.,-1.16816395688674E-16,0.));
#2671=DIRECTION('ref_axis',(1.16816395688674E-16,1.,0.));
#2672=DIRECTION('center_axis',(-1.,-1.16816395688674E-16,0.));
#2673=DIRECTION('ref_axis',(1.16816395688674E-16,-1.,0.));
#2674=DIRECTION('center_axis',(-1.,-1.16816395688674E-16,0.));
#2675=DIRECTION('ref_axis',(1.16816395688674E-16,-1.,0.));
#2676=DIRECTION('center_axis',(1.,-1.16816395688674E-16,0.));
#2677=DIRECTION('ref_axis',(1.16816395688674E-16,1.,0.));
#2678=DIRECTION('center_axis',(1.,1.16816395688674E-16,0.));
#2679=DIRECTION('ref_axis',(-1.16816395688674E-16,1.,0.));
#2680=DIRECTION('center_axis',(1.,-1.16816395688674E-16,0.));
#2681=DIRECTION('ref_axis',(1.16816395688674E-16,1.,0.));
#2682=DIRECTION('center_axis',(1.,-1.16816395688674E-16,0.));
#2683=DIRECTION('ref_axis',(1.16816395688674E-16,1.,0.));
#2684=DIRECTION('center_axis',(1.,1.16816395688674E-16,0.));
#2685=DIRECTION('ref_axis',(-1.16816395688674E-16,1.,0.));
#2686=DIRECTION('center_axis',(0.,-1.,0.));
#2687=DIRECTION('ref_axis',(0.,0.,-1.));
#2688=DIRECTION('center_axis',(0.,1.,0.));
#2689=DIRECTION('ref_axis',(0.,0.,1.));
#2690=DIRECTION('center_axis',(0.,-1.,0.));
#2691=DIRECTION('ref_axis',(0.,0.,-1.));
#2692=DIRECTION('center_axis',(0.,1.,0.));
#2693=DIRECTION('ref_axis',(0.,0.,1.));
#2694=DIRECTION('center_axis',(-1.,0.,0.));
#2695=DIRECTION('ref_axis',(0.,0.,1.));
#2696=DIRECTION('',(-3.59985417202146E-31,6.98296267768627E-15,-1.));
#2697=DIRECTION('center_axis',(-1.,0.,0.));
#2698=DIRECTION('ref_axis',(0.,0.,-1.));
#2699=DIRECTION('center_axis',(-1.,0.,0.));
#2700=DIRECTION('ref_axis',(0.,0.,-1.));
#2701=DIRECTION('center_axis',(-1.,0.,0.));
#2702=DIRECTION('ref_axis',(0.,0.,1.));
#2703=DIRECTION('center_axis',(1.,0.,0.));
#2704=DIRECTION('ref_axis',(0.,0.,-1.));
#2705=DIRECTION('',(-3.59985417202146E-31,6.98296267768627E-15,-1.));
#2706=DIRECTION('center_axis',(1.,0.,0.));
#2707=DIRECTION('ref_axis',(0.,0.,-1.));
#2708=DIRECTION('center_axis',(1.,0.,0.));
#2709=DIRECTION('ref_axis',(0.,5.13992141030163E-15,-1.));
#2710=DIRECTION('',(-1.,-1.031039213062E-16,-8.75811540203011E-47));
#2711=DIRECTION('center_axis',(1.,0.,0.));
#2712=DIRECTION('ref_axis',(0.,0.,-1.));
#2713=DIRECTION('',(1.,1.031039213062E-16,8.75811540203011E-47));
#2714=DIRECTION('center_axis',(1.,1.13540937132703E-45,-3.59985417202146E-31));
#2715=DIRECTION('ref_axis',(-3.59985417202146E-31,0.,-1.));
#2716=DIRECTION('',(1.55575381946529E-61,1.,3.15404268359418E-15));
#2717=DIRECTION('',(3.59985417202146E-31,-3.49148133884313E-15,1.));
#2718=DIRECTION('',(1.55575381946529E-61,1.,3.15404268359418E-15));
#2719=DIRECTION('center_axis',(-1.,-1.13540937132703E-45,3.59985417202146E-31));
#2720=DIRECTION('ref_axis',(3.59985417202146E-31,0.,1.));
#2721=DIRECTION('',(1.55575381946529E-60,-1.,-3.15404268359418E-15));
#2722=DIRECTION('',(-3.59985417202146E-31,3.49148133884313E-15,-1.));
#2723=DIRECTION('',(1.55575381946529E-60,-1.,-3.15404268359418E-15));
#2724=DIRECTION('center_axis',(3.25194168645689E-31,-3.15404268359418E-15,
1.));
#2725=DIRECTION('ref_axis',(0.,-1.,-3.15404268359418E-15));
#2726=DIRECTION('',(-1.,-1.03103921306199E-16,0.));
#2727=DIRECTION('center_axis',(-3.25194168645689E-31,3.15404268359418E-15,
-1.));
#2728=DIRECTION('ref_axis',(4.7864893457007E-46,-1.,-3.15404268359418E-15));
#2729=DIRECTION('center_axis',(-3.25194168645689E-31,3.15404268359418E-15,
-1.));
#2730=DIRECTION('ref_axis',(4.7864893457007E-46,-1.,-3.15404268359418E-15));
#2731=DIRECTION('center_axis',(3.25194168645689E-31,-3.15404268359418E-15,
1.));
#2732=DIRECTION('ref_axis',(0.,-1.,-3.15404268359418E-15));
#2733=DIRECTION('center_axis',(3.25194168645689E-31,-3.15404268359418E-15,
1.));
#2734=DIRECTION('ref_axis',(-2.73513676897179E-46,-1.,-3.15404268359418E-15));
#2735=DIRECTION('',(-1.,-1.03103921306199E-16,0.));
#2736=DIRECTION('center_axis',(3.25194168645689E-31,-3.15404268359418E-15,
1.));
#2737=DIRECTION('ref_axis',(-2.73513676897179E-46,-1.,-3.15404268359418E-15));
#2738=DIRECTION('center_axis',(-1.03103921306199E-16,1.,3.49148133884313E-15));
#2739=DIRECTION('ref_axis',(0.,-3.49148133884313E-15,1.));
#2740=DIRECTION('',(-3.59985417202146E-31,3.49148133884313E-15,-1.));
#2741=DIRECTION('',(3.59985417202146E-31,-3.49148133884313E-15,1.));
#2742=DIRECTION('center_axis',(0.,-1.,0.));
#2743=DIRECTION('ref_axis',(0.,0.,-1.));
#2744=DIRECTION('',(0.,-1.,0.));
#2745=DIRECTION('',(0.,-1.,0.));
#2746=DIRECTION('center_axis',(-1.,0.,0.));
#2747=DIRECTION('ref_axis',(0.,0.,1.));
#2748=DIRECTION('',(0.,-1.,0.));
#2749=DIRECTION('center_axis',(0.,-1.,0.));
#2750=DIRECTION('ref_axis',(0.,0.,-1.));
#2751=DIRECTION('',(0.,-1.,0.));
#2752=DIRECTION('center_axis',(0.,0.,1.));
#2753=DIRECTION('ref_axis',(1.,0.,0.));
#2754=DIRECTION('',(0.,-1.,0.));
#2755=DIRECTION('center_axis',(0.,-1.,0.));
#2756=DIRECTION('ref_axis',(0.,0.,-1.));
#2757=DIRECTION('',(0.,-1.,0.));
#2758=DIRECTION('center_axis',(1.,0.,0.));
#2759=DIRECTION('ref_axis',(0.,0.,-1.));
#2760=DIRECTION('',(0.,-1.,0.));
#2761=DIRECTION('center_axis',(0.,-1.,0.));
#2762=DIRECTION('ref_axis',(0.,0.,-1.));
#2763=DIRECTION('',(0.,-1.,0.));
#2764=DIRECTION('center_axis',(1.92747052886312E-16,0.,-1.));
#2765=DIRECTION('ref_axis',(-1.,0.,-1.92747052886312E-16));
#2766=DIRECTION('center_axis',(3.59985417202146E-31,-3.49148133884313E-15,
1.));
#2767=DIRECTION('ref_axis',(4.08384711529361E-46,-1.,-3.49148133884313E-15));
#2768=DIRECTION('center_axis',(3.59985417202146E-31,-3.49148133884313E-15,
1.));
#2769=DIRECTION('ref_axis',(4.08384711529361E-46,-1.,-3.49148133884313E-15));
#2770=DIRECTION('axis',(0.,0.,1.));
#2771=DIRECTION('refdir',(1.,0.,0.));
#2772=DIRECTION('center_axis',(3.80935907378204E-16,-1.,1.26708764237805E-16));
#2773=DIRECTION('ref_axis',(3.33066907387547E-16,-1.26708764237805E-16,
-1.));
#2774=DIRECTION('center_axis',(3.80935907378204E-16,-1.,1.26708764237805E-16));
#2775=DIRECTION('ref_axis',(3.33066907387547E-16,-1.26708764237805E-16,
-1.));
#2776=DIRECTION('',(-5.27471111215378E-17,-0.707106781186546,0.707106781186549));
#2777=DIRECTION('center_axis',(-3.80935907378204E-16,1.,-1.26708764237805E-16));
#2778=DIRECTION('ref_axis',(3.3306690738755E-16,-1.26708764237805E-16,-1.));
#2779=DIRECTION('center_axis',(3.80935907378204E-16,-1.,1.26708764237805E-16));
#2780=DIRECTION('ref_axis',(3.33066907387545E-16,-1.26708764237805E-16,
-1.));
#2781=DIRECTION('center_axis',(3.80935907378204E-16,-1.,1.26708764237805E-16));
#2782=DIRECTION('ref_axis',(3.33066907387545E-16,-1.26708764237805E-16,
-1.));
#2783=DIRECTION('center_axis',(-1.,-3.80935907378205E-16,-4.5553158730228E-16));
#2784=DIRECTION('ref_axis',(-4.5553158730228E-16,0.,1.));
#2785=DIRECTION('center_axis',(-3.80935907378204E-16,1.,-1.26708764237805E-16));
#2786=DIRECTION('ref_axis',(3.33066907387543E-16,-1.26708764237805E-16,
-1.));
#2787=DIRECTION('center_axis',(-3.80935907378204E-16,1.,-1.26708764237805E-16));
#2788=DIRECTION('ref_axis',(-3.33066907387549E-16,1.26708764237805E-16,
1.));
#2789=DIRECTION('',(2.94789261045523E-16,-0.948683298050515,0.316227766016835));
#2790=DIRECTION('center_axis',(3.80935907378204E-16,-1.,1.26708764237805E-16));
#2791=DIRECTION('ref_axis',(3.33066907387549E-16,-1.26708764237805E-16,
-1.));
#2792=DIRECTION('center_axis',(3.80935907378204E-16,-1.,1.26708764237805E-16));
#2793=DIRECTION('ref_axis',(3.33066907387547E-16,-1.1842378929335E-16,-1.));
#2794=DIRECTION('center_axis',(3.80935907378204E-16,-1.,1.26708764237805E-16));
#2795=DIRECTION('ref_axis',(3.33066907387546E-16,-1.26708764237805E-16,
-1.));
#2796=DIRECTION('center_axis',(-1.,-3.80935907378205E-16,-4.55531587302282E-16));
#2797=DIRECTION('ref_axis',(-4.55531587302282E-16,1.48029736616688E-16,
1.));
#2798=DIRECTION('center_axis',(-3.80935907378204E-16,1.,-1.26708764237805E-16));
#2799=DIRECTION('ref_axis',(-3.33066907387547E-16,1.26708764237805E-16,
1.));
#2800=DIRECTION('center_axis',(3.80935907378204E-16,-1.,1.26708764237805E-16));
#2801=DIRECTION('ref_axis',(3.33066907387547E-16,-1.26708764237805E-16,
-1.));
#2802=DIRECTION('center_axis',(3.80935907378204E-16,-1.,1.26708764237805E-16));
#2803=DIRECTION('ref_axis',(3.33066907387547E-16,-1.26708764237805E-16,
-1.));
#2804=DIRECTION('',(3.80935907378204E-16,-1.,1.26708764237805E-16));
#2805=DIRECTION('center_axis',(3.80935907378204E-16,-1.,1.26708764237805E-16));
#2806=DIRECTION('ref_axis',(3.33066907387547E-16,-1.26708764237805E-16,
-1.));
#2807=DIRECTION('center_axis',(3.80935907378204E-16,-1.,1.26708764237805E-16));
#2808=DIRECTION('ref_axis',(3.33066907387547E-16,-1.26708764237805E-16,
-1.));
#2809=DIRECTION('center_axis',(3.80935907378204E-16,-1.,1.26708764237805E-16));
#2810=DIRECTION('ref_axis',(3.33066907387547E-16,-1.26708764237805E-16,
-1.));
#2811=DIRECTION('',(3.80935907378204E-16,-1.,1.26708764237805E-16));
#2812=DIRECTION('center_axis',(3.80935907378204E-16,-1.,1.26708764237805E-16));
#2813=DIRECTION('ref_axis',(3.33066907387547E-16,-1.26708764237805E-16,
-1.));
#2814=DIRECTION('',(-3.80935907378204E-16,1.,-1.26708764237805E-16));
#2815=DIRECTION('center_axis',(3.80935907378204E-16,-1.,1.26708764237805E-16));
#2816=DIRECTION('ref_axis',(3.33066907387547E-16,-1.26708764237805E-16,
-1.));
#2817=DIRECTION('center_axis',(3.80935907378204E-16,-1.,1.26708764237805E-16));
#2818=DIRECTION('ref_axis',(3.33066907387547E-16,-1.26708764237805E-16,
-1.));
#2819=DIRECTION('center_axis',(3.80935907378204E-16,-1.,1.26708764237805E-16));
#2820=DIRECTION('ref_axis',(3.33066907387547E-16,-1.26708764237805E-16,
-1.));
#2821=DIRECTION('',(-3.80935907378204E-16,1.,-1.26708764237805E-16));
#2822=DIRECTION('center_axis',(3.80935907378204E-16,-1.,1.26708764237805E-16));
#2823=DIRECTION('ref_axis',(3.33066907387547E-16,-1.26708764237805E-16,
-1.));
#2824=DIRECTION('center_axis',(3.80935907378204E-16,-1.,1.26708764237805E-16));
#2825=DIRECTION('ref_axis',(3.33066907387547E-16,-1.26708764237805E-16,
-1.));
#2826=DIRECTION('center_axis',(-3.80935907378204E-16,1.,-1.26708764237805E-16));
#2827=DIRECTION('ref_axis',(-3.33066907387547E-16,1.26708764237805E-16,
1.));
#2828=DIRECTION('center_axis',(3.80935907378204E-16,-1.,1.26708764237805E-16));
#2829=DIRECTION('ref_axis',(3.33066907387547E-16,-1.26708764237805E-16,
-1.));
#2830=DIRECTION('',(1.2044410012556E-16,-0.707106781186545,0.707106781186551));
#2831=DIRECTION('center_axis',(3.80935907378204E-16,-1.,1.26708764237805E-16));
#2832=DIRECTION('ref_axis',(3.33066907387547E-16,-1.26708764237805E-16,
-1.));
#2833=DIRECTION('center_axis',(3.80935907378204E-16,-1.,1.26708764237805E-16));
#2834=DIRECTION('ref_axis',(3.33066907387547E-16,-1.26882631385732E-16,
-1.));
#2835=DIRECTION('center_axis',(-1.,-3.80935907378205E-16,-4.55531587302282E-16));
#2836=DIRECTION('ref_axis',(-4.55531587302282E-16,1.28865172501134E-16,
1.));
#2837=DIRECTION('center_axis',(3.80935907378204E-16,-1.,1.26708764237805E-16));
#2838=DIRECTION('ref_axis',(3.33066907387547E-16,-1.26708764237805E-16,
-1.));
#2839=DIRECTION('center_axis',(-3.80935907378205E-16,1.,1.26708764237806E-16));
#2840=DIRECTION('ref_axis',(-3.33066907387547E-16,-1.26708764237806E-16,
1.));
#2841=DIRECTION('center_axis',(3.80935907378205E-16,-1.,-1.26708764237806E-16));
#2842=DIRECTION('ref_axis',(3.33066907387547E-16,1.26708764237806E-16,-1.));
#2843=DIRECTION('center_axis',(3.80935907378205E-16,-1.,-1.26708764237806E-16));
#2844=DIRECTION('ref_axis',(3.33066907387547E-16,1.26708764237806E-16,-1.));
#2845=DIRECTION('center_axis',(-3.80935907378205E-16,1.,1.26708764237806E-16));
#2846=DIRECTION('ref_axis',(-3.33066907387547E-16,-1.26708764237806E-16,
1.));
#2847=DIRECTION('center_axis',(-3.80935907378205E-16,1.,1.26708764237806E-16));
#2848=DIRECTION('ref_axis',(-3.33066907387547E-16,-1.26708764237806E-16,
1.));
#2849=DIRECTION('',(-1.,-5.39260384428426E-33,0.));
#2850=DIRECTION('',(-1.66172435550796E-64,3.08148791101958E-32,1.));
#2851=DIRECTION('',(-0.724053603141467,2.37310171513627E-15,0.68974370586317));
#2852=DIRECTION('',(-0.68974370586317,-2.44249065417534E-15,-0.724053603141467));
#2853=DIRECTION('',(-0.724053603141467,2.37310171513627E-15,0.68974370586317));
#2854=DIRECTION('',(-0.68974370586317,-2.44249065417534E-15,-0.724053603141467));
#2855=DIRECTION('',(-0.724053603141467,2.37310171513627E-15,0.68974370586317));
#2856=DIRECTION('',(-0.68974370586317,-2.44249065417534E-15,-0.724053603141467));
#2857=DIRECTION('',(-0.724053603141467,2.37310171513627E-15,0.68974370586317));
#2858=DIRECTION('',(-0.68974370586317,-2.44249065417534E-15,-0.724053603141467));
#2859=CARTESIAN_POINT('',(0.,0.,0.));
#2860=CARTESIAN_POINT('',(0.,0.,0.));
#2861=CARTESIAN_POINT('Origin',(70.,100.8,12.8196601125011));
#2862=CARTESIAN_POINT('',(-70.,100.8,14.819660112501));
#2863=CARTESIAN_POINT('Origin',(-70.,100.8,12.8196601125011));
#2864=CARTESIAN_POINT('',(-68.8,100.8,14.819660112501));
#2865=CARTESIAN_POINT('',(70.,100.8,14.819660112501));
#2866=CARTESIAN_POINT('Origin',(-68.8,100.8,12.8196601125011));
#2867=CARTESIAN_POINT('Origin',(70.,100.8,12.8196601125011));
#2868=CARTESIAN_POINT('',(68.8,100.8,14.819660112501));
#2869=CARTESIAN_POINT('Origin',(68.8,100.8,12.8196601125011));
#2870=CARTESIAN_POINT('',(70.,100.8,14.819660112501));
#2871=CARTESIAN_POINT('',(70.,100.8,14.819660112501));
#2872=CARTESIAN_POINT('Origin',(70.,100.8,12.8196601125011));
#2873=CARTESIAN_POINT('Origin',(70.,100.8,-44.8196601125011));
#2874=CARTESIAN_POINT('',(68.8,100.8,-42.8196601125011));
#2875=CARTESIAN_POINT('Origin',(68.8,100.8,-44.8196601125011));
#2876=CARTESIAN_POINT('',(70.,100.8,-42.8196601125011));
#2877=CARTESIAN_POINT('',(70.,100.8,-42.8196601125011));
#2878=CARTESIAN_POINT('Origin',(70.,100.8,-44.8196601125011));
#2879=CARTESIAN_POINT('Origin',(70.,100.8,-44.8196601125011));
#2880=CARTESIAN_POINT('',(-70.,100.8,-42.8196601125011));
#2881=CARTESIAN_POINT('Origin',(-70.,100.8,-44.8196601125011));
#2882=CARTESIAN_POINT('',(-68.8,100.8,-42.8196601125011));
#2883=CARTESIAN_POINT('',(70.,100.8,-42.8196601125011));
#2884=CARTESIAN_POINT('Origin',(-68.8,100.8,-44.8196601125011));
#2885=CARTESIAN_POINT('Origin',(70.,65.0229123600034,-26.9311162925028));
#2886=CARTESIAN_POINT('',(-70.,65.0229123600034,-24.9311162925028));
#2887=CARTESIAN_POINT('Origin',(-70.,65.0229123600034,-26.9311162925028));
#2888=CARTESIAN_POINT('',(-68.8,65.0229123600034,-24.9311162925028));
#2889=CARTESIAN_POINT('',(70.,65.0229123600034,-24.9311162925028));
#2890=CARTESIAN_POINT('Origin',(-68.8,65.0229123600034,-26.9311162925028));
#2891=CARTESIAN_POINT('Origin',(70.,65.0229123600034,-26.9311162925028));
#2892=CARTESIAN_POINT('',(68.8,65.0229123600034,-24.9311162925028));
#2893=CARTESIAN_POINT('Origin',(68.8,65.0229123600034,-26.9311162925028));
#2894=CARTESIAN_POINT('',(70.,65.0229123600034,-24.9311162925028));
#2895=CARTESIAN_POINT('',(70.,65.0229123600034,-24.9311162925028));
#2896=CARTESIAN_POINT('Origin',(70.,65.0229123600034,-26.9311162925028));
#2897=CARTESIAN_POINT('Origin',(70.,65.0229123600034,30.7082039324994));
#2898=CARTESIAN_POINT('',(-70.,65.0229123600034,32.7082039324994));
#2899=CARTESIAN_POINT('Origin',(-70.,65.0229123600034,30.7082039324994));
#2900=CARTESIAN_POINT('',(-68.8,65.0229123600034,32.7082039324994));
#2901=CARTESIAN_POINT('',(70.,65.0229123600034,32.7082039324994));
#2902=CARTESIAN_POINT('Origin',(-68.8,65.0229123600034,30.7082039324994));
#2903=CARTESIAN_POINT('Origin',(70.,65.0229123600034,30.7082039324994));
#2904=CARTESIAN_POINT('',(68.8,65.0229123600034,32.7082039324994));
#2905=CARTESIAN_POINT('Origin',(68.8,65.0229123600034,30.7082039324994));
#2906=CARTESIAN_POINT('',(70.,65.0229123600034,32.7082039324994));
#2907=CARTESIAN_POINT('',(70.,65.0229123600034,32.7082039324994));
#2908=CARTESIAN_POINT('Origin',(70.,65.0229123600034,30.7082039324994));
#2909=CARTESIAN_POINT('Origin',(70.,29.2458247200067,48.5967477524977));
#2910=CARTESIAN_POINT('',(68.8,29.2458247200067,50.5967477524977));
#2911=CARTESIAN_POINT('Origin',(68.8,29.2458247200067,48.5967477524977));
#2912=CARTESIAN_POINT('',(70.,29.2458247200067,50.5967477524977));
#2913=CARTESIAN_POINT('',(70.,29.2458247200067,50.5967477524977));
#2914=CARTESIAN_POINT('Origin',(70.,29.2458247200067,48.5967477524977));
#2915=CARTESIAN_POINT('Origin',(70.,29.2458247200067,48.5967477524977));
#2916=CARTESIAN_POINT('',(-70.,29.2458247200067,50.5967477524977));
#2917=CARTESIAN_POINT('Origin',(-70.,29.2458247200067,48.5967477524977));
#2918=CARTESIAN_POINT('',(-68.8,29.2458247200067,50.5967477524977));
#2919=CARTESIAN_POINT('',(70.,29.2458247200067,50.5967477524977));
#2920=CARTESIAN_POINT('Origin',(-68.8,29.2458247200067,48.5967477524977));
#2921=CARTESIAN_POINT('Origin',(70.,29.2458247200067,-9.04257247250444));
#2922=CARTESIAN_POINT('',(-70.,29.2458247200067,-7.04257247250447));
#2923=CARTESIAN_POINT('Origin',(-70.,29.2458247200067,-9.04257247250444));
#2924=CARTESIAN_POINT('',(-68.8,29.2458247200067,-7.04257247250447));
#2925=CARTESIAN_POINT('',(70.,29.2458247200067,-7.04257247250447));
#2926=CARTESIAN_POINT('Origin',(-68.8,29.2458247200067,-9.04257247250444));
#2927=CARTESIAN_POINT('Origin',(70.,29.2458247200067,-9.04257247250444));
#2928=CARTESIAN_POINT('',(68.8,29.2458247200067,-7.04257247250447));
#2929=CARTESIAN_POINT('Origin',(68.8,29.2458247200067,-9.04257247250444));
#2930=CARTESIAN_POINT('',(70.,29.2458247200067,-7.04257247250447));
#2931=CARTESIAN_POINT('',(70.,29.2458247200067,-7.04257247250447));
#2932=CARTESIAN_POINT('Origin',(70.,29.2458247200067,-9.04257247250444));
#2933=CARTESIAN_POINT('Origin',(20.,117.6,14.));
#2934=CARTESIAN_POINT('',(20.,118.8,15.5));
#2935=CARTESIAN_POINT('Origin',(20.,118.8,14.));
#2936=CARTESIAN_POINT('',(20.,117.6,15.5));
#2937=CARTESIAN_POINT('',(20.,117.6,15.5));
#2938=CARTESIAN_POINT('Origin',(20.,117.6,14.));
#2939=CARTESIAN_POINT('Origin',(28.,117.6,-56.));
#2940=CARTESIAN_POINT('',(28.,118.8,-54.5));
#2941=CARTESIAN_POINT('Origin',(28.,118.8,-56.));
#2942=CARTESIAN_POINT('',(28.,117.6,-54.5));
#2943=CARTESIAN_POINT('',(28.,117.6,-54.5));
#2944=CARTESIAN_POINT('Origin',(28.,117.6,-56.));
#2945=CARTESIAN_POINT('Origin',(-28.,117.6,-56.));
#2946=CARTESIAN_POINT('',(-28.,118.8,-54.5));
#2947=CARTESIAN_POINT('Origin',(-28.,118.8,-56.));
#2948=CARTESIAN_POINT('',(-28.,117.6,-54.5));
#2949=CARTESIAN_POINT('',(-28.,117.6,-54.5));
#2950=CARTESIAN_POINT('Origin',(-28.,117.6,-56.));
#2951=CARTESIAN_POINT('Origin',(-20.,117.6,14.));
#2952=CARTESIAN_POINT('',(-20.,118.8,15.5));
#2953=CARTESIAN_POINT('Origin',(-20.,118.8,14.));
#2954=CARTESIAN_POINT('',(-20.,117.6,15.5));
#2955=CARTESIAN_POINT('',(-20.,117.6,15.5));
#2956=CARTESIAN_POINT('Origin',(-20.,117.6,14.));
#2957=CARTESIAN_POINT('Origin',(-78.,0.,-13.));
#2958=CARTESIAN_POINT('',(-78.,-1.2,-16.05));
#2959=CARTESIAN_POINT('Origin',(-78.,-1.2,-13.));
#2960=CARTESIAN_POINT('',(-78.,1.18178416117719E-15,-16.05));
#2961=CARTESIAN_POINT('',(-78.,0.,-16.05));
#2962=CARTESIAN_POINT('Origin',(-78.,1.18178416117719E-15,-13.));
#2963=CARTESIAN_POINT('Origin',(-78.,0.,53.));
#2964=CARTESIAN_POINT('',(-78.,-1.2,49.95));
#2965=CARTESIAN_POINT('Origin',(-78.,-1.2,53.));
#2966=CARTESIAN_POINT('',(-78.,1.18178416117719E-15,49.95));
#2967=CARTESIAN_POINT('',(-78.,0.,49.95));
#2968=CARTESIAN_POINT('Origin',(-78.,1.18178416117719E-15,53.));
#2969=CARTESIAN_POINT('Origin',(78.,0.,53.));
#2970=CARTESIAN_POINT('',(78.,-1.2,49.95));
#2971=CARTESIAN_POINT('Origin',(78.,-1.2,53.));
#2972=CARTESIAN_POINT('',(78.,1.18178416117719E-15,49.95));
#2973=CARTESIAN_POINT('',(78.,0.,49.95));
#2974=CARTESIAN_POINT('Origin',(78.,1.18178416117719E-15,53.));
#2975=CARTESIAN_POINT('Origin',(78.,0.,-13.));
#2976=CARTESIAN_POINT('',(78.,-1.2,-16.05));
#2977=CARTESIAN_POINT('Origin',(78.,-1.2,-13.));
#2978=CARTESIAN_POINT('',(78.,1.18178416117719E-15,-16.05));
#2979=CARTESIAN_POINT('',(78.,0.,-16.05));
#2980=CARTESIAN_POINT('Origin',(78.,1.18178416117719E-15,-13.));
#2981=CARTESIAN_POINT('Origin',(-70.,117.6,60.));
#2982=CARTESIAN_POINT('',(67.3,117.6,20.));
#2983=CARTESIAN_POINT('',(-67.3,117.6,20.));
#2984=CARTESIAN_POINT('',(-70.,117.6,20.));
#2985=CARTESIAN_POINT('',(-67.3,117.6,-60.));
#2986=CARTESIAN_POINT('',(-67.3,117.6,60.));
#2987=CARTESIAN_POINT('',(67.3,117.6,-60.));
#2988=CARTESIAN_POINT('',(-70.,117.6,-60.));
#2989=CARTESIAN_POINT('',(67.3,117.6,60.));
#2990=CARTESIAN_POINT('',(-45.1,117.6,-48.));
#2991=CARTESIAN_POINT('',(-9.10000000000002,117.6,-48.));
#2992=CARTESIAN_POINT('',(-9.10000000000002,117.6,-48.));
#2993=CARTESIAN_POINT('',(-47.1,117.6,-46.));
#2994=CARTESIAN_POINT('Origin',(-45.1,117.6,-46.));
#2995=CARTESIAN_POINT('',(-47.1,117.6,-9.99999999999997));
#2996=CARTESIAN_POINT('',(-47.1,117.6,-9.99999999999997));
#2997=CARTESIAN_POINT('',(-45.1,117.6,-7.99999999999998));
#2998=CARTESIAN_POINT('Origin',(-45.1,117.6,-9.99999999999997));
#2999=CARTESIAN_POINT('',(-9.10000000000004,117.6,-7.99999999999998));
#3000=CARTESIAN_POINT('',(-9.10000000000004,117.6,-7.99999999999998));
#3001=CARTESIAN_POINT('',(-7.10000000000004,117.6,-9.99999999999997));
#3002=CARTESIAN_POINT('Origin',(-9.10000000000004,117.6,-9.99999999999997));
#3003=CARTESIAN_POINT('',(-7.10000000000003,117.6,-46.));
#3004=CARTESIAN_POINT('',(-7.10000000000004,117.6,-9.99999999999997));
#3005=CARTESIAN_POINT('Origin',(-9.10000000000003,117.6,-46.));
#3006=CARTESIAN_POINT('Origin',(-71.5,-1.2,60.));
#3007=CARTESIAN_POINT('',(-68.8,1.5,60.));
#3008=CARTESIAN_POINT('',(-68.8,27.6196601125011,60.));
#3009=CARTESIAN_POINT('',(-68.8,1.40179674826409E-16,60.));
#3010=CARTESIAN_POINT('',(-70.,27.6196601125011,60.));
#3011=CARTESIAN_POINT('',(-71.5,27.6196601125011,60.));
#3012=CARTESIAN_POINT('',(-70.,1.5,60.));
#3013=CARTESIAN_POINT('',(-70.,0.,60.));
#3014=CARTESIAN_POINT('',(-70.,1.5,60.));
#3015=CARTESIAN_POINT('Origin',(67.3,117.6,60.));
#3016=CARTESIAN_POINT('',(70.,27.619660112501,60.));
#3017=CARTESIAN_POINT('',(70.,1.5,60.));
#3018=CARTESIAN_POINT('',(70.,118.8,60.));
#3019=CARTESIAN_POINT('',(68.8,27.619660112501,60.));
#3020=CARTESIAN_POINT('',(67.3,27.619660112501,60.));
#3021=CARTESIAN_POINT('',(68.8,1.5,60.));
#3022=CARTESIAN_POINT('',(68.8,118.8,60.));
#3023=CARTESIAN_POINT('',(68.8,1.5,60.));
#3024=CARTESIAN_POINT('Origin',(70.,-1.2,60.));
#3025=CARTESIAN_POINT('',(85.,-1.2,55.));
#3026=CARTESIAN_POINT('',(85.,-1.2,-15.));
#3027=CARTESIAN_POINT('',(85.,-1.2,60.));
#3028=CARTESIAN_POINT('',(80.,-1.2,60.));
#3029=CARTESIAN_POINT('Origin',(80.,-1.2,55.));
#3030=CARTESIAN_POINT('',(71.5,-1.2,60.));
#3031=CARTESIAN_POINT('',(70.,-1.2,60.));
#3032=CARTESIAN_POINT('',(71.5,-1.2,-20.));
#3033=CARTESIAN_POINT('',(71.5,-1.2,60.));
#3034=CARTESIAN_POINT('',(80.,-1.2,-20.));
#3035=CARTESIAN_POINT('',(70.,-1.2,-20.));
#3036=CARTESIAN_POINT('Origin',(80.,-1.2,-15.));
#3037=CARTESIAN_POINT('Origin',(85.,0.,60.));
#3038=CARTESIAN_POINT('',(85.,0.,55.));
#3039=CARTESIAN_POINT('',(85.,0.,-15.));
#3040=CARTESIAN_POINT('',(85.,0.,60.));
#3041=CARTESIAN_POINT('',(85.,0.,55.));
#3042=CARTESIAN_POINT('',(85.,0.,-15.));
#3043=CARTESIAN_POINT('Origin',(70.,0.,60.));
#3044=CARTESIAN_POINT('',(71.5,0.,60.));
#3045=CARTESIAN_POINT('',(80.,0.,60.));
#3046=CARTESIAN_POINT('',(70.,0.,60.));
#3047=CARTESIAN_POINT('Origin',(80.,0.,55.));
#3048=CARTESIAN_POINT('',(80.,0.,-20.));
#3049=CARTESIAN_POINT('Origin',(80.,0.,-15.));
#3050=CARTESIAN_POINT('',(71.5,6.50521303491303E-16,-20.));
#3051=CARTESIAN_POINT('',(70.,0.,-20.));
#3052=CARTESIAN_POINT('',(71.5,0.,60.));
#3053=CARTESIAN_POINT('Origin',(71.5,1.5,60.));
#3054=CARTESIAN_POINT('',(70.,1.5,-20.));
#3055=CARTESIAN_POINT('Origin',(71.5,1.5,-20.));
#3056=CARTESIAN_POINT('',(70.,1.5,60.));
#3057=CARTESIAN_POINT('Origin',(71.5,1.5,60.));
#3058=CARTESIAN_POINT('Origin',(70.,118.8,60.));
#3059=CARTESIAN_POINT('',(70.,107.744271909999,-59.4721359549996));
#3060=CARTESIAN_POINT('',(70.,29.8557280900008,-20.5278640450004));
#3061=CARTESIAN_POINT('',(70.,68.8,-40.));
#3062=CARTESIAN_POINT('',(70.,109.980339887499,-60.));
#3063=CARTESIAN_POINT('Origin',(70.,109.980339887499,-55.));
#3064=CARTESIAN_POINT('',(70.,116.1,-60.));
#3065=CARTESIAN_POINT('',(70.,118.8,-60.));
#3066=CARTESIAN_POINT('',(70.,116.1,20.));
#3067=CARTESIAN_POINT('',(70.,116.1,60.));
#3068=CARTESIAN_POINT('',(70.,109.980339887499,20.));
#3069=CARTESIAN_POINT('',(70.,118.8,20.));
#3070=CARTESIAN_POINT('',(70.,107.744271909999,20.5278640450004));
#3071=CARTESIAN_POINT('Origin',(70.,109.980339887499,25.));
#3072=CARTESIAN_POINT('',(70.,29.8557280900008,59.4721359549996));
#3073=CARTESIAN_POINT('',(70.,100.8,24.));
#3074=CARTESIAN_POINT('Origin',(70.,27.619660112501,55.));
#3075=CARTESIAN_POINT('',(70.,27.619660112501,-20.));
#3076=CARTESIAN_POINT('',(70.,118.8,-20.));
#3077=CARTESIAN_POINT('Origin',(70.,27.619660112501,-25.));
#3078=CARTESIAN_POINT('Origin',(67.3,116.1,60.));
#3079=CARTESIAN_POINT('',(67.3,118.8,20.));
#3080=CARTESIAN_POINT('',(67.3,118.8,-60.));
#3081=CARTESIAN_POINT('',(67.3,118.8,60.));
#3082=CARTESIAN_POINT('Origin',(67.3,116.1,20.));
#3083=CARTESIAN_POINT('Origin',(67.3,116.1,-60.));
#3084=CARTESIAN_POINT('Origin',(-70.,118.8,60.));
#3085=CARTESIAN_POINT('',(-67.3,118.8,20.));
#3086=CARTESIAN_POINT('',(-67.3,118.8,-60.));
#3087=CARTESIAN_POINT('',(-67.3,118.8,60.));
#3088=CARTESIAN_POINT('',(-70.,118.8,20.));
#3089=CARTESIAN_POINT('',(-70.,118.8,-60.));
#3090=CARTESIAN_POINT('',(-47.1,118.8,-46.));
#3091=CARTESIAN_POINT('',(-45.1,118.8,-48.));
#3092=CARTESIAN_POINT('Origin',(-45.1,118.8,-46.));
#3093=CARTESIAN_POINT('',(-9.10000000000002,118.8,-48.));
#3094=CARTESIAN_POINT('',(-9.10000000000002,118.8,-48.));
#3095=CARTESIAN_POINT('',(-7.10000000000003,118.8,-46.));
#3096=CARTESIAN_POINT('Origin',(-9.10000000000003,118.8,-46.));
#3097=CARTESIAN_POINT('',(-7.10000000000004,118.8,-9.99999999999997));
#3098=CARTESIAN_POINT('',(-7.10000000000004,118.8,-9.99999999999997));
#3099=CARTESIAN_POINT('',(-9.10000000000004,118.8,-7.99999999999998));
#3100=CARTESIAN_POINT('Origin',(-9.10000000000004,118.8,-9.99999999999997));
#3101=CARTESIAN_POINT('',(-45.1,118.8,-7.99999999999998));
#3102=CARTESIAN_POINT('',(-9.10000000000004,118.8,-7.99999999999998));
#3103=CARTESIAN_POINT('',(-47.1,118.8,-9.99999999999997));
#3104=CARTESIAN_POINT('Origin',(-45.1,118.8,-9.99999999999997));
#3105=CARTESIAN_POINT('',(-47.1,118.8,-9.99999999999997));
#3106=CARTESIAN_POINT('Origin',(-67.3,116.1,60.));
#3107=CARTESIAN_POINT('',(-70.,116.1,20.));
#3108=CARTESIAN_POINT('',(-70.,116.1,-60.));
#3109=CARTESIAN_POINT('',(-70.,116.1,60.));
#3110=CARTESIAN_POINT('Origin',(-67.3,116.1,20.));
#3111=CARTESIAN_POINT('Origin',(-67.3,116.1,-60.));
#3112=CARTESIAN_POINT('Origin',(-70.,0.,60.));
#3113=CARTESIAN_POINT('',(-70.,109.980339887499,-60.));
#3114=CARTESIAN_POINT('',(-70.,0.,-60.));
#3115=CARTESIAN_POINT('',(-70.,107.744271909999,-59.4721359549996));
#3116=CARTESIAN_POINT('Origin',(-70.,109.980339887499,-55.));
#3117=CARTESIAN_POINT('',(-70.,29.8557280900008,-20.5278640450004));
#3118=CARTESIAN_POINT('',(-70.,-26.24,7.51999999999998));
#3119=CARTESIAN_POINT('',(-70.,27.619660112501,-20.));
#3120=CARTESIAN_POINT('Origin',(-70.,27.619660112501,-25.));
#3121=CARTESIAN_POINT('',(-70.,1.5,-20.));
#3122=CARTESIAN_POINT('',(-70.,0.,-20.));
#3123=CARTESIAN_POINT('',(-70.,1.5,60.));
#3124=CARTESIAN_POINT('',(-70.,29.8557280900009,59.4721359549996));
#3125=CARTESIAN_POINT('Origin',(-70.,27.6196601125011,55.));
#3126=CARTESIAN_POINT('',(-70.,107.744271909999,20.5278640450004));
#3127=CARTESIAN_POINT('',(-70.,5.76,71.52));
#3128=CARTESIAN_POINT('',(-70.,109.980339887499,20.));
#3129=CARTESIAN_POINT('Origin',(-70.,109.980339887499,25.));
#3130=CARTESIAN_POINT('',(-70.,0.,20.));
#3131=CARTESIAN_POINT('Origin',(-71.5,1.5,60.));
#3132=CARTESIAN_POINT('',(-71.5,0.,-20.));
#3133=CARTESIAN_POINT('Origin',(-71.5,1.5,-20.));
#3134=CARTESIAN_POINT('',(-71.5,0.,60.));
#3135=CARTESIAN_POINT('',(-71.5,0.,60.));
#3136=CARTESIAN_POINT('Origin',(-71.5,1.5,60.));
#3137=CARTESIAN_POINT('Origin',(-85.,0.,60.));
#3138=CARTESIAN_POINT('',(-85.,0.,55.));
#3139=CARTESIAN_POINT('',(-85.,0.,-15.));
#3140=CARTESIAN_POINT('',(-85.,0.,60.));
#3141=CARTESIAN_POINT('',(-80.,0.,60.));
#3142=CARTESIAN_POINT('Origin',(-80.,0.,55.));
#3143=CARTESIAN_POINT('',(-85.,0.,60.));
#3144=CARTESIAN_POINT('',(-80.,0.,-20.));
#3145=CARTESIAN_POINT('',(-85.,0.,-20.));
#3146=CARTESIAN_POINT('Origin',(-80.,0.,-15.));
#3147=CARTESIAN_POINT('Origin',(-85.,-1.2,60.));
#3148=CARTESIAN_POINT('',(-85.,-1.2,55.));
#3149=CARTESIAN_POINT('',(-85.,-1.2,-15.));
#3150=CARTESIAN_POINT('',(-85.,-1.2,60.));
#3151=CARTESIAN_POINT('',(-85.,0.,55.));
#3152=CARTESIAN_POINT('',(-85.,-1.2,-15.));
#3153=CARTESIAN_POINT('Origin',(-85.,-1.2,60.));
#3154=CARTESIAN_POINT('',(-80.,-1.2,60.));
#3155=CARTESIAN_POINT('',(-71.5,-1.2,60.));
#3156=CARTESIAN_POINT('',(-85.,-1.2,60.));
#3157=CARTESIAN_POINT('Origin',(-80.,-1.2,55.));
#3158=CARTESIAN_POINT('',(-80.,-1.2,-20.));
#3159=CARTESIAN_POINT('Origin',(-80.,-1.2,-15.));
#3160=CARTESIAN_POINT('',(-71.5,-1.2,-20.));
#3161=CARTESIAN_POINT('',(-85.,-1.2,-20.));
#3162=CARTESIAN_POINT('',(-71.5,-1.2,60.));
#3163=CARTESIAN_POINT('Origin',(-71.5,1.5,60.));
#3164=CARTESIAN_POINT('',(-68.8,1.5,-20.));
#3165=CARTESIAN_POINT('Origin',(-71.5,1.5,-20.));
#3166=CARTESIAN_POINT('',(-68.8,1.5,60.));
#3167=CARTESIAN_POINT('Origin',(-71.5,1.5,60.));
#3168=CARTESIAN_POINT('Origin',(-68.8,1.40179674826409E-16,60.));
#3169=CARTESIAN_POINT('',(-68.8,29.8557280900008,-20.5278640450004));
#3170=CARTESIAN_POINT('',(-68.8,107.744271909999,-59.4721359549996));
#3171=CARTESIAN_POINT('',(-68.8,-26.24,7.51999999999998));
#3172=CARTESIAN_POINT('',(-68.8,109.980339887499,-60.));
#3173=CARTESIAN_POINT('Origin',(-68.8,109.980339887499,-55.));
#3174=CARTESIAN_POINT('',(-68.8,116.1,-60.));
#3175=CARTESIAN_POINT('',(-68.8,1.40179674826409E-16,-60.));
#3176=CARTESIAN_POINT('',(-68.8,116.1,20.));
#3177=CARTESIAN_POINT('',(-68.8,116.1,60.));
#3178=CARTESIAN_POINT('',(-68.8,109.980339887499,20.));
#3179=CARTESIAN_POINT('',(-68.8,1.40179674826409E-16,20.));
#3180=CARTESIAN_POINT('',(-68.8,107.744271909999,20.5278640450004));
#3181=CARTESIAN_POINT('Origin',(-68.8,109.980339887499,25.));
#3182=CARTESIAN_POINT('',(-68.8,29.8557280900009,59.4721359549996));
#3183=CARTESIAN_POINT('',(-68.8,5.76,71.52));
#3184=CARTESIAN_POINT('Origin',(-68.8,27.6196601125011,55.));
#3185=CARTESIAN_POINT('',(-68.8,27.619660112501,-20.));
#3186=CARTESIAN_POINT('',(-68.8,1.40179674826409E-16,-20.));
#3187=CARTESIAN_POINT('Origin',(-68.8,27.619660112501,-25.));
#3188=CARTESIAN_POINT('Origin',(-67.3,116.1,60.));
#3189=CARTESIAN_POINT('Origin',(-67.3,116.1,20.));
#3190=CARTESIAN_POINT('Origin',(-67.3,116.1,-60.));
#3191=CARTESIAN_POINT('Origin',(67.3,116.1,60.));
#3192=CARTESIAN_POINT('',(68.8,116.1,20.));
#3193=CARTESIAN_POINT('Origin',(67.3,116.1,20.));
#3194=CARTESIAN_POINT('',(68.8,116.1,-60.));
#3195=CARTESIAN_POINT('Origin',(67.3,116.1,-60.));
#3196=CARTESIAN_POINT('',(68.8,116.1,60.));
#3197=CARTESIAN_POINT('Origin',(68.8,118.8,60.));
#3198=CARTESIAN_POINT('',(68.8,109.980339887499,-60.));
#3199=CARTESIAN_POINT('',(68.8,118.8,-60.));
#3200=CARTESIAN_POINT('',(68.8,107.744271909999,-59.4721359549996));
#3201=CARTESIAN_POINT('Origin',(68.8,109.980339887499,-55.));
#3202=CARTESIAN_POINT('',(68.8,29.8557280900008,-20.5278640450004));
#3203=CARTESIAN_POINT('',(68.8,68.8,-40.));
#3204=CARTESIAN_POINT('',(68.8,27.619660112501,-20.));
#3205=CARTESIAN_POINT('Origin',(68.8,27.619660112501,-25.));
#3206=CARTESIAN_POINT('',(68.8,1.5,-20.));
#3207=CARTESIAN_POINT('',(68.8,118.8,-20.));
#3208=CARTESIAN_POINT('',(68.8,1.5,60.));
#3209=CARTESIAN_POINT('',(68.8,29.8557280900008,59.4721359549996));
#3210=CARTESIAN_POINT('Origin',(68.8,27.619660112501,55.));
#3211=CARTESIAN_POINT('',(68.8,107.744271909999,20.5278640450004));
#3212=CARTESIAN_POINT('',(68.8,100.8,24.));
#3213=CARTESIAN_POINT('',(68.8,109.980339887499,20.));
#3214=CARTESIAN_POINT('Origin',(68.8,109.980339887499,25.));
#3215=CARTESIAN_POINT('',(68.8,118.8,20.));
#3216=CARTESIAN_POINT('Origin',(71.5,1.5,60.));
#3217=CARTESIAN_POINT('Origin',(71.5,1.5,-20.));
#3218=CARTESIAN_POINT('Origin',(71.5,1.5,60.));
#3219=CARTESIAN_POINT('Origin',(-70.,1.5,60.));
#3220=CARTESIAN_POINT('',(-71.5,-1.2,60.));
#3221=CARTESIAN_POINT('Origin',(-70.,116.1,-60.));
#3222=CARTESIAN_POINT('',(-70.,116.1,-60.));
#3223=CARTESIAN_POINT('',(-67.3,117.6,-60.));
#3224=CARTESIAN_POINT('Origin',(-67.3,117.6,-60.));
#3225=CARTESIAN_POINT('',(-67.3,109.980339887499,-60.));
#3226=CARTESIAN_POINT('Origin',(67.3,118.8,-60.));
#3227=CARTESIAN_POINT('',(67.3,118.8,-60.));
#3228=CARTESIAN_POINT('',(68.8,116.1,-60.));
#3229=CARTESIAN_POINT('Origin',(71.5,0.,60.));
#3230=CARTESIAN_POINT('',(71.5,0.,60.));
#3231=CARTESIAN_POINT('Origin',(68.8,1.5,60.));
#3232=CARTESIAN_POINT('',(80.,1.5,60.));
#3233=CARTESIAN_POINT('Origin',(71.5,-1.2,-60.));
#3234=CARTESIAN_POINT('',(71.5,109.980339887499,-60.));
#3235=CARTESIAN_POINT('Origin',(71.5,1.5,60.));
#3236=CARTESIAN_POINT('',(-80.,-1.2,60.));
#3237=CARTESIAN_POINT('Origin',(70.,68.8,-40.));
#3238=CARTESIAN_POINT('',(68.8,29.8557280900008,-20.5278640450004));
#3239=CARTESIAN_POINT('',(70.,107.744271909999,-59.4721359549996));
#3240=CARTESIAN_POINT('Origin',(70.,118.8,-20.));
#3241=CARTESIAN_POINT('',(70.,27.619660112501,-20.));
#3242=CARTESIAN_POINT('',(70.,1.5,-20.));
#3243=CARTESIAN_POINT('Origin',(71.5,1.5,-20.));
#3244=CARTESIAN_POINT('',(71.5,6.50521303491303E-16,-20.));
#3245=CARTESIAN_POINT('Origin',(70.,0.,-20.));
#3246=CARTESIAN_POINT('',(80.,0.,-20.));
#3247=CARTESIAN_POINT('Origin',(70.,100.8,24.));
#3248=CARTESIAN_POINT('',(68.8,107.744271909999,20.5278640450004));
#3249=CARTESIAN_POINT('',(70.,29.8557280900008,59.4721359549996));
#3250=CARTESIAN_POINT('Origin',(70.,118.8,20.));
#3251=CARTESIAN_POINT('',(70.,109.980339887499,20.));
#3252=CARTESIAN_POINT('',(70.,116.1,20.));
#3253=CARTESIAN_POINT('Origin',(-68.8,5.76,71.52));
#3254=CARTESIAN_POINT('',(-70.,107.744271909999,20.5278640450004));
#3255=CARTESIAN_POINT('',(-68.8,29.8557280900008,59.4721359549996));
#3256=CARTESIAN_POINT('Origin',(-68.8,1.40179674826409E-16,20.));
#3257=CARTESIAN_POINT('',(-68.8,109.980339887499,20.));
#3258=CARTESIAN_POINT('',(-68.8,116.1,20.));
#3259=CARTESIAN_POINT('Origin',(-67.3,116.1,20.));
#3260=CARTESIAN_POINT('',(-67.3,117.6,20.));
#3261=CARTESIAN_POINT('Origin',(-70.,117.6,20.));
#3262=CARTESIAN_POINT('',(67.3,117.6,20.));
#3263=CARTESIAN_POINT('Origin',(67.3,116.1,20.));
#3264=CARTESIAN_POINT('Origin',(-70.,0.,-20.));
#3265=CARTESIAN_POINT('',(-68.8,27.619660112501,-20.));
#3266=CARTESIAN_POINT('',(-70.,1.5,-20.));
#3267=CARTESIAN_POINT('Origin',(-70.,-26.24,7.51999999999998));
#3268=CARTESIAN_POINT('',(-70.,29.8557280900008,-20.5278640450004));
#3269=CARTESIAN_POINT('',(-70.,107.744271909999,-59.4721359549996));
#3270=CARTESIAN_POINT('Origin',(-85.,0.,-20.));
#3271=CARTESIAN_POINT('',(-80.,0.,-20.));
#3272=CARTESIAN_POINT('',(-71.5,0.,-20.));
#3273=CARTESIAN_POINT('Origin',(-71.5,1.5,-20.));
#3274=CARTESIAN_POINT('Origin',(70.,27.619660112501,-25.));
#3275=CARTESIAN_POINT('Origin',(-70.,27.619660112501,-25.));
#3276=CARTESIAN_POINT('Origin',(-70.,109.980339887499,-55.));
#3277=CARTESIAN_POINT('Origin',(71.5,109.980339887499,-55.));
#3278=CARTESIAN_POINT('Origin',(-68.8,109.980339887499,25.));
#3279=CARTESIAN_POINT('Origin',(70.,109.980339887499,25.));
#3280=CARTESIAN_POINT('Origin',(67.3,27.619660112501,55.));
#3281=CARTESIAN_POINT('Origin',(-71.5,27.6196601125011,55.));
#3282=CARTESIAN_POINT('Origin',(-80.,-1.2,55.));
#3283=CARTESIAN_POINT('Origin',(-80.,-1.2,-15.));
#3284=CARTESIAN_POINT('Origin',(80.,0.,55.));
#3285=CARTESIAN_POINT('Origin',(80.,0.,-15.));
#3286=CARTESIAN_POINT('Origin',(-67.3,116.1,-60.));
#3287=CARTESIAN_POINT('',(-67.3,116.1,-61.5));
#3288=CARTESIAN_POINT('',(-67.3,116.1,-62.7));
#3289=CARTESIAN_POINT('',(-67.3,116.1,-62.7));
#3290=CARTESIAN_POINT('Origin',(-67.3,116.1,-60.));
#3291=CARTESIAN_POINT('Origin',(-67.3,116.1,-60.));
#3292=CARTESIAN_POINT('Origin',(67.3,116.1,-60.));
#3293=CARTESIAN_POINT('',(67.3,116.1,-61.5));
#3294=CARTESIAN_POINT('Origin',(67.3,116.1,-60.));
#3295=CARTESIAN_POINT('',(67.3,116.1,-62.7));
#3296=CARTESIAN_POINT('',(67.3,116.1,-61.5));
#3297=CARTESIAN_POINT('Origin',(67.3,116.1,-60.));
#3298=CARTESIAN_POINT('Origin',(67.3,116.1,-60.));
#3299=CARTESIAN_POINT('',(-67.3,116.1,-62.7));
#3300=CARTESIAN_POINT('Origin',(67.3,116.1,-60.));
#3301=CARTESIAN_POINT('',(-67.3,116.1,-61.5));
#3302=CARTESIAN_POINT('Origin',(-67.3,117.6,-62.7));
#3303=CARTESIAN_POINT('',(-67.3,111.8,-62.7));
#3304=CARTESIAN_POINT('',(-67.3,1.93432338622264E-13,-62.7000000000004));
#3305=CARTESIAN_POINT('',(-67.3,111.8,-61.5));
#3306=CARTESIAN_POINT('',(-67.3,111.8,-62.7));
#3307=CARTESIAN_POINT('',(-67.3,117.6,-61.5));
#3308=CARTESIAN_POINT('Origin',(67.3,108.8,-62.7));
#3309=CARTESIAN_POINT('',(67.3,111.8,-61.5));
#3310=CARTESIAN_POINT('',(67.3,108.8,-61.5));
#3311=CARTESIAN_POINT('',(67.3,111.8,-62.7));
#3312=CARTESIAN_POINT('',(67.3,111.8,-62.7));
#3313=CARTESIAN_POINT('',(67.3,1.93432338622264E-13,-62.7000000000004));
#3314=CARTESIAN_POINT('Origin',(-1.9943632619384E-29,1.93432338622264E-13,
-62.7000000000004));
#3315=CARTESIAN_POINT('',(64.3,108.8,-62.7));
#3316=CARTESIAN_POINT('',(-64.3,108.8,-62.7));
#3317=CARTESIAN_POINT('',(-1.12177066381145E-14,108.8,-62.7));
#3318=CARTESIAN_POINT('Origin',(-64.3,111.8,-62.7));
#3319=CARTESIAN_POINT('Origin',(64.3,111.8,-62.7));
#3320=CARTESIAN_POINT('Origin',(-1.95116501187415E-29,1.89242561015652E-13,
-61.5000000000004));
#3321=CARTESIAN_POINT('',(-64.3,108.8,-61.5));
#3322=CARTESIAN_POINT('Origin',(-64.3,111.8,-61.5));
#3323=CARTESIAN_POINT('',(64.3,108.8,-61.5));
#3324=CARTESIAN_POINT('',(-67.3,108.8,-61.5));
#3325=CARTESIAN_POINT('Origin',(64.3,111.8,-61.5));
#3326=CARTESIAN_POINT('Origin',(-67.3,108.8,-62.7));
#3327=CARTESIAN_POINT('',(-64.3,108.8,-62.7));
#3328=CARTESIAN_POINT('',(64.3,108.8,-62.7));
#3329=CARTESIAN_POINT('Origin',(-45.1,118.8,-46.));
#3330=CARTESIAN_POINT('',(-45.1,118.8,-48.));
#3331=CARTESIAN_POINT('',(-47.1,118.8,-46.));
#3332=CARTESIAN_POINT('Origin',(-47.1,118.8,-9.99999999999997));
#3333=CARTESIAN_POINT('',(-47.1,118.8,-9.99999999999997));
#3334=CARTESIAN_POINT('Origin',(-45.1,118.8,-9.99999999999997));
#3335=CARTESIAN_POINT('',(-45.1,118.8,-7.99999999999998));
#3336=CARTESIAN_POINT('Origin',(-9.10000000000004,118.8,-7.99999999999998));
#3337=CARTESIAN_POINT('',(-9.10000000000004,118.8,-7.99999999999998));
#3338=CARTESIAN_POINT('Origin',(-9.10000000000004,118.8,-9.99999999999997));
#3339=CARTESIAN_POINT('',(-7.10000000000004,118.8,-9.99999999999997));
#3340=CARTESIAN_POINT('Origin',(-7.10000000000004,118.8,-9.99999999999997));
#3341=CARTESIAN_POINT('',(-7.10000000000003,118.8,-46.));
#3342=CARTESIAN_POINT('Origin',(-9.10000000000003,118.8,-46.));
#3343=CARTESIAN_POINT('',(-9.10000000000002,118.8,-48.));
#3344=CARTESIAN_POINT('Origin',(-9.10000000000002,118.8,-48.));
#3345=CARTESIAN_POINT('Origin',(-64.3,111.8,-62.7));
#3346=CARTESIAN_POINT('Origin',(64.3,111.8,-62.7));
#3347=CARTESIAN_POINT('',(0.,0.,0.));
#3348=CARTESIAN_POINT('Origin',(-1.11022302462516E-13,-8.00000000000001,
-2.77555756156289E-14));
#3349=CARTESIAN_POINT('',(-1.11773929581564E-13,-8.00000000000001,1.64999999999997));
#3350=CARTESIAN_POINT('Origin',(-1.11022302462516E-13,-8.00000000000001,
-2.77555756156289E-14));
#3351=CARTESIAN_POINT('',(-1.11811227421526E-13,-8.50000000000006,2.15000000000003));
#3352=CARTESIAN_POINT('',(-1.11773929581564E-13,-8.00000000000001,1.64999999999997));
#3353=CARTESIAN_POINT('Origin',(-1.66533453693773E-13,-8.50000000000001,
-1.11022302462516E-13));
#3354=CARTESIAN_POINT('Ctrl Pts',(-1.67532654415936E-13,-6.1886116991581,
2.99999999999989));
#3355=CARTESIAN_POINT('Ctrl Pts',(-3.00000000000017,-6.1886116991581,2.99999999999989));
#3356=CARTESIAN_POINT('Ctrl Pts',(-3.00000000000017,-6.1886116991581,-1.12021503184678E-13));
#3357=CARTESIAN_POINT('Ctrl Pts',(-3.00000000000016,-6.1886116991581,-3.00000000000011));
#3358=CARTESIAN_POINT('Ctrl Pts',(-1.65534252971611E-13,-6.1886116991581,
-3.00000000000011));
#3359=CARTESIAN_POINT('Ctrl Pts',(2.99999999999983,-6.1886116991581,-3.00000000000011));
#3360=CARTESIAN_POINT('Ctrl Pts',(2.99999999999983,-6.1886116991581,-1.10023101740353E-13));
#3361=CARTESIAN_POINT('Ctrl Pts',(2.99999999999983,-6.1886116991581,2.99999999999989));
#3362=CARTESIAN_POINT('Ctrl Pts',(-1.67532654415936E-13,-6.1886116991581,
2.99999999999989));
#3363=CARTESIAN_POINT('Ctrl Pts',(-1.67223567477319E-13,-7.00000000000001,
2.99999999999989));
#3364=CARTESIAN_POINT('Ctrl Pts',(-3.00000000000017,-7.00000000000001,2.99999999999989));
#3365=CARTESIAN_POINT('Ctrl Pts',(-3.00000000000017,-7.00000000000001,-1.11918693175762E-13));
#3366=CARTESIAN_POINT('Ctrl Pts',(-3.00000000000016,-7.00000000000001,-3.00000000000011));
#3367=CARTESIAN_POINT('Ctrl Pts',(-1.65225166032994E-13,-7.00000000000001,
-3.00000000000011));
#3368=CARTESIAN_POINT('Ctrl Pts',(2.99999999999983,-7.00000000000001,-3.00000000000011));
#3369=CARTESIAN_POINT('Ctrl Pts',(2.99999999999983,-7.00000000000001,-1.09920291731436E-13));
#3370=CARTESIAN_POINT('Ctrl Pts',(2.99999999999983,-7.00000000000001,2.99999999999989));
#3371=CARTESIAN_POINT('Ctrl Pts',(-1.67223567477319E-13,-7.00000000000001,
2.99999999999989));
#3372=CARTESIAN_POINT('Ctrl Pts',(-1.66844882384929E-13,-7.76975052924231,
2.74341649025245));
#3373=CARTESIAN_POINT('Ctrl Pts',(-2.74341649025273,-7.76975052924231,2.74341649025245));
#3374=CARTESIAN_POINT('Ctrl Pts',(-2.74341649025273,-7.76975052924231,-1.11735699561352E-13));
#3375=CARTESIAN_POINT('Ctrl Pts',(-2.74341649025273,-7.76975052924231,-2.74341649025267));
#3376=CARTESIAN_POINT('Ctrl Pts',(-1.6501739989276E-13,-7.76975052924231,
-2.74341649025267));
#3377=CARTESIAN_POINT('Ctrl Pts',(2.7434164902524,-7.76975052924231,-2.74341649025267));
#3378=CARTESIAN_POINT('Ctrl Pts',(2.7434164902524,-7.76975052924231,-1.09908217069183E-13));
#3379=CARTESIAN_POINT('Ctrl Pts',(2.7434164902524,-7.76975052924231,2.74341649025245));
#3380=CARTESIAN_POINT('Ctrl Pts',(-1.66844882384929E-13,-7.76975052924231,
2.74341649025245));
#3381=CARTESIAN_POINT('',(-1.65561919070093E-13,-7.76975052924228,-2.74341649025269));
#3382=CARTESIAN_POINT('',(-1.6718085400728E-13,-7.76975052924228,2.74341649025255));
#3383=CARTESIAN_POINT('Origin',(-1.11022302462516E-13,-7.76975052924228,
-2.77555756156289E-14));
#3384=CARTESIAN_POINT('Origin',(-1.11022302462516E-13,-7.76975052924228,
-2.77555756156289E-14));
#3385=CARTESIAN_POINT('',(-1.6790004845568E-13,-6.1886116991581,2.99999999999989));
#3386=CARTESIAN_POINT('Origin',(-1.65622390519169E-13,-6.1886116991581,
-2.00000000000011));
#3387=CARTESIAN_POINT('Origin',(-1.66533453693773E-13,-6.1886116991581,
-1.11022302462516E-13));
#3388=CARTESIAN_POINT('Origin',(-1.66533453693773E-13,-8.50000000000001,
-1.11022302462516E-13));
#3389=CARTESIAN_POINT('',(-1.66006948125091E-13,-8.50000000000001,-2.50000000000012));
#3390=CARTESIAN_POINT('',(-1.66006948125091E-13,-8.50000000000001,-2.50000000000012));
#3391=CARTESIAN_POINT('Origin',(-1.66533453693773E-13,-8.50000000000001,
-1.11022302462516E-13));
#3392=CARTESIAN_POINT('Origin',(0.,-1.70000000000001,0.));
#3393=CARTESIAN_POINT('',(-1.29000970504332E-15,-2.20000000000001,3.25000000000003));
#3394=CARTESIAN_POINT('Origin',(-5.55111512312578E-14,-2.20000000000001,
2.77555756156289E-14));
#3395=CARTESIAN_POINT('',(-1.08246744900953E-15,-1.20000000000001,3.25));
#3396=CARTESIAN_POINT('Origin',(-1.48047765873242E-15,-1.70000000000001,
3.25));
#3397=CARTESIAN_POINT('Origin',(0.,-1.20000000000001,0.));
#3398=CARTESIAN_POINT('Origin',(0.,-2.16810861969019,0.));
#3399=CARTESIAN_POINT('',(-1.85085649576632E-15,2.77555756156289E-16,2.25));
#3400=CARTESIAN_POINT('Origin',(0.,0.,0.));
#3401=CARTESIAN_POINT('',(-5.17580819942608E-16,-3.5,2.25));
#3402=CARTESIAN_POINT('',(-1.02494607143014E-15,-2.16810861969019,2.25));
#3403=CARTESIAN_POINT('Origin',(0.,-3.5,0.));
#3404=CARTESIAN_POINT('Origin',(0.,-2.16810861969019,0.));
#3405=CARTESIAN_POINT('',(-2.44261867561239E-16,-3.5,1.65));
#3406=CARTESIAN_POINT('Origin',(0.,-3.5,0.));
#3407=CARTESIAN_POINT('',(-7.51627119048766E-16,-2.16810861969019,1.65));
#3408=CARTESIAN_POINT('Origin',(0.,-2.16810861969019,0.));
#3409=CARTESIAN_POINT('',(-1.35444619001098E-15,-2.20000000000001,3.));
#3410=CARTESIAN_POINT('',(-1.36659476190685E-15,-2.16810861969019,3.));
#3411=CARTESIAN_POINT('Origin',(-5.55111512312578E-14,-2.20000000000001,
2.77555756156289E-14));
#3412=CARTESIAN_POINT('Origin',(0.,-2.16810861969019,0.));
#3413=CARTESIAN_POINT('',(-1.73538209738919E-15,-1.20000000000001,3.));
#3414=CARTESIAN_POINT('Origin',(0.,-1.20000000000001,0.));
#3415=CARTESIAN_POINT('',(-1.89429228723211E-15,-0.782842712474612,3.));
#3416=CARTESIAN_POINT('',(-1.36659476190685E-15,-2.16810861969019,3.));
#3417=CARTESIAN_POINT('',(1.38305882500761E-15,-0.782842712474613,-3.));
#3418=CARTESIAN_POINT('Origin',(0.,-0.782842712474613,0.));
#3419=CARTESIAN_POINT('Origin',(0.,-0.782842712474613,0.));
#3420=CARTESIAN_POINT('Origin',(0.,-0.782842712474613,0.));
#3421=CARTESIAN_POINT('',(-6.7089853063516E-16,-0.341421356237326,3.44142135623731));
#3422=CARTESIAN_POINT('',(5.56617758421708E-16,-0.341421356237317,-3.4414213562373));
#3423=CARTESIAN_POINT('Origin',(0.,-0.341421356237326,0.));
#3424=CARTESIAN_POINT('',(6.31806682418435E-16,-0.782842712474613,-3.));
#3425=CARTESIAN_POINT('Origin',(0.,-0.341421356237326,0.));
#3426=CARTESIAN_POINT('Origin',(0.,-0.200000000000006,0.));
#3427=CARTESIAN_POINT('',(-1.57944141957318E-15,4.17236278109595E-16,3.3));
#3428=CARTESIAN_POINT('Origin',(-1.50325423809753E-15,-0.200000000000005,
3.3));
#3429=CARTESIAN_POINT('Origin',(0.,0.,0.));
#3430=CARTESIAN_POINT('Origin',(3.74999999999986,-1.2,5.55111512312578E-14));
#3431=CARTESIAN_POINT('Origin',(2.99999999999995,-2.2,0.));
#3432=CARTESIAN_POINT('Origin',(1.64999999999965,-8.49999999999998,5.55111512312578E-14));
#3433=CARTESIAN_POINT('Origin',(1.64999999999971,-3.49999999999997,-1.38777878078145E-13));
#3434=CARTESIAN_POINT('Origin',(2.24999999999992,6.93889390390723E-15,-1.11022302462516E-13));
#3435=CARTESIAN_POINT('',(302.,55.199999999998,7.43542901708564E-14));
#3436=CARTESIAN_POINT('',(249.,53.9999999999978,-78.0000000000001));
#3437=CARTESIAN_POINT('',(315.,53.9999999999978,77.9999999999999));
#3438=CARTESIAN_POINT('',(249.,53.9999999999978,77.9999999999999));
#3439=CARTESIAN_POINT('',(315.,53.9999999999978,-78.0000000000001));
#3440=UNCERTAINTY_MEASURE_WITH_UNIT(LENGTH_MEASURE(0.01),#3448,
'DISTANCE_ACCURACY_VALUE',
'Maximum model space distance between geometric entities at asserted c
onnectivities');
#3441=UNCERTAINTY_MEASURE_WITH_UNIT(LENGTH_MEASURE(0.01),#3448,
'DISTANCE_ACCURACY_VALUE',
'Maximum model space distance between geometric entities at asserted c
onnectivities');
#3442=UNCERTAINTY_MEASURE_WITH_UNIT(LENGTH_MEASURE(0.01),#3448,
'DISTANCE_ACCURACY_VALUE',
'Maximum model space distance between geometric entities at asserted c
onnectivities');
#3443=UNCERTAINTY_MEASURE_WITH_UNIT(LENGTH_MEASURE(0.01),#3448,
'DISTANCE_ACCURACY_VALUE',
'Maximum model space distance between geometric entities at asserted c
onnectivities');
#3444=(
GEOMETRIC_REPRESENTATION_CONTEXT(3)
GLOBAL_UNCERTAINTY_ASSIGNED_CONTEXT((#3440))
GLOBAL_UNIT_ASSIGNED_CONTEXT((#3448,#3450,#3451))
REPRESENTATION_CONTEXT('','3D')
);
#3445=(
GEOMETRIC_REPRESENTATION_CONTEXT(3)
GLOBAL_UNCERTAINTY_ASSIGNED_CONTEXT((#3441))
GLOBAL_UNIT_ASSIGNED_CONTEXT((#3448,#3450,#3451))
REPRESENTATION_CONTEXT('','3D')
);
#3446=(
GEOMETRIC_REPRESENTATION_CONTEXT(3)
GLOBAL_UNCERTAINTY_ASSIGNED_CONTEXT((#3442))
GLOBAL_UNIT_ASSIGNED_CONTEXT((#3448,#3450,#3451))
REPRESENTATION_CONTEXT('','3D')
);
#3447=(
GEOMETRIC_REPRESENTATION_CONTEXT(3)
GLOBAL_UNCERTAINTY_ASSIGNED_CONTEXT((#3443))
GLOBAL_UNIT_ASSIGNED_CONTEXT((#3448,#3450,#3451))
REPRESENTATION_CONTEXT('','3D')
);
#3448=(
LENGTH_UNIT()
NAMED_UNIT(*)
SI_UNIT(.MILLI.,.METRE.)
);
#3449=(
LENGTH_UNIT()
NAMED_UNIT(*)
SI_UNIT($,.METRE.)
);
#3450=(
NAMED_UNIT(*)
PLANE_ANGLE_UNIT()
SI_UNIT($,.RADIAN.)
);
#3451=(
NAMED_UNIT(*)
SI_UNIT($,.STERADIAN.)
SOLID_ANGLE_UNIT()
);
#3452=SHAPE_DEFINITION_REPRESENTATION(#3455,#3463);
#3453=SHAPE_DEFINITION_REPRESENTATION(#3456,#3464);
#3454=SHAPE_DEFINITION_REPRESENTATION(#3457,#3465);
#3455=PRODUCT_DEFINITION_SHAPE('',$,#3467);
#3456=PRODUCT_DEFINITION_SHAPE('',$,#3468);
#3457=PRODUCT_DEFINITION_SHAPE('',$,#3469);
#3458=PRODUCT_DEFINITION_SHAPE($,$,#26);
#3459=PRODUCT_DEFINITION_SHAPE($,$,#27);
#3460=PRODUCT_DEFINITION_SHAPE($,$,#28);
#3461=PRODUCT_DEFINITION_SHAPE($,$,#29);
#3462=PRODUCT_DEFINITION_SHAPE($,$,#30);
#3463=SHAPE_REPRESENTATION('',(#2001,#2231,#2232,#2233,#2234,#2235),#3444);
#3464=SHAPE_REPRESENTATION('',(#2002),#3445);
#3465=SHAPE_REPRESENTATION('',(#2195),#3446);
#3466=PRODUCT_DEFINITION_CONTEXT('part definition',#3477,'design');
#3467=PRODUCT_DEFINITION('MMP.07.00.00.000 Lidar support assembly',
'Lidar support assembly v1',#3470,#3466);
#3468=PRODUCT_DEFINITION(
'MMP.07.00.00.001 Lidar support_\X\8F\X\AE \X\E3\X\AC\X\AE\X\AB\X\E7\X\A0
\X\AD\X\A8\X\EE',
'MMP.07.00.00.001 Lidar support_\X\8F\X\AE \X\E3\X\AC\X\AE\X\AB\X\E7\X\A0
\X\AD\X\A8\X\EE',#3471,#3466);
#3469=PRODUCT_DEFINITION(
'\X\C3\X\E0\X\E9\X\EA\X\E0 \X\EA\X\EB\X\E5\X\EF\X\E0\X\EB\X\FC\X\ED\X\E0
\X\FF \X\CC4_0,5-2 \X\F3\X\EC. \X\EF\X\EE\X\F2\X\E0\X\E9, \X\F1\X\F2\X\E0
\X\EB\X\FC_\X\E3\X\E1\X\E2. \X\AD\X\A0 1,2 \X\AC\X\AC',
'\X\C3\X\E0\X\E9\X\EA\X\E0 \X\EA\X\EB\X\E5\X\EF\X\E0\X\EB\X\FC\X\ED\X\E0
\X\FF \X\CC4_0,5-2 \X\F3\X\EC. \X\EF\X\EE\X\F2\X\E0\X\E9, \X\F1\X\F2\X\E0
\X\EB\X\FC_\X\E3\X\E1\X\E2. \X\AD\X\A0 1,2 \X\AC\X\AC',#3472,#3466);
#3470=PRODUCT_DEFINITION_FORMATION('',$,#3479);
#3471=PRODUCT_DEFINITION_FORMATION('',$,#3480);
#3472=PRODUCT_DEFINITION_FORMATION('',$,#3481);
#3473=PRODUCT_RELATED_PRODUCT_CATEGORY('Lidar support assembly v1',
'Lidar support assembly v1',(#3479));
#3474=PRODUCT_RELATED_PRODUCT_CATEGORY(
'MMP.07.00.00.001 Lidar support_\X\8F\X\AE \X\E3\X\AC\X\AE\X\AB\X\E7\X\A0
\X\AD\X\A8\X\EE',
'MMP.07.00.00.001 Lidar support_\X\8F\X\AE \X\E3\X\AC\X\AE\X\AB\X\E7\X\A0
\X\AD\X\A8\X\EE',(#3480));
#3475=PRODUCT_RELATED_PRODUCT_CATEGORY(
'\X\C3\X\E0\X\E9\X\EA\X\E0 \X\EA\X\EB\X\E5\X\EF\X\E0\X\EB\X\FC\X\ED\X\E0
\X\FF \X\CC4_0,5-2 \X\F3\X\EC. \X\EF\X\EE\X\F2\X\E0\X\E9, \X\F1\X\F2\X\E0
\X\EB\X\FC_\X\E3\X\E1\X\E2. \X\AD\X\A0 1,2 \X\AC\X\AC',
'\X\C3\X\E0\X\E9\X\EA\X\E0 \X\EA\X\EB\X\E5\X\EF\X\E0\X\EB\X\FC\X\ED\X\E0
\X\FF \X\CC4_0,5-2 \X\F3\X\EC. \X\EF\X\EE\X\F2\X\E0\X\E9, \X\F1\X\F2\X\E0
\X\EB\X\FC_\X\E3\X\E1\X\E2. \X\AD\X\A0 1,2 \X\AC\X\AC',(#3481));
#3476=APPLICATION_PROTOCOL_DEFINITION('international standard',
'automotive_design',2009,#3477);
#3477=APPLICATION_CONTEXT(
'Core Data for Automotive Mechanical Design Process');
#3478=PRODUCT_CONTEXT('part definition',#3477,'mechanical');
#3479=PRODUCT('MMP.07.00.00.000 Lidar support assembly',
'Lidar support assembly v1','STEP AP203',(#3478));
#3480=PRODUCT('MMP.07.00.00.001 Lidar support_\X\8F\X\AE \X\E3\X\AC\X\AE
\X\AB\X\E7\X\A0\X\AD\X\A8\X\EE',
'MMP.07.00.00.001 Lidar support_\X\8F\X\AE \X\E3\X\AC\X\AE\X\AB\X\E7\X\A0
\X\AD\X\A8\X\EE',$,(#3478));
#3481=PRODUCT(
'\X\C3\X\E0\X\E9\X\EA\X\E0 \X\EA\X\EB\X\E5\X\EF\X\E0\X\EB\X\FC\X\ED\X\E0
\X\FF \X\CC4_0,5-2 \X\F3\X\EC. \X\EF\X\EE\X\F2\X\E0\X\E9, \X\F1\X\F2\X\E0
\X\EB\X\FC_\X\E3\X\E1\X\E2. \X\AD\X\A0 1,2 \X\AC\X\AC',
'\X\C3\X\E0\X\E9\X\EA\X\E0 \X\EA\X\EB\X\E5\X\EF\X\E0\X\EB\X\FC\X\ED\X\E0
\X\FF \X\CC4_0,5-2 \X\F3\X\EC. \X\EF\X\EE\X\F2\X\E0\X\E9, \X\F1\X\F2\X\E0
\X\EB\X\FC_\X\E3\X\E1\X\E2. \X\AD\X\A0 1,2 \X\AC\X\AC',$,(#3478));
#3482=PRESENTATION_STYLE_ASSIGNMENT((#3483));
#3483=SURFACE_STYLE_USAGE(.BOTH.,#3484);
#3484=SURFACE_SIDE_STYLE('',(#3485));
#3485=SURFACE_STYLE_FILL_AREA(#3486);
#3486=FILL_AREA_STYLE('Steel - Satin',(#3487));
#3487=FILL_AREA_STYLE_COLOUR('Steel - Satin',#3488);
#3488=COLOUR_RGB('Steel - Satin',0.627450980392157,0.627450980392157,0.627450980392157);
ENDSEC;
END-ISO-10303-21;
