ISO-10303-21;
HEADER;
/* Generated by software containing ST-Developer
 * from STEP Tools, Inc. (www.steptools.com) 
 */

FILE_DESCRIPTION(
/* description */ ('STEP AP203'),
/* implementation_level */ '2;1');

FILE_NAME(
/* name */ 'Plastic cover.step',
/* time_stamp */ '2026-07-23T10:27:54+08:00',
/* author */ (''),
/* organization */ (''),
/* preprocessor_version */ 'ST-DEVELOPER v20.1',
/* originating_system */ 'Autodesk Translation Framework v15.8.0.0',
/* authorisation */ '');

FILE_SCHEMA (('AUTOMOTIVE_DESIGN { 1 0 10303 214 3 1 1 }'));
ENDSEC;

DATA;
#10=MECHANICAL_DESIGN_GEOMETRIC_PRESENTATION_REPRESENTATION('',(#13),#4171);
#11=SHAPE_REPRESENTATION_RELATIONSHIP('SRR','None',#4178,#12);
#12=ADVANCED_BREP_SHAPE_REPRESENTATION('',(#14),#4170);
#13=STYLED_ITEM('',(#4187),#14);
#14=MANIFOLD_SOLID_BREP('Body1',#2359);
#15=SPHERICAL_SURFACE('',#2459,20.);
#16=SPHERICAL_SURFACE('',#2462,20.);
#17=SPHERICAL_SURFACE('',#2480,20.);
#18=SPHERICAL_SURFACE('',#2483,20.);
#19=SPHERICAL_SURFACE('',#2485,20.);
#20=SPHERICAL_SURFACE('',#2487,20.);
#21=SPHERICAL_SURFACE('',#2506,20.);
#22=SPHERICAL_SURFACE('',#2509,20.);
#23=SPHERICAL_SURFACE('',#2511,20.);
#24=SPHERICAL_SURFACE('',#2513,20.);
#25=SPHERICAL_SURFACE('',#2535,20.);
#26=SPHERICAL_SURFACE('',#2537,20.);
#27=SPHERICAL_SURFACE('',#2539,20.);
#28=SPHERICAL_SURFACE('',#2541,20.);
#29=SPHERICAL_SURFACE('',#2551,20.);
#30=SPHERICAL_SURFACE('',#2553,20.);
#31=SPHERICAL_SURFACE('',#2585,17.);
#32=SPHERICAL_SURFACE('',#2588,17.);
#33=SPHERICAL_SURFACE('',#2606,17.);
#34=SPHERICAL_SURFACE('',#2609,17.);
#35=SPHERICAL_SURFACE('',#2611,17.);
#36=SPHERICAL_SURFACE('',#2613,17.);
#37=SPHERICAL_SURFACE('',#2632,17.);
#38=SPHERICAL_SURFACE('',#2635,17.);
#39=SPHERICAL_SURFACE('',#2637,17.);
#40=SPHERICAL_SURFACE('',#2639,17.);
#41=SPHERICAL_SURFACE('',#2661,17.);
#42=SPHERICAL_SURFACE('',#2663,17.);
#43=SPHERICAL_SURFACE('',#2665,17.);
#44=SPHERICAL_SURFACE('',#2667,17.);
#45=SPHERICAL_SURFACE('',#2677,17.);
#46=SPHERICAL_SURFACE('',#2679,17.);
#47=FACE_BOUND('',#302,.T.);
#48=FACE_BOUND('',#312,.T.);
#49=FACE_BOUND('',#313,.T.);
#50=FACE_BOUND('',#314,.T.);
#51=FACE_BOUND('',#315,.T.);
#52=FACE_BOUND('',#316,.T.);
#53=FACE_BOUND('',#317,.T.);
#54=FACE_BOUND('',#319,.T.);
#55=FACE_BOUND('',#320,.T.);
#56=FACE_BOUND('',#321,.T.);
#57=FACE_BOUND('',#322,.T.);
#58=FACE_BOUND('',#388,.T.);
#59=FACE_BOUND('',#389,.T.);
#60=FACE_BOUND('',#390,.T.);
#61=FACE_BOUND('',#391,.T.);
#62=FACE_BOUND('',#392,.T.);
#63=FACE_BOUND('',#393,.T.);
#64=FACE_BOUND('',#395,.T.);
#65=FACE_BOUND('',#396,.T.);
#66=FACE_BOUND('',#397,.T.);
#67=FACE_BOUND('',#398,.T.);
#68=ELLIPSE('',#2414,20.0572052792421,19.9999999999517);
#69=ELLIPSE('',#2415,20.0572052794693,20.0000000000599);
#70=ELLIPSE('',#2416,20.0572052792453,19.9999999999528);
#71=ELLIPSE('',#2417,20.0572052792461,19.9999999999532);
#72=ELLIPSE('',#2418,20.0572052794832,20.0000000000663);
#73=ELLIPSE('',#2419,20.0572052793479,20.0000000000014);
#74=ELLIPSE('',#2420,20.0572052793296,19.999999999993);
#75=ELLIPSE('',#2421,20.0572052794017,20.0000000000275);
#76=ELLIPSE('',#2422,17.0486244874005,16.99999999998);
#77=ELLIPSE('',#2423,17.0486244874625,17.0000000000093);
#78=ELLIPSE('',#2424,17.0486244873377,16.99999999995);
#79=ELLIPSE('',#2425,17.04862448741,16.9999999999837);
#80=ELLIPSE('',#2426,17.0486244874978,17.0000000000265);
#81=ELLIPSE('',#2427,17.0486244873846,16.999999999972);
#82=ELLIPSE('',#2428,17.0486244874354,16.9999999999964);
#83=ELLIPSE('',#2429,17.0486244874816,17.0000000000183);
#84=PLANE('',#2413);
#85=PLANE('',#2430);
#86=PLANE('',#2431);
#87=PLANE('',#2432);
#88=PLANE('',#2433);
#89=PLANE('',#2434);
#90=PLANE('',#2435);
#91=PLANE('',#2436);
#92=PLANE('',#2437);
#93=PLANE('',#2438);
#94=PLANE('',#2443);
#95=PLANE('',#2444);
#96=PLANE('',#2445);
#97=PLANE('',#2446);
#98=PLANE('',#2447);
#99=PLANE('',#2448);
#100=PLANE('',#2449);
#101=PLANE('',#2450);
#102=PLANE('',#2451);
#103=PLANE('',#2556);
#104=PLANE('',#2557);
#105=PLANE('',#2558);
#106=PLANE('',#2559);
#107=PLANE('',#2560);
#108=PLANE('',#2561);
#109=PLANE('',#2562);
#110=PLANE('',#2563);
#111=PLANE('',#2564);
#112=PLANE('',#2569);
#113=PLANE('',#2570);
#114=PLANE('',#2571);
#115=PLANE('',#2572);
#116=PLANE('',#2573);
#117=PLANE('',#2574);
#118=PLANE('',#2575);
#119=PLANE('',#2576);
#120=PLANE('',#2577);
#121=PLANE('',#2683);
#122=PLANE('',#2685);
#123=PLANE('',#2687);
#124=PLANE('',#2689);
#125=CONICAL_SURFACE('',#2401,53.9544232590366,0.174532925199433);
#126=CONICAL_SURFACE('',#2412,51.,0.174532925199433);
#127=CONICAL_SURFACE('',#2682,4.,0.05235987755983);
#128=CONICAL_SURFACE('',#2684,4.,0.05235987755983);
#129=CONICAL_SURFACE('',#2686,4.,0.05235987755983);
#130=CONICAL_SURFACE('',#2688,4.,0.05235987755983);
#131=TOROIDAL_SURFACE('',#2397,47.0720852608004,6.);
#132=TOROIDAL_SURFACE('',#2403,53.5172988935318,3.);
#133=TOROIDAL_SURFACE('',#2408,47.0720852608004,3.);
#134=FACE_OUTER_BOUND('',#288,.T.);
#135=FACE_OUTER_BOUND('',#289,.T.);
#136=FACE_OUTER_BOUND('',#290,.T.);
#137=FACE_OUTER_BOUND('',#291,.T.);
#138=FACE_OUTER_BOUND('',#292,.T.);
#139=FACE_OUTER_BOUND('',#293,.T.);
#140=FACE_OUTER_BOUND('',#294,.T.);
#141=FACE_OUTER_BOUND('',#295,.T.);
#142=FACE_OUTER_BOUND('',#296,.T.);
#143=FACE_OUTER_BOUND('',#297,.T.);
#144=FACE_OUTER_BOUND('',#298,.T.);
#145=FACE_OUTER_BOUND('',#299,.T.);
#146=FACE_OUTER_BOUND('',#300,.T.);
#147=FACE_OUTER_BOUND('',#301,.T.);
#148=FACE_OUTER_BOUND('',#303,.T.);
#149=FACE_OUTER_BOUND('',#304,.T.);
#150=FACE_OUTER_BOUND('',#305,.T.);
#151=FACE_OUTER_BOUND('',#306,.T.);
#152=FACE_OUTER_BOUND('',#307,.T.);
#153=FACE_OUTER_BOUND('',#308,.T.);
#154=FACE_OUTER_BOUND('',#309,.T.);
#155=FACE_OUTER_BOUND('',#310,.T.);
#156=FACE_OUTER_BOUND('',#311,.T.);
#157=FACE_OUTER_BOUND('',#318,.T.);
#158=FACE_OUTER_BOUND('',#323,.T.);
#159=FACE_OUTER_BOUND('',#324,.T.);
#160=FACE_OUTER_BOUND('',#325,.T.);
#161=FACE_OUTER_BOUND('',#326,.T.);
#162=FACE_OUTER_BOUND('',#327,.T.);
#163=FACE_OUTER_BOUND('',#328,.T.);
#164=FACE_OUTER_BOUND('',#329,.T.);
#165=FACE_OUTER_BOUND('',#330,.T.);
#166=FACE_OUTER_BOUND('',#331,.T.);
#167=FACE_OUTER_BOUND('',#332,.T.);
#168=FACE_OUTER_BOUND('',#333,.T.);
#169=FACE_OUTER_BOUND('',#334,.T.);
#170=FACE_OUTER_BOUND('',#335,.T.);
#171=FACE_OUTER_BOUND('',#336,.T.);
#172=FACE_OUTER_BOUND('',#337,.T.);
#173=FACE_OUTER_BOUND('',#338,.T.);
#174=FACE_OUTER_BOUND('',#339,.T.);
#175=FACE_OUTER_BOUND('',#340,.T.);
#176=FACE_OUTER_BOUND('',#341,.T.);
#177=FACE_OUTER_BOUND('',#342,.T.);
#178=FACE_OUTER_BOUND('',#343,.T.);
#179=FACE_OUTER_BOUND('',#344,.T.);
#180=FACE_OUTER_BOUND('',#345,.T.);
#181=FACE_OUTER_BOUND('',#346,.T.);
#182=FACE_OUTER_BOUND('',#347,.T.);
#183=FACE_OUTER_BOUND('',#348,.T.);
#184=FACE_OUTER_BOUND('',#349,.T.);
#185=FACE_OUTER_BOUND('',#350,.T.);
#186=FACE_OUTER_BOUND('',#351,.T.);
#187=FACE_OUTER_BOUND('',#352,.T.);
#188=FACE_OUTER_BOUND('',#353,.T.);
#189=FACE_OUTER_BOUND('',#354,.T.);
#190=FACE_OUTER_BOUND('',#355,.T.);
#191=FACE_OUTER_BOUND('',#356,.T.);
#192=FACE_OUTER_BOUND('',#357,.T.);
#193=FACE_OUTER_BOUND('',#358,.T.);
#194=FACE_OUTER_BOUND('',#359,.T.);
#195=FACE_OUTER_BOUND('',#360,.T.);
#196=FACE_OUTER_BOUND('',#361,.T.);
#197=FACE_OUTER_BOUND('',#362,.T.);
#198=FACE_OUTER_BOUND('',#363,.T.);
#199=FACE_OUTER_BOUND('',#364,.T.);
#200=FACE_OUTER_BOUND('',#365,.T.);
#201=FACE_OUTER_BOUND('',#366,.T.);
#202=FACE_OUTER_BOUND('',#367,.T.);
#203=FACE_OUTER_BOUND('',#368,.T.);
#204=FACE_OUTER_BOUND('',#369,.T.);
#205=FACE_OUTER_BOUND('',#370,.T.);
#206=FACE_OUTER_BOUND('',#371,.T.);
#207=FACE_OUTER_BOUND('',#372,.T.);
#208=FACE_OUTER_BOUND('',#373,.T.);
#209=FACE_OUTER_BOUND('',#374,.T.);
#210=FACE_OUTER_BOUND('',#375,.T.);
#211=FACE_OUTER_BOUND('',#376,.T.);
#212=FACE_OUTER_BOUND('',#377,.T.);
#213=FACE_OUTER_BOUND('',#378,.T.);
#214=FACE_OUTER_BOUND('',#379,.T.);
#215=FACE_OUTER_BOUND('',#380,.T.);
#216=FACE_OUTER_BOUND('',#381,.T.);
#217=FACE_OUTER_BOUND('',#382,.T.);
#218=FACE_OUTER_BOUND('',#383,.T.);
#219=FACE_OUTER_BOUND('',#384,.T.);
#220=FACE_OUTER_BOUND('',#385,.T.);
#221=FACE_OUTER_BOUND('',#386,.T.);
#222=FACE_OUTER_BOUND('',#387,.T.);
#223=FACE_OUTER_BOUND('',#394,.T.);
#224=FACE_OUTER_BOUND('',#399,.T.);
#225=FACE_OUTER_BOUND('',#400,.T.);
#226=FACE_OUTER_BOUND('',#401,.T.);
#227=FACE_OUTER_BOUND('',#402,.T.);
#228=FACE_OUTER_BOUND('',#403,.T.);
#229=FACE_OUTER_BOUND('',#404,.T.);
#230=FACE_OUTER_BOUND('',#405,.T.);
#231=FACE_OUTER_BOUND('',#406,.T.);
#232=FACE_OUTER_BOUND('',#407,.T.);
#233=FACE_OUTER_BOUND('',#408,.T.);
#234=FACE_OUTER_BOUND('',#409,.T.);
#235=FACE_OUTER_BOUND('',#410,.T.);
#236=FACE_OUTER_BOUND('',#411,.T.);
#237=FACE_OUTER_BOUND('',#412,.T.);
#238=FACE_OUTER_BOUND('',#413,.T.);
#239=FACE_OUTER_BOUND('',#414,.T.);
#240=FACE_OUTER_BOUND('',#415,.T.);
#241=FACE_OUTER_BOUND('',#416,.T.);
#242=FACE_OUTER_BOUND('',#417,.T.);
#243=FACE_OUTER_BOUND('',#418,.T.);
#244=FACE_OUTER_BOUND('',#419,.T.);
#245=FACE_OUTER_BOUND('',#420,.T.);
#246=FACE_OUTER_BOUND('',#421,.T.);
#247=FACE_OUTER_BOUND('',#422,.T.);
#248=FACE_OUTER_BOUND('',#423,.T.);
#249=FACE_OUTER_BOUND('',#424,.T.);
#250=FACE_OUTER_BOUND('',#425,.T.);
#251=FACE_OUTER_BOUND('',#426,.T.);
#252=FACE_OUTER_BOUND('',#427,.T.);
#253=FACE_OUTER_BOUND('',#428,.T.);
#254=FACE_OUTER_BOUND('',#429,.T.);
#255=FACE_OUTER_BOUND('',#430,.T.);
#256=FACE_OUTER_BOUND('',#431,.T.);
#257=FACE_OUTER_BOUND('',#432,.T.);
#258=FACE_OUTER_BOUND('',#433,.T.);
#259=FACE_OUTER_BOUND('',#434,.T.);
#260=FACE_OUTER_BOUND('',#435,.T.);
#261=FACE_OUTER_BOUND('',#436,.T.);
#262=FACE_OUTER_BOUND('',#437,.T.);
#263=FACE_OUTER_BOUND('',#438,.T.);
#264=FACE_OUTER_BOUND('',#439,.T.);
#265=FACE_OUTER_BOUND('',#440,.T.);
#266=FACE_OUTER_BOUND('',#441,.T.);
#267=FACE_OUTER_BOUND('',#442,.T.);
#268=FACE_OUTER_BOUND('',#443,.T.);
#269=FACE_OUTER_BOUND('',#444,.T.);
#270=FACE_OUTER_BOUND('',#445,.T.);
#271=FACE_OUTER_BOUND('',#446,.T.);
#272=FACE_OUTER_BOUND('',#447,.T.);
#273=FACE_OUTER_BOUND('',#448,.T.);
#274=FACE_OUTER_BOUND('',#449,.T.);
#275=FACE_OUTER_BOUND('',#450,.T.);
#276=FACE_OUTER_BOUND('',#451,.T.);
#277=FACE_OUTER_BOUND('',#452,.T.);
#278=FACE_OUTER_BOUND('',#453,.T.);
#279=FACE_OUTER_BOUND('',#454,.T.);
#280=FACE_OUTER_BOUND('',#455,.T.);
#281=FACE_OUTER_BOUND('',#456,.T.);
#282=FACE_OUTER_BOUND('',#457,.T.);
#283=FACE_OUTER_BOUND('',#458,.T.);
#284=FACE_OUTER_BOUND('',#459,.T.);
#285=FACE_OUTER_BOUND('',#460,.T.);
#286=FACE_OUTER_BOUND('',#461,.T.);
#287=FACE_OUTER_BOUND('',#462,.T.);
#288=EDGE_LOOP('',(#1467,#1468,#1469,#1470));
#289=EDGE_LOOP('',(#1471,#1472,#1473,#1474));
#290=EDGE_LOOP('',(#1475,#1476,#1477,#1478));
#291=EDGE_LOOP('',(#1479,#1480,#1481,#1482));
#292=EDGE_LOOP('',(#1483,#1484,#1485,#1486));
#293=EDGE_LOOP('',(#1487,#1488,#1489,#1490));
#294=EDGE_LOOP('',(#1491,#1492,#1493,#1494));
#295=EDGE_LOOP('',(#1495,#1496,#1497,#1498));
#296=EDGE_LOOP('',(#1499,#1500,#1501,#1502));
#297=EDGE_LOOP('',(#1503,#1504,#1505,#1506));
#298=EDGE_LOOP('',(#1507,#1508,#1509,#1510,#1511));
#299=EDGE_LOOP('',(#1512,#1513,#1514,#1515));
#300=EDGE_LOOP('',(#1516,#1517,#1518,#1519,#1520));
#301=EDGE_LOOP('',(#1521,#1522,#1523,#1524,#1525,#1526,#1527,#1528,#1529,
#1530,#1531,#1532,#1533,#1534,#1535,#1536));
#302=EDGE_LOOP('',(#1537,#1538,#1539,#1540,#1541,#1542,#1543,#1544,#1545,
#1546,#1547,#1548,#1549,#1550,#1551,#1552));
#303=EDGE_LOOP('',(#1553,#1554,#1555,#1556));
#304=EDGE_LOOP('',(#1557,#1558,#1559,#1560));
#305=EDGE_LOOP('',(#1561,#1562,#1563,#1564));
#306=EDGE_LOOP('',(#1565,#1566,#1567,#1568));
#307=EDGE_LOOP('',(#1569,#1570,#1571,#1572));
#308=EDGE_LOOP('',(#1573,#1574,#1575,#1576));
#309=EDGE_LOOP('',(#1577,#1578,#1579,#1580));
#310=EDGE_LOOP('',(#1581,#1582,#1583,#1584));
#311=EDGE_LOOP('',(#1585,#1586,#1587,#1588,#1589,#1590,#1591,#1592));
#312=EDGE_LOOP('',(#1593));
#313=EDGE_LOOP('',(#1594,#1595,#1596,#1597,#1598,#1599,#1600,#1601));
#314=EDGE_LOOP('',(#1602));
#315=EDGE_LOOP('',(#1603));
#316=EDGE_LOOP('',(#1604));
#317=EDGE_LOOP('',(#1605));
#318=EDGE_LOOP('',(#1606));
#319=EDGE_LOOP('',(#1607));
#320=EDGE_LOOP('',(#1608));
#321=EDGE_LOOP('',(#1609));
#322=EDGE_LOOP('',(#1610));
#323=EDGE_LOOP('',(#1611,#1612,#1613,#1614));
#324=EDGE_LOOP('',(#1615,#1616,#1617,#1618));
#325=EDGE_LOOP('',(#1619,#1620,#1621,#1622));
#326=EDGE_LOOP('',(#1623,#1624,#1625,#1626));
#327=EDGE_LOOP('',(#1627,#1628,#1629,#1630));
#328=EDGE_LOOP('',(#1631,#1632,#1633,#1634));
#329=EDGE_LOOP('',(#1635,#1636,#1637,#1638));
#330=EDGE_LOOP('',(#1639,#1640,#1641,#1642));
#331=EDGE_LOOP('',(#1643,#1644,#1645,#1646));
#332=EDGE_LOOP('',(#1647,#1648,#1649,#1650));
#333=EDGE_LOOP('',(#1651,#1652,#1653,#1654));
#334=EDGE_LOOP('',(#1655,#1656,#1657,#1658));
#335=EDGE_LOOP('',(#1659,#1660,#1661,#1662));
#336=EDGE_LOOP('',(#1663,#1664,#1665,#1666));
#337=EDGE_LOOP('',(#1667,#1668,#1669,#1670));
#338=EDGE_LOOP('',(#1671,#1672,#1673,#1674));
#339=EDGE_LOOP('',(#1675,#1676,#1677,#1678));
#340=EDGE_LOOP('',(#1679,#1680,#1681,#1682));
#341=EDGE_LOOP('',(#1683,#1684,#1685,#1686));
#342=EDGE_LOOP('',(#1687,#1688,#1689,#1690));
#343=EDGE_LOOP('',(#1691,#1692,#1693,#1694));
#344=EDGE_LOOP('',(#1695,#1696,#1697));
#345=EDGE_LOOP('',(#1698,#1699,#1700));
#346=EDGE_LOOP('',(#1701,#1702,#1703,#1704));
#347=EDGE_LOOP('',(#1705,#1706,#1707,#1708));
#348=EDGE_LOOP('',(#1709,#1710,#1711,#1712));
#349=EDGE_LOOP('',(#1713,#1714,#1715,#1716));
#350=EDGE_LOOP('',(#1717,#1718,#1719,#1720));
#351=EDGE_LOOP('',(#1721,#1722,#1723,#1724));
#352=EDGE_LOOP('',(#1725,#1726,#1727,#1728));
#353=EDGE_LOOP('',(#1729,#1730,#1731,#1732));
#354=EDGE_LOOP('',(#1733,#1734,#1735,#1736));
#355=EDGE_LOOP('',(#1737,#1738,#1739,#1740));
#356=EDGE_LOOP('',(#1741,#1742,#1743));
#357=EDGE_LOOP('',(#1744,#1745,#1746));
#358=EDGE_LOOP('',(#1747,#1748,#1749,#1750));
#359=EDGE_LOOP('',(#1751,#1752,#1753,#1754));
#360=EDGE_LOOP('',(#1755,#1756,#1757,#1758));
#361=EDGE_LOOP('',(#1759,#1760,#1761,#1762));
#362=EDGE_LOOP('',(#1763,#1764,#1765,#1766));
#363=EDGE_LOOP('',(#1767,#1768,#1769,#1770));
#364=EDGE_LOOP('',(#1771,#1772,#1773,#1774));
#365=EDGE_LOOP('',(#1775,#1776,#1777,#1778));
#366=EDGE_LOOP('',(#1779,#1780,#1781,#1782));
#367=EDGE_LOOP('',(#1783,#1784,#1785,#1786));
#368=EDGE_LOOP('',(#1787,#1788,#1789,#1790));
#369=EDGE_LOOP('',(#1791,#1792,#1793));
#370=EDGE_LOOP('',(#1794,#1795,#1796));
#371=EDGE_LOOP('',(#1797,#1798,#1799,#1800));
#372=EDGE_LOOP('',(#1801,#1802,#1803,#1804));
#373=EDGE_LOOP('',(#1805,#1806,#1807,#1808));
#374=EDGE_LOOP('',(#1809,#1810,#1811,#1812));
#375=EDGE_LOOP('',(#1813,#1814,#1815,#1816));
#376=EDGE_LOOP('',(#1817,#1818,#1819));
#377=EDGE_LOOP('',(#1820,#1821,#1822));
#378=EDGE_LOOP('',(#1823,#1824,#1825,#1826));
#379=EDGE_LOOP('',(#1827,#1828,#1829,#1830));
#380=EDGE_LOOP('',(#1831,#1832,#1833,#1834));
#381=EDGE_LOOP('',(#1835,#1836,#1837,#1838));
#382=EDGE_LOOP('',(#1839,#1840,#1841,#1842));
#383=EDGE_LOOP('',(#1843,#1844,#1845,#1846));
#384=EDGE_LOOP('',(#1847,#1848,#1849,#1850));
#385=EDGE_LOOP('',(#1851,#1852,#1853,#1854));
#386=EDGE_LOOP('',(#1855,#1856,#1857,#1858));
#387=EDGE_LOOP('',(#1859,#1860,#1861,#1862,#1863,#1864,#1865,#1866));
#388=EDGE_LOOP('',(#1867));
#389=EDGE_LOOP('',(#1868,#1869,#1870,#1871,#1872,#1873,#1874,#1875));
#390=EDGE_LOOP('',(#1876));
#391=EDGE_LOOP('',(#1877));
#392=EDGE_LOOP('',(#1878));
#393=EDGE_LOOP('',(#1879));
#394=EDGE_LOOP('',(#1880));
#395=EDGE_LOOP('',(#1881));
#396=EDGE_LOOP('',(#1882));
#397=EDGE_LOOP('',(#1883));
#398=EDGE_LOOP('',(#1884));
#399=EDGE_LOOP('',(#1885,#1886,#1887,#1888));
#400=EDGE_LOOP('',(#1889,#1890,#1891,#1892));
#401=EDGE_LOOP('',(#1893,#1894,#1895,#1896));
#402=EDGE_LOOP('',(#1897,#1898,#1899,#1900));
#403=EDGE_LOOP('',(#1901,#1902,#1903,#1904));
#404=EDGE_LOOP('',(#1905,#1906,#1907,#1908));
#405=EDGE_LOOP('',(#1909,#1910,#1911,#1912));
#406=EDGE_LOOP('',(#1913,#1914,#1915,#1916));
#407=EDGE_LOOP('',(#1917,#1918,#1919,#1920));
#408=EDGE_LOOP('',(#1921,#1922,#1923,#1924));
#409=EDGE_LOOP('',(#1925,#1926,#1927,#1928));
#410=EDGE_LOOP('',(#1929,#1930,#1931,#1932));
#411=EDGE_LOOP('',(#1933,#1934,#1935,#1936));
#412=EDGE_LOOP('',(#1937,#1938,#1939,#1940));
#413=EDGE_LOOP('',(#1941,#1942,#1943,#1944));
#414=EDGE_LOOP('',(#1945,#1946,#1947,#1948));
#415=EDGE_LOOP('',(#1949,#1950,#1951,#1952));
#416=EDGE_LOOP('',(#1953,#1954,#1955,#1956));
#417=EDGE_LOOP('',(#1957,#1958,#1959,#1960));
#418=EDGE_LOOP('',(#1961,#1962,#1963,#1964));
#419=EDGE_LOOP('',(#1965,#1966,#1967,#1968));
#420=EDGE_LOOP('',(#1969,#1970,#1971));
#421=EDGE_LOOP('',(#1972,#1973,#1974));
#422=EDGE_LOOP('',(#1975,#1976,#1977,#1978));
#423=EDGE_LOOP('',(#1979,#1980,#1981,#1982));
#424=EDGE_LOOP('',(#1983,#1984,#1985,#1986));
#425=EDGE_LOOP('',(#1987,#1988,#1989,#1990));
#426=EDGE_LOOP('',(#1991,#1992,#1993,#1994));
#427=EDGE_LOOP('',(#1995,#1996,#1997,#1998));
#428=EDGE_LOOP('',(#1999,#2000,#2001,#2002));
#429=EDGE_LOOP('',(#2003,#2004,#2005,#2006));
#430=EDGE_LOOP('',(#2007,#2008,#2009,#2010));
#431=EDGE_LOOP('',(#2011,#2012,#2013,#2014));
#432=EDGE_LOOP('',(#2015,#2016,#2017));
#433=EDGE_LOOP('',(#2018,#2019,#2020));
#434=EDGE_LOOP('',(#2021,#2022,#2023,#2024));
#435=EDGE_LOOP('',(#2025,#2026,#2027,#2028));
#436=EDGE_LOOP('',(#2029,#2030,#2031,#2032));
#437=EDGE_LOOP('',(#2033,#2034,#2035,#2036));
#438=EDGE_LOOP('',(#2037,#2038,#2039,#2040));
#439=EDGE_LOOP('',(#2041,#2042,#2043,#2044));
#440=EDGE_LOOP('',(#2045,#2046,#2047,#2048));
#441=EDGE_LOOP('',(#2049,#2050,#2051,#2052));
#442=EDGE_LOOP('',(#2053,#2054,#2055,#2056));
#443=EDGE_LOOP('',(#2057,#2058,#2059,#2060));
#444=EDGE_LOOP('',(#2061,#2062,#2063,#2064));
#445=EDGE_LOOP('',(#2065,#2066,#2067));
#446=EDGE_LOOP('',(#2068,#2069,#2070));
#447=EDGE_LOOP('',(#2071,#2072,#2073,#2074));
#448=EDGE_LOOP('',(#2075,#2076,#2077,#2078));
#449=EDGE_LOOP('',(#2079,#2080,#2081,#2082));
#450=EDGE_LOOP('',(#2083,#2084,#2085,#2086));
#451=EDGE_LOOP('',(#2087,#2088,#2089,#2090));
#452=EDGE_LOOP('',(#2091,#2092,#2093));
#453=EDGE_LOOP('',(#2094,#2095,#2096));
#454=EDGE_LOOP('',(#2097,#2098,#2099,#2100));
#455=EDGE_LOOP('',(#2101,#2102,#2103,#2104));
#456=EDGE_LOOP('',(#2105,#2106,#2107,#2108));
#457=EDGE_LOOP('',(#2109,#2110,#2111,#2112));
#458=EDGE_LOOP('',(#2113,#2114,#2115,#2116));
#459=EDGE_LOOP('',(#2117,#2118,#2119,#2120));
#460=EDGE_LOOP('',(#2121,#2122,#2123,#2124));
#461=EDGE_LOOP('',(#2125,#2126,#2127,#2128));
#462=EDGE_LOOP('',(#2129,#2130,#2131,#2132));
#463=LINE('',#3501,#633);
#464=LINE('',#3507,#634);
#465=LINE('',#3513,#635);
#466=LINE('',#3519,#636);
#467=LINE('',#3525,#637);
#468=LINE('',#3531,#638);
#469=LINE('',#3537,#639);
#470=LINE('',#3543,#640);
#471=LINE('',#3554,#641);
#472=LINE('',#3570,#642);
#473=LINE('',#3574,#643);
#474=LINE('',#3578,#644);
#475=LINE('',#3582,#645);
#476=LINE('',#3586,#646);
#477=LINE('',#3590,#647);
#478=LINE('',#3594,#648);
#479=LINE('',#3598,#649);
#480=LINE('',#3602,#650);
#481=LINE('',#3608,#651);
#482=LINE('',#3612,#652);
#483=LINE('',#3616,#653);
#484=LINE('',#3620,#654);
#485=LINE('',#3624,#655);
#486=LINE('',#3628,#656);
#487=LINE('',#3632,#657);
#488=LINE('',#3635,#658);
#489=LINE('',#3639,#659);
#490=LINE('',#3640,#660);
#491=LINE('',#3641,#661);
#492=LINE('',#3645,#662);
#493=LINE('',#3646,#663);
#494=LINE('',#3647,#664);
#495=LINE('',#3651,#665);
#496=LINE('',#3652,#666);
#497=LINE('',#3653,#667);
#498=LINE('',#3657,#668);
#499=LINE('',#3658,#669);
#500=LINE('',#3659,#670);
#501=LINE('',#3663,#671);
#502=LINE('',#3664,#672);
#503=LINE('',#3665,#673);
#504=LINE('',#3668,#674);
#505=LINE('',#3670,#675);
#506=LINE('',#3671,#676);
#507=LINE('',#3674,#677);
#508=LINE('',#3676,#678);
#509=LINE('',#3677,#679);
#510=LINE('',#3681,#680);
#511=LINE('',#3682,#681);
#512=LINE('',#3683,#682);
#513=LINE('',#3687,#683);
#514=LINE('',#3689,#684);
#515=LINE('',#3691,#685);
#516=LINE('',#3693,#686);
#517=LINE('',#3695,#687);
#518=LINE('',#3697,#688);
#519=LINE('',#3699,#689);
#520=LINE('',#3700,#690);
#521=LINE('',#3703,#691);
#522=LINE('',#3707,#692);
#523=LINE('',#3711,#693);
#524=LINE('',#3715,#694);
#525=LINE('',#3721,#695);
#526=LINE('',#3723,#696);
#527=LINE('',#3725,#697);
#528=LINE('',#3726,#698);
#529=LINE('',#3730,#699);
#530=LINE('',#3732,#700);
#531=LINE('',#3734,#701);
#532=LINE('',#3735,#702);
#533=LINE('',#3739,#703);
#534=LINE('',#3741,#704);
#535=LINE('',#3743,#705);
#536=LINE('',#3744,#706);
#537=LINE('',#3748,#707);
#538=LINE('',#3750,#708);
#539=LINE('',#3752,#709);
#540=LINE('',#3753,#710);
#541=LINE('',#3757,#711);
#542=LINE('',#3759,#712);
#543=LINE('',#3761,#713);
#544=LINE('',#3762,#714);
#545=LINE('',#3766,#715);
#546=LINE('',#3768,#716);
#547=LINE('',#3770,#717);
#548=LINE('',#3771,#718);
#549=LINE('',#3775,#719);
#550=LINE('',#3777,#720);
#551=LINE('',#3779,#721);
#552=LINE('',#3780,#722);
#553=LINE('',#3784,#723);
#554=LINE('',#3786,#724);
#555=LINE('',#3788,#725);
#556=LINE('',#3789,#726);
#557=LINE('',#3897,#727);
#558=LINE('',#3898,#728);
#559=LINE('',#3899,#729);
#560=LINE('',#3903,#730);
#561=LINE('',#3904,#731);
#562=LINE('',#3905,#732);
#563=LINE('',#3909,#733);
#564=LINE('',#3910,#734);
#565=LINE('',#3911,#735);
#566=LINE('',#3915,#736);
#567=LINE('',#3916,#737);
#568=LINE('',#3917,#738);
#569=LINE('',#3921,#739);
#570=LINE('',#3922,#740);
#571=LINE('',#3923,#741);
#572=LINE('',#3926,#742);
#573=LINE('',#3928,#743);
#574=LINE('',#3929,#744);
#575=LINE('',#3932,#745);
#576=LINE('',#3934,#746);
#577=LINE('',#3935,#747);
#578=LINE('',#3939,#748);
#579=LINE('',#3940,#749);
#580=LINE('',#3941,#750);
#581=LINE('',#3945,#751);
#582=LINE('',#3947,#752);
#583=LINE('',#3949,#753);
#584=LINE('',#3951,#754);
#585=LINE('',#3953,#755);
#586=LINE('',#3955,#756);
#587=LINE('',#3957,#757);
#588=LINE('',#3958,#758);
#589=LINE('',#3963,#759);
#590=LINE('',#3967,#760);
#591=LINE('',#3971,#761);
#592=LINE('',#3974,#762);
#593=LINE('',#3979,#763);
#594=LINE('',#3981,#764);
#595=LINE('',#3983,#765);
#596=LINE('',#3984,#766);
#597=LINE('',#3988,#767);
#598=LINE('',#3990,#768);
#599=LINE('',#3992,#769);
#600=LINE('',#3993,#770);
#601=LINE('',#3997,#771);
#602=LINE('',#3999,#772);
#603=LINE('',#4001,#773);
#604=LINE('',#4002,#774);
#605=LINE('',#4006,#775);
#606=LINE('',#4008,#776);
#607=LINE('',#4010,#777);
#608=LINE('',#4011,#778);
#609=LINE('',#4015,#779);
#610=LINE('',#4017,#780);
#611=LINE('',#4019,#781);
#612=LINE('',#4020,#782);
#613=LINE('',#4024,#783);
#614=LINE('',#4026,#784);
#615=LINE('',#4028,#785);
#616=LINE('',#4029,#786);
#617=LINE('',#4033,#787);
#618=LINE('',#4035,#788);
#619=LINE('',#4037,#789);
#620=LINE('',#4038,#790);
#621=LINE('',#4042,#791);
#622=LINE('',#4044,#792);
#623=LINE('',#4046,#793);
#624=LINE('',#4047,#794);
#625=LINE('',#4153,#795);
#626=LINE('',#4154,#796);
#627=LINE('',#4156,#797);
#628=LINE('',#4158,#798);
#629=LINE('',#4160,#799);
#630=LINE('',#4162,#800);
#631=LINE('',#4164,#801);
#632=LINE('',#4166,#802);
#633=VECTOR('',#2696,2.24999999999997);
#634=VECTOR('',#2703,2.25);
#635=VECTOR('',#2710,2.25);
#636=VECTOR('',#2717,28.);
#637=VECTOR('',#2724,4.49999999999999);
#638=VECTOR('',#2731,4.49999999999999);
#639=VECTOR('',#2738,4.49999999999999);
#640=VECTOR('',#2745,4.5);
#641=VECTOR('',#2760,53.9544232590366);
#642=VECTOR('',#2781,51.);
#643=VECTOR('',#2784,1000.);
#644=VECTOR('',#2787,1000.);
#645=VECTOR('',#2790,1000.);
#646=VECTOR('',#2793,1000.);
#647=VECTOR('',#2796,1000.);
#648=VECTOR('',#2799,1000.);
#649=VECTOR('',#2802,1000.);
#650=VECTOR('',#2805,1000.);
#651=VECTOR('',#2810,1000.);
#652=VECTOR('',#2813,1000.);
#653=VECTOR('',#2816,1000.);
#654=VECTOR('',#2819,1000.);
#655=VECTOR('',#2822,1000.);
#656=VECTOR('',#2825,1000.);
#657=VECTOR('',#2828,1000.);
#658=VECTOR('',#2831,1000.);
#659=VECTOR('',#2834,1000.);
#660=VECTOR('',#2835,1000.);
#661=VECTOR('',#2836,1000.);
#662=VECTOR('',#2839,1000.);
#663=VECTOR('',#2840,1000.);
#664=VECTOR('',#2841,1000.);
#665=VECTOR('',#2844,1000.);
#666=VECTOR('',#2845,1000.);
#667=VECTOR('',#2846,1000.);
#668=VECTOR('',#2849,1000.);
#669=VECTOR('',#2850,1000.);
#670=VECTOR('',#2851,1000.);
#671=VECTOR('',#2854,1000.);
#672=VECTOR('',#2855,1000.);
#673=VECTOR('',#2856,1000.);
#674=VECTOR('',#2859,1000.);
#675=VECTOR('',#2860,1000.);
#676=VECTOR('',#2861,1000.);
#677=VECTOR('',#2864,1000.);
#678=VECTOR('',#2865,1000.);
#679=VECTOR('',#2866,1000.);
#680=VECTOR('',#2869,1000.);
#681=VECTOR('',#2870,1000.);
#682=VECTOR('',#2871,1000.);
#683=VECTOR('',#2874,1000.);
#684=VECTOR('',#2875,1000.);
#685=VECTOR('',#2876,1000.);
#686=VECTOR('',#2877,1000.);
#687=VECTOR('',#2878,1000.);
#688=VECTOR('',#2879,1000.);
#689=VECTOR('',#2880,1000.);
#690=VECTOR('',#2881,1000.);
#691=VECTOR('',#2882,1000.);
#692=VECTOR('',#2885,1000.);
#693=VECTOR('',#2888,1000.);
#694=VECTOR('',#2891,1000.);
#695=VECTOR('',#2898,1000.);
#696=VECTOR('',#2899,1000.);
#697=VECTOR('',#2900,1000.);
#698=VECTOR('',#2901,1000.);
#699=VECTOR('',#2904,1000.);
#700=VECTOR('',#2905,1000.);
#701=VECTOR('',#2906,1000.);
#702=VECTOR('',#2907,1000.);
#703=VECTOR('',#2910,1000.);
#704=VECTOR('',#2911,1000.);
#705=VECTOR('',#2912,1000.);
#706=VECTOR('',#2913,1000.);
#707=VECTOR('',#2916,1000.);
#708=VECTOR('',#2917,1000.);
#709=VECTOR('',#2918,1000.);
#710=VECTOR('',#2919,1000.);
#711=VECTOR('',#2922,1000.);
#712=VECTOR('',#2923,1000.);
#713=VECTOR('',#2924,1000.);
#714=VECTOR('',#2925,1000.);
#715=VECTOR('',#2928,1000.);
#716=VECTOR('',#2929,1000.);
#717=VECTOR('',#2930,1000.);
#718=VECTOR('',#2931,1000.);
#719=VECTOR('',#2934,1000.);
#720=VECTOR('',#2935,1000.);
#721=VECTOR('',#2936,1000.);
#722=VECTOR('',#2937,1000.);
#723=VECTOR('',#2940,1000.);
#724=VECTOR('',#2941,1000.);
#725=VECTOR('',#2942,1000.);
#726=VECTOR('',#2943,1000.);
#727=VECTOR('',#3154,1000.);
#728=VECTOR('',#3155,1000.);
#729=VECTOR('',#3156,1000.);
#730=VECTOR('',#3159,1000.);
#731=VECTOR('',#3160,1000.);
#732=VECTOR('',#3161,1000.);
#733=VECTOR('',#3164,1000.);
#734=VECTOR('',#3165,1000.);
#735=VECTOR('',#3166,1000.);
#736=VECTOR('',#3169,1000.);
#737=VECTOR('',#3170,1000.);
#738=VECTOR('',#3171,1000.);
#739=VECTOR('',#3174,1000.);
#740=VECTOR('',#3175,1000.);
#741=VECTOR('',#3176,1000.);
#742=VECTOR('',#3179,1000.);
#743=VECTOR('',#3180,1000.);
#744=VECTOR('',#3181,1000.);
#745=VECTOR('',#3184,1000.);
#746=VECTOR('',#3185,1000.);
#747=VECTOR('',#3186,1000.);
#748=VECTOR('',#3189,1000.);
#749=VECTOR('',#3190,1000.);
#750=VECTOR('',#3191,1000.);
#751=VECTOR('',#3194,1000.);
#752=VECTOR('',#3195,1000.);
#753=VECTOR('',#3196,1000.);
#754=VECTOR('',#3197,1000.);
#755=VECTOR('',#3198,1000.);
#756=VECTOR('',#3199,1000.);
#757=VECTOR('',#3200,1000.);
#758=VECTOR('',#3201,1000.);
#759=VECTOR('',#3204,1000.);
#760=VECTOR('',#3207,1000.);
#761=VECTOR('',#3210,1000.);
#762=VECTOR('',#3213,1000.);
#763=VECTOR('',#3218,1000.);
#764=VECTOR('',#3219,1000.);
#765=VECTOR('',#3220,1000.);
#766=VECTOR('',#3221,1000.);
#767=VECTOR('',#3224,1000.);
#768=VECTOR('',#3225,1000.);
#769=VECTOR('',#3226,1000.);
#770=VECTOR('',#3227,1000.);
#771=VECTOR('',#3230,1000.);
#772=VECTOR('',#3231,1000.);
#773=VECTOR('',#3232,1000.);
#774=VECTOR('',#3233,1000.);
#775=VECTOR('',#3236,1000.);
#776=VECTOR('',#3237,1000.);
#777=VECTOR('',#3238,1000.);
#778=VECTOR('',#3239,1000.);
#779=VECTOR('',#3242,1000.);
#780=VECTOR('',#3243,1000.);
#781=VECTOR('',#3244,1000.);
#782=VECTOR('',#3245,1000.);
#783=VECTOR('',#3248,1000.);
#784=VECTOR('',#3249,1000.);
#785=VECTOR('',#3250,1000.);
#786=VECTOR('',#3251,1000.);
#787=VECTOR('',#3254,1000.);
#788=VECTOR('',#3255,1000.);
#789=VECTOR('',#3256,1000.);
#790=VECTOR('',#3257,1000.);
#791=VECTOR('',#3260,1000.);
#792=VECTOR('',#3261,1000.);
#793=VECTOR('',#3262,1000.);
#794=VECTOR('',#3263,1000.);
#795=VECTOR('',#3474,1000.);
#796=VECTOR('',#3475,1000.);
#797=VECTOR('',#3478,1000.);
#798=VECTOR('',#3481,1000.);
#799=VECTOR('',#3484,1000.);
#800=VECTOR('',#3487,1000.);
#801=VECTOR('',#3490,1000.);
#802=VECTOR('',#3493,1000.);
#803=CIRCLE('',#2374,2.24999999999997);
#804=CIRCLE('',#2375,2.24999999999997);
#805=CIRCLE('',#2377,2.25);
#806=CIRCLE('',#2378,2.25);
#807=CIRCLE('',#2380,2.25);
#808=CIRCLE('',#2381,2.25);
#809=CIRCLE('',#2383,28.);
#810=CIRCLE('',#2384,28.);
#811=CIRCLE('',#2386,4.5);
#812=CIRCLE('',#2387,4.49999999999998);
#813=CIRCLE('',#2389,4.5);
#814=CIRCLE('',#2390,4.49999999999998);
#815=CIRCLE('',#2392,4.5);
#816=CIRCLE('',#2393,4.49999999999998);
#817=CIRCLE('',#2395,4.5);
#818=CIRCLE('',#2396,4.5);
#819=CIRCLE('',#2398,52.9809317788737);
#820=CIRCLE('',#2399,6.);
#821=CIRCLE('',#2400,47.0720852608004);
#822=CIRCLE('',#2402,53.5172988935319);
#823=CIRCLE('',#2404,53.5172988935319);
#824=CIRCLE('',#2405,3.);
#825=CIRCLE('',#2406,50.5628756344952);
#826=CIRCLE('',#2407,50.5628756344952);
#827=CIRCLE('',#2409,47.0720852608004);
#828=CIRCLE('',#2410,3.);
#829=CIRCLE('',#2411,50.026508519837);
#830=CIRCLE('',#2439,4.);
#831=CIRCLE('',#2440,4.);
#832=CIRCLE('',#2441,4.);
#833=CIRCLE('',#2442,4.);
#834=CIRCLE('',#2453,20.);
#835=CIRCLE('',#2455,20.);
#836=CIRCLE('',#2456,20.);
#837=CIRCLE('',#2458,20.);
#838=CIRCLE('',#2460,20.);
#839=CIRCLE('',#2461,20.);
#840=CIRCLE('',#2463,20.);
#841=CIRCLE('',#2464,20.);
#842=CIRCLE('',#2466,20.);
#843=CIRCLE('',#2468,20.);
#844=CIRCLE('',#2470,20.);
#845=CIRCLE('',#2472,20.);
#846=CIRCLE('',#2473,20.);
#847=CIRCLE('',#2475,20.);
#848=CIRCLE('',#2477,20.);
#849=CIRCLE('',#2479,20.);
#850=CIRCLE('',#2481,20.);
#851=CIRCLE('',#2482,20.);
#852=CIRCLE('',#2484,20.);
#853=CIRCLE('',#2486,20.);
#854=CIRCLE('',#2488,20.);
#855=CIRCLE('',#2489,20.);
#856=CIRCLE('',#2491,20.);
#857=CIRCLE('',#2493,20.);
#858=CIRCLE('',#2495,20.);
#859=CIRCLE('',#2497,20.);
#860=CIRCLE('',#2499,20.);
#861=CIRCLE('',#2501,20.);
#862=CIRCLE('',#2503,20.);
#863=CIRCLE('',#2505,20.);
#864=CIRCLE('',#2507,20.);
#865=CIRCLE('',#2508,20.);
#866=CIRCLE('',#2510,20.);
#867=CIRCLE('',#2512,20.);
#868=CIRCLE('',#2514,20.);
#869=CIRCLE('',#2515,20.);
#870=CIRCLE('',#2517,20.);
#871=CIRCLE('',#2519,20.);
#872=CIRCLE('',#2521,20.);
#873=CIRCLE('',#2523,20.);
#874=CIRCLE('',#2525,20.);
#875=CIRCLE('',#2527,20.);
#876=CIRCLE('',#2529,20.);
#877=CIRCLE('',#2531,20.);
#878=CIRCLE('',#2533,20.);
#879=CIRCLE('',#2534,20.);
#880=CIRCLE('',#2536,20.);
#881=CIRCLE('',#2538,20.);
#882=CIRCLE('',#2540,20.);
#883=CIRCLE('',#2542,20.);
#884=CIRCLE('',#2544,20.);
#885=CIRCLE('',#2546,20.);
#886=CIRCLE('',#2548,20.);
#887=CIRCLE('',#2550,20.);
#888=CIRCLE('',#2552,20.);
#889=CIRCLE('',#2554,20.);
#890=CIRCLE('',#2565,3.84277666215088);
#891=CIRCLE('',#2566,3.84277666215088);
#892=CIRCLE('',#2567,3.84277666215088);
#893=CIRCLE('',#2568,3.84277666215088);
#894=CIRCLE('',#2579,17.);
#895=CIRCLE('',#2581,17.);
#896=CIRCLE('',#2582,17.);
#897=CIRCLE('',#2584,17.);
#898=CIRCLE('',#2586,17.);
#899=CIRCLE('',#2587,17.);
#900=CIRCLE('',#2589,17.);
#901=CIRCLE('',#2590,17.);
#902=CIRCLE('',#2592,17.);
#903=CIRCLE('',#2594,17.);
#904=CIRCLE('',#2596,17.);
#905=CIRCLE('',#2598,17.);
#906=CIRCLE('',#2599,17.);
#907=CIRCLE('',#2601,17.);
#908=CIRCLE('',#2603,17.);
#909=CIRCLE('',#2605,17.);
#910=CIRCLE('',#2607,17.);
#911=CIRCLE('',#2608,17.);
#912=CIRCLE('',#2610,17.);
#913=CIRCLE('',#2612,17.);
#914=CIRCLE('',#2614,17.);
#915=CIRCLE('',#2615,17.);
#916=CIRCLE('',#2617,17.);
#917=CIRCLE('',#2619,17.);
#918=CIRCLE('',#2621,17.);
#919=CIRCLE('',#2623,17.);
#920=CIRCLE('',#2625,17.);
#921=CIRCLE('',#2627,17.);
#922=CIRCLE('',#2629,17.);
#923=CIRCLE('',#2631,17.);
#924=CIRCLE('',#2633,17.);
#925=CIRCLE('',#2634,17.);
#926=CIRCLE('',#2636,17.);
#927=CIRCLE('',#2638,17.);
#928=CIRCLE('',#2640,17.);
#929=CIRCLE('',#2641,17.);
#930=CIRCLE('',#2643,17.);
#931=CIRCLE('',#2645,17.);
#932=CIRCLE('',#2647,17.);
#933=CIRCLE('',#2649,17.);
#934=CIRCLE('',#2651,17.);
#935=CIRCLE('',#2653,17.);
#936=CIRCLE('',#2655,17.);
#937=CIRCLE('',#2657,17.);
#938=CIRCLE('',#2659,17.);
#939=CIRCLE('',#2660,17.);
#940=CIRCLE('',#2662,17.);
#941=CIRCLE('',#2664,17.);
#942=CIRCLE('',#2666,17.);
#943=CIRCLE('',#2668,17.);
#944=CIRCLE('',#2670,17.);
#945=CIRCLE('',#2672,17.);
#946=CIRCLE('',#2674,17.);
#947=CIRCLE('',#2676,17.);
#948=CIRCLE('',#2678,17.);
#949=CIRCLE('',#2680,17.);
#950=VERTEX_POINT('',#3498);
#951=VERTEX_POINT('',#3500);
#952=VERTEX_POINT('',#3504);
#953=VERTEX_POINT('',#3506);
#954=VERTEX_POINT('',#3510);
#955=VERTEX_POINT('',#3512);
#956=VERTEX_POINT('',#3516);
#957=VERTEX_POINT('',#3518);
#958=VERTEX_POINT('',#3522);
#959=VERTEX_POINT('',#3524);
#960=VERTEX_POINT('',#3528);
#961=VERTEX_POINT('',#3530);
#962=VERTEX_POINT('',#3534);
#963=VERTEX_POINT('',#3536);
#964=VERTEX_POINT('',#3540);
#965=VERTEX_POINT('',#3542);
#966=VERTEX_POINT('',#3546);
#967=VERTEX_POINT('',#3548);
#968=VERTEX_POINT('',#3552);
#969=VERTEX_POINT('',#3556);
#970=VERTEX_POINT('',#3558);
#971=VERTEX_POINT('',#3560);
#972=VERTEX_POINT('',#3564);
#973=VERTEX_POINT('',#3566);
#974=VERTEX_POINT('',#3572);
#975=VERTEX_POINT('',#3573);
#976=VERTEX_POINT('',#3575);
#977=VERTEX_POINT('',#3577);
#978=VERTEX_POINT('',#3579);
#979=VERTEX_POINT('',#3581);
#980=VERTEX_POINT('',#3583);
#981=VERTEX_POINT('',#3585);
#982=VERTEX_POINT('',#3587);
#983=VERTEX_POINT('',#3589);
#984=VERTEX_POINT('',#3591);
#985=VERTEX_POINT('',#3593);
#986=VERTEX_POINT('',#3595);
#987=VERTEX_POINT('',#3597);
#988=VERTEX_POINT('',#3599);
#989=VERTEX_POINT('',#3601);
#990=VERTEX_POINT('',#3604);
#991=VERTEX_POINT('',#3605);
#992=VERTEX_POINT('',#3607);
#993=VERTEX_POINT('',#3609);
#994=VERTEX_POINT('',#3611);
#995=VERTEX_POINT('',#3613);
#996=VERTEX_POINT('',#3615);
#997=VERTEX_POINT('',#3617);
#998=VERTEX_POINT('',#3619);
#999=VERTEX_POINT('',#3621);
#1000=VERTEX_POINT('',#3623);
#1001=VERTEX_POINT('',#3625);
#1002=VERTEX_POINT('',#3627);
#1003=VERTEX_POINT('',#3629);
#1004=VERTEX_POINT('',#3631);
#1005=VERTEX_POINT('',#3633);
#1006=VERTEX_POINT('',#3637);
#1007=VERTEX_POINT('',#3638);
#1008=VERTEX_POINT('',#3643);
#1009=VERTEX_POINT('',#3644);
#1010=VERTEX_POINT('',#3649);
#1011=VERTEX_POINT('',#3650);
#1012=VERTEX_POINT('',#3655);
#1013=VERTEX_POINT('',#3656);
#1014=VERTEX_POINT('',#3661);
#1015=VERTEX_POINT('',#3662);
#1016=VERTEX_POINT('',#3667);
#1017=VERTEX_POINT('',#3669);
#1018=VERTEX_POINT('',#3673);
#1019=VERTEX_POINT('',#3675);
#1020=VERTEX_POINT('',#3679);
#1021=VERTEX_POINT('',#3680);
#1022=VERTEX_POINT('',#3685);
#1023=VERTEX_POINT('',#3686);
#1024=VERTEX_POINT('',#3688);
#1025=VERTEX_POINT('',#3690);
#1026=VERTEX_POINT('',#3692);
#1027=VERTEX_POINT('',#3694);
#1028=VERTEX_POINT('',#3696);
#1029=VERTEX_POINT('',#3698);
#1030=VERTEX_POINT('',#3701);
#1031=VERTEX_POINT('',#3702);
#1032=VERTEX_POINT('',#3704);
#1033=VERTEX_POINT('',#3706);
#1034=VERTEX_POINT('',#3708);
#1035=VERTEX_POINT('',#3710);
#1036=VERTEX_POINT('',#3712);
#1037=VERTEX_POINT('',#3714);
#1038=VERTEX_POINT('',#3719);
#1039=VERTEX_POINT('',#3720);
#1040=VERTEX_POINT('',#3722);
#1041=VERTEX_POINT('',#3724);
#1042=VERTEX_POINT('',#3728);
#1043=VERTEX_POINT('',#3729);
#1044=VERTEX_POINT('',#3731);
#1045=VERTEX_POINT('',#3733);
#1046=VERTEX_POINT('',#3737);
#1047=VERTEX_POINT('',#3738);
#1048=VERTEX_POINT('',#3740);
#1049=VERTEX_POINT('',#3742);
#1050=VERTEX_POINT('',#3746);
#1051=VERTEX_POINT('',#3747);
#1052=VERTEX_POINT('',#3749);
#1053=VERTEX_POINT('',#3751);
#1054=VERTEX_POINT('',#3755);
#1055=VERTEX_POINT('',#3756);
#1056=VERTEX_POINT('',#3758);
#1057=VERTEX_POINT('',#3760);
#1058=VERTEX_POINT('',#3764);
#1059=VERTEX_POINT('',#3765);
#1060=VERTEX_POINT('',#3767);
#1061=VERTEX_POINT('',#3769);
#1062=VERTEX_POINT('',#3773);
#1063=VERTEX_POINT('',#3774);
#1064=VERTEX_POINT('',#3776);
#1065=VERTEX_POINT('',#3778);
#1066=VERTEX_POINT('',#3782);
#1067=VERTEX_POINT('',#3783);
#1068=VERTEX_POINT('',#3785);
#1069=VERTEX_POINT('',#3787);
#1070=VERTEX_POINT('',#3895);
#1071=VERTEX_POINT('',#3896);
#1072=VERTEX_POINT('',#3901);
#1073=VERTEX_POINT('',#3902);
#1074=VERTEX_POINT('',#3907);
#1075=VERTEX_POINT('',#3908);
#1076=VERTEX_POINT('',#3913);
#1077=VERTEX_POINT('',#3914);
#1078=VERTEX_POINT('',#3919);
#1079=VERTEX_POINT('',#3920);
#1080=VERTEX_POINT('',#3925);
#1081=VERTEX_POINT('',#3927);
#1082=VERTEX_POINT('',#3931);
#1083=VERTEX_POINT('',#3933);
#1084=VERTEX_POINT('',#3937);
#1085=VERTEX_POINT('',#3938);
#1086=VERTEX_POINT('',#3943);
#1087=VERTEX_POINT('',#3944);
#1088=VERTEX_POINT('',#3946);
#1089=VERTEX_POINT('',#3948);
#1090=VERTEX_POINT('',#3950);
#1091=VERTEX_POINT('',#3952);
#1092=VERTEX_POINT('',#3954);
#1093=VERTEX_POINT('',#3956);
#1094=VERTEX_POINT('',#3959);
#1095=VERTEX_POINT('',#3960);
#1096=VERTEX_POINT('',#3962);
#1097=VERTEX_POINT('',#3964);
#1098=VERTEX_POINT('',#3966);
#1099=VERTEX_POINT('',#3968);
#1100=VERTEX_POINT('',#3970);
#1101=VERTEX_POINT('',#3972);
#1102=VERTEX_POINT('',#3977);
#1103=VERTEX_POINT('',#3978);
#1104=VERTEX_POINT('',#3980);
#1105=VERTEX_POINT('',#3982);
#1106=VERTEX_POINT('',#3986);
#1107=VERTEX_POINT('',#3987);
#1108=VERTEX_POINT('',#3989);
#1109=VERTEX_POINT('',#3991);
#1110=VERTEX_POINT('',#3995);
#1111=VERTEX_POINT('',#3996);
#1112=VERTEX_POINT('',#3998);
#1113=VERTEX_POINT('',#4000);
#1114=VERTEX_POINT('',#4004);
#1115=VERTEX_POINT('',#4005);
#1116=VERTEX_POINT('',#4007);
#1117=VERTEX_POINT('',#4009);
#1118=VERTEX_POINT('',#4013);
#1119=VERTEX_POINT('',#4014);
#1120=VERTEX_POINT('',#4016);
#1121=VERTEX_POINT('',#4018);
#1122=VERTEX_POINT('',#4022);
#1123=VERTEX_POINT('',#4023);
#1124=VERTEX_POINT('',#4025);
#1125=VERTEX_POINT('',#4027);
#1126=VERTEX_POINT('',#4031);
#1127=VERTEX_POINT('',#4032);
#1128=VERTEX_POINT('',#4034);
#1129=VERTEX_POINT('',#4036);
#1130=VERTEX_POINT('',#4040);
#1131=VERTEX_POINT('',#4041);
#1132=VERTEX_POINT('',#4043);
#1133=VERTEX_POINT('',#4045);
#1134=EDGE_CURVE('',#950,#950,#803,.T.);
#1135=EDGE_CURVE('',#950,#951,#463,.T.);
#1136=EDGE_CURVE('',#951,#951,#804,.T.);
#1137=EDGE_CURVE('',#952,#952,#805,.T.);
#1138=EDGE_CURVE('',#952,#953,#464,.T.);
#1139=EDGE_CURVE('',#953,#953,#806,.T.);
#1140=EDGE_CURVE('',#954,#954,#807,.T.);
#1141=EDGE_CURVE('',#954,#955,#465,.T.);
#1142=EDGE_CURVE('',#955,#955,#808,.T.);
#1143=EDGE_CURVE('',#956,#956,#809,.T.);
#1144=EDGE_CURVE('',#956,#957,#466,.T.);
#1145=EDGE_CURVE('',#957,#957,#810,.T.);
#1146=EDGE_CURVE('',#958,#958,#811,.T.);
#1147=EDGE_CURVE('',#958,#959,#467,.T.);
#1148=EDGE_CURVE('',#959,#959,#812,.T.);
#1149=EDGE_CURVE('',#960,#960,#813,.T.);
#1150=EDGE_CURVE('',#960,#961,#468,.T.);
#1151=EDGE_CURVE('',#961,#961,#814,.T.);
#1152=EDGE_CURVE('',#962,#962,#815,.T.);
#1153=EDGE_CURVE('',#962,#963,#469,.T.);
#1154=EDGE_CURVE('',#963,#963,#816,.T.);
#1155=EDGE_CURVE('',#964,#964,#817,.T.);
#1156=EDGE_CURVE('',#964,#965,#470,.T.);
#1157=EDGE_CURVE('',#965,#965,#818,.T.);
#1158=EDGE_CURVE('',#966,#966,#819,.T.);
#1159=EDGE_CURVE('',#966,#967,#820,.T.);
#1160=EDGE_CURVE('',#967,#967,#821,.T.);
#1161=EDGE_CURVE('',#968,#968,#822,.T.);
#1162=EDGE_CURVE('',#968,#966,#471,.T.);
#1163=EDGE_CURVE('',#969,#969,#823,.T.);
#1164=EDGE_CURVE('',#969,#970,#824,.T.);
#1165=EDGE_CURVE('',#971,#970,#825,.T.);
#1166=EDGE_CURVE('',#970,#971,#826,.T.);
#1167=EDGE_CURVE('',#972,#972,#827,.T.);
#1168=EDGE_CURVE('',#972,#973,#828,.T.);
#1169=EDGE_CURVE('',#973,#973,#829,.T.);
#1170=EDGE_CURVE('',#973,#971,#472,.T.);
#1171=EDGE_CURVE('',#974,#975,#473,.T.);
#1172=EDGE_CURVE('',#974,#976,#68,.T.);
#1173=EDGE_CURVE('',#977,#976,#474,.T.);
#1174=EDGE_CURVE('',#977,#978,#69,.T.);
#1175=EDGE_CURVE('',#979,#978,#475,.T.);
#1176=EDGE_CURVE('',#979,#980,#70,.T.);
#1177=EDGE_CURVE('',#981,#980,#476,.T.);
#1178=EDGE_CURVE('',#981,#982,#71,.T.);
#1179=EDGE_CURVE('',#983,#982,#477,.T.);
#1180=EDGE_CURVE('',#983,#984,#72,.T.);
#1181=EDGE_CURVE('',#985,#984,#478,.T.);
#1182=EDGE_CURVE('',#985,#986,#73,.T.);
#1183=EDGE_CURVE('',#987,#986,#479,.T.);
#1184=EDGE_CURVE('',#987,#988,#74,.T.);
#1185=EDGE_CURVE('',#989,#988,#480,.T.);
#1186=EDGE_CURVE('',#989,#975,#75,.T.);
#1187=EDGE_CURVE('',#990,#991,#76,.T.);
#1188=EDGE_CURVE('',#990,#992,#481,.T.);
#1189=EDGE_CURVE('',#993,#992,#77,.T.);
#1190=EDGE_CURVE('',#993,#994,#482,.T.);
#1191=EDGE_CURVE('',#995,#994,#78,.T.);
#1192=EDGE_CURVE('',#995,#996,#483,.T.);
#1193=EDGE_CURVE('',#997,#996,#79,.T.);
#1194=EDGE_CURVE('',#997,#998,#484,.T.);
#1195=EDGE_CURVE('',#999,#998,#80,.T.);
#1196=EDGE_CURVE('',#999,#1000,#485,.T.);
#1197=EDGE_CURVE('',#1001,#1000,#81,.T.);
#1198=EDGE_CURVE('',#1001,#1002,#486,.T.);
#1199=EDGE_CURVE('',#1003,#1002,#82,.T.);
#1200=EDGE_CURVE('',#1003,#1004,#487,.T.);
#1201=EDGE_CURVE('',#1005,#1004,#83,.T.);
#1202=EDGE_CURVE('',#1005,#991,#488,.T.);
#1203=EDGE_CURVE('',#1006,#1007,#489,.T.);
#1204=EDGE_CURVE('',#1007,#989,#490,.T.);
#1205=EDGE_CURVE('',#988,#1006,#491,.T.);
#1206=EDGE_CURVE('',#1008,#1009,#492,.T.);
#1207=EDGE_CURVE('',#1009,#987,#493,.T.);
#1208=EDGE_CURVE('',#986,#1008,#494,.T.);
#1209=EDGE_CURVE('',#1010,#1011,#495,.T.);
#1210=EDGE_CURVE('',#1011,#985,#496,.T.);
#1211=EDGE_CURVE('',#984,#1010,#497,.T.);
#1212=EDGE_CURVE('',#1012,#1013,#498,.T.);
#1213=EDGE_CURVE('',#1013,#983,#499,.T.);
#1214=EDGE_CURVE('',#982,#1012,#500,.T.);
#1215=EDGE_CURVE('',#1014,#1015,#501,.T.);
#1216=EDGE_CURVE('',#1015,#981,#502,.T.);
#1217=EDGE_CURVE('',#980,#1014,#503,.T.);
#1218=EDGE_CURVE('',#978,#1016,#504,.T.);
#1219=EDGE_CURVE('',#1016,#1017,#505,.T.);
#1220=EDGE_CURVE('',#1017,#979,#506,.T.);
#1221=EDGE_CURVE('',#976,#1018,#507,.T.);
#1222=EDGE_CURVE('',#1018,#1019,#508,.T.);
#1223=EDGE_CURVE('',#1019,#977,#509,.T.);
#1224=EDGE_CURVE('',#1020,#1021,#510,.T.);
#1225=EDGE_CURVE('',#1021,#974,#511,.T.);
#1226=EDGE_CURVE('',#975,#1020,#512,.T.);
#1227=EDGE_CURVE('',#1022,#1023,#513,.T.);
#1228=EDGE_CURVE('',#1023,#1024,#514,.T.);
#1229=EDGE_CURVE('',#1024,#1025,#515,.T.);
#1230=EDGE_CURVE('',#1025,#1026,#516,.T.);
#1231=EDGE_CURVE('',#1026,#1027,#517,.T.);
#1232=EDGE_CURVE('',#1027,#1028,#518,.T.);
#1233=EDGE_CURVE('',#1028,#1029,#519,.T.);
#1234=EDGE_CURVE('',#1029,#1022,#520,.T.);
#1235=EDGE_CURVE('',#1030,#1031,#521,.T.);
#1236=EDGE_CURVE('',#1032,#1030,#830,.T.);
#1237=EDGE_CURVE('',#1033,#1032,#522,.T.);
#1238=EDGE_CURVE('',#1034,#1033,#831,.T.);
#1239=EDGE_CURVE('',#1035,#1034,#523,.T.);
#1240=EDGE_CURVE('',#1036,#1035,#832,.T.);
#1241=EDGE_CURVE('',#1037,#1036,#524,.T.);
#1242=EDGE_CURVE('',#1031,#1037,#833,.T.);
#1243=EDGE_CURVE('',#1038,#1039,#525,.T.);
#1244=EDGE_CURVE('',#1039,#1040,#526,.T.);
#1245=EDGE_CURVE('',#1040,#1041,#527,.T.);
#1246=EDGE_CURVE('',#1041,#1038,#528,.T.);
#1247=EDGE_CURVE('',#1042,#1043,#529,.T.);
#1248=EDGE_CURVE('',#1043,#1044,#530,.T.);
#1249=EDGE_CURVE('',#1044,#1045,#531,.T.);
#1250=EDGE_CURVE('',#1045,#1042,#532,.T.);
#1251=EDGE_CURVE('',#1046,#1047,#533,.T.);
#1252=EDGE_CURVE('',#1047,#1048,#534,.T.);
#1253=EDGE_CURVE('',#1048,#1049,#535,.T.);
#1254=EDGE_CURVE('',#1049,#1046,#536,.T.);
#1255=EDGE_CURVE('',#1050,#1051,#537,.T.);
#1256=EDGE_CURVE('',#1051,#1052,#538,.T.);
#1257=EDGE_CURVE('',#1052,#1053,#539,.T.);
#1258=EDGE_CURVE('',#1053,#1050,#540,.T.);
#1259=EDGE_CURVE('',#1054,#1055,#541,.T.);
#1260=EDGE_CURVE('',#1055,#1056,#542,.T.);
#1261=EDGE_CURVE('',#1056,#1057,#543,.T.);
#1262=EDGE_CURVE('',#1057,#1054,#544,.T.);
#1263=EDGE_CURVE('',#1058,#1059,#545,.T.);
#1264=EDGE_CURVE('',#1059,#1060,#546,.T.);
#1265=EDGE_CURVE('',#1060,#1061,#547,.T.);
#1266=EDGE_CURVE('',#1061,#1058,#548,.T.);
#1267=EDGE_CURVE('',#1062,#1063,#549,.T.);
#1268=EDGE_CURVE('',#1063,#1064,#550,.T.);
#1269=EDGE_CURVE('',#1064,#1065,#551,.T.);
#1270=EDGE_CURVE('',#1065,#1062,#552,.T.);
#1271=EDGE_CURVE('',#1066,#1067,#553,.T.);
#1272=EDGE_CURVE('',#1067,#1068,#554,.T.);
#1273=EDGE_CURVE('',#1068,#1069,#555,.T.);
#1274=EDGE_CURVE('',#1069,#1066,#556,.T.);
#1275=EDGE_CURVE('',#1008,#1011,#834,.T.);
#1276=EDGE_CURVE('',#1009,#1056,#835,.T.);
#1277=EDGE_CURVE('',#1057,#1008,#836,.T.);
#1278=EDGE_CURVE('',#1006,#1009,#837,.T.);
#1279=EDGE_CURVE('',#1048,#1011,#838,.T.);
#1280=EDGE_CURVE('',#1057,#1048,#839,.T.);
#1281=EDGE_CURVE('',#1065,#1056,#840,.T.);
#1282=EDGE_CURVE('',#1006,#1065,#841,.T.);
#1283=EDGE_CURVE('',#1010,#1013,#842,.T.);
#1284=EDGE_CURVE('',#1049,#1010,#843,.T.);
#1285=EDGE_CURVE('',#1054,#1047,#844,.T.);
#1286=EDGE_CURVE('',#1055,#1027,#845,.T.);
#1287=EDGE_CURVE('',#1028,#1054,#846,.T.);
#1288=EDGE_CURVE('',#1062,#1055,#847,.T.);
#1289=EDGE_CURVE('',#1007,#1064,#848,.T.);
#1290=EDGE_CURVE('',#1020,#1007,#849,.T.);
#1291=EDGE_CURVE('',#1040,#1013,#850,.T.);
#1292=EDGE_CURVE('',#1049,#1040,#851,.T.);
#1293=EDGE_CURVE('',#1028,#1047,#852,.T.);
#1294=EDGE_CURVE('',#1062,#1027,#853,.T.);
#1295=EDGE_CURVE('',#1069,#1064,#854,.T.);
#1296=EDGE_CURVE('',#1020,#1069,#855,.T.);
#1297=EDGE_CURVE('',#1012,#1015,#856,.T.);
#1298=EDGE_CURVE('',#1041,#1012,#857,.T.);
#1299=EDGE_CURVE('',#1046,#1039,#858,.T.);
#1300=EDGE_CURVE('',#1029,#1046,#859,.T.);
#1301=EDGE_CURVE('',#1063,#1026,#860,.T.);
#1302=EDGE_CURVE('',#1066,#1063,#861,.T.);
#1303=EDGE_CURVE('',#1021,#1068,#862,.T.);
#1304=EDGE_CURVE('',#1018,#1021,#863,.T.);
#1305=EDGE_CURVE('',#1042,#1015,#864,.T.);
#1306=EDGE_CURVE('',#1041,#1042,#865,.T.);
#1307=EDGE_CURVE('',#1029,#1039,#866,.T.);
#1308=EDGE_CURVE('',#1066,#1026,#867,.T.);
#1309=EDGE_CURVE('',#1059,#1068,#868,.T.);
#1310=EDGE_CURVE('',#1018,#1059,#869,.T.);
#1311=EDGE_CURVE('',#1014,#1017,#870,.T.);
#1312=EDGE_CURVE('',#1043,#1014,#871,.T.);
#1313=EDGE_CURVE('',#1038,#1045,#872,.T.);
#1314=EDGE_CURVE('',#1022,#1038,#873,.T.);
#1315=EDGE_CURVE('',#1067,#1025,#874,.T.);
#1316=EDGE_CURVE('',#1060,#1067,#875,.T.);
#1317=EDGE_CURVE('',#1019,#1058,#876,.T.);
#1318=EDGE_CURVE('',#1016,#1019,#877,.T.);
#1319=EDGE_CURVE('',#1017,#1052,#878,.T.);
#1320=EDGE_CURVE('',#1053,#1016,#879,.T.);
#1321=EDGE_CURVE('',#1043,#1052,#880,.T.);
#1322=EDGE_CURVE('',#1022,#1045,#881,.T.);
#1323=EDGE_CURVE('',#1060,#1025,#882,.T.);
#1324=EDGE_CURVE('',#1053,#1058,#883,.T.);
#1325=EDGE_CURVE('',#1044,#1051,#884,.T.);
#1326=EDGE_CURVE('',#1023,#1044,#885,.T.);
#1327=EDGE_CURVE('',#1061,#1024,#886,.T.);
#1328=EDGE_CURVE('',#1050,#1061,#887,.T.);
#1329=EDGE_CURVE('',#1023,#1051,#888,.T.);
#1330=EDGE_CURVE('',#1050,#1024,#889,.T.);
#1331=EDGE_CURVE('',#1070,#1071,#557,.T.);
#1332=EDGE_CURVE('',#994,#1070,#558,.T.);
#1333=EDGE_CURVE('',#1071,#993,#559,.T.);
#1334=EDGE_CURVE('',#1072,#1073,#560,.T.);
#1335=EDGE_CURVE('',#996,#1072,#561,.T.);
#1336=EDGE_CURVE('',#1073,#995,#562,.T.);
#1337=EDGE_CURVE('',#1074,#1075,#563,.T.);
#1338=EDGE_CURVE('',#998,#1074,#564,.T.);
#1339=EDGE_CURVE('',#1075,#997,#565,.T.);
#1340=EDGE_CURVE('',#1076,#1077,#566,.T.);
#1341=EDGE_CURVE('',#1000,#1076,#567,.T.);
#1342=EDGE_CURVE('',#1077,#999,#568,.T.);
#1343=EDGE_CURVE('',#1078,#1079,#569,.T.);
#1344=EDGE_CURVE('',#1002,#1078,#570,.T.);
#1345=EDGE_CURVE('',#1079,#1001,#571,.T.);
#1346=EDGE_CURVE('',#1080,#1003,#572,.T.);
#1347=EDGE_CURVE('',#1081,#1080,#573,.T.);
#1348=EDGE_CURVE('',#1004,#1081,#574,.T.);
#1349=EDGE_CURVE('',#1082,#1005,#575,.T.);
#1350=EDGE_CURVE('',#1083,#1082,#576,.T.);
#1351=EDGE_CURVE('',#991,#1083,#577,.T.);
#1352=EDGE_CURVE('',#1084,#1085,#578,.T.);
#1353=EDGE_CURVE('',#992,#1084,#579,.T.);
#1354=EDGE_CURVE('',#1085,#990,#580,.T.);
#1355=EDGE_CURVE('',#1086,#1087,#581,.T.);
#1356=EDGE_CURVE('',#1088,#1086,#582,.T.);
#1357=EDGE_CURVE('',#1089,#1088,#583,.T.);
#1358=EDGE_CURVE('',#1090,#1089,#584,.T.);
#1359=EDGE_CURVE('',#1091,#1090,#585,.T.);
#1360=EDGE_CURVE('',#1092,#1091,#586,.T.);
#1361=EDGE_CURVE('',#1093,#1092,#587,.T.);
#1362=EDGE_CURVE('',#1087,#1093,#588,.T.);
#1363=EDGE_CURVE('',#1094,#1095,#890,.T.);
#1364=EDGE_CURVE('',#1095,#1096,#589,.T.);
#1365=EDGE_CURVE('',#1096,#1097,#891,.T.);
#1366=EDGE_CURVE('',#1097,#1098,#590,.T.);
#1367=EDGE_CURVE('',#1098,#1099,#892,.T.);
#1368=EDGE_CURVE('',#1099,#1100,#591,.T.);
#1369=EDGE_CURVE('',#1100,#1101,#893,.T.);
#1370=EDGE_CURVE('',#1101,#1094,#592,.T.);
#1371=EDGE_CURVE('',#1102,#1103,#593,.T.);
#1372=EDGE_CURVE('',#1104,#1102,#594,.T.);
#1373=EDGE_CURVE('',#1105,#1104,#595,.T.);
#1374=EDGE_CURVE('',#1103,#1105,#596,.T.);
#1375=EDGE_CURVE('',#1106,#1107,#597,.T.);
#1376=EDGE_CURVE('',#1108,#1106,#598,.T.);
#1377=EDGE_CURVE('',#1109,#1108,#599,.T.);
#1378=EDGE_CURVE('',#1107,#1109,#600,.T.);
#1379=EDGE_CURVE('',#1110,#1111,#601,.T.);
#1380=EDGE_CURVE('',#1112,#1110,#602,.T.);
#1381=EDGE_CURVE('',#1113,#1112,#603,.T.);
#1382=EDGE_CURVE('',#1111,#1113,#604,.T.);
#1383=EDGE_CURVE('',#1114,#1115,#605,.T.);
#1384=EDGE_CURVE('',#1116,#1114,#606,.T.);
#1385=EDGE_CURVE('',#1117,#1116,#607,.T.);
#1386=EDGE_CURVE('',#1115,#1117,#608,.T.);
#1387=EDGE_CURVE('',#1118,#1119,#609,.T.);
#1388=EDGE_CURVE('',#1120,#1118,#610,.T.);
#1389=EDGE_CURVE('',#1121,#1120,#611,.T.);
#1390=EDGE_CURVE('',#1119,#1121,#612,.T.);
#1391=EDGE_CURVE('',#1122,#1123,#613,.T.);
#1392=EDGE_CURVE('',#1124,#1122,#614,.T.);
#1393=EDGE_CURVE('',#1125,#1124,#615,.T.);
#1394=EDGE_CURVE('',#1123,#1125,#616,.T.);
#1395=EDGE_CURVE('',#1126,#1127,#617,.T.);
#1396=EDGE_CURVE('',#1128,#1126,#618,.T.);
#1397=EDGE_CURVE('',#1129,#1128,#619,.T.);
#1398=EDGE_CURVE('',#1127,#1129,#620,.T.);
#1399=EDGE_CURVE('',#1130,#1131,#621,.T.);
#1400=EDGE_CURVE('',#1132,#1130,#622,.T.);
#1401=EDGE_CURVE('',#1133,#1132,#623,.T.);
#1402=EDGE_CURVE('',#1131,#1133,#624,.T.);
#1403=EDGE_CURVE('',#1072,#1075,#894,.T.);
#1404=EDGE_CURVE('',#1073,#1121,#895,.T.);
#1405=EDGE_CURVE('',#1120,#1072,#896,.T.);
#1406=EDGE_CURVE('',#1070,#1073,#897,.T.);
#1407=EDGE_CURVE('',#1120,#1113,#898,.T.);
#1408=EDGE_CURVE('',#1113,#1075,#899,.T.);
#1409=EDGE_CURVE('',#1070,#1128,#900,.T.);
#1410=EDGE_CURVE('',#1128,#1121,#901,.T.);
#1411=EDGE_CURVE('',#1074,#1077,#902,.T.);
#1412=EDGE_CURVE('',#1112,#1074,#903,.T.);
#1413=EDGE_CURVE('',#1118,#1111,#904,.T.);
#1414=EDGE_CURVE('',#1119,#1090,#905,.T.);
#1415=EDGE_CURVE('',#1089,#1118,#906,.T.);
#1416=EDGE_CURVE('',#1126,#1119,#907,.T.);
#1417=EDGE_CURVE('',#1071,#1129,#908,.T.);
#1418=EDGE_CURVE('',#1084,#1071,#909,.T.);
#1419=EDGE_CURVE('',#1112,#1105,#910,.T.);
#1420=EDGE_CURVE('',#1105,#1077,#911,.T.);
#1421=EDGE_CURVE('',#1089,#1111,#912,.T.);
#1422=EDGE_CURVE('',#1126,#1090,#913,.T.);
#1423=EDGE_CURVE('',#1084,#1132,#914,.T.);
#1424=EDGE_CURVE('',#1132,#1129,#915,.T.);
#1425=EDGE_CURVE('',#1076,#1079,#916,.T.);
#1426=EDGE_CURVE('',#1104,#1076,#917,.T.);
#1427=EDGE_CURVE('',#1110,#1103,#918,.T.);
#1428=EDGE_CURVE('',#1088,#1110,#919,.T.);
#1429=EDGE_CURVE('',#1127,#1091,#920,.T.);
#1430=EDGE_CURVE('',#1130,#1127,#921,.T.);
#1431=EDGE_CURVE('',#1085,#1133,#922,.T.);
#1432=EDGE_CURVE('',#1083,#1085,#923,.T.);
#1433=EDGE_CURVE('',#1104,#1106,#924,.T.);
#1434=EDGE_CURVE('',#1106,#1079,#925,.T.);
#1435=EDGE_CURVE('',#1088,#1103,#926,.T.);
#1436=EDGE_CURVE('',#1130,#1091,#927,.T.);
#1437=EDGE_CURVE('',#1083,#1123,#928,.T.);
#1438=EDGE_CURVE('',#1123,#1133,#929,.T.);
#1439=EDGE_CURVE('',#1078,#1080,#930,.T.);
#1440=EDGE_CURVE('',#1107,#1078,#931,.T.);
#1441=EDGE_CURVE('',#1102,#1108,#932,.T.);
#1442=EDGE_CURVE('',#1086,#1102,#933,.T.);
#1443=EDGE_CURVE('',#1131,#1092,#934,.T.);
#1444=EDGE_CURVE('',#1125,#1131,#935,.T.);
#1445=EDGE_CURVE('',#1082,#1122,#936,.T.);
#1446=EDGE_CURVE('',#1081,#1082,#937,.T.);
#1447=EDGE_CURVE('',#1080,#1117,#938,.T.);
#1448=EDGE_CURVE('',#1116,#1081,#939,.T.);
#1449=EDGE_CURVE('',#1107,#1117,#940,.T.);
#1450=EDGE_CURVE('',#1086,#1108,#941,.T.);
#1451=EDGE_CURVE('',#1125,#1092,#942,.T.);
#1452=EDGE_CURVE('',#1116,#1122,#943,.T.);
#1453=EDGE_CURVE('',#1109,#1115,#944,.T.);
#1454=EDGE_CURVE('',#1087,#1109,#945,.T.);
#1455=EDGE_CURVE('',#1124,#1093,#946,.T.);
#1456=EDGE_CURVE('',#1114,#1124,#947,.T.);
#1457=EDGE_CURVE('',#1087,#1115,#948,.T.);
#1458=EDGE_CURVE('',#1114,#1093,#949,.T.);
#1459=EDGE_CURVE('',#1095,#1030,#625,.T.);
#1460=EDGE_CURVE('',#1094,#1032,#626,.T.);
#1461=EDGE_CURVE('',#1101,#1033,#627,.T.);
#1462=EDGE_CURVE('',#1100,#1034,#628,.T.);
#1463=EDGE_CURVE('',#1099,#1035,#629,.T.);
#1464=EDGE_CURVE('',#1098,#1036,#630,.T.);
#1465=EDGE_CURVE('',#1097,#1037,#631,.T.);
#1466=EDGE_CURVE('',#1096,#1031,#632,.T.);
#1467=ORIENTED_EDGE('',*,*,#1134,.F.);
#1468=ORIENTED_EDGE('',*,*,#1135,.T.);
#1469=ORIENTED_EDGE('',*,*,#1136,.T.);
#1470=ORIENTED_EDGE('',*,*,#1135,.F.);
#1471=ORIENTED_EDGE('',*,*,#1137,.F.);
#1472=ORIENTED_EDGE('',*,*,#1138,.T.);
#1473=ORIENTED_EDGE('',*,*,#1139,.T.);
#1474=ORIENTED_EDGE('',*,*,#1138,.F.);
#1475=ORIENTED_EDGE('',*,*,#1140,.F.);
#1476=ORIENTED_EDGE('',*,*,#1141,.T.);
#1477=ORIENTED_EDGE('',*,*,#1142,.T.);
#1478=ORIENTED_EDGE('',*,*,#1141,.F.);
#1479=ORIENTED_EDGE('',*,*,#1143,.F.);
#1480=ORIENTED_EDGE('',*,*,#1144,.T.);
#1481=ORIENTED_EDGE('',*,*,#1145,.T.);
#1482=ORIENTED_EDGE('',*,*,#1144,.F.);
#1483=ORIENTED_EDGE('',*,*,#1146,.F.);
#1484=ORIENTED_EDGE('',*,*,#1147,.T.);
#1485=ORIENTED_EDGE('',*,*,#1148,.T.);
#1486=ORIENTED_EDGE('',*,*,#1147,.F.);
#1487=ORIENTED_EDGE('',*,*,#1149,.F.);
#1488=ORIENTED_EDGE('',*,*,#1150,.T.);
#1489=ORIENTED_EDGE('',*,*,#1151,.T.);
#1490=ORIENTED_EDGE('',*,*,#1150,.F.);
#1491=ORIENTED_EDGE('',*,*,#1152,.F.);
#1492=ORIENTED_EDGE('',*,*,#1153,.T.);
#1493=ORIENTED_EDGE('',*,*,#1154,.T.);
#1494=ORIENTED_EDGE('',*,*,#1153,.F.);
#1495=ORIENTED_EDGE('',*,*,#1155,.F.);
#1496=ORIENTED_EDGE('',*,*,#1156,.T.);
#1497=ORIENTED_EDGE('',*,*,#1157,.T.);
#1498=ORIENTED_EDGE('',*,*,#1156,.F.);
#1499=ORIENTED_EDGE('',*,*,#1158,.T.);
#1500=ORIENTED_EDGE('',*,*,#1159,.T.);
#1501=ORIENTED_EDGE('',*,*,#1160,.T.);
#1502=ORIENTED_EDGE('',*,*,#1159,.F.);
#1503=ORIENTED_EDGE('',*,*,#1161,.F.);
#1504=ORIENTED_EDGE('',*,*,#1162,.T.);
#1505=ORIENTED_EDGE('',*,*,#1158,.F.);
#1506=ORIENTED_EDGE('',*,*,#1162,.F.);
#1507=ORIENTED_EDGE('',*,*,#1163,.F.);
#1508=ORIENTED_EDGE('',*,*,#1164,.T.);
#1509=ORIENTED_EDGE('',*,*,#1165,.F.);
#1510=ORIENTED_EDGE('',*,*,#1166,.F.);
#1511=ORIENTED_EDGE('',*,*,#1164,.F.);
#1512=ORIENTED_EDGE('',*,*,#1167,.F.);
#1513=ORIENTED_EDGE('',*,*,#1168,.T.);
#1514=ORIENTED_EDGE('',*,*,#1169,.F.);
#1515=ORIENTED_EDGE('',*,*,#1168,.F.);
#1516=ORIENTED_EDGE('',*,*,#1169,.T.);
#1517=ORIENTED_EDGE('',*,*,#1170,.T.);
#1518=ORIENTED_EDGE('',*,*,#1165,.T.);
#1519=ORIENTED_EDGE('',*,*,#1166,.T.);
#1520=ORIENTED_EDGE('',*,*,#1170,.F.);
#1521=ORIENTED_EDGE('',*,*,#1171,.F.);
#1522=ORIENTED_EDGE('',*,*,#1172,.T.);
#1523=ORIENTED_EDGE('',*,*,#1173,.F.);
#1524=ORIENTED_EDGE('',*,*,#1174,.T.);
#1525=ORIENTED_EDGE('',*,*,#1175,.F.);
#1526=ORIENTED_EDGE('',*,*,#1176,.T.);
#1527=ORIENTED_EDGE('',*,*,#1177,.F.);
#1528=ORIENTED_EDGE('',*,*,#1178,.T.);
#1529=ORIENTED_EDGE('',*,*,#1179,.F.);
#1530=ORIENTED_EDGE('',*,*,#1180,.T.);
#1531=ORIENTED_EDGE('',*,*,#1181,.F.);
#1532=ORIENTED_EDGE('',*,*,#1182,.T.);
#1533=ORIENTED_EDGE('',*,*,#1183,.F.);
#1534=ORIENTED_EDGE('',*,*,#1184,.T.);
#1535=ORIENTED_EDGE('',*,*,#1185,.F.);
#1536=ORIENTED_EDGE('',*,*,#1186,.T.);
#1537=ORIENTED_EDGE('',*,*,#1187,.F.);
#1538=ORIENTED_EDGE('',*,*,#1188,.T.);
#1539=ORIENTED_EDGE('',*,*,#1189,.F.);
#1540=ORIENTED_EDGE('',*,*,#1190,.T.);
#1541=ORIENTED_EDGE('',*,*,#1191,.F.);
#1542=ORIENTED_EDGE('',*,*,#1192,.T.);
#1543=ORIENTED_EDGE('',*,*,#1193,.F.);
#1544=ORIENTED_EDGE('',*,*,#1194,.T.);
#1545=ORIENTED_EDGE('',*,*,#1195,.F.);
#1546=ORIENTED_EDGE('',*,*,#1196,.T.);
#1547=ORIENTED_EDGE('',*,*,#1197,.F.);
#1548=ORIENTED_EDGE('',*,*,#1198,.T.);
#1549=ORIENTED_EDGE('',*,*,#1199,.F.);
#1550=ORIENTED_EDGE('',*,*,#1200,.T.);
#1551=ORIENTED_EDGE('',*,*,#1201,.F.);
#1552=ORIENTED_EDGE('',*,*,#1202,.T.);
#1553=ORIENTED_EDGE('',*,*,#1203,.T.);
#1554=ORIENTED_EDGE('',*,*,#1204,.T.);
#1555=ORIENTED_EDGE('',*,*,#1185,.T.);
#1556=ORIENTED_EDGE('',*,*,#1205,.T.);
#1557=ORIENTED_EDGE('',*,*,#1206,.T.);
#1558=ORIENTED_EDGE('',*,*,#1207,.T.);
#1559=ORIENTED_EDGE('',*,*,#1183,.T.);
#1560=ORIENTED_EDGE('',*,*,#1208,.T.);
#1561=ORIENTED_EDGE('',*,*,#1209,.T.);
#1562=ORIENTED_EDGE('',*,*,#1210,.T.);
#1563=ORIENTED_EDGE('',*,*,#1181,.T.);
#1564=ORIENTED_EDGE('',*,*,#1211,.T.);
#1565=ORIENTED_EDGE('',*,*,#1212,.T.);
#1566=ORIENTED_EDGE('',*,*,#1213,.T.);
#1567=ORIENTED_EDGE('',*,*,#1179,.T.);
#1568=ORIENTED_EDGE('',*,*,#1214,.T.);
#1569=ORIENTED_EDGE('',*,*,#1215,.T.);
#1570=ORIENTED_EDGE('',*,*,#1216,.T.);
#1571=ORIENTED_EDGE('',*,*,#1177,.T.);
#1572=ORIENTED_EDGE('',*,*,#1217,.T.);
#1573=ORIENTED_EDGE('',*,*,#1175,.T.);
#1574=ORIENTED_EDGE('',*,*,#1218,.T.);
#1575=ORIENTED_EDGE('',*,*,#1219,.T.);
#1576=ORIENTED_EDGE('',*,*,#1220,.T.);
#1577=ORIENTED_EDGE('',*,*,#1173,.T.);
#1578=ORIENTED_EDGE('',*,*,#1221,.T.);
#1579=ORIENTED_EDGE('',*,*,#1222,.T.);
#1580=ORIENTED_EDGE('',*,*,#1223,.T.);
#1581=ORIENTED_EDGE('',*,*,#1224,.T.);
#1582=ORIENTED_EDGE('',*,*,#1225,.T.);
#1583=ORIENTED_EDGE('',*,*,#1171,.T.);
#1584=ORIENTED_EDGE('',*,*,#1226,.T.);
#1585=ORIENTED_EDGE('',*,*,#1227,.T.);
#1586=ORIENTED_EDGE('',*,*,#1228,.T.);
#1587=ORIENTED_EDGE('',*,*,#1229,.T.);
#1588=ORIENTED_EDGE('',*,*,#1230,.T.);
#1589=ORIENTED_EDGE('',*,*,#1231,.T.);
#1590=ORIENTED_EDGE('',*,*,#1232,.T.);
#1591=ORIENTED_EDGE('',*,*,#1233,.T.);
#1592=ORIENTED_EDGE('',*,*,#1234,.T.);
#1593=ORIENTED_EDGE('',*,*,#1163,.T.);
#1594=ORIENTED_EDGE('',*,*,#1235,.F.);
#1595=ORIENTED_EDGE('',*,*,#1236,.F.);
#1596=ORIENTED_EDGE('',*,*,#1237,.F.);
#1597=ORIENTED_EDGE('',*,*,#1238,.F.);
#1598=ORIENTED_EDGE('',*,*,#1239,.F.);
#1599=ORIENTED_EDGE('',*,*,#1240,.F.);
#1600=ORIENTED_EDGE('',*,*,#1241,.F.);
#1601=ORIENTED_EDGE('',*,*,#1242,.F.);
#1602=ORIENTED_EDGE('',*,*,#1148,.F.);
#1603=ORIENTED_EDGE('',*,*,#1151,.F.);
#1604=ORIENTED_EDGE('',*,*,#1154,.F.);
#1605=ORIENTED_EDGE('',*,*,#1157,.F.);
#1606=ORIENTED_EDGE('',*,*,#1167,.T.);
#1607=ORIENTED_EDGE('',*,*,#1136,.F.);
#1608=ORIENTED_EDGE('',*,*,#1139,.F.);
#1609=ORIENTED_EDGE('',*,*,#1142,.F.);
#1610=ORIENTED_EDGE('',*,*,#1145,.F.);
#1611=ORIENTED_EDGE('',*,*,#1243,.T.);
#1612=ORIENTED_EDGE('',*,*,#1244,.T.);
#1613=ORIENTED_EDGE('',*,*,#1245,.T.);
#1614=ORIENTED_EDGE('',*,*,#1246,.T.);
#1615=ORIENTED_EDGE('',*,*,#1247,.T.);
#1616=ORIENTED_EDGE('',*,*,#1248,.T.);
#1617=ORIENTED_EDGE('',*,*,#1249,.T.);
#1618=ORIENTED_EDGE('',*,*,#1250,.T.);
#1619=ORIENTED_EDGE('',*,*,#1251,.T.);
#1620=ORIENTED_EDGE('',*,*,#1252,.T.);
#1621=ORIENTED_EDGE('',*,*,#1253,.T.);
#1622=ORIENTED_EDGE('',*,*,#1254,.T.);
#1623=ORIENTED_EDGE('',*,*,#1255,.T.);
#1624=ORIENTED_EDGE('',*,*,#1256,.T.);
#1625=ORIENTED_EDGE('',*,*,#1257,.T.);
#1626=ORIENTED_EDGE('',*,*,#1258,.T.);
#1627=ORIENTED_EDGE('',*,*,#1259,.T.);
#1628=ORIENTED_EDGE('',*,*,#1260,.T.);
#1629=ORIENTED_EDGE('',*,*,#1261,.T.);
#1630=ORIENTED_EDGE('',*,*,#1262,.T.);
#1631=ORIENTED_EDGE('',*,*,#1263,.T.);
#1632=ORIENTED_EDGE('',*,*,#1264,.T.);
#1633=ORIENTED_EDGE('',*,*,#1265,.T.);
#1634=ORIENTED_EDGE('',*,*,#1266,.T.);
#1635=ORIENTED_EDGE('',*,*,#1267,.T.);
#1636=ORIENTED_EDGE('',*,*,#1268,.T.);
#1637=ORIENTED_EDGE('',*,*,#1269,.T.);
#1638=ORIENTED_EDGE('',*,*,#1270,.T.);
#1639=ORIENTED_EDGE('',*,*,#1271,.T.);
#1640=ORIENTED_EDGE('',*,*,#1272,.T.);
#1641=ORIENTED_EDGE('',*,*,#1273,.T.);
#1642=ORIENTED_EDGE('',*,*,#1274,.T.);
#1643=ORIENTED_EDGE('',*,*,#1182,.F.);
#1644=ORIENTED_EDGE('',*,*,#1210,.F.);
#1645=ORIENTED_EDGE('',*,*,#1275,.F.);
#1646=ORIENTED_EDGE('',*,*,#1208,.F.);
#1647=ORIENTED_EDGE('',*,*,#1276,.F.);
#1648=ORIENTED_EDGE('',*,*,#1206,.F.);
#1649=ORIENTED_EDGE('',*,*,#1277,.F.);
#1650=ORIENTED_EDGE('',*,*,#1261,.F.);
#1651=ORIENTED_EDGE('',*,*,#1184,.F.);
#1652=ORIENTED_EDGE('',*,*,#1207,.F.);
#1653=ORIENTED_EDGE('',*,*,#1278,.F.);
#1654=ORIENTED_EDGE('',*,*,#1205,.F.);
#1655=ORIENTED_EDGE('',*,*,#1277,.T.);
#1656=ORIENTED_EDGE('',*,*,#1275,.T.);
#1657=ORIENTED_EDGE('',*,*,#1279,.F.);
#1658=ORIENTED_EDGE('',*,*,#1280,.F.);
#1659=ORIENTED_EDGE('',*,*,#1278,.T.);
#1660=ORIENTED_EDGE('',*,*,#1276,.T.);
#1661=ORIENTED_EDGE('',*,*,#1281,.F.);
#1662=ORIENTED_EDGE('',*,*,#1282,.F.);
#1663=ORIENTED_EDGE('',*,*,#1180,.F.);
#1664=ORIENTED_EDGE('',*,*,#1213,.F.);
#1665=ORIENTED_EDGE('',*,*,#1283,.F.);
#1666=ORIENTED_EDGE('',*,*,#1211,.F.);
#1667=ORIENTED_EDGE('',*,*,#1279,.T.);
#1668=ORIENTED_EDGE('',*,*,#1209,.F.);
#1669=ORIENTED_EDGE('',*,*,#1284,.F.);
#1670=ORIENTED_EDGE('',*,*,#1253,.F.);
#1671=ORIENTED_EDGE('',*,*,#1280,.T.);
#1672=ORIENTED_EDGE('',*,*,#1252,.F.);
#1673=ORIENTED_EDGE('',*,*,#1285,.F.);
#1674=ORIENTED_EDGE('',*,*,#1262,.F.);
#1675=ORIENTED_EDGE('',*,*,#1286,.F.);
#1676=ORIENTED_EDGE('',*,*,#1259,.F.);
#1677=ORIENTED_EDGE('',*,*,#1287,.F.);
#1678=ORIENTED_EDGE('',*,*,#1232,.F.);
#1679=ORIENTED_EDGE('',*,*,#1281,.T.);
#1680=ORIENTED_EDGE('',*,*,#1260,.F.);
#1681=ORIENTED_EDGE('',*,*,#1288,.F.);
#1682=ORIENTED_EDGE('',*,*,#1270,.F.);
#1683=ORIENTED_EDGE('',*,*,#1282,.T.);
#1684=ORIENTED_EDGE('',*,*,#1269,.F.);
#1685=ORIENTED_EDGE('',*,*,#1289,.F.);
#1686=ORIENTED_EDGE('',*,*,#1203,.F.);
#1687=ORIENTED_EDGE('',*,*,#1186,.F.);
#1688=ORIENTED_EDGE('',*,*,#1204,.F.);
#1689=ORIENTED_EDGE('',*,*,#1290,.F.);
#1690=ORIENTED_EDGE('',*,*,#1226,.F.);
#1691=ORIENTED_EDGE('',*,*,#1284,.T.);
#1692=ORIENTED_EDGE('',*,*,#1283,.T.);
#1693=ORIENTED_EDGE('',*,*,#1291,.F.);
#1694=ORIENTED_EDGE('',*,*,#1292,.F.);
#1695=ORIENTED_EDGE('',*,*,#1287,.T.);
#1696=ORIENTED_EDGE('',*,*,#1285,.T.);
#1697=ORIENTED_EDGE('',*,*,#1293,.F.);
#1698=ORIENTED_EDGE('',*,*,#1288,.T.);
#1699=ORIENTED_EDGE('',*,*,#1286,.T.);
#1700=ORIENTED_EDGE('',*,*,#1294,.F.);
#1701=ORIENTED_EDGE('',*,*,#1290,.T.);
#1702=ORIENTED_EDGE('',*,*,#1289,.T.);
#1703=ORIENTED_EDGE('',*,*,#1295,.F.);
#1704=ORIENTED_EDGE('',*,*,#1296,.F.);
#1705=ORIENTED_EDGE('',*,*,#1178,.F.);
#1706=ORIENTED_EDGE('',*,*,#1216,.F.);
#1707=ORIENTED_EDGE('',*,*,#1297,.F.);
#1708=ORIENTED_EDGE('',*,*,#1214,.F.);
#1709=ORIENTED_EDGE('',*,*,#1291,.T.);
#1710=ORIENTED_EDGE('',*,*,#1212,.F.);
#1711=ORIENTED_EDGE('',*,*,#1298,.F.);
#1712=ORIENTED_EDGE('',*,*,#1245,.F.);
#1713=ORIENTED_EDGE('',*,*,#1292,.T.);
#1714=ORIENTED_EDGE('',*,*,#1244,.F.);
#1715=ORIENTED_EDGE('',*,*,#1299,.F.);
#1716=ORIENTED_EDGE('',*,*,#1254,.F.);
#1717=ORIENTED_EDGE('',*,*,#1293,.T.);
#1718=ORIENTED_EDGE('',*,*,#1251,.F.);
#1719=ORIENTED_EDGE('',*,*,#1300,.F.);
#1720=ORIENTED_EDGE('',*,*,#1233,.F.);
#1721=ORIENTED_EDGE('',*,*,#1294,.T.);
#1722=ORIENTED_EDGE('',*,*,#1231,.F.);
#1723=ORIENTED_EDGE('',*,*,#1301,.F.);
#1724=ORIENTED_EDGE('',*,*,#1267,.F.);
#1725=ORIENTED_EDGE('',*,*,#1295,.T.);
#1726=ORIENTED_EDGE('',*,*,#1268,.F.);
#1727=ORIENTED_EDGE('',*,*,#1302,.F.);
#1728=ORIENTED_EDGE('',*,*,#1274,.F.);
#1729=ORIENTED_EDGE('',*,*,#1296,.T.);
#1730=ORIENTED_EDGE('',*,*,#1273,.F.);
#1731=ORIENTED_EDGE('',*,*,#1303,.F.);
#1732=ORIENTED_EDGE('',*,*,#1224,.F.);
#1733=ORIENTED_EDGE('',*,*,#1172,.F.);
#1734=ORIENTED_EDGE('',*,*,#1225,.F.);
#1735=ORIENTED_EDGE('',*,*,#1304,.F.);
#1736=ORIENTED_EDGE('',*,*,#1221,.F.);
#1737=ORIENTED_EDGE('',*,*,#1298,.T.);
#1738=ORIENTED_EDGE('',*,*,#1297,.T.);
#1739=ORIENTED_EDGE('',*,*,#1305,.F.);
#1740=ORIENTED_EDGE('',*,*,#1306,.F.);
#1741=ORIENTED_EDGE('',*,*,#1300,.T.);
#1742=ORIENTED_EDGE('',*,*,#1299,.T.);
#1743=ORIENTED_EDGE('',*,*,#1307,.F.);
#1744=ORIENTED_EDGE('',*,*,#1302,.T.);
#1745=ORIENTED_EDGE('',*,*,#1301,.T.);
#1746=ORIENTED_EDGE('',*,*,#1308,.F.);
#1747=ORIENTED_EDGE('',*,*,#1304,.T.);
#1748=ORIENTED_EDGE('',*,*,#1303,.T.);
#1749=ORIENTED_EDGE('',*,*,#1309,.F.);
#1750=ORIENTED_EDGE('',*,*,#1310,.F.);
#1751=ORIENTED_EDGE('',*,*,#1176,.F.);
#1752=ORIENTED_EDGE('',*,*,#1220,.F.);
#1753=ORIENTED_EDGE('',*,*,#1311,.F.);
#1754=ORIENTED_EDGE('',*,*,#1217,.F.);
#1755=ORIENTED_EDGE('',*,*,#1305,.T.);
#1756=ORIENTED_EDGE('',*,*,#1215,.F.);
#1757=ORIENTED_EDGE('',*,*,#1312,.F.);
#1758=ORIENTED_EDGE('',*,*,#1247,.F.);
#1759=ORIENTED_EDGE('',*,*,#1306,.T.);
#1760=ORIENTED_EDGE('',*,*,#1250,.F.);
#1761=ORIENTED_EDGE('',*,*,#1313,.F.);
#1762=ORIENTED_EDGE('',*,*,#1246,.F.);
#1763=ORIENTED_EDGE('',*,*,#1307,.T.);
#1764=ORIENTED_EDGE('',*,*,#1243,.F.);
#1765=ORIENTED_EDGE('',*,*,#1314,.F.);
#1766=ORIENTED_EDGE('',*,*,#1234,.F.);
#1767=ORIENTED_EDGE('',*,*,#1308,.T.);
#1768=ORIENTED_EDGE('',*,*,#1230,.F.);
#1769=ORIENTED_EDGE('',*,*,#1315,.F.);
#1770=ORIENTED_EDGE('',*,*,#1271,.F.);
#1771=ORIENTED_EDGE('',*,*,#1309,.T.);
#1772=ORIENTED_EDGE('',*,*,#1272,.F.);
#1773=ORIENTED_EDGE('',*,*,#1316,.F.);
#1774=ORIENTED_EDGE('',*,*,#1264,.F.);
#1775=ORIENTED_EDGE('',*,*,#1310,.T.);
#1776=ORIENTED_EDGE('',*,*,#1263,.F.);
#1777=ORIENTED_EDGE('',*,*,#1317,.F.);
#1778=ORIENTED_EDGE('',*,*,#1222,.F.);
#1779=ORIENTED_EDGE('',*,*,#1174,.F.);
#1780=ORIENTED_EDGE('',*,*,#1223,.F.);
#1781=ORIENTED_EDGE('',*,*,#1318,.F.);
#1782=ORIENTED_EDGE('',*,*,#1218,.F.);
#1783=ORIENTED_EDGE('',*,*,#1319,.F.);
#1784=ORIENTED_EDGE('',*,*,#1219,.F.);
#1785=ORIENTED_EDGE('',*,*,#1320,.F.);
#1786=ORIENTED_EDGE('',*,*,#1257,.F.);
#1787=ORIENTED_EDGE('',*,*,#1311,.T.);
#1788=ORIENTED_EDGE('',*,*,#1319,.T.);
#1789=ORIENTED_EDGE('',*,*,#1321,.F.);
#1790=ORIENTED_EDGE('',*,*,#1312,.T.);
#1791=ORIENTED_EDGE('',*,*,#1314,.T.);
#1792=ORIENTED_EDGE('',*,*,#1313,.T.);
#1793=ORIENTED_EDGE('',*,*,#1322,.F.);
#1794=ORIENTED_EDGE('',*,*,#1316,.T.);
#1795=ORIENTED_EDGE('',*,*,#1315,.T.);
#1796=ORIENTED_EDGE('',*,*,#1323,.F.);
#1797=ORIENTED_EDGE('',*,*,#1318,.T.);
#1798=ORIENTED_EDGE('',*,*,#1317,.T.);
#1799=ORIENTED_EDGE('',*,*,#1324,.F.);
#1800=ORIENTED_EDGE('',*,*,#1320,.T.);
#1801=ORIENTED_EDGE('',*,*,#1321,.T.);
#1802=ORIENTED_EDGE('',*,*,#1256,.F.);
#1803=ORIENTED_EDGE('',*,*,#1325,.F.);
#1804=ORIENTED_EDGE('',*,*,#1248,.F.);
#1805=ORIENTED_EDGE('',*,*,#1322,.T.);
#1806=ORIENTED_EDGE('',*,*,#1249,.F.);
#1807=ORIENTED_EDGE('',*,*,#1326,.F.);
#1808=ORIENTED_EDGE('',*,*,#1227,.F.);
#1809=ORIENTED_EDGE('',*,*,#1323,.T.);
#1810=ORIENTED_EDGE('',*,*,#1229,.F.);
#1811=ORIENTED_EDGE('',*,*,#1327,.F.);
#1812=ORIENTED_EDGE('',*,*,#1265,.F.);
#1813=ORIENTED_EDGE('',*,*,#1324,.T.);
#1814=ORIENTED_EDGE('',*,*,#1266,.F.);
#1815=ORIENTED_EDGE('',*,*,#1328,.F.);
#1816=ORIENTED_EDGE('',*,*,#1258,.F.);
#1817=ORIENTED_EDGE('',*,*,#1326,.T.);
#1818=ORIENTED_EDGE('',*,*,#1325,.T.);
#1819=ORIENTED_EDGE('',*,*,#1329,.F.);
#1820=ORIENTED_EDGE('',*,*,#1328,.T.);
#1821=ORIENTED_EDGE('',*,*,#1327,.T.);
#1822=ORIENTED_EDGE('',*,*,#1330,.F.);
#1823=ORIENTED_EDGE('',*,*,#1329,.T.);
#1824=ORIENTED_EDGE('',*,*,#1255,.F.);
#1825=ORIENTED_EDGE('',*,*,#1330,.T.);
#1826=ORIENTED_EDGE('',*,*,#1228,.F.);
#1827=ORIENTED_EDGE('',*,*,#1331,.F.);
#1828=ORIENTED_EDGE('',*,*,#1332,.F.);
#1829=ORIENTED_EDGE('',*,*,#1190,.F.);
#1830=ORIENTED_EDGE('',*,*,#1333,.F.);
#1831=ORIENTED_EDGE('',*,*,#1334,.F.);
#1832=ORIENTED_EDGE('',*,*,#1335,.F.);
#1833=ORIENTED_EDGE('',*,*,#1192,.F.);
#1834=ORIENTED_EDGE('',*,*,#1336,.F.);
#1835=ORIENTED_EDGE('',*,*,#1337,.F.);
#1836=ORIENTED_EDGE('',*,*,#1338,.F.);
#1837=ORIENTED_EDGE('',*,*,#1194,.F.);
#1838=ORIENTED_EDGE('',*,*,#1339,.F.);
#1839=ORIENTED_EDGE('',*,*,#1340,.F.);
#1840=ORIENTED_EDGE('',*,*,#1341,.F.);
#1841=ORIENTED_EDGE('',*,*,#1196,.F.);
#1842=ORIENTED_EDGE('',*,*,#1342,.F.);
#1843=ORIENTED_EDGE('',*,*,#1343,.F.);
#1844=ORIENTED_EDGE('',*,*,#1344,.F.);
#1845=ORIENTED_EDGE('',*,*,#1198,.F.);
#1846=ORIENTED_EDGE('',*,*,#1345,.F.);
#1847=ORIENTED_EDGE('',*,*,#1200,.F.);
#1848=ORIENTED_EDGE('',*,*,#1346,.F.);
#1849=ORIENTED_EDGE('',*,*,#1347,.F.);
#1850=ORIENTED_EDGE('',*,*,#1348,.F.);
#1851=ORIENTED_EDGE('',*,*,#1202,.F.);
#1852=ORIENTED_EDGE('',*,*,#1349,.F.);
#1853=ORIENTED_EDGE('',*,*,#1350,.F.);
#1854=ORIENTED_EDGE('',*,*,#1351,.F.);
#1855=ORIENTED_EDGE('',*,*,#1352,.F.);
#1856=ORIENTED_EDGE('',*,*,#1353,.F.);
#1857=ORIENTED_EDGE('',*,*,#1188,.F.);
#1858=ORIENTED_EDGE('',*,*,#1354,.F.);
#1859=ORIENTED_EDGE('',*,*,#1355,.F.);
#1860=ORIENTED_EDGE('',*,*,#1356,.F.);
#1861=ORIENTED_EDGE('',*,*,#1357,.F.);
#1862=ORIENTED_EDGE('',*,*,#1358,.F.);
#1863=ORIENTED_EDGE('',*,*,#1359,.F.);
#1864=ORIENTED_EDGE('',*,*,#1360,.F.);
#1865=ORIENTED_EDGE('',*,*,#1361,.F.);
#1866=ORIENTED_EDGE('',*,*,#1362,.F.);
#1867=ORIENTED_EDGE('',*,*,#1161,.T.);
#1868=ORIENTED_EDGE('',*,*,#1363,.T.);
#1869=ORIENTED_EDGE('',*,*,#1364,.T.);
#1870=ORIENTED_EDGE('',*,*,#1365,.T.);
#1871=ORIENTED_EDGE('',*,*,#1366,.T.);
#1872=ORIENTED_EDGE('',*,*,#1367,.T.);
#1873=ORIENTED_EDGE('',*,*,#1368,.T.);
#1874=ORIENTED_EDGE('',*,*,#1369,.T.);
#1875=ORIENTED_EDGE('',*,*,#1370,.T.);
#1876=ORIENTED_EDGE('',*,*,#1146,.T.);
#1877=ORIENTED_EDGE('',*,*,#1149,.T.);
#1878=ORIENTED_EDGE('',*,*,#1152,.T.);
#1879=ORIENTED_EDGE('',*,*,#1155,.T.);
#1880=ORIENTED_EDGE('',*,*,#1160,.F.);
#1881=ORIENTED_EDGE('',*,*,#1134,.T.);
#1882=ORIENTED_EDGE('',*,*,#1137,.T.);
#1883=ORIENTED_EDGE('',*,*,#1140,.T.);
#1884=ORIENTED_EDGE('',*,*,#1143,.T.);
#1885=ORIENTED_EDGE('',*,*,#1371,.F.);
#1886=ORIENTED_EDGE('',*,*,#1372,.F.);
#1887=ORIENTED_EDGE('',*,*,#1373,.F.);
#1888=ORIENTED_EDGE('',*,*,#1374,.F.);
#1889=ORIENTED_EDGE('',*,*,#1375,.F.);
#1890=ORIENTED_EDGE('',*,*,#1376,.F.);
#1891=ORIENTED_EDGE('',*,*,#1377,.F.);
#1892=ORIENTED_EDGE('',*,*,#1378,.F.);
#1893=ORIENTED_EDGE('',*,*,#1379,.F.);
#1894=ORIENTED_EDGE('',*,*,#1380,.F.);
#1895=ORIENTED_EDGE('',*,*,#1381,.F.);
#1896=ORIENTED_EDGE('',*,*,#1382,.F.);
#1897=ORIENTED_EDGE('',*,*,#1383,.F.);
#1898=ORIENTED_EDGE('',*,*,#1384,.F.);
#1899=ORIENTED_EDGE('',*,*,#1385,.F.);
#1900=ORIENTED_EDGE('',*,*,#1386,.F.);
#1901=ORIENTED_EDGE('',*,*,#1387,.F.);
#1902=ORIENTED_EDGE('',*,*,#1388,.F.);
#1903=ORIENTED_EDGE('',*,*,#1389,.F.);
#1904=ORIENTED_EDGE('',*,*,#1390,.F.);
#1905=ORIENTED_EDGE('',*,*,#1391,.F.);
#1906=ORIENTED_EDGE('',*,*,#1392,.F.);
#1907=ORIENTED_EDGE('',*,*,#1393,.F.);
#1908=ORIENTED_EDGE('',*,*,#1394,.F.);
#1909=ORIENTED_EDGE('',*,*,#1395,.F.);
#1910=ORIENTED_EDGE('',*,*,#1396,.F.);
#1911=ORIENTED_EDGE('',*,*,#1397,.F.);
#1912=ORIENTED_EDGE('',*,*,#1398,.F.);
#1913=ORIENTED_EDGE('',*,*,#1399,.F.);
#1914=ORIENTED_EDGE('',*,*,#1400,.F.);
#1915=ORIENTED_EDGE('',*,*,#1401,.F.);
#1916=ORIENTED_EDGE('',*,*,#1402,.F.);
#1917=ORIENTED_EDGE('',*,*,#1193,.T.);
#1918=ORIENTED_EDGE('',*,*,#1335,.T.);
#1919=ORIENTED_EDGE('',*,*,#1403,.T.);
#1920=ORIENTED_EDGE('',*,*,#1339,.T.);
#1921=ORIENTED_EDGE('',*,*,#1404,.T.);
#1922=ORIENTED_EDGE('',*,*,#1389,.T.);
#1923=ORIENTED_EDGE('',*,*,#1405,.T.);
#1924=ORIENTED_EDGE('',*,*,#1334,.T.);
#1925=ORIENTED_EDGE('',*,*,#1191,.T.);
#1926=ORIENTED_EDGE('',*,*,#1332,.T.);
#1927=ORIENTED_EDGE('',*,*,#1406,.T.);
#1928=ORIENTED_EDGE('',*,*,#1336,.T.);
#1929=ORIENTED_EDGE('',*,*,#1405,.F.);
#1930=ORIENTED_EDGE('',*,*,#1407,.T.);
#1931=ORIENTED_EDGE('',*,*,#1408,.T.);
#1932=ORIENTED_EDGE('',*,*,#1403,.F.);
#1933=ORIENTED_EDGE('',*,*,#1406,.F.);
#1934=ORIENTED_EDGE('',*,*,#1409,.T.);
#1935=ORIENTED_EDGE('',*,*,#1410,.T.);
#1936=ORIENTED_EDGE('',*,*,#1404,.F.);
#1937=ORIENTED_EDGE('',*,*,#1195,.T.);
#1938=ORIENTED_EDGE('',*,*,#1338,.T.);
#1939=ORIENTED_EDGE('',*,*,#1411,.T.);
#1940=ORIENTED_EDGE('',*,*,#1342,.T.);
#1941=ORIENTED_EDGE('',*,*,#1408,.F.);
#1942=ORIENTED_EDGE('',*,*,#1381,.T.);
#1943=ORIENTED_EDGE('',*,*,#1412,.T.);
#1944=ORIENTED_EDGE('',*,*,#1337,.T.);
#1945=ORIENTED_EDGE('',*,*,#1407,.F.);
#1946=ORIENTED_EDGE('',*,*,#1388,.T.);
#1947=ORIENTED_EDGE('',*,*,#1413,.T.);
#1948=ORIENTED_EDGE('',*,*,#1382,.T.);
#1949=ORIENTED_EDGE('',*,*,#1414,.T.);
#1950=ORIENTED_EDGE('',*,*,#1358,.T.);
#1951=ORIENTED_EDGE('',*,*,#1415,.T.);
#1952=ORIENTED_EDGE('',*,*,#1387,.T.);
#1953=ORIENTED_EDGE('',*,*,#1410,.F.);
#1954=ORIENTED_EDGE('',*,*,#1396,.T.);
#1955=ORIENTED_EDGE('',*,*,#1416,.T.);
#1956=ORIENTED_EDGE('',*,*,#1390,.T.);
#1957=ORIENTED_EDGE('',*,*,#1409,.F.);
#1958=ORIENTED_EDGE('',*,*,#1331,.T.);
#1959=ORIENTED_EDGE('',*,*,#1417,.T.);
#1960=ORIENTED_EDGE('',*,*,#1397,.T.);
#1961=ORIENTED_EDGE('',*,*,#1189,.T.);
#1962=ORIENTED_EDGE('',*,*,#1353,.T.);
#1963=ORIENTED_EDGE('',*,*,#1418,.T.);
#1964=ORIENTED_EDGE('',*,*,#1333,.T.);
#1965=ORIENTED_EDGE('',*,*,#1412,.F.);
#1966=ORIENTED_EDGE('',*,*,#1419,.T.);
#1967=ORIENTED_EDGE('',*,*,#1420,.T.);
#1968=ORIENTED_EDGE('',*,*,#1411,.F.);
#1969=ORIENTED_EDGE('',*,*,#1415,.F.);
#1970=ORIENTED_EDGE('',*,*,#1421,.T.);
#1971=ORIENTED_EDGE('',*,*,#1413,.F.);
#1972=ORIENTED_EDGE('',*,*,#1416,.F.);
#1973=ORIENTED_EDGE('',*,*,#1422,.T.);
#1974=ORIENTED_EDGE('',*,*,#1414,.F.);
#1975=ORIENTED_EDGE('',*,*,#1418,.F.);
#1976=ORIENTED_EDGE('',*,*,#1423,.T.);
#1977=ORIENTED_EDGE('',*,*,#1424,.T.);
#1978=ORIENTED_EDGE('',*,*,#1417,.F.);
#1979=ORIENTED_EDGE('',*,*,#1197,.T.);
#1980=ORIENTED_EDGE('',*,*,#1341,.T.);
#1981=ORIENTED_EDGE('',*,*,#1425,.T.);
#1982=ORIENTED_EDGE('',*,*,#1345,.T.);
#1983=ORIENTED_EDGE('',*,*,#1420,.F.);
#1984=ORIENTED_EDGE('',*,*,#1373,.T.);
#1985=ORIENTED_EDGE('',*,*,#1426,.T.);
#1986=ORIENTED_EDGE('',*,*,#1340,.T.);
#1987=ORIENTED_EDGE('',*,*,#1419,.F.);
#1988=ORIENTED_EDGE('',*,*,#1380,.T.);
#1989=ORIENTED_EDGE('',*,*,#1427,.T.);
#1990=ORIENTED_EDGE('',*,*,#1374,.T.);
#1991=ORIENTED_EDGE('',*,*,#1421,.F.);
#1992=ORIENTED_EDGE('',*,*,#1357,.T.);
#1993=ORIENTED_EDGE('',*,*,#1428,.T.);
#1994=ORIENTED_EDGE('',*,*,#1379,.T.);
#1995=ORIENTED_EDGE('',*,*,#1422,.F.);
#1996=ORIENTED_EDGE('',*,*,#1395,.T.);
#1997=ORIENTED_EDGE('',*,*,#1429,.T.);
#1998=ORIENTED_EDGE('',*,*,#1359,.T.);
#1999=ORIENTED_EDGE('',*,*,#1424,.F.);
#2000=ORIENTED_EDGE('',*,*,#1400,.T.);
#2001=ORIENTED_EDGE('',*,*,#1430,.T.);
#2002=ORIENTED_EDGE('',*,*,#1398,.T.);
#2003=ORIENTED_EDGE('',*,*,#1423,.F.);
#2004=ORIENTED_EDGE('',*,*,#1352,.T.);
#2005=ORIENTED_EDGE('',*,*,#1431,.T.);
#2006=ORIENTED_EDGE('',*,*,#1401,.T.);
#2007=ORIENTED_EDGE('',*,*,#1187,.T.);
#2008=ORIENTED_EDGE('',*,*,#1351,.T.);
#2009=ORIENTED_EDGE('',*,*,#1432,.T.);
#2010=ORIENTED_EDGE('',*,*,#1354,.T.);
#2011=ORIENTED_EDGE('',*,*,#1426,.F.);
#2012=ORIENTED_EDGE('',*,*,#1433,.T.);
#2013=ORIENTED_EDGE('',*,*,#1434,.T.);
#2014=ORIENTED_EDGE('',*,*,#1425,.F.);
#2015=ORIENTED_EDGE('',*,*,#1428,.F.);
#2016=ORIENTED_EDGE('',*,*,#1435,.T.);
#2017=ORIENTED_EDGE('',*,*,#1427,.F.);
#2018=ORIENTED_EDGE('',*,*,#1430,.F.);
#2019=ORIENTED_EDGE('',*,*,#1436,.T.);
#2020=ORIENTED_EDGE('',*,*,#1429,.F.);
#2021=ORIENTED_EDGE('',*,*,#1432,.F.);
#2022=ORIENTED_EDGE('',*,*,#1437,.T.);
#2023=ORIENTED_EDGE('',*,*,#1438,.T.);
#2024=ORIENTED_EDGE('',*,*,#1431,.F.);
#2025=ORIENTED_EDGE('',*,*,#1199,.T.);
#2026=ORIENTED_EDGE('',*,*,#1344,.T.);
#2027=ORIENTED_EDGE('',*,*,#1439,.T.);
#2028=ORIENTED_EDGE('',*,*,#1346,.T.);
#2029=ORIENTED_EDGE('',*,*,#1434,.F.);
#2030=ORIENTED_EDGE('',*,*,#1375,.T.);
#2031=ORIENTED_EDGE('',*,*,#1440,.T.);
#2032=ORIENTED_EDGE('',*,*,#1343,.T.);
#2033=ORIENTED_EDGE('',*,*,#1433,.F.);
#2034=ORIENTED_EDGE('',*,*,#1372,.T.);
#2035=ORIENTED_EDGE('',*,*,#1441,.T.);
#2036=ORIENTED_EDGE('',*,*,#1376,.T.);
#2037=ORIENTED_EDGE('',*,*,#1435,.F.);
#2038=ORIENTED_EDGE('',*,*,#1356,.T.);
#2039=ORIENTED_EDGE('',*,*,#1442,.T.);
#2040=ORIENTED_EDGE('',*,*,#1371,.T.);
#2041=ORIENTED_EDGE('',*,*,#1436,.F.);
#2042=ORIENTED_EDGE('',*,*,#1399,.T.);
#2043=ORIENTED_EDGE('',*,*,#1443,.T.);
#2044=ORIENTED_EDGE('',*,*,#1360,.T.);
#2045=ORIENTED_EDGE('',*,*,#1438,.F.);
#2046=ORIENTED_EDGE('',*,*,#1394,.T.);
#2047=ORIENTED_EDGE('',*,*,#1444,.T.);
#2048=ORIENTED_EDGE('',*,*,#1402,.T.);
#2049=ORIENTED_EDGE('',*,*,#1437,.F.);
#2050=ORIENTED_EDGE('',*,*,#1350,.T.);
#2051=ORIENTED_EDGE('',*,*,#1445,.T.);
#2052=ORIENTED_EDGE('',*,*,#1391,.T.);
#2053=ORIENTED_EDGE('',*,*,#1201,.T.);
#2054=ORIENTED_EDGE('',*,*,#1348,.T.);
#2055=ORIENTED_EDGE('',*,*,#1446,.T.);
#2056=ORIENTED_EDGE('',*,*,#1349,.T.);
#2057=ORIENTED_EDGE('',*,*,#1447,.T.);
#2058=ORIENTED_EDGE('',*,*,#1385,.T.);
#2059=ORIENTED_EDGE('',*,*,#1448,.T.);
#2060=ORIENTED_EDGE('',*,*,#1347,.T.);
#2061=ORIENTED_EDGE('',*,*,#1439,.F.);
#2062=ORIENTED_EDGE('',*,*,#1440,.F.);
#2063=ORIENTED_EDGE('',*,*,#1449,.T.);
#2064=ORIENTED_EDGE('',*,*,#1447,.F.);
#2065=ORIENTED_EDGE('',*,*,#1442,.F.);
#2066=ORIENTED_EDGE('',*,*,#1450,.T.);
#2067=ORIENTED_EDGE('',*,*,#1441,.F.);
#2068=ORIENTED_EDGE('',*,*,#1444,.F.);
#2069=ORIENTED_EDGE('',*,*,#1451,.T.);
#2070=ORIENTED_EDGE('',*,*,#1443,.F.);
#2071=ORIENTED_EDGE('',*,*,#1446,.F.);
#2072=ORIENTED_EDGE('',*,*,#1448,.F.);
#2073=ORIENTED_EDGE('',*,*,#1452,.T.);
#2074=ORIENTED_EDGE('',*,*,#1445,.F.);
#2075=ORIENTED_EDGE('',*,*,#1449,.F.);
#2076=ORIENTED_EDGE('',*,*,#1378,.T.);
#2077=ORIENTED_EDGE('',*,*,#1453,.T.);
#2078=ORIENTED_EDGE('',*,*,#1386,.T.);
#2079=ORIENTED_EDGE('',*,*,#1450,.F.);
#2080=ORIENTED_EDGE('',*,*,#1355,.T.);
#2081=ORIENTED_EDGE('',*,*,#1454,.T.);
#2082=ORIENTED_EDGE('',*,*,#1377,.T.);
#2083=ORIENTED_EDGE('',*,*,#1451,.F.);
#2084=ORIENTED_EDGE('',*,*,#1393,.T.);
#2085=ORIENTED_EDGE('',*,*,#1455,.T.);
#2086=ORIENTED_EDGE('',*,*,#1361,.T.);
#2087=ORIENTED_EDGE('',*,*,#1452,.F.);
#2088=ORIENTED_EDGE('',*,*,#1384,.T.);
#2089=ORIENTED_EDGE('',*,*,#1456,.T.);
#2090=ORIENTED_EDGE('',*,*,#1392,.T.);
#2091=ORIENTED_EDGE('',*,*,#1454,.F.);
#2092=ORIENTED_EDGE('',*,*,#1457,.T.);
#2093=ORIENTED_EDGE('',*,*,#1453,.F.);
#2094=ORIENTED_EDGE('',*,*,#1456,.F.);
#2095=ORIENTED_EDGE('',*,*,#1458,.T.);
#2096=ORIENTED_EDGE('',*,*,#1455,.F.);
#2097=ORIENTED_EDGE('',*,*,#1457,.F.);
#2098=ORIENTED_EDGE('',*,*,#1362,.T.);
#2099=ORIENTED_EDGE('',*,*,#1458,.F.);
#2100=ORIENTED_EDGE('',*,*,#1383,.T.);
#2101=ORIENTED_EDGE('',*,*,#1236,.T.);
#2102=ORIENTED_EDGE('',*,*,#1459,.F.);
#2103=ORIENTED_EDGE('',*,*,#1363,.F.);
#2104=ORIENTED_EDGE('',*,*,#1460,.T.);
#2105=ORIENTED_EDGE('',*,*,#1237,.T.);
#2106=ORIENTED_EDGE('',*,*,#1460,.F.);
#2107=ORIENTED_EDGE('',*,*,#1370,.F.);
#2108=ORIENTED_EDGE('',*,*,#1461,.T.);
#2109=ORIENTED_EDGE('',*,*,#1238,.T.);
#2110=ORIENTED_EDGE('',*,*,#1461,.F.);
#2111=ORIENTED_EDGE('',*,*,#1369,.F.);
#2112=ORIENTED_EDGE('',*,*,#1462,.T.);
#2113=ORIENTED_EDGE('',*,*,#1239,.T.);
#2114=ORIENTED_EDGE('',*,*,#1462,.F.);
#2115=ORIENTED_EDGE('',*,*,#1368,.F.);
#2116=ORIENTED_EDGE('',*,*,#1463,.T.);
#2117=ORIENTED_EDGE('',*,*,#1240,.T.);
#2118=ORIENTED_EDGE('',*,*,#1463,.F.);
#2119=ORIENTED_EDGE('',*,*,#1367,.F.);
#2120=ORIENTED_EDGE('',*,*,#1464,.T.);
#2121=ORIENTED_EDGE('',*,*,#1241,.T.);
#2122=ORIENTED_EDGE('',*,*,#1464,.F.);
#2123=ORIENTED_EDGE('',*,*,#1366,.F.);
#2124=ORIENTED_EDGE('',*,*,#1465,.T.);
#2125=ORIENTED_EDGE('',*,*,#1242,.T.);
#2126=ORIENTED_EDGE('',*,*,#1465,.F.);
#2127=ORIENTED_EDGE('',*,*,#1365,.F.);
#2128=ORIENTED_EDGE('',*,*,#1466,.T.);
#2129=ORIENTED_EDGE('',*,*,#1235,.T.);
#2130=ORIENTED_EDGE('',*,*,#1466,.F.);
#2131=ORIENTED_EDGE('',*,*,#1364,.F.);
#2132=ORIENTED_EDGE('',*,*,#1459,.T.);
#2133=CYLINDRICAL_SURFACE('',#2373,2.24999999999997);
#2134=CYLINDRICAL_SURFACE('',#2376,2.25);
#2135=CYLINDRICAL_SURFACE('',#2379,2.25);
#2136=CYLINDRICAL_SURFACE('',#2382,28.);
#2137=CYLINDRICAL_SURFACE('',#2385,4.49999999999999);
#2138=CYLINDRICAL_SURFACE('',#2388,4.49999999999999);
#2139=CYLINDRICAL_SURFACE('',#2391,4.49999999999999);
#2140=CYLINDRICAL_SURFACE('',#2394,4.5);
#2141=CYLINDRICAL_SURFACE('',#2452,20.);
#2142=CYLINDRICAL_SURFACE('',#2454,20.);
#2143=CYLINDRICAL_SURFACE('',#2457,20.);
#2144=CYLINDRICAL_SURFACE('',#2465,20.);
#2145=CYLINDRICAL_SURFACE('',#2467,20.);
#2146=CYLINDRICAL_SURFACE('',#2469,20.);
#2147=CYLINDRICAL_SURFACE('',#2471,20.);
#2148=CYLINDRICAL_SURFACE('',#2474,20.);
#2149=CYLINDRICAL_SURFACE('',#2476,20.);
#2150=CYLINDRICAL_SURFACE('',#2478,20.);
#2151=CYLINDRICAL_SURFACE('',#2490,20.);
#2152=CYLINDRICAL_SURFACE('',#2492,20.);
#2153=CYLINDRICAL_SURFACE('',#2494,20.);
#2154=CYLINDRICAL_SURFACE('',#2496,20.);
#2155=CYLINDRICAL_SURFACE('',#2498,20.);
#2156=CYLINDRICAL_SURFACE('',#2500,20.);
#2157=CYLINDRICAL_SURFACE('',#2502,20.);
#2158=CYLINDRICAL_SURFACE('',#2504,20.);
#2159=CYLINDRICAL_SURFACE('',#2516,20.);
#2160=CYLINDRICAL_SURFACE('',#2518,20.);
#2161=CYLINDRICAL_SURFACE('',#2520,20.);
#2162=CYLINDRICAL_SURFACE('',#2522,20.);
#2163=CYLINDRICAL_SURFACE('',#2524,20.);
#2164=CYLINDRICAL_SURFACE('',#2526,20.);
#2165=CYLINDRICAL_SURFACE('',#2528,20.);
#2166=CYLINDRICAL_SURFACE('',#2530,20.);
#2167=CYLINDRICAL_SURFACE('',#2532,20.);
#2168=CYLINDRICAL_SURFACE('',#2543,20.);
#2169=CYLINDRICAL_SURFACE('',#2545,20.);
#2170=CYLINDRICAL_SURFACE('',#2547,20.);
#2171=CYLINDRICAL_SURFACE('',#2549,20.);
#2172=CYLINDRICAL_SURFACE('',#2555,20.);
#2173=CYLINDRICAL_SURFACE('',#2578,17.);
#2174=CYLINDRICAL_SURFACE('',#2580,17.);
#2175=CYLINDRICAL_SURFACE('',#2583,17.);
#2176=CYLINDRICAL_SURFACE('',#2591,17.);
#2177=CYLINDRICAL_SURFACE('',#2593,17.);
#2178=CYLINDRICAL_SURFACE('',#2595,17.);
#2179=CYLINDRICAL_SURFACE('',#2597,17.);
#2180=CYLINDRICAL_SURFACE('',#2600,17.);
#2181=CYLINDRICAL_SURFACE('',#2602,17.);
#2182=CYLINDRICAL_SURFACE('',#2604,17.);
#2183=CYLINDRICAL_SURFACE('',#2616,17.);
#2184=CYLINDRICAL_SURFACE('',#2618,17.);
#2185=CYLINDRICAL_SURFACE('',#2620,17.);
#2186=CYLINDRICAL_SURFACE('',#2622,17.);
#2187=CYLINDRICAL_SURFACE('',#2624,17.);
#2188=CYLINDRICAL_SURFACE('',#2626,17.);
#2189=CYLINDRICAL_SURFACE('',#2628,17.);
#2190=CYLINDRICAL_SURFACE('',#2630,17.);
#2191=CYLINDRICAL_SURFACE('',#2642,17.);
#2192=CYLINDRICAL_SURFACE('',#2644,17.);
#2193=CYLINDRICAL_SURFACE('',#2646,17.);
#2194=CYLINDRICAL_SURFACE('',#2648,17.);
#2195=CYLINDRICAL_SURFACE('',#2650,17.);
#2196=CYLINDRICAL_SURFACE('',#2652,17.);
#2197=CYLINDRICAL_SURFACE('',#2654,17.);
#2198=CYLINDRICAL_SURFACE('',#2656,17.);
#2199=CYLINDRICAL_SURFACE('',#2658,17.);
#2200=CYLINDRICAL_SURFACE('',#2669,17.);
#2201=CYLINDRICAL_SURFACE('',#2671,17.);
#2202=CYLINDRICAL_SURFACE('',#2673,17.);
#2203=CYLINDRICAL_SURFACE('',#2675,17.);
#2204=CYLINDRICAL_SURFACE('',#2681,17.);
#2205=ADVANCED_FACE('',(#134),#2133,.F.);
#2206=ADVANCED_FACE('',(#135),#2134,.F.);
#2207=ADVANCED_FACE('',(#136),#2135,.F.);
#2208=ADVANCED_FACE('',(#137),#2136,.F.);
#2209=ADVANCED_FACE('',(#138),#2137,.F.);
#2210=ADVANCED_FACE('',(#139),#2138,.F.);
#2211=ADVANCED_FACE('',(#140),#2139,.F.);
#2212=ADVANCED_FACE('',(#141),#2140,.F.);
#2213=ADVANCED_FACE('',(#142),#131,.T.);
#2214=ADVANCED_FACE('',(#143),#125,.T.);
#2215=ADVANCED_FACE('',(#144),#132,.T.);
#2216=ADVANCED_FACE('',(#145),#133,.F.);
#2217=ADVANCED_FACE('',(#146),#126,.F.);
#2218=ADVANCED_FACE('',(#147,#47),#84,.T.);
#2219=ADVANCED_FACE('',(#148),#85,.T.);
#2220=ADVANCED_FACE('',(#149),#86,.T.);
#2221=ADVANCED_FACE('',(#150),#87,.T.);
#2222=ADVANCED_FACE('',(#151),#88,.T.);
#2223=ADVANCED_FACE('',(#152),#89,.T.);
#2224=ADVANCED_FACE('',(#153),#90,.T.);
#2225=ADVANCED_FACE('',(#154),#91,.T.);
#2226=ADVANCED_FACE('',(#155),#92,.T.);
#2227=ADVANCED_FACE('',(#156,#48,#49,#50,#51,#52,#53),#93,.F.);
#2228=ADVANCED_FACE('',(#157,#54,#55,#56,#57),#94,.T.);
#2229=ADVANCED_FACE('',(#158),#95,.T.);
#2230=ADVANCED_FACE('',(#159),#96,.T.);
#2231=ADVANCED_FACE('',(#160),#97,.T.);
#2232=ADVANCED_FACE('',(#161),#98,.T.);
#2233=ADVANCED_FACE('',(#162),#99,.T.);
#2234=ADVANCED_FACE('',(#163),#100,.T.);
#2235=ADVANCED_FACE('',(#164),#101,.T.);
#2236=ADVANCED_FACE('',(#165),#102,.T.);
#2237=ADVANCED_FACE('',(#166),#2141,.T.);
#2238=ADVANCED_FACE('',(#167),#2142,.T.);
#2239=ADVANCED_FACE('',(#168),#2143,.T.);
#2240=ADVANCED_FACE('',(#169),#15,.T.);
#2241=ADVANCED_FACE('',(#170),#16,.T.);
#2242=ADVANCED_FACE('',(#171),#2144,.T.);
#2243=ADVANCED_FACE('',(#172),#2145,.T.);
#2244=ADVANCED_FACE('',(#173),#2146,.T.);
#2245=ADVANCED_FACE('',(#174),#2147,.T.);
#2246=ADVANCED_FACE('',(#175),#2148,.T.);
#2247=ADVANCED_FACE('',(#176),#2149,.T.);
#2248=ADVANCED_FACE('',(#177),#2150,.T.);
#2249=ADVANCED_FACE('',(#178),#17,.T.);
#2250=ADVANCED_FACE('',(#179),#18,.T.);
#2251=ADVANCED_FACE('',(#180),#19,.T.);
#2252=ADVANCED_FACE('',(#181),#20,.T.);
#2253=ADVANCED_FACE('',(#182),#2151,.T.);
#2254=ADVANCED_FACE('',(#183),#2152,.T.);
#2255=ADVANCED_FACE('',(#184),#2153,.T.);
#2256=ADVANCED_FACE('',(#185),#2154,.T.);
#2257=ADVANCED_FACE('',(#186),#2155,.T.);
#2258=ADVANCED_FACE('',(#187),#2156,.T.);
#2259=ADVANCED_FACE('',(#188),#2157,.T.);
#2260=ADVANCED_FACE('',(#189),#2158,.T.);
#2261=ADVANCED_FACE('',(#190),#21,.T.);
#2262=ADVANCED_FACE('',(#191),#22,.T.);
#2263=ADVANCED_FACE('',(#192),#23,.T.);
#2264=ADVANCED_FACE('',(#193),#24,.T.);
#2265=ADVANCED_FACE('',(#194),#2159,.T.);
#2266=ADVANCED_FACE('',(#195),#2160,.T.);
#2267=ADVANCED_FACE('',(#196),#2161,.T.);
#2268=ADVANCED_FACE('',(#197),#2162,.T.);
#2269=ADVANCED_FACE('',(#198),#2163,.T.);
#2270=ADVANCED_FACE('',(#199),#2164,.T.);
#2271=ADVANCED_FACE('',(#200),#2165,.T.);
#2272=ADVANCED_FACE('',(#201),#2166,.T.);
#2273=ADVANCED_FACE('',(#202),#2167,.T.);
#2274=ADVANCED_FACE('',(#203),#25,.T.);
#2275=ADVANCED_FACE('',(#204),#26,.T.);
#2276=ADVANCED_FACE('',(#205),#27,.T.);
#2277=ADVANCED_FACE('',(#206),#28,.T.);
#2278=ADVANCED_FACE('',(#207),#2168,.T.);
#2279=ADVANCED_FACE('',(#208),#2169,.T.);
#2280=ADVANCED_FACE('',(#209),#2170,.T.);
#2281=ADVANCED_FACE('',(#210),#2171,.T.);
#2282=ADVANCED_FACE('',(#211),#29,.T.);
#2283=ADVANCED_FACE('',(#212),#30,.T.);
#2284=ADVANCED_FACE('',(#213),#2172,.T.);
#2285=ADVANCED_FACE('',(#214),#103,.F.);
#2286=ADVANCED_FACE('',(#215),#104,.F.);
#2287=ADVANCED_FACE('',(#216),#105,.F.);
#2288=ADVANCED_FACE('',(#217),#106,.F.);
#2289=ADVANCED_FACE('',(#218),#107,.F.);
#2290=ADVANCED_FACE('',(#219),#108,.F.);
#2291=ADVANCED_FACE('',(#220),#109,.F.);
#2292=ADVANCED_FACE('',(#221),#110,.F.);
#2293=ADVANCED_FACE('',(#222,#58,#59,#60,#61,#62,#63),#111,.T.);
#2294=ADVANCED_FACE('',(#223,#64,#65,#66,#67),#112,.F.);
#2295=ADVANCED_FACE('',(#224),#113,.F.);
#2296=ADVANCED_FACE('',(#225),#114,.F.);
#2297=ADVANCED_FACE('',(#226),#115,.F.);
#2298=ADVANCED_FACE('',(#227),#116,.F.);
#2299=ADVANCED_FACE('',(#228),#117,.F.);
#2300=ADVANCED_FACE('',(#229),#118,.F.);
#2301=ADVANCED_FACE('',(#230),#119,.F.);
#2302=ADVANCED_FACE('',(#231),#120,.F.);
#2303=ADVANCED_FACE('',(#232),#2173,.F.);
#2304=ADVANCED_FACE('',(#233),#2174,.F.);
#2305=ADVANCED_FACE('',(#234),#2175,.F.);
#2306=ADVANCED_FACE('',(#235),#31,.F.);
#2307=ADVANCED_FACE('',(#236),#32,.F.);
#2308=ADVANCED_FACE('',(#237),#2176,.F.);
#2309=ADVANCED_FACE('',(#238),#2177,.F.);
#2310=ADVANCED_FACE('',(#239),#2178,.F.);
#2311=ADVANCED_FACE('',(#240),#2179,.F.);
#2312=ADVANCED_FACE('',(#241),#2180,.F.);
#2313=ADVANCED_FACE('',(#242),#2181,.F.);
#2314=ADVANCED_FACE('',(#243),#2182,.F.);
#2315=ADVANCED_FACE('',(#244),#33,.F.);
#2316=ADVANCED_FACE('',(#245),#34,.F.);
#2317=ADVANCED_FACE('',(#246),#35,.F.);
#2318=ADVANCED_FACE('',(#247),#36,.F.);
#2319=ADVANCED_FACE('',(#248),#2183,.F.);
#2320=ADVANCED_FACE('',(#249),#2184,.F.);
#2321=ADVANCED_FACE('',(#250),#2185,.F.);
#2322=ADVANCED_FACE('',(#251),#2186,.F.);
#2323=ADVANCED_FACE('',(#252),#2187,.F.);
#2324=ADVANCED_FACE('',(#253),#2188,.F.);
#2325=ADVANCED_FACE('',(#254),#2189,.F.);
#2326=ADVANCED_FACE('',(#255),#2190,.F.);
#2327=ADVANCED_FACE('',(#256),#37,.F.);
#2328=ADVANCED_FACE('',(#257),#38,.F.);
#2329=ADVANCED_FACE('',(#258),#39,.F.);
#2330=ADVANCED_FACE('',(#259),#40,.F.);
#2331=ADVANCED_FACE('',(#260),#2191,.F.);
#2332=ADVANCED_FACE('',(#261),#2192,.F.);
#2333=ADVANCED_FACE('',(#262),#2193,.F.);
#2334=ADVANCED_FACE('',(#263),#2194,.F.);
#2335=ADVANCED_FACE('',(#264),#2195,.F.);
#2336=ADVANCED_FACE('',(#265),#2196,.F.);
#2337=ADVANCED_FACE('',(#266),#2197,.F.);
#2338=ADVANCED_FACE('',(#267),#2198,.F.);
#2339=ADVANCED_FACE('',(#268),#2199,.F.);
#2340=ADVANCED_FACE('',(#269),#41,.F.);
#2341=ADVANCED_FACE('',(#270),#42,.F.);
#2342=ADVANCED_FACE('',(#271),#43,.F.);
#2343=ADVANCED_FACE('',(#272),#44,.F.);
#2344=ADVANCED_FACE('',(#273),#2200,.F.);
#2345=ADVANCED_FACE('',(#274),#2201,.F.);
#2346=ADVANCED_FACE('',(#275),#2202,.F.);
#2347=ADVANCED_FACE('',(#276),#2203,.F.);
#2348=ADVANCED_FACE('',(#277),#45,.F.);
#2349=ADVANCED_FACE('',(#278),#46,.F.);
#2350=ADVANCED_FACE('',(#279),#2204,.F.);
#2351=ADVANCED_FACE('',(#280),#127,.F.);
#2352=ADVANCED_FACE('',(#281),#121,.F.);
#2353=ADVANCED_FACE('',(#282),#128,.F.);
#2354=ADVANCED_FACE('',(#283),#122,.F.);
#2355=ADVANCED_FACE('',(#284),#129,.F.);
#2356=ADVANCED_FACE('',(#285),#123,.F.);
#2357=ADVANCED_FACE('',(#286),#130,.F.);
#2358=ADVANCED_FACE('',(#287),#124,.F.);
#2359=CLOSED_SHELL('',(#2205,#2206,#2207,#2208,#2209,#2210,#2211,#2212,
#2213,#2214,#2215,#2216,#2217,#2218,#2219,#2220,#2221,#2222,#2223,#2224,
#2225,#2226,#2227,#2228,#2229,#2230,#2231,#2232,#2233,#2234,#2235,#2236,
#2237,#2238,#2239,#2240,#2241,#2242,#2243,#2244,#2245,#2246,#2247,#2248,
#2249,#2250,#2251,#2252,#2253,#2254,#2255,#2256,#2257,#2258,#2259,#2260,
#2261,#2262,#2263,#2264,#2265,#2266,#2267,#2268,#2269,#2270,#2271,#2272,
#2273,#2274,#2275,#2276,#2277,#2278,#2279,#2280,#2281,#2282,#2283,#2284,
#2285,#2286,#2287,#2288,#2289,#2290,#2291,#2292,#2293,#2294,#2295,#2296,
#2297,#2298,#2299,#2300,#2301,#2302,#2303,#2304,#2305,#2306,#2307,#2308,
#2309,#2310,#2311,#2312,#2313,#2314,#2315,#2316,#2317,#2318,#2319,#2320,
#2321,#2322,#2323,#2324,#2325,#2326,#2327,#2328,#2329,#2330,#2331,#2332,
#2333,#2334,#2335,#2336,#2337,#2338,#2339,#2340,#2341,#2342,#2343,#2344,
#2345,#2346,#2347,#2348,#2349,#2350,#2351,#2352,#2353,#2354,#2355,#2356,
#2357,#2358));
#2360=DERIVED_UNIT_ELEMENT(#2362,1.);
#2361=DERIVED_UNIT_ELEMENT(#4173,-3.);
#2362=(
MASS_UNIT()
NAMED_UNIT(*)
SI_UNIT(.KILO.,.GRAM.)
);
#2363=DERIVED_UNIT((#2360,#2361));
#2364=MEASURE_REPRESENTATION_ITEM('density measure',
POSITIVE_RATIO_MEASURE(7850.),#2363);
#2365=PROPERTY_DEFINITION_REPRESENTATION(#2370,#2367);
#2366=PROPERTY_DEFINITION_REPRESENTATION(#2371,#2368);
#2367=REPRESENTATION('material name',(#2369),#4170);
#2368=REPRESENTATION('density',(#2364),#4170);
#2369=DESCRIPTIVE_REPRESENTATION_ITEM('Steel','Steel');
#2370=PROPERTY_DEFINITION('material property','material name',#4180);
#2371=PROPERTY_DEFINITION('material property','density of part',#4180);
#2372=AXIS2_PLACEMENT_3D('',#3496,#2690,#2691);
#2373=AXIS2_PLACEMENT_3D('',#3497,#2692,#2693);
#2374=AXIS2_PLACEMENT_3D('',#3499,#2694,#2695);
#2375=AXIS2_PLACEMENT_3D('',#3502,#2697,#2698);
#2376=AXIS2_PLACEMENT_3D('',#3503,#2699,#2700);
#2377=AXIS2_PLACEMENT_3D('',#3505,#2701,#2702);
#2378=AXIS2_PLACEMENT_3D('',#3508,#2704,#2705);
#2379=AXIS2_PLACEMENT_3D('',#3509,#2706,#2707);
#2380=AXIS2_PLACEMENT_3D('',#3511,#2708,#2709);
#2381=AXIS2_PLACEMENT_3D('',#3514,#2711,#2712);
#2382=AXIS2_PLACEMENT_3D('',#3515,#2713,#2714);
#2383=AXIS2_PLACEMENT_3D('',#3517,#2715,#2716);
#2384=AXIS2_PLACEMENT_3D('',#3520,#2718,#2719);
#2385=AXIS2_PLACEMENT_3D('',#3521,#2720,#2721);
#2386=AXIS2_PLACEMENT_3D('',#3523,#2722,#2723);
#2387=AXIS2_PLACEMENT_3D('',#3526,#2725,#2726);
#2388=AXIS2_PLACEMENT_3D('',#3527,#2727,#2728);
#2389=AXIS2_PLACEMENT_3D('',#3529,#2729,#2730);
#2390=AXIS2_PLACEMENT_3D('',#3532,#2732,#2733);
#2391=AXIS2_PLACEMENT_3D('',#3533,#2734,#2735);
#2392=AXIS2_PLACEMENT_3D('',#3535,#2736,#2737);
#2393=AXIS2_PLACEMENT_3D('',#3538,#2739,#2740);
#2394=AXIS2_PLACEMENT_3D('',#3539,#2741,#2742);
#2395=AXIS2_PLACEMENT_3D('',#3541,#2743,#2744);
#2396=AXIS2_PLACEMENT_3D('',#3544,#2746,#2747);
#2397=AXIS2_PLACEMENT_3D('',#3545,#2748,#2749);
#2398=AXIS2_PLACEMENT_3D('',#3547,#2750,#2751);
#2399=AXIS2_PLACEMENT_3D('',#3549,#2752,#2753);
#2400=AXIS2_PLACEMENT_3D('',#3550,#2754,#2755);
#2401=AXIS2_PLACEMENT_3D('',#3551,#2756,#2757);
#2402=AXIS2_PLACEMENT_3D('',#3553,#2758,#2759);
#2403=AXIS2_PLACEMENT_3D('',#3555,#2761,#2762);
#2404=AXIS2_PLACEMENT_3D('',#3557,#2763,#2764);
#2405=AXIS2_PLACEMENT_3D('',#3559,#2765,#2766);
#2406=AXIS2_PLACEMENT_3D('',#3561,#2767,#2768);
#2407=AXIS2_PLACEMENT_3D('',#3562,#2769,#2770);
#2408=AXIS2_PLACEMENT_3D('',#3563,#2771,#2772);
#2409=AXIS2_PLACEMENT_3D('',#3565,#2773,#2774);
#2410=AXIS2_PLACEMENT_3D('',#3567,#2775,#2776);
#2411=AXIS2_PLACEMENT_3D('',#3568,#2777,#2778);
#2412=AXIS2_PLACEMENT_3D('',#3569,#2779,#2780);
#2413=AXIS2_PLACEMENT_3D('',#3571,#2782,#2783);
#2414=AXIS2_PLACEMENT_3D('',#3576,#2785,#2786);
#2415=AXIS2_PLACEMENT_3D('',#3580,#2788,#2789);
#2416=AXIS2_PLACEMENT_3D('',#3584,#2791,#2792);
#2417=AXIS2_PLACEMENT_3D('',#3588,#2794,#2795);
#2418=AXIS2_PLACEMENT_3D('',#3592,#2797,#2798);
#2419=AXIS2_PLACEMENT_3D('',#3596,#2800,#2801);
#2420=AXIS2_PLACEMENT_3D('',#3600,#2803,#2804);
#2421=AXIS2_PLACEMENT_3D('',#3603,#2806,#2807);
#2422=AXIS2_PLACEMENT_3D('',#3606,#2808,#2809);
#2423=AXIS2_PLACEMENT_3D('',#3610,#2811,#2812);
#2424=AXIS2_PLACEMENT_3D('',#3614,#2814,#2815);
#2425=AXIS2_PLACEMENT_3D('',#3618,#2817,#2818);
#2426=AXIS2_PLACEMENT_3D('',#3622,#2820,#2821);
#2427=AXIS2_PLACEMENT_3D('',#3626,#2823,#2824);
#2428=AXIS2_PLACEMENT_3D('',#3630,#2826,#2827);
#2429=AXIS2_PLACEMENT_3D('',#3634,#2829,#2830);
#2430=AXIS2_PLACEMENT_3D('',#3636,#2832,#2833);
#2431=AXIS2_PLACEMENT_3D('',#3642,#2837,#2838);
#2432=AXIS2_PLACEMENT_3D('',#3648,#2842,#2843);
#2433=AXIS2_PLACEMENT_3D('',#3654,#2847,#2848);
#2434=AXIS2_PLACEMENT_3D('',#3660,#2852,#2853);
#2435=AXIS2_PLACEMENT_3D('',#3666,#2857,#2858);
#2436=AXIS2_PLACEMENT_3D('',#3672,#2862,#2863);
#2437=AXIS2_PLACEMENT_3D('',#3678,#2867,#2868);
#2438=AXIS2_PLACEMENT_3D('',#3684,#2872,#2873);
#2439=AXIS2_PLACEMENT_3D('',#3705,#2883,#2884);
#2440=AXIS2_PLACEMENT_3D('',#3709,#2886,#2887);
#2441=AXIS2_PLACEMENT_3D('',#3713,#2889,#2890);
#2442=AXIS2_PLACEMENT_3D('',#3716,#2892,#2893);
#2443=AXIS2_PLACEMENT_3D('',#3717,#2894,#2895);
#2444=AXIS2_PLACEMENT_3D('',#3718,#2896,#2897);
#2445=AXIS2_PLACEMENT_3D('',#3727,#2902,#2903);
#2446=AXIS2_PLACEMENT_3D('',#3736,#2908,#2909);
#2447=AXIS2_PLACEMENT_3D('',#3745,#2914,#2915);
#2448=AXIS2_PLACEMENT_3D('',#3754,#2920,#2921);
#2449=AXIS2_PLACEMENT_3D('',#3763,#2926,#2927);
#2450=AXIS2_PLACEMENT_3D('',#3772,#2932,#2933);
#2451=AXIS2_PLACEMENT_3D('',#3781,#2938,#2939);
#2452=AXIS2_PLACEMENT_3D('',#3790,#2944,#2945);
#2453=AXIS2_PLACEMENT_3D('',#3791,#2946,#2947);
#2454=AXIS2_PLACEMENT_3D('',#3792,#2948,#2949);
#2455=AXIS2_PLACEMENT_3D('',#3793,#2950,#2951);
#2456=AXIS2_PLACEMENT_3D('',#3794,#2952,#2953);
#2457=AXIS2_PLACEMENT_3D('',#3795,#2954,#2955);
#2458=AXIS2_PLACEMENT_3D('',#3796,#2956,#2957);
#2459=AXIS2_PLACEMENT_3D('',#3797,#2958,#2959);
#2460=AXIS2_PLACEMENT_3D('',#3798,#2960,#2961);
#2461=AXIS2_PLACEMENT_3D('',#3799,#2962,#2963);
#2462=AXIS2_PLACEMENT_3D('',#3800,#2964,#2965);
#2463=AXIS2_PLACEMENT_3D('',#3801,#2966,#2967);
#2464=AXIS2_PLACEMENT_3D('',#3802,#2968,#2969);
#2465=AXIS2_PLACEMENT_3D('',#3803,#2970,#2971);
#2466=AXIS2_PLACEMENT_3D('',#3804,#2972,#2973);
#2467=AXIS2_PLACEMENT_3D('',#3805,#2974,#2975);
#2468=AXIS2_PLACEMENT_3D('',#3806,#2976,#2977);
#2469=AXIS2_PLACEMENT_3D('',#3807,#2978,#2979);
#2470=AXIS2_PLACEMENT_3D('',#3808,#2980,#2981);
#2471=AXIS2_PLACEMENT_3D('',#3809,#2982,#2983);
#2472=AXIS2_PLACEMENT_3D('',#3810,#2984,#2985);
#2473=AXIS2_PLACEMENT_3D('',#3811,#2986,#2987);
#2474=AXIS2_PLACEMENT_3D('',#3812,#2988,#2989);
#2475=AXIS2_PLACEMENT_3D('',#3813,#2990,#2991);
#2476=AXIS2_PLACEMENT_3D('',#3814,#2992,#2993);
#2477=AXIS2_PLACEMENT_3D('',#3815,#2994,#2995);
#2478=AXIS2_PLACEMENT_3D('',#3816,#2996,#2997);
#2479=AXIS2_PLACEMENT_3D('',#3817,#2998,#2999);
#2480=AXIS2_PLACEMENT_3D('',#3818,#3000,#3001);
#2481=AXIS2_PLACEMENT_3D('',#3819,#3002,#3003);
#2482=AXIS2_PLACEMENT_3D('',#3820,#3004,#3005);
#2483=AXIS2_PLACEMENT_3D('',#3821,#3006,#3007);
#2484=AXIS2_PLACEMENT_3D('',#3822,#3008,#3009);
#2485=AXIS2_PLACEMENT_3D('',#3823,#3010,#3011);
#2486=AXIS2_PLACEMENT_3D('',#3824,#3012,#3013);
#2487=AXIS2_PLACEMENT_3D('',#3825,#3014,#3015);
#2488=AXIS2_PLACEMENT_3D('',#3826,#3016,#3017);
#2489=AXIS2_PLACEMENT_3D('',#3827,#3018,#3019);
#2490=AXIS2_PLACEMENT_3D('',#3828,#3020,#3021);
#2491=AXIS2_PLACEMENT_3D('',#3829,#3022,#3023);
#2492=AXIS2_PLACEMENT_3D('',#3830,#3024,#3025);
#2493=AXIS2_PLACEMENT_3D('',#3831,#3026,#3027);
#2494=AXIS2_PLACEMENT_3D('',#3832,#3028,#3029);
#2495=AXIS2_PLACEMENT_3D('',#3833,#3030,#3031);
#2496=AXIS2_PLACEMENT_3D('',#3834,#3032,#3033);
#2497=AXIS2_PLACEMENT_3D('',#3835,#3034,#3035);
#2498=AXIS2_PLACEMENT_3D('',#3836,#3036,#3037);
#2499=AXIS2_PLACEMENT_3D('',#3837,#3038,#3039);
#2500=AXIS2_PLACEMENT_3D('',#3838,#3040,#3041);
#2501=AXIS2_PLACEMENT_3D('',#3839,#3042,#3043);
#2502=AXIS2_PLACEMENT_3D('',#3840,#3044,#3045);
#2503=AXIS2_PLACEMENT_3D('',#3841,#3046,#3047);
#2504=AXIS2_PLACEMENT_3D('',#3842,#3048,#3049);
#2505=AXIS2_PLACEMENT_3D('',#3843,#3050,#3051);
#2506=AXIS2_PLACEMENT_3D('',#3844,#3052,#3053);
#2507=AXIS2_PLACEMENT_3D('',#3845,#3054,#3055);
#2508=AXIS2_PLACEMENT_3D('',#3846,#3056,#3057);
#2509=AXIS2_PLACEMENT_3D('',#3847,#3058,#3059);
#2510=AXIS2_PLACEMENT_3D('',#3848,#3060,#3061);
#2511=AXIS2_PLACEMENT_3D('',#3849,#3062,#3063);
#2512=AXIS2_PLACEMENT_3D('',#3850,#3064,#3065);
#2513=AXIS2_PLACEMENT_3D('',#3851,#3066,#3067);
#2514=AXIS2_PLACEMENT_3D('',#3852,#3068,#3069);
#2515=AXIS2_PLACEMENT_3D('',#3853,#3070,#3071);
#2516=AXIS2_PLACEMENT_3D('',#3854,#3072,#3073);
#2517=AXIS2_PLACEMENT_3D('',#3855,#3074,#3075);
#2518=AXIS2_PLACEMENT_3D('',#3856,#3076,#3077);
#2519=AXIS2_PLACEMENT_3D('',#3857,#3078,#3079);
#2520=AXIS2_PLACEMENT_3D('',#3858,#3080,#3081);
#2521=AXIS2_PLACEMENT_3D('',#3859,#3082,#3083);
#2522=AXIS2_PLACEMENT_3D('',#3860,#3084,#3085);
#2523=AXIS2_PLACEMENT_3D('',#3861,#3086,#3087);
#2524=AXIS2_PLACEMENT_3D('',#3862,#3088,#3089);
#2525=AXIS2_PLACEMENT_3D('',#3863,#3090,#3091);
#2526=AXIS2_PLACEMENT_3D('',#3864,#3092,#3093);
#2527=AXIS2_PLACEMENT_3D('',#3865,#3094,#3095);
#2528=AXIS2_PLACEMENT_3D('',#3866,#3096,#3097);
#2529=AXIS2_PLACEMENT_3D('',#3867,#3098,#3099);
#2530=AXIS2_PLACEMENT_3D('',#3868,#3100,#3101);
#2531=AXIS2_PLACEMENT_3D('',#3869,#3102,#3103);
#2532=AXIS2_PLACEMENT_3D('',#3870,#3104,#3105);
#2533=AXIS2_PLACEMENT_3D('',#3871,#3106,#3107);
#2534=AXIS2_PLACEMENT_3D('',#3872,#3108,#3109);
#2535=AXIS2_PLACEMENT_3D('',#3873,#3110,#3111);
#2536=AXIS2_PLACEMENT_3D('',#3874,#3112,#3113);
#2537=AXIS2_PLACEMENT_3D('',#3875,#3114,#3115);
#2538=AXIS2_PLACEMENT_3D('',#3876,#3116,#3117);
#2539=AXIS2_PLACEMENT_3D('',#3877,#3118,#3119);
#2540=AXIS2_PLACEMENT_3D('',#3878,#3120,#3121);
#2541=AXIS2_PLACEMENT_3D('',#3879,#3122,#3123);
#2542=AXIS2_PLACEMENT_3D('',#3880,#3124,#3125);
#2543=AXIS2_PLACEMENT_3D('',#3881,#3126,#3127);
#2544=AXIS2_PLACEMENT_3D('',#3882,#3128,#3129);
#2545=AXIS2_PLACEMENT_3D('',#3883,#3130,#3131);
#2546=AXIS2_PLACEMENT_3D('',#3884,#3132,#3133);
#2547=AXIS2_PLACEMENT_3D('',#3885,#3134,#3135);
#2548=AXIS2_PLACEMENT_3D('',#3886,#3136,#3137);
#2549=AXIS2_PLACEMENT_3D('',#3887,#3138,#3139);
#2550=AXIS2_PLACEMENT_3D('',#3888,#3140,#3141);
#2551=AXIS2_PLACEMENT_3D('',#3889,#3142,#3143);
#2552=AXIS2_PLACEMENT_3D('',#3890,#3144,#3145);
#2553=AXIS2_PLACEMENT_3D('',#3891,#3146,#3147);
#2554=AXIS2_PLACEMENT_3D('',#3892,#3148,#3149);
#2555=AXIS2_PLACEMENT_3D('',#3893,#3150,#3151);
#2556=AXIS2_PLACEMENT_3D('',#3894,#3152,#3153);
#2557=AXIS2_PLACEMENT_3D('',#3900,#3157,#3158);
#2558=AXIS2_PLACEMENT_3D('',#3906,#3162,#3163);
#2559=AXIS2_PLACEMENT_3D('',#3912,#3167,#3168);
#2560=AXIS2_PLACEMENT_3D('',#3918,#3172,#3173);
#2561=AXIS2_PLACEMENT_3D('',#3924,#3177,#3178);
#2562=AXIS2_PLACEMENT_3D('',#3930,#3182,#3183);
#2563=AXIS2_PLACEMENT_3D('',#3936,#3187,#3188);
#2564=AXIS2_PLACEMENT_3D('',#3942,#3192,#3193);
#2565=AXIS2_PLACEMENT_3D('',#3961,#3202,#3203);
#2566=AXIS2_PLACEMENT_3D('',#3965,#3205,#3206);
#2567=AXIS2_PLACEMENT_3D('',#3969,#3208,#3209);
#2568=AXIS2_PLACEMENT_3D('',#3973,#3211,#3212);
#2569=AXIS2_PLACEMENT_3D('',#3975,#3214,#3215);
#2570=AXIS2_PLACEMENT_3D('',#3976,#3216,#3217);
#2571=AXIS2_PLACEMENT_3D('',#3985,#3222,#3223);
#2572=AXIS2_PLACEMENT_3D('',#3994,#3228,#3229);
#2573=AXIS2_PLACEMENT_3D('',#4003,#3234,#3235);
#2574=AXIS2_PLACEMENT_3D('',#4012,#3240,#3241);
#2575=AXIS2_PLACEMENT_3D('',#4021,#3246,#3247);
#2576=AXIS2_PLACEMENT_3D('',#4030,#3252,#3253);
#2577=AXIS2_PLACEMENT_3D('',#4039,#3258,#3259);
#2578=AXIS2_PLACEMENT_3D('',#4048,#3264,#3265);
#2579=AXIS2_PLACEMENT_3D('',#4049,#3266,#3267);
#2580=AXIS2_PLACEMENT_3D('',#4050,#3268,#3269);
#2581=AXIS2_PLACEMENT_3D('',#4051,#3270,#3271);
#2582=AXIS2_PLACEMENT_3D('',#4052,#3272,#3273);
#2583=AXIS2_PLACEMENT_3D('',#4053,#3274,#3275);
#2584=AXIS2_PLACEMENT_3D('',#4054,#3276,#3277);
#2585=AXIS2_PLACEMENT_3D('',#4055,#3278,#3279);
#2586=AXIS2_PLACEMENT_3D('',#4056,#3280,#3281);
#2587=AXIS2_PLACEMENT_3D('',#4057,#3282,#3283);
#2588=AXIS2_PLACEMENT_3D('',#4058,#3284,#3285);
#2589=AXIS2_PLACEMENT_3D('',#4059,#3286,#3287);
#2590=AXIS2_PLACEMENT_3D('',#4060,#3288,#3289);
#2591=AXIS2_PLACEMENT_3D('',#4061,#3290,#3291);
#2592=AXIS2_PLACEMENT_3D('',#4062,#3292,#3293);
#2593=AXIS2_PLACEMENT_3D('',#4063,#3294,#3295);
#2594=AXIS2_PLACEMENT_3D('',#4064,#3296,#3297);
#2595=AXIS2_PLACEMENT_3D('',#4065,#3298,#3299);
#2596=AXIS2_PLACEMENT_3D('',#4066,#3300,#3301);
#2597=AXIS2_PLACEMENT_3D('',#4067,#3302,#3303);
#2598=AXIS2_PLACEMENT_3D('',#4068,#3304,#3305);
#2599=AXIS2_PLACEMENT_3D('',#4069,#3306,#3307);
#2600=AXIS2_PLACEMENT_3D('',#4070,#3308,#3309);
#2601=AXIS2_PLACEMENT_3D('',#4071,#3310,#3311);
#2602=AXIS2_PLACEMENT_3D('',#4072,#3312,#3313);
#2603=AXIS2_PLACEMENT_3D('',#4073,#3314,#3315);
#2604=AXIS2_PLACEMENT_3D('',#4074,#3316,#3317);
#2605=AXIS2_PLACEMENT_3D('',#4075,#3318,#3319);
#2606=AXIS2_PLACEMENT_3D('',#4076,#3320,#3321);
#2607=AXIS2_PLACEMENT_3D('',#4077,#3322,#3323);
#2608=AXIS2_PLACEMENT_3D('',#4078,#3324,#3325);
#2609=AXIS2_PLACEMENT_3D('',#4079,#3326,#3327);
#2610=AXIS2_PLACEMENT_3D('',#4080,#3328,#3329);
#2611=AXIS2_PLACEMENT_3D('',#4081,#3330,#3331);
#2612=AXIS2_PLACEMENT_3D('',#4082,#3332,#3333);
#2613=AXIS2_PLACEMENT_3D('',#4083,#3334,#3335);
#2614=AXIS2_PLACEMENT_3D('',#4084,#3336,#3337);
#2615=AXIS2_PLACEMENT_3D('',#4085,#3338,#3339);
#2616=AXIS2_PLACEMENT_3D('',#4086,#3340,#3341);
#2617=AXIS2_PLACEMENT_3D('',#4087,#3342,#3343);
#2618=AXIS2_PLACEMENT_3D('',#4088,#3344,#3345);
#2619=AXIS2_PLACEMENT_3D('',#4089,#3346,#3347);
#2620=AXIS2_PLACEMENT_3D('',#4090,#3348,#3349);
#2621=AXIS2_PLACEMENT_3D('',#4091,#3350,#3351);
#2622=AXIS2_PLACEMENT_3D('',#4092,#3352,#3353);
#2623=AXIS2_PLACEMENT_3D('',#4093,#3354,#3355);
#2624=AXIS2_PLACEMENT_3D('',#4094,#3356,#3357);
#2625=AXIS2_PLACEMENT_3D('',#4095,#3358,#3359);
#2626=AXIS2_PLACEMENT_3D('',#4096,#3360,#3361);
#2627=AXIS2_PLACEMENT_3D('',#4097,#3362,#3363);
#2628=AXIS2_PLACEMENT_3D('',#4098,#3364,#3365);
#2629=AXIS2_PLACEMENT_3D('',#4099,#3366,#3367);
#2630=AXIS2_PLACEMENT_3D('',#4100,#3368,#3369);
#2631=AXIS2_PLACEMENT_3D('',#4101,#3370,#3371);
#2632=AXIS2_PLACEMENT_3D('',#4102,#3372,#3373);
#2633=AXIS2_PLACEMENT_3D('',#4103,#3374,#3375);
#2634=AXIS2_PLACEMENT_3D('',#4104,#3376,#3377);
#2635=AXIS2_PLACEMENT_3D('',#4105,#3378,#3379);
#2636=AXIS2_PLACEMENT_3D('',#4106,#3380,#3381);
#2637=AXIS2_PLACEMENT_3D('',#4107,#3382,#3383);
#2638=AXIS2_PLACEMENT_3D('',#4108,#3384,#3385);
#2639=AXIS2_PLACEMENT_3D('',#4109,#3386,#3387);
#2640=AXIS2_PLACEMENT_3D('',#4110,#3388,#3389);
#2641=AXIS2_PLACEMENT_3D('',#4111,#3390,#3391);
#2642=AXIS2_PLACEMENT_3D('',#4112,#3392,#3393);
#2643=AXIS2_PLACEMENT_3D('',#4113,#3394,#3395);
#2644=AXIS2_PLACEMENT_3D('',#4114,#3396,#3397);
#2645=AXIS2_PLACEMENT_3D('',#4115,#3398,#3399);
#2646=AXIS2_PLACEMENT_3D('',#4116,#3400,#3401);
#2647=AXIS2_PLACEMENT_3D('',#4117,#3402,#3403);
#2648=AXIS2_PLACEMENT_3D('',#4118,#3404,#3405);
#2649=AXIS2_PLACEMENT_3D('',#4119,#3406,#3407);
#2650=AXIS2_PLACEMENT_3D('',#4120,#3408,#3409);
#2651=AXIS2_PLACEMENT_3D('',#4121,#3410,#3411);
#2652=AXIS2_PLACEMENT_3D('',#4122,#3412,#3413);
#2653=AXIS2_PLACEMENT_3D('',#4123,#3414,#3415);
#2654=AXIS2_PLACEMENT_3D('',#4124,#3416,#3417);
#2655=AXIS2_PLACEMENT_3D('',#4125,#3418,#3419);
#2656=AXIS2_PLACEMENT_3D('',#4126,#3420,#3421);
#2657=AXIS2_PLACEMENT_3D('',#4127,#3422,#3423);
#2658=AXIS2_PLACEMENT_3D('',#4128,#3424,#3425);
#2659=AXIS2_PLACEMENT_3D('',#4129,#3426,#3427);
#2660=AXIS2_PLACEMENT_3D('',#4130,#3428,#3429);
#2661=AXIS2_PLACEMENT_3D('',#4131,#3430,#3431);
#2662=AXIS2_PLACEMENT_3D('',#4132,#3432,#3433);
#2663=AXIS2_PLACEMENT_3D('',#4133,#3434,#3435);
#2664=AXIS2_PLACEMENT_3D('',#4134,#3436,#3437);
#2665=AXIS2_PLACEMENT_3D('',#4135,#3438,#3439);
#2666=AXIS2_PLACEMENT_3D('',#4136,#3440,#3441);
#2667=AXIS2_PLACEMENT_3D('',#4137,#3442,#3443);
#2668=AXIS2_PLACEMENT_3D('',#4138,#3444,#3445);
#2669=AXIS2_PLACEMENT_3D('',#4139,#3446,#3447);
#2670=AXIS2_PLACEMENT_3D('',#4140,#3448,#3449);
#2671=AXIS2_PLACEMENT_3D('',#4141,#3450,#3451);
#2672=AXIS2_PLACEMENT_3D('',#4142,#3452,#3453);
#2673=AXIS2_PLACEMENT_3D('',#4143,#3454,#3455);
#2674=AXIS2_PLACEMENT_3D('',#4144,#3456,#3457);
#2675=AXIS2_PLACEMENT_3D('',#4145,#3458,#3459);
#2676=AXIS2_PLACEMENT_3D('',#4146,#3460,#3461);
#2677=AXIS2_PLACEMENT_3D('',#4147,#3462,#3463);
#2678=AXIS2_PLACEMENT_3D('',#4148,#3464,#3465);
#2679=AXIS2_PLACEMENT_3D('',#4149,#3466,#3467);
#2680=AXIS2_PLACEMENT_3D('',#4150,#3468,#3469);
#2681=AXIS2_PLACEMENT_3D('',#4151,#3470,#3471);
#2682=AXIS2_PLACEMENT_3D('',#4152,#3472,#3473);
#2683=AXIS2_PLACEMENT_3D('',#4155,#3476,#3477);
#2684=AXIS2_PLACEMENT_3D('',#4157,#3479,#3480);
#2685=AXIS2_PLACEMENT_3D('',#4159,#3482,#3483);
#2686=AXIS2_PLACEMENT_3D('',#4161,#3485,#3486);
#2687=AXIS2_PLACEMENT_3D('',#4163,#3488,#3489);
#2688=AXIS2_PLACEMENT_3D('',#4165,#3491,#3492);
#2689=AXIS2_PLACEMENT_3D('',#4167,#3494,#3495);
#2690=DIRECTION('axis',(0.,0.,1.));
#2691=DIRECTION('refdir',(1.,0.,0.));
#2692=DIRECTION('center_axis',(0.,1.,0.));
#2693=DIRECTION('ref_axis',(0.,0.,1.));
#2694=DIRECTION('center_axis',(0.,1.,0.));
#2695=DIRECTION('ref_axis',(0.,0.,1.));
#2696=DIRECTION('',(0.,1.,0.));
#2697=DIRECTION('center_axis',(0.,1.,0.));
#2698=DIRECTION('ref_axis',(0.,0.,1.));
#2699=DIRECTION('center_axis',(0.,1.,0.));
#2700=DIRECTION('ref_axis',(0.,0.,1.));
#2701=DIRECTION('center_axis',(0.,1.,0.));
#2702=DIRECTION('ref_axis',(0.,0.,1.));
#2703=DIRECTION('',(0.,1.,0.));
#2704=DIRECTION('center_axis',(0.,1.,0.));
#2705=DIRECTION('ref_axis',(0.,0.,1.));
#2706=DIRECTION('center_axis',(0.,1.,0.));
#2707=DIRECTION('ref_axis',(0.,0.,1.));
#2708=DIRECTION('center_axis',(0.,1.,0.));
#2709=DIRECTION('ref_axis',(0.,0.,1.));
#2710=DIRECTION('',(0.,1.,0.));
#2711=DIRECTION('center_axis',(0.,1.,0.));
#2712=DIRECTION('ref_axis',(0.,0.,1.));
#2713=DIRECTION('center_axis',(0.,1.,0.));
#2714=DIRECTION('ref_axis',(0.,0.,1.));
#2715=DIRECTION('center_axis',(0.,1.,0.));
#2716=DIRECTION('ref_axis',(0.,0.,1.));
#2717=DIRECTION('',(0.,1.,0.));
#2718=DIRECTION('center_axis',(0.,1.,0.));
#2719=DIRECTION('ref_axis',(0.,0.,1.));
#2720=DIRECTION('center_axis',(0.,1.,0.));
#2721=DIRECTION('ref_axis',(0.,0.,1.));
#2722=DIRECTION('center_axis',(0.,1.,0.));
#2723=DIRECTION('ref_axis',(0.,0.,1.));
#2724=DIRECTION('',(0.,1.,0.));
#2725=DIRECTION('center_axis',(0.,1.,0.));
#2726=DIRECTION('ref_axis',(0.,0.,1.));
#2727=DIRECTION('center_axis',(0.,1.,0.));
#2728=DIRECTION('ref_axis',(0.,0.,1.));
#2729=DIRECTION('center_axis',(0.,1.,0.));
#2730=DIRECTION('ref_axis',(0.,0.,1.));
#2731=DIRECTION('',(0.,1.,0.));
#2732=DIRECTION('center_axis',(0.,1.,0.));
#2733=DIRECTION('ref_axis',(0.,0.,1.));
#2734=DIRECTION('center_axis',(0.,1.,0.));
#2735=DIRECTION('ref_axis',(0.,0.,1.));
#2736=DIRECTION('center_axis',(0.,1.,0.));
#2737=DIRECTION('ref_axis',(0.,0.,1.));
#2738=DIRECTION('',(0.,1.,0.));
#2739=DIRECTION('center_axis',(0.,1.,0.));
#2740=DIRECTION('ref_axis',(0.,0.,1.));
#2741=DIRECTION('center_axis',(0.,1.,0.));
#2742=DIRECTION('ref_axis',(0.,0.,1.));
#2743=DIRECTION('center_axis',(0.,1.,0.));
#2744=DIRECTION('ref_axis',(0.,0.,1.));
#2745=DIRECTION('',(0.,1.,0.));
#2746=DIRECTION('center_axis',(0.,1.,0.));
#2747=DIRECTION('ref_axis',(0.,0.,1.));
#2748=DIRECTION('center_axis',(0.,1.,0.));
#2749=DIRECTION('ref_axis',(0.,0.,1.));
#2750=DIRECTION('center_axis',(0.,-1.,0.));
#2751=DIRECTION('ref_axis',(0.,0.,1.));
#2752=DIRECTION('center_axis',(-1.,0.,1.22464679914735E-16));
#2753=DIRECTION('ref_axis',(-1.22464679914735E-16,0.,-1.));
#2754=DIRECTION('center_axis',(0.,1.,0.));
#2755=DIRECTION('ref_axis',(0.,0.,1.));
#2756=DIRECTION('center_axis',(0.,1.,0.));
#2757=DIRECTION('ref_axis',(0.,0.,1.));
#2758=DIRECTION('center_axis',(0.,1.,0.));
#2759=DIRECTION('ref_axis',(0.,0.,-1.));
#2760=DIRECTION('',(2.12657684957578E-17,-0.984807753012208,0.173648177666931));
#2761=DIRECTION('center_axis',(0.,-1.,0.));
#2762=DIRECTION('ref_axis',(0.,0.,-1.));
#2763=DIRECTION('center_axis',(0.,-1.,0.));
#2764=DIRECTION('ref_axis',(0.,0.,-1.));
#2765=DIRECTION('center_axis',(-1.,0.,-1.22464679914735E-16));
#2766=DIRECTION('ref_axis',(-1.22464679914735E-16,0.,1.));
#2767=DIRECTION('center_axis',(0.,1.,0.));
#2768=DIRECTION('ref_axis',(0.,0.,-1.));
#2769=DIRECTION('center_axis',(0.,1.,0.));
#2770=DIRECTION('ref_axis',(0.,0.,-1.));
#2771=DIRECTION('center_axis',(0.,1.,0.));
#2772=DIRECTION('ref_axis',(0.,0.,1.));
#2773=DIRECTION('center_axis',(0.,1.,0.));
#2774=DIRECTION('ref_axis',(0.,0.,1.));
#2775=DIRECTION('center_axis',(1.,0.,-1.22464679914735E-16));
#2776=DIRECTION('ref_axis',(-1.22464679914735E-16,0.,-1.));
#2777=DIRECTION('center_axis',(0.,-1.,0.));
#2778=DIRECTION('ref_axis',(0.,0.,-1.));
#2779=DIRECTION('center_axis',(0.,1.,0.));
#2780=DIRECTION('ref_axis',(0.,0.,1.));
#2781=DIRECTION('',(-2.12657684957578E-17,0.984807753012208,-0.173648177666931));
#2782=DIRECTION('center_axis',(0.,-1.,0.));
#2783=DIRECTION('ref_axis',(0.,0.,-1.));
#2784=DIRECTION('',(-0.707106781186547,0.,-0.707106781186547));
#2785=DIRECTION('center_axis',(0.,-1.,0.));
#2786=DIRECTION('ref_axis',(0.923879532534623,0.,-0.382683432308751));
#2787=DIRECTION('',(-2.61845052977631E-16,0.,-1.));
#2788=DIRECTION('center_axis',(0.,-1.,0.));
#2789=DIRECTION('ref_axis',(0.923879532505515,0.,0.382683432379023));
#2790=DIRECTION('',(0.707106781186547,0.,-0.707106781186548));
#2791=DIRECTION('center_axis',(0.,-1.,0.));
#2792=DIRECTION('ref_axis',(-0.382683432332625,0.,-0.923879532524734));
#2793=DIRECTION('',(1.,0.,0.));
#2794=DIRECTION('center_axis',(0.,-1.,0.));
#2795=DIRECTION('ref_axis',(0.382683432332426,0.,-0.923879532524817));
#2796=DIRECTION('',(0.707106781186547,0.,0.707106781186548));
#2797=DIRECTION('center_axis',(0.,-1.,0.));
#2798=DIRECTION('ref_axis',(0.923879532513365,0.,-0.382683432360073));
#2799=DIRECTION('',(2.61845052977631E-16,0.,1.));
#2800=DIRECTION('center_axis',(0.,-1.,0.));
#2801=DIRECTION('ref_axis',(0.923879532499667,0.,0.382683432393142));
#2802=DIRECTION('',(-0.707106781186547,0.,0.707106781186547));
#2803=DIRECTION('center_axis',(0.,-1.,0.));
#2804=DIRECTION('ref_axis',(-0.382683432353194,0.,-0.923879532516214));
#2805=DIRECTION('',(-1.,0.,0.));
#2806=DIRECTION('center_axis',(0.,-1.,0.));
#2807=DIRECTION('ref_axis',(0.382683432274544,0.,-0.923879532548792));
#2808=DIRECTION('center_axis',(0.,-1.,0.));
#2809=DIRECTION('ref_axis',(0.92387953252576,0.,-0.382683432330147));
#2810=DIRECTION('',(-0.707106781186548,0.,-0.707106781186548));
#2811=DIRECTION('center_axis',(0.,-1.,0.));
#2812=DIRECTION('ref_axis',(0.382683432332574,0.,-0.923879532524755));
#2813=DIRECTION('',(-1.,0.,0.));
#2814=DIRECTION('center_axis',(0.,-1.,0.));
#2815=DIRECTION('ref_axis',(-0.382683432338159,0.,-0.923879532522442));
#2816=DIRECTION('',(-0.707106781186548,0.,0.707106781186548));
#2817=DIRECTION('center_axis',(0.,-1.,0.));
#2818=DIRECTION('ref_axis',(0.923879532505648,0.,0.382683432378703));
#2819=DIRECTION('',(2.61845052977631E-16,0.,1.));
#2820=DIRECTION('center_axis',(0.,-1.,0.));
#2821=DIRECTION('ref_axis',(0.923879532485003,0.,-0.382683432428543));
#2822=DIRECTION('',(0.707106781186547,0.,0.707106781186548));
#2823=DIRECTION('center_axis',(0.,-1.,0.));
#2824=DIRECTION('ref_axis',(0.382683432352066,0.,-0.923879532516681));
#2825=DIRECTION('',(1.,0.,0.));
#2826=DIRECTION('center_axis',(0.,-1.,0.));
#2827=DIRECTION('ref_axis',(-0.382683432318184,0.,-0.923879532530716));
#2828=DIRECTION('',(0.707106781186547,0.,-0.707106781186548));
#2829=DIRECTION('center_axis',(0.,-1.,0.));
#2830=DIRECTION('ref_axis',(0.923879532505494,0.,0.382683432379075));
#2831=DIRECTION('',(-2.61845052977631E-16,0.,-1.));
#2832=DIRECTION('center_axis',(0.,0.0697564737441255,-0.997564050259824));
#2833=DIRECTION('ref_axis',(0.,0.997564050259824,0.0697564737441255));
#2834=DIRECTION('',(1.,0.,0.));
#2835=DIRECTION('',(0.0288820236689142,-0.997147893809341,-0.0697273732502735));
#2836=DIRECTION('',(0.0288820236689142,0.997147893809341,0.0697273732502735));
#2837=DIRECTION('center_axis',(-0.70538430460664,0.0697564737441255,-0.70538430460664));
#2838=DIRECTION('ref_axis',(-0.707106781186548,0.,0.707106781186548));
#2839=DIRECTION('',(0.707106781186547,0.,-0.707106781186547));
#2840=DIRECTION('',(-0.0288820236689142,-0.997147893809341,-0.0697273732502735));
#2841=DIRECTION('',(0.0697273732502735,0.997147893809341,0.0288820236689142));
#2842=DIRECTION('center_axis',(-0.997564050259824,0.0697564737441255,2.61207211588864E-16));
#2843=DIRECTION('ref_axis',(-0.0697564737441255,-0.997564050259824,3.08148791101958E-33));
#2844=DIRECTION('',(-2.61845052977631E-16,-3.08148791101958E-32,-1.));
#2845=DIRECTION('',(-0.0697273732502735,-0.997147893809341,-0.0288820236689142));
#2846=DIRECTION('',(0.0697273732502734,0.997147893809341,-0.0288820236689142));
#2847=DIRECTION('center_axis',(-0.70538430460664,0.0697564737441255,0.705384304606639));
#2848=DIRECTION('ref_axis',(0.707106781186547,0.,0.707106781186548));
#2849=DIRECTION('',(-0.707106781186547,1.38608850110121E-17,-0.707106781186548));
#2850=DIRECTION('',(-0.0697273732502735,-0.997147893809341,0.0288820236689142));
#2851=DIRECTION('',(0.0288820236689143,0.997147893809341,-0.0697273732502735));
#2852=DIRECTION('center_axis',(0.,0.0697564737441255,0.997564050259824));
#2853=DIRECTION('ref_axis',(0.,-0.997564050259824,0.0697564737441255));
#2854=DIRECTION('',(-1.,0.,0.));
#2855=DIRECTION('',(-0.0288820236689142,-0.997147893809341,0.0697273732502735));
#2856=DIRECTION('',(-0.0288820236689142,0.997147893809341,-0.0697273732502735));
#2857=DIRECTION('center_axis',(0.70538430460664,0.0697564737441255,0.705384304606639));
#2858=DIRECTION('ref_axis',(0.707106781186547,0.,-0.707106781186548));
#2859=DIRECTION('',(-0.0697273732502735,0.997147893809341,-0.0288820236689142));
#2860=DIRECTION('',(-0.707106781186547,-1.38608850110121E-17,0.707106781186548));
#2861=DIRECTION('',(0.0288820236689142,-0.997147893809341,0.0697273732502735));
#2862=DIRECTION('center_axis',(0.997564050259824,0.0697564737441255,-2.61207211588864E-16));
#2863=DIRECTION('ref_axis',(-0.0697564737441255,0.997564050259824,3.08148791101958E-33));
#2864=DIRECTION('',(-0.0697273732502734,0.997147893809341,0.0288820236689142));
#2865=DIRECTION('',(2.61845052977631E-16,-3.08148791101958E-32,1.));
#2866=DIRECTION('',(0.0697273732502735,-0.997147893809341,0.0288820236689142));
#2867=DIRECTION('center_axis',(0.70538430460664,0.0697564737441255,-0.70538430460664));
#2868=DIRECTION('ref_axis',(-0.707106781186548,0.,-0.707106781186548));
#2869=DIRECTION('',(0.707106781186547,0.,0.707106781186547));
#2870=DIRECTION('',(0.0697273732502734,-0.997147893809341,-0.0288820236689142));
#2871=DIRECTION('',(-0.0288820236689142,0.997147893809341,0.0697273732502735));
#2872=DIRECTION('center_axis',(0.,-1.,0.));
#2873=DIRECTION('ref_axis',(0.,0.,-1.));
#2874=DIRECTION('',(1.,0.,0.));
#2875=DIRECTION('',(0.707106781186547,0.,-0.707106781186548));
#2876=DIRECTION('',(-2.61845052977631E-16,0.,-1.));
#2877=DIRECTION('',(-0.707106781186547,0.,-0.707106781186547));
#2878=DIRECTION('',(-1.,0.,0.));
#2879=DIRECTION('',(-0.707106781186547,0.,0.707106781186547));
#2880=DIRECTION('',(2.61845052977631E-16,0.,1.));
#2881=DIRECTION('',(0.707106781186547,0.,0.707106781186548));
#2882=DIRECTION('',(1.,0.,0.));
#2883=DIRECTION('center_axis',(0.,1.,0.));
#2884=DIRECTION('ref_axis',(0.,0.,1.));
#2885=DIRECTION('',(1.27905878413037E-16,0.,1.));
#2886=DIRECTION('center_axis',(0.,1.,0.));
#2887=DIRECTION('ref_axis',(0.,0.,1.));
#2888=DIRECTION('',(-1.,0.,0.));
#2889=DIRECTION('center_axis',(0.,1.,0.));
#2890=DIRECTION('ref_axis',(0.,0.,-1.));
#2891=DIRECTION('',(-1.91858817619555E-16,0.,-1.));
#2892=DIRECTION('center_axis',(0.,1.,0.));
#2893=DIRECTION('ref_axis',(0.,0.,1.));
#2894=DIRECTION('center_axis',(0.,1.,0.));
#2895=DIRECTION('ref_axis',(0.,0.,1.));
#2896=DIRECTION('center_axis',(-0.415626937777454,0.809016994374947,0.415626937777454));
#2897=DIRECTION('ref_axis',(-0.707106781186547,0.,-0.707106781186548));
#2898=DIRECTION('',(-0.707106781186547,5.55111512312578E-17,-0.707106781186548));
#2899=DIRECTION('',(-0.767092038777593,-0.55732498906626,0.317739926050108));
#2900=DIRECTION('',(0.707106781186547,0.,0.707106781186548));
#2901=DIRECTION('',(0.317739926050108,0.55732498906626,-0.767092038777593));
#2902=DIRECTION('center_axis',(0.,0.809016994374947,0.587785252292474));
#2903=DIRECTION('ref_axis',(-1.,0.,0.));
#2904=DIRECTION('',(1.,0.,0.));
#2905=DIRECTION('',(-0.317739926050108,0.55732498906626,-0.767092038777593));
#2906=DIRECTION('',(-1.,0.,0.));
#2907=DIRECTION('',(-0.317739926050108,-0.55732498906626,0.767092038777593));
#2908=DIRECTION('center_axis',(-0.587785252292474,0.809016994374947,1.53908660525993E-16));
#2909=DIRECTION('ref_axis',(-2.61845052977631E-16,0.,-1.));
#2910=DIRECTION('',(-2.61845052977631E-16,-1.99438087038063E-32,-1.));
#2911=DIRECTION('',(-0.767092038777594,-0.55732498906626,-0.317739926050107));
#2912=DIRECTION('',(2.61845052977631E-16,5.00494955020505E-32,1.));
#2913=DIRECTION('',(0.767092038777593,0.55732498906626,-0.317739926050108));
#2914=DIRECTION('center_axis',(0.415626937777454,0.809016994374947,0.415626937777454));
#2915=DIRECTION('ref_axis',(-0.707106781186547,0.,0.707106781186548));
#2916=DIRECTION('',(-0.707106781186547,-5.55111512312578E-17,0.707106781186548));
#2917=DIRECTION('',(0.317739926050108,-0.55732498906626,0.767092038777593));
#2918=DIRECTION('',(0.707106781186547,0.,-0.707106781186548));
#2919=DIRECTION('',(-0.767092038777594,0.55732498906626,-0.317739926050107));
#2920=DIRECTION('center_axis',(-0.415626937777454,0.809016994374947,-0.415626937777454));
#2921=DIRECTION('ref_axis',(0.707106781186548,0.,-0.707106781186548));
#2922=DIRECTION('',(0.707106781186547,0.,-0.707106781186547));
#2923=DIRECTION('',(-0.317739926050107,-0.557324989066261,-0.767092038777594));
#2924=DIRECTION('',(-0.707106781186547,0.,0.707106781186547));
#2925=DIRECTION('',(0.767092038777594,0.55732498906626,0.317739926050107));
#2926=DIRECTION('center_axis',(0.587785252292474,0.809016994374947,-1.53908660525993E-16));
#2927=DIRECTION('ref_axis',(2.61845052977631E-16,0.,1.));
#2928=DIRECTION('',(-2.61845052977631E-16,5.00494955020505E-32,-1.));
#2929=DIRECTION('',(-0.767092038777594,0.557324989066261,0.317739926050106));
#2930=DIRECTION('',(2.61845052977631E-16,-1.99438087038063E-32,1.));
#2931=DIRECTION('',(0.767092038777594,-0.55732498906626,0.317739926050107));
#2932=DIRECTION('center_axis',(0.,0.809016994374947,-0.587785252292474));
#2933=DIRECTION('ref_axis',(1.,0.,0.));
#2934=DIRECTION('',(1.,0.,0.));
#2935=DIRECTION('',(0.317739926050106,-0.557324989066261,-0.767092038777594));
#2936=DIRECTION('',(-1.,0.,0.));
#2937=DIRECTION('',(0.317739926050107,0.557324989066261,0.767092038777594));
#2938=DIRECTION('center_axis',(0.415626937777454,0.809016994374946,-0.415626937777454));
#2939=DIRECTION('ref_axis',(0.707106781186548,0.,0.707106781186548));
#2940=DIRECTION('',(0.707106781186547,0.,0.707106781186547));
#2941=DIRECTION('',(0.767092038777594,-0.557324989066261,-0.317739926050106));
#2942=DIRECTION('',(-0.707106781186547,0.,-0.707106781186547));
#2943=DIRECTION('',(-0.317739926050106,0.557324989066261,0.767092038777594));
#2944=DIRECTION('center_axis',(-0.0697273732502735,-0.997147893809341,-0.0288820236689142));
#2945=DIRECTION('ref_axis',(0.997564050259824,-0.0697564737441255,-1.73472347597681E-18));
#2946=DIRECTION('center_axis',(0.069727373250274,0.997147893809341,0.0288820236689135));
#2947=DIRECTION('ref_axis',(-0.997564050259824,0.069756473744126,0.));
#2948=DIRECTION('center_axis',(0.707106781186548,0.,-0.707106781186548));
#2949=DIRECTION('ref_axis',(-0.707106781186548,0.,-0.707106781186548));
#2950=DIRECTION('center_axis',(0.707106781186548,-1.8133856931866E-15,-0.707106781186547));
#2951=DIRECTION('ref_axis',(-0.707106781186547,5.91645678915759E-31,-0.707106781186548));
#2952=DIRECTION('center_axis',(-0.70710678118655,-3.007566515529E-15,0.707106781186545));
#2953=DIRECTION('ref_axis',(0.707106781186545,-5.91645678915759E-31,0.70710678118655));
#2954=DIRECTION('center_axis',(-0.0288820236689142,-0.997147893809341,-0.0697273732502735));
#2955=DIRECTION('ref_axis',(1.30104260698261E-18,0.0697564737441255,-0.997564050259824));
#2956=DIRECTION('center_axis',(0.0288820236689142,0.997147893809341,0.0697273732502734));
#2957=DIRECTION('ref_axis',(-2.60208521396521E-18,-0.0697564737441254,0.997564050259824));
#2958=DIRECTION('center_axis',(0.,1.,0.));
#2959=DIRECTION('ref_axis',(1.,0.,0.));
#2960=DIRECTION('center_axis',(-2.52743962713401E-16,-3.61440705916318E-15,
1.));
#2961=DIRECTION('ref_axis',(-2.12014146143643E-31,1.,3.61440705916318E-15));
#2962=DIRECTION('center_axis',(0.767092038777595,0.557324989066262,0.317739926050101));
#2963=DIRECTION('ref_axis',(0.587785252292475,-0.809016994374946,-2.72004641033163E-15));
#2964=DIRECTION('center_axis',(0.,1.,0.));
#2965=DIRECTION('ref_axis',(1.,0.,0.));
#2966=DIRECTION('center_axis',(0.317739926050106,0.557324989066261,0.767092038777594));
#2967=DIRECTION('ref_axis',(2.22044604925031E-16,0.809016994374947,-0.587785252292474));
#2968=DIRECTION('center_axis',(1.,0.,0.));
#2969=DIRECTION('ref_axis',(0.,0.,1.));
#2970=DIRECTION('center_axis',(-0.0697273732502734,-0.997147893809341,0.0288820236689142));
#2971=DIRECTION('ref_axis',(0.997564050259824,-0.0697564737441255,1.30104260698261E-18));
#2972=DIRECTION('center_axis',(0.0697273732502735,0.997147893809341,-0.0288820236689148));
#2973=DIRECTION('ref_axis',(-0.997564050259824,0.0697564737441255,-2.16840434497101E-18));
#2974=DIRECTION('center_axis',(-2.61845052977631E-16,-2.99359569143587E-32,
-1.));
#2975=DIRECTION('ref_axis',(-1.,7.83858222417634E-48,2.61845052977631E-16));
#2976=DIRECTION('center_axis',(0.,0.,1.));
#2977=DIRECTION('ref_axis',(1.,0.,0.));
#2978=DIRECTION('center_axis',(0.767092038777594,0.55732498906626,0.317739926050107));
#2979=DIRECTION('ref_axis',(-0.587785252292474,0.809016994374947,-1.38777878078145E-16));
#2980=DIRECTION('center_axis',(0.767092038777599,0.557324989066258,0.317739926050098));
#2981=DIRECTION('ref_axis',(-0.58778525229247,0.80901699437495,8.32667268468868E-17));
#2982=DIRECTION('center_axis',(0.707106781186548,0.,-0.707106781186548));
#2983=DIRECTION('ref_axis',(-0.707106781186548,0.,-0.707106781186548));
#2984=DIRECTION('center_axis',(0.707106781186553,4.9065389333868E-15,-0.707106781186542));
#2985=DIRECTION('ref_axis',(-0.707106781186541,-1.97215226305253E-30,-0.707106781186553));
#2986=DIRECTION('center_axis',(-0.707106781186537,0.,0.707106781186558));
#2987=DIRECTION('ref_axis',(0.707106781186558,0.,0.707106781186537));
#2988=DIRECTION('center_axis',(0.317739926050107,0.55732498906626,0.767092038777594));
#2989=DIRECTION('ref_axis',(-1.94289029309402E-16,-0.809016994374947,0.587785252292474));
#2990=DIRECTION('center_axis',(0.317739926050098,0.557324989066263,0.767092038777596));
#2991=DIRECTION('ref_axis',(-5.55111512312578E-17,-0.809016994374946,0.587785252292474));
#2992=DIRECTION('center_axis',(1.,0.,0.));
#2993=DIRECTION('ref_axis',(0.,0.,-1.));
#2994=DIRECTION('center_axis',(1.,-1.80720352958159E-15,-1.263719813567E-16));
#2995=DIRECTION('ref_axis',(1.80720352958159E-15,1.,-5.30035365359104E-32));
#2996=DIRECTION('center_axis',(0.0288820236689142,-0.997147893809341,-0.0697273732502734));
#2997=DIRECTION('ref_axis',(-2.16840434497101E-18,0.0697564737441255,-0.997564050259824));
#2998=DIRECTION('center_axis',(-0.0288820236689133,0.997147893809341,0.0697273732502743));
#2999=DIRECTION('ref_axis',(1.30104260698261E-18,-0.0697564737441263,0.997564050259824));
#3000=DIRECTION('center_axis',(0.,1.,0.));
#3001=DIRECTION('ref_axis',(1.,0.,0.));
#3002=DIRECTION('center_axis',(0.707106781186548,0.,0.707106781186548));
#3003=DIRECTION('ref_axis',(-0.707106781186548,3.55618312575245E-15,0.707106781186548));
#3004=DIRECTION('center_axis',(0.767092038777594,0.557324989066261,-0.317739926050106));
#3005=DIRECTION('ref_axis',(0.587785252292474,-0.809016994374947,-2.58126853225349E-15));
#3006=DIRECTION('center_axis',(0.,1.,0.));
#3007=DIRECTION('ref_axis',(1.,0.,0.));
#3008=DIRECTION('center_axis',(1.14606817408866E-14,8.32667268468868E-15,
1.));
#3009=DIRECTION('ref_axis',(-1.,2.7755575615629E-15,1.14606817408866E-14));
#3010=DIRECTION('center_axis',(0.,1.,0.));
#3011=DIRECTION('ref_axis',(1.,0.,0.));
#3012=DIRECTION('center_axis',(1.,0.,9.44412113348433E-15));
#3013=DIRECTION('ref_axis',(-9.44412113348434E-15,-3.46944695195361E-15,
1.));
#3014=DIRECTION('center_axis',(0.,1.,0.));
#3015=DIRECTION('ref_axis',(1.,0.,0.));
#3016=DIRECTION('center_axis',(-0.317739926050107,0.557324989066261,0.767092038777593));
#3017=DIRECTION('ref_axis',(7.13318293321663E-15,0.809016994374948,-0.587785252292472));
#3018=DIRECTION('center_axis',(0.707106781186548,5.30747032152177E-16,0.707106781186547));
#3019=DIRECTION('ref_axis',(-0.707106781186547,3.55618312575246E-15,0.707106781186548));
#3020=DIRECTION('center_axis',(-0.0288820236689142,-0.997147893809341,0.0697273732502734));
#3021=DIRECTION('ref_axis',(-8.67361737988404E-19,-0.0697564737441255,-0.997564050259824));
#3022=DIRECTION('center_axis',(0.0288820236689153,0.997147893809341,-0.0697273732502722));
#3023=DIRECTION('ref_axis',(2.60208521396521E-18,0.0697564737441242,0.997564050259824));
#3024=DIRECTION('center_axis',(-0.707106781186547,5.05487925426802E-18,
-0.707106781186548));
#3025=DIRECTION('ref_axis',(-0.707106781186548,1.92592994438724E-33,0.707106781186547));
#3026=DIRECTION('center_axis',(0.707106781186547,-1.28263866103443E-15,
0.707106781186548));
#3027=DIRECTION('ref_axis',(0.707106781186548,-1.97215226305253E-31,-0.707106781186547));
#3028=DIRECTION('center_axis',(0.767092038777593,0.55732498906626,-0.317739926050108));
#3029=DIRECTION('ref_axis',(-0.587785252292474,0.809016994374947,1.66533453693773E-16));
#3030=DIRECTION('center_axis',(0.767092038777594,0.55732498906626,-0.317739926050106));
#3031=DIRECTION('ref_axis',(-0.587785252292474,0.809016994374947,8.32667268468867E-17));
#3032=DIRECTION('center_axis',(-2.61845052977631E-16,0.,-1.));
#3033=DIRECTION('ref_axis',(-1.,0.,2.61845052977631E-16));
#3034=DIRECTION('center_axis',(-4.72206056674217E-15,0.,1.));
#3035=DIRECTION('ref_axis',(1.,0.,4.72206056674217E-15));
#3036=DIRECTION('center_axis',(1.,0.,0.));
#3037=DIRECTION('ref_axis',(0.,0.,-1.));
#3038=DIRECTION('center_axis',(1.,-4.16333634234434E-15,-5.73034087044331E-15));
#3039=DIRECTION('ref_axis',(-5.73034087044331E-15,7.46177067290919E-31,
-1.));
#3040=DIRECTION('center_axis',(-0.317739926050106,0.557324989066261,0.767092038777594));
#3041=DIRECTION('ref_axis',(1.38777878078145E-16,-0.809016994374947,0.587785252292474));
#3042=DIRECTION('center_axis',(-0.317739926050101,0.55732498906626,0.767092038777597));
#3043=DIRECTION('ref_axis',(-5.55111512312578E-17,-0.809016994374948,0.587785252292472));
#3044=DIRECTION('center_axis',(0.707106781186548,0.,0.707106781186548));
#3045=DIRECTION('ref_axis',(0.707106781186548,0.,-0.707106781186548));
#3046=DIRECTION('center_axis',(0.707106781186548,-5.08632572479169E-15,
0.707106781186547));
#3047=DIRECTION('ref_axis',(0.707106781186547,1.97215226305253E-30,-0.707106781186548));
#3048=DIRECTION('center_axis',(0.0697273732502734,-0.997147893809341,-0.0288820236689142));
#3049=DIRECTION('ref_axis',(0.997564050259824,0.0697564737441255,8.67361737988404E-19));
#3050=DIRECTION('center_axis',(-0.0697273732502735,0.997147893809341,0.0288820236689112));
#3051=DIRECTION('ref_axis',(-0.997564050259824,-0.0697564737441255,4.33680868994202E-19));
#3052=DIRECTION('center_axis',(0.,1.,0.));
#3053=DIRECTION('ref_axis',(1.,0.,0.));
#3054=DIRECTION('center_axis',(1.,0.,0.));
#3055=DIRECTION('ref_axis',(0.,1.73472347597681E-15,1.));
#3056=DIRECTION('center_axis',(0.317739926050107,0.557324989066261,-0.767092038777593));
#3057=DIRECTION('ref_axis',(-8.32667268468868E-17,-0.809016994374947,-0.587785252292474));
#3058=DIRECTION('center_axis',(0.,1.,0.));
#3059=DIRECTION('ref_axis',(1.,0.,0.));
#3060=DIRECTION('center_axis',(0.707106781186546,-2.94392336003208E-15,
0.707106781186549));
#3061=DIRECTION('ref_axis',(-0.707106781186549,-2.77555756156289E-15,0.707106781186546));
#3062=DIRECTION('center_axis',(0.,1.,0.));
#3063=DIRECTION('ref_axis',(1.,0.,0.));
#3064=DIRECTION('center_axis',(0.707106781186555,0.,0.70710678118654));
#3065=DIRECTION('ref_axis',(-0.70710678118654,3.46944695195361E-15,0.707106781186555));
#3066=DIRECTION('center_axis',(0.,1.,0.));
#3067=DIRECTION('ref_axis',(1.,0.,0.));
#3068=DIRECTION('center_axis',(-0.767092038777596,0.55732498906626,0.317739926050101));
#3069=DIRECTION('ref_axis',(0.587785252292472,0.809016994374948,-1.66533453693774E-16));
#3070=DIRECTION('center_axis',(2.93125713049721E-15,-2.12968296582519E-15,
1.));
#3071=DIRECTION('ref_axis',(-1.,-3.31590719745748E-31,2.93125713049721E-15));
#3072=DIRECTION('center_axis',(0.0288820236689142,-0.997147893809341,0.0697273732502735));
#3073=DIRECTION('ref_axis',(1.30104260698261E-18,-0.0697564737441255,-0.997564050259824));
#3074=DIRECTION('center_axis',(-0.0288820236689152,0.997147893809341,-0.0697273732502734));
#3075=DIRECTION('ref_axis',(-2.16840434497101E-18,0.0697564737441254,0.997564050259824));
#3076=DIRECTION('center_axis',(-1.,0.,0.));
#3077=DIRECTION('ref_axis',(0.,0.,1.));
#3078=DIRECTION('center_axis',(1.,-2.12968296582519E-15,2.93125713049721E-15));
#3079=DIRECTION('ref_axis',(2.93125713049721E-15,-3.31590719745743E-31,
-1.));
#3080=DIRECTION('center_axis',(-0.317739926050108,-0.55732498906626,0.767092038777593));
#3081=DIRECTION('ref_axis',(-1.66533453693773E-16,-0.809016994374947,-0.587785252292474));
#3082=DIRECTION('center_axis',(0.317739926050101,0.55732498906626,-0.767092038777597));
#3083=DIRECTION('ref_axis',(5.55111512312578E-17,0.809016994374948,0.587785252292472));
#3084=DIRECTION('center_axis',(-0.707106781186547,0.,-0.707106781186548));
#3085=DIRECTION('ref_axis',(-0.707106781186548,0.,0.707106781186547));
#3086=DIRECTION('center_axis',(0.707106781186553,0.,0.707106781186542));
#3087=DIRECTION('ref_axis',(0.707106781186542,0.,-0.707106781186553));
#3088=DIRECTION('center_axis',(0.707106781186548,0.,0.707106781186548));
#3089=DIRECTION('ref_axis',(0.707106781186548,0.,-0.707106781186548));
#3090=DIRECTION('center_axis',(0.707106781186539,9.81307786677361E-15,0.707106781186556));
#3091=DIRECTION('ref_axis',(0.707106781186556,7.88860905221012E-31,-0.707106781186539));
#3092=DIRECTION('center_axis',(0.767092038777594,-0.557324989066261,-0.317739926050106));
#3093=DIRECTION('ref_axis',(0.587785252292474,0.809016994374947,-1.94289029309402E-16));
#3094=DIRECTION('center_axis',(-0.767092038777596,0.557324989066261,0.3177399260501));
#3095=DIRECTION('ref_axis',(-0.587785252292474,-0.809016994374947,5.55111512312578E-17));
#3096=DIRECTION('center_axis',(2.61845052977631E-16,-2.99359569143587E-32,
1.));
#3097=DIRECTION('ref_axis',(1.,7.83858222417634E-48,-2.61845052977631E-16));
#3098=DIRECTION('center_axis',(2.52743962713401E-16,-3.61440705916318E-15,
1.));
#3099=DIRECTION('ref_axis',(-2.12014146143643E-31,-1.,-3.61440705916318E-15));
#3100=DIRECTION('center_axis',(0.0697273732502735,-0.997147893809341,0.0288820236689142));
#3101=DIRECTION('ref_axis',(0.997564050259824,0.0697564737441255,-4.33680868994202E-19));
#3102=DIRECTION('center_axis',(-0.0697273732502738,0.997147893809341,-0.0288820236689138));
#3103=DIRECTION('ref_axis',(-0.997564050259824,-0.0697564737441258,8.67361737988404E-19));
#3104=DIRECTION('center_axis',(-0.707106781186547,-5.05487925426802E-18,
0.707106781186548));
#3105=DIRECTION('ref_axis',(0.707106781186548,1.92592994438724E-33,0.707106781186547));
#3106=DIRECTION('center_axis',(-0.707106781186548,2.56527732206885E-15,
0.707106781186547));
#3107=DIRECTION('ref_axis',(0.707106781186547,3.94430452610506E-31,0.707106781186548));
#3108=DIRECTION('center_axis',(0.707106781186548,0.,-0.707106781186548));
#3109=DIRECTION('ref_axis',(-0.707106781186548,0.,-0.707106781186548));
#3110=DIRECTION('center_axis',(0.,1.,0.));
#3111=DIRECTION('ref_axis',(1.,0.,0.));
#3112=DIRECTION('center_axis',(-0.317739926050111,0.557324989066262,-0.767092038777591));
#3113=DIRECTION('ref_axis',(-3.02535774210355E-15,-0.809016994374946,-0.587785252292476));
#3114=DIRECTION('center_axis',(0.,1.,0.));
#3115=DIRECTION('ref_axis',(1.,0.,0.));
#3116=DIRECTION('center_axis',(1.,2.77555756156289E-15,-3.82022724696221E-15));
#3117=DIRECTION('ref_axis',(3.82022724696221E-15,-9.5231904412886E-31,1.));
#3118=DIRECTION('center_axis',(0.,1.,0.));
#3119=DIRECTION('ref_axis',(1.,0.,0.));
#3120=DIRECTION('center_axis',(-1.41661817002265E-14,0.,1.));
#3121=DIRECTION('ref_axis',(-1.,0.,-1.41661817002265E-14));
#3122=DIRECTION('center_axis',(0.,1.,0.));
#3123=DIRECTION('ref_axis',(1.,0.,0.));
#3124=DIRECTION('center_axis',(-0.767092038777595,0.557324989066262,-0.317739926050101));
#3125=DIRECTION('ref_axis',(0.587785252292475,0.809016994374946,-2.66453525910038E-15));
#3126=DIRECTION('center_axis',(0.317739926050108,-0.55732498906626,0.767092038777593));
#3127=DIRECTION('ref_axis',(1.66533453693773E-16,-0.809016994374947,-0.587785252292474));
#3128=DIRECTION('center_axis',(-0.317739926050112,0.55732498906626,-0.767092038777592));
#3129=DIRECTION('ref_axis',(-1.11022302462516E-16,0.809016994374946,0.587785252292474));
#3130=DIRECTION('center_axis',(-1.,0.,0.));
#3131=DIRECTION('ref_axis',(0.,0.,1.));
#3132=DIRECTION('center_axis',(1.,0.,0.));
#3133=DIRECTION('ref_axis',(0.,0.,-1.));
#3134=DIRECTION('center_axis',(2.61845052977631E-16,0.,1.));
#3135=DIRECTION('ref_axis',(1.,0.,-2.61845052977631E-16));
#3136=DIRECTION('center_axis',(3.82022724696222E-15,-2.77555756156289E-15,
1.));
#3137=DIRECTION('ref_axis',(1.,2.89954084464562E-30,-3.82022724696222E-15));
#3138=DIRECTION('center_axis',(0.767092038777594,-0.55732498906626,0.317739926050107));
#3139=DIRECTION('ref_axis',(0.587785252292474,0.809016994374947,1.66533453693773E-16));
#3140=DIRECTION('center_axis',(-0.767092038777595,0.55732498906626,-0.317739926050104));
#3141=DIRECTION('ref_axis',(-0.587785252292473,-0.809016994374948,1.38777878078145E-16));
#3142=DIRECTION('center_axis',(0.,1.,0.));
#3143=DIRECTION('ref_axis',(1.,0.,0.));
#3144=DIRECTION('center_axis',(0.707106781186547,1.96261557335472E-15,-0.707106781186548));
#3145=DIRECTION('ref_axis',(0.707106781186548,-3.46944695195361E-15,0.707106781186547));
#3146=DIRECTION('center_axis',(0.,1.,0.));
#3147=DIRECTION('ref_axis',(1.,0.,0.));
#3148=DIRECTION('center_axis',(-0.707106781186545,0.,0.70710678118655));
#3149=DIRECTION('ref_axis',(-0.70710678118655,3.46944695195362E-15,-0.707106781186545));
#3150=DIRECTION('center_axis',(-0.707106781186547,0.,0.707106781186548));
#3151=DIRECTION('ref_axis',(0.707106781186548,0.,0.707106781186547));
#3152=DIRECTION('center_axis',(0.,0.0697564737441255,-0.997564050259824));
#3153=DIRECTION('ref_axis',(0.,0.997564050259824,0.0697564737441255));
#3154=DIRECTION('',(1.,0.,0.));
#3155=DIRECTION('',(0.0288820236689142,0.997147893809341,0.0697273732502735));
#3156=DIRECTION('',(0.0288820236689142,-0.997147893809341,-0.0697273732502734));
#3157=DIRECTION('center_axis',(-0.70538430460664,0.0697564737441255,-0.70538430460664));
#3158=DIRECTION('ref_axis',(-0.707106781186548,0.,0.707106781186548));
#3159=DIRECTION('',(0.707106781186547,0.,-0.707106781186547));
#3160=DIRECTION('',(0.0697273732502735,0.997147893809341,0.0288820236689142));
#3161=DIRECTION('',(-0.0288820236689142,-0.997147893809341,-0.0697273732502735));
#3162=DIRECTION('center_axis',(-0.997564050259824,0.0697564737441255,2.61207211588864E-16));
#3163=DIRECTION('ref_axis',(-0.0697564737441255,-0.997564050259824,3.08148791101958E-33));
#3164=DIRECTION('',(-2.60570923949662E-16,1.82208939969748E-17,-1.));
#3165=DIRECTION('',(0.0697273732502734,0.997147893809341,-0.0288820236689142));
#3166=DIRECTION('',(-0.0697273732502735,-0.997147893809341,-0.0288820236689142));
#3167=DIRECTION('center_axis',(-0.70538430460664,0.0697564737441255,0.705384304606639));
#3168=DIRECTION('ref_axis',(0.707106781186547,0.,0.707106781186548));
#3169=DIRECTION('',(-0.707106781186547,0.,-0.707106781186548));
#3170=DIRECTION('',(0.0288820236689142,0.997147893809341,-0.0697273732502734));
#3171=DIRECTION('',(-0.0697273732502734,-0.997147893809341,0.0288820236689142));
#3172=DIRECTION('center_axis',(0.,0.0697564737441255,0.997564050259824));
#3173=DIRECTION('ref_axis',(0.,-0.997564050259824,0.0697564737441255));
#3174=DIRECTION('',(-1.,0.,0.));
#3175=DIRECTION('',(-0.0288820236689142,0.997147893809341,-0.0697273732502735));
#3176=DIRECTION('',(-0.0288820236689142,-0.997147893809341,0.0697273732502734));
#3177=DIRECTION('center_axis',(0.70538430460664,0.0697564737441255,0.705384304606639));
#3178=DIRECTION('ref_axis',(0.707106781186547,0.,-0.707106781186548));
#3179=DIRECTION('',(0.0288820236689142,-0.997147893809341,0.0697273732502735));
#3180=DIRECTION('',(-0.707106781186547,0.,0.707106781186548));
#3181=DIRECTION('',(-0.0697273732502735,0.997147893809341,-0.0288820236689142));
#3182=DIRECTION('center_axis',(0.997564050259824,0.0697564737441255,-2.61207211588864E-16));
#3183=DIRECTION('ref_axis',(-0.0697564737441255,0.997564050259824,3.08148791101958E-33));
#3184=DIRECTION('',(0.0697273732502735,-0.997147893809341,0.0288820236689142));
#3185=DIRECTION('',(2.60570923949662E-16,1.82208939969748E-17,1.));
#3186=DIRECTION('',(-0.0697273732502734,0.997147893809341,0.0288820236689142));
#3187=DIRECTION('center_axis',(0.70538430460664,0.0697564737441255,-0.70538430460664));
#3188=DIRECTION('ref_axis',(-0.707106781186548,0.,-0.707106781186548));
#3189=DIRECTION('',(0.707106781186547,0.,0.707106781186547));
#3190=DIRECTION('',(-0.0288820236689142,0.997147893809341,0.0697273732502734));
#3191=DIRECTION('',(0.0697273732502734,-0.997147893809341,-0.0288820236689142));
#3192=DIRECTION('center_axis',(0.,-1.,0.));
#3193=DIRECTION('ref_axis',(0.,0.,-1.));
#3194=DIRECTION('',(1.,0.,0.));
#3195=DIRECTION('',(0.707106781186547,0.,0.707106781186548));
#3196=DIRECTION('',(0.,0.,1.));
#3197=DIRECTION('',(-0.707106781186547,0.,0.707106781186547));
#3198=DIRECTION('',(-1.,0.,0.));
#3199=DIRECTION('',(-0.707106781186547,0.,-0.707106781186547));
#3200=DIRECTION('',(0.,0.,-1.));
#3201=DIRECTION('',(0.707106781186547,0.,-0.707106781186548));
#3202=DIRECTION('center_axis',(0.,1.,0.));
#3203=DIRECTION('ref_axis',(0.,0.,1.));
#3204=DIRECTION('',(1.,0.,0.));
#3205=DIRECTION('center_axis',(0.,1.,0.));
#3206=DIRECTION('ref_axis',(0.,0.,1.));
#3207=DIRECTION('',(-1.91858817619555E-16,0.,-1.));
#3208=DIRECTION('center_axis',(0.,1.,0.));
#3209=DIRECTION('ref_axis',(0.,0.,1.));
#3210=DIRECTION('',(-1.,0.,0.));
#3211=DIRECTION('center_axis',(0.,1.,0.));
#3212=DIRECTION('ref_axis',(0.,0.,1.));
#3213=DIRECTION('',(1.27905878413037E-16,0.,1.));
#3214=DIRECTION('center_axis',(0.,1.,0.));
#3215=DIRECTION('ref_axis',(0.,0.,1.));
#3216=DIRECTION('center_axis',(-0.415626937777454,0.809016994374947,0.415626937777454));
#3217=DIRECTION('ref_axis',(-0.707106781186547,0.,-0.707106781186548));
#3218=DIRECTION('',(-0.707106781186547,0.,-0.707106781186548));
#3219=DIRECTION('',(0.317739926050108,0.55732498906626,-0.767092038777593));
#3220=DIRECTION('',(0.707106781186547,0.,0.707106781186548));
#3221=DIRECTION('',(-0.767092038777593,-0.55732498906626,0.317739926050108));
#3222=DIRECTION('center_axis',(0.,0.809016994374947,0.587785252292474));
#3223=DIRECTION('ref_axis',(-1.,0.,0.));
#3224=DIRECTION('',(1.,0.,0.));
#3225=DIRECTION('',(-0.317739926050108,-0.55732498906626,0.767092038777593));
#3226=DIRECTION('',(-1.,0.,0.));
#3227=DIRECTION('',(-0.317739926050108,0.55732498906626,-0.767092038777593));
#3228=DIRECTION('center_axis',(-0.587785252292474,0.809016994374947,1.53908660525993E-16));
#3229=DIRECTION('ref_axis',(-2.61845052977631E-16,0.,-1.));
#3230=DIRECTION('',(-2.61845052977631E-16,0.,-1.));
#3231=DIRECTION('',(0.767092038777593,0.55732498906626,-0.317739926050108));
#3232=DIRECTION('',(2.61845052977631E-16,0.,1.));
#3233=DIRECTION('',(-0.767092038777594,-0.55732498906626,-0.317739926050107));
#3234=DIRECTION('center_axis',(0.415626937777454,0.809016994374947,0.415626937777454));
#3235=DIRECTION('ref_axis',(-0.707106781186547,0.,0.707106781186548));
#3236=DIRECTION('',(-0.707106781186547,0.,0.707106781186548));
#3237=DIRECTION('',(-0.767092038777594,0.55732498906626,-0.317739926050107));
#3238=DIRECTION('',(0.707106781186547,0.,-0.707106781186548));
#3239=DIRECTION('',(0.317739926050108,-0.55732498906626,0.767092038777593));
#3240=DIRECTION('center_axis',(-0.415626937777454,0.809016994374947,-0.415626937777454));
#3241=DIRECTION('ref_axis',(0.707106781186548,0.,-0.707106781186548));
#3242=DIRECTION('',(0.707106781186547,0.,-0.707106781186547));
#3243=DIRECTION('',(0.767092038777594,0.55732498906626,0.317739926050107));
#3244=DIRECTION('',(-0.707106781186547,0.,0.707106781186547));
#3245=DIRECTION('',(-0.317739926050107,-0.55732498906626,-0.767092038777594));
#3246=DIRECTION('center_axis',(0.587785252292474,0.809016994374947,-1.53908660525993E-16));
#3247=DIRECTION('ref_axis',(2.61845052977631E-16,0.,1.));
#3248=DIRECTION('',(-2.61845052977631E-16,0.,-1.));
#3249=DIRECTION('',(0.767092038777594,-0.55732498906626,0.317739926050107));
#3250=DIRECTION('',(2.61845052977631E-16,0.,1.));
#3251=DIRECTION('',(-0.767092038777594,0.557324989066261,0.317739926050106));
#3252=DIRECTION('center_axis',(0.,0.809016994374947,-0.587785252292474));
#3253=DIRECTION('ref_axis',(1.,0.,0.));
#3254=DIRECTION('',(1.,0.,0.));
#3255=DIRECTION('',(0.317739926050107,0.55732498906626,0.767092038777594));
#3256=DIRECTION('',(-1.,0.,0.));
#3257=DIRECTION('',(0.317739926050106,-0.557324989066261,-0.767092038777594));
#3258=DIRECTION('center_axis',(0.415626937777454,0.809016994374946,-0.415626937777454));
#3259=DIRECTION('ref_axis',(0.707106781186548,0.,0.707106781186548));
#3260=DIRECTION('',(0.707106781186547,0.,0.707106781186547));
#3261=DIRECTION('',(-0.317739926050106,0.557324989066261,0.767092038777594));
#3262=DIRECTION('',(-0.707106781186547,0.,-0.707106781186547));
#3263=DIRECTION('',(0.767092038777594,-0.557324989066261,-0.317739926050106));
#3264=DIRECTION('center_axis',(-0.0697273732502735,-0.997147893809341,-0.0288820236689142));
#3265=DIRECTION('ref_axis',(0.997564050259824,-0.0697564737441255,-2.16840434497101E-18));
#3266=DIRECTION('center_axis',(0.0697273732502735,0.997147893809341,0.0288820236689142));
#3267=DIRECTION('ref_axis',(0.997564050259824,-0.0697564737441255,-2.16840434497101E-18));
#3268=DIRECTION('center_axis',(0.707106781186548,0.,-0.707106781186548));
#3269=DIRECTION('ref_axis',(-0.707106781186548,0.,-0.707106781186548));
#3270=DIRECTION('center_axis',(0.707106781186548,0.,-0.707106781186548));
#3271=DIRECTION('ref_axis',(-0.707106781186548,0.,-0.707106781186548));
#3272=DIRECTION('center_axis',(-0.707106781186548,0.,0.707106781186548));
#3273=DIRECTION('ref_axis',(-0.707106781186548,1.24491920040689E-14,-0.707106781186548));
#3274=DIRECTION('center_axis',(-0.0288820236689142,-0.997147893809341,-0.0697273732502735));
#3275=DIRECTION('ref_axis',(2.16840434497101E-18,0.0697564737441255,-0.997564050259824));
#3276=DIRECTION('center_axis',(0.0288820236689142,0.997147893809341,0.0697273732502735));
#3277=DIRECTION('ref_axis',(1.73472347597681E-18,0.0697564737441255,-0.997564050259824));
#3278=DIRECTION('center_axis',(0.,1.,0.));
#3279=DIRECTION('ref_axis',(1.,0.,0.));
#3280=DIRECTION('center_axis',(0.767092038777594,0.55732498906626,0.317739926050107));
#3281=DIRECTION('ref_axis',(-0.587785252292474,0.809016994374947,3.05311331771918E-16));
#3282=DIRECTION('center_axis',(2.61845052977631E-16,2.99359569143587E-32,
1.));
#3283=DIRECTION('ref_axis',(-1.,5.30621298534082E-15,2.61845052977631E-16));
#3284=DIRECTION('center_axis',(0.,1.,0.));
#3285=DIRECTION('ref_axis',(1.,0.,0.));
#3286=DIRECTION('center_axis',(1.,0.,0.));
#3287=DIRECTION('ref_axis',(0.,0.,-1.));
#3288=DIRECTION('center_axis',(0.317739926050107,0.55732498906626,0.767092038777594));
#3289=DIRECTION('ref_axis',(-3.33066907387547E-16,-0.809016994374947,0.587785252292474));
#3290=DIRECTION('center_axis',(-0.0697273732502734,-0.997147893809341,0.0288820236689142));
#3291=DIRECTION('ref_axis',(0.997564050259824,-0.0697564737441255,2.16840434497101E-18));
#3292=DIRECTION('center_axis',(0.0697273732502734,0.997147893809341,-0.0288820236689142));
#3293=DIRECTION('ref_axis',(0.997564050259824,-0.0697564737441255,1.30104260698261E-18));
#3294=DIRECTION('center_axis',(-2.61845052977631E-16,-2.99359569143587E-32,
-1.));
#3295=DIRECTION('ref_axis',(-1.,7.83858222417634E-48,2.61845052977631E-16));
#3296=DIRECTION('center_axis',(0.,0.,1.));
#3297=DIRECTION('ref_axis',(1.,0.,0.));
#3298=DIRECTION('center_axis',(0.767092038777594,0.55732498906626,0.317739926050107));
#3299=DIRECTION('ref_axis',(-0.587785252292474,0.809016994374947,-8.32667268468868E-17));
#3300=DIRECTION('center_axis',(0.767092038777594,0.55732498906626,0.317739926050107));
#3301=DIRECTION('ref_axis',(-0.587785252292474,0.809016994374947,-8.32667268468868E-17));
#3302=DIRECTION('center_axis',(0.707106781186548,0.,-0.707106781186548));
#3303=DIRECTION('ref_axis',(-0.707106781186548,0.,-0.707106781186548));
#3304=DIRECTION('center_axis',(0.707106781186548,0.,-0.707106781186548));
#3305=DIRECTION('ref_axis',(-0.707106781186548,0.,-0.707106781186548));
#3306=DIRECTION('center_axis',(-0.707106781186548,0.,0.707106781186548));
#3307=DIRECTION('ref_axis',(-0.707106781186548,5.30621298534082E-15,-0.707106781186548));
#3308=DIRECTION('center_axis',(0.317739926050107,0.55732498906626,0.767092038777594));
#3309=DIRECTION('ref_axis',(-1.94289029309402E-16,-0.809016994374947,0.587785252292474));
#3310=DIRECTION('center_axis',(0.317739926050107,0.55732498906626,0.767092038777594));
#3311=DIRECTION('ref_axis',(-3.33066907387547E-16,-0.809016994374947,0.587785252292474));
#3312=DIRECTION('center_axis',(1.,0.,0.));
#3313=DIRECTION('ref_axis',(0.,0.,-1.));
#3314=DIRECTION('center_axis',(1.,-6.12323399573677E-17,0.));
#3315=DIRECTION('ref_axis',(6.12323399573677E-17,1.,0.));
#3316=DIRECTION('center_axis',(0.0288820236689142,-0.997147893809341,-0.0697273732502734));
#3317=DIRECTION('ref_axis',(-1.30104260698261E-18,0.0697564737441255,-0.997564050259824));
#3318=DIRECTION('center_axis',(-0.0288820236689142,0.997147893809341,0.0697273732502734));
#3319=DIRECTION('ref_axis',(-9.30627103157278E-14,0.0697564737441228,-0.997564050259824));
#3320=DIRECTION('center_axis',(0.,1.,0.));
#3321=DIRECTION('ref_axis',(1.,0.,0.));
#3322=DIRECTION('center_axis',(0.767092038777593,0.55732498906626,-0.317739926050108));
#3323=DIRECTION('ref_axis',(-0.587785252292474,0.809016994374947,-3.33066907387547E-16));
#3324=DIRECTION('center_axis',(0.707106781186547,-5.05487925426802E-18,
0.707106781186548));
#3325=DIRECTION('ref_axis',(-0.707106781186548,1.06124259706817E-14,0.707106781186547));
#3326=DIRECTION('center_axis',(0.,1.,0.));
#3327=DIRECTION('ref_axis',(1.,0.,0.));
#3328=DIRECTION('center_axis',(2.61845052977631E-16,0.,1.));
#3329=DIRECTION('ref_axis',(-1.,3.67353206677442E-15,2.61845052977631E-16));
#3330=DIRECTION('center_axis',(0.,1.,0.));
#3331=DIRECTION('ref_axis',(1.,0.,0.));
#3332=DIRECTION('center_axis',(1.,0.,0.));
#3333=DIRECTION('ref_axis',(0.,0.,-1.));
#3334=DIRECTION('center_axis',(0.,1.,0.));
#3335=DIRECTION('ref_axis',(1.,0.,0.));
#3336=DIRECTION('center_axis',(0.707106781186548,0.,0.707106781186548));
#3337=DIRECTION('ref_axis',(0.707106781186548,0.,-0.707106781186548));
#3338=DIRECTION('center_axis',(-0.317739926050106,0.557324989066261,0.767092038777594));
#3339=DIRECTION('ref_axis',(3.33066907387547E-16,-0.809016994374947,0.587785252292474));
#3340=DIRECTION('center_axis',(-0.0288820236689142,-0.997147893809341,0.0697273732502734));
#3341=DIRECTION('ref_axis',(-2.16840434497101E-18,-0.0697564737441255,-0.997564050259824));
#3342=DIRECTION('center_axis',(0.0288820236689142,0.997147893809341,-0.0697273732502734));
#3343=DIRECTION('ref_axis',(-1.30104260698261E-18,-0.0697564737441255,-0.997564050259824));
#3344=DIRECTION('center_axis',(-0.707106781186547,5.05487925426802E-18,
-0.707106781186548));
#3345=DIRECTION('ref_axis',(-0.707106781186548,1.92592994438724E-33,0.707106781186547));
#3346=DIRECTION('center_axis',(0.707106781186547,-5.05487925426802E-18,
0.707106781186548));
#3347=DIRECTION('ref_axis',(-0.707106781186548,-1.24491920040689E-14,0.707106781186547));
#3348=DIRECTION('center_axis',(0.767092038777593,0.55732498906626,-0.317739926050108));
#3349=DIRECTION('ref_axis',(-0.587785252292474,0.809016994374947,5.55111512312578E-17));
#3350=DIRECTION('center_axis',(0.767092038777593,0.55732498906626,-0.317739926050108));
#3351=DIRECTION('ref_axis',(-0.587785252292474,0.809016994374947,5.55111512312578E-17));
#3352=DIRECTION('center_axis',(-2.61845052977631E-16,0.,-1.));
#3353=DIRECTION('ref_axis',(-1.,0.,2.61845052977631E-16));
#3354=DIRECTION('center_axis',(0.,0.,1.));
#3355=DIRECTION('ref_axis',(1.,0.,0.));
#3356=DIRECTION('center_axis',(1.,0.,0.));
#3357=DIRECTION('ref_axis',(0.,0.,-1.));
#3358=DIRECTION('center_axis',(1.,-2.94781220398277E-15,0.));
#3359=DIRECTION('ref_axis',(2.94781220398277E-15,1.,0.));
#3360=DIRECTION('center_axis',(-0.317739926050106,0.557324989066261,0.767092038777594));
#3361=DIRECTION('ref_axis',(3.60822483003176E-16,-0.809016994374947,0.587785252292474));
#3362=DIRECTION('center_axis',(-0.317739926050106,0.557324989066261,0.767092038777594));
#3363=DIRECTION('ref_axis',(3.60822483003176E-16,-0.809016994374947,0.587785252292474));
#3364=DIRECTION('center_axis',(0.707106781186548,0.,0.707106781186548));
#3365=DIRECTION('ref_axis',(0.707106781186548,0.,-0.707106781186548));
#3366=DIRECTION('center_axis',(0.707106781186548,0.,0.707106781186548));
#3367=DIRECTION('ref_axis',(0.707106781186548,0.,-0.707106781186548));
#3368=DIRECTION('center_axis',(0.0697273732502734,-0.997147893809341,-0.0288820236689142));
#3369=DIRECTION('ref_axis',(0.997564050259824,0.0697564737441255,2.16840434497101E-18));
#3370=DIRECTION('center_axis',(-0.0697273732502734,0.997147893809341,0.0288820236689142));
#3371=DIRECTION('ref_axis',(0.997564050259824,0.0697564737441255,1.30104260698261E-18));
#3372=DIRECTION('center_axis',(0.,1.,0.));
#3373=DIRECTION('ref_axis',(1.,0.,0.));
#3374=DIRECTION('center_axis',(0.317739926050108,0.55732498906626,-0.767092038777593));
#3375=DIRECTION('ref_axis',(3.58046925441613E-15,-0.809016994374947,-0.587785252292473));
#3376=DIRECTION('center_axis',(1.,0.,0.));
#3377=DIRECTION('ref_axis',(0.,3.57148950936401E-15,1.));
#3378=DIRECTION('center_axis',(0.,1.,0.));
#3379=DIRECTION('ref_axis',(1.,0.,0.));
#3380=DIRECTION('center_axis',(0.707106781186547,0.,0.707106781186548));
#3381=DIRECTION('ref_axis',(-0.707106781186548,2.85719160749121E-15,0.707106781186547));
#3382=DIRECTION('center_axis',(0.,1.,0.));
#3383=DIRECTION('ref_axis',(1.,0.,0.));
#3384=DIRECTION('center_axis',(0.707106781186548,0.,0.707106781186548));
#3385=DIRECTION('ref_axis',(0.707106781186548,0.,-0.707106781186548));
#3386=DIRECTION('center_axis',(0.,1.,0.));
#3387=DIRECTION('ref_axis',(1.,0.,0.));
#3388=DIRECTION('center_axis',(2.61845052977631E-16,-2.99359569143587E-32,
1.));
#3389=DIRECTION('ref_axis',(1.,7.83858222417634E-48,-2.61845052977631E-16));
#3390=DIRECTION('center_axis',(-0.767092038777594,0.557324989066261,0.317739926050106));
#3391=DIRECTION('ref_axis',(0.587785252292474,0.809016994374947,3.33066907387547E-16));
#3392=DIRECTION('center_axis',(0.0288820236689142,-0.997147893809341,0.0697273732502735));
#3393=DIRECTION('ref_axis',(2.60208521396521E-18,-0.0697564737441255,-0.997564050259824));
#3394=DIRECTION('center_axis',(-0.0288820236689142,0.997147893809341,-0.0697273732502735));
#3395=DIRECTION('ref_axis',(1.73472347597681E-18,-0.0697564737441255,-0.997564050259824));
#3396=DIRECTION('center_axis',(-1.,0.,0.));
#3397=DIRECTION('ref_axis',(0.,0.,1.));
#3398=DIRECTION('center_axis',(1.,-6.12323399573677E-17,0.));
#3399=DIRECTION('ref_axis',(6.12323399573677E-17,1.,0.));
#3400=DIRECTION('center_axis',(-0.317739926050108,-0.55732498906626,0.767092038777593));
#3401=DIRECTION('ref_axis',(-1.94289029309402E-16,-0.809016994374947,-0.587785252292474));
#3402=DIRECTION('center_axis',(0.317739926050108,0.55732498906626,-0.767092038777593));
#3403=DIRECTION('ref_axis',(-4.82947015711943E-15,-0.809016994374946,-0.587785252292475));
#3404=DIRECTION('center_axis',(-0.707106781186547,0.,-0.707106781186548));
#3405=DIRECTION('ref_axis',(-0.707106781186548,0.,0.707106781186547));
#3406=DIRECTION('center_axis',(0.707106781186547,0.,0.707106781186548));
#3407=DIRECTION('ref_axis',(-0.707106781186548,-1.42859580374561E-14,0.707106781186547));
#3408=DIRECTION('center_axis',(0.707106781186548,0.,0.707106781186548));
#3409=DIRECTION('ref_axis',(0.707106781186548,0.,-0.707106781186548));
#3410=DIRECTION('center_axis',(0.707106781186548,0.,0.707106781186548));
#3411=DIRECTION('ref_axis',(0.707106781186548,0.,-0.707106781186548));
#3412=DIRECTION('center_axis',(0.767092038777594,-0.557324989066261,-0.317739926050106));
#3413=DIRECTION('ref_axis',(0.587785252292474,0.809016994374947,-8.32667268468867E-17));
#3414=DIRECTION('center_axis',(-0.767092038777594,0.557324989066261,0.317739926050106));
#3415=DIRECTION('ref_axis',(0.587785252292474,0.809016994374947,-8.32667268468867E-17));
#3416=DIRECTION('center_axis',(2.61845052977631E-16,-2.99359569143587E-32,
1.));
#3417=DIRECTION('ref_axis',(1.,7.83858222417634E-48,-2.61845052977631E-16));
#3418=DIRECTION('center_axis',(0.,0.,1.));
#3419=DIRECTION('ref_axis',(1.,0.,0.));
#3420=DIRECTION('center_axis',(0.0697273732502735,-0.997147893809341,0.0288820236689142));
#3421=DIRECTION('ref_axis',(0.997564050259824,0.0697564737441255,-2.16840434497101E-18));
#3422=DIRECTION('center_axis',(-0.0697273732502735,0.997147893809341,-0.0288820236689142));
#3423=DIRECTION('ref_axis',(0.997564050259824,0.0697564737441227,-9.4694651425753E-14));
#3424=DIRECTION('center_axis',(-0.707106781186547,-5.05487925426802E-18,
0.707106781186548));
#3425=DIRECTION('ref_axis',(0.707106781186548,-4.23704587765192E-33,0.707106781186547));
#3426=DIRECTION('center_axis',(-0.707106781186547,-5.05487925426802E-18,
0.707106781186548));
#3427=DIRECTION('ref_axis',(0.707106781186548,-4.23704587765192E-33,0.707106781186547));
#3428=DIRECTION('center_axis',(0.707106781186547,5.05487925426802E-18,-0.707106781186548));
#3429=DIRECTION('ref_axis',(0.707106781186548,1.33675750207625E-14,0.707106781186547));
#3430=DIRECTION('center_axis',(0.,1.,0.));
#3431=DIRECTION('ref_axis',(1.,0.,0.));
#3432=DIRECTION('center_axis',(-0.317739926050108,0.55732498906626,-0.767092038777593));
#3433=DIRECTION('ref_axis',(-6.66133814775094E-15,-0.809016994374948,-0.587785252292472));
#3434=DIRECTION('center_axis',(0.,1.,0.));
#3435=DIRECTION('ref_axis',(1.,0.,0.));
#3436=DIRECTION('center_axis',(1.,0.,0.));
#3437=DIRECTION('ref_axis',(0.,-3.67353206677441E-15,1.));
#3438=DIRECTION('center_axis',(0.,1.,0.));
#3439=DIRECTION('ref_axis',(1.,0.,0.));
#3440=DIRECTION('center_axis',(2.61845052977631E-16,0.,1.));
#3441=DIRECTION('ref_axis',(1.,0.,-2.61845052977631E-16));
#3442=DIRECTION('center_axis',(0.,1.,0.));
#3443=DIRECTION('ref_axis',(1.,0.,0.));
#3444=DIRECTION('center_axis',(-0.767092038777594,0.55732498906626,-0.317739926050107));
#3445=DIRECTION('ref_axis',(0.587785252292468,0.809016994374951,2.27040608535844E-14));
#3446=DIRECTION('center_axis',(0.317739926050108,-0.55732498906626,0.767092038777593));
#3447=DIRECTION('ref_axis',(2.77555756156289E-16,-0.809016994374947,-0.587785252292474));
#3448=DIRECTION('center_axis',(-0.317739926050108,0.55732498906626,-0.767092038777593));
#3449=DIRECTION('ref_axis',(-3.60822483003176E-15,-0.809016994374948,-0.587785252292473));
#3450=DIRECTION('center_axis',(-1.,0.,0.));
#3451=DIRECTION('ref_axis',(0.,0.,1.));
#3452=DIRECTION('center_axis',(1.,1.49307989451785E-15,0.));
#3453=DIRECTION('ref_axis',(-1.49307989451785E-15,1.,0.));
#3454=DIRECTION('center_axis',(2.61845052977631E-16,0.,1.));
#3455=DIRECTION('ref_axis',(1.,0.,-2.61845052977631E-16));
#3456=DIRECTION('center_axis',(0.,0.,1.));
#3457=DIRECTION('ref_axis',(1.,0.,0.));
#3458=DIRECTION('center_axis',(0.767092038777594,-0.55732498906626,0.317739926050107));
#3459=DIRECTION('ref_axis',(0.587785252292474,0.809016994374947,5.55111512312578E-17));
#3460=DIRECTION('center_axis',(-0.767092038777594,0.55732498906626,-0.317739926050107));
#3461=DIRECTION('ref_axis',(0.587785252292479,0.809016994374943,-1.99007477164059E-14));
#3462=DIRECTION('center_axis',(0.,1.,0.));
#3463=DIRECTION('ref_axis',(1.,0.,0.));
#3464=DIRECTION('center_axis',(0.707106781186547,0.,-0.707106781186548));
#3465=DIRECTION('ref_axis',(0.707106781186548,-8.16340459283203E-16,0.707106781186547));
#3466=DIRECTION('center_axis',(0.,1.,0.));
#3467=DIRECTION('ref_axis',(1.,0.,0.));
#3468=DIRECTION('center_axis',(-0.707106781186547,0.,0.707106781186548));
#3469=DIRECTION('ref_axis',(0.707106781186548,0.,0.707106781186547));
#3470=DIRECTION('center_axis',(-0.707106781186547,0.,0.707106781186548));
#3471=DIRECTION('ref_axis',(0.707106781186548,0.,0.707106781186547));
#3472=DIRECTION('center_axis',(0.,1.,0.));
#3473=DIRECTION('ref_axis',(0.,0.,1.));
#3474=DIRECTION('',(3.63153647729319E-16,0.998629534754574,0.0523359562429439));
#3475=DIRECTION('',(-0.0523359562429439,0.998629534754574,6.69407645583999E-18));
#3476=DIRECTION('center_axis',(-0.998629534754574,-0.052335956242944,1.27730587851986E-16));
#3477=DIRECTION('ref_axis',(0.052335956242944,-0.998629534754574,0.));
#3478=DIRECTION('',(-0.0523359562429439,0.998629534754574,3.63153647729319E-16));
#3479=DIRECTION('center_axis',(0.,1.,0.));
#3480=DIRECTION('ref_axis',(0.,0.,1.));
#3481=DIRECTION('',(0.,0.998629534754574,-0.0523359562429439));
#3482=DIRECTION('center_axis',(0.,-0.052335956242944,-0.998629534754574));
#3483=DIRECTION('ref_axis',(0.,0.998629534754574,-0.052335956242944));
#3484=DIRECTION('',(-3.63153647729319E-16,0.998629534754574,-0.0523359562429439));
#3485=DIRECTION('center_axis',(0.,1.,0.));
#3486=DIRECTION('ref_axis',(0.,0.,-1.));
#3487=DIRECTION('',(0.0523359562429439,0.998629534754574,-1.004111468376E-17));
#3488=DIRECTION('center_axis',(0.998629534754574,-0.052335956242944,-1.91595881777979E-16));
#3489=DIRECTION('ref_axis',(0.052335956242944,0.998629534754574,0.));
#3490=DIRECTION('',(0.0523359562429439,0.998629534754574,-3.63153647729319E-16));
#3491=DIRECTION('center_axis',(0.,1.,0.));
#3492=DIRECTION('ref_axis',(0.,0.,1.));
#3493=DIRECTION('',(0.,0.998629534754574,0.0523359562429439));
#3494=DIRECTION('center_axis',(0.,-0.052335956242944,0.998629534754574));
#3495=DIRECTION('ref_axis',(0.,-0.998629534754574,-0.052335956242944));
#3496=CARTESIAN_POINT('',(0.,0.,0.));
#3497=CARTESIAN_POINT('Origin',(5.26365597637762E-17,56.,-294.));
#3498=CARTESIAN_POINT('',(-2.22908970044375E-16,53.,-296.25));
#3499=CARTESIAN_POINT('Origin',(5.26365597637762E-17,53.,-294.));
#3500=CARTESIAN_POINT('',(-2.22908970044375E-16,56.,-296.25));
#3501=CARTESIAN_POINT('',(-2.22908970044375E-16,56.,-296.25));
#3502=CARTESIAN_POINT('Origin',(5.26365597637762E-17,56.,-294.));
#3503=CARTESIAN_POINT('Origin',(-29.4448637286709,56.,-243.));
#3504=CARTESIAN_POINT('',(-29.4448637286709,53.,-245.25));
#3505=CARTESIAN_POINT('Origin',(-29.4448637286709,53.,-243.));
#3506=CARTESIAN_POINT('',(-29.4448637286709,56.,-245.25));
#3507=CARTESIAN_POINT('',(-29.4448637286709,56.,-245.25));
#3508=CARTESIAN_POINT('Origin',(-29.4448637286709,56.,-243.));
#3509=CARTESIAN_POINT('Origin',(29.4448637286709,56.,-243.));
#3510=CARTESIAN_POINT('',(29.4448637286709,53.,-245.25));
#3511=CARTESIAN_POINT('Origin',(29.4448637286709,53.,-243.));
#3512=CARTESIAN_POINT('',(29.4448637286709,56.,-245.25));
#3513=CARTESIAN_POINT('',(29.4448637286709,56.,-245.25));
#3514=CARTESIAN_POINT('Origin',(29.4448637286709,56.,-243.));
#3515=CARTESIAN_POINT('Origin',(0.,41.,-260.));
#3516=CARTESIAN_POINT('',(-3.42901103761259E-15,53.,-288.));
#3517=CARTESIAN_POINT('Origin',(0.,53.,-260.));
#3518=CARTESIAN_POINT('',(-3.42901103761259E-15,56.,-288.));
#3519=CARTESIAN_POINT('',(-3.42901103761259E-15,41.,-288.));
#3520=CARTESIAN_POINT('Origin',(0.,56.,-260.));
#3521=CARTESIAN_POINT('Origin',(150.000000000001,64.,-95.));
#3522=CARTESIAN_POINT('',(150.000000000001,61.,-99.5));
#3523=CARTESIAN_POINT('Origin',(150.000000000001,61.,-95.));
#3524=CARTESIAN_POINT('',(150.000000000001,64.,-99.5));
#3525=CARTESIAN_POINT('',(150.000000000001,64.,-99.5));
#3526=CARTESIAN_POINT('Origin',(150.000000000001,64.,-95.));
#3527=CARTESIAN_POINT('Origin',(150.000000000009,64.,95.));
#3528=CARTESIAN_POINT('',(150.000000000009,61.,90.5));
#3529=CARTESIAN_POINT('Origin',(150.000000000009,61.,95.));
#3530=CARTESIAN_POINT('',(150.000000000009,64.,90.5));
#3531=CARTESIAN_POINT('',(150.000000000009,64.,90.5));
#3532=CARTESIAN_POINT('Origin',(150.000000000009,64.,95.));
#3533=CARTESIAN_POINT('Origin',(-149.999999999991,64.,95.));
#3534=CARTESIAN_POINT('',(-149.999999999991,61.,90.5));
#3535=CARTESIAN_POINT('Origin',(-149.999999999991,61.,95.));
#3536=CARTESIAN_POINT('',(-149.999999999991,64.,90.5));
#3537=CARTESIAN_POINT('',(-149.999999999991,64.,90.5));
#3538=CARTESIAN_POINT('Origin',(-149.999999999991,64.,95.));
#3539=CARTESIAN_POINT('Origin',(-149.999999999991,64.,-95.));
#3540=CARTESIAN_POINT('',(-149.999999999991,61.,-99.5));
#3541=CARTESIAN_POINT('Origin',(-149.999999999991,61.,-95.));
#3542=CARTESIAN_POINT('',(-149.999999999991,64.,-99.5));
#3543=CARTESIAN_POINT('',(-149.999999999991,64.,-99.5));
#3544=CARTESIAN_POINT('Origin',(-149.999999999991,64.,-95.));
#3545=CARTESIAN_POINT('Origin',(0.,59.,-260.));
#3546=CARTESIAN_POINT('',(-6.4882928518842E-15,57.9581109339985,-312.980931778874));
#3547=CARTESIAN_POINT('Origin',(0.,57.9581109339985,-260.));
#3548=CARTESIAN_POINT('',(-5.76466785438305E-15,53.,-307.0720852608));
#3549=CARTESIAN_POINT('Origin',(-5.76466785438305E-15,59.,-307.0720852608));
#3550=CARTESIAN_POINT('Origin',(0.,53.,-260.));
#3551=CARTESIAN_POINT('Origin',(0.,63.4790554669992,-260.));
#3552=CARTESIAN_POINT('',(-6.55397887889759E-15,61.,-313.517298893532));
#3553=CARTESIAN_POINT('Origin',(0.,61.,-260.));
#3554=CARTESIAN_POINT('',(-6.60751117440207E-15,63.4790554669992,-313.954423259037));
#3555=CARTESIAN_POINT('Origin',(0.,61.,-260.));
#3556=CARTESIAN_POINT('',(-6.5539788788976E-15,64.,-206.482701106468));
#3557=CARTESIAN_POINT('Origin',(0.,64.,-260.));
#3558=CARTESIAN_POINT('',(-6.19216638014703E-15,61.5209445330008,-209.437124365505));
#3559=CARTESIAN_POINT('Origin',(-6.55397887889759E-15,61.,-206.482701106468));
#3560=CARTESIAN_POINT('',(6.19216638014703E-15,61.5209445330008,-310.562875634495));
#3561=CARTESIAN_POINT('Origin',(0.,61.5209445330008,-260.));
#3562=CARTESIAN_POINT('Origin',(0.,61.5209445330008,-260.));
#3563=CARTESIAN_POINT('Origin',(0.,59.,-260.));
#3564=CARTESIAN_POINT('',(-5.76466785438305E-15,56.,-307.0720852608));
#3565=CARTESIAN_POINT('Origin',(0.,56.,-260.));
#3566=CARTESIAN_POINT('',(-6.12648035313362E-15,58.4790554669993,-310.026508519837));
#3567=CARTESIAN_POINT('Origin',(-5.76466785438305E-15,59.,-307.0720852608));
#3568=CARTESIAN_POINT('Origin',(0.,58.4790554669993,-260.));
#3569=CARTESIAN_POINT('Origin',(0.,64.,-260.));
#3570=CARTESIAN_POINT('',(-6.2456986756515E-15,64.,-311.));
#3571=CARTESIAN_POINT('Origin',(0.,0.,0.));
#3572=CARTESIAN_POINT('',(285.156405086936,0.,-323.843594913064));
#3573=CARTESIAN_POINT('',(224.843594913064,0.,-384.156405086936));
#3574=CARTESIAN_POINT('',(219.,0.,-390.));
#3575=CARTESIAN_POINT('',(291.,0.,-309.735908820931));
#3576=CARTESIAN_POINT('Origin',(270.951162038469,0.,-309.69549940652));
#3577=CARTESIAN_POINT('',(291.,0.,309.735908820931));
#3578=CARTESIAN_POINT('',(291.,0.,-318.));
#3579=CARTESIAN_POINT('',(285.156405086936,0.,323.843594913064));
#3580=CARTESIAN_POINT('Origin',(270.951162038262,0.,309.695499406426));
#3581=CARTESIAN_POINT('',(224.843594913064,0.,384.156405086936));
#3582=CARTESIAN_POINT('',(219.,0.,390.));
#3583=CARTESIAN_POINT('',(210.735908820931,0.,390.));
#3584=CARTESIAN_POINT('Origin',(210.695499406517,0.,369.951162038467));
#3585=CARTESIAN_POINT('',(-210.735908820931,0.,390.));
#3586=CARTESIAN_POINT('',(-219.,0.,390.));
#3587=CARTESIAN_POINT('',(-224.843594913064,0.,384.156405086936));
#3588=CARTESIAN_POINT('Origin',(-210.695499406516,0.,369.951162038466));
#3589=CARTESIAN_POINT('',(-285.156405086936,0.,323.843594913064));
#3590=CARTESIAN_POINT('',(-291.,0.,318.));
#3591=CARTESIAN_POINT('',(-291.,0.,309.735908820931));
#3592=CARTESIAN_POINT('Origin',(-270.951162038248,0.,309.695499406423));
#3593=CARTESIAN_POINT('',(-291.,0.,-309.735908820931));
#3594=CARTESIAN_POINT('',(-291.,0.,-318.));
#3595=CARTESIAN_POINT('',(-285.156405086936,0.,-323.843594913064));
#3596=CARTESIAN_POINT('Origin',(-270.951162038375,0.,-309.695499406471));
#3597=CARTESIAN_POINT('',(-224.843594913064,0.,-384.156405086936));
#3598=CARTESIAN_POINT('',(-291.,0.,-318.));
#3599=CARTESIAN_POINT('',(-210.735908820931,0.,-390.));
#3600=CARTESIAN_POINT('Origin',(-210.695499406482,0.,-369.95116203839));
#3601=CARTESIAN_POINT('',(210.735908820931,0.,-390.));
#3602=CARTESIAN_POINT('',(-219.,0.,-390.));
#3603=CARTESIAN_POINT('Origin',(210.695499406463,0.,-369.95116203832));
#3604=CARTESIAN_POINT('',(283.025618629652,0.,-321.721380587075));
#3605=CARTESIAN_POINT('',(287.992674305756,0.,-309.729847408762));
#3606=CARTESIAN_POINT('Origin',(270.951162038414,0.,-309.695499406494));
#3607=CARTESIAN_POINT('',(222.721380587075,0.,-382.025618629652));
#3608=CARTESIAN_POINT('',(302.373499608364,0.,-302.373499608364));
#3609=CARTESIAN_POINT('',(210.729847408762,0.,-386.992674305756));
#3610=CARTESIAN_POINT('Origin',(210.69549940647,0.,-369.951162038357));
#3611=CARTESIAN_POINT('',(-210.729847408763,0.,-386.992674305756));
#3612=CARTESIAN_POINT('',(0.,0.,-386.992674305756));
#3613=CARTESIAN_POINT('',(-222.721380587075,0.,-382.025618629652));
#3614=CARTESIAN_POINT('Origin',(-210.695499406518,0.,-369.951162038473));
#3615=CARTESIAN_POINT('',(-283.025618629652,0.,-321.721380587075));
#3616=CARTESIAN_POINT('',(-302.373499608364,0.,-302.373499608364));
#3617=CARTESIAN_POINT('',(-287.992674305756,0.,-309.729847408762));
#3618=CARTESIAN_POINT('Origin',(-270.951162038407,0.,-309.695499406486));
#3619=CARTESIAN_POINT('',(-287.992674305756,0.,309.729847408763));
#3620=CARTESIAN_POINT('',(-287.992674305756,0.,7.54094570607605E-14));
#3621=CARTESIAN_POINT('',(-283.025618629652,0.,321.721380587075));
#3622=CARTESIAN_POINT('Origin',(-270.951162038328,0.,309.695499406448));
#3623=CARTESIAN_POINT('',(-222.721380587075,0.,382.025618629652));
#3624=CARTESIAN_POINT('',(-302.373499608364,0.,302.373499608364));
#3625=CARTESIAN_POINT('',(-210.729847408762,0.,386.992674305757));
#3626=CARTESIAN_POINT('Origin',(-210.695499406498,0.,369.95116203843));
#3627=CARTESIAN_POINT('',(210.729847408763,0.,386.992674305757));
#3628=CARTESIAN_POINT('',(0.,0.,386.992674305757));
#3629=CARTESIAN_POINT('',(222.721380587075,0.,382.025618629652));
#3630=CARTESIAN_POINT('Origin',(210.695499406482,0.,369.951162038382));
#3631=CARTESIAN_POINT('',(283.025618629652,0.,321.721380587075));
#3632=CARTESIAN_POINT('',(302.373499608364,0.,302.373499608364));
#3633=CARTESIAN_POINT('',(287.992674305757,0.,309.729847408762));
#3634=CARTESIAN_POINT('Origin',(270.951162038341,0.,309.695499406459));
#3635=CARTESIAN_POINT('',(287.992674305756,0.,-7.54094570607605E-14));
#3636=CARTESIAN_POINT('Origin',(-219.,0.,-390.));
#3637=CARTESIAN_POINT('',(-210.307405944264,14.7940028668814,-388.965502543636));
#3638=CARTESIAN_POINT('',(210.307405944264,14.7940028668814,-388.965502543636));
#3639=CARTESIAN_POINT('',(218.302026531172,14.7940028668814,-388.965502543636));
#3640=CARTESIAN_POINT('',(210.37743546299,12.3762433669962,-389.134568757509));
#3641=CARTESIAN_POINT('',(-210.74280248854,-0.238002925843057,-390.016642785837));
#3642=CARTESIAN_POINT('Origin',(-291.,0.,-318.));
#3643=CARTESIAN_POINT('',(-284.121907630572,14.7940028668814,-323.415092036397));
#3644=CARTESIAN_POINT('',(-224.415092036397,14.7940028668814,-383.121907630572));
#3645=CARTESIAN_POINT('',(-218.762041606381,14.7940028668814,-388.774958060588));
#3646=CARTESIAN_POINT('',(-224.76555044323,2.69447458425796,-383.967989069396));
#3647=CARTESIAN_POINT('',(-285.173047872774,-0.238002925843055,-323.850488580673));
#3648=CARTESIAN_POINT('Origin',(-291.,0.,-318.));
#3649=CARTESIAN_POINT('',(-289.965502543636,14.7940028668815,309.307405944264));
#3650=CARTESIAN_POINT('',(-289.965502543636,14.7940028668815,-309.307405944264));
#3651=CARTESIAN_POINT('',(-289.965502543636,14.7940028668815,-317.302026531173));
#3652=CARTESIAN_POINT('',(-291.016642785837,-0.238002925843057,-309.74280248854));
#3653=CARTESIAN_POINT('',(-289.735822963881,18.0785738829373,309.21226954733));
#3654=CARTESIAN_POINT('Origin',(-291.,0.,318.));
#3655=CARTESIAN_POINT('',(-224.415092036397,14.7940028668815,383.121907630572));
#3656=CARTESIAN_POINT('',(-284.121907630572,14.7940028668815,323.415092036397));
#3657=CARTESIAN_POINT('',(-289.774958060588,14.7940028668815,317.762041606381));
#3658=CARTESIAN_POINT('',(-285.173047872774,-0.238002925843056,323.850488580673));
#3659=CARTESIAN_POINT('',(-224.76555044323,2.69447458425796,383.967989069396));
#3660=CARTESIAN_POINT('Origin',(-219.,0.,390.));
#3661=CARTESIAN_POINT('',(210.307405944264,14.7940028668814,388.965502543636));
#3662=CARTESIAN_POINT('',(-210.307405944264,14.7940028668814,388.965502543636));
#3663=CARTESIAN_POINT('',(-218.302026531173,14.7940028668814,388.965502543636));
#3664=CARTESIAN_POINT('',(-210.74280248854,-0.238002925843057,390.016642785837));
#3665=CARTESIAN_POINT('',(210.37743546299,12.3762433669963,389.134568757509));
#3666=CARTESIAN_POINT('Origin',(219.,0.,390.));
#3667=CARTESIAN_POINT('',(284.121907630572,14.7940028668815,323.415092036397));
#3668=CARTESIAN_POINT('',(284.967989069396,2.69447458425797,323.76555044323));
#3669=CARTESIAN_POINT('',(224.415092036397,14.7940028668815,383.121907630572));
#3670=CARTESIAN_POINT('',(218.762041606381,14.7940028668815,388.774958060589));
#3671=CARTESIAN_POINT('',(224.850488580673,-0.238002925843057,384.173047872774));
#3672=CARTESIAN_POINT('Origin',(291.,0.,-318.));
#3673=CARTESIAN_POINT('',(289.965502543636,14.7940028668815,-309.307405944264));
#3674=CARTESIAN_POINT('',(291.016642785837,-0.238002925843057,-309.74280248854));
#3675=CARTESIAN_POINT('',(289.965502543636,14.7940028668815,309.307405944264));
#3676=CARTESIAN_POINT('',(289.965502543636,14.7940028668815,317.302026531172));
#3677=CARTESIAN_POINT('',(289.735822963881,18.0785738829373,309.21226954733));
#3678=CARTESIAN_POINT('Origin',(219.,0.,-390.));
#3679=CARTESIAN_POINT('',(224.415092036397,14.7940028668814,-383.121907630572));
#3680=CARTESIAN_POINT('',(284.121907630572,14.7940028668814,-323.415092036397));
#3681=CARTESIAN_POINT('',(289.774958060588,14.7940028668814,-317.762041606381));
#3682=CARTESIAN_POINT('',(284.967989069396,2.69447458425796,-323.76555044323));
#3683=CARTESIAN_POINT('',(224.850488580673,-0.238002925843055,-384.173047872774));
#3684=CARTESIAN_POINT('Origin',(0.,64.,0.));
#3685=CARTESIAN_POINT('',(-192.861212257944,64.,326.895384129137));
#3686=CARTESIAN_POINT('',(192.861212257944,64.,326.895384129137));
#3687=CARTESIAN_POINT('',(195.552935155181,64.,326.895384129137));
#3688=CARTESIAN_POINT('',(227.895384129137,64.,291.861212257944));
#3689=CARTESIAN_POINT('',(229.798719642848,64.,289.957876744233));
#3690=CARTESIAN_POINT('',(227.895384129137,64.,-291.861212257944));
#3691=CARTESIAN_POINT('',(227.895384129137,64.,-294.552935155181));
#3692=CARTESIAN_POINT('',(192.861212257944,64.,-326.895384129137));
#3693=CARTESIAN_POINT('',(190.957876744233,64.,-328.798719642848));
#3694=CARTESIAN_POINT('',(-192.861212257944,64.,-326.895384129137));
#3695=CARTESIAN_POINT('',(-195.552935155181,64.,-326.895384129137));
#3696=CARTESIAN_POINT('',(-227.895384129137,64.,-291.861212257944));
#3697=CARTESIAN_POINT('',(-229.798719642848,64.,-289.957876744233));
#3698=CARTESIAN_POINT('',(-227.895384129137,64.,291.861212257944));
#3699=CARTESIAN_POINT('',(-227.895384129137,64.,294.552935155181));
#3700=CARTESIAN_POINT('',(-190.957876744233,64.,328.798719642848));
#3701=CARTESIAN_POINT('',(-83.4999999999999,64.,112.5));
#3702=CARTESIAN_POINT('',(83.5,64.,112.5));
#3703=CARTESIAN_POINT('',(-83.4999999999999,64.,112.5));
#3704=CARTESIAN_POINT('',(-87.5,64.,108.5));
#3705=CARTESIAN_POINT('Origin',(-83.5,64.,108.5));
#3706=CARTESIAN_POINT('',(-87.5,64.,-108.5));
#3707=CARTESIAN_POINT('',(-87.5,64.,-108.5));
#3708=CARTESIAN_POINT('',(-83.5,64.,-112.5));
#3709=CARTESIAN_POINT('Origin',(-83.5,64.,-108.5));
#3710=CARTESIAN_POINT('',(83.4999999999999,64.,-112.5));
#3711=CARTESIAN_POINT('',(-83.5,64.,-112.5));
#3712=CARTESIAN_POINT('',(87.5,64.,-108.5));
#3713=CARTESIAN_POINT('Origin',(83.5,64.,-108.5));
#3714=CARTESIAN_POINT('',(87.5,64.,108.5));
#3715=CARTESIAN_POINT('',(87.5,64.,-108.5));
#3716=CARTESIAN_POINT('Origin',(83.5,64.,108.5));
#3717=CARTESIAN_POINT('Origin',(0.,56.,-260.));
#3718=CARTESIAN_POINT('Origin',(-264.473356604488,64.,264.473356604488));
#3719=CARTESIAN_POINT('',(-201.173751013493,60.1803398874989,335.207922884687));
#3720=CARTESIAN_POINT('',(-236.207922884686,60.1803398874989,300.173751013493));
#3721=CARTESIAN_POINT('',(-238.111258398397,60.1803398874989,298.270415499782));
#3722=CARTESIAN_POINT('',(-278.326760293988,29.5792132794979,317.619944699814));
#3723=CARTESIAN_POINT('',(-242.505715130876,55.6047259880998,302.782381974873));
#3724=CARTESIAN_POINT('',(-218.619944699813,29.5792132794979,377.326760293988));
#3725=CARTESIAN_POINT('',(-212.966894269797,29.5792132794979,382.979810724005));
#3726=CARTESIAN_POINT('',(-189.647448375092,80.3978069580619,307.380966731042));
#3727=CARTESIAN_POINT('Origin',(0.,64.,333.393778053796));
#3728=CARTESIAN_POINT('',(-210.307405944264,29.5792132794979,380.769926584289));
#3729=CARTESIAN_POINT('',(210.307405944265,29.5792132794979,380.769926584289));
#3730=CARTESIAN_POINT('',(218.302026531173,29.5792132794979,380.769926584289));
#3731=CARTESIAN_POINT('',(192.861212257944,60.180339887499,338.651089174987));
#3732=CARTESIAN_POINT('',(171.432405601114,97.7670844436041,286.917373518596));
#3733=CARTESIAN_POINT('',(-192.861212257944,60.180339887499,338.651089174987));
#3734=CARTESIAN_POINT('',(-195.55293515518,60.180339887499,338.651089174987));
#3735=CARTESIAN_POINT('',(-171.432405601114,97.7670844436041,286.917373518596));
#3736=CARTESIAN_POINT('Origin',(-234.393778053796,64.,6.13748512321232E-14));
#3737=CARTESIAN_POINT('',(-239.651089174987,60.1803398874989,291.861212257944));
#3738=CARTESIAN_POINT('',(-239.651089174987,60.1803398874989,-291.861212257944));
#3739=CARTESIAN_POINT('',(-239.651089174987,60.1803398874989,-294.552935155181));
#3740=CARTESIAN_POINT('',(-281.769926584289,29.5792132794979,-309.307405944264));
#3741=CARTESIAN_POINT('',(-163.787532518789,115.298440123971,-260.437498201087));
#3742=CARTESIAN_POINT('',(-281.769926584289,29.5792132794979,309.307405944264));
#3743=CARTESIAN_POINT('',(-281.769926584289,29.5792132794979,317.302026531173));
#3744=CARTESIAN_POINT('',(-163.787532518788,115.298440123971,260.437498201087));
#3745=CARTESIAN_POINT('Origin',(264.473356604488,64.,264.473356604488));
#3746=CARTESIAN_POINT('',(236.207922884687,60.180339887499,300.173751013493));
#3747=CARTESIAN_POINT('',(201.173751013493,60.180339887499,335.207922884686));
#3748=CARTESIAN_POINT('',(199.270415499783,60.180339887499,337.111258398397));
#3749=CARTESIAN_POINT('',(218.619944699814,29.5792132794979,377.326760293988));
#3750=CARTESIAN_POINT('',(189.647448375093,80.3978069580618,307.380966731042));
#3751=CARTESIAN_POINT('',(278.326760293989,29.5792132794979,317.619944699813));
#3752=CARTESIAN_POINT('',(283.979810724005,29.5792132794979,311.966894269797));
#3753=CARTESIAN_POINT('',(242.505715130876,55.6047259880999,302.782381974873));
#3754=CARTESIAN_POINT('Origin',(-264.473356604488,64.,-264.473356604488));
#3755=CARTESIAN_POINT('',(-236.207922884687,60.1803398874989,-300.173751013493));
#3756=CARTESIAN_POINT('',(-201.173751013493,60.1803398874989,-335.207922884686));
#3757=CARTESIAN_POINT('',(-199.270415499783,60.1803398874989,-337.111258398397));
#3758=CARTESIAN_POINT('',(-218.619944699814,29.5792132794979,-377.326760293988));
#3759=CARTESIAN_POINT('',(-189.647448375093,80.3978069580619,-307.380966731042));
#3760=CARTESIAN_POINT('',(-278.326760293989,29.5792132794979,-317.619944699813));
#3761=CARTESIAN_POINT('',(-283.979810724005,29.5792132794979,-311.966894269797));
#3762=CARTESIAN_POINT('',(-242.505715130876,55.6047259880999,-302.782381974873));
#3763=CARTESIAN_POINT('Origin',(234.393778053796,64.,-6.13748512321232E-14));
#3764=CARTESIAN_POINT('',(281.769926584289,29.5792132794979,309.307405944264));
#3765=CARTESIAN_POINT('',(281.769926584289,29.5792132794979,-309.307405944264));
#3766=CARTESIAN_POINT('',(281.769926584289,29.5792132794979,-317.302026531173));
#3767=CARTESIAN_POINT('',(239.651089174987,60.1803398874989,-291.861212257944));
#3768=CARTESIAN_POINT('',(163.787532518789,115.298440123971,-260.437498201087));
#3769=CARTESIAN_POINT('',(239.651089174987,60.1803398874989,291.861212257944));
#3770=CARTESIAN_POINT('',(239.651089174987,60.1803398874989,294.552935155181));
#3771=CARTESIAN_POINT('',(163.787532518789,115.298440123971,260.437498201087));
#3772=CARTESIAN_POINT('Origin',(0.,64.,-333.393778053795));
#3773=CARTESIAN_POINT('',(-192.861212257944,60.180339887499,-338.651089174987));
#3774=CARTESIAN_POINT('',(192.861212257944,60.180339887499,-338.651089174987));
#3775=CARTESIAN_POINT('',(195.55293515518,60.180339887499,-338.651089174987));
#3776=CARTESIAN_POINT('',(210.307405944264,29.5792132794979,-380.769926584289));
#3777=CARTESIAN_POINT('',(171.432405601114,97.767084443604,-286.917373518596));
#3778=CARTESIAN_POINT('',(-210.307405944264,29.5792132794979,-380.769926584289));
#3779=CARTESIAN_POINT('',(-218.302026531173,29.5792132794979,-380.769926584289));
#3780=CARTESIAN_POINT('',(-171.432405601114,97.767084443604,-286.917373518596));
#3781=CARTESIAN_POINT('Origin',(264.473356604488,64.,-264.473356604488));
#3782=CARTESIAN_POINT('',(201.173751013493,60.1803398874989,-335.207922884686));
#3783=CARTESIAN_POINT('',(236.207922884686,60.1803398874989,-300.173751013493));
#3784=CARTESIAN_POINT('',(238.111258398397,60.1803398874989,-298.270415499782));
#3785=CARTESIAN_POINT('',(278.326760293988,29.5792132794979,-317.619944699813));
#3786=CARTESIAN_POINT('',(242.505715130876,55.6047259880998,-302.782381974873));
#3787=CARTESIAN_POINT('',(218.619944699813,29.5792132794979,-377.326760293988));
#3788=CARTESIAN_POINT('',(212.966894269797,29.5792132794979,-382.979810724005));
#3789=CARTESIAN_POINT('',(189.647448375092,80.3978069580619,-307.380966731042));
#3790=CARTESIAN_POINT('Origin',(-271.065361780641,-1.63313240072557,-309.74280248854));
#3791=CARTESIAN_POINT('Origin',(-270.014221538439,13.3988733919989,-309.307405944264));
#3792=CARTESIAN_POINT('Origin',(-276.160813741352,13.3988733919989,-303.160813741352));
#3793=CARTESIAN_POINT('Origin',(-210.307405944264,13.3988733919989,-369.014221538439));
#3794=CARTESIAN_POINT('Origin',(-270.014221538439,13.3988733919989,-309.307405944264));
#3795=CARTESIAN_POINT('Origin',(-210.657864351098,1.29934510937545,-369.860302977264));
#3796=CARTESIAN_POINT('Origin',(-210.307405944264,13.3988733919989,-369.014221538439));
#3797=CARTESIAN_POINT('Origin',(-270.014221538439,13.3988733919989,-309.307405944264));
#3798=CARTESIAN_POINT('Origin',(-270.014221538439,13.3988733919989,-309.307405944264));
#3799=CARTESIAN_POINT('Origin',(-270.014221538439,13.3988733919989,-309.307405944264));
#3800=CARTESIAN_POINT('Origin',(-210.307405944264,13.3988733919989,-369.014221538439));
#3801=CARTESIAN_POINT('Origin',(-210.307405944264,13.3988733919989,-369.014221538439));
#3802=CARTESIAN_POINT('Origin',(-210.307405944264,13.3988733919989,-369.014221538439));
#3803=CARTESIAN_POINT('Origin',(-271.065361780641,-1.63313240072556,309.74280248854));
#3804=CARTESIAN_POINT('Origin',(-270.014221538439,13.3988733919989,309.307405944264));
#3805=CARTESIAN_POINT('Origin',(-270.014221538439,13.3988733919989,-318.));
#3806=CARTESIAN_POINT('Origin',(-270.014221538439,13.3988733919989,309.307405944264));
#3807=CARTESIAN_POINT('Origin',(-234.193176375327,39.4243861006009,-294.469843219324));
#3808=CARTESIAN_POINT('Origin',(-227.895384129138,44.,-291.861212257944));
#3809=CARTESIAN_POINT('Origin',(-259.878298193541,44.,-259.878298193541));
#3810=CARTESIAN_POINT('Origin',(-192.861212257944,44.,-326.895384129137));
#3811=CARTESIAN_POINT('Origin',(-227.895384129137,44.,-291.861212257944));
#3812=CARTESIAN_POINT('Origin',(-171.432405601114,81.5867445561051,-275.161668472746));
#3813=CARTESIAN_POINT('Origin',(-192.861212257944,44.,-326.895384129137));
#3814=CARTESIAN_POINT('Origin',(-219.,13.3988733919989,-369.014221538439));
#3815=CARTESIAN_POINT('Origin',(210.307405944264,13.3988733919989,-369.014221538439));
#3816=CARTESIAN_POINT('Origin',(210.37743546299,10.9811138921137,-369.183287752312));
#3817=CARTESIAN_POINT('Origin',(210.307405944264,13.3988733919989,-369.014221538439));
#3818=CARTESIAN_POINT('Origin',(-270.014221538439,13.398873391999,309.307405944264));
#3819=CARTESIAN_POINT('Origin',(-270.014221538439,13.398873391999,309.307405944264));
#3820=CARTESIAN_POINT('Origin',(-270.014221538439,13.3988733919989,309.307405944264));
#3821=CARTESIAN_POINT('Origin',(-227.895384129137,44.,-291.861212257944));
#3822=CARTESIAN_POINT('Origin',(-227.895384129137,44.,-291.861212257944));
#3823=CARTESIAN_POINT('Origin',(-192.861212257944,44.,-326.895384129137));
#3824=CARTESIAN_POINT('Origin',(-192.861212257944,44.,-326.895384129137));
#3825=CARTESIAN_POINT('Origin',(210.307405944264,13.3988733919989,-369.014221538439));
#3826=CARTESIAN_POINT('Origin',(210.307405944264,13.3988733919989,-369.014221538439));
#3827=CARTESIAN_POINT('Origin',(210.307405944264,13.3988733919989,-369.014221538439));
#3828=CARTESIAN_POINT('Origin',(-210.74280248854,-1.63313240072557,370.065361780641));
#3829=CARTESIAN_POINT('Origin',(-210.307405944264,13.398873391999,369.014221538439));
#3830=CARTESIAN_POINT('Origin',(-276.160813741352,13.398873391999,303.160813741352));
#3831=CARTESIAN_POINT('Origin',(-210.307405944264,13.398873391999,369.014221538439));
#3832=CARTESIAN_POINT('Origin',(-152.031827472939,99.1181002364724,260.437498201087));
#3833=CARTESIAN_POINT('Origin',(-227.895384129137,44.,291.861212257944));
#3834=CARTESIAN_POINT('Origin',(-227.895384129137,44.,5.96732789306516E-14));
#3835=CARTESIAN_POINT('Origin',(-227.895384129137,44.,291.861212257944));
#3836=CARTESIAN_POINT('Origin',(0.,44.,-326.895384129137));
#3837=CARTESIAN_POINT('Origin',(192.861212257944,44.,-326.895384129137));
#3838=CARTESIAN_POINT('Origin',(181.334909619543,64.217467070563,-299.068427975493));
#3839=CARTESIAN_POINT('Origin',(192.861212257944,44.,-326.895384129137));
#3840=CARTESIAN_POINT('Origin',(204.160813741352,13.3988733919989,-375.160813741352));
#3841=CARTESIAN_POINT('Origin',(270.014221538439,13.3988733919989,-309.307405944264));
#3842=CARTESIAN_POINT('Origin',(270.860302977263,1.29934510937545,-309.657864351097));
#3843=CARTESIAN_POINT('Origin',(270.014221538439,13.398873391999,-309.307405944264));
#3844=CARTESIAN_POINT('Origin',(-210.307405944264,13.3988733919989,369.014221538439));
#3845=CARTESIAN_POINT('Origin',(-210.307405944264,13.3988733919989,369.014221538439));
#3846=CARTESIAN_POINT('Origin',(-210.307405944264,13.3988733919989,369.014221538439));
#3847=CARTESIAN_POINT('Origin',(-227.895384129137,44.,291.861212257944));
#3848=CARTESIAN_POINT('Origin',(-227.895384129137,44.,291.861212257944));
#3849=CARTESIAN_POINT('Origin',(192.861212257944,44.,-326.895384129137));
#3850=CARTESIAN_POINT('Origin',(192.861212257944,44.,-326.895384129137));
#3851=CARTESIAN_POINT('Origin',(270.014221538439,13.398873391999,-309.307405944264));
#3852=CARTESIAN_POINT('Origin',(270.014221538439,13.3988733919989,-309.307405944264));
#3853=CARTESIAN_POINT('Origin',(270.014221538439,13.3988733919989,-309.307405944264));
#3854=CARTESIAN_POINT('Origin',(210.742802488541,-1.63313240072556,370.065361780641));
#3855=CARTESIAN_POINT('Origin',(210.307405944264,13.3988733919989,369.014221538439));
#3856=CARTESIAN_POINT('Origin',(-219.,13.3988733919989,369.014221538439));
#3857=CARTESIAN_POINT('Origin',(210.307405944265,13.3988733919989,369.014221538439));
#3858=CARTESIAN_POINT('Origin',(-171.432405601113,81.5867445561051,275.161668472746));
#3859=CARTESIAN_POINT('Origin',(-192.861212257944,44.,326.895384129137));
#3860=CARTESIAN_POINT('Origin',(-259.878298193541,44.,259.878298193541));
#3861=CARTESIAN_POINT('Origin',(-192.861212257944,44.,326.895384129137));
#3862=CARTESIAN_POINT('Origin',(259.878298193541,44.,-259.878298193541));
#3863=CARTESIAN_POINT('Origin',(227.895384129137,44.,-291.861212257944));
#3864=CARTESIAN_POINT('Origin',(234.193176375327,39.4243861006009,-294.469843219324));
#3865=CARTESIAN_POINT('Origin',(227.895384129137,44.,-291.861212257944));
#3866=CARTESIAN_POINT('Origin',(270.014221538439,13.398873391999,-318.));
#3867=CARTESIAN_POINT('Origin',(270.014221538439,13.398873391999,309.307405944264));
#3868=CARTESIAN_POINT('Origin',(269.784541958684,16.6834444080548,309.21226954733));
#3869=CARTESIAN_POINT('Origin',(270.014221538439,13.398873391999,309.307405944264));
#3870=CARTESIAN_POINT('Origin',(204.160813741352,13.3988733919989,375.160813741352));
#3871=CARTESIAN_POINT('Origin',(210.307405944264,13.398873391999,369.014221538439));
#3872=CARTESIAN_POINT('Origin',(270.014221538439,13.3988733919989,309.307405944264));
#3873=CARTESIAN_POINT('Origin',(210.307405944264,13.3988733919989,369.014221538439));
#3874=CARTESIAN_POINT('Origin',(210.307405944265,13.3988733919989,369.014221538439));
#3875=CARTESIAN_POINT('Origin',(-192.861212257944,44.,326.895384129137));
#3876=CARTESIAN_POINT('Origin',(-192.861212257944,44.,326.895384129137));
#3877=CARTESIAN_POINT('Origin',(227.895384129137,44.,-291.861212257944));
#3878=CARTESIAN_POINT('Origin',(227.895384129137,44.,-291.861212257944));
#3879=CARTESIAN_POINT('Origin',(270.014221538439,13.3988733919989,309.307405944264));
#3880=CARTESIAN_POINT('Origin',(270.014221538439,13.3988733919989,309.307405944264));
#3881=CARTESIAN_POINT('Origin',(181.334909619544,64.2174670705629,299.068427975493));
#3882=CARTESIAN_POINT('Origin',(192.861212257944,44.,326.895384129137));
#3883=CARTESIAN_POINT('Origin',(0.,44.,326.895384129137));
#3884=CARTESIAN_POINT('Origin',(192.861212257944,44.,326.895384129137));
#3885=CARTESIAN_POINT('Origin',(227.895384129137,44.,-5.96732789306516E-14));
#3886=CARTESIAN_POINT('Origin',(227.895384129137,44.,291.861212257944));
#3887=CARTESIAN_POINT('Origin',(152.031827472939,99.1181002364725,260.437498201087));
#3888=CARTESIAN_POINT('Origin',(227.895384129137,44.,291.861212257944));
#3889=CARTESIAN_POINT('Origin',(192.861212257944,44.,326.895384129137));
#3890=CARTESIAN_POINT('Origin',(192.861212257944,44.,326.895384129137));
#3891=CARTESIAN_POINT('Origin',(227.895384129137,44.,291.861212257944));
#3892=CARTESIAN_POINT('Origin',(227.895384129137,44.,291.861212257944));
#3893=CARTESIAN_POINT('Origin',(259.878298193541,44.,259.878298193541));
#3894=CARTESIAN_POINT('Origin',(-219.,-0.209269421232376,-387.007307849221));
#3895=CARTESIAN_POINT('',(-210.307405944264,14.5847334456491,-385.972810392856));
#3896=CARTESIAN_POINT('',(210.307405944264,14.5847334456491,-385.972810392856));
#3897=CARTESIAN_POINT('',(-219.,14.5847334456491,-385.972810392856));
#3898=CARTESIAN_POINT('',(-210.657864351098,2.48520516302559,-386.818891831681));
#3899=CARTESIAN_POINT('',(210.37743546299,12.1669739457639,-386.141876606729));
#3900=CARTESIAN_POINT('Origin',(-288.88384708618,-0.209269421232376,-315.88384708618));
#3901=CARTESIAN_POINT('',(-282.005754716752,14.5847334456491,-321.298939122577));
#3902=CARTESIAN_POINT('',(-222.298939122577,14.5847334456491,-381.005754716752));
#3903=CARTESIAN_POINT('',(-288.152346919665,14.5847334456491,-315.152346919665));
#3904=CARTESIAN_POINT('',(-283.056894958954,-0.447272347075431,-321.734335666853));
#3905=CARTESIAN_POINT('',(-222.64939752941,2.48520516302559,-381.851836155576));
#3906=CARTESIAN_POINT('Origin',(-288.007307849221,-0.209269421232376,-318.));
#3907=CARTESIAN_POINT('',(-286.972810392856,14.5847334456491,309.307405944265));
#3908=CARTESIAN_POINT('',(-286.972810392856,14.5847334456491,-309.307405944264));
#3909=CARTESIAN_POINT('',(-286.972810392856,14.5847334456491,-318.));
#3910=CARTESIAN_POINT('',(-288.023950635058,-0.447272347075432,309.74280248854));
#3911=CARTESIAN_POINT('',(-288.023950635058,-0.447272347075432,-309.74280248854));
#3912=CARTESIAN_POINT('Origin',(-288.88384708618,-0.209269421232376,315.88384708618));
#3913=CARTESIAN_POINT('',(-222.298939122577,14.5847334456491,381.005754716752));
#3914=CARTESIAN_POINT('',(-282.005754716752,14.5847334456491,321.298939122577));
#3915=CARTESIAN_POINT('',(-288.152346919665,14.5847334456491,315.152346919665));
#3916=CARTESIAN_POINT('',(-222.734335666853,-0.447272347075432,382.056894958954));
#3917=CARTESIAN_POINT('',(-283.056894958954,-0.447272347075432,321.734335666853));
#3918=CARTESIAN_POINT('Origin',(-219.,-0.209269421232376,387.007307849221));
#3919=CARTESIAN_POINT('',(210.307405944265,14.5847334456491,385.972810392856));
#3920=CARTESIAN_POINT('',(-210.307405944264,14.5847334456491,385.972810392856));
#3921=CARTESIAN_POINT('',(-219.,14.5847334456491,385.972810392856));
#3922=CARTESIAN_POINT('',(210.742802488541,-0.447272347075432,387.023950635058));
#3923=CARTESIAN_POINT('',(-210.74280248854,-0.447272347075433,387.023950635058));
#3924=CARTESIAN_POINT('Origin',(216.88384708618,-0.209269421232376,387.88384708618));
#3925=CARTESIAN_POINT('',(222.298939122577,14.5847334456491,381.005754716752));
#3926=CARTESIAN_POINT('',(222.734335666853,-0.447272347075432,382.056894958954));
#3927=CARTESIAN_POINT('',(282.005754716752,14.5847334456491,321.298939122577));
#3928=CARTESIAN_POINT('',(216.152346919665,14.5847334456491,387.152346919665));
#3929=CARTESIAN_POINT('',(281.776075136997,17.8693044617049,321.203802725643));
#3930=CARTESIAN_POINT('Origin',(288.00730784922,-0.209269421232376,-318.));
#3931=CARTESIAN_POINT('',(286.972810392856,14.5847334456491,309.307405944265));
#3932=CARTESIAN_POINT('',(286.743130813102,17.8693044617049,309.21226954733));
#3933=CARTESIAN_POINT('',(286.972810392856,14.5847334456491,-309.307405944264));
#3934=CARTESIAN_POINT('',(286.972810392856,14.5847334456491,-318.));
#3935=CARTESIAN_POINT('',(287.81889183168,2.48520516302559,-309.657864351097));
#3936=CARTESIAN_POINT('Origin',(216.88384708618,-0.209269421232376,-387.88384708618));
#3937=CARTESIAN_POINT('',(222.298939122577,14.5847334456491,-381.005754716752));
#3938=CARTESIAN_POINT('',(282.005754716752,14.584733445649,-321.298939122577));
#3939=CARTESIAN_POINT('',(216.152346919665,14.5847334456491,-387.152346919665));
#3940=CARTESIAN_POINT('',(222.368968641302,12.1669739457639,-381.174820930625));
#3941=CARTESIAN_POINT('',(282.851836155576,2.48520516302559,-321.64939752941));
#3942=CARTESIAN_POINT('Origin',(0.,61.,0.));
#3943=CARTESIAN_POINT('',(-192.861212257944,61.,326.895384129137));
#3944=CARTESIAN_POINT('',(192.861212257944,61.,326.895384129137));
#3945=CARTESIAN_POINT('',(0.,61.,326.895384129137));
#3946=CARTESIAN_POINT('',(-227.895384129137,61.,291.861212257944));
#3947=CARTESIAN_POINT('',(-259.878298193541,61.,259.878298193541));
#3948=CARTESIAN_POINT('',(-227.895384129137,61.,-291.861212257944));
#3949=CARTESIAN_POINT('',(-227.895384129137,61.,0.));
#3950=CARTESIAN_POINT('',(-192.861212257944,61.,-326.895384129137));
#3951=CARTESIAN_POINT('',(-259.878298193541,61.,-259.878298193541));
#3952=CARTESIAN_POINT('',(192.861212257944,61.,-326.895384129137));
#3953=CARTESIAN_POINT('',(0.,61.,-326.895384129137));
#3954=CARTESIAN_POINT('',(227.895384129137,61.,-291.861212257944));
#3955=CARTESIAN_POINT('',(259.878298193541,61.,-259.878298193541));
#3956=CARTESIAN_POINT('',(227.895384129137,61.,291.861212257944));
#3957=CARTESIAN_POINT('',(227.895384129137,61.,0.));
#3958=CARTESIAN_POINT('',(259.878298193541,61.,259.878298193541));
#3959=CARTESIAN_POINT('',(-87.3427766621508,61.,108.5));
#3960=CARTESIAN_POINT('',(-83.4999999999999,61.,112.342776662151));
#3961=CARTESIAN_POINT('Origin',(-83.5,61.,108.5));
#3962=CARTESIAN_POINT('',(83.5,61.,112.342776662151));
#3963=CARTESIAN_POINT('',(-83.5,61.,112.342776662151));
#3964=CARTESIAN_POINT('',(87.3427766621509,61.,108.5));
#3965=CARTESIAN_POINT('Origin',(83.5,61.,108.5));
#3966=CARTESIAN_POINT('',(87.3427766621509,61.,-108.5));
#3967=CARTESIAN_POINT('',(87.3427766621509,61.,108.5));
#3968=CARTESIAN_POINT('',(83.4999999999999,61.,-112.342776662151));
#3969=CARTESIAN_POINT('Origin',(83.5,61.,-108.5));
#3970=CARTESIAN_POINT('',(-83.5,61.,-112.342776662151));
#3971=CARTESIAN_POINT('',(-83.5,61.,-112.342776662151));
#3972=CARTESIAN_POINT('',(-87.3427766621509,61.,-108.5));
#3973=CARTESIAN_POINT('Origin',(-83.5,61.,-108.5));
#3974=CARTESIAN_POINT('',(-87.3427766621508,61.,108.5));
#3975=CARTESIAN_POINT('Origin',(0.,53.,-260.));
#3976=CARTESIAN_POINT('Origin',(-263.226475791156,61.5729490168752,263.226475791156));
#3977=CARTESIAN_POINT('',(-199.926870200161,57.7532889043741,333.961042071354));
#3978=CARTESIAN_POINT('',(-234.961042071354,57.7532889043741,298.926870200161));
#3979=CARTESIAN_POINT('',(-266.943956135758,57.7532889043741,266.943956135757));
#3980=CARTESIAN_POINT('',(-217.373063886481,27.1521622963731,376.079879480656));
#3981=CARTESIAN_POINT('',(-178.49806354333,95.3400334604793,282.227326414963));
#3982=CARTESIAN_POINT('',(-277.079879480656,27.1521622963731,316.373063886481));
#3983=CARTESIAN_POINT('',(-296.726471683569,27.1521622963731,296.726471683568));
#3984=CARTESIAN_POINT('',(-159.097485415156,112.871389140846,267.503156143304));
#3985=CARTESIAN_POINT('Origin',(0.,61.5729490168752,331.630422296918));
#3986=CARTESIAN_POINT('',(-210.307405944264,27.152162296373,379.006570827411));
#3987=CARTESIAN_POINT('',(210.307405944265,27.152162296373,379.006570827411));
#3988=CARTESIAN_POINT('',(0.,27.152162296373,379.006570827411));
#3989=CARTESIAN_POINT('',(-192.861212257944,57.7532889043741,336.88773341811));
#3990=CARTESIAN_POINT('',(-171.432405601114,95.3400334604793,285.154017761718));
#3991=CARTESIAN_POINT('',(192.861212257944,57.7532889043741,336.88773341811));
#3992=CARTESIAN_POINT('',(0.,57.7532889043741,336.88773341811));
#3993=CARTESIAN_POINT('',(181.334909619544,77.970755974937,309.060777264466));
#3994=CARTESIAN_POINT('Origin',(-232.630422296918,61.5729490168752,6.09131252505453E-14));
#3995=CARTESIAN_POINT('',(-237.887733418109,57.7532889043741,291.861212257944));
#3996=CARTESIAN_POINT('',(-237.88773341811,57.7532889043741,-291.861212257944));
#3997=CARTESIAN_POINT('',(-237.887733418109,57.7532889043741,6.22897261595935E-14));
#3998=CARTESIAN_POINT('',(-280.006570827411,27.152162296373,309.307405944264));
#3999=CARTESIAN_POINT('',(-162.024176761911,112.871389140846,260.437498201087));
#4000=CARTESIAN_POINT('',(-280.006570827411,27.152162296373,-309.307405944264));
#4001=CARTESIAN_POINT('',(-280.006570827411,27.152162296373,7.33183353723884E-14));
#4002=CARTESIAN_POINT('',(-244.185525664299,53.177675004975,-294.469843219324));
#4003=CARTESIAN_POINT('Origin',(263.226475791156,61.5729490168752,263.226475791156));
#4004=CARTESIAN_POINT('',(234.961042071354,57.7532889043741,298.926870200161));
#4005=CARTESIAN_POINT('',(199.926870200161,57.7532889043741,333.961042071354));
#4006=CARTESIAN_POINT('',(266.943956135758,57.7532889043741,266.943956135758));
#4007=CARTESIAN_POINT('',(277.079879480656,27.1521622963731,316.373063886481));
#4008=CARTESIAN_POINT('',(159.097485415156,112.871389140847,267.503156143304));
#4009=CARTESIAN_POINT('',(217.373063886481,27.1521622963731,376.079879480656));
#4010=CARTESIAN_POINT('',(296.726471683569,27.1521622963731,296.726471683569));
#4011=CARTESIAN_POINT('',(188.40056756176,77.970755974937,306.13408591771));
#4012=CARTESIAN_POINT('Origin',(-263.226475791156,61.5729490168752,-263.226475791156));
#4013=CARTESIAN_POINT('',(-234.961042071354,57.7532889043741,-298.926870200161));
#4014=CARTESIAN_POINT('',(-199.926870200161,57.7532889043741,-333.961042071354));
#4015=CARTESIAN_POINT('',(-266.943956135758,57.7532889043741,-266.943956135758));
#4016=CARTESIAN_POINT('',(-277.079879480656,27.152162296373,-316.373063886481));
#4017=CARTESIAN_POINT('',(-241.258834317544,53.177675004975,-301.535501161541));
#4018=CARTESIAN_POINT('',(-217.373063886481,27.152162296373,-376.079879480656));
#4019=CARTESIAN_POINT('',(-296.726471683569,27.152162296373,-296.726471683569));
#4020=CARTESIAN_POINT('',(-178.498063543331,95.3400334604792,-282.227326414963));
#4021=CARTESIAN_POINT('Origin',(232.630422296918,61.5729490168752,-6.09131252505453E-14));
#4022=CARTESIAN_POINT('',(280.006570827411,27.152162296373,309.307405944264));
#4023=CARTESIAN_POINT('',(280.006570827411,27.152162296373,-309.307405944264));
#4024=CARTESIAN_POINT('',(280.006570827411,27.152162296373,-7.33183353723884E-14));
#4025=CARTESIAN_POINT('',(237.88773341811,57.7532889043741,291.861212257944));
#4026=CARTESIAN_POINT('',(162.024176761911,112.871389140847,260.437498201087));
#4027=CARTESIAN_POINT('',(237.887733418109,57.7532889043741,-291.861212257944));
#4028=CARTESIAN_POINT('',(237.887733418109,57.7532889043741,-6.22897261595935E-14));
#4029=CARTESIAN_POINT('',(244.185525664299,53.177675004975,-294.469843219324));
#4030=CARTESIAN_POINT('Origin',(0.,61.5729490168752,-331.630422296918));
#4031=CARTESIAN_POINT('',(-192.861212257944,57.7532889043741,-336.887733418109));
#4032=CARTESIAN_POINT('',(192.861212257944,57.7532889043741,-336.887733418109));
#4033=CARTESIAN_POINT('',(0.,57.7532889043741,-336.887733418109));
#4034=CARTESIAN_POINT('',(-210.307405944264,27.152162296373,-379.006570827411));
#4035=CARTESIAN_POINT('',(-171.432405601114,95.3400334604792,-285.154017761718));
#4036=CARTESIAN_POINT('',(210.307405944264,27.152162296373,-379.006570827411));
#4037=CARTESIAN_POINT('',(0.,27.152162296373,-379.006570827411));
#4038=CARTESIAN_POINT('',(181.334909619543,77.9707559749371,-309.060777264465));
#4039=CARTESIAN_POINT('Origin',(263.226475791156,61.5729490168752,-263.226475791156));
#4040=CARTESIAN_POINT('',(199.926870200161,57.7532889043741,-333.961042071354));
#4041=CARTESIAN_POINT('',(234.961042071354,57.7532889043741,-298.926870200161));
#4042=CARTESIAN_POINT('',(266.943956135758,57.7532889043741,-266.943956135758));
#4043=CARTESIAN_POINT('',(217.373063886481,27.152162296373,-376.079879480656));
#4044=CARTESIAN_POINT('',(188.40056756176,77.9707559749371,-306.13408591771));
#4045=CARTESIAN_POINT('',(277.079879480656,27.152162296373,-316.373063886481));
#4046=CARTESIAN_POINT('',(296.726471683569,27.152162296373,-296.726471683569));
#4047=CARTESIAN_POINT('',(241.258834317544,53.177675004975,-301.535501161541));
#4048=CARTESIAN_POINT('Origin',(-271.065361780641,-1.63313240072557,-309.74280248854));
#4049=CARTESIAN_POINT('Origin',(-270.014221538439,13.3988733919989,-309.307405944264));
#4050=CARTESIAN_POINT('Origin',(-276.160813741352,13.3988733919989,-303.160813741352));
#4051=CARTESIAN_POINT('Origin',(-210.307405944264,13.3988733919989,-369.014221538439));
#4052=CARTESIAN_POINT('Origin',(-270.014221538439,13.3988733919989,-309.307405944264));
#4053=CARTESIAN_POINT('Origin',(-210.657864351098,1.29934510937545,-369.860302977264));
#4054=CARTESIAN_POINT('Origin',(-210.307405944264,13.3988733919989,-369.014221538439));
#4055=CARTESIAN_POINT('Origin',(-270.014221538439,13.3988733919989,-309.307405944264));
#4056=CARTESIAN_POINT('Origin',(-270.014221538439,13.3988733919989,-309.307405944264));
#4057=CARTESIAN_POINT('Origin',(-270.014221538439,13.3988733919989,-309.307405944264));
#4058=CARTESIAN_POINT('Origin',(-210.307405944264,13.3988733919989,-369.014221538439));
#4059=CARTESIAN_POINT('Origin',(-210.307405944264,13.3988733919989,-369.014221538439));
#4060=CARTESIAN_POINT('Origin',(-210.307405944264,13.398873391999,-369.014221538439));
#4061=CARTESIAN_POINT('Origin',(-271.065361780641,-1.63313240072556,309.74280248854));
#4062=CARTESIAN_POINT('Origin',(-270.014221538439,13.3988733919989,309.307405944264));
#4063=CARTESIAN_POINT('Origin',(-270.014221538439,13.3988733919989,-318.));
#4064=CARTESIAN_POINT('Origin',(-270.014221538439,13.398873391999,309.307405944264));
#4065=CARTESIAN_POINT('Origin',(-234.193176375327,39.4243861006009,-294.469843219324));
#4066=CARTESIAN_POINT('Origin',(-227.895384129137,44.,-291.861212257944));
#4067=CARTESIAN_POINT('Origin',(-259.878298193541,44.,-259.878298193541));
#4068=CARTESIAN_POINT('Origin',(-192.861212257944,44.,-326.895384129137));
#4069=CARTESIAN_POINT('Origin',(-227.895384129137,44.,-291.861212257944));
#4070=CARTESIAN_POINT('Origin',(-171.432405601114,81.5867445561051,-275.161668472746));
#4071=CARTESIAN_POINT('Origin',(-192.861212257944,44.,-326.895384129137));
#4072=CARTESIAN_POINT('Origin',(-219.,13.3988733919989,-369.014221538439));
#4073=CARTESIAN_POINT('Origin',(210.307405944264,13.3988733919989,-369.014221538439));
#4074=CARTESIAN_POINT('Origin',(210.37743546299,10.9811138921137,-369.183287752312));
#4075=CARTESIAN_POINT('Origin',(210.307405944264,13.3988733919989,-369.014221538439));
#4076=CARTESIAN_POINT('Origin',(-270.014221538439,13.398873391999,309.307405944264));
#4077=CARTESIAN_POINT('Origin',(-270.014221538439,13.3988733919989,309.307405944264));
#4078=CARTESIAN_POINT('Origin',(-270.014221538439,13.398873391999,309.307405944264));
#4079=CARTESIAN_POINT('Origin',(-227.895384129137,44.,-291.861212257944));
#4080=CARTESIAN_POINT('Origin',(-227.895384129137,44.,-291.861212257944));
#4081=CARTESIAN_POINT('Origin',(-192.861212257944,44.,-326.895384129137));
#4082=CARTESIAN_POINT('Origin',(-192.861212257944,44.,-326.895384129137));
#4083=CARTESIAN_POINT('Origin',(210.307405944264,13.3988733919989,-369.014221538439));
#4084=CARTESIAN_POINT('Origin',(210.307405944264,13.3988733919989,-369.014221538439));
#4085=CARTESIAN_POINT('Origin',(210.307405944264,13.3988733919989,-369.014221538439));
#4086=CARTESIAN_POINT('Origin',(-210.74280248854,-1.63313240072557,370.065361780641));
#4087=CARTESIAN_POINT('Origin',(-210.307405944264,13.398873391999,369.014221538439));
#4088=CARTESIAN_POINT('Origin',(-276.160813741352,13.398873391999,303.160813741352));
#4089=CARTESIAN_POINT('Origin',(-210.307405944264,13.398873391999,369.014221538439));
#4090=CARTESIAN_POINT('Origin',(-152.031827472939,99.1181002364724,260.437498201087));
#4091=CARTESIAN_POINT('Origin',(-227.895384129137,44.,291.861212257944));
#4092=CARTESIAN_POINT('Origin',(-227.895384129137,44.,5.96732789306516E-14));
#4093=CARTESIAN_POINT('Origin',(-227.895384129137,44.,291.861212257944));
#4094=CARTESIAN_POINT('Origin',(0.,44.,-326.895384129137));
#4095=CARTESIAN_POINT('Origin',(192.861212257944,44.,-326.895384129137));
#4096=CARTESIAN_POINT('Origin',(181.334909619543,64.217467070563,-299.068427975493));
#4097=CARTESIAN_POINT('Origin',(192.861212257944,44.,-326.895384129137));
#4098=CARTESIAN_POINT('Origin',(204.160813741352,13.3988733919989,-375.160813741352));
#4099=CARTESIAN_POINT('Origin',(270.014221538439,13.3988733919989,-309.307405944264));
#4100=CARTESIAN_POINT('Origin',(270.860302977263,1.29934510937545,-309.657864351097));
#4101=CARTESIAN_POINT('Origin',(270.014221538439,13.398873391999,-309.307405944264));
#4102=CARTESIAN_POINT('Origin',(-210.307405944264,13.3988733919989,369.014221538439));
#4103=CARTESIAN_POINT('Origin',(-210.307405944264,13.3988733919989,369.014221538439));
#4104=CARTESIAN_POINT('Origin',(-210.307405944264,13.3988733919989,369.014221538439));
#4105=CARTESIAN_POINT('Origin',(-227.895384129137,44.,291.861212257944));
#4106=CARTESIAN_POINT('Origin',(-227.895384129137,44.,291.861212257944));
#4107=CARTESIAN_POINT('Origin',(192.861212257944,44.,-326.895384129137));
#4108=CARTESIAN_POINT('Origin',(192.861212257944,44.,-326.895384129137));
#4109=CARTESIAN_POINT('Origin',(270.014221538439,13.398873391999,-309.307405944264));
#4110=CARTESIAN_POINT('Origin',(270.014221538439,13.398873391999,-309.307405944264));
#4111=CARTESIAN_POINT('Origin',(270.014221538439,13.398873391999,-309.307405944264));
#4112=CARTESIAN_POINT('Origin',(210.742802488541,-1.63313240072556,370.065361780641));
#4113=CARTESIAN_POINT('Origin',(210.307405944264,13.3988733919989,369.014221538439));
#4114=CARTESIAN_POINT('Origin',(-219.,13.3988733919989,369.014221538439));
#4115=CARTESIAN_POINT('Origin',(210.307405944264,13.3988733919989,369.014221538439));
#4116=CARTESIAN_POINT('Origin',(-171.432405601113,81.5867445561051,275.161668472746));
#4117=CARTESIAN_POINT('Origin',(-192.861212257944,44.,326.895384129138));
#4118=CARTESIAN_POINT('Origin',(-259.878298193541,44.,259.878298193541));
#4119=CARTESIAN_POINT('Origin',(-192.861212257944,44.,326.895384129137));
#4120=CARTESIAN_POINT('Origin',(259.878298193541,44.,-259.878298193541));
#4121=CARTESIAN_POINT('Origin',(227.895384129137,44.,-291.861212257944));
#4122=CARTESIAN_POINT('Origin',(234.193176375327,39.4243861006009,-294.469843219324));
#4123=CARTESIAN_POINT('Origin',(227.895384129137,44.,-291.861212257944));
#4124=CARTESIAN_POINT('Origin',(270.014221538439,13.398873391999,-318.));
#4125=CARTESIAN_POINT('Origin',(270.014221538439,13.3988733919989,309.307405944264));
#4126=CARTESIAN_POINT('Origin',(269.784541958684,16.6834444080548,309.21226954733));
#4127=CARTESIAN_POINT('Origin',(270.014221538439,13.3988733919989,309.307405944264));
#4128=CARTESIAN_POINT('Origin',(204.160813741352,13.3988733919989,375.160813741352));
#4129=CARTESIAN_POINT('Origin',(210.307405944264,13.3988733919989,369.014221538439));
#4130=CARTESIAN_POINT('Origin',(270.014221538439,13.3988733919989,309.307405944264));
#4131=CARTESIAN_POINT('Origin',(210.307405944264,13.3988733919989,369.014221538439));
#4132=CARTESIAN_POINT('Origin',(210.307405944265,13.3988733919989,369.014221538439));
#4133=CARTESIAN_POINT('Origin',(-192.861212257944,44.,326.895384129137));
#4134=CARTESIAN_POINT('Origin',(-192.861212257944,44.,326.895384129137));
#4135=CARTESIAN_POINT('Origin',(227.895384129137,44.,-291.861212257944));
#4136=CARTESIAN_POINT('Origin',(227.895384129137,44.,-291.861212257944));
#4137=CARTESIAN_POINT('Origin',(270.014221538439,13.3988733919989,309.307405944264));
#4138=CARTESIAN_POINT('Origin',(270.014221538439,13.3988733919989,309.307405944264));
#4139=CARTESIAN_POINT('Origin',(181.334909619544,64.2174670705629,299.068427975493));
#4140=CARTESIAN_POINT('Origin',(192.861212257944,44.,326.895384129137));
#4141=CARTESIAN_POINT('Origin',(0.,44.,326.895384129137));
#4142=CARTESIAN_POINT('Origin',(192.861212257944,44.,326.895384129137));
#4143=CARTESIAN_POINT('Origin',(227.895384129137,44.,-5.96732789306516E-14));
#4144=CARTESIAN_POINT('Origin',(227.895384129137,44.,291.861212257944));
#4145=CARTESIAN_POINT('Origin',(152.031827472939,99.1181002364725,260.437498201087));
#4146=CARTESIAN_POINT('Origin',(227.895384129137,44.,291.861212257944));
#4147=CARTESIAN_POINT('Origin',(192.861212257944,44.,326.895384129137));
#4148=CARTESIAN_POINT('Origin',(192.861212257944,44.,326.895384129137));
#4149=CARTESIAN_POINT('Origin',(227.895384129137,44.,291.861212257944));
#4150=CARTESIAN_POINT('Origin',(227.895384129137,44.,291.861212257944));
#4151=CARTESIAN_POINT('Origin',(259.878298193541,44.,259.878298193541));
#4152=CARTESIAN_POINT('Origin',(-83.5,64.,108.5));
#4153=CARTESIAN_POINT('',(-83.4999999999999,64.,112.5));
#4154=CARTESIAN_POINT('',(-87.5,64.,108.5));
#4155=CARTESIAN_POINT('Origin',(-87.5,64.,-108.5));
#4156=CARTESIAN_POINT('',(-87.5,64.,-108.5));
#4157=CARTESIAN_POINT('Origin',(-83.5,64.,-108.5));
#4158=CARTESIAN_POINT('',(-83.5,64.,-112.5));
#4159=CARTESIAN_POINT('Origin',(-83.5,64.,-112.5));
#4160=CARTESIAN_POINT('',(83.4999999999999,64.,-112.5));
#4161=CARTESIAN_POINT('Origin',(83.5,64.,-108.5));
#4162=CARTESIAN_POINT('',(87.5,64.,-108.5));
#4163=CARTESIAN_POINT('Origin',(87.5,64.,-108.5));
#4164=CARTESIAN_POINT('',(87.5,64.,108.5));
#4165=CARTESIAN_POINT('Origin',(83.5,64.,108.5));
#4166=CARTESIAN_POINT('',(83.5,64.,112.5));
#4167=CARTESIAN_POINT('Origin',(-83.4999999999999,64.,112.5));
#4168=UNCERTAINTY_MEASURE_WITH_UNIT(LENGTH_MEASURE(0.01),#4172,
'DISTANCE_ACCURACY_VALUE',
'Maximum model space distance between geometric entities at asserted c
onnectivities');
#4169=UNCERTAINTY_MEASURE_WITH_UNIT(LENGTH_MEASURE(0.01),#4172,
'DISTANCE_ACCURACY_VALUE',
'Maximum model space distance between geometric entities at asserted c
onnectivities');
#4170=(
GEOMETRIC_REPRESENTATION_CONTEXT(3)
GLOBAL_UNCERTAINTY_ASSIGNED_CONTEXT((#4168))
GLOBAL_UNIT_ASSIGNED_CONTEXT((#4172,#4174,#4175))
REPRESENTATION_CONTEXT('','3D')
);
#4171=(
GEOMETRIC_REPRESENTATION_CONTEXT(3)
GLOBAL_UNCERTAINTY_ASSIGNED_CONTEXT((#4169))
GLOBAL_UNIT_ASSIGNED_CONTEXT((#4172,#4174,#4175))
REPRESENTATION_CONTEXT('','3D')
);
#4172=(
LENGTH_UNIT()
NAMED_UNIT(*)
SI_UNIT(.MILLI.,.METRE.)
);
#4173=(
LENGTH_UNIT()
NAMED_UNIT(*)
SI_UNIT($,.METRE.)
);
#4174=(
NAMED_UNIT(*)
PLANE_ANGLE_UNIT()
SI_UNIT($,.RADIAN.)
);
#4175=(
NAMED_UNIT(*)
SI_UNIT($,.STERADIAN.)
SOLID_ANGLE_UNIT()
);
#4176=SHAPE_DEFINITION_REPRESENTATION(#4177,#4178);
#4177=PRODUCT_DEFINITION_SHAPE('',$,#4180);
#4178=SHAPE_REPRESENTATION('',(#2372),#4170);
#4179=PRODUCT_DEFINITION_CONTEXT('part definition',#4184,'design');
#4180=PRODUCT_DEFINITION('DR1.00.00.00.004 \X\CA\X\F0\X\FB\X\F8\X\EA\X\E0',
'Plastic cover v1',#4181,#4179);
#4181=PRODUCT_DEFINITION_FORMATION('',$,#4186);
#4182=PRODUCT_RELATED_PRODUCT_CATEGORY('Plastic cover v1',
'Plastic cover v1',(#4186));
#4183=APPLICATION_PROTOCOL_DEFINITION('international standard',
'automotive_design',2009,#4184);
#4184=APPLICATION_CONTEXT(
'Core Data for Automotive Mechanical Design Process');
#4185=PRODUCT_CONTEXT('part definition',#4184,'mechanical');
#4186=PRODUCT('DR1.00.00.00.004 \X\CA\X\F0\X\FB\X\F8\X\EA\X\E0',
'Plastic cover v1','STEP AP203',(#4185));
#4187=PRESENTATION_STYLE_ASSIGNMENT((#4188));
#4188=SURFACE_STYLE_USAGE(.BOTH.,#4189);
#4189=SURFACE_SIDE_STYLE('',(#4190));
#4190=SURFACE_STYLE_FILL_AREA(#4191);
#4191=FILL_AREA_STYLE('Steel - Satin',(#4192));
#4192=FILL_AREA_STYLE_COLOUR('Steel - Satin',#4193);
#4193=COLOUR_RGB('Steel - Satin',0.627450980392157,0.627450980392157,0.627450980392157);
ENDSEC;
END-ISO-10303-21;
