ISO-10303-21;
HEADER;
/* Generated by software containing ST-Developer
 * from STEP Tools, Inc. (www.steptools.com) 
 */

FILE_DESCRIPTION(
/* description */ ('STEP AP203'),
/* implementation_level */ '2;1');

FILE_NAME(
/* name */ 'Side panel.step',
/* time_stamp */ '2026-07-23T10:27:41+08:00',
/* author */ (''),
/* organization */ (''),
/* preprocessor_version */ 'ST-DEVELOPER v20.1',
/* originating_system */ 'Autodesk Translation Framework v15.8.0.0',
/* authorisation */ '');

FILE_SCHEMA (('AUTOMOTIVE_DESIGN { 1 0 10303 214 3 1 1 }'));
ENDSEC;

DATA;
#10=MECHANICAL_DESIGN_GEOMETRIC_PRESENTATION_REPRESENTATION('',(#13),#7467);
#11=SHAPE_REPRESENTATION_RELATIONSHIP('SRR','None',#7474,#12);
#12=ADVANCED_BREP_SHAPE_REPRESENTATION('',(#14),#7466);
#13=STYLED_ITEM('',(#7483),#14);
#14=MANIFOLD_SOLID_BREP('Body1',#3391);
#15=B_SPLINE_CURVE_WITH_KNOTS('',3,(#5077,#5078,#5079,#5080,#5081,#5082,
#5083,#5084,#5085,#5086,#5087,#5088,#5089,#5090,#5091,#5092,#5093,#5094,
#5095,#5096,#5097,#5098,#5099,#5100,#5101,#5102,#5103,#5104,#5105,#5106,
#5107,#5108,#5109,#5110,#5111,#5112,#5113,#5114,#5115,#5116),
 .UNSPECIFIED.,.F.,.F.,(4,3,3,3,3,3,3,3,3,3,3,3,3,4),(0.,0.0809088230324972,
0.161814618249635,0.242717641268557,0.323618147613911,0.408165879162172,
0.489082524252627,0.569992208196005,0.6508959540506,0.731794784072999,0.812706550780368,
0.893606818971321,0.974510268877297,1.),.UNSPECIFIED.);
#16=B_SPLINE_CURVE_WITH_KNOTS('',3,(#5119,#5120,#5121,#5122,#5123,#5124,
#5125,#5126,#5127,#5128,#5129,#5130,#5131,#5132,#5133,#5134,#5135,#5136,
#5137,#5138,#5139,#5140,#5141,#5142,#5143,#5144,#5145,#5146,#5147,#5148,
#5149,#5150,#5151,#5152,#5153,#5154,#5155,#5156,#5157,#5158,#5159,#5160,
#5161),.UNSPECIFIED.,.F.,.F.,(4,3,3,3,3,3,3,3,3,3,3,3,3,3,4),(0.,0.0712088047610405,
0.14241525232101,0.213619516948881,0.284821772857307,0.356022194207079,
0.427220955111558,0.498818335722613,0.570027221703217,0.641231555913499,
0.712432035247421,0.784324026435566,0.855528442187507,0.927764221093753,
1.),.UNSPECIFIED.);
#17=B_SPLINE_CURVE_WITH_KNOTS('',3,(#5242,#5243,#5244,#5245,#5246,#5247,
#5248,#5249,#5250,#5251,#5252,#5253,#5254,#5255,#5256,#5257,#5258,#5259,
#5260,#5261,#5262,#5263,#5264,#5265,#5266,#5267,#5268,#5269,#5270,#5271,
#5272,#5273,#5274,#5275,#5276,#5277,#5278,#5279,#5280,#5281),
 .UNSPECIFIED.,.F.,.F.,(4,3,3,3,3,3,3,3,3,3,3,3,3,4),(0.,0.0809088230324964,
0.161814618249636,0.242717641268564,0.323618147613923,0.408165879162183,
0.489082524252636,0.569992208196015,0.650895954050607,0.731794784073015,
0.812706550780383,0.893606818971351,0.974510268877323,1.),.UNSPECIFIED.);
#18=B_SPLINE_CURVE_WITH_KNOTS('',3,(#5282,#5283,#5284,#5285,#5286,#5287,
#5288,#5289,#5290,#5291,#5292,#5293,#5294,#5295,#5296,#5297,#5298,#5299,
#5300,#5301,#5302,#5303,#5304,#5305,#5306,#5307,#5308,#5309,#5310,#5311,
#5312,#5313,#5314,#5315,#5316,#5317,#5318,#5319,#5320,#5321,#5322,#5323,
#5324),.UNSPECIFIED.,.F.,.F.,(4,3,3,3,3,3,3,3,3,3,3,3,3,3,4),(0.,0.071208804761036,
0.142415252321013,0.213619516948881,0.284821772857305,0.356022194207077,
0.427220955111534,0.498818335722592,0.570027221703192,0.641231555913469,
0.712432035247388,0.784324026435541,0.855528442187492,0.927764221093746,
1.),.UNSPECIFIED.);
#19=B_SPLINE_CURVE_WITH_KNOTS('',3,(#5366,#5367,#5368,#5369,#5370,#5371,
#5372,#5373,#5374,#5375,#5376,#5377,#5378,#5379,#5380,#5381,#5382,#5383,
#5384,#5385,#5386,#5387,#5388,#5389,#5390,#5391,#5392,#5393,#5394,#5395,
#5396,#5397,#5398,#5399,#5400,#5401,#5402,#5403,#5404,#5405),
 .UNSPECIFIED.,.F.,.F.,(4,3,3,3,3,3,3,3,3,3,3,3,3,4),(0.,0.0809088230324944,
0.161814618249633,0.242717641268557,0.323618147613906,0.408165879162168,
0.489082524252621,0.569992208195994,0.650895954050585,0.73179478407298,
0.812706550780345,0.893606818971317,0.974510268877293,1.),.UNSPECIFIED.);
#20=B_SPLINE_CURVE_WITH_KNOTS('',3,(#5408,#5409,#5410,#5411,#5412,#5413,
#5414,#5415,#5416,#5417,#5418,#5419,#5420,#5421,#5422,#5423,#5424,#5425,
#5426,#5427,#5428,#5429,#5430,#5431,#5432,#5433,#5434,#5435,#5436,#5437,
#5438,#5439,#5440,#5441,#5442,#5443,#5444,#5445,#5446,#5447,#5448,#5449,
#5450),.UNSPECIFIED.,.F.,.F.,(4,3,3,3,3,3,3,3,3,3,3,3,3,3,4),(0.,0.0712088047610329,
0.142415252320996,0.213619516948863,0.284821772857285,0.356022194207056,
0.427220955111526,0.498818335722585,0.570027221703177,0.641231555913451,
0.712432035247361,0.784324026435521,0.855528442187463,0.927764221093732,
1.),.UNSPECIFIED.);
#21=B_SPLINE_CURVE_WITH_KNOTS('',3,(#5515,#5516,#5517,#5518,#5519,#5520,
#5521,#5522,#5523,#5524,#5525,#5526,#5527,#5528,#5529,#5530,#5531,#5532,
#5533,#5534,#5535,#5536,#5537,#5538,#5539,#5540,#5541,#5542,#5543,#5544,
#5545,#5546,#5547,#5548,#5549,#5550,#5551,#5552,#5553,#5554),
 .UNSPECIFIED.,.F.,.F.,(4,3,3,3,3,3,3,3,3,3,3,3,3,4),(0.,0.0809088230324979,
0.161814618249643,0.24271764126857,0.323618147613913,0.408165879162174,
0.48908252425263,0.569992208195999,0.65089595405059,0.731794784072985,0.812706550780355,
0.893606818971319,0.974510268877292,1.),.UNSPECIFIED.);
#22=B_SPLINE_CURVE_WITH_KNOTS('',3,(#5555,#5556,#5557,#5558,#5559,#5560,
#5561,#5562,#5563,#5564,#5565,#5566,#5567,#5568,#5569,#5570,#5571,#5572,
#5573,#5574,#5575,#5576,#5577,#5578,#5579,#5580,#5581,#5582,#5583,#5584,
#5585,#5586,#5587,#5588,#5589,#5590,#5591,#5592,#5593,#5594,#5595,#5596,
#5597),.UNSPECIFIED.,.F.,.F.,(4,3,3,3,3,3,3,3,3,3,3,3,3,3,4),(0.,0.0712088047610406,
0.142415252321004,0.213619516948869,0.284821772857289,0.356022194207062,
0.427220955111527,0.498818335722586,0.570027221703184,0.641231555913471,
0.712432035247392,0.784324026435544,0.855528442187491,0.927764221093745,
1.),.UNSPECIFIED.);
#23=B_SPLINE_CURVE_WITH_KNOTS('',3,(#5639,#5640,#5641,#5642,#5643,#5644,
#5645,#5646,#5647,#5648,#5649,#5650,#5651,#5652,#5653,#5654,#5655,#5656,
#5657,#5658,#5659,#5660,#5661,#5662,#5663,#5664,#5665,#5666,#5667,#5668,
#5669,#5670,#5671,#5672,#5673,#5674,#5675,#5676,#5677,#5678),
 .UNSPECIFIED.,.F.,.F.,(4,3,3,3,3,3,3,3,3,3,3,3,3,4),(0.,0.0809088230324969,
0.161814618249632,0.242717641268556,0.323618147613914,0.408165879162175,
0.489082524252632,0.569992208196006,0.650895954050612,0.731794784073028,
0.8127065507804,0.893606818971363,0.974510268877338,1.),.UNSPECIFIED.);
#24=B_SPLINE_CURVE_WITH_KNOTS('',3,(#5681,#5682,#5683,#5684,#5685,#5686,
#5687,#5688,#5689,#5690,#5691,#5692,#5693,#5694,#5695,#5696,#5697,#5698,
#5699,#5700,#5701,#5702,#5703,#5704,#5705,#5706,#5707,#5708,#5709,#5710,
#5711,#5712,#5713,#5714,#5715,#5716,#5717,#5718,#5719,#5720,#5721,#5722,
#5723),.UNSPECIFIED.,.F.,.F.,(4,3,3,3,3,3,3,3,3,3,3,3,3,3,4),(0.,0.0712088047610386,
0.14241525232101,0.213619516948879,0.28482177285731,0.356022194207084,0.427220955111553,
0.498818335722609,0.570027221703208,0.641231555913487,0.712432035247402,
0.784324026435551,0.855528442187505,0.927764221093753,1.),.UNSPECIFIED.);
#25=B_SPLINE_CURVE_WITH_KNOTS('',3,(#5828,#5829,#5830,#5831,#5832,#5833,
#5834,#5835,#5836,#5837,#5838,#5839,#5840,#5841,#5842,#5843,#5844,#5845,
#5846,#5847,#5848,#5849,#5850,#5851,#5852,#5853,#5854,#5855,#5856,#5857,
#5858,#5859,#5860,#5861,#5862,#5863,#5864,#5865,#5866,#5867),
 .UNSPECIFIED.,.F.,.F.,(4,3,3,3,3,3,3,3,3,3,3,3,3,4),(0.,0.0809088230324947,
0.16181461824963,0.242717641268563,0.323618147613909,0.40816587916217,0.489082524252624,
0.569992208195995,0.650895954050598,0.731794784073002,0.812706550780372,
0.893606818971331,0.9745102688773,1.),.UNSPECIFIED.);
#26=B_SPLINE_CURVE_WITH_KNOTS('',3,(#5868,#5869,#5870,#5871,#5872,#5873,
#5874,#5875,#5876,#5877,#5878,#5879,#5880,#5881,#5882,#5883,#5884,#5885,
#5886,#5887,#5888,#5889,#5890,#5891,#5892,#5893,#5894,#5895,#5896,#5897,
#5898,#5899,#5900,#5901,#5902,#5903,#5904,#5905,#5906,#5907,#5908,#5909,
#5910),.UNSPECIFIED.,.F.,.F.,(4,3,3,3,3,3,3,3,3,3,3,3,3,3,4),(0.,0.0712088047610398,
0.142415252321008,0.213619516948886,0.284821772857306,0.356022194207077,
0.427220955111567,0.498818335722621,0.570027221703223,0.641231555913509,
0.712432035247434,0.784324026435575,0.855528442187521,0.92776422109376,
1.),.UNSPECIFIED.);
#27=B_SPLINE_CURVE_WITH_KNOTS('',3,(#5952,#5953,#5954,#5955,#5956,#5957,
#5958,#5959,#5960,#5961,#5962,#5963,#5964,#5965,#5966,#5967,#5968,#5969,
#5970,#5971,#5972,#5973,#5974,#5975,#5976,#5977,#5978,#5979,#5980,#5981,
#5982,#5983,#5984,#5985,#5986,#5987,#5988,#5989,#5990,#5991),
 .UNSPECIFIED.,.F.,.F.,(4,3,3,3,3,3,3,3,3,3,3,3,3,4),(0.,0.0809088230324953,
0.161814618249629,0.24271764126855,0.323618147613901,0.408165879162163,
0.489082524252617,0.569992208195988,0.650895954050577,0.731794784072985,
0.81270655078035,0.893606818971314,0.97451026887728,1.),.UNSPECIFIED.);
#28=B_SPLINE_CURVE_WITH_KNOTS('',3,(#5994,#5995,#5996,#5997,#5998,#5999,
#6000,#6001,#6002,#6003,#6004,#6005,#6006,#6007,#6008,#6009,#6010,#6011,
#6012,#6013,#6014,#6015,#6016,#6017,#6018,#6019,#6020,#6021,#6022,#6023,
#6024,#6025,#6026,#6027,#6028,#6029,#6030,#6031,#6032,#6033,#6034,#6035,
#6036),.UNSPECIFIED.,.F.,.F.,(4,3,3,3,3,3,3,3,3,3,3,3,3,3,4),(0.,0.0712088047610496,
0.142415252321028,0.213619516948909,0.284821772857345,0.356022194207115,
0.427220955111618,0.498818335722666,0.570027221703276,0.641231555913578,
0.712432035247508,0.784324026435631,0.855528442187577,0.927764221093788,
1.),.UNSPECIFIED.);
#29=B_SPLINE_CURVE_WITH_KNOTS('',3,(#6101,#6102,#6103,#6104,#6105,#6106,
#6107,#6108,#6109,#6110,#6111,#6112,#6113,#6114,#6115,#6116,#6117,#6118,
#6119,#6120,#6121,#6122,#6123,#6124,#6125,#6126,#6127,#6128,#6129,#6130,
#6131,#6132,#6133,#6134,#6135,#6136,#6137,#6138,#6139,#6140),
 .UNSPECIFIED.,.F.,.F.,(4,3,3,3,3,3,3,3,3,3,3,3,3,4),(0.,0.0809088230324929,
0.161814618249628,0.242717641268558,0.323618147613918,0.408165879162179,
0.489082524252633,0.569992208196006,0.650895954050597,0.731794784073001,
0.812706550780369,0.893606818971334,0.974510268877304,1.),.UNSPECIFIED.);
#30=B_SPLINE_CURVE_WITH_KNOTS('',3,(#6141,#6142,#6143,#6144,#6145,#6146,
#6147,#6148,#6149,#6150,#6151,#6152,#6153,#6154,#6155,#6156,#6157,#6158,
#6159,#6160,#6161,#6162,#6163,#6164,#6165,#6166,#6167,#6168,#6169,#6170,
#6171,#6172,#6173,#6174,#6175,#6176,#6177,#6178,#6179,#6180,#6181,#6182,
#6183),.UNSPECIFIED.,.F.,.F.,(4,3,3,3,3,3,3,3,3,3,3,3,3,3,4),(0.,0.0712088047610396,
0.142415252321008,0.213619516948872,0.284821772857299,0.356022194207063,
0.427220955111526,0.498818335722585,0.570027221703184,0.641231555913466,
0.712432035247377,0.784324026435533,0.85552844218748,0.92776422109374,1.),
 .UNSPECIFIED.);
#31=B_SPLINE_CURVE_WITH_KNOTS('',3,(#6275,#6276,#6277,#6278,#6279,#6280,
#6281,#6282,#6283,#6284,#6285,#6286,#6287,#6288,#6289,#6290,#6291,#6292,
#6293,#6294,#6295,#6296,#6297,#6298,#6299,#6300,#6301,#6302,#6303,#6304,
#6305,#6306,#6307,#6308,#6309,#6310,#6311,#6312,#6313,#6314),
 .UNSPECIFIED.,.F.,.F.,(4,3,3,3,3,3,3,3,3,3,3,3,3,4),(0.,0.0809088230324962,
0.161814618249632,0.242717641268558,0.32361814761391,0.408165879162172,
0.489082524252626,0.569992208196,0.650895954050595,0.731794784072984,0.812706550780348,
0.893606818971326,0.974510268877296,1.),.UNSPECIFIED.);
#32=B_SPLINE_CURVE_WITH_KNOTS('',3,(#6316,#6317,#6318,#6319,#6320,#6321,
#6322,#6323,#6324,#6325,#6326,#6327,#6328,#6329,#6330,#6331,#6332,#6333,
#6334,#6335,#6336,#6337,#6338,#6339,#6340,#6341,#6342,#6343,#6344,#6345,
#6346,#6347,#6348,#6349,#6350,#6351,#6352,#6353,#6354,#6355,#6356,#6357,
#6358),.UNSPECIFIED.,.F.,.F.,(4,3,3,3,3,3,3,3,3,3,3,3,3,3,4),(0.,0.0712088047610406,
0.142415252321009,0.21361951694888,0.284821772857303,0.356022194207078,
0.427220955111569,0.498818335722623,0.570027221703222,0.641231555913501,
0.712432035247426,0.78432402643557,0.855528442187517,0.927764221093758,
1.),.UNSPECIFIED.);
#33=B_SPLINE_CURVE_WITH_KNOTS('',3,(#6424,#6425,#6426,#6427,#6428,#6429,
#6430,#6431,#6432,#6433,#6434,#6435,#6436,#6437,#6438,#6439,#6440,#6441,
#6442,#6443,#6444,#6445,#6446,#6447,#6448,#6449,#6450,#6451,#6452,#6453,
#6454,#6455,#6456,#6457,#6458,#6459,#6460,#6461,#6462,#6463),
 .UNSPECIFIED.,.F.,.F.,(4,3,3,3,3,3,3,3,3,3,3,3,3,4),(0.,0.0809088230324979,
0.161814618249633,0.242717641268546,0.323618147613902,0.408165879162164,
0.489082524252618,0.569992208195996,0.650895954050592,0.731794784072995,
0.812706550780365,0.893606818971331,0.974510268877303,0.999999999999993),
 .UNSPECIFIED.);
#34=B_SPLINE_CURVE_WITH_KNOTS('',3,(#6464,#6465,#6466,#6467,#6468,#6469,
#6470,#6471,#6472,#6473,#6474,#6475,#6476,#6477,#6478,#6479,#6480,#6481,
#6482,#6483,#6484,#6485,#6486,#6487,#6488,#6489,#6490,#6491,#6492,#6493,
#6494,#6495,#6496,#6497,#6498,#6499,#6500,#6501,#6502,#6503,#6504,#6505,
#6506),.UNSPECIFIED.,.F.,.F.,(4,3,3,3,3,3,3,3,3,3,3,3,3,3,4),(0.,0.07120880476104,
0.142415252321009,0.213619516948875,0.284821772857301,0.356022194207081,
0.427220955111538,0.498818335722595,0.570027221703195,0.641231555913475,
0.712432035247398,0.784324026435549,0.855528442187498,0.927764221093749,
1.),.UNSPECIFIED.);
#35=B_SPLINE_CURVE_WITH_KNOTS('',3,(#6548,#6549,#6550,#6551,#6552,#6553,
#6554,#6555,#6556,#6557,#6558,#6559,#6560,#6561,#6562,#6563,#6564,#6565,
#6566,#6567,#6568,#6569,#6570,#6571,#6572,#6573,#6574,#6575,#6576,#6577,
#6578,#6579,#6580,#6581,#6582,#6583,#6584,#6585,#6586,#6587),
 .UNSPECIFIED.,.F.,.F.,(4,3,3,3,3,3,3,3,3,3,3,3,3,4),(0.,0.0809088230324948,
0.161814618249631,0.242717641268548,0.323618147613901,0.408165879162163,
0.489082524252616,0.569992208195983,0.650895954050571,0.731794784072989,
0.812706550780359,0.89360681897132,0.974510268877284,1.),.UNSPECIFIED.);
#36=B_SPLINE_CURVE_WITH_KNOTS('',3,(#6590,#6591,#6592,#6593,#6594,#6595,
#6596,#6597,#6598,#6599,#6600,#6601,#6602,#6603,#6604,#6605,#6606,#6607,
#6608,#6609,#6610,#6611,#6612,#6613,#6614,#6615,#6616,#6617,#6618,#6619,
#6620,#6621,#6622,#6623,#6624,#6625,#6626,#6627,#6628,#6629,#6630,#6631,
#6632),.UNSPECIFIED.,.F.,.F.,(4,3,3,3,3,3,3,3,3,3,3,3,3,3,4),(0.,0.0712088047610264,
0.142415252320983,0.213619516948842,0.284821772857248,0.356022194207009,
0.42722095511146,0.498818335722527,0.570027221703116,0.641231555913383,
0.712432035247315,0.784324026435486,0.855528442187424,0.927764221093712,
1.),.UNSPECIFIED.);
#37=B_SPLINE_CURVE_WITH_KNOTS('',3,(#6695,#6696,#6697,#6698,#6699,#6700,
#6701,#6702,#6703,#6704,#6705,#6706,#6707,#6708,#6709,#6710,#6711,#6712,
#6713,#6714,#6715,#6716,#6717,#6718,#6719,#6720,#6721,#6722,#6723,#6724,
#6725,#6726,#6727,#6728,#6729,#6730,#6731,#6732,#6733,#6734),
 .UNSPECIFIED.,.F.,.F.,(4,3,3,3,3,3,3,3,3,3,3,3,3,4),(0.,0.0809088230324944,
0.161814618249633,0.242717641268555,0.323618147613924,0.408165879162184,
0.489082524252638,0.569992208196011,0.650895954050606,0.731794784072992,
0.81270655078036,0.893606818971315,0.974510268877282,1.),.UNSPECIFIED.);
#38=B_SPLINE_CURVE_WITH_KNOTS('',3,(#6735,#6736,#6737,#6738,#6739,#6740,
#6741,#6742,#6743,#6744,#6745,#6746,#6747,#6748,#6749,#6750,#6751,#6752,
#6753,#6754,#6755,#6756,#6757,#6758,#6759,#6760,#6761,#6762,#6763,#6764,
#6765,#6766,#6767,#6768,#6769,#6770,#6771,#6772,#6773,#6774,#6775,#6776,
#6777),.UNSPECIFIED.,.F.,.F.,(4,3,3,3,3,3,3,3,3,3,3,3,3,3,4),(3.69111558822711E-16,
0.0712088047610346,0.142415252321002,0.213619516948876,0.28482177285729,
0.356022194207068,0.42722095511155,0.498818335722606,0.570027221703205,
0.641231555913489,0.712432035247416,0.784324026435562,0.855528442187508,
0.927764221093754,1.),.UNSPECIFIED.);
#39=B_SPLINE_CURVE_WITH_KNOTS('',3,(#6818,#6819,#6820,#6821,#6822,#6823,
#6824,#6825,#6826,#6827,#6828,#6829,#6830,#6831,#6832,#6833,#6834,#6835,
#6836,#6837,#6838,#6839,#6840,#6841,#6842,#6843,#6844,#6845,#6846,#6847,
#6848,#6849,#6850,#6851,#6852,#6853,#6854,#6855,#6856,#6857),
 .UNSPECIFIED.,.F.,.F.,(4,3,3,3,3,3,3,3,3,3,3,3,3,4),(0.,0.0809088230324956,
0.161814618249631,0.242717641268552,0.323618147613904,0.408165879162166,
0.489082524252623,0.569992208195996,0.650895954050597,0.731794784073008,
0.812706550780378,0.89360681897135,0.974510268877316,1.),.UNSPECIFIED.);
#40=B_SPLINE_CURVE_WITH_KNOTS('',3,(#6859,#6860,#6861,#6862,#6863,#6864,
#6865,#6866,#6867,#6868,#6869,#6870,#6871,#6872,#6873,#6874,#6875,#6876,
#6877,#6878,#6879,#6880,#6881,#6882,#6883,#6884,#6885,#6886,#6887,#6888,
#6889,#6890,#6891,#6892,#6893,#6894,#6895,#6896,#6897,#6898,#6899,#6900,
#6901),.UNSPECIFIED.,.F.,.F.,(4,3,3,3,3,3,3,3,3,3,3,3,3,3,4),(0.,0.0712088047610393,
0.142415252321009,0.213619516948884,0.284821772857308,0.356022194207085,
0.42722095511158,0.498818335722633,0.57002722170323,0.64123155591351,0.712432035247434,
0.784324026435575,0.855528442187524,0.927764221093762,1.),.UNSPECIFIED.);
#41=B_SPLINE_CURVE_WITH_KNOTS('',3,(#6952,#6953,#6954,#6955,#6956,#6957,
#6958,#6959,#6960,#6961,#6962,#6963,#6964,#6965,#6966,#6967,#6968,#6969,
#6970,#6971,#6972,#6973,#6974,#6975,#6976,#6977,#6978,#6979,#6980,#6981,
#6982,#6983,#6984,#6985,#6986,#6987,#6988,#6989,#6990,#6991),
 .UNSPECIFIED.,.F.,.F.,(4,3,3,3,3,3,3,3,3,3,3,3,3,4),(0.,0.0809088230324979,
0.161814618249635,0.242717641268546,0.323618147613903,0.408165879162165,
0.489082524252619,0.569992208195991,0.650895954050589,0.731794784072994,
0.812706550780361,0.89360681897133,0.974510268877301,1.),.UNSPECIFIED.);
#42=B_SPLINE_CURVE_WITH_KNOTS('',3,(#6992,#6993,#6994,#6995,#6996,#6997,
#6998,#6999,#7000,#7001,#7002,#7003,#7004,#7005,#7006,#7007,#7008,#7009,
#7010,#7011,#7012,#7013,#7014,#7015,#7016,#7017,#7018,#7019,#7020,#7021,
#7022,#7023,#7024,#7025,#7026,#7027,#7028,#7029,#7030,#7031,#7032,#7033,
#7034),.UNSPECIFIED.,.F.,.F.,(4,3,3,3,3,3,3,3,3,3,3,3,3,3,4),(0.,0.0712088047610404,
0.142415252321016,0.213619516948872,0.284821772857285,0.356022194207049,
0.427220955111492,0.498818335722556,0.570027221703154,0.641231555913441,
0.712432035247366,0.784324026435524,0.855528442187471,0.927764221093736,
1.),.UNSPECIFIED.);
#43=B_SPLINE_CURVE_WITH_KNOTS('',3,(#7076,#7077,#7078,#7079,#7080,#7081,
#7082,#7083,#7084,#7085,#7086,#7087,#7088,#7089,#7090,#7091,#7092,#7093,
#7094,#7095,#7096,#7097,#7098,#7099,#7100,#7101,#7102,#7103,#7104,#7105,
#7106,#7107,#7108,#7109,#7110,#7111,#7112,#7113,#7114,#7115),
 .UNSPECIFIED.,.F.,.F.,(4,3,3,3,3,3,3,3,3,3,3,3,3,4),(0.,0.0809088230324948,
0.161814618249631,0.242717641268551,0.323618147613906,0.408165879162168,
0.489082524252619,0.569992208195991,0.650895954050593,0.73179478407298,
0.812706550780342,0.893606818971317,0.974510268877282,1.),.UNSPECIFIED.);
#44=B_SPLINE_CURVE_WITH_KNOTS('',3,(#7118,#7119,#7120,#7121,#7122,#7123,
#7124,#7125,#7126,#7127,#7128,#7129,#7130,#7131,#7132,#7133,#7134,#7135,
#7136,#7137,#7138,#7139,#7140,#7141,#7142,#7143,#7144,#7145,#7146,#7147,
#7148,#7149,#7150,#7151,#7152,#7153,#7154,#7155,#7156,#7157,#7158,#7159,
#7160),.UNSPECIFIED.,.F.,.F.,(4,3,3,3,3,3,3,3,3,3,3,3,3,3,4),(0.,0.0712088047610528,
0.142415252321039,0.213619516948925,0.284821772857358,0.356022194207144,
0.427220955111647,0.498818335722691,0.57002722170331,0.641231555913598,
0.712432035247534,0.784324026435651,0.855528442187615,0.927764221093808,
1.),.UNSPECIFIED.);
#45=B_SPLINE_CURVE_WITH_KNOTS('',3,(#7225,#7226,#7227,#7228,#7229,#7230,
#7231,#7232,#7233,#7234,#7235,#7236,#7237,#7238,#7239,#7240,#7241,#7242,
#7243,#7244,#7245,#7246,#7247,#7248,#7249,#7250,#7251,#7252,#7253,#7254,
#7255,#7256,#7257,#7258,#7259,#7260,#7261,#7262,#7263,#7264),
 .UNSPECIFIED.,.F.,.F.,(4,3,3,3,3,3,3,3,3,3,3,3,3,4),(0.,0.0809088230324953,
0.161814618249637,0.242717641268562,0.323618147613915,0.408165879162176,
0.489082524252628,0.569992208195997,0.650895954050597,0.731794784072994,
0.812706550780363,0.893606818971333,0.974510268877303,1.),.UNSPECIFIED.);
#46=B_SPLINE_CURVE_WITH_KNOTS('',3,(#7265,#7266,#7267,#7268,#7269,#7270,
#7271,#7272,#7273,#7274,#7275,#7276,#7277,#7278,#7279,#7280,#7281,#7282,
#7283,#7284,#7285,#7286,#7287,#7288,#7289,#7290,#7291,#7292,#7293,#7294,
#7295,#7296,#7297,#7298,#7299,#7300,#7301,#7302,#7303,#7304,#7305,#7306,
#7307),.UNSPECIFIED.,.F.,.F.,(4,3,3,3,3,3,3,3,3,3,3,3,3,3,4),(0.,0.0712088047610406,
0.142415252321008,0.213619516948888,0.284821772857308,0.356022194207087,
0.427220955111554,0.498818335722609,0.570027221703208,0.641231555913487,
0.712432035247405,0.784324026435554,0.855528442187501,0.927764221093751,
1.),.UNSPECIFIED.);
#47=B_SPLINE_SURFACE_WITH_KNOTS('',1,3,((#5036,#5037,#5038,#5039,#5040,
#5041,#5042,#5043,#5044,#5045),(#5046,#5047,#5048,#5049,#5050,#5051,#5052,
#5053,#5054,#5055),(#5056,#5057,#5058,#5059,#5060,#5061,#5062,#5063,#5064,
#5065),(#5066,#5067,#5068,#5069,#5070,#5071,#5072,#5073,#5074,#5075)),
 .UNSPECIFIED.,.F.,.F.,.F.,(2,1,1,2),(4,2,2,2,4),(-0.01,0.,1.,1.0101),(-0.00097568561153024,
0.25,0.5,0.75,1.00097568561153),.UNSPECIFIED.);
#48=B_SPLINE_SURFACE_WITH_KNOTS('',1,3,((#5199,#5200,#5201,#5202,#5203,
#5204,#5205,#5206,#5207,#5208),(#5209,#5210,#5211,#5212,#5213,#5214,#5215,
#5216,#5217,#5218),(#5219,#5220,#5221,#5222,#5223,#5224,#5225,#5226,#5227,
#5228),(#5229,#5230,#5231,#5232,#5233,#5234,#5235,#5236,#5237,#5238)),
 .UNSPECIFIED.,.F.,.F.,.F.,(2,1,1,2),(4,2,2,2,4),(-0.01,0.,1.,1.0101),(-0.000975685611572834,
0.25,0.5,0.75,1.00097568561157),.UNSPECIFIED.);
#49=B_SPLINE_SURFACE_WITH_KNOTS('',1,3,((#5325,#5326,#5327,#5328,#5329,
#5330,#5331,#5332,#5333,#5334),(#5335,#5336,#5337,#5338,#5339,#5340,#5341,
#5342,#5343,#5344),(#5345,#5346,#5347,#5348,#5349,#5350,#5351,#5352,#5353,
#5354),(#5355,#5356,#5357,#5358,#5359,#5360,#5361,#5362,#5363,#5364)),
 .UNSPECIFIED.,.F.,.F.,.F.,(2,1,1,2),(4,2,2,2,4),(-0.01,0.,1.,1.0101),(-0.000975685611451377,
0.25,0.5,0.75,1.00097568561153),.UNSPECIFIED.);
#50=B_SPLINE_SURFACE_WITH_KNOTS('',1,3,((#5472,#5473,#5474,#5475,#5476,
#5477,#5478,#5479,#5480,#5481),(#5482,#5483,#5484,#5485,#5486,#5487,#5488,
#5489,#5490,#5491),(#5492,#5493,#5494,#5495,#5496,#5497,#5498,#5499,#5500,
#5501),(#5502,#5503,#5504,#5505,#5506,#5507,#5508,#5509,#5510,#5511)),
 .UNSPECIFIED.,.F.,.F.,.F.,(2,1,1,2),(4,2,2,2,4),(-0.01,0.,1.,1.0101),(-0.000975685611543622,
0.25,0.5,0.75,1.00097568561154),.UNSPECIFIED.);
#51=B_SPLINE_SURFACE_WITH_KNOTS('',1,3,((#5598,#5599,#5600,#5601,#5602,
#5603,#5604,#5605,#5606,#5607),(#5608,#5609,#5610,#5611,#5612,#5613,#5614,
#5615,#5616,#5617),(#5618,#5619,#5620,#5621,#5622,#5623,#5624,#5625,#5626,
#5627),(#5628,#5629,#5630,#5631,#5632,#5633,#5634,#5635,#5636,#5637)),
 .UNSPECIFIED.,.F.,.F.,.F.,(2,1,1,2),(4,2,2,2,4),(-0.01,0.,1.,1.0101),(-0.000975685611543045,
0.25,0.5,0.75,1.00097568561154),.UNSPECIFIED.);
#52=B_SPLINE_SURFACE_WITH_KNOTS('',1,3,((#5785,#5786,#5787,#5788,#5789,
#5790,#5791,#5792,#5793,#5794),(#5795,#5796,#5797,#5798,#5799,#5800,#5801,
#5802,#5803,#5804),(#5805,#5806,#5807,#5808,#5809,#5810,#5811,#5812,#5813,
#5814),(#5815,#5816,#5817,#5818,#5819,#5820,#5821,#5822,#5823,#5824)),
 .UNSPECIFIED.,.F.,.F.,.F.,(2,1,1,2),(4,2,2,2,4),(-0.01,0.,1.,1.0101),(-0.000975685611517312,
0.25,0.5,0.75,1.00097568561134),.UNSPECIFIED.);
#53=B_SPLINE_SURFACE_WITH_KNOTS('',1,3,((#5911,#5912,#5913,#5914,#5915,
#5916,#5917,#5918,#5919,#5920),(#5921,#5922,#5923,#5924,#5925,#5926,#5927,
#5928,#5929,#5930),(#5931,#5932,#5933,#5934,#5935,#5936,#5937,#5938,#5939,
#5940),(#5941,#5942,#5943,#5944,#5945,#5946,#5947,#5948,#5949,#5950)),
 .UNSPECIFIED.,.F.,.F.,.F.,(2,1,1,2),(4,2,2,2,4),(-0.01,0.,1.,1.0101),(-0.000975685611489047,
0.25,0.5,0.75,1.00097568561149),.UNSPECIFIED.);
#54=B_SPLINE_SURFACE_WITH_KNOTS('',1,3,((#6058,#6059,#6060,#6061,#6062,
#6063,#6064,#6065,#6066,#6067),(#6068,#6069,#6070,#6071,#6072,#6073,#6074,
#6075,#6076,#6077),(#6078,#6079,#6080,#6081,#6082,#6083,#6084,#6085,#6086,
#6087),(#6088,#6089,#6090,#6091,#6092,#6093,#6094,#6095,#6096,#6097)),
 .UNSPECIFIED.,.F.,.F.,.F.,(2,1,1,2),(4,2,2,2,4),(-0.01,0.,1.,1.0101),(-0.000975685611494674,
0.25,0.5,0.75,1.00097568561149),.UNSPECIFIED.);
#55=B_SPLINE_SURFACE_WITH_KNOTS('',1,3,((#6234,#6235,#6236,#6237,#6238,
#6239,#6240,#6241,#6242,#6243),(#6244,#6245,#6246,#6247,#6248,#6249,#6250,
#6251,#6252,#6253),(#6254,#6255,#6256,#6257,#6258,#6259,#6260,#6261,#6262,
#6263),(#6264,#6265,#6266,#6267,#6268,#6269,#6270,#6271,#6272,#6273)),
 .UNSPECIFIED.,.F.,.F.,.F.,(2,1,1,2),(4,2,2,2,4),(-0.01,0.,1.,1.0101),(-0.000975685611484,
0.25,0.5,0.75,1.00097568561148),.UNSPECIFIED.);
#56=B_SPLINE_SURFACE_WITH_KNOTS('',1,3,((#6381,#6382,#6383,#6384,#6385,
#6386,#6387,#6388,#6389,#6390),(#6391,#6392,#6393,#6394,#6395,#6396,#6397,
#6398,#6399,#6400),(#6401,#6402,#6403,#6404,#6405,#6406,#6407,#6408,#6409,
#6410),(#6411,#6412,#6413,#6414,#6415,#6416,#6417,#6418,#6419,#6420)),
 .UNSPECIFIED.,.F.,.F.,.F.,(2,1,1,2),(4,2,2,2,4),(-0.01,0.,1.,1.0101),(-0.00097568561162472,
0.25,0.5,0.75,1.00097568561162),.UNSPECIFIED.);
#57=B_SPLINE_SURFACE_WITH_KNOTS('',1,3,((#6507,#6508,#6509,#6510,#6511,
#6512,#6513,#6514,#6515,#6516),(#6517,#6518,#6519,#6520,#6521,#6522,#6523,
#6524,#6525,#6526),(#6527,#6528,#6529,#6530,#6531,#6532,#6533,#6534,#6535,
#6536),(#6537,#6538,#6539,#6540,#6541,#6542,#6543,#6544,#6545,#6546)),
 .UNSPECIFIED.,.F.,.F.,.F.,(2,1,1,2),(4,2,2,2,4),(-0.01,0.,1.,1.0101),(-0.000975685611498005,
0.25,0.5,0.75,1.00097568561162),.UNSPECIFIED.);
#58=B_SPLINE_SURFACE_WITH_KNOTS('',1,3,((#6654,#6655,#6656,#6657,#6658,
#6659,#6660,#6661,#6662,#6663),(#6664,#6665,#6666,#6667,#6668,#6669,#6670,
#6671,#6672,#6673),(#6674,#6675,#6676,#6677,#6678,#6679,#6680,#6681,#6682,
#6683),(#6684,#6685,#6686,#6687,#6688,#6689,#6690,#6691,#6692,#6693)),
 .UNSPECIFIED.,.F.,.F.,.F.,(2,1,1,2),(4,2,2,2,4),(-0.01,0.,1.,1.0101),(-0.000975685611572315,
0.25,0.5,0.75,1.00097568561157),.UNSPECIFIED.);
#59=B_SPLINE_SURFACE_WITH_KNOTS('',1,3,((#6778,#6779,#6780,#6781,#6782,
#6783,#6784,#6785,#6786,#6787),(#6788,#6789,#6790,#6791,#6792,#6793,#6794,
#6795,#6796,#6797),(#6798,#6799,#6800,#6801,#6802,#6803,#6804,#6805,#6806,
#6807),(#6808,#6809,#6810,#6811,#6812,#6813,#6814,#6815,#6816,#6817)),
 .UNSPECIFIED.,.F.,.F.,.F.,(2,1,1,2),(4,2,2,2,4),(-0.01,0.,1.,1.0101),(-0.00097568561162893,
0.25,0.5,0.75,1.00097568561163),.UNSPECIFIED.);
#60=B_SPLINE_SURFACE_WITH_KNOTS('',1,3,((#6909,#6910,#6911,#6912,#6913,
#6914,#6915,#6916,#6917,#6918),(#6919,#6920,#6921,#6922,#6923,#6924,#6925,
#6926,#6927,#6928),(#6929,#6930,#6931,#6932,#6933,#6934,#6935,#6936,#6937,
#6938),(#6939,#6940,#6941,#6942,#6943,#6944,#6945,#6946,#6947,#6948)),
 .UNSPECIFIED.,.F.,.F.,.F.,(2,1,1,2),(4,2,2,2,4),(-0.01,0.,1.,1.0101),(-0.00097568561160622,
0.25,0.5,0.75,1.00097568561129),.UNSPECIFIED.);
#61=B_SPLINE_SURFACE_WITH_KNOTS('',1,3,((#7035,#7036,#7037,#7038,#7039,
#7040,#7041,#7042,#7043,#7044),(#7045,#7046,#7047,#7048,#7049,#7050,#7051,
#7052,#7053,#7054),(#7055,#7056,#7057,#7058,#7059,#7060,#7061,#7062,#7063,
#7064),(#7065,#7066,#7067,#7068,#7069,#7070,#7071,#7072,#7073,#7074)),
 .UNSPECIFIED.,.F.,.F.,.F.,(2,1,1,2),(4,2,2,2,4),(-0.01,0.,1.,1.0101),(-0.000975685611641983,
0.25,0.5,0.75,1.00097568561164),.UNSPECIFIED.);
#62=B_SPLINE_SURFACE_WITH_KNOTS('',1,3,((#7182,#7183,#7184,#7185,#7186,
#7187,#7188,#7189,#7190,#7191),(#7192,#7193,#7194,#7195,#7196,#7197,#7198,
#7199,#7200,#7201),(#7202,#7203,#7204,#7205,#7206,#7207,#7208,#7209,#7210,
#7211),(#7212,#7213,#7214,#7215,#7216,#7217,#7218,#7219,#7220,#7221)),
 .UNSPECIFIED.,.F.,.F.,.F.,(2,1,1,2),(4,2,2,2,4),(-0.01,0.,1.,1.0101),(-0.000975685611462587,
0.25,0.5,0.75,1.00097568561146),.UNSPECIFIED.);
#63=FACE_BOUND('',#432,.T.);
#64=FACE_BOUND('',#433,.T.);
#65=FACE_BOUND('',#434,.T.);
#66=FACE_BOUND('',#435,.T.);
#67=FACE_BOUND('',#436,.T.);
#68=FACE_BOUND('',#437,.T.);
#69=FACE_BOUND('',#438,.T.);
#70=FACE_BOUND('',#439,.T.);
#71=FACE_BOUND('',#441,.T.);
#72=FACE_BOUND('',#442,.T.);
#73=FACE_BOUND('',#443,.T.);
#74=FACE_BOUND('',#444,.T.);
#75=FACE_BOUND('',#445,.T.);
#76=FACE_BOUND('',#446,.T.);
#77=FACE_BOUND('',#447,.T.);
#78=FACE_BOUND('',#448,.T.);
#79=FACE_BOUND('',#450,.T.);
#80=FACE_BOUND('',#492,.T.);
#81=FACE_BOUND('',#494,.T.);
#82=FACE_BOUND('',#512,.T.);
#83=FACE_BOUND('',#513,.T.);
#84=FACE_BOUND('',#514,.T.);
#85=FACE_BOUND('',#515,.T.);
#86=FACE_BOUND('',#517,.T.);
#87=FACE_BOUND('',#518,.T.);
#88=FACE_BOUND('',#519,.T.);
#89=FACE_BOUND('',#520,.T.);
#90=FACE_BOUND('',#538,.T.);
#91=FACE_BOUND('',#540,.T.);
#92=FACE_BOUND('',#549,.T.);
#93=FACE_BOUND('',#583,.T.);
#94=FACE_BOUND('',#585,.T.);
#95=PLANE('',#3441);
#96=PLANE('',#3450);
#97=PLANE('',#3459);
#98=PLANE('',#3468);
#99=PLANE('',#3469);
#100=PLANE('',#3470);
#101=PLANE('',#3477);
#102=PLANE('',#3478);
#103=PLANE('',#3479);
#104=PLANE('',#3480);
#105=PLANE('',#3483);
#106=PLANE('',#3486);
#107=PLANE('',#3489);
#108=PLANE('',#3492);
#109=PLANE('',#3495);
#110=PLANE('',#3498);
#111=PLANE('',#3501);
#112=PLANE('',#3504);
#113=PLANE('',#3505);
#114=PLANE('',#3507);
#115=PLANE('',#3508);
#116=PLANE('',#3510);
#117=PLANE('',#3511);
#118=PLANE('',#3513);
#119=PLANE('',#3514);
#120=PLANE('',#3516);
#121=PLANE('',#3517);
#122=PLANE('',#3522);
#123=PLANE('',#3527);
#124=PLANE('',#3530);
#125=PLANE('',#3533);
#126=PLANE('',#3534);
#127=PLANE('',#3535);
#128=PLANE('',#3538);
#129=PLANE('',#3539);
#130=PLANE('',#3540);
#131=PLANE('',#3541);
#132=PLANE('',#3542);
#133=PLANE('',#3545);
#134=PLANE('',#3550);
#135=PLANE('',#3555);
#136=PLANE('',#3556);
#137=PLANE('',#3557);
#138=PLANE('',#3560);
#139=PLANE('',#3561);
#140=PLANE('',#3562);
#141=PLANE('',#3563);
#142=PLANE('',#3564);
#143=PLANE('',#3565);
#144=PLANE('',#3570);
#145=PLANE('',#3573);
#146=PLANE('',#3576);
#147=PLANE('',#3577);
#148=PLANE('',#3578);
#149=PLANE('',#3579);
#150=PLANE('',#3584);
#151=PLANE('',#3587);
#152=PLANE('',#3588);
#153=PLANE('',#3589);
#154=PLANE('',#3592);
#155=PLANE('',#3593);
#156=PLANE('',#3594);
#157=PLANE('',#3595);
#158=PLANE('',#3596);
#159=PLANE('',#3599);
#160=PLANE('',#3600);
#161=PLANE('',#3601);
#162=PLANE('',#3604);
#163=PLANE('',#3605);
#164=PLANE('',#3606);
#165=PLANE('',#3607);
#166=PLANE('',#3608);
#167=PLANE('',#3609);
#168=PLANE('',#3614);
#169=PLANE('',#3617);
#170=PLANE('',#3620);
#171=PLANE('',#3621);
#172=PLANE('',#3622);
#173=PLANE('',#3623);
#174=PLANE('',#3624);
#175=PLANE('',#3625);
#176=PLANE('',#3626);
#177=PLANE('',#3627);
#178=PLANE('',#3628);
#179=PLANE('',#3629);
#180=PLANE('',#3630);
#181=PLANE('',#3631);
#182=PLANE('',#3632);
#183=PLANE('',#3633);
#184=PLANE('',#3634);
#185=PLANE('',#3637);
#186=PLANE('',#3638);
#187=PLANE('',#3641);
#188=PLANE('',#3642);
#189=PLANE('',#3644);
#190=PLANE('',#3645);
#191=PLANE('',#3647);
#192=PLANE('',#3648);
#193=PLANE('',#3650);
#194=PLANE('',#3651);
#195=PLANE('',#3653);
#196=PLANE('',#3654);
#197=PLANE('',#3656);
#198=PLANE('',#3657);
#199=PLANE('',#3659);
#200=PLANE('',#3660);
#201=PLANE('',#3662);
#202=PLANE('',#3663);
#203=PLANE('',#3665);
#204=PLANE('',#3666);
#205=PLANE('',#3668);
#206=PLANE('',#3669);
#207=PLANE('',#3671);
#208=PLANE('',#3672);
#209=PLANE('',#3674);
#210=PLANE('',#3675);
#211=PLANE('',#3677);
#212=PLANE('',#3678);
#213=PLANE('',#3681);
#214=PLANE('',#3682);
#215=PLANE('',#3685);
#216=PLANE('',#3686);
#217=FACE_OUTER_BOUND('',#419,.T.);
#218=FACE_OUTER_BOUND('',#420,.T.);
#219=FACE_OUTER_BOUND('',#421,.T.);
#220=FACE_OUTER_BOUND('',#422,.T.);
#221=FACE_OUTER_BOUND('',#423,.T.);
#222=FACE_OUTER_BOUND('',#424,.T.);
#223=FACE_OUTER_BOUND('',#425,.T.);
#224=FACE_OUTER_BOUND('',#426,.T.);
#225=FACE_OUTER_BOUND('',#427,.T.);
#226=FACE_OUTER_BOUND('',#428,.T.);
#227=FACE_OUTER_BOUND('',#429,.T.);
#228=FACE_OUTER_BOUND('',#430,.T.);
#229=FACE_OUTER_BOUND('',#431,.T.);
#230=FACE_OUTER_BOUND('',#440,.T.);
#231=FACE_OUTER_BOUND('',#449,.T.);
#232=FACE_OUTER_BOUND('',#451,.T.);
#233=FACE_OUTER_BOUND('',#452,.T.);
#234=FACE_OUTER_BOUND('',#453,.T.);
#235=FACE_OUTER_BOUND('',#454,.T.);
#236=FACE_OUTER_BOUND('',#455,.T.);
#237=FACE_OUTER_BOUND('',#456,.T.);
#238=FACE_OUTER_BOUND('',#457,.T.);
#239=FACE_OUTER_BOUND('',#458,.T.);
#240=FACE_OUTER_BOUND('',#459,.T.);
#241=FACE_OUTER_BOUND('',#460,.T.);
#242=FACE_OUTER_BOUND('',#461,.T.);
#243=FACE_OUTER_BOUND('',#462,.T.);
#244=FACE_OUTER_BOUND('',#463,.T.);
#245=FACE_OUTER_BOUND('',#464,.T.);
#246=FACE_OUTER_BOUND('',#465,.T.);
#247=FACE_OUTER_BOUND('',#466,.T.);
#248=FACE_OUTER_BOUND('',#467,.T.);
#249=FACE_OUTER_BOUND('',#468,.T.);
#250=FACE_OUTER_BOUND('',#469,.T.);
#251=FACE_OUTER_BOUND('',#470,.T.);
#252=FACE_OUTER_BOUND('',#471,.T.);
#253=FACE_OUTER_BOUND('',#472,.T.);
#254=FACE_OUTER_BOUND('',#473,.T.);
#255=FACE_OUTER_BOUND('',#474,.T.);
#256=FACE_OUTER_BOUND('',#475,.T.);
#257=FACE_OUTER_BOUND('',#476,.T.);
#258=FACE_OUTER_BOUND('',#477,.T.);
#259=FACE_OUTER_BOUND('',#478,.T.);
#260=FACE_OUTER_BOUND('',#479,.T.);
#261=FACE_OUTER_BOUND('',#480,.T.);
#262=FACE_OUTER_BOUND('',#481,.T.);
#263=FACE_OUTER_BOUND('',#482,.T.);
#264=FACE_OUTER_BOUND('',#483,.T.);
#265=FACE_OUTER_BOUND('',#484,.T.);
#266=FACE_OUTER_BOUND('',#485,.T.);
#267=FACE_OUTER_BOUND('',#486,.T.);
#268=FACE_OUTER_BOUND('',#487,.T.);
#269=FACE_OUTER_BOUND('',#488,.T.);
#270=FACE_OUTER_BOUND('',#489,.T.);
#271=FACE_OUTER_BOUND('',#490,.T.);
#272=FACE_OUTER_BOUND('',#491,.T.);
#273=FACE_OUTER_BOUND('',#493,.T.);
#274=FACE_OUTER_BOUND('',#495,.T.);
#275=FACE_OUTER_BOUND('',#496,.T.);
#276=FACE_OUTER_BOUND('',#497,.T.);
#277=FACE_OUTER_BOUND('',#498,.T.);
#278=FACE_OUTER_BOUND('',#499,.T.);
#279=FACE_OUTER_BOUND('',#500,.T.);
#280=FACE_OUTER_BOUND('',#501,.T.);
#281=FACE_OUTER_BOUND('',#502,.T.);
#282=FACE_OUTER_BOUND('',#503,.T.);
#283=FACE_OUTER_BOUND('',#504,.T.);
#284=FACE_OUTER_BOUND('',#505,.T.);
#285=FACE_OUTER_BOUND('',#506,.T.);
#286=FACE_OUTER_BOUND('',#507,.T.);
#287=FACE_OUTER_BOUND('',#508,.T.);
#288=FACE_OUTER_BOUND('',#509,.T.);
#289=FACE_OUTER_BOUND('',#510,.T.);
#290=FACE_OUTER_BOUND('',#511,.T.);
#291=FACE_OUTER_BOUND('',#516,.T.);
#292=FACE_OUTER_BOUND('',#521,.T.);
#293=FACE_OUTER_BOUND('',#522,.T.);
#294=FACE_OUTER_BOUND('',#523,.T.);
#295=FACE_OUTER_BOUND('',#524,.T.);
#296=FACE_OUTER_BOUND('',#525,.T.);
#297=FACE_OUTER_BOUND('',#526,.T.);
#298=FACE_OUTER_BOUND('',#527,.T.);
#299=FACE_OUTER_BOUND('',#528,.T.);
#300=FACE_OUTER_BOUND('',#529,.T.);
#301=FACE_OUTER_BOUND('',#530,.T.);
#302=FACE_OUTER_BOUND('',#531,.T.);
#303=FACE_OUTER_BOUND('',#532,.T.);
#304=FACE_OUTER_BOUND('',#533,.T.);
#305=FACE_OUTER_BOUND('',#534,.T.);
#306=FACE_OUTER_BOUND('',#535,.T.);
#307=FACE_OUTER_BOUND('',#536,.T.);
#308=FACE_OUTER_BOUND('',#537,.T.);
#309=FACE_OUTER_BOUND('',#539,.T.);
#310=FACE_OUTER_BOUND('',#541,.T.);
#311=FACE_OUTER_BOUND('',#542,.T.);
#312=FACE_OUTER_BOUND('',#543,.T.);
#313=FACE_OUTER_BOUND('',#544,.T.);
#314=FACE_OUTER_BOUND('',#545,.T.);
#315=FACE_OUTER_BOUND('',#546,.T.);
#316=FACE_OUTER_BOUND('',#547,.T.);
#317=FACE_OUTER_BOUND('',#548,.T.);
#318=FACE_OUTER_BOUND('',#550,.T.);
#319=FACE_OUTER_BOUND('',#551,.T.);
#320=FACE_OUTER_BOUND('',#552,.T.);
#321=FACE_OUTER_BOUND('',#553,.T.);
#322=FACE_OUTER_BOUND('',#554,.T.);
#323=FACE_OUTER_BOUND('',#555,.T.);
#324=FACE_OUTER_BOUND('',#556,.T.);
#325=FACE_OUTER_BOUND('',#557,.T.);
#326=FACE_OUTER_BOUND('',#558,.T.);
#327=FACE_OUTER_BOUND('',#559,.T.);
#328=FACE_OUTER_BOUND('',#560,.T.);
#329=FACE_OUTER_BOUND('',#561,.T.);
#330=FACE_OUTER_BOUND('',#562,.T.);
#331=FACE_OUTER_BOUND('',#563,.T.);
#332=FACE_OUTER_BOUND('',#564,.T.);
#333=FACE_OUTER_BOUND('',#565,.T.);
#334=FACE_OUTER_BOUND('',#566,.T.);
#335=FACE_OUTER_BOUND('',#567,.T.);
#336=FACE_OUTER_BOUND('',#568,.T.);
#337=FACE_OUTER_BOUND('',#569,.T.);
#338=FACE_OUTER_BOUND('',#570,.T.);
#339=FACE_OUTER_BOUND('',#571,.T.);
#340=FACE_OUTER_BOUND('',#572,.T.);
#341=FACE_OUTER_BOUND('',#573,.T.);
#342=FACE_OUTER_BOUND('',#574,.T.);
#343=FACE_OUTER_BOUND('',#575,.T.);
#344=FACE_OUTER_BOUND('',#576,.T.);
#345=FACE_OUTER_BOUND('',#577,.T.);
#346=FACE_OUTER_BOUND('',#578,.T.);
#347=FACE_OUTER_BOUND('',#579,.T.);
#348=FACE_OUTER_BOUND('',#580,.T.);
#349=FACE_OUTER_BOUND('',#581,.T.);
#350=FACE_OUTER_BOUND('',#582,.T.);
#351=FACE_OUTER_BOUND('',#584,.T.);
#352=FACE_OUTER_BOUND('',#586,.T.);
#353=FACE_OUTER_BOUND('',#587,.T.);
#354=FACE_OUTER_BOUND('',#588,.T.);
#355=FACE_OUTER_BOUND('',#589,.T.);
#356=FACE_OUTER_BOUND('',#590,.T.);
#357=FACE_OUTER_BOUND('',#591,.T.);
#358=FACE_OUTER_BOUND('',#592,.T.);
#359=FACE_OUTER_BOUND('',#593,.T.);
#360=FACE_OUTER_BOUND('',#594,.T.);
#361=FACE_OUTER_BOUND('',#595,.T.);
#362=FACE_OUTER_BOUND('',#596,.T.);
#363=FACE_OUTER_BOUND('',#597,.T.);
#364=FACE_OUTER_BOUND('',#598,.T.);
#365=FACE_OUTER_BOUND('',#599,.T.);
#366=FACE_OUTER_BOUND('',#600,.T.);
#367=FACE_OUTER_BOUND('',#601,.T.);
#368=FACE_OUTER_BOUND('',#602,.T.);
#369=FACE_OUTER_BOUND('',#603,.T.);
#370=FACE_OUTER_BOUND('',#604,.T.);
#371=FACE_OUTER_BOUND('',#605,.T.);
#372=FACE_OUTER_BOUND('',#606,.T.);
#373=FACE_OUTER_BOUND('',#607,.T.);
#374=FACE_OUTER_BOUND('',#608,.T.);
#375=FACE_OUTER_BOUND('',#609,.T.);
#376=FACE_OUTER_BOUND('',#610,.T.);
#377=FACE_OUTER_BOUND('',#611,.T.);
#378=FACE_OUTER_BOUND('',#612,.T.);
#379=FACE_OUTER_BOUND('',#613,.T.);
#380=FACE_OUTER_BOUND('',#614,.T.);
#381=FACE_OUTER_BOUND('',#615,.T.);
#382=FACE_OUTER_BOUND('',#616,.T.);
#383=FACE_OUTER_BOUND('',#617,.T.);
#384=FACE_OUTER_BOUND('',#618,.T.);
#385=FACE_OUTER_BOUND('',#619,.T.);
#386=FACE_OUTER_BOUND('',#620,.T.);
#387=FACE_OUTER_BOUND('',#621,.T.);
#388=FACE_OUTER_BOUND('',#622,.T.);
#389=FACE_OUTER_BOUND('',#623,.T.);
#390=FACE_OUTER_BOUND('',#624,.T.);
#391=FACE_OUTER_BOUND('',#625,.T.);
#392=FACE_OUTER_BOUND('',#626,.T.);
#393=FACE_OUTER_BOUND('',#627,.T.);
#394=FACE_OUTER_BOUND('',#628,.T.);
#395=FACE_OUTER_BOUND('',#629,.T.);
#396=FACE_OUTER_BOUND('',#630,.T.);
#397=FACE_OUTER_BOUND('',#631,.T.);
#398=FACE_OUTER_BOUND('',#632,.T.);
#399=FACE_OUTER_BOUND('',#633,.T.);
#400=FACE_OUTER_BOUND('',#634,.T.);
#401=FACE_OUTER_BOUND('',#635,.T.);
#402=FACE_OUTER_BOUND('',#636,.T.);
#403=FACE_OUTER_BOUND('',#637,.T.);
#404=FACE_OUTER_BOUND('',#638,.T.);
#405=FACE_OUTER_BOUND('',#639,.T.);
#406=FACE_OUTER_BOUND('',#640,.T.);
#407=FACE_OUTER_BOUND('',#641,.T.);
#408=FACE_OUTER_BOUND('',#642,.T.);
#409=FACE_OUTER_BOUND('',#643,.T.);
#410=FACE_OUTER_BOUND('',#644,.T.);
#411=FACE_OUTER_BOUND('',#645,.T.);
#412=FACE_OUTER_BOUND('',#646,.T.);
#413=FACE_OUTER_BOUND('',#647,.T.);
#414=FACE_OUTER_BOUND('',#648,.T.);
#415=FACE_OUTER_BOUND('',#649,.T.);
#416=FACE_OUTER_BOUND('',#650,.T.);
#417=FACE_OUTER_BOUND('',#651,.T.);
#418=FACE_OUTER_BOUND('',#652,.T.);
#419=EDGE_LOOP('',(#2181,#2182,#2183,#2184));
#420=EDGE_LOOP('',(#2185,#2186,#2187,#2188));
#421=EDGE_LOOP('',(#2189,#2190,#2191,#2192));
#422=EDGE_LOOP('',(#2193,#2194,#2195,#2196));
#423=EDGE_LOOP('',(#2197,#2198,#2199,#2200));
#424=EDGE_LOOP('',(#2201,#2202,#2203,#2204));
#425=EDGE_LOOP('',(#2205,#2206,#2207,#2208));
#426=EDGE_LOOP('',(#2209,#2210,#2211,#2212));
#427=EDGE_LOOP('',(#2213,#2214,#2215,#2216));
#428=EDGE_LOOP('',(#2217,#2218,#2219,#2220));
#429=EDGE_LOOP('',(#2221,#2222,#2223,#2224));
#430=EDGE_LOOP('',(#2225,#2226,#2227,#2228));
#431=EDGE_LOOP('',(#2229,#2230,#2231,#2232));
#432=EDGE_LOOP('',(#2233,#2234,#2235,#2236));
#433=EDGE_LOOP('',(#2237,#2238,#2239,#2240));
#434=EDGE_LOOP('',(#2241,#2242,#2243,#2244));
#435=EDGE_LOOP('',(#2245,#2246,#2247,#2248));
#436=EDGE_LOOP('',(#2249,#2250,#2251,#2252));
#437=EDGE_LOOP('',(#2253,#2254,#2255,#2256));
#438=EDGE_LOOP('',(#2257,#2258,#2259,#2260));
#439=EDGE_LOOP('',(#2261,#2262,#2263,#2264));
#440=EDGE_LOOP('',(#2265,#2266,#2267,#2268));
#441=EDGE_LOOP('',(#2269,#2270,#2271,#2272));
#442=EDGE_LOOP('',(#2273,#2274,#2275,#2276));
#443=EDGE_LOOP('',(#2277,#2278,#2279,#2280));
#444=EDGE_LOOP('',(#2281,#2282,#2283,#2284));
#445=EDGE_LOOP('',(#2285,#2286,#2287,#2288));
#446=EDGE_LOOP('',(#2289,#2290,#2291,#2292));
#447=EDGE_LOOP('',(#2293,#2294,#2295,#2296));
#448=EDGE_LOOP('',(#2297,#2298,#2299,#2300));
#449=EDGE_LOOP('',(#2301,#2302,#2303,#2304));
#450=EDGE_LOOP('',(#2305,#2306,#2307,#2308));
#451=EDGE_LOOP('',(#2309,#2310,#2311,#2312));
#452=EDGE_LOOP('',(#2313,#2314,#2315,#2316));
#453=EDGE_LOOP('',(#2317,#2318,#2319,#2320));
#454=EDGE_LOOP('',(#2321,#2322,#2323,#2324));
#455=EDGE_LOOP('',(#2325,#2326,#2327,#2328));
#456=EDGE_LOOP('',(#2329,#2330,#2331,#2332));
#457=EDGE_LOOP('',(#2333,#2334,#2335,#2336));
#458=EDGE_LOOP('',(#2337,#2338,#2339,#2340));
#459=EDGE_LOOP('',(#2341,#2342,#2343,#2344));
#460=EDGE_LOOP('',(#2345,#2346,#2347,#2348));
#461=EDGE_LOOP('',(#2349,#2350,#2351,#2352));
#462=EDGE_LOOP('',(#2353,#2354,#2355,#2356));
#463=EDGE_LOOP('',(#2357,#2358,#2359,#2360));
#464=EDGE_LOOP('',(#2361,#2362,#2363,#2364));
#465=EDGE_LOOP('',(#2365,#2366,#2367,#2368));
#466=EDGE_LOOP('',(#2369,#2370,#2371,#2372));
#467=EDGE_LOOP('',(#2373,#2374,#2375,#2376));
#468=EDGE_LOOP('',(#2377,#2378,#2379,#2380));
#469=EDGE_LOOP('',(#2381,#2382,#2383,#2384,#2385,#2386));
#470=EDGE_LOOP('',(#2387,#2388,#2389,#2390,#2391,#2392));
#471=EDGE_LOOP('',(#2393,#2394,#2395,#2396));
#472=EDGE_LOOP('',(#2397,#2398,#2399,#2400));
#473=EDGE_LOOP('',(#2401,#2402,#2403,#2404));
#474=EDGE_LOOP('',(#2405,#2406,#2407,#2408));
#475=EDGE_LOOP('',(#2409,#2410,#2411,#2412));
#476=EDGE_LOOP('',(#2413,#2414,#2415,#2416));
#477=EDGE_LOOP('',(#2417,#2418,#2419,#2420));
#478=EDGE_LOOP('',(#2421,#2422,#2423,#2424));
#479=EDGE_LOOP('',(#2425,#2426,#2427,#2428));
#480=EDGE_LOOP('',(#2429,#2430,#2431,#2432));
#481=EDGE_LOOP('',(#2433,#2434,#2435,#2436,#2437,#2438));
#482=EDGE_LOOP('',(#2439,#2440,#2441,#2442,#2443,#2444));
#483=EDGE_LOOP('',(#2445,#2446,#2447,#2448));
#484=EDGE_LOOP('',(#2449,#2450,#2451,#2452));
#485=EDGE_LOOP('',(#2453,#2454,#2455,#2456));
#486=EDGE_LOOP('',(#2457,#2458,#2459,#2460));
#487=EDGE_LOOP('',(#2461,#2462,#2463,#2464));
#488=EDGE_LOOP('',(#2465,#2466,#2467,#2468));
#489=EDGE_LOOP('',(#2469,#2470,#2471,#2472));
#490=EDGE_LOOP('',(#2473,#2474,#2475,#2476));
#491=EDGE_LOOP('',(#2477,#2478,#2479,#2480));
#492=EDGE_LOOP('',(#2481,#2482,#2483,#2484));
#493=EDGE_LOOP('',(#2485,#2486,#2487,#2488));
#494=EDGE_LOOP('',(#2489,#2490,#2491,#2492));
#495=EDGE_LOOP('',(#2493,#2494,#2495,#2496));
#496=EDGE_LOOP('',(#2497,#2498,#2499,#2500));
#497=EDGE_LOOP('',(#2501,#2502,#2503,#2504));
#498=EDGE_LOOP('',(#2505,#2506,#2507,#2508));
#499=EDGE_LOOP('',(#2509,#2510,#2511,#2512));
#500=EDGE_LOOP('',(#2513,#2514,#2515,#2516));
#501=EDGE_LOOP('',(#2517,#2518,#2519,#2520));
#502=EDGE_LOOP('',(#2521,#2522,#2523,#2524));
#503=EDGE_LOOP('',(#2525,#2526,#2527,#2528));
#504=EDGE_LOOP('',(#2529,#2530,#2531,#2532));
#505=EDGE_LOOP('',(#2533,#2534,#2535,#2536));
#506=EDGE_LOOP('',(#2537,#2538,#2539,#2540));
#507=EDGE_LOOP('',(#2541,#2542,#2543,#2544));
#508=EDGE_LOOP('',(#2545,#2546,#2547,#2548));
#509=EDGE_LOOP('',(#2549,#2550,#2551,#2552));
#510=EDGE_LOOP('',(#2553,#2554,#2555,#2556));
#511=EDGE_LOOP('',(#2557,#2558,#2559,#2560));
#512=EDGE_LOOP('',(#2561,#2562,#2563,#2564));
#513=EDGE_LOOP('',(#2565,#2566,#2567,#2568));
#514=EDGE_LOOP('',(#2569,#2570,#2571,#2572));
#515=EDGE_LOOP('',(#2573,#2574,#2575,#2576));
#516=EDGE_LOOP('',(#2577,#2578,#2579,#2580));
#517=EDGE_LOOP('',(#2581,#2582,#2583,#2584));
#518=EDGE_LOOP('',(#2585,#2586,#2587,#2588));
#519=EDGE_LOOP('',(#2589,#2590,#2591,#2592));
#520=EDGE_LOOP('',(#2593,#2594,#2595,#2596));
#521=EDGE_LOOP('',(#2597,#2598,#2599,#2600));
#522=EDGE_LOOP('',(#2601,#2602,#2603,#2604));
#523=EDGE_LOOP('',(#2605,#2606,#2607,#2608));
#524=EDGE_LOOP('',(#2609,#2610,#2611,#2612));
#525=EDGE_LOOP('',(#2613,#2614,#2615,#2616));
#526=EDGE_LOOP('',(#2617,#2618,#2619,#2620));
#527=EDGE_LOOP('',(#2621,#2622,#2623,#2624));
#528=EDGE_LOOP('',(#2625,#2626,#2627,#2628));
#529=EDGE_LOOP('',(#2629,#2630,#2631,#2632));
#530=EDGE_LOOP('',(#2633,#2634,#2635,#2636));
#531=EDGE_LOOP('',(#2637,#2638,#2639,#2640));
#532=EDGE_LOOP('',(#2641,#2642,#2643,#2644));
#533=EDGE_LOOP('',(#2645,#2646,#2647,#2648));
#534=EDGE_LOOP('',(#2649,#2650,#2651,#2652));
#535=EDGE_LOOP('',(#2653,#2654,#2655,#2656));
#536=EDGE_LOOP('',(#2657,#2658,#2659,#2660));
#537=EDGE_LOOP('',(#2661,#2662,#2663,#2664));
#538=EDGE_LOOP('',(#2665,#2666,#2667,#2668));
#539=EDGE_LOOP('',(#2669,#2670,#2671,#2672));
#540=EDGE_LOOP('',(#2673,#2674,#2675,#2676));
#541=EDGE_LOOP('',(#2677,#2678,#2679,#2680));
#542=EDGE_LOOP('',(#2681,#2682,#2683,#2684));
#543=EDGE_LOOP('',(#2685,#2686,#2687,#2688));
#544=EDGE_LOOP('',(#2689,#2690,#2691,#2692));
#545=EDGE_LOOP('',(#2693,#2694,#2695,#2696));
#546=EDGE_LOOP('',(#2697,#2698,#2699,#2700));
#547=EDGE_LOOP('',(#2701,#2702,#2703,#2704));
#548=EDGE_LOOP('',(#2705,#2706,#2707,#2708));
#549=EDGE_LOOP('',(#2709,#2710,#2711,#2712));
#550=EDGE_LOOP('',(#2713,#2714,#2715,#2716));
#551=EDGE_LOOP('',(#2717,#2718,#2719,#2720));
#552=EDGE_LOOP('',(#2721,#2722,#2723,#2724));
#553=EDGE_LOOP('',(#2725,#2726,#2727,#2728));
#554=EDGE_LOOP('',(#2729,#2730,#2731,#2732));
#555=EDGE_LOOP('',(#2733,#2734,#2735,#2736));
#556=EDGE_LOOP('',(#2737,#2738,#2739,#2740));
#557=EDGE_LOOP('',(#2741,#2742,#2743,#2744));
#558=EDGE_LOOP('',(#2745,#2746,#2747,#2748));
#559=EDGE_LOOP('',(#2749,#2750,#2751,#2752));
#560=EDGE_LOOP('',(#2753,#2754,#2755,#2756));
#561=EDGE_LOOP('',(#2757,#2758,#2759,#2760));
#562=EDGE_LOOP('',(#2761,#2762,#2763,#2764));
#563=EDGE_LOOP('',(#2765,#2766,#2767,#2768));
#564=EDGE_LOOP('',(#2769,#2770,#2771,#2772));
#565=EDGE_LOOP('',(#2773,#2774,#2775,#2776));
#566=EDGE_LOOP('',(#2777,#2778,#2779,#2780));
#567=EDGE_LOOP('',(#2781,#2782,#2783,#2784));
#568=EDGE_LOOP('',(#2785,#2786,#2787,#2788));
#569=EDGE_LOOP('',(#2789,#2790,#2791,#2792));
#570=EDGE_LOOP('',(#2793,#2794,#2795,#2796));
#571=EDGE_LOOP('',(#2797,#2798,#2799,#2800));
#572=EDGE_LOOP('',(#2801,#2802,#2803,#2804));
#573=EDGE_LOOP('',(#2805,#2806,#2807,#2808));
#574=EDGE_LOOP('',(#2809,#2810,#2811,#2812));
#575=EDGE_LOOP('',(#2813,#2814,#2815,#2816));
#576=EDGE_LOOP('',(#2817,#2818,#2819,#2820));
#577=EDGE_LOOP('',(#2821,#2822,#2823,#2824));
#578=EDGE_LOOP('',(#2825,#2826,#2827,#2828));
#579=EDGE_LOOP('',(#2829,#2830,#2831,#2832));
#580=EDGE_LOOP('',(#2833,#2834,#2835,#2836));
#581=EDGE_LOOP('',(#2837,#2838,#2839,#2840));
#582=EDGE_LOOP('',(#2841,#2842,#2843,#2844));
#583=EDGE_LOOP('',(#2845,#2846,#2847,#2848));
#584=EDGE_LOOP('',(#2849,#2850,#2851,#2852));
#585=EDGE_LOOP('',(#2853,#2854,#2855,#2856));
#586=EDGE_LOOP('',(#2857,#2858,#2859,#2860));
#587=EDGE_LOOP('',(#2861,#2862,#2863,#2864));
#588=EDGE_LOOP('',(#2865,#2866,#2867,#2868));
#589=EDGE_LOOP('',(#2869,#2870,#2871,#2872));
#590=EDGE_LOOP('',(#2873,#2874,#2875,#2876));
#591=EDGE_LOOP('',(#2877,#2878,#2879,#2880));
#592=EDGE_LOOP('',(#2881,#2882,#2883,#2884));
#593=EDGE_LOOP('',(#2885,#2886,#2887,#2888));
#594=EDGE_LOOP('',(#2889,#2890,#2891,#2892));
#595=EDGE_LOOP('',(#2893,#2894,#2895,#2896));
#596=EDGE_LOOP('',(#2897,#2898,#2899,#2900));
#597=EDGE_LOOP('',(#2901,#2902,#2903,#2904));
#598=EDGE_LOOP('',(#2905,#2906,#2907,#2908));
#599=EDGE_LOOP('',(#2909,#2910,#2911,#2912));
#600=EDGE_LOOP('',(#2913,#2914,#2915,#2916));
#601=EDGE_LOOP('',(#2917,#2918,#2919,#2920));
#602=EDGE_LOOP('',(#2921,#2922,#2923,#2924));
#603=EDGE_LOOP('',(#2925,#2926,#2927,#2928));
#604=EDGE_LOOP('',(#2929,#2930,#2931,#2932));
#605=EDGE_LOOP('',(#2933,#2934,#2935,#2936));
#606=EDGE_LOOP('',(#2937,#2938,#2939,#2940));
#607=EDGE_LOOP('',(#2941,#2942,#2943,#2944));
#608=EDGE_LOOP('',(#2945,#2946,#2947,#2948));
#609=EDGE_LOOP('',(#2949,#2950,#2951,#2952));
#610=EDGE_LOOP('',(#2953,#2954,#2955,#2956));
#611=EDGE_LOOP('',(#2957,#2958,#2959,#2960));
#612=EDGE_LOOP('',(#2961,#2962,#2963,#2964));
#613=EDGE_LOOP('',(#2965,#2966,#2967,#2968));
#614=EDGE_LOOP('',(#2969,#2970,#2971,#2972));
#615=EDGE_LOOP('',(#2973,#2974,#2975,#2976));
#616=EDGE_LOOP('',(#2977,#2978,#2979,#2980));
#617=EDGE_LOOP('',(#2981,#2982,#2983,#2984));
#618=EDGE_LOOP('',(#2985,#2986,#2987,#2988));
#619=EDGE_LOOP('',(#2989,#2990,#2991,#2992));
#620=EDGE_LOOP('',(#2993,#2994,#2995,#2996));
#621=EDGE_LOOP('',(#2997,#2998,#2999,#3000));
#622=EDGE_LOOP('',(#3001,#3002,#3003,#3004));
#623=EDGE_LOOP('',(#3005,#3006,#3007,#3008));
#624=EDGE_LOOP('',(#3009,#3010,#3011,#3012));
#625=EDGE_LOOP('',(#3013,#3014,#3015,#3016));
#626=EDGE_LOOP('',(#3017,#3018,#3019,#3020));
#627=EDGE_LOOP('',(#3021,#3022,#3023,#3024));
#628=EDGE_LOOP('',(#3025,#3026,#3027,#3028));
#629=EDGE_LOOP('',(#3029,#3030,#3031,#3032));
#630=EDGE_LOOP('',(#3033,#3034,#3035,#3036));
#631=EDGE_LOOP('',(#3037,#3038,#3039,#3040));
#632=EDGE_LOOP('',(#3041,#3042,#3043,#3044));
#633=EDGE_LOOP('',(#3045,#3046,#3047,#3048));
#634=EDGE_LOOP('',(#3049,#3050,#3051,#3052));
#635=EDGE_LOOP('',(#3053,#3054,#3055,#3056));
#636=EDGE_LOOP('',(#3057,#3058,#3059,#3060));
#637=EDGE_LOOP('',(#3061,#3062,#3063,#3064));
#638=EDGE_LOOP('',(#3065,#3066,#3067,#3068));
#639=EDGE_LOOP('',(#3069,#3070,#3071,#3072));
#640=EDGE_LOOP('',(#3073,#3074,#3075,#3076));
#641=EDGE_LOOP('',(#3077,#3078,#3079,#3080));
#642=EDGE_LOOP('',(#3081,#3082,#3083,#3084));
#643=EDGE_LOOP('',(#3085,#3086,#3087,#3088));
#644=EDGE_LOOP('',(#3089,#3090,#3091,#3092));
#645=EDGE_LOOP('',(#3093,#3094,#3095,#3096));
#646=EDGE_LOOP('',(#3097,#3098,#3099,#3100));
#647=EDGE_LOOP('',(#3101,#3102,#3103,#3104));
#648=EDGE_LOOP('',(#3105,#3106,#3107,#3108));
#649=EDGE_LOOP('',(#3109,#3110,#3111,#3112));
#650=EDGE_LOOP('',(#3113,#3114,#3115,#3116));
#651=EDGE_LOOP('',(#3117,#3118,#3119,#3120));
#652=EDGE_LOOP('',(#3121,#3122,#3123,#3124));
#653=LINE('',#4603,#997);
#654=LINE('',#4606,#998);
#655=LINE('',#4612,#999);
#656=LINE('',#4615,#1000);
#657=LINE('',#4621,#1001);
#658=LINE('',#4624,#1002);
#659=LINE('',#4630,#1003);
#660=LINE('',#4633,#1004);
#661=LINE('',#4639,#1005);
#662=LINE('',#4642,#1006);
#663=LINE('',#4648,#1007);
#664=LINE('',#4651,#1008);
#665=LINE('',#4657,#1009);
#666=LINE('',#4660,#1010);
#667=LINE('',#4666,#1011);
#668=LINE('',#4669,#1012);
#669=LINE('',#4675,#1013);
#670=LINE('',#4678,#1014);
#671=LINE('',#4684,#1015);
#672=LINE('',#4687,#1016);
#673=LINE('',#4693,#1017);
#674=LINE('',#4696,#1018);
#675=LINE('',#4702,#1019);
#676=LINE('',#4705,#1020);
#677=LINE('',#4709,#1021);
#678=LINE('',#4711,#1022);
#679=LINE('',#4713,#1023);
#680=LINE('',#4714,#1024);
#681=LINE('',#4716,#1025);
#682=LINE('',#4719,#1026);
#683=LINE('',#4721,#1027);
#684=LINE('',#4723,#1028);
#685=LINE('',#4726,#1029);
#686=LINE('',#4728,#1030);
#687=LINE('',#4731,#1031);
#688=LINE('',#4734,#1032);
#689=LINE('',#4736,#1033);
#690=LINE('',#4739,#1034);
#691=LINE('',#4741,#1035);
#692=LINE('',#4744,#1036);
#693=LINE('',#4746,#1037);
#694=LINE('',#4749,#1038);
#695=LINE('',#4751,#1039);
#696=LINE('',#4753,#1040);
#697=LINE('',#4758,#1041);
#698=LINE('',#4760,#1042);
#699=LINE('',#4762,#1043);
#700=LINE('',#4763,#1044);
#701=LINE('',#4765,#1045);
#702=LINE('',#4768,#1046);
#703=LINE('',#4772,#1047);
#704=LINE('',#4773,#1048);
#705=LINE('',#4775,#1049);
#706=LINE('',#4778,#1050);
#707=LINE('',#4780,#1051);
#708=LINE('',#4783,#1052);
#709=LINE('',#4785,#1053);
#710=LINE('',#4788,#1054);
#711=LINE('',#4792,#1055);
#712=LINE('',#4793,#1056);
#713=LINE('',#4795,#1057);
#714=LINE('',#4797,#1058);
#715=LINE('',#4800,#1059);
#716=LINE('',#4802,#1060);
#717=LINE('',#4807,#1061);
#718=LINE('',#4809,#1062);
#719=LINE('',#4811,#1063);
#720=LINE('',#4812,#1064);
#721=LINE('',#4817,#1065);
#722=LINE('',#4820,#1066);
#723=LINE('',#4824,#1067);
#724=LINE('',#4828,#1068);
#725=LINE('',#4835,#1069);
#726=LINE('',#4838,#1070);
#727=LINE('',#4841,#1071);
#728=LINE('',#4843,#1072);
#729=LINE('',#4844,#1073);
#730=LINE('',#4848,#1074);
#731=LINE('',#4849,#1075);
#732=LINE('',#4850,#1076);
#733=LINE('',#4852,#1077);
#734=LINE('',#4853,#1078);
#735=LINE('',#4857,#1079);
#736=LINE('',#4861,#1080);
#737=LINE('',#4868,#1081);
#738=LINE('',#4871,#1082);
#739=LINE('',#4874,#1083);
#740=LINE('',#4876,#1084);
#741=LINE('',#4877,#1085);
#742=LINE('',#4881,#1086);
#743=LINE('',#4882,#1087);
#744=LINE('',#4883,#1088);
#745=LINE('',#4885,#1089);
#746=LINE('',#4886,#1090);
#747=LINE('',#4890,#1091);
#748=LINE('',#4894,#1092);
#749=LINE('',#4899,#1093);
#750=LINE('',#4903,#1094);
#751=LINE('',#4908,#1095);
#752=LINE('',#4912,#1096);
#753=LINE('',#4917,#1097);
#754=LINE('',#4921,#1098);
#755=LINE('',#4926,#1099);
#756=LINE('',#4930,#1100);
#757=LINE('',#4935,#1101);
#758=LINE('',#4939,#1102);
#759=LINE('',#4944,#1103);
#760=LINE('',#4948,#1104);
#761=LINE('',#4953,#1105);
#762=LINE('',#4957,#1106);
#763=LINE('',#4961,#1107);
#764=LINE('',#4962,#1108);
#765=LINE('',#4963,#1109);
#766=LINE('',#4965,#1110);
#767=LINE('',#4966,#1111);
#768=LINE('',#4969,#1112);
#769=LINE('',#4970,#1113);
#770=LINE('',#4972,#1114);
#771=LINE('',#4973,#1115);
#772=LINE('',#4974,#1116);
#773=LINE('',#4976,#1117);
#774=LINE('',#4978,#1118);
#775=LINE('',#4979,#1119);
#776=LINE('',#4980,#1120);
#777=LINE('',#4982,#1121);
#778=LINE('',#4983,#1122);
#779=LINE('',#4984,#1123);
#780=LINE('',#4985,#1124);
#781=LINE('',#4987,#1125);
#782=LINE('',#4989,#1126);
#783=LINE('',#4990,#1127);
#784=LINE('',#4991,#1128);
#785=LINE('',#4993,#1129);
#786=LINE('',#4994,#1130);
#787=LINE('',#4995,#1131);
#788=LINE('',#4996,#1132);
#789=LINE('',#4998,#1133);
#790=LINE('',#5000,#1134);
#791=LINE('',#5001,#1135);
#792=LINE('',#5002,#1136);
#793=LINE('',#5004,#1137);
#794=LINE('',#5005,#1138);
#795=LINE('',#5006,#1139);
#796=LINE('',#5007,#1140);
#797=LINE('',#5009,#1141);
#798=LINE('',#5012,#1142);
#799=LINE('',#5013,#1143);
#800=LINE('',#5015,#1144);
#801=LINE('',#5016,#1145);
#802=LINE('',#5019,#1146);
#803=LINE('',#5020,#1147);
#804=LINE('',#5022,#1148);
#805=LINE('',#5023,#1149);
#806=LINE('',#5024,#1150);
#807=LINE('',#5032,#1151);
#808=LINE('',#5034,#1152);
#809=LINE('',#5118,#1153);
#810=LINE('',#5163,#1154);
#811=LINE('',#5165,#1155);
#812=LINE('',#5168,#1156);
#813=LINE('',#5170,#1157);
#814=LINE('',#5171,#1158);
#815=LINE('',#5176,#1159);
#816=LINE('',#5179,#1160);
#817=LINE('',#5183,#1161);
#818=LINE('',#5184,#1162);
#819=LINE('',#5185,#1163);
#820=LINE('',#5188,#1164);
#821=LINE('',#5192,#1165);
#822=LINE('',#5195,#1166);
#823=LINE('',#5196,#1167);
#824=LINE('',#5241,#1168);
#825=LINE('',#5407,#1169);
#826=LINE('',#5452,#1170);
#827=LINE('',#5454,#1171);
#828=LINE('',#5457,#1172);
#829=LINE('',#5459,#1173);
#830=LINE('',#5460,#1174);
#831=LINE('',#5464,#1175);
#832=LINE('',#5465,#1176);
#833=LINE('',#5466,#1177);
#834=LINE('',#5468,#1178);
#835=LINE('',#5469,#1179);
#836=LINE('',#5514,#1180);
#837=LINE('',#5680,#1181);
#838=LINE('',#5725,#1182);
#839=LINE('',#5727,#1183);
#840=LINE('',#5730,#1184);
#841=LINE('',#5732,#1185);
#842=LINE('',#5733,#1186);
#843=LINE('',#5735,#1187);
#844=LINE('',#5738,#1188);
#845=LINE('',#5740,#1189);
#846=LINE('',#5743,#1190);
#847=LINE('',#5747,#1191);
#848=LINE('',#5748,#1192);
#849=LINE('',#5752,#1193);
#850=LINE('',#5753,#1194);
#851=LINE('',#5757,#1195);
#852=LINE('',#5758,#1196);
#853=LINE('',#5759,#1197);
#854=LINE('',#5761,#1198);
#855=LINE('',#5763,#1199);
#856=LINE('',#5766,#1200);
#857=LINE('',#5769,#1201);
#858=LINE('',#5773,#1202);
#859=LINE('',#5774,#1203);
#860=LINE('',#5778,#1204);
#861=LINE('',#5779,#1205);
#862=LINE('',#5781,#1206);
#863=LINE('',#5782,#1207);
#864=LINE('',#5827,#1208);
#865=LINE('',#5993,#1209);
#866=LINE('',#6038,#1210);
#867=LINE('',#6040,#1211);
#868=LINE('',#6043,#1212);
#869=LINE('',#6045,#1213);
#870=LINE('',#6046,#1214);
#871=LINE('',#6050,#1215);
#872=LINE('',#6051,#1216);
#873=LINE('',#6052,#1217);
#874=LINE('',#6054,#1218);
#875=LINE('',#6055,#1219);
#876=LINE('',#6100,#1220);
#877=LINE('',#6188,#1221);
#878=LINE('',#6190,#1222);
#879=LINE('',#6192,#1223);
#880=LINE('',#6194,#1224);
#881=LINE('',#6197,#1225);
#882=LINE('',#6199,#1226);
#883=LINE('',#6200,#1227);
#884=LINE('',#6205,#1228);
#885=LINE('',#6208,#1229);
#886=LINE('',#6211,#1230);
#887=LINE('',#6213,#1231);
#888=LINE('',#6214,#1232);
#889=LINE('',#6217,#1233);
#890=LINE('',#6221,#1234);
#891=LINE('',#6224,#1235);
#892=LINE('',#6225,#1236);
#893=LINE('',#6230,#1237);
#894=LINE('',#6232,#1238);
#895=LINE('',#6315,#1239);
#896=LINE('',#6361,#1240);
#897=LINE('',#6365,#1241);
#898=LINE('',#6366,#1242);
#899=LINE('',#6367,#1243);
#900=LINE('',#6372,#1244);
#901=LINE('',#6375,#1245);
#902=LINE('',#6377,#1246);
#903=LINE('',#6378,#1247);
#904=LINE('',#6423,#1248);
#905=LINE('',#6589,#1249);
#906=LINE('',#6634,#1250);
#907=LINE('',#6636,#1251);
#908=LINE('',#6639,#1252);
#909=LINE('',#6641,#1253);
#910=LINE('',#6642,#1254);
#911=LINE('',#6645,#1255);
#912=LINE('',#6647,#1256);
#913=LINE('',#6648,#1257);
#914=LINE('',#6650,#1258);
#915=LINE('',#6651,#1259);
#916=LINE('',#6694,#1260);
#917=LINE('',#6858,#1261);
#918=LINE('',#6905,#1262);
#919=LINE('',#6906,#1263);
#920=LINE('',#6951,#1264);
#921=LINE('',#7117,#1265);
#922=LINE('',#7162,#1266);
#923=LINE('',#7164,#1267);
#924=LINE('',#7167,#1268);
#925=LINE('',#7169,#1269);
#926=LINE('',#7170,#1270);
#927=LINE('',#7173,#1271);
#928=LINE('',#7175,#1272);
#929=LINE('',#7176,#1273);
#930=LINE('',#7178,#1274);
#931=LINE('',#7179,#1275);
#932=LINE('',#7224,#1276);
#933=LINE('',#7312,#1277);
#934=LINE('',#7314,#1278);
#935=LINE('',#7316,#1279);
#936=LINE('',#7318,#1280);
#937=LINE('',#7321,#1281);
#938=LINE('',#7323,#1282);
#939=LINE('',#7324,#1283);
#940=LINE('',#7327,#1284);
#941=LINE('',#7331,#1285);
#942=LINE('',#7335,#1286);
#943=LINE('',#7337,#1287);
#944=LINE('',#7338,#1288);
#945=LINE('',#7341,#1289);
#946=LINE('',#7345,#1290);
#947=LINE('',#7348,#1291);
#948=LINE('',#7349,#1292);
#949=LINE('',#7353,#1293);
#950=LINE('',#7354,#1294);
#951=LINE('',#7358,#1295);
#952=LINE('',#7360,#1296);
#953=LINE('',#7363,#1297);
#954=LINE('',#7364,#1298);
#955=LINE('',#7368,#1299);
#956=LINE('',#7370,#1300);
#957=LINE('',#7373,#1301);
#958=LINE('',#7374,#1302);
#959=LINE('',#7376,#1303);
#960=LINE('',#7377,#1304);
#961=LINE('',#7381,#1305);
#962=LINE('',#7382,#1306);
#963=LINE('',#7384,#1307);
#964=LINE('',#7385,#1308);
#965=LINE('',#7389,#1309);
#966=LINE('',#7390,#1310);
#967=LINE('',#7394,#1311);
#968=LINE('',#7395,#1312);
#969=LINE('',#7399,#1313);
#970=LINE('',#7400,#1314);
#971=LINE('',#7404,#1315);
#972=LINE('',#7405,#1316);
#973=LINE('',#7409,#1317);
#974=LINE('',#7410,#1318);
#975=LINE('',#7414,#1319);
#976=LINE('',#7415,#1320);
#977=LINE('',#7419,#1321);
#978=LINE('',#7420,#1322);
#979=LINE('',#7424,#1323);
#980=LINE('',#7425,#1324);
#981=LINE('',#7429,#1325);
#982=LINE('',#7430,#1326);
#983=LINE('',#7434,#1327);
#984=LINE('',#7435,#1328);
#985=LINE('',#7439,#1329);
#986=LINE('',#7440,#1330);
#987=LINE('',#7444,#1331);
#988=LINE('',#7445,#1332);
#989=LINE('',#7449,#1333);
#990=LINE('',#7450,#1334);
#991=LINE('',#7452,#1335);
#992=LINE('',#7453,#1336);
#993=LINE('',#7457,#1337);
#994=LINE('',#7458,#1338);
#995=LINE('',#7460,#1339);
#996=LINE('',#7461,#1340);
#997=VECTOR('',#3693,1000.);
#998=VECTOR('',#3696,1000.);
#999=VECTOR('',#3701,1000.);
#1000=VECTOR('',#3704,1000.);
#1001=VECTOR('',#3709,1000.);
#1002=VECTOR('',#3712,1000.);
#1003=VECTOR('',#3717,1000.);
#1004=VECTOR('',#3720,1000.);
#1005=VECTOR('',#3725,1000.);
#1006=VECTOR('',#3728,1000.);
#1007=VECTOR('',#3733,1000.);
#1008=VECTOR('',#3736,1000.);
#1009=VECTOR('',#3741,1000.);
#1010=VECTOR('',#3744,1000.);
#1011=VECTOR('',#3749,1000.);
#1012=VECTOR('',#3752,1000.);
#1013=VECTOR('',#3757,1000.);
#1014=VECTOR('',#3760,1000.);
#1015=VECTOR('',#3765,1000.);
#1016=VECTOR('',#3768,1000.);
#1017=VECTOR('',#3773,1000.);
#1018=VECTOR('',#3776,1000.);
#1019=VECTOR('',#3781,1000.);
#1020=VECTOR('',#3784,1000.);
#1021=VECTOR('',#3787,1000.);
#1022=VECTOR('',#3788,1000.);
#1023=VECTOR('',#3789,1000.);
#1024=VECTOR('',#3790,1000.);
#1025=VECTOR('',#3791,1000.);
#1026=VECTOR('',#3794,1000.);
#1027=VECTOR('',#3795,1000.);
#1028=VECTOR('',#3796,1000.);
#1029=VECTOR('',#3799,1000.);
#1030=VECTOR('',#3800,1000.);
#1031=VECTOR('',#3803,1000.);
#1032=VECTOR('',#3806,1000.);
#1033=VECTOR('',#3807,1000.);
#1034=VECTOR('',#3810,1000.);
#1035=VECTOR('',#3811,1000.);
#1036=VECTOR('',#3814,1000.);
#1037=VECTOR('',#3815,1000.);
#1038=VECTOR('',#3818,1000.);
#1039=VECTOR('',#3819,1000.);
#1040=VECTOR('',#3820,1000.);
#1041=VECTOR('',#3825,1000.);
#1042=VECTOR('',#3826,1000.);
#1043=VECTOR('',#3827,1000.);
#1044=VECTOR('',#3828,1000.);
#1045=VECTOR('',#3829,1000.);
#1046=VECTOR('',#3832,1000.);
#1047=VECTOR('',#3835,1000.);
#1048=VECTOR('',#3836,1000.);
#1049=VECTOR('',#3837,1000.);
#1050=VECTOR('',#3840,1000.);
#1051=VECTOR('',#3841,1000.);
#1052=VECTOR('',#3844,1000.);
#1053=VECTOR('',#3845,1000.);
#1054=VECTOR('',#3848,1000.);
#1055=VECTOR('',#3851,1000.);
#1056=VECTOR('',#3852,1000.);
#1057=VECTOR('',#3853,1000.);
#1058=VECTOR('',#3854,1000.);
#1059=VECTOR('',#3857,1000.);
#1060=VECTOR('',#3858,1000.);
#1061=VECTOR('',#3863,1000.);
#1062=VECTOR('',#3864,1000.);
#1063=VECTOR('',#3865,1000.);
#1064=VECTOR('',#3866,1000.);
#1065=VECTOR('',#3869,1000.);
#1066=VECTOR('',#3872,1000.);
#1067=VECTOR('',#3875,1000.);
#1068=VECTOR('',#3878,1000.);
#1069=VECTOR('',#3885,1000.);
#1070=VECTOR('',#3888,1000.);
#1071=VECTOR('',#3891,1000.);
#1072=VECTOR('',#3892,1000.);
#1073=VECTOR('',#3893,1000.);
#1074=VECTOR('',#3896,1000.);
#1075=VECTOR('',#3897,1000.);
#1076=VECTOR('',#3898,1000.);
#1077=VECTOR('',#3901,1000.);
#1078=VECTOR('',#3902,1000.);
#1079=VECTOR('',#3905,1000.);
#1080=VECTOR('',#3908,1000.);
#1081=VECTOR('',#3915,1000.);
#1082=VECTOR('',#3918,1000.);
#1083=VECTOR('',#3921,1000.);
#1084=VECTOR('',#3922,1000.);
#1085=VECTOR('',#3923,1000.);
#1086=VECTOR('',#3926,1000.);
#1087=VECTOR('',#3927,1000.);
#1088=VECTOR('',#3928,1000.);
#1089=VECTOR('',#3931,1000.);
#1090=VECTOR('',#3932,1000.);
#1091=VECTOR('',#3935,1000.);
#1092=VECTOR('',#3938,1000.);
#1093=VECTOR('',#3943,1000.);
#1094=VECTOR('',#3946,1000.);
#1095=VECTOR('',#3951,1000.);
#1096=VECTOR('',#3954,1000.);
#1097=VECTOR('',#3959,1000.);
#1098=VECTOR('',#3962,1000.);
#1099=VECTOR('',#3967,1000.);
#1100=VECTOR('',#3970,1000.);
#1101=VECTOR('',#3975,1000.);
#1102=VECTOR('',#3978,1000.);
#1103=VECTOR('',#3983,1000.);
#1104=VECTOR('',#3986,1000.);
#1105=VECTOR('',#3991,1000.);
#1106=VECTOR('',#3994,1000.);
#1107=VECTOR('',#3999,1000.);
#1108=VECTOR('',#4000,1000.);
#1109=VECTOR('',#4001,1000.);
#1110=VECTOR('',#4002,1000.);
#1111=VECTOR('',#4003,1000.);
#1112=VECTOR('',#4006,1000.);
#1113=VECTOR('',#4007,1000.);
#1114=VECTOR('',#4008,1000.);
#1115=VECTOR('',#4009,1000.);
#1116=VECTOR('',#4010,1000.);
#1117=VECTOR('',#4013,1000.);
#1118=VECTOR('',#4016,1000.);
#1119=VECTOR('',#4017,1000.);
#1120=VECTOR('',#4018,1000.);
#1121=VECTOR('',#4021,1000.);
#1122=VECTOR('',#4022,1000.);
#1123=VECTOR('',#4023,1000.);
#1124=VECTOR('',#4024,1000.);
#1125=VECTOR('',#4027,1000.);
#1126=VECTOR('',#4030,1000.);
#1127=VECTOR('',#4031,1000.);
#1128=VECTOR('',#4032,1000.);
#1129=VECTOR('',#4035,1000.);
#1130=VECTOR('',#4036,1000.);
#1131=VECTOR('',#4037,1000.);
#1132=VECTOR('',#4038,1000.);
#1133=VECTOR('',#4041,1000.);
#1134=VECTOR('',#4044,1000.);
#1135=VECTOR('',#4045,1000.);
#1136=VECTOR('',#4046,1000.);
#1137=VECTOR('',#4049,1000.);
#1138=VECTOR('',#4050,1000.);
#1139=VECTOR('',#4051,1000.);
#1140=VECTOR('',#4052,1000.);
#1141=VECTOR('',#4055,1000.);
#1142=VECTOR('',#4058,1000.);
#1143=VECTOR('',#4059,1000.);
#1144=VECTOR('',#4060,1000.);
#1145=VECTOR('',#4061,1000.);
#1146=VECTOR('',#4064,1000.);
#1147=VECTOR('',#4065,1000.);
#1148=VECTOR('',#4066,1000.);
#1149=VECTOR('',#4067,1000.);
#1150=VECTOR('',#4068,1000.);
#1151=VECTOR('',#4079,1000.);
#1152=VECTOR('',#4082,1000.);
#1153=VECTOR('',#4085,1000.);
#1154=VECTOR('',#4088,1000.);
#1155=VECTOR('',#4091,1000.);
#1156=VECTOR('',#4094,1000.);
#1157=VECTOR('',#4095,1000.);
#1158=VECTOR('',#4096,1000.);
#1159=VECTOR('',#4099,1000.);
#1160=VECTOR('',#4102,1000.);
#1161=VECTOR('',#4105,1000.);
#1162=VECTOR('',#4106,1000.);
#1163=VECTOR('',#4107,1000.);
#1164=VECTOR('',#4108,1000.);
#1165=VECTOR('',#4111,1000.);
#1166=VECTOR('',#4116,1000.);
#1167=VECTOR('',#4117,1000.);
#1168=VECTOR('',#4122,1000.);
#1169=VECTOR('',#4123,1000.);
#1170=VECTOR('',#4126,1000.);
#1171=VECTOR('',#4129,1000.);
#1172=VECTOR('',#4132,1000.);
#1173=VECTOR('',#4133,1000.);
#1174=VECTOR('',#4134,1000.);
#1175=VECTOR('',#4137,1000.);
#1176=VECTOR('',#4138,1000.);
#1177=VECTOR('',#4139,1000.);
#1178=VECTOR('',#4142,1000.);
#1179=VECTOR('',#4143,1000.);
#1180=VECTOR('',#4148,1000.);
#1181=VECTOR('',#4149,1000.);
#1182=VECTOR('',#4152,1000.);
#1183=VECTOR('',#4155,1000.);
#1184=VECTOR('',#4158,1000.);
#1185=VECTOR('',#4159,1000.);
#1186=VECTOR('',#4160,1000.);
#1187=VECTOR('',#4161,1000.);
#1188=VECTOR('',#4164,1000.);
#1189=VECTOR('',#4165,1000.);
#1190=VECTOR('',#4168,1000.);
#1191=VECTOR('',#4171,1000.);
#1192=VECTOR('',#4172,1000.);
#1193=VECTOR('',#4175,1000.);
#1194=VECTOR('',#4176,1000.);
#1195=VECTOR('',#4179,1000.);
#1196=VECTOR('',#4180,1000.);
#1197=VECTOR('',#4181,1000.);
#1198=VECTOR('',#4182,1000.);
#1199=VECTOR('',#4183,1000.);
#1200=VECTOR('',#4186,1000.);
#1201=VECTOR('',#4189,1000.);
#1202=VECTOR('',#4192,1000.);
#1203=VECTOR('',#4193,1000.);
#1204=VECTOR('',#4196,1000.);
#1205=VECTOR('',#4197,1000.);
#1206=VECTOR('',#4200,1000.);
#1207=VECTOR('',#4201,1000.);
#1208=VECTOR('',#4206,1000.);
#1209=VECTOR('',#4207,1000.);
#1210=VECTOR('',#4210,1000.);
#1211=VECTOR('',#4213,1000.);
#1212=VECTOR('',#4216,1000.);
#1213=VECTOR('',#4217,1000.);
#1214=VECTOR('',#4218,1000.);
#1215=VECTOR('',#4221,1000.);
#1216=VECTOR('',#4222,1000.);
#1217=VECTOR('',#4223,1000.);
#1218=VECTOR('',#4226,1000.);
#1219=VECTOR('',#4227,1000.);
#1220=VECTOR('',#4232,1000.);
#1221=VECTOR('',#4237,1000.);
#1222=VECTOR('',#4240,1000.);
#1223=VECTOR('',#4243,1000.);
#1224=VECTOR('',#4246,1000.);
#1225=VECTOR('',#4249,1000.);
#1226=VECTOR('',#4250,1000.);
#1227=VECTOR('',#4251,1000.);
#1228=VECTOR('',#4254,1000.);
#1229=VECTOR('',#4257,1000.);
#1230=VECTOR('',#4260,1000.);
#1231=VECTOR('',#4261,1000.);
#1232=VECTOR('',#4262,1000.);
#1233=VECTOR('',#4263,1000.);
#1234=VECTOR('',#4266,1000.);
#1235=VECTOR('',#4271,1000.);
#1236=VECTOR('',#4272,1000.);
#1237=VECTOR('',#4279,1000.);
#1238=VECTOR('',#4282,1000.);
#1239=VECTOR('',#4285,1000.);
#1240=VECTOR('',#4290,1000.);
#1241=VECTOR('',#4293,1000.);
#1242=VECTOR('',#4294,1000.);
#1243=VECTOR('',#4295,1000.);
#1244=VECTOR('',#4298,1000.);
#1245=VECTOR('',#4301,1000.);
#1246=VECTOR('',#4304,1000.);
#1247=VECTOR('',#4305,1000.);
#1248=VECTOR('',#4310,1000.);
#1249=VECTOR('',#4311,1000.);
#1250=VECTOR('',#4314,1000.);
#1251=VECTOR('',#4317,1000.);
#1252=VECTOR('',#4320,1000.);
#1253=VECTOR('',#4321,1000.);
#1254=VECTOR('',#4322,1000.);
#1255=VECTOR('',#4325,1000.);
#1256=VECTOR('',#4326,1000.);
#1257=VECTOR('',#4327,1000.);
#1258=VECTOR('',#4330,1000.);
#1259=VECTOR('',#4331,1000.);
#1260=VECTOR('',#4336,1000.);
#1261=VECTOR('',#4337,1000.);
#1262=VECTOR('',#4344,1000.);
#1263=VECTOR('',#4345,1000.);
#1264=VECTOR('',#4350,1000.);
#1265=VECTOR('',#4351,1000.);
#1266=VECTOR('',#4354,1000.);
#1267=VECTOR('',#4357,1000.);
#1268=VECTOR('',#4360,1000.);
#1269=VECTOR('',#4361,1000.);
#1270=VECTOR('',#4362,1000.);
#1271=VECTOR('',#4365,1000.);
#1272=VECTOR('',#4366,1000.);
#1273=VECTOR('',#4367,1000.);
#1274=VECTOR('',#4370,1000.);
#1275=VECTOR('',#4371,1000.);
#1276=VECTOR('',#4376,1000.);
#1277=VECTOR('',#4381,1000.);
#1278=VECTOR('',#4384,1000.);
#1279=VECTOR('',#4387,1000.);
#1280=VECTOR('',#4390,1000.);
#1281=VECTOR('',#4393,1000.);
#1282=VECTOR('',#4394,1000.);
#1283=VECTOR('',#4395,1000.);
#1284=VECTOR('',#4396,1000.);
#1285=VECTOR('',#4399,1000.);
#1286=VECTOR('',#4404,1000.);
#1287=VECTOR('',#4405,1000.);
#1288=VECTOR('',#4406,1000.);
#1289=VECTOR('',#4407,1000.);
#1290=VECTOR('',#4410,1000.);
#1291=VECTOR('',#4415,1000.);
#1292=VECTOR('',#4416,1000.);
#1293=VECTOR('',#4423,1000.);
#1294=VECTOR('',#4424,1000.);
#1295=VECTOR('',#4431,1000.);
#1296=VECTOR('',#4434,1000.);
#1297=VECTOR('',#4439,1000.);
#1298=VECTOR('',#4440,1000.);
#1299=VECTOR('',#4447,1000.);
#1300=VECTOR('',#4450,1000.);
#1301=VECTOR('',#4455,1000.);
#1302=VECTOR('',#4456,1000.);
#1303=VECTOR('',#4459,1000.);
#1304=VECTOR('',#4460,1000.);
#1305=VECTOR('',#4467,1000.);
#1306=VECTOR('',#4468,1000.);
#1307=VECTOR('',#4471,1000.);
#1308=VECTOR('',#4472,1000.);
#1309=VECTOR('',#4479,1000.);
#1310=VECTOR('',#4480,1000.);
#1311=VECTOR('',#4487,1000.);
#1312=VECTOR('',#4488,1000.);
#1313=VECTOR('',#4495,1000.);
#1314=VECTOR('',#4496,1000.);
#1315=VECTOR('',#4503,1000.);
#1316=VECTOR('',#4504,1000.);
#1317=VECTOR('',#4511,1000.);
#1318=VECTOR('',#4512,1000.);
#1319=VECTOR('',#4519,1000.);
#1320=VECTOR('',#4520,1000.);
#1321=VECTOR('',#4527,1000.);
#1322=VECTOR('',#4528,1000.);
#1323=VECTOR('',#4535,1000.);
#1324=VECTOR('',#4536,1000.);
#1325=VECTOR('',#4543,1000.);
#1326=VECTOR('',#4544,1000.);
#1327=VECTOR('',#4551,1000.);
#1328=VECTOR('',#4552,1000.);
#1329=VECTOR('',#4559,1000.);
#1330=VECTOR('',#4560,1000.);
#1331=VECTOR('',#4567,1000.);
#1332=VECTOR('',#4568,1000.);
#1333=VECTOR('',#4575,1000.);
#1334=VECTOR('',#4576,1000.);
#1335=VECTOR('',#4579,1000.);
#1336=VECTOR('',#4580,1000.);
#1337=VECTOR('',#4587,1000.);
#1338=VECTOR('',#4588,1000.);
#1339=VECTOR('',#4591,1000.);
#1340=VECTOR('',#4592,1000.);
#1341=CIRCLE('',#3406,2.14999999999999);
#1342=CIRCLE('',#3407,2.14999999999999);
#1343=CIRCLE('',#3409,2.15);
#1344=CIRCLE('',#3410,2.14999999999999);
#1345=CIRCLE('',#3412,2.15);
#1346=CIRCLE('',#3413,2.14999999999999);
#1347=CIRCLE('',#3415,2.14999999999999);
#1348=CIRCLE('',#3416,2.14999999999999);
#1349=CIRCLE('',#3418,2.14999999999999);
#1350=CIRCLE('',#3419,2.14999999999999);
#1351=CIRCLE('',#3421,2.14999999999999);
#1352=CIRCLE('',#3422,2.14999999999999);
#1353=CIRCLE('',#3424,2.14999999999999);
#1354=CIRCLE('',#3425,2.14999999999999);
#1355=CIRCLE('',#3427,2.14999999999999);
#1356=CIRCLE('',#3428,2.14999999999999);
#1357=CIRCLE('',#3430,2.14999999999999);
#1358=CIRCLE('',#3431,2.14999999999999);
#1359=CIRCLE('',#3433,2.14999999999999);
#1360=CIRCLE('',#3434,2.14999999999999);
#1361=CIRCLE('',#3436,2.14999999999999);
#1362=CIRCLE('',#3437,2.14999999999999);
#1363=CIRCLE('',#3439,2.14999999999999);
#1364=CIRCLE('',#3440,2.14999999999999);
#1365=CIRCLE('',#3442,2.14999999999999);
#1366=CIRCLE('',#3443,2.14999999999999);
#1367=CIRCLE('',#3444,2.14999999999999);
#1368=CIRCLE('',#3445,2.14999999999999);
#1369=CIRCLE('',#3446,2.14999999999999);
#1370=CIRCLE('',#3447,2.14999999999999);
#1371=CIRCLE('',#3448,2.14999999999999);
#1372=CIRCLE('',#3449,2.14999999999999);
#1373=CIRCLE('',#3451,2.14999999999999);
#1374=CIRCLE('',#3452,2.14999999999999);
#1375=CIRCLE('',#3453,2.14999999999999);
#1376=CIRCLE('',#3454,2.14999999999999);
#1377=CIRCLE('',#3455,2.14999999999999);
#1378=CIRCLE('',#3456,2.14999999999999);
#1379=CIRCLE('',#3457,2.14999999999999);
#1380=CIRCLE('',#3458,2.14999999999999);
#1381=CIRCLE('',#3460,2.14999999999999);
#1382=CIRCLE('',#3461,2.14999999999999);
#1383=CIRCLE('',#3463,1.99999999999999);
#1384=CIRCLE('',#3464,2.);
#1385=CIRCLE('',#3466,1.19999999999999);
#1386=CIRCLE('',#3467,1.19999999999999);
#1387=CIRCLE('',#3472,1.99999999999999);
#1388=CIRCLE('',#3473,2.);
#1389=CIRCLE('',#3475,1.19999999999999);
#1390=CIRCLE('',#3476,1.19999999999999);
#1391=CIRCLE('',#3481,1.20000000000001);
#1392=CIRCLE('',#3482,2.);
#1393=CIRCLE('',#3484,1.2);
#1394=CIRCLE('',#3485,2.);
#1395=CIRCLE('',#3487,1.2);
#1396=CIRCLE('',#3488,2.);
#1397=CIRCLE('',#3490,1.20000000000001);
#1398=CIRCLE('',#3491,2.);
#1399=CIRCLE('',#3493,1.20000000000001);
#1400=CIRCLE('',#3494,2.);
#1401=CIRCLE('',#3496,1.2);
#1402=CIRCLE('',#3497,2.);
#1403=CIRCLE('',#3499,1.2);
#1404=CIRCLE('',#3500,2.);
#1405=CIRCLE('',#3502,1.20000000000001);
#1406=CIRCLE('',#3503,2.);
#1407=CIRCLE('',#3523,1.19999999999998);
#1408=CIRCLE('',#3524,2.);
#1409=CIRCLE('',#3528,2.14999999999999);
#1410=CIRCLE('',#3529,2.14999999999999);
#1411=CIRCLE('',#3531,2.14999999999999);
#1412=CIRCLE('',#3532,2.14999999999999);
#1413=CIRCLE('',#3546,2.14999999999999);
#1414=CIRCLE('',#3547,2.14999999999999);
#1415=CIRCLE('',#3548,2.14999999999999);
#1416=CIRCLE('',#3549,2.14999999999999);
#1417=CIRCLE('',#3551,2.14999999999999);
#1418=CIRCLE('',#3552,2.15);
#1419=CIRCLE('',#3553,2.15);
#1420=CIRCLE('',#3554,2.14999999999999);
#1421=CIRCLE('',#3566,1.19999999999998);
#1422=CIRCLE('',#3567,2.);
#1423=CIRCLE('',#3571,2.14999999999999);
#1424=CIRCLE('',#3572,2.14999999999999);
#1425=CIRCLE('',#3574,2.14999999999999);
#1426=CIRCLE('',#3575,2.14999999999999);
#1427=CIRCLE('',#3580,1.19999999999998);
#1428=CIRCLE('',#3581,2.);
#1429=CIRCLE('',#3585,2.14999999999999);
#1430=CIRCLE('',#3586,2.14999999999999);
#1431=CIRCLE('',#3610,1.19999999999998);
#1432=CIRCLE('',#3611,2.);
#1433=CIRCLE('',#3615,2.14999999999999);
#1434=CIRCLE('',#3616,2.14999999999999);
#1435=CIRCLE('',#3618,2.14999999999999);
#1436=CIRCLE('',#3619,2.14999999999999);
#1437=VERTEX_POINT('',#4599);
#1438=VERTEX_POINT('',#4600);
#1439=VERTEX_POINT('',#4602);
#1440=VERTEX_POINT('',#4604);
#1441=VERTEX_POINT('',#4608);
#1442=VERTEX_POINT('',#4609);
#1443=VERTEX_POINT('',#4611);
#1444=VERTEX_POINT('',#4613);
#1445=VERTEX_POINT('',#4617);
#1446=VERTEX_POINT('',#4618);
#1447=VERTEX_POINT('',#4620);
#1448=VERTEX_POINT('',#4622);
#1449=VERTEX_POINT('',#4626);
#1450=VERTEX_POINT('',#4627);
#1451=VERTEX_POINT('',#4629);
#1452=VERTEX_POINT('',#4631);
#1453=VERTEX_POINT('',#4635);
#1454=VERTEX_POINT('',#4636);
#1455=VERTEX_POINT('',#4638);
#1456=VERTEX_POINT('',#4640);
#1457=VERTEX_POINT('',#4644);
#1458=VERTEX_POINT('',#4645);
#1459=VERTEX_POINT('',#4647);
#1460=VERTEX_POINT('',#4649);
#1461=VERTEX_POINT('',#4653);
#1462=VERTEX_POINT('',#4654);
#1463=VERTEX_POINT('',#4656);
#1464=VERTEX_POINT('',#4658);
#1465=VERTEX_POINT('',#4662);
#1466=VERTEX_POINT('',#4663);
#1467=VERTEX_POINT('',#4665);
#1468=VERTEX_POINT('',#4667);
#1469=VERTEX_POINT('',#4671);
#1470=VERTEX_POINT('',#4672);
#1471=VERTEX_POINT('',#4674);
#1472=VERTEX_POINT('',#4676);
#1473=VERTEX_POINT('',#4680);
#1474=VERTEX_POINT('',#4681);
#1475=VERTEX_POINT('',#4683);
#1476=VERTEX_POINT('',#4685);
#1477=VERTEX_POINT('',#4689);
#1478=VERTEX_POINT('',#4690);
#1479=VERTEX_POINT('',#4692);
#1480=VERTEX_POINT('',#4694);
#1481=VERTEX_POINT('',#4698);
#1482=VERTEX_POINT('',#4699);
#1483=VERTEX_POINT('',#4701);
#1484=VERTEX_POINT('',#4703);
#1485=VERTEX_POINT('',#4707);
#1486=VERTEX_POINT('',#4708);
#1487=VERTEX_POINT('',#4710);
#1488=VERTEX_POINT('',#4712);
#1489=VERTEX_POINT('',#4715);
#1490=VERTEX_POINT('',#4717);
#1491=VERTEX_POINT('',#4720);
#1492=VERTEX_POINT('',#4722);
#1493=VERTEX_POINT('',#4725);
#1494=VERTEX_POINT('',#4727);
#1495=VERTEX_POINT('',#4730);
#1496=VERTEX_POINT('',#4732);
#1497=VERTEX_POINT('',#4735);
#1498=VERTEX_POINT('',#4737);
#1499=VERTEX_POINT('',#4740);
#1500=VERTEX_POINT('',#4742);
#1501=VERTEX_POINT('',#4745);
#1502=VERTEX_POINT('',#4747);
#1503=VERTEX_POINT('',#4750);
#1504=VERTEX_POINT('',#4752);
#1505=VERTEX_POINT('',#4756);
#1506=VERTEX_POINT('',#4757);
#1507=VERTEX_POINT('',#4759);
#1508=VERTEX_POINT('',#4761);
#1509=VERTEX_POINT('',#4764);
#1510=VERTEX_POINT('',#4766);
#1511=VERTEX_POINT('',#4769);
#1512=VERTEX_POINT('',#4770);
#1513=VERTEX_POINT('',#4774);
#1514=VERTEX_POINT('',#4776);
#1515=VERTEX_POINT('',#4779);
#1516=VERTEX_POINT('',#4781);
#1517=VERTEX_POINT('',#4784);
#1518=VERTEX_POINT('',#4786);
#1519=VERTEX_POINT('',#4789);
#1520=VERTEX_POINT('',#4790);
#1521=VERTEX_POINT('',#4794);
#1522=VERTEX_POINT('',#4796);
#1523=VERTEX_POINT('',#4799);
#1524=VERTEX_POINT('',#4801);
#1525=VERTEX_POINT('',#4805);
#1526=VERTEX_POINT('',#4806);
#1527=VERTEX_POINT('',#4808);
#1528=VERTEX_POINT('',#4810);
#1529=VERTEX_POINT('',#4813);
#1530=VERTEX_POINT('',#4814);
#1531=VERTEX_POINT('',#4816);
#1532=VERTEX_POINT('',#4818);
#1533=VERTEX_POINT('',#4822);
#1534=VERTEX_POINT('',#4823);
#1535=VERTEX_POINT('',#4825);
#1536=VERTEX_POINT('',#4827);
#1537=VERTEX_POINT('',#4831);
#1538=VERTEX_POINT('',#4832);
#1539=VERTEX_POINT('',#4834);
#1540=VERTEX_POINT('',#4836);
#1541=VERTEX_POINT('',#4840);
#1542=VERTEX_POINT('',#4842);
#1543=VERTEX_POINT('',#4846);
#1544=VERTEX_POINT('',#4847);
#1545=VERTEX_POINT('',#4855);
#1546=VERTEX_POINT('',#4856);
#1547=VERTEX_POINT('',#4858);
#1548=VERTEX_POINT('',#4860);
#1549=VERTEX_POINT('',#4864);
#1550=VERTEX_POINT('',#4865);
#1551=VERTEX_POINT('',#4867);
#1552=VERTEX_POINT('',#4869);
#1553=VERTEX_POINT('',#4873);
#1554=VERTEX_POINT('',#4875);
#1555=VERTEX_POINT('',#4879);
#1556=VERTEX_POINT('',#4880);
#1557=VERTEX_POINT('',#4888);
#1558=VERTEX_POINT('',#4889);
#1559=VERTEX_POINT('',#4891);
#1560=VERTEX_POINT('',#4893);
#1561=VERTEX_POINT('',#4897);
#1562=VERTEX_POINT('',#4898);
#1563=VERTEX_POINT('',#4900);
#1564=VERTEX_POINT('',#4902);
#1565=VERTEX_POINT('',#4906);
#1566=VERTEX_POINT('',#4907);
#1567=VERTEX_POINT('',#4909);
#1568=VERTEX_POINT('',#4911);
#1569=VERTEX_POINT('',#4915);
#1570=VERTEX_POINT('',#4916);
#1571=VERTEX_POINT('',#4918);
#1572=VERTEX_POINT('',#4920);
#1573=VERTEX_POINT('',#4924);
#1574=VERTEX_POINT('',#4925);
#1575=VERTEX_POINT('',#4927);
#1576=VERTEX_POINT('',#4929);
#1577=VERTEX_POINT('',#4933);
#1578=VERTEX_POINT('',#4934);
#1579=VERTEX_POINT('',#4936);
#1580=VERTEX_POINT('',#4938);
#1581=VERTEX_POINT('',#4942);
#1582=VERTEX_POINT('',#4943);
#1583=VERTEX_POINT('',#4945);
#1584=VERTEX_POINT('',#4947);
#1585=VERTEX_POINT('',#4951);
#1586=VERTEX_POINT('',#4952);
#1587=VERTEX_POINT('',#4954);
#1588=VERTEX_POINT('',#4956);
#1589=VERTEX_POINT('',#4960);
#1590=VERTEX_POINT('',#4964);
#1591=VERTEX_POINT('',#4968);
#1592=VERTEX_POINT('',#4971);
#1593=VERTEX_POINT('',#5011);
#1594=VERTEX_POINT('',#5014);
#1595=VERTEX_POINT('',#5018);
#1596=VERTEX_POINT('',#5021);
#1597=VERTEX_POINT('',#5030);
#1598=VERTEX_POINT('',#5031);
#1599=VERTEX_POINT('',#5076);
#1600=VERTEX_POINT('',#5117);
#1601=VERTEX_POINT('',#5167);
#1602=VERTEX_POINT('',#5169);
#1603=VERTEX_POINT('',#5172);
#1604=VERTEX_POINT('',#5173);
#1605=VERTEX_POINT('',#5175);
#1606=VERTEX_POINT('',#5177);
#1607=VERTEX_POINT('',#5181);
#1608=VERTEX_POINT('',#5182);
#1609=VERTEX_POINT('',#5186);
#1610=VERTEX_POINT('',#5187);
#1611=VERTEX_POINT('',#5189);
#1612=VERTEX_POINT('',#5191);
#1613=VERTEX_POINT('',#5239);
#1614=VERTEX_POINT('',#5240);
#1615=VERTEX_POINT('',#5365);
#1616=VERTEX_POINT('',#5406);
#1617=VERTEX_POINT('',#5456);
#1618=VERTEX_POINT('',#5458);
#1619=VERTEX_POINT('',#5462);
#1620=VERTEX_POINT('',#5463);
#1621=VERTEX_POINT('',#5512);
#1622=VERTEX_POINT('',#5513);
#1623=VERTEX_POINT('',#5638);
#1624=VERTEX_POINT('',#5679);
#1625=VERTEX_POINT('',#5729);
#1626=VERTEX_POINT('',#5731);
#1627=VERTEX_POINT('',#5734);
#1628=VERTEX_POINT('',#5736);
#1629=VERTEX_POINT('',#5739);
#1630=VERTEX_POINT('',#5741);
#1631=VERTEX_POINT('',#5744);
#1632=VERTEX_POINT('',#5745);
#1633=VERTEX_POINT('',#5749);
#1634=VERTEX_POINT('',#5750);
#1635=VERTEX_POINT('',#5755);
#1636=VERTEX_POINT('',#5756);
#1637=VERTEX_POINT('',#5760);
#1638=VERTEX_POINT('',#5762);
#1639=VERTEX_POINT('',#5765);
#1640=VERTEX_POINT('',#5767);
#1641=VERTEX_POINT('',#5770);
#1642=VERTEX_POINT('',#5771);
#1643=VERTEX_POINT('',#5775);
#1644=VERTEX_POINT('',#5776);
#1645=VERTEX_POINT('',#5825);
#1646=VERTEX_POINT('',#5826);
#1647=VERTEX_POINT('',#5951);
#1648=VERTEX_POINT('',#5992);
#1649=VERTEX_POINT('',#6042);
#1650=VERTEX_POINT('',#6044);
#1651=VERTEX_POINT('',#6048);
#1652=VERTEX_POINT('',#6049);
#1653=VERTEX_POINT('',#6098);
#1654=VERTEX_POINT('',#6099);
#1655=VERTEX_POINT('',#6185);
#1656=VERTEX_POINT('',#6187);
#1657=VERTEX_POINT('',#6196);
#1658=VERTEX_POINT('',#6198);
#1659=VERTEX_POINT('',#6201);
#1660=VERTEX_POINT('',#6202);
#1661=VERTEX_POINT('',#6204);
#1662=VERTEX_POINT('',#6206);
#1663=VERTEX_POINT('',#6210);
#1664=VERTEX_POINT('',#6212);
#1665=VERTEX_POINT('',#6215);
#1666=VERTEX_POINT('',#6216);
#1667=VERTEX_POINT('',#6218);
#1668=VERTEX_POINT('',#6220);
#1669=VERTEX_POINT('',#6229);
#1670=VERTEX_POINT('',#6274);
#1671=VERTEX_POINT('',#6363);
#1672=VERTEX_POINT('',#6364);
#1673=VERTEX_POINT('',#6368);
#1674=VERTEX_POINT('',#6369);
#1675=VERTEX_POINT('',#6371);
#1676=VERTEX_POINT('',#6373);
#1677=VERTEX_POINT('',#6421);
#1678=VERTEX_POINT('',#6422);
#1679=VERTEX_POINT('',#6547);
#1680=VERTEX_POINT('',#6588);
#1681=VERTEX_POINT('',#6638);
#1682=VERTEX_POINT('',#6640);
#1683=VERTEX_POINT('',#6644);
#1684=VERTEX_POINT('',#6646);
#1685=VERTEX_POINT('',#6949);
#1686=VERTEX_POINT('',#6950);
#1687=VERTEX_POINT('',#7075);
#1688=VERTEX_POINT('',#7116);
#1689=VERTEX_POINT('',#7166);
#1690=VERTEX_POINT('',#7168);
#1691=VERTEX_POINT('',#7172);
#1692=VERTEX_POINT('',#7174);
#1693=VERTEX_POINT('',#7222);
#1694=VERTEX_POINT('',#7223);
#1695=VERTEX_POINT('',#7309);
#1696=VERTEX_POINT('',#7311);
#1697=VERTEX_POINT('',#7320);
#1698=VERTEX_POINT('',#7322);
#1699=VERTEX_POINT('',#7325);
#1700=VERTEX_POINT('',#7326);
#1701=VERTEX_POINT('',#7328);
#1702=VERTEX_POINT('',#7330);
#1703=VERTEX_POINT('',#7334);
#1704=VERTEX_POINT('',#7336);
#1705=VERTEX_POINT('',#7339);
#1706=VERTEX_POINT('',#7340);
#1707=VERTEX_POINT('',#7342);
#1708=VERTEX_POINT('',#7344);
#1709=EDGE_CURVE('',#1437,#1438,#1341,.T.);
#1710=EDGE_CURVE('',#1439,#1438,#653,.T.);
#1711=EDGE_CURVE('',#1439,#1440,#1342,.T.);
#1712=EDGE_CURVE('',#1440,#1437,#654,.T.);
#1713=EDGE_CURVE('',#1441,#1442,#1343,.T.);
#1714=EDGE_CURVE('',#1443,#1442,#655,.T.);
#1715=EDGE_CURVE('',#1443,#1444,#1344,.T.);
#1716=EDGE_CURVE('',#1444,#1441,#656,.T.);
#1717=EDGE_CURVE('',#1445,#1446,#1345,.T.);
#1718=EDGE_CURVE('',#1447,#1446,#657,.T.);
#1719=EDGE_CURVE('',#1447,#1448,#1346,.T.);
#1720=EDGE_CURVE('',#1448,#1445,#658,.T.);
#1721=EDGE_CURVE('',#1449,#1450,#1347,.T.);
#1722=EDGE_CURVE('',#1451,#1450,#659,.T.);
#1723=EDGE_CURVE('',#1451,#1452,#1348,.T.);
#1724=EDGE_CURVE('',#1452,#1449,#660,.T.);
#1725=EDGE_CURVE('',#1453,#1454,#1349,.T.);
#1726=EDGE_CURVE('',#1455,#1454,#661,.T.);
#1727=EDGE_CURVE('',#1455,#1456,#1350,.T.);
#1728=EDGE_CURVE('',#1456,#1453,#662,.T.);
#1729=EDGE_CURVE('',#1457,#1458,#1351,.T.);
#1730=EDGE_CURVE('',#1459,#1458,#663,.T.);
#1731=EDGE_CURVE('',#1459,#1460,#1352,.T.);
#1732=EDGE_CURVE('',#1460,#1457,#664,.T.);
#1733=EDGE_CURVE('',#1461,#1462,#1353,.T.);
#1734=EDGE_CURVE('',#1463,#1462,#665,.T.);
#1735=EDGE_CURVE('',#1463,#1464,#1354,.T.);
#1736=EDGE_CURVE('',#1464,#1461,#666,.T.);
#1737=EDGE_CURVE('',#1465,#1466,#1355,.T.);
#1738=EDGE_CURVE('',#1467,#1466,#667,.T.);
#1739=EDGE_CURVE('',#1467,#1468,#1356,.T.);
#1740=EDGE_CURVE('',#1468,#1465,#668,.T.);
#1741=EDGE_CURVE('',#1469,#1470,#1357,.T.);
#1742=EDGE_CURVE('',#1471,#1470,#669,.T.);
#1743=EDGE_CURVE('',#1471,#1472,#1358,.T.);
#1744=EDGE_CURVE('',#1472,#1469,#670,.T.);
#1745=EDGE_CURVE('',#1473,#1474,#1359,.T.);
#1746=EDGE_CURVE('',#1475,#1474,#671,.T.);
#1747=EDGE_CURVE('',#1475,#1476,#1360,.T.);
#1748=EDGE_CURVE('',#1476,#1473,#672,.T.);
#1749=EDGE_CURVE('',#1477,#1478,#1361,.T.);
#1750=EDGE_CURVE('',#1479,#1478,#673,.T.);
#1751=EDGE_CURVE('',#1479,#1480,#1362,.T.);
#1752=EDGE_CURVE('',#1480,#1477,#674,.T.);
#1753=EDGE_CURVE('',#1481,#1482,#1363,.T.);
#1754=EDGE_CURVE('',#1483,#1482,#675,.T.);
#1755=EDGE_CURVE('',#1483,#1484,#1364,.T.);
#1756=EDGE_CURVE('',#1484,#1481,#676,.T.);
#1757=EDGE_CURVE('',#1485,#1486,#677,.T.);
#1758=EDGE_CURVE('',#1487,#1485,#678,.T.);
#1759=EDGE_CURVE('',#1488,#1487,#679,.T.);
#1760=EDGE_CURVE('',#1488,#1486,#680,.T.);
#1761=EDGE_CURVE('',#1489,#1483,#681,.T.);
#1762=EDGE_CURVE('',#1490,#1489,#1365,.T.);
#1763=EDGE_CURVE('',#1490,#1484,#682,.T.);
#1764=EDGE_CURVE('',#1491,#1472,#683,.T.);
#1765=EDGE_CURVE('',#1492,#1471,#684,.T.);
#1766=EDGE_CURVE('',#1491,#1492,#1366,.T.);
#1767=EDGE_CURVE('',#1493,#1456,#685,.T.);
#1768=EDGE_CURVE('',#1494,#1455,#686,.T.);
#1769=EDGE_CURVE('',#1493,#1494,#1367,.T.);
#1770=EDGE_CURVE('',#1495,#1459,#687,.T.);
#1771=EDGE_CURVE('',#1496,#1495,#1368,.T.);
#1772=EDGE_CURVE('',#1496,#1460,#688,.T.);
#1773=EDGE_CURVE('',#1497,#1463,#689,.T.);
#1774=EDGE_CURVE('',#1498,#1497,#1369,.T.);
#1775=EDGE_CURVE('',#1498,#1464,#690,.T.);
#1776=EDGE_CURVE('',#1499,#1467,#691,.T.);
#1777=EDGE_CURVE('',#1500,#1499,#1370,.T.);
#1778=EDGE_CURVE('',#1500,#1468,#692,.T.);
#1779=EDGE_CURVE('',#1501,#1475,#693,.T.);
#1780=EDGE_CURVE('',#1502,#1501,#1371,.T.);
#1781=EDGE_CURVE('',#1502,#1476,#694,.T.);
#1782=EDGE_CURVE('',#1503,#1480,#695,.T.);
#1783=EDGE_CURVE('',#1504,#1479,#696,.T.);
#1784=EDGE_CURVE('',#1503,#1504,#1372,.T.);
#1785=EDGE_CURVE('',#1505,#1506,#697,.T.);
#1786=EDGE_CURVE('',#1505,#1507,#698,.T.);
#1787=EDGE_CURVE('',#1508,#1507,#699,.T.);
#1788=EDGE_CURVE('',#1508,#1506,#700,.T.);
#1789=EDGE_CURVE('',#1465,#1509,#701,.T.);
#1790=EDGE_CURVE('',#1510,#1509,#1373,.T.);
#1791=EDGE_CURVE('',#1466,#1510,#702,.T.);
#1792=EDGE_CURVE('',#1511,#1512,#1374,.T.);
#1793=EDGE_CURVE('',#1454,#1511,#703,.T.);
#1794=EDGE_CURVE('',#1453,#1512,#704,.T.);
#1795=EDGE_CURVE('',#1457,#1513,#705,.T.);
#1796=EDGE_CURVE('',#1514,#1513,#1375,.T.);
#1797=EDGE_CURVE('',#1458,#1514,#706,.T.);
#1798=EDGE_CURVE('',#1461,#1515,#707,.T.);
#1799=EDGE_CURVE('',#1516,#1515,#1376,.T.);
#1800=EDGE_CURVE('',#1462,#1516,#708,.T.);
#1801=EDGE_CURVE('',#1469,#1517,#709,.T.);
#1802=EDGE_CURVE('',#1518,#1517,#1377,.T.);
#1803=EDGE_CURVE('',#1470,#1518,#710,.T.);
#1804=EDGE_CURVE('',#1519,#1520,#1378,.T.);
#1805=EDGE_CURVE('',#1474,#1519,#711,.T.);
#1806=EDGE_CURVE('',#1473,#1520,#712,.T.);
#1807=EDGE_CURVE('',#1478,#1521,#713,.T.);
#1808=EDGE_CURVE('',#1477,#1522,#714,.T.);
#1809=EDGE_CURVE('',#1521,#1522,#1379,.T.);
#1810=EDGE_CURVE('',#1482,#1523,#715,.T.);
#1811=EDGE_CURVE('',#1481,#1524,#716,.T.);
#1812=EDGE_CURVE('',#1523,#1524,#1380,.T.);
#1813=EDGE_CURVE('',#1525,#1526,#717,.T.);
#1814=EDGE_CURVE('',#1525,#1527,#718,.T.);
#1815=EDGE_CURVE('',#1527,#1528,#719,.T.);
#1816=EDGE_CURVE('',#1526,#1528,#720,.T.);
#1817=EDGE_CURVE('',#1529,#1530,#1381,.T.);
#1818=EDGE_CURVE('',#1529,#1531,#721,.T.);
#1819=EDGE_CURVE('',#1532,#1531,#1382,.T.);
#1820=EDGE_CURVE('',#1530,#1532,#722,.T.);
#1821=EDGE_CURVE('',#1533,#1534,#723,.T.);
#1822=EDGE_CURVE('',#1535,#1533,#1383,.T.);
#1823=EDGE_CURVE('',#1535,#1536,#724,.T.);
#1824=EDGE_CURVE('',#1534,#1536,#1384,.T.);
#1825=EDGE_CURVE('',#1537,#1538,#1385,.T.);
#1826=EDGE_CURVE('',#1538,#1539,#725,.T.);
#1827=EDGE_CURVE('',#1539,#1540,#1386,.T.);
#1828=EDGE_CURVE('',#1540,#1537,#726,.T.);
#1829=EDGE_CURVE('',#1541,#1535,#727,.T.);
#1830=EDGE_CURVE('',#1541,#1542,#728,.T.);
#1831=EDGE_CURVE('',#1542,#1536,#729,.T.);
#1832=EDGE_CURVE('',#1543,#1544,#730,.T.);
#1833=EDGE_CURVE('',#1543,#1537,#731,.T.);
#1834=EDGE_CURVE('',#1544,#1540,#732,.T.);
#1835=EDGE_CURVE('',#1541,#1543,#733,.T.);
#1836=EDGE_CURVE('',#1544,#1542,#734,.T.);
#1837=EDGE_CURVE('',#1545,#1546,#735,.T.);
#1838=EDGE_CURVE('',#1547,#1546,#1387,.T.);
#1839=EDGE_CURVE('',#1547,#1548,#736,.T.);
#1840=EDGE_CURVE('',#1545,#1548,#1388,.T.);
#1841=EDGE_CURVE('',#1549,#1550,#1389,.T.);
#1842=EDGE_CURVE('',#1551,#1550,#737,.T.);
#1843=EDGE_CURVE('',#1551,#1552,#1390,.T.);
#1844=EDGE_CURVE('',#1552,#1549,#738,.T.);
#1845=EDGE_CURVE('',#1547,#1553,#739,.T.);
#1846=EDGE_CURVE('',#1553,#1554,#740,.T.);
#1847=EDGE_CURVE('',#1554,#1548,#741,.T.);
#1848=EDGE_CURVE('',#1555,#1556,#742,.T.);
#1849=EDGE_CURVE('',#1549,#1555,#743,.T.);
#1850=EDGE_CURVE('',#1556,#1552,#744,.T.);
#1851=EDGE_CURVE('',#1553,#1555,#745,.T.);
#1852=EDGE_CURVE('',#1556,#1554,#746,.T.);
#1853=EDGE_CURVE('',#1557,#1558,#747,.T.);
#1854=EDGE_CURVE('',#1557,#1559,#1391,.T.);
#1855=EDGE_CURVE('',#1559,#1560,#748,.T.);
#1856=EDGE_CURVE('',#1558,#1560,#1392,.T.);
#1857=EDGE_CURVE('',#1561,#1562,#749,.T.);
#1858=EDGE_CURVE('',#1561,#1563,#1393,.T.);
#1859=EDGE_CURVE('',#1563,#1564,#750,.T.);
#1860=EDGE_CURVE('',#1562,#1564,#1394,.T.);
#1861=EDGE_CURVE('',#1565,#1566,#751,.T.);
#1862=EDGE_CURVE('',#1565,#1567,#1395,.T.);
#1863=EDGE_CURVE('',#1567,#1568,#752,.T.);
#1864=EDGE_CURVE('',#1566,#1568,#1396,.T.);
#1865=EDGE_CURVE('',#1569,#1570,#753,.T.);
#1866=EDGE_CURVE('',#1569,#1571,#1397,.T.);
#1867=EDGE_CURVE('',#1571,#1572,#754,.T.);
#1868=EDGE_CURVE('',#1570,#1572,#1398,.T.);
#1869=EDGE_CURVE('',#1573,#1574,#755,.T.);
#1870=EDGE_CURVE('',#1573,#1575,#1399,.T.);
#1871=EDGE_CURVE('',#1575,#1576,#756,.T.);
#1872=EDGE_CURVE('',#1574,#1576,#1400,.T.);
#1873=EDGE_CURVE('',#1577,#1578,#757,.T.);
#1874=EDGE_CURVE('',#1577,#1579,#1401,.T.);
#1875=EDGE_CURVE('',#1579,#1580,#758,.T.);
#1876=EDGE_CURVE('',#1578,#1580,#1402,.T.);
#1877=EDGE_CURVE('',#1581,#1582,#759,.T.);
#1878=EDGE_CURVE('',#1581,#1583,#1403,.T.);
#1879=EDGE_CURVE('',#1583,#1584,#760,.T.);
#1880=EDGE_CURVE('',#1582,#1584,#1404,.T.);
#1881=EDGE_CURVE('',#1585,#1586,#761,.T.);
#1882=EDGE_CURVE('',#1585,#1587,#1405,.T.);
#1883=EDGE_CURVE('',#1587,#1588,#762,.T.);
#1884=EDGE_CURVE('',#1586,#1588,#1406,.T.);
#1885=EDGE_CURVE('',#1589,#1545,#763,.T.);
#1886=EDGE_CURVE('',#1589,#1558,#764,.T.);
#1887=EDGE_CURVE('',#1558,#1588,#765,.T.);
#1888=EDGE_CURVE('',#1588,#1590,#766,.T.);
#1889=EDGE_CURVE('',#1590,#1546,#767,.T.);
#1890=EDGE_CURVE('',#1591,#1557,#768,.T.);
#1891=EDGE_CURVE('',#1591,#1551,#769,.T.);
#1892=EDGE_CURVE('',#1592,#1550,#770,.T.);
#1893=EDGE_CURVE('',#1587,#1592,#771,.T.);
#1894=EDGE_CURVE('',#1557,#1587,#772,.T.);
#1895=EDGE_CURVE('',#1560,#1586,#773,.T.);
#1896=EDGE_CURVE('',#1560,#1562,#774,.T.);
#1897=EDGE_CURVE('',#1562,#1584,#775,.T.);
#1898=EDGE_CURVE('',#1584,#1586,#776,.T.);
#1899=EDGE_CURVE('',#1559,#1561,#777,.T.);
#1900=EDGE_CURVE('',#1559,#1585,#778,.T.);
#1901=EDGE_CURVE('',#1583,#1585,#779,.T.);
#1902=EDGE_CURVE('',#1561,#1583,#780,.T.);
#1903=EDGE_CURVE('',#1564,#1582,#781,.T.);
#1904=EDGE_CURVE('',#1564,#1566,#782,.T.);
#1905=EDGE_CURVE('',#1566,#1580,#783,.T.);
#1906=EDGE_CURVE('',#1580,#1582,#784,.T.);
#1907=EDGE_CURVE('',#1563,#1565,#785,.T.);
#1908=EDGE_CURVE('',#1563,#1581,#786,.T.);
#1909=EDGE_CURVE('',#1579,#1581,#787,.T.);
#1910=EDGE_CURVE('',#1565,#1579,#788,.T.);
#1911=EDGE_CURVE('',#1568,#1578,#789,.T.);
#1912=EDGE_CURVE('',#1568,#1570,#790,.T.);
#1913=EDGE_CURVE('',#1570,#1576,#791,.T.);
#1914=EDGE_CURVE('',#1576,#1578,#792,.T.);
#1915=EDGE_CURVE('',#1567,#1569,#793,.T.);
#1916=EDGE_CURVE('',#1567,#1577,#794,.T.);
#1917=EDGE_CURVE('',#1575,#1577,#795,.T.);
#1918=EDGE_CURVE('',#1569,#1575,#796,.T.);
#1919=EDGE_CURVE('',#1572,#1574,#797,.T.);
#1920=EDGE_CURVE('',#1572,#1593,#798,.T.);
#1921=EDGE_CURVE('',#1593,#1533,#799,.T.);
#1922=EDGE_CURVE('',#1594,#1534,#800,.T.);
#1923=EDGE_CURVE('',#1594,#1574,#801,.T.);
#1924=EDGE_CURVE('',#1571,#1595,#802,.T.);
#1925=EDGE_CURVE('',#1571,#1573,#803,.T.);
#1926=EDGE_CURVE('',#1596,#1573,#804,.T.);
#1927=EDGE_CURVE('',#1596,#1539,#805,.T.);
#1928=EDGE_CURVE('',#1595,#1538,#806,.T.);
#1929=EDGE_CURVE('',#1597,#1598,#807,.T.);
#1930=EDGE_CURVE('',#1592,#1597,#1407,.T.);
#1931=EDGE_CURVE('',#1592,#1590,#808,.T.);
#1932=EDGE_CURVE('',#1590,#1598,#1408,.T.);
#1933=EDGE_CURVE('',#1599,#1587,#15,.T.);
#1934=EDGE_CURVE('',#1600,#1599,#809,.T.);
#1935=EDGE_CURVE('',#1600,#1588,#16,.T.);
#1936=EDGE_CURVE('',#1600,#1598,#810,.T.);
#1937=EDGE_CURVE('',#1597,#1599,#811,.T.);
#1938=EDGE_CURVE('',#1601,#1600,#812,.T.);
#1939=EDGE_CURVE('',#1601,#1602,#813,.T.);
#1940=EDGE_CURVE('',#1602,#1598,#814,.T.);
#1941=EDGE_CURVE('',#1603,#1604,#1409,.T.);
#1942=EDGE_CURVE('',#1605,#1603,#815,.T.);
#1943=EDGE_CURVE('',#1606,#1605,#1410,.T.);
#1944=EDGE_CURVE('',#1606,#1604,#816,.T.);
#1945=EDGE_CURVE('',#1607,#1608,#817,.T.);
#1946=EDGE_CURVE('',#1607,#1599,#818,.T.);
#1947=EDGE_CURVE('',#1608,#1597,#819,.T.);
#1948=EDGE_CURVE('',#1609,#1610,#820,.T.);
#1949=EDGE_CURVE('',#1611,#1609,#1411,.T.);
#1950=EDGE_CURVE('',#1612,#1611,#821,.T.);
#1951=EDGE_CURVE('',#1610,#1612,#1412,.T.);
#1952=EDGE_CURVE('',#1607,#1601,#822,.T.);
#1953=EDGE_CURVE('',#1602,#1608,#823,.T.);
#1954=EDGE_CURVE('',#1613,#1614,#824,.T.);
#1955=EDGE_CURVE('',#1585,#1614,#17,.T.);
#1956=EDGE_CURVE('',#1586,#1613,#18,.T.);
#1957=EDGE_CURVE('',#1615,#1583,#19,.T.);
#1958=EDGE_CURVE('',#1616,#1615,#825,.T.);
#1959=EDGE_CURVE('',#1616,#1584,#20,.T.);
#1960=EDGE_CURVE('',#1616,#1613,#826,.T.);
#1961=EDGE_CURVE('',#1614,#1615,#827,.T.);
#1962=EDGE_CURVE('',#1617,#1616,#828,.T.);
#1963=EDGE_CURVE('',#1617,#1618,#829,.T.);
#1964=EDGE_CURVE('',#1613,#1618,#830,.T.);
#1965=EDGE_CURVE('',#1619,#1620,#831,.T.);
#1966=EDGE_CURVE('',#1619,#1615,#832,.T.);
#1967=EDGE_CURVE('',#1614,#1620,#833,.T.);
#1968=EDGE_CURVE('',#1619,#1617,#834,.T.);
#1969=EDGE_CURVE('',#1618,#1620,#835,.T.);
#1970=EDGE_CURVE('',#1621,#1622,#836,.T.);
#1971=EDGE_CURVE('',#1581,#1622,#21,.T.);
#1972=EDGE_CURVE('',#1582,#1621,#22,.T.);
#1973=EDGE_CURVE('',#1623,#1579,#23,.T.);
#1974=EDGE_CURVE('',#1624,#1623,#837,.T.);
#1975=EDGE_CURVE('',#1624,#1580,#24,.T.);
#1976=EDGE_CURVE('',#1624,#1621,#838,.T.);
#1977=EDGE_CURVE('',#1622,#1623,#839,.T.);
#1978=EDGE_CURVE('',#1625,#1624,#840,.T.);
#1979=EDGE_CURVE('',#1625,#1626,#841,.T.);
#1980=EDGE_CURVE('',#1621,#1626,#842,.T.);
#1981=EDGE_CURVE('',#1439,#1627,#843,.T.);
#1982=EDGE_CURVE('',#1628,#1627,#1413,.T.);
#1983=EDGE_CURVE('',#1440,#1628,#844,.T.);
#1984=EDGE_CURVE('',#1443,#1629,#845,.T.);
#1985=EDGE_CURVE('',#1630,#1629,#1414,.T.);
#1986=EDGE_CURVE('',#1444,#1630,#846,.T.);
#1987=EDGE_CURVE('',#1631,#1632,#1415,.T.);
#1988=EDGE_CURVE('',#1448,#1631,#847,.T.);
#1989=EDGE_CURVE('',#1447,#1632,#848,.T.);
#1990=EDGE_CURVE('',#1633,#1634,#1416,.T.);
#1991=EDGE_CURVE('',#1452,#1633,#849,.T.);
#1992=EDGE_CURVE('',#1451,#1634,#850,.T.);
#1993=EDGE_CURVE('',#1635,#1636,#851,.T.);
#1994=EDGE_CURVE('',#1635,#1623,#852,.T.);
#1995=EDGE_CURVE('',#1622,#1636,#853,.T.);
#1996=EDGE_CURVE('',#1438,#1637,#854,.T.);
#1997=EDGE_CURVE('',#1638,#1437,#855,.T.);
#1998=EDGE_CURVE('',#1637,#1638,#1417,.T.);
#1999=EDGE_CURVE('',#1639,#1441,#856,.T.);
#2000=EDGE_CURVE('',#1640,#1639,#1418,.T.);
#2001=EDGE_CURVE('',#1442,#1640,#857,.T.);
#2002=EDGE_CURVE('',#1641,#1642,#1419,.T.);
#2003=EDGE_CURVE('',#1446,#1641,#858,.T.);
#2004=EDGE_CURVE('',#1642,#1445,#859,.T.);
#2005=EDGE_CURVE('',#1643,#1644,#1420,.T.);
#2006=EDGE_CURVE('',#1450,#1643,#860,.T.);
#2007=EDGE_CURVE('',#1644,#1449,#861,.T.);
#2008=EDGE_CURVE('',#1635,#1625,#862,.T.);
#2009=EDGE_CURVE('',#1626,#1636,#863,.T.);
#2010=EDGE_CURVE('',#1645,#1646,#864,.T.);
#2011=EDGE_CURVE('',#1577,#1646,#25,.T.);
#2012=EDGE_CURVE('',#1578,#1645,#26,.T.);
#2013=EDGE_CURVE('',#1647,#1575,#27,.T.);
#2014=EDGE_CURVE('',#1648,#1647,#865,.T.);
#2015=EDGE_CURVE('',#1648,#1576,#28,.T.);
#2016=EDGE_CURVE('',#1648,#1645,#866,.T.);
#2017=EDGE_CURVE('',#1646,#1647,#867,.T.);
#2018=EDGE_CURVE('',#1649,#1648,#868,.T.);
#2019=EDGE_CURVE('',#1649,#1650,#869,.T.);
#2020=EDGE_CURVE('',#1645,#1650,#870,.T.);
#2021=EDGE_CURVE('',#1651,#1652,#871,.T.);
#2022=EDGE_CURVE('',#1651,#1647,#872,.T.);
#2023=EDGE_CURVE('',#1646,#1652,#873,.T.);
#2024=EDGE_CURVE('',#1651,#1649,#874,.T.);
#2025=EDGE_CURVE('',#1650,#1652,#875,.T.);
#2026=EDGE_CURVE('',#1653,#1654,#876,.T.);
#2027=EDGE_CURVE('',#1573,#1654,#29,.T.);
#2028=EDGE_CURVE('',#1574,#1653,#30,.T.);
#2029=EDGE_CURVE('',#1655,#1596,#1421,.T.);
#2030=EDGE_CURVE('',#1655,#1656,#877,.T.);
#2031=EDGE_CURVE('',#1656,#1594,#1422,.T.);
#2032=EDGE_CURVE('',#1596,#1594,#878,.T.);
#2033=EDGE_CURVE('',#1656,#1653,#879,.T.);
#2034=EDGE_CURVE('',#1654,#1655,#880,.T.);
#2035=EDGE_CURVE('',#1653,#1657,#881,.T.);
#2036=EDGE_CURVE('',#1656,#1658,#882,.T.);
#2037=EDGE_CURVE('',#1658,#1657,#883,.T.);
#2038=EDGE_CURVE('',#1659,#1660,#1423,.T.);
#2039=EDGE_CURVE('',#1661,#1659,#884,.T.);
#2040=EDGE_CURVE('',#1662,#1661,#1424,.T.);
#2041=EDGE_CURVE('',#1662,#1660,#885,.T.);
#2042=EDGE_CURVE('',#1654,#1663,#886,.T.);
#2043=EDGE_CURVE('',#1664,#1663,#887,.T.);
#2044=EDGE_CURVE('',#1655,#1664,#888,.T.);
#2045=EDGE_CURVE('',#1665,#1666,#889,.T.);
#2046=EDGE_CURVE('',#1667,#1665,#1425,.T.);
#2047=EDGE_CURVE('',#1668,#1667,#890,.T.);
#2048=EDGE_CURVE('',#1666,#1668,#1426,.T.);
#2049=EDGE_CURVE('',#1657,#1663,#891,.T.);
#2050=EDGE_CURVE('',#1658,#1664,#892,.T.);
#2051=EDGE_CURVE('',#1669,#1528,#893,.T.);
#2052=EDGE_CURVE('',#1595,#1669,#1427,.T.);
#2053=EDGE_CURVE('',#1595,#1593,#894,.T.);
#2054=EDGE_CURVE('',#1593,#1528,#1428,.T.);
#2055=EDGE_CURVE('',#1670,#1571,#31,.T.);
#2056=EDGE_CURVE('',#1526,#1670,#895,.T.);
#2057=EDGE_CURVE('',#1526,#1572,#32,.T.);
#2058=EDGE_CURVE('',#1669,#1670,#896,.T.);
#2059=EDGE_CURVE('',#1671,#1672,#897,.T.);
#2060=EDGE_CURVE('',#1671,#1670,#898,.T.);
#2061=EDGE_CURVE('',#1672,#1669,#899,.T.);
#2062=EDGE_CURVE('',#1673,#1674,#1429,.T.);
#2063=EDGE_CURVE('',#1675,#1673,#900,.T.);
#2064=EDGE_CURVE('',#1676,#1675,#1430,.T.);
#2065=EDGE_CURVE('',#1674,#1676,#901,.T.);
#2066=EDGE_CURVE('',#1671,#1525,#902,.T.);
#2067=EDGE_CURVE('',#1527,#1672,#903,.T.);
#2068=EDGE_CURVE('',#1677,#1678,#904,.T.);
#2069=EDGE_CURVE('',#1569,#1678,#33,.T.);
#2070=EDGE_CURVE('',#1570,#1677,#34,.T.);
#2071=EDGE_CURVE('',#1679,#1567,#35,.T.);
#2072=EDGE_CURVE('',#1680,#1679,#905,.T.);
#2073=EDGE_CURVE('',#1680,#1568,#36,.T.);
#2074=EDGE_CURVE('',#1680,#1677,#906,.T.);
#2075=EDGE_CURVE('',#1678,#1679,#907,.T.);
#2076=EDGE_CURVE('',#1677,#1681,#908,.T.);
#2077=EDGE_CURVE('',#1682,#1680,#909,.T.);
#2078=EDGE_CURVE('',#1682,#1681,#910,.T.);
#2079=EDGE_CURVE('',#1678,#1683,#911,.T.);
#2080=EDGE_CURVE('',#1684,#1683,#912,.T.);
#2081=EDGE_CURVE('',#1684,#1679,#913,.T.);
#2082=EDGE_CURVE('',#1681,#1683,#914,.T.);
#2083=EDGE_CURVE('',#1684,#1682,#915,.T.);
#2084=EDGE_CURVE('',#1485,#1505,#916,.T.);
#2085=EDGE_CURVE('',#1565,#1505,#37,.T.);
#2086=EDGE_CURVE('',#1566,#1485,#38,.T.);
#2087=EDGE_CURVE('',#1506,#1563,#39,.T.);
#2088=EDGE_CURVE('',#1487,#1506,#917,.T.);
#2089=EDGE_CURVE('',#1487,#1564,#40,.T.);
#2090=EDGE_CURVE('',#1486,#1507,#918,.T.);
#2091=EDGE_CURVE('',#1508,#1488,#919,.T.);
#2092=EDGE_CURVE('',#1685,#1686,#920,.T.);
#2093=EDGE_CURVE('',#1561,#1686,#41,.T.);
#2094=EDGE_CURVE('',#1562,#1685,#42,.T.);
#2095=EDGE_CURVE('',#1687,#1559,#43,.T.);
#2096=EDGE_CURVE('',#1688,#1687,#921,.T.);
#2097=EDGE_CURVE('',#1688,#1560,#44,.T.);
#2098=EDGE_CURVE('',#1688,#1685,#922,.T.);
#2099=EDGE_CURVE('',#1686,#1687,#923,.T.);
#2100=EDGE_CURVE('',#1685,#1689,#924,.T.);
#2101=EDGE_CURVE('',#1690,#1688,#925,.T.);
#2102=EDGE_CURVE('',#1690,#1689,#926,.T.);
#2103=EDGE_CURVE('',#1686,#1691,#927,.T.);
#2104=EDGE_CURVE('',#1692,#1691,#928,.T.);
#2105=EDGE_CURVE('',#1692,#1687,#929,.T.);
#2106=EDGE_CURVE('',#1689,#1691,#930,.T.);
#2107=EDGE_CURVE('',#1692,#1690,#931,.T.);
#2108=EDGE_CURVE('',#1693,#1694,#932,.T.);
#2109=EDGE_CURVE('',#1557,#1694,#45,.T.);
#2110=EDGE_CURVE('',#1558,#1693,#46,.T.);
#2111=EDGE_CURVE('',#1695,#1591,#1431,.T.);
#2112=EDGE_CURVE('',#1695,#1696,#933,.T.);
#2113=EDGE_CURVE('',#1696,#1589,#1432,.T.);
#2114=EDGE_CURVE('',#1591,#1589,#934,.T.);
#2115=EDGE_CURVE('',#1696,#1693,#935,.T.);
#2116=EDGE_CURVE('',#1694,#1695,#936,.T.);
#2117=EDGE_CURVE('',#1693,#1697,#937,.T.);
#2118=EDGE_CURVE('',#1696,#1698,#938,.T.);
#2119=EDGE_CURVE('',#1698,#1697,#939,.T.);
#2120=EDGE_CURVE('',#1699,#1700,#940,.T.);
#2121=EDGE_CURVE('',#1701,#1699,#1433,.T.);
#2122=EDGE_CURVE('',#1701,#1702,#941,.T.);
#2123=EDGE_CURVE('',#1700,#1702,#1434,.T.);
#2124=EDGE_CURVE('',#1694,#1703,#942,.T.);
#2125=EDGE_CURVE('',#1704,#1703,#943,.T.);
#2126=EDGE_CURVE('',#1695,#1704,#944,.T.);
#2127=EDGE_CURVE('',#1705,#1706,#945,.T.);
#2128=EDGE_CURVE('',#1707,#1705,#1435,.T.);
#2129=EDGE_CURVE('',#1708,#1707,#946,.T.);
#2130=EDGE_CURVE('',#1706,#1708,#1436,.T.);
#2131=EDGE_CURVE('',#1697,#1703,#947,.T.);
#2132=EDGE_CURVE('',#1698,#1704,#948,.T.);
#2133=EDGE_CURVE('',#1545,#1551,#949,.T.);
#2134=EDGE_CURVE('',#1548,#1552,#950,.T.);
#2135=EDGE_CURVE('',#1546,#1550,#951,.T.);
#2136=EDGE_CURVE('',#1547,#1549,#952,.T.);
#2137=EDGE_CURVE('',#1534,#1539,#953,.T.);
#2138=EDGE_CURVE('',#1536,#1540,#954,.T.);
#2139=EDGE_CURVE('',#1538,#1533,#955,.T.);
#2140=EDGE_CURVE('',#1537,#1535,#956,.T.);
#2141=EDGE_CURVE('',#1700,#1705,#957,.T.);
#2142=EDGE_CURVE('',#1707,#1702,#958,.T.);
#2143=EDGE_CURVE('',#1701,#1708,#959,.T.);
#2144=EDGE_CURVE('',#1706,#1699,#960,.T.);
#2145=EDGE_CURVE('',#1532,#1675,#961,.T.);
#2146=EDGE_CURVE('',#1676,#1531,#962,.T.);
#2147=EDGE_CURVE('',#1529,#1674,#963,.T.);
#2148=EDGE_CURVE('',#1673,#1530,#964,.T.);
#2149=EDGE_CURVE('',#1490,#1524,#965,.T.);
#2150=EDGE_CURVE('',#1523,#1489,#966,.T.);
#2151=EDGE_CURVE('',#1503,#1522,#967,.T.);
#2152=EDGE_CURVE('',#1521,#1504,#968,.T.);
#2153=EDGE_CURVE('',#1502,#1520,#969,.T.);
#2154=EDGE_CURVE('',#1519,#1501,#970,.T.);
#2155=EDGE_CURVE('',#1491,#1517,#971,.T.);
#2156=EDGE_CURVE('',#1518,#1492,#972,.T.);
#2157=EDGE_CURVE('',#1500,#1509,#973,.T.);
#2158=EDGE_CURVE('',#1510,#1499,#974,.T.);
#2159=EDGE_CURVE('',#1498,#1515,#975,.T.);
#2160=EDGE_CURVE('',#1516,#1497,#976,.T.);
#2161=EDGE_CURVE('',#1496,#1513,#977,.T.);
#2162=EDGE_CURVE('',#1514,#1495,#978,.T.);
#2163=EDGE_CURVE('',#1493,#1512,#979,.T.);
#2164=EDGE_CURVE('',#1511,#1494,#980,.T.);
#2165=EDGE_CURVE('',#1633,#1644,#981,.T.);
#2166=EDGE_CURVE('',#1643,#1634,#982,.T.);
#2167=EDGE_CURVE('',#1631,#1642,#983,.T.);
#2168=EDGE_CURVE('',#1641,#1632,#984,.T.);
#2169=EDGE_CURVE('',#1630,#1639,#985,.T.);
#2170=EDGE_CURVE('',#1640,#1629,#986,.T.);
#2171=EDGE_CURVE('',#1628,#1638,#987,.T.);
#2172=EDGE_CURVE('',#1637,#1627,#988,.T.);
#2173=EDGE_CURVE('',#1659,#1668,#989,.T.);
#2174=EDGE_CURVE('',#1666,#1660,#990,.T.);
#2175=EDGE_CURVE('',#1662,#1665,#991,.T.);
#2176=EDGE_CURVE('',#1667,#1661,#992,.T.);
#2177=EDGE_CURVE('',#1603,#1612,#993,.T.);
#2178=EDGE_CURVE('',#1610,#1604,#994,.T.);
#2179=EDGE_CURVE('',#1606,#1609,#995,.T.);
#2180=EDGE_CURVE('',#1611,#1605,#996,.T.);
#2181=ORIENTED_EDGE('',*,*,#1709,.T.);
#2182=ORIENTED_EDGE('',*,*,#1710,.F.);
#2183=ORIENTED_EDGE('',*,*,#1711,.T.);
#2184=ORIENTED_EDGE('',*,*,#1712,.T.);
#2185=ORIENTED_EDGE('',*,*,#1713,.T.);
#2186=ORIENTED_EDGE('',*,*,#1714,.F.);
#2187=ORIENTED_EDGE('',*,*,#1715,.T.);
#2188=ORIENTED_EDGE('',*,*,#1716,.T.);
#2189=ORIENTED_EDGE('',*,*,#1717,.T.);
#2190=ORIENTED_EDGE('',*,*,#1718,.F.);
#2191=ORIENTED_EDGE('',*,*,#1719,.T.);
#2192=ORIENTED_EDGE('',*,*,#1720,.T.);
#2193=ORIENTED_EDGE('',*,*,#1721,.T.);
#2194=ORIENTED_EDGE('',*,*,#1722,.F.);
#2195=ORIENTED_EDGE('',*,*,#1723,.T.);
#2196=ORIENTED_EDGE('',*,*,#1724,.T.);
#2197=ORIENTED_EDGE('',*,*,#1725,.T.);
#2198=ORIENTED_EDGE('',*,*,#1726,.F.);
#2199=ORIENTED_EDGE('',*,*,#1727,.T.);
#2200=ORIENTED_EDGE('',*,*,#1728,.T.);
#2201=ORIENTED_EDGE('',*,*,#1729,.T.);
#2202=ORIENTED_EDGE('',*,*,#1730,.F.);
#2203=ORIENTED_EDGE('',*,*,#1731,.T.);
#2204=ORIENTED_EDGE('',*,*,#1732,.T.);
#2205=ORIENTED_EDGE('',*,*,#1733,.T.);
#2206=ORIENTED_EDGE('',*,*,#1734,.F.);
#2207=ORIENTED_EDGE('',*,*,#1735,.T.);
#2208=ORIENTED_EDGE('',*,*,#1736,.T.);
#2209=ORIENTED_EDGE('',*,*,#1737,.T.);
#2210=ORIENTED_EDGE('',*,*,#1738,.F.);
#2211=ORIENTED_EDGE('',*,*,#1739,.T.);
#2212=ORIENTED_EDGE('',*,*,#1740,.T.);
#2213=ORIENTED_EDGE('',*,*,#1741,.T.);
#2214=ORIENTED_EDGE('',*,*,#1742,.F.);
#2215=ORIENTED_EDGE('',*,*,#1743,.T.);
#2216=ORIENTED_EDGE('',*,*,#1744,.T.);
#2217=ORIENTED_EDGE('',*,*,#1745,.T.);
#2218=ORIENTED_EDGE('',*,*,#1746,.F.);
#2219=ORIENTED_EDGE('',*,*,#1747,.T.);
#2220=ORIENTED_EDGE('',*,*,#1748,.T.);
#2221=ORIENTED_EDGE('',*,*,#1749,.T.);
#2222=ORIENTED_EDGE('',*,*,#1750,.F.);
#2223=ORIENTED_EDGE('',*,*,#1751,.T.);
#2224=ORIENTED_EDGE('',*,*,#1752,.T.);
#2225=ORIENTED_EDGE('',*,*,#1753,.T.);
#2226=ORIENTED_EDGE('',*,*,#1754,.F.);
#2227=ORIENTED_EDGE('',*,*,#1755,.T.);
#2228=ORIENTED_EDGE('',*,*,#1756,.T.);
#2229=ORIENTED_EDGE('',*,*,#1757,.F.);
#2230=ORIENTED_EDGE('',*,*,#1758,.F.);
#2231=ORIENTED_EDGE('',*,*,#1759,.F.);
#2232=ORIENTED_EDGE('',*,*,#1760,.T.);
#2233=ORIENTED_EDGE('',*,*,#1761,.F.);
#2234=ORIENTED_EDGE('',*,*,#1762,.F.);
#2235=ORIENTED_EDGE('',*,*,#1763,.T.);
#2236=ORIENTED_EDGE('',*,*,#1755,.F.);
#2237=ORIENTED_EDGE('',*,*,#1764,.T.);
#2238=ORIENTED_EDGE('',*,*,#1743,.F.);
#2239=ORIENTED_EDGE('',*,*,#1765,.F.);
#2240=ORIENTED_EDGE('',*,*,#1766,.F.);
#2241=ORIENTED_EDGE('',*,*,#1767,.T.);
#2242=ORIENTED_EDGE('',*,*,#1727,.F.);
#2243=ORIENTED_EDGE('',*,*,#1768,.F.);
#2244=ORIENTED_EDGE('',*,*,#1769,.F.);
#2245=ORIENTED_EDGE('',*,*,#1731,.F.);
#2246=ORIENTED_EDGE('',*,*,#1770,.F.);
#2247=ORIENTED_EDGE('',*,*,#1771,.F.);
#2248=ORIENTED_EDGE('',*,*,#1772,.T.);
#2249=ORIENTED_EDGE('',*,*,#1735,.F.);
#2250=ORIENTED_EDGE('',*,*,#1773,.F.);
#2251=ORIENTED_EDGE('',*,*,#1774,.F.);
#2252=ORIENTED_EDGE('',*,*,#1775,.T.);
#2253=ORIENTED_EDGE('',*,*,#1776,.F.);
#2254=ORIENTED_EDGE('',*,*,#1777,.F.);
#2255=ORIENTED_EDGE('',*,*,#1778,.T.);
#2256=ORIENTED_EDGE('',*,*,#1739,.F.);
#2257=ORIENTED_EDGE('',*,*,#1779,.F.);
#2258=ORIENTED_EDGE('',*,*,#1780,.F.);
#2259=ORIENTED_EDGE('',*,*,#1781,.T.);
#2260=ORIENTED_EDGE('',*,*,#1747,.F.);
#2261=ORIENTED_EDGE('',*,*,#1782,.T.);
#2262=ORIENTED_EDGE('',*,*,#1751,.F.);
#2263=ORIENTED_EDGE('',*,*,#1783,.F.);
#2264=ORIENTED_EDGE('',*,*,#1784,.F.);
#2265=ORIENTED_EDGE('',*,*,#1785,.F.);
#2266=ORIENTED_EDGE('',*,*,#1786,.T.);
#2267=ORIENTED_EDGE('',*,*,#1787,.F.);
#2268=ORIENTED_EDGE('',*,*,#1788,.T.);
#2269=ORIENTED_EDGE('',*,*,#1737,.F.);
#2270=ORIENTED_EDGE('',*,*,#1789,.T.);
#2271=ORIENTED_EDGE('',*,*,#1790,.F.);
#2272=ORIENTED_EDGE('',*,*,#1791,.F.);
#2273=ORIENTED_EDGE('',*,*,#1792,.F.);
#2274=ORIENTED_EDGE('',*,*,#1793,.F.);
#2275=ORIENTED_EDGE('',*,*,#1725,.F.);
#2276=ORIENTED_EDGE('',*,*,#1794,.T.);
#2277=ORIENTED_EDGE('',*,*,#1729,.F.);
#2278=ORIENTED_EDGE('',*,*,#1795,.T.);
#2279=ORIENTED_EDGE('',*,*,#1796,.F.);
#2280=ORIENTED_EDGE('',*,*,#1797,.F.);
#2281=ORIENTED_EDGE('',*,*,#1733,.F.);
#2282=ORIENTED_EDGE('',*,*,#1798,.T.);
#2283=ORIENTED_EDGE('',*,*,#1799,.F.);
#2284=ORIENTED_EDGE('',*,*,#1800,.F.);
#2285=ORIENTED_EDGE('',*,*,#1741,.F.);
#2286=ORIENTED_EDGE('',*,*,#1801,.T.);
#2287=ORIENTED_EDGE('',*,*,#1802,.F.);
#2288=ORIENTED_EDGE('',*,*,#1803,.F.);
#2289=ORIENTED_EDGE('',*,*,#1804,.F.);
#2290=ORIENTED_EDGE('',*,*,#1805,.F.);
#2291=ORIENTED_EDGE('',*,*,#1745,.F.);
#2292=ORIENTED_EDGE('',*,*,#1806,.T.);
#2293=ORIENTED_EDGE('',*,*,#1807,.F.);
#2294=ORIENTED_EDGE('',*,*,#1749,.F.);
#2295=ORIENTED_EDGE('',*,*,#1808,.T.);
#2296=ORIENTED_EDGE('',*,*,#1809,.F.);
#2297=ORIENTED_EDGE('',*,*,#1810,.F.);
#2298=ORIENTED_EDGE('',*,*,#1753,.F.);
#2299=ORIENTED_EDGE('',*,*,#1811,.T.);
#2300=ORIENTED_EDGE('',*,*,#1812,.F.);
#2301=ORIENTED_EDGE('',*,*,#1813,.F.);
#2302=ORIENTED_EDGE('',*,*,#1814,.T.);
#2303=ORIENTED_EDGE('',*,*,#1815,.T.);
#2304=ORIENTED_EDGE('',*,*,#1816,.F.);
#2305=ORIENTED_EDGE('',*,*,#1817,.F.);
#2306=ORIENTED_EDGE('',*,*,#1818,.T.);
#2307=ORIENTED_EDGE('',*,*,#1819,.F.);
#2308=ORIENTED_EDGE('',*,*,#1820,.F.);
#2309=ORIENTED_EDGE('',*,*,#1821,.F.);
#2310=ORIENTED_EDGE('',*,*,#1822,.F.);
#2311=ORIENTED_EDGE('',*,*,#1823,.T.);
#2312=ORIENTED_EDGE('',*,*,#1824,.F.);
#2313=ORIENTED_EDGE('',*,*,#1825,.T.);
#2314=ORIENTED_EDGE('',*,*,#1826,.T.);
#2315=ORIENTED_EDGE('',*,*,#1827,.T.);
#2316=ORIENTED_EDGE('',*,*,#1828,.T.);
#2317=ORIENTED_EDGE('',*,*,#1829,.F.);
#2318=ORIENTED_EDGE('',*,*,#1830,.T.);
#2319=ORIENTED_EDGE('',*,*,#1831,.T.);
#2320=ORIENTED_EDGE('',*,*,#1823,.F.);
#2321=ORIENTED_EDGE('',*,*,#1832,.F.);
#2322=ORIENTED_EDGE('',*,*,#1833,.T.);
#2323=ORIENTED_EDGE('',*,*,#1828,.F.);
#2324=ORIENTED_EDGE('',*,*,#1834,.F.);
#2325=ORIENTED_EDGE('',*,*,#1835,.T.);
#2326=ORIENTED_EDGE('',*,*,#1832,.T.);
#2327=ORIENTED_EDGE('',*,*,#1836,.T.);
#2328=ORIENTED_EDGE('',*,*,#1830,.F.);
#2329=ORIENTED_EDGE('',*,*,#1837,.T.);
#2330=ORIENTED_EDGE('',*,*,#1838,.F.);
#2331=ORIENTED_EDGE('',*,*,#1839,.T.);
#2332=ORIENTED_EDGE('',*,*,#1840,.F.);
#2333=ORIENTED_EDGE('',*,*,#1841,.T.);
#2334=ORIENTED_EDGE('',*,*,#1842,.F.);
#2335=ORIENTED_EDGE('',*,*,#1843,.T.);
#2336=ORIENTED_EDGE('',*,*,#1844,.T.);
#2337=ORIENTED_EDGE('',*,*,#1845,.T.);
#2338=ORIENTED_EDGE('',*,*,#1846,.T.);
#2339=ORIENTED_EDGE('',*,*,#1847,.T.);
#2340=ORIENTED_EDGE('',*,*,#1839,.F.);
#2341=ORIENTED_EDGE('',*,*,#1848,.F.);
#2342=ORIENTED_EDGE('',*,*,#1849,.F.);
#2343=ORIENTED_EDGE('',*,*,#1844,.F.);
#2344=ORIENTED_EDGE('',*,*,#1850,.F.);
#2345=ORIENTED_EDGE('',*,*,#1851,.T.);
#2346=ORIENTED_EDGE('',*,*,#1848,.T.);
#2347=ORIENTED_EDGE('',*,*,#1852,.T.);
#2348=ORIENTED_EDGE('',*,*,#1846,.F.);
#2349=ORIENTED_EDGE('',*,*,#1853,.F.);
#2350=ORIENTED_EDGE('',*,*,#1854,.T.);
#2351=ORIENTED_EDGE('',*,*,#1855,.T.);
#2352=ORIENTED_EDGE('',*,*,#1856,.F.);
#2353=ORIENTED_EDGE('',*,*,#1857,.F.);
#2354=ORIENTED_EDGE('',*,*,#1858,.T.);
#2355=ORIENTED_EDGE('',*,*,#1859,.T.);
#2356=ORIENTED_EDGE('',*,*,#1860,.F.);
#2357=ORIENTED_EDGE('',*,*,#1861,.F.);
#2358=ORIENTED_EDGE('',*,*,#1862,.T.);
#2359=ORIENTED_EDGE('',*,*,#1863,.T.);
#2360=ORIENTED_EDGE('',*,*,#1864,.F.);
#2361=ORIENTED_EDGE('',*,*,#1865,.F.);
#2362=ORIENTED_EDGE('',*,*,#1866,.T.);
#2363=ORIENTED_EDGE('',*,*,#1867,.T.);
#2364=ORIENTED_EDGE('',*,*,#1868,.F.);
#2365=ORIENTED_EDGE('',*,*,#1869,.F.);
#2366=ORIENTED_EDGE('',*,*,#1870,.T.);
#2367=ORIENTED_EDGE('',*,*,#1871,.T.);
#2368=ORIENTED_EDGE('',*,*,#1872,.F.);
#2369=ORIENTED_EDGE('',*,*,#1873,.F.);
#2370=ORIENTED_EDGE('',*,*,#1874,.T.);
#2371=ORIENTED_EDGE('',*,*,#1875,.T.);
#2372=ORIENTED_EDGE('',*,*,#1876,.F.);
#2373=ORIENTED_EDGE('',*,*,#1877,.F.);
#2374=ORIENTED_EDGE('',*,*,#1878,.T.);
#2375=ORIENTED_EDGE('',*,*,#1879,.T.);
#2376=ORIENTED_EDGE('',*,*,#1880,.F.);
#2377=ORIENTED_EDGE('',*,*,#1881,.F.);
#2378=ORIENTED_EDGE('',*,*,#1882,.T.);
#2379=ORIENTED_EDGE('',*,*,#1883,.T.);
#2380=ORIENTED_EDGE('',*,*,#1884,.F.);
#2381=ORIENTED_EDGE('',*,*,#1885,.F.);
#2382=ORIENTED_EDGE('',*,*,#1886,.T.);
#2383=ORIENTED_EDGE('',*,*,#1887,.T.);
#2384=ORIENTED_EDGE('',*,*,#1888,.T.);
#2385=ORIENTED_EDGE('',*,*,#1889,.T.);
#2386=ORIENTED_EDGE('',*,*,#1837,.F.);
#2387=ORIENTED_EDGE('',*,*,#1890,.F.);
#2388=ORIENTED_EDGE('',*,*,#1891,.T.);
#2389=ORIENTED_EDGE('',*,*,#1842,.T.);
#2390=ORIENTED_EDGE('',*,*,#1892,.F.);
#2391=ORIENTED_EDGE('',*,*,#1893,.F.);
#2392=ORIENTED_EDGE('',*,*,#1894,.F.);
#2393=ORIENTED_EDGE('',*,*,#1887,.F.);
#2394=ORIENTED_EDGE('',*,*,#1856,.T.);
#2395=ORIENTED_EDGE('',*,*,#1895,.T.);
#2396=ORIENTED_EDGE('',*,*,#1884,.T.);
#2397=ORIENTED_EDGE('',*,*,#1895,.F.);
#2398=ORIENTED_EDGE('',*,*,#1896,.T.);
#2399=ORIENTED_EDGE('',*,*,#1897,.T.);
#2400=ORIENTED_EDGE('',*,*,#1898,.T.);
#2401=ORIENTED_EDGE('',*,*,#1899,.F.);
#2402=ORIENTED_EDGE('',*,*,#1900,.T.);
#2403=ORIENTED_EDGE('',*,*,#1901,.F.);
#2404=ORIENTED_EDGE('',*,*,#1902,.F.);
#2405=ORIENTED_EDGE('',*,*,#1897,.F.);
#2406=ORIENTED_EDGE('',*,*,#1860,.T.);
#2407=ORIENTED_EDGE('',*,*,#1903,.T.);
#2408=ORIENTED_EDGE('',*,*,#1880,.T.);
#2409=ORIENTED_EDGE('',*,*,#1903,.F.);
#2410=ORIENTED_EDGE('',*,*,#1904,.T.);
#2411=ORIENTED_EDGE('',*,*,#1905,.T.);
#2412=ORIENTED_EDGE('',*,*,#1906,.T.);
#2413=ORIENTED_EDGE('',*,*,#1907,.F.);
#2414=ORIENTED_EDGE('',*,*,#1908,.T.);
#2415=ORIENTED_EDGE('',*,*,#1909,.F.);
#2416=ORIENTED_EDGE('',*,*,#1910,.F.);
#2417=ORIENTED_EDGE('',*,*,#1905,.F.);
#2418=ORIENTED_EDGE('',*,*,#1864,.T.);
#2419=ORIENTED_EDGE('',*,*,#1911,.T.);
#2420=ORIENTED_EDGE('',*,*,#1876,.T.);
#2421=ORIENTED_EDGE('',*,*,#1911,.F.);
#2422=ORIENTED_EDGE('',*,*,#1912,.T.);
#2423=ORIENTED_EDGE('',*,*,#1913,.T.);
#2424=ORIENTED_EDGE('',*,*,#1914,.T.);
#2425=ORIENTED_EDGE('',*,*,#1915,.F.);
#2426=ORIENTED_EDGE('',*,*,#1916,.T.);
#2427=ORIENTED_EDGE('',*,*,#1917,.F.);
#2428=ORIENTED_EDGE('',*,*,#1918,.F.);
#2429=ORIENTED_EDGE('',*,*,#1913,.F.);
#2430=ORIENTED_EDGE('',*,*,#1868,.T.);
#2431=ORIENTED_EDGE('',*,*,#1919,.T.);
#2432=ORIENTED_EDGE('',*,*,#1872,.T.);
#2433=ORIENTED_EDGE('',*,*,#1919,.F.);
#2434=ORIENTED_EDGE('',*,*,#1920,.T.);
#2435=ORIENTED_EDGE('',*,*,#1921,.T.);
#2436=ORIENTED_EDGE('',*,*,#1821,.T.);
#2437=ORIENTED_EDGE('',*,*,#1922,.F.);
#2438=ORIENTED_EDGE('',*,*,#1923,.T.);
#2439=ORIENTED_EDGE('',*,*,#1924,.F.);
#2440=ORIENTED_EDGE('',*,*,#1925,.T.);
#2441=ORIENTED_EDGE('',*,*,#1926,.F.);
#2442=ORIENTED_EDGE('',*,*,#1927,.T.);
#2443=ORIENTED_EDGE('',*,*,#1826,.F.);
#2444=ORIENTED_EDGE('',*,*,#1928,.F.);
#2445=ORIENTED_EDGE('',*,*,#1854,.F.);
#2446=ORIENTED_EDGE('',*,*,#1894,.T.);
#2447=ORIENTED_EDGE('',*,*,#1882,.F.);
#2448=ORIENTED_EDGE('',*,*,#1900,.F.);
#2449=ORIENTED_EDGE('',*,*,#1858,.F.);
#2450=ORIENTED_EDGE('',*,*,#1902,.T.);
#2451=ORIENTED_EDGE('',*,*,#1878,.F.);
#2452=ORIENTED_EDGE('',*,*,#1908,.F.);
#2453=ORIENTED_EDGE('',*,*,#1862,.F.);
#2454=ORIENTED_EDGE('',*,*,#1910,.T.);
#2455=ORIENTED_EDGE('',*,*,#1874,.F.);
#2456=ORIENTED_EDGE('',*,*,#1916,.F.);
#2457=ORIENTED_EDGE('',*,*,#1866,.F.);
#2458=ORIENTED_EDGE('',*,*,#1918,.T.);
#2459=ORIENTED_EDGE('',*,*,#1870,.F.);
#2460=ORIENTED_EDGE('',*,*,#1925,.F.);
#2461=ORIENTED_EDGE('',*,*,#1929,.F.);
#2462=ORIENTED_EDGE('',*,*,#1930,.F.);
#2463=ORIENTED_EDGE('',*,*,#1931,.T.);
#2464=ORIENTED_EDGE('',*,*,#1932,.T.);
#2465=ORIENTED_EDGE('',*,*,#1933,.F.);
#2466=ORIENTED_EDGE('',*,*,#1934,.F.);
#2467=ORIENTED_EDGE('',*,*,#1935,.T.);
#2468=ORIENTED_EDGE('',*,*,#1883,.F.);
#2469=ORIENTED_EDGE('',*,*,#1888,.F.);
#2470=ORIENTED_EDGE('',*,*,#1935,.F.);
#2471=ORIENTED_EDGE('',*,*,#1936,.T.);
#2472=ORIENTED_EDGE('',*,*,#1932,.F.);
#2473=ORIENTED_EDGE('',*,*,#1893,.T.);
#2474=ORIENTED_EDGE('',*,*,#1930,.T.);
#2475=ORIENTED_EDGE('',*,*,#1937,.T.);
#2476=ORIENTED_EDGE('',*,*,#1933,.T.);
#2477=ORIENTED_EDGE('',*,*,#1938,.F.);
#2478=ORIENTED_EDGE('',*,*,#1939,.T.);
#2479=ORIENTED_EDGE('',*,*,#1940,.T.);
#2480=ORIENTED_EDGE('',*,*,#1936,.F.);
#2481=ORIENTED_EDGE('',*,*,#1941,.F.);
#2482=ORIENTED_EDGE('',*,*,#1942,.F.);
#2483=ORIENTED_EDGE('',*,*,#1943,.F.);
#2484=ORIENTED_EDGE('',*,*,#1944,.T.);
#2485=ORIENTED_EDGE('',*,*,#1945,.F.);
#2486=ORIENTED_EDGE('',*,*,#1946,.T.);
#2487=ORIENTED_EDGE('',*,*,#1937,.F.);
#2488=ORIENTED_EDGE('',*,*,#1947,.F.);
#2489=ORIENTED_EDGE('',*,*,#1948,.F.);
#2490=ORIENTED_EDGE('',*,*,#1949,.F.);
#2491=ORIENTED_EDGE('',*,*,#1950,.F.);
#2492=ORIENTED_EDGE('',*,*,#1951,.F.);
#2493=ORIENTED_EDGE('',*,*,#1952,.F.);
#2494=ORIENTED_EDGE('',*,*,#1945,.T.);
#2495=ORIENTED_EDGE('',*,*,#1953,.F.);
#2496=ORIENTED_EDGE('',*,*,#1939,.F.);
#2497=ORIENTED_EDGE('',*,*,#1929,.T.);
#2498=ORIENTED_EDGE('',*,*,#1940,.F.);
#2499=ORIENTED_EDGE('',*,*,#1953,.T.);
#2500=ORIENTED_EDGE('',*,*,#1947,.T.);
#2501=ORIENTED_EDGE('',*,*,#1946,.F.);
#2502=ORIENTED_EDGE('',*,*,#1952,.T.);
#2503=ORIENTED_EDGE('',*,*,#1938,.T.);
#2504=ORIENTED_EDGE('',*,*,#1934,.T.);
#2505=ORIENTED_EDGE('',*,*,#1954,.T.);
#2506=ORIENTED_EDGE('',*,*,#1955,.F.);
#2507=ORIENTED_EDGE('',*,*,#1881,.T.);
#2508=ORIENTED_EDGE('',*,*,#1956,.T.);
#2509=ORIENTED_EDGE('',*,*,#1957,.F.);
#2510=ORIENTED_EDGE('',*,*,#1958,.F.);
#2511=ORIENTED_EDGE('',*,*,#1959,.T.);
#2512=ORIENTED_EDGE('',*,*,#1879,.F.);
#2513=ORIENTED_EDGE('',*,*,#1898,.F.);
#2514=ORIENTED_EDGE('',*,*,#1959,.F.);
#2515=ORIENTED_EDGE('',*,*,#1960,.T.);
#2516=ORIENTED_EDGE('',*,*,#1956,.F.);
#2517=ORIENTED_EDGE('',*,*,#1901,.T.);
#2518=ORIENTED_EDGE('',*,*,#1955,.T.);
#2519=ORIENTED_EDGE('',*,*,#1961,.T.);
#2520=ORIENTED_EDGE('',*,*,#1957,.T.);
#2521=ORIENTED_EDGE('',*,*,#1962,.F.);
#2522=ORIENTED_EDGE('',*,*,#1963,.T.);
#2523=ORIENTED_EDGE('',*,*,#1964,.F.);
#2524=ORIENTED_EDGE('',*,*,#1960,.F.);
#2525=ORIENTED_EDGE('',*,*,#1965,.F.);
#2526=ORIENTED_EDGE('',*,*,#1966,.T.);
#2527=ORIENTED_EDGE('',*,*,#1961,.F.);
#2528=ORIENTED_EDGE('',*,*,#1967,.T.);
#2529=ORIENTED_EDGE('',*,*,#1968,.F.);
#2530=ORIENTED_EDGE('',*,*,#1965,.T.);
#2531=ORIENTED_EDGE('',*,*,#1969,.F.);
#2532=ORIENTED_EDGE('',*,*,#1963,.F.);
#2533=ORIENTED_EDGE('',*,*,#1967,.F.);
#2534=ORIENTED_EDGE('',*,*,#1954,.F.);
#2535=ORIENTED_EDGE('',*,*,#1964,.T.);
#2536=ORIENTED_EDGE('',*,*,#1969,.T.);
#2537=ORIENTED_EDGE('',*,*,#1966,.F.);
#2538=ORIENTED_EDGE('',*,*,#1968,.T.);
#2539=ORIENTED_EDGE('',*,*,#1962,.T.);
#2540=ORIENTED_EDGE('',*,*,#1958,.T.);
#2541=ORIENTED_EDGE('',*,*,#1970,.T.);
#2542=ORIENTED_EDGE('',*,*,#1971,.F.);
#2543=ORIENTED_EDGE('',*,*,#1877,.T.);
#2544=ORIENTED_EDGE('',*,*,#1972,.T.);
#2545=ORIENTED_EDGE('',*,*,#1973,.F.);
#2546=ORIENTED_EDGE('',*,*,#1974,.F.);
#2547=ORIENTED_EDGE('',*,*,#1975,.T.);
#2548=ORIENTED_EDGE('',*,*,#1875,.F.);
#2549=ORIENTED_EDGE('',*,*,#1906,.F.);
#2550=ORIENTED_EDGE('',*,*,#1975,.F.);
#2551=ORIENTED_EDGE('',*,*,#1976,.T.);
#2552=ORIENTED_EDGE('',*,*,#1972,.F.);
#2553=ORIENTED_EDGE('',*,*,#1909,.T.);
#2554=ORIENTED_EDGE('',*,*,#1971,.T.);
#2555=ORIENTED_EDGE('',*,*,#1977,.T.);
#2556=ORIENTED_EDGE('',*,*,#1973,.T.);
#2557=ORIENTED_EDGE('',*,*,#1978,.F.);
#2558=ORIENTED_EDGE('',*,*,#1979,.T.);
#2559=ORIENTED_EDGE('',*,*,#1980,.F.);
#2560=ORIENTED_EDGE('',*,*,#1976,.F.);
#2561=ORIENTED_EDGE('',*,*,#1711,.F.);
#2562=ORIENTED_EDGE('',*,*,#1981,.T.);
#2563=ORIENTED_EDGE('',*,*,#1982,.F.);
#2564=ORIENTED_EDGE('',*,*,#1983,.F.);
#2565=ORIENTED_EDGE('',*,*,#1715,.F.);
#2566=ORIENTED_EDGE('',*,*,#1984,.T.);
#2567=ORIENTED_EDGE('',*,*,#1985,.F.);
#2568=ORIENTED_EDGE('',*,*,#1986,.F.);
#2569=ORIENTED_EDGE('',*,*,#1987,.F.);
#2570=ORIENTED_EDGE('',*,*,#1988,.F.);
#2571=ORIENTED_EDGE('',*,*,#1719,.F.);
#2572=ORIENTED_EDGE('',*,*,#1989,.T.);
#2573=ORIENTED_EDGE('',*,*,#1990,.F.);
#2574=ORIENTED_EDGE('',*,*,#1991,.F.);
#2575=ORIENTED_EDGE('',*,*,#1723,.F.);
#2576=ORIENTED_EDGE('',*,*,#1992,.T.);
#2577=ORIENTED_EDGE('',*,*,#1993,.F.);
#2578=ORIENTED_EDGE('',*,*,#1994,.T.);
#2579=ORIENTED_EDGE('',*,*,#1977,.F.);
#2580=ORIENTED_EDGE('',*,*,#1995,.T.);
#2581=ORIENTED_EDGE('',*,*,#1996,.F.);
#2582=ORIENTED_EDGE('',*,*,#1709,.F.);
#2583=ORIENTED_EDGE('',*,*,#1997,.F.);
#2584=ORIENTED_EDGE('',*,*,#1998,.F.);
#2585=ORIENTED_EDGE('',*,*,#1713,.F.);
#2586=ORIENTED_EDGE('',*,*,#1999,.F.);
#2587=ORIENTED_EDGE('',*,*,#2000,.F.);
#2588=ORIENTED_EDGE('',*,*,#2001,.F.);
#2589=ORIENTED_EDGE('',*,*,#2002,.F.);
#2590=ORIENTED_EDGE('',*,*,#2003,.F.);
#2591=ORIENTED_EDGE('',*,*,#1717,.F.);
#2592=ORIENTED_EDGE('',*,*,#2004,.F.);
#2593=ORIENTED_EDGE('',*,*,#2005,.F.);
#2594=ORIENTED_EDGE('',*,*,#2006,.F.);
#2595=ORIENTED_EDGE('',*,*,#1721,.F.);
#2596=ORIENTED_EDGE('',*,*,#2007,.F.);
#2597=ORIENTED_EDGE('',*,*,#2008,.F.);
#2598=ORIENTED_EDGE('',*,*,#1993,.T.);
#2599=ORIENTED_EDGE('',*,*,#2009,.F.);
#2600=ORIENTED_EDGE('',*,*,#1979,.F.);
#2601=ORIENTED_EDGE('',*,*,#1995,.F.);
#2602=ORIENTED_EDGE('',*,*,#1970,.F.);
#2603=ORIENTED_EDGE('',*,*,#1980,.T.);
#2604=ORIENTED_EDGE('',*,*,#2009,.T.);
#2605=ORIENTED_EDGE('',*,*,#1994,.F.);
#2606=ORIENTED_EDGE('',*,*,#2008,.T.);
#2607=ORIENTED_EDGE('',*,*,#1978,.T.);
#2608=ORIENTED_EDGE('',*,*,#1974,.T.);
#2609=ORIENTED_EDGE('',*,*,#2010,.T.);
#2610=ORIENTED_EDGE('',*,*,#2011,.F.);
#2611=ORIENTED_EDGE('',*,*,#1873,.T.);
#2612=ORIENTED_EDGE('',*,*,#2012,.T.);
#2613=ORIENTED_EDGE('',*,*,#2013,.F.);
#2614=ORIENTED_EDGE('',*,*,#2014,.F.);
#2615=ORIENTED_EDGE('',*,*,#2015,.T.);
#2616=ORIENTED_EDGE('',*,*,#1871,.F.);
#2617=ORIENTED_EDGE('',*,*,#1914,.F.);
#2618=ORIENTED_EDGE('',*,*,#2015,.F.);
#2619=ORIENTED_EDGE('',*,*,#2016,.T.);
#2620=ORIENTED_EDGE('',*,*,#2012,.F.);
#2621=ORIENTED_EDGE('',*,*,#1917,.T.);
#2622=ORIENTED_EDGE('',*,*,#2011,.T.);
#2623=ORIENTED_EDGE('',*,*,#2017,.T.);
#2624=ORIENTED_EDGE('',*,*,#2013,.T.);
#2625=ORIENTED_EDGE('',*,*,#2018,.F.);
#2626=ORIENTED_EDGE('',*,*,#2019,.T.);
#2627=ORIENTED_EDGE('',*,*,#2020,.F.);
#2628=ORIENTED_EDGE('',*,*,#2016,.F.);
#2629=ORIENTED_EDGE('',*,*,#2021,.F.);
#2630=ORIENTED_EDGE('',*,*,#2022,.T.);
#2631=ORIENTED_EDGE('',*,*,#2017,.F.);
#2632=ORIENTED_EDGE('',*,*,#2023,.T.);
#2633=ORIENTED_EDGE('',*,*,#2024,.F.);
#2634=ORIENTED_EDGE('',*,*,#2021,.T.);
#2635=ORIENTED_EDGE('',*,*,#2025,.F.);
#2636=ORIENTED_EDGE('',*,*,#2019,.F.);
#2637=ORIENTED_EDGE('',*,*,#2023,.F.);
#2638=ORIENTED_EDGE('',*,*,#2010,.F.);
#2639=ORIENTED_EDGE('',*,*,#2020,.T.);
#2640=ORIENTED_EDGE('',*,*,#2025,.T.);
#2641=ORIENTED_EDGE('',*,*,#2022,.F.);
#2642=ORIENTED_EDGE('',*,*,#2024,.T.);
#2643=ORIENTED_EDGE('',*,*,#2018,.T.);
#2644=ORIENTED_EDGE('',*,*,#2014,.T.);
#2645=ORIENTED_EDGE('',*,*,#2026,.T.);
#2646=ORIENTED_EDGE('',*,*,#2027,.F.);
#2647=ORIENTED_EDGE('',*,*,#1869,.T.);
#2648=ORIENTED_EDGE('',*,*,#2028,.T.);
#2649=ORIENTED_EDGE('',*,*,#2029,.F.);
#2650=ORIENTED_EDGE('',*,*,#2030,.T.);
#2651=ORIENTED_EDGE('',*,*,#2031,.T.);
#2652=ORIENTED_EDGE('',*,*,#2032,.F.);
#2653=ORIENTED_EDGE('',*,*,#1923,.F.);
#2654=ORIENTED_EDGE('',*,*,#2031,.F.);
#2655=ORIENTED_EDGE('',*,*,#2033,.T.);
#2656=ORIENTED_EDGE('',*,*,#2028,.F.);
#2657=ORIENTED_EDGE('',*,*,#1926,.T.);
#2658=ORIENTED_EDGE('',*,*,#2027,.T.);
#2659=ORIENTED_EDGE('',*,*,#2034,.T.);
#2660=ORIENTED_EDGE('',*,*,#2029,.T.);
#2661=ORIENTED_EDGE('',*,*,#2035,.F.);
#2662=ORIENTED_EDGE('',*,*,#2033,.F.);
#2663=ORIENTED_EDGE('',*,*,#2036,.T.);
#2664=ORIENTED_EDGE('',*,*,#2037,.T.);
#2665=ORIENTED_EDGE('',*,*,#2038,.F.);
#2666=ORIENTED_EDGE('',*,*,#2039,.F.);
#2667=ORIENTED_EDGE('',*,*,#2040,.F.);
#2668=ORIENTED_EDGE('',*,*,#2041,.T.);
#2669=ORIENTED_EDGE('',*,*,#2034,.F.);
#2670=ORIENTED_EDGE('',*,*,#2042,.T.);
#2671=ORIENTED_EDGE('',*,*,#2043,.F.);
#2672=ORIENTED_EDGE('',*,*,#2044,.F.);
#2673=ORIENTED_EDGE('',*,*,#2045,.F.);
#2674=ORIENTED_EDGE('',*,*,#2046,.F.);
#2675=ORIENTED_EDGE('',*,*,#2047,.F.);
#2676=ORIENTED_EDGE('',*,*,#2048,.F.);
#2677=ORIENTED_EDGE('',*,*,#2049,.F.);
#2678=ORIENTED_EDGE('',*,*,#2037,.F.);
#2679=ORIENTED_EDGE('',*,*,#2050,.T.);
#2680=ORIENTED_EDGE('',*,*,#2043,.T.);
#2681=ORIENTED_EDGE('',*,*,#2030,.F.);
#2682=ORIENTED_EDGE('',*,*,#2044,.T.);
#2683=ORIENTED_EDGE('',*,*,#2050,.F.);
#2684=ORIENTED_EDGE('',*,*,#2036,.F.);
#2685=ORIENTED_EDGE('',*,*,#2042,.F.);
#2686=ORIENTED_EDGE('',*,*,#2026,.F.);
#2687=ORIENTED_EDGE('',*,*,#2035,.T.);
#2688=ORIENTED_EDGE('',*,*,#2049,.T.);
#2689=ORIENTED_EDGE('',*,*,#2051,.F.);
#2690=ORIENTED_EDGE('',*,*,#2052,.F.);
#2691=ORIENTED_EDGE('',*,*,#2053,.T.);
#2692=ORIENTED_EDGE('',*,*,#2054,.T.);
#2693=ORIENTED_EDGE('',*,*,#2055,.F.);
#2694=ORIENTED_EDGE('',*,*,#2056,.F.);
#2695=ORIENTED_EDGE('',*,*,#2057,.T.);
#2696=ORIENTED_EDGE('',*,*,#1867,.F.);
#2697=ORIENTED_EDGE('',*,*,#1920,.F.);
#2698=ORIENTED_EDGE('',*,*,#2057,.F.);
#2699=ORIENTED_EDGE('',*,*,#1816,.T.);
#2700=ORIENTED_EDGE('',*,*,#2054,.F.);
#2701=ORIENTED_EDGE('',*,*,#1924,.T.);
#2702=ORIENTED_EDGE('',*,*,#2052,.T.);
#2703=ORIENTED_EDGE('',*,*,#2058,.T.);
#2704=ORIENTED_EDGE('',*,*,#2055,.T.);
#2705=ORIENTED_EDGE('',*,*,#2059,.F.);
#2706=ORIENTED_EDGE('',*,*,#2060,.T.);
#2707=ORIENTED_EDGE('',*,*,#2058,.F.);
#2708=ORIENTED_EDGE('',*,*,#2061,.F.);
#2709=ORIENTED_EDGE('',*,*,#2062,.F.);
#2710=ORIENTED_EDGE('',*,*,#2063,.F.);
#2711=ORIENTED_EDGE('',*,*,#2064,.F.);
#2712=ORIENTED_EDGE('',*,*,#2065,.F.);
#2713=ORIENTED_EDGE('',*,*,#2066,.F.);
#2714=ORIENTED_EDGE('',*,*,#2059,.T.);
#2715=ORIENTED_EDGE('',*,*,#2067,.F.);
#2716=ORIENTED_EDGE('',*,*,#1814,.F.);
#2717=ORIENTED_EDGE('',*,*,#2051,.T.);
#2718=ORIENTED_EDGE('',*,*,#1815,.F.);
#2719=ORIENTED_EDGE('',*,*,#2067,.T.);
#2720=ORIENTED_EDGE('',*,*,#2061,.T.);
#2721=ORIENTED_EDGE('',*,*,#2060,.F.);
#2722=ORIENTED_EDGE('',*,*,#2066,.T.);
#2723=ORIENTED_EDGE('',*,*,#1813,.T.);
#2724=ORIENTED_EDGE('',*,*,#2056,.T.);
#2725=ORIENTED_EDGE('',*,*,#2068,.T.);
#2726=ORIENTED_EDGE('',*,*,#2069,.F.);
#2727=ORIENTED_EDGE('',*,*,#1865,.T.);
#2728=ORIENTED_EDGE('',*,*,#2070,.T.);
#2729=ORIENTED_EDGE('',*,*,#2071,.F.);
#2730=ORIENTED_EDGE('',*,*,#2072,.F.);
#2731=ORIENTED_EDGE('',*,*,#2073,.T.);
#2732=ORIENTED_EDGE('',*,*,#1863,.F.);
#2733=ORIENTED_EDGE('',*,*,#1912,.F.);
#2734=ORIENTED_EDGE('',*,*,#2073,.F.);
#2735=ORIENTED_EDGE('',*,*,#2074,.T.);
#2736=ORIENTED_EDGE('',*,*,#2070,.F.);
#2737=ORIENTED_EDGE('',*,*,#1915,.T.);
#2738=ORIENTED_EDGE('',*,*,#2069,.T.);
#2739=ORIENTED_EDGE('',*,*,#2075,.T.);
#2740=ORIENTED_EDGE('',*,*,#2071,.T.);
#2741=ORIENTED_EDGE('',*,*,#2076,.F.);
#2742=ORIENTED_EDGE('',*,*,#2074,.F.);
#2743=ORIENTED_EDGE('',*,*,#2077,.F.);
#2744=ORIENTED_EDGE('',*,*,#2078,.T.);
#2745=ORIENTED_EDGE('',*,*,#2075,.F.);
#2746=ORIENTED_EDGE('',*,*,#2079,.T.);
#2747=ORIENTED_EDGE('',*,*,#2080,.F.);
#2748=ORIENTED_EDGE('',*,*,#2081,.T.);
#2749=ORIENTED_EDGE('',*,*,#2082,.F.);
#2750=ORIENTED_EDGE('',*,*,#2078,.F.);
#2751=ORIENTED_EDGE('',*,*,#2083,.F.);
#2752=ORIENTED_EDGE('',*,*,#2080,.T.);
#2753=ORIENTED_EDGE('',*,*,#2081,.F.);
#2754=ORIENTED_EDGE('',*,*,#2083,.T.);
#2755=ORIENTED_EDGE('',*,*,#2077,.T.);
#2756=ORIENTED_EDGE('',*,*,#2072,.T.);
#2757=ORIENTED_EDGE('',*,*,#2079,.F.);
#2758=ORIENTED_EDGE('',*,*,#2068,.F.);
#2759=ORIENTED_EDGE('',*,*,#2076,.T.);
#2760=ORIENTED_EDGE('',*,*,#2082,.T.);
#2761=ORIENTED_EDGE('',*,*,#2084,.T.);
#2762=ORIENTED_EDGE('',*,*,#2085,.F.);
#2763=ORIENTED_EDGE('',*,*,#1861,.T.);
#2764=ORIENTED_EDGE('',*,*,#2086,.T.);
#2765=ORIENTED_EDGE('',*,*,#2087,.F.);
#2766=ORIENTED_EDGE('',*,*,#2088,.F.);
#2767=ORIENTED_EDGE('',*,*,#2089,.T.);
#2768=ORIENTED_EDGE('',*,*,#1859,.F.);
#2769=ORIENTED_EDGE('',*,*,#1904,.F.);
#2770=ORIENTED_EDGE('',*,*,#2089,.F.);
#2771=ORIENTED_EDGE('',*,*,#1758,.T.);
#2772=ORIENTED_EDGE('',*,*,#2086,.F.);
#2773=ORIENTED_EDGE('',*,*,#1907,.T.);
#2774=ORIENTED_EDGE('',*,*,#2085,.T.);
#2775=ORIENTED_EDGE('',*,*,#1785,.T.);
#2776=ORIENTED_EDGE('',*,*,#2087,.T.);
#2777=ORIENTED_EDGE('',*,*,#2090,.F.);
#2778=ORIENTED_EDGE('',*,*,#1760,.F.);
#2779=ORIENTED_EDGE('',*,*,#2091,.F.);
#2780=ORIENTED_EDGE('',*,*,#1787,.T.);
#2781=ORIENTED_EDGE('',*,*,#1788,.F.);
#2782=ORIENTED_EDGE('',*,*,#2091,.T.);
#2783=ORIENTED_EDGE('',*,*,#1759,.T.);
#2784=ORIENTED_EDGE('',*,*,#2088,.T.);
#2785=ORIENTED_EDGE('',*,*,#1786,.F.);
#2786=ORIENTED_EDGE('',*,*,#2084,.F.);
#2787=ORIENTED_EDGE('',*,*,#1757,.T.);
#2788=ORIENTED_EDGE('',*,*,#2090,.T.);
#2789=ORIENTED_EDGE('',*,*,#2092,.T.);
#2790=ORIENTED_EDGE('',*,*,#2093,.F.);
#2791=ORIENTED_EDGE('',*,*,#1857,.T.);
#2792=ORIENTED_EDGE('',*,*,#2094,.T.);
#2793=ORIENTED_EDGE('',*,*,#2095,.F.);
#2794=ORIENTED_EDGE('',*,*,#2096,.F.);
#2795=ORIENTED_EDGE('',*,*,#2097,.T.);
#2796=ORIENTED_EDGE('',*,*,#1855,.F.);
#2797=ORIENTED_EDGE('',*,*,#1896,.F.);
#2798=ORIENTED_EDGE('',*,*,#2097,.F.);
#2799=ORIENTED_EDGE('',*,*,#2098,.T.);
#2800=ORIENTED_EDGE('',*,*,#2094,.F.);
#2801=ORIENTED_EDGE('',*,*,#1899,.T.);
#2802=ORIENTED_EDGE('',*,*,#2093,.T.);
#2803=ORIENTED_EDGE('',*,*,#2099,.T.);
#2804=ORIENTED_EDGE('',*,*,#2095,.T.);
#2805=ORIENTED_EDGE('',*,*,#2100,.F.);
#2806=ORIENTED_EDGE('',*,*,#2098,.F.);
#2807=ORIENTED_EDGE('',*,*,#2101,.F.);
#2808=ORIENTED_EDGE('',*,*,#2102,.T.);
#2809=ORIENTED_EDGE('',*,*,#2099,.F.);
#2810=ORIENTED_EDGE('',*,*,#2103,.T.);
#2811=ORIENTED_EDGE('',*,*,#2104,.F.);
#2812=ORIENTED_EDGE('',*,*,#2105,.T.);
#2813=ORIENTED_EDGE('',*,*,#2106,.F.);
#2814=ORIENTED_EDGE('',*,*,#2102,.F.);
#2815=ORIENTED_EDGE('',*,*,#2107,.F.);
#2816=ORIENTED_EDGE('',*,*,#2104,.T.);
#2817=ORIENTED_EDGE('',*,*,#2105,.F.);
#2818=ORIENTED_EDGE('',*,*,#2107,.T.);
#2819=ORIENTED_EDGE('',*,*,#2101,.T.);
#2820=ORIENTED_EDGE('',*,*,#2096,.T.);
#2821=ORIENTED_EDGE('',*,*,#2103,.F.);
#2822=ORIENTED_EDGE('',*,*,#2092,.F.);
#2823=ORIENTED_EDGE('',*,*,#2100,.T.);
#2824=ORIENTED_EDGE('',*,*,#2106,.T.);
#2825=ORIENTED_EDGE('',*,*,#2108,.T.);
#2826=ORIENTED_EDGE('',*,*,#2109,.F.);
#2827=ORIENTED_EDGE('',*,*,#1853,.T.);
#2828=ORIENTED_EDGE('',*,*,#2110,.T.);
#2829=ORIENTED_EDGE('',*,*,#2111,.F.);
#2830=ORIENTED_EDGE('',*,*,#2112,.T.);
#2831=ORIENTED_EDGE('',*,*,#2113,.T.);
#2832=ORIENTED_EDGE('',*,*,#2114,.F.);
#2833=ORIENTED_EDGE('',*,*,#1886,.F.);
#2834=ORIENTED_EDGE('',*,*,#2113,.F.);
#2835=ORIENTED_EDGE('',*,*,#2115,.T.);
#2836=ORIENTED_EDGE('',*,*,#2110,.F.);
#2837=ORIENTED_EDGE('',*,*,#1890,.T.);
#2838=ORIENTED_EDGE('',*,*,#2109,.T.);
#2839=ORIENTED_EDGE('',*,*,#2116,.T.);
#2840=ORIENTED_EDGE('',*,*,#2111,.T.);
#2841=ORIENTED_EDGE('',*,*,#2117,.F.);
#2842=ORIENTED_EDGE('',*,*,#2115,.F.);
#2843=ORIENTED_EDGE('',*,*,#2118,.T.);
#2844=ORIENTED_EDGE('',*,*,#2119,.T.);
#2845=ORIENTED_EDGE('',*,*,#2120,.F.);
#2846=ORIENTED_EDGE('',*,*,#2121,.F.);
#2847=ORIENTED_EDGE('',*,*,#2122,.T.);
#2848=ORIENTED_EDGE('',*,*,#2123,.F.);
#2849=ORIENTED_EDGE('',*,*,#2116,.F.);
#2850=ORIENTED_EDGE('',*,*,#2124,.T.);
#2851=ORIENTED_EDGE('',*,*,#2125,.F.);
#2852=ORIENTED_EDGE('',*,*,#2126,.F.);
#2853=ORIENTED_EDGE('',*,*,#2127,.F.);
#2854=ORIENTED_EDGE('',*,*,#2128,.F.);
#2855=ORIENTED_EDGE('',*,*,#2129,.F.);
#2856=ORIENTED_EDGE('',*,*,#2130,.F.);
#2857=ORIENTED_EDGE('',*,*,#2131,.F.);
#2858=ORIENTED_EDGE('',*,*,#2119,.F.);
#2859=ORIENTED_EDGE('',*,*,#2132,.T.);
#2860=ORIENTED_EDGE('',*,*,#2125,.T.);
#2861=ORIENTED_EDGE('',*,*,#2112,.F.);
#2862=ORIENTED_EDGE('',*,*,#2126,.T.);
#2863=ORIENTED_EDGE('',*,*,#2132,.F.);
#2864=ORIENTED_EDGE('',*,*,#2118,.F.);
#2865=ORIENTED_EDGE('',*,*,#2124,.F.);
#2866=ORIENTED_EDGE('',*,*,#2108,.F.);
#2867=ORIENTED_EDGE('',*,*,#2117,.T.);
#2868=ORIENTED_EDGE('',*,*,#2131,.T.);
#2869=ORIENTED_EDGE('',*,*,#2133,.F.);
#2870=ORIENTED_EDGE('',*,*,#1840,.T.);
#2871=ORIENTED_EDGE('',*,*,#2134,.T.);
#2872=ORIENTED_EDGE('',*,*,#1843,.F.);
#2873=ORIENTED_EDGE('',*,*,#2114,.T.);
#2874=ORIENTED_EDGE('',*,*,#1885,.T.);
#2875=ORIENTED_EDGE('',*,*,#2133,.T.);
#2876=ORIENTED_EDGE('',*,*,#1891,.F.);
#2877=ORIENTED_EDGE('',*,*,#1850,.T.);
#2878=ORIENTED_EDGE('',*,*,#2134,.F.);
#2879=ORIENTED_EDGE('',*,*,#1847,.F.);
#2880=ORIENTED_EDGE('',*,*,#1852,.F.);
#2881=ORIENTED_EDGE('',*,*,#2135,.F.);
#2882=ORIENTED_EDGE('',*,*,#1889,.F.);
#2883=ORIENTED_EDGE('',*,*,#1931,.F.);
#2884=ORIENTED_EDGE('',*,*,#1892,.T.);
#2885=ORIENTED_EDGE('',*,*,#1838,.T.);
#2886=ORIENTED_EDGE('',*,*,#2135,.T.);
#2887=ORIENTED_EDGE('',*,*,#1841,.F.);
#2888=ORIENTED_EDGE('',*,*,#2136,.F.);
#2889=ORIENTED_EDGE('',*,*,#1851,.F.);
#2890=ORIENTED_EDGE('',*,*,#1845,.F.);
#2891=ORIENTED_EDGE('',*,*,#2136,.T.);
#2892=ORIENTED_EDGE('',*,*,#1849,.T.);
#2893=ORIENTED_EDGE('',*,*,#2137,.F.);
#2894=ORIENTED_EDGE('',*,*,#1824,.T.);
#2895=ORIENTED_EDGE('',*,*,#2138,.T.);
#2896=ORIENTED_EDGE('',*,*,#1827,.F.);
#2897=ORIENTED_EDGE('',*,*,#2032,.T.);
#2898=ORIENTED_EDGE('',*,*,#1922,.T.);
#2899=ORIENTED_EDGE('',*,*,#2137,.T.);
#2900=ORIENTED_EDGE('',*,*,#1927,.F.);
#2901=ORIENTED_EDGE('',*,*,#1834,.T.);
#2902=ORIENTED_EDGE('',*,*,#2138,.F.);
#2903=ORIENTED_EDGE('',*,*,#1831,.F.);
#2904=ORIENTED_EDGE('',*,*,#1836,.F.);
#2905=ORIENTED_EDGE('',*,*,#2053,.F.);
#2906=ORIENTED_EDGE('',*,*,#1928,.T.);
#2907=ORIENTED_EDGE('',*,*,#2139,.T.);
#2908=ORIENTED_EDGE('',*,*,#1921,.F.);
#2909=ORIENTED_EDGE('',*,*,#2139,.F.);
#2910=ORIENTED_EDGE('',*,*,#1825,.F.);
#2911=ORIENTED_EDGE('',*,*,#2140,.T.);
#2912=ORIENTED_EDGE('',*,*,#1822,.T.);
#2913=ORIENTED_EDGE('',*,*,#1835,.F.);
#2914=ORIENTED_EDGE('',*,*,#1829,.T.);
#2915=ORIENTED_EDGE('',*,*,#2140,.F.);
#2916=ORIENTED_EDGE('',*,*,#1833,.F.);
#2917=ORIENTED_EDGE('',*,*,#2128,.T.);
#2918=ORIENTED_EDGE('',*,*,#2141,.F.);
#2919=ORIENTED_EDGE('',*,*,#2123,.T.);
#2920=ORIENTED_EDGE('',*,*,#2142,.F.);
#2921=ORIENTED_EDGE('',*,*,#2130,.T.);
#2922=ORIENTED_EDGE('',*,*,#2143,.F.);
#2923=ORIENTED_EDGE('',*,*,#2121,.T.);
#2924=ORIENTED_EDGE('',*,*,#2144,.F.);
#2925=ORIENTED_EDGE('',*,*,#2129,.T.);
#2926=ORIENTED_EDGE('',*,*,#2142,.T.);
#2927=ORIENTED_EDGE('',*,*,#2122,.F.);
#2928=ORIENTED_EDGE('',*,*,#2143,.T.);
#2929=ORIENTED_EDGE('',*,*,#2127,.T.);
#2930=ORIENTED_EDGE('',*,*,#2144,.T.);
#2931=ORIENTED_EDGE('',*,*,#2120,.T.);
#2932=ORIENTED_EDGE('',*,*,#2141,.T.);
#2933=ORIENTED_EDGE('',*,*,#2064,.T.);
#2934=ORIENTED_EDGE('',*,*,#2145,.F.);
#2935=ORIENTED_EDGE('',*,*,#1819,.T.);
#2936=ORIENTED_EDGE('',*,*,#2146,.F.);
#2937=ORIENTED_EDGE('',*,*,#2062,.T.);
#2938=ORIENTED_EDGE('',*,*,#2147,.F.);
#2939=ORIENTED_EDGE('',*,*,#1817,.T.);
#2940=ORIENTED_EDGE('',*,*,#2148,.F.);
#2941=ORIENTED_EDGE('',*,*,#2065,.T.);
#2942=ORIENTED_EDGE('',*,*,#2146,.T.);
#2943=ORIENTED_EDGE('',*,*,#1818,.F.);
#2944=ORIENTED_EDGE('',*,*,#2147,.T.);
#2945=ORIENTED_EDGE('',*,*,#2063,.T.);
#2946=ORIENTED_EDGE('',*,*,#2148,.T.);
#2947=ORIENTED_EDGE('',*,*,#1820,.T.);
#2948=ORIENTED_EDGE('',*,*,#2145,.T.);
#2949=ORIENTED_EDGE('',*,*,#1812,.T.);
#2950=ORIENTED_EDGE('',*,*,#2149,.F.);
#2951=ORIENTED_EDGE('',*,*,#1762,.T.);
#2952=ORIENTED_EDGE('',*,*,#2150,.F.);
#2953=ORIENTED_EDGE('',*,*,#1756,.F.);
#2954=ORIENTED_EDGE('',*,*,#1763,.F.);
#2955=ORIENTED_EDGE('',*,*,#2149,.T.);
#2956=ORIENTED_EDGE('',*,*,#1811,.F.);
#2957=ORIENTED_EDGE('',*,*,#1810,.T.);
#2958=ORIENTED_EDGE('',*,*,#2150,.T.);
#2959=ORIENTED_EDGE('',*,*,#1761,.T.);
#2960=ORIENTED_EDGE('',*,*,#1754,.T.);
#2961=ORIENTED_EDGE('',*,*,#1809,.T.);
#2962=ORIENTED_EDGE('',*,*,#2151,.F.);
#2963=ORIENTED_EDGE('',*,*,#1784,.T.);
#2964=ORIENTED_EDGE('',*,*,#2152,.F.);
#2965=ORIENTED_EDGE('',*,*,#1752,.F.);
#2966=ORIENTED_EDGE('',*,*,#1782,.F.);
#2967=ORIENTED_EDGE('',*,*,#2151,.T.);
#2968=ORIENTED_EDGE('',*,*,#1808,.F.);
#2969=ORIENTED_EDGE('',*,*,#1807,.T.);
#2970=ORIENTED_EDGE('',*,*,#2152,.T.);
#2971=ORIENTED_EDGE('',*,*,#1783,.T.);
#2972=ORIENTED_EDGE('',*,*,#1750,.T.);
#2973=ORIENTED_EDGE('',*,*,#1804,.T.);
#2974=ORIENTED_EDGE('',*,*,#2153,.F.);
#2975=ORIENTED_EDGE('',*,*,#1780,.T.);
#2976=ORIENTED_EDGE('',*,*,#2154,.F.);
#2977=ORIENTED_EDGE('',*,*,#1748,.F.);
#2978=ORIENTED_EDGE('',*,*,#1781,.F.);
#2979=ORIENTED_EDGE('',*,*,#2153,.T.);
#2980=ORIENTED_EDGE('',*,*,#1806,.F.);
#2981=ORIENTED_EDGE('',*,*,#1805,.T.);
#2982=ORIENTED_EDGE('',*,*,#2154,.T.);
#2983=ORIENTED_EDGE('',*,*,#1779,.T.);
#2984=ORIENTED_EDGE('',*,*,#1746,.T.);
#2985=ORIENTED_EDGE('',*,*,#1802,.T.);
#2986=ORIENTED_EDGE('',*,*,#2155,.F.);
#2987=ORIENTED_EDGE('',*,*,#1766,.T.);
#2988=ORIENTED_EDGE('',*,*,#2156,.F.);
#2989=ORIENTED_EDGE('',*,*,#1744,.F.);
#2990=ORIENTED_EDGE('',*,*,#1764,.F.);
#2991=ORIENTED_EDGE('',*,*,#2155,.T.);
#2992=ORIENTED_EDGE('',*,*,#1801,.F.);
#2993=ORIENTED_EDGE('',*,*,#1803,.T.);
#2994=ORIENTED_EDGE('',*,*,#2156,.T.);
#2995=ORIENTED_EDGE('',*,*,#1765,.T.);
#2996=ORIENTED_EDGE('',*,*,#1742,.T.);
#2997=ORIENTED_EDGE('',*,*,#1790,.T.);
#2998=ORIENTED_EDGE('',*,*,#2157,.F.);
#2999=ORIENTED_EDGE('',*,*,#1777,.T.);
#3000=ORIENTED_EDGE('',*,*,#2158,.F.);
#3001=ORIENTED_EDGE('',*,*,#1740,.F.);
#3002=ORIENTED_EDGE('',*,*,#1778,.F.);
#3003=ORIENTED_EDGE('',*,*,#2157,.T.);
#3004=ORIENTED_EDGE('',*,*,#1789,.F.);
#3005=ORIENTED_EDGE('',*,*,#1791,.T.);
#3006=ORIENTED_EDGE('',*,*,#2158,.T.);
#3007=ORIENTED_EDGE('',*,*,#1776,.T.);
#3008=ORIENTED_EDGE('',*,*,#1738,.T.);
#3009=ORIENTED_EDGE('',*,*,#1799,.T.);
#3010=ORIENTED_EDGE('',*,*,#2159,.F.);
#3011=ORIENTED_EDGE('',*,*,#1774,.T.);
#3012=ORIENTED_EDGE('',*,*,#2160,.F.);
#3013=ORIENTED_EDGE('',*,*,#1736,.F.);
#3014=ORIENTED_EDGE('',*,*,#1775,.F.);
#3015=ORIENTED_EDGE('',*,*,#2159,.T.);
#3016=ORIENTED_EDGE('',*,*,#1798,.F.);
#3017=ORIENTED_EDGE('',*,*,#1800,.T.);
#3018=ORIENTED_EDGE('',*,*,#2160,.T.);
#3019=ORIENTED_EDGE('',*,*,#1773,.T.);
#3020=ORIENTED_EDGE('',*,*,#1734,.T.);
#3021=ORIENTED_EDGE('',*,*,#1796,.T.);
#3022=ORIENTED_EDGE('',*,*,#2161,.F.);
#3023=ORIENTED_EDGE('',*,*,#1771,.T.);
#3024=ORIENTED_EDGE('',*,*,#2162,.F.);
#3025=ORIENTED_EDGE('',*,*,#1732,.F.);
#3026=ORIENTED_EDGE('',*,*,#1772,.F.);
#3027=ORIENTED_EDGE('',*,*,#2161,.T.);
#3028=ORIENTED_EDGE('',*,*,#1795,.F.);
#3029=ORIENTED_EDGE('',*,*,#1797,.T.);
#3030=ORIENTED_EDGE('',*,*,#2162,.T.);
#3031=ORIENTED_EDGE('',*,*,#1770,.T.);
#3032=ORIENTED_EDGE('',*,*,#1730,.T.);
#3033=ORIENTED_EDGE('',*,*,#1792,.T.);
#3034=ORIENTED_EDGE('',*,*,#2163,.F.);
#3035=ORIENTED_EDGE('',*,*,#1769,.T.);
#3036=ORIENTED_EDGE('',*,*,#2164,.F.);
#3037=ORIENTED_EDGE('',*,*,#1728,.F.);
#3038=ORIENTED_EDGE('',*,*,#1767,.F.);
#3039=ORIENTED_EDGE('',*,*,#2163,.T.);
#3040=ORIENTED_EDGE('',*,*,#1794,.F.);
#3041=ORIENTED_EDGE('',*,*,#1793,.T.);
#3042=ORIENTED_EDGE('',*,*,#2164,.T.);
#3043=ORIENTED_EDGE('',*,*,#1768,.T.);
#3044=ORIENTED_EDGE('',*,*,#1726,.T.);
#3045=ORIENTED_EDGE('',*,*,#2005,.T.);
#3046=ORIENTED_EDGE('',*,*,#2165,.F.);
#3047=ORIENTED_EDGE('',*,*,#1990,.T.);
#3048=ORIENTED_EDGE('',*,*,#2166,.F.);
#3049=ORIENTED_EDGE('',*,*,#2006,.T.);
#3050=ORIENTED_EDGE('',*,*,#2166,.T.);
#3051=ORIENTED_EDGE('',*,*,#1992,.F.);
#3052=ORIENTED_EDGE('',*,*,#1722,.T.);
#3053=ORIENTED_EDGE('',*,*,#2007,.T.);
#3054=ORIENTED_EDGE('',*,*,#1724,.F.);
#3055=ORIENTED_EDGE('',*,*,#1991,.T.);
#3056=ORIENTED_EDGE('',*,*,#2165,.T.);
#3057=ORIENTED_EDGE('',*,*,#2002,.T.);
#3058=ORIENTED_EDGE('',*,*,#2167,.F.);
#3059=ORIENTED_EDGE('',*,*,#1987,.T.);
#3060=ORIENTED_EDGE('',*,*,#2168,.F.);
#3061=ORIENTED_EDGE('',*,*,#2003,.T.);
#3062=ORIENTED_EDGE('',*,*,#2168,.T.);
#3063=ORIENTED_EDGE('',*,*,#1989,.F.);
#3064=ORIENTED_EDGE('',*,*,#1718,.T.);
#3065=ORIENTED_EDGE('',*,*,#2004,.T.);
#3066=ORIENTED_EDGE('',*,*,#1720,.F.);
#3067=ORIENTED_EDGE('',*,*,#1988,.T.);
#3068=ORIENTED_EDGE('',*,*,#2167,.T.);
#3069=ORIENTED_EDGE('',*,*,#2000,.T.);
#3070=ORIENTED_EDGE('',*,*,#2169,.F.);
#3071=ORIENTED_EDGE('',*,*,#1985,.T.);
#3072=ORIENTED_EDGE('',*,*,#2170,.F.);
#3073=ORIENTED_EDGE('',*,*,#2001,.T.);
#3074=ORIENTED_EDGE('',*,*,#2170,.T.);
#3075=ORIENTED_EDGE('',*,*,#1984,.F.);
#3076=ORIENTED_EDGE('',*,*,#1714,.T.);
#3077=ORIENTED_EDGE('',*,*,#1999,.T.);
#3078=ORIENTED_EDGE('',*,*,#1716,.F.);
#3079=ORIENTED_EDGE('',*,*,#1986,.T.);
#3080=ORIENTED_EDGE('',*,*,#2169,.T.);
#3081=ORIENTED_EDGE('',*,*,#1998,.T.);
#3082=ORIENTED_EDGE('',*,*,#2171,.F.);
#3083=ORIENTED_EDGE('',*,*,#1982,.T.);
#3084=ORIENTED_EDGE('',*,*,#2172,.F.);
#3085=ORIENTED_EDGE('',*,*,#1996,.T.);
#3086=ORIENTED_EDGE('',*,*,#2172,.T.);
#3087=ORIENTED_EDGE('',*,*,#1981,.F.);
#3088=ORIENTED_EDGE('',*,*,#1710,.T.);
#3089=ORIENTED_EDGE('',*,*,#1997,.T.);
#3090=ORIENTED_EDGE('',*,*,#1712,.F.);
#3091=ORIENTED_EDGE('',*,*,#1983,.T.);
#3092=ORIENTED_EDGE('',*,*,#2171,.T.);
#3093=ORIENTED_EDGE('',*,*,#2048,.T.);
#3094=ORIENTED_EDGE('',*,*,#2173,.F.);
#3095=ORIENTED_EDGE('',*,*,#2038,.T.);
#3096=ORIENTED_EDGE('',*,*,#2174,.F.);
#3097=ORIENTED_EDGE('',*,*,#2046,.T.);
#3098=ORIENTED_EDGE('',*,*,#2175,.F.);
#3099=ORIENTED_EDGE('',*,*,#2040,.T.);
#3100=ORIENTED_EDGE('',*,*,#2176,.F.);
#3101=ORIENTED_EDGE('',*,*,#2045,.T.);
#3102=ORIENTED_EDGE('',*,*,#2174,.T.);
#3103=ORIENTED_EDGE('',*,*,#2041,.F.);
#3104=ORIENTED_EDGE('',*,*,#2175,.T.);
#3105=ORIENTED_EDGE('',*,*,#2047,.T.);
#3106=ORIENTED_EDGE('',*,*,#2176,.T.);
#3107=ORIENTED_EDGE('',*,*,#2039,.T.);
#3108=ORIENTED_EDGE('',*,*,#2173,.T.);
#3109=ORIENTED_EDGE('',*,*,#1951,.T.);
#3110=ORIENTED_EDGE('',*,*,#2177,.F.);
#3111=ORIENTED_EDGE('',*,*,#1941,.T.);
#3112=ORIENTED_EDGE('',*,*,#2178,.F.);
#3113=ORIENTED_EDGE('',*,*,#1949,.T.);
#3114=ORIENTED_EDGE('',*,*,#2179,.F.);
#3115=ORIENTED_EDGE('',*,*,#1943,.T.);
#3116=ORIENTED_EDGE('',*,*,#2180,.F.);
#3117=ORIENTED_EDGE('',*,*,#1948,.T.);
#3118=ORIENTED_EDGE('',*,*,#2178,.T.);
#3119=ORIENTED_EDGE('',*,*,#1944,.F.);
#3120=ORIENTED_EDGE('',*,*,#2179,.T.);
#3121=ORIENTED_EDGE('',*,*,#1950,.T.);
#3122=ORIENTED_EDGE('',*,*,#2180,.T.);
#3123=ORIENTED_EDGE('',*,*,#1942,.T.);
#3124=ORIENTED_EDGE('',*,*,#2177,.T.);
#3125=CYLINDRICAL_SURFACE('',#3405,2.14999999999999);
#3126=CYLINDRICAL_SURFACE('',#3408,2.15);
#3127=CYLINDRICAL_SURFACE('',#3411,2.15);
#3128=CYLINDRICAL_SURFACE('',#3414,2.14999999999999);
#3129=CYLINDRICAL_SURFACE('',#3417,2.14999999999999);
#3130=CYLINDRICAL_SURFACE('',#3420,2.14999999999999);
#3131=CYLINDRICAL_SURFACE('',#3423,2.14999999999999);
#3132=CYLINDRICAL_SURFACE('',#3426,2.14999999999999);
#3133=CYLINDRICAL_SURFACE('',#3429,2.14999999999999);
#3134=CYLINDRICAL_SURFACE('',#3432,2.14999999999999);
#3135=CYLINDRICAL_SURFACE('',#3435,2.14999999999999);
#3136=CYLINDRICAL_SURFACE('',#3438,2.14999999999999);
#3137=CYLINDRICAL_SURFACE('',#3462,1.99999999999999);
#3138=CYLINDRICAL_SURFACE('',#3465,1.19999999999999);
#3139=CYLINDRICAL_SURFACE('',#3471,1.99999999999999);
#3140=CYLINDRICAL_SURFACE('',#3474,1.19999999999999);
#3141=CYLINDRICAL_SURFACE('',#3506,2.);
#3142=CYLINDRICAL_SURFACE('',#3509,2.);
#3143=CYLINDRICAL_SURFACE('',#3512,2.);
#3144=CYLINDRICAL_SURFACE('',#3515,2.);
#3145=CYLINDRICAL_SURFACE('',#3518,1.20000000000001);
#3146=CYLINDRICAL_SURFACE('',#3519,1.2);
#3147=CYLINDRICAL_SURFACE('',#3520,1.2);
#3148=CYLINDRICAL_SURFACE('',#3521,1.20000000000001);
#3149=CYLINDRICAL_SURFACE('',#3525,2.);
#3150=CYLINDRICAL_SURFACE('',#3526,1.2);
#3151=CYLINDRICAL_SURFACE('',#3536,2.);
#3152=CYLINDRICAL_SURFACE('',#3537,1.2);
#3153=CYLINDRICAL_SURFACE('',#3543,2.);
#3154=CYLINDRICAL_SURFACE('',#3544,1.2);
#3155=CYLINDRICAL_SURFACE('',#3558,2.);
#3156=CYLINDRICAL_SURFACE('',#3559,1.2);
#3157=CYLINDRICAL_SURFACE('',#3568,2.);
#3158=CYLINDRICAL_SURFACE('',#3569,1.2);
#3159=CYLINDRICAL_SURFACE('',#3582,2.);
#3160=CYLINDRICAL_SURFACE('',#3583,1.20000000000001);
#3161=CYLINDRICAL_SURFACE('',#3590,2.);
#3162=CYLINDRICAL_SURFACE('',#3591,1.20000000000001);
#3163=CYLINDRICAL_SURFACE('',#3597,2.);
#3164=CYLINDRICAL_SURFACE('',#3598,1.20000000000001);
#3165=CYLINDRICAL_SURFACE('',#3602,2.);
#3166=CYLINDRICAL_SURFACE('',#3603,1.20000000000001);
#3167=CYLINDRICAL_SURFACE('',#3612,2.);
#3168=CYLINDRICAL_SURFACE('',#3613,1.20000000000001);
#3169=CYLINDRICAL_SURFACE('',#3635,2.14999999999999);
#3170=CYLINDRICAL_SURFACE('',#3636,2.14999999999999);
#3171=CYLINDRICAL_SURFACE('',#3639,2.14999999999999);
#3172=CYLINDRICAL_SURFACE('',#3640,2.14999999999999);
#3173=CYLINDRICAL_SURFACE('',#3643,2.14999999999999);
#3174=CYLINDRICAL_SURFACE('',#3646,2.14999999999999);
#3175=CYLINDRICAL_SURFACE('',#3649,2.14999999999999);
#3176=CYLINDRICAL_SURFACE('',#3652,2.14999999999999);
#3177=CYLINDRICAL_SURFACE('',#3655,2.14999999999999);
#3178=CYLINDRICAL_SURFACE('',#3658,2.14999999999999);
#3179=CYLINDRICAL_SURFACE('',#3661,2.14999999999999);
#3180=CYLINDRICAL_SURFACE('',#3664,2.14999999999999);
#3181=CYLINDRICAL_SURFACE('',#3667,2.14999999999999);
#3182=CYLINDRICAL_SURFACE('',#3670,2.15);
#3183=CYLINDRICAL_SURFACE('',#3673,2.15);
#3184=CYLINDRICAL_SURFACE('',#3676,2.14999999999999);
#3185=CYLINDRICAL_SURFACE('',#3679,2.14999999999999);
#3186=CYLINDRICAL_SURFACE('',#3680,2.14999999999999);
#3187=CYLINDRICAL_SURFACE('',#3683,2.14999999999999);
#3188=CYLINDRICAL_SURFACE('',#3684,2.14999999999999);
#3189=ADVANCED_FACE('',(#217),#3125,.F.);
#3190=ADVANCED_FACE('',(#218),#3126,.F.);
#3191=ADVANCED_FACE('',(#219),#3127,.F.);
#3192=ADVANCED_FACE('',(#220),#3128,.F.);
#3193=ADVANCED_FACE('',(#221),#3129,.F.);
#3194=ADVANCED_FACE('',(#222),#3130,.F.);
#3195=ADVANCED_FACE('',(#223),#3131,.F.);
#3196=ADVANCED_FACE('',(#224),#3132,.F.);
#3197=ADVANCED_FACE('',(#225),#3133,.F.);
#3198=ADVANCED_FACE('',(#226),#3134,.F.);
#3199=ADVANCED_FACE('',(#227),#3135,.F.);
#3200=ADVANCED_FACE('',(#228),#3136,.F.);
#3201=ADVANCED_FACE('',(#229,#63,#64,#65,#66,#67,#68,#69,#70),#95,.F.);
#3202=ADVANCED_FACE('',(#230,#71,#72,#73,#74,#75,#76,#77,#78),#96,.T.);
#3203=ADVANCED_FACE('',(#231,#79),#97,.F.);
#3204=ADVANCED_FACE('',(#232),#3137,.T.);
#3205=ADVANCED_FACE('',(#233),#3138,.F.);
#3206=ADVANCED_FACE('',(#234),#98,.F.);
#3207=ADVANCED_FACE('',(#235),#99,.T.);
#3208=ADVANCED_FACE('',(#236),#100,.F.);
#3209=ADVANCED_FACE('',(#237),#3139,.T.);
#3210=ADVANCED_FACE('',(#238),#3140,.F.);
#3211=ADVANCED_FACE('',(#239),#101,.F.);
#3212=ADVANCED_FACE('',(#240),#102,.T.);
#3213=ADVANCED_FACE('',(#241),#103,.F.);
#3214=ADVANCED_FACE('',(#242),#104,.T.);
#3215=ADVANCED_FACE('',(#243),#105,.T.);
#3216=ADVANCED_FACE('',(#244),#106,.T.);
#3217=ADVANCED_FACE('',(#245),#107,.T.);
#3218=ADVANCED_FACE('',(#246),#108,.T.);
#3219=ADVANCED_FACE('',(#247),#109,.T.);
#3220=ADVANCED_FACE('',(#248),#110,.T.);
#3221=ADVANCED_FACE('',(#249),#111,.T.);
#3222=ADVANCED_FACE('',(#250),#112,.T.);
#3223=ADVANCED_FACE('',(#251),#113,.F.);
#3224=ADVANCED_FACE('',(#252),#3141,.T.);
#3225=ADVANCED_FACE('',(#253),#114,.T.);
#3226=ADVANCED_FACE('',(#254),#115,.F.);
#3227=ADVANCED_FACE('',(#255),#3142,.T.);
#3228=ADVANCED_FACE('',(#256),#116,.T.);
#3229=ADVANCED_FACE('',(#257),#117,.F.);
#3230=ADVANCED_FACE('',(#258),#3143,.T.);
#3231=ADVANCED_FACE('',(#259),#118,.T.);
#3232=ADVANCED_FACE('',(#260),#119,.F.);
#3233=ADVANCED_FACE('',(#261),#3144,.T.);
#3234=ADVANCED_FACE('',(#262),#120,.T.);
#3235=ADVANCED_FACE('',(#263),#121,.F.);
#3236=ADVANCED_FACE('',(#264),#3145,.F.);
#3237=ADVANCED_FACE('',(#265),#3146,.F.);
#3238=ADVANCED_FACE('',(#266),#3147,.F.);
#3239=ADVANCED_FACE('',(#267),#3148,.F.);
#3240=ADVANCED_FACE('',(#268),#122,.T.);
#3241=ADVANCED_FACE('',(#269),#47,.F.);
#3242=ADVANCED_FACE('',(#270),#3149,.T.);
#3243=ADVANCED_FACE('',(#271),#3150,.F.);
#3244=ADVANCED_FACE('',(#272,#80),#123,.F.);
#3245=ADVANCED_FACE('',(#273,#81),#124,.T.);
#3246=ADVANCED_FACE('',(#274),#125,.F.);
#3247=ADVANCED_FACE('',(#275),#126,.F.);
#3248=ADVANCED_FACE('',(#276),#127,.T.);
#3249=ADVANCED_FACE('',(#277),#48,.F.);
#3250=ADVANCED_FACE('',(#278),#49,.F.);
#3251=ADVANCED_FACE('',(#279),#3151,.T.);
#3252=ADVANCED_FACE('',(#280),#3152,.F.);
#3253=ADVANCED_FACE('',(#281),#128,.F.);
#3254=ADVANCED_FACE('',(#282),#129,.T.);
#3255=ADVANCED_FACE('',(#283),#130,.F.);
#3256=ADVANCED_FACE('',(#284),#131,.T.);
#3257=ADVANCED_FACE('',(#285),#132,.T.);
#3258=ADVANCED_FACE('',(#286),#50,.F.);
#3259=ADVANCED_FACE('',(#287),#51,.F.);
#3260=ADVANCED_FACE('',(#288),#3153,.T.);
#3261=ADVANCED_FACE('',(#289),#3154,.F.);
#3262=ADVANCED_FACE('',(#290,#82,#83,#84,#85),#133,.F.);
#3263=ADVANCED_FACE('',(#291,#86,#87,#88,#89),#134,.T.);
#3264=ADVANCED_FACE('',(#292),#135,.F.);
#3265=ADVANCED_FACE('',(#293),#136,.T.);
#3266=ADVANCED_FACE('',(#294),#137,.T.);
#3267=ADVANCED_FACE('',(#295),#52,.F.);
#3268=ADVANCED_FACE('',(#296),#53,.F.);
#3269=ADVANCED_FACE('',(#297),#3155,.T.);
#3270=ADVANCED_FACE('',(#298),#3156,.F.);
#3271=ADVANCED_FACE('',(#299),#138,.F.);
#3272=ADVANCED_FACE('',(#300),#139,.T.);
#3273=ADVANCED_FACE('',(#301),#140,.F.);
#3274=ADVANCED_FACE('',(#302),#141,.T.);
#3275=ADVANCED_FACE('',(#303),#142,.T.);
#3276=ADVANCED_FACE('',(#304),#54,.F.);
#3277=ADVANCED_FACE('',(#305),#143,.F.);
#3278=ADVANCED_FACE('',(#306),#3157,.T.);
#3279=ADVANCED_FACE('',(#307),#3158,.F.);
#3280=ADVANCED_FACE('',(#308,#90),#144,.F.);
#3281=ADVANCED_FACE('',(#309,#91),#145,.T.);
#3282=ADVANCED_FACE('',(#310),#146,.F.);
#3283=ADVANCED_FACE('',(#311),#147,.F.);
#3284=ADVANCED_FACE('',(#312),#148,.T.);
#3285=ADVANCED_FACE('',(#313),#149,.T.);
#3286=ADVANCED_FACE('',(#314),#55,.F.);
#3287=ADVANCED_FACE('',(#315),#3159,.T.);
#3288=ADVANCED_FACE('',(#316),#3160,.F.);
#3289=ADVANCED_FACE('',(#317,#92),#150,.T.);
#3290=ADVANCED_FACE('',(#318),#151,.F.);
#3291=ADVANCED_FACE('',(#319),#152,.F.);
#3292=ADVANCED_FACE('',(#320),#153,.T.);
#3293=ADVANCED_FACE('',(#321),#56,.F.);
#3294=ADVANCED_FACE('',(#322),#57,.F.);
#3295=ADVANCED_FACE('',(#323),#3161,.T.);
#3296=ADVANCED_FACE('',(#324),#3162,.F.);
#3297=ADVANCED_FACE('',(#325),#154,.F.);
#3298=ADVANCED_FACE('',(#326),#155,.T.);
#3299=ADVANCED_FACE('',(#327),#156,.F.);
#3300=ADVANCED_FACE('',(#328),#157,.T.);
#3301=ADVANCED_FACE('',(#329),#158,.T.);
#3302=ADVANCED_FACE('',(#330),#58,.F.);
#3303=ADVANCED_FACE('',(#331),#59,.F.);
#3304=ADVANCED_FACE('',(#332),#3163,.T.);
#3305=ADVANCED_FACE('',(#333),#3164,.F.);
#3306=ADVANCED_FACE('',(#334),#159,.F.);
#3307=ADVANCED_FACE('',(#335),#160,.T.);
#3308=ADVANCED_FACE('',(#336),#161,.T.);
#3309=ADVANCED_FACE('',(#337),#60,.F.);
#3310=ADVANCED_FACE('',(#338),#61,.F.);
#3311=ADVANCED_FACE('',(#339),#3165,.T.);
#3312=ADVANCED_FACE('',(#340),#3166,.F.);
#3313=ADVANCED_FACE('',(#341),#162,.F.);
#3314=ADVANCED_FACE('',(#342),#163,.T.);
#3315=ADVANCED_FACE('',(#343),#164,.F.);
#3316=ADVANCED_FACE('',(#344),#165,.T.);
#3317=ADVANCED_FACE('',(#345),#166,.T.);
#3318=ADVANCED_FACE('',(#346),#62,.F.);
#3319=ADVANCED_FACE('',(#347),#167,.F.);
#3320=ADVANCED_FACE('',(#348),#3167,.T.);
#3321=ADVANCED_FACE('',(#349),#3168,.F.);
#3322=ADVANCED_FACE('',(#350,#93),#168,.F.);
#3323=ADVANCED_FACE('',(#351,#94),#169,.T.);
#3324=ADVANCED_FACE('',(#352),#170,.F.);
#3325=ADVANCED_FACE('',(#353),#171,.F.);
#3326=ADVANCED_FACE('',(#354),#172,.T.);
#3327=ADVANCED_FACE('',(#355),#173,.F.);
#3328=ADVANCED_FACE('',(#356),#174,.F.);
#3329=ADVANCED_FACE('',(#357),#175,.F.);
#3330=ADVANCED_FACE('',(#358),#176,.T.);
#3331=ADVANCED_FACE('',(#359),#177,.T.);
#3332=ADVANCED_FACE('',(#360),#178,.F.);
#3333=ADVANCED_FACE('',(#361),#179,.F.);
#3334=ADVANCED_FACE('',(#362),#180,.F.);
#3335=ADVANCED_FACE('',(#363),#181,.F.);
#3336=ADVANCED_FACE('',(#364),#182,.T.);
#3337=ADVANCED_FACE('',(#365),#183,.T.);
#3338=ADVANCED_FACE('',(#366),#184,.T.);
#3339=ADVANCED_FACE('',(#367),#3169,.F.);
#3340=ADVANCED_FACE('',(#368),#3170,.F.);
#3341=ADVANCED_FACE('',(#369),#185,.F.);
#3342=ADVANCED_FACE('',(#370),#186,.F.);
#3343=ADVANCED_FACE('',(#371),#3171,.F.);
#3344=ADVANCED_FACE('',(#372),#3172,.F.);
#3345=ADVANCED_FACE('',(#373),#187,.F.);
#3346=ADVANCED_FACE('',(#374),#188,.F.);
#3347=ADVANCED_FACE('',(#375),#3173,.F.);
#3348=ADVANCED_FACE('',(#376),#189,.T.);
#3349=ADVANCED_FACE('',(#377),#190,.F.);
#3350=ADVANCED_FACE('',(#378),#3174,.F.);
#3351=ADVANCED_FACE('',(#379),#191,.T.);
#3352=ADVANCED_FACE('',(#380),#192,.F.);
#3353=ADVANCED_FACE('',(#381),#3175,.F.);
#3354=ADVANCED_FACE('',(#382),#193,.T.);
#3355=ADVANCED_FACE('',(#383),#194,.F.);
#3356=ADVANCED_FACE('',(#384),#3176,.F.);
#3357=ADVANCED_FACE('',(#385),#195,.T.);
#3358=ADVANCED_FACE('',(#386),#196,.F.);
#3359=ADVANCED_FACE('',(#387),#3177,.F.);
#3360=ADVANCED_FACE('',(#388),#197,.T.);
#3361=ADVANCED_FACE('',(#389),#198,.F.);
#3362=ADVANCED_FACE('',(#390),#3178,.F.);
#3363=ADVANCED_FACE('',(#391),#199,.T.);
#3364=ADVANCED_FACE('',(#392),#200,.F.);
#3365=ADVANCED_FACE('',(#393),#3179,.F.);
#3366=ADVANCED_FACE('',(#394),#201,.T.);
#3367=ADVANCED_FACE('',(#395),#202,.F.);
#3368=ADVANCED_FACE('',(#396),#3180,.F.);
#3369=ADVANCED_FACE('',(#397),#203,.T.);
#3370=ADVANCED_FACE('',(#398),#204,.F.);
#3371=ADVANCED_FACE('',(#399),#3181,.F.);
#3372=ADVANCED_FACE('',(#400),#205,.F.);
#3373=ADVANCED_FACE('',(#401),#206,.F.);
#3374=ADVANCED_FACE('',(#402),#3182,.F.);
#3375=ADVANCED_FACE('',(#403),#207,.F.);
#3376=ADVANCED_FACE('',(#404),#208,.F.);
#3377=ADVANCED_FACE('',(#405),#3183,.F.);
#3378=ADVANCED_FACE('',(#406),#209,.F.);
#3379=ADVANCED_FACE('',(#407),#210,.F.);
#3380=ADVANCED_FACE('',(#408),#3184,.F.);
#3381=ADVANCED_FACE('',(#409),#211,.F.);
#3382=ADVANCED_FACE('',(#410),#212,.F.);
#3383=ADVANCED_FACE('',(#411),#3185,.F.);
#3384=ADVANCED_FACE('',(#412),#3186,.F.);
#3385=ADVANCED_FACE('',(#413),#213,.F.);
#3386=ADVANCED_FACE('',(#414),#214,.F.);
#3387=ADVANCED_FACE('',(#415),#3187,.F.);
#3388=ADVANCED_FACE('',(#416),#3188,.F.);
#3389=ADVANCED_FACE('',(#417),#215,.F.);
#3390=ADVANCED_FACE('',(#418),#216,.F.);
#3391=CLOSED_SHELL('',(#3189,#3190,#3191,#3192,#3193,#3194,#3195,#3196,
#3197,#3198,#3199,#3200,#3201,#3202,#3203,#3204,#3205,#3206,#3207,#3208,
#3209,#3210,#3211,#3212,#3213,#3214,#3215,#3216,#3217,#3218,#3219,#3220,
#3221,#3222,#3223,#3224,#3225,#3226,#3227,#3228,#3229,#3230,#3231,#3232,
#3233,#3234,#3235,#3236,#3237,#3238,#3239,#3240,#3241,#3242,#3243,#3244,
#3245,#3246,#3247,#3248,#3249,#3250,#3251,#3252,#3253,#3254,#3255,#3256,
#3257,#3258,#3259,#3260,#3261,#3262,#3263,#3264,#3265,#3266,#3267,#3268,
#3269,#3270,#3271,#3272,#3273,#3274,#3275,#3276,#3277,#3278,#3279,#3280,
#3281,#3282,#3283,#3284,#3285,#3286,#3287,#3288,#3289,#3290,#3291,#3292,
#3293,#3294,#3295,#3296,#3297,#3298,#3299,#3300,#3301,#3302,#3303,#3304,
#3305,#3306,#3307,#3308,#3309,#3310,#3311,#3312,#3313,#3314,#3315,#3316,
#3317,#3318,#3319,#3320,#3321,#3322,#3323,#3324,#3325,#3326,#3327,#3328,
#3329,#3330,#3331,#3332,#3333,#3334,#3335,#3336,#3337,#3338,#3339,#3340,
#3341,#3342,#3343,#3344,#3345,#3346,#3347,#3348,#3349,#3350,#3351,#3352,
#3353,#3354,#3355,#3356,#3357,#3358,#3359,#3360,#3361,#3362,#3363,#3364,
#3365,#3366,#3367,#3368,#3369,#3370,#3371,#3372,#3373,#3374,#3375,#3376,
#3377,#3378,#3379,#3380,#3381,#3382,#3383,#3384,#3385,#3386,#3387,#3388,
#3389,#3390));
#3392=DERIVED_UNIT_ELEMENT(#3394,1.);
#3393=DERIVED_UNIT_ELEMENT(#7469,-3.);
#3394=(
MASS_UNIT()
NAMED_UNIT(*)
SI_UNIT(.KILO.,.GRAM.)
);
#3395=DERIVED_UNIT((#3392,#3393));
#3396=MEASURE_REPRESENTATION_ITEM('density measure',
POSITIVE_RATIO_MEASURE(7850.),#3395);
#3397=PROPERTY_DEFINITION_REPRESENTATION(#3402,#3399);
#3398=PROPERTY_DEFINITION_REPRESENTATION(#3403,#3400);
#3399=REPRESENTATION('material name',(#3401),#7466);
#3400=REPRESENTATION('density',(#3396),#7466);
#3401=DESCRIPTIVE_REPRESENTATION_ITEM('Steel','Steel');
#3402=PROPERTY_DEFINITION('material property','material name',#7476);
#3403=PROPERTY_DEFINITION('material property','density of part',#7476);
#3404=AXIS2_PLACEMENT_3D('',#4597,#3687,#3688);
#3405=AXIS2_PLACEMENT_3D('',#4598,#3689,#3690);
#3406=AXIS2_PLACEMENT_3D('',#4601,#3691,#3692);
#3407=AXIS2_PLACEMENT_3D('',#4605,#3694,#3695);
#3408=AXIS2_PLACEMENT_3D('',#4607,#3697,#3698);
#3409=AXIS2_PLACEMENT_3D('',#4610,#3699,#3700);
#3410=AXIS2_PLACEMENT_3D('',#4614,#3702,#3703);
#3411=AXIS2_PLACEMENT_3D('',#4616,#3705,#3706);
#3412=AXIS2_PLACEMENT_3D('',#4619,#3707,#3708);
#3413=AXIS2_PLACEMENT_3D('',#4623,#3710,#3711);
#3414=AXIS2_PLACEMENT_3D('',#4625,#3713,#3714);
#3415=AXIS2_PLACEMENT_3D('',#4628,#3715,#3716);
#3416=AXIS2_PLACEMENT_3D('',#4632,#3718,#3719);
#3417=AXIS2_PLACEMENT_3D('',#4634,#3721,#3722);
#3418=AXIS2_PLACEMENT_3D('',#4637,#3723,#3724);
#3419=AXIS2_PLACEMENT_3D('',#4641,#3726,#3727);
#3420=AXIS2_PLACEMENT_3D('',#4643,#3729,#3730);
#3421=AXIS2_PLACEMENT_3D('',#4646,#3731,#3732);
#3422=AXIS2_PLACEMENT_3D('',#4650,#3734,#3735);
#3423=AXIS2_PLACEMENT_3D('',#4652,#3737,#3738);
#3424=AXIS2_PLACEMENT_3D('',#4655,#3739,#3740);
#3425=AXIS2_PLACEMENT_3D('',#4659,#3742,#3743);
#3426=AXIS2_PLACEMENT_3D('',#4661,#3745,#3746);
#3427=AXIS2_PLACEMENT_3D('',#4664,#3747,#3748);
#3428=AXIS2_PLACEMENT_3D('',#4668,#3750,#3751);
#3429=AXIS2_PLACEMENT_3D('',#4670,#3753,#3754);
#3430=AXIS2_PLACEMENT_3D('',#4673,#3755,#3756);
#3431=AXIS2_PLACEMENT_3D('',#4677,#3758,#3759);
#3432=AXIS2_PLACEMENT_3D('',#4679,#3761,#3762);
#3433=AXIS2_PLACEMENT_3D('',#4682,#3763,#3764);
#3434=AXIS2_PLACEMENT_3D('',#4686,#3766,#3767);
#3435=AXIS2_PLACEMENT_3D('',#4688,#3769,#3770);
#3436=AXIS2_PLACEMENT_3D('',#4691,#3771,#3772);
#3437=AXIS2_PLACEMENT_3D('',#4695,#3774,#3775);
#3438=AXIS2_PLACEMENT_3D('',#4697,#3777,#3778);
#3439=AXIS2_PLACEMENT_3D('',#4700,#3779,#3780);
#3440=AXIS2_PLACEMENT_3D('',#4704,#3782,#3783);
#3441=AXIS2_PLACEMENT_3D('',#4706,#3785,#3786);
#3442=AXIS2_PLACEMENT_3D('',#4718,#3792,#3793);
#3443=AXIS2_PLACEMENT_3D('',#4724,#3797,#3798);
#3444=AXIS2_PLACEMENT_3D('',#4729,#3801,#3802);
#3445=AXIS2_PLACEMENT_3D('',#4733,#3804,#3805);
#3446=AXIS2_PLACEMENT_3D('',#4738,#3808,#3809);
#3447=AXIS2_PLACEMENT_3D('',#4743,#3812,#3813);
#3448=AXIS2_PLACEMENT_3D('',#4748,#3816,#3817);
#3449=AXIS2_PLACEMENT_3D('',#4754,#3821,#3822);
#3450=AXIS2_PLACEMENT_3D('',#4755,#3823,#3824);
#3451=AXIS2_PLACEMENT_3D('',#4767,#3830,#3831);
#3452=AXIS2_PLACEMENT_3D('',#4771,#3833,#3834);
#3453=AXIS2_PLACEMENT_3D('',#4777,#3838,#3839);
#3454=AXIS2_PLACEMENT_3D('',#4782,#3842,#3843);
#3455=AXIS2_PLACEMENT_3D('',#4787,#3846,#3847);
#3456=AXIS2_PLACEMENT_3D('',#4791,#3849,#3850);
#3457=AXIS2_PLACEMENT_3D('',#4798,#3855,#3856);
#3458=AXIS2_PLACEMENT_3D('',#4803,#3859,#3860);
#3459=AXIS2_PLACEMENT_3D('',#4804,#3861,#3862);
#3460=AXIS2_PLACEMENT_3D('',#4815,#3867,#3868);
#3461=AXIS2_PLACEMENT_3D('',#4819,#3870,#3871);
#3462=AXIS2_PLACEMENT_3D('',#4821,#3873,#3874);
#3463=AXIS2_PLACEMENT_3D('',#4826,#3876,#3877);
#3464=AXIS2_PLACEMENT_3D('',#4829,#3879,#3880);
#3465=AXIS2_PLACEMENT_3D('',#4830,#3881,#3882);
#3466=AXIS2_PLACEMENT_3D('',#4833,#3883,#3884);
#3467=AXIS2_PLACEMENT_3D('',#4837,#3886,#3887);
#3468=AXIS2_PLACEMENT_3D('',#4839,#3889,#3890);
#3469=AXIS2_PLACEMENT_3D('',#4845,#3894,#3895);
#3470=AXIS2_PLACEMENT_3D('',#4851,#3899,#3900);
#3471=AXIS2_PLACEMENT_3D('',#4854,#3903,#3904);
#3472=AXIS2_PLACEMENT_3D('',#4859,#3906,#3907);
#3473=AXIS2_PLACEMENT_3D('',#4862,#3909,#3910);
#3474=AXIS2_PLACEMENT_3D('',#4863,#3911,#3912);
#3475=AXIS2_PLACEMENT_3D('',#4866,#3913,#3914);
#3476=AXIS2_PLACEMENT_3D('',#4870,#3916,#3917);
#3477=AXIS2_PLACEMENT_3D('',#4872,#3919,#3920);
#3478=AXIS2_PLACEMENT_3D('',#4878,#3924,#3925);
#3479=AXIS2_PLACEMENT_3D('',#4884,#3929,#3930);
#3480=AXIS2_PLACEMENT_3D('',#4887,#3933,#3934);
#3481=AXIS2_PLACEMENT_3D('',#4892,#3936,#3937);
#3482=AXIS2_PLACEMENT_3D('',#4895,#3939,#3940);
#3483=AXIS2_PLACEMENT_3D('',#4896,#3941,#3942);
#3484=AXIS2_PLACEMENT_3D('',#4901,#3944,#3945);
#3485=AXIS2_PLACEMENT_3D('',#4904,#3947,#3948);
#3486=AXIS2_PLACEMENT_3D('',#4905,#3949,#3950);
#3487=AXIS2_PLACEMENT_3D('',#4910,#3952,#3953);
#3488=AXIS2_PLACEMENT_3D('',#4913,#3955,#3956);
#3489=AXIS2_PLACEMENT_3D('',#4914,#3957,#3958);
#3490=AXIS2_PLACEMENT_3D('',#4919,#3960,#3961);
#3491=AXIS2_PLACEMENT_3D('',#4922,#3963,#3964);
#3492=AXIS2_PLACEMENT_3D('',#4923,#3965,#3966);
#3493=AXIS2_PLACEMENT_3D('',#4928,#3968,#3969);
#3494=AXIS2_PLACEMENT_3D('',#4931,#3971,#3972);
#3495=AXIS2_PLACEMENT_3D('',#4932,#3973,#3974);
#3496=AXIS2_PLACEMENT_3D('',#4937,#3976,#3977);
#3497=AXIS2_PLACEMENT_3D('',#4940,#3979,#3980);
#3498=AXIS2_PLACEMENT_3D('',#4941,#3981,#3982);
#3499=AXIS2_PLACEMENT_3D('',#4946,#3984,#3985);
#3500=AXIS2_PLACEMENT_3D('',#4949,#3987,#3988);
#3501=AXIS2_PLACEMENT_3D('',#4950,#3989,#3990);
#3502=AXIS2_PLACEMENT_3D('',#4955,#3992,#3993);
#3503=AXIS2_PLACEMENT_3D('',#4958,#3995,#3996);
#3504=AXIS2_PLACEMENT_3D('',#4959,#3997,#3998);
#3505=AXIS2_PLACEMENT_3D('',#4967,#4004,#4005);
#3506=AXIS2_PLACEMENT_3D('',#4975,#4011,#4012);
#3507=AXIS2_PLACEMENT_3D('',#4977,#4014,#4015);
#3508=AXIS2_PLACEMENT_3D('',#4981,#4019,#4020);
#3509=AXIS2_PLACEMENT_3D('',#4986,#4025,#4026);
#3510=AXIS2_PLACEMENT_3D('',#4988,#4028,#4029);
#3511=AXIS2_PLACEMENT_3D('',#4992,#4033,#4034);
#3512=AXIS2_PLACEMENT_3D('',#4997,#4039,#4040);
#3513=AXIS2_PLACEMENT_3D('',#4999,#4042,#4043);
#3514=AXIS2_PLACEMENT_3D('',#5003,#4047,#4048);
#3515=AXIS2_PLACEMENT_3D('',#5008,#4053,#4054);
#3516=AXIS2_PLACEMENT_3D('',#5010,#4056,#4057);
#3517=AXIS2_PLACEMENT_3D('',#5017,#4062,#4063);
#3518=AXIS2_PLACEMENT_3D('',#5025,#4069,#4070);
#3519=AXIS2_PLACEMENT_3D('',#5026,#4071,#4072);
#3520=AXIS2_PLACEMENT_3D('',#5027,#4073,#4074);
#3521=AXIS2_PLACEMENT_3D('',#5028,#4075,#4076);
#3522=AXIS2_PLACEMENT_3D('',#5029,#4077,#4078);
#3523=AXIS2_PLACEMENT_3D('',#5033,#4080,#4081);
#3524=AXIS2_PLACEMENT_3D('',#5035,#4083,#4084);
#3525=AXIS2_PLACEMENT_3D('',#5162,#4086,#4087);
#3526=AXIS2_PLACEMENT_3D('',#5164,#4089,#4090);
#3527=AXIS2_PLACEMENT_3D('',#5166,#4092,#4093);
#3528=AXIS2_PLACEMENT_3D('',#5174,#4097,#4098);
#3529=AXIS2_PLACEMENT_3D('',#5178,#4100,#4101);
#3530=AXIS2_PLACEMENT_3D('',#5180,#4103,#4104);
#3531=AXIS2_PLACEMENT_3D('',#5190,#4109,#4110);
#3532=AXIS2_PLACEMENT_3D('',#5193,#4112,#4113);
#3533=AXIS2_PLACEMENT_3D('',#5194,#4114,#4115);
#3534=AXIS2_PLACEMENT_3D('',#5197,#4118,#4119);
#3535=AXIS2_PLACEMENT_3D('',#5198,#4120,#4121);
#3536=AXIS2_PLACEMENT_3D('',#5451,#4124,#4125);
#3537=AXIS2_PLACEMENT_3D('',#5453,#4127,#4128);
#3538=AXIS2_PLACEMENT_3D('',#5455,#4130,#4131);
#3539=AXIS2_PLACEMENT_3D('',#5461,#4135,#4136);
#3540=AXIS2_PLACEMENT_3D('',#5467,#4140,#4141);
#3541=AXIS2_PLACEMENT_3D('',#5470,#4144,#4145);
#3542=AXIS2_PLACEMENT_3D('',#5471,#4146,#4147);
#3543=AXIS2_PLACEMENT_3D('',#5724,#4150,#4151);
#3544=AXIS2_PLACEMENT_3D('',#5726,#4153,#4154);
#3545=AXIS2_PLACEMENT_3D('',#5728,#4156,#4157);
#3546=AXIS2_PLACEMENT_3D('',#5737,#4162,#4163);
#3547=AXIS2_PLACEMENT_3D('',#5742,#4166,#4167);
#3548=AXIS2_PLACEMENT_3D('',#5746,#4169,#4170);
#3549=AXIS2_PLACEMENT_3D('',#5751,#4173,#4174);
#3550=AXIS2_PLACEMENT_3D('',#5754,#4177,#4178);
#3551=AXIS2_PLACEMENT_3D('',#5764,#4184,#4185);
#3552=AXIS2_PLACEMENT_3D('',#5768,#4187,#4188);
#3553=AXIS2_PLACEMENT_3D('',#5772,#4190,#4191);
#3554=AXIS2_PLACEMENT_3D('',#5777,#4194,#4195);
#3555=AXIS2_PLACEMENT_3D('',#5780,#4198,#4199);
#3556=AXIS2_PLACEMENT_3D('',#5783,#4202,#4203);
#3557=AXIS2_PLACEMENT_3D('',#5784,#4204,#4205);
#3558=AXIS2_PLACEMENT_3D('',#6037,#4208,#4209);
#3559=AXIS2_PLACEMENT_3D('',#6039,#4211,#4212);
#3560=AXIS2_PLACEMENT_3D('',#6041,#4214,#4215);
#3561=AXIS2_PLACEMENT_3D('',#6047,#4219,#4220);
#3562=AXIS2_PLACEMENT_3D('',#6053,#4224,#4225);
#3563=AXIS2_PLACEMENT_3D('',#6056,#4228,#4229);
#3564=AXIS2_PLACEMENT_3D('',#6057,#4230,#4231);
#3565=AXIS2_PLACEMENT_3D('',#6184,#4233,#4234);
#3566=AXIS2_PLACEMENT_3D('',#6186,#4235,#4236);
#3567=AXIS2_PLACEMENT_3D('',#6189,#4238,#4239);
#3568=AXIS2_PLACEMENT_3D('',#6191,#4241,#4242);
#3569=AXIS2_PLACEMENT_3D('',#6193,#4244,#4245);
#3570=AXIS2_PLACEMENT_3D('',#6195,#4247,#4248);
#3571=AXIS2_PLACEMENT_3D('',#6203,#4252,#4253);
#3572=AXIS2_PLACEMENT_3D('',#6207,#4255,#4256);
#3573=AXIS2_PLACEMENT_3D('',#6209,#4258,#4259);
#3574=AXIS2_PLACEMENT_3D('',#6219,#4264,#4265);
#3575=AXIS2_PLACEMENT_3D('',#6222,#4267,#4268);
#3576=AXIS2_PLACEMENT_3D('',#6223,#4269,#4270);
#3577=AXIS2_PLACEMENT_3D('',#6226,#4273,#4274);
#3578=AXIS2_PLACEMENT_3D('',#6227,#4275,#4276);
#3579=AXIS2_PLACEMENT_3D('',#6228,#4277,#4278);
#3580=AXIS2_PLACEMENT_3D('',#6231,#4280,#4281);
#3581=AXIS2_PLACEMENT_3D('',#6233,#4283,#4284);
#3582=AXIS2_PLACEMENT_3D('',#6359,#4286,#4287);
#3583=AXIS2_PLACEMENT_3D('',#6360,#4288,#4289);
#3584=AXIS2_PLACEMENT_3D('',#6362,#4291,#4292);
#3585=AXIS2_PLACEMENT_3D('',#6370,#4296,#4297);
#3586=AXIS2_PLACEMENT_3D('',#6374,#4299,#4300);
#3587=AXIS2_PLACEMENT_3D('',#6376,#4302,#4303);
#3588=AXIS2_PLACEMENT_3D('',#6379,#4306,#4307);
#3589=AXIS2_PLACEMENT_3D('',#6380,#4308,#4309);
#3590=AXIS2_PLACEMENT_3D('',#6633,#4312,#4313);
#3591=AXIS2_PLACEMENT_3D('',#6635,#4315,#4316);
#3592=AXIS2_PLACEMENT_3D('',#6637,#4318,#4319);
#3593=AXIS2_PLACEMENT_3D('',#6643,#4323,#4324);
#3594=AXIS2_PLACEMENT_3D('',#6649,#4328,#4329);
#3595=AXIS2_PLACEMENT_3D('',#6652,#4332,#4333);
#3596=AXIS2_PLACEMENT_3D('',#6653,#4334,#4335);
#3597=AXIS2_PLACEMENT_3D('',#6902,#4338,#4339);
#3598=AXIS2_PLACEMENT_3D('',#6903,#4340,#4341);
#3599=AXIS2_PLACEMENT_3D('',#6904,#4342,#4343);
#3600=AXIS2_PLACEMENT_3D('',#6907,#4346,#4347);
#3601=AXIS2_PLACEMENT_3D('',#6908,#4348,#4349);
#3602=AXIS2_PLACEMENT_3D('',#7161,#4352,#4353);
#3603=AXIS2_PLACEMENT_3D('',#7163,#4355,#4356);
#3604=AXIS2_PLACEMENT_3D('',#7165,#4358,#4359);
#3605=AXIS2_PLACEMENT_3D('',#7171,#4363,#4364);
#3606=AXIS2_PLACEMENT_3D('',#7177,#4368,#4369);
#3607=AXIS2_PLACEMENT_3D('',#7180,#4372,#4373);
#3608=AXIS2_PLACEMENT_3D('',#7181,#4374,#4375);
#3609=AXIS2_PLACEMENT_3D('',#7308,#4377,#4378);
#3610=AXIS2_PLACEMENT_3D('',#7310,#4379,#4380);
#3611=AXIS2_PLACEMENT_3D('',#7313,#4382,#4383);
#3612=AXIS2_PLACEMENT_3D('',#7315,#4385,#4386);
#3613=AXIS2_PLACEMENT_3D('',#7317,#4388,#4389);
#3614=AXIS2_PLACEMENT_3D('',#7319,#4391,#4392);
#3615=AXIS2_PLACEMENT_3D('',#7329,#4397,#4398);
#3616=AXIS2_PLACEMENT_3D('',#7332,#4400,#4401);
#3617=AXIS2_PLACEMENT_3D('',#7333,#4402,#4403);
#3618=AXIS2_PLACEMENT_3D('',#7343,#4408,#4409);
#3619=AXIS2_PLACEMENT_3D('',#7346,#4411,#4412);
#3620=AXIS2_PLACEMENT_3D('',#7347,#4413,#4414);
#3621=AXIS2_PLACEMENT_3D('',#7350,#4417,#4418);
#3622=AXIS2_PLACEMENT_3D('',#7351,#4419,#4420);
#3623=AXIS2_PLACEMENT_3D('',#7352,#4421,#4422);
#3624=AXIS2_PLACEMENT_3D('',#7355,#4425,#4426);
#3625=AXIS2_PLACEMENT_3D('',#7356,#4427,#4428);
#3626=AXIS2_PLACEMENT_3D('',#7357,#4429,#4430);
#3627=AXIS2_PLACEMENT_3D('',#7359,#4432,#4433);
#3628=AXIS2_PLACEMENT_3D('',#7361,#4435,#4436);
#3629=AXIS2_PLACEMENT_3D('',#7362,#4437,#4438);
#3630=AXIS2_PLACEMENT_3D('',#7365,#4441,#4442);
#3631=AXIS2_PLACEMENT_3D('',#7366,#4443,#4444);
#3632=AXIS2_PLACEMENT_3D('',#7367,#4445,#4446);
#3633=AXIS2_PLACEMENT_3D('',#7369,#4448,#4449);
#3634=AXIS2_PLACEMENT_3D('',#7371,#4451,#4452);
#3635=AXIS2_PLACEMENT_3D('',#7372,#4453,#4454);
#3636=AXIS2_PLACEMENT_3D('',#7375,#4457,#4458);
#3637=AXIS2_PLACEMENT_3D('',#7378,#4461,#4462);
#3638=AXIS2_PLACEMENT_3D('',#7379,#4463,#4464);
#3639=AXIS2_PLACEMENT_3D('',#7380,#4465,#4466);
#3640=AXIS2_PLACEMENT_3D('',#7383,#4469,#4470);
#3641=AXIS2_PLACEMENT_3D('',#7386,#4473,#4474);
#3642=AXIS2_PLACEMENT_3D('',#7387,#4475,#4476);
#3643=AXIS2_PLACEMENT_3D('',#7388,#4477,#4478);
#3644=AXIS2_PLACEMENT_3D('',#7391,#4481,#4482);
#3645=AXIS2_PLACEMENT_3D('',#7392,#4483,#4484);
#3646=AXIS2_PLACEMENT_3D('',#7393,#4485,#4486);
#3647=AXIS2_PLACEMENT_3D('',#7396,#4489,#4490);
#3648=AXIS2_PLACEMENT_3D('',#7397,#4491,#4492);
#3649=AXIS2_PLACEMENT_3D('',#7398,#4493,#4494);
#3650=AXIS2_PLACEMENT_3D('',#7401,#4497,#4498);
#3651=AXIS2_PLACEMENT_3D('',#7402,#4499,#4500);
#3652=AXIS2_PLACEMENT_3D('',#7403,#4501,#4502);
#3653=AXIS2_PLACEMENT_3D('',#7406,#4505,#4506);
#3654=AXIS2_PLACEMENT_3D('',#7407,#4507,#4508);
#3655=AXIS2_PLACEMENT_3D('',#7408,#4509,#4510);
#3656=AXIS2_PLACEMENT_3D('',#7411,#4513,#4514);
#3657=AXIS2_PLACEMENT_3D('',#7412,#4515,#4516);
#3658=AXIS2_PLACEMENT_3D('',#7413,#4517,#4518);
#3659=AXIS2_PLACEMENT_3D('',#7416,#4521,#4522);
#3660=AXIS2_PLACEMENT_3D('',#7417,#4523,#4524);
#3661=AXIS2_PLACEMENT_3D('',#7418,#4525,#4526);
#3662=AXIS2_PLACEMENT_3D('',#7421,#4529,#4530);
#3663=AXIS2_PLACEMENT_3D('',#7422,#4531,#4532);
#3664=AXIS2_PLACEMENT_3D('',#7423,#4533,#4534);
#3665=AXIS2_PLACEMENT_3D('',#7426,#4537,#4538);
#3666=AXIS2_PLACEMENT_3D('',#7427,#4539,#4540);
#3667=AXIS2_PLACEMENT_3D('',#7428,#4541,#4542);
#3668=AXIS2_PLACEMENT_3D('',#7431,#4545,#4546);
#3669=AXIS2_PLACEMENT_3D('',#7432,#4547,#4548);
#3670=AXIS2_PLACEMENT_3D('',#7433,#4549,#4550);
#3671=AXIS2_PLACEMENT_3D('',#7436,#4553,#4554);
#3672=AXIS2_PLACEMENT_3D('',#7437,#4555,#4556);
#3673=AXIS2_PLACEMENT_3D('',#7438,#4557,#4558);
#3674=AXIS2_PLACEMENT_3D('',#7441,#4561,#4562);
#3675=AXIS2_PLACEMENT_3D('',#7442,#4563,#4564);
#3676=AXIS2_PLACEMENT_3D('',#7443,#4565,#4566);
#3677=AXIS2_PLACEMENT_3D('',#7446,#4569,#4570);
#3678=AXIS2_PLACEMENT_3D('',#7447,#4571,#4572);
#3679=AXIS2_PLACEMENT_3D('',#7448,#4573,#4574);
#3680=AXIS2_PLACEMENT_3D('',#7451,#4577,#4578);
#3681=AXIS2_PLACEMENT_3D('',#7454,#4581,#4582);
#3682=AXIS2_PLACEMENT_3D('',#7455,#4583,#4584);
#3683=AXIS2_PLACEMENT_3D('',#7456,#4585,#4586);
#3684=AXIS2_PLACEMENT_3D('',#7459,#4589,#4590);
#3685=AXIS2_PLACEMENT_3D('',#7462,#4593,#4594);
#3686=AXIS2_PLACEMENT_3D('',#7463,#4595,#4596);
#3687=DIRECTION('axis',(0.,0.,1.));
#3688=DIRECTION('refdir',(1.,0.,0.));
#3689=DIRECTION('center_axis',(0.,1.,3.49148133884313E-15));
#3690=DIRECTION('ref_axis',(0.,-3.49148133884313E-15,1.));
#3691=DIRECTION('center_axis',(0.,-1.,-3.49148133884313E-15));
#3692=DIRECTION('ref_axis',(0.,3.49148133884313E-15,-1.));
#3693=DIRECTION('',(0.,-1.,-3.49148133884313E-15));
#3694=DIRECTION('center_axis',(0.,1.,3.49148133884313E-15));
#3695=DIRECTION('ref_axis',(0.,-3.49148133884313E-15,1.));
#3696=DIRECTION('',(1.64798730217797E-15,-1.,-3.49148133884313E-15));
#3697=DIRECTION('center_axis',(0.,1.,3.49148133884313E-15));
#3698=DIRECTION('ref_axis',(0.,-3.49148133884313E-15,1.));
#3699=DIRECTION('center_axis',(0.,-1.,-3.49148133884313E-15));
#3700=DIRECTION('ref_axis',(0.,3.49148133884313E-15,-1.));
#3701=DIRECTION('',(0.,-1.,-3.49148133884313E-15));
#3702=DIRECTION('center_axis',(0.,1.,3.49148133884313E-15));
#3703=DIRECTION('ref_axis',(0.,-3.49148133884313E-15,1.));
#3704=DIRECTION('',(1.64798730217797E-15,-1.,-3.49148133884313E-15));
#3705=DIRECTION('center_axis',(0.,1.,3.49148133884313E-15));
#3706=DIRECTION('ref_axis',(0.,-3.49148133884313E-15,1.));
#3707=DIRECTION('center_axis',(0.,-1.,-3.49148133884313E-15));
#3708=DIRECTION('ref_axis',(0.,3.49148133884313E-15,-1.));
#3709=DIRECTION('',(0.,-1.,-3.49148133884313E-15));
#3710=DIRECTION('center_axis',(0.,1.,3.49148133884313E-15));
#3711=DIRECTION('ref_axis',(0.,-3.49148133884313E-15,1.));
#3712=DIRECTION('',(1.64798730217797E-15,-1.,-3.49148133884313E-15));
#3713=DIRECTION('center_axis',(0.,1.,3.49148133884313E-15));
#3714=DIRECTION('ref_axis',(0.,-3.49148133884313E-15,1.));
#3715=DIRECTION('center_axis',(0.,-1.,-3.49148133884313E-15));
#3716=DIRECTION('ref_axis',(0.,3.49148133884313E-15,-1.));
#3717=DIRECTION('',(0.,-1.,-3.49148133884313E-15));
#3718=DIRECTION('center_axis',(0.,1.,3.49148133884313E-15));
#3719=DIRECTION('ref_axis',(0.,-3.49148133884313E-15,1.));
#3720=DIRECTION('',(1.64798730217797E-15,-1.,-3.49148133884313E-15));
#3721=DIRECTION('center_axis',(0.,-1.,0.));
#3722=DIRECTION('ref_axis',(0.,0.,-1.));
#3723=DIRECTION('center_axis',(0.,1.,-2.89120579329468E-15));
#3724=DIRECTION('ref_axis',(0.,2.89120579329468E-15,1.));
#3725=DIRECTION('',(0.,1.,0.));
#3726=DIRECTION('center_axis',(0.,-1.,0.));
#3727=DIRECTION('ref_axis',(0.,0.,-1.));
#3728=DIRECTION('',(-3.46944695195361E-16,1.,0.));
#3729=DIRECTION('center_axis',(0.,-1.,0.));
#3730=DIRECTION('ref_axis',(0.,0.,-1.));
#3731=DIRECTION('center_axis',(0.,1.,-2.89120579329468E-15));
#3732=DIRECTION('ref_axis',(0.,2.89120579329468E-15,1.));
#3733=DIRECTION('',(0.,1.,0.));
#3734=DIRECTION('center_axis',(0.,-1.,0.));
#3735=DIRECTION('ref_axis',(0.,0.,-1.));
#3736=DIRECTION('',(-3.46944695195361E-16,1.,0.));
#3737=DIRECTION('center_axis',(0.,-1.,0.));
#3738=DIRECTION('ref_axis',(0.,0.,-1.));
#3739=DIRECTION('center_axis',(0.,1.,-2.89120579329468E-15));
#3740=DIRECTION('ref_axis',(0.,2.89120579329468E-15,1.));
#3741=DIRECTION('',(0.,1.,0.));
#3742=DIRECTION('center_axis',(0.,-1.,0.));
#3743=DIRECTION('ref_axis',(0.,0.,-1.));
#3744=DIRECTION('',(-3.46944695195361E-16,1.,0.));
#3745=DIRECTION('center_axis',(0.,-1.,0.));
#3746=DIRECTION('ref_axis',(0.,0.,-1.));
#3747=DIRECTION('center_axis',(0.,1.,-2.89120579329468E-15));
#3748=DIRECTION('ref_axis',(0.,2.89120579329468E-15,1.));
#3749=DIRECTION('',(0.,1.,0.));
#3750=DIRECTION('center_axis',(0.,-1.,0.));
#3751=DIRECTION('ref_axis',(0.,0.,-1.));
#3752=DIRECTION('',(-3.46944695195361E-16,1.,0.));
#3753=DIRECTION('center_axis',(0.,-1.,0.));
#3754=DIRECTION('ref_axis',(0.,0.,-1.));
#3755=DIRECTION('center_axis',(0.,1.,-2.89120579329468E-15));
#3756=DIRECTION('ref_axis',(0.,2.89120579329468E-15,1.));
#3757=DIRECTION('',(0.,1.,0.));
#3758=DIRECTION('center_axis',(0.,-1.,0.));
#3759=DIRECTION('ref_axis',(0.,0.,-1.));
#3760=DIRECTION('',(-3.46944695195361E-16,1.,0.));
#3761=DIRECTION('center_axis',(0.,-1.,0.));
#3762=DIRECTION('ref_axis',(0.,0.,-1.));
#3763=DIRECTION('center_axis',(0.,1.,-2.89120579329468E-15));
#3764=DIRECTION('ref_axis',(0.,2.89120579329468E-15,1.));
#3765=DIRECTION('',(0.,1.,0.));
#3766=DIRECTION('center_axis',(0.,-1.,0.));
#3767=DIRECTION('ref_axis',(0.,0.,-1.));
#3768=DIRECTION('',(-3.46944695195361E-16,1.,0.));
#3769=DIRECTION('center_axis',(0.,-1.,0.));
#3770=DIRECTION('ref_axis',(0.,0.,-1.));
#3771=DIRECTION('center_axis',(0.,1.,-2.89120579329468E-15));
#3772=DIRECTION('ref_axis',(0.,2.89120579329468E-15,1.));
#3773=DIRECTION('',(0.,1.,0.));
#3774=DIRECTION('center_axis',(0.,-1.,0.));
#3775=DIRECTION('ref_axis',(0.,0.,-1.));
#3776=DIRECTION('',(-3.46944695195361E-16,1.,0.));
#3777=DIRECTION('center_axis',(0.,-1.,0.));
#3778=DIRECTION('ref_axis',(0.,0.,-1.));
#3779=DIRECTION('center_axis',(0.,1.,-2.89120579329468E-15));
#3780=DIRECTION('ref_axis',(0.,2.89120579329468E-15,1.));
#3781=DIRECTION('',(0.,1.,0.));
#3782=DIRECTION('center_axis',(0.,-1.,0.));
#3783=DIRECTION('ref_axis',(0.,0.,-1.));
#3784=DIRECTION('',(-3.46944695195361E-16,1.,0.));
#3785=DIRECTION('center_axis',(0.,1.,-2.89120579329468E-15));
#3786=DIRECTION('ref_axis',(0.,2.89120579329468E-15,1.));
#3787=DIRECTION('',(-0.382683432365093,-2.84479775188443E-15,-0.923879532511286));
#3788=DIRECTION('',(1.,0.,0.));
#3789=DIRECTION('',(-0.382683432365092,2.84479775188443E-15,0.923879532511286));
#3790=DIRECTION('',(1.,0.,0.));
#3791=DIRECTION('',(0.,0.,-1.));
#3792=DIRECTION('center_axis',(0.,-1.,0.));
#3793=DIRECTION('ref_axis',(0.,0.,-1.));
#3794=DIRECTION('',(0.,0.,-1.));
#3795=DIRECTION('',(0.,0.,-1.));
#3796=DIRECTION('',(0.,0.,-1.));
#3797=DIRECTION('center_axis',(0.,-1.,0.));
#3798=DIRECTION('ref_axis',(0.,0.,-1.));
#3799=DIRECTION('',(0.,0.,-1.));
#3800=DIRECTION('',(0.,0.,-1.));
#3801=DIRECTION('center_axis',(0.,-1.,0.));
#3802=DIRECTION('ref_axis',(0.,0.,-1.));
#3803=DIRECTION('',(0.,0.,-1.));
#3804=DIRECTION('center_axis',(0.,-1.,0.));
#3805=DIRECTION('ref_axis',(0.,0.,-1.));
#3806=DIRECTION('',(0.,0.,-1.));
#3807=DIRECTION('',(0.,0.,-1.));
#3808=DIRECTION('center_axis',(0.,-1.,0.));
#3809=DIRECTION('ref_axis',(0.,0.,-1.));
#3810=DIRECTION('',(0.,0.,-1.));
#3811=DIRECTION('',(0.,0.,-1.));
#3812=DIRECTION('center_axis',(0.,-1.,0.));
#3813=DIRECTION('ref_axis',(0.,0.,-1.));
#3814=DIRECTION('',(0.,0.,-1.));
#3815=DIRECTION('',(0.,0.,-1.));
#3816=DIRECTION('center_axis',(0.,-1.,0.));
#3817=DIRECTION('ref_axis',(0.,0.,-1.));
#3818=DIRECTION('',(0.,0.,-1.));
#3819=DIRECTION('',(0.,0.,-1.));
#3820=DIRECTION('',(0.,0.,-1.));
#3821=DIRECTION('center_axis',(0.,-1.,0.));
#3822=DIRECTION('ref_axis',(0.,0.,-1.));
#3823=DIRECTION('center_axis',(0.,1.,-2.89120579329468E-15));
#3824=DIRECTION('ref_axis',(0.,2.89120579329468E-15,1.));
#3825=DIRECTION('',(-1.,0.,0.));
#3826=DIRECTION('',(-0.382683432365092,-2.67112585670301E-15,-0.923879532511286));
#3827=DIRECTION('',(1.,0.,0.));
#3828=DIRECTION('',(-0.382683432365092,2.67112585670301E-15,0.923879532511286));
#3829=DIRECTION('',(-1.00308851270168E-30,2.89120579329468E-15,1.));
#3830=DIRECTION('center_axis',(0.,1.,-2.89120579329468E-15));
#3831=DIRECTION('ref_axis',(0.,2.89120579329468E-15,1.));
#3832=DIRECTION('',(0.,2.89120579329468E-15,1.));
#3833=DIRECTION('center_axis',(0.,1.,-2.89120579329468E-15));
#3834=DIRECTION('ref_axis',(0.,2.89120579329468E-15,1.));
#3835=DIRECTION('',(0.,2.89120579329468E-15,1.));
#3836=DIRECTION('',(-1.00308851270168E-30,2.89120579329468E-15,1.));
#3837=DIRECTION('',(-1.00308851270168E-30,2.89120579329468E-15,1.));
#3838=DIRECTION('center_axis',(0.,1.,-2.89120579329468E-15));
#3839=DIRECTION('ref_axis',(0.,2.89120579329468E-15,1.));
#3840=DIRECTION('',(0.,2.89120579329468E-15,1.));
#3841=DIRECTION('',(-1.00308851270168E-30,2.89120579329468E-15,1.));
#3842=DIRECTION('center_axis',(0.,1.,-2.89120579329468E-15));
#3843=DIRECTION('ref_axis',(0.,2.89120579329468E-15,1.));
#3844=DIRECTION('',(0.,2.89120579329468E-15,1.));
#3845=DIRECTION('',(-1.00308851270168E-30,2.89120579329468E-15,1.));
#3846=DIRECTION('center_axis',(0.,1.,-2.89120579329468E-15));
#3847=DIRECTION('ref_axis',(0.,2.89120579329468E-15,1.));
#3848=DIRECTION('',(0.,2.89120579329468E-15,1.));
#3849=DIRECTION('center_axis',(0.,1.,-2.89120579329468E-15));
#3850=DIRECTION('ref_axis',(0.,2.89120579329468E-15,1.));
#3851=DIRECTION('',(0.,2.89120579329468E-15,1.));
#3852=DIRECTION('',(-1.00308851270168E-30,2.89120579329468E-15,1.));
#3853=DIRECTION('',(0.,2.89120579329468E-15,1.));
#3854=DIRECTION('',(-1.00308851270168E-30,2.89120579329468E-15,1.));
#3855=DIRECTION('center_axis',(0.,1.,-2.89120579329468E-15));
#3856=DIRECTION('ref_axis',(0.,2.89120579329468E-15,1.));
#3857=DIRECTION('',(0.,2.89120579329468E-15,1.));
#3858=DIRECTION('',(-1.00308851270168E-30,2.89120579329468E-15,1.));
#3859=DIRECTION('center_axis',(0.,1.,-2.89120579329468E-15));
#3860=DIRECTION('ref_axis',(0.,2.89120579329468E-15,1.));
#3861=DIRECTION('center_axis',(-2.89120579329468E-15,1.,0.));
#3862=DIRECTION('ref_axis',(-1.,-2.89120579329468E-15,0.));
#3863=DIRECTION('',(0.923879532511285,2.83754688461883E-15,0.382683432365093));
#3864=DIRECTION('',(0.,0.,-1.));
#3865=DIRECTION('',(1.,2.89120579329468E-15,0.));
#3866=DIRECTION('',(0.,0.,-1.));
#3867=DIRECTION('center_axis',(0.,-1.,0.));
#3868=DIRECTION('ref_axis',(0.,0.,-1.));
#3869=DIRECTION('',(-1.,0.,0.));
#3870=DIRECTION('center_axis',(0.,-1.,0.));
#3871=DIRECTION('ref_axis',(0.,0.,-1.));
#3872=DIRECTION('',(-1.,0.,0.));
#3873=DIRECTION('center_axis',(0.,-1.,0.));
#3874=DIRECTION('ref_axis',(0.,0.,-1.));
#3875=DIRECTION('',(0.,1.,0.));
#3876=DIRECTION('center_axis',(0.,-1.,0.));
#3877=DIRECTION('ref_axis',(0.,0.,-1.));
#3878=DIRECTION('',(0.,1.,0.));
#3879=DIRECTION('center_axis',(0.,1.,0.));
#3880=DIRECTION('ref_axis',(8.32667268468867E-14,0.,-1.));
#3881=DIRECTION('center_axis',(0.,-1.,0.));
#3882=DIRECTION('ref_axis',(0.,0.,-1.));
#3883=DIRECTION('center_axis',(0.,-1.,0.));
#3884=DIRECTION('ref_axis',(0.,0.,1.));
#3885=DIRECTION('',(0.,1.,0.));
#3886=DIRECTION('center_axis',(0.,1.,0.));
#3887=DIRECTION('ref_axis',(0.,0.,1.));
#3888=DIRECTION('',(0.,-1.,0.));
#3889=DIRECTION('center_axis',(-3.61400724161836E-15,0.,1.));
#3890=DIRECTION('ref_axis',(1.,0.,3.61400724161836E-15));
#3891=DIRECTION('',(1.,0.,0.));
#3892=DIRECTION('',(0.,1.,0.));
#3893=DIRECTION('',(1.,0.,3.61400724161836E-15));
#3894=DIRECTION('center_axis',(-3.61400724161836E-15,0.,1.));
#3895=DIRECTION('ref_axis',(1.,0.,3.61400724161836E-15));
#3896=DIRECTION('',(0.,1.,0.));
#3897=DIRECTION('',(1.,0.,3.61400724161836E-15));
#3898=DIRECTION('',(1.,0.,3.61400724161836E-15));
#3899=DIRECTION('center_axis',(1.,0.,3.49148133884313E-15));
#3900=DIRECTION('ref_axis',(3.49148133884313E-15,0.,-1.));
#3901=DIRECTION('',(-3.61400724161836E-15,0.,1.));
#3902=DIRECTION('',(3.61400724161836E-15,0.,-1.));
#3903=DIRECTION('center_axis',(0.,1.,0.));
#3904=DIRECTION('ref_axis',(0.,0.,-1.));
#3905=DIRECTION('',(0.,1.,0.));
#3906=DIRECTION('center_axis',(0.,1.,0.));
#3907=DIRECTION('ref_axis',(-2.77555756156291E-14,0.,-1.));
#3908=DIRECTION('',(-3.49126737303509E-16,-1.,1.75162308040602E-46));
#3909=DIRECTION('center_axis',(0.,-1.,0.));
#3910=DIRECTION('ref_axis',(0.,0.,1.));
#3911=DIRECTION('center_axis',(0.,1.,0.));
#3912=DIRECTION('ref_axis',(0.,0.,-1.));
#3913=DIRECTION('center_axis',(0.,1.,0.));
#3914=DIRECTION('ref_axis',(0.,0.,1.));
#3915=DIRECTION('',(0.,1.,0.));
#3916=DIRECTION('center_axis',(0.,-1.,0.));
#3917=DIRECTION('ref_axis',(0.,0.,-1.));
#3918=DIRECTION('',(3.49126737303509E-16,1.,-1.75162308040602E-46));
#3919=DIRECTION('center_axis',(3.61400724161836E-15,-1.26174655685747E-30,
1.));
#3920=DIRECTION('ref_axis',(1.,0.,-3.61400724161836E-15));
#3921=DIRECTION('',(1.,0.,0.));
#3922=DIRECTION('',(-3.49126737303509E-16,-1.,5.25486924121807E-46));
#3923=DIRECTION('',(-1.,0.,3.61400724161836E-15));
#3924=DIRECTION('center_axis',(3.61400724161836E-15,-1.26174655685747E-30,
1.));
#3925=DIRECTION('ref_axis',(1.,0.,-3.61400724161836E-15));
#3926=DIRECTION('',(-3.49126737303509E-16,-1.,5.25486924121807E-46));
#3927=DIRECTION('',(1.,0.,-3.61400724161836E-15));
#3928=DIRECTION('',(-1.,0.,3.61400724161836E-15));
#3929=DIRECTION('center_axis',(-1.,3.49126737303509E-16,3.49148133884313E-15));
#3930=DIRECTION('ref_axis',(3.49148133884313E-15,0.,1.));
#3931=DIRECTION('',(3.61400724161836E-15,-1.26174655685747E-30,1.));
#3932=DIRECTION('',(-3.61400724161836E-15,1.26174655685747E-30,-1.));
#3933=DIRECTION('center_axis',(0.,-1.,0.));
#3934=DIRECTION('ref_axis',(0.,0.,-1.));
#3935=DIRECTION('',(-1.,0.,0.));
#3936=DIRECTION('center_axis',(0.,1.,0.));
#3937=DIRECTION('ref_axis',(-4.62592926927146E-14,0.,-1.));
#3938=DIRECTION('',(-0.707106781186556,0.,0.707106781186539));
#3939=DIRECTION('center_axis',(0.,1.,0.));
#3940=DIRECTION('ref_axis',(0.,0.,-1.));
#3941=DIRECTION('center_axis',(0.,-1.,0.));
#3942=DIRECTION('ref_axis',(0.,0.,-1.));
#3943=DIRECTION('',(-0.707106781186556,0.,0.707106781186539));
#3944=DIRECTION('center_axis',(0.,1.,0.));
#3945=DIRECTION('ref_axis',(0.,0.,-1.));
#3946=DIRECTION('',(0.,0.,1.));
#3947=DIRECTION('center_axis',(0.,1.,0.));
#3948=DIRECTION('ref_axis',(-2.77555756156289E-14,0.,-1.));
#3949=DIRECTION('center_axis',(0.,-1.,0.));
#3950=DIRECTION('ref_axis',(0.,0.,-1.));
#3951=DIRECTION('',(0.,0.,1.));
#3952=DIRECTION('center_axis',(0.,1.,0.));
#3953=DIRECTION('ref_axis',(9.25185853854297E-14,0.,-1.));
#3954=DIRECTION('',(0.707106781186556,0.,0.707106781186539));
#3955=DIRECTION('center_axis',(0.,1.,0.));
#3956=DIRECTION('ref_axis',(2.77555756156289E-14,0.,-1.));
#3957=DIRECTION('center_axis',(0.,-1.,0.));
#3958=DIRECTION('ref_axis',(0.,0.,-1.));
#3959=DIRECTION('',(0.707106781186556,0.,0.707106781186539));
#3960=DIRECTION('center_axis',(0.,1.,0.));
#3961=DIRECTION('ref_axis',(0.,0.,-1.));
#3962=DIRECTION('',(1.,0.,0.));
#3963=DIRECTION('center_axis',(0.,1.,0.));
#3964=DIRECTION('ref_axis',(2.77555756156289E-14,0.,-1.));
#3965=DIRECTION('center_axis',(0.,1.,0.));
#3966=DIRECTION('ref_axis',(0.,0.,1.));
#3967=DIRECTION('',(1.,0.,0.));
#3968=DIRECTION('center_axis',(0.,-1.,0.));
#3969=DIRECTION('ref_axis',(-1.38777878078144E-13,0.,1.));
#3970=DIRECTION('',(0.707106781186553,0.,0.707106781186542));
#3971=DIRECTION('center_axis',(0.,-1.,0.));
#3972=DIRECTION('ref_axis',(2.77555756156289E-14,0.,1.));
#3973=DIRECTION('center_axis',(0.,1.,0.));
#3974=DIRECTION('ref_axis',(0.,0.,1.));
#3975=DIRECTION('',(0.707106781186553,0.,0.707106781186542));
#3976=DIRECTION('center_axis',(0.,-1.,0.));
#3977=DIRECTION('ref_axis',(2.31296463463574E-12,0.,1.));
#3978=DIRECTION('',(0.,0.,1.));
#3979=DIRECTION('center_axis',(0.,-1.,0.));
#3980=DIRECTION('ref_axis',(1.41553435639707E-12,0.,1.));
#3981=DIRECTION('center_axis',(0.,1.,0.));
#3982=DIRECTION('ref_axis',(0.,0.,1.));
#3983=DIRECTION('',(0.,0.,1.));
#3984=DIRECTION('center_axis',(0.,-1.,0.));
#3985=DIRECTION('ref_axis',(0.,0.,1.));
#3986=DIRECTION('',(-0.707106781186553,0.,0.707106781186542));
#3987=DIRECTION('center_axis',(0.,-1.,0.));
#3988=DIRECTION('ref_axis',(0.,0.,1.));
#3989=DIRECTION('center_axis',(0.,1.,0.));
#3990=DIRECTION('ref_axis',(0.,0.,1.));
#3991=DIRECTION('',(-0.707106781186553,0.,0.707106781186542));
#3992=DIRECTION('center_axis',(0.,-1.,0.));
#3993=DIRECTION('ref_axis',(0.,0.,1.));
#3994=DIRECTION('',(-1.,0.,0.));
#3995=DIRECTION('center_axis',(0.,-1.,0.));
#3996=DIRECTION('ref_axis',(-2.77555756156289E-14,0.,1.));
#3997=DIRECTION('center_axis',(-1.,0.,0.));
#3998=DIRECTION('ref_axis',(0.,0.,1.));
#3999=DIRECTION('',(0.,1.,0.));
#4000=DIRECTION('',(0.,0.,1.));
#4001=DIRECTION('',(0.,1.,0.));
#4002=DIRECTION('',(0.,0.,-1.));
#4003=DIRECTION('',(0.,-1.,-6.60847038467355E-16));
#4004=DIRECTION('center_axis',(-1.,0.,0.));
#4005=DIRECTION('ref_axis',(0.,0.,1.));
#4006=DIRECTION('',(0.,0.,1.));
#4007=DIRECTION('',(0.,1.,0.));
#4008=DIRECTION('',(0.,-1.,0.));
#4009=DIRECTION('',(0.,0.,-1.));
#4010=DIRECTION('',(0.,1.,0.));
#4011=DIRECTION('center_axis',(0.,1.,0.));
#4012=DIRECTION('ref_axis',(0.,0.,1.));
#4013=DIRECTION('',(0.,1.,0.));
#4014=DIRECTION('center_axis',(-0.707106781186547,0.,0.707106781186548));
#4015=DIRECTION('ref_axis',(0.707106781186548,0.,0.707106781186547));
#4016=DIRECTION('',(0.707106781186539,0.,0.707106781186556));
#4017=DIRECTION('',(0.,1.,0.));
#4018=DIRECTION('',(-0.707106781186542,0.,-0.707106781186553));
#4019=DIRECTION('center_axis',(-0.707106781186547,0.,0.707106781186548));
#4020=DIRECTION('ref_axis',(0.707106781186548,0.,0.707106781186547));
#4021=DIRECTION('',(0.707106781186539,0.,0.707106781186556));
#4022=DIRECTION('',(0.,1.,0.));
#4023=DIRECTION('',(-0.707106781186542,0.,-0.707106781186553));
#4024=DIRECTION('',(0.,1.,0.));
#4025=DIRECTION('center_axis',(0.,1.,0.));
#4026=DIRECTION('ref_axis',(0.,0.,1.));
#4027=DIRECTION('',(0.,1.,0.));
#4028=DIRECTION('center_axis',(0.,0.,1.));
#4029=DIRECTION('ref_axis',(1.,0.,0.));
#4030=DIRECTION('',(1.,0.,0.));
#4031=DIRECTION('',(0.,1.,0.));
#4032=DIRECTION('',(-1.,0.,0.));
#4033=DIRECTION('center_axis',(0.,0.,1.));
#4034=DIRECTION('ref_axis',(1.,0.,0.));
#4035=DIRECTION('',(1.,0.,0.));
#4036=DIRECTION('',(0.,1.,0.));
#4037=DIRECTION('',(-1.,0.,0.));
#4038=DIRECTION('',(0.,1.,0.));
#4039=DIRECTION('center_axis',(0.,1.,0.));
#4040=DIRECTION('ref_axis',(0.,0.,1.));
#4041=DIRECTION('',(0.,1.,0.));
#4042=DIRECTION('center_axis',(0.707106781186547,0.,0.707106781186548));
#4043=DIRECTION('ref_axis',(0.707106781186548,0.,-0.707106781186547));
#4044=DIRECTION('',(0.707106781186539,0.,-0.707106781186556));
#4045=DIRECTION('',(0.,1.,0.));
#4046=DIRECTION('',(-0.707106781186542,0.,0.707106781186553));
#4047=DIRECTION('center_axis',(0.707106781186547,0.,0.707106781186548));
#4048=DIRECTION('ref_axis',(0.707106781186548,0.,-0.707106781186547));
#4049=DIRECTION('',(0.707106781186539,0.,-0.707106781186556));
#4050=DIRECTION('',(0.,1.,0.));
#4051=DIRECTION('',(-0.707106781186542,0.,0.707106781186553));
#4052=DIRECTION('',(0.,1.,0.));
#4053=DIRECTION('center_axis',(0.,1.,0.));
#4054=DIRECTION('ref_axis',(0.,0.,1.));
#4055=DIRECTION('',(0.,1.,0.));
#4056=DIRECTION('center_axis',(1.,0.,0.));
#4057=DIRECTION('ref_axis',(0.,0.,-1.));
#4058=DIRECTION('',(0.,0.,-1.));
#4059=DIRECTION('',(0.,1.,0.));
#4060=DIRECTION('',(0.,-1.,-6.60847038467355E-16));
#4061=DIRECTION('',(0.,0.,1.));
#4062=DIRECTION('center_axis',(1.,0.,0.));
#4063=DIRECTION('ref_axis',(0.,0.,-1.));
#4064=DIRECTION('',(0.,0.,-1.));
#4065=DIRECTION('',(0.,1.,0.));
#4066=DIRECTION('',(0.,0.,1.));
#4067=DIRECTION('',(0.,-1.,0.));
#4068=DIRECTION('',(0.,1.,0.));
#4069=DIRECTION('center_axis',(0.,1.,0.));
#4070=DIRECTION('ref_axis',(0.,0.,1.));
#4071=DIRECTION('center_axis',(0.,1.,0.));
#4072=DIRECTION('ref_axis',(0.,0.,1.));
#4073=DIRECTION('center_axis',(0.,1.,0.));
#4074=DIRECTION('ref_axis',(0.,0.,1.));
#4075=DIRECTION('center_axis',(0.,1.,0.));
#4076=DIRECTION('ref_axis',(0.,0.,1.));
#4077=DIRECTION('center_axis',(0.,0.,-1.));
#4078=DIRECTION('ref_axis',(-1.,0.,0.));
#4079=DIRECTION('',(-3.49148133884313E-15,1.,0.));
#4080=DIRECTION('center_axis',(0.,0.,-1.));
#4081=DIRECTION('ref_axis',(1.,0.,0.));
#4082=DIRECTION('',(-1.,0.,0.));
#4083=DIRECTION('center_axis',(0.,0.,-1.));
#4084=DIRECTION('ref_axis',(1.,0.,0.));
#4085=DIRECTION('',(3.49148133884313E-15,-1.,2.13791572294848E-31));
#4086=DIRECTION('center_axis',(0.,0.,1.));
#4087=DIRECTION('ref_axis',(0.,1.,0.));
#4088=DIRECTION('',(0.,0.,-1.));
#4089=DIRECTION('center_axis',(0.,0.,1.));
#4090=DIRECTION('ref_axis',(0.,1.,0.));
#4091=DIRECTION('',(0.,0.,1.));
#4092=DIRECTION('center_axis',(3.49148133884313E-15,-1.,0.));
#4093=DIRECTION('ref_axis',(1.,3.49148133884313E-15,0.));
#4094=DIRECTION('',(-0.923879532511285,-3.2205659481649E-15,0.382683432365094));
#4095=DIRECTION('',(0.,0.,-1.));
#4096=DIRECTION('',(-1.,-3.49148133884313E-15,0.));
#4097=DIRECTION('center_axis',(0.,1.,0.));
#4098=DIRECTION('ref_axis',(0.,0.,1.));
#4099=DIRECTION('',(1.,-3.49148133884308E-15,0.));
#4100=DIRECTION('center_axis',(0.,1.,0.));
#4101=DIRECTION('ref_axis',(0.,0.,1.));
#4102=DIRECTION('',(1.,-3.49148133884308E-15,0.));
#4103=DIRECTION('center_axis',(3.49148133884313E-15,-1.,0.));
#4104=DIRECTION('ref_axis',(1.,3.49148133884313E-15,0.));
#4105=DIRECTION('',(0.,0.,-1.));
#4106=DIRECTION('',(-0.923879532511285,-3.22570814710227E-15,0.382683432365094));
#4107=DIRECTION('',(-1.,-3.49148133884313E-15,0.));
#4108=DIRECTION('',(1.,3.49148133884313E-15,0.));
#4109=DIRECTION('center_axis',(3.49148133884313E-15,-1.,0.));
#4110=DIRECTION('ref_axis',(1.,3.49148133884313E-15,0.));
#4111=DIRECTION('',(-1.,-3.49148133884313E-15,0.));
#4112=DIRECTION('center_axis',(3.49148133884313E-15,-1.,0.));
#4113=DIRECTION('ref_axis',(1.,3.49148133884313E-15,0.));
#4114=DIRECTION('center_axis',(-1.,-3.49148133884313E-15,0.));
#4115=DIRECTION('ref_axis',(3.49148133884313E-15,-1.,0.));
#4116=DIRECTION('',(-3.49148133884313E-15,1.,-6.12323399573678E-17));
#4117=DIRECTION('',(3.49148133884313E-15,-1.,0.));
#4118=DIRECTION('center_axis',(0.,0.,1.));
#4119=DIRECTION('ref_axis',(1.,0.,0.));
#4120=DIRECTION('center_axis',(0.382683432365094,1.39270336840155E-15,0.923879532511285));
#4121=DIRECTION('ref_axis',(0.923879532511285,0.,-0.382683432365094));
#4122=DIRECTION('',(2.50086239976966E-15,-1.,-2.50086239976966E-15));
#4123=DIRECTION('',(1.2472536378333E-15,-1.,-3.75447116170602E-15));
#4124=DIRECTION('center_axis',(0.707106781186542,0.,0.707106781186553));
#4125=DIRECTION('ref_axis',(-1.24683249835833E-15,1.,1.24683249835831E-15));
#4126=DIRECTION('',(-0.707106781186547,3.54987407349455E-30,-0.707106781186548));
#4127=DIRECTION('center_axis',(0.707106781186542,0.,0.707106781186553));
#4128=DIRECTION('ref_axis',(-1.26490253456642E-15,1.,1.2649025345664E-15));
#4129=DIRECTION('',(0.707106781186547,-3.54987407349455E-30,0.707106781186548));
#4130=DIRECTION('center_axis',(2.49800180540661E-15,-1.,-2.49800180540661E-15));
#4131=DIRECTION('ref_axis',(0.,2.49800180540661E-15,-1.));
#4132=DIRECTION('',(-0.382683432365088,-3.26558733070108E-15,0.923879532511288));
#4133=DIRECTION('',(-0.707106781186548,0.,-0.707106781186547));
#4134=DIRECTION('',(0.923879532511288,3.262695966057E-15,-0.382683432365087));
#4135=DIRECTION('center_axis',(2.49800180540661E-15,-1.,-2.49800180540661E-15));
#4136=DIRECTION('ref_axis',(0.,2.49800180540661E-15,-1.));
#4137=DIRECTION('',(-0.707106781186548,0.,-0.707106781186547));
#4138=DIRECTION('',(-0.382683432365088,-3.26379664513859E-15,0.923879532511288));
#4139=DIRECTION('',(0.923879532511288,3.26379664513859E-15,-0.382683432365087));
#4140=DIRECTION('center_axis',(-0.707106781186547,-3.53270803203849E-15,
0.707106781186548));
#4141=DIRECTION('ref_axis',(0.707106781186548,0.,0.707106781186547));
#4142=DIRECTION('',(-2.46715982325971E-15,1.,2.5288437875535E-15));
#4143=DIRECTION('',(2.4235426738171E-15,-1.,-2.57246093699611E-15));
#4144=DIRECTION('center_axis',(-0.382683432365087,1.44919437897593E-15,
-0.923879532511288));
#4145=DIRECTION('ref_axis',(-0.923879532511288,0.,0.382683432365087));
#4146=DIRECTION('center_axis',(0.923879532511288,1.31161184360771E-15,0.382683432365088));
#4147=DIRECTION('ref_axis',(0.382683432365088,0.,-0.923879532511288));
#4148=DIRECTION('',(0.,-1.,-3.39190141383284E-15));
#4149=DIRECTION('',(0.,-1.,-3.39190141383284E-15));
#4150=DIRECTION('center_axis',(1.,0.,0.));
#4151=DIRECTION('ref_axis',(0.,1.,3.46944695195361E-15));
#4152=DIRECTION('',(-1.,0.,0.));
#4153=DIRECTION('center_axis',(1.,0.,0.));
#4154=DIRECTION('ref_axis',(0.,1.,3.43330687953743E-15));
#4155=DIRECTION('',(1.,0.,0.));
#4156=DIRECTION('center_axis',(0.,-1.,-3.49148133884313E-15));
#4157=DIRECTION('ref_axis',(0.,3.49148133884313E-15,-1.));
#4158=DIRECTION('',(0.382683432365092,-3.22422187227395E-15,0.923879532511286));
#4159=DIRECTION('',(-1.,0.,0.));
#4160=DIRECTION('',(0.382683432365092,3.22380166884217E-15,-0.923879532511286));
#4161=DIRECTION('',(0.,3.49148133884313E-15,-1.));
#4162=DIRECTION('center_axis',(0.,1.,3.49148133884313E-15));
#4163=DIRECTION('ref_axis',(0.,-3.49148133884313E-15,1.));
#4164=DIRECTION('',(0.,3.49148133884313E-15,-1.));
#4165=DIRECTION('',(0.,3.49148133884313E-15,-1.));
#4166=DIRECTION('center_axis',(0.,1.,3.49148133884313E-15));
#4167=DIRECTION('ref_axis',(0.,-3.49148133884313E-15,1.));
#4168=DIRECTION('',(0.,3.49148133884313E-15,-1.));
#4169=DIRECTION('center_axis',(0.,1.,3.49148133884313E-15));
#4170=DIRECTION('ref_axis',(0.,-3.49148133884313E-15,1.));
#4171=DIRECTION('',(0.,3.49148133884313E-15,-1.));
#4172=DIRECTION('',(0.,3.49148133884313E-15,-1.));
#4173=DIRECTION('center_axis',(0.,1.,3.49148133884313E-15));
#4174=DIRECTION('ref_axis',(0.,-3.49148133884313E-15,1.));
#4175=DIRECTION('',(0.,3.49148133884313E-15,-1.));
#4176=DIRECTION('',(0.,3.49148133884313E-15,-1.));
#4177=DIRECTION('center_axis',(0.,-1.,-3.49148133884313E-15));
#4178=DIRECTION('ref_axis',(0.,3.49148133884313E-15,-1.));
#4179=DIRECTION('',(-1.,0.,0.));
#4180=DIRECTION('',(0.382683432365092,-3.22570814710227E-15,0.923879532511286));
#4181=DIRECTION('',(0.382683432365092,3.22570814710227E-15,-0.923879532511286));
#4182=DIRECTION('',(0.,3.49148133884313E-15,-1.));
#4183=DIRECTION('',(2.10194769648723E-45,-3.49148133884313E-15,1.));
#4184=DIRECTION('center_axis',(0.,-1.,-3.49148133884313E-15));
#4185=DIRECTION('ref_axis',(0.,3.49148133884313E-15,-1.));
#4186=DIRECTION('',(2.10194769648723E-45,-3.49148133884313E-15,1.));
#4187=DIRECTION('center_axis',(0.,-1.,-3.49148133884313E-15));
#4188=DIRECTION('ref_axis',(0.,3.49148133884313E-15,-1.));
#4189=DIRECTION('',(0.,3.49148133884313E-15,-1.));
#4190=DIRECTION('center_axis',(0.,-1.,-3.49148133884313E-15));
#4191=DIRECTION('ref_axis',(0.,3.49148133884313E-15,-1.));
#4192=DIRECTION('',(0.,3.49148133884313E-15,-1.));
#4193=DIRECTION('',(2.10194769648723E-45,-3.49148133884313E-15,1.));
#4194=DIRECTION('center_axis',(0.,-1.,-3.49148133884313E-15));
#4195=DIRECTION('ref_axis',(0.,3.49148133884313E-15,-1.));
#4196=DIRECTION('',(0.,3.49148133884313E-15,-1.));
#4197=DIRECTION('',(2.10194769648723E-45,-3.49148133884313E-15,1.));
#4198=DIRECTION('center_axis',(0.,-3.49148133884313E-15,1.));
#4199=DIRECTION('ref_axis',(0.,-1.,-3.49148133884313E-15));
#4200=DIRECTION('',(2.13464222731705E-31,1.,3.49148133884313E-15));
#4201=DIRECTION('',(2.13464222731705E-31,-1.,-3.49148133884313E-15));
#4202=DIRECTION('center_axis',(-0.923879532511286,1.33613206278716E-15,
-0.382683432365092));
#4203=DIRECTION('ref_axis',(-0.382683432365092,0.,0.923879532511286));
#4204=DIRECTION('center_axis',(0.923879532511286,1.33613206278716E-15,-0.382683432365092));
#4205=DIRECTION('ref_axis',(-0.382683432365092,0.,-0.923879532511286));
#4206=DIRECTION('',(-1.24725363783329E-15,-1.,-3.75447116170602E-15));
#4207=DIRECTION('',(-2.50086239976966E-15,-1.,-2.50086239976966E-15));
#4208=DIRECTION('center_axis',(0.707106781186542,0.,-0.707106781186553));
#4209=DIRECTION('ref_axis',(0.,1.,0.));
#4210=DIRECTION('',(-0.707106781186547,0.,0.707106781186547));
#4211=DIRECTION('center_axis',(0.707106781186542,0.,-0.707106781186553));
#4212=DIRECTION('ref_axis',(0.,1.,0.));
#4213=DIRECTION('',(0.707106781186547,0.,-0.707106781186547));
#4214=DIRECTION('center_axis',(-2.4980018054066E-15,-1.,-2.4980018054066E-15));
#4215=DIRECTION('ref_axis',(0.,2.4980018054066E-15,-1.));
#4216=DIRECTION('',(0.923879532511288,-3.27493615614937E-15,0.382683432365086));
#4217=DIRECTION('',(-0.707106781186548,0.,0.707106781186548));
#4218=DIRECTION('',(-0.382683432365086,3.26793914656622E-15,-0.923879532511288));
#4219=DIRECTION('center_axis',(-2.4980018054066E-15,-1.,-2.4980018054066E-15));
#4220=DIRECTION('ref_axis',(0.,2.4980018054066E-15,-1.));
#4221=DIRECTION('',(-0.707106781186547,0.,0.707106781186547));
#4222=DIRECTION('',(0.923879532511288,-3.26379664513859E-15,0.382683432365086));
#4223=DIRECTION('',(-0.382683432365086,3.26379664513859E-15,-0.923879532511288));
#4224=DIRECTION('center_axis',(0.707106781186548,-3.53270803203849E-15,
0.707106781186548));
#4225=DIRECTION('ref_axis',(0.707106781186548,0.,-0.707106781186548));
#4226=DIRECTION('',(2.42354267381709E-15,1.,2.57246093699611E-15));
#4227=DIRECTION('',(-2.46715982325971E-15,-1.,-2.5288437875535E-15));
#4228=DIRECTION('center_axis',(-0.923879532511288,1.31161184360771E-15,
0.382683432365086));
#4229=DIRECTION('ref_axis',(0.382683432365086,-9.86076131526265E-32,0.923879532511288));
#4230=DIRECTION('center_axis',(0.382683432365086,1.44919437897593E-15,-0.923879532511288));
#4231=DIRECTION('ref_axis',(-0.923879532511288,0.,-0.382683432365086));
#4232=DIRECTION('',(-3.49148133884313E-15,-1.,2.13791572294848E-31));
#4233=DIRECTION('center_axis',(0.,0.,1.));
#4234=DIRECTION('ref_axis',(1.,0.,0.));
#4235=DIRECTION('center_axis',(0.,0.,-1.));
#4236=DIRECTION('ref_axis',(-1.,0.,0.));
#4237=DIRECTION('',(3.49148133884313E-15,1.,0.));
#4238=DIRECTION('center_axis',(0.,0.,-1.));
#4239=DIRECTION('ref_axis',(-1.,0.,0.));
#4240=DIRECTION('',(1.,0.,0.));
#4241=DIRECTION('center_axis',(0.,0.,-1.));
#4242=DIRECTION('ref_axis',(0.,1.,0.));
#4243=DIRECTION('',(0.,0.,1.));
#4244=DIRECTION('center_axis',(0.,0.,-1.));
#4245=DIRECTION('ref_axis',(0.,1.,0.));
#4246=DIRECTION('',(0.,0.,-1.));
#4247=DIRECTION('center_axis',(-3.49148133884313E-15,-1.,0.));
#4248=DIRECTION('ref_axis',(1.,-3.49148133884313E-15,0.));
#4249=DIRECTION('',(-0.923879532511286,3.22002223725657E-15,-0.382683432365093));
#4250=DIRECTION('',(-1.,3.49148133884313E-15,0.));
#4251=DIRECTION('',(0.,0.,1.));
#4252=DIRECTION('center_axis',(0.,1.,0.));
#4253=DIRECTION('ref_axis',(0.,0.,1.));
#4254=DIRECTION('',(1.,-3.49148133884308E-15,0.));
#4255=DIRECTION('center_axis',(0.,1.,0.));
#4256=DIRECTION('ref_axis',(0.,0.,1.));
#4257=DIRECTION('',(1.,-3.49148133884308E-15,0.));
#4258=DIRECTION('center_axis',(-3.49148133884313E-15,-1.,0.));
#4259=DIRECTION('ref_axis',(1.,-3.49148133884313E-15,0.));
#4260=DIRECTION('',(-0.923879532511286,3.22570814710227E-15,-0.382683432365093));
#4261=DIRECTION('',(0.,0.,1.));
#4262=DIRECTION('',(-1.,3.49148133884313E-15,0.));
#4263=DIRECTION('',(1.,-3.49148133884313E-15,0.));
#4264=DIRECTION('center_axis',(-3.49148133884313E-15,-1.,0.));
#4265=DIRECTION('ref_axis',(1.,-3.49148133884313E-15,0.));
#4266=DIRECTION('',(-1.,3.49148133884313E-15,0.));
#4267=DIRECTION('center_axis',(-3.49148133884313E-15,-1.,0.));
#4268=DIRECTION('ref_axis',(1.,-3.49148133884313E-15,0.));
#4269=DIRECTION('center_axis',(1.,-3.49148133884313E-15,0.));
#4270=DIRECTION('ref_axis',(3.49148133884313E-15,1.,0.));
#4271=DIRECTION('',(-3.49148133884313E-15,-1.,6.12323399573681E-17));
#4272=DIRECTION('',(-3.49148133884313E-15,-1.,0.));
#4273=DIRECTION('center_axis',(0.,0.,1.));
#4274=DIRECTION('ref_axis',(1.,0.,0.));
#4275=DIRECTION('center_axis',(-0.382683432365093,1.39270336840155E-15,
0.923879532511286));
#4276=DIRECTION('ref_axis',(0.923879532511286,0.,0.382683432365093));
#4277=DIRECTION('center_axis',(0.,0.,-1.));
#4278=DIRECTION('ref_axis',(-1.,0.,0.));
#4279=DIRECTION('',(2.89120579329468E-15,-1.,0.));
#4280=DIRECTION('center_axis',(0.,0.,-1.));
#4281=DIRECTION('ref_axis',(1.,0.,0.));
#4282=DIRECTION('',(1.,0.,0.));
#4283=DIRECTION('center_axis',(0.,0.,-1.));
#4284=DIRECTION('ref_axis',(1.,0.,0.));
#4285=DIRECTION('',(-2.89120579329468E-15,1.,1.77035296021731E-31));
#4286=DIRECTION('center_axis',(0.,0.,1.));
#4287=DIRECTION('ref_axis',(0.,-1.,0.));
#4288=DIRECTION('center_axis',(0.,0.,1.));
#4289=DIRECTION('ref_axis',(0.,-1.,0.));
#4290=DIRECTION('',(0.,0.,1.));
#4291=DIRECTION('center_axis',(-2.89120579329468E-15,1.,0.));
#4292=DIRECTION('ref_axis',(-1.,-2.89120579329468E-15,0.));
#4293=DIRECTION('',(0.,0.,-1.));
#4294=DIRECTION('',(0.923879532511285,2.67112585670301E-15,0.382683432365093));
#4295=DIRECTION('',(1.,2.89120579329468E-15,0.));
#4296=DIRECTION('center_axis',(-2.89120579329468E-15,1.,0.));
#4297=DIRECTION('ref_axis',(-1.,-2.89120579329468E-15,0.));
#4298=DIRECTION('',(1.,2.89120579329468E-15,0.));
#4299=DIRECTION('center_axis',(-2.89120579329468E-15,1.,0.));
#4300=DIRECTION('ref_axis',(-1.,-2.89120579329468E-15,0.));
#4301=DIRECTION('',(-1.,-2.89120579329468E-15,0.));
#4302=DIRECTION('center_axis',(1.,3.49148133884313E-15,0.));
#4303=DIRECTION('ref_axis',(-3.49148133884313E-15,1.,0.));
#4304=DIRECTION('',(3.49148133884313E-15,-1.,1.87409932169714E-16));
#4305=DIRECTION('',(-3.49148133884313E-15,1.,0.));
#4306=DIRECTION('center_axis',(0.,0.,1.));
#4307=DIRECTION('ref_axis',(1.,0.,0.));
#4308=DIRECTION('center_axis',(-0.382683432365093,-1.16298786226623E-15,
0.923879532511285));
#4309=DIRECTION('ref_axis',(0.923879532511285,-4.93038065763132E-32,0.382683432365093));
#4310=DIRECTION('',(-2.05201250326358E-15,1.,-2.05201250326358E-15));
#4311=DIRECTION('',(-1.03557296655841E-15,1.,-3.06845203996874E-15));
#4312=DIRECTION('center_axis',(-0.707106781186539,0.,0.707106781186556));
#4313=DIRECTION('ref_axis',(1.02999206386123E-15,-1.,1.0299920638612E-15));
#4314=DIRECTION('',(0.707106781186547,3.94430452610506E-31,-0.707106781186547));
#4315=DIRECTION('center_axis',(-0.707106781186539,0.,0.707106781186556));
#4316=DIRECTION('ref_axis',(9.93851991445041E-16,-1.,9.93851991445017E-16));
#4317=DIRECTION('',(-0.707106781186547,-3.94430452610506E-31,0.707106781186547));
#4318=DIRECTION('center_axis',(-2.0443912222445E-15,1.,-2.0443912222445E-15));
#4319=DIRECTION('ref_axis',(-1.,-2.0443912222445E-15,0.));
#4320=DIRECTION('',(-0.923879532511288,-2.72690538040982E-15,-0.382683432365086));
#4321=DIRECTION('',(0.382683432365086,2.88049597626791E-15,0.923879532511288));
#4322=DIRECTION('',(0.707106781186547,1.97215226305253E-31,-0.707106781186548));
#4323=DIRECTION('center_axis',(-2.0443912222445E-15,1.,-2.0443912222445E-15));
#4324=DIRECTION('ref_axis',(-1.,-2.0443912222445E-15,0.));
#4325=DIRECTION('',(-0.923879532511288,-2.67112585670301E-15,-0.382683432365086));
#4326=DIRECTION('',(0.707106781186547,1.97215226305253E-31,-0.707106781186548));
#4327=DIRECTION('',(0.382683432365086,2.67112585670301E-15,0.923879532511288));
#4328=DIRECTION('center_axis',(0.707106781186548,3.53270803203849E-15,0.707106781186547));
#4329=DIRECTION('ref_axis',(0.707106781186547,0.,-0.707106781186548));
#4330=DIRECTION('',(-2.76171094763204E-15,1.,-2.23429266318117E-15));
#4331=DIRECTION('',(2.34151478105776E-15,-1.,2.65448882975544E-15));
#4332=DIRECTION('center_axis',(-0.923879532511288,-1.14744868474632E-15,
0.382683432365086));
#4333=DIRECTION('ref_axis',(0.382683432365086,4.93038065763132E-32,0.923879532511288));
#4334=DIRECTION('center_axis',(0.382683432365086,-1.00735623651316E-15,
-0.923879532511288));
#4335=DIRECTION('ref_axis',(-0.923879532511288,4.93038065763132E-32,-0.382683432365086));
#4336=DIRECTION('',(0.,1.,-2.94781220398277E-15));
#4337=DIRECTION('',(0.,1.,-2.94781220398277E-15));
#4338=DIRECTION('center_axis',(-1.,0.,0.));
#4339=DIRECTION('ref_axis',(0.,-1.,2.92734586571086E-15));
#4340=DIRECTION('center_axis',(-1.,0.,0.));
#4341=DIRECTION('ref_axis',(0.,-1.,2.89120579329466E-15));
#4342=DIRECTION('center_axis',(0.,3.49148133884313E-15,1.));
#4343=DIRECTION('ref_axis',(0.,-1.,3.49148133884313E-15));
#4344=DIRECTION('',(-2.75921660435173E-16,1.,-3.49148133884313E-15));
#4345=DIRECTION('',(-2.75921660435173E-16,-1.,3.49148133884313E-15));
#4346=DIRECTION('center_axis',(-0.923879532511286,-1.08121368813457E-15,
-0.382683432365093));
#4347=DIRECTION('ref_axis',(-0.382683432365093,0.,0.923879532511286));
#4348=DIRECTION('center_axis',(0.923879532511286,-1.08121368813457E-15,
-0.382683432365093));
#4349=DIRECTION('ref_axis',(-0.382683432365093,0.,-0.923879532511286));
#4350=DIRECTION('',(1.0355729665584E-15,1.,-3.06845203996874E-15));
#4351=DIRECTION('',(2.05201250326357E-15,1.,-2.05201250326357E-15));
#4352=DIRECTION('center_axis',(-0.707106781186539,0.,-0.707106781186556));
#4353=DIRECTION('ref_axis',(0.,-1.,0.));
#4354=DIRECTION('',(0.707106781186548,-1.97215226305253E-31,0.707106781186547));
#4355=DIRECTION('center_axis',(-0.707106781186539,0.,-0.707106781186556));
#4356=DIRECTION('ref_axis',(0.,-1.,0.));
#4357=DIRECTION('',(-0.707106781186548,1.97215226305253E-31,-0.707106781186547));
#4358=DIRECTION('center_axis',(2.04439122224449E-15,1.,-2.0443912222445E-15));
#4359=DIRECTION('ref_axis',(0.,2.0443912222445E-15,1.));
#4360=DIRECTION('',(0.382683432365086,-2.72690538040982E-15,-0.923879532511288));
#4361=DIRECTION('',(-0.923879532511288,2.88049597626791E-15,0.382683432365087));
#4362=DIRECTION('',(0.707106781186547,2.16936748935778E-30,0.707106781186547));
#4363=DIRECTION('center_axis',(2.04439122224449E-15,1.,-2.0443912222445E-15));
#4364=DIRECTION('ref_axis',(0.,2.0443912222445E-15,1.));
#4365=DIRECTION('',(0.382683432365086,-2.671125856703E-15,-0.923879532511288));
#4366=DIRECTION('',(0.707106781186547,2.16936748935778E-30,0.707106781186547));
#4367=DIRECTION('',(-0.923879532511288,2.671125856703E-15,0.382683432365087));
#4368=DIRECTION('center_axis',(-0.707106781186548,3.53270803203849E-15,
0.707106781186548));
#4369=DIRECTION('ref_axis',(0.707106781186548,0.,0.707106781186548));
#4370=DIRECTION('',(2.34151478105775E-15,1.,-2.65448882975545E-15));
#4371=DIRECTION('',(-2.76171094763203E-15,-1.,2.23429266318117E-15));
#4372=DIRECTION('center_axis',(-0.382683432365087,-1.00735623651316E-15,
-0.923879532511288));
#4373=DIRECTION('ref_axis',(-0.923879532511288,0.,0.382683432365087));
#4374=DIRECTION('center_axis',(0.923879532511288,-1.14744868474631E-15,
0.382683432365086));
#4375=DIRECTION('ref_axis',(0.382683432365086,0.,-0.923879532511288));
#4376=DIRECTION('',(2.89120579329468E-15,1.,1.77035296021731E-31));
#4377=DIRECTION('center_axis',(0.,0.,1.));
#4378=DIRECTION('ref_axis',(1.,0.,0.));
#4379=DIRECTION('center_axis',(0.,0.,-1.));
#4380=DIRECTION('ref_axis',(-1.,0.,0.));
#4381=DIRECTION('',(-2.89120579329468E-15,-1.,0.));
#4382=DIRECTION('center_axis',(0.,0.,-1.));
#4383=DIRECTION('ref_axis',(-1.,0.,0.));
#4384=DIRECTION('',(-1.,0.,0.));
#4385=DIRECTION('center_axis',(0.,0.,-1.));
#4386=DIRECTION('ref_axis',(0.,-1.,0.));
#4387=DIRECTION('',(0.,0.,1.));
#4388=DIRECTION('center_axis',(0.,0.,-1.));
#4389=DIRECTION('ref_axis',(0.,-1.,0.));
#4390=DIRECTION('',(0.,0.,-1.));
#4391=DIRECTION('center_axis',(2.89120579329468E-15,1.,0.));
#4392=DIRECTION('ref_axis',(-1.,2.89120579329468E-15,0.));
#4393=DIRECTION('',(0.923879532511285,-2.83754688461883E-15,-0.382683432365093));
#4394=DIRECTION('',(1.,-2.89120579329468E-15,0.));
#4395=DIRECTION('',(0.,0.,1.));
#4396=DIRECTION('',(-1.,0.,0.));
#4397=DIRECTION('center_axis',(0.,-1.,0.));
#4398=DIRECTION('ref_axis',(0.,0.,-1.));
#4399=DIRECTION('',(-1.,0.,0.));
#4400=DIRECTION('center_axis',(0.,-1.,0.));
#4401=DIRECTION('ref_axis',(0.,0.,-1.));
#4402=DIRECTION('center_axis',(2.89120579329468E-15,1.,0.));
#4403=DIRECTION('ref_axis',(-1.,2.89120579329468E-15,0.));
#4404=DIRECTION('',(0.923879532511285,-2.67112585670301E-15,-0.382683432365093));
#4405=DIRECTION('',(0.,0.,1.));
#4406=DIRECTION('',(1.,-2.89120579329468E-15,0.));
#4407=DIRECTION('',(1.,-2.89120579329468E-15,0.));
#4408=DIRECTION('center_axis',(2.89120579329468E-15,1.,0.));
#4409=DIRECTION('ref_axis',(-1.,2.89120579329468E-15,0.));
#4410=DIRECTION('',(-1.,2.89120579329468E-15,0.));
#4411=DIRECTION('center_axis',(2.89120579329468E-15,1.,0.));
#4412=DIRECTION('ref_axis',(-1.,2.89120579329468E-15,0.));
#4413=DIRECTION('center_axis',(-1.,3.49148133884313E-15,0.));
#4414=DIRECTION('ref_axis',(-3.49148133884313E-15,-1.,0.));
#4415=DIRECTION('',(3.49148133884313E-15,1.,-1.87409932169714E-16));
#4416=DIRECTION('',(3.49148133884313E-15,1.,0.));
#4417=DIRECTION('center_axis',(0.,0.,1.));
#4418=DIRECTION('ref_axis',(1.,0.,0.));
#4419=DIRECTION('center_axis',(0.382683432365093,-1.16298786226623E-15,
0.923879532511285));
#4420=DIRECTION('ref_axis',(0.923879532511285,4.93038065763132E-32,-0.382683432365093));
#4421=DIRECTION('center_axis',(0.,1.,0.));
#4422=DIRECTION('ref_axis',(0.,0.,1.));
#4423=DIRECTION('',(1.,0.,2.08166817117211E-14));
#4424=DIRECTION('',(2.77555756156291E-14,0.,1.));
#4425=DIRECTION('center_axis',(0.,0.,1.));
#4426=DIRECTION('ref_axis',(0.,1.,0.));
#4427=DIRECTION('center_axis',(4.55996119356993E-45,1.,1.26174655685747E-30));
#4428=DIRECTION('ref_axis',(-1.,0.,3.61400724161836E-15));
#4429=DIRECTION('center_axis',(6.93889390390703E-15,6.60847038467355E-16,
-1.));
#4430=DIRECTION('ref_axis',(0.,-1.,-6.60847038467355E-16));
#4431=DIRECTION('',(1.,0.,6.93889390390703E-15));
#4432=DIRECTION('center_axis',(0.,1.,0.));
#4433=DIRECTION('ref_axis',(0.,0.,1.));
#4434=DIRECTION('',(2.77555756156291E-14,0.,1.));
#4435=DIRECTION('center_axis',(0.,-1.,-1.26174655685747E-30));
#4436=DIRECTION('ref_axis',(1.,0.,0.));
#4437=DIRECTION('center_axis',(0.,-1.,0.));
#4438=DIRECTION('ref_axis',(0.,0.,-1.));
#4439=DIRECTION('',(-1.,0.,6.93889390390703E-15));
#4440=DIRECTION('',(2.77555756156291E-14,0.,1.));
#4441=DIRECTION('center_axis',(6.93889390390702E-15,-6.60847038467355E-16,
1.));
#4442=DIRECTION('ref_axis',(0.,-1.,-6.60847038467355E-16));
#4443=DIRECTION('center_axis',(0.,-1.,0.));
#4444=DIRECTION('ref_axis',(1.,0.,3.61400724161836E-15));
#4445=DIRECTION('center_axis',(0.,0.,-1.));
#4446=DIRECTION('ref_axis',(0.,1.,0.));
#4447=DIRECTION('',(1.,0.,-3.46944695195368E-14));
#4448=DIRECTION('center_axis',(0.,-1.,0.));
#4449=DIRECTION('ref_axis',(0.,0.,-1.));
#4450=DIRECTION('',(0.,0.,-1.));
#4451=DIRECTION('center_axis',(0.,-1.,0.));
#4452=DIRECTION('ref_axis',(1.,0.,0.));
#4453=DIRECTION('center_axis',(0.,-1.,0.));
#4454=DIRECTION('ref_axis',(0.,0.,-1.));
#4455=DIRECTION('',(0.,1.,0.));
#4456=DIRECTION('',(0.,-1.,0.));
#4457=DIRECTION('center_axis',(0.,-1.,0.));
#4458=DIRECTION('ref_axis',(0.,0.,-1.));
#4459=DIRECTION('',(0.,1.,0.));
#4460=DIRECTION('',(0.,-1.,0.));
#4461=DIRECTION('center_axis',(0.,0.,-1.));
#4462=DIRECTION('ref_axis',(-1.,0.,0.));
#4463=DIRECTION('center_axis',(0.,0.,1.));
#4464=DIRECTION('ref_axis',(1.,0.,0.));
#4465=DIRECTION('center_axis',(0.,-1.,0.));
#4466=DIRECTION('ref_axis',(0.,0.,-1.));
#4467=DIRECTION('',(0.,1.,0.));
#4468=DIRECTION('',(0.,-1.,0.));
#4469=DIRECTION('center_axis',(0.,-1.,0.));
#4470=DIRECTION('ref_axis',(0.,0.,-1.));
#4471=DIRECTION('',(0.,1.,0.));
#4472=DIRECTION('',(0.,-1.,0.));
#4473=DIRECTION('center_axis',(0.,0.,-1.));
#4474=DIRECTION('ref_axis',(-1.,0.,0.));
#4475=DIRECTION('center_axis',(0.,0.,1.));
#4476=DIRECTION('ref_axis',(1.,0.,0.));
#4477=DIRECTION('center_axis',(0.,-1.,0.));
#4478=DIRECTION('ref_axis',(5.66553889764798E-16,0.,1.));
#4479=DIRECTION('',(-3.46944695195361E-16,1.,0.));
#4480=DIRECTION('',(0.,-1.,0.));
#4481=DIRECTION('center_axis',(-1.,-3.46944695195361E-16,0.));
#4482=DIRECTION('ref_axis',(3.46944695195361E-16,-1.,0.));
#4483=DIRECTION('center_axis',(-1.,0.,0.));
#4484=DIRECTION('ref_axis',(0.,0.,1.));
#4485=DIRECTION('center_axis',(0.,-1.,0.));
#4486=DIRECTION('ref_axis',(5.66553889764798E-16,0.,1.));
#4487=DIRECTION('',(-3.46944695195361E-16,1.,0.));
#4488=DIRECTION('',(0.,-1.,0.));
#4489=DIRECTION('center_axis',(-1.,-3.46944695195361E-16,0.));
#4490=DIRECTION('ref_axis',(3.46944695195361E-16,-1.,0.));
#4491=DIRECTION('center_axis',(-1.,0.,0.));
#4492=DIRECTION('ref_axis',(0.,0.,1.));
#4493=DIRECTION('center_axis',(0.,-1.,0.));
#4494=DIRECTION('ref_axis',(5.66553889764798E-16,0.,1.));
#4495=DIRECTION('',(-3.46944695195361E-16,1.,0.));
#4496=DIRECTION('',(0.,-1.,0.));
#4497=DIRECTION('center_axis',(-1.,-3.46944695195361E-16,0.));
#4498=DIRECTION('ref_axis',(3.46944695195361E-16,-1.,0.));
#4499=DIRECTION('center_axis',(-1.,0.,0.));
#4500=DIRECTION('ref_axis',(0.,0.,1.));
#4501=DIRECTION('center_axis',(0.,-1.,0.));
#4502=DIRECTION('ref_axis',(5.66553889764798E-16,0.,1.));
#4503=DIRECTION('',(-3.46944695195361E-16,1.,0.));
#4504=DIRECTION('',(0.,-1.,0.));
#4505=DIRECTION('center_axis',(-1.,-3.46944695195361E-16,0.));
#4506=DIRECTION('ref_axis',(3.46944695195361E-16,-1.,0.));
#4507=DIRECTION('center_axis',(-1.,0.,0.));
#4508=DIRECTION('ref_axis',(0.,0.,1.));
#4509=DIRECTION('center_axis',(0.,-1.,0.));
#4510=DIRECTION('ref_axis',(5.66553889764798E-16,0.,1.));
#4511=DIRECTION('',(-3.46944695195361E-16,1.,0.));
#4512=DIRECTION('',(0.,-1.,0.));
#4513=DIRECTION('center_axis',(-1.,-3.46944695195361E-16,0.));
#4514=DIRECTION('ref_axis',(3.46944695195361E-16,-1.,0.));
#4515=DIRECTION('center_axis',(-1.,0.,0.));
#4516=DIRECTION('ref_axis',(0.,0.,1.));
#4517=DIRECTION('center_axis',(0.,-1.,0.));
#4518=DIRECTION('ref_axis',(5.66553889764798E-16,0.,1.));
#4519=DIRECTION('',(-3.46944695195361E-16,1.,0.));
#4520=DIRECTION('',(0.,-1.,0.));
#4521=DIRECTION('center_axis',(-1.,-3.46944695195361E-16,0.));
#4522=DIRECTION('ref_axis',(3.46944695195361E-16,-1.,0.));
#4523=DIRECTION('center_axis',(-1.,0.,0.));
#4524=DIRECTION('ref_axis',(0.,0.,1.));
#4525=DIRECTION('center_axis',(0.,-1.,0.));
#4526=DIRECTION('ref_axis',(5.66553889764798E-16,0.,1.));
#4527=DIRECTION('',(-3.46944695195361E-16,1.,0.));
#4528=DIRECTION('',(0.,-1.,0.));
#4529=DIRECTION('center_axis',(-1.,-3.46944695195361E-16,0.));
#4530=DIRECTION('ref_axis',(3.46944695195361E-16,-1.,0.));
#4531=DIRECTION('center_axis',(-1.,0.,0.));
#4532=DIRECTION('ref_axis',(0.,0.,1.));
#4533=DIRECTION('center_axis',(0.,-1.,0.));
#4534=DIRECTION('ref_axis',(5.66553889764798E-16,0.,1.));
#4535=DIRECTION('',(-3.46944695195361E-16,1.,0.));
#4536=DIRECTION('',(0.,-1.,0.));
#4537=DIRECTION('center_axis',(-1.,-3.46944695195361E-16,0.));
#4538=DIRECTION('ref_axis',(3.46944695195361E-16,-1.,0.));
#4539=DIRECTION('center_axis',(-1.,0.,0.));
#4540=DIRECTION('ref_axis',(0.,0.,1.));
#4541=DIRECTION('center_axis',(0.,1.,3.49148133884313E-15));
#4542=DIRECTION('ref_axis',(1.22464679914735E-16,3.49148133884313E-15,-1.));
#4543=DIRECTION('',(1.64798730217797E-15,-1.,-3.49148133884313E-15));
#4544=DIRECTION('',(0.,1.,3.49148133884313E-15));
#4545=DIRECTION('center_axis',(-1.,0.,0.));
#4546=DIRECTION('ref_axis',(0.,0.,1.));
#4547=DIRECTION('center_axis',(1.,1.64798730217797E-15,5.75391691220481E-30));
#4548=DIRECTION('ref_axis',(-1.64798730217797E-15,1.,0.));
#4549=DIRECTION('center_axis',(0.,1.,3.49148133884313E-15));
#4550=DIRECTION('ref_axis',(1.22464679914735E-16,3.49148133884313E-15,-1.));
#4551=DIRECTION('',(1.64798730217797E-15,-1.,-3.49148133884313E-15));
#4552=DIRECTION('',(0.,1.,3.49148133884313E-15));
#4553=DIRECTION('center_axis',(-1.,0.,0.));
#4554=DIRECTION('ref_axis',(0.,0.,1.));
#4555=DIRECTION('center_axis',(1.,1.64798730217797E-15,5.75391691220481E-30));
#4556=DIRECTION('ref_axis',(-1.64798730217797E-15,1.,0.));
#4557=DIRECTION('center_axis',(0.,1.,3.49148133884313E-15));
#4558=DIRECTION('ref_axis',(1.22464679914735E-16,3.49148133884313E-15,-1.));
#4559=DIRECTION('',(1.64798730217797E-15,-1.,-3.49148133884313E-15));
#4560=DIRECTION('',(0.,1.,3.49148133884313E-15));
#4561=DIRECTION('center_axis',(-1.,0.,0.));
#4562=DIRECTION('ref_axis',(0.,0.,1.));
#4563=DIRECTION('center_axis',(1.,1.64798730217797E-15,5.75391691220481E-30));
#4564=DIRECTION('ref_axis',(-1.64798730217797E-15,1.,0.));
#4565=DIRECTION('center_axis',(0.,1.,3.49148133884313E-15));
#4566=DIRECTION('ref_axis',(1.22464679914735E-16,3.49148133884313E-15,-1.));
#4567=DIRECTION('',(1.64798730217797E-15,-1.,-3.49148133884313E-15));
#4568=DIRECTION('',(0.,1.,3.49148133884313E-15));
#4569=DIRECTION('center_axis',(-1.,0.,0.));
#4570=DIRECTION('ref_axis',(0.,0.,1.));
#4571=DIRECTION('center_axis',(1.,1.64798730217797E-15,5.75391691220481E-30));
#4572=DIRECTION('ref_axis',(-1.64798730217797E-15,1.,0.));
#4573=DIRECTION('center_axis',(0.,1.,0.));
#4574=DIRECTION('ref_axis',(0.,0.,1.));
#4575=DIRECTION('',(0.,-1.,0.));
#4576=DIRECTION('',(0.,1.,0.));
#4577=DIRECTION('center_axis',(0.,1.,0.));
#4578=DIRECTION('ref_axis',(0.,0.,1.));
#4579=DIRECTION('',(0.,-1.,0.));
#4580=DIRECTION('',(0.,1.,0.));
#4581=DIRECTION('center_axis',(0.,0.,-1.));
#4582=DIRECTION('ref_axis',(-1.,0.,0.));
#4583=DIRECTION('center_axis',(0.,0.,1.));
#4584=DIRECTION('ref_axis',(1.,0.,0.));
#4585=DIRECTION('center_axis',(0.,1.,0.));
#4586=DIRECTION('ref_axis',(0.,0.,1.));
#4587=DIRECTION('',(0.,-1.,0.));
#4588=DIRECTION('',(0.,1.,0.));
#4589=DIRECTION('center_axis',(0.,1.,0.));
#4590=DIRECTION('ref_axis',(0.,0.,1.));
#4591=DIRECTION('',(0.,-1.,0.));
#4592=DIRECTION('',(0.,1.,0.));
#4593=DIRECTION('center_axis',(0.,0.,-1.));
#4594=DIRECTION('ref_axis',(-1.,0.,0.));
#4595=DIRECTION('center_axis',(0.,0.,1.));
#4596=DIRECTION('ref_axis',(1.,0.,0.));
#4597=CARTESIAN_POINT('',(0.,0.,0.));
#4598=CARTESIAN_POINT('Origin',(-128.999999999995,2.91538691793374E-14,
-8.34999999999922));
#4599=CARTESIAN_POINT('',(-126.849999999995,-0.799999999999971,-8.34999999999923));
#4600=CARTESIAN_POINT('',(-131.149999999995,-0.799999999999964,-8.34999999999922));
#4601=CARTESIAN_POINT('Origin',(-128.999999999995,-0.799999999999971,-8.34999999999922));
#4602=CARTESIAN_POINT('',(-131.149999999995,2.91538691793374E-14,-8.34999999999922));
#4603=CARTESIAN_POINT('',(-131.149999999995,2.91538691793374E-14,-8.34999999999922));
#4604=CARTESIAN_POINT('',(-126.849999999995,3.04458715524379E-14,-8.34999999999922));
#4605=CARTESIAN_POINT('Origin',(-128.999999999995,3.04458715524379E-14,
-8.34999999999922));
#4606=CARTESIAN_POINT('',(-126.849999999995,-4.99999999999997,-8.34999999999923));
#4607=CARTESIAN_POINT('Origin',(-43.0000000000051,2.91538691793374E-14,
-8.34999999999922));
#4608=CARTESIAN_POINT('',(-40.8500000000051,-0.799999999999965,-8.34999999999922));
#4609=CARTESIAN_POINT('',(-45.1500000000051,-0.799999999999971,-8.34999999999922));
#4610=CARTESIAN_POINT('Origin',(-43.0000000000051,-0.799999999999971,-8.34999999999922));
#4611=CARTESIAN_POINT('',(-45.1500000000051,2.91538691793374E-14,-8.34999999999922));
#4612=CARTESIAN_POINT('',(-45.1500000000051,2.91538691793374E-14,-8.34999999999922));
#4613=CARTESIAN_POINT('',(-40.8500000000051,2.91538691793374E-14,-8.34999999999922));
#4614=CARTESIAN_POINT('Origin',(-43.0000000000051,3.04458715524379E-14,
-8.34999999999922));
#4615=CARTESIAN_POINT('',(-40.8500000000051,-4.99999999999997,-8.34999999999923));
#4616=CARTESIAN_POINT('Origin',(42.9999999999949,2.91538691793374E-14,-8.34999999999922));
#4617=CARTESIAN_POINT('',(45.1499999999949,-0.799999999999971,-8.34999999999923));
#4618=CARTESIAN_POINT('',(40.8499999999949,-0.799999999999964,-8.34999999999922));
#4619=CARTESIAN_POINT('Origin',(42.9999999999949,-0.799999999999971,-8.34999999999922));
#4620=CARTESIAN_POINT('',(40.8499999999949,2.91538691793374E-14,-8.34999999999922));
#4621=CARTESIAN_POINT('',(40.8499999999949,2.91538691793374E-14,-8.34999999999922));
#4622=CARTESIAN_POINT('',(45.1499999999949,3.04458715524379E-14,-8.34999999999922));
#4623=CARTESIAN_POINT('Origin',(42.9999999999949,3.04458715524379E-14,-8.34999999999922));
#4624=CARTESIAN_POINT('',(45.1499999999949,-4.99999999999997,-8.34999999999923));
#4625=CARTESIAN_POINT('Origin',(128.999999999995,2.91538691793374E-14,-8.34999999999922));
#4626=CARTESIAN_POINT('',(131.149999999995,-0.799999999999971,-8.34999999999923));
#4627=CARTESIAN_POINT('',(126.849999999995,-0.799999999999964,-8.34999999999922));
#4628=CARTESIAN_POINT('Origin',(128.999999999995,-0.799999999999971,-8.34999999999922));
#4629=CARTESIAN_POINT('',(126.849999999995,2.91538691793374E-14,-8.34999999999922));
#4630=CARTESIAN_POINT('',(126.849999999995,2.91538691793374E-14,-8.34999999999922));
#4631=CARTESIAN_POINT('',(131.149999999995,3.04458715524379E-14,-8.34999999999922));
#4632=CARTESIAN_POINT('Origin',(128.999999999995,3.04458715524379E-14,-8.34999999999922));
#4633=CARTESIAN_POINT('',(131.149999999995,-4.99999999999997,-8.34999999999923));
#4634=CARTESIAN_POINT('Origin',(300.999999999995,-163.,-12.0499999999998));
#4635=CARTESIAN_POINT('',(303.149999999995,-162.2,-12.0499999999998));
#4636=CARTESIAN_POINT('',(298.849999999995,-162.2,-12.0499999999998));
#4637=CARTESIAN_POINT('Origin',(300.999999999995,-162.2,-12.0499999999998));
#4638=CARTESIAN_POINT('',(298.849999999995,-163.,-12.0499999999998));
#4639=CARTESIAN_POINT('',(298.849999999995,-163.,-12.0499999999998));
#4640=CARTESIAN_POINT('',(303.149999999995,-163.,-12.0499999999998));
#4641=CARTESIAN_POINT('Origin',(300.999999999995,-163.,-12.0499999999998));
#4642=CARTESIAN_POINT('',(303.149999999995,-158.,-12.0499999999998));
#4643=CARTESIAN_POINT('Origin',(214.999999999995,-163.,-12.0499999999998));
#4644=CARTESIAN_POINT('',(217.149999999995,-162.2,-12.0499999999998));
#4645=CARTESIAN_POINT('',(212.849999999995,-162.2,-12.0499999999998));
#4646=CARTESIAN_POINT('Origin',(214.999999999995,-162.2,-12.0499999999998));
#4647=CARTESIAN_POINT('',(212.849999999995,-163.,-12.0499999999998));
#4648=CARTESIAN_POINT('',(212.849999999995,-163.,-12.0499999999998));
#4649=CARTESIAN_POINT('',(217.149999999995,-163.,-12.0499999999998));
#4650=CARTESIAN_POINT('Origin',(214.999999999995,-163.,-12.0499999999998));
#4651=CARTESIAN_POINT('',(217.149999999995,-158.,-12.0499999999998));
#4652=CARTESIAN_POINT('Origin',(128.999999999995,-163.,-12.0499999999998));
#4653=CARTESIAN_POINT('',(131.149999999995,-162.2,-12.0499999999998));
#4654=CARTESIAN_POINT('',(126.849999999995,-162.2,-12.0499999999998));
#4655=CARTESIAN_POINT('Origin',(128.999999999995,-162.2,-12.0499999999998));
#4656=CARTESIAN_POINT('',(126.849999999995,-163.,-12.0499999999998));
#4657=CARTESIAN_POINT('',(126.849999999995,-163.,-12.0499999999998));
#4658=CARTESIAN_POINT('',(131.149999999995,-163.,-12.0499999999998));
#4659=CARTESIAN_POINT('Origin',(128.999999999995,-163.,-12.0499999999998));
#4660=CARTESIAN_POINT('',(131.149999999995,-158.,-12.0499999999998));
#4661=CARTESIAN_POINT('Origin',(-128.999999999995,-163.,-12.0499999999998));
#4662=CARTESIAN_POINT('',(-126.849999999995,-162.2,-12.0499999999998));
#4663=CARTESIAN_POINT('',(-131.149999999995,-162.2,-12.0499999999998));
#4664=CARTESIAN_POINT('Origin',(-128.999999999995,-162.2,-12.0499999999998));
#4665=CARTESIAN_POINT('',(-131.149999999995,-163.,-12.0499999999998));
#4666=CARTESIAN_POINT('',(-131.149999999995,-163.,-12.0499999999998));
#4667=CARTESIAN_POINT('',(-126.849999999995,-163.,-12.0499999999998));
#4668=CARTESIAN_POINT('Origin',(-128.999999999995,-163.,-12.0499999999998));
#4669=CARTESIAN_POINT('',(-126.849999999995,-158.,-12.0499999999998));
#4670=CARTESIAN_POINT('Origin',(-214.999999999995,-163.,-12.0499999999998));
#4671=CARTESIAN_POINT('',(-212.849999999995,-162.2,-12.0499999999998));
#4672=CARTESIAN_POINT('',(-217.149999999995,-162.2,-12.0499999999998));
#4673=CARTESIAN_POINT('Origin',(-214.999999999995,-162.2,-12.0499999999998));
#4674=CARTESIAN_POINT('',(-217.149999999995,-163.,-12.0499999999998));
#4675=CARTESIAN_POINT('',(-217.149999999995,-163.,-12.0499999999998));
#4676=CARTESIAN_POINT('',(-212.849999999995,-163.,-12.0499999999998));
#4677=CARTESIAN_POINT('Origin',(-214.999999999995,-163.,-12.0499999999998));
#4678=CARTESIAN_POINT('',(-212.849999999995,-158.,-12.0499999999998));
#4679=CARTESIAN_POINT('Origin',(-300.999999999995,-163.,-12.0499999999998));
#4680=CARTESIAN_POINT('',(-298.849999999995,-162.2,-12.0499999999998));
#4681=CARTESIAN_POINT('',(-303.149999999995,-162.2,-12.0499999999998));
#4682=CARTESIAN_POINT('Origin',(-300.999999999995,-162.2,-12.0499999999998));
#4683=CARTESIAN_POINT('',(-303.149999999995,-163.,-12.0499999999998));
#4684=CARTESIAN_POINT('',(-303.149999999995,-163.,-12.0499999999998));
#4685=CARTESIAN_POINT('',(-298.849999999995,-163.,-12.0499999999998));
#4686=CARTESIAN_POINT('Origin',(-300.999999999995,-163.,-12.0499999999998));
#4687=CARTESIAN_POINT('',(-298.849999999995,-158.,-12.0499999999998));
#4688=CARTESIAN_POINT('Origin',(-43.0000000000051,-163.,-12.0499999999998));
#4689=CARTESIAN_POINT('',(-40.8500000000051,-162.2,-12.0499999999998));
#4690=CARTESIAN_POINT('',(-45.1500000000051,-162.2,-12.0499999999998));
#4691=CARTESIAN_POINT('Origin',(-43.0000000000051,-162.2,-12.0499999999998));
#4692=CARTESIAN_POINT('',(-45.1500000000051,-163.,-12.0499999999998));
#4693=CARTESIAN_POINT('',(-45.1500000000051,-163.,-12.0499999999998));
#4694=CARTESIAN_POINT('',(-40.8500000000051,-163.,-12.0499999999998));
#4695=CARTESIAN_POINT('Origin',(-43.0000000000051,-163.,-12.0499999999998));
#4696=CARTESIAN_POINT('',(-40.8500000000051,-158.,-12.0499999999998));
#4697=CARTESIAN_POINT('Origin',(42.9999999999949,-163.,-12.0499999999998));
#4698=CARTESIAN_POINT('',(45.1499999999949,-162.2,-12.0499999999998));
#4699=CARTESIAN_POINT('',(40.8499999999949,-162.2,-12.0499999999998));
#4700=CARTESIAN_POINT('Origin',(42.9999999999949,-162.2,-12.0499999999998));
#4701=CARTESIAN_POINT('',(40.8499999999949,-163.,-12.0499999999998));
#4702=CARTESIAN_POINT('',(40.8499999999949,-163.,-12.0499999999998));
#4703=CARTESIAN_POINT('',(45.1499999999949,-163.,-12.0499999999998));
#4704=CARTESIAN_POINT('Origin',(42.9999999999949,-163.,-12.0499999999998));
#4705=CARTESIAN_POINT('',(45.1499999999949,-158.,-12.0499999999998));
#4706=CARTESIAN_POINT('Origin',(0.,-163.,4.74059729378107E-13));
#4707=CARTESIAN_POINT('',(316.961747625005,-163.,-1.2));
#4708=CARTESIAN_POINT('',(309.505903502289,-163.,-19.2));
#4709=CARTESIAN_POINT('',(316.961747625005,-163.,-1.2));
#4710=CARTESIAN_POINT('',(-316.961747625006,-163.,-1.2));
#4711=CARTESIAN_POINT('',(317.502943725152,-163.,-1.2));
#4712=CARTESIAN_POINT('',(-309.50590350229,-163.,-19.2));
#4713=CARTESIAN_POINT('',(-74.2717599471751,-163.000000000002,-587.105459703974));
#4714=CARTESIAN_POINT('',(0.,-163.,-19.2));
#4715=CARTESIAN_POINT('',(40.8499999999949,-163.,-8.34999999999979));
#4716=CARTESIAN_POINT('',(40.8499999999949,-163.,-8.34999999999979));
#4717=CARTESIAN_POINT('',(45.1499999999949,-163.,-8.34999999999979));
#4718=CARTESIAN_POINT('Origin',(42.9999999999949,-163.,-8.34999999999979));
#4719=CARTESIAN_POINT('',(45.1499999999949,-163.,-8.34999999999979));
#4720=CARTESIAN_POINT('',(-212.849999999995,-163.,-8.34999999999979));
#4721=CARTESIAN_POINT('',(-212.849999999995,-163.,-8.34999999999979));
#4722=CARTESIAN_POINT('',(-217.149999999995,-163.,-8.34999999999979));
#4723=CARTESIAN_POINT('',(-217.149999999995,-163.,-8.34999999999979));
#4724=CARTESIAN_POINT('Origin',(-214.999999999995,-163.,-8.34999999999979));
#4725=CARTESIAN_POINT('',(303.149999999995,-163.,-8.34999999999979));
#4726=CARTESIAN_POINT('',(303.149999999995,-163.,-8.34999999999979));
#4727=CARTESIAN_POINT('',(298.849999999995,-163.,-8.34999999999979));
#4728=CARTESIAN_POINT('',(298.849999999995,-163.,-8.34999999999979));
#4729=CARTESIAN_POINT('Origin',(300.999999999995,-163.,-8.34999999999979));
#4730=CARTESIAN_POINT('',(212.849999999995,-163.,-8.34999999999979));
#4731=CARTESIAN_POINT('',(212.849999999995,-163.,-8.34999999999979));
#4732=CARTESIAN_POINT('',(217.149999999995,-163.,-8.34999999999979));
#4733=CARTESIAN_POINT('Origin',(214.999999999995,-163.,-8.34999999999979));
#4734=CARTESIAN_POINT('',(217.149999999995,-163.,-8.34999999999979));
#4735=CARTESIAN_POINT('',(126.849999999995,-163.,-8.34999999999979));
#4736=CARTESIAN_POINT('',(126.849999999995,-163.,-8.34999999999979));
#4737=CARTESIAN_POINT('',(131.149999999995,-163.,-8.34999999999979));
#4738=CARTESIAN_POINT('Origin',(128.999999999995,-163.,-8.34999999999979));
#4739=CARTESIAN_POINT('',(131.149999999995,-163.,-8.34999999999979));
#4740=CARTESIAN_POINT('',(-131.149999999995,-163.,-8.34999999999979));
#4741=CARTESIAN_POINT('',(-131.149999999995,-163.,-8.34999999999979));
#4742=CARTESIAN_POINT('',(-126.849999999995,-163.,-8.34999999999979));
#4743=CARTESIAN_POINT('Origin',(-128.999999999995,-163.,-8.34999999999979));
#4744=CARTESIAN_POINT('',(-126.849999999995,-163.,-8.34999999999979));
#4745=CARTESIAN_POINT('',(-303.149999999995,-163.,-8.34999999999979));
#4746=CARTESIAN_POINT('',(-303.149999999995,-163.,-8.34999999999979));
#4747=CARTESIAN_POINT('',(-298.849999999995,-163.,-8.34999999999979));
#4748=CARTESIAN_POINT('Origin',(-300.999999999995,-163.,-8.34999999999979));
#4749=CARTESIAN_POINT('',(-298.849999999995,-163.,-8.34999999999979));
#4750=CARTESIAN_POINT('',(-40.8500000000051,-163.,-8.34999999999979));
#4751=CARTESIAN_POINT('',(-40.8500000000051,-163.,-8.34999999999979));
#4752=CARTESIAN_POINT('',(-45.1500000000051,-163.,-8.34999999999979));
#4753=CARTESIAN_POINT('',(-45.1500000000051,-163.,-8.34999999999979));
#4754=CARTESIAN_POINT('Origin',(-43.0000000000051,-163.,-8.34999999999979));
#4755=CARTESIAN_POINT('Origin',(0.,-162.2,4.71266544307033E-13));
#4756=CARTESIAN_POINT('',(316.961747625005,-162.2,-1.20000000000001));
#4757=CARTESIAN_POINT('',(-316.961747625006,-162.2,-1.20000000000001));
#4758=CARTESIAN_POINT('',(317.502943725152,-162.2,-1.20000000000001));
#4759=CARTESIAN_POINT('',(309.505903502289,-162.2,-19.2));
#4760=CARTESIAN_POINT('',(270.968038442404,-162.2,-112.238636492478));
#4761=CARTESIAN_POINT('',(-309.50590350229,-162.2,-19.2));
#4762=CARTESIAN_POINT('',(317.502943725152,-162.2,-19.2));
#4763=CARTESIAN_POINT('',(-270.968038442405,-162.2,-112.238636492479));
#4764=CARTESIAN_POINT('',(-126.849999999995,-162.2,-8.34999999999979));
#4765=CARTESIAN_POINT('',(-126.849999999995,-162.2,4.71266544307032E-13));
#4766=CARTESIAN_POINT('',(-131.149999999995,-162.2,-8.34999999999979));
#4767=CARTESIAN_POINT('Origin',(-128.999999999995,-162.2,-8.34999999999979));
#4768=CARTESIAN_POINT('',(-131.149999999995,-162.2,4.71266544307033E-13));
#4769=CARTESIAN_POINT('',(298.849999999995,-162.2,-8.34999999999979));
#4770=CARTESIAN_POINT('',(303.149999999995,-162.2,-8.34999999999979));
#4771=CARTESIAN_POINT('Origin',(300.999999999995,-162.2,-8.34999999999979));
#4772=CARTESIAN_POINT('',(298.849999999995,-162.2,4.71266544307033E-13));
#4773=CARTESIAN_POINT('',(303.149999999995,-162.2,4.71266544307033E-13));
#4774=CARTESIAN_POINT('',(217.149999999995,-162.2,-8.34999999999979));
#4775=CARTESIAN_POINT('',(217.149999999995,-162.2,4.71266544307033E-13));
#4776=CARTESIAN_POINT('',(212.849999999995,-162.2,-8.34999999999979));
#4777=CARTESIAN_POINT('Origin',(214.999999999995,-162.2,-8.34999999999979));
#4778=CARTESIAN_POINT('',(212.849999999995,-162.2,4.71266544307033E-13));
#4779=CARTESIAN_POINT('',(131.149999999995,-162.2,-8.34999999999979));
#4780=CARTESIAN_POINT('',(131.149999999995,-162.2,4.71266544307033E-13));
#4781=CARTESIAN_POINT('',(126.849999999995,-162.2,-8.34999999999979));
#4782=CARTESIAN_POINT('Origin',(128.999999999995,-162.2,-8.34999999999979));
#4783=CARTESIAN_POINT('',(126.849999999995,-162.2,4.71266544307033E-13));
#4784=CARTESIAN_POINT('',(-212.849999999995,-162.2,-8.34999999999979));
#4785=CARTESIAN_POINT('',(-212.849999999995,-162.2,4.71266544307032E-13));
#4786=CARTESIAN_POINT('',(-217.149999999995,-162.2,-8.34999999999979));
#4787=CARTESIAN_POINT('Origin',(-214.999999999995,-162.2,-8.34999999999979));
#4788=CARTESIAN_POINT('',(-217.149999999995,-162.2,4.71266544307033E-13));
#4789=CARTESIAN_POINT('',(-303.149999999995,-162.2,-8.34999999999979));
#4790=CARTESIAN_POINT('',(-298.849999999995,-162.2,-8.34999999999979));
#4791=CARTESIAN_POINT('Origin',(-300.999999999995,-162.2,-8.34999999999979));
#4792=CARTESIAN_POINT('',(-303.149999999995,-162.2,4.71266544307033E-13));
#4793=CARTESIAN_POINT('',(-298.849999999995,-162.2,4.71266544307032E-13));
#4794=CARTESIAN_POINT('',(-45.1500000000051,-162.2,-8.34999999999979));
#4795=CARTESIAN_POINT('',(-45.1500000000051,-162.2,4.71266544307033E-13));
#4796=CARTESIAN_POINT('',(-40.8500000000051,-162.2,-8.34999999999979));
#4797=CARTESIAN_POINT('',(-40.8500000000051,-162.2,4.71266544307033E-13));
#4798=CARTESIAN_POINT('Origin',(-43.0000000000051,-162.2,-8.34999999999979));
#4799=CARTESIAN_POINT('',(40.8499999999949,-162.2,-8.34999999999979));
#4800=CARTESIAN_POINT('',(40.8499999999949,-162.2,4.71266544307033E-13));
#4801=CARTESIAN_POINT('',(45.1499999999949,-162.2,-8.34999999999979));
#4802=CARTESIAN_POINT('',(45.1499999999949,-162.2,4.71266544307033E-13));
#4803=CARTESIAN_POINT('Origin',(42.9999999999949,-162.2,-8.34999999999979));
#4804=CARTESIAN_POINT('Origin',(4.74059729378111E-13,-163.000000000001,
0.));
#4805=CARTESIAN_POINT('',(369.3,-163.,-78.9940964977097));
#4806=CARTESIAN_POINT('',(387.3,-163.,-71.538252374994));
#4807=CARTESIAN_POINT('',(360.189108867225,-163.,-82.7679511702101));
#4808=CARTESIAN_POINT('',(369.3,-163.,-94.7));
#4809=CARTESIAN_POINT('',(369.3,-163.,0.));
#4810=CARTESIAN_POINT('',(387.3,-163.,-94.7));
#4811=CARTESIAN_POINT('',(4.74059729378111E-13,-163.000000000001,-94.7));
#4812=CARTESIAN_POINT('',(387.3,-163.,-94.7));
#4813=CARTESIAN_POINT('',(379.849999999995,-163.,-87.3499999999997));
#4814=CARTESIAN_POINT('',(379.849999999995,-163.,-83.0499999999998));
#4815=CARTESIAN_POINT('Origin',(379.849999999995,-163.,-85.1999999999997));
#4816=CARTESIAN_POINT('',(376.149999999995,-163.,-87.3499999999997));
#4817=CARTESIAN_POINT('',(379.849999999995,-163.,-87.3499999999997));
#4818=CARTESIAN_POINT('',(376.149999999995,-163.,-83.0499999999998));
#4819=CARTESIAN_POINT('Origin',(376.149999999995,-163.,-85.1999999999997));
#4820=CARTESIAN_POINT('',(379.849999999995,-163.,-83.0499999999998));
#4821=CARTESIAN_POINT('Origin',(387.3,-161.,-94.7));
#4822=CARTESIAN_POINT('',(389.3,-140.,-94.7));
#4823=CARTESIAN_POINT('',(389.3,-23.,-94.7));
#4824=CARTESIAN_POINT('',(389.3,-163.,-94.7));
#4825=CARTESIAN_POINT('',(387.3,-140.,-96.7));
#4826=CARTESIAN_POINT('Origin',(387.3,-140.,-94.7));
#4827=CARTESIAN_POINT('',(387.3,-23.,-96.7));
#4828=CARTESIAN_POINT('',(387.3,-2.,-96.7));
#4829=CARTESIAN_POINT('Origin',(387.3,-23.,-94.7));
#4830=CARTESIAN_POINT('Origin',(387.3,-161.,-94.7));
#4831=CARTESIAN_POINT('',(387.3,-140.,-95.9));
#4832=CARTESIAN_POINT('',(388.5,-140.,-94.7));
#4833=CARTESIAN_POINT('Origin',(387.3,-140.,-94.7));
#4834=CARTESIAN_POINT('',(388.5,-23.,-94.7));
#4835=CARTESIAN_POINT('',(388.5,-163.,-94.7));
#4836=CARTESIAN_POINT('',(387.3,-23.,-95.9));
#4837=CARTESIAN_POINT('Origin',(387.3,-23.,-94.7));
#4838=CARTESIAN_POINT('',(387.3,-2.,-95.9));
#4839=CARTESIAN_POINT('Origin',(3.45039670852338E-13,0.,-96.7000000000014));
#4840=CARTESIAN_POINT('',(369.3,-140.,-96.7));
#4841=CARTESIAN_POINT('',(-389.3,-140.,-96.7));
#4842=CARTESIAN_POINT('',(369.3,-23.,-96.7));
#4843=CARTESIAN_POINT('',(369.3,0.,-96.7));
#4844=CARTESIAN_POINT('',(3.45137691574558E-13,-23.,-96.7000000000014));
#4845=CARTESIAN_POINT('Origin',(3.42246485781264E-13,0.,-95.9000000000014));
#4846=CARTESIAN_POINT('',(369.3,-140.,-95.9));
#4847=CARTESIAN_POINT('',(369.3,-23.,-95.9));
#4848=CARTESIAN_POINT('',(369.3,-2.,-95.9));
#4849=CARTESIAN_POINT('',(3.42148465059044E-13,-140.,-95.9000000000014));
#4850=CARTESIAN_POINT('',(3.42246485781264E-13,-23.,-95.9000000000014));
#4851=CARTESIAN_POINT('Origin',(369.3,-2.,-96.7));
#4852=CARTESIAN_POINT('',(369.3,-140.,-96.7));
#4853=CARTESIAN_POINT('',(369.3,-23.,-95.9));
#4854=CARTESIAN_POINT('Origin',(-387.3,-2.,-94.7));
#4855=CARTESIAN_POINT('',(-389.3,-140.,-94.7));
#4856=CARTESIAN_POINT('',(-389.3,-23.,-94.7));
#4857=CARTESIAN_POINT('',(-389.3,-163.,-94.7));
#4858=CARTESIAN_POINT('',(-387.3,-23.,-96.7));
#4859=CARTESIAN_POINT('Origin',(-387.3,-23.,-94.7));
#4860=CARTESIAN_POINT('',(-387.3,-140.,-96.7));
#4861=CARTESIAN_POINT('',(-387.3,-161.,-96.7));
#4862=CARTESIAN_POINT('Origin',(-387.3,-140.,-94.7));
#4863=CARTESIAN_POINT('Origin',(-387.3,-2.,-94.7));
#4864=CARTESIAN_POINT('',(-387.3,-23.,-95.9));
#4865=CARTESIAN_POINT('',(-388.5,-23.,-94.7));
#4866=CARTESIAN_POINT('Origin',(-387.3,-23.,-94.7));
#4867=CARTESIAN_POINT('',(-388.5,-140.,-94.7));
#4868=CARTESIAN_POINT('',(-388.5,-163.,-94.7));
#4869=CARTESIAN_POINT('',(-387.3,-140.,-95.9));
#4870=CARTESIAN_POINT('Origin',(-387.3,-140.,-94.7));
#4871=CARTESIAN_POINT('',(-387.3,-161.,-95.9));
#4872=CARTESIAN_POINT('Origin',(-3.45039670852338E-13,1.20462574524953E-28,
-96.7000000000014));
#4873=CARTESIAN_POINT('',(-369.3,-23.,-96.7));
#4874=CARTESIAN_POINT('',(-389.3,-23.,-96.7));
#4875=CARTESIAN_POINT('',(-369.3,-140.,-96.7));
#4876=CARTESIAN_POINT('',(-369.3,1.28932504086186E-13,-96.7));
#4877=CARTESIAN_POINT('',(-3.45137691574558E-13,-140.,-96.7000000000014));
#4878=CARTESIAN_POINT('Origin',(-3.42246485781264E-13,1.19487398934404E-28,
-95.9000000000014));
#4879=CARTESIAN_POINT('',(-369.3,-23.,-95.9));
#4880=CARTESIAN_POINT('',(-369.3,-140.,-95.9));
#4881=CARTESIAN_POINT('',(-369.3,-161.,-95.9));
#4882=CARTESIAN_POINT('',(-3.42148465059044E-13,-23.,-95.9000000000014));
#4883=CARTESIAN_POINT('',(-3.42246485781264E-13,-140.,-95.9000000000014));
#4884=CARTESIAN_POINT('Origin',(-369.3,-161.,-96.7));
#4885=CARTESIAN_POINT('',(-369.3,-23.,-96.7));
#4886=CARTESIAN_POINT('',(-369.3,-140.,-95.9));
#4887=CARTESIAN_POINT('Origin',(-387.3,-161.,-70.9970562748477));
#4888=CARTESIAN_POINT('',(-388.5,-161.,-70.9970562748477));
#4889=CARTESIAN_POINT('',(-389.3,-161.,-70.9970562748477));
#4890=CARTESIAN_POINT('',(-388.5,-161.,-70.9970562748477));
#4891=CARTESIAN_POINT('',(-388.148528137424,-161.,-70.1485281374242));
#4892=CARTESIAN_POINT('Origin',(-387.3,-161.,-70.9970562748477));
#4893=CARTESIAN_POINT('',(-388.714213562373,-161.,-69.5828427124746));
#4894=CARTESIAN_POINT('',(-388.148528137424,-161.,-70.1485281374242));
#4895=CARTESIAN_POINT('Origin',(-387.3,-161.,-70.9970562748477));
#4896=CARTESIAN_POINT('Origin',(-317.502943725152,-161.,-1.20000000000001));
#4897=CARTESIAN_POINT('',(-318.351471862576,-161.,-0.351471862576162));
#4898=CARTESIAN_POINT('',(-318.917157287526,-161.,0.214213562373509));
#4899=CARTESIAN_POINT('',(-318.351471862577,-161.,-0.351471862575739));
#4900=CARTESIAN_POINT('',(-317.502943725152,-161.,-3.46944695195361E-15));
#4901=CARTESIAN_POINT('Origin',(-317.502943725152,-161.,-1.20000000000001));
#4902=CARTESIAN_POINT('',(-317.502943725152,-161.,0.8));
#4903=CARTESIAN_POINT('',(-317.502943725152,-161.,-3.46944695195361E-15));
#4904=CARTESIAN_POINT('Origin',(-317.502943725152,-161.,-1.20000000000001));
#4905=CARTESIAN_POINT('Origin',(317.502943725152,-161.,-1.19999999999993));
#4906=CARTESIAN_POINT('',(317.502943725152,-161.,0.));
#4907=CARTESIAN_POINT('',(317.502943725152,-161.,0.799999999999996));
#4908=CARTESIAN_POINT('',(317.502943725152,-161.,-3.46944695195361E-15));
#4909=CARTESIAN_POINT('',(318.351471862576,-161.,-0.351471862575627));
#4910=CARTESIAN_POINT('Origin',(317.502943725152,-161.,-1.19999999999993));
#4911=CARTESIAN_POINT('',(318.917157287525,-161.,0.214213562373241));
#4912=CARTESIAN_POINT('',(318.351471862576,-161.,-0.351471862575642));
#4913=CARTESIAN_POINT('Origin',(317.502943725152,-161.,-1.19999999999993));
#4914=CARTESIAN_POINT('Origin',(387.3,-161.,-70.9970562748478));
#4915=CARTESIAN_POINT('',(388.148528137424,-161.,-70.1485281374239));
#4916=CARTESIAN_POINT('',(388.714213562373,-161.,-69.5828427124751));
#4917=CARTESIAN_POINT('',(388.148528137423,-161.,-70.1485281374243));
#4918=CARTESIAN_POINT('',(388.5,-161.,-70.9970562748478));
#4919=CARTESIAN_POINT('Origin',(387.3,-161.,-70.9970562748478));
#4920=CARTESIAN_POINT('',(389.3,-161.,-70.9970562748478));
#4921=CARTESIAN_POINT('',(388.5,-161.,-70.9970562748478));
#4922=CARTESIAN_POINT('Origin',(387.3,-161.,-70.9970562748478));
#4923=CARTESIAN_POINT('Origin',(387.3,-2.,-70.9970562748478));
#4924=CARTESIAN_POINT('',(388.5,-2.,-70.9970562748478));
#4925=CARTESIAN_POINT('',(389.3,-2.,-70.9970562748478));
#4926=CARTESIAN_POINT('',(388.5,-2.,-70.9970562748478));
#4927=CARTESIAN_POINT('',(388.148528137424,-2.,-70.1485281374241));
#4928=CARTESIAN_POINT('Origin',(387.3,-2.,-70.9970562748478));
#4929=CARTESIAN_POINT('',(388.714213562373,-2.,-69.5828427124746));
#4930=CARTESIAN_POINT('',(388.148528137424,-2.,-70.1485281374241));
#4931=CARTESIAN_POINT('Origin',(387.3,-2.,-70.9970562748478));
#4932=CARTESIAN_POINT('Origin',(317.502943725152,-2.,-1.19999999999993));
#4933=CARTESIAN_POINT('',(318.351471862576,-2.,-0.351471862575707));
#4934=CARTESIAN_POINT('',(318.917157287526,-2.,0.214213562373528));
#4935=CARTESIAN_POINT('',(318.351471862576,-2.,-0.351471862575704));
#4936=CARTESIAN_POINT('',(317.502943725152,-2.,2.16840434497101E-16));
#4937=CARTESIAN_POINT('Origin',(317.502943725152,-2.,-1.19999999999993));
#4938=CARTESIAN_POINT('',(317.502943725152,-2.,0.8));
#4939=CARTESIAN_POINT('',(317.502943725152,-2.,2.16840434497101E-16));
#4940=CARTESIAN_POINT('Origin',(317.502943725152,-2.,-1.19999999999993));
#4941=CARTESIAN_POINT('Origin',(-317.502943725152,-2.,-1.20000000000001));
#4942=CARTESIAN_POINT('',(-317.502943725152,-2.,2.16840434497101E-16));
#4943=CARTESIAN_POINT('',(-317.502943725152,-2.,0.8));
#4944=CARTESIAN_POINT('',(-317.502943725152,-2.,2.16840434497101E-16));
#4945=CARTESIAN_POINT('',(-318.351471862576,-2.,-0.351471862575871));
#4946=CARTESIAN_POINT('Origin',(-317.502943725152,-2.,-1.20000000000001));
#4947=CARTESIAN_POINT('',(-318.917157287525,-2.,0.214213562373051));
#4948=CARTESIAN_POINT('',(-318.351471862576,-2.,-0.351471862575885));
#4949=CARTESIAN_POINT('Origin',(-317.502943725152,-2.,-1.20000000000001));
#4950=CARTESIAN_POINT('Origin',(-387.3,-2.,-70.9970562748477));
#4951=CARTESIAN_POINT('',(-388.148528137424,-2.,-70.148528137424));
#4952=CARTESIAN_POINT('',(-388.714213562373,-2.,-69.5828427124748));
#4953=CARTESIAN_POINT('',(-388.148528137424,-2.,-70.1485281374241));
#4954=CARTESIAN_POINT('',(-388.5,-2.,-70.9970562748477));
#4955=CARTESIAN_POINT('Origin',(-387.3,-2.,-70.9970562748477));
#4956=CARTESIAN_POINT('',(-389.3,-2.,-70.9970562748477));
#4957=CARTESIAN_POINT('',(-388.5,-2.,-70.9970562748477));
#4958=CARTESIAN_POINT('Origin',(-387.3,-2.,-70.9970562748477));
#4959=CARTESIAN_POINT('Origin',(-389.3,-163.,-70.5));
#4960=CARTESIAN_POINT('',(-389.3,-161.,-94.7));
#4961=CARTESIAN_POINT('',(-389.3,-163.,-94.7));
#4962=CARTESIAN_POINT('',(-389.3,-161.,-94.7));
#4963=CARTESIAN_POINT('',(-389.3,-163.,-70.9970562748477));
#4964=CARTESIAN_POINT('',(-389.3,-2.,-94.7));
#4965=CARTESIAN_POINT('',(-389.3,-2.,-70.9970562748477));
#4966=CARTESIAN_POINT('',(-389.3,-2.,-94.7));
#4967=CARTESIAN_POINT('Origin',(-388.5,-163.,-70.5));
#4968=CARTESIAN_POINT('',(-388.5,-161.,-94.7));
#4969=CARTESIAN_POINT('',(-388.5,-161.,-94.7));
#4970=CARTESIAN_POINT('',(-388.5,-163.,-94.7));
#4971=CARTESIAN_POINT('',(-388.5,-2.,-94.7));
#4972=CARTESIAN_POINT('',(-388.5,-2.,-94.7));
#4973=CARTESIAN_POINT('',(-388.5,-2.,-70.9970562748477));
#4974=CARTESIAN_POINT('',(-388.5,-163.,-70.9970562748477));
#4975=CARTESIAN_POINT('Origin',(-387.3,-163.,-70.9970562748477));
#4976=CARTESIAN_POINT('',(-388.714213562373,-163.,-69.5828427124746));
#4977=CARTESIAN_POINT('Origin',(-318.565685424949,-163.,0.565685424949238));
#4978=CARTESIAN_POINT('',(-388.714213562373,-161.,-69.5828427124749));
#4979=CARTESIAN_POINT('',(-318.917157287525,-163.,0.214213562373071));
#4980=CARTESIAN_POINT('',(-318.917157287526,-2.,0.214213562373362));
#4981=CARTESIAN_POINT('Origin',(-318.,-163.,0.));
#4982=CARTESIAN_POINT('',(-388.148528137424,-161.,-70.1485281374242));
#4983=CARTESIAN_POINT('',(-388.148528137424,-163.,-70.1485281374239));
#4984=CARTESIAN_POINT('',(-318.351471862576,-2.,-0.351471862575872));
#4985=CARTESIAN_POINT('',(-318.351471862576,-163.,-0.351471862576162));
#4986=CARTESIAN_POINT('Origin',(-317.502943725152,-163.,-1.20000000000001));
#4987=CARTESIAN_POINT('',(-317.502943725152,-163.,0.8));
#4988=CARTESIAN_POINT('Origin',(-318.,-163.,0.8));
#4989=CARTESIAN_POINT('',(-317.502943725152,-161.,0.799999999999996));
#4990=CARTESIAN_POINT('',(317.502943725151,-163.,0.800000000000066));
#4991=CARTESIAN_POINT('',(317.502943725152,-2.,0.8));
#4992=CARTESIAN_POINT('Origin',(-318.,-163.,0.));
#4993=CARTESIAN_POINT('',(-317.502943725152,-161.,-3.46944695195361E-15));
#4994=CARTESIAN_POINT('',(-317.502943725152,-163.,0.));
#4995=CARTESIAN_POINT('',(317.502943725152,-2.,2.16840434497101E-16));
#4996=CARTESIAN_POINT('',(317.502943725152,-163.,0.));
#4997=CARTESIAN_POINT('Origin',(317.502943725152,-163.,-1.19999999999993));
#4998=CARTESIAN_POINT('',(318.917157287525,-163.,0.214213562373241));
#4999=CARTESIAN_POINT('Origin',(318.565685424949,-163.,0.565685424949238));
#5000=CARTESIAN_POINT('',(318.917157287526,-161.,0.214213562373604));
#5001=CARTESIAN_POINT('',(388.714213562373,-163.,-69.5828427124747));
#5002=CARTESIAN_POINT('',(388.714213562373,-2.,-69.5828427124749));
#5003=CARTESIAN_POINT('Origin',(318.,-163.,0.));
#5004=CARTESIAN_POINT('',(318.351471862576,-161.,-0.351471862575627));
#5005=CARTESIAN_POINT('',(318.351471862576,-163.,-0.351471862575992));
#5006=CARTESIAN_POINT('',(388.148528137424,-2.,-70.1485281374241));
#5007=CARTESIAN_POINT('',(388.148528137424,-163.,-70.1485281374239));
#5008=CARTESIAN_POINT('Origin',(387.3,-163.,-70.9970562748478));
#5009=CARTESIAN_POINT('',(389.3,-163.,-70.9970562748478));
#5010=CARTESIAN_POINT('Origin',(389.3,-163.,-70.5));
#5011=CARTESIAN_POINT('',(389.3,-161.,-94.7));
#5012=CARTESIAN_POINT('',(389.3,-161.,-70.9970562748478));
#5013=CARTESIAN_POINT('',(389.3,-163.,-94.7));
#5014=CARTESIAN_POINT('',(389.3,-2.,-94.7));
#5015=CARTESIAN_POINT('',(389.3,-2.,-94.7));
#5016=CARTESIAN_POINT('',(389.3,-2.,-94.7));
#5017=CARTESIAN_POINT('Origin',(388.5,-163.,-70.5));
#5018=CARTESIAN_POINT('',(388.5,-161.,-94.7));
#5019=CARTESIAN_POINT('',(388.5,-161.,-70.9970562748478));
#5020=CARTESIAN_POINT('',(388.5,-163.,-70.9970562748478));
#5021=CARTESIAN_POINT('',(388.5,-2.,-94.7));
#5022=CARTESIAN_POINT('',(388.5,-2.,-94.7));
#5023=CARTESIAN_POINT('',(388.5,-161.,-94.7));
#5024=CARTESIAN_POINT('',(388.5,-163.,-94.7));
#5025=CARTESIAN_POINT('Origin',(-387.3,-163.,-70.9970562748477));
#5026=CARTESIAN_POINT('Origin',(-317.502943725152,-163.,-1.20000000000001));
#5027=CARTESIAN_POINT('Origin',(317.502943725152,-163.,-1.19999999999993));
#5028=CARTESIAN_POINT('Origin',(387.3,-163.,-70.9970562748478));
#5029=CARTESIAN_POINT('Origin',(-387.3,-2.,-94.7));
#5030=CARTESIAN_POINT('',(-387.3,-0.799999999999996,-94.7));
#5031=CARTESIAN_POINT('',(-387.3,4.33680868994202E-15,-94.7));
#5032=CARTESIAN_POINT('',(-387.3,4.18977760661187E-15,-94.7));
#5033=CARTESIAN_POINT('Origin',(-387.3,-2.,-94.7));
#5034=CARTESIAN_POINT('',(-388.5,-2.,-94.7));
#5035=CARTESIAN_POINT('Origin',(-387.3,-2.,-94.7));
#5036=CARTESIAN_POINT('Ctrl Pts',(-387.296921985635,0.00799761165627351,
-71.5387805054702));
#5037=CARTESIAN_POINT('Ctrl Pts',(-387.560841842498,0.00840720096047037,
-71.4934967621793));
#5038=CARTESIAN_POINT('Ctrl Pts',(-387.824642015358,-0.0438702999649726,
-71.4482290373856));
#5039=CARTESIAN_POINT('Ctrl Pts',(-388.311266912585,-0.24543693218464,-71.3578536749452));
#5040=CARTESIAN_POINT('Ctrl Pts',(-388.53400981371,-0.394268980464453,-71.312753999933));
#5041=CARTESIAN_POINT('Ctrl Pts',(-388.905731019535,-0.76599018629037,-71.2225546499086));
#5042=CARTESIAN_POINT('Ctrl Pts',(-389.054563067815,-0.988733087415235,
-71.1774549748965));
#5043=CARTESIAN_POINT('Ctrl Pts',(-389.256129700035,-1.47535798464183,-71.0870796124561));
#5044=CARTESIAN_POINT('Ctrl Pts',(-389.308407200961,-1.73915815750196,-71.0418118876623));
#5045=CARTESIAN_POINT('Ctrl Pts',(-389.307997611656,-2.00307801436492,-70.9965281443715));
#5046=CARTESIAN_POINT('Ctrl Pts',(-387.296934248798,-2.37882841282107E-6,
-71.5387805054248));
#5047=CARTESIAN_POINT('Ctrl Pts',(-387.559802618513,0.00040557864588684,
-71.4934967660584));
#5048=CARTESIAN_POINT('Ctrl Pts',(-387.822551808126,-0.0516636453834389,
-71.4482290373856));
#5049=CARTESIAN_POINT('Ctrl Pts',(-388.307237960742,-0.252427223291474,
-71.3578536749452));
#5050=CARTESIAN_POINT('Ctrl Pts',(-388.52909343995,-0.400666315203638,-71.312753999933));
#5051=CARTESIAN_POINT('Ctrl Pts',(-388.899333684796,-0.770906560050169,
-71.2225546499086));
#5052=CARTESIAN_POINT('Ctrl Pts',(-389.047572776709,-0.992762039258203,
-71.1774549748965));
#5053=CARTESIAN_POINT('Ctrl Pts',(-389.248336354617,-1.47744819187433,-71.0870796124561));
#5054=CARTESIAN_POINT('Ctrl Pts',(-389.300405578646,-1.74019738148669,-71.0418118837832));
#5055=CARTESIAN_POINT('Ctrl Pts',(-389.299997621172,-2.00306575120193,-70.9965281444169));
#5056=CARTESIAN_POINT('Ctrl Pts',(-387.298160565097,-0.800001427297046,
-71.538780500883));
#5057=CARTESIAN_POINT('Ctrl Pts',(-387.45588022004,-0.799756652812466,-71.4934971539682));
#5058=CARTESIAN_POINT('Ctrl Pts',(-387.613531084875,-0.830998187230064,
-71.4482290373856));
#5059=CARTESIAN_POINT('Ctrl Pts',(-387.904342776445,-0.951456333974886,
-71.3578536749452));
#5060=CARTESIAN_POINT('Ctrl Pts',(-388.03745606397,-1.04039978912218,-71.312753999933));
#5061=CARTESIAN_POINT('Ctrl Pts',(-388.259600210878,-1.2625439360301,-71.2225546499086));
#5062=CARTESIAN_POINT('Ctrl Pts',(-388.348543666025,-1.39565722355492,-71.1774549748965));
#5063=CARTESIAN_POINT('Ctrl Pts',(-388.46900181277,-1.6864689151246,-71.0870796124561));
#5064=CARTESIAN_POINT('Ctrl Pts',(-388.500243347188,-1.84411977995994,-71.0418114958734));
#5065=CARTESIAN_POINT('Ctrl Pts',(-388.499998572703,-2.00183943490255,-70.9965281489586));
#5066=CARTESIAN_POINT('Ctrl Pts',(-387.298172950892,-0.808081417686579,
-71.5387805008372));
#5067=CARTESIAN_POINT('Ctrl Pts',(-387.454830603816,-0.807838291350196,
-71.4934971578861));
#5068=CARTESIAN_POINT('Ctrl Pts',(-387.611419975571,-0.838869466102715,
-71.4482290373856));
#5069=CARTESIAN_POINT('Ctrl Pts',(-387.900273535084,-0.958516527992789,
-71.3578536749452));
#5070=CARTESIAN_POINT('Ctrl Pts',(-388.032490526473,-1.04686109720876,-71.312753999933));
#5071=CARTESIAN_POINT('Ctrl Pts',(-388.253138902791,-1.2675094735275,-71.2225546499086));
#5072=CARTESIAN_POINT('Ctrl Pts',(-388.341483472007,-1.39972646491631,-71.1774549748965));
#5073=CARTESIAN_POINT('Ctrl Pts',(-388.461130533897,-1.68858002442942,-71.0870796124561));
#5074=CARTESIAN_POINT('Ctrl Pts',(-388.49216170865,-1.84516939618452,-71.0418114919556));
#5075=CARTESIAN_POINT('Ctrl Pts',(-388.491918582313,-2.00182704910792,-70.9965281490045));
#5076=CARTESIAN_POINT('',(-387.3,-0.799999999999996,-71.5382523749939));
#5077=CARTESIAN_POINT('Ctrl Pts',(-387.3,-0.799999999999996,-71.5382523749939));
#5078=CARTESIAN_POINT('Ctrl Pts',(-387.35083651281,-0.799999999999996,-71.5236565284964));
#5079=CARTESIAN_POINT('Ctrl Pts',(-387.401672804741,-0.803234779996209,
-71.5090606819989));
#5080=CARTESIAN_POINT('Ctrl Pts',(-387.452099309267,-0.809678278732824,
-71.4944648355013));
#5081=CARTESIAN_POINT('Ctrl Pts',(-387.502523926704,-0.816121536337215,
-71.4798695352177));
#5082=CARTESIAN_POINT('Ctrl Pts',(-387.55253834931,-0.825773216222691,-71.4652742349342));
#5083=CARTESIAN_POINT('Ctrl Pts',(-387.601739662097,-0.838555564687772,
-71.4506789346506));
#5084=CARTESIAN_POINT('Ctrl Pts',(-387.650939289024,-0.851337475171822,
-71.436084134468));
#5085=CARTESIAN_POINT('Ctrl Pts',(-387.699325434495,-0.867249728364442,
-71.4214893342853));
#5086=CARTESIAN_POINT('Ctrl Pts',(-387.746508327532,-0.886164144299138,
-71.4068945341027));
#5087=CARTESIAN_POINT('Ctrl Pts',(-387.793689752836,-0.905077971857666,
-71.3923001879247));
#5088=CARTESIAN_POINT('Ctrl Pts',(-387.839667590818,-0.926993610835977,
-71.3777058417467));
#5089=CARTESIAN_POINT('Ctrl Pts',(-387.884071493427,-0.951734532398642,
-71.3631114955687));
#5090=CARTESIAN_POINT('Ctrl Pts',(-387.930477250413,-0.977590845158999,
-71.3478591947054));
#5091=CARTESIAN_POINT('Ctrl Pts',(-387.975163294735,-1.0065330560943,-71.332606893842));
#5092=CARTESIAN_POINT('Ctrl Pts',(-388.01773658515,-1.03830660065868,-71.3173545929786));
#5093=CARTESIAN_POINT('Ctrl Pts',(-388.058481472893,-1.06871556115591,-71.302757335392));
#5094=CARTESIAN_POINT('Ctrl Pts',(-388.097291042297,-1.10171728023473,-71.2881600778054));
#5095=CARTESIAN_POINT('Ctrl Pts',(-388.133852560743,-1.1370458256994,-71.2735628202188));
#5096=CARTESIAN_POINT('Ctrl Pts',(-388.170410933852,-1.17237133189816,-71.258966818414));
#5097=CARTESIAN_POINT('Ctrl Pts',(-388.20472132556,-1.21002295659351,-71.2443708166093));
#5098=CARTESIAN_POINT('Ctrl Pts',(-388.236507305669,-1.24969735011235,-71.2297748148045));
#5099=CARTESIAN_POINT('Ctrl Pts',(-388.268290952955,-1.28936883186513,-71.2151798842233));
#5100=CARTESIAN_POINT('Ctrl Pts',(-388.297550283512,-1.33106244045915,-71.200584953642));
#5101=CARTESIAN_POINT('Ctrl Pts',(-388.324049596788,-1.37444231015902,-71.1859900230608));
#5102=CARTESIAN_POINT('Ctrl Pts',(-388.350547299925,-1.41781954403335,-71.1713959792893));
#5103=CARTESIAN_POINT('Ctrl Pts',(-388.374285091461,-1.4628824570399,-71.1568019355178));
#5104=CARTESIAN_POINT('Ctrl Pts',(-388.39507177316,-1.50926808578535,-71.1422078917463));
#5105=CARTESIAN_POINT('Ctrl Pts',(-388.415861778896,-1.55566113214446,-71.1276115142136));
#5106=CARTESIAN_POINT('Ctrl Pts',(-388.433699548978,-1.60337691477266,-71.113015136681));
#5107=CARTESIAN_POINT('Ctrl Pts',(-388.448441361596,-1.6520309798624,-71.0984187591483));
#5108=CARTESIAN_POINT('Ctrl Pts',(-388.463181079228,-1.7006781306356,-71.0838244559331));
#5109=CARTESIAN_POINT('Ctrl Pts',(-388.474825592399,-1.75026287420675,-71.0692301527178));
#5110=CARTESIAN_POINT('Ctrl Pts',(-388.483281105974,-1.80038581151494,-71.0546358495026));
#5111=CARTESIAN_POINT('Ctrl Pts',(-388.491736952095,-1.85051072010092,-71.0400409723101));
#5112=CARTESIAN_POINT('Ctrl Pts',(-388.497003473986,-1.9011734293825,-71.0254460951176));
#5113=CARTESIAN_POINT('Ctrl Pts',(-388.499038247126,-1.9519658253946,-71.0108512179251));
#5114=CARTESIAN_POINT('Ctrl Pts',(-388.49967933005,-1.96796865987114,-71.006252903566));
#5115=CARTESIAN_POINT('Ctrl Pts',(-388.5,-1.98398432959258,-71.0016545892069));
#5116=CARTESIAN_POINT('Ctrl Pts',(-388.5,-2.,-70.9970562748477));
#5117=CARTESIAN_POINT('',(-387.3,4.21994522018726E-15,-71.5382523749939));
#5118=CARTESIAN_POINT('',(-387.3,-0.799999999999996,-71.5382523749939));
#5119=CARTESIAN_POINT('Ctrl Pts',(-387.3,3.99680288865056E-15,-71.5382523749939));
#5120=CARTESIAN_POINT('Ctrl Pts',(-387.374569685969,3.99680288865056E-15,
-71.525406399183));
#5121=CARTESIAN_POINT('Ctrl Pts',(-387.449139177507,-0.0041748213337836,
-71.5125604233721));
#5122=CARTESIAN_POINT('Ctrl Pts',(-387.523242862729,-0.0124983964180778,
-71.4997144475612));
#5123=CARTESIAN_POINT('Ctrl Pts',(-387.597344094921,-0.0208216959698705,
-71.4868688969863));
#5124=CARTESIAN_POINT('Ctrl Pts',(-387.670979165279,-0.0332934309213691,
-71.4740233464114));
#5125=CARTESIAN_POINT('Ctrl Pts',(-387.743688326825,-0.0498357329088024,
-71.4611777958365));
#5126=CARTESIAN_POINT('Ctrl Pts',(-387.816395259371,-0.0663775277690974,
-71.4483326390597));
#5127=CARTESIAN_POINT('Ctrl Pts',(-387.888175960864,-0.0869895535887227,
-71.4354874822829));
#5128=CARTESIAN_POINT('Ctrl Pts',(-387.958582289667,-0.111543125264272,
-71.4226423255061));
#5129=CARTESIAN_POINT('Ctrl Pts',(-388.028986632261,-0.136096004267308,
-71.4097975310997));
#5130=CARTESIAN_POINT('Ctrl Pts',(-388.098016312765,-0.164590078515481,
-71.3969527366933));
#5131=CARTESIAN_POINT('Ctrl Pts',(-388.165240389001,-0.196847463679034,
-71.3841079422868));
#5132=CARTESIAN_POINT('Ctrl Pts',(-388.232462733178,-0.229104017716321,
-71.3712634788324));
#5133=CARTESIAN_POINT('Ctrl Pts',(-388.29787921583,-0.265123520405722,-71.358419015378));
#5134=CARTESIAN_POINT('Ctrl Pts',(-388.361081472447,-0.30468111883619,-71.3455745519236));
#5135=CARTESIAN_POINT('Ctrl Pts',(-388.424282255141,-0.344237794754867,
-71.3327303880113));
#5136=CARTESIAN_POINT('Ctrl Pts',(-388.485268585778,-0.387332195053803,
-71.3198862240991));
#5137=CARTESIAN_POINT('Ctrl Pts',(-388.54365977294,-0.433695314068449,-71.3070420601868));
#5138=CARTESIAN_POINT('Ctrl Pts',(-388.602377874188,-0.48031800575912,-71.2941259857977));
#5139=CARTESIAN_POINT('Ctrl Pts',(-388.658471350867,-0.530245911837983,
-71.2812099114086));
#5140=CARTESIAN_POINT('Ctrl Pts',(-388.711586129653,-0.583163877305378,
-71.2682938370194));
#5141=CARTESIAN_POINT('Ctrl Pts',(-388.764412702275,-0.635794704538622,
-71.2554478465566));
#5142=CARTESIAN_POINT('Ctrl Pts',(-388.814292570486,-0.691382920132045,
-71.2426018560938));
#5143=CARTESIAN_POINT('Ctrl Pts',(-388.860914283691,-0.749581430492197,
-71.229755865631));
#5144=CARTESIAN_POINT('Ctrl Pts',(-388.907533016772,-0.807776220723203,
-71.2169106963016));
#5145=CARTESIAN_POINT('Ctrl Pts',(-388.95089376873,-0.868580668252948,-71.2040655269722));
#5146=CARTESIAN_POINT('Ctrl Pts',(-388.990725828974,-0.931615157707836,
-71.1912203576429));
#5147=CARTESIAN_POINT('Ctrl Pts',(-389.030555732781,-0.994646234587268,
-71.1783758837282));
#5148=CARTESIAN_POINT('Ctrl Pts',(-389.06685711971,-1.05990678312164,-71.1655314098135));
#5149=CARTESIAN_POINT('Ctrl Pts',(-389.09940337681,-1.12698941156274,-71.1526869358988));
#5150=CARTESIAN_POINT('Ctrl Pts',(-389.13226572901,-1.19472355854997,-71.1397177141445));
#5151=CARTESIAN_POINT('Ctrl Pts',(-389.161299403069,-1.26431502598357,-71.1267484923903));
#5152=CARTESIAN_POINT('Ctrl Pts',(-389.186319624154,-1.33532092290137,-71.113779270636));
#5153=CARTESIAN_POINT('Ctrl Pts',(-389.211100551693,-1.40564771899389,-71.1009340865967));
#5154=CARTESIAN_POINT('Ctrl Pts',(-389.231944376804,-1.47736161875204,-71.0880889025573));
#5155=CARTESIAN_POINT('Ctrl Pts',(-389.248720966662,-1.55001489569874,-71.0752437185179));
#5156=CARTESIAN_POINT('Ctrl Pts',(-389.265740557694,-1.62372052188659,-71.0622124779062));
#5157=CARTESIAN_POINT('Ctrl Pts',(-389.278574017225,-1.69839256611727,-71.0491812372945));
#5158=CARTESIAN_POINT('Ctrl Pts',(-389.287138889625,-1.77355125670854,-71.0361499966828));
#5159=CARTESIAN_POINT('Ctrl Pts',(-389.295703762026,-1.84870994729981,-71.0231187560711));
#5160=CARTESIAN_POINT('Ctrl Pts',(-389.3,-1.9243548692206,-71.0100875154594));
#5161=CARTESIAN_POINT('Ctrl Pts',(-389.3,-2.,-70.9970562748477));
#5162=CARTESIAN_POINT('Origin',(-387.3,-2.,-70.9970562748477));
#5163=CARTESIAN_POINT('',(-387.3,4.22838847269347E-15,-94.7));
#5164=CARTESIAN_POINT('Origin',(-387.3,-2.,-70.9970562748477));
#5165=CARTESIAN_POINT('',(-387.3,-0.799999999999996,-94.7));
#5166=CARTESIAN_POINT('Origin',(-2.79318507107924E-15,1.35644533799661E-12,
0.));
#5167=CARTESIAN_POINT('',(-369.3,6.70412795618449E-14,-78.9940964977097));
#5168=CARTESIAN_POINT('',(-360.189108867225,9.87262198307844E-14,-82.7679511702101));
#5169=CARTESIAN_POINT('',(-369.3,6.70412795618449E-14,-94.7));
#5170=CARTESIAN_POINT('',(-369.3,6.70412795618449E-14,0.));
#5171=CARTESIAN_POINT('',(-2.79318507107924E-15,1.35644533799661E-12,-94.7));
#5172=CARTESIAN_POINT('',(-376.149999999993,1.31332070560582E-12,-83.0499999999998));
#5173=CARTESIAN_POINT('',(-376.149999999993,1.31461270797892E-12,-87.3499999999997));
#5174=CARTESIAN_POINT('Origin',(-376.149999999993,1.31461270797892E-12,
-85.1999999999997));
#5175=CARTESIAN_POINT('',(-379.849999999993,1.32753118893264E-12,-83.0499999999998));
#5176=CARTESIAN_POINT('',(-379.849999999993,1.32623918655954E-12,-83.0499999999998));
#5177=CARTESIAN_POINT('',(-379.849999999993,1.32753118893264E-12,-87.3499999999997));
#5178=CARTESIAN_POINT('Origin',(-379.849999999993,1.32753118893264E-12,
-85.1999999999997));
#5179=CARTESIAN_POINT('',(-379.849999999993,1.32753118893264E-12,-87.3499999999997));
#5180=CARTESIAN_POINT('Origin',(-4.73598669349181E-27,-0.799999999998644,
0.));
#5181=CARTESIAN_POINT('',(-369.3,-0.799999999999933,-78.9940964977097));
#5182=CARTESIAN_POINT('',(-369.3,-0.799999999999933,-94.7));
#5183=CARTESIAN_POINT('',(-369.3,-0.799999999999933,-94.7));
#5184=CARTESIAN_POINT('',(-82.0113635075228,-0.79999999999893,-197.992946048569));
#5185=CARTESIAN_POINT('',(-388.5,-0.8,-94.7));
#5186=CARTESIAN_POINT('',(-379.849999999993,-0.799999999999963,-87.3499999999997));
#5187=CARTESIAN_POINT('',(-376.149999999993,-0.799999999999963,-87.3499999999997));
#5188=CARTESIAN_POINT('',(-4.73598669349181E-27,-0.799999999998644,-87.3499999999997));
#5189=CARTESIAN_POINT('',(-379.849999999993,-0.799999999999963,-83.0499999999998));
#5190=CARTESIAN_POINT('Origin',(-379.849999999993,-0.79999999999997,-85.1999999999997));
#5191=CARTESIAN_POINT('',(-376.149999999993,-0.799999999999957,-83.0499999999998));
#5192=CARTESIAN_POINT('',(-4.73598669349181E-27,-0.799999999998644,-83.0499999999998));
#5193=CARTESIAN_POINT('Origin',(-376.149999999993,-0.799999999999957,-85.1999999999997));
#5194=CARTESIAN_POINT('Origin',(-369.3,6.70036942596042E-14,-94.7));
#5195=CARTESIAN_POINT('',(-369.3,6.7965403482194E-14,-78.9940964977097));
#5196=CARTESIAN_POINT('',(-369.3,6.70364417057881E-14,-94.7));
#5197=CARTESIAN_POINT('Origin',(-388.5,0.,-94.7));
#5198=CARTESIAN_POINT('Origin',(-360.189108867225,9.87262198307844E-14,
-82.7679511702101));
#5199=CARTESIAN_POINT('Ctrl Pts',(-388.720242172449,-2.00307801436506,-69.5775609916805));
#5200=CARTESIAN_POINT('Ctrl Pts',(-388.688511353865,-1.73915815750209,-69.5452509263475));
#5201=CARTESIAN_POINT('Ctrl Pts',(-388.619536463287,-1.47535798464196,-69.5502075865847));
#5202=CARTESIAN_POINT('Ctrl Pts',(-388.41310229915,-0.988733087415394,-69.6288316874544));
#5203=CARTESIAN_POINT('Ctrl Pts',(-388.275971862523,-0.765990186290547,
-69.7021815520205));
#5204=CARTESIAN_POINT('Ctrl Pts',(-387.949344705112,-0.394268980464644,
-69.9012475653099));
#5205=CARTESIAN_POINT('Ctrl Pts',(-387.759951403235,-0.245436932184835,
-70.026860295126));
#5206=CARTESIAN_POINT('Ctrl Pts',(-387.351950606878,-0.0438702999650826,
-70.3070510282153));
#5207=CARTESIAN_POINT('Ctrl Pts',(-387.1334066006,0.00840720096041804,-70.4615768041522));
#5208=CARTESIAN_POINT('Ctrl Pts',(-386.914766638164,0.00799761165627413,
-70.6161758826714));
#5209=CARTESIAN_POINT('Ctrl Pts',(-388.714585324896,-2.00306575120206,-69.5832178391695));
#5210=CARTESIAN_POINT('Ctrl Pts',(-388.682853355209,-1.74019738148683,-69.5509089304896));
#5211=CARTESIAN_POINT('Ctrl Pts',(-388.614025735893,-1.47744819187446,-69.5557183139783));
#5212=CARTESIAN_POINT('Ctrl Pts',(-388.408159416906,-0.992762039258361,
-69.6337745696985));
#5213=CARTESIAN_POINT('Ctrl Pts',(-388.271448263747,-0.770906560050346,
-69.7067051507961));
#5214=CARTESIAN_POINT('Ctrl Pts',(-387.945868303887,-0.400666315203829,
-69.9047239665343));
#5215=CARTESIAN_POINT('Ctrl Pts',(-387.757102504066,-0.252427223291669,
-70.0297091942952));
#5216=CARTESIAN_POINT('Ctrl Pts',(-387.35047260717,-0.0516636453835483,
-70.3085290279235));
#5217=CARTESIAN_POINT('Ctrl Pts',(-387.13267175553,0.000405578645834719,
-70.4623116437361));
#5218=CARTESIAN_POINT('Ctrl Pts',(-386.914775309561,-2.37882841220582E-6,
-70.6161672113378));
#5219=CARTESIAN_POINT('Ctrl Pts',(-388.14890056957,-2.00183943490263,-70.148902588073));
#5220=CARTESIAN_POINT('Ctrl Pts',(-388.117053489589,-1.84411977996003,-70.1167093446968));
#5221=CARTESIAN_POINT('Ctrl Pts',(-388.062952996541,-1.68646891512467,-70.1067910533309));
#5222=CARTESIAN_POINT('Ctrl Pts',(-387.913871192495,-1.39565722355501,-70.1280627941096));
#5223=CARTESIAN_POINT('Ctrl Pts',(-387.819088386187,-1.26254393603021,-70.1590650283559));
#5224=CARTESIAN_POINT('Ctrl Pts',(-387.598228181447,-1.0403997891223,-70.2523640889745));
#5225=CARTESIAN_POINT('Ctrl Pts',(-387.472212587142,-0.951456333974998,
-70.3145991112189));
#5226=CARTESIAN_POINT('Ctrl Pts',(-387.202672636351,-0.830998187230127,
-70.4563289987424));
#5227=CARTESIAN_POINT('Ctrl Pts',(-387.059187248559,-0.799756652812498,
-70.5357956021201));
#5228=CARTESIAN_POINT('Ctrl Pts',(-386.915642449344,-0.800001427297046,
-70.6153000779782));
#5229=CARTESIAN_POINT('Ctrl Pts',(-388.143187153541,-2.001827049108,-70.1546160040369));
#5230=CARTESIAN_POINT('Ctrl Pts',(-388.111338910947,-1.84516939618461,-70.1224239288803));
#5231=CARTESIAN_POINT('Ctrl Pts',(-388.057387161873,-1.6885800244295,-70.1123568879984));
#5232=CARTESIAN_POINT('Ctrl Pts',(-387.908878881428,-1.39972646491641,-70.1330551051761));
#5233=CARTESIAN_POINT('Ctrl Pts',(-387.814519551424,-1.2675094735276,-70.1636338631193));
#5234=CARTESIAN_POINT('Ctrl Pts',(-387.59471701621,-1.04686109720887,-70.2558752542112));
#5235=CARTESIAN_POINT('Ctrl Pts',(-387.469335198981,-0.9585165279929,-70.3174764993799));
#5236=CARTESIAN_POINT('Ctrl Pts',(-387.201179856646,-0.838869466102777,
-70.4578217784476));
#5237=CARTESIAN_POINT('Ctrl Pts',(-387.058445055039,-0.807838291350227,
-70.5365377900998));
#5238=CARTESIAN_POINT('Ctrl Pts',(-386.915651207456,-0.808081417686579,
-70.6152913199313));
#5239=CARTESIAN_POINT('',(-386.917316567635,4.30970363562988E-15,-70.6143728424828));
#5240=CARTESIAN_POINT('',(-386.917316567635,-0.799999999999996,-70.6143728424828));
#5241=CARTESIAN_POINT('',(-386.917316567635,-0.799999999999998,-70.6143728424825));
#5242=CARTESIAN_POINT('Ctrl Pts',(-388.148528137424,-2.,-70.1485281374241));
#5243=CARTESIAN_POINT('Ctrl Pts',(-388.138207315388,-1.9491634871901,-70.1382073153885));
#5244=CARTESIAN_POINT('Ctrl Pts',(-388.125599158482,-1.89832719525872,-70.1301738282239));
#5245=CARTESIAN_POINT('Ctrl Pts',(-388.110722094795,-1.84790069073281,-70.1244092478395));
#5246=CARTESIAN_POINT('Ctrl Pts',(-388.095845587846,-1.79747607329583,-70.1186448831806));
#5247=CARTESIAN_POINT('Ctrl Pts',(-388.078700383745,-1.74746165068998,-70.1151492156735));
#5248=CARTESIAN_POINT('Ctrl Pts',(-388.059341462662,-1.69826033790323,-70.1138672651486));
#5249=CARTESIAN_POINT('Ctrl Pts',(-388.039983204903,-1.64906071097583,-70.1125853585492));
#5250=CARTESIAN_POINT('Ctrl Pts',(-388.018411460587,-1.60067456550452,-70.1135169385065));
#5251=CARTESIAN_POINT('Ctrl Pts',(-387.994716866638,-1.55349167246831,-70.1165713680969));
#5252=CARTESIAN_POINT('Ctrl Pts',(-387.971023009764,-1.5063102471639,-70.1196257026723));
#5253=CARTESIAN_POINT('Ctrl Pts',(-387.945206551679,-1.46033240918146,-70.1248026384584));
#5254=CARTESIAN_POINT('Ctrl Pts',(-387.91739231712,-1.41592850657258,-70.1319773507188));
#5255=CARTESIAN_POINT('Ctrl Pts',(-387.888324137661,-1.36952274958702,-70.1394755194389));
#5256=CARTESIAN_POINT('Ctrl Pts',(-387.857073898677,-1.32483670526482,-70.1491557476846));
#5257=CARTESIAN_POINT('Ctrl Pts',(-387.823821604484,-1.28226341484959,-70.1608380311392));
#5258=CARTESIAN_POINT('Ctrl Pts',(-387.791997402482,-1.24151852710656,-70.1720185934894));
#5259=CARTESIAN_POINT('Ctrl Pts',(-387.758339843304,-1.20270895770312,-70.1850325130146));
#5260=CARTESIAN_POINT('Ctrl Pts',(-387.72303696941,-1.16614743925728,-70.1996917472559));
#5261=CARTESIAN_POINT('Ctrl Pts',(-387.687737132574,-1.12958906614831,-70.2143497203836));
#5262=CARTESIAN_POINT('Ctrl Pts',(-387.650792481575,-1.09527867443984,-70.230652507674));
#5263=CARTESIAN_POINT('Ctrl Pts',(-387.612417517024,-1.0634926943309,-70.2483856085163));
#5264=CARTESIAN_POINT('Ctrl Pts',(-387.574045368872,-1.03170904704497,-70.2661174078984));
#5265=CARTESIAN_POINT('Ctrl Pts',(-387.534243361118,-1.00244971648803,-70.2852790668825));
#5266=CARTESIAN_POINT('Ctrl Pts',(-387.493248986701,-0.975950403212403,
-70.3056330925293));
#5267=CARTESIAN_POINT('Ctrl Pts',(-387.452257103164,-0.949452700074548,
-70.3259858814352));
#5268=CARTESIAN_POINT('Ctrl Pts',(-387.410073264481,-0.925714908539312,
-70.3475306254864));
#5269=CARTESIAN_POINT('Ctrl Pts',(-387.36695412453,-0.904928226840241,-70.3700106708061));
#5270=CARTESIAN_POINT('Ctrl Pts',(-387.323828089315,-0.884138221103573,
-70.3924943109525));
#5271=CARTESIAN_POINT('Ctrl Pts',(-387.279766738315,-0.866300451021619,
-70.4159132668844));
#5272=CARTESIAN_POINT('Ctrl Pts',(-387.235041921424,-0.851558638403989,
-70.4399956887075));
#5273=CARTESIAN_POINT('Ctrl Pts',(-387.190323460456,-0.836818920771811,
-70.4640746881345));
#5274=CARTESIAN_POINT('Ctrl Pts',(-387.144942021263,-0.825174407601374,
-70.4888166657868));
#5275=CARTESIAN_POINT('Ctrl Pts',(-387.09918002163,-0.81671889402582,-70.5139392038803));
#5276=CARTESIAN_POINT('Ctrl Pts',(-387.053416222229,-0.80826304790459,-70.5390627300144));
#5277=CARTESIAN_POINT('Ctrl Pts',(-387.007272140309,-0.802996526014071,
-70.5645665386673));
#5278=CARTESIAN_POINT('Ctrl Pts',(-386.961036356023,-0.800961752874417,
-70.5901620496867));
#5279=CARTESIAN_POINT('Ctrl Pts',(-386.946469143981,-0.800320669950441,
-70.5982262631979));
#5280=CARTESIAN_POINT('Ctrl Pts',(-386.93189285605,-0.799999999999996,-70.6062995525978));
#5281=CARTESIAN_POINT('Ctrl Pts',(-386.917316567635,-0.799999999999996,
-70.6143728424828));
#5282=CARTESIAN_POINT('Ctrl Pts',(-388.714213562373,-2.,-69.5828427124747));
#5283=CARTESIAN_POINT('Ctrl Pts',(-388.705130085766,-1.9254303140306,-69.5737592358679));
#5284=CARTESIAN_POINT('Ctrl Pts',(-388.693094564684,-1.8508608224927,-69.5676278037364));
#5285=CARTESIAN_POINT('Ctrl Pts',(-388.678125431691,-1.77675713727131,-69.5644299835154));
#5286=CARTESIAN_POINT('Ctrl Pts',(-388.663156794216,-1.70265590507924,-69.5612322691507));
#5287=CARTESIAN_POINT('Ctrl Pts',(-388.64525476994,-1.62902083472142,-69.5609679415885));
#5288=CARTESIAN_POINT('Ctrl Pts',(-388.624474420108,-1.5563116731751,-69.5635819395806));
#5289=CARTESIAN_POINT('Ctrl Pts',(-388.603694707327,-1.48360474062867,-69.5661958574371));
#5290=CARTESIAN_POINT('Ctrl Pts',(-388.580036906634,-1.41182403913552,-69.5716878632058));
#5291=CARTESIAN_POINT('Ctrl Pts',(-388.553592012138,-1.34141771033273,-69.5799669627777));
#5292=CARTESIAN_POINT('Ctrl Pts',(-388.527147863669,-1.27101336773909,-69.5882458287906));
#5293=CARTESIAN_POINT('Ctrl Pts',(-388.497916869317,-1.20198368723466,-69.5993115406875));
#5294=CARTESIAN_POINT('Ctrl Pts',(-388.466024812297,-1.13475961099861,-69.6130383152522));
#5295=CARTESIAN_POINT('Ctrl Pts',(-388.43413357699,-1.06753726682159,-69.6267647361404));
#5296=CARTESIAN_POINT('Ctrl Pts',(-388.399581535174,-1.00212078416996,-69.6431519635377));
#5297=CARTESIAN_POINT('Ctrl Pts',(-388.362527681867,-0.938918527553381,
-69.662041002426));
#5298=CARTESIAN_POINT('Ctrl Pts',(-388.325474692683,-0.875717744859134,
-69.6809296008083));
#5299=CARTESIAN_POINT('Ctrl Pts',(-388.285920154599,-0.814731414221726,
-69.7023197480898));
#5300=CARTESIAN_POINT('Ctrl Pts',(-388.244054283346,-0.756340227060177,
-69.726021228541));
#5301=CARTESIAN_POINT('Ctrl Pts',(-388.201954018107,-0.69762212581194,-69.7498554062058));
#5302=CARTESIAN_POINT('Ctrl Pts',(-388.157516613362,-0.641528649133302,
-69.7760267233777));
#5303=CARTESIAN_POINT('Ctrl Pts',(-388.110964917346,-0.588413870347421,
-69.8043123318194));
#5304=CARTESIAN_POINT('Ctrl Pts',(-388.064665815543,-0.535587297724673,
-69.8324444596882));
#5305=CARTESIAN_POINT('Ctrl Pts',(-388.016275524375,-0.485707429514346,
-69.8626677769211));
#5306=CARTESIAN_POINT('Ctrl Pts',(-387.966039476077,-0.439085716309216,
-69.8947368512843));
#5307=CARTESIAN_POINT('Ctrl Pts',(-387.915806638937,-0.392466983228373,
-69.9268038757481));
#5308=CARTESIAN_POINT('Ctrl Pts',(-387.863728495424,-0.349106231269563,
-69.9607162065844));
#5309=CARTESIAN_POINT('Ctrl Pts',(-387.810073474144,-0.309274171025893,
-69.9962054151883));
#5310=CARTESIAN_POINT('Ctrl Pts',(-387.756421357651,-0.269444267219313,
-70.0316927024694));
#5311=CARTESIAN_POINT('Ctrl Pts',(-387.701192766632,-0.233142880290272,
-70.0687564642762));
#5312=CARTESIAN_POINT('Ctrl Pts',(-387.644675770556,-0.200596623189712,
-70.1071086311408));
#5313=CARTESIAN_POINT('Ctrl Pts',(-387.587609871254,-0.167734270989701,
-70.1458332811442));
#5314=CARTESIAN_POINT('Ctrl Pts',(-387.52923064807,-0.138700596930588,-70.1858712550301));
#5315=CARTESIAN_POINT('Ctrl Pts',(-387.469851272206,-0.113680375846336,
-70.2269093815958));
#5316=CARTESIAN_POINT('Ctrl Pts',(-387.41103980105,-0.088899448307047,-70.2675550192721));
#5317=CARTESIAN_POINT('Ctrl Pts',(-387.351247499486,-0.0680556231959436,
-70.3091814873566));
#5318=CARTESIAN_POINT('Ctrl Pts',(-387.290790957942,-0.051279033338288,
-70.3514721954212));
#5319=CARTESIAN_POINT('Ctrl Pts',(-387.229458731249,-0.0342594423064591,
-70.3943754649064));
#5320=CARTESIAN_POINT('Ctrl Pts',(-387.167443143805,-0.0214259827751452,
-70.4379620951432));
#5321=CARTESIAN_POINT('Ctrl Pts',(-387.105083445419,-0.0128611103745866,
-70.4818928363216));
#5322=CARTESIAN_POINT('Ctrl Pts',(-387.042723747033,-0.00429623797402797,
-70.5258235775));
#5323=CARTESIAN_POINT('Ctrl Pts',(-386.980020231176,3.52748691689979E-15,
-70.5700981361487));
#5324=CARTESIAN_POINT('Ctrl Pts',(-386.917316567635,3.99680288865056E-15,
-70.6143728424828));
#5325=CARTESIAN_POINT('Ctrl Pts',(-317.883824117329,0.00799761165627303,
-1.58523336183612));
#5326=CARTESIAN_POINT('Ctrl Pts',(-318.038423195848,0.00840720096051138,
-1.36659339940012));
#5327=CARTESIAN_POINT('Ctrl Pts',(-318.192948971785,-0.0438702999648786,
-1.14804939312196));
#5328=CARTESIAN_POINT('Ctrl Pts',(-318.473139704874,-0.24543693218445,-0.740048596765052));
#5329=CARTESIAN_POINT('Ctrl Pts',(-318.59875243469,-0.394268980464244,-0.550655294888027));
#5330=CARTESIAN_POINT('Ctrl Pts',(-318.79781844798,-0.765990186290175,-0.224028137476757));
#5331=CARTESIAN_POINT('Ctrl Pts',(-318.871168312546,-0.988733087415066,
-0.0868977008497659));
#5332=CARTESIAN_POINT('Ctrl Pts',(-318.949792413416,-1.47535798464173,0.119536463287497));
#5333=CARTESIAN_POINT('Ctrl Pts',(-318.954749073653,-1.73915815750189,0.188511353865955));
#5334=CARTESIAN_POINT('Ctrl Pts',(-318.92243900832,-2.00307801436491,0.220242172449929));
#5335=CARTESIAN_POINT('Ctrl Pts',(-317.883832788662,-2.37882841330361E-6,
-1.58522469043829));
#5336=CARTESIAN_POINT('Ctrl Pts',(-318.037688356264,0.000405578645927687,
-1.36732824446983));
#5337=CARTESIAN_POINT('Ctrl Pts',(-318.191470972076,-0.0516636453833452,
-1.14952739283015));
#5338=CARTESIAN_POINT('Ctrl Pts',(-318.470290805705,-0.252427223291285,
-0.742897495934287));
#5339=CARTESIAN_POINT('Ctrl Pts',(-318.595276033466,-0.40066631520343,-0.554131696112429));
#5340=CARTESIAN_POINT('Ctrl Pts',(-318.793294849204,-0.770906560049975,
-0.228551736252355));
#5341=CARTESIAN_POINT('Ctrl Pts',(-318.866225430302,-0.992762039258034,
-0.091840583093876));
#5342=CARTESIAN_POINT('Ctrl Pts',(-318.944281686022,-1.47744819187423,0.11402573589397));
#5343=CARTESIAN_POINT('Ctrl Pts',(-318.949091069511,-1.74019738148662,0.182853355209756));
#5344=CARTESIAN_POINT('Ctrl Pts',(-318.916782160831,-2.00306575120192,0.214585324896664));
#5345=CARTESIAN_POINT('Ctrl Pts',(-317.884699922022,-0.800001427297047,
-1.58435755065553));
#5346=CARTESIAN_POINT('Ctrl Pts',(-317.96420439788,-0.799756652812442,-1.44081275144099));
#5347=CARTESIAN_POINT('Ctrl Pts',(-318.043671001258,-0.830998187230005,
-1.29732736364882));
#5348=CARTESIAN_POINT('Ctrl Pts',(-318.185400888781,-0.951456333974769,
-1.02778741285781));
#5349=CARTESIAN_POINT('Ctrl Pts',(-318.247635911026,-1.04039978912206,-0.901771818552525));
#5350=CARTESIAN_POINT('Ctrl Pts',(-318.340934971644,-1.26254393602998,-0.680911613812142));
#5351=CARTESIAN_POINT('Ctrl Pts',(-318.371937205891,-1.39565722355482,-0.586128807504887));
#5352=CARTESIAN_POINT('Ctrl Pts',(-318.39320894667,-1.68646891512454,-0.437047003458678));
#5353=CARTESIAN_POINT('Ctrl Pts',(-318.383290655304,-1.84411977995993,-0.382946510410163));
#5354=CARTESIAN_POINT('Ctrl Pts',(-318.351097411928,-2.00183943490254,-0.35109943042978));
#5355=CARTESIAN_POINT('Ctrl Pts',(-317.884708680069,-0.80808141768658,-1.58434879254373));
#5356=CARTESIAN_POINT('Ctrl Pts',(-317.9634622099,-0.807838291350171,-1.4415549449614));
#5357=CARTESIAN_POINT('Ctrl Pts',(-318.042178221552,-0.838869466102656,
-1.29882014335409));
#5358=CARTESIAN_POINT('Ctrl Pts',(-318.18252350062,-0.958516527992672,-1.03066480101874));
#5359=CARTESIAN_POINT('Ctrl Pts',(-318.244124745789,-1.04686109720863,-0.905282983789169));
#5360=CARTESIAN_POINT('Ctrl Pts',(-318.336366136881,-1.26750947352738,-0.685480448575496));
#5361=CARTESIAN_POINT('Ctrl Pts',(-318.366944894824,-1.39972646491621,-0.591121118571438));
#5362=CARTESIAN_POINT('Ctrl Pts',(-318.387643112002,-1.68858002442936,-0.442612838126139));
#5363=CARTESIAN_POINT('Ctrl Pts',(-318.37757607112,-1.84516939618451,-0.388661089052924));
#5364=CARTESIAN_POINT('Ctrl Pts',(-318.345383995964,-2.00182704910791,-0.356812846458577));
#5365=CARTESIAN_POINT('',(-317.885627157518,-0.799999999999996,-1.58268343236477));
#5366=CARTESIAN_POINT('Ctrl Pts',(-317.885627157518,-0.799999999999996,
-1.58268343236477));
#5367=CARTESIAN_POINT('Ctrl Pts',(-317.911253178422,-0.799999999999994,
-1.53641576738946));
#5368=CARTESIAN_POINT('Ctrl Pts',(-317.936879043141,-0.803234779996205,
-1.49014825859884));
#5369=CARTESIAN_POINT('Ctrl Pts',(-317.962215144408,-0.809678278732819,
-1.44417051326147));
#5370=CARTESIAN_POINT('Ctrl Pts',(-317.987550297532,-0.816121536337208,
-1.39819448852907));
#5371=CARTESIAN_POINT('Ctrl Pts',(-318.01259539911,-0.825773216222683,-1.35250851534337));
#5372=CARTESIAN_POINT('Ctrl Pts',(-318.037065545221,-0.838555564687763,
-1.30739749762461));
#5373=CARTESIAN_POINT('Ctrl Pts',(-318.061534852874,-0.851337475171812,
-1.2622880256132));
#5374=CARTESIAN_POINT('Ctrl Pts',(-318.085428942273,-0.867249728364431,
-1.21775377185576));
#5375=CARTESIAN_POINT('Ctrl Pts',(-318.108472203715,-0.886164144299127,
-1.17407034605466));
#5376=CARTESIAN_POINT('Ctrl Pts',(-318.131514748345,-0.905077971857653,
-1.13038827912643));
#5377=CARTESIAN_POINT('Ctrl Pts',(-318.153706228217,-0.926993610835962,
-1.08755727695532));
#5378=CARTESIAN_POINT('Ctrl Pts',(-318.174784767713,-0.951734532398624,
-1.04583921516));
#5379=CARTESIAN_POINT('Ctrl Pts',(-318.196813587795,-0.977590845158981,
-1.00224038434023));
#5380=CARTESIAN_POINT('Ctrl Pts',(-318.21762638739,-1.00653305609428,-0.959857574006406));
#5381=CARTESIAN_POINT('Ctrl Pts',(-318.236945244371,-1.03830660065866,-0.918968706287184));
#5382=CARTESIAN_POINT('Ctrl Pts',(-318.255434410967,-1.06871556115589,-0.879835900039175));
#5383=CARTESIAN_POINT('Ctrl Pts',(-318.272555100841,-1.10171728023471,-0.842071570512841));
#5384=CARTESIAN_POINT('Ctrl Pts',(-318.288086178638,-1.13704582569938,-0.805896853063085));
#5385=CARTESIAN_POINT('Ctrl Pts',(-318.303615920318,-1.17237133189813,-0.769725247674247));
#5386=CARTESIAN_POINT('Ctrl Pts',(-318.317556099106,-1.21002295659348,-0.735143205177677));
#5387=CARTESIAN_POINT('Ctrl Pts',(-318.329711249333,-1.24969735011232,-0.70234619124165));
#5388=CARTESIAN_POINT('Ctrl Pts',(-318.341865507475,-1.2893688318651,-0.669551584329987));
#5389=CARTESIAN_POINT('Ctrl Pts',(-318.35223480414,-1.33106244045912,-0.638541938895249));
#5390=CARTESIAN_POINT('Ctrl Pts',(-318.360652473869,-1.37444231015899,-0.609483920396325));
#5391=CARTESIAN_POINT('Ctrl Pts',(-318.369069632128,-1.41781954403331,-0.58042766750592));
#5392=CARTESIAN_POINT('Ctrl Pts',(-318.375535238177,-1.46288245703986,-0.5533229668252));
#5393=CARTESIAN_POINT('Ctrl Pts',(-318.379914094449,-1.50926808578531,-0.52830501592166));
#5394=CARTESIAN_POINT('Ctrl Pts',(-318.384293650952,-1.55566113214442,-0.503283064350256));
#5395=CARTESIAN_POINT('Ctrl Pts',(-318.386585661604,-1.60337691477262,-0.48034865862996));
#5396=CARTESIAN_POINT('Ctrl Pts',(-318.386688499739,-1.65203097986235,-0.459603425426953));
#5397=CARTESIAN_POINT('Ctrl Pts',(-318.386791323259,-1.70067813063556,-0.438861140366271));
#5398=CARTESIAN_POINT('Ctrl Pts',(-318.384705506716,-1.75026287420673,-0.420307495369645));
#5399=CARTESIAN_POINT('Ctrl Pts',(-318.380364726933,-1.80038581151493,-0.404008813611763));
#5400=CARTESIAN_POINT('Ctrl Pts',(-318.376023776433,-1.85051072010091,-0.387709490845373));
#5401=CARTESIAN_POINT('Ctrl Pts',(-318.369427633141,-1.90117342938249,-0.373665360869921));
#5402=CARTESIAN_POINT('Ctrl Pts',(-318.360546298393,-1.95196582539459,-0.361906422351296));
#5403=CARTESIAN_POINT('Ctrl Pts',(-318.357748113211,-1.96796865987113,-0.358201609003083));
#5404=CARTESIAN_POINT('Ctrl Pts',(-318.354723361842,-1.98398432959258,-0.354723361841234));
#5405=CARTESIAN_POINT('Ctrl Pts',(-318.351471862576,-2.,-0.351471862575867));
#5406=CARTESIAN_POINT('',(-317.885627157517,4.32000834227486E-15,-1.58268343236501));
#5407=CARTESIAN_POINT('',(-317.885627157517,-0.799999999999996,-1.58268343236503));
#5408=CARTESIAN_POINT('Ctrl Pts',(-317.885627157517,3.99680288865056E-15,
-1.58268343236501));
#5409=CARTESIAN_POINT('Ctrl Pts',(-317.929272411531,1.7252552252633E-14,
-1.52087122513824));
#5410=CARTESIAN_POINT('Ctrl Pts',(-317.97291752806,-0.00417482133375714,
-1.4590591553953));
#5411=CARTESIAN_POINT('Ctrl Pts',(-318.016233269784,-0.0124983964180383,
-1.39757646045748));
#5412=CARTESIAN_POINT('Ctrl Pts',(-318.059547577642,-0.0208216959698181,
-1.3360958007606));
#5413=CARTESIAN_POINT('Ctrl Pts',(-318.102532259305,-0.0332934309213041,
-1.27494476725786));
#5414=CARTESIAN_POINT('Ctrl Pts',(-318.144862224569,-0.0498357329087251,
-1.21444845015448));
#5415=CARTESIAN_POINT('Ctrl Pts',(-318.18719089215,-0.0663775277690085,
-1.15395398764934));
#5416=CARTESIAN_POINT('Ctrl Pts',(-318.228864615472,-0.0869895535886225,
-1.09411446940292));
#5417=CARTESIAN_POINT('Ctrl Pts',(-318.269566510544,-0.111543125264161,
-1.03524677940574));
#5418=CARTESIAN_POINT('Ctrl Pts',(-318.31026725739,-0.136096004267188,-0.97638075010507));
#5419=CARTESIAN_POINT('Ctrl Pts',(-318.34999597135,-0.164590078515351,-0.918486753689518));
#5420=CARTESIAN_POINT('Ctrl Pts',(-318.388447930288,-0.196847463678894,
-0.861869512296274));
#5421=CARTESIAN_POINT('Ctrl Pts',(-318.426898898493,-0.229104017716173,
-0.805253729672119));
#5422=CARTESIAN_POINT('Ctrl Pts',(-318.464072929768,-0.265123520405568,
-0.749914883978442));
#5423=CARTESIAN_POINT('Ctrl Pts',(-318.499681266799,-0.304681118836029,
-0.696141732529237));
#5424=CARTESIAN_POINT('Ctrl Pts',(-318.535288773417,-0.344237794754697,
-0.6423698351088));
#5425=CARTESIAN_POINT('Ctrl Pts',(-318.569330425969,-0.387332195053624,
-0.590163791754368));
#5426=CARTESIAN_POINT('Ctrl Pts',(-318.601537034972,-0.43369531406826,-0.539792791949868));
#5427=CARTESIAN_POINT('Ctrl Pts',(-318.633923958756,-0.48031800575893,-0.48913978059197));
#5428=CARTESIAN_POINT('Ctrl Pts',(-318.664454992709,-0.530245911837793,
-0.440342659065304));
#5429=CARTESIAN_POINT('Ctrl Pts',(-318.692879769183,-0.58316387730519,-0.393651795017714));
#5430=CARTESIAN_POINT('Ctrl Pts',(-318.721150309944,-0.635794704538425,
-0.347214280322007));
#5431=CARTESIAN_POINT('Ctrl Pts',(-318.747337216033,-0.691382920131839,
-0.302860400298474));
#5432=CARTESIAN_POINT('Ctrl Pts',(-318.771220258623,-0.749581430491981,
-0.260810383773273));
#5433=CARTESIAN_POINT('Ctrl Pts',(-318.795101774577,-0.80777622072298,-0.218763055143192));
#5434=CARTESIAN_POINT('Ctrl Pts',(-318.816679549986,-0.868580668252719,
-0.179019467057479));
#5435=CARTESIAN_POINT('Ctrl Pts',(-318.835762163555,-0.931615157707601,
-0.141771040812258));
#5436=CARTESIAN_POINT('Ctrl Pts',(-318.854843744024,-0.994646234587024,
-0.104524631130768));
#5437=CARTESIAN_POINT('Ctrl Pts',(-318.871430286283,-1.05990678312139,-0.0697732596609175));
#5438=CARTESIAN_POINT('Ctrl Pts',(-318.885361550775,-1.12698941156248,-0.0376771659570208));
#5439=CARTESIAN_POINT('Ctrl Pts',(-318.899428118212,-1.19472355854972,-0.00526934922149587));
#5440=CARTESIAN_POINT('Ctrl Pts',(-318.910787401373,-1.26431502598335,0.0244311832376181));
#5441=CARTESIAN_POINT('Ctrl Pts',(-318.919308744719,-1.33532092290116,0.0512937758822341));
#5442=CARTESIAN_POINT('Ctrl Pts',(-318.927748589887,-1.40564771899369,0.0778994545291949));
#5443=CARTESIAN_POINT('Ctrl Pts',(-318.933404483229,-1.47736161875185,0.10172118135096));
#5444=CARTESIAN_POINT('Ctrl Pts',(-318.936184406942,-1.55001489569856,0.12266693854433));
#5445=CARTESIAN_POINT('Ctrl Pts',(-318.93900459657,-1.62372052188644,0.14391608537977));
#5446=CARTESIAN_POINT('Ctrl Pts',(-318.938864744227,-1.69839256611715,0.162205190244255));
#5447=CARTESIAN_POINT('Ctrl Pts',(-318.935706544978,-1.77355125670845,0.177475948202495));
#5448=CARTESIAN_POINT('Ctrl Pts',(-318.932548345728,-1.84870994729976,0.192746706160735));
#5449=CARTESIAN_POINT('Ctrl Pts',(-318.92637176613,-1.92435486922057,0.20499908376957));
#5450=CARTESIAN_POINT('Ctrl Pts',(-318.917157287526,-2.,0.214213562373375));
#5451=CARTESIAN_POINT('Origin',(-317.502943725153,-2.,-1.19999999999972));
#5452=CARTESIAN_POINT('',(-387.3,4.33680868994202E-15,-70.9970562748477));
#5453=CARTESIAN_POINT('Origin',(-317.502943725153,-2.,-1.19999999999972));
#5454=CARTESIAN_POINT('',(-387.3,-0.799999999999996,-70.9970562748477));
#5455=CARTESIAN_POINT('Origin',(-1.99840144432727E-15,7.94394931780129E-13,
1.99840144432727E-15));
#5456=CARTESIAN_POINT('',(-310.429783034802,6.78583518759673E-14,-19.5826834323651));
#5457=CARTESIAN_POINT('',(-275.039406961614,3.6994355513509E-13,-105.02260932574));
#5458=CARTESIAN_POINT('',(-368.917316567635,6.78255087989838E-14,-78.0702169651982));
#5459=CARTESIAN_POINT('',(-145.423549801218,6.78583518759673E-14,145.423549801218));
#5460=CARTESIAN_POINT('',(-386.917316567635,4.25820881844379E-15,-70.6143728424825));
#5461=CARTESIAN_POINT('Origin',(-1.98432414030106E-27,-0.799999999999206,
1.98432414030106E-27));
#5462=CARTESIAN_POINT('',(-310.429783034802,-0.799999999999932,-19.5826834323651));
#5463=CARTESIAN_POINT('',(-368.917316567635,-0.799999999999932,-78.0702169651982));
#5464=CARTESIAN_POINT('',(-374.572077938642,-0.799999999999932,-83.7249783362055));
#5465=CARTESIAN_POINT('',(-271.891917974917,-0.799999999999604,-112.621319924843));
#5466=CARTESIAN_POINT('',(-81.6286800751553,-0.799999999998917,-197.069066516056));
#5467=CARTESIAN_POINT('Origin',(-374.572077938642,6.78710559975926E-14,
-83.7249783362055));
#5468=CARTESIAN_POINT('',(-310.429783034802,6.39145049690224E-14,-19.5826834323651));
#5469=CARTESIAN_POINT('',(-368.917316567635,6.70289587555304E-14,-78.0702169651982));
#5470=CARTESIAN_POINT('Origin',(-386.917316567635,4.25820881844379E-15,
-70.6143728424825));
#5471=CARTESIAN_POINT('Origin',(-275.039406961614,3.6994355513509E-13,-105.02260932574));
#5472=CARTESIAN_POINT('Ctrl Pts',(-317.503471855629,-2.00307801436497,0.807997611656269));
#5473=CARTESIAN_POINT('Ctrl Pts',(-317.458188112338,-1.739158157502,0.808407200960472));
#5474=CARTESIAN_POINT('Ctrl Pts',(-317.412920387544,-1.47535798464184,0.756129700035026));
#5475=CARTESIAN_POINT('Ctrl Pts',(-317.322545025104,-0.988733087415232,
0.554563067815351));
#5476=CARTESIAN_POINT('Ctrl Pts',(-317.277445350091,-0.765990186290369,
0.405731019535548));
#5477=CARTESIAN_POINT('Ctrl Pts',(-317.187246000067,-0.394268980464452,
0.0340098137096327));
#5478=CARTESIAN_POINT('Ctrl Pts',(-317.142146325055,-0.245436932184648,
-0.18873308741523));
#5479=CARTESIAN_POINT('Ctrl Pts',(-317.051770962614,-0.0438702999649727,
-0.675357984641837));
#5480=CARTESIAN_POINT('Ctrl Pts',(-317.006503237821,0.00840720096047426,
-0.939158157501965));
#5481=CARTESIAN_POINT('Ctrl Pts',(-316.96121949453,0.00799761165627347,
-1.20307801436496));
#5482=CARTESIAN_POINT('Ctrl Pts',(-317.503471855583,-2.00306575120197,0.799997621171583));
#5483=CARTESIAN_POINT('Ctrl Pts',(-317.458188116217,-1.74019738148673,0.800405578645888));
#5484=CARTESIAN_POINT('Ctrl Pts',(-317.412920387544,-1.47744819187434,0.74833635461656));
#5485=CARTESIAN_POINT('Ctrl Pts',(-317.322545025104,-0.992762039258199,
0.547572776708517));
#5486=CARTESIAN_POINT('Ctrl Pts',(-317.277445350091,-0.770906560050168,
0.399333684796362));
#5487=CARTESIAN_POINT('Ctrl Pts',(-317.187246000067,-0.400666315203638,
0.0290934399498333));
#5488=CARTESIAN_POINT('Ctrl Pts',(-317.142146325055,-0.252427223291482,
-0.192762039258197));
#5489=CARTESIAN_POINT('Ctrl Pts',(-317.051770962614,-0.0516636453834389,
-0.677448191874339));
#5490=CARTESIAN_POINT('Ctrl Pts',(-317.006503233942,0.00040557864589071,
-0.940197381486697));
#5491=CARTESIAN_POINT('Ctrl Pts',(-316.961219494575,-2.37882841286639E-6,
-1.20306575120196));
#5492=CARTESIAN_POINT('Ctrl Pts',(-317.503471851041,-2.00183943490257,-1.42729705005218E-6));
#5493=CARTESIAN_POINT('Ctrl Pts',(-317.458188504127,-1.8441197799599,0.000243347187533138));
#5494=CARTESIAN_POINT('Ctrl Pts',(-317.412920387544,-1.6864689151246,-0.030998187230064));
#5495=CARTESIAN_POINT('Ctrl Pts',(-317.322545025104,-1.39565722355492,-0.151456333974889));
#5496=CARTESIAN_POINT('Ctrl Pts',(-317.277445350091,-1.2625439360301,-0.240399789122182));
#5497=CARTESIAN_POINT('Ctrl Pts',(-317.187246000067,-1.04039978912218,-0.4625439360301));
#5498=CARTESIAN_POINT('Ctrl Pts',(-317.142146325055,-0.951456333974888,
-0.595657223554918));
#5499=CARTESIAN_POINT('Ctrl Pts',(-317.051770962614,-0.830998187230062,
-0.886468915124603));
#5500=CARTESIAN_POINT('Ctrl Pts',(-317.006502846032,-0.799756652812464,
-1.04411977995996));
#5501=CARTESIAN_POINT('Ctrl Pts',(-316.961219499117,-0.800001427297046,
-1.20183943490257));
#5502=CARTESIAN_POINT('Ctrl Pts',(-317.503471850995,-2.00182704910795,-0.00808141768658325));
#5503=CARTESIAN_POINT('Ctrl Pts',(-317.458188508044,-1.84516939618448,-0.00783829135019625));
#5504=CARTESIAN_POINT('Ctrl Pts',(-317.412920387544,-1.68858002442943,-0.0388694661027149));
#5505=CARTESIAN_POINT('Ctrl Pts',(-317.322545025104,-1.39972646491631,-0.158516527992792));
#5506=CARTESIAN_POINT('Ctrl Pts',(-317.277445350091,-1.2675094735275,-0.24686109720876));
#5507=CARTESIAN_POINT('Ctrl Pts',(-317.187246000067,-1.04686109720876,-0.467509473527497));
#5508=CARTESIAN_POINT('Ctrl Pts',(-317.142146325055,-0.95851652799279,-0.599726464916315));
#5509=CARTESIAN_POINT('Ctrl Pts',(-317.051770962614,-0.838869466102713,
-0.888580024429431));
#5510=CARTESIAN_POINT('Ctrl Pts',(-317.006502842114,-0.807838291350193,
-1.04516939618454));
#5511=CARTESIAN_POINT('Ctrl Pts',(-316.961219499163,-0.808081417686579,
-1.20182704910794));
#5512=CARTESIAN_POINT('',(-316.961747625006,4.33680868994202E-15,-1.19999999999999));
#5513=CARTESIAN_POINT('',(-316.961747625006,-0.799999999999996,-1.2));
#5514=CARTESIAN_POINT('',(-316.961747625006,-0.799999999999996,-1.2));
#5515=CARTESIAN_POINT('Ctrl Pts',(-317.502943725152,-2.,2.22044604925031E-16));
#5516=CARTESIAN_POINT('Ctrl Pts',(-317.488347878655,-1.9491634871901,2.24149514412723E-16));
#5517=CARTESIAN_POINT('Ctrl Pts',(-317.473752032157,-1.89832719525872,-0.00323477999621244));
#5518=CARTESIAN_POINT('Ctrl Pts',(-317.45915618566,-1.84790069073281,-0.00967827873282756));
#5519=CARTESIAN_POINT('Ctrl Pts',(-317.444560885376,-1.79747607329582,-0.0161215363372192));
#5520=CARTESIAN_POINT('Ctrl Pts',(-317.429965585093,-1.74746165068997,-0.0257732162226964));
#5521=CARTESIAN_POINT('Ctrl Pts',(-317.415370284809,-1.69826033790322,-0.0385555646877793));
#5522=CARTESIAN_POINT('Ctrl Pts',(-317.400775484626,-1.64906071097582,-0.0513374751718307));
#5523=CARTESIAN_POINT('Ctrl Pts',(-317.386180684444,-1.60067456550451,-0.0672497283644523));
#5524=CARTESIAN_POINT('Ctrl Pts',(-317.371585884261,-1.5534916724683,-0.0861641442991503));
#5525=CARTESIAN_POINT('Ctrl Pts',(-317.356991538083,-1.50631024716389,-0.105077971857677));
#5526=CARTESIAN_POINT('Ctrl Pts',(-317.342397191905,-1.46033240918147,-0.126993610835985));
#5527=CARTESIAN_POINT('Ctrl Pts',(-317.327802845727,-1.41592850657259,-0.151734532398647));
#5528=CARTESIAN_POINT('Ctrl Pts',(-317.312550544864,-1.36952274958704,-0.177590845159004));
#5529=CARTESIAN_POINT('Ctrl Pts',(-317.297298244001,-1.32483670526483,-0.206533056094305));
#5530=CARTESIAN_POINT('Ctrl Pts',(-317.282045943137,-1.2822634148496,-0.238306600658685));
#5531=CARTESIAN_POINT('Ctrl Pts',(-317.267448685551,-1.24151852710657,-0.268715561155918));
#5532=CARTESIAN_POINT('Ctrl Pts',(-317.252851427964,-1.20270895770312,-0.301717280234734));
#5533=CARTESIAN_POINT('Ctrl Pts',(-317.238254170377,-1.16614743925729,-0.337045825699403));
#5534=CARTESIAN_POINT('Ctrl Pts',(-317.223658168572,-1.12958906614832,-0.372371331898157));
#5535=CARTESIAN_POINT('Ctrl Pts',(-317.209062166768,-1.09527867443985,-0.410022956593507));
#5536=CARTESIAN_POINT('Ctrl Pts',(-317.194466164963,-1.06349269433092,-0.449697350112339));
#5537=CARTESIAN_POINT('Ctrl Pts',(-317.179871234382,-1.03170904704499,-0.489368831865119));
#5538=CARTESIAN_POINT('Ctrl Pts',(-317.165276303801,-1.00244971648804,-0.53106244045914));
#5539=CARTESIAN_POINT('Ctrl Pts',(-317.150681373219,-0.975950403212417,
-0.574442310159009));
#5540=CARTESIAN_POINT('Ctrl Pts',(-317.136087329448,-0.949452700074566,
-0.617819544033332));
#5541=CARTESIAN_POINT('Ctrl Pts',(-317.121493285676,-0.925714908539331,
-0.662882457039875));
#5542=CARTESIAN_POINT('Ctrl Pts',(-317.106899241905,-0.904928226840262,
-0.709268085785328));
#5543=CARTESIAN_POINT('Ctrl Pts',(-317.092302864372,-0.884138221103592,
-0.755661132144439));
#5544=CARTESIAN_POINT('Ctrl Pts',(-317.077706486839,-0.866300451021634,
-0.803376914772641));
#5545=CARTESIAN_POINT('Ctrl Pts',(-317.063110109307,-0.851558638404002,
-0.852030979862374));
#5546=CARTESIAN_POINT('Ctrl Pts',(-317.048515806092,-0.836818920771823,
-0.900678130635581));
#5547=CARTESIAN_POINT('Ctrl Pts',(-317.033921502876,-0.825174407601384,
-0.950262874206741));
#5548=CARTESIAN_POINT('Ctrl Pts',(-317.019327199661,-0.816718894025829,
-1.00038581151493));
#5549=CARTESIAN_POINT('Ctrl Pts',(-317.004732322469,-0.808263047904596,
-1.05051072010092));
#5550=CARTESIAN_POINT('Ctrl Pts',(-316.990137445276,-0.802996526014076,
-1.10117342938249));
#5551=CARTESIAN_POINT('Ctrl Pts',(-316.975542568084,-0.800961752874419,
-1.15196582539459));
#5552=CARTESIAN_POINT('Ctrl Pts',(-316.970944253725,-0.800320669950442,
-1.16796865987113));
#5553=CARTESIAN_POINT('Ctrl Pts',(-316.966345939365,-0.799999999999996,
-1.18398432959258));
#5554=CARTESIAN_POINT('Ctrl Pts',(-316.961747625006,-0.799999999999996,
-1.2));
#5555=CARTESIAN_POINT('Ctrl Pts',(-317.502943725152,-2.,0.8));
#5556=CARTESIAN_POINT('Ctrl Pts',(-317.490097749341,-1.9254303140306,0.8));
#5557=CARTESIAN_POINT('Ctrl Pts',(-317.477251773531,-1.85086082249269,0.795825178666213));
#5558=CARTESIAN_POINT('Ctrl Pts',(-317.46440579772,-1.7767571372713,0.787501603581918));
#5559=CARTESIAN_POINT('Ctrl Pts',(-317.451560247145,-1.70265590507924,0.779178304030126));
#5560=CARTESIAN_POINT('Ctrl Pts',(-317.43871469657,-1.62902083472143,0.766706569078629));
#5561=CARTESIAN_POINT('Ctrl Pts',(-317.425869145995,-1.55631167317513,0.750164267091198));
#5562=CARTESIAN_POINT('Ctrl Pts',(-317.413023989218,-1.48360474062869,0.733622472230905));
#5563=CARTESIAN_POINT('Ctrl Pts',(-317.400178832441,-1.41182403913555,0.713010446411283));
#5564=CARTESIAN_POINT('Ctrl Pts',(-317.387333675664,-1.34141771033277,0.688456874735738));
#5565=CARTESIAN_POINT('Ctrl Pts',(-317.374488881258,-1.27101336773913,0.663903995732704));
#5566=CARTESIAN_POINT('Ctrl Pts',(-317.361644086852,-1.2019836872347,0.635409921484535));
#5567=CARTESIAN_POINT('Ctrl Pts',(-317.348799292445,-1.13475961099865,0.603152536320987));
#5568=CARTESIAN_POINT('Ctrl Pts',(-317.335954828991,-1.06753726682164,0.570895982283702));
#5569=CARTESIAN_POINT('Ctrl Pts',(-317.323110365536,-1.00212078417,0.534876479594302));
#5570=CARTESIAN_POINT('Ctrl Pts',(-317.310265902082,-0.938918527553418,
0.495318881163837));
#5571=CARTESIAN_POINT('Ctrl Pts',(-317.29742173817,-0.875717744859164,0.455762205245169));
#5572=CARTESIAN_POINT('Ctrl Pts',(-317.284577574257,-0.814731414221749,
0.412667804946244));
#5573=CARTESIAN_POINT('Ctrl Pts',(-317.271733410345,-0.756340227060194,
0.36630468593161));
#5574=CARTESIAN_POINT('Ctrl Pts',(-317.258817335956,-0.697622125811955,
0.31968199424094));
#5575=CARTESIAN_POINT('Ctrl Pts',(-317.245901261567,-0.641528649133315,
0.269754088162077));
#5576=CARTESIAN_POINT('Ctrl Pts',(-317.232985187178,-0.588413870347433,
0.216836122694682));
#5577=CARTESIAN_POINT('Ctrl Pts',(-317.220139196715,-0.535587297724686,
0.164205295461445));
#5578=CARTESIAN_POINT('Ctrl Pts',(-317.207293206252,-0.48570742951436,0.108617079868028));
#5579=CARTESIAN_POINT('Ctrl Pts',(-317.194447215789,-0.43908571630923,0.050418569507884));
#5580=CARTESIAN_POINT('Ctrl Pts',(-317.18160204646,-0.39246698322838,-0.00777622072312265));
#5581=CARTESIAN_POINT('Ctrl Pts',(-317.168756877131,-0.349106231269563,
-0.0685806682528693));
#5582=CARTESIAN_POINT('Ctrl Pts',(-317.155911707801,-0.309274171025888,
-0.13161515770776));
#5583=CARTESIAN_POINT('Ctrl Pts',(-317.143067233887,-0.269444267219308,
-0.194646234587189));
#5584=CARTESIAN_POINT('Ctrl Pts',(-317.130222759972,-0.233142880290266,
-0.259906783121557));
#5585=CARTESIAN_POINT('Ctrl Pts',(-317.117378286057,-0.200596623189705,
-0.326989411562653));
#5586=CARTESIAN_POINT('Ctrl Pts',(-317.104409064303,-0.167734270989695,
-0.394723558549888));
#5587=CARTESIAN_POINT('Ctrl Pts',(-317.091439842549,-0.138700596930584,
-0.464315025983502));
#5588=CARTESIAN_POINT('Ctrl Pts',(-317.078470620794,-0.113680375846332,
-0.5353209229013));
#5589=CARTESIAN_POINT('Ctrl Pts',(-317.065625436755,-0.0888994483070444,
-0.605647718993825));
#5590=CARTESIAN_POINT('Ctrl Pts',(-317.052780252716,-0.0680556231959422,
-0.677361618751987));
#5591=CARTESIAN_POINT('Ctrl Pts',(-317.039935068676,-0.0512790333382875,
-0.750014895698695));
#5592=CARTESIAN_POINT('Ctrl Pts',(-317.026903828065,-0.0342594423064586,
-0.823720521886545));
#5593=CARTESIAN_POINT('Ctrl Pts',(-317.013872587453,-0.0214259827751447,
-0.898392566117233));
#5594=CARTESIAN_POINT('Ctrl Pts',(-317.000841346841,-0.0128611103745861,
-0.973551256708514));
#5595=CARTESIAN_POINT('Ctrl Pts',(-316.98781010623,-0.0042962379740276,
-1.0487099472998));
#5596=CARTESIAN_POINT('Ctrl Pts',(-316.974778865618,3.72910718486956E-15,
-1.12435486922058));
#5597=CARTESIAN_POINT('Ctrl Pts',(-316.961747625006,3.99680288865056E-15,
-1.19999999999999));
#5598=CARTESIAN_POINT('Ctrl Pts',(316.961219494529,0.00799761165627346,
-1.20307801436496));
#5599=CARTESIAN_POINT('Ctrl Pts',(317.00650323782,0.00840720096047481,-0.939158157502003));
#5600=CARTESIAN_POINT('Ctrl Pts',(317.051770962613,-0.0438702999649722,
-0.675357984641838));
#5601=CARTESIAN_POINT('Ctrl Pts',(317.142146325054,-0.245436932184648,-0.18873308741523));
#5602=CARTESIAN_POINT('Ctrl Pts',(317.187246000066,-0.394268980464452,0.0340098137096327));
#5603=CARTESIAN_POINT('Ctrl Pts',(317.277445350091,-0.765990186290369,0.405731019535548));
#5604=CARTESIAN_POINT('Ctrl Pts',(317.322545025103,-0.988733087415232,0.554563067815351));
#5605=CARTESIAN_POINT('Ctrl Pts',(317.412920387543,-1.47535798464184,0.756129700035026));
#5606=CARTESIAN_POINT('Ctrl Pts',(317.458188112337,-1.739158157502,0.808407200960472));
#5607=CARTESIAN_POINT('Ctrl Pts',(317.503471855628,-2.00307801436496,0.80799761165627));
#5608=CARTESIAN_POINT('Ctrl Pts',(316.961219494574,-2.3788284128729E-6,
-1.20306575120197));
#5609=CARTESIAN_POINT('Ctrl Pts',(317.006503233941,0.000405578645891264,
-0.940197381486735));
#5610=CARTESIAN_POINT('Ctrl Pts',(317.051770962613,-0.0516636453834384,
-0.677448191874341));
#5611=CARTESIAN_POINT('Ctrl Pts',(317.142146325054,-0.252427223291482,-0.192762039258197));
#5612=CARTESIAN_POINT('Ctrl Pts',(317.187246000066,-0.400666315203638,0.0290934399498333));
#5613=CARTESIAN_POINT('Ctrl Pts',(317.277445350091,-0.770906560050168,0.399333684796362));
#5614=CARTESIAN_POINT('Ctrl Pts',(317.322545025103,-0.992762039258199,0.547572776708517));
#5615=CARTESIAN_POINT('Ctrl Pts',(317.412920387543,-1.47744819187434,0.74833635461656));
#5616=CARTESIAN_POINT('Ctrl Pts',(317.458188116216,-1.74019738148674,0.800405578645888));
#5617=CARTESIAN_POINT('Ctrl Pts',(317.503471855583,-2.00306575120197,0.799997621171583));
#5618=CARTESIAN_POINT('Ctrl Pts',(316.961219499116,-0.800001427297046,-1.20183943490257));
#5619=CARTESIAN_POINT('Ctrl Pts',(317.006502846031,-0.799756652812464,-1.04411977995994));
#5620=CARTESIAN_POINT('Ctrl Pts',(317.051770962613,-0.830998187230061,-0.886468915124604));
#5621=CARTESIAN_POINT('Ctrl Pts',(317.142146325054,-0.951456333974888,-0.595657223554918));
#5622=CARTESIAN_POINT('Ctrl Pts',(317.187246000066,-1.04039978912218,-0.4625439360301));
#5623=CARTESIAN_POINT('Ctrl Pts',(317.277445350091,-1.2625439360301,-0.240399789122182));
#5624=CARTESIAN_POINT('Ctrl Pts',(317.322545025103,-1.39565722355492,-0.15145633397489));
#5625=CARTESIAN_POINT('Ctrl Pts',(317.412920387543,-1.6864689151246,-0.0309981872300642));
#5626=CARTESIAN_POINT('Ctrl Pts',(317.458188504126,-1.84411977996,0.000243347187532993));
#5627=CARTESIAN_POINT('Ctrl Pts',(317.503471851041,-2.00183943490257,-1.42729705005048E-6));
#5628=CARTESIAN_POINT('Ctrl Pts',(316.961219499162,-0.808081417686579,-1.20182704910795));
#5629=CARTESIAN_POINT('Ctrl Pts',(317.006502842113,-0.807838291350193,-1.04516939618452));
#5630=CARTESIAN_POINT('Ctrl Pts',(317.051770962613,-0.838869466102713,-0.888580024429432));
#5631=CARTESIAN_POINT('Ctrl Pts',(317.142146325054,-0.95851652799279,-0.599726464916315));
#5632=CARTESIAN_POINT('Ctrl Pts',(317.187246000066,-1.04686109720876,-0.467509473527497));
#5633=CARTESIAN_POINT('Ctrl Pts',(317.277445350091,-1.2675094735275,-0.24686109720876));
#5634=CARTESIAN_POINT('Ctrl Pts',(317.322545025103,-1.39972646491631,-0.158516527992792));
#5635=CARTESIAN_POINT('Ctrl Pts',(317.412920387543,-1.68858002442943,-0.0388694661027151));
#5636=CARTESIAN_POINT('Ctrl Pts',(317.458188508044,-1.84516939618458,-0.00783829135019639));
#5637=CARTESIAN_POINT('Ctrl Pts',(317.503471850995,-2.00182704910795,-0.00808141768658325));
#5638=CARTESIAN_POINT('',(316.961747625005,-0.799999999999996,-1.2));
#5639=CARTESIAN_POINT('Ctrl Pts',(316.961747625005,-0.799999999999996,-1.2));
#5640=CARTESIAN_POINT('Ctrl Pts',(316.976343471503,-0.799999999999996,-1.1491634871901));
#5641=CARTESIAN_POINT('Ctrl Pts',(316.990939318,-0.803234779996209,-1.09832719525872));
#5642=CARTESIAN_POINT('Ctrl Pts',(317.005535164498,-0.809678278732824,-1.04790069073281));
#5643=CARTESIAN_POINT('Ctrl Pts',(317.020130464781,-0.816121536337215,-0.997476073295833));
#5644=CARTESIAN_POINT('Ctrl Pts',(317.034725765065,-0.825773216222691,-0.947461650689984));
#5645=CARTESIAN_POINT('Ctrl Pts',(317.049321065348,-0.838555564687771,-0.898260337903239));
#5646=CARTESIAN_POINT('Ctrl Pts',(317.063915865531,-0.851337475171822,-0.849060710975843));
#5647=CARTESIAN_POINT('Ctrl Pts',(317.078510665714,-0.867249728364442,-0.800674565504531));
#5648=CARTESIAN_POINT('Ctrl Pts',(317.093105465896,-0.886164144299138,-0.75349167246832));
#5649=CARTESIAN_POINT('Ctrl Pts',(317.107699812074,-0.905077971857668,-0.70631024716391));
#5650=CARTESIAN_POINT('Ctrl Pts',(317.122294158252,-0.926993610835979,-0.660332409181477));
#5651=CARTESIAN_POINT('Ctrl Pts',(317.13688850443,-0.951734532398646,-0.615928506572592));
#5652=CARTESIAN_POINT('Ctrl Pts',(317.152140805294,-0.977590845159004,-0.569522749587036));
#5653=CARTESIAN_POINT('Ctrl Pts',(317.167393106157,-1.0065330560943,-0.524836705264831));
#5654=CARTESIAN_POINT('Ctrl Pts',(317.182645407021,-1.03830660065868,-0.482263414849603));
#5655=CARTESIAN_POINT('Ctrl Pts',(317.197242664607,-1.06871556115592,-0.441518527106571));
#5656=CARTESIAN_POINT('Ctrl Pts',(317.211839922194,-1.10171728023474,-0.402708957703122));
#5657=CARTESIAN_POINT('Ctrl Pts',(317.22643717978,-1.13704582569941,-0.366147439257283));
#5658=CARTESIAN_POINT('Ctrl Pts',(317.241033181585,-1.17237133189816,-0.329589066148318));
#5659=CARTESIAN_POINT('Ctrl Pts',(317.25562918339,-1.21002295659352,-0.295278674439843));
#5660=CARTESIAN_POINT('Ctrl Pts',(317.270225185195,-1.24969735011235,-0.263492694330911));
#5661=CARTESIAN_POINT('Ctrl Pts',(317.284820115776,-1.28936883186514,-0.231709047044978));
#5662=CARTESIAN_POINT('Ctrl Pts',(317.299415046357,-1.33106244045917,-0.202449716488027));
#5663=CARTESIAN_POINT('Ctrl Pts',(317.314009976938,-1.37444231015904,-0.175950403212397));
#5664=CARTESIAN_POINT('Ctrl Pts',(317.32860402071,-1.41781954403338,-0.14945270007454));
#5665=CARTESIAN_POINT('Ctrl Pts',(317.343198064481,-1.46288245703994,-0.125714908539303));
#5666=CARTESIAN_POINT('Ctrl Pts',(317.357792108253,-1.5092680857854,-0.104928226840231));
#5667=CARTESIAN_POINT('Ctrl Pts',(317.372388485786,-1.55566113214451,-0.0841382211035637));
#5668=CARTESIAN_POINT('Ctrl Pts',(317.386984863318,-1.60337691477272,-0.0663004510216094));
#5669=CARTESIAN_POINT('Ctrl Pts',(317.401581240851,-1.65203097986245,-0.0515586384039803));
#5670=CARTESIAN_POINT('Ctrl Pts',(317.416175544066,-1.70067813063566,-0.0368189207718051));
#5671=CARTESIAN_POINT('Ctrl Pts',(317.430769847282,-1.75026287420682,-0.0251744076013698));
#5672=CARTESIAN_POINT('Ctrl Pts',(317.445364150497,-1.80038581151502,-0.0167188940258181));
#5673=CARTESIAN_POINT('Ctrl Pts',(317.459959027689,-1.850510720101,-0.008263047904589));
#5674=CARTESIAN_POINT('Ctrl Pts',(317.474553904882,-1.90117342938258,-0.00299652601407192));
#5675=CARTESIAN_POINT('Ctrl Pts',(317.489148782074,-1.95196582539467,-0.00096175287441902));
#5676=CARTESIAN_POINT('Ctrl Pts',(317.493747096433,-1.96796865987119,-0.000320669950444261));
#5677=CARTESIAN_POINT('Ctrl Pts',(317.498345410793,-1.98398432959261,2.2270774121682E-16));
#5678=CARTESIAN_POINT('Ctrl Pts',(317.502943725152,-2.,2.22044604925031E-16));
#5679=CARTESIAN_POINT('',(316.961747625005,4.21873575617304E-15,-1.19999999999999));
#5680=CARTESIAN_POINT('',(316.961747625005,-0.799999999999996,-1.2));
#5681=CARTESIAN_POINT('Ctrl Pts',(316.961747625005,3.99680288865056E-15,
-1.19999999999999));
#5682=CARTESIAN_POINT('Ctrl Pts',(316.974593600816,3.73291300756201E-15,
-1.1254303140306));
#5683=CARTESIAN_POINT('Ctrl Pts',(316.987439576627,-0.00417482133378383,
-1.05086082249269));
#5684=CARTESIAN_POINT('Ctrl Pts',(317.000285552438,-0.0124983964180778,
-0.976757137271302));
#5685=CARTESIAN_POINT('Ctrl Pts',(317.013131103013,-0.0208216959698707,
-0.902655905079235));
#5686=CARTESIAN_POINT('Ctrl Pts',(317.025976653588,-0.0332934309213698,
-0.829020834721422));
#5687=CARTESIAN_POINT('Ctrl Pts',(317.038822204163,-0.0498357329088037,
-0.756311673175107));
#5688=CARTESIAN_POINT('Ctrl Pts',(317.051667360939,-0.0663775277690985,
-0.683604740628669));
#5689=CARTESIAN_POINT('Ctrl Pts',(317.064512517716,-0.0869895535887233,
-0.611824039135519));
#5690=CARTESIAN_POINT('Ctrl Pts',(317.077357674493,-0.111543125264272,-0.541417710332732));
#5691=CARTESIAN_POINT('Ctrl Pts',(317.090202468899,-0.13609600426731,-0.471013367739086));
#5692=CARTESIAN_POINT('Ctrl Pts',(317.103047263306,-0.164590078515485,-0.401983687234651));
#5693=CARTESIAN_POINT('Ctrl Pts',(317.115892057712,-0.19684746367904,-0.334759610998594));
#5694=CARTESIAN_POINT('Ctrl Pts',(317.128736521167,-0.229104017716328,-0.267537266821576));
#5695=CARTESIAN_POINT('Ctrl Pts',(317.141580984621,-0.265123520405731,-0.202120784169936));
#5696=CARTESIAN_POINT('Ctrl Pts',(317.154425448076,-0.304681118836199,-0.138918527553359));
#5697=CARTESIAN_POINT('Ctrl Pts',(317.167269611988,-0.344237794754872,-0.0757177448591013));
#5698=CARTESIAN_POINT('Ctrl Pts',(317.1801137759,-0.387332195053803,-0.0147314142216843));
#5699=CARTESIAN_POINT('Ctrl Pts',(317.192957939812,-0.433695314068442,0.0436597729398731));
#5700=CARTESIAN_POINT('Ctrl Pts',(317.205874014201,-0.480318005759112,0.102377874188107));
#5701=CARTESIAN_POINT('Ctrl Pts',(317.218790088591,-0.530245911837976,0.158471350866742));
#5702=CARTESIAN_POINT('Ctrl Pts',(317.23170616298,-0.583163877305371,0.21158612965262));
#5703=CARTESIAN_POINT('Ctrl Pts',(317.244552153443,-0.635794704538611,0.264412702275365));
#5704=CARTESIAN_POINT('Ctrl Pts',(317.257398143905,-0.69138292013203,0.31429257048569));
#5705=CARTESIAN_POINT('Ctrl Pts',(317.270244134368,-0.749581430492176,0.360914283690818));
#5706=CARTESIAN_POINT('Ctrl Pts',(317.283089303698,-0.807776220723178,0.407533016771661));
#5707=CARTESIAN_POINT('Ctrl Pts',(317.295934473027,-0.86858066825292,0.45089376873047));
#5708=CARTESIAN_POINT('Ctrl Pts',(317.308779642356,-0.931615157707804,0.490725828974139));
#5709=CARTESIAN_POINT('Ctrl Pts',(317.321624116271,-0.994646234587229,0.530555732780714));
#5710=CARTESIAN_POINT('Ctrl Pts',(317.334468590186,-1.05990678312159,0.566857119709751));
#5711=CARTESIAN_POINT('Ctrl Pts',(317.3473130641,-1.12698941156268,0.599403376810308));
#5712=CARTESIAN_POINT('Ctrl Pts',(317.360282285855,-1.19472355854992,0.632265729010316));
#5713=CARTESIAN_POINT('Ctrl Pts',(317.373251507609,-1.26431502598353,0.661299403069425));
#5714=CARTESIAN_POINT('Ctrl Pts',(317.386220729363,-1.33532092290132,0.686319624153674));
#5715=CARTESIAN_POINT('Ctrl Pts',(317.399065913403,-1.40564771899386,0.711100551692963));
#5716=CARTESIAN_POINT('Ctrl Pts',(317.411911097442,-1.47736161875203,0.731944376804066));
#5717=CARTESIAN_POINT('Ctrl Pts',(317.424756281481,-1.55001489569874,0.74872096666172));
#5718=CARTESIAN_POINT('Ctrl Pts',(317.437787522093,-1.62372052188658,0.765740557693546));
#5719=CARTESIAN_POINT('Ctrl Pts',(317.450818762705,-1.69839256611727,0.778574017224857));
#5720=CARTESIAN_POINT('Ctrl Pts',(317.463850003317,-1.77355125670854,0.787138889625414));
#5721=CARTESIAN_POINT('Ctrl Pts',(317.476881243928,-1.84870994729981,0.79570376202597));
#5722=CARTESIAN_POINT('Ctrl Pts',(317.48991248454,-1.9243548692206,0.8));
#5723=CARTESIAN_POINT('Ctrl Pts',(317.502943725152,-2.,0.8));
#5724=CARTESIAN_POINT('Origin',(317.502943725152,-2.,-1.2));
#5725=CARTESIAN_POINT('',(-317.502943725152,4.22838847269347E-15,-1.19999999999999));
#5726=CARTESIAN_POINT('Origin',(317.502943725152,-2.,-1.2));
#5727=CARTESIAN_POINT('',(-317.502943725152,-0.799999999999996,-1.2));
#5728=CARTESIAN_POINT('Origin',(0.,0.,2.79318507107451E-15));
#5729=CARTESIAN_POINT('',(309.505903502289,6.70364417057882E-14,-19.2));
#5730=CARTESIAN_POINT('',(74.2717599471741,2.04895414961187E-12,-587.105459703974));
#5731=CARTESIAN_POINT('',(-309.50590350229,6.70282558257718E-14,-19.2));
#5732=CARTESIAN_POINT('',(0.,6.70364417057882E-14,-19.2));
#5733=CARTESIAN_POINT('',(-316.961747625006,4.21873575617304E-15,-1.19999999999999));
#5734=CARTESIAN_POINT('',(-131.149999999995,4.33643525061575E-14,-12.0499999999992));
#5735=CARTESIAN_POINT('',(-131.149999999995,3.04458715524379E-14,-8.34999999999922));
#5736=CARTESIAN_POINT('',(-126.849999999995,4.20723501330571E-14,-12.0499999999992));
#5737=CARTESIAN_POINT('Origin',(-128.999999999995,4.33643525061575E-14,
-12.0499999999992));
#5738=CARTESIAN_POINT('',(-126.849999999995,2.91538691793374E-14,-8.34999999999922));
#5739=CARTESIAN_POINT('',(-45.1500000000051,4.33643525061575E-14,-12.0499999999992));
#5740=CARTESIAN_POINT('',(-45.1500000000051,3.04458715524379E-14,-8.34999999999922));
#5741=CARTESIAN_POINT('',(-40.8500000000051,4.20723501330571E-14,-12.0499999999992));
#5742=CARTESIAN_POINT('Origin',(-43.0000000000051,4.33643525061575E-14,
-12.0499999999992));
#5743=CARTESIAN_POINT('',(-40.8500000000051,2.91538691793374E-14,-8.34999999999922));
#5744=CARTESIAN_POINT('',(45.1499999999949,4.20723501330571E-14,-12.0499999999992));
#5745=CARTESIAN_POINT('',(40.8499999999949,4.20723501330571E-14,-12.0499999999992));
#5746=CARTESIAN_POINT('Origin',(42.9999999999949,4.33643525061575E-14,-12.0499999999992));
#5747=CARTESIAN_POINT('',(45.1499999999949,2.91538691793374E-14,-8.34999999999922));
#5748=CARTESIAN_POINT('',(40.8499999999949,3.04458715524379E-14,-8.34999999999922));
#5749=CARTESIAN_POINT('',(131.149999999995,4.20723501330571E-14,-12.0499999999992));
#5750=CARTESIAN_POINT('',(126.849999999995,4.33643525061575E-14,-12.0499999999992));
#5751=CARTESIAN_POINT('Origin',(128.999999999995,4.33643525061575E-14,-12.0499999999992));
#5752=CARTESIAN_POINT('',(131.149999999995,2.91538691793374E-14,-8.34999999999922));
#5753=CARTESIAN_POINT('',(126.849999999995,3.04458715524379E-14,-8.34999999999922));
#5754=CARTESIAN_POINT('Origin',(0.,-0.8,0.));
#5755=CARTESIAN_POINT('',(309.505903502289,-0.799999999999933,-19.2));
#5756=CARTESIAN_POINT('',(-309.50590350229,-0.799999999999933,-19.2));
#5757=CARTESIAN_POINT('',(-317.502943725152,-0.799999999999933,-19.2));
#5758=CARTESIAN_POINT('',(270.968038442404,-0.799999999999608,-112.238636492479));
#5759=CARTESIAN_POINT('',(-270.968038442405,-0.799999999999608,-112.238636492479));
#5760=CARTESIAN_POINT('',(-131.149999999995,-0.799999999999951,-12.0499999999992));
#5761=CARTESIAN_POINT('',(-131.149999999995,-0.8,0.));
#5762=CARTESIAN_POINT('',(-126.849999999995,-0.799999999999965,-12.0499999999992));
#5763=CARTESIAN_POINT('',(-126.849999999995,-0.8,2.66632065299394E-43));
#5764=CARTESIAN_POINT('Origin',(-128.999999999995,-0.799999999999958,-12.0499999999992));
#5765=CARTESIAN_POINT('',(-40.8500000000051,-0.799999999999951,-12.0499999999992));
#5766=CARTESIAN_POINT('',(-40.8500000000051,-0.8,8.58645634015139E-44));
#5767=CARTESIAN_POINT('',(-45.1500000000051,-0.799999999999965,-12.0499999999992));
#5768=CARTESIAN_POINT('Origin',(-43.0000000000051,-0.799999999999958,-12.0499999999992));
#5769=CARTESIAN_POINT('',(-45.1500000000051,-0.8,0.));
#5770=CARTESIAN_POINT('',(40.8499999999949,-0.799999999999965,-12.0499999999992));
#5771=CARTESIAN_POINT('',(45.1499999999949,-0.799999999999965,-12.0499999999992));
#5772=CARTESIAN_POINT('Origin',(42.9999999999949,-0.799999999999958,-12.0499999999992));
#5773=CARTESIAN_POINT('',(40.8499999999949,-0.8,0.));
#5774=CARTESIAN_POINT('',(45.1499999999949,-0.8,-9.49029384963875E-44));
#5775=CARTESIAN_POINT('',(126.849999999995,-0.799999999999965,-12.0499999999992));
#5776=CARTESIAN_POINT('',(131.149999999995,-0.799999999999965,-12.0499999999992));
#5777=CARTESIAN_POINT('Origin',(128.999999999995,-0.799999999999958,-12.0499999999992));
#5778=CARTESIAN_POINT('',(126.849999999995,-0.8,0.));
#5779=CARTESIAN_POINT('',(131.149999999995,-0.8,-2.75670440394289E-43));
#5780=CARTESIAN_POINT('Origin',(-317.502943725152,6.70036942596042E-14,
-19.2));
#5781=CARTESIAN_POINT('',(309.505903502289,6.7003694259604E-14,-19.2));
#5782=CARTESIAN_POINT('',(-309.50590350229,6.70036942596042E-14,-19.2));
#5783=CARTESIAN_POINT('Origin',(-316.961747625006,4.21873575617304E-15,
-1.19999999999999));
#5784=CARTESIAN_POINT('Origin',(74.2717599471741,2.04895414961187E-12,-587.105459703974));
#5785=CARTESIAN_POINT('Ctrl Pts',(318.92243900832,-2.00307801436488,0.220242172450078));
#5786=CARTESIAN_POINT('Ctrl Pts',(318.954749073653,-1.73915815750187,0.188511353866078));
#5787=CARTESIAN_POINT('Ctrl Pts',(318.949792413416,-1.47535798464173,0.119536463287582));
#5788=CARTESIAN_POINT('Ctrl Pts',(318.871168312546,-0.988733087415073,-0.0868977008497261));
#5789=CARTESIAN_POINT('Ctrl Pts',(318.79781844798,-0.765990186290185,-0.224028137476737));
#5790=CARTESIAN_POINT('Ctrl Pts',(318.59875243469,-0.394268980464254,-0.550655294888059));
#5791=CARTESIAN_POINT('Ctrl Pts',(318.473139704874,-0.245436932184457,-0.740048596765093));
#5792=CARTESIAN_POINT('Ctrl Pts',(318.192948971785,-0.0438702999649278,
-1.14804939312196));
#5793=CARTESIAN_POINT('Ctrl Pts',(318.038423195848,0.00840720096046272,
-1.36659339940001));
#5794=CARTESIAN_POINT('Ctrl Pts',(317.883824117329,0.0079976116562736,-1.58523336183597));
#5795=CARTESIAN_POINT('Ctrl Pts',(318.916782160831,-2.00306575120189,0.214585324896813));
#5796=CARTESIAN_POINT('Ctrl Pts',(318.949091069511,-1.74019738148661,0.182853355209878));
#5797=CARTESIAN_POINT('Ctrl Pts',(318.944281686022,-1.47744819187423,0.114025735894055));
#5798=CARTESIAN_POINT('Ctrl Pts',(318.866225430302,-0.992762039258041,-0.0918405830938362));
#5799=CARTESIAN_POINT('Ctrl Pts',(318.793294849204,-0.770906560049985,-0.228551736252335));
#5800=CARTESIAN_POINT('Ctrl Pts',(318.595276033466,-0.40066631520344,-0.55413169611246));
#5801=CARTESIAN_POINT('Ctrl Pts',(318.470290805705,-0.252427223291291,-0.742897495934329));
#5802=CARTESIAN_POINT('Ctrl Pts',(318.191470972077,-0.0516636453833942,
-1.14952739283015));
#5803=CARTESIAN_POINT('Ctrl Pts',(318.037688356264,0.00040557864587921,
-1.36732824446972));
#5804=CARTESIAN_POINT('Ctrl Pts',(317.883832788662,-2.37882841273379E-6,
-1.58522469043814));
#5805=CARTESIAN_POINT('Ctrl Pts',(318.351097411927,-2.00183943490252,-0.35109943042963));
#5806=CARTESIAN_POINT('Ctrl Pts',(318.383290655304,-1.84411977995987,-0.38294651041005));
#5807=CARTESIAN_POINT('Ctrl Pts',(318.393208946669,-1.68646891512453,-0.437047003458592));
#5808=CARTESIAN_POINT('Ctrl Pts',(318.371937205891,-1.39565722355482,-0.586128807504849));
#5809=CARTESIAN_POINT('Ctrl Pts',(318.340934971644,-1.26254393602998,-0.680911613812128));
#5810=CARTESIAN_POINT('Ctrl Pts',(318.247635911026,-1.04039978912206,-0.901771818552563));
#5811=CARTESIAN_POINT('Ctrl Pts',(318.185400888781,-0.95145633397477,-1.02778741285787));
#5812=CARTESIAN_POINT('Ctrl Pts',(318.043671001258,-0.830998187230034,-1.29732736364887));
#5813=CARTESIAN_POINT('Ctrl Pts',(317.96420439788,-0.799756652812471,-1.4408127514409));
#5814=CARTESIAN_POINT('Ctrl Pts',(317.884699922022,-0.800001427297046,-1.58435755065549));
#5815=CARTESIAN_POINT('Ctrl Pts',(318.345383995963,-2.0018270491079,-0.356812846458427));
#5816=CARTESIAN_POINT('Ctrl Pts',(318.37757607112,-1.84516939618445,-0.388661089052812));
#5817=CARTESIAN_POINT('Ctrl Pts',(318.387643112002,-1.68858002442936,-0.442612838126054));
#5818=CARTESIAN_POINT('Ctrl Pts',(318.366944894824,-1.39972646491621,-0.5911211185714));
#5819=CARTESIAN_POINT('Ctrl Pts',(318.336366136881,-1.26750947352738,-0.685480448575482));
#5820=CARTESIAN_POINT('Ctrl Pts',(318.244124745789,-1.04686109720863,-0.905282983789208));
#5821=CARTESIAN_POINT('Ctrl Pts',(318.18252350062,-0.958516527992673,-1.0306648010188));
#5822=CARTESIAN_POINT('Ctrl Pts',(318.042178221553,-0.838869466102685,-1.29882014335414));
#5823=CARTESIAN_POINT('Ctrl Pts',(317.963462209901,-0.8078382913502,-1.44155494496131));
#5824=CARTESIAN_POINT('Ctrl Pts',(317.884708680069,-0.808081417686579,-1.58434879254369));
#5825=CARTESIAN_POINT('',(317.885627157518,4.33680868994202E-15,-1.58268343236494));
#5826=CARTESIAN_POINT('',(317.885627157518,-0.799999999999996,-1.58268343236493));
#5827=CARTESIAN_POINT('',(317.885627157518,-0.799999999999997,-1.58268343236515));
#5828=CARTESIAN_POINT('Ctrl Pts',(318.351471862576,-2.,-0.351471862575707));
#5829=CARTESIAN_POINT('Ctrl Pts',(318.361792684612,-1.9491634871901,-0.361792684611279));
#5830=CARTESIAN_POINT('Ctrl Pts',(318.369826171776,-1.89832719525873,-0.374400841517823));
#5831=CARTESIAN_POINT('Ctrl Pts',(318.375590752161,-1.84790069073281,-0.389277905204622));
#5832=CARTESIAN_POINT('Ctrl Pts',(318.38135511682,-1.79747607329584,-0.4041544121536));
#5833=CARTESIAN_POINT('Ctrl Pts',(318.384850784327,-1.74746165068999,-0.42129961625444));
#5834=CARTESIAN_POINT('Ctrl Pts',(318.386132734852,-1.69826033790324,-0.440658537337569));
#5835=CARTESIAN_POINT('Ctrl Pts',(318.387414641451,-1.64906071097584,-0.460016795096568));
#5836=CARTESIAN_POINT('Ctrl Pts',(318.386483061494,-1.60067456550452,-0.481588539412232));
#5837=CARTESIAN_POINT('Ctrl Pts',(318.383428631903,-1.55349167246831,-0.505283133361047));
#5838=CARTESIAN_POINT('Ctrl Pts',(318.380374297328,-1.5063102471639,-0.528976990235319));
#5839=CARTESIAN_POINT('Ctrl Pts',(318.375197361542,-1.46033240918148,-0.554793448320362));
#5840=CARTESIAN_POINT('Ctrl Pts',(318.368022649282,-1.4159285065726,-0.582607682879569));
#5841=CARTESIAN_POINT('Ctrl Pts',(318.360524480561,-1.36952274958704,-0.611675862338096));
#5842=CARTESIAN_POINT('Ctrl Pts',(318.350844252316,-1.32483670526484,-0.642926101322161));
#5843=CARTESIAN_POINT('Ctrl Pts',(318.339161968861,-1.28226341484961,-0.676178395515166));
#5844=CARTESIAN_POINT('Ctrl Pts',(318.327981406511,-1.24151852710658,-0.708002597517828));
#5845=CARTESIAN_POINT('Ctrl Pts',(318.314967486986,-1.20270895770313,-0.741660156695528));
#5846=CARTESIAN_POINT('Ctrl Pts',(318.300308252745,-1.16614743925729,-0.776963030589286));
#5847=CARTESIAN_POINT('Ctrl Pts',(318.285650279617,-1.12958906614833,-0.812262867425622));
#5848=CARTESIAN_POINT('Ctrl Pts',(318.269347492326,-1.09527867443985,-0.849207518424737));
#5849=CARTESIAN_POINT('Ctrl Pts',(318.251614391484,-1.06349269433092,-0.887582482975716));
#5850=CARTESIAN_POINT('Ctrl Pts',(318.233882592102,-1.03170904704499,-0.925954631127781));
#5851=CARTESIAN_POINT('Ctrl Pts',(318.214720933118,-1.00244971648804,-0.965756638881704));
#5852=CARTESIAN_POINT('Ctrl Pts',(318.194366907471,-0.975950403212408,-1.00675101329843));
#5853=CARTESIAN_POINT('Ctrl Pts',(318.174014118565,-0.949452700074554,-1.04774289683585));
#5854=CARTESIAN_POINT('Ctrl Pts',(318.152469374514,-0.925714908539318,-1.08992673551859));
#5855=CARTESIAN_POINT('Ctrl Pts',(318.129989329194,-0.904928226840248,-1.13304587546988));
#5856=CARTESIAN_POINT('Ctrl Pts',(318.107505689048,-0.884138221103579,-1.17617191068441));
#5857=CARTESIAN_POINT('Ctrl Pts',(318.084086733116,-0.866300451021623,-1.22023326168452));
#5858=CARTESIAN_POINT('Ctrl Pts',(318.060004311293,-0.851558638403992,-1.26495807857587));
#5859=CARTESIAN_POINT('Ctrl Pts',(318.035925311866,-0.836818920771816,-1.30967653954321));
#5860=CARTESIAN_POINT('Ctrl Pts',(318.011183334214,-0.825174407601379,-1.35505797873599));
#5861=CARTESIAN_POINT('Ctrl Pts',(317.98606079612,-0.816718894025825,-1.4008199783698));
#5862=CARTESIAN_POINT('Ctrl Pts',(317.960937269986,-0.808263047904593,-1.44658377777071));
#5863=CARTESIAN_POINT('Ctrl Pts',(317.935433461333,-0.802996526014074,-1.49272785969036));
#5864=CARTESIAN_POINT('Ctrl Pts',(317.909837950314,-0.800961752874418,-1.53896364397663));
#5865=CARTESIAN_POINT('Ctrl Pts',(317.901773736803,-0.800320669950441,-1.55353085601856));
#5866=CARTESIAN_POINT('Ctrl Pts',(317.893700447403,-0.799999999999996,-1.56810714394923));
#5867=CARTESIAN_POINT('Ctrl Pts',(317.885627157518,-0.799999999999996,-1.58268343236493));
#5868=CARTESIAN_POINT('Ctrl Pts',(318.917157287525,-2.,0.214213562373544));
#5869=CARTESIAN_POINT('Ctrl Pts',(318.926240764132,-1.9254303140306,0.20513008576668));
#5870=CARTESIAN_POINT('Ctrl Pts',(318.932372196264,-1.85086082249269,0.193094564684466));
#5871=CARTESIAN_POINT('Ctrl Pts',(318.935570016485,-1.7767571372713,0.178125431691782));
#5872=CARTESIAN_POINT('Ctrl Pts',(318.93876773085,-1.70265590507924,0.163156794217264));
#5873=CARTESIAN_POINT('Ctrl Pts',(318.939032058412,-1.62902083472143,0.145254769940287));
#5874=CARTESIAN_POINT('Ctrl Pts',(318.93641806042,-1.55631167317511,0.124474420108939));
#5875=CARTESIAN_POINT('Ctrl Pts',(318.933804142563,-1.48360474062867,0.103694707327943));
#5876=CARTESIAN_POINT('Ctrl Pts',(318.928312136794,-1.41182403913551,0.0800369066346268));
#5877=CARTESIAN_POINT('Ctrl Pts',(318.920033037223,-1.34141771033271,0.0535920121382105));
#5878=CARTESIAN_POINT('Ctrl Pts',(318.91175417121,-1.27101336773908,0.0271478636697804));
#5879=CARTESIAN_POINT('Ctrl Pts',(318.900688459313,-1.20198368723465,-0.00208313068248479));
#5880=CARTESIAN_POINT('Ctrl Pts',(318.886961684748,-1.13475961099861,-0.0339751877027084));
#5881=CARTESIAN_POINT('Ctrl Pts',(318.87323526386,-1.06753726682159,-0.0658664230095145));
#5882=CARTESIAN_POINT('Ctrl Pts',(318.856848036463,-1.00212078416995,-0.100418464825471));
#5883=CARTESIAN_POINT('Ctrl Pts',(318.837958997574,-0.938918527553376,-0.137472318132438));
#5884=CARTESIAN_POINT('Ctrl Pts',(318.819070399192,-0.875717744859099,-0.174525307316769));
#5885=CARTESIAN_POINT('Ctrl Pts',(318.79768025191,-0.814731414221665,-0.214079845400361));
#5886=CARTESIAN_POINT('Ctrl Pts',(318.773978771459,-0.756340227060091,-0.255945716653613));
#5887=CARTESIAN_POINT('Ctrl Pts',(318.750144593795,-0.69762212581186,-0.298045981892126));
#5888=CARTESIAN_POINT('Ctrl Pts',(318.723973276623,-0.641528649133227,-0.342483386637805));
#5889=CARTESIAN_POINT('Ctrl Pts',(318.695687668181,-0.588413870347351,-0.389035082653265));
#5890=CARTESIAN_POINT('Ctrl Pts',(318.667555540312,-0.535587297724605,-0.435334184456673));
#5891=CARTESIAN_POINT('Ctrl Pts',(318.637332223079,-0.485707429514278,-0.483724475624148));
#5892=CARTESIAN_POINT('Ctrl Pts',(318.605263148716,-0.43908571630915,-0.53396052392209));
#5893=CARTESIAN_POINT('Ctrl Pts',(318.573196124252,-0.392466983228303,-0.58419336106246));
#5894=CARTESIAN_POINT('Ctrl Pts',(318.539283793416,-0.349106231269491,-0.636271504575344));
#5895=CARTESIAN_POINT('Ctrl Pts',(318.503794584812,-0.30927417102582,-0.689926525855824));
#5896=CARTESIAN_POINT('Ctrl Pts',(318.468307297531,-0.269444267219242,-0.743578642348619));
#5897=CARTESIAN_POINT('Ctrl Pts',(318.431243535724,-0.233142880290203,-0.798807233367092));
#5898=CARTESIAN_POINT('Ctrl Pts',(318.39289136886,-0.200596623189646,-0.855324229443468));
#5899=CARTESIAN_POINT('Ctrl Pts',(318.354166718856,-0.167734270989645,-0.912390128745176));
#5900=CARTESIAN_POINT('Ctrl Pts',(318.31412874497,-0.138700596930542,-0.970769351929363));
#5901=CARTESIAN_POINT('Ctrl Pts',(318.273090618405,-0.113680375846297,-1.03014872779332));
#5902=CARTESIAN_POINT('Ctrl Pts',(318.232444980728,-0.0888994483070142,
-1.08896019894931));
#5903=CARTESIAN_POINT('Ctrl Pts',(318.190818512644,-0.0680556231959159,
-1.14875250051348));
#5904=CARTESIAN_POINT('Ctrl Pts',(318.148527804579,-0.0512790333382651,
-1.20920904205776));
#5905=CARTESIAN_POINT('Ctrl Pts',(318.105624535094,-0.0342594423064432,
-1.27054126875059));
#5906=CARTESIAN_POINT('Ctrl Pts',(318.062037904857,-0.021425982775135,-1.33255685619496));
#5907=CARTESIAN_POINT('Ctrl Pts',(318.018107163679,-0.0128611103745802,
-1.39491655458096));
#5908=CARTESIAN_POINT('Ctrl Pts',(317.974176422501,-0.00429623797402532,
-1.45727625296695));
#5909=CARTESIAN_POINT('Ctrl Pts',(317.929901863852,3.99680288865056E-15,
-1.51997976882327));
#5910=CARTESIAN_POINT('Ctrl Pts',(317.885627157518,3.99680288865056E-15,
-1.58268343236493));
#5911=CARTESIAN_POINT('Ctrl Pts',(386.914766638164,0.00799761165627478,
-70.6161758826712));
#5912=CARTESIAN_POINT('Ctrl Pts',(387.1334066006,0.00840720096036221,-70.4615768041523));
#5913=CARTESIAN_POINT('Ctrl Pts',(387.351950606878,-0.0438702999651499,
-70.3070510282153));
#5914=CARTESIAN_POINT('Ctrl Pts',(387.759951403235,-0.245436932184884,-70.026860295126));
#5915=CARTESIAN_POINT('Ctrl Pts',(387.949344705112,-0.394268980464704,-69.90124756531));
#5916=CARTESIAN_POINT('Ctrl Pts',(388.275971862523,-0.765990186290603,-69.7021815520206));
#5917=CARTESIAN_POINT('Ctrl Pts',(388.41310229915,-0.988733087415441,-69.6288316874545));
#5918=CARTESIAN_POINT('Ctrl Pts',(388.619536463287,-1.47535798464191,-69.5502075865848));
#5919=CARTESIAN_POINT('Ctrl Pts',(388.688511353865,-1.73915815750192,-69.5452509263476));
#5920=CARTESIAN_POINT('Ctrl Pts',(388.720242172449,-2.00307801436479,-69.5775609916805));
#5921=CARTESIAN_POINT('Ctrl Pts',(386.914775309562,-2.37882841155172E-6,
-70.6161672113376));
#5922=CARTESIAN_POINT('Ctrl Pts',(387.13267175553,0.000405578645779115,
-70.4623116437361));
#5923=CARTESIAN_POINT('Ctrl Pts',(387.35047260717,-0.0516636453836154,-70.3085290279235));
#5924=CARTESIAN_POINT('Ctrl Pts',(387.757102504066,-0.252427223291718,-70.0297091942953));
#5925=CARTESIAN_POINT('Ctrl Pts',(387.945868303887,-0.400666315203888,-69.9047239665344));
#5926=CARTESIAN_POINT('Ctrl Pts',(388.271448263747,-0.770906560050401,-69.7067051507962));
#5927=CARTESIAN_POINT('Ctrl Pts',(388.408159416906,-0.992762039258408,-69.6337745696986));
#5928=CARTESIAN_POINT('Ctrl Pts',(388.614025735894,-1.47744819187441,-69.5557183139784));
#5929=CARTESIAN_POINT('Ctrl Pts',(388.682853355209,-1.74019738148665,-69.5509089304896));
#5930=CARTESIAN_POINT('Ctrl Pts',(388.714585324896,-2.0030657512018,-69.5832178391696));
#5931=CARTESIAN_POINT('Ctrl Pts',(386.915642449344,-0.800001427297045,-70.6153000779782));
#5932=CARTESIAN_POINT('Ctrl Pts',(387.059187248559,-0.799756652812531,-70.5357956021202));
#5933=CARTESIAN_POINT('Ctrl Pts',(387.202672636351,-0.830998187230169,-70.4563289987424));
#5934=CARTESIAN_POINT('Ctrl Pts',(387.472212587142,-0.951456333975031,-70.314599111219));
#5935=CARTESIAN_POINT('Ctrl Pts',(387.598228181447,-1.04039978912233,-70.2523640889746));
#5936=CARTESIAN_POINT('Ctrl Pts',(387.819088386188,-1.26254393603024,-70.159065028356));
#5937=CARTESIAN_POINT('Ctrl Pts',(387.913871192495,-1.39565722355504,-70.1280627941097));
#5938=CARTESIAN_POINT('Ctrl Pts',(388.062952996541,-1.68646891512464,-70.106791053331));
#5939=CARTESIAN_POINT('Ctrl Pts',(388.117053489589,-1.84411977995992,-70.1167093446969));
#5940=CARTESIAN_POINT('Ctrl Pts',(388.14890056957,-2.00183943490247,-70.148902588073));
#5941=CARTESIAN_POINT('Ctrl Pts',(386.915651207456,-0.808081417686578,-70.6152913199313));
#5942=CARTESIAN_POINT('Ctrl Pts',(387.058445055039,-0.80783829135026,-70.5365377900999));
#5943=CARTESIAN_POINT('Ctrl Pts',(387.201179856646,-0.838869466102819,-70.4578217784477));
#5944=CARTESIAN_POINT('Ctrl Pts',(387.469335198981,-0.958516527992933,-70.3174764993799));
#5945=CARTESIAN_POINT('Ctrl Pts',(387.594717016211,-1.04686109720891,-70.2558752542113));
#5946=CARTESIAN_POINT('Ctrl Pts',(387.814519551424,-1.26750947352764,-70.1636338631194));
#5947=CARTESIAN_POINT('Ctrl Pts',(387.908878881428,-1.39972646491644,-70.1330551051762));
#5948=CARTESIAN_POINT('Ctrl Pts',(388.057387161873,-1.68858002442947,-70.1123568879985));
#5949=CARTESIAN_POINT('Ctrl Pts',(388.111338910947,-1.8451693961845,-70.1224239288803));
#5950=CARTESIAN_POINT('Ctrl Pts',(388.143187153541,-2.00182704910784,-70.154616004037));
#5951=CARTESIAN_POINT('',(386.917316567635,-0.799999999999996,-70.6143728424829));
#5952=CARTESIAN_POINT('Ctrl Pts',(386.917316567635,-0.799999999999996,-70.6143728424829));
#5953=CARTESIAN_POINT('Ctrl Pts',(386.96358423261,-0.799999999999996,-70.5887468215787));
#5954=CARTESIAN_POINT('Ctrl Pts',(387.009851741401,-0.803234779996209,-70.5631209568592));
#5955=CARTESIAN_POINT('Ctrl Pts',(387.055829486738,-0.809678278732823,-70.537784855593));
#5956=CARTESIAN_POINT('Ctrl Pts',(387.10180551147,-0.816121536337214,-70.5124497024685));
#5957=CARTESIAN_POINT('Ctrl Pts',(387.147491484656,-0.825773216222689,-70.4874046008908));
#5958=CARTESIAN_POINT('Ctrl Pts',(387.192602502375,-0.838555564687769,-70.46293445478));
#5959=CARTESIAN_POINT('Ctrl Pts',(387.237711974386,-0.851337475171819,-70.438465147127));
#5960=CARTESIAN_POINT('Ctrl Pts',(387.282246228144,-0.867249728364438,-70.4145710577279));
#5961=CARTESIAN_POINT('Ctrl Pts',(387.325929653945,-0.886164144299133,-70.3915277962852));
#5962=CARTESIAN_POINT('Ctrl Pts',(387.369611720873,-0.90507797185766,-70.3684852516558));
#5963=CARTESIAN_POINT('Ctrl Pts',(387.412442723044,-0.92699361083597,-70.3462937717836));
#5964=CARTESIAN_POINT('Ctrl Pts',(387.454160784839,-0.951734532398633,-70.3252152322872));
#5965=CARTESIAN_POINT('Ctrl Pts',(387.497759615659,-0.977590845158991,-70.3031864122058));
#5966=CARTESIAN_POINT('Ctrl Pts',(387.540142425993,-1.00653305609429,-70.2823736126103));
#5967=CARTESIAN_POINT('Ctrl Pts',(387.581031293712,-1.03830660065867,-70.2630547556295));
#5968=CARTESIAN_POINT('Ctrl Pts',(387.62016409996,-1.0687155611559,-70.2445655890339));
#5969=CARTESIAN_POINT('Ctrl Pts',(387.657928429487,-1.10171728023472,-70.22744489916));
#5970=CARTESIAN_POINT('Ctrl Pts',(387.694103146936,-1.13704582569938,-70.2119138213627));
#5971=CARTESIAN_POINT('Ctrl Pts',(387.730274752325,-1.17237133189814,-70.1963840796826));
#5972=CARTESIAN_POINT('Ctrl Pts',(387.764856794822,-1.21002295659349,-70.1824439008947));
#5973=CARTESIAN_POINT('Ctrl Pts',(387.797653808758,-1.24969735011232,-70.1702887506674));
#5974=CARTESIAN_POINT('Ctrl Pts',(387.830448415669,-1.2893688318651,-70.1581344925256));
#5975=CARTESIAN_POINT('Ctrl Pts',(387.861458061104,-1.33106244045912,-70.1477651958607));
#5976=CARTESIAN_POINT('Ctrl Pts',(387.890516079603,-1.37444231015899,-70.1393475261317));
#5977=CARTESIAN_POINT('Ctrl Pts',(387.919572332494,-1.41781954403332,-70.1309303678728));
#5978=CARTESIAN_POINT('Ctrl Pts',(387.946677033174,-1.46288245703987,-70.1244647618236));
#5979=CARTESIAN_POINT('Ctrl Pts',(387.971694984078,-1.50926808578533,-70.1200859055516));
#5980=CARTESIAN_POINT('Ctrl Pts',(387.996716935649,-1.55566113214443,-70.1157063490484));
#5981=CARTESIAN_POINT('Ctrl Pts',(388.019651341369,-1.60337691477263,-70.1134143383963));
#5982=CARTESIAN_POINT('Ctrl Pts',(388.040396574572,-1.65203097986236,-70.1133115002615));
#5983=CARTESIAN_POINT('Ctrl Pts',(388.061138859633,-1.70067813063557,-70.1132086767412));
#5984=CARTESIAN_POINT('Ctrl Pts',(388.07969250463,-1.75026287420673,-70.1152944932849));
#5985=CARTESIAN_POINT('Ctrl Pts',(388.095991186388,-1.80038581151492,-70.1196352730674));
#5986=CARTESIAN_POINT('Ctrl Pts',(388.112290509154,-1.8505107201009,-70.1239762235678));
#5987=CARTESIAN_POINT('Ctrl Pts',(388.12633463913,-1.90117342938248,-70.1305723668592));
#5988=CARTESIAN_POINT('Ctrl Pts',(388.138093577648,-1.95196582539457,-70.1394537016073));
#5989=CARTESIAN_POINT('Ctrl Pts',(388.141798390996,-1.96796865987111,-70.1422518867899));
#5990=CARTESIAN_POINT('Ctrl Pts',(388.145276638158,-1.98398432959257,-70.1452766381587));
#5991=CARTESIAN_POINT('Ctrl Pts',(388.148528137424,-2.,-70.1485281374241));
#5992=CARTESIAN_POINT('',(386.917316567635,4.26579823365106E-15,-70.6143728424826));
#5993=CARTESIAN_POINT('',(386.917316567635,-0.799999999999996,-70.6143728424826));
#5994=CARTESIAN_POINT('Ctrl Pts',(386.917316567635,3.99680288865056E-15,
-70.6143728424826));
#5995=CARTESIAN_POINT('Ctrl Pts',(386.979128774862,-1.1303635903092E-14,
-70.5707275884696));
#5996=CARTESIAN_POINT('Ctrl Pts',(387.040940844605,-0.00417482133381417,
-70.5270824719403));
#5997=CARTESIAN_POINT('Ctrl Pts',(387.102423539542,-0.0124983964181236,
-70.4837667302162));
#5998=CARTESIAN_POINT('Ctrl Pts',(387.163904199239,-0.0208216959699315,
-70.4404524223585));
#5999=CARTESIAN_POINT('Ctrl Pts',(387.225055232742,-0.0332934309214451,
-70.397467740695));
#6000=CARTESIAN_POINT('Ctrl Pts',(387.285551549845,-0.0498357329088934,
-70.3551377754308));
#6001=CARTESIAN_POINT('Ctrl Pts',(387.346046012351,-0.0663775277692034,
-70.3128091078502));
#6002=CARTESIAN_POINT('Ctrl Pts',(387.405885530597,-0.0869895535888437,
-70.2711353845283));
#6003=CARTESIAN_POINT('Ctrl Pts',(387.464753220594,-0.111543125264407,-70.2304334894557));
#6004=CARTESIAN_POINT('Ctrl Pts',(387.523619249895,-0.136096004267459,-70.1897327426105));
#6005=CARTESIAN_POINT('Ctrl Pts',(387.58151324631,-0.164590078515646,-70.1500040286504));
#6006=CARTESIAN_POINT('Ctrl Pts',(387.638130487704,-0.196847463679213,-70.1115520697126));
#6007=CARTESIAN_POINT('Ctrl Pts',(387.694746270328,-0.229104017716509,-70.0731011015071));
#6008=CARTESIAN_POINT('Ctrl Pts',(387.750085116021,-0.265123520405917,-70.0359270702321));
#6009=CARTESIAN_POINT('Ctrl Pts',(387.803858267471,-0.30468111883639,-70.0003187332016));
#6010=CARTESIAN_POINT('Ctrl Pts',(387.857630164891,-0.344237794755088,-69.9647112265832));
#6011=CARTESIAN_POINT('Ctrl Pts',(387.909836208246,-0.387332195054046,-69.9306695740308));
#6012=CARTESIAN_POINT('Ctrl Pts',(387.96020720805,-0.433695314068714,-69.8984629650284));
#6013=CARTESIAN_POINT('Ctrl Pts',(388.010860219408,-0.480318005759386,-69.8660760412442));
#6014=CARTESIAN_POINT('Ctrl Pts',(388.059657340935,-0.530245911838249,-69.8355450072913));
#6015=CARTESIAN_POINT('Ctrl Pts',(388.106348204982,-0.583163877305641,-69.8071202308174));
#6016=CARTESIAN_POINT('Ctrl Pts',(388.152785719678,-0.635794704538892,-69.7788496900564));
#6017=CARTESIAN_POINT('Ctrl Pts',(388.197139599701,-0.691382920132322,-69.7526627839675));
#6018=CARTESIAN_POINT('Ctrl Pts',(388.239189616226,-0.74958143049248,-69.7287797413769));
#6019=CARTESIAN_POINT('Ctrl Pts',(388.281236944857,-0.807776220723503,-69.7048982254234));
#6020=CARTESIAN_POINT('Ctrl Pts',(388.320980532942,-0.868580668253265,-69.6833204500143));
#6021=CARTESIAN_POINT('Ctrl Pts',(388.358228959188,-0.931615157708171,-69.6642378364457));
#6022=CARTESIAN_POINT('Ctrl Pts',(388.395475368869,-0.99464623458761,-69.6451562559759));
#6023=CARTESIAN_POINT('Ctrl Pts',(388.430226740339,-1.05990678312199,-69.6285697137178));
#6024=CARTESIAN_POINT('Ctrl Pts',(388.462322834043,-1.12698941156309,-69.6146384492256));
#6025=CARTESIAN_POINT('Ctrl Pts',(388.494730650778,-1.1947235585503,-69.6005718817884));
#6026=CARTESIAN_POINT('Ctrl Pts',(388.524431183237,-1.26431502598388,-69.5892125986276));
#6027=CARTESIAN_POINT('Ctrl Pts',(388.551293775882,-1.33532092290165,-69.5806912552813));
#6028=CARTESIAN_POINT('Ctrl Pts',(388.577899454529,-1.40564771899416,-69.572251410114));
#6029=CARTESIAN_POINT('Ctrl Pts',(388.601721181351,-1.47736161875232,-69.5665955167719));
#6030=CARTESIAN_POINT('Ctrl Pts',(388.622666938544,-1.55001489569902,-69.5638155930582));
#6031=CARTESIAN_POINT('Ctrl Pts',(388.643916085379,-1.62372052188682,-69.5609954034304));
#6032=CARTESIAN_POINT('Ctrl Pts',(388.662205190244,-1.69839256611746,-69.5611352557736));
#6033=CARTESIAN_POINT('Ctrl Pts',(388.677475948202,-1.77355125670868,-69.5642934550229));
#6034=CARTESIAN_POINT('Ctrl Pts',(388.69274670616,-1.84870994729991,-69.5674516542723));
#6035=CARTESIAN_POINT('Ctrl Pts',(388.704999083769,-1.92435486922065,-69.5736282338711));
#6036=CARTESIAN_POINT('Ctrl Pts',(388.714213562373,-2.,-69.5828427124749));
#6037=CARTESIAN_POINT('Origin',(387.3,-2.,-70.9970562748479));
#6038=CARTESIAN_POINT('',(317.502943725152,4.33680868994202E-15,-1.19999999999983));
#6039=CARTESIAN_POINT('Origin',(387.3,-2.,-70.9970562748479));
#6040=CARTESIAN_POINT('',(317.502943725152,-0.799999999999996,-1.19999999999983));
#6041=CARTESIAN_POINT('Origin',(1.99840144432727E-15,7.94394931780129E-13,
1.99840144432727E-15));
#6042=CARTESIAN_POINT('',(368.917316567635,6.78583518759685E-14,-78.0702169651983));
#6043=CARTESIAN_POINT('',(283.477390674259,3.70936063540657E-13,-113.460593038386));
#6044=CARTESIAN_POINT('',(310.429783034802,6.79818721059905E-14,-19.5826834323652));
#6045=CARTESIAN_POINT('',(145.423549801218,6.78583518759685E-14,145.423549801218));
#6046=CARTESIAN_POINT('',(317.885627157518,4.31241892706806E-15,-1.58268343236515));
#6047=CARTESIAN_POINT('Origin',(1.98432414030106E-27,-0.799999999999206,
1.98432414030106E-27));
#6048=CARTESIAN_POINT('',(368.917316567635,-0.799999999999932,-78.0702169651983));
#6049=CARTESIAN_POINT('',(310.429783034802,-0.799999999999932,-19.5826834323652));
#6050=CARTESIAN_POINT('',(304.775021663794,-0.799999999999932,-13.9279220613577));
#6051=CARTESIAN_POINT('',(81.6286800751551,-0.799999999998917,-197.069066516056));
#6052=CARTESIAN_POINT('',(271.891917974918,-0.799999999999604,-112.621319924843));
#6053=CARTESIAN_POINT('Origin',(304.775021663794,6.78710559975926E-14,-13.9279220613577));
#6054=CARTESIAN_POINT('',(368.917316567635,7.74230151509889E-14,-78.0702169651983));
#6055=CARTESIAN_POINT('',(310.429783034802,6.82198640960917E-14,-19.5826834323652));
#6056=CARTESIAN_POINT('Origin',(317.885627157518,4.31241892706806E-15,-1.58268343236515));
#6057=CARTESIAN_POINT('Origin',(283.477390674259,3.70936063540657E-13,-113.460593038386));
#6058=CARTESIAN_POINT('Ctrl Pts',(389.307997611656,-2.00307801436481,-70.9965281443715));
#6059=CARTESIAN_POINT('Ctrl Pts',(389.308407200961,-1.73915815750189,-71.0418118876624));
#6060=CARTESIAN_POINT('Ctrl Pts',(389.256129700035,-1.4753579846418,-71.0870796124562));
#6061=CARTESIAN_POINT('Ctrl Pts',(389.054563067815,-0.988733087415235,-71.1774549748965));
#6062=CARTESIAN_POINT('Ctrl Pts',(388.905731019535,-0.76599018629037,-71.2225546499087));
#6063=CARTESIAN_POINT('Ctrl Pts',(388.53400981371,-0.394268980464453,-71.3127539999331));
#6064=CARTESIAN_POINT('Ctrl Pts',(388.311266912585,-0.24543693218464,-71.3578536749452));
#6065=CARTESIAN_POINT('Ctrl Pts',(387.824642015358,-0.0438702999649869,
-71.4482290373856));
#6066=CARTESIAN_POINT('Ctrl Pts',(387.560841842498,0.00840720096045554,
-71.4934967621794));
#6067=CARTESIAN_POINT('Ctrl Pts',(387.296921985635,0.00799761165627369,
-71.5387805054703));
#6068=CARTESIAN_POINT('Ctrl Pts',(389.299997621172,-2.00306575120182,-70.9965281444169));
#6069=CARTESIAN_POINT('Ctrl Pts',(389.300405578646,-1.74019738148662,-71.0418118837833));
#6070=CARTESIAN_POINT('Ctrl Pts',(389.248336354616,-1.4774481918743,-71.0870796124562));
#6071=CARTESIAN_POINT('Ctrl Pts',(389.047572776709,-0.992762039258203,-71.1774549748965));
#6072=CARTESIAN_POINT('Ctrl Pts',(388.899333684796,-0.770906560050169,-71.2225546499087));
#6073=CARTESIAN_POINT('Ctrl Pts',(388.52909343995,-0.400666315203638,-71.3127539999331));
#6074=CARTESIAN_POINT('Ctrl Pts',(388.307237960742,-0.252427223291474,-71.3578536749452));
#6075=CARTESIAN_POINT('Ctrl Pts',(387.822551808126,-0.0516636453834531,
-71.4482290373856));
#6076=CARTESIAN_POINT('Ctrl Pts',(387.559802618513,0.000405578645872067,
-71.4934967660585));
#6077=CARTESIAN_POINT('Ctrl Pts',(387.296934248798,-2.37882841264745E-6,
-71.5387805054248));
#6078=CARTESIAN_POINT('Ctrl Pts',(388.499998572703,-2.00183943490248,-70.9965281489587));
#6079=CARTESIAN_POINT('Ctrl Pts',(388.500243347188,-1.84411977995988,-71.0418114958735));
#6080=CARTESIAN_POINT('Ctrl Pts',(388.46900181277,-1.68646891512458,-71.0870796124562));
#6081=CARTESIAN_POINT('Ctrl Pts',(388.348543666025,-1.39565722355492,-71.1774549748965));
#6082=CARTESIAN_POINT('Ctrl Pts',(388.259600210878,-1.2625439360301,-71.2225546499087));
#6083=CARTESIAN_POINT('Ctrl Pts',(388.03745606397,-1.04039978912218,-71.3127539999331));
#6084=CARTESIAN_POINT('Ctrl Pts',(387.904342776445,-0.951456333974886,-71.3578536749452));
#6085=CARTESIAN_POINT('Ctrl Pts',(387.613531084875,-0.830998187230072,-71.4482290373856));
#6086=CARTESIAN_POINT('Ctrl Pts',(387.45588022004,-0.799756652812475,-71.4934971539682));
#6087=CARTESIAN_POINT('Ctrl Pts',(387.298160565097,-0.800001427297046,-71.5387805008831));
#6088=CARTESIAN_POINT('Ctrl Pts',(388.491918582313,-2.00182704910786,-70.9965281490045));
#6089=CARTESIAN_POINT('Ctrl Pts',(388.49216170865,-1.84516939618446,-71.0418114919556));
#6090=CARTESIAN_POINT('Ctrl Pts',(388.461130533897,-1.6885800244294,-71.0870796124562));
#6091=CARTESIAN_POINT('Ctrl Pts',(388.341483472007,-1.39972646491631,-71.1774549748965));
#6092=CARTESIAN_POINT('Ctrl Pts',(388.253138902791,-1.2675094735275,-71.2225546499087));
#6093=CARTESIAN_POINT('Ctrl Pts',(388.032490526473,-1.04686109720876,-71.3127539999331));
#6094=CARTESIAN_POINT('Ctrl Pts',(387.900273535084,-0.958516527992789,-71.3578536749452));
#6095=CARTESIAN_POINT('Ctrl Pts',(387.611419975571,-0.838869466102723,-71.4482290373856));
#6096=CARTESIAN_POINT('Ctrl Pts',(387.454830603816,-0.807838291350205,-71.4934971578861));
#6097=CARTESIAN_POINT('Ctrl Pts',(387.298172950892,-0.808081417686579,-71.5387805008372));
#6098=CARTESIAN_POINT('',(387.3,4.33680868994202E-15,-71.538252374994));
#6099=CARTESIAN_POINT('',(387.3,-0.799999999999996,-71.538252374994));
#6100=CARTESIAN_POINT('',(387.3,-0.8,-71.538252374994));
#6101=CARTESIAN_POINT('Ctrl Pts',(388.5,-2.,-70.9970562748478));
#6102=CARTESIAN_POINT('Ctrl Pts',(388.5,-1.94916348719011,-71.0116521213453));
#6103=CARTESIAN_POINT('Ctrl Pts',(388.496765220004,-1.89832719525873,-71.0262479678428));
#6104=CARTESIAN_POINT('Ctrl Pts',(388.490321721267,-1.84790069073282,-71.0408438143404));
#6105=CARTESIAN_POINT('Ctrl Pts',(388.483878463663,-1.79747607329585,-71.055439114624));
#6106=CARTESIAN_POINT('Ctrl Pts',(388.474226783777,-1.74746165069,-71.0700344149075));
#6107=CARTESIAN_POINT('Ctrl Pts',(388.461444435312,-1.69826033790325,-71.0846297151911));
#6108=CARTESIAN_POINT('Ctrl Pts',(388.448662524828,-1.64906071097585,-71.0992245153737));
#6109=CARTESIAN_POINT('Ctrl Pts',(388.432750271636,-1.60067456550453,-71.1138193155564));
#6110=CARTESIAN_POINT('Ctrl Pts',(388.413835855701,-1.55349167246832,-71.128414115739));
#6111=CARTESIAN_POINT('Ctrl Pts',(388.394922028142,-1.50631024716391,-71.143008461917));
#6112=CARTESIAN_POINT('Ctrl Pts',(388.373006389164,-1.46033240918147,-71.157602808095));
#6113=CARTESIAN_POINT('Ctrl Pts',(388.348265467601,-1.41592850657259,-71.172197154273));
#6114=CARTESIAN_POINT('Ctrl Pts',(388.322409154841,-1.36952274958703,-71.1874494551363));
#6115=CARTESIAN_POINT('Ctrl Pts',(388.293466943906,-1.32483670526483,-71.2027017559997));
#6116=CARTESIAN_POINT('Ctrl Pts',(388.261693399341,-1.2822634148496,-71.2179540568631));
#6117=CARTESIAN_POINT('Ctrl Pts',(388.231284438844,-1.24151852710657,-71.2325513144497));
#6118=CARTESIAN_POINT('Ctrl Pts',(388.198282719765,-1.20270895770312,-71.2471485720363));
#6119=CARTESIAN_POINT('Ctrl Pts',(388.162954174301,-1.16614743925728,-71.261745829623));
#6120=CARTESIAN_POINT('Ctrl Pts',(388.127628668102,-1.12958906614832,-71.2763418314277));
#6121=CARTESIAN_POINT('Ctrl Pts',(388.089977043406,-1.09527867443984,-71.2909378332324));
#6122=CARTESIAN_POINT('Ctrl Pts',(388.050302649888,-1.06349269433091,-71.3055338350372));
#6123=CARTESIAN_POINT('Ctrl Pts',(388.010631168135,-1.03170904704498,-71.3201287656184));
#6124=CARTESIAN_POINT('Ctrl Pts',(387.968937559541,-1.00244971648804,-71.3347236961997));
#6125=CARTESIAN_POINT('Ctrl Pts',(387.925557689841,-0.97595040321241,-71.3493186267809));
#6126=CARTESIAN_POINT('Ctrl Pts',(387.882180455967,-0.949452700074556,-71.3639126705524));
#6127=CARTESIAN_POINT('Ctrl Pts',(387.83711754296,-0.92571490853932,-71.3785067143239));
#6128=CARTESIAN_POINT('Ctrl Pts',(387.790731914215,-0.904928226840249,-71.3931007580954));
#6129=CARTESIAN_POINT('Ctrl Pts',(387.744338867855,-0.884138221103581,-71.4076971356281));
#6130=CARTESIAN_POINT('Ctrl Pts',(387.696623085227,-0.866300451021625,-71.4222935131608));
#6131=CARTESIAN_POINT('Ctrl Pts',(387.647969020138,-0.851558638403994,-71.4368898906934));
#6132=CARTESIAN_POINT('Ctrl Pts',(387.599321869364,-0.836818920771816,-71.4514841939087));
#6133=CARTESIAN_POINT('Ctrl Pts',(387.549737125793,-0.825174407601378,-71.4660784971239));
#6134=CARTESIAN_POINT('Ctrl Pts',(387.499614188485,-0.816718894025823,-71.4806728003391));
#6135=CARTESIAN_POINT('Ctrl Pts',(387.449489279899,-0.808263047904593,-71.4952676775316));
#6136=CARTESIAN_POINT('Ctrl Pts',(387.398826570617,-0.802996526014073,-71.5098625547241));
#6137=CARTESIAN_POINT('Ctrl Pts',(387.348034174605,-0.800961752874418,-71.5244574319166));
#6138=CARTESIAN_POINT('Ctrl Pts',(387.332031340129,-0.800320669950441,-71.5290557462758));
#6139=CARTESIAN_POINT('Ctrl Pts',(387.316015670407,-0.799999999999996,-71.5336540606349));
#6140=CARTESIAN_POINT('Ctrl Pts',(387.3,-0.799999999999996,-71.538252374994));
#6141=CARTESIAN_POINT('Ctrl Pts',(389.3,-2.,-70.9970562748478));
#6142=CARTESIAN_POINT('Ctrl Pts',(389.3,-1.9254303140306,-71.0099022506587));
#6143=CARTESIAN_POINT('Ctrl Pts',(389.295825178666,-1.85086082249269,-71.0227482264696));
#6144=CARTESIAN_POINT('Ctrl Pts',(389.287501603582,-1.7767571372713,-71.0355942022805));
#6145=CARTESIAN_POINT('Ctrl Pts',(389.27917830403,-1.70265590507924,-71.0484397528554));
#6146=CARTESIAN_POINT('Ctrl Pts',(389.266706569079,-1.62902083472143,-71.0612853034303));
#6147=CARTESIAN_POINT('Ctrl Pts',(389.250164267091,-1.55631167317511,-71.0741308540052));
#6148=CARTESIAN_POINT('Ctrl Pts',(389.233622472231,-1.48360474062868,-71.086976010782));
#6149=CARTESIAN_POINT('Ctrl Pts',(389.213010446411,-1.41182403913554,-71.0998211675588));
#6150=CARTESIAN_POINT('Ctrl Pts',(389.188456874736,-1.34141771033275,-71.1126663243356));
#6151=CARTESIAN_POINT('Ctrl Pts',(389.163903995733,-1.27101336773911,-71.125511118742));
#6152=CARTESIAN_POINT('Ctrl Pts',(389.135409921484,-1.20198368723468,-71.1383559131484));
#6153=CARTESIAN_POINT('Ctrl Pts',(389.103152536321,-1.13475961099863,-71.1512007075549));
#6154=CARTESIAN_POINT('Ctrl Pts',(389.070895982284,-1.06753726682162,-71.1640451710093));
#6155=CARTESIAN_POINT('Ctrl Pts',(389.034876479594,-1.00212078416998,-71.1768896344637));
#6156=CARTESIAN_POINT('Ctrl Pts',(388.995318881164,-0.938918527553414,-71.1897340979181));
#6157=CARTESIAN_POINT('Ctrl Pts',(388.955762205245,-0.87571774485916,-71.2025782618304));
#6158=CARTESIAN_POINT('Ctrl Pts',(388.912667804946,-0.814731414221747,-71.2154224257426));
#6159=CARTESIAN_POINT('Ctrl Pts',(388.866304685932,-0.756340227060192,-71.2282665896549));
#6160=CARTESIAN_POINT('Ctrl Pts',(388.819681994241,-0.697622125811954,-71.241182664044));
#6161=CARTESIAN_POINT('Ctrl Pts',(388.769754088162,-0.641528649133314,-71.2540987384331));
#6162=CARTESIAN_POINT('Ctrl Pts',(388.716836122695,-0.588413870347432,-71.2670148128223));
#6163=CARTESIAN_POINT('Ctrl Pts',(388.664205295461,-0.535587297724684,-71.2798608032851));
#6164=CARTESIAN_POINT('Ctrl Pts',(388.608617079868,-0.485707429514357,-71.2927067937479));
#6165=CARTESIAN_POINT('Ctrl Pts',(388.550418569508,-0.439085716309227,-71.3055527842107));
#6166=CARTESIAN_POINT('Ctrl Pts',(388.492223779277,-0.392466983228379,-71.3183979535401));
#6167=CARTESIAN_POINT('Ctrl Pts',(388.431419331747,-0.349106231269566,-71.3312431228695));
#6168=CARTESIAN_POINT('Ctrl Pts',(388.368384842292,-0.309274171025893,-71.3440882921988));
#6169=CARTESIAN_POINT('Ctrl Pts',(388.305353765413,-0.269444267219318,-71.3569327661135));
#6170=CARTESIAN_POINT('Ctrl Pts',(388.240093216878,-0.233142880290281,-71.3697772400282));
#6171=CARTESIAN_POINT('Ctrl Pts',(388.173010588437,-0.200596623189723,-71.3826217139429));
#6172=CARTESIAN_POINT('Ctrl Pts',(388.10527644145,-0.16773427098971,-71.3955909356972));
#6173=CARTESIAN_POINT('Ctrl Pts',(388.035684974017,-0.138700596930596,-71.4085601574514));
#6174=CARTESIAN_POINT('Ctrl Pts',(387.964679077099,-0.113680375846342,-71.4215293792057));
#6175=CARTESIAN_POINT('Ctrl Pts',(387.894352281006,-0.0888994483070532,
-71.4343745632451));
#6176=CARTESIAN_POINT('Ctrl Pts',(387.822638381248,-0.0680556231959499,
-71.4472197472844));
#6177=CARTESIAN_POINT('Ctrl Pts',(387.749985104301,-0.0512790333382942,
-71.4600649313238));
#6178=CARTESIAN_POINT('Ctrl Pts',(387.676279478113,-0.0342594423064628,
-71.4730961719355));
#6179=CARTESIAN_POINT('Ctrl Pts',(387.601607433883,-0.0214259827751471,
-71.4861274125472));
#6180=CARTESIAN_POINT('Ctrl Pts',(387.526448743291,-0.0128611103745875,
-71.4991586531589));
#6181=CARTESIAN_POINT('Ctrl Pts',(387.4512900527,-0.00429623797402782,-71.5121898937706));
#6182=CARTESIAN_POINT('Ctrl Pts',(387.375645130779,3.99680288865056E-15,
-71.5252211343823));
#6183=CARTESIAN_POINT('Ctrl Pts',(387.3,3.99680288865056E-15,-71.538252374994));
#6184=CARTESIAN_POINT('Origin',(387.3,-2.,-94.7));
#6185=CARTESIAN_POINT('',(387.3,-0.799999999999996,-94.7));
#6186=CARTESIAN_POINT('Origin',(387.3,-2.,-94.7));
#6187=CARTESIAN_POINT('',(387.3,4.21994522018726E-15,-94.7));
#6188=CARTESIAN_POINT('',(387.3,-0.8,-94.7));
#6189=CARTESIAN_POINT('Origin',(387.3,-2.,-94.7));
#6190=CARTESIAN_POINT('',(388.5,-2.,-94.7));
#6191=CARTESIAN_POINT('Origin',(387.3,-2.,-94.7));
#6192=CARTESIAN_POINT('',(387.3,4.22838847269347E-15,-70.9970562748478));
#6193=CARTESIAN_POINT('Origin',(387.3,-2.,-94.7));
#6194=CARTESIAN_POINT('',(387.3,-0.799999999999996,-70.9970562748478));
#6195=CARTESIAN_POINT('Origin',(2.79318507107924E-15,1.35644533799661E-12,
0.));
#6196=CARTESIAN_POINT('',(369.3,6.69546209349154E-14,-78.9940964977098));
#6197=CARTESIAN_POINT('',(387.3,4.21873575617307E-15,-71.538252374994));
#6198=CARTESIAN_POINT('',(369.3,6.70412795618449E-14,-94.7));
#6199=CARTESIAN_POINT('',(2.79318507107924E-15,1.35644533799661E-12,-94.7));
#6200=CARTESIAN_POINT('',(369.3,6.70412795618449E-14,0.));
#6201=CARTESIAN_POINT('',(379.849999999995,-1.32623918655955E-12,-83.0499999999998));
#6202=CARTESIAN_POINT('',(379.849999999995,3.02061514370662E-14,-87.3499999999997));
#6203=CARTESIAN_POINT('Origin',(379.849999999995,-1.32494718418645E-12,
-85.1999999999997));
#6204=CARTESIAN_POINT('',(376.149999999995,-1.31202870323273E-12,-83.0499999999998));
#6205=CARTESIAN_POINT('',(376.149999999995,-1.31332070560583E-12,-83.0499999999998));
#6206=CARTESIAN_POINT('',(376.149999999995,-1.31202870323273E-12,-87.3499999999997));
#6207=CARTESIAN_POINT('Origin',(376.149999999995,-1.31202870323273E-12,
-85.1999999999997));
#6208=CARTESIAN_POINT('',(376.149999999995,-1.31202870323273E-12,-87.3499999999997));
#6209=CARTESIAN_POINT('Origin',(4.73598669349181E-27,-0.799999999998644,
0.));
#6210=CARTESIAN_POINT('',(369.3,-0.799999999999933,-78.9940964977098));
#6211=CARTESIAN_POINT('',(82.0113635075226,-0.79999999999893,-197.992946048569));
#6212=CARTESIAN_POINT('',(369.3,-0.799999999999933,-94.7));
#6213=CARTESIAN_POINT('',(369.3,-0.799999999999933,-70.9970562748478));
#6214=CARTESIAN_POINT('',(369.3,-0.799999999999933,-94.7));
#6215=CARTESIAN_POINT('',(376.149999999995,-0.799999999999963,-87.3499999999997));
#6216=CARTESIAN_POINT('',(379.849999999995,-0.799999999999963,-87.3499999999997));
#6217=CARTESIAN_POINT('',(4.73598669349181E-27,-0.799999999998644,-87.3499999999997));
#6218=CARTESIAN_POINT('',(376.149999999995,-0.799999999999963,-83.0499999999998));
#6219=CARTESIAN_POINT('Origin',(376.149999999995,-0.799999999999957,-85.1999999999997));
#6220=CARTESIAN_POINT('',(379.849999999995,-0.79999999999997,-83.0499999999998));
#6221=CARTESIAN_POINT('',(4.73598669349181E-27,-0.799999999998644,-83.0499999999998));
#6222=CARTESIAN_POINT('Origin',(379.849999999995,-0.79999999999997,-85.1999999999997));
#6223=CARTESIAN_POINT('Origin',(369.3,6.70036942596042E-14,-70.9970562748478));
#6224=CARTESIAN_POINT('',(369.3,6.65140167740251E-14,-78.9940964977098));
#6225=CARTESIAN_POINT('',(369.3,6.70036942596042E-14,-94.7));
#6226=CARTESIAN_POINT('Origin',(369.3,6.70036942596042E-14,-94.7));
#6227=CARTESIAN_POINT('Origin',(387.3,4.21873575617307E-15,-71.538252374994));
#6228=CARTESIAN_POINT('Origin',(387.3,-161.,-94.7));
#6229=CARTESIAN_POINT('',(387.3,-162.2,-94.7));
#6230=CARTESIAN_POINT('',(387.3,-163.,-94.7));
#6231=CARTESIAN_POINT('Origin',(387.3,-161.,-94.7));
#6232=CARTESIAN_POINT('',(388.5,-161.,-94.7));
#6233=CARTESIAN_POINT('Origin',(387.3,-161.,-94.7));
#6234=CARTESIAN_POINT('Ctrl Pts',(387.296921985635,-163.007997611656,-71.5387805054702));
#6235=CARTESIAN_POINT('Ctrl Pts',(387.560841842498,-163.00840720096,-71.4934967621793));
#6236=CARTESIAN_POINT('Ctrl Pts',(387.824642015358,-162.956129700035,-71.4482290373856));
#6237=CARTESIAN_POINT('Ctrl Pts',(388.311266912585,-162.754563067815,-71.3578536749452));
#6238=CARTESIAN_POINT('Ctrl Pts',(388.53400981371,-162.605731019536,-71.312753999933));
#6239=CARTESIAN_POINT('Ctrl Pts',(388.905731019535,-162.23400981371,-71.2225546499087));
#6240=CARTESIAN_POINT('Ctrl Pts',(389.054563067815,-162.011266912585,-71.1774549748965));
#6241=CARTESIAN_POINT('Ctrl Pts',(389.256129700035,-161.524642015358,-71.0870796124562));
#6242=CARTESIAN_POINT('Ctrl Pts',(389.30840720096,-161.260841842498,-71.0418118876623));
#6243=CARTESIAN_POINT('Ctrl Pts',(389.307997611656,-160.996921985635,-70.9965281443715));
#6244=CARTESIAN_POINT('Ctrl Pts',(387.296934248798,-162.999997621172,-71.5387805054248));
#6245=CARTESIAN_POINT('Ctrl Pts',(387.559802618514,-163.000405578646,-71.4934967660584));
#6246=CARTESIAN_POINT('Ctrl Pts',(387.822551808126,-162.948336354617,-71.4482290373856));
#6247=CARTESIAN_POINT('Ctrl Pts',(388.307237960742,-162.747572776709,-71.3578536749452));
#6248=CARTESIAN_POINT('Ctrl Pts',(388.52909343995,-162.599333684796,-71.312753999933));
#6249=CARTESIAN_POINT('Ctrl Pts',(388.899333684796,-162.22909343995,-71.2225546499087));
#6250=CARTESIAN_POINT('Ctrl Pts',(389.047572776709,-162.007237960742,-71.1774549748965));
#6251=CARTESIAN_POINT('Ctrl Pts',(389.248336354617,-161.522551808126,-71.0870796124562));
#6252=CARTESIAN_POINT('Ctrl Pts',(389.300405578646,-161.259802618513,-71.0418118837832));
#6253=CARTESIAN_POINT('Ctrl Pts',(389.299997621172,-160.996934248798,-70.9965281444169));
#6254=CARTESIAN_POINT('Ctrl Pts',(387.298160565097,-162.199998572703,-71.538780500883));
#6255=CARTESIAN_POINT('Ctrl Pts',(387.45588022004,-162.200243347187,-71.4934971539682));
#6256=CARTESIAN_POINT('Ctrl Pts',(387.613531084875,-162.16900181277,-71.4482290373856));
#6257=CARTESIAN_POINT('Ctrl Pts',(387.904342776445,-162.048543666025,-71.3578536749452));
#6258=CARTESIAN_POINT('Ctrl Pts',(388.03745606397,-161.959600210878,-71.312753999933));
#6259=CARTESIAN_POINT('Ctrl Pts',(388.259600210878,-161.73745606397,-71.2225546499087));
#6260=CARTESIAN_POINT('Ctrl Pts',(388.348543666025,-161.604342776445,-71.1774549748965));
#6261=CARTESIAN_POINT('Ctrl Pts',(388.46900181277,-161.313531084875,-71.0870796124562));
#6262=CARTESIAN_POINT('Ctrl Pts',(388.500243347187,-161.15588022004,-71.0418114958735));
#6263=CARTESIAN_POINT('Ctrl Pts',(388.499998572703,-160.998160565098,-70.9965281489587));
#6264=CARTESIAN_POINT('Ctrl Pts',(387.298172950892,-162.191918582313,-71.5387805008372));
#6265=CARTESIAN_POINT('Ctrl Pts',(387.454830603816,-162.19216170865,-71.4934971578861));
#6266=CARTESIAN_POINT('Ctrl Pts',(387.611419975571,-162.161130533897,-71.4482290373856));
#6267=CARTESIAN_POINT('Ctrl Pts',(387.900273535084,-162.041483472007,-71.3578536749452));
#6268=CARTESIAN_POINT('Ctrl Pts',(388.032490526473,-161.953138902791,-71.312753999933));
#6269=CARTESIAN_POINT('Ctrl Pts',(388.253138902791,-161.732490526473,-71.2225546499087));
#6270=CARTESIAN_POINT('Ctrl Pts',(388.341483472007,-161.600273535084,-71.1774549748965));
#6271=CARTESIAN_POINT('Ctrl Pts',(388.461130533897,-161.311419975571,-71.0870796124562));
#6272=CARTESIAN_POINT('Ctrl Pts',(388.49216170865,-161.154830603816,-71.0418114919556));
#6273=CARTESIAN_POINT('Ctrl Pts',(388.491918582313,-160.998172950892,-70.9965281490045));
#6274=CARTESIAN_POINT('',(387.3,-162.2,-71.538252374994));
#6275=CARTESIAN_POINT('Ctrl Pts',(387.3,-162.2,-71.538252374994));
#6276=CARTESIAN_POINT('Ctrl Pts',(387.35083651281,-162.2,-71.5236565284964));
#6277=CARTESIAN_POINT('Ctrl Pts',(387.401672804741,-162.196765220004,-71.5090606819989));
#6278=CARTESIAN_POINT('Ctrl Pts',(387.452099309267,-162.190321721267,-71.4944648355014));
#6279=CARTESIAN_POINT('Ctrl Pts',(387.502523926704,-162.183878463663,-71.4798695352178));
#6280=CARTESIAN_POINT('Ctrl Pts',(387.55253834931,-162.174226783777,-71.4652742349342));
#6281=CARTESIAN_POINT('Ctrl Pts',(387.601739662097,-162.161444435312,-71.4506789346506));
#6282=CARTESIAN_POINT('Ctrl Pts',(387.650939289024,-162.148662524828,-71.436084134468));
#6283=CARTESIAN_POINT('Ctrl Pts',(387.699325434495,-162.132750271636,-71.4214893342854));
#6284=CARTESIAN_POINT('Ctrl Pts',(387.746508327532,-162.113835855701,-71.4068945341027));
#6285=CARTESIAN_POINT('Ctrl Pts',(387.793689752836,-162.094922028142,-71.3923001879247));
#6286=CARTESIAN_POINT('Ctrl Pts',(387.839667590818,-162.073006389164,-71.3777058417468));
#6287=CARTESIAN_POINT('Ctrl Pts',(387.884071493427,-162.048265467601,-71.3631114955688));
#6288=CARTESIAN_POINT('Ctrl Pts',(387.930477250413,-162.022409154841,-71.3478591947054));
#6289=CARTESIAN_POINT('Ctrl Pts',(387.975163294735,-161.993466943906,-71.332606893842));
#6290=CARTESIAN_POINT('Ctrl Pts',(388.01773658515,-161.961693399341,-71.3173545929786));
#6291=CARTESIAN_POINT('Ctrl Pts',(388.058481472893,-161.931284438844,-71.302757335392));
#6292=CARTESIAN_POINT('Ctrl Pts',(388.097291042297,-161.898282719765,-71.2881600778054));
#6293=CARTESIAN_POINT('Ctrl Pts',(388.133852560743,-161.862954174301,-71.2735628202188));
#6294=CARTESIAN_POINT('Ctrl Pts',(388.170410933852,-161.827628668102,-71.258966818414));
#6295=CARTESIAN_POINT('Ctrl Pts',(388.20472132556,-161.789977043406,-71.2443708166093));
#6296=CARTESIAN_POINT('Ctrl Pts',(388.236507305669,-161.750302649888,-71.2297748148046));
#6297=CARTESIAN_POINT('Ctrl Pts',(388.268290952955,-161.710631168135,-71.2151798842233));
#6298=CARTESIAN_POINT('Ctrl Pts',(388.297550283512,-161.668937559541,-71.2005849536421));
#6299=CARTESIAN_POINT('Ctrl Pts',(388.324049596788,-161.625557689841,-71.1859900230608));
#6300=CARTESIAN_POINT('Ctrl Pts',(388.350547299925,-161.582180455967,-71.1713959792893));
#6301=CARTESIAN_POINT('Ctrl Pts',(388.374285091461,-161.53711754296,-71.1568019355178));
#6302=CARTESIAN_POINT('Ctrl Pts',(388.39507177316,-161.490731914215,-71.1422078917463));
#6303=CARTESIAN_POINT('Ctrl Pts',(388.415861778896,-161.444338867856,-71.1276115142137));
#6304=CARTESIAN_POINT('Ctrl Pts',(388.433699548978,-161.396623085227,-71.113015136681));
#6305=CARTESIAN_POINT('Ctrl Pts',(388.448441361596,-161.347969020138,-71.0984187591484));
#6306=CARTESIAN_POINT('Ctrl Pts',(388.463181079228,-161.299321869364,-71.0838244559331));
#6307=CARTESIAN_POINT('Ctrl Pts',(388.474825592399,-161.249737125793,-71.0692301527179));
#6308=CARTESIAN_POINT('Ctrl Pts',(388.483281105974,-161.199614188485,-71.0546358495026));
#6309=CARTESIAN_POINT('Ctrl Pts',(388.491736952095,-161.149489279899,-71.0400409723101));
#6310=CARTESIAN_POINT('Ctrl Pts',(388.497003473986,-161.098826570617,-71.0254460951176));
#6311=CARTESIAN_POINT('Ctrl Pts',(388.499038247126,-161.048034174605,-71.0108512179251));
#6312=CARTESIAN_POINT('Ctrl Pts',(388.49967933005,-161.032031340129,-71.006252903566));
#6313=CARTESIAN_POINT('Ctrl Pts',(388.5,-161.016015670407,-71.0016545892069));
#6314=CARTESIAN_POINT('Ctrl Pts',(388.5,-161.,-70.9970562748478));
#6315=CARTESIAN_POINT('',(387.3,-162.2,-71.538252374994));
#6316=CARTESIAN_POINT('Ctrl Pts',(387.3,-163.,-71.538252374994));
#6317=CARTESIAN_POINT('Ctrl Pts',(387.374569685969,-163.,-71.525406399183));
#6318=CARTESIAN_POINT('Ctrl Pts',(387.449139177507,-162.995825178666,-71.5125604233721));
#6319=CARTESIAN_POINT('Ctrl Pts',(387.523242862729,-162.987501603582,-71.4997144475612));
#6320=CARTESIAN_POINT('Ctrl Pts',(387.597344094921,-162.97917830403,-71.4868688969863));
#6321=CARTESIAN_POINT('Ctrl Pts',(387.670979165279,-162.966706569079,-71.4740233464114));
#6322=CARTESIAN_POINT('Ctrl Pts',(387.743688326825,-162.950164267091,-71.4611777958365));
#6323=CARTESIAN_POINT('Ctrl Pts',(387.816395259371,-162.933622472231,-71.4483326390597));
#6324=CARTESIAN_POINT('Ctrl Pts',(387.888175960864,-162.913010446411,-71.4354874822829));
#6325=CARTESIAN_POINT('Ctrl Pts',(387.958582289667,-162.888456874736,-71.4226423255061));
#6326=CARTESIAN_POINT('Ctrl Pts',(388.028986632261,-162.863903995733,-71.4097975310997));
#6327=CARTESIAN_POINT('Ctrl Pts',(388.098016312765,-162.835409921485,-71.3969527366933));
#6328=CARTESIAN_POINT('Ctrl Pts',(388.165240389001,-162.803152536321,-71.3841079422869));
#6329=CARTESIAN_POINT('Ctrl Pts',(388.232462733178,-162.770895982284,-71.3712634788324));
#6330=CARTESIAN_POINT('Ctrl Pts',(388.29787921583,-162.734876479594,-71.358419015378));
#6331=CARTESIAN_POINT('Ctrl Pts',(388.361081472447,-162.695318881164,-71.3455745519236));
#6332=CARTESIAN_POINT('Ctrl Pts',(388.424282255141,-162.655762205245,-71.3327303880113));
#6333=CARTESIAN_POINT('Ctrl Pts',(388.485268585778,-162.612667804946,-71.3198862240991));
#6334=CARTESIAN_POINT('Ctrl Pts',(388.54365977294,-162.566304685932,-71.3070420601868));
#6335=CARTESIAN_POINT('Ctrl Pts',(388.602377874188,-162.519681994241,-71.2941259857977));
#6336=CARTESIAN_POINT('Ctrl Pts',(388.658471350867,-162.469754088162,-71.2812099114086));
#6337=CARTESIAN_POINT('Ctrl Pts',(388.711586129653,-162.416836122695,-71.2682938370195));
#6338=CARTESIAN_POINT('Ctrl Pts',(388.764412702275,-162.364205295461,-71.2554478465566));
#6339=CARTESIAN_POINT('Ctrl Pts',(388.814292570486,-162.308617079868,-71.2426018560938));
#6340=CARTESIAN_POINT('Ctrl Pts',(388.860914283691,-162.250418569508,-71.229755865631));
#6341=CARTESIAN_POINT('Ctrl Pts',(388.907533016772,-162.192223779277,-71.2169106963016));
#6342=CARTESIAN_POINT('Ctrl Pts',(388.95089376873,-162.131419331747,-71.2040655269723));
#6343=CARTESIAN_POINT('Ctrl Pts',(388.990725828974,-162.068384842292,-71.1912203576429));
#6344=CARTESIAN_POINT('Ctrl Pts',(389.030555732781,-162.005353765413,-71.1783758837282));
#6345=CARTESIAN_POINT('Ctrl Pts',(389.06685711971,-161.940093216878,-71.1655314098135));
#6346=CARTESIAN_POINT('Ctrl Pts',(389.09940337681,-161.873010588437,-71.1526869358988));
#6347=CARTESIAN_POINT('Ctrl Pts',(389.13226572901,-161.80527644145,-71.1397177141446));
#6348=CARTESIAN_POINT('Ctrl Pts',(389.161299403069,-161.735684974016,-71.1267484923903));
#6349=CARTESIAN_POINT('Ctrl Pts',(389.186319624154,-161.664679077099,-71.1137792706361));
#6350=CARTESIAN_POINT('Ctrl Pts',(389.211100551693,-161.594352281006,-71.1009340865967));
#6351=CARTESIAN_POINT('Ctrl Pts',(389.231944376804,-161.522638381248,-71.0880889025573));
#6352=CARTESIAN_POINT('Ctrl Pts',(389.248720966662,-161.449985104301,-71.0752437185179));
#6353=CARTESIAN_POINT('Ctrl Pts',(389.265740557694,-161.376279478113,-71.0622124779062));
#6354=CARTESIAN_POINT('Ctrl Pts',(389.278574017225,-161.301607433883,-71.0491812372945));
#6355=CARTESIAN_POINT('Ctrl Pts',(389.287138889625,-161.226448743291,-71.0361499966828));
#6356=CARTESIAN_POINT('Ctrl Pts',(389.295703762026,-161.1512900527,-71.0231187560711));
#6357=CARTESIAN_POINT('Ctrl Pts',(389.3,-161.075645130779,-71.0100875154594));
#6358=CARTESIAN_POINT('Ctrl Pts',(389.3,-161.,-70.9970562748478));
#6359=CARTESIAN_POINT('Origin',(387.3,-161.,-70.9970562748478));
#6360=CARTESIAN_POINT('Origin',(387.3,-161.,-70.9970562748478));
#6361=CARTESIAN_POINT('',(387.3,-162.2,-94.7));
#6362=CARTESIAN_POINT('Origin',(4.71266544307036E-13,-162.200000000001,
0.));
#6363=CARTESIAN_POINT('',(369.3,-162.2,-78.9940964977097));
#6364=CARTESIAN_POINT('',(369.3,-162.2,-94.7));
#6365=CARTESIAN_POINT('',(369.3,-162.2,-94.7));
#6366=CARTESIAN_POINT('',(82.0113635075231,-162.200000000001,-197.992946048569));
#6367=CARTESIAN_POINT('',(388.5,-162.2,-94.7));
#6368=CARTESIAN_POINT('',(379.849999999995,-162.2,-83.0499999999998));
#6369=CARTESIAN_POINT('',(379.849999999995,-162.2,-87.3499999999997));
#6370=CARTESIAN_POINT('Origin',(379.849999999995,-162.2,-85.1999999999997));
#6371=CARTESIAN_POINT('',(376.149999999995,-162.2,-83.0499999999998));
#6372=CARTESIAN_POINT('',(4.71266544307036E-13,-162.200000000001,-83.0499999999998));
#6373=CARTESIAN_POINT('',(376.149999999995,-162.2,-87.3499999999997));
#6374=CARTESIAN_POINT('Origin',(376.149999999995,-162.2,-85.1999999999997));
#6375=CARTESIAN_POINT('',(4.71266544307036E-13,-162.200000000001,-87.3499999999997));
#6376=CARTESIAN_POINT('Origin',(369.3,-163.,-94.7));
#6377=CARTESIAN_POINT('',(369.3,-163.,-78.9940964977097));
#6378=CARTESIAN_POINT('',(369.3,-163.,-94.7));
#6379=CARTESIAN_POINT('Origin',(388.5,-163.,-94.7));
#6380=CARTESIAN_POINT('Origin',(360.189108867225,-163.,-82.7679511702101));
#6381=CARTESIAN_POINT('Ctrl Pts',(388.720242172449,-160.996921985635,-69.5775609916808));
#6382=CARTESIAN_POINT('Ctrl Pts',(388.688511353865,-161.260841842498,-69.5452509263478));
#6383=CARTESIAN_POINT('Ctrl Pts',(388.619536463287,-161.524642015358,-69.550207586585));
#6384=CARTESIAN_POINT('Ctrl Pts',(388.41310229915,-162.011266912584,-69.6288316874547));
#6385=CARTESIAN_POINT('Ctrl Pts',(388.275971862523,-162.234009813709,-69.7021815520207));
#6386=CARTESIAN_POINT('Ctrl Pts',(387.949344705112,-162.605731019535,-69.9012475653101));
#6387=CARTESIAN_POINT('Ctrl Pts',(387.759951403235,-162.754563067815,-70.0268602951262));
#6388=CARTESIAN_POINT('Ctrl Pts',(387.351950606878,-162.956129700035,-70.3070510282155));
#6389=CARTESIAN_POINT('Ctrl Pts',(387.1334066006,-163.00840720096,-70.4615768041525));
#6390=CARTESIAN_POINT('Ctrl Pts',(386.914766638164,-163.007997611656,-70.6161758826715));
#6391=CARTESIAN_POINT('Ctrl Pts',(388.714585324896,-160.996934248798,-69.5832178391698));
#6392=CARTESIAN_POINT('Ctrl Pts',(388.682853355209,-161.259802618513,-69.5509089304899));
#6393=CARTESIAN_POINT('Ctrl Pts',(388.614025735893,-161.522551808125,-69.5557183139786));
#6394=CARTESIAN_POINT('Ctrl Pts',(388.408159416906,-162.007237960742,-69.6337745696988));
#6395=CARTESIAN_POINT('Ctrl Pts',(388.271448263747,-162.22909343995,-69.7067051507963));
#6396=CARTESIAN_POINT('Ctrl Pts',(387.945868303887,-162.599333684796,-69.9047239665345));
#6397=CARTESIAN_POINT('Ctrl Pts',(387.757102504066,-162.747572776708,-70.0297091942954));
#6398=CARTESIAN_POINT('Ctrl Pts',(387.35047260717,-162.948336354616,-70.3085290279236));
#6399=CARTESIAN_POINT('Ctrl Pts',(387.13267175553,-163.000405578646,-70.4623116437363));
#6400=CARTESIAN_POINT('Ctrl Pts',(386.914775309562,-162.999997621172,-70.6161672113379));
#6401=CARTESIAN_POINT('Ctrl Pts',(388.148900569569,-160.998160565097,-70.1489025880732));
#6402=CARTESIAN_POINT('Ctrl Pts',(388.117053489589,-161.15588022004,-70.116709344697));
#6403=CARTESIAN_POINT('Ctrl Pts',(388.062952996541,-161.313531084875,-70.1067910533312));
#6404=CARTESIAN_POINT('Ctrl Pts',(387.913871192495,-161.604342776445,-70.1280627941099));
#6405=CARTESIAN_POINT('Ctrl Pts',(387.819088386187,-161.73745606397,-70.1590650283562));
#6406=CARTESIAN_POINT('Ctrl Pts',(387.598228181447,-161.959600210878,-70.2523640889748));
#6407=CARTESIAN_POINT('Ctrl Pts',(387.472212587142,-162.048543666025,-70.3145991112191));
#6408=CARTESIAN_POINT('Ctrl Pts',(387.202672636351,-162.16900181277,-70.4563289987426));
#6409=CARTESIAN_POINT('Ctrl Pts',(387.059187248559,-162.200243347187,-70.5357956021203));
#6410=CARTESIAN_POINT('Ctrl Pts',(386.915642449344,-162.199998572703,-70.6153000779784));
#6411=CARTESIAN_POINT('Ctrl Pts',(388.143187153541,-160.998172950892,-70.1546160040372));
#6412=CARTESIAN_POINT('Ctrl Pts',(388.111338910946,-161.154830603815,-70.1224239288805));
#6413=CARTESIAN_POINT('Ctrl Pts',(388.057387161873,-161.31141997557,-70.1123568879987));
#6414=CARTESIAN_POINT('Ctrl Pts',(387.908878881428,-161.600273535084,-70.1330551051764));
#6415=CARTESIAN_POINT('Ctrl Pts',(387.814519551424,-161.732490526472,-70.1636338631196));
#6416=CARTESIAN_POINT('Ctrl Pts',(387.59471701621,-161.953138902791,-70.2558752542114));
#6417=CARTESIAN_POINT('Ctrl Pts',(387.469335198981,-162.041483472007,-70.3174764993801));
#6418=CARTESIAN_POINT('Ctrl Pts',(387.201179856646,-162.161130533897,-70.4578217784479));
#6419=CARTESIAN_POINT('Ctrl Pts',(387.058445055038,-162.19216170865,-70.5365377901));
#6420=CARTESIAN_POINT('Ctrl Pts',(386.915651207456,-162.191918582313,-70.6152913199315));
#6421=CARTESIAN_POINT('',(386.917316567635,-163.,-70.614372842483));
#6422=CARTESIAN_POINT('',(386.917316567635,-162.2,-70.614372842483));
#6423=CARTESIAN_POINT('',(386.917316567635,-162.2,-70.6143728424827));
#6424=CARTESIAN_POINT('Ctrl Pts',(388.148528137424,-161.,-70.1485281374243));
#6425=CARTESIAN_POINT('Ctrl Pts',(388.138207315388,-161.05083651281,-70.1382073153888));
#6426=CARTESIAN_POINT('Ctrl Pts',(388.125599158481,-161.101672804741,-70.1301738282242));
#6427=CARTESIAN_POINT('Ctrl Pts',(388.110722094795,-161.152099309267,-70.1244092478398));
#6428=CARTESIAN_POINT('Ctrl Pts',(388.095845587846,-161.202523926704,-70.1186448831808));
#6429=CARTESIAN_POINT('Ctrl Pts',(388.078700383745,-161.25253834931,-70.1151492156737));
#6430=CARTESIAN_POINT('Ctrl Pts',(388.059341462662,-161.301739662097,-70.1138672651489));
#6431=CARTESIAN_POINT('Ctrl Pts',(388.039983204903,-161.350939289024,-70.1125853585495));
#6432=CARTESIAN_POINT('Ctrl Pts',(388.018411460587,-161.399325434495,-70.1135169385068));
#6433=CARTESIAN_POINT('Ctrl Pts',(387.994716866638,-161.446508327532,-70.1165713680972));
#6434=CARTESIAN_POINT('Ctrl Pts',(387.971023009764,-161.493689752836,-70.1196257026726));
#6435=CARTESIAN_POINT('Ctrl Pts',(387.945206551679,-161.539667590819,-70.1248026384587));
#6436=CARTESIAN_POINT('Ctrl Pts',(387.91739231712,-161.584071493427,-70.1319773507191));
#6437=CARTESIAN_POINT('Ctrl Pts',(387.888324137661,-161.630477250413,-70.1394755194392));
#6438=CARTESIAN_POINT('Ctrl Pts',(387.857073898677,-161.675163294735,-70.1491557476849));
#6439=CARTESIAN_POINT('Ctrl Pts',(387.823821604484,-161.71773658515,-70.1608380311395));
#6440=CARTESIAN_POINT('Ctrl Pts',(387.791997402481,-161.758481472893,-70.1720185934897));
#6441=CARTESIAN_POINT('Ctrl Pts',(387.758339843304,-161.797291042297,-70.1850325130149));
#6442=CARTESIAN_POINT('Ctrl Pts',(387.72303696941,-161.833852560743,-70.1996917472562));
#6443=CARTESIAN_POINT('Ctrl Pts',(387.687737132574,-161.870410933852,-70.2143497203838));
#6444=CARTESIAN_POINT('Ctrl Pts',(387.650792481575,-161.90472132556,-70.2306525076743));
#6445=CARTESIAN_POINT('Ctrl Pts',(387.612417517024,-161.936507305669,-70.2483856085166));
#6446=CARTESIAN_POINT('Ctrl Pts',(387.574045368872,-161.968290952955,-70.2661174078987));
#6447=CARTESIAN_POINT('Ctrl Pts',(387.534243361118,-161.997550283512,-70.2852790668828));
#6448=CARTESIAN_POINT('Ctrl Pts',(387.493248986701,-162.024049596788,-70.3056330925296));
#6449=CARTESIAN_POINT('Ctrl Pts',(387.452257103164,-162.050547299925,-70.3259858814355));
#6450=CARTESIAN_POINT('Ctrl Pts',(387.410073264481,-162.074285091461,-70.3475306254867));
#6451=CARTESIAN_POINT('Ctrl Pts',(387.36695412453,-162.09507177316,-70.3700106708064));
#6452=CARTESIAN_POINT('Ctrl Pts',(387.323828089315,-162.115861778896,-70.3924943109527));
#6453=CARTESIAN_POINT('Ctrl Pts',(387.279766738315,-162.133699548978,-70.4159132668847));
#6454=CARTESIAN_POINT('Ctrl Pts',(387.235041921424,-162.148441361596,-70.4399956887078));
#6455=CARTESIAN_POINT('Ctrl Pts',(387.190323460456,-162.163181079228,-70.4640746881348));
#6456=CARTESIAN_POINT('Ctrl Pts',(387.144942021263,-162.174825592399,-70.4888166657871));
#6457=CARTESIAN_POINT('Ctrl Pts',(387.09918002163,-162.183281105974,-70.5139392038806));
#6458=CARTESIAN_POINT('Ctrl Pts',(387.053416222229,-162.191736952095,-70.5390627300147));
#6459=CARTESIAN_POINT('Ctrl Pts',(387.007272140309,-162.197003473986,-70.5645665386675));
#6460=CARTESIAN_POINT('Ctrl Pts',(386.961036356023,-162.199038247126,-70.590162049687));
#6461=CARTESIAN_POINT('Ctrl Pts',(386.946469143981,-162.19967933005,-70.5982262631982));
#6462=CARTESIAN_POINT('Ctrl Pts',(386.93189285605,-162.2,-70.6062995525981));
#6463=CARTESIAN_POINT('Ctrl Pts',(386.917316567635,-162.2,-70.6143728424831));
#6464=CARTESIAN_POINT('Ctrl Pts',(388.714213562373,-161.,-69.5828427124751));
#6465=CARTESIAN_POINT('Ctrl Pts',(388.705130085766,-161.074569685969,-69.5737592358682));
#6466=CARTESIAN_POINT('Ctrl Pts',(388.693094564684,-161.149139177507,-69.5676278037367));
#6467=CARTESIAN_POINT('Ctrl Pts',(388.678125431691,-161.223242862729,-69.5644299835157));
#6468=CARTESIAN_POINT('Ctrl Pts',(388.663156794216,-161.297344094921,-69.561232269151));
#6469=CARTESIAN_POINT('Ctrl Pts',(388.64525476994,-161.370979165279,-69.5609679415888));
#6470=CARTESIAN_POINT('Ctrl Pts',(388.624474420108,-161.443688326825,-69.5635819395809));
#6471=CARTESIAN_POINT('Ctrl Pts',(388.603694707327,-161.516395259371,-69.5661958574374));
#6472=CARTESIAN_POINT('Ctrl Pts',(388.580036906634,-161.588175960864,-69.5716878632062));
#6473=CARTESIAN_POINT('Ctrl Pts',(388.553592012137,-161.658582289667,-69.579966962778));
#6474=CARTESIAN_POINT('Ctrl Pts',(388.527147863669,-161.728986632261,-69.588245828791));
#6475=CARTESIAN_POINT('Ctrl Pts',(388.497916869317,-161.798016312765,-69.5993115406878));
#6476=CARTESIAN_POINT('Ctrl Pts',(388.466024812297,-161.865240389001,-69.6130383152526));
#6477=CARTESIAN_POINT('Ctrl Pts',(388.43413357699,-161.932462733178,-69.6267647361407));
#6478=CARTESIAN_POINT('Ctrl Pts',(388.399581535174,-161.99787921583,-69.643151963538));
#6479=CARTESIAN_POINT('Ctrl Pts',(388.362527681867,-162.061081472447,-69.6620410024263));
#6480=CARTESIAN_POINT('Ctrl Pts',(388.325474692683,-162.124282255141,-69.6809296008086));
#6481=CARTESIAN_POINT('Ctrl Pts',(388.285920154599,-162.185268585778,-69.7023197480901));
#6482=CARTESIAN_POINT('Ctrl Pts',(388.244054283346,-162.24365977294,-69.7260212285413));
#6483=CARTESIAN_POINT('Ctrl Pts',(388.201954018107,-162.302377874188,-69.7498554062061));
#6484=CARTESIAN_POINT('Ctrl Pts',(388.157516613362,-162.358471350867,-69.776026723378));
#6485=CARTESIAN_POINT('Ctrl Pts',(388.110964917346,-162.411586129653,-69.8043123318197));
#6486=CARTESIAN_POINT('Ctrl Pts',(388.064665815543,-162.464412702275,-69.8324444596885));
#6487=CARTESIAN_POINT('Ctrl Pts',(388.016275524375,-162.514292570486,-69.8626677769214));
#6488=CARTESIAN_POINT('Ctrl Pts',(387.966039476077,-162.560914283691,-69.8947368512846));
#6489=CARTESIAN_POINT('Ctrl Pts',(387.915806638937,-162.607533016772,-69.9268038757484));
#6490=CARTESIAN_POINT('Ctrl Pts',(387.863728495424,-162.65089376873,-69.9607162065847));
#6491=CARTESIAN_POINT('Ctrl Pts',(387.810073474144,-162.690725828974,-69.9962054151886));
#6492=CARTESIAN_POINT('Ctrl Pts',(387.756421357651,-162.730555732781,-70.0316927024697));
#6493=CARTESIAN_POINT('Ctrl Pts',(387.701192766632,-162.76685711971,-70.0687564642765));
#6494=CARTESIAN_POINT('Ctrl Pts',(387.644675770556,-162.79940337681,-70.1071086311411));
#6495=CARTESIAN_POINT('Ctrl Pts',(387.587609871254,-162.83226572901,-70.1458332811446));
#6496=CARTESIAN_POINT('Ctrl Pts',(387.52923064807,-162.861299403069,-70.1858712550304));
#6497=CARTESIAN_POINT('Ctrl Pts',(387.469851272206,-162.886319624154,-70.2269093815961));
#6498=CARTESIAN_POINT('Ctrl Pts',(387.41103980105,-162.911100551693,-70.2675550192724));
#6499=CARTESIAN_POINT('Ctrl Pts',(387.351247499486,-162.931944376804,-70.3091814873569));
#6500=CARTESIAN_POINT('Ctrl Pts',(387.290790957942,-162.948720966662,-70.3514721954215));
#6501=CARTESIAN_POINT('Ctrl Pts',(387.229458731249,-162.965740557694,-70.3943754649067));
#6502=CARTESIAN_POINT('Ctrl Pts',(387.167443143805,-162.978574017225,-70.4379620951435));
#6503=CARTESIAN_POINT('Ctrl Pts',(387.105083445419,-162.987138889625,-70.4818928363219));
#6504=CARTESIAN_POINT('Ctrl Pts',(387.042723747033,-162.995703762026,-70.5258235775003));
#6505=CARTESIAN_POINT('Ctrl Pts',(386.980020231176,-163.,-70.570098136149));
#6506=CARTESIAN_POINT('Ctrl Pts',(386.917316567635,-163.,-70.614372842483));
#6507=CARTESIAN_POINT('Ctrl Pts',(317.883824117328,-163.007997611656,-1.58523336183653));
#6508=CARTESIAN_POINT('Ctrl Pts',(318.038423195847,-163.008407200961,-1.36659339940043));
#6509=CARTESIAN_POINT('Ctrl Pts',(318.192948971784,-162.956129700035,-1.14804939312219));
#6510=CARTESIAN_POINT('Ctrl Pts',(318.473139704874,-162.754563067816,-0.740048596765137));
#6511=CARTESIAN_POINT('Ctrl Pts',(318.59875243469,-162.605731019536,-0.550655294888059));
#6512=CARTESIAN_POINT('Ctrl Pts',(318.79781844798,-162.23400981371,-0.22402813747669));
#6513=CARTESIAN_POINT('Ctrl Pts',(318.871168312546,-162.011266912585,-0.0868977008496544));
#6514=CARTESIAN_POINT('Ctrl Pts',(318.949792413416,-161.524642015358,0.119536463287722));
#6515=CARTESIAN_POINT('Ctrl Pts',(318.954749073653,-161.260841842498,0.188511353866226));
#6516=CARTESIAN_POINT('Ctrl Pts',(318.92243900832,-160.996921985635,0.220242172450204));
#6517=CARTESIAN_POINT('Ctrl Pts',(317.883832788662,-162.999997621172,-1.5852246904387));
#6518=CARTESIAN_POINT('Ctrl Pts',(318.037688356264,-163.000405578646,-1.36732824447014));
#6519=CARTESIAN_POINT('Ctrl Pts',(318.191470972076,-162.948336354617,-1.14952739283038));
#6520=CARTESIAN_POINT('Ctrl Pts',(318.470290805705,-162.747572776709,-0.742897495934371));
#6521=CARTESIAN_POINT('Ctrl Pts',(318.595276033466,-162.599333684797,-0.554131696112459));
#6522=CARTESIAN_POINT('Ctrl Pts',(318.793294849204,-162.22909343995,-0.228551736252288));
#6523=CARTESIAN_POINT('Ctrl Pts',(318.866225430302,-162.007237960742,-0.0918405830937644));
#6524=CARTESIAN_POINT('Ctrl Pts',(318.944281686022,-161.522551808126,0.114025735894196));
#6525=CARTESIAN_POINT('Ctrl Pts',(318.949091069511,-161.259802618513,0.182853355210027));
#6526=CARTESIAN_POINT('Ctrl Pts',(318.916782160831,-160.996934248798,0.21458532489694));
#6527=CARTESIAN_POINT('Ctrl Pts',(317.884699922022,-162.199998572703,-1.5843575506558));
#6528=CARTESIAN_POINT('Ctrl Pts',(317.96420439788,-162.200243347188,-1.44081275144111));
#6529=CARTESIAN_POINT('Ctrl Pts',(318.043671001258,-162.16900181277,-1.29732736364896));
#6530=CARTESIAN_POINT('Ctrl Pts',(318.185400888781,-162.048543666025,-1.02778741285784));
#6531=CARTESIAN_POINT('Ctrl Pts',(318.247635911026,-161.959600210878,-0.901771818552511));
#6532=CARTESIAN_POINT('Ctrl Pts',(318.340934971644,-161.73745606397,-0.680911613812051));
#6533=CARTESIAN_POINT('Ctrl Pts',(318.371937205891,-161.604342776445,-0.586128807504759));
#6534=CARTESIAN_POINT('Ctrl Pts',(318.39320894667,-161.313531084875,-0.437047003458458));
#6535=CARTESIAN_POINT('Ctrl Pts',(318.383290655304,-161.15588022004,-0.382946510409916));
#6536=CARTESIAN_POINT('Ctrl Pts',(318.351097411927,-160.998160565097,-0.351099430429502));
#6537=CARTESIAN_POINT('Ctrl Pts',(317.884708680069,-162.191918582313,-1.58434879254399));
#6538=CARTESIAN_POINT('Ctrl Pts',(317.9634622099,-162.19216170865,-1.44155494496152));
#6539=CARTESIAN_POINT('Ctrl Pts',(318.042178221552,-162.161130533897,-1.29882014335423));
#6540=CARTESIAN_POINT('Ctrl Pts',(318.18252350062,-162.041483472007,-1.03066480101876));
#6541=CARTESIAN_POINT('Ctrl Pts',(318.244124745789,-161.953138902791,-0.905282983789156));
#6542=CARTESIAN_POINT('Ctrl Pts',(318.336366136881,-161.732490526473,-0.685480448575405));
#6543=CARTESIAN_POINT('Ctrl Pts',(318.366944894824,-161.600273535084,-0.59112111857131));
#6544=CARTESIAN_POINT('Ctrl Pts',(318.387643112002,-161.311419975571,-0.44261283812592));
#6545=CARTESIAN_POINT('Ctrl Pts',(318.37757607112,-161.154830603815,-0.388661089052677));
#6546=CARTESIAN_POINT('Ctrl Pts',(318.345383995964,-160.998172950892,-0.356812846458299));
#6547=CARTESIAN_POINT('',(317.885627157518,-162.2,-1.58268343236479));
#6548=CARTESIAN_POINT('Ctrl Pts',(317.885627157518,-162.2,-1.58268343236478));
#6549=CARTESIAN_POINT('Ctrl Pts',(317.911253178422,-162.2,-1.53641576738946));
#6550=CARTESIAN_POINT('Ctrl Pts',(317.936879043142,-162.196765220004,-1.49014825859883));
#6551=CARTESIAN_POINT('Ctrl Pts',(317.962215144408,-162.190321721267,-1.44417051326145));
#6552=CARTESIAN_POINT('Ctrl Pts',(317.987550297532,-162.183878463663,-1.39819448852905));
#6553=CARTESIAN_POINT('Ctrl Pts',(318.01259539911,-162.174226783777,-1.35250851534334));
#6554=CARTESIAN_POINT('Ctrl Pts',(318.037065545221,-162.161444435312,-1.30739749762458));
#6555=CARTESIAN_POINT('Ctrl Pts',(318.061534852874,-162.148662524828,-1.26228802561317));
#6556=CARTESIAN_POINT('Ctrl Pts',(318.085428942273,-162.132750271636,-1.21775377185572));
#6557=CARTESIAN_POINT('Ctrl Pts',(318.108472203716,-162.113835855701,-1.17407034605462));
#6558=CARTESIAN_POINT('Ctrl Pts',(318.131514748345,-162.094922028142,-1.13038827912638));
#6559=CARTESIAN_POINT('Ctrl Pts',(318.153706228217,-162.073006389164,-1.08755727695526));
#6560=CARTESIAN_POINT('Ctrl Pts',(318.174784767714,-162.048265467601,-1.04583921515993));
#6561=CARTESIAN_POINT('Ctrl Pts',(318.196813587795,-162.022409154841,-1.00224038434015));
#6562=CARTESIAN_POINT('Ctrl Pts',(318.21762638739,-161.993466943906,-0.959857574006317));
#6563=CARTESIAN_POINT('Ctrl Pts',(318.236945244371,-161.961693399341,-0.918968706287087));
#6564=CARTESIAN_POINT('Ctrl Pts',(318.255434410967,-161.931284438844,-0.879835900039072));
#6565=CARTESIAN_POINT('Ctrl Pts',(318.272555100841,-161.898282719765,-0.842071570512731));
#6566=CARTESIAN_POINT('Ctrl Pts',(318.288086178638,-161.862954174301,-0.805896853062968));
#6567=CARTESIAN_POINT('Ctrl Pts',(318.303615920318,-161.827628668102,-0.769725247674125));
#6568=CARTESIAN_POINT('Ctrl Pts',(318.317556099106,-161.789977043406,-0.735143205177549));
#6569=CARTESIAN_POINT('Ctrl Pts',(318.329711249333,-161.750302649888,-0.702346191241516));
#6570=CARTESIAN_POINT('Ctrl Pts',(318.341865507475,-161.710631168135,-0.669551584329846));
#6571=CARTESIAN_POINT('Ctrl Pts',(318.35223480414,-161.668937559541,-0.638541938895102));
#6572=CARTESIAN_POINT('Ctrl Pts',(318.360652473869,-161.625557689841,-0.609483920396171));
#6573=CARTESIAN_POINT('Ctrl Pts',(318.369069632128,-161.582180455967,-0.580427667505749));
#6574=CARTESIAN_POINT('Ctrl Pts',(318.375535238177,-161.53711754296,-0.553322966825015));
#6575=CARTESIAN_POINT('Ctrl Pts',(318.379914094449,-161.490731914215,-0.52830501592146));
#6576=CARTESIAN_POINT('Ctrl Pts',(318.384293650952,-161.444338867856,-0.503283064350047));
#6577=CARTESIAN_POINT('Ctrl Pts',(318.386585661604,-161.396623085227,-0.480348658629743));
#6578=CARTESIAN_POINT('Ctrl Pts',(318.386688499739,-161.347969020138,-0.459603425426728));
#6579=CARTESIAN_POINT('Ctrl Pts',(318.386791323259,-161.299321869364,-0.438861140366042));
#6580=CARTESIAN_POINT('Ctrl Pts',(318.384705506716,-161.249737125793,-0.420307495369412));
#6581=CARTESIAN_POINT('Ctrl Pts',(318.380364726933,-161.199614188485,-0.404008813611525));
#6582=CARTESIAN_POINT('Ctrl Pts',(318.376023776433,-161.149489279899,-0.387709490845128));
#6583=CARTESIAN_POINT('Ctrl Pts',(318.369427633141,-161.098826570617,-0.373665360869671));
#6584=CARTESIAN_POINT('Ctrl Pts',(318.360546298393,-161.048034174605,-0.36190642235104));
#6585=CARTESIAN_POINT('Ctrl Pts',(318.357748113211,-161.032031340129,-0.358201609002822));
#6586=CARTESIAN_POINT('Ctrl Pts',(318.354723361842,-161.016015670407,-0.354723361840969));
#6587=CARTESIAN_POINT('Ctrl Pts',(318.351471862576,-161.,-0.351471862575599));
#6588=CARTESIAN_POINT('',(317.885627157517,-163.,-1.5826834323652));
#6589=CARTESIAN_POINT('',(317.885627157517,-162.2,-1.58268343236519));
#6590=CARTESIAN_POINT('Ctrl Pts',(317.885627157517,-163.,-1.5826834323652));
#6591=CARTESIAN_POINT('Ctrl Pts',(317.929272411531,-163.,-1.52087122513843));
#6592=CARTESIAN_POINT('Ctrl Pts',(317.97291752806,-162.995825178666,-1.45905915539548));
#6593=CARTESIAN_POINT('Ctrl Pts',(318.016233269784,-162.987501603582,-1.39757646045766));
#6594=CARTESIAN_POINT('Ctrl Pts',(318.059547577642,-162.97917830403,-1.33609580076078));
#6595=CARTESIAN_POINT('Ctrl Pts',(318.102532259305,-162.966706569079,-1.27494476725802));
#6596=CARTESIAN_POINT('Ctrl Pts',(318.144862224569,-162.950164267091,-1.21444845015464));
#6597=CARTESIAN_POINT('Ctrl Pts',(318.18719089215,-162.933622472231,-1.15395398764949));
#6598=CARTESIAN_POINT('Ctrl Pts',(318.228864615472,-162.913010446411,-1.09411446940308));
#6599=CARTESIAN_POINT('Ctrl Pts',(318.269566510544,-162.888456874736,-1.03524677940589));
#6600=CARTESIAN_POINT('Ctrl Pts',(318.31026725739,-162.863903995733,-0.976380750105216));
#6601=CARTESIAN_POINT('Ctrl Pts',(318.34999597135,-162.835409921485,-0.918486753689664));
#6602=CARTESIAN_POINT('Ctrl Pts',(318.388447930287,-162.803152536321,-0.861869512296419));
#6603=CARTESIAN_POINT('Ctrl Pts',(318.426898898493,-162.770895982284,-0.805253729672259));
#6604=CARTESIAN_POINT('Ctrl Pts',(318.464072929768,-162.734876479595,-0.749914883978576));
#6605=CARTESIAN_POINT('Ctrl Pts',(318.499681266799,-162.695318881164,-0.696141732529365));
#6606=CARTESIAN_POINT('Ctrl Pts',(318.535288773417,-162.655762205245,-0.642369835108928));
#6607=CARTESIAN_POINT('Ctrl Pts',(318.569330425969,-162.612667804947,-0.590163791754495));
#6608=CARTESIAN_POINT('Ctrl Pts',(318.601537034972,-162.566304685932,-0.539792791949994));
#6609=CARTESIAN_POINT('Ctrl Pts',(318.633923958756,-162.519681994241,-0.489139780592074));
#6610=CARTESIAN_POINT('Ctrl Pts',(318.664454992709,-162.469754088162,-0.440342659065388));
#6611=CARTESIAN_POINT('Ctrl Pts',(318.692879769183,-162.416836122695,-0.393651795017777));
#6612=CARTESIAN_POINT('Ctrl Pts',(318.721150309944,-162.364205295462,-0.347214280322058));
#6613=CARTESIAN_POINT('Ctrl Pts',(318.747337216033,-162.308617079868,-0.302860400298512));
#6614=CARTESIAN_POINT('Ctrl Pts',(318.771220258623,-162.250418569508,-0.260810383773298));
#6615=CARTESIAN_POINT('Ctrl Pts',(318.795101774577,-162.192223779277,-0.218763055143206));
#6616=CARTESIAN_POINT('Ctrl Pts',(318.816679549986,-162.131419331748,-0.179019467057481));
#6617=CARTESIAN_POINT('Ctrl Pts',(318.835762163555,-162.068384842293,-0.141771040812248));
#6618=CARTESIAN_POINT('Ctrl Pts',(318.854843744024,-162.005353765413,-0.104524631130732));
#6619=CARTESIAN_POINT('Ctrl Pts',(318.871430286283,-161.940093216879,-0.0697732596608563));
#6620=CARTESIAN_POINT('Ctrl Pts',(318.885361550775,-161.873010588438,-0.0376771659569366));
#6621=CARTESIAN_POINT('Ctrl Pts',(318.899428118212,-161.80527644145,-0.00526934922139281));
#6622=CARTESIAN_POINT('Ctrl Pts',(318.910787401373,-161.735684974017,0.0244311832377385));
#6623=CARTESIAN_POINT('Ctrl Pts',(318.919308744719,-161.664679077099,0.051293775882371));
#6624=CARTESIAN_POINT('Ctrl Pts',(318.927748589887,-161.594352281006,0.077899454529342));
#6625=CARTESIAN_POINT('Ctrl Pts',(318.933404483229,-161.522638381248,0.101721181351117));
#6626=CARTESIAN_POINT('Ctrl Pts',(318.936184406942,-161.449985104302,0.122666938544498));
#6627=CARTESIAN_POINT('Ctrl Pts',(318.93900459657,-161.376279478114,0.143916085379955));
#6628=CARTESIAN_POINT('Ctrl Pts',(318.938864744227,-161.301607433883,0.162205190244456));
#6629=CARTESIAN_POINT('Ctrl Pts',(318.935706544978,-161.226448743292,0.17747594820271));
#6630=CARTESIAN_POINT('Ctrl Pts',(318.932548345728,-161.1512900527,0.192746706160964));
#6631=CARTESIAN_POINT('Ctrl Pts',(318.92637176613,-161.075645130779,0.20499908376981));
#6632=CARTESIAN_POINT('Ctrl Pts',(318.917157287526,-161.,0.214213562373624));
#6633=CARTESIAN_POINT('Origin',(317.502943725153,-161.,-1.19999999999948));
#6634=CARTESIAN_POINT('',(387.3,-163.,-70.9970562748478));
#6635=CARTESIAN_POINT('Origin',(317.502943725153,-161.,-1.19999999999948));
#6636=CARTESIAN_POINT('',(387.3,-162.2,-70.9970562748478));
#6637=CARTESIAN_POINT('Origin',(3.35234170670181E-13,-163.000000000001,
3.35234170670181E-13));
#6638=CARTESIAN_POINT('',(368.917316567635,-163.,-78.0702169651983));
#6639=CARTESIAN_POINT('',(386.917316567635,-163.,-70.6143728424827));
#6640=CARTESIAN_POINT('',(310.429783034802,-163.,-19.5826834323652));
#6641=CARTESIAN_POINT('',(273.636585195156,-163.,-108.409320659914));
#6642=CARTESIAN_POINT('',(145.423549801218,-163.,145.423549801218));
#6643=CARTESIAN_POINT('Origin',(3.33235769225856E-13,-162.200000000001,
3.33235769225855E-13));
#6644=CARTESIAN_POINT('',(368.917316567635,-162.2,-78.0702169651983));
#6645=CARTESIAN_POINT('',(81.6286800751555,-162.200000000001,-197.069066516056));
#6646=CARTESIAN_POINT('',(310.429783034802,-162.2,-19.5826834323652));
#6647=CARTESIAN_POINT('',(374.572077938642,-162.2,-83.7249783362056));
#6648=CARTESIAN_POINT('',(271.891917974918,-162.2,-112.621319924842));
#6649=CARTESIAN_POINT('Origin',(374.572077938642,-163.,-83.7249783362056));
#6650=CARTESIAN_POINT('',(368.917316567635,-163.,-78.0702169651983));
#6651=CARTESIAN_POINT('',(310.429783034802,-163.,-19.5826834323652));
#6652=CARTESIAN_POINT('Origin',(273.636585195156,-163.,-108.409320659914));
#6653=CARTESIAN_POINT('Origin',(386.917316567635,-163.,-70.6143728424827));
#6654=CARTESIAN_POINT('Ctrl Pts',(317.503471855628,-160.996921985635,0.807997611656265));
#6655=CARTESIAN_POINT('Ctrl Pts',(317.458188112337,-161.260841842498,0.80840720096048));
#6656=CARTESIAN_POINT('Ctrl Pts',(317.412920387543,-161.524642015358,0.756129700035032));
#6657=CARTESIAN_POINT('Ctrl Pts',(317.322545025103,-162.011266912585,0.554563067815344));
#6658=CARTESIAN_POINT('Ctrl Pts',(317.277445350091,-162.23400981371,0.405731019535541));
#6659=CARTESIAN_POINT('Ctrl Pts',(317.187246000066,-162.605731019536,0.0340098137096241));
#6660=CARTESIAN_POINT('Ctrl Pts',(317.142146325054,-162.754563067815,-0.188733087415241));
#6661=CARTESIAN_POINT('Ctrl Pts',(317.051770962613,-162.956129700035,-0.675357984641878));
#6662=CARTESIAN_POINT('Ctrl Pts',(317.00650323782,-163.008407200961,-0.939158157502015));
#6663=CARTESIAN_POINT('Ctrl Pts',(316.961219494529,-163.007997611656,-1.20307801436507));
#6664=CARTESIAN_POINT('Ctrl Pts',(317.503471855582,-160.996934248798,0.799997621171579));
#6665=CARTESIAN_POINT('Ctrl Pts',(317.458188116216,-161.259802618513,0.800405578645897));
#6666=CARTESIAN_POINT('Ctrl Pts',(317.412920387543,-161.522551808126,0.748336354616566));
#6667=CARTESIAN_POINT('Ctrl Pts',(317.322545025103,-162.007237960742,0.54757277670851));
#6668=CARTESIAN_POINT('Ctrl Pts',(317.277445350091,-162.22909343995,0.399333684796355));
#6669=CARTESIAN_POINT('Ctrl Pts',(317.187246000066,-162.599333684796,0.0290934399498248));
#6670=CARTESIAN_POINT('Ctrl Pts',(317.142146325054,-162.747572776709,-0.192762039258208));
#6671=CARTESIAN_POINT('Ctrl Pts',(317.051770962613,-162.948336354617,-0.67744819187438));
#6672=CARTESIAN_POINT('Ctrl Pts',(317.006503233941,-163.000405578646,-0.940197381486747));
#6673=CARTESIAN_POINT('Ctrl Pts',(316.961219494574,-162.999997621172,-1.20306575120207));
#6674=CARTESIAN_POINT('Ctrl Pts',(317.503471851041,-160.998160565097,-1.42729705382215E-6));
#6675=CARTESIAN_POINT('Ctrl Pts',(317.458188504126,-161.15588022004,0.000243347187536574));
#6676=CARTESIAN_POINT('Ctrl Pts',(317.412920387543,-161.313531084875,-0.0309981872300613));
#6677=CARTESIAN_POINT('Ctrl Pts',(317.322545025103,-161.604342776445,-0.151456333974894));
#6678=CARTESIAN_POINT('Ctrl Pts',(317.277445350091,-161.73745606397,-0.240399789122188));
#6679=CARTESIAN_POINT('Ctrl Pts',(317.187246000066,-161.959600210878,-0.462543936030107));
#6680=CARTESIAN_POINT('Ctrl Pts',(317.142146325054,-162.048543666025,-0.595657223554925));
#6681=CARTESIAN_POINT('Ctrl Pts',(317.051770962613,-162.16900181277,-0.88646891512463));
#6682=CARTESIAN_POINT('Ctrl Pts',(317.006502846031,-162.200243347188,-1.04411977995995));
#6683=CARTESIAN_POINT('Ctrl Pts',(316.961219499116,-162.199998572703,-1.20183943490264));
#6684=CARTESIAN_POINT('Ctrl Pts',(317.503471850995,-160.998172950892,-0.00808141768658702));
#6685=CARTESIAN_POINT('Ctrl Pts',(317.458188508044,-161.154830603815,-0.00783829135019286));
#6686=CARTESIAN_POINT('Ctrl Pts',(317.412920387543,-161.311419975571,-0.0388694661027122));
#6687=CARTESIAN_POINT('Ctrl Pts',(317.322545025103,-161.600273535084,-0.158516527992797));
#6688=CARTESIAN_POINT('Ctrl Pts',(317.277445350091,-161.732490526473,-0.246861097208765));
#6689=CARTESIAN_POINT('Ctrl Pts',(317.187246000066,-161.953138902791,-0.467509473527504));
#6690=CARTESIAN_POINT('Ctrl Pts',(317.142146325054,-162.041483472007,-0.599726464916322));
#6691=CARTESIAN_POINT('Ctrl Pts',(317.051770962613,-162.161130533897,-0.888580024429458));
#6692=CARTESIAN_POINT('Ctrl Pts',(317.006502842113,-162.19216170865,-1.04516939618453));
#6693=CARTESIAN_POINT('Ctrl Pts',(316.961219499162,-162.191918582313,-1.20182704910801));
#6694=CARTESIAN_POINT('',(316.961747625005,-162.2,-1.20000000000001));
#6695=CARTESIAN_POINT('Ctrl Pts',(317.502943725152,-161.,-3.5527136788005E-15));
#6696=CARTESIAN_POINT('Ctrl Pts',(317.488347878654,-161.05083651281,-2.04300291536882E-15));
#6697=CARTESIAN_POINT('Ctrl Pts',(317.473752032157,-161.101672804741,-0.00323477999621287));
#6698=CARTESIAN_POINT('Ctrl Pts',(317.459156185659,-161.152099309267,-0.00967827873282623));
#6699=CARTESIAN_POINT('Ctrl Pts',(317.444560885375,-161.202523926704,-0.0161215363372158));
#6700=CARTESIAN_POINT('Ctrl Pts',(317.429965585092,-161.25253834931,-0.025773216222691));
#6701=CARTESIAN_POINT('Ctrl Pts',(317.415370284808,-161.301739662097,-0.0385555646877711));
#6702=CARTESIAN_POINT('Ctrl Pts',(317.400775484626,-161.350939289024,-0.05133747517182));
#6703=CARTESIAN_POINT('Ctrl Pts',(317.386180684443,-161.399325434495,-0.0672497283644389));
#6704=CARTESIAN_POINT('Ctrl Pts',(317.37158588426,-161.446508327532,-0.0861641442991341));
#6705=CARTESIAN_POINT('Ctrl Pts',(317.356991538082,-161.493689752836,-0.105077971857665));
#6706=CARTESIAN_POINT('Ctrl Pts',(317.342397191904,-161.539667590819,-0.12699361083598));
#6707=CARTESIAN_POINT('Ctrl Pts',(317.327802845726,-161.584071493427,-0.15173453239865));
#6708=CARTESIAN_POINT('Ctrl Pts',(317.312550544863,-161.630477250413,-0.177590845159008));
#6709=CARTESIAN_POINT('Ctrl Pts',(317.297298243999,-161.675163294735,-0.206533056094308));
#6710=CARTESIAN_POINT('Ctrl Pts',(317.282045943136,-161.71773658515,-0.238306600658688));
#6711=CARTESIAN_POINT('Ctrl Pts',(317.267448685549,-161.758481472893,-0.268715561155921));
#6712=CARTESIAN_POINT('Ctrl Pts',(317.252851427963,-161.797291042297,-0.301717280234738));
#6713=CARTESIAN_POINT('Ctrl Pts',(317.238254170376,-161.833852560743,-0.337045825699407));
#6714=CARTESIAN_POINT('Ctrl Pts',(317.223658168571,-161.870410933852,-0.372371331898164));
#6715=CARTESIAN_POINT('Ctrl Pts',(317.209062166767,-161.90472132556,-0.410022956593517));
#6716=CARTESIAN_POINT('Ctrl Pts',(317.194466164962,-161.936507305669,-0.449697350112352));
#6717=CARTESIAN_POINT('Ctrl Pts',(317.179871234381,-161.968290952955,-0.489368831865135));
#6718=CARTESIAN_POINT('Ctrl Pts',(317.165276303799,-161.997550283512,-0.531062440459158));
#6719=CARTESIAN_POINT('Ctrl Pts',(317.150681373218,-162.024049596788,-0.574442310159031));
#6720=CARTESIAN_POINT('Ctrl Pts',(317.136087329447,-162.050547299925,-0.617819544033351));
#6721=CARTESIAN_POINT('Ctrl Pts',(317.121493285675,-162.074285091461,-0.662882457039891));
#6722=CARTESIAN_POINT('Ctrl Pts',(317.106899241904,-162.09507177316,-0.70926808578534));
#6723=CARTESIAN_POINT('Ctrl Pts',(317.092302864371,-162.115861778896,-0.75566113214445));
#6724=CARTESIAN_POINT('Ctrl Pts',(317.077706486838,-162.133699548978,-0.803376914772651));
#6725=CARTESIAN_POINT('Ctrl Pts',(317.063110109306,-162.148441361596,-0.852030979862384));
#6726=CARTESIAN_POINT('Ctrl Pts',(317.04851580609,-162.163181079228,-0.900678130635587));
#6727=CARTESIAN_POINT('Ctrl Pts',(317.033921502875,-162.174825592399,-0.950262874206743));
#6728=CARTESIAN_POINT('Ctrl Pts',(317.01932719966,-162.183281105974,-1.00038581151493));
#6729=CARTESIAN_POINT('Ctrl Pts',(317.004732322467,-162.191736952095,-1.05051072010091));
#6730=CARTESIAN_POINT('Ctrl Pts',(316.990137445275,-162.197003473986,-1.10117342938249));
#6731=CARTESIAN_POINT('Ctrl Pts',(316.975542568083,-162.199038247126,-1.15196582539458));
#6732=CARTESIAN_POINT('Ctrl Pts',(316.970944253723,-162.19967933005,-1.16796865987113));
#6733=CARTESIAN_POINT('Ctrl Pts',(316.966345939364,-162.2,-1.18398432959258));
#6734=CARTESIAN_POINT('Ctrl Pts',(316.961747625005,-162.2,-1.20000000000001));
#6735=CARTESIAN_POINT('Ctrl Pts',(317.502943725152,-161.,0.799999999999992));
#6736=CARTESIAN_POINT('Ctrl Pts',(317.490097749341,-161.074569685969,0.799999999999992));
#6737=CARTESIAN_POINT('Ctrl Pts',(317.47725177353,-161.149139177507,0.795825178666205));
#6738=CARTESIAN_POINT('Ctrl Pts',(317.464405797719,-161.223242862729,0.787501603581912));
#6739=CARTESIAN_POINT('Ctrl Pts',(317.451560247144,-161.297344094921,0.77917830403012));
#6740=CARTESIAN_POINT('Ctrl Pts',(317.438714696569,-161.370979165279,0.766706569078623));
#6741=CARTESIAN_POINT('Ctrl Pts',(317.425869145994,-161.443688326825,0.750164267091191));
#6742=CARTESIAN_POINT('Ctrl Pts',(317.413023989217,-161.516395259371,0.733622472230896));
#6743=CARTESIAN_POINT('Ctrl Pts',(317.400178832441,-161.588175960864,0.713010446411271));
#6744=CARTESIAN_POINT('Ctrl Pts',(317.387333675664,-161.658582289667,0.688456874735722));
#6745=CARTESIAN_POINT('Ctrl Pts',(317.374488881257,-161.728986632261,0.66390399573269));
#6746=CARTESIAN_POINT('Ctrl Pts',(317.361644086851,-161.798016312765,0.635409921484522));
#6747=CARTESIAN_POINT('Ctrl Pts',(317.348799292444,-161.865240389001,0.603152536320976));
#6748=CARTESIAN_POINT('Ctrl Pts',(317.33595482899,-161.932462733178,0.570895982283689));
#6749=CARTESIAN_POINT('Ctrl Pts',(317.323110365536,-161.99787921583,0.534876479594286));
#6750=CARTESIAN_POINT('Ctrl Pts',(317.310265902081,-162.061081472447,0.495318881163817));
#6751=CARTESIAN_POINT('Ctrl Pts',(317.297421738169,-162.124282255141,0.45576220524514));
#6752=CARTESIAN_POINT('Ctrl Pts',(317.284577574257,-162.185268585778,0.412667804946202));
#6753=CARTESIAN_POINT('Ctrl Pts',(317.271733410344,-162.24365977294,0.366304685931555));
#6754=CARTESIAN_POINT('Ctrl Pts',(317.258817335955,-162.302377874188,0.319681994240885));
#6755=CARTESIAN_POINT('Ctrl Pts',(317.245901261566,-162.358471350867,0.269754088162022));
#6756=CARTESIAN_POINT('Ctrl Pts',(317.232985187177,-162.411586129653,0.216836122694627));
#6757=CARTESIAN_POINT('Ctrl Pts',(317.220139196714,-162.464412702275,0.164205295461387));
#6758=CARTESIAN_POINT('Ctrl Pts',(317.207293206251,-162.514292570486,0.108617079867968));
#6759=CARTESIAN_POINT('Ctrl Pts',(317.194447215789,-162.560914283691,0.0504185695078216));
#6760=CARTESIAN_POINT('Ctrl Pts',(317.181602046459,-162.607533016772,-0.00777622072318436));
#6761=CARTESIAN_POINT('Ctrl Pts',(317.16875687713,-162.65089376873,-0.0685806682529304));
#6762=CARTESIAN_POINT('Ctrl Pts',(317.1559117078,-162.690725828974,-0.131615157707819));
#6763=CARTESIAN_POINT('Ctrl Pts',(317.143067233886,-162.730555732781,-0.194646234587255));
#6764=CARTESIAN_POINT('Ctrl Pts',(317.130222759971,-162.76685711971,-0.25990678312163));
#6765=CARTESIAN_POINT('Ctrl Pts',(317.117378286056,-162.79940337681,-0.326989411562733));
#6766=CARTESIAN_POINT('Ctrl Pts',(317.104409064302,-162.83226572901,-0.394723558549963));
#6767=CARTESIAN_POINT('Ctrl Pts',(317.091439842548,-162.861299403069,-0.464315025983572));
#6768=CARTESIAN_POINT('Ctrl Pts',(317.078470620793,-162.886319624154,-0.535320922901365));
#6769=CARTESIAN_POINT('Ctrl Pts',(317.065625436754,-162.911100551693,-0.60564771899389));
#6770=CARTESIAN_POINT('Ctrl Pts',(317.052780252715,-162.931944376804,-0.677361618752051));
#6771=CARTESIAN_POINT('Ctrl Pts',(317.039935068675,-162.948720966662,-0.750014895698759));
#6772=CARTESIAN_POINT('Ctrl Pts',(317.026903828063,-162.965740557694,-0.8237205218866));
#6773=CARTESIAN_POINT('Ctrl Pts',(317.013872587452,-162.978574017225,-0.89839256611728));
#6774=CARTESIAN_POINT('Ctrl Pts',(317.00084134684,-162.987138889625,-0.973551256708553));
#6775=CARTESIAN_POINT('Ctrl Pts',(316.987810106228,-162.995703762026,-1.04870994729983));
#6776=CARTESIAN_POINT('Ctrl Pts',(316.974778865617,-163.,-1.1243548692206));
#6777=CARTESIAN_POINT('Ctrl Pts',(316.961747625005,-163.,-1.2));
#6778=CARTESIAN_POINT('Ctrl Pts',(-316.96121949453,-163.007997611656,-1.20307801436524));
#6779=CARTESIAN_POINT('Ctrl Pts',(-317.006503237821,-163.008407200961,-0.939158157502159));
#6780=CARTESIAN_POINT('Ctrl Pts',(-317.051770962615,-162.956129700035,-0.675357984641933));
#6781=CARTESIAN_POINT('Ctrl Pts',(-317.142146325055,-162.754563067815,-0.188733087415241));
#6782=CARTESIAN_POINT('Ctrl Pts',(-317.187246000067,-162.605731019536,0.0340098137096243));
#6783=CARTESIAN_POINT('Ctrl Pts',(-317.277445350091,-162.23400981371,0.405731019535541));
#6784=CARTESIAN_POINT('Ctrl Pts',(-317.322545025104,-162.011266912585,0.554563067815344));
#6785=CARTESIAN_POINT('Ctrl Pts',(-317.412920387544,-161.524642015358,0.756129700035054));
#6786=CARTESIAN_POINT('Ctrl Pts',(-317.458188112338,-161.260841842498,0.808407200960502));
#6787=CARTESIAN_POINT('Ctrl Pts',(-317.503471855629,-160.996921985635,0.807997611656265));
#6788=CARTESIAN_POINT('Ctrl Pts',(-316.961219494575,-162.999997621172,-1.20306575120225));
#6789=CARTESIAN_POINT('Ctrl Pts',(-317.006503233942,-163.000405578646,-0.940197381486891));
#6790=CARTESIAN_POINT('Ctrl Pts',(-317.051770962615,-162.948336354617,-0.677448191874435));
#6791=CARTESIAN_POINT('Ctrl Pts',(-317.142146325055,-162.747572776709,-0.192762039258208));
#6792=CARTESIAN_POINT('Ctrl Pts',(-317.187246000067,-162.599333684796,0.029093439949825));
#6793=CARTESIAN_POINT('Ctrl Pts',(-317.277445350091,-162.22909343995,0.399333684796356));
#6794=CARTESIAN_POINT('Ctrl Pts',(-317.322545025104,-162.007237960742,0.54757277670851));
#6795=CARTESIAN_POINT('Ctrl Pts',(-317.412920387544,-161.522551808126,0.748336354616587));
#6796=CARTESIAN_POINT('Ctrl Pts',(-317.458188116217,-161.259802618513,0.800405578645919));
#6797=CARTESIAN_POINT('Ctrl Pts',(-317.503471855583,-160.996934248798,0.799997621171579));
#6798=CARTESIAN_POINT('Ctrl Pts',(-316.961219499117,-162.199998572703,-1.20183943490274));
#6799=CARTESIAN_POINT('Ctrl Pts',(-317.006502846032,-162.200243347188,-1.04411977996008));
#6800=CARTESIAN_POINT('Ctrl Pts',(-317.051770962615,-162.16900181277,-0.886468915124663));
#6801=CARTESIAN_POINT('Ctrl Pts',(-317.142146325055,-162.048543666025,-0.595657223554925));
#6802=CARTESIAN_POINT('Ctrl Pts',(-317.187246000067,-161.959600210878,-0.462543936030107));
#6803=CARTESIAN_POINT('Ctrl Pts',(-317.277445350091,-161.73745606397,-0.240399789122188));
#6804=CARTESIAN_POINT('Ctrl Pts',(-317.322545025104,-161.604342776445,-0.151456333974894));
#6805=CARTESIAN_POINT('Ctrl Pts',(-317.412920387544,-161.313531084875,-0.0309981872300486));
#6806=CARTESIAN_POINT('Ctrl Pts',(-317.458188504127,-161.15588022004,0.00024334718754974));
#6807=CARTESIAN_POINT('Ctrl Pts',(-317.503471851042,-160.998160565097,-1.42729705397688E-6));
#6808=CARTESIAN_POINT('Ctrl Pts',(-316.961219499163,-162.191918582313,-1.20182704910812));
#6809=CARTESIAN_POINT('Ctrl Pts',(-317.006502842114,-162.19216170865,-1.04516939618466));
#6810=CARTESIAN_POINT('Ctrl Pts',(-317.051770962615,-162.161130533897,-0.888580024429491));
#6811=CARTESIAN_POINT('Ctrl Pts',(-317.142146325055,-162.041483472007,-0.599726464916322));
#6812=CARTESIAN_POINT('Ctrl Pts',(-317.187246000067,-161.953138902791,-0.467509473527504));
#6813=CARTESIAN_POINT('Ctrl Pts',(-317.277445350091,-161.732490526473,-0.246861097208765));
#6814=CARTESIAN_POINT('Ctrl Pts',(-317.322545025104,-161.600273535084,-0.158516527992797));
#6815=CARTESIAN_POINT('Ctrl Pts',(-317.412920387544,-161.311419975571,-0.0388694661026996));
#6816=CARTESIAN_POINT('Ctrl Pts',(-317.458188508045,-161.154830603815,-0.00783829135017979));
#6817=CARTESIAN_POINT('Ctrl Pts',(-317.503471850996,-160.998172950892,-0.00808141768658717));
#6818=CARTESIAN_POINT('Ctrl Pts',(-316.961747625006,-162.2,-1.20000000000001));
#6819=CARTESIAN_POINT('Ctrl Pts',(-316.976343471504,-162.2,-1.14916348719011));
#6820=CARTESIAN_POINT('Ctrl Pts',(-316.990939318001,-162.196765220004,-1.09832719525874));
#6821=CARTESIAN_POINT('Ctrl Pts',(-317.005535164499,-162.190321721267,-1.04790069073282));
#6822=CARTESIAN_POINT('Ctrl Pts',(-317.020130464782,-162.183878463663,-0.997476073295844));
#6823=CARTESIAN_POINT('Ctrl Pts',(-317.034725765066,-162.174226783777,-0.947461650689995));
#6824=CARTESIAN_POINT('Ctrl Pts',(-317.049321065349,-162.161444435312,-0.898260337903249));
#6825=CARTESIAN_POINT('Ctrl Pts',(-317.063915865532,-162.148662524828,-0.849060710975855));
#6826=CARTESIAN_POINT('Ctrl Pts',(-317.078510665715,-162.132750271636,-0.800674565504545));
#6827=CARTESIAN_POINT('Ctrl Pts',(-317.093105465897,-162.113835855701,-0.753491672468336));
#6828=CARTESIAN_POINT('Ctrl Pts',(-317.107699812075,-162.094922028142,-0.706310247163929));
#6829=CARTESIAN_POINT('Ctrl Pts',(-317.122294158253,-162.073006389164,-0.660332409181498));
#6830=CARTESIAN_POINT('Ctrl Pts',(-317.136888504431,-162.048265467601,-0.615928506572615));
#6831=CARTESIAN_POINT('Ctrl Pts',(-317.152140805295,-162.022409154841,-0.569522749587058));
#6832=CARTESIAN_POINT('Ctrl Pts',(-317.167393106158,-161.993466943906,-0.524836705264852));
#6833=CARTESIAN_POINT('Ctrl Pts',(-317.182645407021,-161.961693399341,-0.482263414849623));
#6834=CARTESIAN_POINT('Ctrl Pts',(-317.197242664608,-161.931284438844,-0.44151852710659));
#6835=CARTESIAN_POINT('Ctrl Pts',(-317.211839922195,-161.898282719765,-0.402708957703141));
#6836=CARTESIAN_POINT('Ctrl Pts',(-317.226437179781,-161.862954174301,-0.366147439257301));
#6837=CARTESIAN_POINT('Ctrl Pts',(-317.241033181586,-161.827628668102,-0.329589066148336));
#6838=CARTESIAN_POINT('Ctrl Pts',(-317.255629183391,-161.789977043406,-0.295278674439861));
#6839=CARTESIAN_POINT('Ctrl Pts',(-317.270225185196,-161.750302649888,-0.263492694330929));
#6840=CARTESIAN_POINT('Ctrl Pts',(-317.284820115777,-161.710631168135,-0.231709047044996));
#6841=CARTESIAN_POINT('Ctrl Pts',(-317.299415046358,-161.668937559541,-0.202449716488047));
#6842=CARTESIAN_POINT('Ctrl Pts',(-317.314009976939,-161.625557689841,-0.175950403212417));
#6843=CARTESIAN_POINT('Ctrl Pts',(-317.328604020711,-161.582180455967,-0.149452700074561));
#6844=CARTESIAN_POINT('Ctrl Pts',(-317.343198064482,-161.53711754296,-0.125714908539323));
#6845=CARTESIAN_POINT('Ctrl Pts',(-317.357792108254,-161.490731914215,-0.10492822684025));
#6846=CARTESIAN_POINT('Ctrl Pts',(-317.372388485786,-161.444338867856,-0.0841382211035824));
#6847=CARTESIAN_POINT('Ctrl Pts',(-317.386984863319,-161.396623085227,-0.0663004510216267));
#6848=CARTESIAN_POINT('Ctrl Pts',(-317.401581240852,-161.347969020138,-0.0515586384039963));
#6849=CARTESIAN_POINT('Ctrl Pts',(-317.416175544067,-161.299321869364,-0.0368189207718177));
#6850=CARTESIAN_POINT('Ctrl Pts',(-317.430769847282,-161.249737125793,-0.0251744076013798));
#6851=CARTESIAN_POINT('Ctrl Pts',(-317.445364150498,-161.199614188485,-0.016718894025826));
#6852=CARTESIAN_POINT('Ctrl Pts',(-317.45995902769,-161.149489279899,-0.00826304790459672));
#6853=CARTESIAN_POINT('Ctrl Pts',(-317.474553904882,-161.098826570617,-0.00299652601407877));
#6854=CARTESIAN_POINT('Ctrl Pts',(-317.489148782075,-161.048034174605,-0.000961752874424349));
#6855=CARTESIAN_POINT('Ctrl Pts',(-317.493747096434,-161.032031340129,-0.000320669950448512));
#6856=CARTESIAN_POINT('Ctrl Pts',(-317.498345410793,-161.016015670407,-3.55362026841703E-15));
#6857=CARTESIAN_POINT('Ctrl Pts',(-317.502943725152,-161.,-3.5527136788005E-15));
#6858=CARTESIAN_POINT('',(-316.961747625006,-162.2,-1.20000000000001));
#6859=CARTESIAN_POINT('Ctrl Pts',(-316.961747625006,-163.,-1.2));
#6860=CARTESIAN_POINT('Ctrl Pts',(-316.974593600817,-163.,-1.12543031403061));
#6861=CARTESIAN_POINT('Ctrl Pts',(-316.987439576628,-162.995825178666,-1.0508608224927));
#6862=CARTESIAN_POINT('Ctrl Pts',(-317.000285552439,-162.987501603582,-0.976757137271311));
#6863=CARTESIAN_POINT('Ctrl Pts',(-317.013131103014,-162.97917830403,-0.902655905079245));
#6864=CARTESIAN_POINT('Ctrl Pts',(-317.025976653589,-162.966706569079,-0.829020834721433));
#6865=CARTESIAN_POINT('Ctrl Pts',(-317.038822204164,-162.950164267091,-0.756311673175119));
#6866=CARTESIAN_POINT('Ctrl Pts',(-317.05166736094,-162.933622472231,-0.683604740628676));
#6867=CARTESIAN_POINT('Ctrl Pts',(-317.064512517717,-162.913010446411,-0.611824039135521));
#6868=CARTESIAN_POINT('Ctrl Pts',(-317.077357674494,-162.888456874736,-0.54141771033273));
#6869=CARTESIAN_POINT('Ctrl Pts',(-317.0902024689,-162.863903995733,-0.47101336773909));
#6870=CARTESIAN_POINT('Ctrl Pts',(-317.103047263307,-162.835409921485,-0.401983687234661));
#6871=CARTESIAN_POINT('Ctrl Pts',(-317.115892057713,-162.803152536321,-0.334759610998608));
#6872=CARTESIAN_POINT('Ctrl Pts',(-317.128736521168,-162.770895982284,-0.267537266821587));
#6873=CARTESIAN_POINT('Ctrl Pts',(-317.141580984622,-162.734876479594,-0.202120784169945));
#6874=CARTESIAN_POINT('Ctrl Pts',(-317.154425448076,-162.695318881164,-0.138918527553365));
#6875=CARTESIAN_POINT('Ctrl Pts',(-317.167269611989,-162.655762205245,-0.0757177448590847));
#6876=CARTESIAN_POINT('Ctrl Pts',(-317.180113775901,-162.612667804946,-0.0147314142216465));
#6877=CARTESIAN_POINT('Ctrl Pts',(-317.192957939813,-162.566304685931,0.0436597729399302));
#6878=CARTESIAN_POINT('Ctrl Pts',(-317.205874014202,-162.519681994241,0.102377874188159));
#6879=CARTESIAN_POINT('Ctrl Pts',(-317.218790088592,-162.469754088162,0.15847135086679));
#6880=CARTESIAN_POINT('Ctrl Pts',(-317.231706162981,-162.416836122695,0.211586129652663));
#6881=CARTESIAN_POINT('Ctrl Pts',(-317.244552153443,-162.364205295461,0.264412702275405));
#6882=CARTESIAN_POINT('Ctrl Pts',(-317.257398143906,-162.308617079868,0.314292570485727));
#6883=CARTESIAN_POINT('Ctrl Pts',(-317.270244134369,-162.250418569508,0.360914283690851));
#6884=CARTESIAN_POINT('Ctrl Pts',(-317.283089303698,-162.192223779277,0.407533016771694));
#6885=CARTESIAN_POINT('Ctrl Pts',(-317.295934473028,-162.131419331747,0.450893768730502));
#6886=CARTESIAN_POINT('Ctrl Pts',(-317.308779642357,-162.068384842292,0.49072582897417));
#6887=CARTESIAN_POINT('Ctrl Pts',(-317.321624116272,-162.005353765413,0.530555732780747));
#6888=CARTESIAN_POINT('Ctrl Pts',(-317.334468590187,-161.940093216878,0.566857119709785));
#6889=CARTESIAN_POINT('Ctrl Pts',(-317.347313064101,-161.873010588437,0.599403376810343));
#6890=CARTESIAN_POINT('Ctrl Pts',(-317.360282285855,-161.80527644145,0.632265729010343));
#6891=CARTESIAN_POINT('Ctrl Pts',(-317.37325150761,-161.735684974016,0.661299403069446));
#6892=CARTESIAN_POINT('Ctrl Pts',(-317.386220729364,-161.664679077099,0.686319624153691));
#6893=CARTESIAN_POINT('Ctrl Pts',(-317.399065913403,-161.594352281006,0.711100551692975));
#6894=CARTESIAN_POINT('Ctrl Pts',(-317.411911097443,-161.522638381248,0.731944376804074));
#6895=CARTESIAN_POINT('Ctrl Pts',(-317.424756281482,-161.449985104301,0.748720966661725));
#6896=CARTESIAN_POINT('Ctrl Pts',(-317.437787522094,-161.376279478113,0.765740557693546));
#6897=CARTESIAN_POINT('Ctrl Pts',(-317.450818762706,-161.301607433883,0.778574017224854));
#6898=CARTESIAN_POINT('Ctrl Pts',(-317.463850003317,-161.226448743291,0.787138889625408));
#6899=CARTESIAN_POINT('Ctrl Pts',(-317.476881243929,-161.1512900527,0.795703762025962));
#6900=CARTESIAN_POINT('Ctrl Pts',(-317.489912484541,-161.075645130779,0.799999999999992));
#6901=CARTESIAN_POINT('Ctrl Pts',(-317.502943725152,-161.,0.799999999999992));
#6902=CARTESIAN_POINT('Origin',(-317.502943725152,-161.,-1.20000000000001));
#6903=CARTESIAN_POINT('Origin',(-317.502943725152,-161.,-1.20000000000001));
#6904=CARTESIAN_POINT('Origin',(317.502943725152,-163.,-19.2));
#6905=CARTESIAN_POINT('',(309.505903502289,-163.,-19.2));
#6906=CARTESIAN_POINT('',(-309.50590350229,-163.,-19.2));
#6907=CARTESIAN_POINT('Origin',(-74.2717599471751,-163.000000000002,-587.105459703974));
#6908=CARTESIAN_POINT('Origin',(316.961747625005,-163.,-1.2));
#6909=CARTESIAN_POINT('Ctrl Pts',(-318.92243900832,-160.996921985635,0.22024217245011));
#6910=CARTESIAN_POINT('Ctrl Pts',(-318.954749073653,-161.260841842498,0.188511353866164));
#6911=CARTESIAN_POINT('Ctrl Pts',(-318.949792413416,-161.524642015358,0.119536463287653));
#6912=CARTESIAN_POINT('Ctrl Pts',(-318.871168312546,-162.011266912585,-0.086897700849693));
#6913=CARTESIAN_POINT('Ctrl Pts',(-318.79781844798,-162.23400981371,-0.224028137476701));
#6914=CARTESIAN_POINT('Ctrl Pts',(-318.59875243469,-162.605731019536,-0.550655294888043));
#6915=CARTESIAN_POINT('Ctrl Pts',(-318.473139704874,-162.754563067816,-0.740048596765108));
#6916=CARTESIAN_POINT('Ctrl Pts',(-318.192948971785,-162.956129700035,-1.14804939312197));
#6917=CARTESIAN_POINT('Ctrl Pts',(-318.038423195848,-163.008407200961,-1.36659339940006));
#6918=CARTESIAN_POINT('Ctrl Pts',(-317.883824117329,-163.007997611656,-1.58523336183591));
#6919=CARTESIAN_POINT('Ctrl Pts',(-318.916782160831,-160.996934248798,0.214585324896846));
#6920=CARTESIAN_POINT('Ctrl Pts',(-318.949091069511,-161.259802618513,0.182853355209965));
#6921=CARTESIAN_POINT('Ctrl Pts',(-318.944281686022,-161.522551808126,0.114025735894126));
#6922=CARTESIAN_POINT('Ctrl Pts',(-318.866225430302,-162.007237960742,-0.0918405830938028));
#6923=CARTESIAN_POINT('Ctrl Pts',(-318.793294849204,-162.22909343995,-0.228551736252299));
#6924=CARTESIAN_POINT('Ctrl Pts',(-318.595276033466,-162.599333684797,-0.554131696112443));
#6925=CARTESIAN_POINT('Ctrl Pts',(-318.470290805705,-162.747572776709,-0.742897495934343));
#6926=CARTESIAN_POINT('Ctrl Pts',(-318.191470972076,-162.948336354617,-1.14952739283015));
#6927=CARTESIAN_POINT('Ctrl Pts',(-318.037688356264,-163.000405578646,-1.36732824446977));
#6928=CARTESIAN_POINT('Ctrl Pts',(-317.883832788662,-162.999997621172,-1.58522469043808));
#6929=CARTESIAN_POINT('Ctrl Pts',(-318.351097411928,-160.998160565097,-0.351099430429596));
#6930=CARTESIAN_POINT('Ctrl Pts',(-318.383290655304,-161.15588022004,-0.382946510409992));
#6931=CARTESIAN_POINT('Ctrl Pts',(-318.39320894667,-161.313531084875,-0.437047003458523));
#6932=CARTESIAN_POINT('Ctrl Pts',(-318.371937205891,-161.604342776445,-0.586128807504788));
#6933=CARTESIAN_POINT('Ctrl Pts',(-318.340934971645,-161.73745606397,-0.680911613812059));
#6934=CARTESIAN_POINT('Ctrl Pts',(-318.247635911026,-161.959600210878,-0.901771818552491));
#6935=CARTESIAN_POINT('Ctrl Pts',(-318.185400888781,-162.048543666025,-1.0277874128578));
#6936=CARTESIAN_POINT('Ctrl Pts',(-318.043671001258,-162.16900181277,-1.29732736364877));
#6937=CARTESIAN_POINT('Ctrl Pts',(-317.96420439788,-162.200243347188,-1.44081275144074));
#6938=CARTESIAN_POINT('Ctrl Pts',(-317.884699922022,-162.199998572703,-1.58435755065534));
#6939=CARTESIAN_POINT('Ctrl Pts',(-318.345383995964,-160.998172950892,-0.356812846458393));
#6940=CARTESIAN_POINT('Ctrl Pts',(-318.37757607112,-161.154830603815,-0.388661089052754));
#6941=CARTESIAN_POINT('Ctrl Pts',(-318.387643112002,-161.311419975571,-0.442612838125985));
#6942=CARTESIAN_POINT('Ctrl Pts',(-318.366944894824,-161.600273535084,-0.591121118571339));
#6943=CARTESIAN_POINT('Ctrl Pts',(-318.336366136881,-161.732490526473,-0.685480448575413));
#6944=CARTESIAN_POINT('Ctrl Pts',(-318.244124745789,-161.953138902791,-0.905282983789135));
#6945=CARTESIAN_POINT('Ctrl Pts',(-318.182523500621,-162.041483472007,-1.03066480101872));
#6946=CARTESIAN_POINT('Ctrl Pts',(-318.042178221552,-162.161130533897,-1.29882014335404));
#6947=CARTESIAN_POINT('Ctrl Pts',(-317.9634622099,-162.19216170865,-1.44155494496115));
#6948=CARTESIAN_POINT('Ctrl Pts',(-317.884708680069,-162.191918582313,-1.58434879254354));
#6949=CARTESIAN_POINT('',(-317.885627157518,-163.,-1.58268343236469));
#6950=CARTESIAN_POINT('',(-317.885627157518,-162.2,-1.58268343236469));
#6951=CARTESIAN_POINT('',(-317.885627157517,-162.2,-1.58268343236508));
#6952=CARTESIAN_POINT('Ctrl Pts',(-318.351471862577,-161.,-0.351471862575636));
#6953=CARTESIAN_POINT('Ctrl Pts',(-318.361792684612,-161.05083651281,-0.361792684611204));
#6954=CARTESIAN_POINT('Ctrl Pts',(-318.369826171777,-161.101672804741,-0.374400841517741));
#6955=CARTESIAN_POINT('Ctrl Pts',(-318.375590752161,-161.152099309267,-0.389277905204537));
#6956=CARTESIAN_POINT('Ctrl Pts',(-318.38135511682,-161.202523926704,-0.40415441215351));
#6957=CARTESIAN_POINT('Ctrl Pts',(-318.384850784327,-161.25253834931,-0.42129961625433));
#6958=CARTESIAN_POINT('Ctrl Pts',(-318.386132734852,-161.301739662097,-0.440658537337455));
#6959=CARTESIAN_POINT('Ctrl Pts',(-318.387414641451,-161.350939289024,-0.460016795096444));
#6960=CARTESIAN_POINT('Ctrl Pts',(-318.386483061494,-161.399325434495,-0.481588539412102));
#6961=CARTESIAN_POINT('Ctrl Pts',(-318.383428631904,-161.446508327532,-0.505283133360905));
#6962=CARTESIAN_POINT('Ctrl Pts',(-318.380374297328,-161.493689752836,-0.528976990235174));
#6963=CARTESIAN_POINT('Ctrl Pts',(-318.375197361542,-161.539667590819,-0.554793448320221));
#6964=CARTESIAN_POINT('Ctrl Pts',(-318.368022649282,-161.584071493427,-0.582607682879427));
#6965=CARTESIAN_POINT('Ctrl Pts',(-318.360524480562,-161.630477250413,-0.61167586233795));
#6966=CARTESIAN_POINT('Ctrl Pts',(-318.350844252316,-161.675163294735,-0.642926101322038));
#6967=CARTESIAN_POINT('Ctrl Pts',(-318.339161968862,-161.71773658515,-0.676178395515038));
#6968=CARTESIAN_POINT('Ctrl Pts',(-318.327981406511,-161.758481472893,-0.708002597517695));
#6969=CARTESIAN_POINT('Ctrl Pts',(-318.314967486986,-161.797291042297,-0.741660156695361));
#6970=CARTESIAN_POINT('Ctrl Pts',(-318.300308252745,-161.833852560743,-0.776963030589116));
#6971=CARTESIAN_POINT('Ctrl Pts',(-318.285650279617,-161.870410933852,-0.812262867425447));
#6972=CARTESIAN_POINT('Ctrl Pts',(-318.269347492327,-161.90472132556,-0.849207518424558));
#6973=CARTESIAN_POINT('Ctrl Pts',(-318.251614391484,-161.936507305669,-0.887582482975532));
#6974=CARTESIAN_POINT('Ctrl Pts',(-318.233882592102,-161.968290952955,-0.92595463112759));
#6975=CARTESIAN_POINT('Ctrl Pts',(-318.214720933118,-161.997550283512,-0.965756638881512));
#6976=CARTESIAN_POINT('Ctrl Pts',(-318.194366907471,-162.024049596788,-1.00675101329823));
#6977=CARTESIAN_POINT('Ctrl Pts',(-318.174014118566,-162.050547299925,-1.04774289683565));
#6978=CARTESIAN_POINT('Ctrl Pts',(-318.152469374514,-162.074285091461,-1.08992673551838));
#6979=CARTESIAN_POINT('Ctrl Pts',(-318.129989329195,-162.09507177316,-1.13304587546966));
#6980=CARTESIAN_POINT('Ctrl Pts',(-318.107505689048,-162.115861778896,-1.17617191068419));
#6981=CARTESIAN_POINT('Ctrl Pts',(-318.084086733116,-162.133699548978,-1.2202332616843));
#6982=CARTESIAN_POINT('Ctrl Pts',(-318.060004311293,-162.148441361596,-1.26495807857565));
#6983=CARTESIAN_POINT('Ctrl Pts',(-318.035925311866,-162.163181079228,-1.30967653954298));
#6984=CARTESIAN_POINT('Ctrl Pts',(-318.011183334214,-162.174825592399,-1.35505797873575));
#6985=CARTESIAN_POINT('Ctrl Pts',(-317.98606079612,-162.183281105974,-1.40081997836955));
#6986=CARTESIAN_POINT('Ctrl Pts',(-317.960937269986,-162.191736952095,-1.44658377777046));
#6987=CARTESIAN_POINT('Ctrl Pts',(-317.935433461333,-162.197003473986,-1.49272785969017));
#6988=CARTESIAN_POINT('Ctrl Pts',(-317.909837950314,-162.199038247126,-1.53896364397643));
#6989=CARTESIAN_POINT('Ctrl Pts',(-317.901773736803,-162.19967933005,-1.55353085601836));
#6990=CARTESIAN_POINT('Ctrl Pts',(-317.893700447403,-162.2,-1.56810714394899));
#6991=CARTESIAN_POINT('Ctrl Pts',(-317.885627157518,-162.2,-1.58268343236469));
#6992=CARTESIAN_POINT('Ctrl Pts',(-318.917157287526,-161.,0.214213562373544));
#6993=CARTESIAN_POINT('Ctrl Pts',(-318.926240764133,-161.074569685969,0.205130085766687));
#6994=CARTESIAN_POINT('Ctrl Pts',(-318.932372196264,-161.149139177507,0.193094564684474));
#6995=CARTESIAN_POINT('Ctrl Pts',(-318.935570016485,-161.223242862729,0.178125431691797));
#6996=CARTESIAN_POINT('Ctrl Pts',(-318.93876773085,-161.297344094921,0.163156794217284));
#6997=CARTESIAN_POINT('Ctrl Pts',(-318.939032058412,-161.370979165279,0.145254769940312));
#6998=CARTESIAN_POINT('Ctrl Pts',(-318.93641806042,-161.443688326825,0.124474420108967));
#6999=CARTESIAN_POINT('Ctrl Pts',(-318.933804142564,-161.516395259371,0.103694707327983));
#7000=CARTESIAN_POINT('Ctrl Pts',(-318.928312136795,-161.588175960864,0.0800369066346684));
#7001=CARTESIAN_POINT('Ctrl Pts',(-318.920033037223,-161.658582289667,0.0535920121382674));
#7002=CARTESIAN_POINT('Ctrl Pts',(-318.91175417121,-161.728986632261,0.0271478636698469));
#7003=CARTESIAN_POINT('Ctrl Pts',(-318.900688459313,-161.798016312765,-0.00208313068239591));
#7004=CARTESIAN_POINT('Ctrl Pts',(-318.886961684748,-161.865240389001,-0.0339751877026089));
#7005=CARTESIAN_POINT('Ctrl Pts',(-318.87323526386,-161.932462733178,-0.0658664230094039));
#7006=CARTESIAN_POINT('Ctrl Pts',(-318.856848036463,-161.99787921583,-0.100418464825369));
#7007=CARTESIAN_POINT('Ctrl Pts',(-318.837958997575,-162.061081472447,-0.137472318132325));
#7008=CARTESIAN_POINT('Ctrl Pts',(-318.819070399192,-162.124282255141,-0.174525307316623));
#7009=CARTESIAN_POINT('Ctrl Pts',(-318.797680251911,-162.185268585778,-0.214079845400158));
#7010=CARTESIAN_POINT('Ctrl Pts',(-318.77397877146,-162.24365977294,-0.255945716653372));
#7011=CARTESIAN_POINT('Ctrl Pts',(-318.750144593795,-162.302377874188,-0.298045981891879));
#7012=CARTESIAN_POINT('Ctrl Pts',(-318.723973276623,-162.358471350867,-0.342483386637568));
#7013=CARTESIAN_POINT('Ctrl Pts',(-318.695687668181,-162.411586129653,-0.389035082653024));
#7014=CARTESIAN_POINT('Ctrl Pts',(-318.667555540312,-162.464412702275,-0.435334184456419));
#7015=CARTESIAN_POINT('Ctrl Pts',(-318.63733222308,-162.514292570486,-0.48372447562389));
#7016=CARTESIAN_POINT('Ctrl Pts',(-318.605263148716,-162.560914283691,-0.53396052392182));
#7017=CARTESIAN_POINT('Ctrl Pts',(-318.573196124253,-162.607533016772,-0.584193361062182));
#7018=CARTESIAN_POINT('Ctrl Pts',(-318.539283793416,-162.65089376873,-0.636271504575053));
#7019=CARTESIAN_POINT('Ctrl Pts',(-318.503794584812,-162.690725828974,-0.689926525855526));
#7020=CARTESIAN_POINT('Ctrl Pts',(-318.468307297531,-162.730555732781,-0.743578642348311));
#7021=CARTESIAN_POINT('Ctrl Pts',(-318.431243535725,-162.76685711971,-0.798807233366774));
#7022=CARTESIAN_POINT('Ctrl Pts',(-318.39289136886,-162.79940337681,-0.855324229443141));
#7023=CARTESIAN_POINT('Ctrl Pts',(-318.354166718856,-162.83226572901,-0.912390128744854));
#7024=CARTESIAN_POINT('Ctrl Pts',(-318.314128744971,-162.861299403069,-0.970769351929043));
#7025=CARTESIAN_POINT('Ctrl Pts',(-318.273090618405,-162.886319624154,-1.03014872779301));
#7026=CARTESIAN_POINT('Ctrl Pts',(-318.232444980729,-162.911100551693,-1.08896019894899));
#7027=CARTESIAN_POINT('Ctrl Pts',(-318.190818512644,-162.931944376804,-1.14875250051316));
#7028=CARTESIAN_POINT('Ctrl Pts',(-318.148527804579,-162.948720966662,-1.20920904205744));
#7029=CARTESIAN_POINT('Ctrl Pts',(-318.105624535094,-162.965740557694,-1.27054126875028));
#7030=CARTESIAN_POINT('Ctrl Pts',(-318.062037904857,-162.978574017225,-1.33255685619467));
#7031=CARTESIAN_POINT('Ctrl Pts',(-318.018107163679,-162.987138889625,-1.39491655458067));
#7032=CARTESIAN_POINT('Ctrl Pts',(-317.974176422501,-162.995703762026,-1.45727625296668));
#7033=CARTESIAN_POINT('Ctrl Pts',(-317.929901863852,-163.,-1.51997976882301));
#7034=CARTESIAN_POINT('Ctrl Pts',(-317.885627157518,-163.,-1.58268343236469));
#7035=CARTESIAN_POINT('Ctrl Pts',(-386.914766638164,-163.007997611656,-70.6161758826713));
#7036=CARTESIAN_POINT('Ctrl Pts',(-387.1334066006,-163.00840720096,-70.4615768041522));
#7037=CARTESIAN_POINT('Ctrl Pts',(-387.351950606878,-162.956129700035,-70.3070510282152));
#7038=CARTESIAN_POINT('Ctrl Pts',(-387.759951403235,-162.754563067815,-70.0268602951259));
#7039=CARTESIAN_POINT('Ctrl Pts',(-387.949344705112,-162.605731019535,-69.9012475653099));
#7040=CARTESIAN_POINT('Ctrl Pts',(-388.275971862523,-162.234009813709,-69.7021815520205));
#7041=CARTESIAN_POINT('Ctrl Pts',(-388.41310229915,-162.011266912584,-69.6288316874545));
#7042=CARTESIAN_POINT('Ctrl Pts',(-388.619536463287,-161.524642015358,-69.5502075865849));
#7043=CARTESIAN_POINT('Ctrl Pts',(-388.688511353865,-161.260841842498,-69.5452509263477));
#7044=CARTESIAN_POINT('Ctrl Pts',(-388.720242172449,-160.996921985635,-69.5775609916807));
#7045=CARTESIAN_POINT('Ctrl Pts',(-386.914775309561,-162.999997621172,-70.6161672113377));
#7046=CARTESIAN_POINT('Ctrl Pts',(-387.13267175553,-163.000405578646,-70.462311643736));
#7047=CARTESIAN_POINT('Ctrl Pts',(-387.35047260717,-162.948336354616,-70.3085290279234));
#7048=CARTESIAN_POINT('Ctrl Pts',(-387.757102504066,-162.747572776708,-70.0297091942952));
#7049=CARTESIAN_POINT('Ctrl Pts',(-387.945868303887,-162.599333684796,-69.9047239665343));
#7050=CARTESIAN_POINT('Ctrl Pts',(-388.271448263747,-162.22909343995,-69.7067051507962));
#7051=CARTESIAN_POINT('Ctrl Pts',(-388.408159416906,-162.007237960742,-69.6337745696986));
#7052=CARTESIAN_POINT('Ctrl Pts',(-388.614025735893,-161.522551808125,-69.5557183139784));
#7053=CARTESIAN_POINT('Ctrl Pts',(-388.682853355209,-161.259802618513,-69.5509089304897));
#7054=CARTESIAN_POINT('Ctrl Pts',(-388.714585324896,-160.996934248798,-69.5832178391697));
#7055=CARTESIAN_POINT('Ctrl Pts',(-386.915642449344,-162.199998572703,-70.6153000779782));
#7056=CARTESIAN_POINT('Ctrl Pts',(-387.059187248559,-162.200243347187,-70.5357956021202));
#7057=CARTESIAN_POINT('Ctrl Pts',(-387.202672636351,-162.16900181277,-70.4563289987424));
#7058=CARTESIAN_POINT('Ctrl Pts',(-387.472212587142,-162.048543666025,-70.3145991112189));
#7059=CARTESIAN_POINT('Ctrl Pts',(-387.598228181447,-161.959600210878,-70.2523640889746));
#7060=CARTESIAN_POINT('Ctrl Pts',(-387.819088386187,-161.73745606397,-70.159065028356));
#7061=CARTESIAN_POINT('Ctrl Pts',(-387.913871192495,-161.604342776445,-70.1280627941097));
#7062=CARTESIAN_POINT('Ctrl Pts',(-388.062952996541,-161.313531084875,-70.1067910533311));
#7063=CARTESIAN_POINT('Ctrl Pts',(-388.117053489589,-161.15588022004,-70.1167093446969));
#7064=CARTESIAN_POINT('Ctrl Pts',(-388.14890056957,-160.998160565097,-70.1489025880732));
#7065=CARTESIAN_POINT('Ctrl Pts',(-386.915651207456,-162.191918582313,-70.6152913199312));
#7066=CARTESIAN_POINT('Ctrl Pts',(-387.058445055038,-162.19216170865,-70.5365377900999));
#7067=CARTESIAN_POINT('Ctrl Pts',(-387.201179856646,-162.161130533897,-70.4578217784476));
#7068=CARTESIAN_POINT('Ctrl Pts',(-387.469335198981,-162.041483472007,-70.3174764993799));
#7069=CARTESIAN_POINT('Ctrl Pts',(-387.59471701621,-161.953138902791,-70.2558752542112));
#7070=CARTESIAN_POINT('Ctrl Pts',(-387.814519551424,-161.732490526472,-70.1636338631194));
#7071=CARTESIAN_POINT('Ctrl Pts',(-387.908878881428,-161.600273535084,-70.1330551051763));
#7072=CARTESIAN_POINT('Ctrl Pts',(-388.057387161873,-161.31141997557,-70.1123568879985));
#7073=CARTESIAN_POINT('Ctrl Pts',(-388.111338910946,-161.154830603815,-70.1224239288804));
#7074=CARTESIAN_POINT('Ctrl Pts',(-388.143187153541,-160.998172950892,-70.1546160040371));
#7075=CARTESIAN_POINT('',(-386.917316567635,-162.2,-70.6143728424829));
#7076=CARTESIAN_POINT('Ctrl Pts',(-386.917316567634,-162.2,-70.6143728424829));
#7077=CARTESIAN_POINT('Ctrl Pts',(-386.96358423261,-162.2,-70.5887468215787));
#7078=CARTESIAN_POINT('Ctrl Pts',(-387.0098517414,-162.196765220004,-70.5631209568592));
#7079=CARTESIAN_POINT('Ctrl Pts',(-387.055829486738,-162.190321721267,-70.537784855593));
#7080=CARTESIAN_POINT('Ctrl Pts',(-387.10180551147,-162.183878463663,-70.5124497024685));
#7081=CARTESIAN_POINT('Ctrl Pts',(-387.147491484656,-162.174226783777,-70.4874046008908));
#7082=CARTESIAN_POINT('Ctrl Pts',(-387.192602502375,-162.161444435312,-70.46293445478));
#7083=CARTESIAN_POINT('Ctrl Pts',(-387.237711974386,-162.148662524828,-70.4384651471269));
#7084=CARTESIAN_POINT('Ctrl Pts',(-387.282246228144,-162.132750271636,-70.4145710577279));
#7085=CARTESIAN_POINT('Ctrl Pts',(-387.325929653945,-162.113835855701,-70.3915277962852));
#7086=CARTESIAN_POINT('Ctrl Pts',(-387.369611720873,-162.094922028142,-70.3684852516559));
#7087=CARTESIAN_POINT('Ctrl Pts',(-387.412442723044,-162.073006389164,-70.3462937717836));
#7088=CARTESIAN_POINT('Ctrl Pts',(-387.454160784839,-162.048265467601,-70.3252152322872));
#7089=CARTESIAN_POINT('Ctrl Pts',(-387.497759615659,-162.022409154841,-70.3031864122058));
#7090=CARTESIAN_POINT('Ctrl Pts',(-387.540142425993,-161.993466943906,-70.2823736126103));
#7091=CARTESIAN_POINT('Ctrl Pts',(-387.581031293712,-161.961693399341,-70.2630547556295));
#7092=CARTESIAN_POINT('Ctrl Pts',(-387.62016409996,-161.931284438844,-70.2445655890339));
#7093=CARTESIAN_POINT('Ctrl Pts',(-387.657928429487,-161.898282719765,-70.2274448991601));
#7094=CARTESIAN_POINT('Ctrl Pts',(-387.694103146936,-161.862954174301,-70.2119138213628));
#7095=CARTESIAN_POINT('Ctrl Pts',(-387.730274752325,-161.827628668102,-70.1963840796826));
#7096=CARTESIAN_POINT('Ctrl Pts',(-387.764856794822,-161.789977043407,-70.1824439008947));
#7097=CARTESIAN_POINT('Ctrl Pts',(-387.797653808758,-161.750302649888,-70.1702887506674));
#7098=CARTESIAN_POINT('Ctrl Pts',(-387.830448415669,-161.710631168135,-70.1581344925256));
#7099=CARTESIAN_POINT('Ctrl Pts',(-387.861458061104,-161.668937559541,-70.1477651958607));
#7100=CARTESIAN_POINT('Ctrl Pts',(-387.890516079603,-161.625557689841,-70.1393475261317));
#7101=CARTESIAN_POINT('Ctrl Pts',(-387.919572332493,-161.582180455967,-70.1309303678728));
#7102=CARTESIAN_POINT('Ctrl Pts',(-387.946677033174,-161.53711754296,-70.1244647618236));
#7103=CARTESIAN_POINT('Ctrl Pts',(-387.971694984078,-161.490731914215,-70.1200859055516));
#7104=CARTESIAN_POINT('Ctrl Pts',(-387.996716935649,-161.444338867856,-70.1157063490484));
#7105=CARTESIAN_POINT('Ctrl Pts',(-388.019651341369,-161.396623085227,-70.1134143383963));
#7106=CARTESIAN_POINT('Ctrl Pts',(-388.040396574572,-161.347969020138,-70.1133115002615));
#7107=CARTESIAN_POINT('Ctrl Pts',(-388.061138859633,-161.299321869364,-70.1132086767412));
#7108=CARTESIAN_POINT('Ctrl Pts',(-388.07969250463,-161.249737125793,-70.115294493285));
#7109=CARTESIAN_POINT('Ctrl Pts',(-388.095991186388,-161.199614188485,-70.1196352730675));
#7110=CARTESIAN_POINT('Ctrl Pts',(-388.112290509154,-161.149489279899,-70.1239762235679));
#7111=CARTESIAN_POINT('Ctrl Pts',(-388.126334639129,-161.098826570618,-70.1305723668592));
#7112=CARTESIAN_POINT('Ctrl Pts',(-388.138093577648,-161.048034174605,-70.1394537016074));
#7113=CARTESIAN_POINT('Ctrl Pts',(-388.141798390996,-161.032031340129,-70.1422518867899));
#7114=CARTESIAN_POINT('Ctrl Pts',(-388.145276638158,-161.016015670407,-70.1452766381588));
#7115=CARTESIAN_POINT('Ctrl Pts',(-388.148528137424,-161.,-70.1485281374242));
#7116=CARTESIAN_POINT('',(-386.917316567635,-163.,-70.6143728424825));
#7117=CARTESIAN_POINT('',(-386.917316567635,-162.2,-70.6143728424825));
#7118=CARTESIAN_POINT('Ctrl Pts',(-386.917316567635,-163.,-70.6143728424825));
#7119=CARTESIAN_POINT('Ctrl Pts',(-386.979128774862,-163.,-70.5707275884694));
#7120=CARTESIAN_POINT('Ctrl Pts',(-387.040940844605,-162.995825178666,-70.5270824719402));
#7121=CARTESIAN_POINT('Ctrl Pts',(-387.102423539542,-162.987501603582,-70.4837667302161));
#7122=CARTESIAN_POINT('Ctrl Pts',(-387.163904199239,-162.97917830403,-70.4404524223584));
#7123=CARTESIAN_POINT('Ctrl Pts',(-387.225055232742,-162.966706569078,-70.3974677406948));
#7124=CARTESIAN_POINT('Ctrl Pts',(-387.285551549845,-162.950164267091,-70.3551377754306));
#7125=CARTESIAN_POINT('Ctrl Pts',(-387.346046012351,-162.933622472231,-70.3128091078501));
#7126=CARTESIAN_POINT('Ctrl Pts',(-387.405885530597,-162.913010446411,-70.2711353845282));
#7127=CARTESIAN_POINT('Ctrl Pts',(-387.464753220594,-162.888456874736,-70.2304334894556));
#7128=CARTESIAN_POINT('Ctrl Pts',(-387.523619249895,-162.863903995732,-70.1897327426104));
#7129=CARTESIAN_POINT('Ctrl Pts',(-387.58151324631,-162.835409921484,-70.1500040286503));
#7130=CARTESIAN_POINT('Ctrl Pts',(-387.638130487704,-162.803152536321,-70.1115520697125));
#7131=CARTESIAN_POINT('Ctrl Pts',(-387.694746270328,-162.770895982283,-70.073101101507));
#7132=CARTESIAN_POINT('Ctrl Pts',(-387.750085116021,-162.734876479594,-70.035927070232));
#7133=CARTESIAN_POINT('Ctrl Pts',(-387.803858267471,-162.695318881164,-70.0003187332015));
#7134=CARTESIAN_POINT('Ctrl Pts',(-387.857630164891,-162.655762205245,-69.9647112265831));
#7135=CARTESIAN_POINT('Ctrl Pts',(-387.909836208246,-162.612667804946,-69.9306695740307));
#7136=CARTESIAN_POINT('Ctrl Pts',(-387.96020720805,-162.566304685931,-69.8984629650283));
#7137=CARTESIAN_POINT('Ctrl Pts',(-388.010860219408,-162.51968199424,-69.8660760412441));
#7138=CARTESIAN_POINT('Ctrl Pts',(-388.059657340935,-162.469754088162,-69.8355450072912));
#7139=CARTESIAN_POINT('Ctrl Pts',(-388.106348204982,-162.416836122694,-69.8071202308174));
#7140=CARTESIAN_POINT('Ctrl Pts',(-388.152785719678,-162.364205295461,-69.7788496900563));
#7141=CARTESIAN_POINT('Ctrl Pts',(-388.197139599701,-162.308617079868,-69.7526627839675));
#7142=CARTESIAN_POINT('Ctrl Pts',(-388.239189616226,-162.250418569507,-69.7287797413769));
#7143=CARTESIAN_POINT('Ctrl Pts',(-388.281236944857,-162.192223779276,-69.7048982254234));
#7144=CARTESIAN_POINT('Ctrl Pts',(-388.320980532942,-162.131419331747,-69.6833204500143));
#7145=CARTESIAN_POINT('Ctrl Pts',(-388.358228959187,-162.068384842292,-69.6642378364457));
#7146=CARTESIAN_POINT('Ctrl Pts',(-388.395475368869,-162.005353765412,-69.6451562559759));
#7147=CARTESIAN_POINT('Ctrl Pts',(-388.430226740339,-161.940093216878,-69.6285697137178));
#7148=CARTESIAN_POINT('Ctrl Pts',(-388.462322834043,-161.873010588437,-69.6146384492256));
#7149=CARTESIAN_POINT('Ctrl Pts',(-388.494730650778,-161.80527644145,-69.6005718817884));
#7150=CARTESIAN_POINT('Ctrl Pts',(-388.524431183237,-161.735684974016,-69.5892125986276));
#7151=CARTESIAN_POINT('Ctrl Pts',(-388.551293775882,-161.664679077098,-69.5806912552813));
#7152=CARTESIAN_POINT('Ctrl Pts',(-388.577899454529,-161.594352281006,-69.572251410114));
#7153=CARTESIAN_POINT('Ctrl Pts',(-388.601721181351,-161.522638381248,-69.566595516772));
#7154=CARTESIAN_POINT('Ctrl Pts',(-388.622666938544,-161.449985104301,-69.5638155930583));
#7155=CARTESIAN_POINT('Ctrl Pts',(-388.643916085379,-161.376279478113,-69.5609954034305));
#7156=CARTESIAN_POINT('Ctrl Pts',(-388.662205190244,-161.301607433882,-69.5611352557736));
#7157=CARTESIAN_POINT('Ctrl Pts',(-388.677475948202,-161.226448743291,-69.564293455023));
#7158=CARTESIAN_POINT('Ctrl Pts',(-388.69274670616,-161.1512900527,-69.5674516542724));
#7159=CARTESIAN_POINT('Ctrl Pts',(-388.704999083769,-161.075645130779,-69.5736282338711));
#7160=CARTESIAN_POINT('Ctrl Pts',(-388.714213562373,-161.,-69.5828427124749));
#7161=CARTESIAN_POINT('Origin',(-387.3,-161.,-70.997056274848));
#7162=CARTESIAN_POINT('',(-317.502943725152,-163.,-1.19999999999999));
#7163=CARTESIAN_POINT('Origin',(-387.3,-161.,-70.997056274848));
#7164=CARTESIAN_POINT('',(-317.502943725152,-162.2,-1.2));
#7165=CARTESIAN_POINT('Origin',(-3.35234170670179E-13,-163.000000000001,
3.3523417067018E-13));
#7166=CARTESIAN_POINT('',(-310.429783034802,-163.,-19.5826834323651));
#7167=CARTESIAN_POINT('',(-317.885627157517,-163.,-1.58268343236508));
#7168=CARTESIAN_POINT('',(-368.917316567635,-163.,-78.0702169651982));
#7169=CARTESIAN_POINT('',(-280.090679340086,-163.,-114.863414804844));
#7170=CARTESIAN_POINT('',(-145.423549801218,-163.,145.423549801218));
#7171=CARTESIAN_POINT('Origin',(-3.33235769225854E-13,-162.200000000001,
3.33235769225854E-13));
#7172=CARTESIAN_POINT('',(-310.429783034802,-162.2,-19.5826834323651));
#7173=CARTESIAN_POINT('',(-271.891917974918,-162.2,-112.621319924842));
#7174=CARTESIAN_POINT('',(-368.917316567635,-162.2,-78.0702169651982));
#7175=CARTESIAN_POINT('',(-304.775021663795,-162.2,-13.9279220613578));
#7176=CARTESIAN_POINT('',(-81.6286800751557,-162.200000000001,-197.069066516056));
#7177=CARTESIAN_POINT('Origin',(-304.775021663795,-163.,-13.9279220613578));
#7178=CARTESIAN_POINT('',(-310.429783034802,-163.,-19.5826834323651));
#7179=CARTESIAN_POINT('',(-368.917316567635,-163.,-78.0702169651982));
#7180=CARTESIAN_POINT('Origin',(-280.090679340086,-163.,-114.863414804844));
#7181=CARTESIAN_POINT('Origin',(-317.885627157517,-163.,-1.58268343236508));
#7182=CARTESIAN_POINT('Ctrl Pts',(-389.307997611656,-160.996921985635,-70.9965281443715));
#7183=CARTESIAN_POINT('Ctrl Pts',(-389.308407200961,-161.260841842498,-71.0418118876623));
#7184=CARTESIAN_POINT('Ctrl Pts',(-389.256129700035,-161.524642015358,-71.0870796124561));
#7185=CARTESIAN_POINT('Ctrl Pts',(-389.054563067815,-162.011266912585,-71.1774549748965));
#7186=CARTESIAN_POINT('Ctrl Pts',(-388.905731019535,-162.23400981371,-71.2225546499087));
#7187=CARTESIAN_POINT('Ctrl Pts',(-388.53400981371,-162.605731019536,-71.3127539999331));
#7188=CARTESIAN_POINT('Ctrl Pts',(-388.311266912585,-162.754563067815,-71.3578536749452));
#7189=CARTESIAN_POINT('Ctrl Pts',(-387.824642015358,-162.956129700035,-71.4482290373856));
#7190=CARTESIAN_POINT('Ctrl Pts',(-387.560841842498,-163.00840720096,-71.4934967621794));
#7191=CARTESIAN_POINT('Ctrl Pts',(-387.296921985635,-163.007997611656,-71.5387805054702));
#7192=CARTESIAN_POINT('Ctrl Pts',(-389.299997621172,-160.996934248798,-70.9965281444169));
#7193=CARTESIAN_POINT('Ctrl Pts',(-389.300405578646,-161.259802618513,-71.0418118837832));
#7194=CARTESIAN_POINT('Ctrl Pts',(-389.248336354616,-161.522551808126,-71.0870796124561));
#7195=CARTESIAN_POINT('Ctrl Pts',(-389.047572776709,-162.007237960742,-71.1774549748965));
#7196=CARTESIAN_POINT('Ctrl Pts',(-388.899333684796,-162.22909343995,-71.2225546499087));
#7197=CARTESIAN_POINT('Ctrl Pts',(-388.52909343995,-162.599333684796,-71.3127539999331));
#7198=CARTESIAN_POINT('Ctrl Pts',(-388.307237960742,-162.747572776709,-71.3578536749452));
#7199=CARTESIAN_POINT('Ctrl Pts',(-387.822551808126,-162.948336354617,-71.4482290373856));
#7200=CARTESIAN_POINT('Ctrl Pts',(-387.559802618513,-163.000405578646,-71.4934967660585));
#7201=CARTESIAN_POINT('Ctrl Pts',(-387.296934248798,-162.999997621172,-71.5387805054248));
#7202=CARTESIAN_POINT('Ctrl Pts',(-388.499998572703,-160.998160565098,-70.9965281489587));
#7203=CARTESIAN_POINT('Ctrl Pts',(-388.500243347187,-161.15588022004,-71.0418114958735));
#7204=CARTESIAN_POINT('Ctrl Pts',(-388.46900181277,-161.313531084875,-71.0870796124561));
#7205=CARTESIAN_POINT('Ctrl Pts',(-388.348543666025,-161.604342776445,-71.1774549748965));
#7206=CARTESIAN_POINT('Ctrl Pts',(-388.259600210878,-161.73745606397,-71.2225546499087));
#7207=CARTESIAN_POINT('Ctrl Pts',(-388.03745606397,-161.959600210878,-71.3127539999331));
#7208=CARTESIAN_POINT('Ctrl Pts',(-387.904342776445,-162.048543666025,-71.3578536749452));
#7209=CARTESIAN_POINT('Ctrl Pts',(-387.613531084875,-162.16900181277,-71.4482290373856));
#7210=CARTESIAN_POINT('Ctrl Pts',(-387.45588022004,-162.200243347187,-71.4934971539682));
#7211=CARTESIAN_POINT('Ctrl Pts',(-387.298160565098,-162.199998572703,-71.5387805008831));
#7212=CARTESIAN_POINT('Ctrl Pts',(-388.491918582313,-160.998172950892,-70.9965281490045));
#7213=CARTESIAN_POINT('Ctrl Pts',(-388.49216170865,-161.154830603816,-71.0418114919556));
#7214=CARTESIAN_POINT('Ctrl Pts',(-388.461130533897,-161.311419975571,-71.0870796124561));
#7215=CARTESIAN_POINT('Ctrl Pts',(-388.341483472007,-161.600273535084,-71.1774549748965));
#7216=CARTESIAN_POINT('Ctrl Pts',(-388.253138902791,-161.732490526473,-71.2225546499087));
#7217=CARTESIAN_POINT('Ctrl Pts',(-388.032490526473,-161.953138902791,-71.3127539999331));
#7218=CARTESIAN_POINT('Ctrl Pts',(-387.900273535084,-162.041483472007,-71.3578536749452));
#7219=CARTESIAN_POINT('Ctrl Pts',(-387.611419975571,-162.161130533897,-71.4482290373856));
#7220=CARTESIAN_POINT('Ctrl Pts',(-387.454830603815,-162.19216170865,-71.4934971578861));
#7221=CARTESIAN_POINT('Ctrl Pts',(-387.298172950892,-162.191918582313,-71.5387805008372));
#7222=CARTESIAN_POINT('',(-387.3,-163.,-71.538252374994));
#7223=CARTESIAN_POINT('',(-387.3,-162.2,-71.538252374994));
#7224=CARTESIAN_POINT('',(-387.3,-162.2,-71.538252374994));
#7225=CARTESIAN_POINT('Ctrl Pts',(-388.5,-161.,-70.9970562748477));
#7226=CARTESIAN_POINT('Ctrl Pts',(-388.5,-161.05083651281,-71.0116521213453));
#7227=CARTESIAN_POINT('Ctrl Pts',(-388.496765220004,-161.101672804741,-71.0262479678428));
#7228=CARTESIAN_POINT('Ctrl Pts',(-388.490321721267,-161.152099309267,-71.0408438143403));
#7229=CARTESIAN_POINT('Ctrl Pts',(-388.483878463663,-161.202523926704,-71.0554391146239));
#7230=CARTESIAN_POINT('Ctrl Pts',(-388.474226783777,-161.25253834931,-71.0700344149075));
#7231=CARTESIAN_POINT('Ctrl Pts',(-388.461444435312,-161.301739662097,-71.0846297151911));
#7232=CARTESIAN_POINT('Ctrl Pts',(-388.448662524828,-161.350939289024,-71.0992245153737));
#7233=CARTESIAN_POINT('Ctrl Pts',(-388.432750271636,-161.399325434495,-71.1138193155564));
#7234=CARTESIAN_POINT('Ctrl Pts',(-388.413835855701,-161.446508327532,-71.128414115739));
#7235=CARTESIAN_POINT('Ctrl Pts',(-388.394922028142,-161.493689752836,-71.143008461917));
#7236=CARTESIAN_POINT('Ctrl Pts',(-388.373006389164,-161.539667590819,-71.1576028080949));
#7237=CARTESIAN_POINT('Ctrl Pts',(-388.348265467601,-161.584071493427,-71.1721971542729));
#7238=CARTESIAN_POINT('Ctrl Pts',(-388.322409154841,-161.630477250413,-71.1874494551363));
#7239=CARTESIAN_POINT('Ctrl Pts',(-388.293466943906,-161.675163294735,-71.2027017559997));
#7240=CARTESIAN_POINT('Ctrl Pts',(-388.261693399341,-161.71773658515,-71.2179540568631));
#7241=CARTESIAN_POINT('Ctrl Pts',(-388.231284438844,-161.758481472893,-71.2325513144497));
#7242=CARTESIAN_POINT('Ctrl Pts',(-388.198282719765,-161.797291042297,-71.2471485720363));
#7243=CARTESIAN_POINT('Ctrl Pts',(-388.162954174301,-161.833852560743,-71.2617458296229));
#7244=CARTESIAN_POINT('Ctrl Pts',(-388.127628668102,-161.870410933852,-71.2763418314277));
#7245=CARTESIAN_POINT('Ctrl Pts',(-388.089977043406,-161.90472132556,-71.2909378332324));
#7246=CARTESIAN_POINT('Ctrl Pts',(-388.050302649888,-161.936507305669,-71.3055338350372));
#7247=CARTESIAN_POINT('Ctrl Pts',(-388.010631168135,-161.968290952955,-71.3201287656184));
#7248=CARTESIAN_POINT('Ctrl Pts',(-387.968937559541,-161.997550283512,-71.3347236961996));
#7249=CARTESIAN_POINT('Ctrl Pts',(-387.925557689841,-162.024049596788,-71.3493186267809));
#7250=CARTESIAN_POINT('Ctrl Pts',(-387.882180455967,-162.050547299925,-71.3639126705524));
#7251=CARTESIAN_POINT('Ctrl Pts',(-387.83711754296,-162.074285091461,-71.3785067143239));
#7252=CARTESIAN_POINT('Ctrl Pts',(-387.790731914215,-162.09507177316,-71.3931007580954));
#7253=CARTESIAN_POINT('Ctrl Pts',(-387.744338867856,-162.115861778896,-71.407697135628));
#7254=CARTESIAN_POINT('Ctrl Pts',(-387.696623085227,-162.133699548978,-71.4222935131607));
#7255=CARTESIAN_POINT('Ctrl Pts',(-387.647969020138,-162.148441361596,-71.4368898906934));
#7256=CARTESIAN_POINT('Ctrl Pts',(-387.599321869364,-162.163181079228,-71.4514841939086));
#7257=CARTESIAN_POINT('Ctrl Pts',(-387.549737125793,-162.174825592399,-71.4660784971239));
#7258=CARTESIAN_POINT('Ctrl Pts',(-387.499614188485,-162.183281105974,-71.4806728003391));
#7259=CARTESIAN_POINT('Ctrl Pts',(-387.449489279899,-162.191736952095,-71.4952676775316));
#7260=CARTESIAN_POINT('Ctrl Pts',(-387.398826570617,-162.197003473986,-71.5098625547241));
#7261=CARTESIAN_POINT('Ctrl Pts',(-387.348034174605,-162.199038247126,-71.5244574319166));
#7262=CARTESIAN_POINT('Ctrl Pts',(-387.332031340129,-162.19967933005,-71.5290557462757));
#7263=CARTESIAN_POINT('Ctrl Pts',(-387.316015670407,-162.2,-71.5336540606348));
#7264=CARTESIAN_POINT('Ctrl Pts',(-387.3,-162.2,-71.538252374994));
#7265=CARTESIAN_POINT('Ctrl Pts',(-389.3,-161.,-70.9970562748477));
#7266=CARTESIAN_POINT('Ctrl Pts',(-389.3,-161.074569685969,-71.0099022506586));
#7267=CARTESIAN_POINT('Ctrl Pts',(-389.295825178666,-161.149139177507,-71.0227482264696));
#7268=CARTESIAN_POINT('Ctrl Pts',(-389.287501603582,-161.223242862729,-71.0355942022805));
#7269=CARTESIAN_POINT('Ctrl Pts',(-389.27917830403,-161.297344094921,-71.0484397528554));
#7270=CARTESIAN_POINT('Ctrl Pts',(-389.266706569079,-161.370979165279,-71.0612853034303));
#7271=CARTESIAN_POINT('Ctrl Pts',(-389.250164267091,-161.443688326825,-71.0741308540052));
#7272=CARTESIAN_POINT('Ctrl Pts',(-389.233622472231,-161.516395259371,-71.086976010782));
#7273=CARTESIAN_POINT('Ctrl Pts',(-389.213010446411,-161.588175960865,-71.0998211675588));
#7274=CARTESIAN_POINT('Ctrl Pts',(-389.188456874736,-161.658582289667,-71.1126663243356));
#7275=CARTESIAN_POINT('Ctrl Pts',(-389.163903995733,-161.728986632261,-71.125511118742));
#7276=CARTESIAN_POINT('Ctrl Pts',(-389.135409921484,-161.798016312765,-71.1383559131484));
#7277=CARTESIAN_POINT('Ctrl Pts',(-389.103152536321,-161.865240389001,-71.1512007075548));
#7278=CARTESIAN_POINT('Ctrl Pts',(-389.070895982284,-161.932462733178,-71.1640451710093));
#7279=CARTESIAN_POINT('Ctrl Pts',(-389.034876479594,-161.99787921583,-71.1768896344637));
#7280=CARTESIAN_POINT('Ctrl Pts',(-388.995318881164,-162.061081472447,-71.1897340979181));
#7281=CARTESIAN_POINT('Ctrl Pts',(-388.955762205245,-162.124282255141,-71.2025782618304));
#7282=CARTESIAN_POINT('Ctrl Pts',(-388.912667804946,-162.185268585778,-71.2154224257426));
#7283=CARTESIAN_POINT('Ctrl Pts',(-388.866304685932,-162.24365977294,-71.2282665896549));
#7284=CARTESIAN_POINT('Ctrl Pts',(-388.819681994241,-162.302377874188,-71.241182664044));
#7285=CARTESIAN_POINT('Ctrl Pts',(-388.769754088162,-162.358471350867,-71.2540987384331));
#7286=CARTESIAN_POINT('Ctrl Pts',(-388.716836122695,-162.411586129653,-71.2670148128222));
#7287=CARTESIAN_POINT('Ctrl Pts',(-388.664205295461,-162.464412702275,-71.2798608032851));
#7288=CARTESIAN_POINT('Ctrl Pts',(-388.608617079868,-162.514292570486,-71.2927067937479));
#7289=CARTESIAN_POINT('Ctrl Pts',(-388.550418569508,-162.560914283691,-71.3055527842107));
#7290=CARTESIAN_POINT('Ctrl Pts',(-388.492223779277,-162.607533016772,-71.3183979535401));
#7291=CARTESIAN_POINT('Ctrl Pts',(-388.431419331747,-162.65089376873,-71.3312431228695));
#7292=CARTESIAN_POINT('Ctrl Pts',(-388.368384842292,-162.690725828974,-71.3440882921988));
#7293=CARTESIAN_POINT('Ctrl Pts',(-388.305353765413,-162.730555732781,-71.3569327661135));
#7294=CARTESIAN_POINT('Ctrl Pts',(-388.240093216878,-162.76685711971,-71.3697772400282));
#7295=CARTESIAN_POINT('Ctrl Pts',(-388.173010588437,-162.79940337681,-71.3826217139429));
#7296=CARTESIAN_POINT('Ctrl Pts',(-388.10527644145,-162.83226572901,-71.3955909356971));
#7297=CARTESIAN_POINT('Ctrl Pts',(-388.035684974016,-162.861299403069,-71.4085601574514));
#7298=CARTESIAN_POINT('Ctrl Pts',(-387.964679077099,-162.886319624154,-71.4215293792057));
#7299=CARTESIAN_POINT('Ctrl Pts',(-387.894352281006,-162.911100551693,-71.434374563245));
#7300=CARTESIAN_POINT('Ctrl Pts',(-387.822638381248,-162.931944376804,-71.4472197472844));
#7301=CARTESIAN_POINT('Ctrl Pts',(-387.749985104301,-162.948720966662,-71.4600649313238));
#7302=CARTESIAN_POINT('Ctrl Pts',(-387.676279478113,-162.965740557694,-71.4730961719355));
#7303=CARTESIAN_POINT('Ctrl Pts',(-387.601607433883,-162.978574017225,-71.4861274125472));
#7304=CARTESIAN_POINT('Ctrl Pts',(-387.526448743291,-162.987138889625,-71.4991586531589));
#7305=CARTESIAN_POINT('Ctrl Pts',(-387.4512900527,-162.995703762026,-71.5121898937706));
#7306=CARTESIAN_POINT('Ctrl Pts',(-387.375645130779,-163.,-71.5252211343823));
#7307=CARTESIAN_POINT('Ctrl Pts',(-387.3,-163.,-71.538252374994));
#7308=CARTESIAN_POINT('Origin',(-387.3,-161.,-94.7));
#7309=CARTESIAN_POINT('',(-387.3,-162.2,-94.7));
#7310=CARTESIAN_POINT('Origin',(-387.3,-161.,-94.7));
#7311=CARTESIAN_POINT('',(-387.3,-163.,-94.7));
#7312=CARTESIAN_POINT('',(-387.3,-162.2,-94.7));
#7313=CARTESIAN_POINT('Origin',(-387.3,-161.,-94.7));
#7314=CARTESIAN_POINT('',(-388.5,-161.,-94.7));
#7315=CARTESIAN_POINT('Origin',(-387.3,-161.,-94.7));
#7316=CARTESIAN_POINT('',(-387.3,-163.,-70.9970562748477));
#7317=CARTESIAN_POINT('Origin',(-387.3,-161.,-94.7));
#7318=CARTESIAN_POINT('',(-387.3,-162.2,-70.9970562748477));
#7319=CARTESIAN_POINT('Origin',(-4.74059729378111E-13,-163.000000000001,
0.));
#7320=CARTESIAN_POINT('',(-369.3,-163.,-78.9940964977097));
#7321=CARTESIAN_POINT('',(-387.3,-163.,-71.538252374994));
#7322=CARTESIAN_POINT('',(-369.3,-163.,-94.7));
#7323=CARTESIAN_POINT('',(-4.74059729378111E-13,-163.000000000001,-94.7));
#7324=CARTESIAN_POINT('',(-369.3,-163.,0.));
#7325=CARTESIAN_POINT('',(-376.149999999994,-163.000000000002,-83.0499999999998));
#7326=CARTESIAN_POINT('',(-379.849999999994,-163.000000000002,-83.0499999999998));
#7327=CARTESIAN_POINT('',(-376.149999999994,-163.000000000002,-83.0499999999998));
#7328=CARTESIAN_POINT('',(-376.149999999994,-163.000000000002,-87.3499999999997));
#7329=CARTESIAN_POINT('Origin',(-376.149999999994,-163.000000000002,-85.1999999999997));
#7330=CARTESIAN_POINT('',(-379.849999999994,-163.000000000002,-87.3499999999997));
#7331=CARTESIAN_POINT('',(-376.149999999994,-163.000000000002,-87.3499999999997));
#7332=CARTESIAN_POINT('Origin',(-379.849999999994,-163.000000000002,-85.1999999999997));
#7333=CARTESIAN_POINT('Origin',(-4.71266544307036E-13,-162.200000000001,
0.));
#7334=CARTESIAN_POINT('',(-369.3,-162.2,-78.9940964977097));
#7335=CARTESIAN_POINT('',(-82.0113635075231,-162.200000000001,-197.992946048569));
#7336=CARTESIAN_POINT('',(-369.3,-162.2,-94.7));
#7337=CARTESIAN_POINT('',(-369.3,-162.2,-70.9970562748477));
#7338=CARTESIAN_POINT('',(-369.3,-162.2,-94.7));
#7339=CARTESIAN_POINT('',(-379.849999999994,-162.2,-83.0499999999998));
#7340=CARTESIAN_POINT('',(-376.149999999994,-162.2,-83.0499999999998));
#7341=CARTESIAN_POINT('',(-4.71266544307036E-13,-162.200000000001,-83.0499999999998));
#7342=CARTESIAN_POINT('',(-379.849999999994,-162.2,-87.3499999999997));
#7343=CARTESIAN_POINT('Origin',(-379.849999999994,-162.2,-85.1999999999997));
#7344=CARTESIAN_POINT('',(-376.149999999994,-162.2,-87.3499999999997));
#7345=CARTESIAN_POINT('',(-4.71266544307036E-13,-162.200000000001,-87.3499999999997));
#7346=CARTESIAN_POINT('Origin',(-376.149999999994,-162.2,-85.1999999999997));
#7347=CARTESIAN_POINT('Origin',(-369.3,-163.,-70.9970562748477));
#7348=CARTESIAN_POINT('',(-369.3,-163.,-78.9940964977097));
#7349=CARTESIAN_POINT('',(-369.3,-163.,-94.7));
#7350=CARTESIAN_POINT('Origin',(-369.3,-163.,-94.7));
#7351=CARTESIAN_POINT('Origin',(-387.3,-163.,-71.538252374994));
#7352=CARTESIAN_POINT('Origin',(-387.3,-140.,-94.7));
#7353=CARTESIAN_POINT('',(-389.3,-140.,-94.7));
#7354=CARTESIAN_POINT('',(-387.3,-140.,-96.6999999999999));
#7355=CARTESIAN_POINT('Origin',(-389.3,-150.5,-94.7));
#7356=CARTESIAN_POINT('Origin',(-3.42246485781264E-13,-140.,-95.9000000000014));
#7357=CARTESIAN_POINT('Origin',(-389.3,-12.5,-94.7));
#7358=CARTESIAN_POINT('',(-389.3,-23.,-94.7));
#7359=CARTESIAN_POINT('Origin',(-387.3,-23.,-94.7));
#7360=CARTESIAN_POINT('',(-387.3,-23.,-96.7));
#7361=CARTESIAN_POINT('Origin',(-389.3,-23.,-96.7));
#7362=CARTESIAN_POINT('Origin',(387.3,-23.,-94.7));
#7363=CARTESIAN_POINT('',(389.3,-23.,-94.7));
#7364=CARTESIAN_POINT('',(387.3,-23.,-96.6999999999999));
#7365=CARTESIAN_POINT('Origin',(389.3,-12.5,-94.7));
#7366=CARTESIAN_POINT('Origin',(3.42246485781264E-13,-23.,-95.9000000000014));
#7367=CARTESIAN_POINT('Origin',(388.5,-150.5,-94.7));
#7368=CARTESIAN_POINT('',(388.5,-140.,-94.7));
#7369=CARTESIAN_POINT('Origin',(387.3,-140.,-94.7));
#7370=CARTESIAN_POINT('',(387.3,-140.,-95.9));
#7371=CARTESIAN_POINT('Origin',(-389.3,-140.,-96.7));
#7372=CARTESIAN_POINT('Origin',(-379.849999999994,-163.000000000002,-85.1999999999997));
#7373=CARTESIAN_POINT('',(-379.849999999994,-163.000000000002,-83.0499999999998));
#7374=CARTESIAN_POINT('',(-379.849999999994,-163.000000000002,-87.3499999999997));
#7375=CARTESIAN_POINT('Origin',(-376.149999999994,-163.000000000002,-85.1999999999997));
#7376=CARTESIAN_POINT('',(-376.149999999994,-163.000000000002,-87.3499999999997));
#7377=CARTESIAN_POINT('',(-376.149999999994,-163.000000000002,-83.0499999999998));
#7378=CARTESIAN_POINT('Origin',(-376.149999999994,-163.000000000002,-87.3499999999997));
#7379=CARTESIAN_POINT('Origin',(-376.149999999994,-163.000000000002,-83.0499999999998));
#7380=CARTESIAN_POINT('Origin',(376.149999999995,-163.,-85.1999999999997));
#7381=CARTESIAN_POINT('',(376.149999999995,-163.,-83.0499999999998));
#7382=CARTESIAN_POINT('',(376.149999999995,-163.,-87.3499999999997));
#7383=CARTESIAN_POINT('Origin',(379.849999999995,-163.,-85.1999999999997));
#7384=CARTESIAN_POINT('',(379.849999999995,-163.,-87.3499999999997));
#7385=CARTESIAN_POINT('',(379.849999999995,-163.,-83.0499999999998));
#7386=CARTESIAN_POINT('Origin',(379.849999999995,-163.,-87.3499999999997));
#7387=CARTESIAN_POINT('Origin',(379.849999999995,-163.,-83.0499999999998));
#7388=CARTESIAN_POINT('Origin',(42.9999999999949,-163.,-8.34999999999979));
#7389=CARTESIAN_POINT('',(45.1499999999949,-158.,-8.34999999999979));
#7390=CARTESIAN_POINT('',(40.8499999999949,-163.,-8.34999999999979));
#7391=CARTESIAN_POINT('Origin',(45.1499999999949,-158.,-8.34999999999979));
#7392=CARTESIAN_POINT('Origin',(40.8499999999949,-163.,-8.34999999999979));
#7393=CARTESIAN_POINT('Origin',(-43.0000000000051,-163.,-8.34999999999979));
#7394=CARTESIAN_POINT('',(-40.8500000000051,-158.,-8.34999999999979));
#7395=CARTESIAN_POINT('',(-45.1500000000051,-163.,-8.34999999999979));
#7396=CARTESIAN_POINT('Origin',(-40.8500000000051,-158.,-8.34999999999979));
#7397=CARTESIAN_POINT('Origin',(-45.1500000000051,-163.,-8.34999999999979));
#7398=CARTESIAN_POINT('Origin',(-300.999999999995,-163.,-8.34999999999979));
#7399=CARTESIAN_POINT('',(-298.849999999995,-158.,-8.34999999999979));
#7400=CARTESIAN_POINT('',(-303.149999999995,-163.,-8.34999999999979));
#7401=CARTESIAN_POINT('Origin',(-298.849999999995,-158.,-8.34999999999979));
#7402=CARTESIAN_POINT('Origin',(-303.149999999995,-163.,-8.34999999999979));
#7403=CARTESIAN_POINT('Origin',(-214.999999999995,-163.,-8.34999999999979));
#7404=CARTESIAN_POINT('',(-212.849999999995,-158.,-8.34999999999979));
#7405=CARTESIAN_POINT('',(-217.149999999995,-163.,-8.34999999999979));
#7406=CARTESIAN_POINT('Origin',(-212.849999999995,-158.,-8.34999999999979));
#7407=CARTESIAN_POINT('Origin',(-217.149999999995,-163.,-8.34999999999979));
#7408=CARTESIAN_POINT('Origin',(-128.999999999995,-163.,-8.34999999999979));
#7409=CARTESIAN_POINT('',(-126.849999999995,-158.,-8.34999999999979));
#7410=CARTESIAN_POINT('',(-131.149999999995,-163.,-8.34999999999979));
#7411=CARTESIAN_POINT('Origin',(-126.849999999995,-158.,-8.34999999999979));
#7412=CARTESIAN_POINT('Origin',(-131.149999999995,-163.,-8.34999999999979));
#7413=CARTESIAN_POINT('Origin',(128.999999999995,-163.,-8.34999999999979));
#7414=CARTESIAN_POINT('',(131.149999999995,-158.,-8.34999999999979));
#7415=CARTESIAN_POINT('',(126.849999999995,-163.,-8.34999999999979));
#7416=CARTESIAN_POINT('Origin',(131.149999999995,-158.,-8.34999999999979));
#7417=CARTESIAN_POINT('Origin',(126.849999999995,-163.,-8.34999999999979));
#7418=CARTESIAN_POINT('Origin',(214.999999999995,-163.,-8.34999999999979));
#7419=CARTESIAN_POINT('',(217.149999999995,-158.,-8.34999999999979));
#7420=CARTESIAN_POINT('',(212.849999999995,-163.,-8.34999999999979));
#7421=CARTESIAN_POINT('Origin',(217.149999999995,-158.,-8.34999999999979));
#7422=CARTESIAN_POINT('Origin',(212.849999999995,-163.,-8.34999999999979));
#7423=CARTESIAN_POINT('Origin',(300.999999999995,-163.,-8.34999999999979));
#7424=CARTESIAN_POINT('',(303.149999999995,-158.,-8.34999999999979));
#7425=CARTESIAN_POINT('',(298.849999999995,-163.,-8.34999999999979));
#7426=CARTESIAN_POINT('Origin',(303.149999999995,-158.,-8.34999999999979));
#7427=CARTESIAN_POINT('Origin',(298.849999999995,-163.,-8.34999999999979));
#7428=CARTESIAN_POINT('Origin',(128.999999999995,4.2072350133057E-14,-12.0499999999992));
#7429=CARTESIAN_POINT('',(131.149999999995,-4.99999999999996,-12.0499999999992));
#7430=CARTESIAN_POINT('',(126.849999999995,4.2072350133057E-14,-12.0499999999992));
#7431=CARTESIAN_POINT('Origin',(126.849999999995,2.91538691793374E-14,-8.34999999999922));
#7432=CARTESIAN_POINT('Origin',(131.149999999995,-4.99999999999997,-8.34999999999923));
#7433=CARTESIAN_POINT('Origin',(42.9999999999949,4.2072350133057E-14,-12.0499999999992));
#7434=CARTESIAN_POINT('',(45.1499999999949,-4.99999999999996,-12.0499999999992));
#7435=CARTESIAN_POINT('',(40.8499999999949,4.2072350133057E-14,-12.0499999999992));
#7436=CARTESIAN_POINT('Origin',(40.8499999999949,2.91538691793374E-14,-8.34999999999922));
#7437=CARTESIAN_POINT('Origin',(45.1499999999949,-4.99999999999997,-8.34999999999923));
#7438=CARTESIAN_POINT('Origin',(-43.0000000000051,4.2072350133057E-14,-12.0499999999992));
#7439=CARTESIAN_POINT('',(-40.8500000000051,-4.99999999999996,-12.0499999999992));
#7440=CARTESIAN_POINT('',(-45.1500000000051,4.2072350133057E-14,-12.0499999999992));
#7441=CARTESIAN_POINT('Origin',(-45.1500000000051,2.91538691793374E-14,
-8.34999999999922));
#7442=CARTESIAN_POINT('Origin',(-40.8500000000051,-4.99999999999997,-8.34999999999923));
#7443=CARTESIAN_POINT('Origin',(-128.999999999995,4.2072350133057E-14,-12.0499999999992));
#7444=CARTESIAN_POINT('',(-126.849999999995,-4.99999999999996,-12.0499999999992));
#7445=CARTESIAN_POINT('',(-131.149999999995,4.2072350133057E-14,-12.0499999999992));
#7446=CARTESIAN_POINT('Origin',(-131.149999999995,2.91538691793374E-14,
-8.34999999999922));
#7447=CARTESIAN_POINT('Origin',(-126.849999999995,-4.99999999999997,-8.34999999999923));
#7448=CARTESIAN_POINT('Origin',(379.849999999995,-1.32623918655955E-12,
-85.1999999999997));
#7449=CARTESIAN_POINT('',(379.849999999995,-1.32623918655955E-12,-83.0499999999998));
#7450=CARTESIAN_POINT('',(379.849999999995,-1.32623918655955E-12,-87.3499999999997));
#7451=CARTESIAN_POINT('Origin',(376.149999999995,-1.31332070560583E-12,
-85.1999999999997));
#7452=CARTESIAN_POINT('',(376.149999999995,-1.31332070560583E-12,-87.3499999999997));
#7453=CARTESIAN_POINT('',(376.149999999995,-1.31332070560583E-12,-83.0499999999998));
#7454=CARTESIAN_POINT('Origin',(376.149999999995,-1.31332070560583E-12,
-87.3499999999997));
#7455=CARTESIAN_POINT('Origin',(376.149999999995,-1.31332070560583E-12,
-83.0499999999998));
#7456=CARTESIAN_POINT('Origin',(-376.149999999993,1.31332070560582E-12,
-85.1999999999997));
#7457=CARTESIAN_POINT('',(-376.149999999993,1.31332070560582E-12,-83.0499999999998));
#7458=CARTESIAN_POINT('',(-376.149999999993,1.31332070560582E-12,-87.3499999999997));
#7459=CARTESIAN_POINT('Origin',(-379.849999999993,1.32623918655954E-12,
-85.1999999999997));
#7460=CARTESIAN_POINT('',(-379.849999999993,1.32623918655954E-12,-87.3499999999997));
#7461=CARTESIAN_POINT('',(-379.849999999993,1.32623918655954E-12,-83.0499999999998));
#7462=CARTESIAN_POINT('Origin',(-379.849999999993,1.32623918655954E-12,
-87.3499999999997));
#7463=CARTESIAN_POINT('Origin',(-379.849999999993,1.32623918655954E-12,
-83.0499999999998));
#7464=UNCERTAINTY_MEASURE_WITH_UNIT(LENGTH_MEASURE(0.01),#7468,
'DISTANCE_ACCURACY_VALUE',
'Maximum model space distance between geometric entities at asserted c
onnectivities');
#7465=UNCERTAINTY_MEASURE_WITH_UNIT(LENGTH_MEASURE(0.01),#7468,
'DISTANCE_ACCURACY_VALUE',
'Maximum model space distance between geometric entities at asserted c
onnectivities');
#7466=(
GEOMETRIC_REPRESENTATION_CONTEXT(3)
GLOBAL_UNCERTAINTY_ASSIGNED_CONTEXT((#7464))
GLOBAL_UNIT_ASSIGNED_CONTEXT((#7468,#7470,#7471))
REPRESENTATION_CONTEXT('','3D')
);
#7467=(
GEOMETRIC_REPRESENTATION_CONTEXT(3)
GLOBAL_UNCERTAINTY_ASSIGNED_CONTEXT((#7465))
GLOBAL_UNIT_ASSIGNED_CONTEXT((#7468,#7470,#7471))
REPRESENTATION_CONTEXT('','3D')
);
#7468=(
LENGTH_UNIT()
NAMED_UNIT(*)
SI_UNIT(.MILLI.,.METRE.)
);
#7469=(
LENGTH_UNIT()
NAMED_UNIT(*)
SI_UNIT($,.METRE.)
);
#7470=(
NAMED_UNIT(*)
PLANE_ANGLE_UNIT()
SI_UNIT($,.RADIAN.)
);
#7471=(
NAMED_UNIT(*)
SI_UNIT($,.STERADIAN.)
SOLID_ANGLE_UNIT()
);
#7472=SHAPE_DEFINITION_REPRESENTATION(#7473,#7474);
#7473=PRODUCT_DEFINITION_SHAPE('',$,#7476);
#7474=SHAPE_REPRESENTATION('',(#3404),#7466);
#7475=PRODUCT_DEFINITION_CONTEXT('part definition',#7480,'design');
#7476=PRODUCT_DEFINITION('MMP.00.00.00.003 Side panel','Side panel v1',
#7477,#7475);
#7477=PRODUCT_DEFINITION_FORMATION('',$,#7482);
#7478=PRODUCT_RELATED_PRODUCT_CATEGORY('Side panel v1','Side panel v1',
(#7482));
#7479=APPLICATION_PROTOCOL_DEFINITION('international standard',
'automotive_design',2009,#7480);
#7480=APPLICATION_CONTEXT(
'Core Data for Automotive Mechanical Design Process');
#7481=PRODUCT_CONTEXT('part definition',#7480,'mechanical');
#7482=PRODUCT('MMP.00.00.00.003 Side panel','Side panel v1',
'STEP AP203',(#7481));
#7483=PRESENTATION_STYLE_ASSIGNMENT((#7484));
#7484=SURFACE_STYLE_USAGE(.BOTH.,#7485);
#7485=SURFACE_SIDE_STYLE('',(#7486));
#7486=SURFACE_STYLE_FILL_AREA(#7487);
#7487=FILL_AREA_STYLE('Steel - Satin',(#7488));
#7488=FILL_AREA_STYLE_COLOUR('Steel - Satin',#7489);
#7489=COLOUR_RGB('Steel - Satin',0.627450980392157,0.627450980392157,0.627450980392157);
ENDSEC;
END-ISO-10303-21;
