ISO-10303-21;
HEADER;
/* Generated by software containing ST-Developer
 * from STEP Tools, Inc. (www.steptools.com) 
 */

FILE_DESCRIPTION(
/* description */ ('STEP AP203'),
/* implementation_level */ '2;1');

FILE_NAME(
/* name */ 'Support.step',
/* time_stamp */ '2026-07-23T10:32:03+08:00',
/* author */ (''),
/* organization */ (''),
/* preprocessor_version */ 'ST-DEVELOPER v20.1',
/* originating_system */ 'Autodesk Translation Framework v15.8.0.0',
/* authorisation */ '');

FILE_SCHEMA (('AUTOMOTIVE_DESIGN { 1 0 10303 214 3 1 1 }'));
ENDSEC;

DATA;
#10=MECHANICAL_DESIGN_GEOMETRIC_PRESENTATION_REPRESENTATION('',(#13),#2975);
#11=SHAPE_REPRESENTATION_RELATIONSHIP('SRR','None',#2982,#12);
#12=ADVANCED_BREP_SHAPE_REPRESENTATION('',(#14),#2974);
#13=STYLED_ITEM('',(#2991),#14);
#14=MANIFOLD_SOLID_BREP('Body1',#1579);
#15=B_SPLINE_CURVE_WITH_KNOTS('',3,(#2502,#2503,#2504,#2505,#2506,#2507,
#2508,#2509,#2510,#2511,#2512,#2513,#2514,#2515,#2516,#2517,#2518,#2519,
#2520,#2521,#2522,#2523,#2524,#2525,#2526,#2527,#2528,#2529,#2530,#2531,
#2532,#2533,#2534,#2535,#2536,#2537,#2538,#2539,#2540,#2541,#2542,#2543,
#2544,#2545,#2546,#2547),.UNSPECIFIED.,.F.,.F.,(4,3,3,3,3,3,3,3,3,3,3,3,
3,3,3,4),(0.,0.000184456558082485,0.000370782616112999,0.000555637944082935,
0.000653791342308174,0.000871186358440146,0.00109229787275002,0.00130758268461635,
0.00147116314771395,0.00163447835577043,0.00176806399525424,0.00190151517851958,
0.00196137402692452,0.00218291790913752,0.00240153056602424,0.00261516536923269),
 .UNSPECIFIED.);
#16=B_SPLINE_CURVE_WITH_KNOTS('',3,(#2548,#2549,#2550,#2551,#2552,#2553,
#2554,#2555,#2556,#2557,#2558,#2559,#2560,#2561,#2562,#2563,#2564,#2565,
#2566,#2567,#2568,#2569,#2570,#2571,#2572,#2573,#2574,#2575,#2576,#2577,
#2578,#2579,#2580,#2581,#2582,#2583,#2584,#2585,#2586,#2587,#2588,#2589,
#2590,#2591,#2592,#2593,#2594,#2595,#2596,#2597,#2598,#2599,#2600,#2601,
#2602,#2603,#2604,#2605,#2606,#2607,#2608,#2609,#2610,#2611,#2612,#2613,
#2614),.UNSPECIFIED.,.F.,.F.,(4,3,3,3,3,3,3,3,3,3,3,3,3,3,3,3,3,3,3,3,3,
3,4),(2.16840434497101E-19,0.000221195938044683,0.000444714293879492,0.000546707058120008,
0.000750471715327271,0.000954039708891856,0.00109341411624002,0.0013174794224555,
0.00154270879745293,0.00164012117436002,0.00181726278725187,0.00200204550986595,
0.00218682823248003,0.00241212223342535,0.00263731736291327,0.00273353529060004,
0.00291534979280907,0.00309779607076456,0.00328024234872005,0.00357587208231173,
0.00387050560815789,0.00416352998709434,0.0043736564649601),
 .UNSPECIFIED.);
#17=B_SPLINE_CURVE_WITH_KNOTS('',3,(#2766,#2767,#2768,#2769,#2770,#2771,
#2772,#2773,#2774,#2775,#2776,#2777,#2778,#2779),.UNSPECIFIED.,.F.,.F.,
(4,2,2,2,2,2,4),(-0.35890622124283,-0.291573536632862,-0.224244073523144,
-0.179402619627172,-0.134586378173374,-0.0672948031604784,0.),
 .UNSPECIFIED.);
#18=B_SPLINE_CURVE_WITH_KNOTS('',3,(#2780,#2781,#2782,#2783,#2784,#2785,
#2786,#2787,#2788,#2789,#2790,#2791,#2792,#2793),.UNSPECIFIED.,.F.,.F.,
(4,2,2,2,2,2,4),(-0.503545024505875,-0.409114788561848,-0.314690336693548,
-0.251805057595772,-0.188903521470995,-0.0944546495882602,0.),
 .UNSPECIFIED.);
#19=B_SPLINE_CURVE_WITH_KNOTS('',3,(#2820,#2821,#2822,#2823,#2824,#2825,
#2826,#2827,#2828,#2829,#2830,#2831,#2832,#2833,#2834,#2835,#2836,#2837,
#2838,#2839,#2840,#2841,#2842,#2843,#2844,#2845,#2846,#2847,#2848,#2849,
#2850,#2851,#2852,#2853,#2854,#2855,#2856,#2857,#2858,#2859),
 .UNSPECIFIED.,.F.,.F.,(4,3,3,3,3,3,3,3,3,3,3,3,3,4),(0.,0.0769170430143,
0.153836679102281,0.230204252228373,0.306386378027624,0.382895649794786,
0.460033693570437,0.536555600383669,0.613071842780636,0.689583285745273,
0.767187464308955,0.844107858660821,0.92205392933041,1.),.UNSPECIFIED.);
#20=B_SPLINE_CURVE_WITH_KNOTS('',3,(#2860,#2861,#2862,#2863,#2864,#2865,
#2866,#2867,#2868,#2869),.UNSPECIFIED.,.F.,.F.,(4,2,2,2,4),(0.,0.25,0.5,
0.75,1.),.UNSPECIFIED.);
#21=B_SPLINE_CURVE_WITH_KNOTS('',3,(#2891,#2892,#2893,#2894,#2895,#2896,
#2897,#2898,#2899,#2900,#2901,#2902,#2903,#2904,#2905,#2906,#2907,#2908,
#2909,#2910,#2911,#2912,#2913,#2914,#2915,#2916,#2917,#2918,#2919,#2920,
#2921,#2922,#2923,#2924,#2925,#2926,#2927,#2928,#2929,#2930),
 .UNSPECIFIED.,.F.,.F.,(4,3,3,3,3,3,3,3,3,3,3,3,3,4),(0.,0.077032005690207,
0.15406823402204,0.230392701493966,0.306480892413676,0.382990161763565,
0.460116391543119,0.5366382917679,0.613154528511541,0.68966596675725,0.767249475067937,
0.844286600524562,0.922143300262281,1.),.UNSPECIFIED.);
#22=B_SPLINE_CURVE_WITH_KNOTS('',3,(#2933,#2934,#2935,#2936,#2937,#2938,
#2939,#2940,#2941,#2942),.UNSPECIFIED.,.F.,.F.,(4,2,2,2,4),(0.,0.25,0.5,
0.75,1.),.UNSPECIFIED.);
#23=B_SPLINE_SURFACE_WITH_KNOTS('',1,3,((#2459,#2460,#2461,#2462,#2463,
#2464,#2465,#2466,#2467,#2468),(#2469,#2470,#2471,#2472,#2473,#2474,#2475,
#2476,#2477,#2478),(#2479,#2480,#2481,#2482,#2483,#2484,#2485,#2486,#2487,
#2488),(#2489,#2490,#2491,#2492,#2493,#2494,#2495,#2496,#2497,#2498)),
 .UNSPECIFIED.,.F.,.F.,.F.,(2,1,1,2),(4,2,2,2,4),(-0.01,0.,1.,1.0101),(-0.000135922883975164,
0.25,0.5,0.75,1.00013592288398),.UNSPECIFIED.);
#24=B_SPLINE_SURFACE_WITH_KNOTS('',1,3,((#2726,#2727,#2728,#2729,#2730,
#2731,#2732,#2733,#2734,#2735),(#2736,#2737,#2738,#2739,#2740,#2741,#2742,
#2743,#2744,#2745),(#2746,#2747,#2748,#2749,#2750,#2751,#2752,#2753,#2754,
#2755),(#2756,#2757,#2758,#2759,#2760,#2761,#2762,#2763,#2764,#2765)),
 .UNSPECIFIED.,.F.,.F.,.F.,(2,1,1,2),(4,2,2,2,4),(-0.0101,0.,1.,1.01),(-5.26211806574013E-5,
0.25,0.5,0.75,1.00005262118066),.UNSPECIFIED.);
#25=B_SPLINE_SURFACE_WITH_KNOTS('',1,3,((#2797,#2798,#2799,#2800,#2801,
#2802,#2803,#2804,#2805,#2806),(#2807,#2808,#2809,#2810,#2811,#2812,#2813,
#2814,#2815,#2816)),.UNSPECIFIED.,.F.,.F.,.F.,(2,2),(4,2,2,2,4),(0.,1.00048784280577),
(-0.000487842805773331,0.25,0.5,0.75,1.00048784280577),.UNSPECIFIED.);
#26=B_SPLINE_SURFACE_WITH_KNOTS('',1,3,((#2870,#2871,#2872,#2873,#2874,
#2875,#2876,#2877,#2878,#2879),(#2880,#2881,#2882,#2883,#2884,#2885,#2886,
#2887,#2888,#2889)),.UNSPECIFIED.,.F.,.F.,.F.,(2,2),(4,2,2,2,4),(0.,1.00048784280577),
(-0.000487842805771264,0.25,0.5,0.75,1.00048784280577),.UNSPECIFIED.);
#27=FACE_BOUND('',#198,.T.);
#28=FACE_BOUND('',#199,.T.);
#29=FACE_BOUND('',#200,.T.);
#30=FACE_BOUND('',#202,.T.);
#31=FACE_BOUND('',#203,.T.);
#32=FACE_BOUND('',#204,.T.);
#33=FACE_BOUND('',#222,.T.);
#34=FACE_BOUND('',#223,.T.);
#35=FACE_BOUND('',#225,.T.);
#36=FACE_BOUND('',#226,.T.);
#37=FACE_BOUND('',#261,.T.);
#38=FACE_BOUND('',#262,.T.);
#39=FACE_BOUND('',#263,.T.);
#40=FACE_BOUND('',#266,.T.);
#41=FACE_BOUND('',#267,.T.);
#42=FACE_BOUND('',#268,.T.);
#43=FACE_BOUND('',#281,.T.);
#44=FACE_BOUND('',#282,.T.);
#45=FACE_BOUND('',#283,.T.);
#46=FACE_BOUND('',#284,.T.);
#47=FACE_BOUND('',#287,.T.);
#48=FACE_BOUND('',#288,.T.);
#49=FACE_BOUND('',#289,.T.);
#50=FACE_BOUND('',#290,.T.);
#51=PLANE('',#1626);
#52=PLANE('',#1627);
#53=PLANE('',#1628);
#54=PLANE('',#1636);
#55=PLANE('',#1644);
#56=PLANE('',#1645);
#57=PLANE('',#1646);
#58=PLANE('',#1647);
#59=PLANE('',#1648);
#60=PLANE('',#1649);
#61=PLANE('',#1650);
#62=PLANE('',#1651);
#63=PLANE('',#1652);
#64=PLANE('',#1653);
#65=PLANE('',#1654);
#66=PLANE('',#1657);
#67=PLANE('',#1662);
#68=PLANE('',#1663);
#69=PLANE('',#1664);
#70=PLANE('',#1670);
#71=PLANE('',#1676);
#72=PLANE('',#1681);
#73=PLANE('',#1682);
#74=PLANE('',#1683);
#75=PLANE('',#1686);
#76=PLANE('',#1689);
#77=PLANE('',#1692);
#78=PLANE('',#1693);
#79=PLANE('',#1694);
#80=PLANE('',#1695);
#81=PLANE('',#1696);
#82=PLANE('',#1697);
#83=PLANE('',#1698);
#84=PLANE('',#1699);
#85=PLANE('',#1700);
#86=PLANE('',#1701);
#87=PLANE('',#1715);
#88=PLANE('',#1716);
#89=PLANE('',#1717);
#90=PLANE('',#1718);
#91=PLANE('',#1719);
#92=PLANE('',#1720);
#93=PLANE('',#1727);
#94=PLANE('',#1731);
#95=PLANE('',#1732);
#96=PLANE('',#1733);
#97=PLANE('',#1734);
#98=FACE_OUTER_BOUND('',#184,.T.);
#99=FACE_OUTER_BOUND('',#185,.T.);
#100=FACE_OUTER_BOUND('',#186,.T.);
#101=FACE_OUTER_BOUND('',#187,.T.);
#102=FACE_OUTER_BOUND('',#188,.T.);
#103=FACE_OUTER_BOUND('',#189,.T.);
#104=FACE_OUTER_BOUND('',#190,.T.);
#105=FACE_OUTER_BOUND('',#191,.T.);
#106=FACE_OUTER_BOUND('',#192,.T.);
#107=FACE_OUTER_BOUND('',#193,.T.);
#108=FACE_OUTER_BOUND('',#194,.T.);
#109=FACE_OUTER_BOUND('',#195,.T.);
#110=FACE_OUTER_BOUND('',#196,.T.);
#111=FACE_OUTER_BOUND('',#197,.T.);
#112=FACE_OUTER_BOUND('',#201,.T.);
#113=FACE_OUTER_BOUND('',#205,.T.);
#114=FACE_OUTER_BOUND('',#206,.T.);
#115=FACE_OUTER_BOUND('',#207,.T.);
#116=FACE_OUTER_BOUND('',#208,.T.);
#117=FACE_OUTER_BOUND('',#209,.T.);
#118=FACE_OUTER_BOUND('',#210,.T.);
#119=FACE_OUTER_BOUND('',#211,.T.);
#120=FACE_OUTER_BOUND('',#212,.T.);
#121=FACE_OUTER_BOUND('',#213,.T.);
#122=FACE_OUTER_BOUND('',#214,.T.);
#123=FACE_OUTER_BOUND('',#215,.T.);
#124=FACE_OUTER_BOUND('',#216,.T.);
#125=FACE_OUTER_BOUND('',#217,.T.);
#126=FACE_OUTER_BOUND('',#218,.T.);
#127=FACE_OUTER_BOUND('',#219,.T.);
#128=FACE_OUTER_BOUND('',#220,.T.);
#129=FACE_OUTER_BOUND('',#221,.T.);
#130=FACE_OUTER_BOUND('',#224,.T.);
#131=FACE_OUTER_BOUND('',#227,.T.);
#132=FACE_OUTER_BOUND('',#228,.T.);
#133=FACE_OUTER_BOUND('',#229,.T.);
#134=FACE_OUTER_BOUND('',#230,.T.);
#135=FACE_OUTER_BOUND('',#231,.T.);
#136=FACE_OUTER_BOUND('',#232,.T.);
#137=FACE_OUTER_BOUND('',#233,.T.);
#138=FACE_OUTER_BOUND('',#234,.T.);
#139=FACE_OUTER_BOUND('',#235,.T.);
#140=FACE_OUTER_BOUND('',#236,.T.);
#141=FACE_OUTER_BOUND('',#237,.T.);
#142=FACE_OUTER_BOUND('',#238,.T.);
#143=FACE_OUTER_BOUND('',#239,.T.);
#144=FACE_OUTER_BOUND('',#240,.T.);
#145=FACE_OUTER_BOUND('',#241,.T.);
#146=FACE_OUTER_BOUND('',#242,.T.);
#147=FACE_OUTER_BOUND('',#243,.T.);
#148=FACE_OUTER_BOUND('',#244,.T.);
#149=FACE_OUTER_BOUND('',#245,.T.);
#150=FACE_OUTER_BOUND('',#246,.T.);
#151=FACE_OUTER_BOUND('',#247,.T.);
#152=FACE_OUTER_BOUND('',#248,.T.);
#153=FACE_OUTER_BOUND('',#249,.T.);
#154=FACE_OUTER_BOUND('',#250,.T.);
#155=FACE_OUTER_BOUND('',#251,.T.);
#156=FACE_OUTER_BOUND('',#252,.T.);
#157=FACE_OUTER_BOUND('',#253,.T.);
#158=FACE_OUTER_BOUND('',#254,.T.);
#159=FACE_OUTER_BOUND('',#255,.T.);
#160=FACE_OUTER_BOUND('',#256,.T.);
#161=FACE_OUTER_BOUND('',#257,.T.);
#162=FACE_OUTER_BOUND('',#258,.T.);
#163=FACE_OUTER_BOUND('',#259,.T.);
#164=FACE_OUTER_BOUND('',#260,.T.);
#165=FACE_OUTER_BOUND('',#264,.T.);
#166=FACE_OUTER_BOUND('',#265,.T.);
#167=FACE_OUTER_BOUND('',#269,.T.);
#168=FACE_OUTER_BOUND('',#270,.T.);
#169=FACE_OUTER_BOUND('',#271,.T.);
#170=FACE_OUTER_BOUND('',#272,.T.);
#171=FACE_OUTER_BOUND('',#273,.T.);
#172=FACE_OUTER_BOUND('',#274,.T.);
#173=FACE_OUTER_BOUND('',#275,.T.);
#174=FACE_OUTER_BOUND('',#276,.T.);
#175=FACE_OUTER_BOUND('',#277,.T.);
#176=FACE_OUTER_BOUND('',#278,.T.);
#177=FACE_OUTER_BOUND('',#279,.T.);
#178=FACE_OUTER_BOUND('',#280,.T.);
#179=FACE_OUTER_BOUND('',#285,.T.);
#180=FACE_OUTER_BOUND('',#286,.T.);
#181=FACE_OUTER_BOUND('',#291,.T.);
#182=FACE_OUTER_BOUND('',#292,.T.);
#183=FACE_OUTER_BOUND('',#293,.T.);
#184=EDGE_LOOP('',(#1016,#1017,#1018,#1019));
#185=EDGE_LOOP('',(#1020,#1021,#1022,#1023));
#186=EDGE_LOOP('',(#1024,#1025,#1026,#1027));
#187=EDGE_LOOP('',(#1028,#1029,#1030,#1031));
#188=EDGE_LOOP('',(#1032,#1033,#1034,#1035));
#189=EDGE_LOOP('',(#1036,#1037,#1038,#1039));
#190=EDGE_LOOP('',(#1040,#1041,#1042,#1043));
#191=EDGE_LOOP('',(#1044,#1045,#1046,#1047));
#192=EDGE_LOOP('',(#1048,#1049,#1050,#1051));
#193=EDGE_LOOP('',(#1052,#1053,#1054,#1055));
#194=EDGE_LOOP('',(#1056,#1057,#1058,#1059));
#195=EDGE_LOOP('',(#1060,#1061,#1062,#1063));
#196=EDGE_LOOP('',(#1064,#1065,#1066,#1067));
#197=EDGE_LOOP('',(#1068,#1069,#1070,#1071,#1072,#1073,#1074,#1075,#1076,
#1077,#1078,#1079,#1080,#1081,#1082,#1083,#1084,#1085,#1086,#1087,#1088));
#198=EDGE_LOOP('',(#1089));
#199=EDGE_LOOP('',(#1090));
#200=EDGE_LOOP('',(#1091,#1092,#1093,#1094,#1095,#1096,#1097,#1098));
#201=EDGE_LOOP('',(#1099,#1100,#1101,#1102,#1103,#1104,#1105,#1106,#1107,
#1108,#1109,#1110,#1111,#1112,#1113,#1114,#1115,#1116,#1117,#1118,#1119));
#202=EDGE_LOOP('',(#1120));
#203=EDGE_LOOP('',(#1121));
#204=EDGE_LOOP('',(#1122,#1123,#1124,#1125,#1126,#1127,#1128,#1129));
#205=EDGE_LOOP('',(#1130,#1131,#1132,#1133,#1134));
#206=EDGE_LOOP('',(#1135,#1136,#1137,#1138));
#207=EDGE_LOOP('',(#1139,#1140,#1141,#1142));
#208=EDGE_LOOP('',(#1143,#1144,#1145,#1146));
#209=EDGE_LOOP('',(#1147,#1148,#1149,#1150));
#210=EDGE_LOOP('',(#1151,#1152,#1153,#1154));
#211=EDGE_LOOP('',(#1155,#1156,#1157,#1158));
#212=EDGE_LOOP('',(#1159,#1160,#1161,#1162));
#213=EDGE_LOOP('',(#1163,#1164,#1165,#1166));
#214=EDGE_LOOP('',(#1167,#1168,#1169,#1170));
#215=EDGE_LOOP('',(#1171,#1172,#1173,#1174));
#216=EDGE_LOOP('',(#1175,#1176,#1177,#1178));
#217=EDGE_LOOP('',(#1179,#1180,#1181,#1182));
#218=EDGE_LOOP('',(#1183,#1184,#1185,#1186));
#219=EDGE_LOOP('',(#1187,#1188,#1189,#1190));
#220=EDGE_LOOP('',(#1191,#1192,#1193,#1194));
#221=EDGE_LOOP('',(#1195,#1196,#1197,#1198,#1199,#1200,#1201,#1202,#1203,
#1204,#1205,#1206));
#222=EDGE_LOOP('',(#1207));
#223=EDGE_LOOP('',(#1208));
#224=EDGE_LOOP('',(#1209,#1210,#1211,#1212,#1213,#1214,#1215,#1216,#1217,
#1218,#1219,#1220));
#225=EDGE_LOOP('',(#1221));
#226=EDGE_LOOP('',(#1222));
#227=EDGE_LOOP('',(#1223,#1224,#1225,#1226,#1227));
#228=EDGE_LOOP('',(#1228,#1229,#1230,#1231));
#229=EDGE_LOOP('',(#1232,#1233,#1234,#1235));
#230=EDGE_LOOP('',(#1236,#1237,#1238,#1239));
#231=EDGE_LOOP('',(#1240,#1241,#1242,#1243));
#232=EDGE_LOOP('',(#1244,#1245,#1246,#1247));
#233=EDGE_LOOP('',(#1248,#1249,#1250,#1251,#1252,#1253));
#234=EDGE_LOOP('',(#1254,#1255,#1256,#1257,#1258,#1259));
#235=EDGE_LOOP('',(#1260,#1261,#1262,#1263));
#236=EDGE_LOOP('',(#1264,#1265,#1266,#1267));
#237=EDGE_LOOP('',(#1268,#1269,#1270,#1271));
#238=EDGE_LOOP('',(#1272,#1273,#1274,#1275));
#239=EDGE_LOOP('',(#1276,#1277,#1278,#1279));
#240=EDGE_LOOP('',(#1280,#1281,#1282,#1283));
#241=EDGE_LOOP('',(#1284,#1285,#1286,#1287));
#242=EDGE_LOOP('',(#1288,#1289,#1290,#1291));
#243=EDGE_LOOP('',(#1292,#1293,#1294,#1295));
#244=EDGE_LOOP('',(#1296,#1297,#1298,#1299));
#245=EDGE_LOOP('',(#1300,#1301,#1302,#1303));
#246=EDGE_LOOP('',(#1304,#1305,#1306,#1307));
#247=EDGE_LOOP('',(#1308,#1309,#1310,#1311));
#248=EDGE_LOOP('',(#1312,#1313,#1314,#1315));
#249=EDGE_LOOP('',(#1316,#1317,#1318,#1319));
#250=EDGE_LOOP('',(#1320,#1321,#1322,#1323));
#251=EDGE_LOOP('',(#1324,#1325,#1326,#1327));
#252=EDGE_LOOP('',(#1328,#1329,#1330,#1331));
#253=EDGE_LOOP('',(#1332,#1333,#1334,#1335));
#254=EDGE_LOOP('',(#1336,#1337,#1338,#1339));
#255=EDGE_LOOP('',(#1340,#1341,#1342,#1343));
#256=EDGE_LOOP('',(#1344,#1345,#1346,#1347));
#257=EDGE_LOOP('',(#1348,#1349,#1350,#1351));
#258=EDGE_LOOP('',(#1352,#1353,#1354,#1355));
#259=EDGE_LOOP('',(#1356,#1357,#1358,#1359));
#260=EDGE_LOOP('',(#1360,#1361,#1362,#1363,#1364));
#261=EDGE_LOOP('',(#1365));
#262=EDGE_LOOP('',(#1366));
#263=EDGE_LOOP('',(#1367));
#264=EDGE_LOOP('',(#1368,#1369,#1370,#1371));
#265=EDGE_LOOP('',(#1372,#1373,#1374,#1375,#1376));
#266=EDGE_LOOP('',(#1377));
#267=EDGE_LOOP('',(#1378));
#268=EDGE_LOOP('',(#1379));
#269=EDGE_LOOP('',(#1380,#1381,#1382,#1383));
#270=EDGE_LOOP('',(#1384,#1385,#1386,#1387));
#271=EDGE_LOOP('',(#1388,#1389,#1390,#1391));
#272=EDGE_LOOP('',(#1392,#1393,#1394,#1395));
#273=EDGE_LOOP('',(#1396,#1397,#1398,#1399));
#274=EDGE_LOOP('',(#1400,#1401,#1402,#1403));
#275=EDGE_LOOP('',(#1404,#1405,#1406,#1407));
#276=EDGE_LOOP('',(#1408,#1409,#1410,#1411));
#277=EDGE_LOOP('',(#1412,#1413,#1414,#1415));
#278=EDGE_LOOP('',(#1416,#1417,#1418,#1419));
#279=EDGE_LOOP('',(#1420,#1421,#1422,#1423));
#280=EDGE_LOOP('',(#1424,#1425,#1426,#1427,#1428));
#281=EDGE_LOOP('',(#1429));
#282=EDGE_LOOP('',(#1430));
#283=EDGE_LOOP('',(#1431));
#284=EDGE_LOOP('',(#1432));
#285=EDGE_LOOP('',(#1433,#1434,#1435,#1436));
#286=EDGE_LOOP('',(#1437,#1438,#1439,#1440,#1441));
#287=EDGE_LOOP('',(#1442));
#288=EDGE_LOOP('',(#1443));
#289=EDGE_LOOP('',(#1444));
#290=EDGE_LOOP('',(#1445));
#291=EDGE_LOOP('',(#1446,#1447,#1448,#1449));
#292=EDGE_LOOP('',(#1450,#1451,#1452,#1453));
#293=EDGE_LOOP('',(#1454,#1455,#1456,#1457));
#294=LINE('',#2183,#445);
#295=LINE('',#2189,#446);
#296=LINE('',#2195,#447);
#297=LINE('',#2201,#448);
#298=LINE('',#2207,#449);
#299=LINE('',#2213,#450);
#300=LINE('',#2219,#451);
#301=LINE('',#2225,#452);
#302=LINE('',#2231,#453);
#303=LINE('',#2237,#454);
#304=LINE('',#2243,#455);
#305=LINE('',#2248,#456);
#306=LINE('',#2250,#457);
#307=LINE('',#2252,#458);
#308=LINE('',#2253,#459);
#309=LINE('',#2257,#460);
#310=LINE('',#2259,#461);
#311=LINE('',#2261,#462);
#312=LINE('',#2262,#463);
#313=LINE('',#2265,#464);
#314=LINE('',#2269,#465);
#315=LINE('',#2273,#466);
#316=LINE('',#2275,#467);
#317=LINE('',#2277,#468);
#318=LINE('',#2279,#469);
#319=LINE('',#2281,#470);
#320=LINE('',#2283,#471);
#321=LINE('',#2287,#472);
#322=LINE('',#2289,#473);
#323=LINE('',#2291,#474);
#324=LINE('',#2293,#475);
#325=LINE('',#2295,#476);
#326=LINE('',#2297,#477);
#327=LINE('',#2299,#478);
#328=LINE('',#2301,#479);
#329=LINE('',#2302,#480);
#330=LINE('',#2305,#481);
#331=LINE('',#2309,#482);
#332=LINE('',#2313,#483);
#333=LINE('',#2317,#484);
#334=LINE('',#2322,#485);
#335=LINE('',#2325,#486);
#336=LINE('',#2327,#487);
#337=LINE('',#2329,#488);
#338=LINE('',#2331,#489);
#339=LINE('',#2333,#490);
#340=LINE('',#2335,#491);
#341=LINE('',#2337,#492);
#342=LINE('',#2339,#493);
#343=LINE('',#2341,#494);
#344=LINE('',#2343,#495);
#345=LINE('',#2347,#496);
#346=LINE('',#2349,#497);
#347=LINE('',#2351,#498);
#348=LINE('',#2353,#499);
#349=LINE('',#2355,#500);
#350=LINE('',#2357,#501);
#351=LINE('',#2361,#502);
#352=LINE('',#2365,#503);
#353=LINE('',#2369,#504);
#354=LINE('',#2373,#505);
#355=LINE('',#2376,#506);
#356=LINE('',#2378,#507);
#357=LINE('',#2379,#508);
#358=LINE('',#2381,#509);
#359=LINE('',#2382,#510);
#360=LINE('',#2384,#511);
#361=LINE('',#2385,#512);
#362=LINE('',#2387,#513);
#363=LINE('',#2388,#514);
#364=LINE('',#2390,#515);
#365=LINE('',#2392,#516);
#366=LINE('',#2393,#517);
#367=LINE('',#2396,#518);
#368=LINE('',#2397,#519);
#369=LINE('',#2399,#520);
#370=LINE('',#2404,#521);
#371=LINE('',#2411,#522);
#372=LINE('',#2414,#523);
#373=LINE('',#2416,#524);
#374=LINE('',#2419,#525);
#375=LINE('',#2421,#526);
#376=LINE('',#2422,#527);
#377=LINE('',#2425,#528);
#378=LINE('',#2427,#529);
#379=LINE('',#2428,#530);
#380=LINE('',#2434,#531);
#381=LINE('',#2438,#532);
#382=LINE('',#2442,#533);
#383=LINE('',#2449,#534);
#384=LINE('',#2453,#535);
#385=LINE('',#2457,#536);
#386=LINE('',#2501,#537);
#387=LINE('',#2619,#538);
#388=LINE('',#2622,#539);
#389=LINE('',#2624,#540);
#390=LINE('',#2627,#541);
#391=LINE('',#2629,#542);
#392=LINE('',#2630,#543);
#393=LINE('',#2633,#544);
#394=LINE('',#2635,#545);
#395=LINE('',#2636,#546);
#396=LINE('',#2641,#547);
#397=LINE('',#2646,#548);
#398=LINE('',#2650,#549);
#399=LINE('',#2651,#550);
#400=LINE('',#2653,#551);
#401=LINE('',#2655,#552);
#402=LINE('',#2657,#553);
#403=LINE('',#2659,#554);
#404=LINE('',#2661,#555);
#405=LINE('',#2662,#556);
#406=LINE('',#2664,#557);
#407=LINE('',#2665,#558);
#408=LINE('',#2667,#559);
#409=LINE('',#2668,#560);
#410=LINE('',#2670,#561);
#411=LINE('',#2671,#562);
#412=LINE('',#2673,#563);
#413=LINE('',#2675,#564);
#414=LINE('',#2676,#565);
#415=LINE('',#2678,#566);
#416=LINE('',#2680,#567);
#417=LINE('',#2681,#568);
#418=LINE('',#2697,#569);
#419=LINE('',#2700,#570);
#420=LINE('',#2703,#571);
#421=LINE('',#2705,#572);
#422=LINE('',#2706,#573);
#423=LINE('',#2709,#574);
#424=LINE('',#2711,#575);
#425=LINE('',#2712,#576);
#426=LINE('',#2715,#577);
#427=LINE('',#2716,#578);
#428=LINE('',#2719,#579);
#429=LINE('',#2720,#580);
#430=LINE('',#2722,#581);
#431=LINE('',#2794,#582);
#432=LINE('',#2819,#583);
#433=LINE('',#2932,#584);
#434=LINE('',#2944,#585);
#435=LINE('',#2946,#586);
#436=LINE('',#2950,#587);
#437=LINE('',#2952,#588);
#438=LINE('',#2954,#589);
#439=LINE('',#2955,#590);
#440=LINE('',#2960,#591);
#441=LINE('',#2963,#592);
#442=LINE('',#2964,#593);
#443=LINE('',#2966,#594);
#444=LINE('',#2968,#595);
#445=VECTOR('',#1743,2.09999999999999);
#446=VECTOR('',#1750,2.09999999999999);
#447=VECTOR('',#1757,1.99999999999999);
#448=VECTOR('',#1764,1.99999999999999);
#449=VECTOR('',#1771,1.99999999999999);
#450=VECTOR('',#1778,1.99999999999999);
#451=VECTOR('',#1785,3.04999999999998);
#452=VECTOR('',#1792,3.04999999999999);
#453=VECTOR('',#1799,3.04999999999999);
#454=VECTOR('',#1806,3.05);
#455=VECTOR('',#1813,3.05);
#456=VECTOR('',#1818,1000.);
#457=VECTOR('',#1819,1000.);
#458=VECTOR('',#1820,1000.);
#459=VECTOR('',#1821,1000.);
#460=VECTOR('',#1824,1000.);
#461=VECTOR('',#1825,1000.);
#462=VECTOR('',#1826,1000.);
#463=VECTOR('',#1827,1000.);
#464=VECTOR('',#1830,1000.);
#465=VECTOR('',#1833,1000.);
#466=VECTOR('',#1836,1000.);
#467=VECTOR('',#1837,1000.);
#468=VECTOR('',#1838,1000.);
#469=VECTOR('',#1839,1000.);
#470=VECTOR('',#1840,1000.);
#471=VECTOR('',#1841,1000.);
#472=VECTOR('',#1844,1000.);
#473=VECTOR('',#1845,1000.);
#474=VECTOR('',#1846,1000.);
#475=VECTOR('',#1847,1000.);
#476=VECTOR('',#1848,1000.);
#477=VECTOR('',#1849,1000.);
#478=VECTOR('',#1850,1000.);
#479=VECTOR('',#1851,1000.);
#480=VECTOR('',#1852,1000.);
#481=VECTOR('',#1853,1000.);
#482=VECTOR('',#1856,1000.);
#483=VECTOR('',#1859,1000.);
#484=VECTOR('',#1862,1000.);
#485=VECTOR('',#1867,1000.);
#486=VECTOR('',#1870,1000.);
#487=VECTOR('',#1871,1000.);
#488=VECTOR('',#1872,1000.);
#489=VECTOR('',#1873,1000.);
#490=VECTOR('',#1874,1000.);
#491=VECTOR('',#1875,1000.);
#492=VECTOR('',#1876,1000.);
#493=VECTOR('',#1877,1000.);
#494=VECTOR('',#1878,1000.);
#495=VECTOR('',#1879,1000.);
#496=VECTOR('',#1882,1000.);
#497=VECTOR('',#1883,1000.);
#498=VECTOR('',#1884,1000.);
#499=VECTOR('',#1885,1000.);
#500=VECTOR('',#1886,1000.);
#501=VECTOR('',#1887,1000.);
#502=VECTOR('',#1890,1000.);
#503=VECTOR('',#1893,1000.);
#504=VECTOR('',#1896,1000.);
#505=VECTOR('',#1899,1000.);
#506=VECTOR('',#1904,1000.);
#507=VECTOR('',#1905,1000.);
#508=VECTOR('',#1906,1000.);
#509=VECTOR('',#1909,1000.);
#510=VECTOR('',#1910,1000.);
#511=VECTOR('',#1913,1000.);
#512=VECTOR('',#1914,1000.);
#513=VECTOR('',#1917,1000.);
#514=VECTOR('',#1918,1000.);
#515=VECTOR('',#1921,1000.);
#516=VECTOR('',#1924,1000.);
#517=VECTOR('',#1925,1000.);
#518=VECTOR('',#1930,1000.);
#519=VECTOR('',#1931,1000.);
#520=VECTOR('',#1934,10.);
#521=VECTOR('',#1939,1000.);
#522=VECTOR('',#1948,1000.);
#523=VECTOR('',#1953,1000.);
#524=VECTOR('',#1956,1000.);
#525=VECTOR('',#1959,1000.);
#526=VECTOR('',#1960,1000.);
#527=VECTOR('',#1961,1000.);
#528=VECTOR('',#1964,1000.);
#529=VECTOR('',#1965,1000.);
#530=VECTOR('',#1966,1000.);
#531=VECTOR('',#1973,1000.);
#532=VECTOR('',#1976,1000.);
#533=VECTOR('',#1979,1000.);
#534=VECTOR('',#1988,1000.);
#535=VECTOR('',#1991,1000.);
#536=VECTOR('',#1994,1000.);
#537=VECTOR('',#1997,1000.);
#538=VECTOR('',#2002,1000.);
#539=VECTOR('',#2007,1000.);
#540=VECTOR('',#2010,1000.);
#541=VECTOR('',#2013,1000.);
#542=VECTOR('',#2014,1000.);
#543=VECTOR('',#2015,1000.);
#544=VECTOR('',#2018,1000.);
#545=VECTOR('',#2019,1000.);
#546=VECTOR('',#2020,1000.);
#547=VECTOR('',#2025,1000.);
#548=VECTOR('',#2030,1000.);
#549=VECTOR('',#2037,1000.);
#550=VECTOR('',#2038,1000.);
#551=VECTOR('',#2041,1000.);
#552=VECTOR('',#2044,1000.);
#553=VECTOR('',#2047,1000.);
#554=VECTOR('',#2050,1000.);
#555=VECTOR('',#2053,1000.);
#556=VECTOR('',#2054,1000.);
#557=VECTOR('',#2057,1000.);
#558=VECTOR('',#2058,1000.);
#559=VECTOR('',#2061,1000.);
#560=VECTOR('',#2062,1000.);
#561=VECTOR('',#2065,1000.);
#562=VECTOR('',#2066,1000.);
#563=VECTOR('',#2069,1000.);
#564=VECTOR('',#2072,1000.);
#565=VECTOR('',#2073,1000.);
#566=VECTOR('',#2076,1000.);
#567=VECTOR('',#2079,1000.);
#568=VECTOR('',#2080,1000.);
#569=VECTOR('',#2105,1000.);
#570=VECTOR('',#2108,1000.);
#571=VECTOR('',#2111,1000.);
#572=VECTOR('',#2112,1000.);
#573=VECTOR('',#2113,1000.);
#574=VECTOR('',#2116,1000.);
#575=VECTOR('',#2117,1000.);
#576=VECTOR('',#2118,1000.);
#577=VECTOR('',#2121,1000.);
#578=VECTOR('',#2122,10.);
#579=VECTOR('',#2125,1000.);
#580=VECTOR('',#2126,1000.);
#581=VECTOR('',#2129,1000.);
#582=VECTOR('',#2136,10.);
#583=VECTOR('',#2141,10.);
#584=VECTOR('',#2142,10.);
#585=VECTOR('',#2145,1000.);
#586=VECTOR('',#2148,1000.);
#587=VECTOR('',#2151,1000.);
#588=VECTOR('',#2152,1000.);
#589=VECTOR('',#2153,1000.);
#590=VECTOR('',#2154,1000.);
#591=VECTOR('',#2159,1000.);
#592=VECTOR('',#2164,1000.);
#593=VECTOR('',#2165,1000.);
#594=VECTOR('',#2168,1000.);
#595=VECTOR('',#2171,1000.);
#596=CIRCLE('',#1594,2.09999999999999);
#597=CIRCLE('',#1595,2.09999999999999);
#598=CIRCLE('',#1597,2.09999999999999);
#599=CIRCLE('',#1598,2.09999999999999);
#600=CIRCLE('',#1600,1.99999999999999);
#601=CIRCLE('',#1601,1.99999999999999);
#602=CIRCLE('',#1603,1.99999999999999);
#603=CIRCLE('',#1604,1.99999999999999);
#604=CIRCLE('',#1606,1.99999999999999);
#605=CIRCLE('',#1607,1.99999999999999);
#606=CIRCLE('',#1609,1.99999999999999);
#607=CIRCLE('',#1610,1.99999999999999);
#608=CIRCLE('',#1612,3.04999999999999);
#609=CIRCLE('',#1613,3.04999999999998);
#610=CIRCLE('',#1615,3.04999999999999);
#611=CIRCLE('',#1616,3.04999999999999);
#612=CIRCLE('',#1618,3.04999999999999);
#613=CIRCLE('',#1619,3.04999999999999);
#614=CIRCLE('',#1621,3.05);
#615=CIRCLE('',#1622,3.05);
#616=CIRCLE('',#1624,3.05);
#617=CIRCLE('',#1625,3.05);
#618=CIRCLE('',#1629,2.);
#619=CIRCLE('',#1630,2.);
#620=CIRCLE('',#1631,15.);
#621=CIRCLE('',#1632,3.);
#622=CIRCLE('',#1633,3.);
#623=CIRCLE('',#1634,3.);
#624=CIRCLE('',#1635,3.);
#625=CIRCLE('',#1637,2.);
#626=CIRCLE('',#1638,15.);
#627=CIRCLE('',#1639,2.);
#628=CIRCLE('',#1640,3.);
#629=CIRCLE('',#1641,3.);
#630=CIRCLE('',#1642,3.);
#631=CIRCLE('',#1643,3.);
#632=CIRCLE('',#1655,1.5);
#633=CIRCLE('',#1656,2.7);
#634=CIRCLE('',#1658,1.5);
#635=CIRCLE('',#1659,2.7);
#636=CIRCLE('',#1665,3.);
#637=CIRCLE('',#1666,3.75);
#638=CIRCLE('',#1667,3.);
#639=CIRCLE('',#1668,3.);
#640=CIRCLE('',#1669,15.);
#641=CIRCLE('',#1671,3.);
#642=CIRCLE('',#1672,15.);
#643=CIRCLE('',#1673,3.);
#644=CIRCLE('',#1674,3.);
#645=CIRCLE('',#1675,3.75);
#646=CIRCLE('',#1677,1.5);
#647=CIRCLE('',#1678,2.7);
#648=CIRCLE('',#1684,15.);
#649=CIRCLE('',#1685,3.);
#650=CIRCLE('',#1687,15.);
#651=CIRCLE('',#1688,3.);
#652=CIRCLE('',#1713,3.);
#653=CIRCLE('',#1714,3.);
#654=CIRCLE('',#1721,1.5);
#655=CIRCLE('',#1722,2.7);
#656=CIRCLE('',#1729,15.);
#657=CIRCLE('',#1730,15.);
#658=VERTEX_POINT('',#2180);
#659=VERTEX_POINT('',#2182);
#660=VERTEX_POINT('',#2186);
#661=VERTEX_POINT('',#2188);
#662=VERTEX_POINT('',#2192);
#663=VERTEX_POINT('',#2194);
#664=VERTEX_POINT('',#2198);
#665=VERTEX_POINT('',#2200);
#666=VERTEX_POINT('',#2204);
#667=VERTEX_POINT('',#2206);
#668=VERTEX_POINT('',#2210);
#669=VERTEX_POINT('',#2212);
#670=VERTEX_POINT('',#2216);
#671=VERTEX_POINT('',#2218);
#672=VERTEX_POINT('',#2222);
#673=VERTEX_POINT('',#2224);
#674=VERTEX_POINT('',#2228);
#675=VERTEX_POINT('',#2230);
#676=VERTEX_POINT('',#2234);
#677=VERTEX_POINT('',#2236);
#678=VERTEX_POINT('',#2240);
#679=VERTEX_POINT('',#2242);
#680=VERTEX_POINT('',#2246);
#681=VERTEX_POINT('',#2247);
#682=VERTEX_POINT('',#2249);
#683=VERTEX_POINT('',#2251);
#684=VERTEX_POINT('',#2255);
#685=VERTEX_POINT('',#2256);
#686=VERTEX_POINT('',#2258);
#687=VERTEX_POINT('',#2260);
#688=VERTEX_POINT('',#2264);
#689=VERTEX_POINT('',#2266);
#690=VERTEX_POINT('',#2268);
#691=VERTEX_POINT('',#2270);
#692=VERTEX_POINT('',#2272);
#693=VERTEX_POINT('',#2274);
#694=VERTEX_POINT('',#2276);
#695=VERTEX_POINT('',#2278);
#696=VERTEX_POINT('',#2280);
#697=VERTEX_POINT('',#2282);
#698=VERTEX_POINT('',#2284);
#699=VERTEX_POINT('',#2286);
#700=VERTEX_POINT('',#2288);
#701=VERTEX_POINT('',#2290);
#702=VERTEX_POINT('',#2292);
#703=VERTEX_POINT('',#2294);
#704=VERTEX_POINT('',#2296);
#705=VERTEX_POINT('',#2298);
#706=VERTEX_POINT('',#2300);
#707=VERTEX_POINT('',#2303);
#708=VERTEX_POINT('',#2304);
#709=VERTEX_POINT('',#2306);
#710=VERTEX_POINT('',#2308);
#711=VERTEX_POINT('',#2310);
#712=VERTEX_POINT('',#2312);
#713=VERTEX_POINT('',#2314);
#714=VERTEX_POINT('',#2316);
#715=VERTEX_POINT('',#2320);
#716=VERTEX_POINT('',#2321);
#717=VERTEX_POINT('',#2323);
#718=VERTEX_POINT('',#2326);
#719=VERTEX_POINT('',#2328);
#720=VERTEX_POINT('',#2330);
#721=VERTEX_POINT('',#2332);
#722=VERTEX_POINT('',#2334);
#723=VERTEX_POINT('',#2336);
#724=VERTEX_POINT('',#2338);
#725=VERTEX_POINT('',#2340);
#726=VERTEX_POINT('',#2342);
#727=VERTEX_POINT('',#2344);
#728=VERTEX_POINT('',#2346);
#729=VERTEX_POINT('',#2348);
#730=VERTEX_POINT('',#2350);
#731=VERTEX_POINT('',#2352);
#732=VERTEX_POINT('',#2354);
#733=VERTEX_POINT('',#2356);
#734=VERTEX_POINT('',#2359);
#735=VERTEX_POINT('',#2360);
#736=VERTEX_POINT('',#2362);
#737=VERTEX_POINT('',#2364);
#738=VERTEX_POINT('',#2366);
#739=VERTEX_POINT('',#2368);
#740=VERTEX_POINT('',#2370);
#741=VERTEX_POINT('',#2372);
#742=VERTEX_POINT('',#2377);
#743=VERTEX_POINT('',#2402);
#744=VERTEX_POINT('',#2403);
#745=VERTEX_POINT('',#2408);
#746=VERTEX_POINT('',#2410);
#747=VERTEX_POINT('',#2418);
#748=VERTEX_POINT('',#2420);
#749=VERTEX_POINT('',#2424);
#750=VERTEX_POINT('',#2426);
#751=VERTEX_POINT('',#2431);
#752=VERTEX_POINT('',#2433);
#753=VERTEX_POINT('',#2435);
#754=VERTEX_POINT('',#2437);
#755=VERTEX_POINT('',#2439);
#756=VERTEX_POINT('',#2441);
#757=VERTEX_POINT('',#2446);
#758=VERTEX_POINT('',#2448);
#759=VERTEX_POINT('',#2450);
#760=VERTEX_POINT('',#2452);
#761=VERTEX_POINT('',#2454);
#762=VERTEX_POINT('',#2456);
#763=VERTEX_POINT('',#2499);
#764=VERTEX_POINT('',#2500);
#765=VERTEX_POINT('',#2616);
#766=VERTEX_POINT('',#2618);
#767=VERTEX_POINT('',#2626);
#768=VERTEX_POINT('',#2628);
#769=VERTEX_POINT('',#2632);
#770=VERTEX_POINT('',#2634);
#771=VERTEX_POINT('',#2638);
#772=VERTEX_POINT('',#2640);
#773=VERTEX_POINT('',#2644);
#774=VERTEX_POINT('',#2645);
#775=VERTEX_POINT('',#2693);
#776=VERTEX_POINT('',#2694);
#777=VERTEX_POINT('',#2696);
#778=VERTEX_POINT('',#2698);
#779=VERTEX_POINT('',#2702);
#780=VERTEX_POINT('',#2704);
#781=VERTEX_POINT('',#2708);
#782=VERTEX_POINT('',#2710);
#783=VERTEX_POINT('',#2714);
#784=VERTEX_POINT('',#2718);
#785=VERTEX_POINT('',#2817);
#786=VERTEX_POINT('',#2818);
#787=VERTEX_POINT('',#2890);
#788=VERTEX_POINT('',#2931);
#789=VERTEX_POINT('',#2948);
#790=VERTEX_POINT('',#2949);
#791=VERTEX_POINT('',#2951);
#792=VERTEX_POINT('',#2953);
#793=VERTEX_POINT('',#2957);
#794=VERTEX_POINT('',#2959);
#795=EDGE_CURVE('',#658,#658,#596,.T.);
#796=EDGE_CURVE('',#658,#659,#294,.T.);
#797=EDGE_CURVE('',#659,#659,#597,.T.);
#798=EDGE_CURVE('',#660,#660,#598,.T.);
#799=EDGE_CURVE('',#660,#661,#295,.T.);
#800=EDGE_CURVE('',#661,#661,#599,.T.);
#801=EDGE_CURVE('',#662,#662,#600,.T.);
#802=EDGE_CURVE('',#662,#663,#296,.T.);
#803=EDGE_CURVE('',#663,#663,#601,.T.);
#804=EDGE_CURVE('',#664,#664,#602,.T.);
#805=EDGE_CURVE('',#664,#665,#297,.T.);
#806=EDGE_CURVE('',#665,#665,#603,.T.);
#807=EDGE_CURVE('',#666,#666,#604,.T.);
#808=EDGE_CURVE('',#666,#667,#298,.T.);
#809=EDGE_CURVE('',#667,#667,#605,.T.);
#810=EDGE_CURVE('',#668,#668,#606,.T.);
#811=EDGE_CURVE('',#668,#669,#299,.T.);
#812=EDGE_CURVE('',#669,#669,#607,.T.);
#813=EDGE_CURVE('',#670,#670,#608,.T.);
#814=EDGE_CURVE('',#670,#671,#300,.T.);
#815=EDGE_CURVE('',#671,#671,#609,.T.);
#816=EDGE_CURVE('',#672,#672,#610,.T.);
#817=EDGE_CURVE('',#672,#673,#301,.T.);
#818=EDGE_CURVE('',#673,#673,#611,.T.);
#819=EDGE_CURVE('',#674,#674,#612,.T.);
#820=EDGE_CURVE('',#674,#675,#302,.T.);
#821=EDGE_CURVE('',#675,#675,#613,.T.);
#822=EDGE_CURVE('',#676,#676,#614,.T.);
#823=EDGE_CURVE('',#676,#677,#303,.T.);
#824=EDGE_CURVE('',#677,#677,#615,.T.);
#825=EDGE_CURVE('',#678,#678,#616,.T.);
#826=EDGE_CURVE('',#678,#679,#304,.T.);
#827=EDGE_CURVE('',#679,#679,#617,.T.);
#828=EDGE_CURVE('',#680,#681,#305,.T.);
#829=EDGE_CURVE('',#680,#682,#306,.T.);
#830=EDGE_CURVE('',#683,#682,#307,.T.);
#831=EDGE_CURVE('',#681,#683,#308,.T.);
#832=EDGE_CURVE('',#684,#685,#309,.T.);
#833=EDGE_CURVE('',#684,#686,#310,.T.);
#834=EDGE_CURVE('',#686,#687,#311,.T.);
#835=EDGE_CURVE('',#687,#685,#312,.T.);
#836=EDGE_CURVE('',#688,#680,#313,.T.);
#837=EDGE_CURVE('',#688,#689,#618,.T.);
#838=EDGE_CURVE('',#690,#689,#314,.T.);
#839=EDGE_CURVE('',#690,#691,#619,.T.);
#840=EDGE_CURVE('',#692,#691,#315,.T.);
#841=EDGE_CURVE('',#693,#692,#316,.T.);
#842=EDGE_CURVE('',#693,#694,#317,.T.);
#843=EDGE_CURVE('',#695,#694,#318,.T.);
#844=EDGE_CURVE('',#696,#695,#319,.T.);
#845=EDGE_CURVE('',#697,#696,#320,.T.);
#846=EDGE_CURVE('',#697,#698,#620,.T.);
#847=EDGE_CURVE('',#699,#698,#321,.T.);
#848=EDGE_CURVE('',#700,#699,#322,.T.);
#849=EDGE_CURVE('',#700,#701,#323,.T.);
#850=EDGE_CURVE('',#702,#701,#324,.T.);
#851=EDGE_CURVE('',#703,#702,#325,.T.);
#852=EDGE_CURVE('',#704,#703,#326,.T.);
#853=EDGE_CURVE('',#705,#704,#327,.T.);
#854=EDGE_CURVE('',#705,#706,#328,.T.);
#855=EDGE_CURVE('',#706,#682,#329,.T.);
#856=EDGE_CURVE('',#707,#708,#330,.T.);
#857=EDGE_CURVE('',#708,#709,#621,.T.);
#858=EDGE_CURVE('',#709,#710,#331,.T.);
#859=EDGE_CURVE('',#710,#711,#622,.T.);
#860=EDGE_CURVE('',#711,#712,#332,.T.);
#861=EDGE_CURVE('',#712,#713,#623,.T.);
#862=EDGE_CURVE('',#713,#714,#333,.T.);
#863=EDGE_CURVE('',#714,#707,#624,.T.);
#864=EDGE_CURVE('',#715,#716,#334,.T.);
#865=EDGE_CURVE('',#716,#717,#625,.T.);
#866=EDGE_CURVE('',#717,#681,#335,.T.);
#867=EDGE_CURVE('',#718,#683,#336,.T.);
#868=EDGE_CURVE('',#719,#718,#337,.T.);
#869=EDGE_CURVE('',#720,#719,#338,.T.);
#870=EDGE_CURVE('',#721,#720,#339,.T.);
#871=EDGE_CURVE('',#722,#721,#340,.T.);
#872=EDGE_CURVE('',#722,#723,#341,.T.);
#873=EDGE_CURVE('',#724,#723,#342,.T.);
#874=EDGE_CURVE('',#724,#725,#343,.T.);
#875=EDGE_CURVE('',#725,#726,#344,.T.);
#876=EDGE_CURVE('',#726,#727,#626,.T.);
#877=EDGE_CURVE('',#727,#728,#345,.T.);
#878=EDGE_CURVE('',#729,#728,#346,.T.);
#879=EDGE_CURVE('',#730,#729,#347,.T.);
#880=EDGE_CURVE('',#731,#730,#348,.T.);
#881=EDGE_CURVE('',#731,#732,#349,.T.);
#882=EDGE_CURVE('',#732,#733,#350,.T.);
#883=EDGE_CURVE('',#733,#715,#627,.T.);
#884=EDGE_CURVE('',#734,#735,#351,.T.);
#885=EDGE_CURVE('',#734,#736,#628,.T.);
#886=EDGE_CURVE('',#737,#736,#352,.T.);
#887=EDGE_CURVE('',#737,#738,#629,.T.);
#888=EDGE_CURVE('',#739,#738,#353,.T.);
#889=EDGE_CURVE('',#739,#740,#630,.T.);
#890=EDGE_CURVE('',#741,#740,#354,.T.);
#891=EDGE_CURVE('',#741,#735,#631,.T.);
#892=EDGE_CURVE('',#722,#702,#355,.T.);
#893=EDGE_CURVE('',#742,#701,#356,.T.);
#894=EDGE_CURVE('',#723,#742,#357,.T.);
#895=EDGE_CURVE('',#724,#700,#358,.T.);
#896=EDGE_CURVE('',#699,#725,#359,.T.);
#897=EDGE_CURVE('',#692,#732,#360,.T.);
#898=EDGE_CURVE('',#731,#693,#361,.T.);
#899=EDGE_CURVE('',#727,#697,#362,.T.);
#900=EDGE_CURVE('',#728,#696,#363,.T.);
#901=EDGE_CURVE('',#698,#726,#364,.T.);
#902=EDGE_CURVE('',#729,#695,#365,.T.);
#903=EDGE_CURVE('',#730,#694,#366,.T.);
#904=EDGE_CURVE('',#720,#704,#367,.T.);
#905=EDGE_CURVE('',#721,#703,#368,.T.);
#906=EDGE_CURVE('',#719,#705,#369,.T.);
#907=EDGE_CURVE('',#743,#744,#370,.T.);
#908=EDGE_CURVE('',#730,#743,#632,.T.);
#909=EDGE_CURVE('',#694,#744,#633,.T.);
#910=EDGE_CURVE('',#745,#731,#634,.T.);
#911=EDGE_CURVE('',#745,#746,#371,.T.);
#912=EDGE_CURVE('',#746,#693,#635,.T.);
#913=EDGE_CURVE('',#744,#746,#372,.T.);
#914=EDGE_CURVE('',#743,#745,#373,.T.);
#915=EDGE_CURVE('',#745,#747,#374,.T.);
#916=EDGE_CURVE('',#747,#748,#375,.T.);
#917=EDGE_CURVE('',#746,#748,#376,.T.);
#918=EDGE_CURVE('',#749,#744,#377,.T.);
#919=EDGE_CURVE('',#750,#749,#378,.T.);
#920=EDGE_CURVE('',#750,#743,#379,.T.);
#921=EDGE_CURVE('',#748,#684,#636,.T.);
#922=EDGE_CURVE('',#685,#751,#637,.T.);
#923=EDGE_CURVE('',#751,#752,#380,.T.);
#924=EDGE_CURVE('',#752,#753,#638,.T.);
#925=EDGE_CURVE('',#753,#754,#381,.T.);
#926=EDGE_CURVE('',#754,#755,#639,.T.);
#927=EDGE_CURVE('',#755,#756,#382,.T.);
#928=EDGE_CURVE('',#756,#749,#640,.T.);
#929=EDGE_CURVE('',#686,#747,#641,.T.);
#930=EDGE_CURVE('',#757,#750,#642,.T.);
#931=EDGE_CURVE('',#758,#757,#383,.T.);
#932=EDGE_CURVE('',#758,#759,#643,.T.);
#933=EDGE_CURVE('',#760,#759,#384,.T.);
#934=EDGE_CURVE('',#760,#761,#644,.T.);
#935=EDGE_CURVE('',#762,#761,#385,.T.);
#936=EDGE_CURVE('',#687,#762,#645,.T.);
#937=EDGE_CURVE('',#763,#764,#386,.T.);
#938=EDGE_CURVE('',#723,#763,#15,.T.);
#939=EDGE_CURVE('',#701,#764,#16,.T.);
#940=EDGE_CURVE('',#765,#724,#646,.T.);
#941=EDGE_CURVE('',#765,#766,#387,.T.);
#942=EDGE_CURVE('',#766,#700,#647,.T.);
#943=EDGE_CURVE('',#766,#764,#388,.T.);
#944=EDGE_CURVE('',#763,#765,#389,.T.);
#945=EDGE_CURVE('',#767,#764,#390,.T.);
#946=EDGE_CURVE('',#767,#768,#391,.T.);
#947=EDGE_CURVE('',#768,#763,#392,.T.);
#948=EDGE_CURVE('',#765,#769,#393,.T.);
#949=EDGE_CURVE('',#769,#770,#394,.T.);
#950=EDGE_CURVE('',#766,#770,#395,.T.);
#951=EDGE_CURVE('',#770,#771,#648,.T.);
#952=EDGE_CURVE('',#771,#772,#396,.T.);
#953=EDGE_CURVE('',#772,#767,#649,.T.);
#954=EDGE_CURVE('',#773,#774,#397,.T.);
#955=EDGE_CURVE('',#773,#769,#650,.T.);
#956=EDGE_CURVE('',#768,#774,#651,.T.);
#957=EDGE_CURVE('',#771,#773,#398,.T.);
#958=EDGE_CURVE('',#774,#772,#399,.T.);
#959=EDGE_CURVE('',#762,#751,#400,.T.);
#960=EDGE_CURVE('',#757,#756,#401,.T.);
#961=EDGE_CURVE('',#755,#758,#402,.T.);
#962=EDGE_CURVE('',#761,#752,#403,.T.);
#963=EDGE_CURVE('',#711,#734,#404,.T.);
#964=EDGE_CURVE('',#735,#712,#405,.T.);
#965=EDGE_CURVE('',#736,#710,#406,.T.);
#966=EDGE_CURVE('',#709,#737,#407,.T.);
#967=EDGE_CURVE('',#707,#739,#408,.T.);
#968=EDGE_CURVE('',#738,#708,#409,.T.);
#969=EDGE_CURVE('',#713,#741,#410,.T.);
#970=EDGE_CURVE('',#740,#714,#411,.T.);
#971=EDGE_CURVE('',#717,#688,#412,.T.);
#972=EDGE_CURVE('',#689,#716,#413,.T.);
#973=EDGE_CURVE('',#715,#690,#414,.T.);
#974=EDGE_CURVE('',#691,#733,#415,.T.);
#975=EDGE_CURVE('',#759,#754,#416,.T.);
#976=EDGE_CURVE('',#753,#760,#417,.T.);
#977=EDGE_CURVE('',#775,#776,#652,.T.);
#978=EDGE_CURVE('',#777,#775,#418,.T.);
#979=EDGE_CURVE('',#778,#777,#653,.T.);
#980=EDGE_CURVE('',#776,#778,#419,.T.);
#981=EDGE_CURVE('',#779,#777,#420,.T.);
#982=EDGE_CURVE('',#780,#775,#421,.T.);
#983=EDGE_CURVE('',#780,#779,#422,.T.);
#984=EDGE_CURVE('',#776,#781,#423,.T.);
#985=EDGE_CURVE('',#782,#781,#424,.T.);
#986=EDGE_CURVE('',#782,#780,#425,.T.);
#987=EDGE_CURVE('',#783,#779,#426,.T.);
#988=EDGE_CURVE('',#782,#783,#427,.T.);
#989=EDGE_CURVE('',#778,#784,#428,.T.);
#990=EDGE_CURVE('',#784,#783,#429,.T.);
#991=EDGE_CURVE('',#784,#781,#430,.T.);
#992=EDGE_CURVE('',#784,#683,#654,.T.);
#993=EDGE_CURVE('',#781,#682,#655,.T.);
#994=EDGE_CURVE('',#718,#783,#17,.T.);
#995=EDGE_CURVE('',#706,#782,#18,.T.);
#996=EDGE_CURVE('',#718,#706,#431,.T.);
#997=EDGE_CURVE('',#785,#786,#432,.T.);
#998=EDGE_CURVE('',#785,#718,#19,.T.);
#999=EDGE_CURVE('',#786,#706,#20,.T.);
#1000=EDGE_CURVE('',#719,#787,#21,.T.);
#1001=EDGE_CURVE('',#787,#788,#433,.T.);
#1002=EDGE_CURVE('',#705,#788,#22,.T.);
#1003=EDGE_CURVE('',#788,#786,#434,.T.);
#1004=EDGE_CURVE('',#785,#787,#435,.T.);
#1005=EDGE_CURVE('',#789,#790,#436,.T.);
#1006=EDGE_CURVE('',#789,#791,#437,.T.);
#1007=EDGE_CURVE('',#791,#792,#438,.T.);
#1008=EDGE_CURVE('',#792,#790,#439,.T.);
#1009=EDGE_CURVE('',#793,#789,#656,.T.);
#1010=EDGE_CURVE('',#794,#793,#440,.T.);
#1011=EDGE_CURVE('',#791,#794,#657,.T.);
#1012=EDGE_CURVE('',#788,#793,#441,.T.);
#1013=EDGE_CURVE('',#786,#790,#442,.T.);
#1014=EDGE_CURVE('',#787,#794,#443,.T.);
#1015=EDGE_CURVE('',#785,#792,#444,.T.);
#1016=ORIENTED_EDGE('',*,*,#795,.T.);
#1017=ORIENTED_EDGE('',*,*,#796,.T.);
#1018=ORIENTED_EDGE('',*,*,#797,.T.);
#1019=ORIENTED_EDGE('',*,*,#796,.F.);
#1020=ORIENTED_EDGE('',*,*,#798,.T.);
#1021=ORIENTED_EDGE('',*,*,#799,.T.);
#1022=ORIENTED_EDGE('',*,*,#800,.T.);
#1023=ORIENTED_EDGE('',*,*,#799,.F.);
#1024=ORIENTED_EDGE('',*,*,#801,.F.);
#1025=ORIENTED_EDGE('',*,*,#802,.T.);
#1026=ORIENTED_EDGE('',*,*,#803,.T.);
#1027=ORIENTED_EDGE('',*,*,#802,.F.);
#1028=ORIENTED_EDGE('',*,*,#804,.F.);
#1029=ORIENTED_EDGE('',*,*,#805,.T.);
#1030=ORIENTED_EDGE('',*,*,#806,.T.);
#1031=ORIENTED_EDGE('',*,*,#805,.F.);
#1032=ORIENTED_EDGE('',*,*,#807,.F.);
#1033=ORIENTED_EDGE('',*,*,#808,.T.);
#1034=ORIENTED_EDGE('',*,*,#809,.T.);
#1035=ORIENTED_EDGE('',*,*,#808,.F.);
#1036=ORIENTED_EDGE('',*,*,#810,.F.);
#1037=ORIENTED_EDGE('',*,*,#811,.T.);
#1038=ORIENTED_EDGE('',*,*,#812,.T.);
#1039=ORIENTED_EDGE('',*,*,#811,.F.);
#1040=ORIENTED_EDGE('',*,*,#813,.T.);
#1041=ORIENTED_EDGE('',*,*,#814,.T.);
#1042=ORIENTED_EDGE('',*,*,#815,.T.);
#1043=ORIENTED_EDGE('',*,*,#814,.F.);
#1044=ORIENTED_EDGE('',*,*,#816,.T.);
#1045=ORIENTED_EDGE('',*,*,#817,.T.);
#1046=ORIENTED_EDGE('',*,*,#818,.T.);
#1047=ORIENTED_EDGE('',*,*,#817,.F.);
#1048=ORIENTED_EDGE('',*,*,#819,.T.);
#1049=ORIENTED_EDGE('',*,*,#820,.T.);
#1050=ORIENTED_EDGE('',*,*,#821,.T.);
#1051=ORIENTED_EDGE('',*,*,#820,.F.);
#1052=ORIENTED_EDGE('',*,*,#822,.F.);
#1053=ORIENTED_EDGE('',*,*,#823,.T.);
#1054=ORIENTED_EDGE('',*,*,#824,.T.);
#1055=ORIENTED_EDGE('',*,*,#823,.F.);
#1056=ORIENTED_EDGE('',*,*,#825,.F.);
#1057=ORIENTED_EDGE('',*,*,#826,.T.);
#1058=ORIENTED_EDGE('',*,*,#827,.T.);
#1059=ORIENTED_EDGE('',*,*,#826,.F.);
#1060=ORIENTED_EDGE('',*,*,#828,.F.);
#1061=ORIENTED_EDGE('',*,*,#829,.T.);
#1062=ORIENTED_EDGE('',*,*,#830,.F.);
#1063=ORIENTED_EDGE('',*,*,#831,.F.);
#1064=ORIENTED_EDGE('',*,*,#832,.F.);
#1065=ORIENTED_EDGE('',*,*,#833,.T.);
#1066=ORIENTED_EDGE('',*,*,#834,.T.);
#1067=ORIENTED_EDGE('',*,*,#835,.T.);
#1068=ORIENTED_EDGE('',*,*,#836,.F.);
#1069=ORIENTED_EDGE('',*,*,#837,.T.);
#1070=ORIENTED_EDGE('',*,*,#838,.F.);
#1071=ORIENTED_EDGE('',*,*,#839,.T.);
#1072=ORIENTED_EDGE('',*,*,#840,.F.);
#1073=ORIENTED_EDGE('',*,*,#841,.F.);
#1074=ORIENTED_EDGE('',*,*,#842,.T.);
#1075=ORIENTED_EDGE('',*,*,#843,.F.);
#1076=ORIENTED_EDGE('',*,*,#844,.F.);
#1077=ORIENTED_EDGE('',*,*,#845,.F.);
#1078=ORIENTED_EDGE('',*,*,#846,.T.);
#1079=ORIENTED_EDGE('',*,*,#847,.F.);
#1080=ORIENTED_EDGE('',*,*,#848,.F.);
#1081=ORIENTED_EDGE('',*,*,#849,.T.);
#1082=ORIENTED_EDGE('',*,*,#850,.F.);
#1083=ORIENTED_EDGE('',*,*,#851,.F.);
#1084=ORIENTED_EDGE('',*,*,#852,.F.);
#1085=ORIENTED_EDGE('',*,*,#853,.F.);
#1086=ORIENTED_EDGE('',*,*,#854,.T.);
#1087=ORIENTED_EDGE('',*,*,#855,.T.);
#1088=ORIENTED_EDGE('',*,*,#829,.F.);
#1089=ORIENTED_EDGE('',*,*,#797,.F.);
#1090=ORIENTED_EDGE('',*,*,#800,.F.);
#1091=ORIENTED_EDGE('',*,*,#856,.T.);
#1092=ORIENTED_EDGE('',*,*,#857,.T.);
#1093=ORIENTED_EDGE('',*,*,#858,.T.);
#1094=ORIENTED_EDGE('',*,*,#859,.T.);
#1095=ORIENTED_EDGE('',*,*,#860,.T.);
#1096=ORIENTED_EDGE('',*,*,#861,.T.);
#1097=ORIENTED_EDGE('',*,*,#862,.T.);
#1098=ORIENTED_EDGE('',*,*,#863,.T.);
#1099=ORIENTED_EDGE('',*,*,#864,.T.);
#1100=ORIENTED_EDGE('',*,*,#865,.T.);
#1101=ORIENTED_EDGE('',*,*,#866,.T.);
#1102=ORIENTED_EDGE('',*,*,#831,.T.);
#1103=ORIENTED_EDGE('',*,*,#867,.F.);
#1104=ORIENTED_EDGE('',*,*,#868,.F.);
#1105=ORIENTED_EDGE('',*,*,#869,.F.);
#1106=ORIENTED_EDGE('',*,*,#870,.F.);
#1107=ORIENTED_EDGE('',*,*,#871,.F.);
#1108=ORIENTED_EDGE('',*,*,#872,.T.);
#1109=ORIENTED_EDGE('',*,*,#873,.F.);
#1110=ORIENTED_EDGE('',*,*,#874,.T.);
#1111=ORIENTED_EDGE('',*,*,#875,.T.);
#1112=ORIENTED_EDGE('',*,*,#876,.T.);
#1113=ORIENTED_EDGE('',*,*,#877,.T.);
#1114=ORIENTED_EDGE('',*,*,#878,.F.);
#1115=ORIENTED_EDGE('',*,*,#879,.F.);
#1116=ORIENTED_EDGE('',*,*,#880,.F.);
#1117=ORIENTED_EDGE('',*,*,#881,.T.);
#1118=ORIENTED_EDGE('',*,*,#882,.T.);
#1119=ORIENTED_EDGE('',*,*,#883,.T.);
#1120=ORIENTED_EDGE('',*,*,#795,.F.);
#1121=ORIENTED_EDGE('',*,*,#798,.F.);
#1122=ORIENTED_EDGE('',*,*,#884,.F.);
#1123=ORIENTED_EDGE('',*,*,#885,.T.);
#1124=ORIENTED_EDGE('',*,*,#886,.F.);
#1125=ORIENTED_EDGE('',*,*,#887,.T.);
#1126=ORIENTED_EDGE('',*,*,#888,.F.);
#1127=ORIENTED_EDGE('',*,*,#889,.T.);
#1128=ORIENTED_EDGE('',*,*,#890,.F.);
#1129=ORIENTED_EDGE('',*,*,#891,.T.);
#1130=ORIENTED_EDGE('',*,*,#872,.F.);
#1131=ORIENTED_EDGE('',*,*,#892,.T.);
#1132=ORIENTED_EDGE('',*,*,#850,.T.);
#1133=ORIENTED_EDGE('',*,*,#893,.F.);
#1134=ORIENTED_EDGE('',*,*,#894,.F.);
#1135=ORIENTED_EDGE('',*,*,#874,.F.);
#1136=ORIENTED_EDGE('',*,*,#895,.T.);
#1137=ORIENTED_EDGE('',*,*,#848,.T.);
#1138=ORIENTED_EDGE('',*,*,#896,.T.);
#1139=ORIENTED_EDGE('',*,*,#897,.T.);
#1140=ORIENTED_EDGE('',*,*,#881,.F.);
#1141=ORIENTED_EDGE('',*,*,#898,.T.);
#1142=ORIENTED_EDGE('',*,*,#841,.T.);
#1143=ORIENTED_EDGE('',*,*,#877,.F.);
#1144=ORIENTED_EDGE('',*,*,#899,.T.);
#1145=ORIENTED_EDGE('',*,*,#845,.T.);
#1146=ORIENTED_EDGE('',*,*,#900,.F.);
#1147=ORIENTED_EDGE('',*,*,#847,.T.);
#1148=ORIENTED_EDGE('',*,*,#901,.T.);
#1149=ORIENTED_EDGE('',*,*,#875,.F.);
#1150=ORIENTED_EDGE('',*,*,#896,.F.);
#1151=ORIENTED_EDGE('',*,*,#902,.T.);
#1152=ORIENTED_EDGE('',*,*,#843,.T.);
#1153=ORIENTED_EDGE('',*,*,#903,.F.);
#1154=ORIENTED_EDGE('',*,*,#879,.T.);
#1155=ORIENTED_EDGE('',*,*,#900,.T.);
#1156=ORIENTED_EDGE('',*,*,#844,.T.);
#1157=ORIENTED_EDGE('',*,*,#902,.F.);
#1158=ORIENTED_EDGE('',*,*,#878,.T.);
#1159=ORIENTED_EDGE('',*,*,#904,.T.);
#1160=ORIENTED_EDGE('',*,*,#852,.T.);
#1161=ORIENTED_EDGE('',*,*,#905,.F.);
#1162=ORIENTED_EDGE('',*,*,#870,.T.);
#1163=ORIENTED_EDGE('',*,*,#906,.T.);
#1164=ORIENTED_EDGE('',*,*,#853,.T.);
#1165=ORIENTED_EDGE('',*,*,#904,.F.);
#1166=ORIENTED_EDGE('',*,*,#869,.T.);
#1167=ORIENTED_EDGE('',*,*,#905,.T.);
#1168=ORIENTED_EDGE('',*,*,#851,.T.);
#1169=ORIENTED_EDGE('',*,*,#892,.F.);
#1170=ORIENTED_EDGE('',*,*,#871,.T.);
#1171=ORIENTED_EDGE('',*,*,#907,.F.);
#1172=ORIENTED_EDGE('',*,*,#908,.F.);
#1173=ORIENTED_EDGE('',*,*,#903,.T.);
#1174=ORIENTED_EDGE('',*,*,#909,.T.);
#1175=ORIENTED_EDGE('',*,*,#910,.F.);
#1176=ORIENTED_EDGE('',*,*,#911,.T.);
#1177=ORIENTED_EDGE('',*,*,#912,.T.);
#1178=ORIENTED_EDGE('',*,*,#898,.F.);
#1179=ORIENTED_EDGE('',*,*,#842,.F.);
#1180=ORIENTED_EDGE('',*,*,#912,.F.);
#1181=ORIENTED_EDGE('',*,*,#913,.F.);
#1182=ORIENTED_EDGE('',*,*,#909,.F.);
#1183=ORIENTED_EDGE('',*,*,#880,.T.);
#1184=ORIENTED_EDGE('',*,*,#908,.T.);
#1185=ORIENTED_EDGE('',*,*,#914,.T.);
#1186=ORIENTED_EDGE('',*,*,#910,.T.);
#1187=ORIENTED_EDGE('',*,*,#915,.T.);
#1188=ORIENTED_EDGE('',*,*,#916,.T.);
#1189=ORIENTED_EDGE('',*,*,#917,.F.);
#1190=ORIENTED_EDGE('',*,*,#911,.F.);
#1191=ORIENTED_EDGE('',*,*,#907,.T.);
#1192=ORIENTED_EDGE('',*,*,#918,.F.);
#1193=ORIENTED_EDGE('',*,*,#919,.F.);
#1194=ORIENTED_EDGE('',*,*,#920,.T.);
#1195=ORIENTED_EDGE('',*,*,#917,.T.);
#1196=ORIENTED_EDGE('',*,*,#921,.T.);
#1197=ORIENTED_EDGE('',*,*,#832,.T.);
#1198=ORIENTED_EDGE('',*,*,#922,.T.);
#1199=ORIENTED_EDGE('',*,*,#923,.T.);
#1200=ORIENTED_EDGE('',*,*,#924,.T.);
#1201=ORIENTED_EDGE('',*,*,#925,.T.);
#1202=ORIENTED_EDGE('',*,*,#926,.T.);
#1203=ORIENTED_EDGE('',*,*,#927,.T.);
#1204=ORIENTED_EDGE('',*,*,#928,.T.);
#1205=ORIENTED_EDGE('',*,*,#918,.T.);
#1206=ORIENTED_EDGE('',*,*,#913,.T.);
#1207=ORIENTED_EDGE('',*,*,#824,.F.);
#1208=ORIENTED_EDGE('',*,*,#827,.F.);
#1209=ORIENTED_EDGE('',*,*,#834,.F.);
#1210=ORIENTED_EDGE('',*,*,#929,.T.);
#1211=ORIENTED_EDGE('',*,*,#915,.F.);
#1212=ORIENTED_EDGE('',*,*,#914,.F.);
#1213=ORIENTED_EDGE('',*,*,#920,.F.);
#1214=ORIENTED_EDGE('',*,*,#930,.F.);
#1215=ORIENTED_EDGE('',*,*,#931,.F.);
#1216=ORIENTED_EDGE('',*,*,#932,.T.);
#1217=ORIENTED_EDGE('',*,*,#933,.F.);
#1218=ORIENTED_EDGE('',*,*,#934,.T.);
#1219=ORIENTED_EDGE('',*,*,#935,.F.);
#1220=ORIENTED_EDGE('',*,*,#936,.F.);
#1221=ORIENTED_EDGE('',*,*,#822,.T.);
#1222=ORIENTED_EDGE('',*,*,#825,.T.);
#1223=ORIENTED_EDGE('',*,*,#937,.F.);
#1224=ORIENTED_EDGE('',*,*,#938,.F.);
#1225=ORIENTED_EDGE('',*,*,#894,.T.);
#1226=ORIENTED_EDGE('',*,*,#893,.T.);
#1227=ORIENTED_EDGE('',*,*,#939,.T.);
#1228=ORIENTED_EDGE('',*,*,#940,.F.);
#1229=ORIENTED_EDGE('',*,*,#941,.T.);
#1230=ORIENTED_EDGE('',*,*,#942,.T.);
#1231=ORIENTED_EDGE('',*,*,#895,.F.);
#1232=ORIENTED_EDGE('',*,*,#849,.F.);
#1233=ORIENTED_EDGE('',*,*,#942,.F.);
#1234=ORIENTED_EDGE('',*,*,#943,.T.);
#1235=ORIENTED_EDGE('',*,*,#939,.F.);
#1236=ORIENTED_EDGE('',*,*,#873,.T.);
#1237=ORIENTED_EDGE('',*,*,#938,.T.);
#1238=ORIENTED_EDGE('',*,*,#944,.T.);
#1239=ORIENTED_EDGE('',*,*,#940,.T.);
#1240=ORIENTED_EDGE('',*,*,#945,.F.);
#1241=ORIENTED_EDGE('',*,*,#946,.T.);
#1242=ORIENTED_EDGE('',*,*,#947,.T.);
#1243=ORIENTED_EDGE('',*,*,#937,.T.);
#1244=ORIENTED_EDGE('',*,*,#948,.T.);
#1245=ORIENTED_EDGE('',*,*,#949,.T.);
#1246=ORIENTED_EDGE('',*,*,#950,.F.);
#1247=ORIENTED_EDGE('',*,*,#941,.F.);
#1248=ORIENTED_EDGE('',*,*,#950,.T.);
#1249=ORIENTED_EDGE('',*,*,#951,.T.);
#1250=ORIENTED_EDGE('',*,*,#952,.T.);
#1251=ORIENTED_EDGE('',*,*,#953,.T.);
#1252=ORIENTED_EDGE('',*,*,#945,.T.);
#1253=ORIENTED_EDGE('',*,*,#943,.F.);
#1254=ORIENTED_EDGE('',*,*,#954,.F.);
#1255=ORIENTED_EDGE('',*,*,#955,.T.);
#1256=ORIENTED_EDGE('',*,*,#948,.F.);
#1257=ORIENTED_EDGE('',*,*,#944,.F.);
#1258=ORIENTED_EDGE('',*,*,#947,.F.);
#1259=ORIENTED_EDGE('',*,*,#956,.T.);
#1260=ORIENTED_EDGE('',*,*,#952,.F.);
#1261=ORIENTED_EDGE('',*,*,#957,.T.);
#1262=ORIENTED_EDGE('',*,*,#954,.T.);
#1263=ORIENTED_EDGE('',*,*,#958,.T.);
#1264=ORIENTED_EDGE('',*,*,#922,.F.);
#1265=ORIENTED_EDGE('',*,*,#835,.F.);
#1266=ORIENTED_EDGE('',*,*,#936,.T.);
#1267=ORIENTED_EDGE('',*,*,#959,.T.);
#1268=ORIENTED_EDGE('',*,*,#928,.F.);
#1269=ORIENTED_EDGE('',*,*,#960,.F.);
#1270=ORIENTED_EDGE('',*,*,#930,.T.);
#1271=ORIENTED_EDGE('',*,*,#919,.T.);
#1272=ORIENTED_EDGE('',*,*,#927,.F.);
#1273=ORIENTED_EDGE('',*,*,#961,.T.);
#1274=ORIENTED_EDGE('',*,*,#931,.T.);
#1275=ORIENTED_EDGE('',*,*,#960,.T.);
#1276=ORIENTED_EDGE('',*,*,#935,.T.);
#1277=ORIENTED_EDGE('',*,*,#962,.T.);
#1278=ORIENTED_EDGE('',*,*,#923,.F.);
#1279=ORIENTED_EDGE('',*,*,#959,.F.);
#1280=ORIENTED_EDGE('',*,*,#860,.F.);
#1281=ORIENTED_EDGE('',*,*,#963,.T.);
#1282=ORIENTED_EDGE('',*,*,#884,.T.);
#1283=ORIENTED_EDGE('',*,*,#964,.T.);
#1284=ORIENTED_EDGE('',*,*,#886,.T.);
#1285=ORIENTED_EDGE('',*,*,#965,.T.);
#1286=ORIENTED_EDGE('',*,*,#858,.F.);
#1287=ORIENTED_EDGE('',*,*,#966,.T.);
#1288=ORIENTED_EDGE('',*,*,#856,.F.);
#1289=ORIENTED_EDGE('',*,*,#967,.T.);
#1290=ORIENTED_EDGE('',*,*,#888,.T.);
#1291=ORIENTED_EDGE('',*,*,#968,.T.);
#1292=ORIENTED_EDGE('',*,*,#862,.F.);
#1293=ORIENTED_EDGE('',*,*,#969,.T.);
#1294=ORIENTED_EDGE('',*,*,#890,.T.);
#1295=ORIENTED_EDGE('',*,*,#970,.T.);
#1296=ORIENTED_EDGE('',*,*,#866,.F.);
#1297=ORIENTED_EDGE('',*,*,#971,.T.);
#1298=ORIENTED_EDGE('',*,*,#836,.T.);
#1299=ORIENTED_EDGE('',*,*,#828,.T.);
#1300=ORIENTED_EDGE('',*,*,#838,.T.);
#1301=ORIENTED_EDGE('',*,*,#972,.T.);
#1302=ORIENTED_EDGE('',*,*,#864,.F.);
#1303=ORIENTED_EDGE('',*,*,#973,.T.);
#1304=ORIENTED_EDGE('',*,*,#840,.T.);
#1305=ORIENTED_EDGE('',*,*,#974,.T.);
#1306=ORIENTED_EDGE('',*,*,#882,.F.);
#1307=ORIENTED_EDGE('',*,*,#897,.F.);
#1308=ORIENTED_EDGE('',*,*,#933,.T.);
#1309=ORIENTED_EDGE('',*,*,#975,.T.);
#1310=ORIENTED_EDGE('',*,*,#925,.F.);
#1311=ORIENTED_EDGE('',*,*,#976,.T.);
#1312=ORIENTED_EDGE('',*,*,#921,.F.);
#1313=ORIENTED_EDGE('',*,*,#916,.F.);
#1314=ORIENTED_EDGE('',*,*,#929,.F.);
#1315=ORIENTED_EDGE('',*,*,#833,.F.);
#1316=ORIENTED_EDGE('',*,*,#953,.F.);
#1317=ORIENTED_EDGE('',*,*,#958,.F.);
#1318=ORIENTED_EDGE('',*,*,#956,.F.);
#1319=ORIENTED_EDGE('',*,*,#946,.F.);
#1320=ORIENTED_EDGE('',*,*,#932,.F.);
#1321=ORIENTED_EDGE('',*,*,#961,.F.);
#1322=ORIENTED_EDGE('',*,*,#926,.F.);
#1323=ORIENTED_EDGE('',*,*,#975,.F.);
#1324=ORIENTED_EDGE('',*,*,#934,.F.);
#1325=ORIENTED_EDGE('',*,*,#976,.F.);
#1326=ORIENTED_EDGE('',*,*,#924,.F.);
#1327=ORIENTED_EDGE('',*,*,#962,.F.);
#1328=ORIENTED_EDGE('',*,*,#859,.F.);
#1329=ORIENTED_EDGE('',*,*,#965,.F.);
#1330=ORIENTED_EDGE('',*,*,#885,.F.);
#1331=ORIENTED_EDGE('',*,*,#963,.F.);
#1332=ORIENTED_EDGE('',*,*,#861,.F.);
#1333=ORIENTED_EDGE('',*,*,#964,.F.);
#1334=ORIENTED_EDGE('',*,*,#891,.F.);
#1335=ORIENTED_EDGE('',*,*,#969,.F.);
#1336=ORIENTED_EDGE('',*,*,#863,.F.);
#1337=ORIENTED_EDGE('',*,*,#970,.F.);
#1338=ORIENTED_EDGE('',*,*,#889,.F.);
#1339=ORIENTED_EDGE('',*,*,#967,.F.);
#1340=ORIENTED_EDGE('',*,*,#857,.F.);
#1341=ORIENTED_EDGE('',*,*,#968,.F.);
#1342=ORIENTED_EDGE('',*,*,#887,.F.);
#1343=ORIENTED_EDGE('',*,*,#966,.F.);
#1344=ORIENTED_EDGE('',*,*,#846,.F.);
#1345=ORIENTED_EDGE('',*,*,#899,.F.);
#1346=ORIENTED_EDGE('',*,*,#876,.F.);
#1347=ORIENTED_EDGE('',*,*,#901,.F.);
#1348=ORIENTED_EDGE('',*,*,#951,.F.);
#1349=ORIENTED_EDGE('',*,*,#949,.F.);
#1350=ORIENTED_EDGE('',*,*,#955,.F.);
#1351=ORIENTED_EDGE('',*,*,#957,.F.);
#1352=ORIENTED_EDGE('',*,*,#977,.F.);
#1353=ORIENTED_EDGE('',*,*,#978,.F.);
#1354=ORIENTED_EDGE('',*,*,#979,.F.);
#1355=ORIENTED_EDGE('',*,*,#980,.F.);
#1356=ORIENTED_EDGE('',*,*,#981,.T.);
#1357=ORIENTED_EDGE('',*,*,#978,.T.);
#1358=ORIENTED_EDGE('',*,*,#982,.F.);
#1359=ORIENTED_EDGE('',*,*,#983,.T.);
#1360=ORIENTED_EDGE('',*,*,#982,.T.);
#1361=ORIENTED_EDGE('',*,*,#977,.T.);
#1362=ORIENTED_EDGE('',*,*,#984,.T.);
#1363=ORIENTED_EDGE('',*,*,#985,.F.);
#1364=ORIENTED_EDGE('',*,*,#986,.T.);
#1365=ORIENTED_EDGE('',*,*,#815,.F.);
#1366=ORIENTED_EDGE('',*,*,#818,.F.);
#1367=ORIENTED_EDGE('',*,*,#821,.F.);
#1368=ORIENTED_EDGE('',*,*,#987,.T.);
#1369=ORIENTED_EDGE('',*,*,#983,.F.);
#1370=ORIENTED_EDGE('',*,*,#986,.F.);
#1371=ORIENTED_EDGE('',*,*,#988,.T.);
#1372=ORIENTED_EDGE('',*,*,#989,.F.);
#1373=ORIENTED_EDGE('',*,*,#979,.T.);
#1374=ORIENTED_EDGE('',*,*,#981,.F.);
#1375=ORIENTED_EDGE('',*,*,#987,.F.);
#1376=ORIENTED_EDGE('',*,*,#990,.F.);
#1377=ORIENTED_EDGE('',*,*,#813,.F.);
#1378=ORIENTED_EDGE('',*,*,#816,.F.);
#1379=ORIENTED_EDGE('',*,*,#819,.F.);
#1380=ORIENTED_EDGE('',*,*,#984,.F.);
#1381=ORIENTED_EDGE('',*,*,#980,.T.);
#1382=ORIENTED_EDGE('',*,*,#989,.T.);
#1383=ORIENTED_EDGE('',*,*,#991,.T.);
#1384=ORIENTED_EDGE('',*,*,#991,.F.);
#1385=ORIENTED_EDGE('',*,*,#992,.T.);
#1386=ORIENTED_EDGE('',*,*,#830,.T.);
#1387=ORIENTED_EDGE('',*,*,#993,.F.);
#1388=ORIENTED_EDGE('',*,*,#994,.T.);
#1389=ORIENTED_EDGE('',*,*,#988,.F.);
#1390=ORIENTED_EDGE('',*,*,#995,.F.);
#1391=ORIENTED_EDGE('',*,*,#996,.F.);
#1392=ORIENTED_EDGE('',*,*,#855,.F.);
#1393=ORIENTED_EDGE('',*,*,#995,.T.);
#1394=ORIENTED_EDGE('',*,*,#985,.T.);
#1395=ORIENTED_EDGE('',*,*,#993,.T.);
#1396=ORIENTED_EDGE('',*,*,#867,.T.);
#1397=ORIENTED_EDGE('',*,*,#992,.F.);
#1398=ORIENTED_EDGE('',*,*,#990,.T.);
#1399=ORIENTED_EDGE('',*,*,#994,.F.);
#1400=ORIENTED_EDGE('',*,*,#997,.F.);
#1401=ORIENTED_EDGE('',*,*,#998,.T.);
#1402=ORIENTED_EDGE('',*,*,#996,.T.);
#1403=ORIENTED_EDGE('',*,*,#999,.F.);
#1404=ORIENTED_EDGE('',*,*,#1000,.T.);
#1405=ORIENTED_EDGE('',*,*,#1001,.T.);
#1406=ORIENTED_EDGE('',*,*,#1002,.F.);
#1407=ORIENTED_EDGE('',*,*,#906,.F.);
#1408=ORIENTED_EDGE('',*,*,#854,.F.);
#1409=ORIENTED_EDGE('',*,*,#1002,.T.);
#1410=ORIENTED_EDGE('',*,*,#1003,.T.);
#1411=ORIENTED_EDGE('',*,*,#999,.T.);
#1412=ORIENTED_EDGE('',*,*,#868,.T.);
#1413=ORIENTED_EDGE('',*,*,#998,.F.);
#1414=ORIENTED_EDGE('',*,*,#1004,.T.);
#1415=ORIENTED_EDGE('',*,*,#1000,.F.);
#1416=ORIENTED_EDGE('',*,*,#1005,.F.);
#1417=ORIENTED_EDGE('',*,*,#1006,.T.);
#1418=ORIENTED_EDGE('',*,*,#1007,.T.);
#1419=ORIENTED_EDGE('',*,*,#1008,.T.);
#1420=ORIENTED_EDGE('',*,*,#1009,.F.);
#1421=ORIENTED_EDGE('',*,*,#1010,.F.);
#1422=ORIENTED_EDGE('',*,*,#1011,.F.);
#1423=ORIENTED_EDGE('',*,*,#1006,.F.);
#1424=ORIENTED_EDGE('',*,*,#1012,.T.);
#1425=ORIENTED_EDGE('',*,*,#1009,.T.);
#1426=ORIENTED_EDGE('',*,*,#1005,.T.);
#1427=ORIENTED_EDGE('',*,*,#1013,.F.);
#1428=ORIENTED_EDGE('',*,*,#1003,.F.);
#1429=ORIENTED_EDGE('',*,*,#801,.T.);
#1430=ORIENTED_EDGE('',*,*,#804,.T.);
#1431=ORIENTED_EDGE('',*,*,#807,.T.);
#1432=ORIENTED_EDGE('',*,*,#810,.T.);
#1433=ORIENTED_EDGE('',*,*,#1014,.T.);
#1434=ORIENTED_EDGE('',*,*,#1010,.T.);
#1435=ORIENTED_EDGE('',*,*,#1012,.F.);
#1436=ORIENTED_EDGE('',*,*,#1001,.F.);
#1437=ORIENTED_EDGE('',*,*,#1007,.F.);
#1438=ORIENTED_EDGE('',*,*,#1011,.T.);
#1439=ORIENTED_EDGE('',*,*,#1014,.F.);
#1440=ORIENTED_EDGE('',*,*,#1004,.F.);
#1441=ORIENTED_EDGE('',*,*,#1015,.T.);
#1442=ORIENTED_EDGE('',*,*,#803,.F.);
#1443=ORIENTED_EDGE('',*,*,#806,.F.);
#1444=ORIENTED_EDGE('',*,*,#809,.F.);
#1445=ORIENTED_EDGE('',*,*,#812,.F.);
#1446=ORIENTED_EDGE('',*,*,#1013,.T.);
#1447=ORIENTED_EDGE('',*,*,#1008,.F.);
#1448=ORIENTED_EDGE('',*,*,#1015,.F.);
#1449=ORIENTED_EDGE('',*,*,#997,.T.);
#1450=ORIENTED_EDGE('',*,*,#837,.F.);
#1451=ORIENTED_EDGE('',*,*,#971,.F.);
#1452=ORIENTED_EDGE('',*,*,#865,.F.);
#1453=ORIENTED_EDGE('',*,*,#972,.F.);
#1454=ORIENTED_EDGE('',*,*,#839,.F.);
#1455=ORIENTED_EDGE('',*,*,#973,.F.);
#1456=ORIENTED_EDGE('',*,*,#883,.F.);
#1457=ORIENTED_EDGE('',*,*,#974,.F.);
#1458=CYLINDRICAL_SURFACE('',#1593,2.09999999999999);
#1459=CYLINDRICAL_SURFACE('',#1596,2.09999999999999);
#1460=CYLINDRICAL_SURFACE('',#1599,1.99999999999999);
#1461=CYLINDRICAL_SURFACE('',#1602,1.99999999999999);
#1462=CYLINDRICAL_SURFACE('',#1605,1.99999999999999);
#1463=CYLINDRICAL_SURFACE('',#1608,1.99999999999999);
#1464=CYLINDRICAL_SURFACE('',#1611,3.04999999999998);
#1465=CYLINDRICAL_SURFACE('',#1614,3.04999999999999);
#1466=CYLINDRICAL_SURFACE('',#1617,3.04999999999999);
#1467=CYLINDRICAL_SURFACE('',#1620,3.05);
#1468=CYLINDRICAL_SURFACE('',#1623,3.05);
#1469=CYLINDRICAL_SURFACE('',#1660,2.70000000000001);
#1470=CYLINDRICAL_SURFACE('',#1661,1.5);
#1471=CYLINDRICAL_SURFACE('',#1679,2.70000000000001);
#1472=CYLINDRICAL_SURFACE('',#1680,1.5);
#1473=CYLINDRICAL_SURFACE('',#1690,3.75);
#1474=CYLINDRICAL_SURFACE('',#1691,15.);
#1475=CYLINDRICAL_SURFACE('',#1702,3.);
#1476=CYLINDRICAL_SURFACE('',#1703,3.);
#1477=CYLINDRICAL_SURFACE('',#1704,3.);
#1478=CYLINDRICAL_SURFACE('',#1705,3.);
#1479=CYLINDRICAL_SURFACE('',#1706,3.);
#1480=CYLINDRICAL_SURFACE('',#1707,3.);
#1481=CYLINDRICAL_SURFACE('',#1708,3.);
#1482=CYLINDRICAL_SURFACE('',#1709,3.);
#1483=CYLINDRICAL_SURFACE('',#1710,15.);
#1484=CYLINDRICAL_SURFACE('',#1711,15.);
#1485=CYLINDRICAL_SURFACE('',#1712,3.);
#1486=CYLINDRICAL_SURFACE('',#1723,2.7);
#1487=CYLINDRICAL_SURFACE('',#1724,1.5);
#1488=CYLINDRICAL_SURFACE('',#1725,2.7);
#1489=CYLINDRICAL_SURFACE('',#1726,1.5);
#1490=CYLINDRICAL_SURFACE('',#1728,15.);
#1491=CYLINDRICAL_SURFACE('',#1735,2.);
#1492=CYLINDRICAL_SURFACE('',#1736,2.);
#1493=ADVANCED_FACE('',(#98),#1458,.F.);
#1494=ADVANCED_FACE('',(#99),#1459,.F.);
#1495=ADVANCED_FACE('',(#100),#1460,.F.);
#1496=ADVANCED_FACE('',(#101),#1461,.F.);
#1497=ADVANCED_FACE('',(#102),#1462,.F.);
#1498=ADVANCED_FACE('',(#103),#1463,.F.);
#1499=ADVANCED_FACE('',(#104),#1464,.F.);
#1500=ADVANCED_FACE('',(#105),#1465,.F.);
#1501=ADVANCED_FACE('',(#106),#1466,.F.);
#1502=ADVANCED_FACE('',(#107),#1467,.F.);
#1503=ADVANCED_FACE('',(#108),#1468,.F.);
#1504=ADVANCED_FACE('',(#109),#51,.T.);
#1505=ADVANCED_FACE('',(#110),#52,.F.);
#1506=ADVANCED_FACE('',(#111,#27,#28,#29),#53,.F.);
#1507=ADVANCED_FACE('',(#112,#30,#31,#32),#54,.T.);
#1508=ADVANCED_FACE('',(#113),#55,.T.);
#1509=ADVANCED_FACE('',(#114),#56,.T.);
#1510=ADVANCED_FACE('',(#115),#57,.T.);
#1511=ADVANCED_FACE('',(#116),#58,.T.);
#1512=ADVANCED_FACE('',(#117),#59,.T.);
#1513=ADVANCED_FACE('',(#118),#60,.T.);
#1514=ADVANCED_FACE('',(#119),#61,.T.);
#1515=ADVANCED_FACE('',(#120),#62,.T.);
#1516=ADVANCED_FACE('',(#121),#63,.T.);
#1517=ADVANCED_FACE('',(#122),#64,.T.);
#1518=ADVANCED_FACE('',(#123),#65,.T.);
#1519=ADVANCED_FACE('',(#124),#66,.F.);
#1520=ADVANCED_FACE('',(#125),#1469,.T.);
#1521=ADVANCED_FACE('',(#126),#1470,.F.);
#1522=ADVANCED_FACE('',(#127),#67,.F.);
#1523=ADVANCED_FACE('',(#128),#68,.F.);
#1524=ADVANCED_FACE('',(#129,#33,#34),#69,.T.);
#1525=ADVANCED_FACE('',(#130,#35,#36),#70,.F.);
#1526=ADVANCED_FACE('',(#131),#23,.F.);
#1527=ADVANCED_FACE('',(#132),#71,.F.);
#1528=ADVANCED_FACE('',(#133),#1471,.T.);
#1529=ADVANCED_FACE('',(#134),#1472,.F.);
#1530=ADVANCED_FACE('',(#135),#72,.F.);
#1531=ADVANCED_FACE('',(#136),#73,.F.);
#1532=ADVANCED_FACE('',(#137),#74,.F.);
#1533=ADVANCED_FACE('',(#138),#75,.T.);
#1534=ADVANCED_FACE('',(#139),#76,.F.);
#1535=ADVANCED_FACE('',(#140),#1473,.F.);
#1536=ADVANCED_FACE('',(#141),#1474,.T.);
#1537=ADVANCED_FACE('',(#142),#77,.T.);
#1538=ADVANCED_FACE('',(#143),#78,.T.);
#1539=ADVANCED_FACE('',(#144),#79,.F.);
#1540=ADVANCED_FACE('',(#145),#80,.F.);
#1541=ADVANCED_FACE('',(#146),#81,.F.);
#1542=ADVANCED_FACE('',(#147),#82,.F.);
#1543=ADVANCED_FACE('',(#148),#83,.T.);
#1544=ADVANCED_FACE('',(#149),#84,.T.);
#1545=ADVANCED_FACE('',(#150),#85,.T.);
#1546=ADVANCED_FACE('',(#151),#86,.T.);
#1547=ADVANCED_FACE('',(#152),#1475,.T.);
#1548=ADVANCED_FACE('',(#153),#1476,.T.);
#1549=ADVANCED_FACE('',(#154),#1477,.T.);
#1550=ADVANCED_FACE('',(#155),#1478,.T.);
#1551=ADVANCED_FACE('',(#156),#1479,.F.);
#1552=ADVANCED_FACE('',(#157),#1480,.F.);
#1553=ADVANCED_FACE('',(#158),#1481,.F.);
#1554=ADVANCED_FACE('',(#159),#1482,.F.);
#1555=ADVANCED_FACE('',(#160),#1483,.T.);
#1556=ADVANCED_FACE('',(#161),#1484,.T.);
#1557=ADVANCED_FACE('',(#162),#1485,.T.);
#1558=ADVANCED_FACE('',(#163),#87,.F.);
#1559=ADVANCED_FACE('',(#164,#37,#38,#39),#88,.F.);
#1560=ADVANCED_FACE('',(#165),#89,.F.);
#1561=ADVANCED_FACE('',(#166,#40,#41,#42),#90,.T.);
#1562=ADVANCED_FACE('',(#167),#91,.F.);
#1563=ADVANCED_FACE('',(#168),#92,.T.);
#1564=ADVANCED_FACE('',(#169),#24,.T.);
#1565=ADVANCED_FACE('',(#170),#1486,.T.);
#1566=ADVANCED_FACE('',(#171),#1487,.F.);
#1567=ADVANCED_FACE('',(#172),#25,.T.);
#1568=ADVANCED_FACE('',(#173),#26,.T.);
#1569=ADVANCED_FACE('',(#174),#1488,.T.);
#1570=ADVANCED_FACE('',(#175),#1489,.F.);
#1571=ADVANCED_FACE('',(#176),#93,.F.);
#1572=ADVANCED_FACE('',(#177),#1490,.T.);
#1573=ADVANCED_FACE('',(#178,#43,#44,#45,#46),#94,.F.);
#1574=ADVANCED_FACE('',(#179),#95,.F.);
#1575=ADVANCED_FACE('',(#180,#47,#48,#49,#50),#96,.T.);
#1576=ADVANCED_FACE('',(#181),#97,.F.);
#1577=ADVANCED_FACE('',(#182),#1491,.T.);
#1578=ADVANCED_FACE('',(#183),#1492,.T.);
#1579=CLOSED_SHELL('',(#1493,#1494,#1495,#1496,#1497,#1498,#1499,#1500,
#1501,#1502,#1503,#1504,#1505,#1506,#1507,#1508,#1509,#1510,#1511,#1512,
#1513,#1514,#1515,#1516,#1517,#1518,#1519,#1520,#1521,#1522,#1523,#1524,
#1525,#1526,#1527,#1528,#1529,#1530,#1531,#1532,#1533,#1534,#1535,#1536,
#1537,#1538,#1539,#1540,#1541,#1542,#1543,#1544,#1545,#1546,#1547,#1548,
#1549,#1550,#1551,#1552,#1553,#1554,#1555,#1556,#1557,#1558,#1559,#1560,
#1561,#1562,#1563,#1564,#1565,#1566,#1567,#1568,#1569,#1570,#1571,#1572,
#1573,#1574,#1575,#1576,#1577,#1578));
#1580=DERIVED_UNIT_ELEMENT(#1582,1.);
#1581=DERIVED_UNIT_ELEMENT(#2977,-3.);
#1582=(
MASS_UNIT()
NAMED_UNIT(*)
SI_UNIT(.KILO.,.GRAM.)
);
#1583=DERIVED_UNIT((#1580,#1581));
#1584=MEASURE_REPRESENTATION_ITEM('density measure',
POSITIVE_RATIO_MEASURE(7850.),#1583);
#1585=PROPERTY_DEFINITION_REPRESENTATION(#1590,#1587);
#1586=PROPERTY_DEFINITION_REPRESENTATION(#1591,#1588);
#1587=REPRESENTATION('material name',(#1589),#2974);
#1588=REPRESENTATION('density',(#1584),#2974);
#1589=DESCRIPTIVE_REPRESENTATION_ITEM('Steel','Steel');
#1590=PROPERTY_DEFINITION('material property','material name',#2984);
#1591=PROPERTY_DEFINITION('material property','density of part',#2984);
#1592=AXIS2_PLACEMENT_3D('',#2178,#1737,#1738);
#1593=AXIS2_PLACEMENT_3D('',#2179,#1739,#1740);
#1594=AXIS2_PLACEMENT_3D('',#2181,#1741,#1742);
#1595=AXIS2_PLACEMENT_3D('',#2184,#1744,#1745);
#1596=AXIS2_PLACEMENT_3D('',#2185,#1746,#1747);
#1597=AXIS2_PLACEMENT_3D('',#2187,#1748,#1749);
#1598=AXIS2_PLACEMENT_3D('',#2190,#1751,#1752);
#1599=AXIS2_PLACEMENT_3D('',#2191,#1753,#1754);
#1600=AXIS2_PLACEMENT_3D('',#2193,#1755,#1756);
#1601=AXIS2_PLACEMENT_3D('',#2196,#1758,#1759);
#1602=AXIS2_PLACEMENT_3D('',#2197,#1760,#1761);
#1603=AXIS2_PLACEMENT_3D('',#2199,#1762,#1763);
#1604=AXIS2_PLACEMENT_3D('',#2202,#1765,#1766);
#1605=AXIS2_PLACEMENT_3D('',#2203,#1767,#1768);
#1606=AXIS2_PLACEMENT_3D('',#2205,#1769,#1770);
#1607=AXIS2_PLACEMENT_3D('',#2208,#1772,#1773);
#1608=AXIS2_PLACEMENT_3D('',#2209,#1774,#1775);
#1609=AXIS2_PLACEMENT_3D('',#2211,#1776,#1777);
#1610=AXIS2_PLACEMENT_3D('',#2214,#1779,#1780);
#1611=AXIS2_PLACEMENT_3D('',#2215,#1781,#1782);
#1612=AXIS2_PLACEMENT_3D('',#2217,#1783,#1784);
#1613=AXIS2_PLACEMENT_3D('',#2220,#1786,#1787);
#1614=AXIS2_PLACEMENT_3D('',#2221,#1788,#1789);
#1615=AXIS2_PLACEMENT_3D('',#2223,#1790,#1791);
#1616=AXIS2_PLACEMENT_3D('',#2226,#1793,#1794);
#1617=AXIS2_PLACEMENT_3D('',#2227,#1795,#1796);
#1618=AXIS2_PLACEMENT_3D('',#2229,#1797,#1798);
#1619=AXIS2_PLACEMENT_3D('',#2232,#1800,#1801);
#1620=AXIS2_PLACEMENT_3D('',#2233,#1802,#1803);
#1621=AXIS2_PLACEMENT_3D('',#2235,#1804,#1805);
#1622=AXIS2_PLACEMENT_3D('',#2238,#1807,#1808);
#1623=AXIS2_PLACEMENT_3D('',#2239,#1809,#1810);
#1624=AXIS2_PLACEMENT_3D('',#2241,#1811,#1812);
#1625=AXIS2_PLACEMENT_3D('',#2244,#1814,#1815);
#1626=AXIS2_PLACEMENT_3D('',#2245,#1816,#1817);
#1627=AXIS2_PLACEMENT_3D('',#2254,#1822,#1823);
#1628=AXIS2_PLACEMENT_3D('',#2263,#1828,#1829);
#1629=AXIS2_PLACEMENT_3D('',#2267,#1831,#1832);
#1630=AXIS2_PLACEMENT_3D('',#2271,#1834,#1835);
#1631=AXIS2_PLACEMENT_3D('',#2285,#1842,#1843);
#1632=AXIS2_PLACEMENT_3D('',#2307,#1854,#1855);
#1633=AXIS2_PLACEMENT_3D('',#2311,#1857,#1858);
#1634=AXIS2_PLACEMENT_3D('',#2315,#1860,#1861);
#1635=AXIS2_PLACEMENT_3D('',#2318,#1863,#1864);
#1636=AXIS2_PLACEMENT_3D('',#2319,#1865,#1866);
#1637=AXIS2_PLACEMENT_3D('',#2324,#1868,#1869);
#1638=AXIS2_PLACEMENT_3D('',#2345,#1880,#1881);
#1639=AXIS2_PLACEMENT_3D('',#2358,#1888,#1889);
#1640=AXIS2_PLACEMENT_3D('',#2363,#1891,#1892);
#1641=AXIS2_PLACEMENT_3D('',#2367,#1894,#1895);
#1642=AXIS2_PLACEMENT_3D('',#2371,#1897,#1898);
#1643=AXIS2_PLACEMENT_3D('',#2374,#1900,#1901);
#1644=AXIS2_PLACEMENT_3D('',#2375,#1902,#1903);
#1645=AXIS2_PLACEMENT_3D('',#2380,#1907,#1908);
#1646=AXIS2_PLACEMENT_3D('',#2383,#1911,#1912);
#1647=AXIS2_PLACEMENT_3D('',#2386,#1915,#1916);
#1648=AXIS2_PLACEMENT_3D('',#2389,#1919,#1920);
#1649=AXIS2_PLACEMENT_3D('',#2391,#1922,#1923);
#1650=AXIS2_PLACEMENT_3D('',#2394,#1926,#1927);
#1651=AXIS2_PLACEMENT_3D('',#2395,#1928,#1929);
#1652=AXIS2_PLACEMENT_3D('',#2398,#1932,#1933);
#1653=AXIS2_PLACEMENT_3D('',#2400,#1935,#1936);
#1654=AXIS2_PLACEMENT_3D('',#2401,#1937,#1938);
#1655=AXIS2_PLACEMENT_3D('',#2405,#1940,#1941);
#1656=AXIS2_PLACEMENT_3D('',#2406,#1942,#1943);
#1657=AXIS2_PLACEMENT_3D('',#2407,#1944,#1945);
#1658=AXIS2_PLACEMENT_3D('',#2409,#1946,#1947);
#1659=AXIS2_PLACEMENT_3D('',#2412,#1949,#1950);
#1660=AXIS2_PLACEMENT_3D('',#2413,#1951,#1952);
#1661=AXIS2_PLACEMENT_3D('',#2415,#1954,#1955);
#1662=AXIS2_PLACEMENT_3D('',#2417,#1957,#1958);
#1663=AXIS2_PLACEMENT_3D('',#2423,#1962,#1963);
#1664=AXIS2_PLACEMENT_3D('',#2429,#1967,#1968);
#1665=AXIS2_PLACEMENT_3D('',#2430,#1969,#1970);
#1666=AXIS2_PLACEMENT_3D('',#2432,#1971,#1972);
#1667=AXIS2_PLACEMENT_3D('',#2436,#1974,#1975);
#1668=AXIS2_PLACEMENT_3D('',#2440,#1977,#1978);
#1669=AXIS2_PLACEMENT_3D('',#2443,#1980,#1981);
#1670=AXIS2_PLACEMENT_3D('',#2444,#1982,#1983);
#1671=AXIS2_PLACEMENT_3D('',#2445,#1984,#1985);
#1672=AXIS2_PLACEMENT_3D('',#2447,#1986,#1987);
#1673=AXIS2_PLACEMENT_3D('',#2451,#1989,#1990);
#1674=AXIS2_PLACEMENT_3D('',#2455,#1992,#1993);
#1675=AXIS2_PLACEMENT_3D('',#2458,#1995,#1996);
#1676=AXIS2_PLACEMENT_3D('',#2615,#1998,#1999);
#1677=AXIS2_PLACEMENT_3D('',#2617,#2000,#2001);
#1678=AXIS2_PLACEMENT_3D('',#2620,#2003,#2004);
#1679=AXIS2_PLACEMENT_3D('',#2621,#2005,#2006);
#1680=AXIS2_PLACEMENT_3D('',#2623,#2008,#2009);
#1681=AXIS2_PLACEMENT_3D('',#2625,#2011,#2012);
#1682=AXIS2_PLACEMENT_3D('',#2631,#2016,#2017);
#1683=AXIS2_PLACEMENT_3D('',#2637,#2021,#2022);
#1684=AXIS2_PLACEMENT_3D('',#2639,#2023,#2024);
#1685=AXIS2_PLACEMENT_3D('',#2642,#2026,#2027);
#1686=AXIS2_PLACEMENT_3D('',#2643,#2028,#2029);
#1687=AXIS2_PLACEMENT_3D('',#2647,#2031,#2032);
#1688=AXIS2_PLACEMENT_3D('',#2648,#2033,#2034);
#1689=AXIS2_PLACEMENT_3D('',#2649,#2035,#2036);
#1690=AXIS2_PLACEMENT_3D('',#2652,#2039,#2040);
#1691=AXIS2_PLACEMENT_3D('',#2654,#2042,#2043);
#1692=AXIS2_PLACEMENT_3D('',#2656,#2045,#2046);
#1693=AXIS2_PLACEMENT_3D('',#2658,#2048,#2049);
#1694=AXIS2_PLACEMENT_3D('',#2660,#2051,#2052);
#1695=AXIS2_PLACEMENT_3D('',#2663,#2055,#2056);
#1696=AXIS2_PLACEMENT_3D('',#2666,#2059,#2060);
#1697=AXIS2_PLACEMENT_3D('',#2669,#2063,#2064);
#1698=AXIS2_PLACEMENT_3D('',#2672,#2067,#2068);
#1699=AXIS2_PLACEMENT_3D('',#2674,#2070,#2071);
#1700=AXIS2_PLACEMENT_3D('',#2677,#2074,#2075);
#1701=AXIS2_PLACEMENT_3D('',#2679,#2077,#2078);
#1702=AXIS2_PLACEMENT_3D('',#2682,#2081,#2082);
#1703=AXIS2_PLACEMENT_3D('',#2683,#2083,#2084);
#1704=AXIS2_PLACEMENT_3D('',#2684,#2085,#2086);
#1705=AXIS2_PLACEMENT_3D('',#2685,#2087,#2088);
#1706=AXIS2_PLACEMENT_3D('',#2686,#2089,#2090);
#1707=AXIS2_PLACEMENT_3D('',#2687,#2091,#2092);
#1708=AXIS2_PLACEMENT_3D('',#2688,#2093,#2094);
#1709=AXIS2_PLACEMENT_3D('',#2689,#2095,#2096);
#1710=AXIS2_PLACEMENT_3D('',#2690,#2097,#2098);
#1711=AXIS2_PLACEMENT_3D('',#2691,#2099,#2100);
#1712=AXIS2_PLACEMENT_3D('',#2692,#2101,#2102);
#1713=AXIS2_PLACEMENT_3D('',#2695,#2103,#2104);
#1714=AXIS2_PLACEMENT_3D('',#2699,#2106,#2107);
#1715=AXIS2_PLACEMENT_3D('',#2701,#2109,#2110);
#1716=AXIS2_PLACEMENT_3D('',#2707,#2114,#2115);
#1717=AXIS2_PLACEMENT_3D('',#2713,#2119,#2120);
#1718=AXIS2_PLACEMENT_3D('',#2717,#2123,#2124);
#1719=AXIS2_PLACEMENT_3D('',#2721,#2127,#2128);
#1720=AXIS2_PLACEMENT_3D('',#2723,#2130,#2131);
#1721=AXIS2_PLACEMENT_3D('',#2724,#2132,#2133);
#1722=AXIS2_PLACEMENT_3D('',#2725,#2134,#2135);
#1723=AXIS2_PLACEMENT_3D('',#2795,#2137,#2138);
#1724=AXIS2_PLACEMENT_3D('',#2796,#2139,#2140);
#1725=AXIS2_PLACEMENT_3D('',#2943,#2143,#2144);
#1726=AXIS2_PLACEMENT_3D('',#2945,#2146,#2147);
#1727=AXIS2_PLACEMENT_3D('',#2947,#2149,#2150);
#1728=AXIS2_PLACEMENT_3D('',#2956,#2155,#2156);
#1729=AXIS2_PLACEMENT_3D('',#2958,#2157,#2158);
#1730=AXIS2_PLACEMENT_3D('',#2961,#2160,#2161);
#1731=AXIS2_PLACEMENT_3D('',#2962,#2162,#2163);
#1732=AXIS2_PLACEMENT_3D('',#2965,#2166,#2167);
#1733=AXIS2_PLACEMENT_3D('',#2967,#2169,#2170);
#1734=AXIS2_PLACEMENT_3D('',#2969,#2172,#2173);
#1735=AXIS2_PLACEMENT_3D('',#2970,#2174,#2175);
#1736=AXIS2_PLACEMENT_3D('',#2971,#2176,#2177);
#1737=DIRECTION('axis',(0.,0.,1.));
#1738=DIRECTION('refdir',(1.,0.,0.));
#1739=DIRECTION('center_axis',(-1.,0.,0.));
#1740=DIRECTION('ref_axis',(0.,0.,1.));
#1741=DIRECTION('center_axis',(1.,0.,0.));
#1742=DIRECTION('ref_axis',(0.,0.,-1.));
#1743=DIRECTION('',(-1.,0.,0.));
#1744=DIRECTION('center_axis',(-1.,0.,0.));
#1745=DIRECTION('ref_axis',(0.,0.,1.));
#1746=DIRECTION('center_axis',(-1.,0.,0.));
#1747=DIRECTION('ref_axis',(0.,0.,1.));
#1748=DIRECTION('center_axis',(1.,0.,0.));
#1749=DIRECTION('ref_axis',(0.,0.,-1.));
#1750=DIRECTION('',(-1.,0.,0.));
#1751=DIRECTION('center_axis',(-1.,0.,0.));
#1752=DIRECTION('ref_axis',(0.,0.,1.));
#1753=DIRECTION('center_axis',(0.,0.,1.));
#1754=DIRECTION('ref_axis',(1.,0.,0.));
#1755=DIRECTION('center_axis',(3.49148133884313E-15,0.,1.));
#1756=DIRECTION('ref_axis',(1.,0.,-3.49148133884313E-15));
#1757=DIRECTION('',(0.,0.,1.));
#1758=DIRECTION('center_axis',(0.,0.,1.));
#1759=DIRECTION('ref_axis',(1.,0.,0.));
#1760=DIRECTION('center_axis',(0.,0.,1.));
#1761=DIRECTION('ref_axis',(1.,0.,0.));
#1762=DIRECTION('center_axis',(3.49148133884313E-15,0.,1.));
#1763=DIRECTION('ref_axis',(1.,0.,-3.49148133884313E-15));
#1764=DIRECTION('',(0.,0.,1.));
#1765=DIRECTION('center_axis',(0.,0.,1.));
#1766=DIRECTION('ref_axis',(1.,0.,0.));
#1767=DIRECTION('center_axis',(0.,0.,1.));
#1768=DIRECTION('ref_axis',(1.,0.,0.));
#1769=DIRECTION('center_axis',(3.49148133884313E-15,0.,1.));
#1770=DIRECTION('ref_axis',(1.,0.,-3.49148133884313E-15));
#1771=DIRECTION('',(0.,0.,1.));
#1772=DIRECTION('center_axis',(0.,0.,1.));
#1773=DIRECTION('ref_axis',(1.,0.,0.));
#1774=DIRECTION('center_axis',(0.,0.,1.));
#1775=DIRECTION('ref_axis',(1.,0.,0.));
#1776=DIRECTION('center_axis',(3.49148133884313E-15,0.,1.));
#1777=DIRECTION('ref_axis',(1.,0.,-3.49148133884313E-15));
#1778=DIRECTION('',(0.,0.,1.));
#1779=DIRECTION('center_axis',(0.,0.,1.));
#1780=DIRECTION('ref_axis',(1.,0.,0.));
#1781=DIRECTION('center_axis',(0.,-1.,0.));
#1782=DIRECTION('ref_axis',(0.,0.,-1.));
#1783=DIRECTION('center_axis',(3.49148133884313E-15,1.,0.));
#1784=DIRECTION('ref_axis',(-1.,3.49148133884313E-15,0.));
#1785=DIRECTION('',(0.,-1.,0.));
#1786=DIRECTION('center_axis',(0.,-1.,0.));
#1787=DIRECTION('ref_axis',(0.,0.,-1.));
#1788=DIRECTION('center_axis',(0.,-1.,0.));
#1789=DIRECTION('ref_axis',(0.,0.,-1.));
#1790=DIRECTION('center_axis',(3.49148133884313E-15,1.,0.));
#1791=DIRECTION('ref_axis',(-1.,3.49148133884313E-15,0.));
#1792=DIRECTION('',(0.,-1.,0.));
#1793=DIRECTION('center_axis',(0.,-1.,0.));
#1794=DIRECTION('ref_axis',(0.,0.,-1.));
#1795=DIRECTION('center_axis',(0.,-1.,0.));
#1796=DIRECTION('ref_axis',(0.,0.,-1.));
#1797=DIRECTION('center_axis',(3.49148133884313E-15,1.,0.));
#1798=DIRECTION('ref_axis',(-1.,3.49148133884313E-15,0.));
#1799=DIRECTION('',(0.,-1.,0.));
#1800=DIRECTION('center_axis',(0.,-1.,0.));
#1801=DIRECTION('ref_axis',(0.,0.,-1.));
#1802=DIRECTION('center_axis',(0.,1.,0.));
#1803=DIRECTION('ref_axis',(0.,0.,1.));
#1804=DIRECTION('center_axis',(-2.95272081017329E-15,1.,0.));
#1805=DIRECTION('ref_axis',(-1.,-2.95272081017329E-15,0.));
#1806=DIRECTION('',(0.,1.,0.));
#1807=DIRECTION('center_axis',(0.,1.,0.));
#1808=DIRECTION('ref_axis',(0.,0.,1.));
#1809=DIRECTION('center_axis',(0.,1.,0.));
#1810=DIRECTION('ref_axis',(0.,0.,1.));
#1811=DIRECTION('center_axis',(-2.95272081017329E-15,1.,0.));
#1812=DIRECTION('ref_axis',(-1.,-2.95272081017329E-15,0.));
#1813=DIRECTION('',(0.,1.,0.));
#1814=DIRECTION('center_axis',(0.,1.,0.));
#1815=DIRECTION('ref_axis',(0.,0.,1.));
#1816=DIRECTION('center_axis',(0.,-8.78341000494586E-17,1.));
#1817=DIRECTION('ref_axis',(0.,-1.,-8.78341000494586E-17));
#1818=DIRECTION('',(1.,0.,0.));
#1819=DIRECTION('',(0.,-1.,-8.78341000494586E-17));
#1820=DIRECTION('',(-1.,0.,0.));
#1821=DIRECTION('',(0.,-1.,-8.78341000494586E-17));
#1822=DIRECTION('center_axis',(-1.,-3.49148133884313E-15,0.));
#1823=DIRECTION('ref_axis',(3.49148133884313E-15,-1.,0.));
#1824=DIRECTION('',(0.,0.,-1.));
#1825=DIRECTION('',(3.49148133884313E-15,-1.,0.));
#1826=DIRECTION('',(0.,0.,-1.));
#1827=DIRECTION('',(-2.95272081017329E-15,1.,0.));
#1828=DIRECTION('center_axis',(1.,0.,0.));
#1829=DIRECTION('ref_axis',(0.,0.,-1.));
#1830=DIRECTION('',(0.,0.,-1.));
#1831=DIRECTION('center_axis',(-1.,0.,0.));
#1832=DIRECTION('ref_axis',(0.,0.,-1.));
#1833=DIRECTION('',(0.,-1.,-1.24130481286355E-16));
#1834=DIRECTION('center_axis',(-1.,0.,0.));
#1835=DIRECTION('ref_axis',(0.,0.,-1.));
#1836=DIRECTION('',(0.,0.,1.));
#1837=DIRECTION('',(0.,-1.,-8.78341000494586E-17));
#1838=DIRECTION('',(0.,0.,-1.));
#1839=DIRECTION('',(0.,1.,0.));
#1840=DIRECTION('',(0.,0.,1.));
#1841=DIRECTION('',(0.,-1.,-3.46944695195362E-16));
#1842=DIRECTION('center_axis',(-1.,0.,0.));
#1843=DIRECTION('ref_axis',(0.,0.,-1.));
#1844=DIRECTION('',(0.,-0.918324086366519,0.395829347571776));
#1845=DIRECTION('',(0.,-1.,-8.67361737988403E-16));
#1846=DIRECTION('',(0.,0.,-1.));
#1847=DIRECTION('',(0.,0.918324086366519,-0.395829347571775));
#1848=DIRECTION('',(0.,0.,-1.));
#1849=DIRECTION('',(0.,1.,0.));
#1850=DIRECTION('',(0.,0.,1.));
#1851=DIRECTION('',(0.,-1.,0.));
#1852=DIRECTION('',(0.,0.,1.));
#1853=DIRECTION('',(0.,0.,-1.));
#1854=DIRECTION('center_axis',(1.,0.,0.));
#1855=DIRECTION('ref_axis',(0.,0.,-1.));
#1856=DIRECTION('',(0.,1.,2.15684979251113E-16));
#1857=DIRECTION('center_axis',(1.,0.,0.));
#1858=DIRECTION('ref_axis',(0.,0.,-1.));
#1859=DIRECTION('',(0.,-8.59305746613898E-16,1.));
#1860=DIRECTION('center_axis',(1.,0.,0.));
#1861=DIRECTION('ref_axis',(0.,0.,-1.));
#1862=DIRECTION('',(0.,-1.,-1.23248559572064E-16));
#1863=DIRECTION('center_axis',(1.,0.,0.));
#1864=DIRECTION('ref_axis',(0.,0.,-1.));
#1865=DIRECTION('center_axis',(1.,0.,0.));
#1866=DIRECTION('ref_axis',(0.,0.,-1.));
#1867=DIRECTION('',(0.,-1.,-1.24130481286355E-16));
#1868=DIRECTION('center_axis',(1.,0.,0.));
#1869=DIRECTION('ref_axis',(0.,0.,-1.));
#1870=DIRECTION('',(0.,0.,-1.));
#1871=DIRECTION('',(0.,0.,1.));
#1872=DIRECTION('',(0.,-1.,0.));
#1873=DIRECTION('',(0.,0.,-1.));
#1874=DIRECTION('',(0.,-1.,0.));
#1875=DIRECTION('',(0.,0.,1.));
#1876=DIRECTION('',(0.,0.918324086366519,-0.395829347571775));
#1877=DIRECTION('',(0.,0.,-1.));
#1878=DIRECTION('',(0.,-1.,-8.67361737988403E-16));
#1879=DIRECTION('',(0.,-0.918324086366519,0.395829347571776));
#1880=DIRECTION('center_axis',(1.,0.,0.));
#1881=DIRECTION('ref_axis',(0.,0.,-1.));
#1882=DIRECTION('',(0.,-1.,-3.46944695195362E-16));
#1883=DIRECTION('',(0.,0.,-1.));
#1884=DIRECTION('',(0.,-1.,0.));
#1885=DIRECTION('',(0.,0.,-1.));
#1886=DIRECTION('',(0.,-1.,-8.78341000494586E-17));
#1887=DIRECTION('',(0.,0.,1.));
#1888=DIRECTION('center_axis',(1.,0.,0.));
#1889=DIRECTION('ref_axis',(0.,0.,-1.));
#1890=DIRECTION('',(0.,-8.59305746613898E-16,1.));
#1891=DIRECTION('center_axis',(-1.,0.,0.));
#1892=DIRECTION('ref_axis',(0.,0.,-1.));
#1893=DIRECTION('',(0.,1.,2.15684979251113E-16));
#1894=DIRECTION('center_axis',(-1.,0.,0.));
#1895=DIRECTION('ref_axis',(0.,0.,-1.));
#1896=DIRECTION('',(0.,0.,-1.));
#1897=DIRECTION('center_axis',(-1.,0.,0.));
#1898=DIRECTION('ref_axis',(0.,0.,-1.));
#1899=DIRECTION('',(0.,-1.,-1.23248559572064E-16));
#1900=DIRECTION('center_axis',(-1.,0.,0.));
#1901=DIRECTION('ref_axis',(0.,0.,-1.));
#1902=DIRECTION('center_axis',(0.,-0.395829347571775,-0.91832408636652));
#1903=DIRECTION('ref_axis',(0.,0.918324086366519,-0.395829347571775));
#1904=DIRECTION('',(-1.,0.,0.));
#1905=DIRECTION('',(-1.,0.,0.));
#1906=DIRECTION('',(-1.,0.,0.));
#1907=DIRECTION('center_axis',(0.,-8.67361737988403E-16,1.));
#1908=DIRECTION('ref_axis',(0.,-1.,-8.67361737988403E-16));
#1909=DIRECTION('',(-1.,0.,0.));
#1910=DIRECTION('',(1.,0.,0.));
#1911=DIRECTION('center_axis',(0.,-8.78341000494586E-17,1.));
#1912=DIRECTION('ref_axis',(0.,-1.,-8.78341000494586E-17));
#1913=DIRECTION('',(1.,0.,0.));
#1914=DIRECTION('',(-1.,0.,0.));
#1915=DIRECTION('center_axis',(0.,-3.46944695195362E-16,1.));
#1916=DIRECTION('ref_axis',(0.,-1.,-3.46944695195362E-16));
#1917=DIRECTION('',(-1.,0.,0.));
#1918=DIRECTION('',(-1.,0.,6.12323399573677E-17));
#1919=DIRECTION('center_axis',(0.,0.395829347571776,0.918324086366519));
#1920=DIRECTION('ref_axis',(0.,-0.918324086366519,0.395829347571776));
#1921=DIRECTION('',(1.,0.,0.));
#1922=DIRECTION('center_axis',(-6.12323399573677E-17,0.,-1.));
#1923=DIRECTION('ref_axis',(-1.,0.,6.12323399573677E-17));
#1924=DIRECTION('',(-1.,0.,6.12323399573677E-17));
#1925=DIRECTION('',(-1.,0.,0.));
#1926=DIRECTION('center_axis',(0.,1.,0.));
#1927=DIRECTION('ref_axis',(0.,0.,1.));
#1928=DIRECTION('center_axis',(-6.12323399573677E-17,0.,-1.));
#1929=DIRECTION('ref_axis',(-1.,0.,6.12323399573677E-17));
#1930=DIRECTION('',(-1.,0.,6.12323399573677E-17));
#1931=DIRECTION('',(-1.,0.,6.12323399573677E-17));
#1932=DIRECTION('center_axis',(0.,1.,0.));
#1933=DIRECTION('ref_axis',(0.,0.,1.));
#1934=DIRECTION('',(-1.,0.,0.));
#1935=DIRECTION('center_axis',(0.,-1.,0.));
#1936=DIRECTION('ref_axis',(0.,0.,-1.));
#1937=DIRECTION('center_axis',(0.,0.,-1.));
#1938=DIRECTION('ref_axis',(-1.,0.,0.));
#1939=DIRECTION('',(-2.95272081017329E-15,1.,0.));
#1940=DIRECTION('center_axis',(0.,0.,-1.));
#1941=DIRECTION('ref_axis',(1.,0.,0.));
#1942=DIRECTION('center_axis',(0.,0.,-1.));
#1943=DIRECTION('ref_axis',(1.,0.,0.));
#1944=DIRECTION('center_axis',(0.,0.,-1.));
#1945=DIRECTION('ref_axis',(-1.,0.,0.));
#1946=DIRECTION('center_axis',(0.,0.,1.));
#1947=DIRECTION('ref_axis',(1.,0.,0.));
#1948=DIRECTION('',(-2.95272081017329E-15,1.,0.));
#1949=DIRECTION('center_axis',(0.,0.,1.));
#1950=DIRECTION('ref_axis',(1.,0.,0.));
#1951=DIRECTION('center_axis',(0.,0.,1.));
#1952=DIRECTION('ref_axis',(-2.97151706533063E-15,1.,0.));
#1953=DIRECTION('',(0.,0.,1.));
#1954=DIRECTION('center_axis',(0.,0.,1.));
#1955=DIRECTION('ref_axis',(-2.89120579329468E-15,1.,0.));
#1956=DIRECTION('',(0.,0.,1.));
#1957=DIRECTION('center_axis',(0.,0.,-1.));
#1958=DIRECTION('ref_axis',(-1.,0.,0.));
#1959=DIRECTION('',(1.,2.95272081017329E-15,0.));
#1960=DIRECTION('',(-3.49148133884313E-15,1.,0.));
#1961=DIRECTION('',(1.,2.95272081017329E-15,0.));
#1962=DIRECTION('center_axis',(0.,0.,1.));
#1963=DIRECTION('ref_axis',(1.,0.,0.));
#1964=DIRECTION('',(-1.,-2.95272081017329E-15,0.));
#1965=DIRECTION('',(-2.95272081017329E-15,1.,0.));
#1966=DIRECTION('',(-1.,-2.95272081017329E-15,0.));
#1967=DIRECTION('center_axis',(-2.95272081017329E-15,1.,0.));
#1968=DIRECTION('ref_axis',(-1.,-2.95272081017329E-15,0.));
#1969=DIRECTION('center_axis',(-2.95272081017329E-15,1.,0.));
#1970=DIRECTION('ref_axis',(-1.,-2.95272081017329E-15,0.));
#1971=DIRECTION('center_axis',(2.95272081017329E-15,-1.,0.));
#1972=DIRECTION('ref_axis',(-1.,-2.95272081017329E-15,0.));
#1973=DIRECTION('',(0.,0.,1.));
#1974=DIRECTION('center_axis',(-2.95272081017329E-15,1.,0.));
#1975=DIRECTION('ref_axis',(-1.,-2.95272081017329E-15,0.));
#1976=DIRECTION('',(1.,3.17206578464339E-15,0.));
#1977=DIRECTION('center_axis',(-2.95272081017329E-15,1.,0.));
#1978=DIRECTION('ref_axis',(-1.,-2.95272081017329E-15,0.));
#1979=DIRECTION('',(-1.76114058474803E-16,0.,-1.));
#1980=DIRECTION('center_axis',(-2.95272081017329E-15,1.,0.));
#1981=DIRECTION('ref_axis',(1.,2.95272081017329E-15,0.));
#1982=DIRECTION('center_axis',(-2.95272081017329E-15,1.,0.));
#1983=DIRECTION('ref_axis',(-1.,-2.95272081017329E-15,0.));
#1984=DIRECTION('center_axis',(2.95272081017329E-15,-1.,0.));
#1985=DIRECTION('ref_axis',(-1.,-2.95272081017329E-15,0.));
#1986=DIRECTION('center_axis',(-2.95272081017329E-15,1.,0.));
#1987=DIRECTION('ref_axis',(1.,2.95272081017329E-15,0.));
#1988=DIRECTION('',(-1.76114058474803E-16,0.,-1.));
#1989=DIRECTION('center_axis',(2.95272081017329E-15,-1.,0.));
#1990=DIRECTION('ref_axis',(-1.,-2.95272081017329E-15,0.));
#1991=DIRECTION('',(1.,3.17206578464339E-15,0.));
#1992=DIRECTION('center_axis',(2.95272081017329E-15,-1.,0.));
#1993=DIRECTION('ref_axis',(-1.,-2.95272081017329E-15,0.));
#1994=DIRECTION('',(0.,0.,1.));
#1995=DIRECTION('center_axis',(2.95272081017329E-15,-1.,0.));
#1996=DIRECTION('ref_axis',(-1.,-2.95272081017329E-15,0.));
#1997=DIRECTION('',(-4.42908121525993E-15,1.,1.38777878078145E-15));
#1998=DIRECTION('center_axis',(0.,0.,-1.));
#1999=DIRECTION('ref_axis',(-1.,0.,0.));
#2000=DIRECTION('center_axis',(0.,0.,1.));
#2001=DIRECTION('ref_axis',(1.,0.,0.));
#2002=DIRECTION('',(-4.42908121525993E-15,1.,1.38777878078145E-15));
#2003=DIRECTION('center_axis',(0.,0.,1.));
#2004=DIRECTION('ref_axis',(1.,0.,0.));
#2005=DIRECTION('center_axis',(0.,0.,1.));
#2006=DIRECTION('ref_axis',(-4.41711996197797E-15,1.,0.));
#2007=DIRECTION('',(7.00649232162409E-46,1.38777878078145E-15,-1.));
#2008=DIRECTION('center_axis',(0.,0.,1.));
#2009=DIRECTION('ref_axis',(-4.48136897960675E-15,1.,0.));
#2010=DIRECTION('',(-7.00649232162409E-46,-1.38777878078145E-15,1.));
#2011=DIRECTION('center_axis',(6.14658492889543E-30,-1.38777878078145E-15,
1.));
#2012=DIRECTION('ref_axis',(0.,-1.,-1.38777878078145E-15));
#2013=DIRECTION('',(-1.,-4.42908121525993E-15,0.));
#2014=DIRECTION('',(3.49148133884313E-15,-1.,-1.38777878078145E-15));
#2015=DIRECTION('',(-1.,-4.42908121525993E-15,0.));
#2016=DIRECTION('center_axis',(-6.14658492889543E-30,1.38777878078145E-15,
-1.));
#2017=DIRECTION('ref_axis',(0.,1.,1.38777878078145E-15));
#2018=DIRECTION('',(1.,4.42908121525993E-15,0.));
#2019=DIRECTION('',(-3.49148133884313E-15,1.,1.38777878078145E-15));
#2020=DIRECTION('',(1.,4.42908121525993E-15,0.));
#2021=DIRECTION('center_axis',(4.42908121525993E-15,-1.,-1.38777878078145E-15));
#2022=DIRECTION('ref_axis',(1.,4.42908121525993E-15,0.));
#2023=DIRECTION('center_axis',(-4.42908121525993E-15,1.,1.38777878078145E-15));
#2024=DIRECTION('ref_axis',(1.,4.42908121525993E-15,1.0107717438628E-30));
#2025=DIRECTION('',(0.,1.38777878078145E-15,-1.));
#2026=DIRECTION('center_axis',(-4.42908121525993E-15,1.,1.38777878078145E-15));
#2027=DIRECTION('ref_axis',(1.,4.42908121525993E-15,6.14658492889543E-30));
#2028=DIRECTION('center_axis',(4.42908121525993E-15,-1.,-1.38777878078145E-15));
#2029=DIRECTION('ref_axis',(1.,4.42908121525993E-15,0.));
#2030=DIRECTION('',(0.,1.38777878078145E-15,-1.));
#2031=DIRECTION('center_axis',(4.42908121525993E-15,-1.,-1.38777878078145E-15));
#2032=DIRECTION('ref_axis',(1.,4.42908121525993E-15,1.0107717438628E-30));
#2033=DIRECTION('center_axis',(4.42908121525993E-15,-1.,-1.38777878078145E-15));
#2034=DIRECTION('ref_axis',(1.,4.42908121525993E-15,6.14658492889543E-30));
#2035=DIRECTION('center_axis',(-1.,-3.49148133884313E-15,-4.8454037155409E-30));
#2036=DIRECTION('ref_axis',(3.49148133884313E-15,-1.,0.));
#2037=DIRECTION('',(3.49148133884313E-15,-1.,-1.38777878078145E-15));
#2038=DIRECTION('',(-3.49148133884313E-15,1.,1.38777878078145E-15));
#2039=DIRECTION('center_axis',(-2.95272081017329E-15,1.,0.));
#2040=DIRECTION('ref_axis',(-1.,-2.95272081017329E-15,0.));
#2041=DIRECTION('',(-2.95272081017329E-15,1.,0.));
#2042=DIRECTION('center_axis',(-2.95272081017329E-15,1.,0.));
#2043=DIRECTION('ref_axis',(-1.,-2.95272081017329E-15,0.));
#2044=DIRECTION('',(-2.95272081017329E-15,1.,0.));
#2045=DIRECTION('center_axis',(1.,2.95272081017329E-15,-1.76114058474803E-16));
#2046=DIRECTION('ref_axis',(-2.95272081017329E-15,1.,0.));
#2047=DIRECTION('',(2.95272081017329E-15,-1.,0.));
#2048=DIRECTION('center_axis',(-1.,-2.95272081017329E-15,0.));
#2049=DIRECTION('ref_axis',(2.95272081017329E-15,-1.,0.));
#2050=DIRECTION('',(-2.95272081017329E-15,1.,0.));
#2051=DIRECTION('center_axis',(0.,1.,8.59305746613898E-16));
#2052=DIRECTION('ref_axis',(0.,-8.59305746613898E-16,1.));
#2053=DIRECTION('',(1.,0.,0.));
#2054=DIRECTION('',(-1.,0.,0.));
#2055=DIRECTION('center_axis',(0.,2.15684979251113E-16,-1.));
#2056=DIRECTION('ref_axis',(0.,1.,2.15684979251113E-16));
#2057=DIRECTION('',(-1.,0.,0.));
#2058=DIRECTION('',(1.,0.,0.));
#2059=DIRECTION('center_axis',(0.,-1.,0.));
#2060=DIRECTION('ref_axis',(0.,0.,-1.));
#2061=DIRECTION('',(1.,0.,0.));
#2062=DIRECTION('',(-1.,0.,0.));
#2063=DIRECTION('center_axis',(0.,-1.23248559572064E-16,1.));
#2064=DIRECTION('ref_axis',(0.,-1.,-1.23248559572064E-16));
#2065=DIRECTION('',(1.,0.,0.));
#2066=DIRECTION('',(-1.,0.,0.));
#2067=DIRECTION('center_axis',(0.,-1.,0.));
#2068=DIRECTION('ref_axis',(0.,0.,-1.));
#2069=DIRECTION('',(-1.,0.,0.));
#2070=DIRECTION('center_axis',(0.,-1.24130481286355E-16,1.));
#2071=DIRECTION('ref_axis',(0.,-1.,-1.24130481286355E-16));
#2072=DIRECTION('',(1.,0.,0.));
#2073=DIRECTION('',(-1.,0.,0.));
#2074=DIRECTION('center_axis',(0.,1.,0.));
#2075=DIRECTION('ref_axis',(0.,0.,1.));
#2076=DIRECTION('',(1.,0.,0.));
#2077=DIRECTION('center_axis',(0.,0.,1.));
#2078=DIRECTION('ref_axis',(1.,0.,0.));
#2079=DIRECTION('',(-2.95272081017329E-15,1.,0.));
#2080=DIRECTION('',(2.95272081017329E-15,-1.,0.));
#2081=DIRECTION('center_axis',(3.49148133884313E-15,-1.,0.));
#2082=DIRECTION('ref_axis',(1.,3.49148133884313E-15,0.));
#2083=DIRECTION('center_axis',(3.49148133884313E-15,-1.,-1.38777878078145E-15));
#2084=DIRECTION('ref_axis',(1.,3.49148133884313E-15,4.84540371554089E-30));
#2085=DIRECTION('center_axis',(-2.95272081017329E-15,1.,0.));
#2086=DIRECTION('ref_axis',(-1.,-2.95272081017329E-15,0.));
#2087=DIRECTION('center_axis',(-2.95272081017329E-15,1.,0.));
#2088=DIRECTION('ref_axis',(-1.,-2.95272081017329E-15,0.));
#2089=DIRECTION('center_axis',(-1.,0.,0.));
#2090=DIRECTION('ref_axis',(0.,0.,1.));
#2091=DIRECTION('center_axis',(-1.,0.,0.));
#2092=DIRECTION('ref_axis',(0.,0.,1.));
#2093=DIRECTION('center_axis',(-1.,0.,0.));
#2094=DIRECTION('ref_axis',(0.,0.,1.));
#2095=DIRECTION('center_axis',(-1.,0.,0.));
#2096=DIRECTION('ref_axis',(0.,0.,1.));
#2097=DIRECTION('center_axis',(1.,0.,0.));
#2098=DIRECTION('ref_axis',(0.,0.,-1.));
#2099=DIRECTION('center_axis',(3.49148133884313E-15,-1.,-1.38777878078145E-15));
#2100=DIRECTION('ref_axis',(1.,3.49148133884313E-15,-2.90409469491736E-31));
#2101=DIRECTION('center_axis',(3.49148133884313E-15,1.,0.));
#2102=DIRECTION('ref_axis',(-1.,3.49148133884313E-15,0.));
#2103=DIRECTION('center_axis',(-3.49148133884313E-15,-1.,0.));
#2104=DIRECTION('ref_axis',(-1.,3.49148133884313E-15,0.));
#2105=DIRECTION('',(-3.49148133884313E-15,-1.,0.));
#2106=DIRECTION('center_axis',(3.49148133884313E-15,1.,0.));
#2107=DIRECTION('ref_axis',(-1.,3.49148133884313E-15,0.));
#2108=DIRECTION('',(3.49148133884313E-15,1.,0.));
#2109=DIRECTION('center_axis',(-1.,3.49148133884313E-15,0.));
#2110=DIRECTION('ref_axis',(-3.49148133884313E-15,-1.,0.));
#2111=DIRECTION('',(0.,0.,1.));
#2112=DIRECTION('',(0.,0.,1.));
#2113=DIRECTION('',(3.49148133884313E-15,1.,0.));
#2114=DIRECTION('center_axis',(3.49148133884313E-15,1.,0.));
#2115=DIRECTION('ref_axis',(-1.,3.49148133884313E-15,0.));
#2116=DIRECTION('',(-1.,3.49148133884313E-15,0.));
#2117=DIRECTION('',(0.,0.,1.));
#2118=DIRECTION('',(1.,-3.49702203610931E-15,-3.38421487365417E-15));
#2119=DIRECTION('center_axis',(3.38421487365417E-15,-1.18159230779989E-29,
1.));
#2120=DIRECTION('ref_axis',(1.,0.,-3.38421487365417E-15));
#2121=DIRECTION('',(1.,-3.49702203610931E-15,-3.38421487365417E-15));
#2122=DIRECTION('',(3.46944695195361E-15,1.,-4.1561083278611E-15));
#2123=DIRECTION('center_axis',(3.49148133884313E-15,1.,0.));
#2124=DIRECTION('ref_axis',(-1.,3.49148133884313E-15,0.));
#2125=DIRECTION('',(-1.,3.49148133884313E-15,0.));
#2126=DIRECTION('',(0.,0.,-1.));
#2127=DIRECTION('center_axis',(0.,0.,-1.));
#2128=DIRECTION('ref_axis',(-1.,0.,0.));
#2129=DIRECTION('',(-3.49148133884313E-15,-1.,0.));
#2130=DIRECTION('center_axis',(0.,0.,1.));
#2131=DIRECTION('ref_axis',(1.,0.,0.));
#2132=DIRECTION('center_axis',(0.,0.,-1.));
#2133=DIRECTION('ref_axis',(-1.,0.,0.));
#2134=DIRECTION('center_axis',(0.,0.,-1.));
#2135=DIRECTION('ref_axis',(-1.,0.,0.));
#2136=DIRECTION('',(-1.,-1.66533453693774E-14,1.38777878078145E-15));
#2137=DIRECTION('center_axis',(0.,0.,-1.));
#2138=DIRECTION('ref_axis',(-1.,0.,0.));
#2139=DIRECTION('center_axis',(0.,0.,-1.));
#2140=DIRECTION('ref_axis',(-1.,0.,0.));
#2141=DIRECTION('',(-2.70616862252379E-14,-3.46944695195357E-15,-1.));
#2142=DIRECTION('',(7.1701903673708E-15,0.,-1.));
#2143=DIRECTION('center_axis',(0.,-1.,0.));
#2144=DIRECTION('ref_axis',(0.,0.,-1.));
#2145=DIRECTION('',(-4.76561521160776E-17,-1.,2.28039886816151E-31));
#2146=DIRECTION('center_axis',(0.,-1.,0.));
#2147=DIRECTION('ref_axis',(0.,0.,-1.));
#2148=DIRECTION('',(4.76561521160776E-17,1.,-2.28039886816151E-31));
#2149=DIRECTION('center_axis',(-1.,3.69020914358435E-32,3.49148133884313E-15));
#2150=DIRECTION('ref_axis',(3.49148133884313E-15,0.,1.));
#2151=DIRECTION('',(0.,-1.,0.));
#2152=DIRECTION('',(3.49148133884313E-15,-3.94430452610506E-31,1.));
#2153=DIRECTION('',(0.,-1.,0.));
#2154=DIRECTION('',(-3.49148133884313E-15,3.94430452610506E-31,-1.));
#2155=DIRECTION('center_axis',(3.49148133884313E-15,-3.94430452610506E-31,
1.));
#2156=DIRECTION('ref_axis',(1.,3.11150763893057E-61,-3.49148133884313E-15));
#2157=DIRECTION('center_axis',(-3.49148133884313E-15,0.,-1.));
#2158=DIRECTION('ref_axis',(1.,0.,-3.49148133884313E-15));
#2159=DIRECTION('',(-3.49148133884313E-15,3.94430452610506E-31,-1.));
#2160=DIRECTION('center_axis',(3.49148133884313E-15,0.,1.));
#2161=DIRECTION('ref_axis',(1.,0.,-3.49148133884313E-15));
#2162=DIRECTION('center_axis',(3.49148133884313E-15,0.,1.));
#2163=DIRECTION('ref_axis',(1.,-3.69020914358435E-32,-3.49148133884313E-15));
#2164=DIRECTION('',(0.939692620785909,-0.342020143325667,-3.2809192497226E-15));
#2165=DIRECTION('',(1.,-3.93571655676816E-15,-3.49927492471294E-15));
#2166=DIRECTION('center_axis',(-0.342020143325667,-0.939692620785909,1.19415694793002E-15));
#2167=DIRECTION('ref_axis',(0.939692620785909,-0.342020143325667,0.));
#2168=DIRECTION('',(0.939692620785909,-0.342020143325667,-3.2809192497226E-15));
#2169=DIRECTION('center_axis',(3.49148133884313E-15,0.,1.));
#2170=DIRECTION('ref_axis',(1.,-3.69020914358435E-32,-3.49148133884313E-15));
#2171=DIRECTION('',(1.,-3.93571655676816E-15,-3.49927492471294E-15));
#2172=DIRECTION('center_axis',(3.93571655676816E-15,1.,-1.34742203171929E-29));
#2173=DIRECTION('ref_axis',(-1.,3.93571655676816E-15,-3.49148133884312E-15));
#2174=DIRECTION('center_axis',(1.,0.,0.));
#2175=DIRECTION('ref_axis',(0.,0.,-1.));
#2176=DIRECTION('center_axis',(1.,0.,0.));
#2177=DIRECTION('ref_axis',(0.,0.,-1.));
#2178=CARTESIAN_POINT('',(0.,0.,0.));
#2179=CARTESIAN_POINT('Origin',(-1.19999999999999,190.,4.99999999999991));
#2180=CARTESIAN_POINT('',(7.49400541621981E-15,190.,2.89999999999992));
#2181=CARTESIAN_POINT('Origin',(7.58941520739853E-15,190.,4.99999999999991));
#2182=CARTESIAN_POINT('',(-1.19999999999999,190.,2.89999999999992));
#2183=CARTESIAN_POINT('',(-1.19999999999999,190.,2.89999999999992));
#2184=CARTESIAN_POINT('Origin',(-1.19999999999999,190.,4.99999999999991));
#2185=CARTESIAN_POINT('Origin',(-1.19999999999999,150.,9.99999999999991));
#2186=CARTESIAN_POINT('',(7.49400541621981E-15,150.,7.89999999999992));
#2187=CARTESIAN_POINT('Origin',(7.58941520739853E-15,150.,9.99999999999991));
#2188=CARTESIAN_POINT('',(-1.19999999999999,150.,7.89999999999992));
#2189=CARTESIAN_POINT('',(-1.19999999999999,150.,7.89999999999992));
#2190=CARTESIAN_POINT('Origin',(-1.19999999999999,150.,9.99999999999991));
#2191=CARTESIAN_POINT('Origin',(8.49999999999964,130.,1.20000000000001));
#2192=CARTESIAN_POINT('',(6.49999999999966,130.,-2.2065682614425E-14));
#2193=CARTESIAN_POINT('Origin',(8.49999999999964,130.,-1.51788304147971E-14));
#2194=CARTESIAN_POINT('',(6.49999999999966,130.,1.20000000000002));
#2195=CARTESIAN_POINT('',(6.49999999999966,130.,1.20000000000001));
#2196=CARTESIAN_POINT('Origin',(8.49999999999964,130.,1.20000000000002));
#2197=CARTESIAN_POINT('Origin',(8.49999999999965,95.,1.20000000000001));
#2198=CARTESIAN_POINT('',(6.49999999999966,95.,-2.2065682614425E-14));
#2199=CARTESIAN_POINT('Origin',(8.49999999999965,95.,-1.51788304147971E-14));
#2200=CARTESIAN_POINT('',(6.49999999999966,95.,1.20000000000002));
#2201=CARTESIAN_POINT('',(6.49999999999966,95.,1.20000000000001));
#2202=CARTESIAN_POINT('Origin',(8.49999999999965,95.,1.20000000000002));
#2203=CARTESIAN_POINT('Origin',(8.49999999999965,60.,1.20000000000001));
#2204=CARTESIAN_POINT('',(6.49999999999966,60.,-2.2065682614425E-14));
#2205=CARTESIAN_POINT('Origin',(8.49999999999965,60.,-1.51788304147971E-14));
#2206=CARTESIAN_POINT('',(6.49999999999966,60.,1.20000000000002));
#2207=CARTESIAN_POINT('',(6.49999999999966,60.,1.20000000000001));
#2208=CARTESIAN_POINT('Origin',(8.49999999999965,60.,1.20000000000002));
#2209=CARTESIAN_POINT('Origin',(8.49999999999966,25.,1.20000000000001));
#2210=CARTESIAN_POINT('',(6.49999999999967,25.,-2.2065682614425E-14));
#2211=CARTESIAN_POINT('Origin',(8.49999999999966,25.,-1.51788304147971E-14));
#2212=CARTESIAN_POINT('',(6.49999999999967,25.,1.20000000000002));
#2213=CARTESIAN_POINT('',(6.49999999999967,25.,1.20000000000001));
#2214=CARTESIAN_POINT('Origin',(8.49999999999966,25.,1.20000000000002));
#2215=CARTESIAN_POINT('Origin',(10.,-3.49148133884313E-14,69.3499999999992));
#2216=CARTESIAN_POINT('',(10.,1.19999999999998,72.3999999999992));
#2217=CARTESIAN_POINT('Origin',(10.,1.19999999999997,69.3499999999992));
#2218=CARTESIAN_POINT('',(10.,-3.60965975496085E-14,72.3999999999992));
#2219=CARTESIAN_POINT('',(10.,-3.49148133884313E-14,72.3999999999992));
#2220=CARTESIAN_POINT('Origin',(10.,-3.60965975496085E-14,69.3499999999992));
#2221=CARTESIAN_POINT('Origin',(10.,-3.49148133884313E-14,10.));
#2222=CARTESIAN_POINT('',(10.,1.19999999999998,13.05));
#2223=CARTESIAN_POINT('Origin',(10.,1.19999999999997,10.));
#2224=CARTESIAN_POINT('',(10.,-3.60965975496085E-14,13.05));
#2225=CARTESIAN_POINT('',(10.,-3.49148133884313E-14,13.05));
#2226=CARTESIAN_POINT('Origin',(10.,-3.60965975496085E-14,10.));
#2227=CARTESIAN_POINT('Origin',(10.,-3.49148133884313E-14,35.));
#2228=CARTESIAN_POINT('',(10.,1.19999999999998,38.05));
#2229=CARTESIAN_POINT('Origin',(10.,1.19999999999997,35.));
#2230=CARTESIAN_POINT('',(10.,-3.60965975496085E-14,38.05));
#2231=CARTESIAN_POINT('',(10.,-3.49148133884313E-14,38.05));
#2232=CARTESIAN_POINT('Origin',(10.,-3.60965975496085E-14,35.));
#2233=CARTESIAN_POINT('Origin',(9.99999999999954,158.,69.3499999999992));
#2234=CARTESIAN_POINT('',(9.99999999999954,156.8,66.2999999999992));
#2235=CARTESIAN_POINT('Origin',(9.99999999999954,156.8,69.3499999999992));
#2236=CARTESIAN_POINT('',(9.99999999999954,158.,66.2999999999992));
#2237=CARTESIAN_POINT('',(9.99999999999954,158.,66.2999999999992));
#2238=CARTESIAN_POINT('Origin',(9.99999999999954,158.,69.3499999999992));
#2239=CARTESIAN_POINT('Origin',(34.9999999999998,158.,69.3499999999999));
#2240=CARTESIAN_POINT('',(34.9999999999998,156.8,66.2999999999999));
#2241=CARTESIAN_POINT('Origin',(34.9999999999998,156.8,69.3499999999999));
#2242=CARTESIAN_POINT('',(34.9999999999998,158.,66.2999999999999));
#2243=CARTESIAN_POINT('',(34.9999999999998,158.,66.2999999999999));
#2244=CARTESIAN_POINT('Origin',(34.9999999999998,158.,69.3499999999999));
#2245=CARTESIAN_POINT('Origin',(-1.19999999999999,158.,75.));
#2246=CARTESIAN_POINT('',(-1.19999999999999,21.2,75.));
#2247=CARTESIAN_POINT('',(7.58941520739853E-15,21.2,75.));
#2248=CARTESIAN_POINT('',(-1.19999999999999,21.2,75.));
#2249=CARTESIAN_POINT('',(-1.19999999999999,2.70000000000002,75.));
#2250=CARTESIAN_POINT('',(-1.19999999999999,158.,75.));
#2251=CARTESIAN_POINT('',(-4.33680868994202E-16,2.7,75.));
#2252=CARTESIAN_POINT('',(7.15573433840433E-15,2.70000000000002,75.));
#2253=CARTESIAN_POINT('',(7.58941520739853E-15,158.,75.));
#2254=CARTESIAN_POINT('Origin',(18.8,158.,20.6));
#2255=CARTESIAN_POINT('',(18.8,158.,72.));
#2256=CARTESIAN_POINT('',(18.8,158.,60.));
#2257=CARTESIAN_POINT('',(18.8,158.,0.));
#2258=CARTESIAN_POINT('',(18.8,156.8,72.));
#2259=CARTESIAN_POINT('',(18.8,158.,72.));
#2260=CARTESIAN_POINT('',(18.8,156.8,60.));
#2261=CARTESIAN_POINT('',(18.8,156.8,20.6));
#2262=CARTESIAN_POINT('',(18.8,156.8,60.));
#2263=CARTESIAN_POINT('Origin',(-1.19999999999999,2.48282297499181E-14,
0.));
#2264=CARTESIAN_POINT('',(-1.19999999999999,21.2,77.));
#2265=CARTESIAN_POINT('',(-1.19999999999999,21.2,75.));
#2266=CARTESIAN_POINT('',(-1.19999999999999,23.2,79.));
#2267=CARTESIAN_POINT('Origin',(-1.19999999999999,23.2,77.));
#2268=CARTESIAN_POINT('',(-1.19999999999999,131.,79.));
#2269=CARTESIAN_POINT('',(-1.19999999999999,133.,79.));
#2270=CARTESIAN_POINT('',(-1.19999999999999,133.,77.));
#2271=CARTESIAN_POINT('Origin',(-1.19999999999999,131.,77.));
#2272=CARTESIAN_POINT('',(-1.19999999999999,133.,75.));
#2273=CARTESIAN_POINT('',(-1.19999999999999,133.,75.));
#2274=CARTESIAN_POINT('',(-1.19999999999999,155.3,75.));
#2275=CARTESIAN_POINT('',(-1.19999999999999,158.,75.));
#2276=CARTESIAN_POINT('',(-1.19999999999999,155.3,20.6));
#2277=CARTESIAN_POINT('',(-1.19999999999999,155.3,75.));
#2278=CARTESIAN_POINT('',(-1.19999999999999,154.7,20.6));
#2279=CARTESIAN_POINT('',(-1.19999999999999,2.48282297499181E-14,20.6));
#2280=CARTESIAN_POINT('',(-1.19999999999999,154.7,20.));
#2281=CARTESIAN_POINT('',(-1.19999999999999,154.7,0.));
#2282=CARTESIAN_POINT('',(-1.19999999999999,174.904881580869,20.));
#2283=CARTESIAN_POINT('',(-1.19999999999999,178.,20.));
#2284=CARTESIAN_POINT('',(-1.19999999999999,180.842321794445,18.7748612954978));
#2285=CARTESIAN_POINT('Origin',(-1.19999999999999,174.904881580869,4.99999999999999));
#2286=CARTESIAN_POINT('',(-1.19999999999999,236.,-5.00000000000001));
#2287=CARTESIAN_POINT('',(-1.19999999999999,178.,20.));
#2288=CARTESIAN_POINT('',(-1.19999999999999,237.3,-5.));
#2289=CARTESIAN_POINT('',(-1.19999999999999,236.,-5.00000000000001));
#2290=CARTESIAN_POINT('',(-1.19999999999999,237.3,-23.8362068965517));
#2291=CARTESIAN_POINT('',(-1.19999999999999,237.3,-5.));
#2292=CARTESIAN_POINT('',(-1.19999999999999,178.6,1.4655172413793));
#2293=CARTESIAN_POINT('',(-1.19999999999999,178.,1.72413793103447));
#2294=CARTESIAN_POINT('',(-1.19999999999999,178.6,3.3));
#2295=CARTESIAN_POINT('',(-1.19999999999999,178.6,0.));
#2296=CARTESIAN_POINT('',(-1.19999999999999,178.,3.3));
#2297=CARTESIAN_POINT('',(-1.19999999999999,2.48282297499181E-14,3.3));
#2298=CARTESIAN_POINT('',(-1.19999999999999,178.,2.7));
#2299=CARTESIAN_POINT('',(-1.19999999999999,178.,0.));
#2300=CARTESIAN_POINT('',(-1.19999999999999,2.69999999999998,2.7));
#2301=CARTESIAN_POINT('',(-1.19999999999999,178.,2.7));
#2302=CARTESIAN_POINT('',(-1.19999999999999,2.70000000000002,1.3414213562373));
#2303=CARTESIAN_POINT('',(-1.19999999999999,22.7,52.));
#2304=CARTESIAN_POINT('',(-1.19999999999999,22.7,25.7));
#2305=CARTESIAN_POINT('',(-1.19999999999999,22.7,55.));
#2306=CARTESIAN_POINT('',(-1.19999999999999,25.7,22.7));
#2307=CARTESIAN_POINT('Origin',(-1.19999999999999,25.7,25.7));
#2308=CARTESIAN_POINT('',(-1.19999999999999,132.3,22.7));
#2309=CARTESIAN_POINT('',(-1.19999999999999,22.7,22.7));
#2310=CARTESIAN_POINT('',(-1.19999999999999,135.3,25.7));
#2311=CARTESIAN_POINT('Origin',(-1.19999999999999,132.3,25.7));
#2312=CARTESIAN_POINT('',(-1.19999999999999,135.3,52.));
#2313=CARTESIAN_POINT('',(-1.19999999999999,135.3,22.7));
#2314=CARTESIAN_POINT('',(-1.19999999999999,132.3,55.));
#2315=CARTESIAN_POINT('Origin',(-1.19999999999999,132.3,52.));
#2316=CARTESIAN_POINT('',(-1.19999999999999,25.7,55.));
#2317=CARTESIAN_POINT('',(-1.19999999999999,135.3,55.));
#2318=CARTESIAN_POINT('Origin',(-1.19999999999999,25.7,52.));
#2319=CARTESIAN_POINT('Origin',(7.58941520739853E-15,2.48282297499181E-14,
0.));
#2320=CARTESIAN_POINT('',(7.37257477290143E-15,131.,79.));
#2321=CARTESIAN_POINT('',(7.37257477290143E-15,23.2,79.));
#2322=CARTESIAN_POINT('',(7.37257477290143E-15,133.,79.));
#2323=CARTESIAN_POINT('',(7.58941520739853E-15,21.2,77.));
#2324=CARTESIAN_POINT('Origin',(7.58941520739853E-15,23.2,77.));
#2325=CARTESIAN_POINT('',(7.58941520739853E-15,21.2,75.));
#2326=CARTESIAN_POINT('',(-4.33680868994202E-16,2.7,2.69999999999999));
#2327=CARTESIAN_POINT('',(7.15573433840433E-15,2.70000000000002,1.3414213562373));
#2328=CARTESIAN_POINT('',(7.58941520739853E-15,178.,2.7));
#2329=CARTESIAN_POINT('',(6.28837260041593E-15,178.,2.7));
#2330=CARTESIAN_POINT('',(7.58941520739853E-15,178.,3.3));
#2331=CARTESIAN_POINT('',(6.28837260041593E-15,178.,3.3));
#2332=CARTESIAN_POINT('',(7.37257477290143E-15,178.6,3.3));
#2333=CARTESIAN_POINT('',(6.07153216591882E-15,178.6,3.3));
#2334=CARTESIAN_POINT('',(7.37257477290143E-15,178.6,1.4655172413793));
#2335=CARTESIAN_POINT('',(6.07153216591882E-15,178.6,0.));
#2336=CARTESIAN_POINT('',(1.40946282423116E-14,237.3,-23.8362068965517));
#2337=CARTESIAN_POINT('',(7.58941520739853E-15,178.,1.72413793103447));
#2338=CARTESIAN_POINT('',(1.40946282423116E-14,237.3,-5.));
#2339=CARTESIAN_POINT('',(1.40946282423116E-14,237.3,-5.));
#2340=CARTESIAN_POINT('',(7.58941520739853E-15,236.,-5.00000000000001));
#2341=CARTESIAN_POINT('',(7.58941520739853E-15,236.,-5.00000000000001));
#2342=CARTESIAN_POINT('',(7.37257477290143E-15,180.842321794445,18.7748612954978));
#2343=CARTESIAN_POINT('',(7.58941520739853E-15,178.,20.));
#2344=CARTESIAN_POINT('',(7.58941520739853E-15,174.904881580869,20.));
#2345=CARTESIAN_POINT('Origin',(7.58941520739853E-15,174.904881580869,4.99999999999999));
#2346=CARTESIAN_POINT('',(1.17093834628434E-14,154.7,20.));
#2347=CARTESIAN_POINT('',(7.58941520739853E-15,178.,20.));
#2348=CARTESIAN_POINT('',(1.17093834628434E-14,154.7,20.6));
#2349=CARTESIAN_POINT('',(1.17093834628434E-14,154.7,20.6));
#2350=CARTESIAN_POINT('',(1.17093834628434E-14,155.3,20.6));
#2351=CARTESIAN_POINT('',(1.17093834628434E-14,155.3,20.6));
#2352=CARTESIAN_POINT('',(1.17093834628434E-14,155.3,75.));
#2353=CARTESIAN_POINT('',(1.17093834628434E-14,155.3,75.));
#2354=CARTESIAN_POINT('',(7.37257477290143E-15,133.,75.));
#2355=CARTESIAN_POINT('',(7.58941520739853E-15,158.,75.));
#2356=CARTESIAN_POINT('',(7.37257477290143E-15,133.,77.));
#2357=CARTESIAN_POINT('',(7.37257477290143E-15,133.,75.));
#2358=CARTESIAN_POINT('Origin',(7.58941520739853E-15,131.,77.));
#2359=CARTESIAN_POINT('',(7.37257477290143E-15,135.3,25.7));
#2360=CARTESIAN_POINT('',(7.37257477290143E-15,135.3,52.));
#2361=CARTESIAN_POINT('',(7.37257477290143E-15,135.3,22.7));
#2362=CARTESIAN_POINT('',(7.58941520739853E-15,132.3,22.7));
#2363=CARTESIAN_POINT('Origin',(7.58941520739853E-15,132.3,25.7));
#2364=CARTESIAN_POINT('',(7.37257477290143E-15,25.7,22.7));
#2365=CARTESIAN_POINT('',(7.37257477290143E-15,22.7,22.7));
#2366=CARTESIAN_POINT('',(7.37257477290143E-15,22.7,25.7));
#2367=CARTESIAN_POINT('Origin',(7.37257477290143E-15,25.7,25.7));
#2368=CARTESIAN_POINT('',(7.37257477290143E-15,22.7,52.));
#2369=CARTESIAN_POINT('',(7.37257477290143E-15,22.7,55.));
#2370=CARTESIAN_POINT('',(7.37257477290143E-15,25.7,55.));
#2371=CARTESIAN_POINT('Origin',(7.37257477290143E-15,25.7,52.));
#2372=CARTESIAN_POINT('',(7.58941520739853E-15,132.3,55.));
#2373=CARTESIAN_POINT('',(7.37257477290143E-15,135.3,55.));
#2374=CARTESIAN_POINT('Origin',(7.58941520739853E-15,132.3,52.));
#2375=CARTESIAN_POINT('Origin',(-1.19999999999999,178.,1.72413793103447));
#2376=CARTESIAN_POINT('',(-1.19999999999999,178.6,1.4655172413793));
#2377=CARTESIAN_POINT('',(-0.218869317684232,237.3,-23.8362068965517));
#2378=CARTESIAN_POINT('',(1.40946282423116E-14,237.3,-23.8362068965517));
#2379=CARTESIAN_POINT('',(1.40946282423116E-14,237.3,-23.8362068965517));
#2380=CARTESIAN_POINT('Origin',(-1.19999999999999,236.,-5.00000000000001));
#2381=CARTESIAN_POINT('',(1.40946282423116E-14,237.3,-5.));
#2382=CARTESIAN_POINT('',(-1.19999999999999,236.,-5.00000000000001));
#2383=CARTESIAN_POINT('Origin',(-1.19999999999999,158.,75.));
#2384=CARTESIAN_POINT('',(-1.19999999999999,133.,75.));
#2385=CARTESIAN_POINT('',(1.17093834628434E-14,155.3,75.));
#2386=CARTESIAN_POINT('Origin',(-1.19999999999999,178.,20.));
#2387=CARTESIAN_POINT('',(-1.19999999999999,174.904881580869,20.));
#2388=CARTESIAN_POINT('',(1.17093834628434E-14,154.7,20.));
#2389=CARTESIAN_POINT('Origin',(-1.19999999999999,178.,20.));
#2390=CARTESIAN_POINT('',(-1.19999999999999,180.842321794445,18.7748612954978));
#2391=CARTESIAN_POINT('Origin',(1.17093834628434E-14,155.3,20.6));
#2392=CARTESIAN_POINT('',(1.17093834628434E-14,154.7,20.6));
#2393=CARTESIAN_POINT('',(1.17093834628434E-14,155.3,20.6));
#2394=CARTESIAN_POINT('Origin',(1.17093834628434E-14,154.7,20.6));
#2395=CARTESIAN_POINT('Origin',(6.07153216591882E-15,178.6,3.3));
#2396=CARTESIAN_POINT('',(6.28837260041593E-15,178.,3.3));
#2397=CARTESIAN_POINT('',(6.07153216591882E-15,178.6,3.3));
#2398=CARTESIAN_POINT('Origin',(6.28837260041593E-15,178.,3.3));
#2399=CARTESIAN_POINT('',(7.58941520739853E-15,178.,2.7));
#2400=CARTESIAN_POINT('Origin',(6.07153216591882E-15,178.6,0.));
#2401=CARTESIAN_POINT('Origin',(1.50000000000001,155.3,20.6));
#2402=CARTESIAN_POINT('',(1.50000000000001,156.8,20.6));
#2403=CARTESIAN_POINT('',(1.50000000000001,158.,20.6));
#2404=CARTESIAN_POINT('',(1.50000000000001,158.,20.6));
#2405=CARTESIAN_POINT('Origin',(1.50000000000001,155.3,20.6));
#2406=CARTESIAN_POINT('Origin',(1.50000000000001,155.3,20.6));
#2407=CARTESIAN_POINT('Origin',(1.50000000000001,155.3,75.));
#2408=CARTESIAN_POINT('',(1.50000000000001,156.8,75.));
#2409=CARTESIAN_POINT('Origin',(1.50000000000001,155.3,75.));
#2410=CARTESIAN_POINT('',(1.50000000000001,158.,75.));
#2411=CARTESIAN_POINT('',(1.50000000000001,156.8,75.));
#2412=CARTESIAN_POINT('Origin',(1.50000000000001,155.3,75.));
#2413=CARTESIAN_POINT('Origin',(1.50000000000001,155.3,75.));
#2414=CARTESIAN_POINT('',(1.50000000000001,158.,0.));
#2415=CARTESIAN_POINT('Origin',(1.50000000000001,155.3,75.));
#2416=CARTESIAN_POINT('',(1.50000000000001,156.8,20.6));
#2417=CARTESIAN_POINT('Origin',(18.8,158.,75.));
#2418=CARTESIAN_POINT('',(15.8,156.8,75.));
#2419=CARTESIAN_POINT('',(18.8,156.8,75.));
#2420=CARTESIAN_POINT('',(15.8,158.,75.));
#2421=CARTESIAN_POINT('',(15.8,158.,75.));
#2422=CARTESIAN_POINT('',(-4.63171168085807E-13,158.,75.));
#2423=CARTESIAN_POINT('Origin',(3.46944695195361E-15,158.,20.6));
#2424=CARTESIAN_POINT('',(28.7999999999996,158.,20.6));
#2425=CARTESIAN_POINT('',(-4.63171168085807E-13,158.,20.6));
#2426=CARTESIAN_POINT('',(28.7999999999996,156.8,20.6));
#2427=CARTESIAN_POINT('',(28.7999999999996,156.8,20.6));
#2428=CARTESIAN_POINT('',(6.72205346941013E-15,156.8,20.6));
#2429=CARTESIAN_POINT('Origin',(-4.63171168085807E-13,158.,0.));
#2430=CARTESIAN_POINT('Origin',(15.8,158.,72.));
#2431=CARTESIAN_POINT('',(26.3,158.,60.));
#2432=CARTESIAN_POINT('Origin',(22.55,158.,60.));
#2433=CARTESIAN_POINT('',(26.3,158.,76.35));
#2434=CARTESIAN_POINT('',(26.3,158.,75.));
#2435=CARTESIAN_POINT('',(29.3,158.,79.35));
#2436=CARTESIAN_POINT('Origin',(29.3,158.,76.35));
#2437=CARTESIAN_POINT('',(40.7999999999995,158.,79.35));
#2438=CARTESIAN_POINT('',(26.3,158.,79.35));
#2439=CARTESIAN_POINT('',(43.7999999999996,158.,76.35));
#2440=CARTESIAN_POINT('Origin',(40.7999999999995,158.,76.35));
#2441=CARTESIAN_POINT('',(43.7999999999995,158.,35.6));
#2442=CARTESIAN_POINT('',(43.7999999999995,158.,35.6));
#2443=CARTESIAN_POINT('Origin',(28.7999999999996,158.,35.6));
#2444=CARTESIAN_POINT('Origin',(-4.59051199830363E-13,156.8,0.));
#2445=CARTESIAN_POINT('Origin',(15.8,156.8,72.));
#2446=CARTESIAN_POINT('',(43.7999999999996,156.8,35.6));
#2447=CARTESIAN_POINT('Origin',(28.7999999999996,156.8,35.6));
#2448=CARTESIAN_POINT('',(43.7999999999996,156.8,76.35));
#2449=CARTESIAN_POINT('',(43.7999999999996,156.8,35.6));
#2450=CARTESIAN_POINT('',(40.7999999999995,156.8,79.35));
#2451=CARTESIAN_POINT('Origin',(40.7999999999995,156.8,76.35));
#2452=CARTESIAN_POINT('',(29.3,156.8,79.35));
#2453=CARTESIAN_POINT('',(26.3,156.8,79.35));
#2454=CARTESIAN_POINT('',(26.3,156.8,76.35));
#2455=CARTESIAN_POINT('Origin',(29.3,156.8,76.35));
#2456=CARTESIAN_POINT('',(26.3,156.8,60.));
#2457=CARTESIAN_POINT('',(26.3,156.8,75.));
#2458=CARTESIAN_POINT('Origin',(22.55,156.8,60.));
#2459=CARTESIAN_POINT('Ctrl Pts',(-1.21199993740327,237.299420871178,-23.8360486838485));
#2460=CARTESIAN_POINT('Ctrl Pts',(-1.21207673483837,237.654673725782,-23.9331004988048));
#2461=CARTESIAN_POINT('Ctrl Pts',(-1.14148776103699,238.009681943951,-24.0301196850881));
#2462=CARTESIAN_POINT('Ctrl Pts',(-0.869708685216738,238.665814674766,-24.2241379310345));
#2463=CARTESIAN_POINT('Ctrl Pts',(-0.668696476583848,238.966650704572,-24.3211206896552));
#2464=CARTESIAN_POINT('Ctrl Pts',(-0.166650704571955,239.468696476584,-24.5150862068966));
#2465=CARTESIAN_POINT('Ctrl Pts',(0.134185325234132,239.669708685217,-24.6120689655172));
#2466=CARTESIAN_POINT('Ctrl Pts',(0.790318056048615,239.941487761037,-24.8060872114636));
#2467=CARTESIAN_POINT('Ctrl Pts',(1.14532627421852,240.012076734838,-24.9031063977469));
#2468=CARTESIAN_POINT('Ctrl Pts',(1.50057912882192,240.011999937403,-25.0001582127032));
#2469=CARTESIAN_POINT('Ctrl Pts',(-1.19999993768025,237.299423433768,-23.8360486838845));
#2470=CARTESIAN_POINT('Ctrl Pts',(-1.20007639530369,237.653104328523,-23.9331004767324));
#2471=CARTESIAN_POINT('Ctrl Pts',(-1.12979976209435,238.006541758359,-24.0301196850881));
#2472=CARTESIAN_POINT('Ctrl Pts',(-0.859223248556487,238.659771247001,-24.2241379310345));
#2473=CARTESIAN_POINT('Ctrl Pts',(-0.65910047447507,238.959276143932,-24.3211206896552));
#2474=CARTESIAN_POINT('Ctrl Pts',(-0.159276143932256,239.459100474475,-24.5150862068966));
#2475=CARTESIAN_POINT('Ctrl Pts',(0.140228752998583,239.659223248557,-24.6120689655172));
#2476=CARTESIAN_POINT('Ctrl Pts',(0.79345824164132,239.929799762094,-24.8060872114636));
#2477=CARTESIAN_POINT('Ctrl Pts',(1.14689567147723,240.000076395304,-24.9031064198194));
#2478=CARTESIAN_POINT('Ctrl Pts',(1.50057656623245,239.99999993768,-25.0001582126672));
#2479=CARTESIAN_POINT('Ctrl Pts',(3.46220894021667E-8,237.299679692715,
-23.8360486874847));
#2480=CARTESIAN_POINT('Ctrl Pts',(-4.24418353759423E-5,237.496164602652,
-23.9330982694866));
#2481=CARTESIAN_POINT('Ctrl Pts',(0.0390001321698135,237.692523199088,-24.0301196850881));
#2482=CARTESIAN_POINT('Ctrl Pts',(0.189320417468627,238.055428470556,-24.2241379310345));
#2483=CARTESIAN_POINT('Ctrl Pts',(0.300499736402743,238.221820079962,-24.3211206896552));
#2484=CARTESIAN_POINT('Ctrl Pts',(0.578179920037639,238.499500263597,-24.5150862068966));
#2485=CARTESIAN_POINT('Ctrl Pts',(0.744571529443662,238.610679582531,-24.6120689655172));
#2486=CARTESIAN_POINT('Ctrl Pts',(1.10747680091185,238.76099986783,-24.8060872114636));
#2487=CARTESIAN_POINT('Ctrl Pts',(1.30383539734853,238.800042441835,-24.9031086270652));
#2488=CARTESIAN_POINT('Ctrl Pts',(1.50032030728472,238.799999965378,-25.000158209067));
#2489=CARTESIAN_POINT('Ctrl Pts',(0.0121200343423431,237.299682280931,-23.8360486875211));
#2490=CARTESIAN_POINT('Ctrl Pts',(0.012077901094654,237.49457951142,-23.9330982471934));
#2491=CARTESIAN_POINT('Ctrl Pts',(0.0508050111018816,237.689351611639,-24.0301196850881));
#2492=CARTESIAN_POINT('Ctrl Pts',(0.19991070849548,238.049324608514,-24.2241379310345));
#2493=CARTESIAN_POINT('Ctrl Pts',(0.310191698532609,238.214371773716,-24.3211206896552));
#2494=CARTESIAN_POINT('Ctrl Pts',(0.585628226283735,238.489808301467,-24.5150862068966));
#2495=CARTESIAN_POINT('Ctrl Pts',(0.750675391485757,238.600089291505,-24.6120689655172));
#2496=CARTESIAN_POINT('Ctrl Pts',(1.11064838836048,238.749194988898,-24.8060872114636));
#2497=CARTESIAN_POINT('Ctrl Pts',(1.30542048857983,238.787922098905,-24.9031086493584));
#2498=CARTESIAN_POINT('Ctrl Pts',(1.50031771906935,238.787879965658,-25.0001582090306));
#2499=CARTESIAN_POINT('',(1.50000000000001,238.8,-25.));
#2500=CARTESIAN_POINT('',(1.5,240.,-25.));
#2501=CARTESIAN_POINT('',(1.5,240.,-25.));
#2502=CARTESIAN_POINT('Ctrl Pts',(1.4432899320127E-14,237.3,-23.8362068965517));
#2503=CARTESIAN_POINT('Ctrl Pts',(1.44340596051666E-14,237.355902644595,
-23.8638188413702));
#2504=CARTESIAN_POINT('Ctrl Pts',(0.00312081889808308,237.411430420425,
-23.8912464333965));
#2505=CARTESIAN_POINT('Ctrl Pts',(0.00926293589278648,237.466442199267,
-23.918587189556));
#2506=CARTESIAN_POINT('Ctrl Pts',(0.0154673043331514,237.52201153225,-23.9462050491308));
#2507=CARTESIAN_POINT('Ctrl Pts',(0.0247545220050565,237.577055741012,-23.973734303725));
#2508=CARTESIAN_POINT('Ctrl Pts',(0.0370749903420218,237.631436896131,-24.001275465471));
#2509=CARTESIAN_POINT('Ctrl Pts',(0.0492982093552204,237.685388803724,-24.0285992361826));
#2510=CARTESIAN_POINT('Ctrl Pts',(0.0645073572891541,237.738689393614,-24.055934726814));
#2511=CARTESIAN_POINT('Ctrl Pts',(0.0827028393830773,237.791191162896,-24.0833800881137));
#2512=CARTESIAN_POINT('Ctrl Pts',(0.0923641697838733,237.819068244528,-24.0979528651424));
#2513=CARTESIAN_POINT('Ctrl Pts',(0.102868245205122,237.846719775745,-24.112556618397));
#2514=CARTESIAN_POINT('Ctrl Pts',(0.114220116142674,237.874120295318,-24.1272060409869));
#2515=CARTESIAN_POINT('Ctrl Pts',(0.139362803102264,237.934808325508,-24.1596523089497));
#2516=CARTESIAN_POINT('Ctrl Pts',(0.168345843432561,237.99350256264,-24.1919158562738));
#2517=CARTESIAN_POINT('Ctrl Pts',(0.200934406123112,238.049952387026,-24.2241107807508));
#2518=CARTESIAN_POINT('Ctrl Pts',(0.234080089837019,238.107367255013,-24.2568560967698));
#2519=CARTESIAN_POINT('Ctrl Pts',(0.270956434254557,238.162462250012,-24.2895304235886));
#2520=CARTESIAN_POINT('Ctrl Pts',(0.311367937667385,238.214961103214,-24.3222538113175));
#2521=CARTESIAN_POINT('Ctrl Pts',(0.350714522292885,238.266076513328,-24.3541148765038));
#2522=CARTESIAN_POINT('Ctrl Pts',(0.393413813370888,238.314732160632,-24.3860224509755));
#2523=CARTESIAN_POINT('Ctrl Pts',(0.439316770950321,238.360637114009,-24.4180873421068));
#2524=CARTESIAN_POINT('Ctrl Pts',(0.474195344098601,238.395517203629,-24.4424512983699));
#2525=CARTESIAN_POINT('Ctrl Pts',(0.510582191647665,238.42847080375,-24.4666702000491));
#2526=CARTESIAN_POINT('Ctrl Pts',(0.548403923682083,238.459510632783,-24.4908374938397));
#2527=CARTESIAN_POINT('Ctrl Pts',(0.586164325623064,238.490500128964,-24.5149655989865));
#2528=CARTESIAN_POINT('Ctrl Pts',(0.625355791120748,238.519582733803,-24.5390422634794));
#2529=CARTESIAN_POINT('Ctrl Pts',(0.665942600604468,238.546735037814,-24.563160480163));
#2530=CARTESIAN_POINT('Ctrl Pts',(0.699141069773457,238.568944591584,-24.5828882656965));
#2531=CARTESIAN_POINT('Ctrl Pts',(0.733406565787945,238.589943283332,-24.6027221485943));
#2532=CARTESIAN_POINT('Ctrl Pts',(0.76853686530997,238.609565455634,-24.6225974288716));
#2533=CARTESIAN_POINT('Ctrl Pts',(0.80363180558795,238.629167877885,-24.6424527043412));
#2534=CARTESIAN_POINT('Ctrl Pts',(0.839589298834548,238.647396209371,-24.662349293898));
#2535=CARTESIAN_POINT('Ctrl Pts',(0.876179606922879,238.664129069106,-24.6822226927255));
#2536=CARTESIAN_POINT('Ctrl Pts',(0.892592003211602,238.671634508098,-24.6911368045273));
#2537=CARTESIAN_POINT('Ctrl Pts',(0.90913138707861,238.678839687033,-24.7000462505275));
#2538=CARTESIAN_POINT('Ctrl Pts',(0.925775625113294,238.685736759737,-24.7089452095609));
#2539=CARTESIAN_POINT('Ctrl Pts',(0.987377697470843,238.711263549903,-24.7418811911986));
#2540=CARTESIAN_POINT('Ctrl Pts',(1.05041993879456,238.732578763573,-24.7746786661286));
#2541=CARTESIAN_POINT('Ctrl Pts',(1.11455525878958,238.749631798587,-24.8074576479842));
#2542=CARTESIAN_POINT('Ctrl Pts',(1.17784201067068,238.76645920657,-24.8398029343533));
#2543=CARTESIAN_POINT('Ctrl Pts',(1.24219513403123,238.779136937317,-24.8721302137708));
#2544=CARTESIAN_POINT('Ctrl Pts',(1.30729739887115,238.787570404222,-24.9045547989537));
#2545=CARTESIAN_POINT('Ctrl Pts',(1.37091727219214,238.795811839409,-24.936241069883));
#2546=CARTESIAN_POINT('Ctrl Pts',(1.43525440770727,238.8,-24.9680202656858));
#2547=CARTESIAN_POINT('Ctrl Pts',(1.50000000000001,238.8,-25.));
#2548=CARTESIAN_POINT('Ctrl Pts',(-1.19999999999999,237.3,-23.8362068965517));
#2549=CARTESIAN_POINT('Ctrl Pts',(-1.19999999999999,237.372126999937,-23.8559989113281));
#2550=CARTESIAN_POINT('Ctrl Pts',(-1.19711409852633,237.4437854258,-23.8756630480708));
#2551=CARTESIAN_POINT('Ctrl Pts',(-1.19142907726512,237.514964001758,-23.8952573362182));
#2552=CARTESIAN_POINT('Ctrl Pts',(-1.18568436686753,237.586889907854,-23.9150573520284));
#2553=CARTESIAN_POINT('Ctrl Pts',(-1.17708147897628,237.658326665588,-23.934786044811));
#2554=CARTESIAN_POINT('Ctrl Pts',(-1.16565726028174,237.729268413358,-23.9545032910797));
#2555=CARTESIAN_POINT('Ctrl Pts',(-1.16044432088088,237.761639557679,-23.963500388623));
#2556=CARTESIAN_POINT('Ctrl Pts',(-1.1546432157229,237.79390763522,-23.9724951028286));
#2557=CARTESIAN_POINT('Ctrl Pts',(-1.14825385896729,237.826071761706,-23.9814931225534));
#2558=CARTESIAN_POINT('Ctrl Pts',(-1.1354889819804,237.890330361389,-23.9994696762671));
#2559=CARTESIAN_POINT('Ctrl Pts',(-1.12032702037338,237.95439560184,-24.017522853903));
#2560=CARTESIAN_POINT('Ctrl Pts',(-1.10279452757117,238.017955881128,-24.0356155308674));
#2561=CARTESIAN_POINT('Ctrl Pts',(-1.08527895627019,238.081454815154,-24.0536907456682));
#2562=CARTESIAN_POINT('Ctrl Pts',(-1.06539751521085,238.144449229106,-24.0718053835887));
#2563=CARTESIAN_POINT('Ctrl Pts',(-1.04322785253431,238.206637794322,-24.0899224274237));
#2564=CARTESIAN_POINT('Ctrl Pts',(-1.02804922085186,238.249215678346,-24.1023264021507));
#2565=CARTESIAN_POINT('Ctrl Pts',(-1.01179904494152,238.291416014034,-24.1147315046653));
#2566=CARTESIAN_POINT('Ctrl Pts',(-0.994515622032957,238.333146558545,-24.127125854754));
#2567=CARTESIAN_POINT('Ctrl Pts',(-0.966729922203683,238.400234680477,-24.1470516352529));
#2568=CARTESIAN_POINT('Ctrl Pts',(-0.936379071195521,238.465872076693,-24.1668795739937));
#2569=CARTESIAN_POINT('Ctrl Pts',(-0.90352450696468,238.530069081158,-24.1866688088166));
#2570=CARTESIAN_POINT('Ctrl Pts',(-0.870499256012134,238.594599603247,-24.2065608530877));
#2571=CARTESIAN_POINT('Ctrl Pts',(-0.834943866875677,238.65767550345,-24.2264137902455));
#2572=CARTESIAN_POINT('Ctrl Pts',(-0.796871848331716,238.719288452832,-24.2462876846295));
#2573=CARTESIAN_POINT('Ctrl Pts',(-0.780405586681518,238.74593623733,-24.2548832032663));
#2574=CARTESIAN_POINT('Ctrl Pts',(-0.763467980677646,238.772310057231,-24.2634826421374));
#2575=CARTESIAN_POINT('Ctrl Pts',(-0.746057578366613,238.798407606315,-24.2720908606582));
#2576=CARTESIAN_POINT('Ctrl Pts',(-0.714397261224229,238.845865250651,-24.2877446590903));
#2577=CARTESIAN_POINT('Ctrl Pts',(-0.681069036432585,238.892557180509,-24.3034780702223));
#2578=CARTESIAN_POINT('Ctrl Pts',(-0.646211207603034,238.938223871258,-24.3192426497131));
#2579=CARTESIAN_POINT('Ctrl Pts',(-0.609849765419075,238.985860422104,-24.3356872437958));
#2580=CARTESIAN_POINT('Ctrl Pts',(-0.571823880990113,239.032380641731,-24.3521657531634));
#2581=CARTESIAN_POINT('Ctrl Pts',(-0.532340454612418,239.077524198582,-24.3686231901412));
#2582=CARTESIAN_POINT('Ctrl Pts',(-0.492857028234723,239.122667755434,-24.3850806271189));
#2583=CARTESIAN_POINT('Ctrl Pts',(-0.451916501166899,239.166434202324,-24.4015169917068));
#2584=CARTESIAN_POINT('Ctrl Pts',(-0.409770984972573,239.20860545555,-24.4178772962302));
#2585=CARTESIAN_POINT('Ctrl Pts',(-0.358385596604009,239.26002222347,-24.4378243909077));
#2586=CARTESIAN_POINT('Ctrl Pts',(-0.305099986847136,239.309193646523,-24.4577047791592));
#2587=CARTESIAN_POINT('Ctrl Pts',(-0.2499477470864,239.356132992408,-24.4775782984151));
#2588=CARTESIAN_POINT('Ctrl Pts',(-0.194819711176191,239.403051738714,-24.4974430960725));
#2589=CARTESIAN_POINT('Ctrl Pts',(-0.137826035535914,239.447740913613,-24.517301030762));
#2590=CARTESIAN_POINT('Ctrl Pts',(-0.0789659870868611,239.490174972833,
-24.5372118611687));
#2591=CARTESIAN_POINT('Ctrl Pts',(-0.0538171666030919,239.508305548084,
-24.5457190559939));
#2592=CARTESIAN_POINT('Ctrl Pts',(-0.0283272609796637,239.526023909953,
-24.554235907203));
#2593=CARTESIAN_POINT('Ctrl Pts',(-0.00249476413328509,239.543325541189,
-24.562767075935));
#2594=CARTESIAN_POINT('Ctrl Pts',(0.0463186188594406,239.57601890246,-24.578887670439));
#2595=CARTESIAN_POINT('Ctrl Pts',(0.0963771129274907,239.607233059792,-24.5950667294757));
#2596=CARTESIAN_POINT('Ctrl Pts',(0.147444743642551,239.636791449509,-24.6112580122749));
#2597=CARTESIAN_POINT('Ctrl Pts',(0.198689826046683,239.666452549811,-24.6275055571415));
#2598=CARTESIAN_POINT('Ctrl Pts',(0.250950644630237,239.694446051766,-24.6437654108693));
#2599=CARTESIAN_POINT('Ctrl Pts',(0.303961343045216,239.720638661814,-24.6599908489739));
#2600=CARTESIAN_POINT('Ctrl Pts',(0.356972041460194,239.746831271862,-24.6762162870784));
#2601=CARTESIAN_POINT('Ctrl Pts',(0.410732128744041,239.771222808816,-24.6924073095596));
#2602=CARTESIAN_POINT('Ctrl Pts',(0.464955315540056,239.793728634229,-24.7085171919329));
#2603=CARTESIAN_POINT('Ctrl Pts',(0.552816720259469,239.830196307044,-24.734621096532));
#2604=CARTESIAN_POINT('Ctrl Pts',(0.642743465274787,239.86207324591,-24.7607653251727));
#2605=CARTESIAN_POINT('Ctrl Pts',(0.734261190566112,239.889139640059,-24.7869535301413));
#2606=CARTESIAN_POINT('Ctrl Pts',(0.825470521076982,239.916114826362,-24.813053486569));
#2607=CARTESIAN_POINT('Ctrl Pts',(0.918259867318668,239.938311659046,-24.8391971234426));
#2608=CARTESIAN_POINT('Ctrl Pts',(1.01213509783403,239.955557914495,-24.8653880562504));
#2609=CARTESIAN_POINT('Ctrl Pts',(1.10549762689545,239.972709979173,-24.8914359467534));
#2610=CARTESIAN_POINT('Ctrl Pts',(1.19993393019919,239.984965256015,-24.917530617986));
#2611=CARTESIAN_POINT('Ctrl Pts',(1.2949376545048,239.992201596177,-24.943675626521));
#2612=CARTESIAN_POINT('Ctrl Pts',(1.36306440233693,239.997390743499,-24.9624240957685));
#2613=CARTESIAN_POINT('Ctrl Pts',(1.43148249797785,240.,-24.981198449767));
#2614=CARTESIAN_POINT('Ctrl Pts',(1.5,240.,-25.));
#2615=CARTESIAN_POINT('Origin',(1.50000000000002,237.3,-5.));
#2616=CARTESIAN_POINT('',(1.50000000000001,238.8,-5.));
#2617=CARTESIAN_POINT('Origin',(1.50000000000002,237.3,-5.));
#2618=CARTESIAN_POINT('',(1.5,240.,-5.));
#2619=CARTESIAN_POINT('',(1.50000000000001,238.8,-5.));
#2620=CARTESIAN_POINT('Origin',(1.50000000000002,237.3,-5.));
#2621=CARTESIAN_POINT('Origin',(1.50000000000002,237.3,-5.));
#2622=CARTESIAN_POINT('',(1.5,240.,-25.));
#2623=CARTESIAN_POINT('Origin',(1.50000000000002,237.3,-5.));
#2624=CARTESIAN_POINT('',(1.50000000000001,238.8,-25.));
#2625=CARTESIAN_POINT('Origin',(3.25260651745651E-15,240.,-25.));
#2626=CARTESIAN_POINT('',(15.8,240.,-25.));
#2627=CARTESIAN_POINT('',(-1.05969920338733E-12,240.,-25.));
#2628=CARTESIAN_POINT('',(15.8,238.8,-25.));
#2629=CARTESIAN_POINT('',(15.8,240.,-25.));
#2630=CARTESIAN_POINT('',(8.67361737988404E-15,238.8,-25.));
#2631=CARTESIAN_POINT('Origin',(18.8,240.,-5.));
#2632=CARTESIAN_POINT('',(3.80000000000001,238.8,-5.00000000000001));
#2633=CARTESIAN_POINT('',(18.8,238.8,-5.00000000000001));
#2634=CARTESIAN_POINT('',(3.80000000000001,240.,-5.));
#2635=CARTESIAN_POINT('',(3.80000000000001,240.,-5.));
#2636=CARTESIAN_POINT('',(-1.05969920338733E-12,240.,-5.));
#2637=CARTESIAN_POINT('Origin',(-1.05969920338733E-12,240.,3.33066907387547E-13));
#2638=CARTESIAN_POINT('',(18.8,240.,-20.));
#2639=CARTESIAN_POINT('Origin',(3.80000000000001,240.,-20.));
#2640=CARTESIAN_POINT('',(18.8,240.,-22.));
#2641=CARTESIAN_POINT('',(18.8,240.,3.33066907387547E-13));
#2642=CARTESIAN_POINT('Origin',(15.8,240.,-22.));
#2643=CARTESIAN_POINT('Origin',(-1.05536239469739E-12,238.8,3.31401572850609E-13));
#2644=CARTESIAN_POINT('',(18.8,238.8,-20.));
#2645=CARTESIAN_POINT('',(18.8,238.8,-22.));
#2646=CARTESIAN_POINT('',(18.8,238.8,-25.));
#2647=CARTESIAN_POINT('Origin',(3.80000000000001,238.8,-20.));
#2648=CARTESIAN_POINT('Origin',(15.8,238.8,-22.));
#2649=CARTESIAN_POINT('Origin',(18.8,240.,-25.));
#2650=CARTESIAN_POINT('',(18.8,240.,-20.));
#2651=CARTESIAN_POINT('',(18.8,240.,-22.));
#2652=CARTESIAN_POINT('Origin',(22.55,156.8,60.));
#2653=CARTESIAN_POINT('',(26.3,156.8,60.));
#2654=CARTESIAN_POINT('Origin',(28.7999999999996,156.8,35.6));
#2655=CARTESIAN_POINT('',(43.7999999999996,156.8,35.6));
#2656=CARTESIAN_POINT('Origin',(43.7999999999996,156.8,35.6));
#2657=CARTESIAN_POINT('',(43.7999999999996,156.8,76.35));
#2658=CARTESIAN_POINT('Origin',(26.3,156.8,75.));
#2659=CARTESIAN_POINT('',(26.3,156.8,76.35));
#2660=CARTESIAN_POINT('Origin',(-1.19999999999999,135.3,22.7));
#2661=CARTESIAN_POINT('',(7.37257477290143E-15,135.3,25.7));
#2662=CARTESIAN_POINT('',(-1.19999999999999,135.3,52.));
#2663=CARTESIAN_POINT('Origin',(-1.19999999999999,22.7,22.7));
#2664=CARTESIAN_POINT('',(-1.19999999999999,132.3,22.7));
#2665=CARTESIAN_POINT('',(7.37257477290143E-15,25.7,22.7));
#2666=CARTESIAN_POINT('Origin',(-1.19999999999999,22.7,55.));
#2667=CARTESIAN_POINT('',(7.37257477290143E-15,22.7,52.));
#2668=CARTESIAN_POINT('',(-1.19999999999999,22.7,25.7));
#2669=CARTESIAN_POINT('Origin',(-1.19999999999999,135.3,55.));
#2670=CARTESIAN_POINT('',(7.58941520739853E-15,132.3,55.));
#2671=CARTESIAN_POINT('',(-1.19999999999999,25.7,55.));
#2672=CARTESIAN_POINT('Origin',(-1.19999999999999,21.2,75.));
#2673=CARTESIAN_POINT('',(-1.19999999999999,21.2,77.));
#2674=CARTESIAN_POINT('Origin',(-1.19999999999999,133.,79.));
#2675=CARTESIAN_POINT('',(-1.19999999999999,23.2,79.));
#2676=CARTESIAN_POINT('',(-1.19999999999999,131.,79.));
#2677=CARTESIAN_POINT('Origin',(-1.19999999999999,133.,75.));
#2678=CARTESIAN_POINT('',(-1.19999999999999,133.,77.));
#2679=CARTESIAN_POINT('Origin',(26.3,156.8,79.35));
#2680=CARTESIAN_POINT('',(40.7999999999995,156.8,79.35));
#2681=CARTESIAN_POINT('',(29.3,156.8,79.35));
#2682=CARTESIAN_POINT('Origin',(15.8,158.,72.));
#2683=CARTESIAN_POINT('Origin',(15.8,240.,-22.));
#2684=CARTESIAN_POINT('Origin',(40.7999999999995,156.8,76.35));
#2685=CARTESIAN_POINT('Origin',(29.3,156.8,76.35));
#2686=CARTESIAN_POINT('Origin',(-1.19999999999999,132.3,25.7));
#2687=CARTESIAN_POINT('Origin',(-1.19999999999999,132.3,52.));
#2688=CARTESIAN_POINT('Origin',(-1.19999999999999,25.7,52.));
#2689=CARTESIAN_POINT('Origin',(-1.19999999999999,25.7,25.7));
#2690=CARTESIAN_POINT('Origin',(-1.19999999999999,174.904881580869,4.99999999999999));
#2691=CARTESIAN_POINT('Origin',(3.80000000000001,240.,-20.));
#2692=CARTESIAN_POINT('Origin',(15.8,-5.51654051537215E-14,72.));
#2693=CARTESIAN_POINT('',(18.8,-6.56398491702509E-14,72.));
#2694=CARTESIAN_POINT('',(15.8,-5.51654051537215E-14,75.));
#2695=CARTESIAN_POINT('Origin',(15.8,-5.51654051537215E-14,72.));
#2696=CARTESIAN_POINT('',(18.8,1.19999999999993,72.));
#2697=CARTESIAN_POINT('',(18.8,-6.57026516526216E-14,72.));
#2698=CARTESIAN_POINT('',(15.8,1.19999999999995,75.));
#2699=CARTESIAN_POINT('Origin',(15.8,1.19999999999995,72.));
#2700=CARTESIAN_POINT('',(15.8,-5.51654051537215E-14,75.));
#2701=CARTESIAN_POINT('Origin',(18.8,-6.57026516526216E-14,75.));
#2702=CARTESIAN_POINT('',(18.8,1.19999999999993,-6.35342473076506E-14));
#2703=CARTESIAN_POINT('',(18.8,1.19999999999993,75.));
#2704=CARTESIAN_POINT('',(18.8,-6.57026516526216E-14,-6.35342473076506E-14));
#2705=CARTESIAN_POINT('',(18.8,-6.56398491702509E-14,0.));
#2706=CARTESIAN_POINT('',(18.8,-6.57026516526216E-14,-6.35342473076506E-14));
#2707=CARTESIAN_POINT('Origin',(-4.18977760661176E-15,0.,0.));
#2708=CARTESIAN_POINT('',(1.49999999999999,-5.20417042793042E-15,75.));
#2709=CARTESIAN_POINT('',(-4.18977760661176E-15,0.,75.));
#2710=CARTESIAN_POINT('',(1.49999999999999,-5.20417042793042E-15,0.));
#2711=CARTESIAN_POINT('',(1.49999999999999,-5.20417042793042E-15,75.));
#2712=CARTESIAN_POINT('',(1.49999999999999,-5.20417042793042E-15,-4.98732999343332E-15));
#2713=CARTESIAN_POINT('Origin',(1.49999999999999,-5.20417042793042E-15,
-4.98732999343332E-15));
#2714=CARTESIAN_POINT('',(1.49999999999999,1.19999999999999,-4.98732999343332E-15));
#2715=CARTESIAN_POINT('',(1.49999999999999,1.19999999999999,-4.98732999343332E-15));
#2716=CARTESIAN_POINT('',(1.49999999999999,-5.20417042793042E-15,0.));
#2717=CARTESIAN_POINT('Origin',(0.,1.2,0.));
#2718=CARTESIAN_POINT('',(1.49999999999999,1.19999999999999,75.));
#2719=CARTESIAN_POINT('',(7.70371977754894E-31,1.2,75.));
#2720=CARTESIAN_POINT('',(1.49999999999999,1.19999999999999,75.));
#2721=CARTESIAN_POINT('Origin',(-4.18977760661176E-15,0.,75.));
#2722=CARTESIAN_POINT('',(1.49999999999999,-5.23722200826468E-15,75.));
#2723=CARTESIAN_POINT('Origin',(1.5,2.7,75.));
#2724=CARTESIAN_POINT('Origin',(1.5,2.7,75.));
#2725=CARTESIAN_POINT('Origin',(1.5,2.7,75.));
#2726=CARTESIAN_POINT('Ctrl Pts',(-1.21211999061783,2.7002242049846,2.70014209549616));
#2727=CARTESIAN_POINT('Ctrl Pts',(-1.21214971301485,2.34508804792456,2.47506572411463));
#2728=CARTESIAN_POINT('Ctrl Pts',(-1.14155937200923,1.99017736511739,2.25004735906259));
#2729=CARTESIAN_POINT('Ctrl Pts',(-0.869813539583352,1.33412489095647,1.8));
#2730=CARTESIAN_POINT('Ctrl Pts',(-0.668792436604955,1.03327554982163,1.575));
#2731=CARTESIAN_POINT('Ctrl Pts',(-0.16672445017837,0.531207563395046,1.12500000000001));
#2732=CARTESIAN_POINT('Ctrl Pts',(0.134124890956472,0.330186460416647,0.899999999999995));
#2733=CARTESIAN_POINT('Ctrl Pts',(0.79017736511739,0.0584406279907692,0.449952640937402));
#2734=CARTESIAN_POINT('Ctrl Pts',(1.14508804792456,-0.0121497130148553,
0.224934275885362));
#2735=CARTESIAN_POINT('Ctrl Pts',(1.50022420498461,-0.0121199906178391,
-0.000142095496169504));
#2736=CARTESIAN_POINT('Ctrl Pts',(-1.19999999065976,2.70022320298811,2.70014209542387));
#2737=CARTESIAN_POINT('Ctrl Pts',(-1.20002958023247,2.3466741881363,2.4750658385924));
#2738=CARTESIAN_POINT('Ctrl Pts',(-1.12975469537665,1.99334944096019,2.25004735906259));
#2739=CARTESIAN_POINT('Ctrl Pts',(-0.859223248556499,1.34022875299857,1.8));
#2740=CARTESIAN_POINT('Ctrl Pts',(-0.659100474475089,1.04072385606773,1.575));
#2741=CARTESIAN_POINT('Ctrl Pts',(-0.159276143932274,0.540899525524911,
1.12500000000001));
#2742=CARTESIAN_POINT('Ctrl Pts',(0.140228752998567,0.340776751443501,0.899999999999995));
#2743=CARTESIAN_POINT('Ctrl Pts',(0.793349440960191,0.0702453046233489,
0.449952640937402));
#2744=CARTESIAN_POINT('Ctrl Pts',(1.1466741881363,-2.9580232478467E-5,0.224934161407593));
#2745=CARTESIAN_POINT('Ctrl Pts',(1.50022320298811,9.34023362700431E-9,
-0.000142095423882039));
#2746=CARTESIAN_POINT('Ctrl Pts',(5.1890211391715E-9,2.70012399541424,2.7001420882667));
#2747=CARTESIAN_POINT('Ctrl Pts',(-1.64334624855439E-5,2.50371777345637,
2.47507717302505));
#2748=CARTESIAN_POINT('Ctrl Pts',(0.0390251692351955,2.30741635608899,2.25004735906259));
#2749=CARTESIAN_POINT('Ctrl Pts',(0.189320417468612,1.94457152944365,1.8));
#2750=CARTESIAN_POINT('Ctrl Pts',(0.300499736402728,1.77817992003762,1.575));
#2751=CARTESIAN_POINT('Ctrl Pts',(0.578179920037625,1.50049973640273,1.12500000000001));
#2752=CARTESIAN_POINT('Ctrl Pts',(0.744571529443648,1.38932041746861,0.899999999999995));
#2753=CARTESIAN_POINT('Ctrl Pts',(1.10741635608899,1.23902516923519,0.449952640937402));
#2754=CARTESIAN_POINT('Ctrl Pts',(1.30371777345637,1.19998356653751,0.224922826974941));
#2755=CARTESIAN_POINT('Ctrl Pts',(1.50012399541425,1.20000000518902,-0.0001420882667073));
#2756=CARTESIAN_POINT('Ctrl Pts',(0.012000005147509,2.70012300333851,2.70014208819512));
#2757=CARTESIAN_POINT('Ctrl Pts',(0.0119836980052143,2.50528820930957,2.47507728636938));
#2758=CARTESIAN_POINT('Ctrl Pts',(0.050712967881314,2.31055702524028,2.25004735906259));
#2759=CARTESIAN_POINT('Ctrl Pts',(0.199805854128863,1.9506149572081,1.8));
#2760=CARTESIAN_POINT('Ctrl Pts',(0.310095738511506,1.78555448067732,1.575));
#2761=CARTESIAN_POINT('Ctrl Pts',(0.585554480677324,1.5100957385115,1.12500000000001));
#2762=CARTESIAN_POINT('Ctrl Pts',(0.750614957208099,1.39980585412886,0.899999999999995));
#2763=CARTESIAN_POINT('Ctrl Pts',(1.11055702524028,1.25071296788131,0.449952640937402));
#2764=CARTESIAN_POINT('Ctrl Pts',(1.30528820930957,1.21198369800521,0.224922713630614));
#2765=CARTESIAN_POINT('Ctrl Pts',(1.50012300333851,1.2120000051475,-0.000142088195135553));
#2766=CARTESIAN_POINT('Ctrl Pts',(-2.21177243187043E-16,2.69999999999999,
2.69999999999999));
#2767=CARTESIAN_POINT('Ctrl Pts',(-9.97015109458499E-17,2.55242738020257,
2.53089423427838));
#2768=CARTESIAN_POINT('Ctrl Pts',(0.021777725816092,2.40565932718809,2.36270849493277));
#2769=CARTESIAN_POINT('Ctrl Pts',(0.107476607642396,2.12323831482922,2.02450329069416));
#2770=CARTESIAN_POINT('Ctrl Pts',(0.170929376879188,1.98912158247982,1.85630596786406));
#2771=CARTESIAN_POINT('Ctrl Pts',(0.307551346880186,1.78472655789819,1.57459498699594));
#2772=CARTESIAN_POINT('Ctrl Pts',(0.370065047772089,1.70858400003588,1.46223983780776));
#2773=CARTESIAN_POINT('Ctrl Pts',(0.509043537664274,1.56966681340041,1.23706512253382));
#2774=CARTESIAN_POINT('Ctrl Pts',(0.585167226651891,1.50721779738938,1.12477282780171));
#2775=CARTESIAN_POINT('Ctrl Pts',(0.789492240327343,1.37074042261724,0.843220599887057));
#2776=CARTESIAN_POINT('Ctrl Pts',(0.923548291117434,1.30735707128415,0.675117007097726));
#2777=CARTESIAN_POINT('Ctrl Pts',(1.20582430286616,1.22175318510966,0.337102456856758));
#2778=CARTESIAN_POINT('Ctrl Pts',(1.35251055134907,1.2,0.169010458608192));
#2779=CARTESIAN_POINT('Ctrl Pts',(1.49999999999999,1.19999999999999,2.77555756156289E-16));
#2780=CARTESIAN_POINT('Ctrl Pts',(-1.2,2.69999999999998,2.69999999999999));
#2781=CARTESIAN_POINT('Ctrl Pts',(-1.2,2.43447376727473,2.53096075016482));
#2782=CARTESIAN_POINT('Ctrl Pts',(-1.16083096750421,2.17039400647794,2.3628402844621));
#2783=CARTESIAN_POINT('Ctrl Pts',(-1.006692976391,1.66222081765296,2.02476991058916));
#2784=CARTESIAN_POINT('Ctrl Pts',(-0.892567511961156,1.42089159887064,1.85664121320143));
#2785=CARTESIAN_POINT('Ctrl Pts',(-0.646840696702817,1.0530806762674,1.57505139343887));
#2786=CARTESIAN_POINT('Ctrl Pts',(-0.534403777418774,0.916052527866223,
1.46274497249377));
#2787=CARTESIAN_POINT('Ctrl Pts',(-0.284327565372549,0.665925610793416,
1.2375744063993));
#2788=CARTESIAN_POINT('Ctrl Pts',(-0.147283806560679,0.553435186755888,
1.12523910041902));
#2789=CARTESIAN_POINT('Ctrl Pts',(0.220585036485397,0.307588770052141,0.843576323442216));
#2790=CARTESIAN_POINT('Ctrl Pts',(0.461964445637527,0.193405889603475,0.675404556326736));
#2791=CARTESIAN_POINT('Ctrl Pts',(0.970257566419475,0.0391893284208138,
0.337246575943882));
#2792=CARTESIAN_POINT('Ctrl Pts',(1.23440498331484,-3.87019649139975E-15,
0.169083039064062));
#2793=CARTESIAN_POINT('Ctrl Pts',(1.49999999999999,-4.79651041107587E-15,
0.));
#2794=CARTESIAN_POINT('',(-4.33680868994202E-16,2.7,2.69999999999999));
#2795=CARTESIAN_POINT('Origin',(1.5,2.7,112.579633493762));
#2796=CARTESIAN_POINT('Origin',(1.5,2.7,112.579633493762));
#2797=CARTESIAN_POINT('Ctrl Pts',(1.50206935364421,1.29931690859825,8.02815233510922E-7));
#2798=CARTESIAN_POINT('Ctrl Pts',(1.1478920431862,1.41623038865637,-0.000274013011354076));
#2799=CARTESIAN_POINT('Ctrl Pts',(0.793917885630163,1.53310567335735,0.0700098471315913));
#2800=CARTESIAN_POINT('Ctrl Pts',(0.140228752998577,1.7666666666667,0.3407767514435));
#2801=CARTESIAN_POINT('Ctrl Pts',(-0.159276143932264,1.88333333333334,0.540899525524909));
#2802=CARTESIAN_POINT('Ctrl Pts',(-0.65910047447508,2.11666666666666,1.04072385606773));
#2803=CARTESIAN_POINT('Ctrl Pts',(-0.859223248556489,2.2333333333333,1.34022875299857));
#2804=CARTESIAN_POINT('Ctrl Pts',(-1.1299901528684,2.46689432664265,1.99391788563015));
#2805=CARTESIAN_POINT('Ctrl Pts',(-1.20027401301134,2.58376961134363,2.3478920431862));
#2806=CARTESIAN_POINT('Ctrl Pts',(-1.19999919718476,2.70068309140175,2.7020693536442));
#2807=CARTESIAN_POINT('Ctrl Pts',(1.50114915837791,1.29931692871731,1.20058585720132));
#2808=CARTESIAN_POINT('Ctrl Pts',(1.30446659616,1.41622695191666,1.20043324132741));
#2809=CARTESIAN_POINT('Ctrl Pts',(1.10788525071888,1.53310567335735,1.2394645914177));
#2810=CARTESIAN_POINT('Ctrl Pts',(0.744866353719366,1.7666666666667,1.38983194195262));
#2811=CARTESIAN_POINT('Ctrl Pts',(0.578539682673015,1.88333333333334,1.50096787046202));
#2812=CARTESIAN_POINT('Ctrl Pts',(0.300967870462031,2.11666666666666,1.77853968267301));
#2813=CARTESIAN_POINT('Ctrl Pts',(0.189831941952629,2.2333333333333,1.94486635371936));
#2814=CARTESIAN_POINT('Ctrl Pts',(0.0394645914177072,2.46689432664265,2.30788525071887));
#2815=CARTESIAN_POINT('Ctrl Pts',(0.000433241327418453,2.58377304808335,
2.50446659616001));
#2816=CARTESIAN_POINT('Ctrl Pts',(0.000585857201334341,2.70068307128269,
2.70114915837789));
#2817=CARTESIAN_POINT('',(1.50000000000002,1.30000000000003,1.20000000000001));
#2818=CARTESIAN_POINT('',(1.49999999999999,1.30000000000002,-4.77048955893622E-15));
#2819=CARTESIAN_POINT('',(1.50000000000002,1.30000000000003,1.20000000000001));
#2820=CARTESIAN_POINT('Ctrl Pts',(1.50000000000002,1.30000000000001,1.2));
#2821=CARTESIAN_POINT('Ctrl Pts',(1.43958144582102,1.33589940312768,1.19999999999999));
#2822=CARTESIAN_POINT('Ctrl Pts',(1.37916808448833,1.37179586306821,1.20365474269095));
#2823=CARTESIAN_POINT('Ctrl Pts',(1.31919760195953,1.40769073810907,1.21093637044523));
#2824=CARTESIAN_POINT('Ctrl Pts',(1.25922509766971,1.44358682325958,1.21821824368213));
#2825=CARTESIAN_POINT('Ctrl Pts',(1.19969590541183,1.47948132340355,1.22912719470859));
#2826=CARTESIAN_POINT('Ctrl Pts',(1.14104124050616,1.51537559696595,1.24358364161115));
#2827=CARTESIAN_POINT('Ctrl Pts',(1.08280754831543,1.55101225231816,1.25793633257697));
#2828=CARTESIAN_POINT('Ctrl Pts',(1.0254362455166,1.58664868432949,1.27578562576516));
#2829=CARTESIAN_POINT('Ctrl Pts',(0.969337147861348,1.62228622238547,1.2970042988804));
#2830=CARTESIAN_POINT('Ctrl Pts',(0.913374278545852,1.65783721996495,1.31817144559448));
#2831=CARTESIAN_POINT('Ctrl Pts',(0.858677962058668,1.6933892705324,1.34269160923485));
#2832=CARTESIAN_POINT('Ctrl Pts',(0.805641276391726,1.72894092923872,1.37038879256036));
#2833=CARTESIAN_POINT('Ctrl Pts',(0.752376837328757,1.76464525606339,1.3982049148332));
#2834=CARTESIAN_POINT('Ctrl Pts',(0.700786069742615,1.80034958288801,1.42922546027648));
#2835=CARTESIAN_POINT('Ctrl Pts',(0.651240739928029,1.83605390971269,1.4632268929015));
#2836=CARTESIAN_POINT('Ctrl Pts',(0.601288234410168,1.87205166347466,1.49750775766055));
#2837=CARTESIAN_POINT('Ctrl Pts',(0.553415320084015,1.90804941723664,1.53481852304266));
#2838=CARTESIAN_POINT('Ctrl Pts',(0.507972653132446,1.9440471709986,1.57488589775662));
#2839=CARTESIAN_POINT('Ctrl Pts',(0.462892957620251,1.9797573941781,1.6146332359576));
#2840=CARTESIAN_POINT('Ctrl Pts',(0.420205112436794,2.01546761735765,1.65709299041866));
#2841=CARTESIAN_POINT('Ctrl Pts',(0.380216830250666,2.05117784053715,1.70195909264894));
#2842=CARTESIAN_POINT('Ctrl Pts',(0.340231508135522,2.0868854203224,1.74682187373512));
#2843=CARTESIAN_POINT('Ctrl Pts',(0.302945626877286,2.12259300010752,1.79409033402926));
#2844=CARTESIAN_POINT('Ctrl Pts',(0.268627919721133,2.1583005798928,1.84342379211789));
#2845=CARTESIAN_POINT('Ctrl Pts',(0.234312365121197,2.19400591994298,1.89275415579695));
#2846=CARTESIAN_POINT('Ctrl Pts',(0.202964850339724,2.22971125999315,1.94414891505407));
#2847=CARTESIAN_POINT('Ctrl Pts',(0.174811280320194,2.2654166000433,1.99723769506796));
#2848=CARTESIAN_POINT('Ctrl Pts',(0.146255621318827,2.30163188337299,2.05108468846255));
#2849=CARTESIAN_POINT('Ctrl Pts',(0.120985887797568,2.33784755653544,2.10667472612954));
#2850=CARTESIAN_POINT('Ctrl Pts',(0.099190198937223,2.3740622447491,2.16359352982421));
#2851=CARTESIAN_POINT('Ctrl Pts',(0.0775865557657083,2.40995783890759,2.22001081182195));
#2852=CARTESIAN_POINT('Ctrl Pts',(0.0593960362682181,2.44585226488625,2.2777327292608));
#2853=CARTESIAN_POINT('Ctrl Pts',(0.0447501543996294,2.48174688115017,2.33634097442786));
#2854=CARTESIAN_POINT('Ctrl Pts',(0.0299089805761389,2.51812012545736,2.39573071700659));
#2855=CARTESIAN_POINT('Ctrl Pts',(0.0187078244395157,2.55449356515825,2.45603019780715));
#2856=CARTESIAN_POINT('Ctrl Pts',(0.0112305652098295,2.59086861378813,2.51679091170322));
#2857=CARTESIAN_POINT('Ctrl Pts',(0.00375330598014321,2.62724366241802,
2.57755162559928));
#2858=CARTESIAN_POINT('Ctrl Pts',(6.48382788731675E-15,2.66362031997686,
2.63877314169611));
#2859=CARTESIAN_POINT('Ctrl Pts',(6.43929354282591E-15,2.69999999999999,
2.69999999999999));
#2860=CARTESIAN_POINT('Ctrl Pts',(1.49999999999999,1.30000000000002,-4.77048955893622E-15));
#2861=CARTESIAN_POINT('Ctrl Pts',(1.14657082647115,1.41666666666669,-4.68832736305255E-15));
#2862=CARTESIAN_POINT('Ctrl Pts',(0.793280712229948,1.53333333333338,0.0702737729955435));
#2863=CARTESIAN_POINT('Ctrl Pts',(0.140228752998577,1.7666666666667,0.3407767514435));
#2864=CARTESIAN_POINT('Ctrl Pts',(-0.159276143932264,1.88333333333334,0.540899525524909));
#2865=CARTESIAN_POINT('Ctrl Pts',(-0.65910047447508,2.11666666666666,1.04072385606773));
#2866=CARTESIAN_POINT('Ctrl Pts',(-0.859223248556489,2.2333333333333,1.34022875299857));
#2867=CARTESIAN_POINT('Ctrl Pts',(-1.12972622700445,2.46666666666662,1.99328071222994));
#2868=CARTESIAN_POINT('Ctrl Pts',(-1.19999999999999,2.58333333333332,2.34657082647114));
#2869=CARTESIAN_POINT('Ctrl Pts',(-1.19999999999999,2.69999999999998,2.7));
#2870=CARTESIAN_POINT('Ctrl Pts',(-1.19999919718476,178.000266387813,2.70206938433698));
#2871=CARTESIAN_POINT('Ctrl Pts',(-1.20027401301134,177.954673180312,2.34788680024102));
#2872=CARTESIAN_POINT('Ctrl Pts',(-1.1299901528684,177.909096221564,1.99391788563015));
#2873=CARTESIAN_POINT('Ctrl Pts',(-0.859223248556489,177.818014882867,1.34022875299857));
#2874=CARTESIAN_POINT('Ctrl Pts',(-0.65910047447508,177.772518603584,1.04072385606773));
#2875=CARTESIAN_POINT('Ctrl Pts',(-0.159276143932264,177.681526045017,0.540899525524909));
#2876=CARTESIAN_POINT('Ctrl Pts',(0.140228752998577,177.636029765734,0.3407767514435));
#2877=CARTESIAN_POINT('Ctrl Pts',(0.79391788563016,177.544948427037,0.0700098471315922));
#2878=CARTESIAN_POINT('Ctrl Pts',(1.14788680024103,177.499371468288,-0.00027401301135306));
#2879=CARTESIAN_POINT('Ctrl Pts',(1.502069384337,177.453778260788,8.02815233504965E-7));
#2880=CARTESIAN_POINT('Ctrl Pts',(0.000585857201332205,178.000266386141,
2.70114920206986));
#2881=CARTESIAN_POINT('Ctrl Pts',(0.000433241327416955,177.954673465818,
2.50445913269449));
#2882=CARTESIAN_POINT('Ctrl Pts',(0.0394645914177057,177.909096221564,2.30788525071887));
#2883=CARTESIAN_POINT('Ctrl Pts',(0.189831941952628,177.818014882867,1.94486635371936));
#2884=CARTESIAN_POINT('Ctrl Pts',(0.30096787046203,177.772518603584,1.778539682673));
#2885=CARTESIAN_POINT('Ctrl Pts',(0.578539682673014,177.681526045017,1.50096787046202));
#2886=CARTESIAN_POINT('Ctrl Pts',(0.744866353719365,177.636029765734,1.38983194195262));
#2887=CARTESIAN_POINT('Ctrl Pts',(1.10788525071888,177.544948427037,1.23946459141769));
#2888=CARTESIAN_POINT('Ctrl Pts',(1.3044591326945,177.499371182783,1.20043324132741));
#2889=CARTESIAN_POINT('Ctrl Pts',(1.50114920206988,177.453778262459,1.20058585720132));
#2890=CARTESIAN_POINT('',(1.50000000000002,177.454044648601,1.20000000000001));
#2891=CARTESIAN_POINT('Ctrl Pts',(6.43929354282591E-15,178.,2.7));
#2892=CARTESIAN_POINT('Ctrl Pts',(6.44299878201799E-15,177.98597892268,
2.6394888518933));
#2893=CARTESIAN_POINT('Ctrl Pts',(0.00366593974291024,177.971959323599,
2.57898433183922));
#2894=CARTESIAN_POINT('Ctrl Pts',(0.0109694418395183,177.957940519526,2.51892543838444));
#2895=CARTESIAN_POINT('Ctrl Pts',(0.0182733442901311,177.943920946989,2.45886325269832));
#2896=CARTESIAN_POINT('Ctrl Pts',(0.0292151556876395,177.929902169548,2.39924714248904));
#2897=CARTESIAN_POINT('Ctrl Pts',(0.0437147797451756,177.91588350386,2.34050958668228));
#2898=CARTESIAN_POINT('Ctrl Pts',(0.0580804374194787,177.901994360836,2.28231472480195));
#2899=CARTESIAN_POINT('Ctrl Pts',(0.0759382979725547,177.88810532751,2.22498261797934));
#2900=CARTESIAN_POINT('Ctrl Pts',(0.097161486576089,177.874215739305,2.16892175222988));
#2901=CARTESIAN_POINT('Ctrl Pts',(0.118318974861018,177.860369148898,2.11303443329329));
#2902=CARTESIAN_POINT('Ctrl Pts',(0.142820997869097,177.846522035022,2.05841106847801));
#2903=CARTESIAN_POINT('Ctrl Pts',(0.170491893688453,177.832675116685,2.00544388617486));
#2904=CARTESIAN_POINT('Ctrl Pts',(0.198315922566074,177.818751568341,1.95218357904242));
#2905=CARTESIAN_POINT('Ctrl Pts',(0.229344125898081,177.804828019996,1.90059741900022));
#2906=CARTESIAN_POINT('Ctrl Pts',(0.263352912526654,177.790904471652,1.85105713911731));
#2907=CARTESIAN_POINT('Ctrl Pts',(0.297635941424026,177.776868645691,1.80111737309864));
#2908=CARTESIAN_POINT('Ctrl Pts',(0.334947633186296,177.762832819731,1.75325701012252));
#2909=CARTESIAN_POINT('Ctrl Pts',(0.375014773259861,177.74879699377,1.70782650730004));
#2910=CARTESIAN_POINT('Ctrl Pts',(0.41476796363057,177.734871146795,1.66275197929473));
#2911=CARTESIAN_POINT('Ctrl Pts',(0.45723325906557,177.720945299819,1.62006965353291));
#2912=CARTESIAN_POINT('Ctrl Pts',(0.502104551184843,177.707019452844,1.5800872028439));
#2913=CARTESIAN_POINT('Ctrl Pts',(0.546972522323903,177.693094636537,1.54010771130587));
#2914=CARTESIAN_POINT('Ctrl Pts',(0.594245821660862,177.679169820231,1.50282797267938));
#2915=CARTESIAN_POINT('Ctrl Pts',(0.64358373295571,177.665245003924,1.46851667589775));
#2916=CARTESIAN_POINT('Ctrl Pts',(0.692918550163924,177.651321060873,1.43420753085141));
#2917=CARTESIAN_POINT('Ctrl Pts',(0.744317377181661,177.637397117822,1.40286669336063));
#2918=CARTESIAN_POINT('Ctrl Pts',(0.797409809919024,177.623473174771,1.37472002022139));
#2919=CARTESIAN_POINT('Ctrl Pts',(0.851246168128444,177.609354130923,1.34617895891755));
#2920=CARTESIAN_POINT('Ctrl Pts',(0.906824391161906,177.595234891707,1.32092223369006));
#2921=CARTESIAN_POINT('Ctrl Pts',(0.963729885477509,177.581116146742,1.29913799242394));
#2922=CARTESIAN_POINT('Ctrl Pts',(1.02023462211828,177.567096833219,1.27750716695681));
#2923=CARTESIAN_POINT('Ctrl Pts',(1.07804708376452,177.5530781059,1.25930011488726));
#2924=CARTESIAN_POINT('Ctrl Pts',(1.13674764029022,177.539059281419,1.24464859117625));
#2925=CARTESIAN_POINT('Ctrl Pts',(1.19607269398048,177.524891314977,1.22984119441129));
#2926=CARTESIAN_POINT('Ctrl Pts',(1.25630445640087,177.510723249294,1.21866557452854));
#2927=CARTESIAN_POINT('Ctrl Pts',(1.3169966452932,177.496554378961,1.21120526190946));
#2928=CARTESIAN_POINT('Ctrl Pts',(1.37768883418553,177.482385508628,1.20374494929038));
#2929=CARTESIAN_POINT('Ctrl Pts',(1.43884102787259,177.468215833644,1.19999999999999));
#2930=CARTESIAN_POINT('Ctrl Pts',(1.50000000000002,177.454044648601,1.2));
#2931=CARTESIAN_POINT('',(1.50000000000003,177.454044648601,9.32413868337534E-15));
#2932=CARTESIAN_POINT('',(1.50000000000002,177.454044648601,1.20000000000001));
#2933=CARTESIAN_POINT('Ctrl Pts',(-1.19999999999999,178.,2.7));
#2934=CARTESIAN_POINT('Ctrl Pts',(-1.19999999999999,177.954503720717,2.34657082647114));
#2935=CARTESIAN_POINT('Ctrl Pts',(-1.12972622700445,177.909007441434,1.99328071222994));
#2936=CARTESIAN_POINT('Ctrl Pts',(-0.859223248556489,177.818014882867,1.34022875299857));
#2937=CARTESIAN_POINT('Ctrl Pts',(-0.65910047447508,177.772518603584,1.04072385606773));
#2938=CARTESIAN_POINT('Ctrl Pts',(-0.159276143932264,177.681526045017,0.540899525524909));
#2939=CARTESIAN_POINT('Ctrl Pts',(0.140228752998577,177.636029765734,0.340776751443499));
#2940=CARTESIAN_POINT('Ctrl Pts',(0.793280712229948,177.545037207167,0.0702737729955435));
#2941=CARTESIAN_POINT('Ctrl Pts',(1.14657082647115,177.499540927884,-4.69595065957784E-15));
#2942=CARTESIAN_POINT('Ctrl Pts',(1.50000000000003,177.454044648601,9.32413868337534E-15));
#2943=CARTESIAN_POINT('Origin',(1.50000000000001,267.083815003122,2.7));
#2944=CARTESIAN_POINT('',(1.50000000000002,2.48282297499181E-14,9.32413868337534E-15));
#2945=CARTESIAN_POINT('Origin',(1.50000000000001,267.083815003122,2.7));
#2946=CARTESIAN_POINT('',(1.50000000000002,2.48282297499181E-14,1.20000000000001));
#2947=CARTESIAN_POINT('Origin',(18.8,2.48282297499181E-14,-5.11743425413158E-14));
#2948=CARTESIAN_POINT('',(18.8,160.65424652265,-5.11743425413158E-14));
#2949=CARTESIAN_POINT('',(18.8,1.29999999999996,-5.11743425413158E-14));
#2950=CARTESIAN_POINT('',(18.8,2.48282297499181E-14,-5.11743425413158E-14));
#2951=CARTESIAN_POINT('',(18.8,160.65424652265,1.19999999999995));
#2952=CARTESIAN_POINT('',(18.8,160.65424652265,-5.11743425413158E-14));
#2953=CARTESIAN_POINT('',(18.8,1.29999999999996,1.19999999999995));
#2954=CARTESIAN_POINT('',(18.8,2.48282297499181E-14,1.19999999999995));
#2955=CARTESIAN_POINT('',(18.8,1.29999999999996,1.19999999999995));
#2956=CARTESIAN_POINT('Origin',(3.80000000000003,160.65424652265,1.30104260698261E-15));
#2957=CARTESIAN_POINT('',(8.93030214988504,174.749635834438,-1.66967134562768E-14));
#2958=CARTESIAN_POINT('Origin',(3.80000000000003,160.65424652265,1.30104260698261E-15));
#2959=CARTESIAN_POINT('',(8.93030214988504,174.749635834438,1.19999999999998));
#2960=CARTESIAN_POINT('',(8.93030214988504,174.749635834438,-1.66967134562768E-14));
#2961=CARTESIAN_POINT('Origin',(3.80000000000003,160.65424652265,1.2));
#2962=CARTESIAN_POINT('Origin',(2.45029690981724E-14,2.48282297499181E-14,
1.45283091113058E-14));
#2963=CARTESIAN_POINT('',(57.2080972621018,157.177955437589,-1.85181731060524E-13));
#2964=CARTESIAN_POINT('',(1.50000000000002,1.30000000000003,9.54097911787244E-15));
#2965=CARTESIAN_POINT('Origin',(18.8,171.157359595795,-5.11743425413158E-14));
#2966=CARTESIAN_POINT('',(18.8,171.157359595795,1.19999999999995));
#2967=CARTESIAN_POINT('Origin',(2.85145171363688E-14,2.48282297499181E-14,
1.20000000000001));
#2968=CARTESIAN_POINT('',(1.50000000000002,1.30000000000003,1.20000000000001));
#2969=CARTESIAN_POINT('Origin',(1.50000000000002,1.30000000000003,1.20000000000001));
#2970=CARTESIAN_POINT('Origin',(-1.19999999999999,23.2,77.));
#2971=CARTESIAN_POINT('Origin',(-1.19999999999999,131.,77.));
#2972=UNCERTAINTY_MEASURE_WITH_UNIT(LENGTH_MEASURE(0.01),#2976,
'DISTANCE_ACCURACY_VALUE',
'Maximum model space distance between geometric entities at asserted c
onnectivities');
#2973=UNCERTAINTY_MEASURE_WITH_UNIT(LENGTH_MEASURE(0.01),#2976,
'DISTANCE_ACCURACY_VALUE',
'Maximum model space distance between geometric entities at asserted c
onnectivities');
#2974=(
GEOMETRIC_REPRESENTATION_CONTEXT(3)
GLOBAL_UNCERTAINTY_ASSIGNED_CONTEXT((#2972))
GLOBAL_UNIT_ASSIGNED_CONTEXT((#2976,#2978,#2979))
REPRESENTATION_CONTEXT('','3D')
);
#2975=(
GEOMETRIC_REPRESENTATION_CONTEXT(3)
GLOBAL_UNCERTAINTY_ASSIGNED_CONTEXT((#2973))
GLOBAL_UNIT_ASSIGNED_CONTEXT((#2976,#2978,#2979))
REPRESENTATION_CONTEXT('','3D')
);
#2976=(
LENGTH_UNIT()
NAMED_UNIT(*)
SI_UNIT(.MILLI.,.METRE.)
);
#2977=(
LENGTH_UNIT()
NAMED_UNIT(*)
SI_UNIT($,.METRE.)
);
#2978=(
NAMED_UNIT(*)
PLANE_ANGLE_UNIT()
SI_UNIT($,.RADIAN.)
);
#2979=(
NAMED_UNIT(*)
SI_UNIT($,.STERADIAN.)
SOLID_ANGLE_UNIT()
);
#2980=SHAPE_DEFINITION_REPRESENTATION(#2981,#2982);
#2981=PRODUCT_DEFINITION_SHAPE('',$,#2984);
#2982=SHAPE_REPRESENTATION('',(#1592),#2974);
#2983=PRODUCT_DEFINITION_CONTEXT('part definition',#2988,'design');
#2984=PRODUCT_DEFINITION('MMP.05.00.00.001 Support','Support v1',#2985,
#2983);
#2985=PRODUCT_DEFINITION_FORMATION('',$,#2990);
#2986=PRODUCT_RELATED_PRODUCT_CATEGORY('Support v1','Support v1',(#2990));
#2987=APPLICATION_PROTOCOL_DEFINITION('international standard',
'automotive_design',2009,#2988);
#2988=APPLICATION_CONTEXT(
'Core Data for Automotive Mechanical Design Process');
#2989=PRODUCT_CONTEXT('part definition',#2988,'mechanical');
#2990=PRODUCT('MMP.05.00.00.001 Support','Support v1','STEP AP203',(#2989));
#2991=PRESENTATION_STYLE_ASSIGNMENT((#2992));
#2992=SURFACE_STYLE_USAGE(.BOTH.,#2993);
#2993=SURFACE_SIDE_STYLE('',(#2994));
#2994=SURFACE_STYLE_FILL_AREA(#2995);
#2995=FILL_AREA_STYLE('Steel - Satin',(#2996));
#2996=FILL_AREA_STYLE_COLOUR('Steel - Satin',#2997);
#2997=COLOUR_RGB('Steel - Satin',0.627450980392157,0.627450980392157,0.627450980392157);
ENDSEC;
END-ISO-10303-21;
