ISO-10303-21;
HEADER;
/* Generated by software containing ST-Developer
 * from STEP Tools, Inc. (www.steptools.com) 
 */

FILE_DESCRIPTION(
/* description */ ('STEP AP203'),
/* implementation_level */ '2;1');

FILE_NAME(
/* name */ 'Support assembly_00.step',
/* time_stamp */ '2026-07-23T10:31:03+08:00',
/* author */ (''),
/* organization */ (''),
/* preprocessor_version */ 'ST-DEVELOPER v20.1',
/* originating_system */ 'Autodesk Translation Framework v15.8.0.0',
/* authorisation */ '');

FILE_SCHEMA (('AUTOMOTIVE_DESIGN { 1 0 10303 214 3 1 1 }'));
ENDSEC;

DATA;
#10=MECHANICAL_DESIGN_GEOMETRIC_PRESENTATION_REPRESENTATION('',(#45,#46),
#3457);
#11=ITEM_DEFINED_TRANSFORMATION($,$,#1840,#2021);
#12=ITEM_DEFINED_TRANSFORMATION($,$,#1985,#2022);
#13=ITEM_DEFINED_TRANSFORMATION($,$,#1985,#2023);
#14=ITEM_DEFINED_TRANSFORMATION($,$,#1985,#2024);
#15=ITEM_DEFINED_TRANSFORMATION($,$,#1985,#2025);
#16=ITEM_DEFINED_TRANSFORMATION($,$,#1985,#2026);
#17=(
REPRESENTATION_RELATIONSHIP($,$,#3475,#3474)
REPRESENTATION_RELATIONSHIP_WITH_TRANSFORMATION(#11)
SHAPE_REPRESENTATION_RELATIONSHIP()
);
#18=(
REPRESENTATION_RELATIONSHIP($,$,#3476,#3474)
REPRESENTATION_RELATIONSHIP_WITH_TRANSFORMATION(#12)
SHAPE_REPRESENTATION_RELATIONSHIP()
);
#19=(
REPRESENTATION_RELATIONSHIP($,$,#3476,#3474)
REPRESENTATION_RELATIONSHIP_WITH_TRANSFORMATION(#13)
SHAPE_REPRESENTATION_RELATIONSHIP()
);
#20=(
REPRESENTATION_RELATIONSHIP($,$,#3476,#3474)
REPRESENTATION_RELATIONSHIP_WITH_TRANSFORMATION(#14)
SHAPE_REPRESENTATION_RELATIONSHIP()
);
#21=(
REPRESENTATION_RELATIONSHIP($,$,#3476,#3474)
REPRESENTATION_RELATIONSHIP_WITH_TRANSFORMATION(#15)
SHAPE_REPRESENTATION_RELATIONSHIP()
);
#22=(
REPRESENTATION_RELATIONSHIP($,$,#3476,#3474)
REPRESENTATION_RELATIONSHIP_WITH_TRANSFORMATION(#16)
SHAPE_REPRESENTATION_RELATIONSHIP()
);
#23=CONTEXT_DEPENDENT_SHAPE_REPRESENTATION(#17,#3468);
#24=CONTEXT_DEPENDENT_SHAPE_REPRESENTATION(#18,#3469);
#25=CONTEXT_DEPENDENT_SHAPE_REPRESENTATION(#19,#3470);
#26=CONTEXT_DEPENDENT_SHAPE_REPRESENTATION(#20,#3471);
#27=CONTEXT_DEPENDENT_SHAPE_REPRESENTATION(#21,#3472);
#28=CONTEXT_DEPENDENT_SHAPE_REPRESENTATION(#22,#3473);
#29=NEXT_ASSEMBLY_USAGE_OCCURRENCE(
'MMP.05.00.00.001 Support_\X\87\X\A5\X\E0\X\AA\X\A0\X\AB\X\AA\X\A0:1',
'MMP.05.00.00.001 Support_\X\87\X\A5\X\E0\X\AA\X\A0\X\AB\X\AA\X\A0:1',
'MMP.05.00.00.001 Support_\X\87\X\A5\X\E0\X\AA\X\A0\X\AB\X\AA\X\A0:1',#3478,
#3479,'MMP.05.00.00.001 Support_\X\87\X\A5\X\E0\X\AA\X\A0\X\AB\X\AA\X\A0
:1');
#30=NEXT_ASSEMBLY_USAGE_OCCURRENCE(
'\X\C3\X\E0\X\E9\X\EA\X\E0 \X\EA\X\EB\X\E5\X\EF\X\E0\X\EB\X\FC\X\ED\X\E0
\X\FF \X\CC4_0,5-2 \X\F3\X\EC. \X\EF\X\EE\X\F2\X\E0\X\E9, \X\F1\X\F2\X\E0
\X\EB\X\FC_\X\E3\X\E1\X\E2. \X\AD\X\A0 1,2 \X\AC\X\AC:1',
'\X\C3\X\E0\X\E9\X\EA\X\E0 \X\EA\X\EB\X\E5\X\EF\X\E0\X\EB\X\FC\X\ED\X\E0
\X\FF \X\CC4_0,5-2 \X\F3\X\EC. \X\EF\X\EE\X\F2\X\E0\X\E9, \X\F1\X\F2\X\E0
\X\EB\X\FC_\X\E3\X\E1\X\E2. \X\AD\X\A0 1,2 \X\AC\X\AC:1',
'\X\C3\X\E0\X\E9\X\EA\X\E0 \X\EA\X\EB\X\E5\X\EF\X\E0\X\EB\X\FC\X\ED\X\E0
\X\FF \X\CC4_0,5-2 \X\F3\X\EC. \X\EF\X\EE\X\F2\X\E0\X\E9, \X\F1\X\F2\X\E0
\X\EB\X\FC_\X\E3\X\E1\X\E2. \X\AD\X\A0 1,2 \X\AC\X\AC:1',#3478,#3480,
'\X\C3\X\E0\X\E9\X\EA\X\E0 \X\EA\X\EB\X\E5\X\EF\X\E0\X\EB\X\FC\X\ED\X\E0
\X\FF \X\CC4_0,5-2 \X\F3\X\EC. \X\EF\X\EE\X\F2\X\E0\X\E9, \X\F1\X\F2\X\E0
\X\EB\X\FC_\X\E3\X\E1\X\E2. \X\AD\X\A0 1,2 \X\AC\X\AC:1');
#31=NEXT_ASSEMBLY_USAGE_OCCURRENCE(
'\X\C3\X\E0\X\E9\X\EA\X\E0 \X\EA\X\EB\X\E5\X\EF\X\E0\X\EB\X\FC\X\ED\X\E0
\X\FF \X\CC4_0,5-2 \X\F3\X\EC. \X\EF\X\EE\X\F2\X\E0\X\E9, \X\F1\X\F2\X\E0
\X\EB\X\FC_\X\E3\X\E1\X\E2. \X\AD\X\A0 1,2 \X\AC\X\AC:2',
'\X\C3\X\E0\X\E9\X\EA\X\E0 \X\EA\X\EB\X\E5\X\EF\X\E0\X\EB\X\FC\X\ED\X\E0
\X\FF \X\CC4_0,5-2 \X\F3\X\EC. \X\EF\X\EE\X\F2\X\E0\X\E9, \X\F1\X\F2\X\E0
\X\EB\X\FC_\X\E3\X\E1\X\E2. \X\AD\X\A0 1,2 \X\AC\X\AC:2',
'\X\C3\X\E0\X\E9\X\EA\X\E0 \X\EA\X\EB\X\E5\X\EF\X\E0\X\EB\X\FC\X\ED\X\E0
\X\FF \X\CC4_0,5-2 \X\F3\X\EC. \X\EF\X\EE\X\F2\X\E0\X\E9, \X\F1\X\F2\X\E0
\X\EB\X\FC_\X\E3\X\E1\X\E2. \X\AD\X\A0 1,2 \X\AC\X\AC:2',#3478,#3480,
'\X\C3\X\E0\X\E9\X\EA\X\E0 \X\EA\X\EB\X\E5\X\EF\X\E0\X\EB\X\FC\X\ED\X\E0
\X\FF \X\CC4_0,5-2 \X\F3\X\EC. \X\EF\X\EE\X\F2\X\E0\X\E9, \X\F1\X\F2\X\E0
\X\EB\X\FC_\X\E3\X\E1\X\E2. \X\AD\X\A0 1,2 \X\AC\X\AC:2');
#32=NEXT_ASSEMBLY_USAGE_OCCURRENCE(
'\X\C3\X\E0\X\E9\X\EA\X\E0 \X\EA\X\EB\X\E5\X\EF\X\E0\X\EB\X\FC\X\ED\X\E0
\X\FF \X\CC4_0,5-2 \X\F3\X\EC. \X\EF\X\EE\X\F2\X\E0\X\E9, \X\F1\X\F2\X\E0
\X\EB\X\FC_\X\E3\X\E1\X\E2. \X\AD\X\A0 1,2 \X\AC\X\AC:3',
'\X\C3\X\E0\X\E9\X\EA\X\E0 \X\EA\X\EB\X\E5\X\EF\X\E0\X\EB\X\FC\X\ED\X\E0
\X\FF \X\CC4_0,5-2 \X\F3\X\EC. \X\EF\X\EE\X\F2\X\E0\X\E9, \X\F1\X\F2\X\E0
\X\EB\X\FC_\X\E3\X\E1\X\E2. \X\AD\X\A0 1,2 \X\AC\X\AC:3',
'\X\C3\X\E0\X\E9\X\EA\X\E0 \X\EA\X\EB\X\E5\X\EF\X\E0\X\EB\X\FC\X\ED\X\E0
\X\FF \X\CC4_0,5-2 \X\F3\X\EC. \X\EF\X\EE\X\F2\X\E0\X\E9, \X\F1\X\F2\X\E0
\X\EB\X\FC_\X\E3\X\E1\X\E2. \X\AD\X\A0 1,2 \X\AC\X\AC:3',#3478,#3480,
'\X\C3\X\E0\X\E9\X\EA\X\E0 \X\EA\X\EB\X\E5\X\EF\X\E0\X\EB\X\FC\X\ED\X\E0
\X\FF \X\CC4_0,5-2 \X\F3\X\EC. \X\EF\X\EE\X\F2\X\E0\X\E9, \X\F1\X\F2\X\E0
\X\EB\X\FC_\X\E3\X\E1\X\E2. \X\AD\X\A0 1,2 \X\AC\X\AC:3');
#33=NEXT_ASSEMBLY_USAGE_OCCURRENCE(
'\X\C3\X\E0\X\E9\X\EA\X\E0 \X\EA\X\EB\X\E5\X\EF\X\E0\X\EB\X\FC\X\ED\X\E0
\X\FF \X\CC4_0,5-2 \X\F3\X\EC. \X\EF\X\EE\X\F2\X\E0\X\E9, \X\F1\X\F2\X\E0
\X\EB\X\FC_\X\E3\X\E1\X\E2. \X\AD\X\A0 1,2 \X\AC\X\AC:4',
'\X\C3\X\E0\X\E9\X\EA\X\E0 \X\EA\X\EB\X\E5\X\EF\X\E0\X\EB\X\FC\X\ED\X\E0
\X\FF \X\CC4_0,5-2 \X\F3\X\EC. \X\EF\X\EE\X\F2\X\E0\X\E9, \X\F1\X\F2\X\E0
\X\EB\X\FC_\X\E3\X\E1\X\E2. \X\AD\X\A0 1,2 \X\AC\X\AC:4',
'\X\C3\X\E0\X\E9\X\EA\X\E0 \X\EA\X\EB\X\E5\X\EF\X\E0\X\EB\X\FC\X\ED\X\E0
\X\FF \X\CC4_0,5-2 \X\F3\X\EC. \X\EF\X\EE\X\F2\X\E0\X\E9, \X\F1\X\F2\X\E0
\X\EB\X\FC_\X\E3\X\E1\X\E2. \X\AD\X\A0 1,2 \X\AC\X\AC:4',#3478,#3480,
'\X\C3\X\E0\X\E9\X\EA\X\E0 \X\EA\X\EB\X\E5\X\EF\X\E0\X\EB\X\FC\X\ED\X\E0
\X\FF \X\CC4_0,5-2 \X\F3\X\EC. \X\EF\X\EE\X\F2\X\E0\X\E9, \X\F1\X\F2\X\E0
\X\EB\X\FC_\X\E3\X\E1\X\E2. \X\AD\X\A0 1,2 \X\AC\X\AC:4');
#34=NEXT_ASSEMBLY_USAGE_OCCURRENCE(
'\X\C3\X\E0\X\E9\X\EA\X\E0 \X\EA\X\EB\X\E5\X\EF\X\E0\X\EB\X\FC\X\ED\X\E0
\X\FF \X\CC4_0,5-2 \X\F3\X\EC. \X\EF\X\EE\X\F2\X\E0\X\E9, \X\F1\X\F2\X\E0
\X\EB\X\FC_\X\E3\X\E1\X\E2. \X\AD\X\A0 1,2 \X\AC\X\AC:5',
'\X\C3\X\E0\X\E9\X\EA\X\E0 \X\EA\X\EB\X\E5\X\EF\X\E0\X\EB\X\FC\X\ED\X\E0
\X\FF \X\CC4_0,5-2 \X\F3\X\EC. \X\EF\X\EE\X\F2\X\E0\X\E9, \X\F1\X\F2\X\E0
\X\EB\X\FC_\X\E3\X\E1\X\E2. \X\AD\X\A0 1,2 \X\AC\X\AC:5',
'\X\C3\X\E0\X\E9\X\EA\X\E0 \X\EA\X\EB\X\E5\X\EF\X\E0\X\EB\X\FC\X\ED\X\E0
\X\FF \X\CC4_0,5-2 \X\F3\X\EC. \X\EF\X\EE\X\F2\X\E0\X\E9, \X\F1\X\F2\X\E0
\X\EB\X\FC_\X\E3\X\E1\X\E2. \X\AD\X\A0 1,2 \X\AC\X\AC:5',#3478,#3480,
'\X\C3\X\E0\X\E9\X\EA\X\E0 \X\EA\X\EB\X\E5\X\EF\X\E0\X\EB\X\FC\X\ED\X\E0
\X\FF \X\CC4_0,5-2 \X\F3\X\EC. \X\EF\X\EE\X\F2\X\E0\X\E9, \X\F1\X\F2\X\E0
\X\EB\X\FC_\X\E3\X\E1\X\E2. \X\AD\X\A0 1,2 \X\AC\X\AC:5');
#35=TOROIDAL_SURFACE('',#1995,3.25,0.5);
#36=TOROIDAL_SURFACE('',#2013,3.3,0.2);
#37=(
BOUNDED_SURFACE()
B_SPLINE_SURFACE(2,2,((#3363,#3364,#3365,#3366,#3367,#3368,#3369,#3370,
#3371),(#3372,#3373,#3374,#3375,#3376,#3377,#3378,#3379,#3380),(#3381,#3382,
#3383,#3384,#3385,#3386,#3387,#3388,#3389)),.UNSPECIFIED.,.F.,.T.,.F.)
B_SPLINE_SURFACE_WITH_KNOTS((3,3),(3,2,2,2,3),(-7.6025258542683E-17,0.321750554396646),
(-3.14159265358979,-1.5707963267949,0.,1.5707963267949,3.14159265358979),
 .UNSPECIFIED.)
GEOMETRIC_REPRESENTATION_ITEM()
RATIONAL_B_SPLINE_SURFACE(((1.,0.707106781186548,1.,0.707106781186548,1.,
0.707106781186548,1.,0.707106781186548,1.),(0.987087457637491,0.697976234919659,
0.987087457637491,0.697976234919659,0.987087457637491,0.697976234919659,
0.987087457637491,0.697976234919659,0.987087457637491),(1.,0.707106781186548,
1.,0.707106781186548,1.,0.707106781186548,1.,0.707106781186548,1.)))
REPRESENTATION_ITEM('')
SURFACE()
);
#38=CONICAL_SURFACE('',#1986,1.65,0.78539816339745);
#39=CONICAL_SURFACE('',#1993,2.5,0.321750554396639);
#40=CONICAL_SURFACE('',#2010,3.,0.785398163397452);
#41=SHAPE_REPRESENTATION_RELATIONSHIP('SRR','None',#3475,#43);
#42=SHAPE_REPRESENTATION_RELATIONSHIP('SRR','None',#3476,#44);
#43=ADVANCED_BREP_SHAPE_REPRESENTATION('',(#47),#3455);
#44=ADVANCED_BREP_SHAPE_REPRESENTATION('',(#48),#3456);
#45=STYLED_ITEM('',(#3493),#47);
#46=STYLED_ITEM('',(#3493),#48);
#47=MANIFOLD_SOLID_BREP('Body1',#1814);
#48=MANIFOLD_SOLID_BREP('Body1',#1815);
#49=B_SPLINE_CURVE_WITH_KNOTS('',3,(#2886,#2887,#2888,#2889,#2890,#2891,
#2892,#2893,#2894,#2895,#2896,#2897,#2898,#2899,#2900,#2901,#2902,#2903,
#2904,#2905,#2906,#2907,#2908,#2909,#2910,#2911,#2912,#2913,#2914,#2915,
#2916,#2917,#2918,#2919,#2920,#2921,#2922,#2923,#2924,#2925,#2926,#2927,
#2928,#2929,#2930,#2931,#2932,#2933,#2934,#2935,#2936,#2937,#2938,#2939,
#2940,#2941,#2942,#2943,#2944,#2945,#2946,#2947,#2948,#2949,#2950,#2951,
#2952),.UNSPECIFIED.,.F.,.F.,(4,3,3,3,3,3,3,3,3,3,3,3,3,3,3,3,3,3,3,3,3,
3,4),(2.16840434497101E-19,0.000221195938044683,0.000444714293879492,0.000546707058120008,
0.000750471715327271,0.000954039708891856,0.00109341411624002,0.0013174794224555,
0.00154270879745293,0.00164012117436002,0.00181726278725187,0.00200204550986595,
0.00218682823248003,0.00241212223342535,0.00263731736291327,0.00273353529060004,
0.00291534979280907,0.00309779607076456,0.00328024234872005,0.00357587208231173,
0.00387050560815789,0.00416352998709434,0.0043736564649601),
 .UNSPECIFIED.);
#50=B_SPLINE_CURVE_WITH_KNOTS('',3,(#2953,#2954,#2955,#2956,#2957,#2958,
#2959,#2960,#2961,#2962,#2963,#2964,#2965,#2966,#2967,#2968,#2969,#2970,
#2971,#2972,#2973,#2974,#2975,#2976,#2977,#2978,#2979,#2980,#2981,#2982,
#2983,#2984,#2985,#2986,#2987,#2988,#2989,#2990,#2991,#2992,#2993,#2994,
#2995,#2996,#2997,#2998),.UNSPECIFIED.,.F.,.F.,(4,3,3,3,3,3,3,3,3,3,3,3,
3,3,3,4),(0.,0.000184456558082485,0.000370782616112999,0.000555637944082935,
0.000653791342308174,0.000871186358440146,0.00109229787275002,0.00130758268461635,
0.00147116314771395,0.00163447835577043,0.00176806399525424,0.00190151517851958,
0.00196137402692452,0.00218291790913752,0.00240153056602424,0.00261516536923269),
 .UNSPECIFIED.);
#51=B_SPLINE_CURVE_WITH_KNOTS('',3,(#3150,#3151,#3152,#3153,#3154,#3155,
#3156,#3157,#3158,#3159,#3160,#3161,#3162,#3163),.UNSPECIFIED.,.F.,.F.,
(4,2,2,2,2,2,4),(-0.35890622124283,-0.291573536632862,-0.224244073523144,
-0.179402619627172,-0.134586378173374,-0.0672948031604784,0.),
 .UNSPECIFIED.);
#52=B_SPLINE_CURVE_WITH_KNOTS('',3,(#3165,#3166,#3167,#3168,#3169,#3170,
#3171,#3172,#3173,#3174,#3175,#3176,#3177,#3178),.UNSPECIFIED.,.F.,.F.,
(4,2,2,2,2,2,4),(-0.503545024505877,-0.409114788561849,-0.314690336693548,
-0.251805057595772,-0.188903521470995,-0.0944546495882602,0.),
 .UNSPECIFIED.);
#53=B_SPLINE_CURVE_WITH_KNOTS('',3,(#3204,#3205,#3206,#3207,#3208,#3209,
#3210,#3211,#3212,#3213),.UNSPECIFIED.,.F.,.F.,(4,2,2,2,4),(0.,0.25,0.5,
0.75,1.),.UNSPECIFIED.);
#54=B_SPLINE_CURVE_WITH_KNOTS('',3,(#3214,#3215,#3216,#3217,#3218,#3219,
#3220,#3221,#3222,#3223,#3224,#3225,#3226,#3227,#3228,#3229,#3230,#3231,
#3232,#3233,#3234,#3235,#3236,#3237,#3238,#3239,#3240,#3241,#3242,#3243,
#3244,#3245,#3246,#3247,#3248,#3249,#3250,#3251,#3252,#3253),
 .UNSPECIFIED.,.F.,.F.,(4,3,3,3,3,3,3,3,3,3,3,3,3,4),(0.,0.076518840477306,
0.153034966593552,0.229548594578256,0.306059940586448,0.382569220705043,
0.459748068116912,0.536269997693367,0.612786259623828,0.689297718894584,
0.766973289170938,0.843489710456812,0.921744855228406,1.),.UNSPECIFIED.);
#55=B_SPLINE_CURVE_WITH_KNOTS('',3,(#3275,#3276,#3277,#3278,#3279,#3280,
#3281,#3282,#3283,#3284,#3285,#3286,#3287,#3288,#3289,#3290,#3291,#3292,
#3293,#3294,#3295,#3296,#3297,#3298,#3299,#3300,#3301,#3302,#3303,#3304,
#3305,#3306,#3307,#3308,#3309,#3310,#3311,#3312,#3313,#3314),
 .UNSPECIFIED.,.F.,.F.,(4,3,3,3,3,3,3,3,3,3,3,3,3,4),(0.,0.0765188404773059,
0.153034966593564,0.229548594578244,0.306059940586417,0.382569220705007,
0.459748068116881,0.536269997693333,0.612786259623808,0.689297718894546,
0.76697328917091,0.843489710456788,0.921744855228394,1.),.UNSPECIFIED.);
#56=B_SPLINE_CURVE_WITH_KNOTS('',3,(#3316,#3317,#3318,#3319,#3320,#3321,
#3322,#3323,#3324,#3325),.UNSPECIFIED.,.F.,.F.,(4,2,2,2,4),(0.,0.25,0.5,
0.75,1.),.UNSPECIFIED.);
#57=B_SPLINE_SURFACE_WITH_KNOTS('',1,3,((#2843,#2844,#2845,#2846,#2847,
#2848,#2849,#2850,#2851,#2852),(#2853,#2854,#2855,#2856,#2857,#2858,#2859,
#2860,#2861,#2862),(#2863,#2864,#2865,#2866,#2867,#2868,#2869,#2870,#2871,
#2872),(#2873,#2874,#2875,#2876,#2877,#2878,#2879,#2880,#2881,#2882)),
 .UNSPECIFIED.,.F.,.F.,.F.,(2,1,1,2),(4,2,2,2,4),(-0.01,0.,1.,1.0101),(-0.000135922883972082,
0.25,0.5,0.75,1.00013592288398),.UNSPECIFIED.);
#58=B_SPLINE_SURFACE_WITH_KNOTS('',1,3,((#3110,#3111,#3112,#3113,#3114,
#3115,#3116,#3117,#3118,#3119),(#3120,#3121,#3122,#3123,#3124,#3125,#3126,
#3127,#3128,#3129),(#3130,#3131,#3132,#3133,#3134,#3135,#3136,#3137,#3138,
#3139),(#3140,#3141,#3142,#3143,#3144,#3145,#3146,#3147,#3148,#3149)),
 .UNSPECIFIED.,.F.,.F.,.F.,(2,1,1,2),(4,2,2,2,4),(-0.0101,0.,1.,1.01),(-5.26211806575689E-5,
0.25,0.5,0.75,1.00005262118066),.UNSPECIFIED.);
#59=B_SPLINE_SURFACE_WITH_KNOTS('',1,3,((#3181,#3182,#3183,#3184,#3185,
#3186,#3187,#3188,#3189,#3190),(#3191,#3192,#3193,#3194,#3195,#3196,#3197,
#3198,#3199,#3200)),.UNSPECIFIED.,.F.,.F.,.F.,(2,2),(4,2,2,2,4),(0.,1.00048784280577),
(-0.00048784280577493,0.25,0.5,0.75,1.00048784280577),.UNSPECIFIED.);
#60=B_SPLINE_SURFACE_WITH_KNOTS('',1,3,((#3254,#3255,#3256,#3257,#3258,
#3259,#3260,#3261,#3262,#3263),(#3264,#3265,#3266,#3267,#3268,#3269,#3270,
#3271,#3272,#3273)),.UNSPECIFIED.,.F.,.F.,.F.,(2,2),(4,2,2,2,4),(0.,1.00048784280577),
(-0.000487842805770709,0.25,0.5,0.75,1.00048784280577),.UNSPECIFIED.);
#61=FACE_BOUND('',#257,.T.);
#62=FACE_BOUND('',#258,.T.);
#63=FACE_BOUND('',#259,.T.);
#64=FACE_BOUND('',#261,.T.);
#65=FACE_BOUND('',#262,.T.);
#66=FACE_BOUND('',#263,.T.);
#67=FACE_BOUND('',#281,.T.);
#68=FACE_BOUND('',#282,.T.);
#69=FACE_BOUND('',#284,.T.);
#70=FACE_BOUND('',#285,.T.);
#71=FACE_BOUND('',#320,.T.);
#72=FACE_BOUND('',#321,.T.);
#73=FACE_BOUND('',#322,.T.);
#74=FACE_BOUND('',#325,.T.);
#75=FACE_BOUND('',#326,.T.);
#76=FACE_BOUND('',#327,.T.);
#77=FACE_BOUND('',#340,.T.);
#78=FACE_BOUND('',#341,.T.);
#79=FACE_BOUND('',#342,.T.);
#80=FACE_BOUND('',#343,.T.);
#81=FACE_BOUND('',#346,.T.);
#82=FACE_BOUND('',#347,.T.);
#83=FACE_BOUND('',#348,.T.);
#84=FACE_BOUND('',#349,.T.);
#85=FACE_BOUND('',#364,.T.);
#86=FACE_BOUND('',#366,.T.);
#87=FACE_BOUND('',#368,.T.);
#88=FACE_BOUND('',#370,.T.);
#89=FACE_BOUND('',#372,.T.);
#90=PLANE('',#1874);
#91=PLANE('',#1875);
#92=PLANE('',#1876);
#93=PLANE('',#1884);
#94=PLANE('',#1892);
#95=PLANE('',#1893);
#96=PLANE('',#1894);
#97=PLANE('',#1895);
#98=PLANE('',#1896);
#99=PLANE('',#1897);
#100=PLANE('',#1898);
#101=PLANE('',#1899);
#102=PLANE('',#1900);
#103=PLANE('',#1901);
#104=PLANE('',#1902);
#105=PLANE('',#1905);
#106=PLANE('',#1910);
#107=PLANE('',#1911);
#108=PLANE('',#1912);
#109=PLANE('',#1918);
#110=PLANE('',#1924);
#111=PLANE('',#1929);
#112=PLANE('',#1930);
#113=PLANE('',#1931);
#114=PLANE('',#1934);
#115=PLANE('',#1937);
#116=PLANE('',#1940);
#117=PLANE('',#1941);
#118=PLANE('',#1942);
#119=PLANE('',#1943);
#120=PLANE('',#1944);
#121=PLANE('',#1945);
#122=PLANE('',#1946);
#123=PLANE('',#1947);
#124=PLANE('',#1948);
#125=PLANE('',#1949);
#126=PLANE('',#1963);
#127=PLANE('',#1964);
#128=PLANE('',#1965);
#129=PLANE('',#1966);
#130=PLANE('',#1967);
#131=PLANE('',#1968);
#132=PLANE('',#1975);
#133=PLANE('',#1979);
#134=PLANE('',#1980);
#135=PLANE('',#1981);
#136=PLANE('',#1982);
#137=PLANE('',#2016);
#138=PLANE('',#2017);
#139=PLANE('',#2018);
#140=PLANE('',#2019);
#141=PLANE('',#2020);
#142=FACE_OUTER_BOUND('',#243,.T.);
#143=FACE_OUTER_BOUND('',#244,.T.);
#144=FACE_OUTER_BOUND('',#245,.T.);
#145=FACE_OUTER_BOUND('',#246,.T.);
#146=FACE_OUTER_BOUND('',#247,.T.);
#147=FACE_OUTER_BOUND('',#248,.T.);
#148=FACE_OUTER_BOUND('',#249,.T.);
#149=FACE_OUTER_BOUND('',#250,.T.);
#150=FACE_OUTER_BOUND('',#251,.T.);
#151=FACE_OUTER_BOUND('',#252,.T.);
#152=FACE_OUTER_BOUND('',#253,.T.);
#153=FACE_OUTER_BOUND('',#254,.T.);
#154=FACE_OUTER_BOUND('',#255,.T.);
#155=FACE_OUTER_BOUND('',#256,.T.);
#156=FACE_OUTER_BOUND('',#260,.T.);
#157=FACE_OUTER_BOUND('',#264,.T.);
#158=FACE_OUTER_BOUND('',#265,.T.);
#159=FACE_OUTER_BOUND('',#266,.T.);
#160=FACE_OUTER_BOUND('',#267,.T.);
#161=FACE_OUTER_BOUND('',#268,.T.);
#162=FACE_OUTER_BOUND('',#269,.T.);
#163=FACE_OUTER_BOUND('',#270,.T.);
#164=FACE_OUTER_BOUND('',#271,.T.);
#165=FACE_OUTER_BOUND('',#272,.T.);
#166=FACE_OUTER_BOUND('',#273,.T.);
#167=FACE_OUTER_BOUND('',#274,.T.);
#168=FACE_OUTER_BOUND('',#275,.T.);
#169=FACE_OUTER_BOUND('',#276,.T.);
#170=FACE_OUTER_BOUND('',#277,.T.);
#171=FACE_OUTER_BOUND('',#278,.T.);
#172=FACE_OUTER_BOUND('',#279,.T.);
#173=FACE_OUTER_BOUND('',#280,.T.);
#174=FACE_OUTER_BOUND('',#283,.T.);
#175=FACE_OUTER_BOUND('',#286,.T.);
#176=FACE_OUTER_BOUND('',#287,.T.);
#177=FACE_OUTER_BOUND('',#288,.T.);
#178=FACE_OUTER_BOUND('',#289,.T.);
#179=FACE_OUTER_BOUND('',#290,.T.);
#180=FACE_OUTER_BOUND('',#291,.T.);
#181=FACE_OUTER_BOUND('',#292,.T.);
#182=FACE_OUTER_BOUND('',#293,.T.);
#183=FACE_OUTER_BOUND('',#294,.T.);
#184=FACE_OUTER_BOUND('',#295,.T.);
#185=FACE_OUTER_BOUND('',#296,.T.);
#186=FACE_OUTER_BOUND('',#297,.T.);
#187=FACE_OUTER_BOUND('',#298,.T.);
#188=FACE_OUTER_BOUND('',#299,.T.);
#189=FACE_OUTER_BOUND('',#300,.T.);
#190=FACE_OUTER_BOUND('',#301,.T.);
#191=FACE_OUTER_BOUND('',#302,.T.);
#192=FACE_OUTER_BOUND('',#303,.T.);
#193=FACE_OUTER_BOUND('',#304,.T.);
#194=FACE_OUTER_BOUND('',#305,.T.);
#195=FACE_OUTER_BOUND('',#306,.T.);
#196=FACE_OUTER_BOUND('',#307,.T.);
#197=FACE_OUTER_BOUND('',#308,.T.);
#198=FACE_OUTER_BOUND('',#309,.T.);
#199=FACE_OUTER_BOUND('',#310,.T.);
#200=FACE_OUTER_BOUND('',#311,.T.);
#201=FACE_OUTER_BOUND('',#312,.T.);
#202=FACE_OUTER_BOUND('',#313,.T.);
#203=FACE_OUTER_BOUND('',#314,.T.);
#204=FACE_OUTER_BOUND('',#315,.T.);
#205=FACE_OUTER_BOUND('',#316,.T.);
#206=FACE_OUTER_BOUND('',#317,.T.);
#207=FACE_OUTER_BOUND('',#318,.T.);
#208=FACE_OUTER_BOUND('',#319,.T.);
#209=FACE_OUTER_BOUND('',#323,.T.);
#210=FACE_OUTER_BOUND('',#324,.T.);
#211=FACE_OUTER_BOUND('',#328,.T.);
#212=FACE_OUTER_BOUND('',#329,.T.);
#213=FACE_OUTER_BOUND('',#330,.T.);
#214=FACE_OUTER_BOUND('',#331,.T.);
#215=FACE_OUTER_BOUND('',#332,.T.);
#216=FACE_OUTER_BOUND('',#333,.T.);
#217=FACE_OUTER_BOUND('',#334,.T.);
#218=FACE_OUTER_BOUND('',#335,.T.);
#219=FACE_OUTER_BOUND('',#336,.T.);
#220=FACE_OUTER_BOUND('',#337,.T.);
#221=FACE_OUTER_BOUND('',#338,.T.);
#222=FACE_OUTER_BOUND('',#339,.T.);
#223=FACE_OUTER_BOUND('',#344,.T.);
#224=FACE_OUTER_BOUND('',#345,.T.);
#225=FACE_OUTER_BOUND('',#350,.T.);
#226=FACE_OUTER_BOUND('',#351,.T.);
#227=FACE_OUTER_BOUND('',#352,.T.);
#228=FACE_OUTER_BOUND('',#353,.T.);
#229=FACE_OUTER_BOUND('',#354,.T.);
#230=FACE_OUTER_BOUND('',#355,.T.);
#231=FACE_OUTER_BOUND('',#356,.T.);
#232=FACE_OUTER_BOUND('',#357,.T.);
#233=FACE_OUTER_BOUND('',#358,.T.);
#234=FACE_OUTER_BOUND('',#359,.T.);
#235=FACE_OUTER_BOUND('',#360,.T.);
#236=FACE_OUTER_BOUND('',#361,.T.);
#237=FACE_OUTER_BOUND('',#362,.T.);
#238=FACE_OUTER_BOUND('',#363,.T.);
#239=FACE_OUTER_BOUND('',#365,.T.);
#240=FACE_OUTER_BOUND('',#367,.T.);
#241=FACE_OUTER_BOUND('',#369,.T.);
#242=FACE_OUTER_BOUND('',#371,.T.);
#243=EDGE_LOOP('',(#1176,#1177,#1178,#1179));
#244=EDGE_LOOP('',(#1180,#1181,#1182,#1183));
#245=EDGE_LOOP('',(#1184,#1185,#1186,#1187));
#246=EDGE_LOOP('',(#1188,#1189,#1190,#1191));
#247=EDGE_LOOP('',(#1192,#1193,#1194,#1195));
#248=EDGE_LOOP('',(#1196,#1197,#1198,#1199));
#249=EDGE_LOOP('',(#1200,#1201,#1202,#1203));
#250=EDGE_LOOP('',(#1204,#1205,#1206,#1207));
#251=EDGE_LOOP('',(#1208,#1209,#1210,#1211));
#252=EDGE_LOOP('',(#1212,#1213,#1214,#1215));
#253=EDGE_LOOP('',(#1216,#1217,#1218,#1219));
#254=EDGE_LOOP('',(#1220,#1221,#1222,#1223));
#255=EDGE_LOOP('',(#1224,#1225,#1226,#1227));
#256=EDGE_LOOP('',(#1228,#1229,#1230,#1231,#1232,#1233,#1234,#1235,#1236,
#1237,#1238,#1239,#1240,#1241,#1242,#1243,#1244,#1245,#1246,#1247,#1248));
#257=EDGE_LOOP('',(#1249));
#258=EDGE_LOOP('',(#1250));
#259=EDGE_LOOP('',(#1251,#1252,#1253,#1254,#1255,#1256,#1257,#1258));
#260=EDGE_LOOP('',(#1259,#1260,#1261,#1262,#1263,#1264,#1265,#1266,#1267,
#1268,#1269,#1270,#1271,#1272,#1273,#1274,#1275,#1276,#1277,#1278,#1279));
#261=EDGE_LOOP('',(#1280));
#262=EDGE_LOOP('',(#1281));
#263=EDGE_LOOP('',(#1282,#1283,#1284,#1285,#1286,#1287,#1288,#1289));
#264=EDGE_LOOP('',(#1290,#1291,#1292,#1293,#1294));
#265=EDGE_LOOP('',(#1295,#1296,#1297,#1298));
#266=EDGE_LOOP('',(#1299,#1300,#1301,#1302));
#267=EDGE_LOOP('',(#1303,#1304,#1305,#1306));
#268=EDGE_LOOP('',(#1307,#1308,#1309,#1310));
#269=EDGE_LOOP('',(#1311,#1312,#1313,#1314));
#270=EDGE_LOOP('',(#1315,#1316,#1317,#1318));
#271=EDGE_LOOP('',(#1319,#1320,#1321,#1322));
#272=EDGE_LOOP('',(#1323,#1324,#1325,#1326));
#273=EDGE_LOOP('',(#1327,#1328,#1329,#1330));
#274=EDGE_LOOP('',(#1331,#1332,#1333,#1334));
#275=EDGE_LOOP('',(#1335,#1336,#1337,#1338));
#276=EDGE_LOOP('',(#1339,#1340,#1341,#1342));
#277=EDGE_LOOP('',(#1343,#1344,#1345,#1346));
#278=EDGE_LOOP('',(#1347,#1348,#1349,#1350));
#279=EDGE_LOOP('',(#1351,#1352,#1353,#1354));
#280=EDGE_LOOP('',(#1355,#1356,#1357,#1358,#1359,#1360,#1361,#1362,#1363,
#1364,#1365,#1366));
#281=EDGE_LOOP('',(#1367));
#282=EDGE_LOOP('',(#1368));
#283=EDGE_LOOP('',(#1369,#1370,#1371,#1372,#1373,#1374,#1375,#1376,#1377,
#1378,#1379,#1380));
#284=EDGE_LOOP('',(#1381));
#285=EDGE_LOOP('',(#1382));
#286=EDGE_LOOP('',(#1383,#1384,#1385,#1386,#1387));
#287=EDGE_LOOP('',(#1388,#1389,#1390,#1391));
#288=EDGE_LOOP('',(#1392,#1393,#1394,#1395));
#289=EDGE_LOOP('',(#1396,#1397,#1398,#1399));
#290=EDGE_LOOP('',(#1400,#1401,#1402,#1403));
#291=EDGE_LOOP('',(#1404,#1405,#1406,#1407));
#292=EDGE_LOOP('',(#1408,#1409,#1410,#1411,#1412,#1413));
#293=EDGE_LOOP('',(#1414,#1415,#1416,#1417,#1418,#1419));
#294=EDGE_LOOP('',(#1420,#1421,#1422,#1423));
#295=EDGE_LOOP('',(#1424,#1425,#1426,#1427));
#296=EDGE_LOOP('',(#1428,#1429,#1430,#1431));
#297=EDGE_LOOP('',(#1432,#1433,#1434,#1435));
#298=EDGE_LOOP('',(#1436,#1437,#1438,#1439));
#299=EDGE_LOOP('',(#1440,#1441,#1442,#1443));
#300=EDGE_LOOP('',(#1444,#1445,#1446,#1447));
#301=EDGE_LOOP('',(#1448,#1449,#1450,#1451));
#302=EDGE_LOOP('',(#1452,#1453,#1454,#1455));
#303=EDGE_LOOP('',(#1456,#1457,#1458,#1459));
#304=EDGE_LOOP('',(#1460,#1461,#1462,#1463));
#305=EDGE_LOOP('',(#1464,#1465,#1466,#1467));
#306=EDGE_LOOP('',(#1468,#1469,#1470,#1471));
#307=EDGE_LOOP('',(#1472,#1473,#1474,#1475));
#308=EDGE_LOOP('',(#1476,#1477,#1478,#1479));
#309=EDGE_LOOP('',(#1480,#1481,#1482,#1483));
#310=EDGE_LOOP('',(#1484,#1485,#1486,#1487));
#311=EDGE_LOOP('',(#1488,#1489,#1490,#1491));
#312=EDGE_LOOP('',(#1492,#1493,#1494,#1495));
#313=EDGE_LOOP('',(#1496,#1497,#1498,#1499));
#314=EDGE_LOOP('',(#1500,#1501,#1502,#1503));
#315=EDGE_LOOP('',(#1504,#1505,#1506,#1507));
#316=EDGE_LOOP('',(#1508,#1509,#1510,#1511));
#317=EDGE_LOOP('',(#1512,#1513,#1514,#1515));
#318=EDGE_LOOP('',(#1516,#1517,#1518,#1519));
#319=EDGE_LOOP('',(#1520,#1521,#1522,#1523,#1524));
#320=EDGE_LOOP('',(#1525));
#321=EDGE_LOOP('',(#1526));
#322=EDGE_LOOP('',(#1527));
#323=EDGE_LOOP('',(#1528,#1529,#1530,#1531));
#324=EDGE_LOOP('',(#1532,#1533,#1534,#1535,#1536));
#325=EDGE_LOOP('',(#1537));
#326=EDGE_LOOP('',(#1538));
#327=EDGE_LOOP('',(#1539));
#328=EDGE_LOOP('',(#1540,#1541,#1542,#1543));
#329=EDGE_LOOP('',(#1544,#1545,#1546,#1547));
#330=EDGE_LOOP('',(#1548,#1549,#1550,#1551));
#331=EDGE_LOOP('',(#1552,#1553,#1554,#1555));
#332=EDGE_LOOP('',(#1556,#1557,#1558,#1559));
#333=EDGE_LOOP('',(#1560,#1561,#1562,#1563));
#334=EDGE_LOOP('',(#1564,#1565,#1566,#1567));
#335=EDGE_LOOP('',(#1568,#1569,#1570,#1571));
#336=EDGE_LOOP('',(#1572,#1573,#1574,#1575));
#337=EDGE_LOOP('',(#1576,#1577,#1578,#1579));
#338=EDGE_LOOP('',(#1580,#1581,#1582,#1583));
#339=EDGE_LOOP('',(#1584,#1585,#1586,#1587,#1588));
#340=EDGE_LOOP('',(#1589));
#341=EDGE_LOOP('',(#1590));
#342=EDGE_LOOP('',(#1591));
#343=EDGE_LOOP('',(#1592));
#344=EDGE_LOOP('',(#1593,#1594,#1595,#1596));
#345=EDGE_LOOP('',(#1597,#1598,#1599,#1600,#1601));
#346=EDGE_LOOP('',(#1602));
#347=EDGE_LOOP('',(#1603));
#348=EDGE_LOOP('',(#1604));
#349=EDGE_LOOP('',(#1605));
#350=EDGE_LOOP('',(#1606,#1607,#1608,#1609));
#351=EDGE_LOOP('',(#1610,#1611,#1612,#1613));
#352=EDGE_LOOP('',(#1614,#1615,#1616,#1617));
#353=EDGE_LOOP('',(#1618,#1619,#1620,#1621));
#354=EDGE_LOOP('',(#1622,#1623,#1624,#1625,#1626));
#355=EDGE_LOOP('',(#1627,#1628,#1629,#1630,#1631));
#356=EDGE_LOOP('',(#1632,#1633,#1634,#1635));
#357=EDGE_LOOP('',(#1636,#1637,#1638,#1639));
#358=EDGE_LOOP('',(#1640,#1641,#1642,#1643));
#359=EDGE_LOOP('',(#1644,#1645,#1646,#1647));
#360=EDGE_LOOP('',(#1648,#1649,#1650,#1651,#1652));
#361=EDGE_LOOP('',(#1653,#1654,#1655,#1656,#1657,#1658));
#362=EDGE_LOOP('',(#1659,#1660,#1661,#1662,#1663));
#363=EDGE_LOOP('',(#1664));
#364=EDGE_LOOP('',(#1665));
#365=EDGE_LOOP('',(#1666));
#366=EDGE_LOOP('',(#1667));
#367=EDGE_LOOP('',(#1668));
#368=EDGE_LOOP('',(#1669));
#369=EDGE_LOOP('',(#1670));
#370=EDGE_LOOP('',(#1671));
#371=EDGE_LOOP('',(#1672));
#372=EDGE_LOOP('',(#1673));
#373=LINE('',#2567,#531);
#374=LINE('',#2573,#532);
#375=LINE('',#2579,#533);
#376=LINE('',#2585,#534);
#377=LINE('',#2591,#535);
#378=LINE('',#2597,#536);
#379=LINE('',#2603,#537);
#380=LINE('',#2609,#538);
#381=LINE('',#2615,#539);
#382=LINE('',#2621,#540);
#383=LINE('',#2627,#541);
#384=LINE('',#2632,#542);
#385=LINE('',#2634,#543);
#386=LINE('',#2636,#544);
#387=LINE('',#2637,#545);
#388=LINE('',#2641,#546);
#389=LINE('',#2643,#547);
#390=LINE('',#2645,#548);
#391=LINE('',#2646,#549);
#392=LINE('',#2649,#550);
#393=LINE('',#2651,#551);
#394=LINE('',#2653,#552);
#395=LINE('',#2655,#553);
#396=LINE('',#2657,#554);
#397=LINE('',#2659,#555);
#398=LINE('',#2661,#556);
#399=LINE('',#2663,#557);
#400=LINE('',#2665,#558);
#401=LINE('',#2667,#559);
#402=LINE('',#2671,#560);
#403=LINE('',#2673,#561);
#404=LINE('',#2675,#562);
#405=LINE('',#2677,#563);
#406=LINE('',#2679,#564);
#407=LINE('',#2681,#565);
#408=LINE('',#2685,#566);
#409=LINE('',#2689,#567);
#410=LINE('',#2693,#568);
#411=LINE('',#2697,#569);
#412=LINE('',#2701,#570);
#413=LINE('',#2706,#571);
#414=LINE('',#2710,#572);
#415=LINE('',#2712,#573);
#416=LINE('',#2714,#574);
#417=LINE('',#2716,#575);
#418=LINE('',#2718,#576);
#419=LINE('',#2720,#577);
#420=LINE('',#2724,#578);
#421=LINE('',#2726,#579);
#422=LINE('',#2728,#580);
#423=LINE('',#2730,#581);
#424=LINE('',#2732,#582);
#425=LINE('',#2734,#583);
#426=LINE('',#2736,#584);
#427=LINE('',#2738,#585);
#428=LINE('',#2739,#586);
#429=LINE('',#2741,#587);
#430=LINE('',#2745,#588);
#431=LINE('',#2749,#589);
#432=LINE('',#2753,#590);
#433=LINE('',#2757,#591);
#434=LINE('',#2761,#592);
#435=LINE('',#2762,#593);
#436=LINE('',#2763,#594);
#437=LINE('',#2765,#595);
#438=LINE('',#2766,#596);
#439=LINE('',#2768,#597);
#440=LINE('',#2769,#598);
#441=LINE('',#2771,#599);
#442=LINE('',#2772,#600);
#443=LINE('',#2774,#601);
#444=LINE('',#2776,#602);
#445=LINE('',#2777,#603);
#446=LINE('',#2780,#604);
#447=LINE('',#2781,#605);
#448=LINE('',#2783,#606);
#449=LINE('',#2788,#607);
#450=LINE('',#2796,#608);
#451=LINE('',#2798,#609);
#452=LINE('',#2800,#610);
#453=LINE('',#2803,#611);
#454=LINE('',#2805,#612);
#455=LINE('',#2806,#613);
#456=LINE('',#2809,#614);
#457=LINE('',#2811,#615);
#458=LINE('',#2812,#616);
#459=LINE('',#2817,#617);
#460=LINE('',#2821,#618);
#461=LINE('',#2825,#619);
#462=LINE('',#2832,#620);
#463=LINE('',#2836,#621);
#464=LINE('',#2840,#622);
#465=LINE('',#2885,#623);
#466=LINE('',#3004,#624);
#467=LINE('',#3006,#625);
#468=LINE('',#3008,#626);
#469=LINE('',#3011,#627);
#470=LINE('',#3013,#628);
#471=LINE('',#3014,#629);
#472=LINE('',#3017,#630);
#473=LINE('',#3019,#631);
#474=LINE('',#3020,#632);
#475=LINE('',#3025,#633);
#476=LINE('',#3030,#634);
#477=LINE('',#3034,#635);
#478=LINE('',#3035,#636);
#479=LINE('',#3037,#637);
#480=LINE('',#3039,#638);
#481=LINE('',#3041,#639);
#482=LINE('',#3043,#640);
#483=LINE('',#3045,#641);
#484=LINE('',#3046,#642);
#485=LINE('',#3048,#643);
#486=LINE('',#3049,#644);
#487=LINE('',#3051,#645);
#488=LINE('',#3052,#646);
#489=LINE('',#3054,#647);
#490=LINE('',#3055,#648);
#491=LINE('',#3057,#649);
#492=LINE('',#3059,#650);
#493=LINE('',#3060,#651);
#494=LINE('',#3062,#652);
#495=LINE('',#3064,#653);
#496=LINE('',#3065,#654);
#497=LINE('',#3081,#655);
#498=LINE('',#3084,#656);
#499=LINE('',#3087,#657);
#500=LINE('',#3089,#658);
#501=LINE('',#3090,#659);
#502=LINE('',#3093,#660);
#503=LINE('',#3095,#661);
#504=LINE('',#3096,#662);
#505=LINE('',#3099,#663);
#506=LINE('',#3100,#664);
#507=LINE('',#3103,#665);
#508=LINE('',#3104,#666);
#509=LINE('',#3106,#667);
#510=LINE('',#3164,#668);
#511=LINE('',#3203,#669);
#512=LINE('',#3326,#670);
#513=LINE('',#3328,#671);
#514=LINE('',#3330,#672);
#515=LINE('',#3334,#673);
#516=LINE('',#3336,#674);
#517=LINE('',#3338,#675);
#518=LINE('',#3339,#676);
#519=LINE('',#3345,#677);
#520=LINE('',#3347,#678);
#521=LINE('',#3348,#679);
#522=LINE('',#3350,#680);
#523=LINE('',#3352,#681);
#524=LINE('',#3361,#682);
#525=LINE('',#3399,#683);
#526=LINE('',#3411,#684);
#527=LINE('',#3416,#685);
#528=LINE('',#3419,#686);
#529=LINE('',#3425,#687);
#530=LINE('',#3433,#688);
#531=VECTOR('',#2035,2.09999999999999);
#532=VECTOR('',#2042,2.09999999999999);
#533=VECTOR('',#2049,1.99999999999999);
#534=VECTOR('',#2056,1.99999999999999);
#535=VECTOR('',#2063,1.99999999999999);
#536=VECTOR('',#2070,1.99999999999999);
#537=VECTOR('',#2077,3.04999999999998);
#538=VECTOR('',#2084,3.04999999999999);
#539=VECTOR('',#2091,3.04999999999999);
#540=VECTOR('',#2098,3.05);
#541=VECTOR('',#2105,3.05);
#542=VECTOR('',#2110,1000.);
#543=VECTOR('',#2111,1000.);
#544=VECTOR('',#2112,1000.);
#545=VECTOR('',#2113,1000.);
#546=VECTOR('',#2116,1000.);
#547=VECTOR('',#2117,1000.);
#548=VECTOR('',#2118,1000.);
#549=VECTOR('',#2119,1000.);
#550=VECTOR('',#2122,1000.);
#551=VECTOR('',#2123,1000.);
#552=VECTOR('',#2124,1000.);
#553=VECTOR('',#2125,1000.);
#554=VECTOR('',#2126,1000.);
#555=VECTOR('',#2127,1000.);
#556=VECTOR('',#2128,1000.);
#557=VECTOR('',#2129,1000.);
#558=VECTOR('',#2130,1000.);
#559=VECTOR('',#2131,1000.);
#560=VECTOR('',#2134,1000.);
#561=VECTOR('',#2135,1000.);
#562=VECTOR('',#2136,1000.);
#563=VECTOR('',#2137,1000.);
#564=VECTOR('',#2138,1000.);
#565=VECTOR('',#2139,1000.);
#566=VECTOR('',#2142,1000.);
#567=VECTOR('',#2145,1000.);
#568=VECTOR('',#2148,1000.);
#569=VECTOR('',#2151,1000.);
#570=VECTOR('',#2154,1000.);
#571=VECTOR('',#2159,1000.);
#572=VECTOR('',#2162,1000.);
#573=VECTOR('',#2163,1000.);
#574=VECTOR('',#2164,1000.);
#575=VECTOR('',#2165,1000.);
#576=VECTOR('',#2166,1000.);
#577=VECTOR('',#2167,1000.);
#578=VECTOR('',#2170,1000.);
#579=VECTOR('',#2171,1000.);
#580=VECTOR('',#2172,1000.);
#581=VECTOR('',#2173,1000.);
#582=VECTOR('',#2174,1000.);
#583=VECTOR('',#2175,1000.);
#584=VECTOR('',#2176,1000.);
#585=VECTOR('',#2177,1000.);
#586=VECTOR('',#2178,1000.);
#587=VECTOR('',#2179,1000.);
#588=VECTOR('',#2182,1000.);
#589=VECTOR('',#2185,1000.);
#590=VECTOR('',#2188,1000.);
#591=VECTOR('',#2191,1000.);
#592=VECTOR('',#2196,1000.);
#593=VECTOR('',#2197,1000.);
#594=VECTOR('',#2198,1000.);
#595=VECTOR('',#2201,1000.);
#596=VECTOR('',#2202,1000.);
#597=VECTOR('',#2205,1000.);
#598=VECTOR('',#2206,1000.);
#599=VECTOR('',#2209,1000.);
#600=VECTOR('',#2210,1000.);
#601=VECTOR('',#2213,1000.);
#602=VECTOR('',#2216,1000.);
#603=VECTOR('',#2217,1000.);
#604=VECTOR('',#2222,1000.);
#605=VECTOR('',#2223,1000.);
#606=VECTOR('',#2226,10.);
#607=VECTOR('',#2231,1000.);
#608=VECTOR('',#2242,1000.);
#609=VECTOR('',#2245,1000.);
#610=VECTOR('',#2248,1000.);
#611=VECTOR('',#2251,1000.);
#612=VECTOR('',#2252,1000.);
#613=VECTOR('',#2253,1000.);
#614=VECTOR('',#2256,1000.);
#615=VECTOR('',#2257,1000.);
#616=VECTOR('',#2258,1000.);
#617=VECTOR('',#2263,1000.);
#618=VECTOR('',#2266,1000.);
#619=VECTOR('',#2269,1000.);
#620=VECTOR('',#2278,1000.);
#621=VECTOR('',#2281,1000.);
#622=VECTOR('',#2284,1000.);
#623=VECTOR('',#2289,1000.);
#624=VECTOR('',#2296,1000.);
#625=VECTOR('',#2299,1000.);
#626=VECTOR('',#2302,1000.);
#627=VECTOR('',#2305,1000.);
#628=VECTOR('',#2306,1000.);
#629=VECTOR('',#2307,1000.);
#630=VECTOR('',#2310,1000.);
#631=VECTOR('',#2311,1000.);
#632=VECTOR('',#2312,1000.);
#633=VECTOR('',#2317,1000.);
#634=VECTOR('',#2322,1000.);
#635=VECTOR('',#2329,1000.);
#636=VECTOR('',#2330,1000.);
#637=VECTOR('',#2333,1000.);
#638=VECTOR('',#2336,1000.);
#639=VECTOR('',#2339,1000.);
#640=VECTOR('',#2342,1000.);
#641=VECTOR('',#2345,1000.);
#642=VECTOR('',#2346,1000.);
#643=VECTOR('',#2349,1000.);
#644=VECTOR('',#2350,1000.);
#645=VECTOR('',#2353,1000.);
#646=VECTOR('',#2354,1000.);
#647=VECTOR('',#2357,1000.);
#648=VECTOR('',#2358,1000.);
#649=VECTOR('',#2361,1000.);
#650=VECTOR('',#2364,1000.);
#651=VECTOR('',#2365,1000.);
#652=VECTOR('',#2368,1000.);
#653=VECTOR('',#2371,1000.);
#654=VECTOR('',#2372,1000.);
#655=VECTOR('',#2397,1000.);
#656=VECTOR('',#2400,1000.);
#657=VECTOR('',#2403,1000.);
#658=VECTOR('',#2404,1000.);
#659=VECTOR('',#2405,1000.);
#660=VECTOR('',#2408,1000.);
#661=VECTOR('',#2409,1000.);
#662=VECTOR('',#2410,1000.);
#663=VECTOR('',#2413,1000.);
#664=VECTOR('',#2414,10.);
#665=VECTOR('',#2417,1000.);
#666=VECTOR('',#2418,1000.);
#667=VECTOR('',#2421,1000.);
#668=VECTOR('',#2428,10.);
#669=VECTOR('',#2433,10.);
#670=VECTOR('',#2434,10.);
#671=VECTOR('',#2437,1000.);
#672=VECTOR('',#2440,1000.);
#673=VECTOR('',#2443,1000.);
#674=VECTOR('',#2444,1000.);
#675=VECTOR('',#2445,1000.);
#676=VECTOR('',#2446,1000.);
#677=VECTOR('',#2453,1000.);
#678=VECTOR('',#2456,1000.);
#679=VECTOR('',#2457,1000.);
#680=VECTOR('',#2460,1000.);
#681=VECTOR('',#2463,1000.);
#682=VECTOR('',#2476,1.65);
#683=VECTOR('',#2489,2.5);
#684=VECTOR('',#2504,2.25);
#685=VECTOR('',#2511,1.65);
#686=VECTOR('',#2514,3.);
#687=VECTOR('',#2521,3.);
#688=VECTOR('',#2530,3.);
#689=CIRCLE('',#1842,2.09999999999999);
#690=CIRCLE('',#1843,2.09999999999999);
#691=CIRCLE('',#1845,2.09999999999999);
#692=CIRCLE('',#1846,2.09999999999999);
#693=CIRCLE('',#1848,1.99999999999999);
#694=CIRCLE('',#1849,1.99999999999999);
#695=CIRCLE('',#1851,1.99999999999999);
#696=CIRCLE('',#1852,1.99999999999999);
#697=CIRCLE('',#1854,1.99999999999999);
#698=CIRCLE('',#1855,1.99999999999999);
#699=CIRCLE('',#1857,1.99999999999999);
#700=CIRCLE('',#1858,1.99999999999999);
#701=CIRCLE('',#1860,3.04999999999999);
#702=CIRCLE('',#1861,3.04999999999998);
#703=CIRCLE('',#1863,3.04999999999999);
#704=CIRCLE('',#1864,3.04999999999999);
#705=CIRCLE('',#1866,3.04999999999999);
#706=CIRCLE('',#1867,3.04999999999999);
#707=CIRCLE('',#1869,3.05);
#708=CIRCLE('',#1870,3.05);
#709=CIRCLE('',#1872,3.05);
#710=CIRCLE('',#1873,3.05);
#711=CIRCLE('',#1877,15.);
#712=CIRCLE('',#1878,2.);
#713=CIRCLE('',#1879,2.);
#714=CIRCLE('',#1880,3.);
#715=CIRCLE('',#1881,3.);
#716=CIRCLE('',#1882,3.);
#717=CIRCLE('',#1883,3.);
#718=CIRCLE('',#1885,2.);
#719=CIRCLE('',#1886,15.);
#720=CIRCLE('',#1887,2.);
#721=CIRCLE('',#1888,3.);
#722=CIRCLE('',#1889,3.);
#723=CIRCLE('',#1890,3.);
#724=CIRCLE('',#1891,3.);
#725=CIRCLE('',#1903,2.7);
#726=CIRCLE('',#1904,1.5);
#727=CIRCLE('',#1906,1.5);
#728=CIRCLE('',#1907,2.7);
#729=CIRCLE('',#1913,15.);
#730=CIRCLE('',#1914,3.);
#731=CIRCLE('',#1915,3.);
#732=CIRCLE('',#1916,3.75);
#733=CIRCLE('',#1917,3.);
#734=CIRCLE('',#1919,3.75);
#735=CIRCLE('',#1920,3.);
#736=CIRCLE('',#1921,3.);
#737=CIRCLE('',#1922,15.);
#738=CIRCLE('',#1923,3.);
#739=CIRCLE('',#1925,1.5);
#740=CIRCLE('',#1926,2.7);
#741=CIRCLE('',#1932,3.);
#742=CIRCLE('',#1933,15.);
#743=CIRCLE('',#1935,3.);
#744=CIRCLE('',#1936,15.);
#745=CIRCLE('',#1961,3.);
#746=CIRCLE('',#1962,3.);
#747=CIRCLE('',#1969,2.7);
#748=CIRCLE('',#1970,1.5);
#749=CIRCLE('',#1977,15.);
#750=CIRCLE('',#1978,15.);
#751=CIRCLE('',#1987,1.65);
#752=CIRCLE('',#1988,2.15);
#753=CIRCLE('',#1989,2.74341649025258);
#754=CIRCLE('',#1990,2.74341649025258);
#755=CIRCLE('',#1991,5.);
#756=CIRCLE('',#1992,3.);
#757=CIRCLE('',#1994,2.5);
#758=CIRCLE('',#1996,3.25);
#759=CIRCLE('',#1997,0.5);
#760=CIRCLE('',#1998,3.25);
#761=CIRCLE('',#2000,2.25);
#762=CIRCLE('',#2001,2.25);
#763=CIRCLE('',#2003,1.65);
#764=CIRCLE('',#2005,3.);
#765=CIRCLE('',#2007,3.);
#766=CIRCLE('',#2008,3.);
#767=CIRCLE('',#2009,3.);
#768=CIRCLE('',#2011,3.44142135623731);
#769=CIRCLE('',#2012,3.44142135623731);
#770=CIRCLE('',#2014,0.2);
#771=CIRCLE('',#2015,3.3);
#772=VERTEX_POINT('',#2564);
#773=VERTEX_POINT('',#2566);
#774=VERTEX_POINT('',#2570);
#775=VERTEX_POINT('',#2572);
#776=VERTEX_POINT('',#2576);
#777=VERTEX_POINT('',#2578);
#778=VERTEX_POINT('',#2582);
#779=VERTEX_POINT('',#2584);
#780=VERTEX_POINT('',#2588);
#781=VERTEX_POINT('',#2590);
#782=VERTEX_POINT('',#2594);
#783=VERTEX_POINT('',#2596);
#784=VERTEX_POINT('',#2600);
#785=VERTEX_POINT('',#2602);
#786=VERTEX_POINT('',#2606);
#787=VERTEX_POINT('',#2608);
#788=VERTEX_POINT('',#2612);
#789=VERTEX_POINT('',#2614);
#790=VERTEX_POINT('',#2618);
#791=VERTEX_POINT('',#2620);
#792=VERTEX_POINT('',#2624);
#793=VERTEX_POINT('',#2626);
#794=VERTEX_POINT('',#2630);
#795=VERTEX_POINT('',#2631);
#796=VERTEX_POINT('',#2633);
#797=VERTEX_POINT('',#2635);
#798=VERTEX_POINT('',#2639);
#799=VERTEX_POINT('',#2640);
#800=VERTEX_POINT('',#2642);
#801=VERTEX_POINT('',#2644);
#802=VERTEX_POINT('',#2648);
#803=VERTEX_POINT('',#2650);
#804=VERTEX_POINT('',#2652);
#805=VERTEX_POINT('',#2654);
#806=VERTEX_POINT('',#2656);
#807=VERTEX_POINT('',#2658);
#808=VERTEX_POINT('',#2660);
#809=VERTEX_POINT('',#2662);
#810=VERTEX_POINT('',#2664);
#811=VERTEX_POINT('',#2666);
#812=VERTEX_POINT('',#2668);
#813=VERTEX_POINT('',#2670);
#814=VERTEX_POINT('',#2672);
#815=VERTEX_POINT('',#2674);
#816=VERTEX_POINT('',#2676);
#817=VERTEX_POINT('',#2678);
#818=VERTEX_POINT('',#2680);
#819=VERTEX_POINT('',#2682);
#820=VERTEX_POINT('',#2684);
#821=VERTEX_POINT('',#2687);
#822=VERTEX_POINT('',#2688);
#823=VERTEX_POINT('',#2690);
#824=VERTEX_POINT('',#2692);
#825=VERTEX_POINT('',#2694);
#826=VERTEX_POINT('',#2696);
#827=VERTEX_POINT('',#2698);
#828=VERTEX_POINT('',#2700);
#829=VERTEX_POINT('',#2704);
#830=VERTEX_POINT('',#2705);
#831=VERTEX_POINT('',#2707);
#832=VERTEX_POINT('',#2709);
#833=VERTEX_POINT('',#2711);
#834=VERTEX_POINT('',#2713);
#835=VERTEX_POINT('',#2715);
#836=VERTEX_POINT('',#2717);
#837=VERTEX_POINT('',#2719);
#838=VERTEX_POINT('',#2721);
#839=VERTEX_POINT('',#2723);
#840=VERTEX_POINT('',#2725);
#841=VERTEX_POINT('',#2727);
#842=VERTEX_POINT('',#2729);
#843=VERTEX_POINT('',#2731);
#844=VERTEX_POINT('',#2733);
#845=VERTEX_POINT('',#2735);
#846=VERTEX_POINT('',#2737);
#847=VERTEX_POINT('',#2740);
#848=VERTEX_POINT('',#2743);
#849=VERTEX_POINT('',#2744);
#850=VERTEX_POINT('',#2746);
#851=VERTEX_POINT('',#2748);
#852=VERTEX_POINT('',#2750);
#853=VERTEX_POINT('',#2752);
#854=VERTEX_POINT('',#2754);
#855=VERTEX_POINT('',#2756);
#856=VERTEX_POINT('',#2760);
#857=VERTEX_POINT('',#2786);
#858=VERTEX_POINT('',#2787);
#859=VERTEX_POINT('',#2792);
#860=VERTEX_POINT('',#2794);
#861=VERTEX_POINT('',#2802);
#862=VERTEX_POINT('',#2804);
#863=VERTEX_POINT('',#2808);
#864=VERTEX_POINT('',#2810);
#865=VERTEX_POINT('',#2814);
#866=VERTEX_POINT('',#2816);
#867=VERTEX_POINT('',#2818);
#868=VERTEX_POINT('',#2820);
#869=VERTEX_POINT('',#2822);
#870=VERTEX_POINT('',#2824);
#871=VERTEX_POINT('',#2829);
#872=VERTEX_POINT('',#2831);
#873=VERTEX_POINT('',#2833);
#874=VERTEX_POINT('',#2835);
#875=VERTEX_POINT('',#2837);
#876=VERTEX_POINT('',#2839);
#877=VERTEX_POINT('',#2883);
#878=VERTEX_POINT('',#2884);
#879=VERTEX_POINT('',#3000);
#880=VERTEX_POINT('',#3002);
#881=VERTEX_POINT('',#3010);
#882=VERTEX_POINT('',#3012);
#883=VERTEX_POINT('',#3016);
#884=VERTEX_POINT('',#3018);
#885=VERTEX_POINT('',#3022);
#886=VERTEX_POINT('',#3024);
#887=VERTEX_POINT('',#3028);
#888=VERTEX_POINT('',#3029);
#889=VERTEX_POINT('',#3077);
#890=VERTEX_POINT('',#3078);
#891=VERTEX_POINT('',#3080);
#892=VERTEX_POINT('',#3082);
#893=VERTEX_POINT('',#3086);
#894=VERTEX_POINT('',#3088);
#895=VERTEX_POINT('',#3092);
#896=VERTEX_POINT('',#3094);
#897=VERTEX_POINT('',#3098);
#898=VERTEX_POINT('',#3102);
#899=VERTEX_POINT('',#3201);
#900=VERTEX_POINT('',#3202);
#901=VERTEX_POINT('',#3274);
#902=VERTEX_POINT('',#3315);
#903=VERTEX_POINT('',#3332);
#904=VERTEX_POINT('',#3333);
#905=VERTEX_POINT('',#3335);
#906=VERTEX_POINT('',#3337);
#907=VERTEX_POINT('',#3341);
#908=VERTEX_POINT('',#3343);
#909=VERTEX_POINT('',#3358);
#910=VERTEX_POINT('',#3360);
#911=VERTEX_POINT('',#3390);
#912=VERTEX_POINT('',#3391);
#913=VERTEX_POINT('',#3394);
#914=VERTEX_POINT('',#3398);
#915=VERTEX_POINT('',#3402);
#916=VERTEX_POINT('',#3404);
#917=VERTEX_POINT('',#3408);
#918=VERTEX_POINT('',#3410);
#919=VERTEX_POINT('',#3414);
#920=VERTEX_POINT('',#3418);
#921=VERTEX_POINT('',#3422);
#922=VERTEX_POINT('',#3424);
#923=VERTEX_POINT('',#3426);
#924=VERTEX_POINT('',#3430);
#925=VERTEX_POINT('',#3431);
#926=VERTEX_POINT('',#3436);
#927=EDGE_CURVE('',#772,#772,#689,.T.);
#928=EDGE_CURVE('',#772,#773,#373,.T.);
#929=EDGE_CURVE('',#773,#773,#690,.T.);
#930=EDGE_CURVE('',#774,#774,#691,.T.);
#931=EDGE_CURVE('',#774,#775,#374,.T.);
#932=EDGE_CURVE('',#775,#775,#692,.T.);
#933=EDGE_CURVE('',#776,#776,#693,.T.);
#934=EDGE_CURVE('',#776,#777,#375,.T.);
#935=EDGE_CURVE('',#777,#777,#694,.T.);
#936=EDGE_CURVE('',#778,#778,#695,.T.);
#937=EDGE_CURVE('',#778,#779,#376,.T.);
#938=EDGE_CURVE('',#779,#779,#696,.T.);
#939=EDGE_CURVE('',#780,#780,#697,.T.);
#940=EDGE_CURVE('',#780,#781,#377,.T.);
#941=EDGE_CURVE('',#781,#781,#698,.T.);
#942=EDGE_CURVE('',#782,#782,#699,.T.);
#943=EDGE_CURVE('',#782,#783,#378,.T.);
#944=EDGE_CURVE('',#783,#783,#700,.T.);
#945=EDGE_CURVE('',#784,#784,#701,.T.);
#946=EDGE_CURVE('',#784,#785,#379,.T.);
#947=EDGE_CURVE('',#785,#785,#702,.T.);
#948=EDGE_CURVE('',#786,#786,#703,.T.);
#949=EDGE_CURVE('',#786,#787,#380,.T.);
#950=EDGE_CURVE('',#787,#787,#704,.T.);
#951=EDGE_CURVE('',#788,#788,#705,.T.);
#952=EDGE_CURVE('',#788,#789,#381,.T.);
#953=EDGE_CURVE('',#789,#789,#706,.T.);
#954=EDGE_CURVE('',#790,#790,#707,.T.);
#955=EDGE_CURVE('',#790,#791,#382,.T.);
#956=EDGE_CURVE('',#791,#791,#708,.T.);
#957=EDGE_CURVE('',#792,#792,#709,.T.);
#958=EDGE_CURVE('',#792,#793,#383,.T.);
#959=EDGE_CURVE('',#793,#793,#710,.T.);
#960=EDGE_CURVE('',#794,#795,#384,.T.);
#961=EDGE_CURVE('',#795,#796,#385,.T.);
#962=EDGE_CURVE('',#796,#797,#386,.T.);
#963=EDGE_CURVE('',#794,#797,#387,.T.);
#964=EDGE_CURVE('',#798,#799,#388,.T.);
#965=EDGE_CURVE('',#800,#799,#389,.T.);
#966=EDGE_CURVE('',#801,#800,#390,.T.);
#967=EDGE_CURVE('',#798,#801,#391,.T.);
#968=EDGE_CURVE('',#802,#794,#392,.T.);
#969=EDGE_CURVE('',#803,#797,#393,.T.);
#970=EDGE_CURVE('',#804,#803,#394,.T.);
#971=EDGE_CURVE('',#804,#805,#395,.T.);
#972=EDGE_CURVE('',#805,#806,#396,.T.);
#973=EDGE_CURVE('',#806,#807,#397,.T.);
#974=EDGE_CURVE('',#807,#808,#398,.T.);
#975=EDGE_CURVE('',#809,#808,#399,.T.);
#976=EDGE_CURVE('',#809,#810,#400,.T.);
#977=EDGE_CURVE('',#810,#811,#401,.T.);
#978=EDGE_CURVE('',#812,#811,#711,.T.);
#979=EDGE_CURVE('',#812,#813,#402,.T.);
#980=EDGE_CURVE('',#813,#814,#403,.T.);
#981=EDGE_CURVE('',#814,#815,#404,.T.);
#982=EDGE_CURVE('',#816,#815,#405,.T.);
#983=EDGE_CURVE('',#816,#817,#406,.T.);
#984=EDGE_CURVE('',#817,#818,#407,.T.);
#985=EDGE_CURVE('',#819,#818,#712,.T.);
#986=EDGE_CURVE('',#819,#820,#408,.T.);
#987=EDGE_CURVE('',#802,#820,#713,.T.);
#988=EDGE_CURVE('',#821,#822,#409,.T.);
#989=EDGE_CURVE('',#823,#821,#714,.T.);
#990=EDGE_CURVE('',#824,#823,#410,.T.);
#991=EDGE_CURVE('',#825,#824,#715,.T.);
#992=EDGE_CURVE('',#826,#825,#411,.T.);
#993=EDGE_CURVE('',#827,#826,#716,.T.);
#994=EDGE_CURVE('',#828,#827,#412,.T.);
#995=EDGE_CURVE('',#822,#828,#717,.T.);
#996=EDGE_CURVE('',#829,#830,#413,.T.);
#997=EDGE_CURVE('',#831,#829,#718,.T.);
#998=EDGE_CURVE('',#832,#831,#414,.T.);
#999=EDGE_CURVE('',#833,#832,#415,.T.);
#1000=EDGE_CURVE('',#833,#834,#416,.T.);
#1001=EDGE_CURVE('',#834,#835,#417,.T.);
#1002=EDGE_CURVE('',#835,#836,#418,.T.);
#1003=EDGE_CURVE('',#837,#836,#419,.T.);
#1004=EDGE_CURVE('',#838,#837,#719,.T.);
#1005=EDGE_CURVE('',#839,#838,#420,.T.);
#1006=EDGE_CURVE('',#840,#839,#421,.T.);
#1007=EDGE_CURVE('',#840,#841,#422,.T.);
#1008=EDGE_CURVE('',#842,#841,#423,.T.);
#1009=EDGE_CURVE('',#842,#843,#424,.T.);
#1010=EDGE_CURVE('',#843,#844,#425,.T.);
#1011=EDGE_CURVE('',#844,#845,#426,.T.);
#1012=EDGE_CURVE('',#845,#846,#427,.T.);
#1013=EDGE_CURVE('',#846,#796,#428,.T.);
#1014=EDGE_CURVE('',#847,#795,#429,.T.);
#1015=EDGE_CURVE('',#830,#847,#720,.T.);
#1016=EDGE_CURVE('',#848,#849,#430,.T.);
#1017=EDGE_CURVE('',#850,#849,#721,.T.);
#1018=EDGE_CURVE('',#850,#851,#431,.T.);
#1019=EDGE_CURVE('',#852,#851,#722,.T.);
#1020=EDGE_CURVE('',#852,#853,#432,.T.);
#1021=EDGE_CURVE('',#854,#853,#723,.T.);
#1022=EDGE_CURVE('',#854,#855,#433,.T.);
#1023=EDGE_CURVE('',#848,#855,#724,.T.);
#1024=EDGE_CURVE('',#841,#856,#434,.T.);
#1025=EDGE_CURVE('',#856,#808,#435,.T.);
#1026=EDGE_CURVE('',#842,#807,#436,.T.);
#1027=EDGE_CURVE('',#810,#839,#437,.T.);
#1028=EDGE_CURVE('',#840,#809,#438,.T.);
#1029=EDGE_CURVE('',#817,#832,#439,.T.);
#1030=EDGE_CURVE('',#833,#816,#440,.T.);
#1031=EDGE_CURVE('',#836,#813,#441,.T.);
#1032=EDGE_CURVE('',#837,#812,#442,.T.);
#1033=EDGE_CURVE('',#811,#838,#443,.T.);
#1034=EDGE_CURVE('',#835,#814,#444,.T.);
#1035=EDGE_CURVE('',#834,#815,#445,.T.);
#1036=EDGE_CURVE('',#844,#805,#446,.T.);
#1037=EDGE_CURVE('',#843,#806,#447,.T.);
#1038=EDGE_CURVE('',#845,#804,#448,.T.);
#1039=EDGE_CURVE('',#857,#858,#449,.T.);
#1040=EDGE_CURVE('',#815,#858,#725,.T.);
#1041=EDGE_CURVE('',#834,#857,#726,.T.);
#1042=EDGE_CURVE('',#859,#833,#727,.T.);
#1043=EDGE_CURVE('',#860,#816,#728,.T.);
#1044=EDGE_CURVE('',#859,#860,#450,.T.);
#1045=EDGE_CURVE('',#858,#860,#451,.T.);
#1046=EDGE_CURVE('',#857,#859,#452,.T.);
#1047=EDGE_CURVE('',#859,#861,#453,.T.);
#1048=EDGE_CURVE('',#860,#862,#454,.T.);
#1049=EDGE_CURVE('',#861,#862,#455,.T.);
#1050=EDGE_CURVE('',#863,#857,#456,.T.);
#1051=EDGE_CURVE('',#863,#864,#457,.T.);
#1052=EDGE_CURVE('',#864,#858,#458,.T.);
#1053=EDGE_CURVE('',#865,#864,#729,.T.);
#1054=EDGE_CURVE('',#866,#865,#459,.T.);
#1055=EDGE_CURVE('',#867,#866,#730,.T.);
#1056=EDGE_CURVE('',#868,#867,#460,.T.);
#1057=EDGE_CURVE('',#869,#868,#731,.T.);
#1058=EDGE_CURVE('',#870,#869,#461,.T.);
#1059=EDGE_CURVE('',#799,#870,#732,.T.);
#1060=EDGE_CURVE('',#862,#798,#733,.T.);
#1061=EDGE_CURVE('',#800,#871,#734,.T.);
#1062=EDGE_CURVE('',#871,#872,#462,.T.);
#1063=EDGE_CURVE('',#873,#872,#735,.T.);
#1064=EDGE_CURVE('',#873,#874,#463,.T.);
#1065=EDGE_CURVE('',#875,#874,#736,.T.);
#1066=EDGE_CURVE('',#875,#876,#464,.T.);
#1067=EDGE_CURVE('',#876,#863,#737,.T.);
#1068=EDGE_CURVE('',#801,#861,#738,.T.);
#1069=EDGE_CURVE('',#877,#878,#465,.T.);
#1070=EDGE_CURVE('',#808,#878,#49,.T.);
#1071=EDGE_CURVE('',#841,#877,#50,.T.);
#1072=EDGE_CURVE('',#879,#840,#739,.T.);
#1073=EDGE_CURVE('',#880,#809,#740,.T.);
#1074=EDGE_CURVE('',#879,#880,#466,.T.);
#1075=EDGE_CURVE('',#880,#878,#467,.T.);
#1076=EDGE_CURVE('',#877,#879,#468,.T.);
#1077=EDGE_CURVE('',#881,#878,#469,.T.);
#1078=EDGE_CURVE('',#882,#877,#470,.T.);
#1079=EDGE_CURVE('',#881,#882,#471,.T.);
#1080=EDGE_CURVE('',#879,#883,#472,.T.);
#1081=EDGE_CURVE('',#880,#884,#473,.T.);
#1082=EDGE_CURVE('',#883,#884,#474,.T.);
#1083=EDGE_CURVE('',#885,#881,#741,.T.);
#1084=EDGE_CURVE('',#886,#885,#475,.T.);
#1085=EDGE_CURVE('',#884,#886,#742,.T.);
#1086=EDGE_CURVE('',#887,#888,#476,.T.);
#1087=EDGE_CURVE('',#882,#888,#743,.T.);
#1088=EDGE_CURVE('',#887,#883,#744,.T.);
#1089=EDGE_CURVE('',#888,#885,#477,.T.);
#1090=EDGE_CURVE('',#886,#887,#478,.T.);
#1091=EDGE_CURVE('',#871,#870,#479,.T.);
#1092=EDGE_CURVE('',#876,#865,#480,.T.);
#1093=EDGE_CURVE('',#866,#875,#481,.T.);
#1094=EDGE_CURVE('',#872,#869,#482,.T.);
#1095=EDGE_CURVE('',#849,#825,#483,.T.);
#1096=EDGE_CURVE('',#826,#848,#484,.T.);
#1097=EDGE_CURVE('',#828,#854,#485,.T.);
#1098=EDGE_CURVE('',#855,#827,#486,.T.);
#1099=EDGE_CURVE('',#853,#822,#487,.T.);
#1100=EDGE_CURVE('',#821,#852,#488,.T.);
#1101=EDGE_CURVE('',#851,#823,#489,.T.);
#1102=EDGE_CURVE('',#824,#850,#490,.T.);
#1103=EDGE_CURVE('',#847,#802,#491,.T.);
#1104=EDGE_CURVE('',#829,#819,#492,.T.);
#1105=EDGE_CURVE('',#820,#830,#493,.T.);
#1106=EDGE_CURVE('',#818,#831,#494,.T.);
#1107=EDGE_CURVE('',#868,#873,#495,.T.);
#1108=EDGE_CURVE('',#874,#867,#496,.T.);
#1109=EDGE_CURVE('',#889,#890,#745,.T.);
#1110=EDGE_CURVE('',#890,#891,#497,.T.);
#1111=EDGE_CURVE('',#891,#892,#746,.T.);
#1112=EDGE_CURVE('',#892,#889,#498,.T.);
#1113=EDGE_CURVE('',#893,#892,#499,.T.);
#1114=EDGE_CURVE('',#894,#893,#500,.T.);
#1115=EDGE_CURVE('',#894,#889,#501,.T.);
#1116=EDGE_CURVE('',#895,#894,#502,.T.);
#1117=EDGE_CURVE('',#895,#896,#503,.T.);
#1118=EDGE_CURVE('',#890,#896,#504,.T.);
#1119=EDGE_CURVE('',#897,#893,#505,.T.);
#1120=EDGE_CURVE('',#895,#897,#506,.T.);
#1121=EDGE_CURVE('',#891,#898,#507,.T.);
#1122=EDGE_CURVE('',#898,#897,#508,.T.);
#1123=EDGE_CURVE('',#898,#896,#509,.T.);
#1124=EDGE_CURVE('',#896,#797,#747,.T.);
#1125=EDGE_CURVE('',#898,#796,#748,.T.);
#1126=EDGE_CURVE('',#846,#897,#51,.T.);
#1127=EDGE_CURVE('',#846,#803,#510,.T.);
#1128=EDGE_CURVE('',#803,#895,#52,.T.);
#1129=EDGE_CURVE('',#899,#900,#511,.T.);
#1130=EDGE_CURVE('',#900,#803,#53,.T.);
#1131=EDGE_CURVE('',#899,#846,#54,.T.);
#1132=EDGE_CURVE('',#845,#901,#55,.T.);
#1133=EDGE_CURVE('',#804,#902,#56,.T.);
#1134=EDGE_CURVE('',#901,#902,#512,.T.);
#1135=EDGE_CURVE('',#902,#900,#513,.T.);
#1136=EDGE_CURVE('',#899,#901,#514,.T.);
#1137=EDGE_CURVE('',#903,#904,#515,.T.);
#1138=EDGE_CURVE('',#905,#904,#516,.T.);
#1139=EDGE_CURVE('',#906,#905,#517,.T.);
#1140=EDGE_CURVE('',#903,#906,#518,.T.);
#1141=EDGE_CURVE('',#907,#903,#749,.T.);
#1142=EDGE_CURVE('',#906,#908,#750,.T.);
#1143=EDGE_CURVE('',#908,#907,#519,.T.);
#1144=EDGE_CURVE('',#902,#907,#520,.T.);
#1145=EDGE_CURVE('',#900,#904,#521,.T.);
#1146=EDGE_CURVE('',#901,#908,#522,.T.);
#1147=EDGE_CURVE('',#899,#905,#523,.T.);
#1148=EDGE_CURVE('',#909,#909,#751,.T.);
#1149=EDGE_CURVE('',#909,#910,#524,.T.);
#1150=EDGE_CURVE('',#910,#910,#752,.T.);
#1151=EDGE_CURVE('',#911,#912,#753,.T.);
#1152=EDGE_CURVE('',#912,#911,#754,.T.);
#1153=EDGE_CURVE('',#912,#913,#755,.T.);
#1154=EDGE_CURVE('',#913,#913,#756,.T.);
#1155=EDGE_CURVE('',#911,#914,#525,.T.);
#1156=EDGE_CURVE('',#914,#914,#757,.T.);
#1157=EDGE_CURVE('',#915,#915,#758,.T.);
#1158=EDGE_CURVE('',#915,#916,#759,.T.);
#1159=EDGE_CURVE('',#916,#916,#760,.T.);
#1160=EDGE_CURVE('',#917,#917,#761,.T.);
#1161=EDGE_CURVE('',#917,#918,#526,.T.);
#1162=EDGE_CURVE('',#918,#918,#762,.T.);
#1163=EDGE_CURVE('',#919,#919,#763,.T.);
#1164=EDGE_CURVE('',#919,#909,#527,.T.);
#1165=EDGE_CURVE('',#913,#920,#528,.T.);
#1166=EDGE_CURVE('',#920,#920,#764,.T.);
#1167=EDGE_CURVE('',#921,#921,#765,.T.);
#1168=EDGE_CURVE('',#921,#922,#529,.T.);
#1169=EDGE_CURVE('',#922,#923,#766,.T.);
#1170=EDGE_CURVE('',#923,#922,#767,.T.);
#1171=EDGE_CURVE('',#924,#925,#768,.T.);
#1172=EDGE_CURVE('',#925,#923,#530,.T.);
#1173=EDGE_CURVE('',#925,#924,#769,.T.);
#1174=EDGE_CURVE('',#924,#926,#770,.T.);
#1175=EDGE_CURVE('',#926,#926,#771,.T.);
#1176=ORIENTED_EDGE('',*,*,#927,.F.);
#1177=ORIENTED_EDGE('',*,*,#928,.T.);
#1178=ORIENTED_EDGE('',*,*,#929,.F.);
#1179=ORIENTED_EDGE('',*,*,#928,.F.);
#1180=ORIENTED_EDGE('',*,*,#930,.F.);
#1181=ORIENTED_EDGE('',*,*,#931,.T.);
#1182=ORIENTED_EDGE('',*,*,#932,.F.);
#1183=ORIENTED_EDGE('',*,*,#931,.F.);
#1184=ORIENTED_EDGE('',*,*,#933,.T.);
#1185=ORIENTED_EDGE('',*,*,#934,.T.);
#1186=ORIENTED_EDGE('',*,*,#935,.F.);
#1187=ORIENTED_EDGE('',*,*,#934,.F.);
#1188=ORIENTED_EDGE('',*,*,#936,.T.);
#1189=ORIENTED_EDGE('',*,*,#937,.T.);
#1190=ORIENTED_EDGE('',*,*,#938,.F.);
#1191=ORIENTED_EDGE('',*,*,#937,.F.);
#1192=ORIENTED_EDGE('',*,*,#939,.T.);
#1193=ORIENTED_EDGE('',*,*,#940,.T.);
#1194=ORIENTED_EDGE('',*,*,#941,.F.);
#1195=ORIENTED_EDGE('',*,*,#940,.F.);
#1196=ORIENTED_EDGE('',*,*,#942,.T.);
#1197=ORIENTED_EDGE('',*,*,#943,.T.);
#1198=ORIENTED_EDGE('',*,*,#944,.F.);
#1199=ORIENTED_EDGE('',*,*,#943,.F.);
#1200=ORIENTED_EDGE('',*,*,#945,.F.);
#1201=ORIENTED_EDGE('',*,*,#946,.T.);
#1202=ORIENTED_EDGE('',*,*,#947,.F.);
#1203=ORIENTED_EDGE('',*,*,#946,.F.);
#1204=ORIENTED_EDGE('',*,*,#948,.F.);
#1205=ORIENTED_EDGE('',*,*,#949,.T.);
#1206=ORIENTED_EDGE('',*,*,#950,.F.);
#1207=ORIENTED_EDGE('',*,*,#949,.F.);
#1208=ORIENTED_EDGE('',*,*,#951,.F.);
#1209=ORIENTED_EDGE('',*,*,#952,.T.);
#1210=ORIENTED_EDGE('',*,*,#953,.F.);
#1211=ORIENTED_EDGE('',*,*,#952,.F.);
#1212=ORIENTED_EDGE('',*,*,#954,.T.);
#1213=ORIENTED_EDGE('',*,*,#955,.T.);
#1214=ORIENTED_EDGE('',*,*,#956,.F.);
#1215=ORIENTED_EDGE('',*,*,#955,.F.);
#1216=ORIENTED_EDGE('',*,*,#957,.T.);
#1217=ORIENTED_EDGE('',*,*,#958,.T.);
#1218=ORIENTED_EDGE('',*,*,#959,.F.);
#1219=ORIENTED_EDGE('',*,*,#958,.F.);
#1220=ORIENTED_EDGE('',*,*,#960,.T.);
#1221=ORIENTED_EDGE('',*,*,#961,.T.);
#1222=ORIENTED_EDGE('',*,*,#962,.T.);
#1223=ORIENTED_EDGE('',*,*,#963,.F.);
#1224=ORIENTED_EDGE('',*,*,#964,.T.);
#1225=ORIENTED_EDGE('',*,*,#965,.F.);
#1226=ORIENTED_EDGE('',*,*,#966,.F.);
#1227=ORIENTED_EDGE('',*,*,#967,.F.);
#1228=ORIENTED_EDGE('',*,*,#968,.T.);
#1229=ORIENTED_EDGE('',*,*,#963,.T.);
#1230=ORIENTED_EDGE('',*,*,#969,.F.);
#1231=ORIENTED_EDGE('',*,*,#970,.F.);
#1232=ORIENTED_EDGE('',*,*,#971,.T.);
#1233=ORIENTED_EDGE('',*,*,#972,.T.);
#1234=ORIENTED_EDGE('',*,*,#973,.T.);
#1235=ORIENTED_EDGE('',*,*,#974,.T.);
#1236=ORIENTED_EDGE('',*,*,#975,.F.);
#1237=ORIENTED_EDGE('',*,*,#976,.T.);
#1238=ORIENTED_EDGE('',*,*,#977,.T.);
#1239=ORIENTED_EDGE('',*,*,#978,.F.);
#1240=ORIENTED_EDGE('',*,*,#979,.T.);
#1241=ORIENTED_EDGE('',*,*,#980,.T.);
#1242=ORIENTED_EDGE('',*,*,#981,.T.);
#1243=ORIENTED_EDGE('',*,*,#982,.F.);
#1244=ORIENTED_EDGE('',*,*,#983,.T.);
#1245=ORIENTED_EDGE('',*,*,#984,.T.);
#1246=ORIENTED_EDGE('',*,*,#985,.F.);
#1247=ORIENTED_EDGE('',*,*,#986,.T.);
#1248=ORIENTED_EDGE('',*,*,#987,.F.);
#1249=ORIENTED_EDGE('',*,*,#929,.T.);
#1250=ORIENTED_EDGE('',*,*,#932,.T.);
#1251=ORIENTED_EDGE('',*,*,#988,.F.);
#1252=ORIENTED_EDGE('',*,*,#989,.F.);
#1253=ORIENTED_EDGE('',*,*,#990,.F.);
#1254=ORIENTED_EDGE('',*,*,#991,.F.);
#1255=ORIENTED_EDGE('',*,*,#992,.F.);
#1256=ORIENTED_EDGE('',*,*,#993,.F.);
#1257=ORIENTED_EDGE('',*,*,#994,.F.);
#1258=ORIENTED_EDGE('',*,*,#995,.F.);
#1259=ORIENTED_EDGE('',*,*,#996,.F.);
#1260=ORIENTED_EDGE('',*,*,#997,.F.);
#1261=ORIENTED_EDGE('',*,*,#998,.F.);
#1262=ORIENTED_EDGE('',*,*,#999,.F.);
#1263=ORIENTED_EDGE('',*,*,#1000,.T.);
#1264=ORIENTED_EDGE('',*,*,#1001,.T.);
#1265=ORIENTED_EDGE('',*,*,#1002,.T.);
#1266=ORIENTED_EDGE('',*,*,#1003,.F.);
#1267=ORIENTED_EDGE('',*,*,#1004,.F.);
#1268=ORIENTED_EDGE('',*,*,#1005,.F.);
#1269=ORIENTED_EDGE('',*,*,#1006,.F.);
#1270=ORIENTED_EDGE('',*,*,#1007,.T.);
#1271=ORIENTED_EDGE('',*,*,#1008,.F.);
#1272=ORIENTED_EDGE('',*,*,#1009,.T.);
#1273=ORIENTED_EDGE('',*,*,#1010,.T.);
#1274=ORIENTED_EDGE('',*,*,#1011,.T.);
#1275=ORIENTED_EDGE('',*,*,#1012,.T.);
#1276=ORIENTED_EDGE('',*,*,#1013,.T.);
#1277=ORIENTED_EDGE('',*,*,#961,.F.);
#1278=ORIENTED_EDGE('',*,*,#1014,.F.);
#1279=ORIENTED_EDGE('',*,*,#1015,.F.);
#1280=ORIENTED_EDGE('',*,*,#927,.T.);
#1281=ORIENTED_EDGE('',*,*,#930,.T.);
#1282=ORIENTED_EDGE('',*,*,#1016,.T.);
#1283=ORIENTED_EDGE('',*,*,#1017,.F.);
#1284=ORIENTED_EDGE('',*,*,#1018,.T.);
#1285=ORIENTED_EDGE('',*,*,#1019,.F.);
#1286=ORIENTED_EDGE('',*,*,#1020,.T.);
#1287=ORIENTED_EDGE('',*,*,#1021,.F.);
#1288=ORIENTED_EDGE('',*,*,#1022,.T.);
#1289=ORIENTED_EDGE('',*,*,#1023,.F.);
#1290=ORIENTED_EDGE('',*,*,#1008,.T.);
#1291=ORIENTED_EDGE('',*,*,#1024,.T.);
#1292=ORIENTED_EDGE('',*,*,#1025,.T.);
#1293=ORIENTED_EDGE('',*,*,#974,.F.);
#1294=ORIENTED_EDGE('',*,*,#1026,.F.);
#1295=ORIENTED_EDGE('',*,*,#1006,.T.);
#1296=ORIENTED_EDGE('',*,*,#1027,.F.);
#1297=ORIENTED_EDGE('',*,*,#976,.F.);
#1298=ORIENTED_EDGE('',*,*,#1028,.F.);
#1299=ORIENTED_EDGE('',*,*,#1029,.F.);
#1300=ORIENTED_EDGE('',*,*,#983,.F.);
#1301=ORIENTED_EDGE('',*,*,#1030,.F.);
#1302=ORIENTED_EDGE('',*,*,#999,.T.);
#1303=ORIENTED_EDGE('',*,*,#1003,.T.);
#1304=ORIENTED_EDGE('',*,*,#1031,.T.);
#1305=ORIENTED_EDGE('',*,*,#979,.F.);
#1306=ORIENTED_EDGE('',*,*,#1032,.F.);
#1307=ORIENTED_EDGE('',*,*,#977,.F.);
#1308=ORIENTED_EDGE('',*,*,#1027,.T.);
#1309=ORIENTED_EDGE('',*,*,#1005,.T.);
#1310=ORIENTED_EDGE('',*,*,#1033,.F.);
#1311=ORIENTED_EDGE('',*,*,#1034,.F.);
#1312=ORIENTED_EDGE('',*,*,#1001,.F.);
#1313=ORIENTED_EDGE('',*,*,#1035,.T.);
#1314=ORIENTED_EDGE('',*,*,#981,.F.);
#1315=ORIENTED_EDGE('',*,*,#1031,.F.);
#1316=ORIENTED_EDGE('',*,*,#1002,.F.);
#1317=ORIENTED_EDGE('',*,*,#1034,.T.);
#1318=ORIENTED_EDGE('',*,*,#980,.F.);
#1319=ORIENTED_EDGE('',*,*,#1036,.F.);
#1320=ORIENTED_EDGE('',*,*,#1010,.F.);
#1321=ORIENTED_EDGE('',*,*,#1037,.T.);
#1322=ORIENTED_EDGE('',*,*,#972,.F.);
#1323=ORIENTED_EDGE('',*,*,#1038,.F.);
#1324=ORIENTED_EDGE('',*,*,#1011,.F.);
#1325=ORIENTED_EDGE('',*,*,#1036,.T.);
#1326=ORIENTED_EDGE('',*,*,#971,.F.);
#1327=ORIENTED_EDGE('',*,*,#1037,.F.);
#1328=ORIENTED_EDGE('',*,*,#1009,.F.);
#1329=ORIENTED_EDGE('',*,*,#1026,.T.);
#1330=ORIENTED_EDGE('',*,*,#973,.F.);
#1331=ORIENTED_EDGE('',*,*,#1039,.T.);
#1332=ORIENTED_EDGE('',*,*,#1040,.F.);
#1333=ORIENTED_EDGE('',*,*,#1035,.F.);
#1334=ORIENTED_EDGE('',*,*,#1041,.T.);
#1335=ORIENTED_EDGE('',*,*,#1042,.T.);
#1336=ORIENTED_EDGE('',*,*,#1030,.T.);
#1337=ORIENTED_EDGE('',*,*,#1043,.F.);
#1338=ORIENTED_EDGE('',*,*,#1044,.F.);
#1339=ORIENTED_EDGE('',*,*,#982,.T.);
#1340=ORIENTED_EDGE('',*,*,#1040,.T.);
#1341=ORIENTED_EDGE('',*,*,#1045,.T.);
#1342=ORIENTED_EDGE('',*,*,#1043,.T.);
#1343=ORIENTED_EDGE('',*,*,#1000,.F.);
#1344=ORIENTED_EDGE('',*,*,#1042,.F.);
#1345=ORIENTED_EDGE('',*,*,#1046,.F.);
#1346=ORIENTED_EDGE('',*,*,#1041,.F.);
#1347=ORIENTED_EDGE('',*,*,#1047,.F.);
#1348=ORIENTED_EDGE('',*,*,#1044,.T.);
#1349=ORIENTED_EDGE('',*,*,#1048,.T.);
#1350=ORIENTED_EDGE('',*,*,#1049,.F.);
#1351=ORIENTED_EDGE('',*,*,#1039,.F.);
#1352=ORIENTED_EDGE('',*,*,#1050,.F.);
#1353=ORIENTED_EDGE('',*,*,#1051,.T.);
#1354=ORIENTED_EDGE('',*,*,#1052,.T.);
#1355=ORIENTED_EDGE('',*,*,#1048,.F.);
#1356=ORIENTED_EDGE('',*,*,#1045,.F.);
#1357=ORIENTED_EDGE('',*,*,#1052,.F.);
#1358=ORIENTED_EDGE('',*,*,#1053,.F.);
#1359=ORIENTED_EDGE('',*,*,#1054,.F.);
#1360=ORIENTED_EDGE('',*,*,#1055,.F.);
#1361=ORIENTED_EDGE('',*,*,#1056,.F.);
#1362=ORIENTED_EDGE('',*,*,#1057,.F.);
#1363=ORIENTED_EDGE('',*,*,#1058,.F.);
#1364=ORIENTED_EDGE('',*,*,#1059,.F.);
#1365=ORIENTED_EDGE('',*,*,#964,.F.);
#1366=ORIENTED_EDGE('',*,*,#1060,.F.);
#1367=ORIENTED_EDGE('',*,*,#956,.T.);
#1368=ORIENTED_EDGE('',*,*,#959,.T.);
#1369=ORIENTED_EDGE('',*,*,#966,.T.);
#1370=ORIENTED_EDGE('',*,*,#1061,.T.);
#1371=ORIENTED_EDGE('',*,*,#1062,.T.);
#1372=ORIENTED_EDGE('',*,*,#1063,.F.);
#1373=ORIENTED_EDGE('',*,*,#1064,.T.);
#1374=ORIENTED_EDGE('',*,*,#1065,.F.);
#1375=ORIENTED_EDGE('',*,*,#1066,.T.);
#1376=ORIENTED_EDGE('',*,*,#1067,.T.);
#1377=ORIENTED_EDGE('',*,*,#1050,.T.);
#1378=ORIENTED_EDGE('',*,*,#1046,.T.);
#1379=ORIENTED_EDGE('',*,*,#1047,.T.);
#1380=ORIENTED_EDGE('',*,*,#1068,.F.);
#1381=ORIENTED_EDGE('',*,*,#954,.F.);
#1382=ORIENTED_EDGE('',*,*,#957,.F.);
#1383=ORIENTED_EDGE('',*,*,#1069,.T.);
#1384=ORIENTED_EDGE('',*,*,#1070,.F.);
#1385=ORIENTED_EDGE('',*,*,#1025,.F.);
#1386=ORIENTED_EDGE('',*,*,#1024,.F.);
#1387=ORIENTED_EDGE('',*,*,#1071,.T.);
#1388=ORIENTED_EDGE('',*,*,#1072,.T.);
#1389=ORIENTED_EDGE('',*,*,#1028,.T.);
#1390=ORIENTED_EDGE('',*,*,#1073,.F.);
#1391=ORIENTED_EDGE('',*,*,#1074,.F.);
#1392=ORIENTED_EDGE('',*,*,#975,.T.);
#1393=ORIENTED_EDGE('',*,*,#1070,.T.);
#1394=ORIENTED_EDGE('',*,*,#1075,.F.);
#1395=ORIENTED_EDGE('',*,*,#1073,.T.);
#1396=ORIENTED_EDGE('',*,*,#1007,.F.);
#1397=ORIENTED_EDGE('',*,*,#1072,.F.);
#1398=ORIENTED_EDGE('',*,*,#1076,.F.);
#1399=ORIENTED_EDGE('',*,*,#1071,.F.);
#1400=ORIENTED_EDGE('',*,*,#1077,.T.);
#1401=ORIENTED_EDGE('',*,*,#1069,.F.);
#1402=ORIENTED_EDGE('',*,*,#1078,.F.);
#1403=ORIENTED_EDGE('',*,*,#1079,.F.);
#1404=ORIENTED_EDGE('',*,*,#1080,.F.);
#1405=ORIENTED_EDGE('',*,*,#1074,.T.);
#1406=ORIENTED_EDGE('',*,*,#1081,.T.);
#1407=ORIENTED_EDGE('',*,*,#1082,.F.);
#1408=ORIENTED_EDGE('',*,*,#1081,.F.);
#1409=ORIENTED_EDGE('',*,*,#1075,.T.);
#1410=ORIENTED_EDGE('',*,*,#1077,.F.);
#1411=ORIENTED_EDGE('',*,*,#1083,.F.);
#1412=ORIENTED_EDGE('',*,*,#1084,.F.);
#1413=ORIENTED_EDGE('',*,*,#1085,.F.);
#1414=ORIENTED_EDGE('',*,*,#1086,.T.);
#1415=ORIENTED_EDGE('',*,*,#1087,.F.);
#1416=ORIENTED_EDGE('',*,*,#1078,.T.);
#1417=ORIENTED_EDGE('',*,*,#1076,.T.);
#1418=ORIENTED_EDGE('',*,*,#1080,.T.);
#1419=ORIENTED_EDGE('',*,*,#1088,.F.);
#1420=ORIENTED_EDGE('',*,*,#1084,.T.);
#1421=ORIENTED_EDGE('',*,*,#1089,.F.);
#1422=ORIENTED_EDGE('',*,*,#1086,.F.);
#1423=ORIENTED_EDGE('',*,*,#1090,.F.);
#1424=ORIENTED_EDGE('',*,*,#1059,.T.);
#1425=ORIENTED_EDGE('',*,*,#1091,.F.);
#1426=ORIENTED_EDGE('',*,*,#1061,.F.);
#1427=ORIENTED_EDGE('',*,*,#965,.T.);
#1428=ORIENTED_EDGE('',*,*,#1053,.T.);
#1429=ORIENTED_EDGE('',*,*,#1051,.F.);
#1430=ORIENTED_EDGE('',*,*,#1067,.F.);
#1431=ORIENTED_EDGE('',*,*,#1092,.T.);
#1432=ORIENTED_EDGE('',*,*,#1054,.T.);
#1433=ORIENTED_EDGE('',*,*,#1092,.F.);
#1434=ORIENTED_EDGE('',*,*,#1066,.F.);
#1435=ORIENTED_EDGE('',*,*,#1093,.F.);
#1436=ORIENTED_EDGE('',*,*,#1062,.F.);
#1437=ORIENTED_EDGE('',*,*,#1091,.T.);
#1438=ORIENTED_EDGE('',*,*,#1058,.T.);
#1439=ORIENTED_EDGE('',*,*,#1094,.F.);
#1440=ORIENTED_EDGE('',*,*,#992,.T.);
#1441=ORIENTED_EDGE('',*,*,#1095,.F.);
#1442=ORIENTED_EDGE('',*,*,#1016,.F.);
#1443=ORIENTED_EDGE('',*,*,#1096,.F.);
#1444=ORIENTED_EDGE('',*,*,#1022,.F.);
#1445=ORIENTED_EDGE('',*,*,#1097,.F.);
#1446=ORIENTED_EDGE('',*,*,#994,.T.);
#1447=ORIENTED_EDGE('',*,*,#1098,.F.);
#1448=ORIENTED_EDGE('',*,*,#988,.T.);
#1449=ORIENTED_EDGE('',*,*,#1099,.F.);
#1450=ORIENTED_EDGE('',*,*,#1020,.F.);
#1451=ORIENTED_EDGE('',*,*,#1100,.F.);
#1452=ORIENTED_EDGE('',*,*,#990,.T.);
#1453=ORIENTED_EDGE('',*,*,#1101,.F.);
#1454=ORIENTED_EDGE('',*,*,#1018,.F.);
#1455=ORIENTED_EDGE('',*,*,#1102,.F.);
#1456=ORIENTED_EDGE('',*,*,#1014,.T.);
#1457=ORIENTED_EDGE('',*,*,#960,.F.);
#1458=ORIENTED_EDGE('',*,*,#968,.F.);
#1459=ORIENTED_EDGE('',*,*,#1103,.F.);
#1460=ORIENTED_EDGE('',*,*,#986,.F.);
#1461=ORIENTED_EDGE('',*,*,#1104,.F.);
#1462=ORIENTED_EDGE('',*,*,#996,.T.);
#1463=ORIENTED_EDGE('',*,*,#1105,.F.);
#1464=ORIENTED_EDGE('',*,*,#984,.F.);
#1465=ORIENTED_EDGE('',*,*,#1029,.T.);
#1466=ORIENTED_EDGE('',*,*,#998,.T.);
#1467=ORIENTED_EDGE('',*,*,#1106,.F.);
#1468=ORIENTED_EDGE('',*,*,#1064,.F.);
#1469=ORIENTED_EDGE('',*,*,#1107,.F.);
#1470=ORIENTED_EDGE('',*,*,#1056,.T.);
#1471=ORIENTED_EDGE('',*,*,#1108,.F.);
#1472=ORIENTED_EDGE('',*,*,#1060,.T.);
#1473=ORIENTED_EDGE('',*,*,#967,.T.);
#1474=ORIENTED_EDGE('',*,*,#1068,.T.);
#1475=ORIENTED_EDGE('',*,*,#1049,.T.);
#1476=ORIENTED_EDGE('',*,*,#1083,.T.);
#1477=ORIENTED_EDGE('',*,*,#1079,.T.);
#1478=ORIENTED_EDGE('',*,*,#1087,.T.);
#1479=ORIENTED_EDGE('',*,*,#1089,.T.);
#1480=ORIENTED_EDGE('',*,*,#1065,.T.);
#1481=ORIENTED_EDGE('',*,*,#1108,.T.);
#1482=ORIENTED_EDGE('',*,*,#1055,.T.);
#1483=ORIENTED_EDGE('',*,*,#1093,.T.);
#1484=ORIENTED_EDGE('',*,*,#1063,.T.);
#1485=ORIENTED_EDGE('',*,*,#1094,.T.);
#1486=ORIENTED_EDGE('',*,*,#1057,.T.);
#1487=ORIENTED_EDGE('',*,*,#1107,.T.);
#1488=ORIENTED_EDGE('',*,*,#993,.T.);
#1489=ORIENTED_EDGE('',*,*,#1096,.T.);
#1490=ORIENTED_EDGE('',*,*,#1023,.T.);
#1491=ORIENTED_EDGE('',*,*,#1098,.T.);
#1492=ORIENTED_EDGE('',*,*,#991,.T.);
#1493=ORIENTED_EDGE('',*,*,#1102,.T.);
#1494=ORIENTED_EDGE('',*,*,#1017,.T.);
#1495=ORIENTED_EDGE('',*,*,#1095,.T.);
#1496=ORIENTED_EDGE('',*,*,#989,.T.);
#1497=ORIENTED_EDGE('',*,*,#1100,.T.);
#1498=ORIENTED_EDGE('',*,*,#1019,.T.);
#1499=ORIENTED_EDGE('',*,*,#1101,.T.);
#1500=ORIENTED_EDGE('',*,*,#995,.T.);
#1501=ORIENTED_EDGE('',*,*,#1097,.T.);
#1502=ORIENTED_EDGE('',*,*,#1021,.T.);
#1503=ORIENTED_EDGE('',*,*,#1099,.T.);
#1504=ORIENTED_EDGE('',*,*,#978,.T.);
#1505=ORIENTED_EDGE('',*,*,#1033,.T.);
#1506=ORIENTED_EDGE('',*,*,#1004,.T.);
#1507=ORIENTED_EDGE('',*,*,#1032,.T.);
#1508=ORIENTED_EDGE('',*,*,#1085,.T.);
#1509=ORIENTED_EDGE('',*,*,#1090,.T.);
#1510=ORIENTED_EDGE('',*,*,#1088,.T.);
#1511=ORIENTED_EDGE('',*,*,#1082,.T.);
#1512=ORIENTED_EDGE('',*,*,#1109,.T.);
#1513=ORIENTED_EDGE('',*,*,#1110,.T.);
#1514=ORIENTED_EDGE('',*,*,#1111,.T.);
#1515=ORIENTED_EDGE('',*,*,#1112,.T.);
#1516=ORIENTED_EDGE('',*,*,#1113,.F.);
#1517=ORIENTED_EDGE('',*,*,#1114,.F.);
#1518=ORIENTED_EDGE('',*,*,#1115,.T.);
#1519=ORIENTED_EDGE('',*,*,#1112,.F.);
#1520=ORIENTED_EDGE('',*,*,#1115,.F.);
#1521=ORIENTED_EDGE('',*,*,#1116,.F.);
#1522=ORIENTED_EDGE('',*,*,#1117,.T.);
#1523=ORIENTED_EDGE('',*,*,#1118,.F.);
#1524=ORIENTED_EDGE('',*,*,#1109,.F.);
#1525=ORIENTED_EDGE('',*,*,#947,.T.);
#1526=ORIENTED_EDGE('',*,*,#950,.T.);
#1527=ORIENTED_EDGE('',*,*,#953,.T.);
#1528=ORIENTED_EDGE('',*,*,#1119,.F.);
#1529=ORIENTED_EDGE('',*,*,#1120,.F.);
#1530=ORIENTED_EDGE('',*,*,#1116,.T.);
#1531=ORIENTED_EDGE('',*,*,#1114,.T.);
#1532=ORIENTED_EDGE('',*,*,#1121,.T.);
#1533=ORIENTED_EDGE('',*,*,#1122,.T.);
#1534=ORIENTED_EDGE('',*,*,#1119,.T.);
#1535=ORIENTED_EDGE('',*,*,#1113,.T.);
#1536=ORIENTED_EDGE('',*,*,#1111,.F.);
#1537=ORIENTED_EDGE('',*,*,#945,.T.);
#1538=ORIENTED_EDGE('',*,*,#948,.T.);
#1539=ORIENTED_EDGE('',*,*,#951,.T.);
#1540=ORIENTED_EDGE('',*,*,#1118,.T.);
#1541=ORIENTED_EDGE('',*,*,#1123,.F.);
#1542=ORIENTED_EDGE('',*,*,#1121,.F.);
#1543=ORIENTED_EDGE('',*,*,#1110,.F.);
#1544=ORIENTED_EDGE('',*,*,#1123,.T.);
#1545=ORIENTED_EDGE('',*,*,#1124,.T.);
#1546=ORIENTED_EDGE('',*,*,#962,.F.);
#1547=ORIENTED_EDGE('',*,*,#1125,.F.);
#1548=ORIENTED_EDGE('',*,*,#1126,.F.);
#1549=ORIENTED_EDGE('',*,*,#1127,.T.);
#1550=ORIENTED_EDGE('',*,*,#1128,.T.);
#1551=ORIENTED_EDGE('',*,*,#1120,.T.);
#1552=ORIENTED_EDGE('',*,*,#969,.T.);
#1553=ORIENTED_EDGE('',*,*,#1124,.F.);
#1554=ORIENTED_EDGE('',*,*,#1117,.F.);
#1555=ORIENTED_EDGE('',*,*,#1128,.F.);
#1556=ORIENTED_EDGE('',*,*,#1013,.F.);
#1557=ORIENTED_EDGE('',*,*,#1126,.T.);
#1558=ORIENTED_EDGE('',*,*,#1122,.F.);
#1559=ORIENTED_EDGE('',*,*,#1125,.T.);
#1560=ORIENTED_EDGE('',*,*,#1129,.T.);
#1561=ORIENTED_EDGE('',*,*,#1130,.T.);
#1562=ORIENTED_EDGE('',*,*,#1127,.F.);
#1563=ORIENTED_EDGE('',*,*,#1131,.F.);
#1564=ORIENTED_EDGE('',*,*,#1132,.F.);
#1565=ORIENTED_EDGE('',*,*,#1038,.T.);
#1566=ORIENTED_EDGE('',*,*,#1133,.T.);
#1567=ORIENTED_EDGE('',*,*,#1134,.F.);
#1568=ORIENTED_EDGE('',*,*,#970,.T.);
#1569=ORIENTED_EDGE('',*,*,#1130,.F.);
#1570=ORIENTED_EDGE('',*,*,#1135,.F.);
#1571=ORIENTED_EDGE('',*,*,#1133,.F.);
#1572=ORIENTED_EDGE('',*,*,#1012,.F.);
#1573=ORIENTED_EDGE('',*,*,#1132,.T.);
#1574=ORIENTED_EDGE('',*,*,#1136,.F.);
#1575=ORIENTED_EDGE('',*,*,#1131,.T.);
#1576=ORIENTED_EDGE('',*,*,#1137,.T.);
#1577=ORIENTED_EDGE('',*,*,#1138,.F.);
#1578=ORIENTED_EDGE('',*,*,#1139,.F.);
#1579=ORIENTED_EDGE('',*,*,#1140,.F.);
#1580=ORIENTED_EDGE('',*,*,#1141,.T.);
#1581=ORIENTED_EDGE('',*,*,#1140,.T.);
#1582=ORIENTED_EDGE('',*,*,#1142,.T.);
#1583=ORIENTED_EDGE('',*,*,#1143,.T.);
#1584=ORIENTED_EDGE('',*,*,#1144,.F.);
#1585=ORIENTED_EDGE('',*,*,#1135,.T.);
#1586=ORIENTED_EDGE('',*,*,#1145,.T.);
#1587=ORIENTED_EDGE('',*,*,#1137,.F.);
#1588=ORIENTED_EDGE('',*,*,#1141,.F.);
#1589=ORIENTED_EDGE('',*,*,#933,.F.);
#1590=ORIENTED_EDGE('',*,*,#936,.F.);
#1591=ORIENTED_EDGE('',*,*,#939,.F.);
#1592=ORIENTED_EDGE('',*,*,#942,.F.);
#1593=ORIENTED_EDGE('',*,*,#1146,.F.);
#1594=ORIENTED_EDGE('',*,*,#1134,.T.);
#1595=ORIENTED_EDGE('',*,*,#1144,.T.);
#1596=ORIENTED_EDGE('',*,*,#1143,.F.);
#1597=ORIENTED_EDGE('',*,*,#1139,.T.);
#1598=ORIENTED_EDGE('',*,*,#1147,.F.);
#1599=ORIENTED_EDGE('',*,*,#1136,.T.);
#1600=ORIENTED_EDGE('',*,*,#1146,.T.);
#1601=ORIENTED_EDGE('',*,*,#1142,.F.);
#1602=ORIENTED_EDGE('',*,*,#935,.T.);
#1603=ORIENTED_EDGE('',*,*,#938,.T.);
#1604=ORIENTED_EDGE('',*,*,#941,.T.);
#1605=ORIENTED_EDGE('',*,*,#944,.T.);
#1606=ORIENTED_EDGE('',*,*,#1145,.F.);
#1607=ORIENTED_EDGE('',*,*,#1129,.F.);
#1608=ORIENTED_EDGE('',*,*,#1147,.T.);
#1609=ORIENTED_EDGE('',*,*,#1138,.T.);
#1610=ORIENTED_EDGE('',*,*,#987,.T.);
#1611=ORIENTED_EDGE('',*,*,#1105,.T.);
#1612=ORIENTED_EDGE('',*,*,#1015,.T.);
#1613=ORIENTED_EDGE('',*,*,#1103,.T.);
#1614=ORIENTED_EDGE('',*,*,#985,.T.);
#1615=ORIENTED_EDGE('',*,*,#1106,.T.);
#1616=ORIENTED_EDGE('',*,*,#997,.T.);
#1617=ORIENTED_EDGE('',*,*,#1104,.T.);
#1618=ORIENTED_EDGE('',*,*,#1148,.F.);
#1619=ORIENTED_EDGE('',*,*,#1149,.T.);
#1620=ORIENTED_EDGE('',*,*,#1150,.F.);
#1621=ORIENTED_EDGE('',*,*,#1149,.F.);
#1622=ORIENTED_EDGE('',*,*,#1151,.F.);
#1623=ORIENTED_EDGE('',*,*,#1152,.F.);
#1624=ORIENTED_EDGE('',*,*,#1153,.T.);
#1625=ORIENTED_EDGE('',*,*,#1154,.F.);
#1626=ORIENTED_EDGE('',*,*,#1153,.F.);
#1627=ORIENTED_EDGE('',*,*,#1151,.T.);
#1628=ORIENTED_EDGE('',*,*,#1152,.T.);
#1629=ORIENTED_EDGE('',*,*,#1155,.T.);
#1630=ORIENTED_EDGE('',*,*,#1156,.F.);
#1631=ORIENTED_EDGE('',*,*,#1155,.F.);
#1632=ORIENTED_EDGE('',*,*,#1157,.F.);
#1633=ORIENTED_EDGE('',*,*,#1158,.T.);
#1634=ORIENTED_EDGE('',*,*,#1159,.F.);
#1635=ORIENTED_EDGE('',*,*,#1158,.F.);
#1636=ORIENTED_EDGE('',*,*,#1160,.F.);
#1637=ORIENTED_EDGE('',*,*,#1161,.T.);
#1638=ORIENTED_EDGE('',*,*,#1162,.T.);
#1639=ORIENTED_EDGE('',*,*,#1161,.F.);
#1640=ORIENTED_EDGE('',*,*,#1163,.F.);
#1641=ORIENTED_EDGE('',*,*,#1164,.T.);
#1642=ORIENTED_EDGE('',*,*,#1148,.T.);
#1643=ORIENTED_EDGE('',*,*,#1164,.F.);
#1644=ORIENTED_EDGE('',*,*,#1154,.T.);
#1645=ORIENTED_EDGE('',*,*,#1165,.T.);
#1646=ORIENTED_EDGE('',*,*,#1166,.T.);
#1647=ORIENTED_EDGE('',*,*,#1165,.F.);
#1648=ORIENTED_EDGE('',*,*,#1167,.F.);
#1649=ORIENTED_EDGE('',*,*,#1168,.T.);
#1650=ORIENTED_EDGE('',*,*,#1169,.T.);
#1651=ORIENTED_EDGE('',*,*,#1170,.T.);
#1652=ORIENTED_EDGE('',*,*,#1168,.F.);
#1653=ORIENTED_EDGE('',*,*,#1171,.T.);
#1654=ORIENTED_EDGE('',*,*,#1172,.T.);
#1655=ORIENTED_EDGE('',*,*,#1169,.F.);
#1656=ORIENTED_EDGE('',*,*,#1170,.F.);
#1657=ORIENTED_EDGE('',*,*,#1172,.F.);
#1658=ORIENTED_EDGE('',*,*,#1173,.T.);
#1659=ORIENTED_EDGE('',*,*,#1171,.F.);
#1660=ORIENTED_EDGE('',*,*,#1174,.T.);
#1661=ORIENTED_EDGE('',*,*,#1175,.T.);
#1662=ORIENTED_EDGE('',*,*,#1174,.F.);
#1663=ORIENTED_EDGE('',*,*,#1173,.F.);
#1664=ORIENTED_EDGE('',*,*,#1159,.T.);
#1665=ORIENTED_EDGE('',*,*,#1167,.T.);
#1666=ORIENTED_EDGE('',*,*,#1157,.T.);
#1667=ORIENTED_EDGE('',*,*,#1166,.F.);
#1668=ORIENTED_EDGE('',*,*,#1156,.T.);
#1669=ORIENTED_EDGE('',*,*,#1150,.T.);
#1670=ORIENTED_EDGE('',*,*,#1162,.F.);
#1671=ORIENTED_EDGE('',*,*,#1163,.T.);
#1672=ORIENTED_EDGE('',*,*,#1175,.F.);
#1673=ORIENTED_EDGE('',*,*,#1160,.T.);
#1674=CYLINDRICAL_SURFACE('',#1841,2.09999999999999);
#1675=CYLINDRICAL_SURFACE('',#1844,2.09999999999999);
#1676=CYLINDRICAL_SURFACE('',#1847,1.99999999999999);
#1677=CYLINDRICAL_SURFACE('',#1850,1.99999999999999);
#1678=CYLINDRICAL_SURFACE('',#1853,1.99999999999999);
#1679=CYLINDRICAL_SURFACE('',#1856,1.99999999999999);
#1680=CYLINDRICAL_SURFACE('',#1859,3.04999999999998);
#1681=CYLINDRICAL_SURFACE('',#1862,3.04999999999999);
#1682=CYLINDRICAL_SURFACE('',#1865,3.04999999999999);
#1683=CYLINDRICAL_SURFACE('',#1868,3.05);
#1684=CYLINDRICAL_SURFACE('',#1871,3.05);
#1685=CYLINDRICAL_SURFACE('',#1908,2.70000000000001);
#1686=CYLINDRICAL_SURFACE('',#1909,1.5);
#1687=CYLINDRICAL_SURFACE('',#1927,2.70000000000001);
#1688=CYLINDRICAL_SURFACE('',#1928,1.5);
#1689=CYLINDRICAL_SURFACE('',#1938,3.75);
#1690=CYLINDRICAL_SURFACE('',#1939,15.);
#1691=CYLINDRICAL_SURFACE('',#1950,3.);
#1692=CYLINDRICAL_SURFACE('',#1951,3.);
#1693=CYLINDRICAL_SURFACE('',#1952,3.);
#1694=CYLINDRICAL_SURFACE('',#1953,3.);
#1695=CYLINDRICAL_SURFACE('',#1954,3.);
#1696=CYLINDRICAL_SURFACE('',#1955,3.);
#1697=CYLINDRICAL_SURFACE('',#1956,3.);
#1698=CYLINDRICAL_SURFACE('',#1957,3.);
#1699=CYLINDRICAL_SURFACE('',#1958,15.);
#1700=CYLINDRICAL_SURFACE('',#1959,15.);
#1701=CYLINDRICAL_SURFACE('',#1960,3.);
#1702=CYLINDRICAL_SURFACE('',#1971,2.7);
#1703=CYLINDRICAL_SURFACE('',#1972,1.5);
#1704=CYLINDRICAL_SURFACE('',#1973,2.7);
#1705=CYLINDRICAL_SURFACE('',#1974,1.5);
#1706=CYLINDRICAL_SURFACE('',#1976,15.);
#1707=CYLINDRICAL_SURFACE('',#1983,2.);
#1708=CYLINDRICAL_SURFACE('',#1984,2.);
#1709=CYLINDRICAL_SURFACE('',#1999,2.25);
#1710=CYLINDRICAL_SURFACE('',#2002,1.65);
#1711=CYLINDRICAL_SURFACE('',#2004,3.);
#1712=CYLINDRICAL_SURFACE('',#2006,3.);
#1713=ADVANCED_FACE('',(#142),#1674,.F.);
#1714=ADVANCED_FACE('',(#143),#1675,.F.);
#1715=ADVANCED_FACE('',(#144),#1676,.F.);
#1716=ADVANCED_FACE('',(#145),#1677,.F.);
#1717=ADVANCED_FACE('',(#146),#1678,.F.);
#1718=ADVANCED_FACE('',(#147),#1679,.F.);
#1719=ADVANCED_FACE('',(#148),#1680,.F.);
#1720=ADVANCED_FACE('',(#149),#1681,.F.);
#1721=ADVANCED_FACE('',(#150),#1682,.F.);
#1722=ADVANCED_FACE('',(#151),#1683,.F.);
#1723=ADVANCED_FACE('',(#152),#1684,.F.);
#1724=ADVANCED_FACE('',(#153),#90,.T.);
#1725=ADVANCED_FACE('',(#154),#91,.F.);
#1726=ADVANCED_FACE('',(#155,#61,#62,#63),#92,.F.);
#1727=ADVANCED_FACE('',(#156,#64,#65,#66),#93,.T.);
#1728=ADVANCED_FACE('',(#157),#94,.T.);
#1729=ADVANCED_FACE('',(#158),#95,.T.);
#1730=ADVANCED_FACE('',(#159),#96,.T.);
#1731=ADVANCED_FACE('',(#160),#97,.T.);
#1732=ADVANCED_FACE('',(#161),#98,.T.);
#1733=ADVANCED_FACE('',(#162),#99,.T.);
#1734=ADVANCED_FACE('',(#163),#100,.T.);
#1735=ADVANCED_FACE('',(#164),#101,.T.);
#1736=ADVANCED_FACE('',(#165),#102,.T.);
#1737=ADVANCED_FACE('',(#166),#103,.T.);
#1738=ADVANCED_FACE('',(#167),#104,.T.);
#1739=ADVANCED_FACE('',(#168),#105,.F.);
#1740=ADVANCED_FACE('',(#169),#1685,.T.);
#1741=ADVANCED_FACE('',(#170),#1686,.F.);
#1742=ADVANCED_FACE('',(#171),#106,.F.);
#1743=ADVANCED_FACE('',(#172),#107,.F.);
#1744=ADVANCED_FACE('',(#173,#67,#68),#108,.T.);
#1745=ADVANCED_FACE('',(#174,#69,#70),#109,.F.);
#1746=ADVANCED_FACE('',(#175),#57,.T.);
#1747=ADVANCED_FACE('',(#176),#110,.F.);
#1748=ADVANCED_FACE('',(#177),#1687,.T.);
#1749=ADVANCED_FACE('',(#178),#1688,.F.);
#1750=ADVANCED_FACE('',(#179),#111,.F.);
#1751=ADVANCED_FACE('',(#180),#112,.F.);
#1752=ADVANCED_FACE('',(#181),#113,.F.);
#1753=ADVANCED_FACE('',(#182),#114,.T.);
#1754=ADVANCED_FACE('',(#183),#115,.F.);
#1755=ADVANCED_FACE('',(#184),#1689,.F.);
#1756=ADVANCED_FACE('',(#185),#1690,.T.);
#1757=ADVANCED_FACE('',(#186),#116,.T.);
#1758=ADVANCED_FACE('',(#187),#117,.T.);
#1759=ADVANCED_FACE('',(#188),#118,.F.);
#1760=ADVANCED_FACE('',(#189),#119,.F.);
#1761=ADVANCED_FACE('',(#190),#120,.F.);
#1762=ADVANCED_FACE('',(#191),#121,.F.);
#1763=ADVANCED_FACE('',(#192),#122,.T.);
#1764=ADVANCED_FACE('',(#193),#123,.T.);
#1765=ADVANCED_FACE('',(#194),#124,.T.);
#1766=ADVANCED_FACE('',(#195),#125,.T.);
#1767=ADVANCED_FACE('',(#196),#1691,.T.);
#1768=ADVANCED_FACE('',(#197),#1692,.T.);
#1769=ADVANCED_FACE('',(#198),#1693,.T.);
#1770=ADVANCED_FACE('',(#199),#1694,.T.);
#1771=ADVANCED_FACE('',(#200),#1695,.F.);
#1772=ADVANCED_FACE('',(#201),#1696,.F.);
#1773=ADVANCED_FACE('',(#202),#1697,.F.);
#1774=ADVANCED_FACE('',(#203),#1698,.F.);
#1775=ADVANCED_FACE('',(#204),#1699,.T.);
#1776=ADVANCED_FACE('',(#205),#1700,.T.);
#1777=ADVANCED_FACE('',(#206),#1701,.T.);
#1778=ADVANCED_FACE('',(#207),#126,.F.);
#1779=ADVANCED_FACE('',(#208,#71,#72,#73),#127,.F.);
#1780=ADVANCED_FACE('',(#209),#128,.F.);
#1781=ADVANCED_FACE('',(#210,#74,#75,#76),#129,.T.);
#1782=ADVANCED_FACE('',(#211),#130,.F.);
#1783=ADVANCED_FACE('',(#212),#131,.T.);
#1784=ADVANCED_FACE('',(#213),#58,.F.);
#1785=ADVANCED_FACE('',(#214),#1702,.T.);
#1786=ADVANCED_FACE('',(#215),#1703,.F.);
#1787=ADVANCED_FACE('',(#216),#59,.F.);
#1788=ADVANCED_FACE('',(#217),#60,.F.);
#1789=ADVANCED_FACE('',(#218),#1704,.T.);
#1790=ADVANCED_FACE('',(#219),#1705,.F.);
#1791=ADVANCED_FACE('',(#220),#132,.F.);
#1792=ADVANCED_FACE('',(#221),#1706,.T.);
#1793=ADVANCED_FACE('',(#222,#77,#78,#79,#80),#133,.F.);
#1794=ADVANCED_FACE('',(#223),#134,.F.);
#1795=ADVANCED_FACE('',(#224,#81,#82,#83,#84),#135,.T.);
#1796=ADVANCED_FACE('',(#225),#136,.F.);
#1797=ADVANCED_FACE('',(#226),#1707,.T.);
#1798=ADVANCED_FACE('',(#227),#1708,.T.);
#1799=ADVANCED_FACE('',(#228),#38,.F.);
#1800=ADVANCED_FACE('',(#229),#37,.F.);
#1801=ADVANCED_FACE('',(#230),#39,.T.);
#1802=ADVANCED_FACE('',(#231),#35,.T.);
#1803=ADVANCED_FACE('',(#232),#1709,.F.);
#1804=ADVANCED_FACE('',(#233),#1710,.F.);
#1805=ADVANCED_FACE('',(#234),#1711,.T.);
#1806=ADVANCED_FACE('',(#235),#1712,.T.);
#1807=ADVANCED_FACE('',(#236),#40,.T.);
#1808=ADVANCED_FACE('',(#237),#36,.T.);
#1809=ADVANCED_FACE('',(#238,#85),#137,.T.);
#1810=ADVANCED_FACE('',(#239,#86),#138,.T.);
#1811=ADVANCED_FACE('',(#240,#87),#139,.T.);
#1812=ADVANCED_FACE('',(#241,#88),#140,.T.);
#1813=ADVANCED_FACE('',(#242,#89),#141,.T.);
#1814=CLOSED_SHELL('',(#1713,#1714,#1715,#1716,#1717,#1718,#1719,#1720,
#1721,#1722,#1723,#1724,#1725,#1726,#1727,#1728,#1729,#1730,#1731,#1732,
#1733,#1734,#1735,#1736,#1737,#1738,#1739,#1740,#1741,#1742,#1743,#1744,
#1745,#1746,#1747,#1748,#1749,#1750,#1751,#1752,#1753,#1754,#1755,#1756,
#1757,#1758,#1759,#1760,#1761,#1762,#1763,#1764,#1765,#1766,#1767,#1768,
#1769,#1770,#1771,#1772,#1773,#1774,#1775,#1776,#1777,#1778,#1779,#1780,
#1781,#1782,#1783,#1784,#1785,#1786,#1787,#1788,#1789,#1790,#1791,#1792,
#1793,#1794,#1795,#1796,#1797,#1798));
#1815=CLOSED_SHELL('',(#1799,#1800,#1801,#1802,#1803,#1804,#1805,#1806,
#1807,#1808,#1809,#1810,#1811,#1812,#1813));
#1816=DERIVED_UNIT_ELEMENT(#1820,1.);
#1817=DERIVED_UNIT_ELEMENT(#3459,-3.);
#1818=DERIVED_UNIT_ELEMENT(#1820,1.);
#1819=DERIVED_UNIT_ELEMENT(#3459,-3.);
#1820=(
MASS_UNIT()
NAMED_UNIT(*)
SI_UNIT(.KILO.,.GRAM.)
);
#1821=DERIVED_UNIT((#1816,#1817));
#1822=DERIVED_UNIT((#1818,#1819));
#1823=MEASURE_REPRESENTATION_ITEM('density measure',
POSITIVE_RATIO_MEASURE(7850.),#1821);
#1824=MEASURE_REPRESENTATION_ITEM('density measure',
POSITIVE_RATIO_MEASURE(7850.),#1822);
#1825=PROPERTY_DEFINITION_REPRESENTATION(#1835,#1829);
#1826=PROPERTY_DEFINITION_REPRESENTATION(#1836,#1830);
#1827=PROPERTY_DEFINITION_REPRESENTATION(#1837,#1831);
#1828=PROPERTY_DEFINITION_REPRESENTATION(#1838,#1832);
#1829=REPRESENTATION('material name',(#1833),#3455);
#1830=REPRESENTATION('density',(#1823),#3455);
#1831=REPRESENTATION('material name',(#1834),#3456);
#1832=REPRESENTATION('density',(#1824),#3456);
#1833=DESCRIPTIVE_REPRESENTATION_ITEM('Steel','Steel');
#1834=DESCRIPTIVE_REPRESENTATION_ITEM('Steel','Steel');
#1835=PROPERTY_DEFINITION('material property','material name',#3479);
#1836=PROPERTY_DEFINITION('material property','density of part',#3479);
#1837=PROPERTY_DEFINITION('material property','material name',#3480);
#1838=PROPERTY_DEFINITION('material property','density of part',#3480);
#1839=AXIS2_PLACEMENT_3D('',#2561,#2027,#2028);
#1840=AXIS2_PLACEMENT_3D('',#2562,#2029,#2030);
#1841=AXIS2_PLACEMENT_3D('',#2563,#2031,#2032);
#1842=AXIS2_PLACEMENT_3D('',#2565,#2033,#2034);
#1843=AXIS2_PLACEMENT_3D('',#2568,#2036,#2037);
#1844=AXIS2_PLACEMENT_3D('',#2569,#2038,#2039);
#1845=AXIS2_PLACEMENT_3D('',#2571,#2040,#2041);
#1846=AXIS2_PLACEMENT_3D('',#2574,#2043,#2044);
#1847=AXIS2_PLACEMENT_3D('',#2575,#2045,#2046);
#1848=AXIS2_PLACEMENT_3D('',#2577,#2047,#2048);
#1849=AXIS2_PLACEMENT_3D('',#2580,#2050,#2051);
#1850=AXIS2_PLACEMENT_3D('',#2581,#2052,#2053);
#1851=AXIS2_PLACEMENT_3D('',#2583,#2054,#2055);
#1852=AXIS2_PLACEMENT_3D('',#2586,#2057,#2058);
#1853=AXIS2_PLACEMENT_3D('',#2587,#2059,#2060);
#1854=AXIS2_PLACEMENT_3D('',#2589,#2061,#2062);
#1855=AXIS2_PLACEMENT_3D('',#2592,#2064,#2065);
#1856=AXIS2_PLACEMENT_3D('',#2593,#2066,#2067);
#1857=AXIS2_PLACEMENT_3D('',#2595,#2068,#2069);
#1858=AXIS2_PLACEMENT_3D('',#2598,#2071,#2072);
#1859=AXIS2_PLACEMENT_3D('',#2599,#2073,#2074);
#1860=AXIS2_PLACEMENT_3D('',#2601,#2075,#2076);
#1861=AXIS2_PLACEMENT_3D('',#2604,#2078,#2079);
#1862=AXIS2_PLACEMENT_3D('',#2605,#2080,#2081);
#1863=AXIS2_PLACEMENT_3D('',#2607,#2082,#2083);
#1864=AXIS2_PLACEMENT_3D('',#2610,#2085,#2086);
#1865=AXIS2_PLACEMENT_3D('',#2611,#2087,#2088);
#1866=AXIS2_PLACEMENT_3D('',#2613,#2089,#2090);
#1867=AXIS2_PLACEMENT_3D('',#2616,#2092,#2093);
#1868=AXIS2_PLACEMENT_3D('',#2617,#2094,#2095);
#1869=AXIS2_PLACEMENT_3D('',#2619,#2096,#2097);
#1870=AXIS2_PLACEMENT_3D('',#2622,#2099,#2100);
#1871=AXIS2_PLACEMENT_3D('',#2623,#2101,#2102);
#1872=AXIS2_PLACEMENT_3D('',#2625,#2103,#2104);
#1873=AXIS2_PLACEMENT_3D('',#2628,#2106,#2107);
#1874=AXIS2_PLACEMENT_3D('',#2629,#2108,#2109);
#1875=AXIS2_PLACEMENT_3D('',#2638,#2114,#2115);
#1876=AXIS2_PLACEMENT_3D('',#2647,#2120,#2121);
#1877=AXIS2_PLACEMENT_3D('',#2669,#2132,#2133);
#1878=AXIS2_PLACEMENT_3D('',#2683,#2140,#2141);
#1879=AXIS2_PLACEMENT_3D('',#2686,#2143,#2144);
#1880=AXIS2_PLACEMENT_3D('',#2691,#2146,#2147);
#1881=AXIS2_PLACEMENT_3D('',#2695,#2149,#2150);
#1882=AXIS2_PLACEMENT_3D('',#2699,#2152,#2153);
#1883=AXIS2_PLACEMENT_3D('',#2702,#2155,#2156);
#1884=AXIS2_PLACEMENT_3D('',#2703,#2157,#2158);
#1885=AXIS2_PLACEMENT_3D('',#2708,#2160,#2161);
#1886=AXIS2_PLACEMENT_3D('',#2722,#2168,#2169);
#1887=AXIS2_PLACEMENT_3D('',#2742,#2180,#2181);
#1888=AXIS2_PLACEMENT_3D('',#2747,#2183,#2184);
#1889=AXIS2_PLACEMENT_3D('',#2751,#2186,#2187);
#1890=AXIS2_PLACEMENT_3D('',#2755,#2189,#2190);
#1891=AXIS2_PLACEMENT_3D('',#2758,#2192,#2193);
#1892=AXIS2_PLACEMENT_3D('',#2759,#2194,#2195);
#1893=AXIS2_PLACEMENT_3D('',#2764,#2199,#2200);
#1894=AXIS2_PLACEMENT_3D('',#2767,#2203,#2204);
#1895=AXIS2_PLACEMENT_3D('',#2770,#2207,#2208);
#1896=AXIS2_PLACEMENT_3D('',#2773,#2211,#2212);
#1897=AXIS2_PLACEMENT_3D('',#2775,#2214,#2215);
#1898=AXIS2_PLACEMENT_3D('',#2778,#2218,#2219);
#1899=AXIS2_PLACEMENT_3D('',#2779,#2220,#2221);
#1900=AXIS2_PLACEMENT_3D('',#2782,#2224,#2225);
#1901=AXIS2_PLACEMENT_3D('',#2784,#2227,#2228);
#1902=AXIS2_PLACEMENT_3D('',#2785,#2229,#2230);
#1903=AXIS2_PLACEMENT_3D('',#2789,#2232,#2233);
#1904=AXIS2_PLACEMENT_3D('',#2790,#2234,#2235);
#1905=AXIS2_PLACEMENT_3D('',#2791,#2236,#2237);
#1906=AXIS2_PLACEMENT_3D('',#2793,#2238,#2239);
#1907=AXIS2_PLACEMENT_3D('',#2795,#2240,#2241);
#1908=AXIS2_PLACEMENT_3D('',#2797,#2243,#2244);
#1909=AXIS2_PLACEMENT_3D('',#2799,#2246,#2247);
#1910=AXIS2_PLACEMENT_3D('',#2801,#2249,#2250);
#1911=AXIS2_PLACEMENT_3D('',#2807,#2254,#2255);
#1912=AXIS2_PLACEMENT_3D('',#2813,#2259,#2260);
#1913=AXIS2_PLACEMENT_3D('',#2815,#2261,#2262);
#1914=AXIS2_PLACEMENT_3D('',#2819,#2264,#2265);
#1915=AXIS2_PLACEMENT_3D('',#2823,#2267,#2268);
#1916=AXIS2_PLACEMENT_3D('',#2826,#2270,#2271);
#1917=AXIS2_PLACEMENT_3D('',#2827,#2272,#2273);
#1918=AXIS2_PLACEMENT_3D('',#2828,#2274,#2275);
#1919=AXIS2_PLACEMENT_3D('',#2830,#2276,#2277);
#1920=AXIS2_PLACEMENT_3D('',#2834,#2279,#2280);
#1921=AXIS2_PLACEMENT_3D('',#2838,#2282,#2283);
#1922=AXIS2_PLACEMENT_3D('',#2841,#2285,#2286);
#1923=AXIS2_PLACEMENT_3D('',#2842,#2287,#2288);
#1924=AXIS2_PLACEMENT_3D('',#2999,#2290,#2291);
#1925=AXIS2_PLACEMENT_3D('',#3001,#2292,#2293);
#1926=AXIS2_PLACEMENT_3D('',#3003,#2294,#2295);
#1927=AXIS2_PLACEMENT_3D('',#3005,#2297,#2298);
#1928=AXIS2_PLACEMENT_3D('',#3007,#2300,#2301);
#1929=AXIS2_PLACEMENT_3D('',#3009,#2303,#2304);
#1930=AXIS2_PLACEMENT_3D('',#3015,#2308,#2309);
#1931=AXIS2_PLACEMENT_3D('',#3021,#2313,#2314);
#1932=AXIS2_PLACEMENT_3D('',#3023,#2315,#2316);
#1933=AXIS2_PLACEMENT_3D('',#3026,#2318,#2319);
#1934=AXIS2_PLACEMENT_3D('',#3027,#2320,#2321);
#1935=AXIS2_PLACEMENT_3D('',#3031,#2323,#2324);
#1936=AXIS2_PLACEMENT_3D('',#3032,#2325,#2326);
#1937=AXIS2_PLACEMENT_3D('',#3033,#2327,#2328);
#1938=AXIS2_PLACEMENT_3D('',#3036,#2331,#2332);
#1939=AXIS2_PLACEMENT_3D('',#3038,#2334,#2335);
#1940=AXIS2_PLACEMENT_3D('',#3040,#2337,#2338);
#1941=AXIS2_PLACEMENT_3D('',#3042,#2340,#2341);
#1942=AXIS2_PLACEMENT_3D('',#3044,#2343,#2344);
#1943=AXIS2_PLACEMENT_3D('',#3047,#2347,#2348);
#1944=AXIS2_PLACEMENT_3D('',#3050,#2351,#2352);
#1945=AXIS2_PLACEMENT_3D('',#3053,#2355,#2356);
#1946=AXIS2_PLACEMENT_3D('',#3056,#2359,#2360);
#1947=AXIS2_PLACEMENT_3D('',#3058,#2362,#2363);
#1948=AXIS2_PLACEMENT_3D('',#3061,#2366,#2367);
#1949=AXIS2_PLACEMENT_3D('',#3063,#2369,#2370);
#1950=AXIS2_PLACEMENT_3D('',#3066,#2373,#2374);
#1951=AXIS2_PLACEMENT_3D('',#3067,#2375,#2376);
#1952=AXIS2_PLACEMENT_3D('',#3068,#2377,#2378);
#1953=AXIS2_PLACEMENT_3D('',#3069,#2379,#2380);
#1954=AXIS2_PLACEMENT_3D('',#3070,#2381,#2382);
#1955=AXIS2_PLACEMENT_3D('',#3071,#2383,#2384);
#1956=AXIS2_PLACEMENT_3D('',#3072,#2385,#2386);
#1957=AXIS2_PLACEMENT_3D('',#3073,#2387,#2388);
#1958=AXIS2_PLACEMENT_3D('',#3074,#2389,#2390);
#1959=AXIS2_PLACEMENT_3D('',#3075,#2391,#2392);
#1960=AXIS2_PLACEMENT_3D('',#3076,#2393,#2394);
#1961=AXIS2_PLACEMENT_3D('',#3079,#2395,#2396);
#1962=AXIS2_PLACEMENT_3D('',#3083,#2398,#2399);
#1963=AXIS2_PLACEMENT_3D('',#3085,#2401,#2402);
#1964=AXIS2_PLACEMENT_3D('',#3091,#2406,#2407);
#1965=AXIS2_PLACEMENT_3D('',#3097,#2411,#2412);
#1966=AXIS2_PLACEMENT_3D('',#3101,#2415,#2416);
#1967=AXIS2_PLACEMENT_3D('',#3105,#2419,#2420);
#1968=AXIS2_PLACEMENT_3D('',#3107,#2422,#2423);
#1969=AXIS2_PLACEMENT_3D('',#3108,#2424,#2425);
#1970=AXIS2_PLACEMENT_3D('',#3109,#2426,#2427);
#1971=AXIS2_PLACEMENT_3D('',#3179,#2429,#2430);
#1972=AXIS2_PLACEMENT_3D('',#3180,#2431,#2432);
#1973=AXIS2_PLACEMENT_3D('',#3327,#2435,#2436);
#1974=AXIS2_PLACEMENT_3D('',#3329,#2438,#2439);
#1975=AXIS2_PLACEMENT_3D('',#3331,#2441,#2442);
#1976=AXIS2_PLACEMENT_3D('',#3340,#2447,#2448);
#1977=AXIS2_PLACEMENT_3D('',#3342,#2449,#2450);
#1978=AXIS2_PLACEMENT_3D('',#3344,#2451,#2452);
#1979=AXIS2_PLACEMENT_3D('',#3346,#2454,#2455);
#1980=AXIS2_PLACEMENT_3D('',#3349,#2458,#2459);
#1981=AXIS2_PLACEMENT_3D('',#3351,#2461,#2462);
#1982=AXIS2_PLACEMENT_3D('',#3353,#2464,#2465);
#1983=AXIS2_PLACEMENT_3D('',#3354,#2466,#2467);
#1984=AXIS2_PLACEMENT_3D('',#3355,#2468,#2469);
#1985=AXIS2_PLACEMENT_3D('',#3356,#2470,#2471);
#1986=AXIS2_PLACEMENT_3D('',#3357,#2472,#2473);
#1987=AXIS2_PLACEMENT_3D('',#3359,#2474,#2475);
#1988=AXIS2_PLACEMENT_3D('',#3362,#2477,#2478);
#1989=AXIS2_PLACEMENT_3D('',#3392,#2479,#2480);
#1990=AXIS2_PLACEMENT_3D('',#3393,#2481,#2482);
#1991=AXIS2_PLACEMENT_3D('',#3395,#2483,#2484);
#1992=AXIS2_PLACEMENT_3D('',#3396,#2485,#2486);
#1993=AXIS2_PLACEMENT_3D('',#3397,#2487,#2488);
#1994=AXIS2_PLACEMENT_3D('',#3400,#2490,#2491);
#1995=AXIS2_PLACEMENT_3D('',#3401,#2492,#2493);
#1996=AXIS2_PLACEMENT_3D('',#3403,#2494,#2495);
#1997=AXIS2_PLACEMENT_3D('',#3405,#2496,#2497);
#1998=AXIS2_PLACEMENT_3D('',#3406,#2498,#2499);
#1999=AXIS2_PLACEMENT_3D('',#3407,#2500,#2501);
#2000=AXIS2_PLACEMENT_3D('',#3409,#2502,#2503);
#2001=AXIS2_PLACEMENT_3D('',#3412,#2505,#2506);
#2002=AXIS2_PLACEMENT_3D('',#3413,#2507,#2508);
#2003=AXIS2_PLACEMENT_3D('',#3415,#2509,#2510);
#2004=AXIS2_PLACEMENT_3D('',#3417,#2512,#2513);
#2005=AXIS2_PLACEMENT_3D('',#3420,#2515,#2516);
#2006=AXIS2_PLACEMENT_3D('',#3421,#2517,#2518);
#2007=AXIS2_PLACEMENT_3D('',#3423,#2519,#2520);
#2008=AXIS2_PLACEMENT_3D('',#3427,#2522,#2523);
#2009=AXIS2_PLACEMENT_3D('',#3428,#2524,#2525);
#2010=AXIS2_PLACEMENT_3D('',#3429,#2526,#2527);
#2011=AXIS2_PLACEMENT_3D('',#3432,#2528,#2529);
#2012=AXIS2_PLACEMENT_3D('',#3434,#2531,#2532);
#2013=AXIS2_PLACEMENT_3D('',#3435,#2533,#2534);
#2014=AXIS2_PLACEMENT_3D('',#3437,#2535,#2536);
#2015=AXIS2_PLACEMENT_3D('',#3438,#2537,#2538);
#2016=AXIS2_PLACEMENT_3D('',#3439,#2539,#2540);
#2017=AXIS2_PLACEMENT_3D('',#3440,#2541,#2542);
#2018=AXIS2_PLACEMENT_3D('',#3441,#2543,#2544);
#2019=AXIS2_PLACEMENT_3D('',#3442,#2545,#2546);
#2020=AXIS2_PLACEMENT_3D('',#3443,#2547,#2548);
#2021=AXIS2_PLACEMENT_3D('',#3444,#2549,#2550);
#2022=AXIS2_PLACEMENT_3D('',#3445,#2551,#2552);
#2023=AXIS2_PLACEMENT_3D('',#3446,#2553,#2554);
#2024=AXIS2_PLACEMENT_3D('',#3447,#2555,#2556);
#2025=AXIS2_PLACEMENT_3D('',#3448,#2557,#2558);
#2026=AXIS2_PLACEMENT_3D('',#3449,#2559,#2560);
#2027=DIRECTION('axis',(0.,0.,1.));
#2028=DIRECTION('refdir',(1.,0.,0.));
#2029=DIRECTION('axis',(0.,0.,1.));
#2030=DIRECTION('refdir',(1.,0.,0.));
#2031=DIRECTION('center_axis',(-1.,0.,0.));
#2032=DIRECTION('ref_axis',(0.,0.,-1.));
#2033=DIRECTION('center_axis',(-1.,0.,0.));
#2034=DIRECTION('ref_axis',(0.,0.,1.));
#2035=DIRECTION('',(-1.,0.,0.));
#2036=DIRECTION('center_axis',(1.,0.,0.));
#2037=DIRECTION('ref_axis',(0.,0.,-1.));
#2038=DIRECTION('center_axis',(-1.,0.,0.));
#2039=DIRECTION('ref_axis',(0.,0.,-1.));
#2040=DIRECTION('center_axis',(-1.,0.,0.));
#2041=DIRECTION('ref_axis',(0.,0.,1.));
#2042=DIRECTION('',(-1.,0.,0.));
#2043=DIRECTION('center_axis',(1.,0.,0.));
#2044=DIRECTION('ref_axis',(0.,0.,-1.));
#2045=DIRECTION('center_axis',(0.,0.,-1.));
#2046=DIRECTION('ref_axis',(1.,0.,0.));
#2047=DIRECTION('center_axis',(-3.49148133884313E-15,0.,1.));
#2048=DIRECTION('ref_axis',(1.,0.,3.49148133884313E-15));
#2049=DIRECTION('',(0.,0.,-1.));
#2050=DIRECTION('center_axis',(0.,0.,1.));
#2051=DIRECTION('ref_axis',(1.,0.,0.));
#2052=DIRECTION('center_axis',(0.,0.,-1.));
#2053=DIRECTION('ref_axis',(1.,0.,0.));
#2054=DIRECTION('center_axis',(-3.49148133884313E-15,0.,1.));
#2055=DIRECTION('ref_axis',(1.,0.,3.49148133884313E-15));
#2056=DIRECTION('',(0.,0.,-1.));
#2057=DIRECTION('center_axis',(0.,0.,1.));
#2058=DIRECTION('ref_axis',(1.,0.,0.));
#2059=DIRECTION('center_axis',(0.,0.,-1.));
#2060=DIRECTION('ref_axis',(1.,0.,0.));
#2061=DIRECTION('center_axis',(-3.49148133884313E-15,0.,1.));
#2062=DIRECTION('ref_axis',(1.,0.,3.49148133884313E-15));
#2063=DIRECTION('',(0.,0.,-1.));
#2064=DIRECTION('center_axis',(0.,0.,1.));
#2065=DIRECTION('ref_axis',(1.,0.,0.));
#2066=DIRECTION('center_axis',(0.,0.,-1.));
#2067=DIRECTION('ref_axis',(1.,0.,0.));
#2068=DIRECTION('center_axis',(-3.49148133884313E-15,0.,1.));
#2069=DIRECTION('ref_axis',(1.,0.,3.49148133884313E-15));
#2070=DIRECTION('',(0.,0.,-1.));
#2071=DIRECTION('center_axis',(0.,0.,1.));
#2072=DIRECTION('ref_axis',(1.,0.,0.));
#2073=DIRECTION('center_axis',(0.,-1.,0.));
#2074=DIRECTION('ref_axis',(0.,0.,1.));
#2075=DIRECTION('center_axis',(-3.49148133884313E-15,-1.,0.));
#2076=DIRECTION('ref_axis',(-1.,3.49148133884313E-15,0.));
#2077=DIRECTION('',(0.,-1.,0.));
#2078=DIRECTION('center_axis',(0.,1.,0.));
#2079=DIRECTION('ref_axis',(0.,0.,1.));
#2080=DIRECTION('center_axis',(0.,-1.,0.));
#2081=DIRECTION('ref_axis',(0.,0.,1.));
#2082=DIRECTION('center_axis',(-3.49148133884313E-15,-1.,0.));
#2083=DIRECTION('ref_axis',(-1.,3.49148133884313E-15,0.));
#2084=DIRECTION('',(0.,-1.,0.));
#2085=DIRECTION('center_axis',(0.,1.,0.));
#2086=DIRECTION('ref_axis',(0.,0.,1.));
#2087=DIRECTION('center_axis',(0.,-1.,0.));
#2088=DIRECTION('ref_axis',(0.,0.,1.));
#2089=DIRECTION('center_axis',(-3.49148133884313E-15,-1.,0.));
#2090=DIRECTION('ref_axis',(-1.,3.49148133884313E-15,0.));
#2091=DIRECTION('',(0.,-1.,0.));
#2092=DIRECTION('center_axis',(0.,1.,0.));
#2093=DIRECTION('ref_axis',(0.,0.,1.));
#2094=DIRECTION('center_axis',(0.,1.,0.));
#2095=DIRECTION('ref_axis',(0.,0.,-1.));
#2096=DIRECTION('center_axis',(2.95272081017329E-15,-1.,0.));
#2097=DIRECTION('ref_axis',(-1.,-2.95272081017329E-15,0.));
#2098=DIRECTION('',(0.,1.,0.));
#2099=DIRECTION('center_axis',(0.,-1.,0.));
#2100=DIRECTION('ref_axis',(0.,0.,-1.));
#2101=DIRECTION('center_axis',(0.,1.,0.));
#2102=DIRECTION('ref_axis',(0.,0.,-1.));
#2103=DIRECTION('center_axis',(2.95272081017329E-15,-1.,0.));
#2104=DIRECTION('ref_axis',(-1.,-2.95272081017329E-15,0.));
#2105=DIRECTION('',(0.,1.,0.));
#2106=DIRECTION('center_axis',(0.,-1.,0.));
#2107=DIRECTION('ref_axis',(0.,0.,-1.));
#2108=DIRECTION('center_axis',(0.,-8.78341000494586E-17,-1.));
#2109=DIRECTION('ref_axis',(0.,-1.,8.78341000494586E-17));
#2110=DIRECTION('',(1.,0.,0.));
#2111=DIRECTION('',(0.,-1.,8.78341000494586E-17));
#2112=DIRECTION('',(-1.,0.,0.));
#2113=DIRECTION('',(0.,-1.,8.78341000494586E-17));
#2114=DIRECTION('center_axis',(-1.,-3.49148133884313E-15,0.));
#2115=DIRECTION('ref_axis',(3.49148133884313E-15,-1.,0.));
#2116=DIRECTION('',(0.,0.,1.));
#2117=DIRECTION('',(-2.95272081017329E-15,1.,0.));
#2118=DIRECTION('',(0.,0.,1.));
#2119=DIRECTION('',(3.49148133884313E-15,-1.,0.));
#2120=DIRECTION('center_axis',(1.,0.,0.));
#2121=DIRECTION('ref_axis',(0.,0.,1.));
#2122=DIRECTION('',(0.,0.,1.));
#2123=DIRECTION('',(0.,0.,-1.));
#2124=DIRECTION('',(0.,-1.,0.));
#2125=DIRECTION('',(0.,0.,-1.));
#2126=DIRECTION('',(0.,1.,0.));
#2127=DIRECTION('',(0.,0.,1.));
#2128=DIRECTION('',(0.,0.918324086366519,0.395829347571775));
#2129=DIRECTION('',(0.,0.,1.));
#2130=DIRECTION('',(0.,-1.,8.67361737988403E-16));
#2131=DIRECTION('',(0.,-0.918324086366519,-0.395829347571776));
#2132=DIRECTION('center_axis',(1.,0.,0.));
#2133=DIRECTION('ref_axis',(0.,0.,1.));
#2134=DIRECTION('',(0.,-1.,3.46944695195362E-16));
#2135=DIRECTION('',(0.,0.,-1.));
#2136=DIRECTION('',(0.,1.,0.));
#2137=DIRECTION('',(0.,0.,1.));
#2138=DIRECTION('',(0.,-1.,8.78341000494586E-17));
#2139=DIRECTION('',(0.,0.,-1.));
#2140=DIRECTION('center_axis',(1.,0.,0.));
#2141=DIRECTION('ref_axis',(0.,0.,1.));
#2142=DIRECTION('',(0.,-1.,1.24130481286355E-16));
#2143=DIRECTION('center_axis',(1.,0.,0.));
#2144=DIRECTION('ref_axis',(0.,0.,1.));
#2145=DIRECTION('',(0.,0.,1.));
#2146=DIRECTION('center_axis',(-1.,0.,0.));
#2147=DIRECTION('ref_axis',(0.,0.,1.));
#2148=DIRECTION('',(0.,-1.,1.23248559572064E-16));
#2149=DIRECTION('center_axis',(-1.,0.,0.));
#2150=DIRECTION('ref_axis',(0.,0.,1.));
#2151=DIRECTION('',(0.,-8.59305746613898E-16,-1.));
#2152=DIRECTION('center_axis',(-1.,0.,0.));
#2153=DIRECTION('ref_axis',(0.,0.,1.));
#2154=DIRECTION('',(0.,1.,-2.15684979251113E-16));
#2155=DIRECTION('center_axis',(-1.,0.,0.));
#2156=DIRECTION('ref_axis',(0.,0.,1.));
#2157=DIRECTION('center_axis',(1.,0.,0.));
#2158=DIRECTION('ref_axis',(0.,0.,1.));
#2159=DIRECTION('',(0.,-1.,1.24130481286355E-16));
#2160=DIRECTION('center_axis',(-1.,0.,0.));
#2161=DIRECTION('ref_axis',(0.,0.,1.));
#2162=DIRECTION('',(0.,0.,-1.));
#2163=DIRECTION('',(0.,-1.,8.78341000494586E-17));
#2164=DIRECTION('',(0.,0.,1.));
#2165=DIRECTION('',(0.,-1.,0.));
#2166=DIRECTION('',(0.,0.,1.));
#2167=DIRECTION('',(0.,-1.,3.46944695195362E-16));
#2168=DIRECTION('center_axis',(-1.,0.,0.));
#2169=DIRECTION('ref_axis',(0.,0.,1.));
#2170=DIRECTION('',(0.,-0.918324086366519,-0.395829347571776));
#2171=DIRECTION('',(0.,-1.,8.67361737988403E-16));
#2172=DIRECTION('',(0.,0.,1.));
#2173=DIRECTION('',(0.,0.918324086366519,0.395829347571775));
#2174=DIRECTION('',(0.,0.,-1.));
#2175=DIRECTION('',(0.,-1.,0.));
#2176=DIRECTION('',(0.,0.,1.));
#2177=DIRECTION('',(0.,-1.,0.));
#2178=DIRECTION('',(0.,0.,-1.));
#2179=DIRECTION('',(0.,0.,1.));
#2180=DIRECTION('center_axis',(-1.,0.,0.));
#2181=DIRECTION('ref_axis',(0.,0.,1.));
#2182=DIRECTION('',(0.,-8.59305746613898E-16,-1.));
#2183=DIRECTION('center_axis',(1.,0.,0.));
#2184=DIRECTION('ref_axis',(0.,0.,1.));
#2185=DIRECTION('',(0.,-1.,1.23248559572064E-16));
#2186=DIRECTION('center_axis',(1.,0.,0.));
#2187=DIRECTION('ref_axis',(0.,0.,1.));
#2188=DIRECTION('',(0.,0.,1.));
#2189=DIRECTION('center_axis',(1.,0.,0.));
#2190=DIRECTION('ref_axis',(0.,0.,1.));
#2191=DIRECTION('',(0.,1.,-2.15684979251113E-16));
#2192=DIRECTION('center_axis',(1.,0.,0.));
#2193=DIRECTION('ref_axis',(0.,0.,1.));
#2194=DIRECTION('center_axis',(0.,-0.395829347571775,0.91832408636652));
#2195=DIRECTION('ref_axis',(0.,0.918324086366519,0.395829347571775));
#2196=DIRECTION('',(-1.,0.,0.));
#2197=DIRECTION('',(-1.,0.,0.));
#2198=DIRECTION('',(-1.,0.,0.));
#2199=DIRECTION('center_axis',(0.,-8.67361737988403E-16,-1.));
#2200=DIRECTION('ref_axis',(0.,-1.,8.67361737988403E-16));
#2201=DIRECTION('',(1.,0.,0.));
#2202=DIRECTION('',(-1.,0.,0.));
#2203=DIRECTION('center_axis',(0.,-8.78341000494586E-17,-1.));
#2204=DIRECTION('ref_axis',(0.,-1.,8.78341000494586E-17));
#2205=DIRECTION('',(1.,0.,0.));
#2206=DIRECTION('',(-1.,0.,0.));
#2207=DIRECTION('center_axis',(0.,-3.46944695195362E-16,-1.));
#2208=DIRECTION('ref_axis',(0.,-1.,3.46944695195362E-16));
#2209=DIRECTION('',(-1.,0.,-6.12323399573677E-17));
#2210=DIRECTION('',(-1.,0.,0.));
#2211=DIRECTION('center_axis',(0.,0.395829347571776,-0.918324086366519));
#2212=DIRECTION('ref_axis',(0.,-0.918324086366519,-0.395829347571776));
#2213=DIRECTION('',(1.,0.,0.));
#2214=DIRECTION('center_axis',(-6.12323399573677E-17,0.,1.));
#2215=DIRECTION('ref_axis',(-1.,0.,-6.12323399573677E-17));
#2216=DIRECTION('',(-1.,0.,-6.12323399573677E-17));
#2217=DIRECTION('',(-1.,0.,0.));
#2218=DIRECTION('center_axis',(0.,1.,0.));
#2219=DIRECTION('ref_axis',(0.,0.,-1.));
#2220=DIRECTION('center_axis',(-6.12323399573677E-17,0.,1.));
#2221=DIRECTION('ref_axis',(-1.,0.,-6.12323399573677E-17));
#2222=DIRECTION('',(-1.,0.,-6.12323399573677E-17));
#2223=DIRECTION('',(-1.,0.,-6.12323399573677E-17));
#2224=DIRECTION('center_axis',(0.,1.,0.));
#2225=DIRECTION('ref_axis',(0.,0.,-1.));
#2226=DIRECTION('',(-1.,0.,0.));
#2227=DIRECTION('center_axis',(0.,-1.,0.));
#2228=DIRECTION('ref_axis',(0.,0.,1.));
#2229=DIRECTION('center_axis',(0.,0.,1.));
#2230=DIRECTION('ref_axis',(-1.,0.,0.));
#2231=DIRECTION('',(-2.95272081017329E-15,1.,0.));
#2232=DIRECTION('center_axis',(0.,0.,-1.));
#2233=DIRECTION('ref_axis',(1.,0.,0.));
#2234=DIRECTION('center_axis',(0.,0.,-1.));
#2235=DIRECTION('ref_axis',(1.,0.,0.));
#2236=DIRECTION('center_axis',(0.,0.,1.));
#2237=DIRECTION('ref_axis',(-1.,0.,0.));
#2238=DIRECTION('center_axis',(0.,0.,1.));
#2239=DIRECTION('ref_axis',(1.,0.,0.));
#2240=DIRECTION('center_axis',(0.,0.,1.));
#2241=DIRECTION('ref_axis',(1.,0.,0.));
#2242=DIRECTION('',(-2.95272081017329E-15,1.,0.));
#2243=DIRECTION('center_axis',(0.,0.,-1.));
#2244=DIRECTION('ref_axis',(-2.97151706533063E-15,1.,0.));
#2245=DIRECTION('',(0.,0.,-1.));
#2246=DIRECTION('center_axis',(0.,0.,-1.));
#2247=DIRECTION('ref_axis',(-2.89120579329468E-15,1.,0.));
#2248=DIRECTION('',(0.,0.,-1.));
#2249=DIRECTION('center_axis',(0.,0.,1.));
#2250=DIRECTION('ref_axis',(-1.,0.,0.));
#2251=DIRECTION('',(1.,2.95272081017329E-15,0.));
#2252=DIRECTION('',(1.,2.95272081017329E-15,0.));
#2253=DIRECTION('',(-3.49148133884313E-15,1.,0.));
#2254=DIRECTION('center_axis',(0.,0.,-1.));
#2255=DIRECTION('ref_axis',(1.,0.,0.));
#2256=DIRECTION('',(-1.,-2.95272081017329E-15,0.));
#2257=DIRECTION('',(-2.95272081017329E-15,1.,0.));
#2258=DIRECTION('',(-1.,-2.95272081017329E-15,0.));
#2259=DIRECTION('center_axis',(-2.95272081017329E-15,1.,0.));
#2260=DIRECTION('ref_axis',(-1.,-2.95272081017329E-15,0.));
#2261=DIRECTION('center_axis',(2.95272081017329E-15,-1.,0.));
#2262=DIRECTION('ref_axis',(1.,2.95272081017329E-15,0.));
#2263=DIRECTION('',(-1.76114058474803E-16,0.,1.));
#2264=DIRECTION('center_axis',(2.95272081017329E-15,-1.,0.));
#2265=DIRECTION('ref_axis',(-1.,-2.95272081017329E-15,0.));
#2266=DIRECTION('',(1.,3.17206578464339E-15,0.));
#2267=DIRECTION('center_axis',(2.95272081017329E-15,-1.,0.));
#2268=DIRECTION('ref_axis',(-1.,-2.95272081017329E-15,0.));
#2269=DIRECTION('',(0.,0.,-1.));
#2270=DIRECTION('center_axis',(-2.95272081017329E-15,1.,0.));
#2271=DIRECTION('ref_axis',(-1.,-2.95272081017329E-15,0.));
#2272=DIRECTION('center_axis',(2.95272081017329E-15,-1.,0.));
#2273=DIRECTION('ref_axis',(-1.,-2.95272081017329E-15,0.));
#2274=DIRECTION('center_axis',(-2.95272081017329E-15,1.,0.));
#2275=DIRECTION('ref_axis',(-1.,-2.95272081017329E-15,0.));
#2276=DIRECTION('center_axis',(-2.95272081017329E-15,1.,0.));
#2277=DIRECTION('ref_axis',(-1.,-2.95272081017329E-15,0.));
#2278=DIRECTION('',(0.,0.,-1.));
#2279=DIRECTION('center_axis',(-2.95272081017329E-15,1.,0.));
#2280=DIRECTION('ref_axis',(-1.,-2.95272081017329E-15,0.));
#2281=DIRECTION('',(1.,3.17206578464339E-15,0.));
#2282=DIRECTION('center_axis',(-2.95272081017329E-15,1.,0.));
#2283=DIRECTION('ref_axis',(-1.,-2.95272081017329E-15,0.));
#2284=DIRECTION('',(-1.76114058474803E-16,0.,1.));
#2285=DIRECTION('center_axis',(2.95272081017329E-15,-1.,0.));
#2286=DIRECTION('ref_axis',(1.,2.95272081017329E-15,0.));
#2287=DIRECTION('center_axis',(-2.95272081017329E-15,1.,0.));
#2288=DIRECTION('ref_axis',(-1.,-2.95272081017329E-15,0.));
#2289=DIRECTION('',(-4.42908121525993E-15,1.,-1.38777878078145E-15));
#2290=DIRECTION('center_axis',(0.,0.,1.));
#2291=DIRECTION('ref_axis',(-1.,0.,0.));
#2292=DIRECTION('center_axis',(0.,0.,1.));
#2293=DIRECTION('ref_axis',(1.,0.,0.));
#2294=DIRECTION('center_axis',(0.,0.,1.));
#2295=DIRECTION('ref_axis',(1.,0.,0.));
#2296=DIRECTION('',(-4.42908121525993E-15,1.,-1.38777878078145E-15));
#2297=DIRECTION('center_axis',(0.,0.,-1.));
#2298=DIRECTION('ref_axis',(-4.41711996197797E-15,1.,0.));
#2299=DIRECTION('',(7.00649232162409E-46,1.38777878078145E-15,1.));
#2300=DIRECTION('center_axis',(0.,0.,-1.));
#2301=DIRECTION('ref_axis',(-4.48136897960675E-15,1.,0.));
#2302=DIRECTION('',(-7.00649232162409E-46,-1.38777878078145E-15,-1.));
#2303=DIRECTION('center_axis',(6.14658492889543E-30,-1.38777878078145E-15,
-1.));
#2304=DIRECTION('ref_axis',(0.,-1.,1.38777878078145E-15));
#2305=DIRECTION('',(-1.,-4.42908121525993E-15,0.));
#2306=DIRECTION('',(-1.,-4.42908121525993E-15,0.));
#2307=DIRECTION('',(3.49148133884313E-15,-1.,1.38777878078145E-15));
#2308=DIRECTION('center_axis',(-6.14658492889543E-30,1.38777878078145E-15,
1.));
#2309=DIRECTION('ref_axis',(0.,1.,-1.38777878078145E-15));
#2310=DIRECTION('',(1.,4.42908121525993E-15,0.));
#2311=DIRECTION('',(1.,4.42908121525993E-15,0.));
#2312=DIRECTION('',(-3.49148133884313E-15,1.,-1.38777878078145E-15));
#2313=DIRECTION('center_axis',(4.42908121525993E-15,-1.,1.38777878078145E-15));
#2314=DIRECTION('ref_axis',(1.,4.42908121525993E-15,0.));
#2315=DIRECTION('center_axis',(4.42908121525993E-15,-1.,1.38777878078145E-15));
#2316=DIRECTION('ref_axis',(1.,4.42908121525993E-15,-6.14658492889543E-30));
#2317=DIRECTION('',(0.,1.38777878078145E-15,1.));
#2318=DIRECTION('center_axis',(4.42908121525993E-15,-1.,1.38777878078145E-15));
#2319=DIRECTION('ref_axis',(1.,4.42908121525993E-15,-1.0107717438628E-30));
#2320=DIRECTION('center_axis',(4.42908121525993E-15,-1.,1.38777878078145E-15));
#2321=DIRECTION('ref_axis',(1.,4.42908121525993E-15,0.));
#2322=DIRECTION('',(0.,1.38777878078145E-15,1.));
#2323=DIRECTION('center_axis',(-4.42908121525993E-15,1.,-1.38777878078145E-15));
#2324=DIRECTION('ref_axis',(1.,4.42908121525993E-15,-6.14658492889543E-30));
#2325=DIRECTION('center_axis',(-4.42908121525993E-15,1.,-1.38777878078145E-15));
#2326=DIRECTION('ref_axis',(1.,4.42908121525993E-15,-1.0107717438628E-30));
#2327=DIRECTION('center_axis',(-1.,-3.49148133884313E-15,4.8454037155409E-30));
#2328=DIRECTION('ref_axis',(3.49148133884313E-15,-1.,0.));
#2329=DIRECTION('',(-3.49148133884313E-15,1.,-1.38777878078145E-15));
#2330=DIRECTION('',(3.49148133884313E-15,-1.,1.38777878078145E-15));
#2331=DIRECTION('center_axis',(-2.95272081017329E-15,1.,0.));
#2332=DIRECTION('ref_axis',(-1.,-2.95272081017329E-15,0.));
#2333=DIRECTION('',(-2.95272081017329E-15,1.,0.));
#2334=DIRECTION('center_axis',(-2.95272081017329E-15,1.,0.));
#2335=DIRECTION('ref_axis',(-1.,-2.95272081017329E-15,0.));
#2336=DIRECTION('',(-2.95272081017329E-15,1.,0.));
#2337=DIRECTION('center_axis',(1.,2.95272081017329E-15,1.76114058474803E-16));
#2338=DIRECTION('ref_axis',(-2.95272081017329E-15,1.,0.));
#2339=DIRECTION('',(2.95272081017329E-15,-1.,0.));
#2340=DIRECTION('center_axis',(-1.,-2.95272081017329E-15,0.));
#2341=DIRECTION('ref_axis',(2.95272081017329E-15,-1.,0.));
#2342=DIRECTION('',(-2.95272081017329E-15,1.,0.));
#2343=DIRECTION('center_axis',(0.,1.,-8.59305746613898E-16));
#2344=DIRECTION('ref_axis',(0.,-8.59305746613898E-16,-1.));
#2345=DIRECTION('',(-1.,0.,0.));
#2346=DIRECTION('',(1.,0.,0.));
#2347=DIRECTION('center_axis',(0.,2.15684979251113E-16,1.));
#2348=DIRECTION('ref_axis',(0.,1.,-2.15684979251113E-16));
#2349=DIRECTION('',(1.,0.,0.));
#2350=DIRECTION('',(-1.,0.,0.));
#2351=DIRECTION('center_axis',(0.,-1.,0.));
#2352=DIRECTION('ref_axis',(0.,0.,1.));
#2353=DIRECTION('',(-1.,0.,0.));
#2354=DIRECTION('',(1.,0.,0.));
#2355=DIRECTION('center_axis',(0.,-1.23248559572064E-16,-1.));
#2356=DIRECTION('ref_axis',(0.,-1.,1.23248559572064E-16));
#2357=DIRECTION('',(-1.,0.,0.));
#2358=DIRECTION('',(1.,0.,0.));
#2359=DIRECTION('center_axis',(0.,-1.,0.));
#2360=DIRECTION('ref_axis',(0.,0.,1.));
#2361=DIRECTION('',(-1.,0.,0.));
#2362=DIRECTION('center_axis',(0.,-1.24130481286355E-16,-1.));
#2363=DIRECTION('ref_axis',(0.,-1.,1.24130481286355E-16));
#2364=DIRECTION('',(-1.,0.,0.));
#2365=DIRECTION('',(1.,0.,0.));
#2366=DIRECTION('center_axis',(0.,1.,0.));
#2367=DIRECTION('ref_axis',(0.,0.,-1.));
#2368=DIRECTION('',(1.,0.,0.));
#2369=DIRECTION('center_axis',(0.,0.,-1.));
#2370=DIRECTION('ref_axis',(1.,0.,0.));
#2371=DIRECTION('',(2.95272081017329E-15,-1.,0.));
#2372=DIRECTION('',(-2.95272081017329E-15,1.,0.));
#2373=DIRECTION('center_axis',(3.49148133884313E-15,-1.,0.));
#2374=DIRECTION('ref_axis',(1.,3.49148133884313E-15,0.));
#2375=DIRECTION('center_axis',(3.49148133884313E-15,-1.,1.38777878078145E-15));
#2376=DIRECTION('ref_axis',(1.,3.49148133884313E-15,-4.84540371554089E-30));
#2377=DIRECTION('center_axis',(-2.95272081017329E-15,1.,0.));
#2378=DIRECTION('ref_axis',(-1.,-2.95272081017329E-15,0.));
#2379=DIRECTION('center_axis',(-2.95272081017329E-15,1.,0.));
#2380=DIRECTION('ref_axis',(-1.,-2.95272081017329E-15,0.));
#2381=DIRECTION('center_axis',(-1.,0.,0.));
#2382=DIRECTION('ref_axis',(0.,0.,-1.));
#2383=DIRECTION('center_axis',(-1.,0.,0.));
#2384=DIRECTION('ref_axis',(0.,0.,-1.));
#2385=DIRECTION('center_axis',(-1.,0.,0.));
#2386=DIRECTION('ref_axis',(0.,0.,-1.));
#2387=DIRECTION('center_axis',(-1.,0.,0.));
#2388=DIRECTION('ref_axis',(0.,0.,-1.));
#2389=DIRECTION('center_axis',(1.,0.,0.));
#2390=DIRECTION('ref_axis',(0.,0.,1.));
#2391=DIRECTION('center_axis',(3.49148133884313E-15,-1.,1.38777878078145E-15));
#2392=DIRECTION('ref_axis',(1.,3.49148133884313E-15,2.90409469491736E-31));
#2393=DIRECTION('center_axis',(3.49148133884313E-15,1.,0.));
#2394=DIRECTION('ref_axis',(-1.,3.49148133884313E-15,0.));
#2395=DIRECTION('center_axis',(3.49148133884313E-15,1.,0.));
#2396=DIRECTION('ref_axis',(-1.,3.49148133884313E-15,0.));
#2397=DIRECTION('',(3.49148133884313E-15,1.,0.));
#2398=DIRECTION('center_axis',(-3.49148133884313E-15,-1.,0.));
#2399=DIRECTION('ref_axis',(-1.,3.49148133884313E-15,0.));
#2400=DIRECTION('',(-3.49148133884313E-15,-1.,0.));
#2401=DIRECTION('center_axis',(-1.,3.49148133884313E-15,0.));
#2402=DIRECTION('ref_axis',(-3.49148133884313E-15,-1.,0.));
#2403=DIRECTION('',(0.,0.,-1.));
#2404=DIRECTION('',(3.49148133884313E-15,1.,0.));
#2405=DIRECTION('',(0.,0.,-1.));
#2406=DIRECTION('center_axis',(3.49148133884313E-15,1.,0.));
#2407=DIRECTION('ref_axis',(-1.,3.49148133884313E-15,0.));
#2408=DIRECTION('',(1.,-3.49702203610931E-15,3.38421487365417E-15));
#2409=DIRECTION('',(0.,0.,-1.));
#2410=DIRECTION('',(-1.,3.49148133884313E-15,0.));
#2411=DIRECTION('center_axis',(3.38421487365417E-15,-1.18159230779989E-29,
-1.));
#2412=DIRECTION('ref_axis',(1.,0.,3.38421487365417E-15));
#2413=DIRECTION('',(1.,-3.49702203610931E-15,3.38421487365417E-15));
#2414=DIRECTION('',(3.46944695195361E-15,1.,4.1561083278611E-15));
#2415=DIRECTION('center_axis',(3.49148133884313E-15,1.,0.));
#2416=DIRECTION('ref_axis',(-1.,3.49148133884313E-15,0.));
#2417=DIRECTION('',(-1.,3.49148133884313E-15,0.));
#2418=DIRECTION('',(0.,0.,1.));
#2419=DIRECTION('center_axis',(0.,0.,1.));
#2420=DIRECTION('ref_axis',(-1.,0.,0.));
#2421=DIRECTION('',(-3.49148133884313E-15,-1.,0.));
#2422=DIRECTION('center_axis',(0.,0.,-1.));
#2423=DIRECTION('ref_axis',(1.,0.,0.));
#2424=DIRECTION('center_axis',(0.,0.,-1.));
#2425=DIRECTION('ref_axis',(-1.,0.,0.));
#2426=DIRECTION('center_axis',(0.,0.,-1.));
#2427=DIRECTION('ref_axis',(-1.,0.,0.));
#2428=DIRECTION('',(-1.,-1.66533453693774E-14,-1.38777878078145E-15));
#2429=DIRECTION('center_axis',(0.,0.,1.));
#2430=DIRECTION('ref_axis',(-1.,0.,0.));
#2431=DIRECTION('center_axis',(0.,0.,1.));
#2432=DIRECTION('ref_axis',(-1.,0.,0.));
#2433=DIRECTION('',(-2.70616862252379E-14,-3.46944695195357E-15,1.));
#2434=DIRECTION('',(7.1701903673708E-15,0.,1.));
#2435=DIRECTION('center_axis',(0.,-1.,0.));
#2436=DIRECTION('ref_axis',(0.,0.,1.));
#2437=DIRECTION('',(-4.76561521160776E-17,-1.,-2.28039886816151E-31));
#2438=DIRECTION('center_axis',(0.,-1.,0.));
#2439=DIRECTION('ref_axis',(0.,0.,1.));
#2440=DIRECTION('',(4.76561521160776E-17,1.,2.28039886816151E-31));
#2441=DIRECTION('center_axis',(-1.,3.69020914358435E-32,-3.49148133884313E-15));
#2442=DIRECTION('ref_axis',(3.49148133884313E-15,0.,-1.));
#2443=DIRECTION('',(0.,-1.,0.));
#2444=DIRECTION('',(-3.49148133884313E-15,3.94430452610506E-31,1.));
#2445=DIRECTION('',(0.,-1.,0.));
#2446=DIRECTION('',(3.49148133884313E-15,-3.94430452610506E-31,-1.));
#2447=DIRECTION('center_axis',(3.49148133884313E-15,-3.94430452610506E-31,
-1.));
#2448=DIRECTION('ref_axis',(1.,3.11150763893057E-61,3.49148133884313E-15));
#2449=DIRECTION('center_axis',(3.49148133884313E-15,0.,-1.));
#2450=DIRECTION('ref_axis',(1.,0.,3.49148133884313E-15));
#2451=DIRECTION('center_axis',(-3.49148133884313E-15,0.,1.));
#2452=DIRECTION('ref_axis',(1.,0.,3.49148133884313E-15));
#2453=DIRECTION('',(-3.49148133884313E-15,3.94430452610506E-31,1.));
#2454=DIRECTION('center_axis',(3.49148133884313E-15,0.,-1.));
#2455=DIRECTION('ref_axis',(1.,-3.69020914358435E-32,3.49148133884313E-15));
#2456=DIRECTION('',(0.939692620785909,-0.342020143325667,3.2809192497226E-15));
#2457=DIRECTION('',(1.,-3.93571655676816E-15,3.49927492471294E-15));
#2458=DIRECTION('center_axis',(-0.342020143325667,-0.939692620785909,-1.19415694793002E-15));
#2459=DIRECTION('ref_axis',(0.939692620785909,-0.342020143325667,0.));
#2460=DIRECTION('',(0.939692620785909,-0.342020143325667,3.2809192497226E-15));
#2461=DIRECTION('center_axis',(3.49148133884313E-15,0.,-1.));
#2462=DIRECTION('ref_axis',(1.,-3.69020914358435E-32,3.49148133884313E-15));
#2463=DIRECTION('',(1.,-3.93571655676816E-15,3.49927492471294E-15));
#2464=DIRECTION('center_axis',(3.93571655676816E-15,1.,1.34742203171929E-29));
#2465=DIRECTION('ref_axis',(-1.,3.93571655676816E-15,3.49148133884312E-15));
#2466=DIRECTION('center_axis',(1.,0.,0.));
#2467=DIRECTION('ref_axis',(0.,0.,1.));
#2468=DIRECTION('center_axis',(1.,0.,0.));
#2469=DIRECTION('ref_axis',(0.,0.,1.));
#2470=DIRECTION('axis',(0.,0.,1.));
#2471=DIRECTION('refdir',(1.,0.,0.));
#2472=DIRECTION('center_axis',(3.80935907378204E-16,-1.,1.26708764237805E-16));
#2473=DIRECTION('ref_axis',(3.33066907387547E-16,-1.26708764237805E-16,
-1.));
#2474=DIRECTION('center_axis',(3.80935907378204E-16,-1.,1.26708764237805E-16));
#2475=DIRECTION('ref_axis',(3.33066907387547E-16,-1.26708764237805E-16,
-1.));
#2476=DIRECTION('',(-5.27471111215378E-17,-0.707106781186546,0.707106781186549));
#2477=DIRECTION('center_axis',(-3.80935907378204E-16,1.,-1.26708764237805E-16));
#2478=DIRECTION('ref_axis',(3.3306690738755E-16,-1.26708764237805E-16,-1.));
#2479=DIRECTION('center_axis',(3.80935907378204E-16,-1.,1.26708764237805E-16));
#2480=DIRECTION('ref_axis',(3.33066907387545E-16,-1.26708764237805E-16,
-1.));
#2481=DIRECTION('center_axis',(3.80935907378204E-16,-1.,1.26708764237805E-16));
#2482=DIRECTION('ref_axis',(3.33066907387545E-16,-1.26708764237805E-16,
-1.));
#2483=DIRECTION('center_axis',(-1.,-3.80935907378205E-16,-4.5553158730228E-16));
#2484=DIRECTION('ref_axis',(-4.5553158730228E-16,0.,1.));
#2485=DIRECTION('center_axis',(-3.80935907378204E-16,1.,-1.26708764237805E-16));
#2486=DIRECTION('ref_axis',(3.33066907387543E-16,-1.26708764237805E-16,
-1.));
#2487=DIRECTION('center_axis',(-3.80935907378204E-16,1.,-1.26708764237805E-16));
#2488=DIRECTION('ref_axis',(-3.33066907387549E-16,1.26708764237805E-16,
1.));
#2489=DIRECTION('',(2.94789261045523E-16,-0.948683298050515,0.316227766016835));
#2490=DIRECTION('center_axis',(3.80935907378204E-16,-1.,1.26708764237805E-16));
#2491=DIRECTION('ref_axis',(3.33066907387549E-16,-1.26708764237805E-16,
-1.));
#2492=DIRECTION('center_axis',(3.80935907378204E-16,-1.,1.26708764237805E-16));
#2493=DIRECTION('ref_axis',(3.33066907387547E-16,-1.1842378929335E-16,-1.));
#2494=DIRECTION('center_axis',(3.80935907378204E-16,-1.,1.26708764237805E-16));
#2495=DIRECTION('ref_axis',(3.33066907387546E-16,-1.26708764237805E-16,
-1.));
#2496=DIRECTION('center_axis',(-1.,-3.80935907378205E-16,-4.55531587302282E-16));
#2497=DIRECTION('ref_axis',(-4.55531587302282E-16,1.48029736616688E-16,
1.));
#2498=DIRECTION('center_axis',(-3.80935907378204E-16,1.,-1.26708764237805E-16));
#2499=DIRECTION('ref_axis',(-3.33066907387547E-16,1.26708764237805E-16,
1.));
#2500=DIRECTION('center_axis',(3.80935907378204E-16,-1.,1.26708764237805E-16));
#2501=DIRECTION('ref_axis',(3.33066907387547E-16,-1.26708764237805E-16,
-1.));
#2502=DIRECTION('center_axis',(3.80935907378204E-16,-1.,1.26708764237805E-16));
#2503=DIRECTION('ref_axis',(3.33066907387547E-16,-1.26708764237805E-16,
-1.));
#2504=DIRECTION('',(3.80935907378204E-16,-1.,1.26708764237805E-16));
#2505=DIRECTION('center_axis',(3.80935907378204E-16,-1.,1.26708764237805E-16));
#2506=DIRECTION('ref_axis',(3.33066907387547E-16,-1.26708764237805E-16,
-1.));
#2507=DIRECTION('center_axis',(3.80935907378204E-16,-1.,1.26708764237805E-16));
#2508=DIRECTION('ref_axis',(3.33066907387547E-16,-1.26708764237805E-16,
-1.));
#2509=DIRECTION('center_axis',(3.80935907378204E-16,-1.,1.26708764237805E-16));
#2510=DIRECTION('ref_axis',(3.33066907387547E-16,-1.26708764237805E-16,
-1.));
#2511=DIRECTION('',(3.80935907378204E-16,-1.,1.26708764237805E-16));
#2512=DIRECTION('center_axis',(3.80935907378204E-16,-1.,1.26708764237805E-16));
#2513=DIRECTION('ref_axis',(3.33066907387547E-16,-1.26708764237805E-16,
-1.));
#2514=DIRECTION('',(-3.80935907378204E-16,1.,-1.26708764237805E-16));
#2515=DIRECTION('center_axis',(3.80935907378204E-16,-1.,1.26708764237805E-16));
#2516=DIRECTION('ref_axis',(3.33066907387547E-16,-1.26708764237805E-16,
-1.));
#2517=DIRECTION('center_axis',(3.80935907378204E-16,-1.,1.26708764237805E-16));
#2518=DIRECTION('ref_axis',(3.33066907387547E-16,-1.26708764237805E-16,
-1.));
#2519=DIRECTION('center_axis',(3.80935907378204E-16,-1.,1.26708764237805E-16));
#2520=DIRECTION('ref_axis',(3.33066907387547E-16,-1.26708764237805E-16,
-1.));
#2521=DIRECTION('',(-3.80935907378204E-16,1.,-1.26708764237805E-16));
#2522=DIRECTION('center_axis',(3.80935907378204E-16,-1.,1.26708764237805E-16));
#2523=DIRECTION('ref_axis',(3.33066907387547E-16,-1.26708764237805E-16,
-1.));
#2524=DIRECTION('center_axis',(3.80935907378204E-16,-1.,1.26708764237805E-16));
#2525=DIRECTION('ref_axis',(3.33066907387547E-16,-1.26708764237805E-16,
-1.));
#2526=DIRECTION('center_axis',(-3.80935907378204E-16,1.,-1.26708764237805E-16));
#2527=DIRECTION('ref_axis',(-3.33066907387547E-16,1.26708764237805E-16,
1.));
#2528=DIRECTION('center_axis',(3.80935907378204E-16,-1.,1.26708764237805E-16));
#2529=DIRECTION('ref_axis',(3.33066907387547E-16,-1.26708764237805E-16,
-1.));
#2530=DIRECTION('',(1.2044410012556E-16,-0.707106781186545,0.707106781186551));
#2531=DIRECTION('center_axis',(3.80935907378204E-16,-1.,1.26708764237805E-16));
#2532=DIRECTION('ref_axis',(3.33066907387547E-16,-1.26708764237805E-16,
-1.));
#2533=DIRECTION('center_axis',(3.80935907378204E-16,-1.,1.26708764237805E-16));
#2534=DIRECTION('ref_axis',(3.33066907387547E-16,-1.26882631385732E-16,
-1.));
#2535=DIRECTION('center_axis',(-1.,-3.80935907378205E-16,-4.55531587302282E-16));
#2536=DIRECTION('ref_axis',(-4.55531587302282E-16,1.28865172501134E-16,
1.));
#2537=DIRECTION('center_axis',(3.80935907378204E-16,-1.,1.26708764237805E-16));
#2538=DIRECTION('ref_axis',(3.33066907387547E-16,-1.26708764237805E-16,
-1.));
#2539=DIRECTION('center_axis',(-3.80935907378205E-16,1.,1.26708764237806E-16));
#2540=DIRECTION('ref_axis',(-3.33066907387547E-16,-1.26708764237806E-16,
1.));
#2541=DIRECTION('center_axis',(3.80935907378205E-16,-1.,-1.26708764237806E-16));
#2542=DIRECTION('ref_axis',(3.33066907387547E-16,1.26708764237806E-16,-1.));
#2543=DIRECTION('center_axis',(3.80935907378205E-16,-1.,-1.26708764237806E-16));
#2544=DIRECTION('ref_axis',(3.33066907387547E-16,1.26708764237806E-16,-1.));
#2545=DIRECTION('center_axis',(-3.80935907378205E-16,1.,1.26708764237806E-16));
#2546=DIRECTION('ref_axis',(-3.33066907387547E-16,-1.26708764237806E-16,
1.));
#2547=DIRECTION('center_axis',(-3.80935907378205E-16,1.,1.26708764237806E-16));
#2548=DIRECTION('ref_axis',(-3.33066907387547E-16,-1.26708764237806E-16,
1.));
#2549=DIRECTION('',(-1.,3.02882718905551E-15,1.16821328195831E-18));
#2550=DIRECTION('',(1.16821328196917E-18,3.58290466477172E-15,1.));
#2551=DIRECTION('',(0.,0.,1.));
#2552=DIRECTION('',(1.,0.,0.));
#2553=DIRECTION('',(0.188454873308549,-3.60822483003176E-15,0.982081850319137));
#2554=DIRECTION('',(0.982081850319137,6.73072708679001E-16,-0.188454873308549));
#2555=DIRECTION('',(-0.581094339599596,-2.99760216648792E-15,0.813836204948704));
#2556=DIRECTION('',(-0.813836204948704,2.13717932240343E-15,-0.581094339599596));
#2557=DIRECTION('',(-0.581094339599596,-2.99760216648792E-15,0.813836204948704));
#2558=DIRECTION('',(-0.813836204948704,2.13717932240343E-15,-0.581094339599596));
#2559=DIRECTION('',(-0.581094339599596,-2.99760216648792E-15,0.813836204948704));
#2560=DIRECTION('',(-0.813836204948704,2.13717932240343E-15,-0.581094339599596));
#2561=CARTESIAN_POINT('',(0.,0.,0.));
#2562=CARTESIAN_POINT('',(0.,0.,0.));
#2563=CARTESIAN_POINT('Origin',(-1.19999999999999,190.,-4.99999999999991));
#2564=CARTESIAN_POINT('',(7.49400541621981E-15,190.,-2.89999999999992));
#2565=CARTESIAN_POINT('Origin',(7.58941520739853E-15,190.,-4.99999999999991));
#2566=CARTESIAN_POINT('',(-1.19999999999999,190.,-2.89999999999992));
#2567=CARTESIAN_POINT('',(-1.19999999999999,190.,-2.89999999999992));
#2568=CARTESIAN_POINT('Origin',(-1.19999999999999,190.,-4.99999999999991));
#2569=CARTESIAN_POINT('Origin',(-1.19999999999999,150.,-9.99999999999991));
#2570=CARTESIAN_POINT('',(7.49400541621981E-15,150.,-7.89999999999992));
#2571=CARTESIAN_POINT('Origin',(7.58941520739853E-15,150.,-9.99999999999991));
#2572=CARTESIAN_POINT('',(-1.19999999999999,150.,-7.89999999999992));
#2573=CARTESIAN_POINT('',(-1.19999999999999,150.,-7.89999999999992));
#2574=CARTESIAN_POINT('Origin',(-1.19999999999999,150.,-9.99999999999991));
#2575=CARTESIAN_POINT('Origin',(8.49999999999964,130.,-1.20000000000001));
#2576=CARTESIAN_POINT('',(6.49999999999966,130.,2.2065682614425E-14));
#2577=CARTESIAN_POINT('Origin',(8.49999999999964,130.,1.51788304147971E-14));
#2578=CARTESIAN_POINT('',(6.49999999999966,130.,-1.20000000000002));
#2579=CARTESIAN_POINT('',(6.49999999999966,130.,-1.20000000000001));
#2580=CARTESIAN_POINT('Origin',(8.49999999999964,130.,-1.20000000000002));
#2581=CARTESIAN_POINT('Origin',(8.49999999999965,95.,-1.20000000000001));
#2582=CARTESIAN_POINT('',(6.49999999999966,95.,2.2065682614425E-14));
#2583=CARTESIAN_POINT('Origin',(8.49999999999965,95.,1.51788304147971E-14));
#2584=CARTESIAN_POINT('',(6.49999999999966,95.,-1.20000000000002));
#2585=CARTESIAN_POINT('',(6.49999999999966,95.,-1.20000000000001));
#2586=CARTESIAN_POINT('Origin',(8.49999999999965,95.,-1.20000000000002));
#2587=CARTESIAN_POINT('Origin',(8.49999999999965,60.,-1.20000000000001));
#2588=CARTESIAN_POINT('',(6.49999999999966,60.,2.2065682614425E-14));
#2589=CARTESIAN_POINT('Origin',(8.49999999999965,60.,1.51788304147971E-14));
#2590=CARTESIAN_POINT('',(6.49999999999966,60.,-1.20000000000002));
#2591=CARTESIAN_POINT('',(6.49999999999966,60.,-1.20000000000001));
#2592=CARTESIAN_POINT('Origin',(8.49999999999965,60.,-1.20000000000002));
#2593=CARTESIAN_POINT('Origin',(8.49999999999966,25.,-1.20000000000001));
#2594=CARTESIAN_POINT('',(6.49999999999967,25.,2.2065682614425E-14));
#2595=CARTESIAN_POINT('Origin',(8.49999999999966,25.,1.51788304147971E-14));
#2596=CARTESIAN_POINT('',(6.49999999999967,25.,-1.20000000000002));
#2597=CARTESIAN_POINT('',(6.49999999999967,25.,-1.20000000000001));
#2598=CARTESIAN_POINT('Origin',(8.49999999999966,25.,-1.20000000000002));
#2599=CARTESIAN_POINT('Origin',(10.,-3.49148133884313E-14,-69.3499999999992));
#2600=CARTESIAN_POINT('',(10.,1.19999999999998,-72.3999999999992));
#2601=CARTESIAN_POINT('Origin',(10.,1.19999999999997,-69.3499999999992));
#2602=CARTESIAN_POINT('',(10.,-3.60965975496085E-14,-72.3999999999992));
#2603=CARTESIAN_POINT('',(10.,-3.49148133884313E-14,-72.3999999999992));
#2604=CARTESIAN_POINT('Origin',(10.,-3.60965975496085E-14,-69.3499999999992));
#2605=CARTESIAN_POINT('Origin',(10.,-3.49148133884313E-14,-10.));
#2606=CARTESIAN_POINT('',(10.,1.19999999999998,-13.05));
#2607=CARTESIAN_POINT('Origin',(10.,1.19999999999997,-10.));
#2608=CARTESIAN_POINT('',(10.,-3.60965975496085E-14,-13.05));
#2609=CARTESIAN_POINT('',(10.,-3.49148133884313E-14,-13.05));
#2610=CARTESIAN_POINT('Origin',(10.,-3.60965975496085E-14,-10.));
#2611=CARTESIAN_POINT('Origin',(10.,-3.49148133884313E-14,-35.));
#2612=CARTESIAN_POINT('',(10.,1.19999999999998,-38.05));
#2613=CARTESIAN_POINT('Origin',(10.,1.19999999999997,-35.));
#2614=CARTESIAN_POINT('',(10.,-3.60965975496085E-14,-38.05));
#2615=CARTESIAN_POINT('',(10.,-3.49148133884313E-14,-38.05));
#2616=CARTESIAN_POINT('Origin',(10.,-3.60965975496085E-14,-35.));
#2617=CARTESIAN_POINT('Origin',(9.99999999999954,158.,-69.3499999999992));
#2618=CARTESIAN_POINT('',(9.99999999999954,156.8,-66.2999999999992));
#2619=CARTESIAN_POINT('Origin',(9.99999999999954,156.8,-69.3499999999992));
#2620=CARTESIAN_POINT('',(9.99999999999954,158.,-66.2999999999992));
#2621=CARTESIAN_POINT('',(9.99999999999954,158.,-66.2999999999992));
#2622=CARTESIAN_POINT('Origin',(9.99999999999954,158.,-69.3499999999992));
#2623=CARTESIAN_POINT('Origin',(34.9999999999998,158.,-69.3499999999999));
#2624=CARTESIAN_POINT('',(34.9999999999998,156.8,-66.2999999999999));
#2625=CARTESIAN_POINT('Origin',(34.9999999999998,156.8,-69.3499999999999));
#2626=CARTESIAN_POINT('',(34.9999999999998,158.,-66.2999999999999));
#2627=CARTESIAN_POINT('',(34.9999999999998,158.,-66.2999999999999));
#2628=CARTESIAN_POINT('Origin',(34.9999999999998,158.,-69.3499999999999));
#2629=CARTESIAN_POINT('Origin',(-1.19999999999999,158.,-75.));
#2630=CARTESIAN_POINT('',(-1.19999999999999,21.2,-75.));
#2631=CARTESIAN_POINT('',(7.58941520739853E-15,21.2,-75.));
#2632=CARTESIAN_POINT('',(-1.19999999999999,21.2,-75.));
#2633=CARTESIAN_POINT('',(-4.33680868994202E-16,2.7,-75.));
#2634=CARTESIAN_POINT('',(7.58941520739853E-15,158.,-75.));
#2635=CARTESIAN_POINT('',(-1.19999999999999,2.70000000000002,-75.));
#2636=CARTESIAN_POINT('',(7.15573433840433E-15,2.70000000000002,-75.));
#2637=CARTESIAN_POINT('',(-1.19999999999999,158.,-75.));
#2638=CARTESIAN_POINT('Origin',(18.8,158.,-20.6));
#2639=CARTESIAN_POINT('',(18.8,158.,-72.));
#2640=CARTESIAN_POINT('',(18.8,158.,-60.));
#2641=CARTESIAN_POINT('',(18.8,158.,0.));
#2642=CARTESIAN_POINT('',(18.8,156.8,-60.));
#2643=CARTESIAN_POINT('',(18.8,156.8,-60.));
#2644=CARTESIAN_POINT('',(18.8,156.8,-72.));
#2645=CARTESIAN_POINT('',(18.8,156.8,-20.6));
#2646=CARTESIAN_POINT('',(18.8,158.,-72.));
#2647=CARTESIAN_POINT('Origin',(-1.19999999999999,2.48282297499181E-14,
0.));
#2648=CARTESIAN_POINT('',(-1.19999999999999,21.2,-77.));
#2649=CARTESIAN_POINT('',(-1.19999999999999,21.2,-75.));
#2650=CARTESIAN_POINT('',(-1.19999999999999,2.69999999999998,-2.7));
#2651=CARTESIAN_POINT('',(-1.19999999999999,2.70000000000002,-1.3414213562373));
#2652=CARTESIAN_POINT('',(-1.19999999999999,178.,-2.7));
#2653=CARTESIAN_POINT('',(-1.19999999999999,178.,-2.7));
#2654=CARTESIAN_POINT('',(-1.19999999999999,178.,-3.3));
#2655=CARTESIAN_POINT('',(-1.19999999999999,178.,0.));
#2656=CARTESIAN_POINT('',(-1.19999999999999,178.6,-3.3));
#2657=CARTESIAN_POINT('',(-1.19999999999999,2.48282297499181E-14,-3.3));
#2658=CARTESIAN_POINT('',(-1.19999999999999,178.6,-1.4655172413793));
#2659=CARTESIAN_POINT('',(-1.19999999999999,178.6,0.));
#2660=CARTESIAN_POINT('',(-1.19999999999999,237.3,23.8362068965517));
#2661=CARTESIAN_POINT('',(-1.19999999999999,178.,-1.72413793103447));
#2662=CARTESIAN_POINT('',(-1.19999999999999,237.3,5.));
#2663=CARTESIAN_POINT('',(-1.19999999999999,237.3,5.));
#2664=CARTESIAN_POINT('',(-1.19999999999999,236.,5.00000000000001));
#2665=CARTESIAN_POINT('',(-1.19999999999999,236.,5.00000000000001));
#2666=CARTESIAN_POINT('',(-1.19999999999999,180.842321794445,-18.7748612954978));
#2667=CARTESIAN_POINT('',(-1.19999999999999,178.,-20.));
#2668=CARTESIAN_POINT('',(-1.19999999999999,174.904881580869,-20.));
#2669=CARTESIAN_POINT('Origin',(-1.19999999999999,174.904881580869,-4.99999999999999));
#2670=CARTESIAN_POINT('',(-1.19999999999999,154.7,-20.));
#2671=CARTESIAN_POINT('',(-1.19999999999999,178.,-20.));
#2672=CARTESIAN_POINT('',(-1.19999999999999,154.7,-20.6));
#2673=CARTESIAN_POINT('',(-1.19999999999999,154.7,0.));
#2674=CARTESIAN_POINT('',(-1.19999999999999,155.3,-20.6));
#2675=CARTESIAN_POINT('',(-1.19999999999999,2.48282297499181E-14,-20.6));
#2676=CARTESIAN_POINT('',(-1.19999999999999,155.3,-75.));
#2677=CARTESIAN_POINT('',(-1.19999999999999,155.3,-75.));
#2678=CARTESIAN_POINT('',(-1.19999999999999,133.,-75.));
#2679=CARTESIAN_POINT('',(-1.19999999999999,158.,-75.));
#2680=CARTESIAN_POINT('',(-1.19999999999999,133.,-77.));
#2681=CARTESIAN_POINT('',(-1.19999999999999,133.,-75.));
#2682=CARTESIAN_POINT('',(-1.19999999999999,131.,-79.));
#2683=CARTESIAN_POINT('Origin',(-1.19999999999999,131.,-77.));
#2684=CARTESIAN_POINT('',(-1.19999999999999,23.2,-79.));
#2685=CARTESIAN_POINT('',(-1.19999999999999,133.,-79.));
#2686=CARTESIAN_POINT('Origin',(-1.19999999999999,23.2,-77.));
#2687=CARTESIAN_POINT('',(-1.19999999999999,22.7,-52.));
#2688=CARTESIAN_POINT('',(-1.19999999999999,22.7,-25.7));
#2689=CARTESIAN_POINT('',(-1.19999999999999,22.7,-55.));
#2690=CARTESIAN_POINT('',(-1.19999999999999,25.7,-55.));
#2691=CARTESIAN_POINT('Origin',(-1.19999999999999,25.7,-52.));
#2692=CARTESIAN_POINT('',(-1.19999999999999,132.3,-55.));
#2693=CARTESIAN_POINT('',(-1.19999999999999,135.3,-55.));
#2694=CARTESIAN_POINT('',(-1.19999999999999,135.3,-52.));
#2695=CARTESIAN_POINT('Origin',(-1.19999999999999,132.3,-52.));
#2696=CARTESIAN_POINT('',(-1.19999999999999,135.3,-25.7));
#2697=CARTESIAN_POINT('',(-1.19999999999999,135.3,-22.7));
#2698=CARTESIAN_POINT('',(-1.19999999999999,132.3,-22.7));
#2699=CARTESIAN_POINT('Origin',(-1.19999999999999,132.3,-25.7));
#2700=CARTESIAN_POINT('',(-1.19999999999999,25.7,-22.7));
#2701=CARTESIAN_POINT('',(-1.19999999999999,22.7,-22.7));
#2702=CARTESIAN_POINT('Origin',(-1.19999999999999,25.7,-25.7));
#2703=CARTESIAN_POINT('Origin',(7.58941520739853E-15,2.48282297499181E-14,
0.));
#2704=CARTESIAN_POINT('',(7.37257477290143E-15,131.,-79.));
#2705=CARTESIAN_POINT('',(7.37257477290143E-15,23.2,-79.));
#2706=CARTESIAN_POINT('',(7.37257477290143E-15,133.,-79.));
#2707=CARTESIAN_POINT('',(7.37257477290143E-15,133.,-77.));
#2708=CARTESIAN_POINT('Origin',(7.58941520739853E-15,131.,-77.));
#2709=CARTESIAN_POINT('',(7.37257477290143E-15,133.,-75.));
#2710=CARTESIAN_POINT('',(7.37257477290143E-15,133.,-75.));
#2711=CARTESIAN_POINT('',(1.17093834628434E-14,155.3,-75.));
#2712=CARTESIAN_POINT('',(7.58941520739853E-15,158.,-75.));
#2713=CARTESIAN_POINT('',(1.17093834628434E-14,155.3,-20.6));
#2714=CARTESIAN_POINT('',(1.17093834628434E-14,155.3,-75.));
#2715=CARTESIAN_POINT('',(1.17093834628434E-14,154.7,-20.6));
#2716=CARTESIAN_POINT('',(1.17093834628434E-14,155.3,-20.6));
#2717=CARTESIAN_POINT('',(1.17093834628434E-14,154.7,-20.));
#2718=CARTESIAN_POINT('',(1.17093834628434E-14,154.7,-20.6));
#2719=CARTESIAN_POINT('',(7.58941520739853E-15,174.904881580869,-20.));
#2720=CARTESIAN_POINT('',(7.58941520739853E-15,178.,-20.));
#2721=CARTESIAN_POINT('',(7.37257477290143E-15,180.842321794445,-18.7748612954978));
#2722=CARTESIAN_POINT('Origin',(7.58941520739853E-15,174.904881580869,-4.99999999999999));
#2723=CARTESIAN_POINT('',(7.58941520739853E-15,236.,5.00000000000001));
#2724=CARTESIAN_POINT('',(7.58941520739853E-15,178.,-20.));
#2725=CARTESIAN_POINT('',(1.40946282423116E-14,237.3,5.));
#2726=CARTESIAN_POINT('',(7.58941520739853E-15,236.,5.00000000000001));
#2727=CARTESIAN_POINT('',(1.40946282423116E-14,237.3,23.8362068965517));
#2728=CARTESIAN_POINT('',(1.40946282423116E-14,237.3,5.));
#2729=CARTESIAN_POINT('',(7.37257477290143E-15,178.6,-1.4655172413793));
#2730=CARTESIAN_POINT('',(7.58941520739853E-15,178.,-1.72413793103447));
#2731=CARTESIAN_POINT('',(7.37257477290143E-15,178.6,-3.3));
#2732=CARTESIAN_POINT('',(6.07153216591882E-15,178.6,0.));
#2733=CARTESIAN_POINT('',(7.58941520739853E-15,178.,-3.3));
#2734=CARTESIAN_POINT('',(6.07153216591882E-15,178.6,-3.3));
#2735=CARTESIAN_POINT('',(7.58941520739853E-15,178.,-2.7));
#2736=CARTESIAN_POINT('',(6.28837260041593E-15,178.,-3.3));
#2737=CARTESIAN_POINT('',(-4.33680868994202E-16,2.7,-2.69999999999999));
#2738=CARTESIAN_POINT('',(6.28837260041593E-15,178.,-2.7));
#2739=CARTESIAN_POINT('',(7.15573433840433E-15,2.70000000000002,-1.3414213562373));
#2740=CARTESIAN_POINT('',(7.58941520739853E-15,21.2,-77.));
#2741=CARTESIAN_POINT('',(7.58941520739853E-15,21.2,-75.));
#2742=CARTESIAN_POINT('Origin',(7.58941520739853E-15,23.2,-77.));
#2743=CARTESIAN_POINT('',(7.37257477290143E-15,135.3,-25.7));
#2744=CARTESIAN_POINT('',(7.37257477290143E-15,135.3,-52.));
#2745=CARTESIAN_POINT('',(7.37257477290143E-15,135.3,-22.7));
#2746=CARTESIAN_POINT('',(7.58941520739853E-15,132.3,-55.));
#2747=CARTESIAN_POINT('Origin',(7.58941520739853E-15,132.3,-52.));
#2748=CARTESIAN_POINT('',(7.37257477290143E-15,25.7,-55.));
#2749=CARTESIAN_POINT('',(7.37257477290143E-15,135.3,-55.));
#2750=CARTESIAN_POINT('',(7.37257477290143E-15,22.7,-52.));
#2751=CARTESIAN_POINT('Origin',(7.37257477290143E-15,25.7,-52.));
#2752=CARTESIAN_POINT('',(7.37257477290143E-15,22.7,-25.7));
#2753=CARTESIAN_POINT('',(7.37257477290143E-15,22.7,-55.));
#2754=CARTESIAN_POINT('',(7.37257477290143E-15,25.7,-22.7));
#2755=CARTESIAN_POINT('Origin',(7.37257477290143E-15,25.7,-25.7));
#2756=CARTESIAN_POINT('',(7.58941520739853E-15,132.3,-22.7));
#2757=CARTESIAN_POINT('',(7.37257477290143E-15,22.7,-22.7));
#2758=CARTESIAN_POINT('Origin',(7.58941520739853E-15,132.3,-25.7));
#2759=CARTESIAN_POINT('Origin',(-1.19999999999999,178.,-1.72413793103447));
#2760=CARTESIAN_POINT('',(-0.218869317684645,237.3,23.8362068965517));
#2761=CARTESIAN_POINT('',(1.40946282423116E-14,237.3,23.8362068965517));
#2762=CARTESIAN_POINT('',(1.40946282423116E-14,237.3,23.8362068965517));
#2763=CARTESIAN_POINT('',(-1.19999999999999,178.6,-1.4655172413793));
#2764=CARTESIAN_POINT('Origin',(-1.19999999999999,236.,5.00000000000001));
#2765=CARTESIAN_POINT('',(-1.19999999999999,236.,5.00000000000001));
#2766=CARTESIAN_POINT('',(1.40946282423116E-14,237.3,5.));
#2767=CARTESIAN_POINT('Origin',(-1.19999999999999,158.,-75.));
#2768=CARTESIAN_POINT('',(-1.19999999999999,133.,-75.));
#2769=CARTESIAN_POINT('',(1.17093834628434E-14,155.3,-75.));
#2770=CARTESIAN_POINT('Origin',(-1.19999999999999,178.,-20.));
#2771=CARTESIAN_POINT('',(1.17093834628434E-14,154.7,-20.));
#2772=CARTESIAN_POINT('',(-1.19999999999999,174.904881580869,-20.));
#2773=CARTESIAN_POINT('Origin',(-1.19999999999999,178.,-20.));
#2774=CARTESIAN_POINT('',(-1.19999999999999,180.842321794445,-18.7748612954978));
#2775=CARTESIAN_POINT('Origin',(1.17093834628434E-14,155.3,-20.6));
#2776=CARTESIAN_POINT('',(1.17093834628434E-14,154.7,-20.6));
#2777=CARTESIAN_POINT('',(1.17093834628434E-14,155.3,-20.6));
#2778=CARTESIAN_POINT('Origin',(1.17093834628434E-14,154.7,-20.6));
#2779=CARTESIAN_POINT('Origin',(6.07153216591882E-15,178.6,-3.3));
#2780=CARTESIAN_POINT('',(6.28837260041593E-15,178.,-3.3));
#2781=CARTESIAN_POINT('',(6.07153216591882E-15,178.6,-3.3));
#2782=CARTESIAN_POINT('Origin',(6.28837260041593E-15,178.,-3.3));
#2783=CARTESIAN_POINT('',(7.58941520739853E-15,178.,-2.7));
#2784=CARTESIAN_POINT('Origin',(6.07153216591882E-15,178.6,0.));
#2785=CARTESIAN_POINT('Origin',(1.50000000000001,155.3,-20.6));
#2786=CARTESIAN_POINT('',(1.50000000000001,156.8,-20.6));
#2787=CARTESIAN_POINT('',(1.50000000000001,158.,-20.6));
#2788=CARTESIAN_POINT('',(1.50000000000001,158.,-20.6));
#2789=CARTESIAN_POINT('Origin',(1.50000000000001,155.3,-20.6));
#2790=CARTESIAN_POINT('Origin',(1.50000000000001,155.3,-20.6));
#2791=CARTESIAN_POINT('Origin',(1.50000000000001,155.3,-75.));
#2792=CARTESIAN_POINT('',(1.50000000000001,156.8,-75.));
#2793=CARTESIAN_POINT('Origin',(1.50000000000001,155.3,-75.));
#2794=CARTESIAN_POINT('',(1.50000000000001,158.,-75.));
#2795=CARTESIAN_POINT('Origin',(1.50000000000001,155.3,-75.));
#2796=CARTESIAN_POINT('',(1.50000000000001,156.8,-75.));
#2797=CARTESIAN_POINT('Origin',(1.50000000000001,155.3,-75.));
#2798=CARTESIAN_POINT('',(1.50000000000001,158.,0.));
#2799=CARTESIAN_POINT('Origin',(1.50000000000001,155.3,-75.));
#2800=CARTESIAN_POINT('',(1.50000000000001,156.8,-20.6));
#2801=CARTESIAN_POINT('Origin',(18.8,158.,-75.));
#2802=CARTESIAN_POINT('',(15.8,156.8,-75.));
#2803=CARTESIAN_POINT('',(18.8,156.8,-75.));
#2804=CARTESIAN_POINT('',(15.8,158.,-75.));
#2805=CARTESIAN_POINT('',(-4.63171168085807E-13,158.,-75.));
#2806=CARTESIAN_POINT('',(15.8,158.,-75.));
#2807=CARTESIAN_POINT('Origin',(3.46944695195361E-15,158.,-20.6));
#2808=CARTESIAN_POINT('',(28.7999999999996,156.8,-20.6));
#2809=CARTESIAN_POINT('',(6.72205346941013E-15,156.8,-20.6));
#2810=CARTESIAN_POINT('',(28.7999999999996,158.,-20.6));
#2811=CARTESIAN_POINT('',(28.7999999999996,156.8,-20.6));
#2812=CARTESIAN_POINT('',(-4.63171168085807E-13,158.,-20.6));
#2813=CARTESIAN_POINT('Origin',(-4.63171168085807E-13,158.,0.));
#2814=CARTESIAN_POINT('',(43.7999999999995,158.,-35.6));
#2815=CARTESIAN_POINT('Origin',(28.7999999999996,158.,-35.6));
#2816=CARTESIAN_POINT('',(43.7999999999996,158.,-76.35));
#2817=CARTESIAN_POINT('',(43.7999999999995,158.,-35.6));
#2818=CARTESIAN_POINT('',(40.7999999999995,158.,-79.35));
#2819=CARTESIAN_POINT('Origin',(40.7999999999995,158.,-76.35));
#2820=CARTESIAN_POINT('',(29.3,158.,-79.35));
#2821=CARTESIAN_POINT('',(26.3,158.,-79.35));
#2822=CARTESIAN_POINT('',(26.3,158.,-76.35));
#2823=CARTESIAN_POINT('Origin',(29.3,158.,-76.35));
#2824=CARTESIAN_POINT('',(26.3,158.,-60.));
#2825=CARTESIAN_POINT('',(26.3,158.,-75.));
#2826=CARTESIAN_POINT('Origin',(22.55,158.,-60.));
#2827=CARTESIAN_POINT('Origin',(15.8,158.,-72.));
#2828=CARTESIAN_POINT('Origin',(-4.59051199830363E-13,156.8,0.));
#2829=CARTESIAN_POINT('',(26.3,156.8,-60.));
#2830=CARTESIAN_POINT('Origin',(22.55,156.8,-60.));
#2831=CARTESIAN_POINT('',(26.3,156.8,-76.35));
#2832=CARTESIAN_POINT('',(26.3,156.8,-75.));
#2833=CARTESIAN_POINT('',(29.3,156.8,-79.35));
#2834=CARTESIAN_POINT('Origin',(29.3,156.8,-76.35));
#2835=CARTESIAN_POINT('',(40.7999999999995,156.8,-79.35));
#2836=CARTESIAN_POINT('',(26.3,156.8,-79.35));
#2837=CARTESIAN_POINT('',(43.7999999999996,156.8,-76.35));
#2838=CARTESIAN_POINT('Origin',(40.7999999999995,156.8,-76.35));
#2839=CARTESIAN_POINT('',(43.7999999999996,156.8,-35.6));
#2840=CARTESIAN_POINT('',(43.7999999999996,156.8,-35.6));
#2841=CARTESIAN_POINT('Origin',(28.7999999999996,156.8,-35.6));
#2842=CARTESIAN_POINT('Origin',(15.8,156.8,-72.));
#2843=CARTESIAN_POINT('Ctrl Pts',(-1.21199993740327,237.299420871178,23.8360486838485));
#2844=CARTESIAN_POINT('Ctrl Pts',(-1.21207673483837,237.654673725782,23.9331004988048));
#2845=CARTESIAN_POINT('Ctrl Pts',(-1.14148776103699,238.009681943951,24.0301196850881));
#2846=CARTESIAN_POINT('Ctrl Pts',(-0.869708685216738,238.665814674766,24.2241379310345));
#2847=CARTESIAN_POINT('Ctrl Pts',(-0.668696476583848,238.966650704572,24.3211206896552));
#2848=CARTESIAN_POINT('Ctrl Pts',(-0.166650704571955,239.468696476584,24.5150862068966));
#2849=CARTESIAN_POINT('Ctrl Pts',(0.134185325234132,239.669708685217,24.6120689655172));
#2850=CARTESIAN_POINT('Ctrl Pts',(0.790318056048615,239.941487761037,24.8060872114636));
#2851=CARTESIAN_POINT('Ctrl Pts',(1.14532627421852,240.012076734838,24.9031063977469));
#2852=CARTESIAN_POINT('Ctrl Pts',(1.50057912882192,240.011999937403,25.0001582127032));
#2853=CARTESIAN_POINT('Ctrl Pts',(-1.19999993768025,237.299423433768,23.8360486838845));
#2854=CARTESIAN_POINT('Ctrl Pts',(-1.20007639530369,237.653104328523,23.9331004767324));
#2855=CARTESIAN_POINT('Ctrl Pts',(-1.12979976209435,238.006541758359,24.0301196850881));
#2856=CARTESIAN_POINT('Ctrl Pts',(-0.859223248556487,238.659771247001,24.2241379310345));
#2857=CARTESIAN_POINT('Ctrl Pts',(-0.65910047447507,238.959276143932,24.3211206896552));
#2858=CARTESIAN_POINT('Ctrl Pts',(-0.159276143932256,239.459100474475,24.5150862068966));
#2859=CARTESIAN_POINT('Ctrl Pts',(0.140228752998583,239.659223248557,24.6120689655172));
#2860=CARTESIAN_POINT('Ctrl Pts',(0.79345824164132,239.929799762094,24.8060872114636));
#2861=CARTESIAN_POINT('Ctrl Pts',(1.14689567147723,240.000076395304,24.9031064198194));
#2862=CARTESIAN_POINT('Ctrl Pts',(1.50057656623245,239.99999993768,25.0001582126672));
#2863=CARTESIAN_POINT('Ctrl Pts',(3.46220894005966E-8,237.299679692715,
23.8360486874847));
#2864=CARTESIAN_POINT('Ctrl Pts',(-4.24418353749802E-5,237.496164602652,
23.9330982694866));
#2865=CARTESIAN_POINT('Ctrl Pts',(0.0390001321698144,237.692523199088,24.0301196850881));
#2866=CARTESIAN_POINT('Ctrl Pts',(0.189320417468627,238.055428470556,24.2241379310345));
#2867=CARTESIAN_POINT('Ctrl Pts',(0.300499736402743,238.221820079962,24.3211206896552));
#2868=CARTESIAN_POINT('Ctrl Pts',(0.578179920037639,238.499500263597,24.5150862068966));
#2869=CARTESIAN_POINT('Ctrl Pts',(0.744571529443662,238.610679582531,24.6120689655172));
#2870=CARTESIAN_POINT('Ctrl Pts',(1.10747680091185,238.76099986783,24.8060872114636));
#2871=CARTESIAN_POINT('Ctrl Pts',(1.30383539734853,238.800042441835,24.9031086270652));
#2872=CARTESIAN_POINT('Ctrl Pts',(1.50032030728472,238.799999965378,25.000158209067));
#2873=CARTESIAN_POINT('Ctrl Pts',(0.012120034342343,237.299682280931,23.8360486875211));
#2874=CARTESIAN_POINT('Ctrl Pts',(0.012077901094655,237.49457951142,23.9330982471934));
#2875=CARTESIAN_POINT('Ctrl Pts',(0.0508050111018826,237.68935161164,24.0301196850881));
#2876=CARTESIAN_POINT('Ctrl Pts',(0.19991070849548,238.049324608514,24.2241379310345));
#2877=CARTESIAN_POINT('Ctrl Pts',(0.310191698532609,238.214371773716,24.3211206896552));
#2878=CARTESIAN_POINT('Ctrl Pts',(0.585628226283735,238.489808301467,24.5150862068966));
#2879=CARTESIAN_POINT('Ctrl Pts',(0.750675391485757,238.600089291505,24.6120689655172));
#2880=CARTESIAN_POINT('Ctrl Pts',(1.11064838836048,238.749194988898,24.8060872114636));
#2881=CARTESIAN_POINT('Ctrl Pts',(1.30542048857983,238.787922098905,24.9031086493584));
#2882=CARTESIAN_POINT('Ctrl Pts',(1.50031771906935,238.787879965658,25.0001582090306));
#2883=CARTESIAN_POINT('',(1.50000000000001,238.8,25.));
#2884=CARTESIAN_POINT('',(1.5,240.,25.));
#2885=CARTESIAN_POINT('',(1.5,240.,25.));
#2886=CARTESIAN_POINT('Ctrl Pts',(-1.19999999999999,237.3,23.8362068965517));
#2887=CARTESIAN_POINT('Ctrl Pts',(-1.19999999999999,237.372126999937,23.8559989113281));
#2888=CARTESIAN_POINT('Ctrl Pts',(-1.19711409852633,237.4437854258,23.8756630480708));
#2889=CARTESIAN_POINT('Ctrl Pts',(-1.19142907726512,237.514964001758,23.8952573362182));
#2890=CARTESIAN_POINT('Ctrl Pts',(-1.18568436686753,237.586889907854,23.9150573520284));
#2891=CARTESIAN_POINT('Ctrl Pts',(-1.17708147897628,237.658326665588,23.934786044811));
#2892=CARTESIAN_POINT('Ctrl Pts',(-1.16565726028174,237.729268413358,23.9545032910797));
#2893=CARTESIAN_POINT('Ctrl Pts',(-1.16044432088088,237.761639557679,23.963500388623));
#2894=CARTESIAN_POINT('Ctrl Pts',(-1.1546432157229,237.79390763522,23.9724951028286));
#2895=CARTESIAN_POINT('Ctrl Pts',(-1.14825385896729,237.826071761706,23.9814931225534));
#2896=CARTESIAN_POINT('Ctrl Pts',(-1.1354889819804,237.890330361389,23.9994696762671));
#2897=CARTESIAN_POINT('Ctrl Pts',(-1.12032702037338,237.95439560184,24.017522853903));
#2898=CARTESIAN_POINT('Ctrl Pts',(-1.10279452757117,238.017955881128,24.0356155308674));
#2899=CARTESIAN_POINT('Ctrl Pts',(-1.08527895627019,238.081454815154,24.0536907456682));
#2900=CARTESIAN_POINT('Ctrl Pts',(-1.06539751521085,238.144449229106,24.0718053835887));
#2901=CARTESIAN_POINT('Ctrl Pts',(-1.04322785253431,238.206637794322,24.0899224274237));
#2902=CARTESIAN_POINT('Ctrl Pts',(-1.02804922085186,238.249215678346,24.1023264021507));
#2903=CARTESIAN_POINT('Ctrl Pts',(-1.01179904494152,238.291416014034,24.1147315046653));
#2904=CARTESIAN_POINT('Ctrl Pts',(-0.994515622032957,238.333146558545,24.127125854754));
#2905=CARTESIAN_POINT('Ctrl Pts',(-0.966729922203683,238.400234680477,24.1470516352529));
#2906=CARTESIAN_POINT('Ctrl Pts',(-0.936379071195521,238.465872076693,24.1668795739937));
#2907=CARTESIAN_POINT('Ctrl Pts',(-0.90352450696468,238.530069081158,24.1866688088166));
#2908=CARTESIAN_POINT('Ctrl Pts',(-0.870499256012134,238.594599603247,24.2065608530877));
#2909=CARTESIAN_POINT('Ctrl Pts',(-0.834943866875677,238.65767550345,24.2264137902455));
#2910=CARTESIAN_POINT('Ctrl Pts',(-0.796871848331716,238.719288452832,24.2462876846295));
#2911=CARTESIAN_POINT('Ctrl Pts',(-0.780405586681518,238.74593623733,24.2548832032663));
#2912=CARTESIAN_POINT('Ctrl Pts',(-0.763467980677646,238.772310057231,24.2634826421374));
#2913=CARTESIAN_POINT('Ctrl Pts',(-0.746057578366613,238.798407606315,24.2720908606582));
#2914=CARTESIAN_POINT('Ctrl Pts',(-0.714397261224229,238.845865250651,24.2877446590903));
#2915=CARTESIAN_POINT('Ctrl Pts',(-0.681069036432585,238.892557180509,24.3034780702223));
#2916=CARTESIAN_POINT('Ctrl Pts',(-0.646211207603034,238.938223871258,24.3192426497131));
#2917=CARTESIAN_POINT('Ctrl Pts',(-0.609849765419075,238.985860422104,24.3356872437958));
#2918=CARTESIAN_POINT('Ctrl Pts',(-0.571823880990113,239.032380641731,24.3521657531634));
#2919=CARTESIAN_POINT('Ctrl Pts',(-0.532340454612418,239.077524198582,24.3686231901412));
#2920=CARTESIAN_POINT('Ctrl Pts',(-0.492857028234723,239.122667755434,24.3850806271189));
#2921=CARTESIAN_POINT('Ctrl Pts',(-0.451916501166899,239.166434202324,24.4015169917068));
#2922=CARTESIAN_POINT('Ctrl Pts',(-0.409770984972573,239.20860545555,24.4178772962302));
#2923=CARTESIAN_POINT('Ctrl Pts',(-0.358385596604009,239.26002222347,24.4378243909077));
#2924=CARTESIAN_POINT('Ctrl Pts',(-0.305099986847136,239.309193646523,24.4577047791592));
#2925=CARTESIAN_POINT('Ctrl Pts',(-0.2499477470864,239.356132992408,24.4775782984151));
#2926=CARTESIAN_POINT('Ctrl Pts',(-0.194819711176191,239.403051738714,24.4974430960725));
#2927=CARTESIAN_POINT('Ctrl Pts',(-0.137826035535914,239.447740913613,24.517301030762));
#2928=CARTESIAN_POINT('Ctrl Pts',(-0.0789659870868611,239.490174972833,
24.5372118611687));
#2929=CARTESIAN_POINT('Ctrl Pts',(-0.0538171666030919,239.508305548084,
24.5457190559939));
#2930=CARTESIAN_POINT('Ctrl Pts',(-0.0283272609796637,239.526023909953,
24.554235907203));
#2931=CARTESIAN_POINT('Ctrl Pts',(-0.00249476413328509,239.543325541189,
24.562767075935));
#2932=CARTESIAN_POINT('Ctrl Pts',(0.0463186188594406,239.57601890246,24.578887670439));
#2933=CARTESIAN_POINT('Ctrl Pts',(0.0963771129274907,239.607233059792,24.5950667294757));
#2934=CARTESIAN_POINT('Ctrl Pts',(0.147444743642551,239.636791449509,24.6112580122749));
#2935=CARTESIAN_POINT('Ctrl Pts',(0.198689826046683,239.666452549811,24.6275055571415));
#2936=CARTESIAN_POINT('Ctrl Pts',(0.250950644630237,239.694446051766,24.6437654108693));
#2937=CARTESIAN_POINT('Ctrl Pts',(0.303961343045216,239.720638661814,24.6599908489739));
#2938=CARTESIAN_POINT('Ctrl Pts',(0.356972041460194,239.746831271862,24.6762162870784));
#2939=CARTESIAN_POINT('Ctrl Pts',(0.410732128744041,239.771222808816,24.6924073095596));
#2940=CARTESIAN_POINT('Ctrl Pts',(0.464955315540056,239.793728634229,24.7085171919329));
#2941=CARTESIAN_POINT('Ctrl Pts',(0.552816720259469,239.830196307044,24.734621096532));
#2942=CARTESIAN_POINT('Ctrl Pts',(0.642743465274787,239.86207324591,24.7607653251727));
#2943=CARTESIAN_POINT('Ctrl Pts',(0.734261190566112,239.889139640059,24.7869535301413));
#2944=CARTESIAN_POINT('Ctrl Pts',(0.825470521076982,239.916114826362,24.813053486569));
#2945=CARTESIAN_POINT('Ctrl Pts',(0.918259867318668,239.938311659046,24.8391971234426));
#2946=CARTESIAN_POINT('Ctrl Pts',(1.01213509783403,239.955557914495,24.8653880562504));
#2947=CARTESIAN_POINT('Ctrl Pts',(1.10549762689545,239.972709979173,24.8914359467534));
#2948=CARTESIAN_POINT('Ctrl Pts',(1.19993393019919,239.984965256015,24.917530617986));
#2949=CARTESIAN_POINT('Ctrl Pts',(1.2949376545048,239.992201596177,24.943675626521));
#2950=CARTESIAN_POINT('Ctrl Pts',(1.36306440233693,239.997390743499,24.9624240957685));
#2951=CARTESIAN_POINT('Ctrl Pts',(1.43148249797785,240.,24.981198449767));
#2952=CARTESIAN_POINT('Ctrl Pts',(1.5,240.,25.));
#2953=CARTESIAN_POINT('Ctrl Pts',(1.4432899320127E-14,237.3,23.8362068965517));
#2954=CARTESIAN_POINT('Ctrl Pts',(1.44340596051666E-14,237.355902644595,
23.8638188413702));
#2955=CARTESIAN_POINT('Ctrl Pts',(0.00312081889808308,237.411430420425,
23.8912464333965));
#2956=CARTESIAN_POINT('Ctrl Pts',(0.00926293589278648,237.466442199267,
23.918587189556));
#2957=CARTESIAN_POINT('Ctrl Pts',(0.0154673043331514,237.52201153225,23.9462050491308));
#2958=CARTESIAN_POINT('Ctrl Pts',(0.0247545220050565,237.577055741012,23.973734303725));
#2959=CARTESIAN_POINT('Ctrl Pts',(0.0370749903420218,237.631436896131,24.001275465471));
#2960=CARTESIAN_POINT('Ctrl Pts',(0.0492982093552204,237.685388803724,24.0285992361826));
#2961=CARTESIAN_POINT('Ctrl Pts',(0.0645073572891541,237.738689393614,24.055934726814));
#2962=CARTESIAN_POINT('Ctrl Pts',(0.0827028393830773,237.791191162896,24.0833800881137));
#2963=CARTESIAN_POINT('Ctrl Pts',(0.0923641697838733,237.819068244528,24.0979528651424));
#2964=CARTESIAN_POINT('Ctrl Pts',(0.102868245205122,237.846719775745,24.112556618397));
#2965=CARTESIAN_POINT('Ctrl Pts',(0.114220116142674,237.874120295318,24.1272060409869));
#2966=CARTESIAN_POINT('Ctrl Pts',(0.139362803102264,237.934808325508,24.1596523089497));
#2967=CARTESIAN_POINT('Ctrl Pts',(0.168345843432561,237.99350256264,24.1919158562738));
#2968=CARTESIAN_POINT('Ctrl Pts',(0.200934406123112,238.049952387026,24.2241107807508));
#2969=CARTESIAN_POINT('Ctrl Pts',(0.234080089837019,238.107367255013,24.2568560967698));
#2970=CARTESIAN_POINT('Ctrl Pts',(0.270956434254557,238.162462250012,24.2895304235886));
#2971=CARTESIAN_POINT('Ctrl Pts',(0.311367937667385,238.214961103214,24.3222538113175));
#2972=CARTESIAN_POINT('Ctrl Pts',(0.350714522292885,238.266076513328,24.3541148765038));
#2973=CARTESIAN_POINT('Ctrl Pts',(0.393413813370888,238.314732160632,24.3860224509755));
#2974=CARTESIAN_POINT('Ctrl Pts',(0.439316770950321,238.360637114009,24.4180873421068));
#2975=CARTESIAN_POINT('Ctrl Pts',(0.474195344098601,238.395517203629,24.4424512983699));
#2976=CARTESIAN_POINT('Ctrl Pts',(0.510582191647665,238.42847080375,24.4666702000491));
#2977=CARTESIAN_POINT('Ctrl Pts',(0.548403923682083,238.459510632783,24.4908374938397));
#2978=CARTESIAN_POINT('Ctrl Pts',(0.586164325623064,238.490500128964,24.5149655989865));
#2979=CARTESIAN_POINT('Ctrl Pts',(0.625355791120748,238.519582733803,24.5390422634794));
#2980=CARTESIAN_POINT('Ctrl Pts',(0.665942600604468,238.546735037814,24.563160480163));
#2981=CARTESIAN_POINT('Ctrl Pts',(0.699141069773457,238.568944591584,24.5828882656965));
#2982=CARTESIAN_POINT('Ctrl Pts',(0.733406565787945,238.589943283332,24.6027221485943));
#2983=CARTESIAN_POINT('Ctrl Pts',(0.76853686530997,238.609565455634,24.6225974288716));
#2984=CARTESIAN_POINT('Ctrl Pts',(0.80363180558795,238.629167877885,24.6424527043412));
#2985=CARTESIAN_POINT('Ctrl Pts',(0.839589298834548,238.647396209371,24.662349293898));
#2986=CARTESIAN_POINT('Ctrl Pts',(0.876179606922879,238.664129069106,24.6822226927255));
#2987=CARTESIAN_POINT('Ctrl Pts',(0.892592003211602,238.671634508098,24.6911368045273));
#2988=CARTESIAN_POINT('Ctrl Pts',(0.90913138707861,238.678839687033,24.7000462505275));
#2989=CARTESIAN_POINT('Ctrl Pts',(0.925775625113294,238.685736759737,24.7089452095609));
#2990=CARTESIAN_POINT('Ctrl Pts',(0.987377697470843,238.711263549903,24.7418811911986));
#2991=CARTESIAN_POINT('Ctrl Pts',(1.05041993879456,238.732578763573,24.7746786661286));
#2992=CARTESIAN_POINT('Ctrl Pts',(1.11455525878958,238.749631798587,24.8074576479842));
#2993=CARTESIAN_POINT('Ctrl Pts',(1.17784201067068,238.76645920657,24.8398029343533));
#2994=CARTESIAN_POINT('Ctrl Pts',(1.24219513403123,238.779136937317,24.8721302137708));
#2995=CARTESIAN_POINT('Ctrl Pts',(1.30729739887115,238.787570404222,24.9045547989537));
#2996=CARTESIAN_POINT('Ctrl Pts',(1.37091727219214,238.795811839409,24.936241069883));
#2997=CARTESIAN_POINT('Ctrl Pts',(1.43525440770727,238.8,24.9680202656858));
#2998=CARTESIAN_POINT('Ctrl Pts',(1.50000000000001,238.8,25.));
#2999=CARTESIAN_POINT('Origin',(1.50000000000002,237.3,5.));
#3000=CARTESIAN_POINT('',(1.50000000000001,238.8,5.));
#3001=CARTESIAN_POINT('Origin',(1.50000000000002,237.3,5.));
#3002=CARTESIAN_POINT('',(1.5,240.,5.));
#3003=CARTESIAN_POINT('Origin',(1.50000000000002,237.3,5.));
#3004=CARTESIAN_POINT('',(1.50000000000001,238.8,5.));
#3005=CARTESIAN_POINT('Origin',(1.50000000000002,237.3,5.));
#3006=CARTESIAN_POINT('',(1.5,240.,25.));
#3007=CARTESIAN_POINT('Origin',(1.50000000000002,237.3,5.));
#3008=CARTESIAN_POINT('',(1.50000000000001,238.8,25.));
#3009=CARTESIAN_POINT('Origin',(3.25260651745651E-15,240.,25.));
#3010=CARTESIAN_POINT('',(15.8,240.,25.));
#3011=CARTESIAN_POINT('',(-1.05969920338733E-12,240.,25.));
#3012=CARTESIAN_POINT('',(15.8,238.8,25.));
#3013=CARTESIAN_POINT('',(8.67361737988404E-15,238.8,25.));
#3014=CARTESIAN_POINT('',(15.8,240.,25.));
#3015=CARTESIAN_POINT('Origin',(18.8,240.,5.));
#3016=CARTESIAN_POINT('',(3.80000000000001,238.8,5.00000000000001));
#3017=CARTESIAN_POINT('',(18.8,238.8,5.00000000000001));
#3018=CARTESIAN_POINT('',(3.80000000000001,240.,5.));
#3019=CARTESIAN_POINT('',(-1.05969920338733E-12,240.,5.));
#3020=CARTESIAN_POINT('',(3.80000000000001,240.,5.));
#3021=CARTESIAN_POINT('Origin',(-1.05969920338733E-12,240.,-3.33066907387547E-13));
#3022=CARTESIAN_POINT('',(18.8,240.,22.));
#3023=CARTESIAN_POINT('Origin',(15.8,240.,22.));
#3024=CARTESIAN_POINT('',(18.8,240.,20.));
#3025=CARTESIAN_POINT('',(18.8,240.,-3.33066907387547E-13));
#3026=CARTESIAN_POINT('Origin',(3.80000000000001,240.,20.));
#3027=CARTESIAN_POINT('Origin',(-1.05536239469739E-12,238.8,-3.31401572850609E-13));
#3028=CARTESIAN_POINT('',(18.8,238.8,20.));
#3029=CARTESIAN_POINT('',(18.8,238.8,22.));
#3030=CARTESIAN_POINT('',(18.8,238.8,25.));
#3031=CARTESIAN_POINT('Origin',(15.8,238.8,22.));
#3032=CARTESIAN_POINT('Origin',(3.80000000000001,238.8,20.));
#3033=CARTESIAN_POINT('Origin',(18.8,240.,25.));
#3034=CARTESIAN_POINT('',(18.8,240.,22.));
#3035=CARTESIAN_POINT('',(18.8,240.,20.));
#3036=CARTESIAN_POINT('Origin',(22.55,156.8,-60.));
#3037=CARTESIAN_POINT('',(26.3,156.8,-60.));
#3038=CARTESIAN_POINT('Origin',(28.7999999999996,156.8,-35.6));
#3039=CARTESIAN_POINT('',(43.7999999999996,156.8,-35.6));
#3040=CARTESIAN_POINT('Origin',(43.7999999999996,156.8,-35.6));
#3041=CARTESIAN_POINT('',(43.7999999999996,156.8,-76.35));
#3042=CARTESIAN_POINT('Origin',(26.3,156.8,-75.));
#3043=CARTESIAN_POINT('',(26.3,156.8,-76.35));
#3044=CARTESIAN_POINT('Origin',(-1.19999999999999,135.3,-22.7));
#3045=CARTESIAN_POINT('',(-1.19999999999999,135.3,-52.));
#3046=CARTESIAN_POINT('',(7.37257477290143E-15,135.3,-25.7));
#3047=CARTESIAN_POINT('Origin',(-1.19999999999999,22.7,-22.7));
#3048=CARTESIAN_POINT('',(7.37257477290143E-15,25.7,-22.7));
#3049=CARTESIAN_POINT('',(-1.19999999999999,132.3,-22.7));
#3050=CARTESIAN_POINT('Origin',(-1.19999999999999,22.7,-55.));
#3051=CARTESIAN_POINT('',(-1.19999999999999,22.7,-25.7));
#3052=CARTESIAN_POINT('',(7.37257477290143E-15,22.7,-52.));
#3053=CARTESIAN_POINT('Origin',(-1.19999999999999,135.3,-55.));
#3054=CARTESIAN_POINT('',(-1.19999999999999,25.7,-55.));
#3055=CARTESIAN_POINT('',(7.58941520739853E-15,132.3,-55.));
#3056=CARTESIAN_POINT('Origin',(-1.19999999999999,21.2,-75.));
#3057=CARTESIAN_POINT('',(-1.19999999999999,21.2,-77.));
#3058=CARTESIAN_POINT('Origin',(-1.19999999999999,133.,-79.));
#3059=CARTESIAN_POINT('',(-1.19999999999999,131.,-79.));
#3060=CARTESIAN_POINT('',(-1.19999999999999,23.2,-79.));
#3061=CARTESIAN_POINT('Origin',(-1.19999999999999,133.,-75.));
#3062=CARTESIAN_POINT('',(-1.19999999999999,133.,-77.));
#3063=CARTESIAN_POINT('Origin',(26.3,156.8,-79.35));
#3064=CARTESIAN_POINT('',(29.3,156.8,-79.35));
#3065=CARTESIAN_POINT('',(40.7999999999995,156.8,-79.35));
#3066=CARTESIAN_POINT('Origin',(15.8,158.,-72.));
#3067=CARTESIAN_POINT('Origin',(15.8,240.,22.));
#3068=CARTESIAN_POINT('Origin',(40.7999999999995,156.8,-76.35));
#3069=CARTESIAN_POINT('Origin',(29.3,156.8,-76.35));
#3070=CARTESIAN_POINT('Origin',(-1.19999999999999,132.3,-25.7));
#3071=CARTESIAN_POINT('Origin',(-1.19999999999999,132.3,-52.));
#3072=CARTESIAN_POINT('Origin',(-1.19999999999999,25.7,-52.));
#3073=CARTESIAN_POINT('Origin',(-1.19999999999999,25.7,-25.7));
#3074=CARTESIAN_POINT('Origin',(-1.19999999999999,174.904881580869,-4.99999999999999));
#3075=CARTESIAN_POINT('Origin',(3.80000000000001,240.,20.));
#3076=CARTESIAN_POINT('Origin',(15.8,-5.51654051537215E-14,-72.));
#3077=CARTESIAN_POINT('',(18.8,-6.56398491702509E-14,-72.));
#3078=CARTESIAN_POINT('',(15.8,-5.51654051537215E-14,-75.));
#3079=CARTESIAN_POINT('Origin',(15.8,-5.51654051537215E-14,-72.));
#3080=CARTESIAN_POINT('',(15.8,1.19999999999995,-75.));
#3081=CARTESIAN_POINT('',(15.8,-5.51654051537215E-14,-75.));
#3082=CARTESIAN_POINT('',(18.8,1.19999999999993,-72.));
#3083=CARTESIAN_POINT('Origin',(15.8,1.19999999999995,-72.));
#3084=CARTESIAN_POINT('',(18.8,-6.57026516526216E-14,-72.));
#3085=CARTESIAN_POINT('Origin',(18.8,-6.57026516526216E-14,-75.));
#3086=CARTESIAN_POINT('',(18.8,1.19999999999993,6.35342473076506E-14));
#3087=CARTESIAN_POINT('',(18.8,1.19999999999993,-75.));
#3088=CARTESIAN_POINT('',(18.8,-6.57026516526216E-14,6.35342473076506E-14));
#3089=CARTESIAN_POINT('',(18.8,-6.57026516526216E-14,6.35342473076506E-14));
#3090=CARTESIAN_POINT('',(18.8,-6.56398491702509E-14,0.));
#3091=CARTESIAN_POINT('Origin',(-4.18977760661176E-15,0.,0.));
#3092=CARTESIAN_POINT('',(1.49999999999999,-5.20417042793042E-15,0.));
#3093=CARTESIAN_POINT('',(1.49999999999999,-5.20417042793042E-15,4.98732999343332E-15));
#3094=CARTESIAN_POINT('',(1.49999999999999,-5.20417042793042E-15,-75.));
#3095=CARTESIAN_POINT('',(1.49999999999999,-5.20417042793042E-15,-75.));
#3096=CARTESIAN_POINT('',(-4.18977760661176E-15,0.,-75.));
#3097=CARTESIAN_POINT('Origin',(1.49999999999999,-5.20417042793042E-15,
4.98732999343332E-15));
#3098=CARTESIAN_POINT('',(1.49999999999999,1.19999999999999,4.98732999343332E-15));
#3099=CARTESIAN_POINT('',(1.49999999999999,1.19999999999999,4.98732999343332E-15));
#3100=CARTESIAN_POINT('',(1.49999999999999,-5.20417042793042E-15,0.));
#3101=CARTESIAN_POINT('Origin',(0.,1.2,0.));
#3102=CARTESIAN_POINT('',(1.49999999999999,1.19999999999999,-75.));
#3103=CARTESIAN_POINT('',(7.70371977754894E-31,1.2,-75.));
#3104=CARTESIAN_POINT('',(1.49999999999999,1.19999999999999,-75.));
#3105=CARTESIAN_POINT('Origin',(-4.18977760661176E-15,0.,-75.));
#3106=CARTESIAN_POINT('',(1.49999999999999,-5.23722200826468E-15,-75.));
#3107=CARTESIAN_POINT('Origin',(1.5,2.7,-75.));
#3108=CARTESIAN_POINT('Origin',(1.5,2.7,-75.));
#3109=CARTESIAN_POINT('Origin',(1.5,2.7,-75.));
#3110=CARTESIAN_POINT('Ctrl Pts',(-1.21211999061783,2.7002242049846,-2.70014209549616));
#3111=CARTESIAN_POINT('Ctrl Pts',(-1.21214971301485,2.34508804792456,-2.47506572411463));
#3112=CARTESIAN_POINT('Ctrl Pts',(-1.14155937200923,1.99017736511739,-2.25004735906259));
#3113=CARTESIAN_POINT('Ctrl Pts',(-0.869813539583352,1.33412489095647,-1.8));
#3114=CARTESIAN_POINT('Ctrl Pts',(-0.668792436604955,1.03327554982163,-1.575));
#3115=CARTESIAN_POINT('Ctrl Pts',(-0.16672445017837,0.531207563395046,-1.12500000000001));
#3116=CARTESIAN_POINT('Ctrl Pts',(0.134124890956472,0.330186460416647,-0.899999999999995));
#3117=CARTESIAN_POINT('Ctrl Pts',(0.790177365117391,0.0584406279907691,
-0.449952640937402));
#3118=CARTESIAN_POINT('Ctrl Pts',(1.14508804792456,-0.0121497130148555,
-0.224934275885362));
#3119=CARTESIAN_POINT('Ctrl Pts',(1.50022420498461,-0.0121199906178391,
0.000142095496170104));
#3120=CARTESIAN_POINT('Ctrl Pts',(-1.19999999065976,2.70022320298811,-2.70014209542387));
#3121=CARTESIAN_POINT('Ctrl Pts',(-1.20002958023247,2.3466741881363,-2.4750658385924));
#3122=CARTESIAN_POINT('Ctrl Pts',(-1.12975469537665,1.99334944096019,-2.25004735906259));
#3123=CARTESIAN_POINT('Ctrl Pts',(-0.859223248556499,1.34022875299857,-1.8));
#3124=CARTESIAN_POINT('Ctrl Pts',(-0.659100474475089,1.04072385606773,-1.575));
#3125=CARTESIAN_POINT('Ctrl Pts',(-0.159276143932274,0.540899525524911,
-1.12500000000001));
#3126=CARTESIAN_POINT('Ctrl Pts',(0.140228752998567,0.340776751443501,-0.899999999999995));
#3127=CARTESIAN_POINT('Ctrl Pts',(0.793349440960191,0.0702453046233487,
-0.449952640937402));
#3128=CARTESIAN_POINT('Ctrl Pts',(1.1466741881363,-2.95802324785918E-5,
-0.224934161407592));
#3129=CARTESIAN_POINT('Ctrl Pts',(1.50022320298811,9.34023362708314E-9,
0.000142095423882639));
#3130=CARTESIAN_POINT('Ctrl Pts',(5.18902113920455E-9,2.70012399541424,
-2.7001420882667));
#3131=CARTESIAN_POINT('Ctrl Pts',(-1.64334624855962E-5,2.50371777345637,
-2.47507717302505));
#3132=CARTESIAN_POINT('Ctrl Pts',(0.0390251692351955,2.30741635608899,-2.25004735906259));
#3133=CARTESIAN_POINT('Ctrl Pts',(0.189320417468612,1.94457152944365,-1.8));
#3134=CARTESIAN_POINT('Ctrl Pts',(0.300499736402728,1.77817992003762,-1.575));
#3135=CARTESIAN_POINT('Ctrl Pts',(0.578179920037625,1.50049973640273,-1.12500000000001));
#3136=CARTESIAN_POINT('Ctrl Pts',(0.744571529443648,1.38932041746861,-0.899999999999995));
#3137=CARTESIAN_POINT('Ctrl Pts',(1.10741635608899,1.23902516923519,-0.449952640937402));
#3138=CARTESIAN_POINT('Ctrl Pts',(1.30371777345637,1.19998356653751,-0.22492282697494));
#3139=CARTESIAN_POINT('Ctrl Pts',(1.50012399541425,1.20000000518902,0.0001420882667079));
#3140=CARTESIAN_POINT('Ctrl Pts',(0.012000005147509,2.70012300333851,-2.70014208819512));
#3141=CARTESIAN_POINT('Ctrl Pts',(0.0119836980052143,2.50528820930957,-2.47507728636938));
#3142=CARTESIAN_POINT('Ctrl Pts',(0.0507129678813139,2.31055702524028,-2.25004735906259));
#3143=CARTESIAN_POINT('Ctrl Pts',(0.199805854128863,1.9506149572081,-1.8));
#3144=CARTESIAN_POINT('Ctrl Pts',(0.310095738511506,1.78555448067732,-1.575));
#3145=CARTESIAN_POINT('Ctrl Pts',(0.585554480677324,1.5100957385115,-1.12500000000001));
#3146=CARTESIAN_POINT('Ctrl Pts',(0.750614957208099,1.39980585412886,-0.899999999999995));
#3147=CARTESIAN_POINT('Ctrl Pts',(1.11055702524028,1.25071296788131,-0.449952640937402));
#3148=CARTESIAN_POINT('Ctrl Pts',(1.30528820930957,1.21198369800521,-0.224922713630614));
#3149=CARTESIAN_POINT('Ctrl Pts',(1.50012300333851,1.2120000051475,0.000142088195136153));
#3150=CARTESIAN_POINT('Ctrl Pts',(-2.60208521396521E-16,2.69999999999999,
-2.69999999999999));
#3151=CARTESIAN_POINT('Ctrl Pts',(-1.38732789155328E-16,2.55242738020257,
-2.53089423427838));
#3152=CARTESIAN_POINT('Ctrl Pts',(0.021777725816092,2.40565932718809,-2.36270849493277));
#3153=CARTESIAN_POINT('Ctrl Pts',(0.107476607642396,2.12323831482922,-2.02450329069416));
#3154=CARTESIAN_POINT('Ctrl Pts',(0.170929376879188,1.98912158247982,-1.85630596786406));
#3155=CARTESIAN_POINT('Ctrl Pts',(0.307551346880186,1.78472655789819,-1.57459498699594));
#3156=CARTESIAN_POINT('Ctrl Pts',(0.370065047772089,1.70858400003588,-1.46223983780776));
#3157=CARTESIAN_POINT('Ctrl Pts',(0.509043537664274,1.56966681340041,-1.23706512253382));
#3158=CARTESIAN_POINT('Ctrl Pts',(0.585167226651891,1.50721779738938,-1.12477282780171));
#3159=CARTESIAN_POINT('Ctrl Pts',(0.789492240327343,1.37074042261724,-0.843220599887057));
#3160=CARTESIAN_POINT('Ctrl Pts',(0.923548291117434,1.30735707128415,-0.675117007097726));
#3161=CARTESIAN_POINT('Ctrl Pts',(1.20582430286616,1.22175318510966,-0.337102456856758));
#3162=CARTESIAN_POINT('Ctrl Pts',(1.35251055134907,1.2,-0.169010458608192));
#3163=CARTESIAN_POINT('Ctrl Pts',(1.49999999999999,1.2,-2.77555756156289E-16));
#3164=CARTESIAN_POINT('',(-4.33680868994202E-16,2.7,-2.69999999999999));
#3165=CARTESIAN_POINT('Ctrl Pts',(-1.2,2.69999999999998,-2.69999999999999));
#3166=CARTESIAN_POINT('Ctrl Pts',(-1.2,2.43447376727473,-2.53096075016482));
#3167=CARTESIAN_POINT('Ctrl Pts',(-1.16083096750421,2.17039400647794,-2.3628402844621));
#3168=CARTESIAN_POINT('Ctrl Pts',(-1.006692976391,1.66222081765295,-2.02476991058916));
#3169=CARTESIAN_POINT('Ctrl Pts',(-0.892567511961156,1.42089159887064,-1.85664121320143));
#3170=CARTESIAN_POINT('Ctrl Pts',(-0.646840696702818,1.0530806762674,-1.57505139343887));
#3171=CARTESIAN_POINT('Ctrl Pts',(-0.534403777418777,0.916052527866226,
-1.46274497249377));
#3172=CARTESIAN_POINT('Ctrl Pts',(-0.284327565372548,0.665925610793416,
-1.2375744063993));
#3173=CARTESIAN_POINT('Ctrl Pts',(-0.147283806560678,0.553435186755887,
-1.12523910041902));
#3174=CARTESIAN_POINT('Ctrl Pts',(0.220585036485397,0.307588770052141,-0.843576323442216));
#3175=CARTESIAN_POINT('Ctrl Pts',(0.461964445637527,0.193405889603475,-0.675404556326736));
#3176=CARTESIAN_POINT('Ctrl Pts',(0.970257566419475,0.0391893284208138,
-0.337246575943882));
#3177=CARTESIAN_POINT('Ctrl Pts',(1.23440498331484,-3.87026168458285E-15,
-0.169083039064062));
#3178=CARTESIAN_POINT('Ctrl Pts',(1.49999999999999,-4.78783679369599E-15,
-6.93889390390723E-17));
#3179=CARTESIAN_POINT('Origin',(1.5,2.7,-112.579633493762));
#3180=CARTESIAN_POINT('Origin',(1.5,2.7,-112.579633493762));
#3181=CARTESIAN_POINT('Ctrl Pts',(1.50206935364421,1.29931690859825,-8.02815233516184E-7));
#3182=CARTESIAN_POINT('Ctrl Pts',(1.14789204318621,1.41623038865637,0.000274013011354973));
#3183=CARTESIAN_POINT('Ctrl Pts',(0.793917885630165,1.53310567335735,-0.0700098471315904));
#3184=CARTESIAN_POINT('Ctrl Pts',(0.140228752998577,1.7666666666667,-0.3407767514435));
#3185=CARTESIAN_POINT('Ctrl Pts',(-0.159276143932264,1.88333333333334,-0.540899525524909));
#3186=CARTESIAN_POINT('Ctrl Pts',(-0.65910047447508,2.11666666666666,-1.04072385606773));
#3187=CARTESIAN_POINT('Ctrl Pts',(-0.859223248556489,2.2333333333333,-1.34022875299857));
#3188=CARTESIAN_POINT('Ctrl Pts',(-1.1299901528684,2.46689432664265,-1.99391788563015));
#3189=CARTESIAN_POINT('Ctrl Pts',(-1.20027401301134,2.58376961134364,-2.34789204318621));
#3190=CARTESIAN_POINT('Ctrl Pts',(-1.19999919718476,2.70068309140176,-2.7020693536442));
#3191=CARTESIAN_POINT('Ctrl Pts',(1.50114915837791,1.29931692871731,-1.20058585720132));
#3192=CARTESIAN_POINT('Ctrl Pts',(1.30446659616001,1.41622695191666,-1.20043324132741));
#3193=CARTESIAN_POINT('Ctrl Pts',(1.10788525071889,1.53310567335735,-1.2394645914177));
#3194=CARTESIAN_POINT('Ctrl Pts',(0.744866353719367,1.7666666666667,-1.38983194195262));
#3195=CARTESIAN_POINT('Ctrl Pts',(0.578539682673017,1.88333333333334,-1.50096787046202));
#3196=CARTESIAN_POINT('Ctrl Pts',(0.300967870462033,2.11666666666666,-1.77853968267301));
#3197=CARTESIAN_POINT('Ctrl Pts',(0.189831941952631,2.2333333333333,-1.94486635371936));
#3198=CARTESIAN_POINT('Ctrl Pts',(0.0394645914177085,2.46689432664265,-2.30788525071888));
#3199=CARTESIAN_POINT('Ctrl Pts',(0.000433241327419834,2.58377304808335,
-2.50446659616001));
#3200=CARTESIAN_POINT('Ctrl Pts',(0.000585857201336209,2.70068307128269,
-2.7011491583779));
#3201=CARTESIAN_POINT('',(1.50000000000002,1.30000000000003,-1.20000000000001));
#3202=CARTESIAN_POINT('',(1.49999999999999,1.30000000000002,4.77048955893622E-15));
#3203=CARTESIAN_POINT('',(1.50000000000002,1.30000000000003,-1.20000000000001));
#3204=CARTESIAN_POINT('Ctrl Pts',(1.49999999999999,1.30000000000002,4.77048955893622E-15));
#3205=CARTESIAN_POINT('Ctrl Pts',(1.14651336542221,1.4166856345096,4.68391030382081E-15));
#3206=CARTESIAN_POINT('Ctrl Pts',(0.793280712229948,1.53333333333338,-0.0702737729955435));
#3207=CARTESIAN_POINT('Ctrl Pts',(0.140228752998577,1.7666666666667,-0.3407767514435));
#3208=CARTESIAN_POINT('Ctrl Pts',(-0.159276143932264,1.88333333333334,-0.540899525524909));
#3209=CARTESIAN_POINT('Ctrl Pts',(-0.65910047447508,2.11666666666666,-1.04072385606773));
#3210=CARTESIAN_POINT('Ctrl Pts',(-0.859223248556489,2.2333333333333,-1.34022875299857));
#3211=CARTESIAN_POINT('Ctrl Pts',(-1.12972622700445,2.46666666666662,-1.99328071222994));
#3212=CARTESIAN_POINT('Ctrl Pts',(-1.19999999999999,2.58331436549041,-2.34651336542221));
#3213=CARTESIAN_POINT('Ctrl Pts',(-1.19999999999999,2.69999999999998,-2.7));
#3214=CARTESIAN_POINT('Ctrl Pts',(1.50000000000002,1.30000000000001,-1.2));
#3215=CARTESIAN_POINT('Ctrl Pts',(1.43990224322384,1.33570879222275,-1.19999999999999));
#3216=CARTESIAN_POINT('Ctrl Pts',(1.37980469535864,1.37141758444552,-1.20361608231319));
#3217=CARTESIAN_POINT('Ctrl Pts',(1.32014053118573,1.40712637666826,-1.21082218272032));
#3218=CARTESIAN_POINT('Ctrl Pts',(1.26047848348615,1.44283390218917,-1.21802802750468));
#3219=CARTESIAN_POINT('Ctrl Pts',(1.20125020345156,1.47854142771009,-1.22882358529066));
#3220=CARTESIAN_POINT('Ctrl Pts',(1.14288257007988,1.514248953231,-1.24313104870505));
#3221=CARTESIAN_POINT('Ctrl Pts',(1.08451684231992,1.5499553129572,-1.25743804500319));
#3222=CARTESIAN_POINT('Ctrl Pts',(1.02701211064846,1.58566167268338,-1.27525661789682));
#3223=CARTESIAN_POINT('Ctrl Pts',(0.970782804841772,1.62136803240958,-1.29645835104587));
#3224=CARTESIAN_POINT('Ctrl Pts',(0.914555176042942,1.6570733272134,-1.317659451865));
#3225=CARTESIAN_POINT('Ctrl Pts',(0.859603287720859,1.69277862201718,-1.34224336355209));
#3226=CARTESIAN_POINT('Ctrl Pts',(0.80632314804133,1.72848391682101,-1.37003292331851));
#3227=CARTESIAN_POINT('Ctrl Pts',(0.753044446983551,1.76418824754302,-1.39782173273658));
#3228=CARTESIAN_POINT('Ctrl Pts',(0.701437774426559,1.79989257826509,-1.42881582380739));
#3229=CARTESIAN_POINT('Ctrl Pts',(0.651875011358311,1.8355969089871,-1.46279185112547));
#3230=CARTESIAN_POINT('Ctrl Pts',(0.60187850214759,1.87161370444597,-1.49706521801611));
#3231=CARTESIAN_POINT('Ctrl Pts',(0.553962232245877,1.90763049990482,-1.53437276258914));
#3232=CARTESIAN_POINT('Ctrl Pts',(0.508477545993657,1.94364729536369,-1.57444092860426));
#3233=CARTESIAN_POINT('Ctrl Pts',(0.463380008586481,1.97935752916603,-1.61416804919346));
#3234=CARTESIAN_POINT('Ctrl Pts',(0.420673105740407,2.01506776296836,-1.65660866051206));
#3235=CARTESIAN_POINT('Ctrl Pts',(0.380664687682756,2.05077799677071,-1.70145683187974));
#3236=CARTESIAN_POINT('Ctrl Pts',(0.340659232874352,2.08648558567159,-1.74630168153872));
#3237=CARTESIAN_POINT('Ctrl Pts',(0.303352140786103,2.1221931745725,-1.79355342242681));
#3238=CARTESIAN_POINT('Ctrl Pts',(0.269012297674533,2.15790076347338,-1.84287149346002));
#3239=CARTESIAN_POINT('Ctrl Pts',(0.234674609955511,2.19360611113306,-1.8921864689694));
#3240=CARTESIAN_POINT('Ctrl Pts',(0.203304036949291,2.22931145879274,-1.94356717217233));
#3241=CARTESIAN_POINT('Ctrl Pts',(0.17512664986392,2.26501680645242,-1.99664332938459));
#3242=CARTESIAN_POINT('Ctrl Pts',(0.146520547828819,2.30126540591472,-2.05052703280411));
#3243=CARTESIAN_POINT('Ctrl Pts',(0.121205866120577,2.33751400537697,-2.10615785014238));
#3244=CARTESIAN_POINT('Ctrl Pts',(0.099370615375183,2.37376260483927,-2.16312261462649));
#3245=CARTESIAN_POINT('Ctrl Pts',(0.0778612110802028,2.40947026810601,-2.21923729652982));
#3246=CARTESIAN_POINT('Ctrl Pts',(0.0597281952218349,2.44517793137278,-2.27664596333651));
#3247=CARTESIAN_POINT('Ctrl Pts',(0.0451022598145334,2.48088559463952,-2.33493484745431));
#3248=CARTESIAN_POINT('Ctrl Pts',(0.0301439714695758,2.51740466219959,-2.39454826100081));
#3249=CARTESIAN_POINT('Ctrl Pts',(0.0188542731972338,2.5539237297597,-2.45508196179382));
#3250=CARTESIAN_POINT('Ctrl Pts',(0.0113182660020694,2.59044279731978,-2.51607965076997));
#3251=CARTESIAN_POINT('Ctrl Pts',(0.00378225880690504,2.62696186487986,
-2.57707733974612));
#3252=CARTESIAN_POINT('Ctrl Pts',(6.48399851918005E-15,2.66348093243991,
-2.63853855301998));
#3253=CARTESIAN_POINT('Ctrl Pts',(6.43929354282591E-15,2.69999999999999,
-2.69999999999999));
#3254=CARTESIAN_POINT('Ctrl Pts',(-1.19999919718476,178.000266387813,-2.70206938433698));
#3255=CARTESIAN_POINT('Ctrl Pts',(-1.20027401301134,177.954673180312,-2.34788680024102));
#3256=CARTESIAN_POINT('Ctrl Pts',(-1.1299901528684,177.909096221564,-1.99391788563015));
#3257=CARTESIAN_POINT('Ctrl Pts',(-0.859223248556489,177.818014882867,-1.34022875299857));
#3258=CARTESIAN_POINT('Ctrl Pts',(-0.65910047447508,177.772518603584,-1.04072385606773));
#3259=CARTESIAN_POINT('Ctrl Pts',(-0.159276143932264,177.681526045017,-0.540899525524909));
#3260=CARTESIAN_POINT('Ctrl Pts',(0.140228752998577,177.636029765734,-0.3407767514435));
#3261=CARTESIAN_POINT('Ctrl Pts',(0.793917885630159,177.544948427037,-0.0700098471315926));
#3262=CARTESIAN_POINT('Ctrl Pts',(1.14788680024103,177.499371468288,0.000274013011352686));
#3263=CARTESIAN_POINT('Ctrl Pts',(1.50206938433699,177.453778260788,-8.02815233502773E-7));
#3264=CARTESIAN_POINT('Ctrl Pts',(0.000585857201331405,178.000266386141,
-2.70114920206986));
#3265=CARTESIAN_POINT('Ctrl Pts',(0.000433241327416328,177.954673465818,
-2.50445913269449));
#3266=CARTESIAN_POINT('Ctrl Pts',(0.0394645914177051,177.909096221564,-2.30788525071887));
#3267=CARTESIAN_POINT('Ctrl Pts',(0.189831941952627,177.818014882867,-1.94486635371935));
#3268=CARTESIAN_POINT('Ctrl Pts',(0.300967870462029,177.772518603584,-1.778539682673));
#3269=CARTESIAN_POINT('Ctrl Pts',(0.578539682673014,177.681526045017,-1.50096787046202));
#3270=CARTESIAN_POINT('Ctrl Pts',(0.744866353719365,177.636029765734,-1.38983194195262));
#3271=CARTESIAN_POINT('Ctrl Pts',(1.10788525071888,177.544948427037,-1.23946459141769));
#3272=CARTESIAN_POINT('Ctrl Pts',(1.3044591326945,177.499371182783,-1.20043324132741));
#3273=CARTESIAN_POINT('Ctrl Pts',(1.50114920206987,177.453778262459,-1.20058585720132));
#3274=CARTESIAN_POINT('',(1.50000000000002,177.454044648601,-1.20000000000001));
#3275=CARTESIAN_POINT('Ctrl Pts',(6.43929354282591E-15,178.,-2.7));
#3276=CARTESIAN_POINT('Ctrl Pts',(6.4429734690995E-15,177.986074709853,
-2.63990224322382));
#3277=CARTESIAN_POINT('Ctrl Pts',(0.00361608231320717,177.972149419706,
-2.57980469535861));
#3278=CARTESIAN_POINT('Ctrl Pts',(0.0108221827203363,177.958224129559,-2.52014053118571));
#3279=CARTESIAN_POINT('Ctrl Pts',(0.0180280275046916,177.944299333385,-2.46047848348611));
#3280=CARTESIAN_POINT('Ctrl Pts',(0.0288235852906743,177.930374537211,-2.40125020345151));
#3281=CARTESIAN_POINT('Ctrl Pts',(0.0431310487050676,177.916449741037,-2.34288257007983));
#3282=CARTESIAN_POINT('Ctrl Pts',(0.0574380450032073,177.902525399486,-2.28451684231988));
#3283=CARTESIAN_POINT('Ctrl Pts',(0.0752566178968353,177.888601057935,-2.22701211064844));
#3284=CARTESIAN_POINT('Ctrl Pts',(0.0964583510458816,177.874676716384,-2.17078280484177));
#3285=CARTESIAN_POINT('Ctrl Pts',(0.117659451864999,177.860752790119,-2.11455517604296));
#3286=CARTESIAN_POINT('Ctrl Pts',(0.142243363552079,177.846828863853,-2.05960328772089));
#3287=CARTESIAN_POINT('Ctrl Pts',(0.170032923318491,177.832904937588,-2.00632314804137));
#3288=CARTESIAN_POINT('Ctrl Pts',(0.197821732736557,177.818981387284,-1.95304444698359));
#3289=CARTESIAN_POINT('Ctrl Pts',(0.22881582380737,177.80505783698,-1.90143777442661));
#3290=CARTESIAN_POINT('Ctrl Pts',(0.262791851125443,177.791134286675,-1.85187501135836));
#3291=CARTESIAN_POINT('Ctrl Pts',(0.297065218016084,177.777088885089,-1.80187850214763));
#3292=CARTESIAN_POINT('Ctrl Pts',(0.334372762589111,177.763043483503,-1.75396223224591));
#3293=CARTESIAN_POINT('Ctrl Pts',(0.374440928604233,177.748998081916,-1.70847754599369));
#3294=CARTESIAN_POINT('Ctrl Pts',(0.414168049193431,177.735072229599,-1.66338000858651));
#3295=CARTESIAN_POINT('Ctrl Pts',(0.456608660512027,177.721146377282,-1.62067310574044));
#3296=CARTESIAN_POINT('Ctrl Pts',(0.501456831879702,177.707220524964,-1.58066468768279));
#3297=CARTESIAN_POINT('Ctrl Pts',(0.546301681538692,177.693295704074,-1.54065923287437));
#3298=CARTESIAN_POINT('Ctrl Pts',(0.593553422426785,177.679370883184,-1.50335214078612));
#3299=CARTESIAN_POINT('Ctrl Pts',(0.642871493460003,177.665446062294,-1.46901229767454));
#3300=CARTESIAN_POINT('Ctrl Pts',(0.692186468969369,177.651522115417,-1.43467460995553));
#3301=CARTESIAN_POINT('Ctrl Pts',(0.743567172172292,177.63759816854,-1.40330403694931));
#3302=CARTESIAN_POINT('Ctrl Pts',(0.79664332938454,177.623674221662,-1.37512664986394));
#3303=CARTESIAN_POINT('Ctrl Pts',(0.850527032804062,177.609538423907,-1.34652054782884));
#3304=CARTESIAN_POINT('Ctrl Pts',(0.906157850142335,177.595402626152,-1.32120586612059));
#3305=CARTESIAN_POINT('Ctrl Pts',(0.963122614626457,177.581266828397,-1.29937061537519));
#3306=CARTESIAN_POINT('Ctrl Pts',(1.01923729652979,177.567341978507,-1.27786121108021));
#3307=CARTESIAN_POINT('Ctrl Pts',(1.07664596333648,177.553417128616,-1.25972819522184));
#3308=CARTESIAN_POINT('Ctrl Pts',(1.13493484745428,177.539492278726,-1.24510225981453));
#3309=CARTESIAN_POINT('Ctrl Pts',(1.19454826100079,177.525251007038,-1.23014397146957));
#3310=CARTESIAN_POINT('Ctrl Pts',(1.25508196179381,177.511009735351,-1.21885427319723));
#3311=CARTESIAN_POINT('Ctrl Pts',(1.31607965076997,177.496768463663,-1.21131826600206));
#3312=CARTESIAN_POINT('Ctrl Pts',(1.37707733974613,177.482527191976,-1.20378225880689));
#3313=CARTESIAN_POINT('Ctrl Pts',(1.43853855302,177.468285920288,-1.19999999999999));
#3314=CARTESIAN_POINT('Ctrl Pts',(1.50000000000002,177.454044648601,-1.2));
#3315=CARTESIAN_POINT('',(1.50000000000003,177.454044648601,-9.32413868337534E-15));
#3316=CARTESIAN_POINT('Ctrl Pts',(-1.19999999999999,178.,-2.7));
#3317=CARTESIAN_POINT('Ctrl Pts',(-1.19999999999999,177.954495651575,-2.34650814287917));
#3318=CARTESIAN_POINT('Ctrl Pts',(-1.12972622700445,177.909007441433,-1.99328071222994));
#3319=CARTESIAN_POINT('Ctrl Pts',(-0.859223248556489,177.818014882867,-1.34022875299857));
#3320=CARTESIAN_POINT('Ctrl Pts',(-0.65910047447508,177.772518603584,-1.04072385606773));
#3321=CARTESIAN_POINT('Ctrl Pts',(-0.159276143932264,177.681526045017,-0.540899525524909));
#3322=CARTESIAN_POINT('Ctrl Pts',(0.140228752998577,177.636029765734,-0.3407767514435));
#3323=CARTESIAN_POINT('Ctrl Pts',(0.793280712229948,177.545037207167,-0.0702737729955434));
#3324=CARTESIAN_POINT('Ctrl Pts',(1.14650814287918,177.499548997026,4.68390902466669E-15));
#3325=CARTESIAN_POINT('Ctrl Pts',(1.50000000000003,177.454044648601,-9.32413868337534E-15));
#3326=CARTESIAN_POINT('',(1.50000000000002,177.454044648601,-1.20000000000001));
#3327=CARTESIAN_POINT('Origin',(1.50000000000001,267.083815003122,-2.7));
#3328=CARTESIAN_POINT('',(1.50000000000002,2.48282297499181E-14,-9.32413868337534E-15));
#3329=CARTESIAN_POINT('Origin',(1.50000000000001,267.083815003122,-2.7));
#3330=CARTESIAN_POINT('',(1.50000000000002,2.48282297499181E-14,-1.20000000000001));
#3331=CARTESIAN_POINT('Origin',(18.8,2.48282297499181E-14,5.11743425413158E-14));
#3332=CARTESIAN_POINT('',(18.8,160.65424652265,5.11743425413158E-14));
#3333=CARTESIAN_POINT('',(18.8,1.29999999999996,5.11743425413158E-14));
#3334=CARTESIAN_POINT('',(18.8,2.48282297499181E-14,5.11743425413158E-14));
#3335=CARTESIAN_POINT('',(18.8,1.29999999999996,-1.19999999999995));
#3336=CARTESIAN_POINT('',(18.8,1.29999999999996,-1.19999999999995));
#3337=CARTESIAN_POINT('',(18.8,160.65424652265,-1.19999999999995));
#3338=CARTESIAN_POINT('',(18.8,2.48282297499181E-14,-1.19999999999995));
#3339=CARTESIAN_POINT('',(18.8,160.65424652265,5.11743425413158E-14));
#3340=CARTESIAN_POINT('Origin',(3.80000000000003,160.65424652265,-1.30104260698261E-15));
#3341=CARTESIAN_POINT('',(8.93030214988504,174.749635834438,1.66967134562768E-14));
#3342=CARTESIAN_POINT('Origin',(3.80000000000003,160.65424652265,-1.30104260698261E-15));
#3343=CARTESIAN_POINT('',(8.93030214988504,174.749635834438,-1.19999999999998));
#3344=CARTESIAN_POINT('Origin',(3.80000000000003,160.65424652265,-1.2));
#3345=CARTESIAN_POINT('',(8.93030214988504,174.749635834438,1.66967134562768E-14));
#3346=CARTESIAN_POINT('Origin',(2.45029690981724E-14,2.48282297499181E-14,
-1.45283091113058E-14));
#3347=CARTESIAN_POINT('',(57.2080972621018,157.177955437589,1.85181731060524E-13));
#3348=CARTESIAN_POINT('',(1.50000000000002,1.30000000000003,-9.54097911787244E-15));
#3349=CARTESIAN_POINT('Origin',(18.8,171.157359595795,5.11743425413158E-14));
#3350=CARTESIAN_POINT('',(18.8,171.157359595795,-1.19999999999995));
#3351=CARTESIAN_POINT('Origin',(2.85145171363688E-14,2.48282297499181E-14,
-1.20000000000001));
#3352=CARTESIAN_POINT('',(1.50000000000002,1.30000000000003,-1.20000000000001));
#3353=CARTESIAN_POINT('Origin',(1.50000000000002,1.30000000000003,-1.20000000000001));
#3354=CARTESIAN_POINT('Origin',(-1.19999999999999,23.2,-77.));
#3355=CARTESIAN_POINT('Origin',(-1.19999999999999,131.,-77.));
#3356=CARTESIAN_POINT('',(0.,0.,0.));
#3357=CARTESIAN_POINT('Origin',(-1.11022302462516E-13,-8.00000000000001,
-2.77555756156289E-14));
#3358=CARTESIAN_POINT('',(-1.11773929581564E-13,-8.00000000000001,1.64999999999997));
#3359=CARTESIAN_POINT('Origin',(-1.11022302462516E-13,-8.00000000000001,
-2.77555756156289E-14));
#3360=CARTESIAN_POINT('',(-1.11811227421526E-13,-8.50000000000006,2.15000000000003));
#3361=CARTESIAN_POINT('',(-1.11773929581564E-13,-8.00000000000001,1.64999999999997));
#3362=CARTESIAN_POINT('Origin',(-1.66533453693773E-13,-8.50000000000001,
-1.11022302462516E-13));
#3363=CARTESIAN_POINT('Ctrl Pts',(-1.67532654415936E-13,-6.1886116991581,
2.99999999999989));
#3364=CARTESIAN_POINT('Ctrl Pts',(-3.00000000000017,-6.1886116991581,2.99999999999989));
#3365=CARTESIAN_POINT('Ctrl Pts',(-3.00000000000017,-6.1886116991581,-1.12021503184678E-13));
#3366=CARTESIAN_POINT('Ctrl Pts',(-3.00000000000016,-6.1886116991581,-3.00000000000011));
#3367=CARTESIAN_POINT('Ctrl Pts',(-1.65534252971611E-13,-6.1886116991581,
-3.00000000000011));
#3368=CARTESIAN_POINT('Ctrl Pts',(2.99999999999983,-6.1886116991581,-3.00000000000011));
#3369=CARTESIAN_POINT('Ctrl Pts',(2.99999999999983,-6.1886116991581,-1.10023101740353E-13));
#3370=CARTESIAN_POINT('Ctrl Pts',(2.99999999999983,-6.1886116991581,2.99999999999989));
#3371=CARTESIAN_POINT('Ctrl Pts',(-1.67532654415936E-13,-6.1886116991581,
2.99999999999989));
#3372=CARTESIAN_POINT('Ctrl Pts',(-1.67223567477319E-13,-7.00000000000001,
2.99999999999989));
#3373=CARTESIAN_POINT('Ctrl Pts',(-3.00000000000017,-7.00000000000001,2.99999999999989));
#3374=CARTESIAN_POINT('Ctrl Pts',(-3.00000000000017,-7.00000000000001,-1.11918693175762E-13));
#3375=CARTESIAN_POINT('Ctrl Pts',(-3.00000000000016,-7.00000000000001,-3.00000000000011));
#3376=CARTESIAN_POINT('Ctrl Pts',(-1.65225166032994E-13,-7.00000000000001,
-3.00000000000011));
#3377=CARTESIAN_POINT('Ctrl Pts',(2.99999999999983,-7.00000000000001,-3.00000000000011));
#3378=CARTESIAN_POINT('Ctrl Pts',(2.99999999999983,-7.00000000000001,-1.09920291731436E-13));
#3379=CARTESIAN_POINT('Ctrl Pts',(2.99999999999983,-7.00000000000001,2.99999999999989));
#3380=CARTESIAN_POINT('Ctrl Pts',(-1.67223567477319E-13,-7.00000000000001,
2.99999999999989));
#3381=CARTESIAN_POINT('Ctrl Pts',(-1.66844882384929E-13,-7.76975052924231,
2.74341649025245));
#3382=CARTESIAN_POINT('Ctrl Pts',(-2.74341649025273,-7.76975052924231,2.74341649025245));
#3383=CARTESIAN_POINT('Ctrl Pts',(-2.74341649025273,-7.76975052924231,-1.11735699561352E-13));
#3384=CARTESIAN_POINT('Ctrl Pts',(-2.74341649025273,-7.76975052924231,-2.74341649025267));
#3385=CARTESIAN_POINT('Ctrl Pts',(-1.6501739989276E-13,-7.76975052924231,
-2.74341649025267));
#3386=CARTESIAN_POINT('Ctrl Pts',(2.7434164902524,-7.76975052924231,-2.74341649025267));
#3387=CARTESIAN_POINT('Ctrl Pts',(2.7434164902524,-7.76975052924231,-1.09908217069183E-13));
#3388=CARTESIAN_POINT('Ctrl Pts',(2.7434164902524,-7.76975052924231,2.74341649025245));
#3389=CARTESIAN_POINT('Ctrl Pts',(-1.66844882384929E-13,-7.76975052924231,
2.74341649025245));
#3390=CARTESIAN_POINT('',(-1.65561919070093E-13,-7.76975052924228,-2.74341649025269));
#3391=CARTESIAN_POINT('',(-1.6718085400728E-13,-7.76975052924228,2.74341649025255));
#3392=CARTESIAN_POINT('Origin',(-1.11022302462516E-13,-7.76975052924228,
-2.77555756156289E-14));
#3393=CARTESIAN_POINT('Origin',(-1.11022302462516E-13,-7.76975052924228,
-2.77555756156289E-14));
#3394=CARTESIAN_POINT('',(-1.6790004845568E-13,-6.1886116991581,2.99999999999989));
#3395=CARTESIAN_POINT('Origin',(-1.65622390519169E-13,-6.1886116991581,
-2.00000000000011));
#3396=CARTESIAN_POINT('Origin',(-1.66533453693773E-13,-6.1886116991581,
-1.11022302462516E-13));
#3397=CARTESIAN_POINT('Origin',(-1.66533453693773E-13,-8.50000000000001,
-1.11022302462516E-13));
#3398=CARTESIAN_POINT('',(-1.66006948125091E-13,-8.50000000000001,-2.50000000000012));
#3399=CARTESIAN_POINT('',(-1.66006948125091E-13,-8.50000000000001,-2.50000000000012));
#3400=CARTESIAN_POINT('Origin',(-1.66533453693773E-13,-8.50000000000001,
-1.11022302462516E-13));
#3401=CARTESIAN_POINT('Origin',(0.,-1.70000000000001,0.));
#3402=CARTESIAN_POINT('',(-1.29000970504332E-15,-2.20000000000001,3.25000000000003));
#3403=CARTESIAN_POINT('Origin',(-5.55111512312578E-14,-2.20000000000001,
2.77555756156289E-14));
#3404=CARTESIAN_POINT('',(-1.08246744900953E-15,-1.20000000000001,3.25));
#3405=CARTESIAN_POINT('Origin',(-1.48047765873242E-15,-1.70000000000001,
3.25));
#3406=CARTESIAN_POINT('Origin',(0.,-1.20000000000001,0.));
#3407=CARTESIAN_POINT('Origin',(0.,-2.16810861969019,0.));
#3408=CARTESIAN_POINT('',(-1.85085649576632E-15,2.77555756156289E-16,2.25));
#3409=CARTESIAN_POINT('Origin',(0.,0.,0.));
#3410=CARTESIAN_POINT('',(-5.17580819942608E-16,-3.5,2.25));
#3411=CARTESIAN_POINT('',(-1.02494607143014E-15,-2.16810861969019,2.25));
#3412=CARTESIAN_POINT('Origin',(0.,-3.5,0.));
#3413=CARTESIAN_POINT('Origin',(0.,-2.16810861969019,0.));
#3414=CARTESIAN_POINT('',(-2.44261867561239E-16,-3.5,1.65));
#3415=CARTESIAN_POINT('Origin',(0.,-3.5,0.));
#3416=CARTESIAN_POINT('',(-7.51627119048766E-16,-2.16810861969019,1.65));
#3417=CARTESIAN_POINT('Origin',(0.,-2.16810861969019,0.));
#3418=CARTESIAN_POINT('',(-1.35444619001098E-15,-2.20000000000001,3.));
#3419=CARTESIAN_POINT('',(-1.36659476190685E-15,-2.16810861969019,3.));
#3420=CARTESIAN_POINT('Origin',(-5.55111512312578E-14,-2.20000000000001,
2.77555756156289E-14));
#3421=CARTESIAN_POINT('Origin',(0.,-2.16810861969019,0.));
#3422=CARTESIAN_POINT('',(-1.73538209738919E-15,-1.20000000000001,3.));
#3423=CARTESIAN_POINT('Origin',(0.,-1.20000000000001,0.));
#3424=CARTESIAN_POINT('',(-1.89429228723211E-15,-0.782842712474612,3.));
#3425=CARTESIAN_POINT('',(-1.36659476190685E-15,-2.16810861969019,3.));
#3426=CARTESIAN_POINT('',(1.38305882500761E-15,-0.782842712474613,-3.));
#3427=CARTESIAN_POINT('Origin',(0.,-0.782842712474613,0.));
#3428=CARTESIAN_POINT('Origin',(0.,-0.782842712474613,0.));
#3429=CARTESIAN_POINT('Origin',(0.,-0.782842712474613,0.));
#3430=CARTESIAN_POINT('',(-6.7089853063516E-16,-0.341421356237326,3.44142135623731));
#3431=CARTESIAN_POINT('',(5.56617758421708E-16,-0.341421356237317,-3.4414213562373));
#3432=CARTESIAN_POINT('Origin',(0.,-0.341421356237326,0.));
#3433=CARTESIAN_POINT('',(6.31806682418435E-16,-0.782842712474613,-3.));
#3434=CARTESIAN_POINT('Origin',(0.,-0.341421356237326,0.));
#3435=CARTESIAN_POINT('Origin',(0.,-0.200000000000006,0.));
#3436=CARTESIAN_POINT('',(-1.57944141957318E-15,4.17236278109595E-16,3.3));
#3437=CARTESIAN_POINT('Origin',(-1.50325423809753E-15,-0.200000000000005,
3.3));
#3438=CARTESIAN_POINT('Origin',(0.,0.,0.));
#3439=CARTESIAN_POINT('Origin',(3.74999999999986,-1.2,5.55111512312578E-14));
#3440=CARTESIAN_POINT('Origin',(2.99999999999995,-2.2,0.));
#3441=CARTESIAN_POINT('Origin',(1.64999999999965,-8.49999999999998,5.55111512312578E-14));
#3442=CARTESIAN_POINT('Origin',(1.64999999999971,-3.49999999999997,-1.38777878078145E-13));
#3443=CARTESIAN_POINT('Origin',(2.24999999999992,6.93889390390723E-15,-1.11022302462516E-13));
#3444=CARTESIAN_POINT('',(308.649999999996,53.9999999999987,-168.800000000006));
#3445=CARTESIAN_POINT('',(377.999999999995,212.,-158.800000000006));
#3446=CARTESIAN_POINT('',(377.999999999995,212.000000000001,-133.800000000005));
#3447=CARTESIAN_POINT('',(377.999999999995,54.000000000001,-158.800000000005));
#3448=CARTESIAN_POINT('',(343.649999999995,54.000000000001,-158.800000000005));
#3449=CARTESIAN_POINT('',(318.649999999995,54.000000000001,-158.800000000005));
#3450=UNCERTAINTY_MEASURE_WITH_UNIT(LENGTH_MEASURE(0.01),#3458,
'DISTANCE_ACCURACY_VALUE',
'Maximum model space distance between geometric entities at asserted c
onnectivities');
#3451=UNCERTAINTY_MEASURE_WITH_UNIT(LENGTH_MEASURE(0.01),#3458,
'DISTANCE_ACCURACY_VALUE',
'Maximum model space distance between geometric entities at asserted c
onnectivities');
#3452=UNCERTAINTY_MEASURE_WITH_UNIT(LENGTH_MEASURE(0.01),#3458,
'DISTANCE_ACCURACY_VALUE',
'Maximum model space distance between geometric entities at asserted c
onnectivities');
#3453=UNCERTAINTY_MEASURE_WITH_UNIT(LENGTH_MEASURE(0.01),#3458,
'DISTANCE_ACCURACY_VALUE',
'Maximum model space distance between geometric entities at asserted c
onnectivities');
#3454=(
GEOMETRIC_REPRESENTATION_CONTEXT(3)
GLOBAL_UNCERTAINTY_ASSIGNED_CONTEXT((#3450))
GLOBAL_UNIT_ASSIGNED_CONTEXT((#3458,#3460,#3461))
REPRESENTATION_CONTEXT('','3D')
);
#3455=(
GEOMETRIC_REPRESENTATION_CONTEXT(3)
GLOBAL_UNCERTAINTY_ASSIGNED_CONTEXT((#3451))
GLOBAL_UNIT_ASSIGNED_CONTEXT((#3458,#3460,#3461))
REPRESENTATION_CONTEXT('','3D')
);
#3456=(
GEOMETRIC_REPRESENTATION_CONTEXT(3)
GLOBAL_UNCERTAINTY_ASSIGNED_CONTEXT((#3452))
GLOBAL_UNIT_ASSIGNED_CONTEXT((#3458,#3460,#3461))
REPRESENTATION_CONTEXT('','3D')
);
#3457=(
GEOMETRIC_REPRESENTATION_CONTEXT(3)
GLOBAL_UNCERTAINTY_ASSIGNED_CONTEXT((#3453))
GLOBAL_UNIT_ASSIGNED_CONTEXT((#3458,#3460,#3461))
REPRESENTATION_CONTEXT('','3D')
);
#3458=(
LENGTH_UNIT()
NAMED_UNIT(*)
SI_UNIT(.MILLI.,.METRE.)
);
#3459=(
LENGTH_UNIT()
NAMED_UNIT(*)
SI_UNIT($,.METRE.)
);
#3460=(
NAMED_UNIT(*)
PLANE_ANGLE_UNIT()
SI_UNIT($,.RADIAN.)
);
#3461=(
NAMED_UNIT(*)
SI_UNIT($,.STERADIAN.)
SOLID_ANGLE_UNIT()
);
#3462=SHAPE_DEFINITION_REPRESENTATION(#3465,#3474);
#3463=SHAPE_DEFINITION_REPRESENTATION(#3466,#3475);
#3464=SHAPE_DEFINITION_REPRESENTATION(#3467,#3476);
#3465=PRODUCT_DEFINITION_SHAPE('',$,#3478);
#3466=PRODUCT_DEFINITION_SHAPE('',$,#3479);
#3467=PRODUCT_DEFINITION_SHAPE('',$,#3480);
#3468=PRODUCT_DEFINITION_SHAPE($,$,#29);
#3469=PRODUCT_DEFINITION_SHAPE($,$,#30);
#3470=PRODUCT_DEFINITION_SHAPE($,$,#31);
#3471=PRODUCT_DEFINITION_SHAPE($,$,#32);
#3472=PRODUCT_DEFINITION_SHAPE($,$,#33);
#3473=PRODUCT_DEFINITION_SHAPE($,$,#34);
#3474=SHAPE_REPRESENTATION('',(#1839,#2021,#2022,#2023,#2024,#2025,#2026),
#3454);
#3475=SHAPE_REPRESENTATION('',(#1840),#3455);
#3476=SHAPE_REPRESENTATION('',(#1985),#3456);
#3477=PRODUCT_DEFINITION_CONTEXT('part definition',#3488,'design');
#3478=PRODUCT_DEFINITION('MMP.05.00.00.000-01 Support assembly',
'Support assembly_00 v1',#3481,#3477);
#3479=PRODUCT_DEFINITION('MMP.05.00.00.001 Support_\X\87\X\A5\X\E0\X\AA
\X\A0\X\AB\X\AA\X\A0','MMP.05.00.00.001 Support_\X\87\X\A5\X\E0\X\AA\X\A0
\X\AB\X\AA\X\A0',#3482,#3477);
#3480=PRODUCT_DEFINITION(
'\X\C3\X\E0\X\E9\X\EA\X\E0 \X\EA\X\EB\X\E5\X\EF\X\E0\X\EB\X\FC\X\ED\X\E0
\X\FF \X\CC4_0,5-2 \X\F3\X\EC. \X\EF\X\EE\X\F2\X\E0\X\E9, \X\F1\X\F2\X\E0
\X\EB\X\FC_\X\E3\X\E1\X\E2. \X\AD\X\A0 1,2 \X\AC\X\AC',
'\X\C3\X\E0\X\E9\X\EA\X\E0 \X\EA\X\EB\X\E5\X\EF\X\E0\X\EB\X\FC\X\ED\X\E0
\X\FF \X\CC4_0,5-2 \X\F3\X\EC. \X\EF\X\EE\X\F2\X\E0\X\E9, \X\F1\X\F2\X\E0
\X\EB\X\FC_\X\E3\X\E1\X\E2. \X\AD\X\A0 1,2 \X\AC\X\AC',#3483,#3477);
#3481=PRODUCT_DEFINITION_FORMATION('',$,#3490);
#3482=PRODUCT_DEFINITION_FORMATION('',$,#3491);
#3483=PRODUCT_DEFINITION_FORMATION('',$,#3492);
#3484=PRODUCT_RELATED_PRODUCT_CATEGORY('Support assembly_00 v1',
'Support assembly_00 v1',(#3490));
#3485=PRODUCT_RELATED_PRODUCT_CATEGORY(
'MMP.05.00.00.001 Support_\X\87\X\A5\X\E0\X\AA\X\A0\X\AB\X\AA\X\A0',
'MMP.05.00.00.001 Support_\X\87\X\A5\X\E0\X\AA\X\A0\X\AB\X\AA\X\A0',(#3491));
#3486=PRODUCT_RELATED_PRODUCT_CATEGORY(
'\X\C3\X\E0\X\E9\X\EA\X\E0 \X\EA\X\EB\X\E5\X\EF\X\E0\X\EB\X\FC\X\ED\X\E0
\X\FF \X\CC4_0,5-2 \X\F3\X\EC. \X\EF\X\EE\X\F2\X\E0\X\E9, \X\F1\X\F2\X\E0
\X\EB\X\FC_\X\E3\X\E1\X\E2. \X\AD\X\A0 1,2 \X\AC\X\AC',
'\X\C3\X\E0\X\E9\X\EA\X\E0 \X\EA\X\EB\X\E5\X\EF\X\E0\X\EB\X\FC\X\ED\X\E0
\X\FF \X\CC4_0,5-2 \X\F3\X\EC. \X\EF\X\EE\X\F2\X\E0\X\E9, \X\F1\X\F2\X\E0
\X\EB\X\FC_\X\E3\X\E1\X\E2. \X\AD\X\A0 1,2 \X\AC\X\AC',(#3492));
#3487=APPLICATION_PROTOCOL_DEFINITION('international standard',
'automotive_design',2009,#3488);
#3488=APPLICATION_CONTEXT(
'Core Data for Automotive Mechanical Design Process');
#3489=PRODUCT_CONTEXT('part definition',#3488,'mechanical');
#3490=PRODUCT('MMP.05.00.00.000-01 Support assembly',
'Support assembly_00 v1','STEP AP203',(#3489));
#3491=PRODUCT('MMP.05.00.00.001 Support_\X\87\X\A5\X\E0\X\AA\X\A0\X\AB
\X\AA\X\A0','MMP.05.00.00.001 Support_\X\87\X\A5\X\E0\X\AA\X\A0\X\AB\X\AA
\X\A0',$,(#3489));
#3492=PRODUCT(
'\X\C3\X\E0\X\E9\X\EA\X\E0 \X\EA\X\EB\X\E5\X\EF\X\E0\X\EB\X\FC\X\ED\X\E0
\X\FF \X\CC4_0,5-2 \X\F3\X\EC. \X\EF\X\EE\X\F2\X\E0\X\E9, \X\F1\X\F2\X\E0
\X\EB\X\FC_\X\E3\X\E1\X\E2. \X\AD\X\A0 1,2 \X\AC\X\AC',
'\X\C3\X\E0\X\E9\X\EA\X\E0 \X\EA\X\EB\X\E5\X\EF\X\E0\X\EB\X\FC\X\ED\X\E0
\X\FF \X\CC4_0,5-2 \X\F3\X\EC. \X\EF\X\EE\X\F2\X\E0\X\E9, \X\F1\X\F2\X\E0
\X\EB\X\FC_\X\E3\X\E1\X\E2. \X\AD\X\A0 1,2 \X\AC\X\AC',$,(#3489));
#3493=PRESENTATION_STYLE_ASSIGNMENT((#3494));
#3494=SURFACE_STYLE_USAGE(.BOTH.,#3495);
#3495=SURFACE_SIDE_STYLE('',(#3496));
#3496=SURFACE_STYLE_FILL_AREA(#3497);
#3497=FILL_AREA_STYLE('Steel - Satin',(#3498));
#3498=FILL_AREA_STYLE_COLOUR('Steel - Satin',#3499);
#3499=COLOUR_RGB('Steel - Satin',0.627450980392157,0.627450980392157,0.627450980392157);
ENDSEC;
END-ISO-10303-21;
