ISO-10303-21;
HEADER;
/* Generated by software containing ST-Developer
 * from STEP Tools, Inc. (www.steptools.com) 
 */

FILE_DESCRIPTION(
/* description */ ('STEP AP203'),
/* implementation_level */ '2;1');

FILE_NAME(
/* name */ 'Wheel bracket inner.step',
/* time_stamp */ '2026-07-23T10:29:41+08:00',
/* author */ (''),
/* organization */ (''),
/* preprocessor_version */ 'ST-DEVELOPER v20.1',
/* originating_system */ 'Autodesk Translation Framework v15.8.0.0',
/* authorisation */ '');

FILE_SCHEMA (('AUTOMOTIVE_DESIGN { 1 0 10303 214 3 1 1 }'));
ENDSEC;

DATA;
#10=MECHANICAL_DESIGN_GEOMETRIC_PRESENTATION_REPRESENTATION('',(#13),#3670);
#11=SHAPE_REPRESENTATION_RELATIONSHIP('SRR','None',#3677,#12);
#12=ADVANCED_BREP_SHAPE_REPRESENTATION('',(#14),#3669);
#13=STYLED_ITEM('',(#3686),#14);
#14=MANIFOLD_SOLID_BREP('Body1',#2170);
#15=FACE_BOUND('',#263,.T.);
#16=FACE_BOUND('',#264,.T.);
#17=FACE_BOUND('',#265,.T.);
#18=FACE_BOUND('',#266,.T.);
#19=FACE_BOUND('',#268,.T.);
#20=FACE_BOUND('',#269,.T.);
#21=FACE_BOUND('',#270,.T.);
#22=FACE_BOUND('',#271,.T.);
#23=FACE_BOUND('',#275,.T.);
#24=FACE_BOUND('',#276,.T.);
#25=FACE_BOUND('',#277,.T.);
#26=FACE_BOUND('',#278,.T.);
#27=FACE_BOUND('',#280,.T.);
#28=FACE_BOUND('',#281,.T.);
#29=FACE_BOUND('',#282,.T.);
#30=FACE_BOUND('',#283,.T.);
#31=FACE_BOUND('',#289,.T.);
#32=FACE_BOUND('',#290,.T.);
#33=FACE_BOUND('',#293,.T.);
#34=FACE_BOUND('',#294,.T.);
#35=FACE_BOUND('',#302,.T.);
#36=FACE_BOUND('',#303,.T.);
#37=FACE_BOUND('',#306,.T.);
#38=FACE_BOUND('',#307,.T.);
#39=FACE_BOUND('',#310,.T.);
#40=FACE_BOUND('',#311,.T.);
#41=FACE_BOUND('',#312,.T.);
#42=FACE_BOUND('',#313,.T.);
#43=FACE_BOUND('',#314,.T.);
#44=FACE_BOUND('',#317,.T.);
#45=FACE_BOUND('',#318,.T.);
#46=FACE_BOUND('',#319,.T.);
#47=FACE_BOUND('',#320,.T.);
#48=FACE_BOUND('',#321,.T.);
#49=FACE_BOUND('',#347,.T.);
#50=FACE_BOUND('',#348,.T.);
#51=FACE_BOUND('',#350,.T.);
#52=FACE_BOUND('',#351,.T.);
#53=FACE_BOUND('',#360,.T.);
#54=FACE_BOUND('',#361,.T.);
#55=FACE_BOUND('',#363,.T.);
#56=FACE_BOUND('',#364,.T.);
#57=PLANE('',#2238);
#58=PLANE('',#2239);
#59=PLANE('',#2240);
#60=PLANE('',#2246);
#61=PLANE('',#2252);
#62=PLANE('',#2253);
#63=PLANE('',#2254);
#64=PLANE('',#2260);
#65=PLANE('',#2266);
#66=PLANE('',#2267);
#67=PLANE('',#2268);
#68=PLANE('',#2269);
#69=PLANE('',#2270);
#70=PLANE('',#2273);
#71=PLANE('',#2274);
#72=PLANE('',#2283);
#73=PLANE('',#2286);
#74=PLANE('',#2287);
#75=PLANE('',#2288);
#76=PLANE('',#2289);
#77=PLANE('',#2292);
#78=PLANE('',#2293);
#79=PLANE('',#2298);
#80=PLANE('',#2304);
#81=PLANE('',#2305);
#82=PLANE('',#2313);
#83=PLANE('',#2314);
#84=PLANE('',#2315);
#85=PLANE('',#2316);
#86=PLANE('',#2317);
#87=PLANE('',#2322);
#88=PLANE('',#2325);
#89=PLANE('',#2330);
#90=PLANE('',#2333);
#91=PLANE('',#2338);
#92=PLANE('',#2341);
#93=PLANE('',#2346);
#94=PLANE('',#2347);
#95=PLANE('',#2348);
#96=PLANE('',#2351);
#97=PLANE('',#2354);
#98=PLANE('',#2355);
#99=PLANE('',#2358);
#100=PLANE('',#2363);
#101=PLANE('',#2364);
#102=PLANE('',#2365);
#103=PLANE('',#2368);
#104=PLANE('',#2371);
#105=PLANE('',#2376);
#106=PLANE('',#2378);
#107=PLANE('',#2379);
#108=PLANE('',#2381);
#109=PLANE('',#2383);
#110=PLANE('',#2385);
#111=PLANE('',#2388);
#112=PLANE('',#2389);
#113=PLANE('',#2391);
#114=PLANE('',#2393);
#115=PLANE('',#2395);
#116=PLANE('',#2397);
#117=PLANE('',#2399);
#118=PLANE('',#2401);
#119=PLANE('',#2403);
#120=PLANE('',#2405);
#121=PLANE('',#2406);
#122=PLANE('',#2408);
#123=FACE_OUTER_BOUND('',#242,.T.);
#124=FACE_OUTER_BOUND('',#243,.T.);
#125=FACE_OUTER_BOUND('',#244,.T.);
#126=FACE_OUTER_BOUND('',#245,.T.);
#127=FACE_OUTER_BOUND('',#246,.T.);
#128=FACE_OUTER_BOUND('',#247,.T.);
#129=FACE_OUTER_BOUND('',#248,.T.);
#130=FACE_OUTER_BOUND('',#249,.T.);
#131=FACE_OUTER_BOUND('',#250,.T.);
#132=FACE_OUTER_BOUND('',#251,.T.);
#133=FACE_OUTER_BOUND('',#252,.T.);
#134=FACE_OUTER_BOUND('',#253,.T.);
#135=FACE_OUTER_BOUND('',#254,.T.);
#136=FACE_OUTER_BOUND('',#255,.T.);
#137=FACE_OUTER_BOUND('',#256,.T.);
#138=FACE_OUTER_BOUND('',#257,.T.);
#139=FACE_OUTER_BOUND('',#258,.T.);
#140=FACE_OUTER_BOUND('',#259,.T.);
#141=FACE_OUTER_BOUND('',#260,.T.);
#142=FACE_OUTER_BOUND('',#261,.T.);
#143=FACE_OUTER_BOUND('',#262,.T.);
#144=FACE_OUTER_BOUND('',#267,.T.);
#145=FACE_OUTER_BOUND('',#272,.T.);
#146=FACE_OUTER_BOUND('',#273,.T.);
#147=FACE_OUTER_BOUND('',#274,.T.);
#148=FACE_OUTER_BOUND('',#279,.T.);
#149=FACE_OUTER_BOUND('',#284,.T.);
#150=FACE_OUTER_BOUND('',#285,.T.);
#151=FACE_OUTER_BOUND('',#286,.T.);
#152=FACE_OUTER_BOUND('',#287,.T.);
#153=FACE_OUTER_BOUND('',#288,.T.);
#154=FACE_OUTER_BOUND('',#291,.T.);
#155=FACE_OUTER_BOUND('',#292,.T.);
#156=FACE_OUTER_BOUND('',#295,.T.);
#157=FACE_OUTER_BOUND('',#296,.T.);
#158=FACE_OUTER_BOUND('',#297,.T.);
#159=FACE_OUTER_BOUND('',#298,.T.);
#160=FACE_OUTER_BOUND('',#299,.T.);
#161=FACE_OUTER_BOUND('',#300,.T.);
#162=FACE_OUTER_BOUND('',#301,.T.);
#163=FACE_OUTER_BOUND('',#304,.T.);
#164=FACE_OUTER_BOUND('',#305,.T.);
#165=FACE_OUTER_BOUND('',#308,.T.);
#166=FACE_OUTER_BOUND('',#309,.T.);
#167=FACE_OUTER_BOUND('',#315,.T.);
#168=FACE_OUTER_BOUND('',#316,.T.);
#169=FACE_OUTER_BOUND('',#322,.T.);
#170=FACE_OUTER_BOUND('',#323,.T.);
#171=FACE_OUTER_BOUND('',#324,.T.);
#172=FACE_OUTER_BOUND('',#325,.T.);
#173=FACE_OUTER_BOUND('',#326,.T.);
#174=FACE_OUTER_BOUND('',#327,.T.);
#175=FACE_OUTER_BOUND('',#328,.T.);
#176=FACE_OUTER_BOUND('',#329,.T.);
#177=FACE_OUTER_BOUND('',#330,.T.);
#178=FACE_OUTER_BOUND('',#331,.T.);
#179=FACE_OUTER_BOUND('',#332,.T.);
#180=FACE_OUTER_BOUND('',#333,.T.);
#181=FACE_OUTER_BOUND('',#334,.T.);
#182=FACE_OUTER_BOUND('',#335,.T.);
#183=FACE_OUTER_BOUND('',#336,.T.);
#184=FACE_OUTER_BOUND('',#337,.T.);
#185=FACE_OUTER_BOUND('',#338,.T.);
#186=FACE_OUTER_BOUND('',#339,.T.);
#187=FACE_OUTER_BOUND('',#340,.T.);
#188=FACE_OUTER_BOUND('',#341,.T.);
#189=FACE_OUTER_BOUND('',#342,.T.);
#190=FACE_OUTER_BOUND('',#343,.T.);
#191=FACE_OUTER_BOUND('',#344,.T.);
#192=FACE_OUTER_BOUND('',#345,.T.);
#193=FACE_OUTER_BOUND('',#346,.T.);
#194=FACE_OUTER_BOUND('',#349,.T.);
#195=FACE_OUTER_BOUND('',#352,.T.);
#196=FACE_OUTER_BOUND('',#353,.T.);
#197=FACE_OUTER_BOUND('',#354,.T.);
#198=FACE_OUTER_BOUND('',#355,.T.);
#199=FACE_OUTER_BOUND('',#356,.T.);
#200=FACE_OUTER_BOUND('',#357,.T.);
#201=FACE_OUTER_BOUND('',#358,.T.);
#202=FACE_OUTER_BOUND('',#359,.T.);
#203=FACE_OUTER_BOUND('',#362,.T.);
#204=FACE_OUTER_BOUND('',#365,.T.);
#205=FACE_OUTER_BOUND('',#366,.T.);
#206=FACE_OUTER_BOUND('',#367,.T.);
#207=FACE_OUTER_BOUND('',#368,.T.);
#208=FACE_OUTER_BOUND('',#369,.T.);
#209=FACE_OUTER_BOUND('',#370,.T.);
#210=FACE_OUTER_BOUND('',#371,.T.);
#211=FACE_OUTER_BOUND('',#372,.T.);
#212=FACE_OUTER_BOUND('',#373,.T.);
#213=FACE_OUTER_BOUND('',#374,.T.);
#214=FACE_OUTER_BOUND('',#375,.T.);
#215=FACE_OUTER_BOUND('',#376,.T.);
#216=FACE_OUTER_BOUND('',#377,.T.);
#217=FACE_OUTER_BOUND('',#378,.T.);
#218=FACE_OUTER_BOUND('',#379,.T.);
#219=FACE_OUTER_BOUND('',#380,.T.);
#220=FACE_OUTER_BOUND('',#381,.T.);
#221=FACE_OUTER_BOUND('',#382,.T.);
#222=FACE_OUTER_BOUND('',#383,.T.);
#223=FACE_OUTER_BOUND('',#384,.T.);
#224=FACE_OUTER_BOUND('',#385,.T.);
#225=FACE_OUTER_BOUND('',#386,.T.);
#226=FACE_OUTER_BOUND('',#387,.T.);
#227=FACE_OUTER_BOUND('',#388,.T.);
#228=FACE_OUTER_BOUND('',#389,.T.);
#229=FACE_OUTER_BOUND('',#390,.T.);
#230=FACE_OUTER_BOUND('',#391,.T.);
#231=FACE_OUTER_BOUND('',#392,.T.);
#232=FACE_OUTER_BOUND('',#393,.T.);
#233=FACE_OUTER_BOUND('',#394,.T.);
#234=FACE_OUTER_BOUND('',#395,.T.);
#235=FACE_OUTER_BOUND('',#396,.T.);
#236=FACE_OUTER_BOUND('',#397,.T.);
#237=FACE_OUTER_BOUND('',#398,.T.);
#238=FACE_OUTER_BOUND('',#399,.T.);
#239=FACE_OUTER_BOUND('',#400,.T.);
#240=FACE_OUTER_BOUND('',#401,.T.);
#241=FACE_OUTER_BOUND('',#402,.T.);
#242=EDGE_LOOP('',(#1392,#1393,#1394,#1395));
#243=EDGE_LOOP('',(#1396,#1397,#1398,#1399));
#244=EDGE_LOOP('',(#1400,#1401,#1402,#1403));
#245=EDGE_LOOP('',(#1404,#1405,#1406,#1407));
#246=EDGE_LOOP('',(#1408,#1409,#1410,#1411));
#247=EDGE_LOOP('',(#1412,#1413,#1414,#1415));
#248=EDGE_LOOP('',(#1416,#1417,#1418,#1419));
#249=EDGE_LOOP('',(#1420,#1421,#1422,#1423));
#250=EDGE_LOOP('',(#1424,#1425,#1426,#1427));
#251=EDGE_LOOP('',(#1428,#1429,#1430,#1431));
#252=EDGE_LOOP('',(#1432,#1433,#1434,#1435));
#253=EDGE_LOOP('',(#1436,#1437,#1438,#1439));
#254=EDGE_LOOP('',(#1440,#1441,#1442,#1443));
#255=EDGE_LOOP('',(#1444,#1445,#1446,#1447));
#256=EDGE_LOOP('',(#1448,#1449,#1450,#1451));
#257=EDGE_LOOP('',(#1452,#1453,#1454,#1455));
#258=EDGE_LOOP('',(#1456,#1457,#1458,#1459));
#259=EDGE_LOOP('',(#1460,#1461,#1462,#1463));
#260=EDGE_LOOP('',(#1464,#1465,#1466,#1467));
#261=EDGE_LOOP('',(#1468,#1469,#1470,#1471));
#262=EDGE_LOOP('',(#1472,#1473,#1474,#1475));
#263=EDGE_LOOP('',(#1476));
#264=EDGE_LOOP('',(#1477));
#265=EDGE_LOOP('',(#1478,#1479,#1480,#1481,#1482,#1483));
#266=EDGE_LOOP('',(#1484,#1485,#1486,#1487,#1488,#1489));
#267=EDGE_LOOP('',(#1490,#1491,#1492,#1493));
#268=EDGE_LOOP('',(#1494));
#269=EDGE_LOOP('',(#1495));
#270=EDGE_LOOP('',(#1496,#1497,#1498,#1499,#1500,#1501));
#271=EDGE_LOOP('',(#1502,#1503,#1504,#1505,#1506,#1507));
#272=EDGE_LOOP('',(#1508,#1509,#1510,#1511));
#273=EDGE_LOOP('',(#1512,#1513,#1514,#1515));
#274=EDGE_LOOP('',(#1516,#1517,#1518,#1519));
#275=EDGE_LOOP('',(#1520));
#276=EDGE_LOOP('',(#1521));
#277=EDGE_LOOP('',(#1522,#1523,#1524,#1525,#1526,#1527));
#278=EDGE_LOOP('',(#1528,#1529,#1530,#1531,#1532,#1533));
#279=EDGE_LOOP('',(#1534,#1535,#1536,#1537));
#280=EDGE_LOOP('',(#1538));
#281=EDGE_LOOP('',(#1539));
#282=EDGE_LOOP('',(#1540,#1541,#1542,#1543,#1544,#1545));
#283=EDGE_LOOP('',(#1546,#1547,#1548,#1549,#1550,#1551));
#284=EDGE_LOOP('',(#1552,#1553,#1554,#1555));
#285=EDGE_LOOP('',(#1556,#1557,#1558,#1559));
#286=EDGE_LOOP('',(#1560,#1561,#1562,#1563));
#287=EDGE_LOOP('',(#1564,#1565,#1566,#1567));
#288=EDGE_LOOP('',(#1568,#1569,#1570,#1571,#1572,#1573));
#289=EDGE_LOOP('',(#1574));
#290=EDGE_LOOP('',(#1575));
#291=EDGE_LOOP('',(#1576,#1577,#1578,#1579));
#292=EDGE_LOOP('',(#1580,#1581,#1582,#1583,#1584,#1585));
#293=EDGE_LOOP('',(#1586));
#294=EDGE_LOOP('',(#1587));
#295=EDGE_LOOP('',(#1588,#1589,#1590,#1591));
#296=EDGE_LOOP('',(#1592,#1593,#1594,#1595));
#297=EDGE_LOOP('',(#1596,#1597,#1598,#1599));
#298=EDGE_LOOP('',(#1600,#1601,#1602,#1603));
#299=EDGE_LOOP('',(#1604,#1605,#1606,#1607));
#300=EDGE_LOOP('',(#1608,#1609,#1610,#1611));
#301=EDGE_LOOP('',(#1612,#1613,#1614,#1615,#1616,#1617));
#302=EDGE_LOOP('',(#1618));
#303=EDGE_LOOP('',(#1619));
#304=EDGE_LOOP('',(#1620,#1621,#1622,#1623));
#305=EDGE_LOOP('',(#1624,#1625,#1626,#1627,#1628,#1629));
#306=EDGE_LOOP('',(#1630));
#307=EDGE_LOOP('',(#1631));
#308=EDGE_LOOP('',(#1632,#1633,#1634,#1635));
#309=EDGE_LOOP('',(#1636,#1637,#1638,#1639,#1640,#1641,#1642,#1643,#1644,
#1645));
#310=EDGE_LOOP('',(#1646));
#311=EDGE_LOOP('',(#1647));
#312=EDGE_LOOP('',(#1648));
#313=EDGE_LOOP('',(#1649,#1650,#1651,#1652,#1653,#1654));
#314=EDGE_LOOP('',(#1655,#1656,#1657,#1658,#1659,#1660));
#315=EDGE_LOOP('',(#1661,#1662,#1663,#1664));
#316=EDGE_LOOP('',(#1665,#1666,#1667,#1668,#1669,#1670,#1671,#1672,#1673,
#1674));
#317=EDGE_LOOP('',(#1675));
#318=EDGE_LOOP('',(#1676));
#319=EDGE_LOOP('',(#1677,#1678,#1679,#1680,#1681,#1682));
#320=EDGE_LOOP('',(#1683,#1684,#1685,#1686,#1687,#1688));
#321=EDGE_LOOP('',(#1689));
#322=EDGE_LOOP('',(#1690,#1691,#1692,#1693));
#323=EDGE_LOOP('',(#1694,#1695,#1696,#1697));
#324=EDGE_LOOP('',(#1698,#1699,#1700,#1701));
#325=EDGE_LOOP('',(#1702,#1703,#1704,#1705));
#326=EDGE_LOOP('',(#1706,#1707,#1708,#1709));
#327=EDGE_LOOP('',(#1710,#1711,#1712,#1713));
#328=EDGE_LOOP('',(#1714,#1715,#1716,#1717));
#329=EDGE_LOOP('',(#1718,#1719,#1720,#1721));
#330=EDGE_LOOP('',(#1722,#1723,#1724,#1725));
#331=EDGE_LOOP('',(#1726,#1727,#1728,#1729));
#332=EDGE_LOOP('',(#1730,#1731,#1732,#1733));
#333=EDGE_LOOP('',(#1734,#1735,#1736,#1737));
#334=EDGE_LOOP('',(#1738,#1739,#1740,#1741));
#335=EDGE_LOOP('',(#1742,#1743,#1744,#1745));
#336=EDGE_LOOP('',(#1746,#1747,#1748,#1749));
#337=EDGE_LOOP('',(#1750,#1751,#1752,#1753));
#338=EDGE_LOOP('',(#1754,#1755,#1756,#1757));
#339=EDGE_LOOP('',(#1758,#1759,#1760,#1761));
#340=EDGE_LOOP('',(#1762,#1763,#1764,#1765));
#341=EDGE_LOOP('',(#1766,#1767,#1768,#1769));
#342=EDGE_LOOP('',(#1770,#1771,#1772,#1773));
#343=EDGE_LOOP('',(#1774,#1775,#1776,#1777));
#344=EDGE_LOOP('',(#1778,#1779,#1780,#1781));
#345=EDGE_LOOP('',(#1782,#1783,#1784,#1785));
#346=EDGE_LOOP('',(#1786,#1787,#1788,#1789,#1790,#1791));
#347=EDGE_LOOP('',(#1792));
#348=EDGE_LOOP('',(#1793));
#349=EDGE_LOOP('',(#1794,#1795,#1796,#1797,#1798,#1799));
#350=EDGE_LOOP('',(#1800));
#351=EDGE_LOOP('',(#1801));
#352=EDGE_LOOP('',(#1802,#1803,#1804,#1805));
#353=EDGE_LOOP('',(#1806,#1807,#1808,#1809));
#354=EDGE_LOOP('',(#1810,#1811,#1812,#1813));
#355=EDGE_LOOP('',(#1814,#1815,#1816,#1817));
#356=EDGE_LOOP('',(#1818,#1819,#1820,#1821));
#357=EDGE_LOOP('',(#1822,#1823,#1824,#1825));
#358=EDGE_LOOP('',(#1826,#1827,#1828,#1829));
#359=EDGE_LOOP('',(#1830,#1831,#1832,#1833,#1834,#1835));
#360=EDGE_LOOP('',(#1836));
#361=EDGE_LOOP('',(#1837));
#362=EDGE_LOOP('',(#1838,#1839,#1840,#1841,#1842,#1843));
#363=EDGE_LOOP('',(#1844));
#364=EDGE_LOOP('',(#1845));
#365=EDGE_LOOP('',(#1846,#1847,#1848,#1849));
#366=EDGE_LOOP('',(#1850,#1851,#1852,#1853));
#367=EDGE_LOOP('',(#1854,#1855,#1856,#1857));
#368=EDGE_LOOP('',(#1858,#1859,#1860,#1861));
#369=EDGE_LOOP('',(#1862,#1863,#1864,#1865));
#370=EDGE_LOOP('',(#1866,#1867,#1868,#1869));
#371=EDGE_LOOP('',(#1870,#1871,#1872,#1873));
#372=EDGE_LOOP('',(#1874,#1875,#1876,#1877));
#373=EDGE_LOOP('',(#1878,#1879,#1880,#1881));
#374=EDGE_LOOP('',(#1882,#1883,#1884,#1885));
#375=EDGE_LOOP('',(#1886,#1887,#1888,#1889));
#376=EDGE_LOOP('',(#1890,#1891,#1892,#1893));
#377=EDGE_LOOP('',(#1894,#1895,#1896,#1897));
#378=EDGE_LOOP('',(#1898,#1899,#1900,#1901));
#379=EDGE_LOOP('',(#1902,#1903,#1904,#1905));
#380=EDGE_LOOP('',(#1906,#1907,#1908,#1909));
#381=EDGE_LOOP('',(#1910,#1911,#1912,#1913));
#382=EDGE_LOOP('',(#1914,#1915,#1916,#1917));
#383=EDGE_LOOP('',(#1918,#1919,#1920,#1921));
#384=EDGE_LOOP('',(#1922,#1923,#1924,#1925));
#385=EDGE_LOOP('',(#1926,#1927,#1928,#1929));
#386=EDGE_LOOP('',(#1930,#1931,#1932,#1933));
#387=EDGE_LOOP('',(#1934,#1935,#1936,#1937));
#388=EDGE_LOOP('',(#1938,#1939,#1940,#1941));
#389=EDGE_LOOP('',(#1942,#1943,#1944,#1945));
#390=EDGE_LOOP('',(#1946,#1947,#1948,#1949));
#391=EDGE_LOOP('',(#1950,#1951,#1952,#1953));
#392=EDGE_LOOP('',(#1954,#1955,#1956,#1957));
#393=EDGE_LOOP('',(#1958,#1959,#1960,#1961));
#394=EDGE_LOOP('',(#1962,#1963,#1964,#1965));
#395=EDGE_LOOP('',(#1966,#1967,#1968,#1969));
#396=EDGE_LOOP('',(#1970,#1971,#1972,#1973));
#397=EDGE_LOOP('',(#1974,#1975,#1976,#1977));
#398=EDGE_LOOP('',(#1978,#1979,#1980,#1981));
#399=EDGE_LOOP('',(#1982,#1983,#1984,#1985));
#400=EDGE_LOOP('',(#1986,#1987,#1988,#1989));
#401=EDGE_LOOP('',(#1990,#1991,#1992,#1993));
#402=EDGE_LOOP('',(#1994,#1995,#1996,#1997));
#403=LINE('',#3063,#600);
#404=LINE('',#3069,#601);
#405=LINE('',#3075,#602);
#406=LINE('',#3081,#603);
#407=LINE('',#3087,#604);
#408=LINE('',#3093,#605);
#409=LINE('',#3099,#606);
#410=LINE('',#3105,#607);
#411=LINE('',#3111,#608);
#412=LINE('',#3117,#609);
#413=LINE('',#3124,#610);
#414=LINE('',#3127,#611);
#415=LINE('',#3133,#612);
#416=LINE('',#3136,#613);
#417=LINE('',#3142,#614);
#418=LINE('',#3145,#615);
#419=LINE('',#3150,#616);
#420=LINE('',#3156,#617);
#421=LINE('',#3162,#618);
#422=LINE('',#3168,#619);
#423=LINE('',#3174,#620);
#424=LINE('',#3179,#621);
#425=LINE('',#3181,#622);
#426=LINE('',#3183,#623);
#427=LINE('',#3184,#624);
#428=LINE('',#3188,#625);
#429=LINE('',#3190,#626);
#430=LINE('',#3192,#627);
#431=LINE('',#3193,#628);
#432=LINE('',#3195,#629);
#433=LINE('',#3196,#630);
#434=LINE('',#3199,#631);
#435=LINE('',#3203,#632);
#436=LINE('',#3207,#633);
#437=LINE('',#3210,#634);
#438=LINE('',#3214,#635);
#439=LINE('',#3217,#636);
#440=LINE('',#3219,#637);
#441=LINE('',#3220,#638);
#442=LINE('',#3225,#639);
#443=LINE('',#3229,#640);
#444=LINE('',#3232,#641);
#445=LINE('',#3236,#642);
#446=LINE('',#3238,#643);
#447=LINE('',#3241,#644);
#448=LINE('',#3245,#645);
#449=LINE('',#3247,#646);
#450=LINE('',#3249,#647);
#451=LINE('',#3250,#648);
#452=LINE('',#3254,#649);
#453=LINE('',#3256,#650);
#454=LINE('',#3258,#651);
#455=LINE('',#3259,#652);
#456=LINE('',#3261,#653);
#457=LINE('',#3262,#654);
#458=LINE('',#3265,#655);
#459=LINE('',#3269,#656);
#460=LINE('',#3273,#657);
#461=LINE('',#3277,#658);
#462=LINE('',#3280,#659);
#463=LINE('',#3282,#660);
#464=LINE('',#3285,#661);
#465=LINE('',#3286,#662);
#466=LINE('',#3291,#663);
#467=LINE('',#3295,#664);
#468=LINE('',#3298,#665);
#469=LINE('',#3303,#666);
#470=LINE('',#3306,#667);
#471=LINE('',#3307,#668);
#472=LINE('',#3311,#669);
#473=LINE('',#3313,#670);
#474=LINE('',#3315,#671);
#475=LINE('',#3316,#672);
#476=LINE('',#3320,#673);
#477=LINE('',#3322,#674);
#478=LINE('',#3324,#675);
#479=LINE('',#3325,#676);
#480=LINE('',#3329,#677);
#481=LINE('',#3331,#678);
#482=LINE('',#3333,#679);
#483=LINE('',#3334,#680);
#484=LINE('',#3338,#681);
#485=LINE('',#3340,#682);
#486=LINE('',#3342,#683);
#487=LINE('',#3343,#684);
#488=LINE('',#3347,#685);
#489=LINE('',#3350,#686);
#490=LINE('',#3352,#687);
#491=LINE('',#3357,#688);
#492=LINE('',#3358,#689);
#493=LINE('',#3359,#690);
#494=LINE('',#3365,#691);
#495=LINE('',#3366,#692);
#496=LINE('',#3371,#693);
#497=LINE('',#3375,#694);
#498=LINE('',#3380,#695);
#499=LINE('',#3384,#696);
#500=LINE('',#3389,#697);
#501=LINE('',#3390,#698);
#502=LINE('',#3391,#699);
#503=LINE('',#3393,#700);
#504=LINE('',#3394,#701);
#505=LINE('',#3396,#702);
#506=LINE('',#3401,#703);
#507=LINE('',#3404,#704);
#508=LINE('',#3405,#705);
#509=LINE('',#3408,#706);
#510=LINE('',#3410,#707);
#511=LINE('',#3411,#708);
#512=LINE('',#3414,#709);
#513=LINE('',#3416,#710);
#514=LINE('',#3420,#711);
#515=LINE('',#3423,#712);
#516=LINE('',#3425,#713);
#517=LINE('',#3427,#714);
#518=LINE('',#3428,#715);
#519=LINE('',#3429,#716);
#520=LINE('',#3434,#717);
#521=LINE('',#3437,#718);
#522=LINE('',#3438,#719);
#523=LINE('',#3443,#720);
#524=LINE('',#3447,#721);
#525=LINE('',#3450,#722);
#526=LINE('',#3453,#723);
#527=LINE('',#3455,#724);
#528=LINE('',#3456,#725);
#529=LINE('',#3458,#726);
#530=LINE('',#3459,#727);
#531=LINE('',#3460,#728);
#532=LINE('',#3462,#729);
#533=LINE('',#3463,#730);
#534=LINE('',#3466,#731);
#535=LINE('',#3469,#732);
#536=LINE('',#3471,#733);
#537=LINE('',#3475,#734);
#538=LINE('',#3479,#735);
#539=LINE('',#3483,#736);
#540=LINE('',#3488,#737);
#541=LINE('',#3490,#738);
#542=LINE('',#3517,#739);
#543=LINE('',#3524,#740);
#544=LINE('',#3527,#741);
#545=LINE('',#3529,#742);
#546=LINE('',#3532,#743);
#547=LINE('',#3534,#744);
#548=LINE('',#3535,#745);
#549=LINE('',#3538,#746);
#550=LINE('',#3540,#747);
#551=LINE('',#3541,#748);
#552=LINE('',#3546,#749);
#553=LINE('',#3551,#750);
#554=LINE('',#3555,#751);
#555=LINE('',#3556,#752);
#556=LINE('',#3560,#753);
#557=LINE('',#3567,#754);
#558=LINE('',#3570,#755);
#559=LINE('',#3572,#756);
#560=LINE('',#3575,#757);
#561=LINE('',#3577,#758);
#562=LINE('',#3578,#759);
#563=LINE('',#3581,#760);
#564=LINE('',#3583,#761);
#565=LINE('',#3584,#762);
#566=LINE('',#3588,#763);
#567=LINE('',#3595,#764);
#568=LINE('',#3598,#765);
#569=LINE('',#3599,#766);
#570=LINE('',#3605,#767);
#571=LINE('',#3606,#768);
#572=LINE('',#3608,#769);
#573=LINE('',#3611,#770);
#574=LINE('',#3614,#771);
#575=LINE('',#3615,#772);
#576=LINE('',#3617,#773);
#577=LINE('',#3619,#774);
#578=LINE('',#3621,#775);
#579=LINE('',#3623,#776);
#580=LINE('',#3626,#777);
#581=LINE('',#3627,#778);
#582=LINE('',#3630,#779);
#583=LINE('',#3632,#780);
#584=LINE('',#3635,#781);
#585=LINE('',#3636,#782);
#586=LINE('',#3638,#783);
#587=LINE('',#3640,#784);
#588=LINE('',#3642,#785);
#589=LINE('',#3644,#786);
#590=LINE('',#3647,#787);
#591=LINE('',#3648,#788);
#592=LINE('',#3650,#789);
#593=LINE('',#3652,#790);
#594=LINE('',#3654,#791);
#595=LINE('',#3656,#792);
#596=LINE('',#3659,#793);
#597=LINE('',#3660,#794);
#598=LINE('',#3663,#795);
#599=LINE('',#3665,#796);
#600=VECTOR('',#2415,5.24999999999998);
#601=VECTOR('',#2422,5.24999999999999);
#602=VECTOR('',#2429,3.5);
#603=VECTOR('',#2436,3.5);
#604=VECTOR('',#2443,3.5);
#605=VECTOR('',#2450,3.5);
#606=VECTOR('',#2457,3.5);
#607=VECTOR('',#2464,3.5);
#608=VECTOR('',#2471,3.5);
#609=VECTOR('',#2478,3.5);
#610=VECTOR('',#2485,1000.);
#611=VECTOR('',#2488,1000.);
#612=VECTOR('',#2493,1000.);
#613=VECTOR('',#2496,1000.);
#614=VECTOR('',#2501,1000.);
#615=VECTOR('',#2504,1000.);
#616=VECTOR('',#2509,3.49999999999998);
#617=VECTOR('',#2516,3.49999999999998);
#618=VECTOR('',#2523,3.49999999999998);
#619=VECTOR('',#2530,3.49999999999998);
#620=VECTOR('',#2537,17.5);
#621=VECTOR('',#2542,1000.);
#622=VECTOR('',#2543,1000.);
#623=VECTOR('',#2544,1000.);
#624=VECTOR('',#2545,1000.);
#625=VECTOR('',#2548,1000.);
#626=VECTOR('',#2549,1000.);
#627=VECTOR('',#2550,1000.);
#628=VECTOR('',#2551,1000.);
#629=VECTOR('',#2554,1000.);
#630=VECTOR('',#2555,1000.);
#631=VECTOR('',#2556,1000.);
#632=VECTOR('',#2559,1000.);
#633=VECTOR('',#2562,1000.);
#634=VECTOR('',#2565,1000.);
#635=VECTOR('',#2568,1000.);
#636=VECTOR('',#2571,1000.);
#637=VECTOR('',#2574,1000.);
#638=VECTOR('',#2575,1000.);
#639=VECTOR('',#2578,1000.);
#640=VECTOR('',#2581,1000.);
#641=VECTOR('',#2584,1000.);
#642=VECTOR('',#2587,1000.);
#643=VECTOR('',#2588,1000.);
#644=VECTOR('',#2591,1000.);
#645=VECTOR('',#2594,1000.);
#646=VECTOR('',#2595,1000.);
#647=VECTOR('',#2596,1000.);
#648=VECTOR('',#2597,1000.);
#649=VECTOR('',#2600,1000.);
#650=VECTOR('',#2601,1000.);
#651=VECTOR('',#2602,1000.);
#652=VECTOR('',#2603,1000.);
#653=VECTOR('',#2606,1000.);
#654=VECTOR('',#2607,1000.);
#655=VECTOR('',#2608,1000.);
#656=VECTOR('',#2611,1000.);
#657=VECTOR('',#2614,1000.);
#658=VECTOR('',#2617,1000.);
#659=VECTOR('',#2620,1000.);
#660=VECTOR('',#2621,1000.);
#661=VECTOR('',#2626,1000.);
#662=VECTOR('',#2627,1000.);
#663=VECTOR('',#2630,1000.);
#664=VECTOR('',#2633,1000.);
#665=VECTOR('',#2636,1000.);
#666=VECTOR('',#2639,1000.);
#667=VECTOR('',#2642,1000.);
#668=VECTOR('',#2643,1000.);
#669=VECTOR('',#2646,1000.);
#670=VECTOR('',#2647,1000.);
#671=VECTOR('',#2648,1000.);
#672=VECTOR('',#2649,1000.);
#673=VECTOR('',#2652,1000.);
#674=VECTOR('',#2653,1000.);
#675=VECTOR('',#2654,1000.);
#676=VECTOR('',#2655,1000.);
#677=VECTOR('',#2658,1000.);
#678=VECTOR('',#2659,1000.);
#679=VECTOR('',#2660,1000.);
#680=VECTOR('',#2661,1000.);
#681=VECTOR('',#2664,1000.);
#682=VECTOR('',#2665,1000.);
#683=VECTOR('',#2666,1000.);
#684=VECTOR('',#2667,1000.);
#685=VECTOR('',#2670,1000.);
#686=VECTOR('',#2673,1000.);
#687=VECTOR('',#2674,1000.);
#688=VECTOR('',#2679,1000.);
#689=VECTOR('',#2680,1000.);
#690=VECTOR('',#2681,1000.);
#691=VECTOR('',#2688,1000.);
#692=VECTOR('',#2689,1000.);
#693=VECTOR('',#2696,1000.);
#694=VECTOR('',#2701,1000.);
#695=VECTOR('',#2706,1000.);
#696=VECTOR('',#2709,1000.);
#697=VECTOR('',#2714,1000.);
#698=VECTOR('',#2715,1000.);
#699=VECTOR('',#2716,1000.);
#700=VECTOR('',#2719,1000.);
#701=VECTOR('',#2720,1000.);
#702=VECTOR('',#2723,1000.);
#703=VECTOR('',#2728,1000.);
#704=VECTOR('',#2731,1000.);
#705=VECTOR('',#2732,1000.);
#706=VECTOR('',#2735,1000.);
#707=VECTOR('',#2736,1000.);
#708=VECTOR('',#2737,1000.);
#709=VECTOR('',#2742,1000.);
#710=VECTOR('',#2743,1000.);
#711=VECTOR('',#2750,1000.);
#712=VECTOR('',#2753,1000.);
#713=VECTOR('',#2754,1000.);
#714=VECTOR('',#2755,1000.);
#715=VECTOR('',#2756,1000.);
#716=VECTOR('',#2757,1000.);
#717=VECTOR('',#2760,1000.);
#718=VECTOR('',#2763,1000.);
#719=VECTOR('',#2764,1000.);
#720=VECTOR('',#2767,1000.);
#721=VECTOR('',#2770,1000.);
#722=VECTOR('',#2773,1000.);
#723=VECTOR('',#2776,1000.);
#724=VECTOR('',#2777,1000.);
#725=VECTOR('',#2778,1000.);
#726=VECTOR('',#2781,1000.);
#727=VECTOR('',#2782,1000.);
#728=VECTOR('',#2783,1000.);
#729=VECTOR('',#2784,1000.);
#730=VECTOR('',#2785,1000.);
#731=VECTOR('',#2786,1000.);
#732=VECTOR('',#2789,1000.);
#733=VECTOR('',#2790,1000.);
#734=VECTOR('',#2793,1000.);
#735=VECTOR('',#2796,1000.);
#736=VECTOR('',#2799,1000.);
#737=VECTOR('',#2808,1000.);
#738=VECTOR('',#2811,1000.);
#739=VECTOR('',#2860,1000.);
#740=VECTOR('',#2869,1000.);
#741=VECTOR('',#2874,1000.);
#742=VECTOR('',#2877,1000.);
#743=VECTOR('',#2880,1000.);
#744=VECTOR('',#2881,1000.);
#745=VECTOR('',#2882,1000.);
#746=VECTOR('',#2885,1000.);
#747=VECTOR('',#2886,1000.);
#748=VECTOR('',#2887,1000.);
#749=VECTOR('',#2892,1000.);
#750=VECTOR('',#2897,1000.);
#751=VECTOR('',#2904,1000.);
#752=VECTOR('',#2905,1000.);
#753=VECTOR('',#2908,1000.);
#754=VECTOR('',#2917,1000.);
#755=VECTOR('',#2922,1000.);
#756=VECTOR('',#2925,1000.);
#757=VECTOR('',#2928,1000.);
#758=VECTOR('',#2929,1000.);
#759=VECTOR('',#2930,1000.);
#760=VECTOR('',#2933,1000.);
#761=VECTOR('',#2934,1000.);
#762=VECTOR('',#2935,1000.);
#763=VECTOR('',#2938,1000.);
#764=VECTOR('',#2947,1000.);
#765=VECTOR('',#2952,1000.);
#766=VECTOR('',#2953,1000.);
#767=VECTOR('',#2964,1000.);
#768=VECTOR('',#2965,1000.);
#769=VECTOR('',#2968,1000.);
#770=VECTOR('',#2973,1000.);
#771=VECTOR('',#2978,1000.);
#772=VECTOR('',#2979,1000.);
#773=VECTOR('',#2982,1000.);
#774=VECTOR('',#2985,1000.);
#775=VECTOR('',#2988,1000.);
#776=VECTOR('',#2991,1000.);
#777=VECTOR('',#2996,1000.);
#778=VECTOR('',#2997,1000.);
#779=VECTOR('',#3002,1000.);
#780=VECTOR('',#3005,1000.);
#781=VECTOR('',#3010,1000.);
#782=VECTOR('',#3011,1000.);
#783=VECTOR('',#3014,1000.);
#784=VECTOR('',#3017,1000.);
#785=VECTOR('',#3020,1000.);
#786=VECTOR('',#3023,1000.);
#787=VECTOR('',#3028,1000.);
#788=VECTOR('',#3029,1000.);
#789=VECTOR('',#3032,1000.);
#790=VECTOR('',#3035,1000.);
#791=VECTOR('',#3038,1000.);
#792=VECTOR('',#3041,1000.);
#793=VECTOR('',#3046,1000.);
#794=VECTOR('',#3047,1000.);
#795=VECTOR('',#3052,1000.);
#796=VECTOR('',#3055,1000.);
#797=CIRCLE('',#2185,5.24999999999998);
#798=CIRCLE('',#2186,5.24999999999998);
#799=CIRCLE('',#2188,5.24999999999999);
#800=CIRCLE('',#2189,5.24999999999999);
#801=CIRCLE('',#2191,3.5);
#802=CIRCLE('',#2192,3.49999999999999);
#803=CIRCLE('',#2194,3.5);
#804=CIRCLE('',#2195,3.49999999999999);
#805=CIRCLE('',#2197,3.5);
#806=CIRCLE('',#2198,3.49999999999999);
#807=CIRCLE('',#2200,3.5);
#808=CIRCLE('',#2201,3.49999999999999);
#809=CIRCLE('',#2203,3.5);
#810=CIRCLE('',#2204,3.5);
#811=CIRCLE('',#2206,3.5);
#812=CIRCLE('',#2207,3.5);
#813=CIRCLE('',#2209,3.5);
#814=CIRCLE('',#2210,3.5);
#815=CIRCLE('',#2212,3.5);
#816=CIRCLE('',#2213,3.5);
#817=CIRCLE('',#2215,3.00000000000003);
#818=CIRCLE('',#2216,3.00000000000003);
#819=CIRCLE('',#2218,3.00000000000001);
#820=CIRCLE('',#2219,3.00000000000001);
#821=CIRCLE('',#2221,3.00000000000001);
#822=CIRCLE('',#2222,3.00000000000001);
#823=CIRCLE('',#2224,3.49999999999998);
#824=CIRCLE('',#2225,3.49999999999999);
#825=CIRCLE('',#2227,3.49999999999998);
#826=CIRCLE('',#2228,3.49999999999999);
#827=CIRCLE('',#2230,3.49999999999998);
#828=CIRCLE('',#2231,3.49999999999999);
#829=CIRCLE('',#2233,3.49999999999998);
#830=CIRCLE('',#2234,3.49999999999999);
#831=CIRCLE('',#2236,17.5);
#832=CIRCLE('',#2237,17.5);
#833=CIRCLE('',#2241,2.99999999999999);
#834=CIRCLE('',#2242,3.);
#835=CIRCLE('',#2243,3.);
#836=CIRCLE('',#2244,3.00000000000002);
#837=CIRCLE('',#2245,3.);
#838=CIRCLE('',#2247,2.99999999999999);
#839=CIRCLE('',#2248,3.);
#840=CIRCLE('',#2249,3.);
#841=CIRCLE('',#2250,3.00000000000002);
#842=CIRCLE('',#2251,3.);
#843=CIRCLE('',#2255,2.99999999999999);
#844=CIRCLE('',#2256,3.);
#845=CIRCLE('',#2257,3.);
#846=CIRCLE('',#2258,3.);
#847=CIRCLE('',#2259,3.);
#848=CIRCLE('',#2261,2.99999999999999);
#849=CIRCLE('',#2262,3.);
#850=CIRCLE('',#2263,3.);
#851=CIRCLE('',#2264,3.);
#852=CIRCLE('',#2265,3.);
#853=CIRCLE('',#2271,10.);
#854=CIRCLE('',#2272,10.);
#855=CIRCLE('',#2275,10.);
#856=CIRCLE('',#2276,10.);
#857=CIRCLE('',#2278,2.4);
#858=CIRCLE('',#2279,2.4);
#859=CIRCLE('',#2281,4.4);
#860=CIRCLE('',#2282,4.4);
#861=CIRCLE('',#2284,4.4);
#862=CIRCLE('',#2285,2.4);
#863=CIRCLE('',#2290,10.);
#864=CIRCLE('',#2291,10.);
#865=CIRCLE('',#2294,10.);
#866=CIRCLE('',#2295,10.);
#867=CIRCLE('',#2297,2.4);
#868=CIRCLE('',#2299,3.);
#869=CIRCLE('',#2300,3.00000000000003);
#870=CIRCLE('',#2301,3.);
#871=CIRCLE('',#2302,3.);
#872=CIRCLE('',#2303,2.99999999999999);
#873=CIRCLE('',#2306,3.);
#874=CIRCLE('',#2307,3.00000000000003);
#875=CIRCLE('',#2308,3.);
#876=CIRCLE('',#2309,2.99999999999999);
#877=CIRCLE('',#2310,3.);
#878=CIRCLE('',#2312,4.4);
#879=CIRCLE('',#2323,2.4);
#880=CIRCLE('',#2324,4.4);
#881=CIRCLE('',#2326,2.4);
#882=CIRCLE('',#2327,4.4);
#883=CIRCLE('',#2331,2.4);
#884=CIRCLE('',#2332,4.4);
#885=CIRCLE('',#2334,2.4);
#886=CIRCLE('',#2335,4.4);
#887=CIRCLE('',#2339,2.39999999999999);
#888=CIRCLE('',#2340,4.39999999999999);
#889=CIRCLE('',#2342,2.39999999999999);
#890=CIRCLE('',#2343,4.39999999999999);
#891=CIRCLE('',#2349,10.);
#892=CIRCLE('',#2350,10.);
#893=CIRCLE('',#2352,10.);
#894=CIRCLE('',#2353,10.);
#895=CIRCLE('',#2356,2.39999999999999);
#896=CIRCLE('',#2357,4.39999999999999);
#897=CIRCLE('',#2359,2.39999999999999);
#898=CIRCLE('',#2360,4.39999999999999);
#899=CIRCLE('',#2366,10.);
#900=CIRCLE('',#2367,10.);
#901=CIRCLE('',#2369,10.);
#902=CIRCLE('',#2370,10.);
#903=VERTEX_POINT('',#3060);
#904=VERTEX_POINT('',#3062);
#905=VERTEX_POINT('',#3066);
#906=VERTEX_POINT('',#3068);
#907=VERTEX_POINT('',#3072);
#908=VERTEX_POINT('',#3074);
#909=VERTEX_POINT('',#3078);
#910=VERTEX_POINT('',#3080);
#911=VERTEX_POINT('',#3084);
#912=VERTEX_POINT('',#3086);
#913=VERTEX_POINT('',#3090);
#914=VERTEX_POINT('',#3092);
#915=VERTEX_POINT('',#3096);
#916=VERTEX_POINT('',#3098);
#917=VERTEX_POINT('',#3102);
#918=VERTEX_POINT('',#3104);
#919=VERTEX_POINT('',#3108);
#920=VERTEX_POINT('',#3110);
#921=VERTEX_POINT('',#3114);
#922=VERTEX_POINT('',#3116);
#923=VERTEX_POINT('',#3120);
#924=VERTEX_POINT('',#3121);
#925=VERTEX_POINT('',#3123);
#926=VERTEX_POINT('',#3125);
#927=VERTEX_POINT('',#3129);
#928=VERTEX_POINT('',#3130);
#929=VERTEX_POINT('',#3132);
#930=VERTEX_POINT('',#3134);
#931=VERTEX_POINT('',#3138);
#932=VERTEX_POINT('',#3139);
#933=VERTEX_POINT('',#3141);
#934=VERTEX_POINT('',#3143);
#935=VERTEX_POINT('',#3147);
#936=VERTEX_POINT('',#3149);
#937=VERTEX_POINT('',#3153);
#938=VERTEX_POINT('',#3155);
#939=VERTEX_POINT('',#3159);
#940=VERTEX_POINT('',#3161);
#941=VERTEX_POINT('',#3165);
#942=VERTEX_POINT('',#3167);
#943=VERTEX_POINT('',#3171);
#944=VERTEX_POINT('',#3173);
#945=VERTEX_POINT('',#3177);
#946=VERTEX_POINT('',#3178);
#947=VERTEX_POINT('',#3180);
#948=VERTEX_POINT('',#3182);
#949=VERTEX_POINT('',#3186);
#950=VERTEX_POINT('',#3187);
#951=VERTEX_POINT('',#3189);
#952=VERTEX_POINT('',#3191);
#953=VERTEX_POINT('',#3197);
#954=VERTEX_POINT('',#3198);
#955=VERTEX_POINT('',#3200);
#956=VERTEX_POINT('',#3202);
#957=VERTEX_POINT('',#3204);
#958=VERTEX_POINT('',#3206);
#959=VERTEX_POINT('',#3209);
#960=VERTEX_POINT('',#3211);
#961=VERTEX_POINT('',#3213);
#962=VERTEX_POINT('',#3215);
#963=VERTEX_POINT('',#3221);
#964=VERTEX_POINT('',#3222);
#965=VERTEX_POINT('',#3224);
#966=VERTEX_POINT('',#3226);
#967=VERTEX_POINT('',#3228);
#968=VERTEX_POINT('',#3230);
#969=VERTEX_POINT('',#3233);
#970=VERTEX_POINT('',#3234);
#971=VERTEX_POINT('',#3237);
#972=VERTEX_POINT('',#3239);
#973=VERTEX_POINT('',#3243);
#974=VERTEX_POINT('',#3244);
#975=VERTEX_POINT('',#3246);
#976=VERTEX_POINT('',#3248);
#977=VERTEX_POINT('',#3252);
#978=VERTEX_POINT('',#3253);
#979=VERTEX_POINT('',#3255);
#980=VERTEX_POINT('',#3257);
#981=VERTEX_POINT('',#3263);
#982=VERTEX_POINT('',#3264);
#983=VERTEX_POINT('',#3266);
#984=VERTEX_POINT('',#3268);
#985=VERTEX_POINT('',#3270);
#986=VERTEX_POINT('',#3272);
#987=VERTEX_POINT('',#3275);
#988=VERTEX_POINT('',#3276);
#989=VERTEX_POINT('',#3278);
#990=VERTEX_POINT('',#3281);
#991=VERTEX_POINT('',#3287);
#992=VERTEX_POINT('',#3288);
#993=VERTEX_POINT('',#3290);
#994=VERTEX_POINT('',#3292);
#995=VERTEX_POINT('',#3294);
#996=VERTEX_POINT('',#3296);
#997=VERTEX_POINT('',#3299);
#998=VERTEX_POINT('',#3300);
#999=VERTEX_POINT('',#3302);
#1000=VERTEX_POINT('',#3304);
#1001=VERTEX_POINT('',#3309);
#1002=VERTEX_POINT('',#3310);
#1003=VERTEX_POINT('',#3312);
#1004=VERTEX_POINT('',#3314);
#1005=VERTEX_POINT('',#3318);
#1006=VERTEX_POINT('',#3319);
#1007=VERTEX_POINT('',#3321);
#1008=VERTEX_POINT('',#3323);
#1009=VERTEX_POINT('',#3327);
#1010=VERTEX_POINT('',#3328);
#1011=VERTEX_POINT('',#3330);
#1012=VERTEX_POINT('',#3332);
#1013=VERTEX_POINT('',#3336);
#1014=VERTEX_POINT('',#3337);
#1015=VERTEX_POINT('',#3339);
#1016=VERTEX_POINT('',#3341);
#1017=VERTEX_POINT('',#3345);
#1018=VERTEX_POINT('',#3346);
#1019=VERTEX_POINT('',#3349);
#1020=VERTEX_POINT('',#3351);
#1021=VERTEX_POINT('',#3355);
#1022=VERTEX_POINT('',#3356);
#1023=VERTEX_POINT('',#3362);
#1024=VERTEX_POINT('',#3364);
#1025=VERTEX_POINT('',#3369);
#1026=VERTEX_POINT('',#3374);
#1027=VERTEX_POINT('',#3378);
#1028=VERTEX_POINT('',#3379);
#1029=VERTEX_POINT('',#3381);
#1030=VERTEX_POINT('',#3383);
#1031=VERTEX_POINT('',#3387);
#1032=VERTEX_POINT('',#3388);
#1033=VERTEX_POINT('',#3398);
#1034=VERTEX_POINT('',#3400);
#1035=VERTEX_POINT('',#3402);
#1036=VERTEX_POINT('',#3407);
#1037=VERTEX_POINT('',#3409);
#1038=VERTEX_POINT('',#3415);
#1039=VERTEX_POINT('',#3422);
#1040=VERTEX_POINT('',#3424);
#1041=VERTEX_POINT('',#3426);
#1042=VERTEX_POINT('',#3430);
#1043=VERTEX_POINT('',#3431);
#1044=VERTEX_POINT('',#3433);
#1045=VERTEX_POINT('',#3435);
#1046=VERTEX_POINT('',#3439);
#1047=VERTEX_POINT('',#3440);
#1048=VERTEX_POINT('',#3442);
#1049=VERTEX_POINT('',#3444);
#1050=VERTEX_POINT('',#3446);
#1051=VERTEX_POINT('',#3448);
#1052=VERTEX_POINT('',#3452);
#1053=VERTEX_POINT('',#3454);
#1054=VERTEX_POINT('',#3461);
#1055=VERTEX_POINT('',#3464);
#1056=VERTEX_POINT('',#3465);
#1057=VERTEX_POINT('',#3467);
#1058=VERTEX_POINT('',#3470);
#1059=VERTEX_POINT('',#3473);
#1060=VERTEX_POINT('',#3474);
#1061=VERTEX_POINT('',#3476);
#1062=VERTEX_POINT('',#3478);
#1063=VERTEX_POINT('',#3480);
#1064=VERTEX_POINT('',#3482);
#1065=VERTEX_POINT('',#3515);
#1066=VERTEX_POINT('',#3516);
#1067=VERTEX_POINT('',#3521);
#1068=VERTEX_POINT('',#3523);
#1069=VERTEX_POINT('',#3531);
#1070=VERTEX_POINT('',#3533);
#1071=VERTEX_POINT('',#3537);
#1072=VERTEX_POINT('',#3539);
#1073=VERTEX_POINT('',#3543);
#1074=VERTEX_POINT('',#3545);
#1075=VERTEX_POINT('',#3549);
#1076=VERTEX_POINT('',#3550);
#1077=VERTEX_POINT('',#3558);
#1078=VERTEX_POINT('',#3559);
#1079=VERTEX_POINT('',#3564);
#1080=VERTEX_POINT('',#3566);
#1081=VERTEX_POINT('',#3574);
#1082=VERTEX_POINT('',#3576);
#1083=VERTEX_POINT('',#3580);
#1084=VERTEX_POINT('',#3582);
#1085=VERTEX_POINT('',#3586);
#1086=VERTEX_POINT('',#3587);
#1087=VERTEX_POINT('',#3592);
#1088=VERTEX_POINT('',#3594);
#1089=EDGE_CURVE('',#903,#903,#797,.T.);
#1090=EDGE_CURVE('',#903,#904,#403,.T.);
#1091=EDGE_CURVE('',#904,#904,#798,.T.);
#1092=EDGE_CURVE('',#905,#905,#799,.T.);
#1093=EDGE_CURVE('',#905,#906,#404,.T.);
#1094=EDGE_CURVE('',#906,#906,#800,.T.);
#1095=EDGE_CURVE('',#907,#907,#801,.T.);
#1096=EDGE_CURVE('',#907,#908,#405,.T.);
#1097=EDGE_CURVE('',#908,#908,#802,.T.);
#1098=EDGE_CURVE('',#909,#909,#803,.T.);
#1099=EDGE_CURVE('',#909,#910,#406,.T.);
#1100=EDGE_CURVE('',#910,#910,#804,.T.);
#1101=EDGE_CURVE('',#911,#911,#805,.T.);
#1102=EDGE_CURVE('',#911,#912,#407,.T.);
#1103=EDGE_CURVE('',#912,#912,#806,.T.);
#1104=EDGE_CURVE('',#913,#913,#807,.T.);
#1105=EDGE_CURVE('',#913,#914,#408,.T.);
#1106=EDGE_CURVE('',#914,#914,#808,.T.);
#1107=EDGE_CURVE('',#915,#915,#809,.T.);
#1108=EDGE_CURVE('',#915,#916,#409,.T.);
#1109=EDGE_CURVE('',#916,#916,#810,.T.);
#1110=EDGE_CURVE('',#917,#917,#811,.T.);
#1111=EDGE_CURVE('',#917,#918,#410,.T.);
#1112=EDGE_CURVE('',#918,#918,#812,.T.);
#1113=EDGE_CURVE('',#919,#919,#813,.T.);
#1114=EDGE_CURVE('',#919,#920,#411,.T.);
#1115=EDGE_CURVE('',#920,#920,#814,.T.);
#1116=EDGE_CURVE('',#921,#921,#815,.T.);
#1117=EDGE_CURVE('',#921,#922,#412,.T.);
#1118=EDGE_CURVE('',#922,#922,#816,.T.);
#1119=EDGE_CURVE('',#923,#924,#817,.T.);
#1120=EDGE_CURVE('',#923,#925,#413,.T.);
#1121=EDGE_CURVE('',#925,#926,#818,.T.);
#1122=EDGE_CURVE('',#924,#926,#414,.T.);
#1123=EDGE_CURVE('',#927,#928,#819,.T.);
#1124=EDGE_CURVE('',#927,#929,#415,.T.);
#1125=EDGE_CURVE('',#929,#930,#820,.T.);
#1126=EDGE_CURVE('',#928,#930,#416,.T.);
#1127=EDGE_CURVE('',#931,#932,#821,.T.);
#1128=EDGE_CURVE('',#932,#933,#417,.T.);
#1129=EDGE_CURVE('',#933,#934,#822,.T.);
#1130=EDGE_CURVE('',#931,#934,#418,.T.);
#1131=EDGE_CURVE('',#935,#935,#823,.T.);
#1132=EDGE_CURVE('',#935,#936,#419,.T.);
#1133=EDGE_CURVE('',#936,#936,#824,.T.);
#1134=EDGE_CURVE('',#937,#937,#825,.T.);
#1135=EDGE_CURVE('',#937,#938,#420,.T.);
#1136=EDGE_CURVE('',#938,#938,#826,.T.);
#1137=EDGE_CURVE('',#939,#939,#827,.T.);
#1138=EDGE_CURVE('',#939,#940,#421,.T.);
#1139=EDGE_CURVE('',#940,#940,#828,.T.);
#1140=EDGE_CURVE('',#941,#941,#829,.T.);
#1141=EDGE_CURVE('',#941,#942,#422,.T.);
#1142=EDGE_CURVE('',#942,#942,#830,.T.);
#1143=EDGE_CURVE('',#943,#943,#831,.T.);
#1144=EDGE_CURVE('',#943,#944,#423,.T.);
#1145=EDGE_CURVE('',#944,#944,#832,.T.);
#1146=EDGE_CURVE('',#945,#946,#424,.T.);
#1147=EDGE_CURVE('',#946,#947,#425,.T.);
#1148=EDGE_CURVE('',#947,#948,#426,.T.);
#1149=EDGE_CURVE('',#945,#948,#427,.T.);
#1150=EDGE_CURVE('',#949,#950,#428,.T.);
#1151=EDGE_CURVE('',#951,#949,#429,.T.);
#1152=EDGE_CURVE('',#952,#951,#430,.T.);
#1153=EDGE_CURVE('',#952,#950,#431,.T.);
#1154=EDGE_CURVE('',#945,#949,#432,.T.);
#1155=EDGE_CURVE('',#951,#948,#433,.T.);
#1156=EDGE_CURVE('',#953,#954,#434,.T.);
#1157=EDGE_CURVE('',#954,#955,#833,.T.);
#1158=EDGE_CURVE('',#955,#956,#435,.T.);
#1159=EDGE_CURVE('',#956,#957,#834,.T.);
#1160=EDGE_CURVE('',#957,#958,#436,.T.);
#1161=EDGE_CURVE('',#958,#953,#835,.T.);
#1162=EDGE_CURVE('',#928,#959,#437,.T.);
#1163=EDGE_CURVE('',#959,#960,#836,.T.);
#1164=EDGE_CURVE('',#960,#961,#438,.T.);
#1165=EDGE_CURVE('',#961,#962,#837,.T.);
#1166=EDGE_CURVE('',#962,#927,#439,.T.);
#1167=EDGE_CURVE('',#946,#950,#440,.T.);
#1168=EDGE_CURVE('',#947,#952,#441,.T.);
#1169=EDGE_CURVE('',#963,#964,#838,.T.);
#1170=EDGE_CURVE('',#965,#963,#442,.T.);
#1171=EDGE_CURVE('',#966,#965,#839,.T.);
#1172=EDGE_CURVE('',#967,#966,#443,.T.);
#1173=EDGE_CURVE('',#968,#967,#840,.T.);
#1174=EDGE_CURVE('',#964,#968,#444,.T.);
#1175=EDGE_CURVE('',#969,#970,#841,.T.);
#1176=EDGE_CURVE('',#930,#969,#445,.T.);
#1177=EDGE_CURVE('',#971,#929,#446,.T.);
#1178=EDGE_CURVE('',#972,#971,#842,.T.);
#1179=EDGE_CURVE('',#970,#972,#447,.T.);
#1180=EDGE_CURVE('',#973,#974,#448,.T.);
#1181=EDGE_CURVE('',#975,#973,#449,.T.);
#1182=EDGE_CURVE('',#976,#975,#450,.T.);
#1183=EDGE_CURVE('',#976,#974,#451,.T.);
#1184=EDGE_CURVE('',#977,#978,#452,.T.);
#1185=EDGE_CURVE('',#978,#979,#453,.T.);
#1186=EDGE_CURVE('',#979,#980,#454,.T.);
#1187=EDGE_CURVE('',#977,#980,#455,.T.);
#1188=EDGE_CURVE('',#977,#973,#456,.T.);
#1189=EDGE_CURVE('',#975,#980,#457,.T.);
#1190=EDGE_CURVE('',#981,#982,#458,.T.);
#1191=EDGE_CURVE('',#983,#981,#843,.T.);
#1192=EDGE_CURVE('',#984,#983,#459,.T.);
#1193=EDGE_CURVE('',#985,#984,#844,.T.);
#1194=EDGE_CURVE('',#986,#985,#460,.T.);
#1195=EDGE_CURVE('',#982,#986,#845,.T.);
#1196=EDGE_CURVE('',#987,#988,#461,.T.);
#1197=EDGE_CURVE('',#989,#987,#846,.T.);
#1198=EDGE_CURVE('',#934,#989,#462,.T.);
#1199=EDGE_CURVE('',#990,#933,#463,.T.);
#1200=EDGE_CURVE('',#988,#990,#847,.T.);
#1201=EDGE_CURVE('',#978,#974,#464,.T.);
#1202=EDGE_CURVE('',#979,#976,#465,.T.);
#1203=EDGE_CURVE('',#991,#992,#848,.T.);
#1204=EDGE_CURVE('',#993,#991,#466,.T.);
#1205=EDGE_CURVE('',#994,#993,#849,.T.);
#1206=EDGE_CURVE('',#995,#994,#467,.T.);
#1207=EDGE_CURVE('',#996,#995,#850,.T.);
#1208=EDGE_CURVE('',#992,#996,#468,.T.);
#1209=EDGE_CURVE('',#997,#998,#851,.T.);
#1210=EDGE_CURVE('',#999,#997,#469,.T.);
#1211=EDGE_CURVE('',#1000,#999,#852,.T.);
#1212=EDGE_CURVE('',#932,#1000,#470,.T.);
#1213=EDGE_CURVE('',#998,#931,#471,.T.);
#1214=EDGE_CURVE('',#1001,#1002,#472,.T.);
#1215=EDGE_CURVE('',#1002,#1003,#473,.T.);
#1216=EDGE_CURVE('',#1003,#1004,#474,.T.);
#1217=EDGE_CURVE('',#1001,#1004,#475,.T.);
#1218=EDGE_CURVE('',#1005,#1006,#476,.T.);
#1219=EDGE_CURVE('',#1006,#1007,#477,.T.);
#1220=EDGE_CURVE('',#1007,#1008,#478,.T.);
#1221=EDGE_CURVE('',#1008,#1005,#479,.T.);
#1222=EDGE_CURVE('',#1009,#1010,#480,.T.);
#1223=EDGE_CURVE('',#1010,#1011,#481,.T.);
#1224=EDGE_CURVE('',#1011,#1012,#482,.T.);
#1225=EDGE_CURVE('',#1012,#1009,#483,.T.);
#1226=EDGE_CURVE('',#1013,#1014,#484,.T.);
#1227=EDGE_CURVE('',#1013,#1015,#485,.T.);
#1228=EDGE_CURVE('',#1015,#1016,#486,.T.);
#1229=EDGE_CURVE('',#1016,#1014,#487,.T.);
#1230=EDGE_CURVE('',#1017,#1018,#488,.T.);
#1231=EDGE_CURVE('',#1017,#1013,#853,.T.);
#1232=EDGE_CURVE('',#1014,#1019,#489,.T.);
#1233=EDGE_CURVE('',#1019,#1020,#490,.T.);
#1234=EDGE_CURVE('',#1020,#1018,#854,.T.);
#1235=EDGE_CURVE('',#1021,#1022,#491,.T.);
#1236=EDGE_CURVE('',#1021,#1017,#492,.T.);
#1237=EDGE_CURVE('',#1018,#1022,#493,.T.);
#1238=EDGE_CURVE('',#1015,#1021,#855,.T.);
#1239=EDGE_CURVE('',#1022,#1023,#856,.T.);
#1240=EDGE_CURVE('',#1024,#1023,#494,.T.);
#1241=EDGE_CURVE('',#1016,#1024,#495,.T.);
#1242=EDGE_CURVE('',#1016,#1011,#857,.T.);
#1243=EDGE_CURVE('',#1025,#1024,#858,.T.);
#1244=EDGE_CURVE('',#1011,#1025,#496,.T.);
#1245=EDGE_CURVE('',#1014,#1010,#859,.T.);
#1246=EDGE_CURVE('',#1010,#1026,#497,.T.);
#1247=EDGE_CURVE('',#1026,#1019,#860,.T.);
#1248=EDGE_CURVE('',#1027,#1028,#498,.T.);
#1249=EDGE_CURVE('',#1027,#1029,#861,.T.);
#1250=EDGE_CURVE('',#1030,#1029,#499,.T.);
#1251=EDGE_CURVE('',#1028,#1030,#862,.T.);
#1252=EDGE_CURVE('',#1031,#1032,#500,.T.);
#1253=EDGE_CURVE('',#1031,#1027,#501,.T.);
#1254=EDGE_CURVE('',#1032,#1028,#502,.T.);
#1255=EDGE_CURVE('',#1019,#1024,#503,.T.);
#1256=EDGE_CURVE('',#1025,#1026,#504,.T.);
#1257=EDGE_CURVE('',#1023,#1020,#505,.T.);
#1258=EDGE_CURVE('',#1007,#1033,#863,.T.);
#1259=EDGE_CURVE('',#1034,#1033,#506,.T.);
#1260=EDGE_CURVE('',#1034,#1035,#864,.T.);
#1261=EDGE_CURVE('',#1029,#1035,#507,.T.);
#1262=EDGE_CURVE('',#1029,#1008,#508,.T.);
#1263=EDGE_CURVE('',#1033,#1036,#509,.T.);
#1264=EDGE_CURVE('',#1037,#1036,#510,.T.);
#1265=EDGE_CURVE('',#1037,#1034,#511,.T.);
#1266=EDGE_CURVE('',#1036,#1006,#865,.T.);
#1267=EDGE_CURVE('',#1030,#1005,#512,.T.);
#1268=EDGE_CURVE('',#1030,#1038,#513,.T.);
#1269=EDGE_CURVE('',#1038,#1037,#866,.T.);
#1270=EDGE_CURVE('',#1002,#1005,#867,.T.);
#1271=EDGE_CURVE('',#1028,#1002,#514,.T.);
#1272=EDGE_CURVE('',#1039,#1025,#515,.T.);
#1273=EDGE_CURVE('',#1040,#1039,#516,.T.);
#1274=EDGE_CURVE('',#1041,#1040,#517,.T.);
#1275=EDGE_CURVE('',#1041,#1032,#518,.T.);
#1276=EDGE_CURVE('',#1012,#1001,#519,.T.);
#1277=EDGE_CURVE('',#1042,#1043,#868,.T.);
#1278=EDGE_CURVE('',#1043,#1044,#520,.T.);
#1279=EDGE_CURVE('',#1044,#1045,#869,.T.);
#1280=EDGE_CURVE('',#1045,#923,#521,.T.);
#1281=EDGE_CURVE('',#924,#1042,#522,.T.);
#1282=EDGE_CURVE('',#1046,#1047,#870,.T.);
#1283=EDGE_CURVE('',#1047,#1048,#523,.T.);
#1284=EDGE_CURVE('',#1048,#1049,#871,.T.);
#1285=EDGE_CURVE('',#1049,#1050,#524,.T.);
#1286=EDGE_CURVE('',#1050,#1051,#872,.T.);
#1287=EDGE_CURVE('',#1051,#1046,#525,.T.);
#1288=EDGE_CURVE('',#1052,#1040,#526,.T.);
#1289=EDGE_CURVE('',#1053,#1052,#527,.T.);
#1290=EDGE_CURVE('',#1053,#1041,#528,.T.);
#1291=EDGE_CURVE('',#1004,#1009,#529,.T.);
#1292=EDGE_CURVE('',#1027,#1003,#530,.T.);
#1293=EDGE_CURVE('',#1053,#1031,#531,.T.);
#1294=EDGE_CURVE('',#1052,#1054,#532,.T.);
#1295=EDGE_CURVE('',#1054,#1026,#533,.T.);
#1296=EDGE_CURVE('',#1055,#1056,#534,.T.);
#1297=EDGE_CURVE('',#1057,#1055,#873,.T.);
#1298=EDGE_CURVE('',#926,#1057,#535,.T.);
#1299=EDGE_CURVE('',#1058,#925,#536,.T.);
#1300=EDGE_CURVE('',#1056,#1058,#874,.T.);
#1301=EDGE_CURVE('',#1059,#1060,#537,.T.);
#1302=EDGE_CURVE('',#1061,#1059,#875,.T.);
#1303=EDGE_CURVE('',#1062,#1061,#538,.T.);
#1304=EDGE_CURVE('',#1063,#1062,#876,.T.);
#1305=EDGE_CURVE('',#1064,#1063,#539,.T.);
#1306=EDGE_CURVE('',#1060,#1064,#877,.T.);
#1307=EDGE_CURVE('',#1003,#1008,#878,.T.);
#1308=EDGE_CURVE('',#1035,#1038,#540,.T.);
#1309=EDGE_CURVE('',#1054,#1039,#541,.T.);
#1310=EDGE_CURVE('',#1031,#979,#879,.T.);
#1311=EDGE_CURVE('',#1032,#980,#880,.T.);
#1312=EDGE_CURVE('',#976,#1053,#881,.T.);
#1313=EDGE_CURVE('',#975,#1041,#882,.T.);
#1314=EDGE_CURVE('',#1052,#947,#883,.T.);
#1315=EDGE_CURVE('',#1040,#948,#884,.T.);
#1316=EDGE_CURVE('',#952,#1054,#885,.T.);
#1317=EDGE_CURVE('',#951,#1039,#886,.T.);
#1318=EDGE_CURVE('',#1065,#1066,#542,.T.);
#1319=EDGE_CURVE('',#973,#1065,#887,.T.);
#1320=EDGE_CURVE('',#974,#1066,#888,.T.);
#1321=EDGE_CURVE('',#1067,#977,#889,.T.);
#1322=EDGE_CURVE('',#1067,#1068,#543,.T.);
#1323=EDGE_CURVE('',#1068,#978,#890,.T.);
#1324=EDGE_CURVE('',#1068,#1066,#544,.T.);
#1325=EDGE_CURVE('',#1065,#1067,#545,.T.);
#1326=EDGE_CURVE('',#1067,#1069,#546,.T.);
#1327=EDGE_CURVE('',#1069,#1070,#547,.T.);
#1328=EDGE_CURVE('',#1068,#1070,#548,.T.);
#1329=EDGE_CURVE('',#1071,#1066,#549,.T.);
#1330=EDGE_CURVE('',#1071,#1072,#550,.T.);
#1331=EDGE_CURVE('',#1072,#1065,#551,.T.);
#1332=EDGE_CURVE('',#1070,#1073,#891,.T.);
#1333=EDGE_CURVE('',#1073,#1074,#552,.T.);
#1334=EDGE_CURVE('',#1074,#1071,#892,.T.);
#1335=EDGE_CURVE('',#1075,#1076,#553,.T.);
#1336=EDGE_CURVE('',#1075,#1069,#893,.T.);
#1337=EDGE_CURVE('',#1072,#1076,#894,.T.);
#1338=EDGE_CURVE('',#1073,#1075,#554,.T.);
#1339=EDGE_CURVE('',#1076,#1074,#555,.T.);
#1340=EDGE_CURVE('',#1077,#1078,#556,.T.);
#1341=EDGE_CURVE('',#949,#1077,#895,.T.);
#1342=EDGE_CURVE('',#950,#1078,#896,.T.);
#1343=EDGE_CURVE('',#1079,#945,#897,.T.);
#1344=EDGE_CURVE('',#1079,#1080,#557,.T.);
#1345=EDGE_CURVE('',#1080,#946,#898,.T.);
#1346=EDGE_CURVE('',#1080,#1078,#558,.T.);
#1347=EDGE_CURVE('',#1077,#1079,#559,.T.);
#1348=EDGE_CURVE('',#1079,#1081,#560,.T.);
#1349=EDGE_CURVE('',#1081,#1082,#561,.T.);
#1350=EDGE_CURVE('',#1080,#1082,#562,.T.);
#1351=EDGE_CURVE('',#1083,#1078,#563,.T.);
#1352=EDGE_CURVE('',#1083,#1084,#564,.T.);
#1353=EDGE_CURVE('',#1084,#1077,#565,.T.);
#1354=EDGE_CURVE('',#1085,#1086,#566,.T.);
#1355=EDGE_CURVE('',#1086,#1083,#899,.T.);
#1356=EDGE_CURVE('',#1082,#1085,#900,.T.);
#1357=EDGE_CURVE('',#1084,#1087,#901,.T.);
#1358=EDGE_CURVE('',#1088,#1087,#567,.T.);
#1359=EDGE_CURVE('',#1088,#1081,#902,.T.);
#1360=EDGE_CURVE('',#1087,#1086,#568,.T.);
#1361=EDGE_CURVE('',#1085,#1088,#569,.T.);
#1362=EDGE_CURVE('',#997,#987,#570,.T.);
#1363=EDGE_CURVE('',#999,#988,#571,.T.);
#1364=EDGE_CURVE('',#1000,#990,#572,.T.);
#1365=EDGE_CURVE('',#998,#989,#573,.T.);
#1366=EDGE_CURVE('',#991,#981,#574,.T.);
#1367=EDGE_CURVE('',#993,#982,#575,.T.);
#1368=EDGE_CURVE('',#994,#986,#576,.T.);
#1369=EDGE_CURVE('',#995,#985,#577,.T.);
#1370=EDGE_CURVE('',#996,#984,#578,.T.);
#1371=EDGE_CURVE('',#992,#983,#579,.T.);
#1372=EDGE_CURVE('',#959,#969,#580,.T.);
#1373=EDGE_CURVE('',#960,#970,#581,.T.);
#1374=EDGE_CURVE('',#962,#971,#582,.T.);
#1375=EDGE_CURVE('',#961,#972,#583,.T.);
#1376=EDGE_CURVE('',#954,#963,#584,.T.);
#1377=EDGE_CURVE('',#955,#964,#585,.T.);
#1378=EDGE_CURVE('',#953,#965,#586,.T.);
#1379=EDGE_CURVE('',#958,#966,#587,.T.);
#1380=EDGE_CURVE('',#957,#967,#588,.T.);
#1381=EDGE_CURVE('',#956,#968,#589,.T.);
#1382=EDGE_CURVE('',#1047,#1059,#590,.T.);
#1383=EDGE_CURVE('',#1046,#1061,#591,.T.);
#1384=EDGE_CURVE('',#1051,#1062,#592,.T.);
#1385=EDGE_CURVE('',#1050,#1063,#593,.T.);
#1386=EDGE_CURVE('',#1049,#1064,#594,.T.);
#1387=EDGE_CURVE('',#1048,#1060,#595,.T.);
#1388=EDGE_CURVE('',#1043,#1055,#596,.T.);
#1389=EDGE_CURVE('',#1042,#1057,#597,.T.);
#1390=EDGE_CURVE('',#1045,#1058,#598,.T.);
#1391=EDGE_CURVE('',#1044,#1056,#599,.T.);
#1392=ORIENTED_EDGE('',*,*,#1089,.F.);
#1393=ORIENTED_EDGE('',*,*,#1090,.T.);
#1394=ORIENTED_EDGE('',*,*,#1091,.T.);
#1395=ORIENTED_EDGE('',*,*,#1090,.F.);
#1396=ORIENTED_EDGE('',*,*,#1092,.F.);
#1397=ORIENTED_EDGE('',*,*,#1093,.T.);
#1398=ORIENTED_EDGE('',*,*,#1094,.T.);
#1399=ORIENTED_EDGE('',*,*,#1093,.F.);
#1400=ORIENTED_EDGE('',*,*,#1095,.T.);
#1401=ORIENTED_EDGE('',*,*,#1096,.T.);
#1402=ORIENTED_EDGE('',*,*,#1097,.T.);
#1403=ORIENTED_EDGE('',*,*,#1096,.F.);
#1404=ORIENTED_EDGE('',*,*,#1098,.T.);
#1405=ORIENTED_EDGE('',*,*,#1099,.T.);
#1406=ORIENTED_EDGE('',*,*,#1100,.T.);
#1407=ORIENTED_EDGE('',*,*,#1099,.F.);
#1408=ORIENTED_EDGE('',*,*,#1101,.T.);
#1409=ORIENTED_EDGE('',*,*,#1102,.T.);
#1410=ORIENTED_EDGE('',*,*,#1103,.T.);
#1411=ORIENTED_EDGE('',*,*,#1102,.F.);
#1412=ORIENTED_EDGE('',*,*,#1104,.T.);
#1413=ORIENTED_EDGE('',*,*,#1105,.T.);
#1414=ORIENTED_EDGE('',*,*,#1106,.T.);
#1415=ORIENTED_EDGE('',*,*,#1105,.F.);
#1416=ORIENTED_EDGE('',*,*,#1107,.T.);
#1417=ORIENTED_EDGE('',*,*,#1108,.T.);
#1418=ORIENTED_EDGE('',*,*,#1109,.T.);
#1419=ORIENTED_EDGE('',*,*,#1108,.F.);
#1420=ORIENTED_EDGE('',*,*,#1110,.T.);
#1421=ORIENTED_EDGE('',*,*,#1111,.T.);
#1422=ORIENTED_EDGE('',*,*,#1112,.T.);
#1423=ORIENTED_EDGE('',*,*,#1111,.F.);
#1424=ORIENTED_EDGE('',*,*,#1113,.T.);
#1425=ORIENTED_EDGE('',*,*,#1114,.T.);
#1426=ORIENTED_EDGE('',*,*,#1115,.T.);
#1427=ORIENTED_EDGE('',*,*,#1114,.F.);
#1428=ORIENTED_EDGE('',*,*,#1116,.T.);
#1429=ORIENTED_EDGE('',*,*,#1117,.T.);
#1430=ORIENTED_EDGE('',*,*,#1118,.T.);
#1431=ORIENTED_EDGE('',*,*,#1117,.F.);
#1432=ORIENTED_EDGE('',*,*,#1119,.F.);
#1433=ORIENTED_EDGE('',*,*,#1120,.T.);
#1434=ORIENTED_EDGE('',*,*,#1121,.T.);
#1435=ORIENTED_EDGE('',*,*,#1122,.F.);
#1436=ORIENTED_EDGE('',*,*,#1123,.F.);
#1437=ORIENTED_EDGE('',*,*,#1124,.T.);
#1438=ORIENTED_EDGE('',*,*,#1125,.T.);
#1439=ORIENTED_EDGE('',*,*,#1126,.F.);
#1440=ORIENTED_EDGE('',*,*,#1127,.T.);
#1441=ORIENTED_EDGE('',*,*,#1128,.T.);
#1442=ORIENTED_EDGE('',*,*,#1129,.T.);
#1443=ORIENTED_EDGE('',*,*,#1130,.F.);
#1444=ORIENTED_EDGE('',*,*,#1131,.T.);
#1445=ORIENTED_EDGE('',*,*,#1132,.T.);
#1446=ORIENTED_EDGE('',*,*,#1133,.T.);
#1447=ORIENTED_EDGE('',*,*,#1132,.F.);
#1448=ORIENTED_EDGE('',*,*,#1134,.T.);
#1449=ORIENTED_EDGE('',*,*,#1135,.T.);
#1450=ORIENTED_EDGE('',*,*,#1136,.T.);
#1451=ORIENTED_EDGE('',*,*,#1135,.F.);
#1452=ORIENTED_EDGE('',*,*,#1137,.T.);
#1453=ORIENTED_EDGE('',*,*,#1138,.T.);
#1454=ORIENTED_EDGE('',*,*,#1139,.T.);
#1455=ORIENTED_EDGE('',*,*,#1138,.F.);
#1456=ORIENTED_EDGE('',*,*,#1140,.T.);
#1457=ORIENTED_EDGE('',*,*,#1141,.T.);
#1458=ORIENTED_EDGE('',*,*,#1142,.T.);
#1459=ORIENTED_EDGE('',*,*,#1141,.F.);
#1460=ORIENTED_EDGE('',*,*,#1143,.F.);
#1461=ORIENTED_EDGE('',*,*,#1144,.T.);
#1462=ORIENTED_EDGE('',*,*,#1145,.T.);
#1463=ORIENTED_EDGE('',*,*,#1144,.F.);
#1464=ORIENTED_EDGE('',*,*,#1146,.T.);
#1465=ORIENTED_EDGE('',*,*,#1147,.T.);
#1466=ORIENTED_EDGE('',*,*,#1148,.T.);
#1467=ORIENTED_EDGE('',*,*,#1149,.F.);
#1468=ORIENTED_EDGE('',*,*,#1150,.F.);
#1469=ORIENTED_EDGE('',*,*,#1151,.F.);
#1470=ORIENTED_EDGE('',*,*,#1152,.F.);
#1471=ORIENTED_EDGE('',*,*,#1153,.T.);
#1472=ORIENTED_EDGE('',*,*,#1154,.F.);
#1473=ORIENTED_EDGE('',*,*,#1149,.T.);
#1474=ORIENTED_EDGE('',*,*,#1155,.F.);
#1475=ORIENTED_EDGE('',*,*,#1151,.T.);
#1476=ORIENTED_EDGE('',*,*,#1097,.F.);
#1477=ORIENTED_EDGE('',*,*,#1100,.F.);
#1478=ORIENTED_EDGE('',*,*,#1156,.T.);
#1479=ORIENTED_EDGE('',*,*,#1157,.T.);
#1480=ORIENTED_EDGE('',*,*,#1158,.T.);
#1481=ORIENTED_EDGE('',*,*,#1159,.T.);
#1482=ORIENTED_EDGE('',*,*,#1160,.T.);
#1483=ORIENTED_EDGE('',*,*,#1161,.T.);
#1484=ORIENTED_EDGE('',*,*,#1162,.T.);
#1485=ORIENTED_EDGE('',*,*,#1163,.T.);
#1486=ORIENTED_EDGE('',*,*,#1164,.T.);
#1487=ORIENTED_EDGE('',*,*,#1165,.T.);
#1488=ORIENTED_EDGE('',*,*,#1166,.T.);
#1489=ORIENTED_EDGE('',*,*,#1123,.T.);
#1490=ORIENTED_EDGE('',*,*,#1147,.F.);
#1491=ORIENTED_EDGE('',*,*,#1167,.T.);
#1492=ORIENTED_EDGE('',*,*,#1153,.F.);
#1493=ORIENTED_EDGE('',*,*,#1168,.F.);
#1494=ORIENTED_EDGE('',*,*,#1095,.F.);
#1495=ORIENTED_EDGE('',*,*,#1098,.F.);
#1496=ORIENTED_EDGE('',*,*,#1169,.F.);
#1497=ORIENTED_EDGE('',*,*,#1170,.F.);
#1498=ORIENTED_EDGE('',*,*,#1171,.F.);
#1499=ORIENTED_EDGE('',*,*,#1172,.F.);
#1500=ORIENTED_EDGE('',*,*,#1173,.F.);
#1501=ORIENTED_EDGE('',*,*,#1174,.F.);
#1502=ORIENTED_EDGE('',*,*,#1175,.F.);
#1503=ORIENTED_EDGE('',*,*,#1176,.F.);
#1504=ORIENTED_EDGE('',*,*,#1125,.F.);
#1505=ORIENTED_EDGE('',*,*,#1177,.F.);
#1506=ORIENTED_EDGE('',*,*,#1178,.F.);
#1507=ORIENTED_EDGE('',*,*,#1179,.F.);
#1508=ORIENTED_EDGE('',*,*,#1180,.F.);
#1509=ORIENTED_EDGE('',*,*,#1181,.F.);
#1510=ORIENTED_EDGE('',*,*,#1182,.F.);
#1511=ORIENTED_EDGE('',*,*,#1183,.T.);
#1512=ORIENTED_EDGE('',*,*,#1184,.T.);
#1513=ORIENTED_EDGE('',*,*,#1185,.T.);
#1514=ORIENTED_EDGE('',*,*,#1186,.T.);
#1515=ORIENTED_EDGE('',*,*,#1187,.F.);
#1516=ORIENTED_EDGE('',*,*,#1188,.F.);
#1517=ORIENTED_EDGE('',*,*,#1187,.T.);
#1518=ORIENTED_EDGE('',*,*,#1189,.F.);
#1519=ORIENTED_EDGE('',*,*,#1181,.T.);
#1520=ORIENTED_EDGE('',*,*,#1103,.F.);
#1521=ORIENTED_EDGE('',*,*,#1106,.F.);
#1522=ORIENTED_EDGE('',*,*,#1190,.F.);
#1523=ORIENTED_EDGE('',*,*,#1191,.F.);
#1524=ORIENTED_EDGE('',*,*,#1192,.F.);
#1525=ORIENTED_EDGE('',*,*,#1193,.F.);
#1526=ORIENTED_EDGE('',*,*,#1194,.F.);
#1527=ORIENTED_EDGE('',*,*,#1195,.F.);
#1528=ORIENTED_EDGE('',*,*,#1196,.F.);
#1529=ORIENTED_EDGE('',*,*,#1197,.F.);
#1530=ORIENTED_EDGE('',*,*,#1198,.F.);
#1531=ORIENTED_EDGE('',*,*,#1129,.F.);
#1532=ORIENTED_EDGE('',*,*,#1199,.F.);
#1533=ORIENTED_EDGE('',*,*,#1200,.F.);
#1534=ORIENTED_EDGE('',*,*,#1185,.F.);
#1535=ORIENTED_EDGE('',*,*,#1201,.T.);
#1536=ORIENTED_EDGE('',*,*,#1183,.F.);
#1537=ORIENTED_EDGE('',*,*,#1202,.F.);
#1538=ORIENTED_EDGE('',*,*,#1101,.F.);
#1539=ORIENTED_EDGE('',*,*,#1104,.F.);
#1540=ORIENTED_EDGE('',*,*,#1203,.F.);
#1541=ORIENTED_EDGE('',*,*,#1204,.F.);
#1542=ORIENTED_EDGE('',*,*,#1205,.F.);
#1543=ORIENTED_EDGE('',*,*,#1206,.F.);
#1544=ORIENTED_EDGE('',*,*,#1207,.F.);
#1545=ORIENTED_EDGE('',*,*,#1208,.F.);
#1546=ORIENTED_EDGE('',*,*,#1209,.F.);
#1547=ORIENTED_EDGE('',*,*,#1210,.F.);
#1548=ORIENTED_EDGE('',*,*,#1211,.F.);
#1549=ORIENTED_EDGE('',*,*,#1212,.F.);
#1550=ORIENTED_EDGE('',*,*,#1127,.F.);
#1551=ORIENTED_EDGE('',*,*,#1213,.F.);
#1552=ORIENTED_EDGE('',*,*,#1214,.T.);
#1553=ORIENTED_EDGE('',*,*,#1215,.T.);
#1554=ORIENTED_EDGE('',*,*,#1216,.T.);
#1555=ORIENTED_EDGE('',*,*,#1217,.F.);
#1556=ORIENTED_EDGE('',*,*,#1218,.T.);
#1557=ORIENTED_EDGE('',*,*,#1219,.T.);
#1558=ORIENTED_EDGE('',*,*,#1220,.T.);
#1559=ORIENTED_EDGE('',*,*,#1221,.T.);
#1560=ORIENTED_EDGE('',*,*,#1222,.T.);
#1561=ORIENTED_EDGE('',*,*,#1223,.T.);
#1562=ORIENTED_EDGE('',*,*,#1224,.T.);
#1563=ORIENTED_EDGE('',*,*,#1225,.T.);
#1564=ORIENTED_EDGE('',*,*,#1226,.F.);
#1565=ORIENTED_EDGE('',*,*,#1227,.T.);
#1566=ORIENTED_EDGE('',*,*,#1228,.T.);
#1567=ORIENTED_EDGE('',*,*,#1229,.T.);
#1568=ORIENTED_EDGE('',*,*,#1230,.F.);
#1569=ORIENTED_EDGE('',*,*,#1231,.T.);
#1570=ORIENTED_EDGE('',*,*,#1226,.T.);
#1571=ORIENTED_EDGE('',*,*,#1232,.T.);
#1572=ORIENTED_EDGE('',*,*,#1233,.T.);
#1573=ORIENTED_EDGE('',*,*,#1234,.T.);
#1574=ORIENTED_EDGE('',*,*,#1136,.F.);
#1575=ORIENTED_EDGE('',*,*,#1133,.F.);
#1576=ORIENTED_EDGE('',*,*,#1235,.F.);
#1577=ORIENTED_EDGE('',*,*,#1236,.T.);
#1578=ORIENTED_EDGE('',*,*,#1230,.T.);
#1579=ORIENTED_EDGE('',*,*,#1237,.T.);
#1580=ORIENTED_EDGE('',*,*,#1228,.F.);
#1581=ORIENTED_EDGE('',*,*,#1238,.T.);
#1582=ORIENTED_EDGE('',*,*,#1235,.T.);
#1583=ORIENTED_EDGE('',*,*,#1239,.T.);
#1584=ORIENTED_EDGE('',*,*,#1240,.F.);
#1585=ORIENTED_EDGE('',*,*,#1241,.F.);
#1586=ORIENTED_EDGE('',*,*,#1134,.F.);
#1587=ORIENTED_EDGE('',*,*,#1131,.F.);
#1588=ORIENTED_EDGE('',*,*,#1242,.F.);
#1589=ORIENTED_EDGE('',*,*,#1241,.T.);
#1590=ORIENTED_EDGE('',*,*,#1243,.F.);
#1591=ORIENTED_EDGE('',*,*,#1244,.F.);
#1592=ORIENTED_EDGE('',*,*,#1232,.F.);
#1593=ORIENTED_EDGE('',*,*,#1245,.T.);
#1594=ORIENTED_EDGE('',*,*,#1246,.T.);
#1595=ORIENTED_EDGE('',*,*,#1247,.T.);
#1596=ORIENTED_EDGE('',*,*,#1248,.F.);
#1597=ORIENTED_EDGE('',*,*,#1249,.T.);
#1598=ORIENTED_EDGE('',*,*,#1250,.F.);
#1599=ORIENTED_EDGE('',*,*,#1251,.F.);
#1600=ORIENTED_EDGE('',*,*,#1252,.F.);
#1601=ORIENTED_EDGE('',*,*,#1253,.T.);
#1602=ORIENTED_EDGE('',*,*,#1248,.T.);
#1603=ORIENTED_EDGE('',*,*,#1254,.F.);
#1604=ORIENTED_EDGE('',*,*,#1255,.F.);
#1605=ORIENTED_EDGE('',*,*,#1247,.F.);
#1606=ORIENTED_EDGE('',*,*,#1256,.F.);
#1607=ORIENTED_EDGE('',*,*,#1243,.T.);
#1608=ORIENTED_EDGE('',*,*,#1240,.T.);
#1609=ORIENTED_EDGE('',*,*,#1257,.T.);
#1610=ORIENTED_EDGE('',*,*,#1233,.F.);
#1611=ORIENTED_EDGE('',*,*,#1255,.T.);
#1612=ORIENTED_EDGE('',*,*,#1220,.F.);
#1613=ORIENTED_EDGE('',*,*,#1258,.T.);
#1614=ORIENTED_EDGE('',*,*,#1259,.F.);
#1615=ORIENTED_EDGE('',*,*,#1260,.T.);
#1616=ORIENTED_EDGE('',*,*,#1261,.F.);
#1617=ORIENTED_EDGE('',*,*,#1262,.T.);
#1618=ORIENTED_EDGE('',*,*,#1139,.F.);
#1619=ORIENTED_EDGE('',*,*,#1142,.F.);
#1620=ORIENTED_EDGE('',*,*,#1259,.T.);
#1621=ORIENTED_EDGE('',*,*,#1263,.T.);
#1622=ORIENTED_EDGE('',*,*,#1264,.F.);
#1623=ORIENTED_EDGE('',*,*,#1265,.T.);
#1624=ORIENTED_EDGE('',*,*,#1264,.T.);
#1625=ORIENTED_EDGE('',*,*,#1266,.T.);
#1626=ORIENTED_EDGE('',*,*,#1218,.F.);
#1627=ORIENTED_EDGE('',*,*,#1267,.F.);
#1628=ORIENTED_EDGE('',*,*,#1268,.T.);
#1629=ORIENTED_EDGE('',*,*,#1269,.T.);
#1630=ORIENTED_EDGE('',*,*,#1137,.F.);
#1631=ORIENTED_EDGE('',*,*,#1140,.F.);
#1632=ORIENTED_EDGE('',*,*,#1270,.F.);
#1633=ORIENTED_EDGE('',*,*,#1271,.F.);
#1634=ORIENTED_EDGE('',*,*,#1251,.T.);
#1635=ORIENTED_EDGE('',*,*,#1267,.T.);
#1636=ORIENTED_EDGE('',*,*,#1224,.F.);
#1637=ORIENTED_EDGE('',*,*,#1244,.T.);
#1638=ORIENTED_EDGE('',*,*,#1272,.F.);
#1639=ORIENTED_EDGE('',*,*,#1273,.F.);
#1640=ORIENTED_EDGE('',*,*,#1274,.F.);
#1641=ORIENTED_EDGE('',*,*,#1275,.T.);
#1642=ORIENTED_EDGE('',*,*,#1254,.T.);
#1643=ORIENTED_EDGE('',*,*,#1271,.T.);
#1644=ORIENTED_EDGE('',*,*,#1214,.F.);
#1645=ORIENTED_EDGE('',*,*,#1276,.F.);
#1646=ORIENTED_EDGE('',*,*,#1143,.T.);
#1647=ORIENTED_EDGE('',*,*,#1091,.F.);
#1648=ORIENTED_EDGE('',*,*,#1094,.F.);
#1649=ORIENTED_EDGE('',*,*,#1277,.T.);
#1650=ORIENTED_EDGE('',*,*,#1278,.T.);
#1651=ORIENTED_EDGE('',*,*,#1279,.T.);
#1652=ORIENTED_EDGE('',*,*,#1280,.T.);
#1653=ORIENTED_EDGE('',*,*,#1119,.T.);
#1654=ORIENTED_EDGE('',*,*,#1281,.T.);
#1655=ORIENTED_EDGE('',*,*,#1282,.T.);
#1656=ORIENTED_EDGE('',*,*,#1283,.T.);
#1657=ORIENTED_EDGE('',*,*,#1284,.T.);
#1658=ORIENTED_EDGE('',*,*,#1285,.T.);
#1659=ORIENTED_EDGE('',*,*,#1286,.T.);
#1660=ORIENTED_EDGE('',*,*,#1287,.T.);
#1661=ORIENTED_EDGE('',*,*,#1288,.F.);
#1662=ORIENTED_EDGE('',*,*,#1289,.F.);
#1663=ORIENTED_EDGE('',*,*,#1290,.T.);
#1664=ORIENTED_EDGE('',*,*,#1274,.T.);
#1665=ORIENTED_EDGE('',*,*,#1246,.F.);
#1666=ORIENTED_EDGE('',*,*,#1222,.F.);
#1667=ORIENTED_EDGE('',*,*,#1291,.F.);
#1668=ORIENTED_EDGE('',*,*,#1216,.F.);
#1669=ORIENTED_EDGE('',*,*,#1292,.F.);
#1670=ORIENTED_EDGE('',*,*,#1253,.F.);
#1671=ORIENTED_EDGE('',*,*,#1293,.F.);
#1672=ORIENTED_EDGE('',*,*,#1289,.T.);
#1673=ORIENTED_EDGE('',*,*,#1294,.T.);
#1674=ORIENTED_EDGE('',*,*,#1295,.T.);
#1675=ORIENTED_EDGE('',*,*,#1089,.T.);
#1676=ORIENTED_EDGE('',*,*,#1092,.T.);
#1677=ORIENTED_EDGE('',*,*,#1296,.F.);
#1678=ORIENTED_EDGE('',*,*,#1297,.F.);
#1679=ORIENTED_EDGE('',*,*,#1298,.F.);
#1680=ORIENTED_EDGE('',*,*,#1121,.F.);
#1681=ORIENTED_EDGE('',*,*,#1299,.F.);
#1682=ORIENTED_EDGE('',*,*,#1300,.F.);
#1683=ORIENTED_EDGE('',*,*,#1301,.F.);
#1684=ORIENTED_EDGE('',*,*,#1302,.F.);
#1685=ORIENTED_EDGE('',*,*,#1303,.F.);
#1686=ORIENTED_EDGE('',*,*,#1304,.F.);
#1687=ORIENTED_EDGE('',*,*,#1305,.F.);
#1688=ORIENTED_EDGE('',*,*,#1306,.F.);
#1689=ORIENTED_EDGE('',*,*,#1145,.F.);
#1690=ORIENTED_EDGE('',*,*,#1292,.T.);
#1691=ORIENTED_EDGE('',*,*,#1307,.T.);
#1692=ORIENTED_EDGE('',*,*,#1262,.F.);
#1693=ORIENTED_EDGE('',*,*,#1249,.F.);
#1694=ORIENTED_EDGE('',*,*,#1261,.T.);
#1695=ORIENTED_EDGE('',*,*,#1308,.T.);
#1696=ORIENTED_EDGE('',*,*,#1268,.F.);
#1697=ORIENTED_EDGE('',*,*,#1250,.T.);
#1698=ORIENTED_EDGE('',*,*,#1295,.F.);
#1699=ORIENTED_EDGE('',*,*,#1309,.T.);
#1700=ORIENTED_EDGE('',*,*,#1272,.T.);
#1701=ORIENTED_EDGE('',*,*,#1256,.T.);
#1702=ORIENTED_EDGE('',*,*,#1223,.F.);
#1703=ORIENTED_EDGE('',*,*,#1245,.F.);
#1704=ORIENTED_EDGE('',*,*,#1229,.F.);
#1705=ORIENTED_EDGE('',*,*,#1242,.T.);
#1706=ORIENTED_EDGE('',*,*,#1215,.F.);
#1707=ORIENTED_EDGE('',*,*,#1270,.T.);
#1708=ORIENTED_EDGE('',*,*,#1221,.F.);
#1709=ORIENTED_EDGE('',*,*,#1307,.F.);
#1710=ORIENTED_EDGE('',*,*,#1276,.T.);
#1711=ORIENTED_EDGE('',*,*,#1217,.T.);
#1712=ORIENTED_EDGE('',*,*,#1291,.T.);
#1713=ORIENTED_EDGE('',*,*,#1225,.F.);
#1714=ORIENTED_EDGE('',*,*,#1238,.F.);
#1715=ORIENTED_EDGE('',*,*,#1227,.F.);
#1716=ORIENTED_EDGE('',*,*,#1231,.F.);
#1717=ORIENTED_EDGE('',*,*,#1236,.F.);
#1718=ORIENTED_EDGE('',*,*,#1258,.F.);
#1719=ORIENTED_EDGE('',*,*,#1219,.F.);
#1720=ORIENTED_EDGE('',*,*,#1266,.F.);
#1721=ORIENTED_EDGE('',*,*,#1263,.F.);
#1722=ORIENTED_EDGE('',*,*,#1239,.F.);
#1723=ORIENTED_EDGE('',*,*,#1237,.F.);
#1724=ORIENTED_EDGE('',*,*,#1234,.F.);
#1725=ORIENTED_EDGE('',*,*,#1257,.F.);
#1726=ORIENTED_EDGE('',*,*,#1269,.F.);
#1727=ORIENTED_EDGE('',*,*,#1308,.F.);
#1728=ORIENTED_EDGE('',*,*,#1260,.F.);
#1729=ORIENTED_EDGE('',*,*,#1265,.F.);
#1730=ORIENTED_EDGE('',*,*,#1186,.F.);
#1731=ORIENTED_EDGE('',*,*,#1310,.F.);
#1732=ORIENTED_EDGE('',*,*,#1252,.T.);
#1733=ORIENTED_EDGE('',*,*,#1311,.T.);
#1734=ORIENTED_EDGE('',*,*,#1312,.F.);
#1735=ORIENTED_EDGE('',*,*,#1182,.T.);
#1736=ORIENTED_EDGE('',*,*,#1313,.T.);
#1737=ORIENTED_EDGE('',*,*,#1290,.F.);
#1738=ORIENTED_EDGE('',*,*,#1275,.F.);
#1739=ORIENTED_EDGE('',*,*,#1313,.F.);
#1740=ORIENTED_EDGE('',*,*,#1189,.T.);
#1741=ORIENTED_EDGE('',*,*,#1311,.F.);
#1742=ORIENTED_EDGE('',*,*,#1293,.T.);
#1743=ORIENTED_EDGE('',*,*,#1310,.T.);
#1744=ORIENTED_EDGE('',*,*,#1202,.T.);
#1745=ORIENTED_EDGE('',*,*,#1312,.T.);
#1746=ORIENTED_EDGE('',*,*,#1148,.F.);
#1747=ORIENTED_EDGE('',*,*,#1314,.F.);
#1748=ORIENTED_EDGE('',*,*,#1288,.T.);
#1749=ORIENTED_EDGE('',*,*,#1315,.T.);
#1750=ORIENTED_EDGE('',*,*,#1316,.F.);
#1751=ORIENTED_EDGE('',*,*,#1152,.T.);
#1752=ORIENTED_EDGE('',*,*,#1317,.T.);
#1753=ORIENTED_EDGE('',*,*,#1309,.F.);
#1754=ORIENTED_EDGE('',*,*,#1273,.T.);
#1755=ORIENTED_EDGE('',*,*,#1317,.F.);
#1756=ORIENTED_EDGE('',*,*,#1155,.T.);
#1757=ORIENTED_EDGE('',*,*,#1315,.F.);
#1758=ORIENTED_EDGE('',*,*,#1294,.F.);
#1759=ORIENTED_EDGE('',*,*,#1314,.T.);
#1760=ORIENTED_EDGE('',*,*,#1168,.T.);
#1761=ORIENTED_EDGE('',*,*,#1316,.T.);
#1762=ORIENTED_EDGE('',*,*,#1318,.F.);
#1763=ORIENTED_EDGE('',*,*,#1319,.F.);
#1764=ORIENTED_EDGE('',*,*,#1180,.T.);
#1765=ORIENTED_EDGE('',*,*,#1320,.T.);
#1766=ORIENTED_EDGE('',*,*,#1321,.F.);
#1767=ORIENTED_EDGE('',*,*,#1322,.T.);
#1768=ORIENTED_EDGE('',*,*,#1323,.T.);
#1769=ORIENTED_EDGE('',*,*,#1184,.F.);
#1770=ORIENTED_EDGE('',*,*,#1201,.F.);
#1771=ORIENTED_EDGE('',*,*,#1323,.F.);
#1772=ORIENTED_EDGE('',*,*,#1324,.T.);
#1773=ORIENTED_EDGE('',*,*,#1320,.F.);
#1774=ORIENTED_EDGE('',*,*,#1188,.T.);
#1775=ORIENTED_EDGE('',*,*,#1319,.T.);
#1776=ORIENTED_EDGE('',*,*,#1325,.T.);
#1777=ORIENTED_EDGE('',*,*,#1321,.T.);
#1778=ORIENTED_EDGE('',*,*,#1326,.T.);
#1779=ORIENTED_EDGE('',*,*,#1327,.T.);
#1780=ORIENTED_EDGE('',*,*,#1328,.F.);
#1781=ORIENTED_EDGE('',*,*,#1322,.F.);
#1782=ORIENTED_EDGE('',*,*,#1329,.F.);
#1783=ORIENTED_EDGE('',*,*,#1330,.T.);
#1784=ORIENTED_EDGE('',*,*,#1331,.T.);
#1785=ORIENTED_EDGE('',*,*,#1318,.T.);
#1786=ORIENTED_EDGE('',*,*,#1328,.T.);
#1787=ORIENTED_EDGE('',*,*,#1332,.T.);
#1788=ORIENTED_EDGE('',*,*,#1333,.T.);
#1789=ORIENTED_EDGE('',*,*,#1334,.T.);
#1790=ORIENTED_EDGE('',*,*,#1329,.T.);
#1791=ORIENTED_EDGE('',*,*,#1324,.F.);
#1792=ORIENTED_EDGE('',*,*,#1115,.F.);
#1793=ORIENTED_EDGE('',*,*,#1118,.F.);
#1794=ORIENTED_EDGE('',*,*,#1335,.F.);
#1795=ORIENTED_EDGE('',*,*,#1336,.T.);
#1796=ORIENTED_EDGE('',*,*,#1326,.F.);
#1797=ORIENTED_EDGE('',*,*,#1325,.F.);
#1798=ORIENTED_EDGE('',*,*,#1331,.F.);
#1799=ORIENTED_EDGE('',*,*,#1337,.T.);
#1800=ORIENTED_EDGE('',*,*,#1113,.F.);
#1801=ORIENTED_EDGE('',*,*,#1116,.F.);
#1802=ORIENTED_EDGE('',*,*,#1333,.F.);
#1803=ORIENTED_EDGE('',*,*,#1338,.T.);
#1804=ORIENTED_EDGE('',*,*,#1335,.T.);
#1805=ORIENTED_EDGE('',*,*,#1339,.T.);
#1806=ORIENTED_EDGE('',*,*,#1340,.F.);
#1807=ORIENTED_EDGE('',*,*,#1341,.F.);
#1808=ORIENTED_EDGE('',*,*,#1150,.T.);
#1809=ORIENTED_EDGE('',*,*,#1342,.T.);
#1810=ORIENTED_EDGE('',*,*,#1343,.F.);
#1811=ORIENTED_EDGE('',*,*,#1344,.T.);
#1812=ORIENTED_EDGE('',*,*,#1345,.T.);
#1813=ORIENTED_EDGE('',*,*,#1146,.F.);
#1814=ORIENTED_EDGE('',*,*,#1167,.F.);
#1815=ORIENTED_EDGE('',*,*,#1345,.F.);
#1816=ORIENTED_EDGE('',*,*,#1346,.T.);
#1817=ORIENTED_EDGE('',*,*,#1342,.F.);
#1818=ORIENTED_EDGE('',*,*,#1154,.T.);
#1819=ORIENTED_EDGE('',*,*,#1341,.T.);
#1820=ORIENTED_EDGE('',*,*,#1347,.T.);
#1821=ORIENTED_EDGE('',*,*,#1343,.T.);
#1822=ORIENTED_EDGE('',*,*,#1348,.T.);
#1823=ORIENTED_EDGE('',*,*,#1349,.T.);
#1824=ORIENTED_EDGE('',*,*,#1350,.F.);
#1825=ORIENTED_EDGE('',*,*,#1344,.F.);
#1826=ORIENTED_EDGE('',*,*,#1351,.F.);
#1827=ORIENTED_EDGE('',*,*,#1352,.T.);
#1828=ORIENTED_EDGE('',*,*,#1353,.T.);
#1829=ORIENTED_EDGE('',*,*,#1340,.T.);
#1830=ORIENTED_EDGE('',*,*,#1354,.T.);
#1831=ORIENTED_EDGE('',*,*,#1355,.T.);
#1832=ORIENTED_EDGE('',*,*,#1351,.T.);
#1833=ORIENTED_EDGE('',*,*,#1346,.F.);
#1834=ORIENTED_EDGE('',*,*,#1350,.T.);
#1835=ORIENTED_EDGE('',*,*,#1356,.T.);
#1836=ORIENTED_EDGE('',*,*,#1109,.F.);
#1837=ORIENTED_EDGE('',*,*,#1112,.F.);
#1838=ORIENTED_EDGE('',*,*,#1353,.F.);
#1839=ORIENTED_EDGE('',*,*,#1357,.T.);
#1840=ORIENTED_EDGE('',*,*,#1358,.F.);
#1841=ORIENTED_EDGE('',*,*,#1359,.T.);
#1842=ORIENTED_EDGE('',*,*,#1348,.F.);
#1843=ORIENTED_EDGE('',*,*,#1347,.F.);
#1844=ORIENTED_EDGE('',*,*,#1107,.F.);
#1845=ORIENTED_EDGE('',*,*,#1110,.F.);
#1846=ORIENTED_EDGE('',*,*,#1358,.T.);
#1847=ORIENTED_EDGE('',*,*,#1360,.T.);
#1848=ORIENTED_EDGE('',*,*,#1354,.F.);
#1849=ORIENTED_EDGE('',*,*,#1361,.T.);
#1850=ORIENTED_EDGE('',*,*,#1355,.F.);
#1851=ORIENTED_EDGE('',*,*,#1360,.F.);
#1852=ORIENTED_EDGE('',*,*,#1357,.F.);
#1853=ORIENTED_EDGE('',*,*,#1352,.F.);
#1854=ORIENTED_EDGE('',*,*,#1356,.F.);
#1855=ORIENTED_EDGE('',*,*,#1349,.F.);
#1856=ORIENTED_EDGE('',*,*,#1359,.F.);
#1857=ORIENTED_EDGE('',*,*,#1361,.F.);
#1858=ORIENTED_EDGE('',*,*,#1332,.F.);
#1859=ORIENTED_EDGE('',*,*,#1327,.F.);
#1860=ORIENTED_EDGE('',*,*,#1336,.F.);
#1861=ORIENTED_EDGE('',*,*,#1338,.F.);
#1862=ORIENTED_EDGE('',*,*,#1334,.F.);
#1863=ORIENTED_EDGE('',*,*,#1339,.F.);
#1864=ORIENTED_EDGE('',*,*,#1337,.F.);
#1865=ORIENTED_EDGE('',*,*,#1330,.F.);
#1866=ORIENTED_EDGE('',*,*,#1210,.T.);
#1867=ORIENTED_EDGE('',*,*,#1362,.T.);
#1868=ORIENTED_EDGE('',*,*,#1196,.T.);
#1869=ORIENTED_EDGE('',*,*,#1363,.F.);
#1870=ORIENTED_EDGE('',*,*,#1211,.T.);
#1871=ORIENTED_EDGE('',*,*,#1363,.T.);
#1872=ORIENTED_EDGE('',*,*,#1200,.T.);
#1873=ORIENTED_EDGE('',*,*,#1364,.F.);
#1874=ORIENTED_EDGE('',*,*,#1212,.T.);
#1875=ORIENTED_EDGE('',*,*,#1364,.T.);
#1876=ORIENTED_EDGE('',*,*,#1199,.T.);
#1877=ORIENTED_EDGE('',*,*,#1128,.F.);
#1878=ORIENTED_EDGE('',*,*,#1213,.T.);
#1879=ORIENTED_EDGE('',*,*,#1130,.T.);
#1880=ORIENTED_EDGE('',*,*,#1198,.T.);
#1881=ORIENTED_EDGE('',*,*,#1365,.F.);
#1882=ORIENTED_EDGE('',*,*,#1209,.T.);
#1883=ORIENTED_EDGE('',*,*,#1365,.T.);
#1884=ORIENTED_EDGE('',*,*,#1197,.T.);
#1885=ORIENTED_EDGE('',*,*,#1362,.F.);
#1886=ORIENTED_EDGE('',*,*,#1204,.T.);
#1887=ORIENTED_EDGE('',*,*,#1366,.T.);
#1888=ORIENTED_EDGE('',*,*,#1190,.T.);
#1889=ORIENTED_EDGE('',*,*,#1367,.F.);
#1890=ORIENTED_EDGE('',*,*,#1205,.T.);
#1891=ORIENTED_EDGE('',*,*,#1367,.T.);
#1892=ORIENTED_EDGE('',*,*,#1195,.T.);
#1893=ORIENTED_EDGE('',*,*,#1368,.F.);
#1894=ORIENTED_EDGE('',*,*,#1206,.T.);
#1895=ORIENTED_EDGE('',*,*,#1368,.T.);
#1896=ORIENTED_EDGE('',*,*,#1194,.T.);
#1897=ORIENTED_EDGE('',*,*,#1369,.F.);
#1898=ORIENTED_EDGE('',*,*,#1207,.T.);
#1899=ORIENTED_EDGE('',*,*,#1369,.T.);
#1900=ORIENTED_EDGE('',*,*,#1193,.T.);
#1901=ORIENTED_EDGE('',*,*,#1370,.F.);
#1902=ORIENTED_EDGE('',*,*,#1208,.T.);
#1903=ORIENTED_EDGE('',*,*,#1370,.T.);
#1904=ORIENTED_EDGE('',*,*,#1192,.T.);
#1905=ORIENTED_EDGE('',*,*,#1371,.F.);
#1906=ORIENTED_EDGE('',*,*,#1203,.T.);
#1907=ORIENTED_EDGE('',*,*,#1371,.T.);
#1908=ORIENTED_EDGE('',*,*,#1191,.T.);
#1909=ORIENTED_EDGE('',*,*,#1366,.F.);
#1910=ORIENTED_EDGE('',*,*,#1372,.T.);
#1911=ORIENTED_EDGE('',*,*,#1175,.T.);
#1912=ORIENTED_EDGE('',*,*,#1373,.F.);
#1913=ORIENTED_EDGE('',*,*,#1163,.F.);
#1914=ORIENTED_EDGE('',*,*,#1126,.T.);
#1915=ORIENTED_EDGE('',*,*,#1176,.T.);
#1916=ORIENTED_EDGE('',*,*,#1372,.F.);
#1917=ORIENTED_EDGE('',*,*,#1162,.F.);
#1918=ORIENTED_EDGE('',*,*,#1374,.T.);
#1919=ORIENTED_EDGE('',*,*,#1177,.T.);
#1920=ORIENTED_EDGE('',*,*,#1124,.F.);
#1921=ORIENTED_EDGE('',*,*,#1166,.F.);
#1922=ORIENTED_EDGE('',*,*,#1375,.T.);
#1923=ORIENTED_EDGE('',*,*,#1178,.T.);
#1924=ORIENTED_EDGE('',*,*,#1374,.F.);
#1925=ORIENTED_EDGE('',*,*,#1165,.F.);
#1926=ORIENTED_EDGE('',*,*,#1373,.T.);
#1927=ORIENTED_EDGE('',*,*,#1179,.T.);
#1928=ORIENTED_EDGE('',*,*,#1375,.F.);
#1929=ORIENTED_EDGE('',*,*,#1164,.F.);
#1930=ORIENTED_EDGE('',*,*,#1376,.T.);
#1931=ORIENTED_EDGE('',*,*,#1169,.T.);
#1932=ORIENTED_EDGE('',*,*,#1377,.F.);
#1933=ORIENTED_EDGE('',*,*,#1157,.F.);
#1934=ORIENTED_EDGE('',*,*,#1378,.T.);
#1935=ORIENTED_EDGE('',*,*,#1170,.T.);
#1936=ORIENTED_EDGE('',*,*,#1376,.F.);
#1937=ORIENTED_EDGE('',*,*,#1156,.F.);
#1938=ORIENTED_EDGE('',*,*,#1379,.T.);
#1939=ORIENTED_EDGE('',*,*,#1171,.T.);
#1940=ORIENTED_EDGE('',*,*,#1378,.F.);
#1941=ORIENTED_EDGE('',*,*,#1161,.F.);
#1942=ORIENTED_EDGE('',*,*,#1380,.T.);
#1943=ORIENTED_EDGE('',*,*,#1172,.T.);
#1944=ORIENTED_EDGE('',*,*,#1379,.F.);
#1945=ORIENTED_EDGE('',*,*,#1160,.F.);
#1946=ORIENTED_EDGE('',*,*,#1381,.T.);
#1947=ORIENTED_EDGE('',*,*,#1173,.T.);
#1948=ORIENTED_EDGE('',*,*,#1380,.F.);
#1949=ORIENTED_EDGE('',*,*,#1159,.F.);
#1950=ORIENTED_EDGE('',*,*,#1377,.T.);
#1951=ORIENTED_EDGE('',*,*,#1174,.T.);
#1952=ORIENTED_EDGE('',*,*,#1381,.F.);
#1953=ORIENTED_EDGE('',*,*,#1158,.F.);
#1954=ORIENTED_EDGE('',*,*,#1302,.T.);
#1955=ORIENTED_EDGE('',*,*,#1382,.F.);
#1956=ORIENTED_EDGE('',*,*,#1282,.F.);
#1957=ORIENTED_EDGE('',*,*,#1383,.T.);
#1958=ORIENTED_EDGE('',*,*,#1303,.T.);
#1959=ORIENTED_EDGE('',*,*,#1383,.F.);
#1960=ORIENTED_EDGE('',*,*,#1287,.F.);
#1961=ORIENTED_EDGE('',*,*,#1384,.T.);
#1962=ORIENTED_EDGE('',*,*,#1304,.T.);
#1963=ORIENTED_EDGE('',*,*,#1384,.F.);
#1964=ORIENTED_EDGE('',*,*,#1286,.F.);
#1965=ORIENTED_EDGE('',*,*,#1385,.T.);
#1966=ORIENTED_EDGE('',*,*,#1305,.T.);
#1967=ORIENTED_EDGE('',*,*,#1385,.F.);
#1968=ORIENTED_EDGE('',*,*,#1285,.F.);
#1969=ORIENTED_EDGE('',*,*,#1386,.T.);
#1970=ORIENTED_EDGE('',*,*,#1306,.T.);
#1971=ORIENTED_EDGE('',*,*,#1386,.F.);
#1972=ORIENTED_EDGE('',*,*,#1284,.F.);
#1973=ORIENTED_EDGE('',*,*,#1387,.T.);
#1974=ORIENTED_EDGE('',*,*,#1301,.T.);
#1975=ORIENTED_EDGE('',*,*,#1387,.F.);
#1976=ORIENTED_EDGE('',*,*,#1283,.F.);
#1977=ORIENTED_EDGE('',*,*,#1382,.T.);
#1978=ORIENTED_EDGE('',*,*,#1297,.T.);
#1979=ORIENTED_EDGE('',*,*,#1388,.F.);
#1980=ORIENTED_EDGE('',*,*,#1277,.F.);
#1981=ORIENTED_EDGE('',*,*,#1389,.T.);
#1982=ORIENTED_EDGE('',*,*,#1298,.T.);
#1983=ORIENTED_EDGE('',*,*,#1389,.F.);
#1984=ORIENTED_EDGE('',*,*,#1281,.F.);
#1985=ORIENTED_EDGE('',*,*,#1122,.T.);
#1986=ORIENTED_EDGE('',*,*,#1299,.T.);
#1987=ORIENTED_EDGE('',*,*,#1120,.F.);
#1988=ORIENTED_EDGE('',*,*,#1280,.F.);
#1989=ORIENTED_EDGE('',*,*,#1390,.T.);
#1990=ORIENTED_EDGE('',*,*,#1300,.T.);
#1991=ORIENTED_EDGE('',*,*,#1390,.F.);
#1992=ORIENTED_EDGE('',*,*,#1279,.F.);
#1993=ORIENTED_EDGE('',*,*,#1391,.T.);
#1994=ORIENTED_EDGE('',*,*,#1296,.T.);
#1995=ORIENTED_EDGE('',*,*,#1391,.F.);
#1996=ORIENTED_EDGE('',*,*,#1278,.F.);
#1997=ORIENTED_EDGE('',*,*,#1388,.T.);
#1998=CYLINDRICAL_SURFACE('',#2184,5.24999999999998);
#1999=CYLINDRICAL_SURFACE('',#2187,5.24999999999999);
#2000=CYLINDRICAL_SURFACE('',#2190,3.5);
#2001=CYLINDRICAL_SURFACE('',#2193,3.5);
#2002=CYLINDRICAL_SURFACE('',#2196,3.5);
#2003=CYLINDRICAL_SURFACE('',#2199,3.5);
#2004=CYLINDRICAL_SURFACE('',#2202,3.5);
#2005=CYLINDRICAL_SURFACE('',#2205,3.5);
#2006=CYLINDRICAL_SURFACE('',#2208,3.5);
#2007=CYLINDRICAL_SURFACE('',#2211,3.5);
#2008=CYLINDRICAL_SURFACE('',#2214,3.00000000000003);
#2009=CYLINDRICAL_SURFACE('',#2217,3.00000000000001);
#2010=CYLINDRICAL_SURFACE('',#2220,3.00000000000001);
#2011=CYLINDRICAL_SURFACE('',#2223,3.49999999999998);
#2012=CYLINDRICAL_SURFACE('',#2226,3.49999999999998);
#2013=CYLINDRICAL_SURFACE('',#2229,3.49999999999998);
#2014=CYLINDRICAL_SURFACE('',#2232,3.49999999999998);
#2015=CYLINDRICAL_SURFACE('',#2235,17.5);
#2016=CYLINDRICAL_SURFACE('',#2277,2.4);
#2017=CYLINDRICAL_SURFACE('',#2280,4.4);
#2018=CYLINDRICAL_SURFACE('',#2296,2.4);
#2019=CYLINDRICAL_SURFACE('',#2311,4.4);
#2020=CYLINDRICAL_SURFACE('',#2318,10.);
#2021=CYLINDRICAL_SURFACE('',#2319,10.);
#2022=CYLINDRICAL_SURFACE('',#2320,10.);
#2023=CYLINDRICAL_SURFACE('',#2321,10.);
#2024=CYLINDRICAL_SURFACE('',#2328,4.4);
#2025=CYLINDRICAL_SURFACE('',#2329,2.4);
#2026=CYLINDRICAL_SURFACE('',#2336,4.4);
#2027=CYLINDRICAL_SURFACE('',#2337,2.4);
#2028=CYLINDRICAL_SURFACE('',#2344,4.39999999999999);
#2029=CYLINDRICAL_SURFACE('',#2345,2.39999999999999);
#2030=CYLINDRICAL_SURFACE('',#2361,4.39999999999999);
#2031=CYLINDRICAL_SURFACE('',#2362,2.39999999999999);
#2032=CYLINDRICAL_SURFACE('',#2372,10.);
#2033=CYLINDRICAL_SURFACE('',#2373,10.);
#2034=CYLINDRICAL_SURFACE('',#2374,10.);
#2035=CYLINDRICAL_SURFACE('',#2375,10.);
#2036=CYLINDRICAL_SURFACE('',#2377,3.);
#2037=CYLINDRICAL_SURFACE('',#2380,3.);
#2038=CYLINDRICAL_SURFACE('',#2382,3.);
#2039=CYLINDRICAL_SURFACE('',#2384,3.);
#2040=CYLINDRICAL_SURFACE('',#2386,2.99999999999999);
#2041=CYLINDRICAL_SURFACE('',#2387,3.);
#2042=CYLINDRICAL_SURFACE('',#2390,3.);
#2043=CYLINDRICAL_SURFACE('',#2392,2.99999999999999);
#2044=CYLINDRICAL_SURFACE('',#2394,3.);
#2045=CYLINDRICAL_SURFACE('',#2396,3.);
#2046=CYLINDRICAL_SURFACE('',#2398,3.);
#2047=CYLINDRICAL_SURFACE('',#2400,2.99999999999999);
#2048=CYLINDRICAL_SURFACE('',#2402,3.);
#2049=CYLINDRICAL_SURFACE('',#2404,3.);
#2050=CYLINDRICAL_SURFACE('',#2407,3.00000000000003);
#2051=ADVANCED_FACE('',(#123),#1998,.F.);
#2052=ADVANCED_FACE('',(#124),#1999,.F.);
#2053=ADVANCED_FACE('',(#125),#2000,.F.);
#2054=ADVANCED_FACE('',(#126),#2001,.F.);
#2055=ADVANCED_FACE('',(#127),#2002,.F.);
#2056=ADVANCED_FACE('',(#128),#2003,.F.);
#2057=ADVANCED_FACE('',(#129),#2004,.F.);
#2058=ADVANCED_FACE('',(#130),#2005,.F.);
#2059=ADVANCED_FACE('',(#131),#2006,.F.);
#2060=ADVANCED_FACE('',(#132),#2007,.F.);
#2061=ADVANCED_FACE('',(#133),#2008,.F.);
#2062=ADVANCED_FACE('',(#134),#2009,.F.);
#2063=ADVANCED_FACE('',(#135),#2010,.F.);
#2064=ADVANCED_FACE('',(#136),#2011,.F.);
#2065=ADVANCED_FACE('',(#137),#2012,.F.);
#2066=ADVANCED_FACE('',(#138),#2013,.F.);
#2067=ADVANCED_FACE('',(#139),#2014,.F.);
#2068=ADVANCED_FACE('',(#140),#2015,.F.);
#2069=ADVANCED_FACE('',(#141),#57,.F.);
#2070=ADVANCED_FACE('',(#142),#58,.F.);
#2071=ADVANCED_FACE('',(#143,#15,#16,#17,#18),#59,.F.);
#2072=ADVANCED_FACE('',(#144,#19,#20,#21,#22),#60,.T.);
#2073=ADVANCED_FACE('',(#145),#61,.F.);
#2074=ADVANCED_FACE('',(#146),#62,.F.);
#2075=ADVANCED_FACE('',(#147,#23,#24,#25,#26),#63,.F.);
#2076=ADVANCED_FACE('',(#148,#27,#28,#29,#30),#64,.T.);
#2077=ADVANCED_FACE('',(#149),#65,.F.);
#2078=ADVANCED_FACE('',(#150),#66,.F.);
#2079=ADVANCED_FACE('',(#151),#67,.F.);
#2080=ADVANCED_FACE('',(#152),#68,.F.);
#2081=ADVANCED_FACE('',(#153,#31,#32),#69,.F.);
#2082=ADVANCED_FACE('',(#154),#70,.T.);
#2083=ADVANCED_FACE('',(#155,#33,#34),#71,.T.);
#2084=ADVANCED_FACE('',(#156),#2016,.F.);
#2085=ADVANCED_FACE('',(#157),#2017,.T.);
#2086=ADVANCED_FACE('',(#158),#72,.T.);
#2087=ADVANCED_FACE('',(#159),#73,.T.);
#2088=ADVANCED_FACE('',(#160),#74,.T.);
#2089=ADVANCED_FACE('',(#161),#75,.T.);
#2090=ADVANCED_FACE('',(#162,#35,#36),#76,.F.);
#2091=ADVANCED_FACE('',(#163),#77,.T.);
#2092=ADVANCED_FACE('',(#164,#37,#38),#78,.T.);
#2093=ADVANCED_FACE('',(#165),#2018,.F.);
#2094=ADVANCED_FACE('',(#166,#39,#40,#41,#42,#43),#79,.T.);
#2095=ADVANCED_FACE('',(#167),#80,.T.);
#2096=ADVANCED_FACE('',(#168,#44,#45,#46,#47,#48),#81,.F.);
#2097=ADVANCED_FACE('',(#169),#2019,.T.);
#2098=ADVANCED_FACE('',(#170),#82,.T.);
#2099=ADVANCED_FACE('',(#171),#83,.F.);
#2100=ADVANCED_FACE('',(#172),#84,.F.);
#2101=ADVANCED_FACE('',(#173),#85,.F.);
#2102=ADVANCED_FACE('',(#174),#86,.F.);
#2103=ADVANCED_FACE('',(#175),#2020,.T.);
#2104=ADVANCED_FACE('',(#176),#2021,.T.);
#2105=ADVANCED_FACE('',(#177),#2022,.T.);
#2106=ADVANCED_FACE('',(#178),#2023,.T.);
#2107=ADVANCED_FACE('',(#179),#87,.T.);
#2108=ADVANCED_FACE('',(#180),#88,.F.);
#2109=ADVANCED_FACE('',(#181),#2024,.T.);
#2110=ADVANCED_FACE('',(#182),#2025,.F.);
#2111=ADVANCED_FACE('',(#183),#89,.T.);
#2112=ADVANCED_FACE('',(#184),#90,.F.);
#2113=ADVANCED_FACE('',(#185),#2026,.T.);
#2114=ADVANCED_FACE('',(#186),#2027,.F.);
#2115=ADVANCED_FACE('',(#187),#91,.T.);
#2116=ADVANCED_FACE('',(#188),#92,.F.);
#2117=ADVANCED_FACE('',(#189),#2028,.T.);
#2118=ADVANCED_FACE('',(#190),#2029,.F.);
#2119=ADVANCED_FACE('',(#191),#93,.F.);
#2120=ADVANCED_FACE('',(#192),#94,.F.);
#2121=ADVANCED_FACE('',(#193,#49,#50),#95,.F.);
#2122=ADVANCED_FACE('',(#194,#51,#52),#96,.T.);
#2123=ADVANCED_FACE('',(#195),#97,.F.);
#2124=ADVANCED_FACE('',(#196),#98,.T.);
#2125=ADVANCED_FACE('',(#197),#99,.F.);
#2126=ADVANCED_FACE('',(#198),#2030,.T.);
#2127=ADVANCED_FACE('',(#199),#2031,.F.);
#2128=ADVANCED_FACE('',(#200),#100,.F.);
#2129=ADVANCED_FACE('',(#201),#101,.F.);
#2130=ADVANCED_FACE('',(#202,#53,#54),#102,.F.);
#2131=ADVANCED_FACE('',(#203,#55,#56),#103,.T.);
#2132=ADVANCED_FACE('',(#204),#104,.F.);
#2133=ADVANCED_FACE('',(#205),#2032,.T.);
#2134=ADVANCED_FACE('',(#206),#2033,.T.);
#2135=ADVANCED_FACE('',(#207),#2034,.T.);
#2136=ADVANCED_FACE('',(#208),#2035,.T.);
#2137=ADVANCED_FACE('',(#209),#105,.F.);
#2138=ADVANCED_FACE('',(#210),#2036,.F.);
#2139=ADVANCED_FACE('',(#211),#106,.F.);
#2140=ADVANCED_FACE('',(#212),#107,.F.);
#2141=ADVANCED_FACE('',(#213),#2037,.F.);
#2142=ADVANCED_FACE('',(#214),#108,.F.);
#2143=ADVANCED_FACE('',(#215),#2038,.F.);
#2144=ADVANCED_FACE('',(#216),#109,.F.);
#2145=ADVANCED_FACE('',(#217),#2039,.F.);
#2146=ADVANCED_FACE('',(#218),#110,.F.);
#2147=ADVANCED_FACE('',(#219),#2040,.F.);
#2148=ADVANCED_FACE('',(#220),#2041,.F.);
#2149=ADVANCED_FACE('',(#221),#111,.F.);
#2150=ADVANCED_FACE('',(#222),#112,.F.);
#2151=ADVANCED_FACE('',(#223),#2042,.F.);
#2152=ADVANCED_FACE('',(#224),#113,.F.);
#2153=ADVANCED_FACE('',(#225),#2043,.F.);
#2154=ADVANCED_FACE('',(#226),#114,.F.);
#2155=ADVANCED_FACE('',(#227),#2044,.F.);
#2156=ADVANCED_FACE('',(#228),#115,.F.);
#2157=ADVANCED_FACE('',(#229),#2045,.F.);
#2158=ADVANCED_FACE('',(#230),#116,.F.);
#2159=ADVANCED_FACE('',(#231),#2046,.F.);
#2160=ADVANCED_FACE('',(#232),#117,.F.);
#2161=ADVANCED_FACE('',(#233),#2047,.F.);
#2162=ADVANCED_FACE('',(#234),#118,.F.);
#2163=ADVANCED_FACE('',(#235),#2048,.F.);
#2164=ADVANCED_FACE('',(#236),#119,.F.);
#2165=ADVANCED_FACE('',(#237),#2049,.F.);
#2166=ADVANCED_FACE('',(#238),#120,.F.);
#2167=ADVANCED_FACE('',(#239),#121,.F.);
#2168=ADVANCED_FACE('',(#240),#2050,.F.);
#2169=ADVANCED_FACE('',(#241),#122,.F.);
#2170=CLOSED_SHELL('',(#2051,#2052,#2053,#2054,#2055,#2056,#2057,#2058,
#2059,#2060,#2061,#2062,#2063,#2064,#2065,#2066,#2067,#2068,#2069,#2070,
#2071,#2072,#2073,#2074,#2075,#2076,#2077,#2078,#2079,#2080,#2081,#2082,
#2083,#2084,#2085,#2086,#2087,#2088,#2089,#2090,#2091,#2092,#2093,#2094,
#2095,#2096,#2097,#2098,#2099,#2100,#2101,#2102,#2103,#2104,#2105,#2106,
#2107,#2108,#2109,#2110,#2111,#2112,#2113,#2114,#2115,#2116,#2117,#2118,
#2119,#2120,#2121,#2122,#2123,#2124,#2125,#2126,#2127,#2128,#2129,#2130,
#2131,#2132,#2133,#2134,#2135,#2136,#2137,#2138,#2139,#2140,#2141,#2142,
#2143,#2144,#2145,#2146,#2147,#2148,#2149,#2150,#2151,#2152,#2153,#2154,
#2155,#2156,#2157,#2158,#2159,#2160,#2161,#2162,#2163,#2164,#2165,#2166,
#2167,#2168,#2169));
#2171=DERIVED_UNIT_ELEMENT(#2173,1.);
#2172=DERIVED_UNIT_ELEMENT(#3672,-3.);
#2173=(
MASS_UNIT()
NAMED_UNIT(*)
SI_UNIT(.KILO.,.GRAM.)
);
#2174=DERIVED_UNIT((#2171,#2172));
#2175=MEASURE_REPRESENTATION_ITEM('density measure',
POSITIVE_RATIO_MEASURE(7850.),#2174);
#2176=PROPERTY_DEFINITION_REPRESENTATION(#2181,#2178);
#2177=PROPERTY_DEFINITION_REPRESENTATION(#2182,#2179);
#2178=REPRESENTATION('material name',(#2180),#3669);
#2179=REPRESENTATION('density',(#2175),#3669);
#2180=DESCRIPTIVE_REPRESENTATION_ITEM('Steel','Steel');
#2181=PROPERTY_DEFINITION('material property','material name',#3679);
#2182=PROPERTY_DEFINITION('material property','density of part',#3679);
#2183=AXIS2_PLACEMENT_3D('',#3058,#2409,#2410);
#2184=AXIS2_PLACEMENT_3D('',#3059,#2411,#2412);
#2185=AXIS2_PLACEMENT_3D('',#3061,#2413,#2414);
#2186=AXIS2_PLACEMENT_3D('',#3064,#2416,#2417);
#2187=AXIS2_PLACEMENT_3D('',#3065,#2418,#2419);
#2188=AXIS2_PLACEMENT_3D('',#3067,#2420,#2421);
#2189=AXIS2_PLACEMENT_3D('',#3070,#2423,#2424);
#2190=AXIS2_PLACEMENT_3D('',#3071,#2425,#2426);
#2191=AXIS2_PLACEMENT_3D('',#3073,#2427,#2428);
#2192=AXIS2_PLACEMENT_3D('',#3076,#2430,#2431);
#2193=AXIS2_PLACEMENT_3D('',#3077,#2432,#2433);
#2194=AXIS2_PLACEMENT_3D('',#3079,#2434,#2435);
#2195=AXIS2_PLACEMENT_3D('',#3082,#2437,#2438);
#2196=AXIS2_PLACEMENT_3D('',#3083,#2439,#2440);
#2197=AXIS2_PLACEMENT_3D('',#3085,#2441,#2442);
#2198=AXIS2_PLACEMENT_3D('',#3088,#2444,#2445);
#2199=AXIS2_PLACEMENT_3D('',#3089,#2446,#2447);
#2200=AXIS2_PLACEMENT_3D('',#3091,#2448,#2449);
#2201=AXIS2_PLACEMENT_3D('',#3094,#2451,#2452);
#2202=AXIS2_PLACEMENT_3D('',#3095,#2453,#2454);
#2203=AXIS2_PLACEMENT_3D('',#3097,#2455,#2456);
#2204=AXIS2_PLACEMENT_3D('',#3100,#2458,#2459);
#2205=AXIS2_PLACEMENT_3D('',#3101,#2460,#2461);
#2206=AXIS2_PLACEMENT_3D('',#3103,#2462,#2463);
#2207=AXIS2_PLACEMENT_3D('',#3106,#2465,#2466);
#2208=AXIS2_PLACEMENT_3D('',#3107,#2467,#2468);
#2209=AXIS2_PLACEMENT_3D('',#3109,#2469,#2470);
#2210=AXIS2_PLACEMENT_3D('',#3112,#2472,#2473);
#2211=AXIS2_PLACEMENT_3D('',#3113,#2474,#2475);
#2212=AXIS2_PLACEMENT_3D('',#3115,#2476,#2477);
#2213=AXIS2_PLACEMENT_3D('',#3118,#2479,#2480);
#2214=AXIS2_PLACEMENT_3D('',#3119,#2481,#2482);
#2215=AXIS2_PLACEMENT_3D('',#3122,#2483,#2484);
#2216=AXIS2_PLACEMENT_3D('',#3126,#2486,#2487);
#2217=AXIS2_PLACEMENT_3D('',#3128,#2489,#2490);
#2218=AXIS2_PLACEMENT_3D('',#3131,#2491,#2492);
#2219=AXIS2_PLACEMENT_3D('',#3135,#2494,#2495);
#2220=AXIS2_PLACEMENT_3D('',#3137,#2497,#2498);
#2221=AXIS2_PLACEMENT_3D('',#3140,#2499,#2500);
#2222=AXIS2_PLACEMENT_3D('',#3144,#2502,#2503);
#2223=AXIS2_PLACEMENT_3D('',#3146,#2505,#2506);
#2224=AXIS2_PLACEMENT_3D('',#3148,#2507,#2508);
#2225=AXIS2_PLACEMENT_3D('',#3151,#2510,#2511);
#2226=AXIS2_PLACEMENT_3D('',#3152,#2512,#2513);
#2227=AXIS2_PLACEMENT_3D('',#3154,#2514,#2515);
#2228=AXIS2_PLACEMENT_3D('',#3157,#2517,#2518);
#2229=AXIS2_PLACEMENT_3D('',#3158,#2519,#2520);
#2230=AXIS2_PLACEMENT_3D('',#3160,#2521,#2522);
#2231=AXIS2_PLACEMENT_3D('',#3163,#2524,#2525);
#2232=AXIS2_PLACEMENT_3D('',#3164,#2526,#2527);
#2233=AXIS2_PLACEMENT_3D('',#3166,#2528,#2529);
#2234=AXIS2_PLACEMENT_3D('',#3169,#2531,#2532);
#2235=AXIS2_PLACEMENT_3D('',#3170,#2533,#2534);
#2236=AXIS2_PLACEMENT_3D('',#3172,#2535,#2536);
#2237=AXIS2_PLACEMENT_3D('',#3175,#2538,#2539);
#2238=AXIS2_PLACEMENT_3D('',#3176,#2540,#2541);
#2239=AXIS2_PLACEMENT_3D('',#3185,#2546,#2547);
#2240=AXIS2_PLACEMENT_3D('',#3194,#2552,#2553);
#2241=AXIS2_PLACEMENT_3D('',#3201,#2557,#2558);
#2242=AXIS2_PLACEMENT_3D('',#3205,#2560,#2561);
#2243=AXIS2_PLACEMENT_3D('',#3208,#2563,#2564);
#2244=AXIS2_PLACEMENT_3D('',#3212,#2566,#2567);
#2245=AXIS2_PLACEMENT_3D('',#3216,#2569,#2570);
#2246=AXIS2_PLACEMENT_3D('',#3218,#2572,#2573);
#2247=AXIS2_PLACEMENT_3D('',#3223,#2576,#2577);
#2248=AXIS2_PLACEMENT_3D('',#3227,#2579,#2580);
#2249=AXIS2_PLACEMENT_3D('',#3231,#2582,#2583);
#2250=AXIS2_PLACEMENT_3D('',#3235,#2585,#2586);
#2251=AXIS2_PLACEMENT_3D('',#3240,#2589,#2590);
#2252=AXIS2_PLACEMENT_3D('',#3242,#2592,#2593);
#2253=AXIS2_PLACEMENT_3D('',#3251,#2598,#2599);
#2254=AXIS2_PLACEMENT_3D('',#3260,#2604,#2605);
#2255=AXIS2_PLACEMENT_3D('',#3267,#2609,#2610);
#2256=AXIS2_PLACEMENT_3D('',#3271,#2612,#2613);
#2257=AXIS2_PLACEMENT_3D('',#3274,#2615,#2616);
#2258=AXIS2_PLACEMENT_3D('',#3279,#2618,#2619);
#2259=AXIS2_PLACEMENT_3D('',#3283,#2622,#2623);
#2260=AXIS2_PLACEMENT_3D('',#3284,#2624,#2625);
#2261=AXIS2_PLACEMENT_3D('',#3289,#2628,#2629);
#2262=AXIS2_PLACEMENT_3D('',#3293,#2631,#2632);
#2263=AXIS2_PLACEMENT_3D('',#3297,#2634,#2635);
#2264=AXIS2_PLACEMENT_3D('',#3301,#2637,#2638);
#2265=AXIS2_PLACEMENT_3D('',#3305,#2640,#2641);
#2266=AXIS2_PLACEMENT_3D('',#3308,#2644,#2645);
#2267=AXIS2_PLACEMENT_3D('',#3317,#2650,#2651);
#2268=AXIS2_PLACEMENT_3D('',#3326,#2656,#2657);
#2269=AXIS2_PLACEMENT_3D('',#3335,#2662,#2663);
#2270=AXIS2_PLACEMENT_3D('',#3344,#2668,#2669);
#2271=AXIS2_PLACEMENT_3D('',#3348,#2671,#2672);
#2272=AXIS2_PLACEMENT_3D('',#3353,#2675,#2676);
#2273=AXIS2_PLACEMENT_3D('',#3354,#2677,#2678);
#2274=AXIS2_PLACEMENT_3D('',#3360,#2682,#2683);
#2275=AXIS2_PLACEMENT_3D('',#3361,#2684,#2685);
#2276=AXIS2_PLACEMENT_3D('',#3363,#2686,#2687);
#2277=AXIS2_PLACEMENT_3D('',#3367,#2690,#2691);
#2278=AXIS2_PLACEMENT_3D('',#3368,#2692,#2693);
#2279=AXIS2_PLACEMENT_3D('',#3370,#2694,#2695);
#2280=AXIS2_PLACEMENT_3D('',#3372,#2697,#2698);
#2281=AXIS2_PLACEMENT_3D('',#3373,#2699,#2700);
#2282=AXIS2_PLACEMENT_3D('',#3376,#2702,#2703);
#2283=AXIS2_PLACEMENT_3D('',#3377,#2704,#2705);
#2284=AXIS2_PLACEMENT_3D('',#3382,#2707,#2708);
#2285=AXIS2_PLACEMENT_3D('',#3385,#2710,#2711);
#2286=AXIS2_PLACEMENT_3D('',#3386,#2712,#2713);
#2287=AXIS2_PLACEMENT_3D('',#3392,#2717,#2718);
#2288=AXIS2_PLACEMENT_3D('',#3395,#2721,#2722);
#2289=AXIS2_PLACEMENT_3D('',#3397,#2724,#2725);
#2290=AXIS2_PLACEMENT_3D('',#3399,#2726,#2727);
#2291=AXIS2_PLACEMENT_3D('',#3403,#2729,#2730);
#2292=AXIS2_PLACEMENT_3D('',#3406,#2733,#2734);
#2293=AXIS2_PLACEMENT_3D('',#3412,#2738,#2739);
#2294=AXIS2_PLACEMENT_3D('',#3413,#2740,#2741);
#2295=AXIS2_PLACEMENT_3D('',#3417,#2744,#2745);
#2296=AXIS2_PLACEMENT_3D('',#3418,#2746,#2747);
#2297=AXIS2_PLACEMENT_3D('',#3419,#2748,#2749);
#2298=AXIS2_PLACEMENT_3D('',#3421,#2751,#2752);
#2299=AXIS2_PLACEMENT_3D('',#3432,#2758,#2759);
#2300=AXIS2_PLACEMENT_3D('',#3436,#2761,#2762);
#2301=AXIS2_PLACEMENT_3D('',#3441,#2765,#2766);
#2302=AXIS2_PLACEMENT_3D('',#3445,#2768,#2769);
#2303=AXIS2_PLACEMENT_3D('',#3449,#2771,#2772);
#2304=AXIS2_PLACEMENT_3D('',#3451,#2774,#2775);
#2305=AXIS2_PLACEMENT_3D('',#3457,#2779,#2780);
#2306=AXIS2_PLACEMENT_3D('',#3468,#2787,#2788);
#2307=AXIS2_PLACEMENT_3D('',#3472,#2791,#2792);
#2308=AXIS2_PLACEMENT_3D('',#3477,#2794,#2795);
#2309=AXIS2_PLACEMENT_3D('',#3481,#2797,#2798);
#2310=AXIS2_PLACEMENT_3D('',#3484,#2800,#2801);
#2311=AXIS2_PLACEMENT_3D('',#3485,#2802,#2803);
#2312=AXIS2_PLACEMENT_3D('',#3486,#2804,#2805);
#2313=AXIS2_PLACEMENT_3D('',#3487,#2806,#2807);
#2314=AXIS2_PLACEMENT_3D('',#3489,#2809,#2810);
#2315=AXIS2_PLACEMENT_3D('',#3491,#2812,#2813);
#2316=AXIS2_PLACEMENT_3D('',#3492,#2814,#2815);
#2317=AXIS2_PLACEMENT_3D('',#3493,#2816,#2817);
#2318=AXIS2_PLACEMENT_3D('',#3494,#2818,#2819);
#2319=AXIS2_PLACEMENT_3D('',#3495,#2820,#2821);
#2320=AXIS2_PLACEMENT_3D('',#3496,#2822,#2823);
#2321=AXIS2_PLACEMENT_3D('',#3497,#2824,#2825);
#2322=AXIS2_PLACEMENT_3D('',#3498,#2826,#2827);
#2323=AXIS2_PLACEMENT_3D('',#3499,#2828,#2829);
#2324=AXIS2_PLACEMENT_3D('',#3500,#2830,#2831);
#2325=AXIS2_PLACEMENT_3D('',#3501,#2832,#2833);
#2326=AXIS2_PLACEMENT_3D('',#3502,#2834,#2835);
#2327=AXIS2_PLACEMENT_3D('',#3503,#2836,#2837);
#2328=AXIS2_PLACEMENT_3D('',#3504,#2838,#2839);
#2329=AXIS2_PLACEMENT_3D('',#3505,#2840,#2841);
#2330=AXIS2_PLACEMENT_3D('',#3506,#2842,#2843);
#2331=AXIS2_PLACEMENT_3D('',#3507,#2844,#2845);
#2332=AXIS2_PLACEMENT_3D('',#3508,#2846,#2847);
#2333=AXIS2_PLACEMENT_3D('',#3509,#2848,#2849);
#2334=AXIS2_PLACEMENT_3D('',#3510,#2850,#2851);
#2335=AXIS2_PLACEMENT_3D('',#3511,#2852,#2853);
#2336=AXIS2_PLACEMENT_3D('',#3512,#2854,#2855);
#2337=AXIS2_PLACEMENT_3D('',#3513,#2856,#2857);
#2338=AXIS2_PLACEMENT_3D('',#3514,#2858,#2859);
#2339=AXIS2_PLACEMENT_3D('',#3518,#2861,#2862);
#2340=AXIS2_PLACEMENT_3D('',#3519,#2863,#2864);
#2341=AXIS2_PLACEMENT_3D('',#3520,#2865,#2866);
#2342=AXIS2_PLACEMENT_3D('',#3522,#2867,#2868);
#2343=AXIS2_PLACEMENT_3D('',#3525,#2870,#2871);
#2344=AXIS2_PLACEMENT_3D('',#3526,#2872,#2873);
#2345=AXIS2_PLACEMENT_3D('',#3528,#2875,#2876);
#2346=AXIS2_PLACEMENT_3D('',#3530,#2878,#2879);
#2347=AXIS2_PLACEMENT_3D('',#3536,#2883,#2884);
#2348=AXIS2_PLACEMENT_3D('',#3542,#2888,#2889);
#2349=AXIS2_PLACEMENT_3D('',#3544,#2890,#2891);
#2350=AXIS2_PLACEMENT_3D('',#3547,#2893,#2894);
#2351=AXIS2_PLACEMENT_3D('',#3548,#2895,#2896);
#2352=AXIS2_PLACEMENT_3D('',#3552,#2898,#2899);
#2353=AXIS2_PLACEMENT_3D('',#3553,#2900,#2901);
#2354=AXIS2_PLACEMENT_3D('',#3554,#2902,#2903);
#2355=AXIS2_PLACEMENT_3D('',#3557,#2906,#2907);
#2356=AXIS2_PLACEMENT_3D('',#3561,#2909,#2910);
#2357=AXIS2_PLACEMENT_3D('',#3562,#2911,#2912);
#2358=AXIS2_PLACEMENT_3D('',#3563,#2913,#2914);
#2359=AXIS2_PLACEMENT_3D('',#3565,#2915,#2916);
#2360=AXIS2_PLACEMENT_3D('',#3568,#2918,#2919);
#2361=AXIS2_PLACEMENT_3D('',#3569,#2920,#2921);
#2362=AXIS2_PLACEMENT_3D('',#3571,#2923,#2924);
#2363=AXIS2_PLACEMENT_3D('',#3573,#2926,#2927);
#2364=AXIS2_PLACEMENT_3D('',#3579,#2931,#2932);
#2365=AXIS2_PLACEMENT_3D('',#3585,#2936,#2937);
#2366=AXIS2_PLACEMENT_3D('',#3589,#2939,#2940);
#2367=AXIS2_PLACEMENT_3D('',#3590,#2941,#2942);
#2368=AXIS2_PLACEMENT_3D('',#3591,#2943,#2944);
#2369=AXIS2_PLACEMENT_3D('',#3593,#2945,#2946);
#2370=AXIS2_PLACEMENT_3D('',#3596,#2948,#2949);
#2371=AXIS2_PLACEMENT_3D('',#3597,#2950,#2951);
#2372=AXIS2_PLACEMENT_3D('',#3600,#2954,#2955);
#2373=AXIS2_PLACEMENT_3D('',#3601,#2956,#2957);
#2374=AXIS2_PLACEMENT_3D('',#3602,#2958,#2959);
#2375=AXIS2_PLACEMENT_3D('',#3603,#2960,#2961);
#2376=AXIS2_PLACEMENT_3D('',#3604,#2962,#2963);
#2377=AXIS2_PLACEMENT_3D('',#3607,#2966,#2967);
#2378=AXIS2_PLACEMENT_3D('',#3609,#2969,#2970);
#2379=AXIS2_PLACEMENT_3D('',#3610,#2971,#2972);
#2380=AXIS2_PLACEMENT_3D('',#3612,#2974,#2975);
#2381=AXIS2_PLACEMENT_3D('',#3613,#2976,#2977);
#2382=AXIS2_PLACEMENT_3D('',#3616,#2980,#2981);
#2383=AXIS2_PLACEMENT_3D('',#3618,#2983,#2984);
#2384=AXIS2_PLACEMENT_3D('',#3620,#2986,#2987);
#2385=AXIS2_PLACEMENT_3D('',#3622,#2989,#2990);
#2386=AXIS2_PLACEMENT_3D('',#3624,#2992,#2993);
#2387=AXIS2_PLACEMENT_3D('',#3625,#2994,#2995);
#2388=AXIS2_PLACEMENT_3D('',#3628,#2998,#2999);
#2389=AXIS2_PLACEMENT_3D('',#3629,#3000,#3001);
#2390=AXIS2_PLACEMENT_3D('',#3631,#3003,#3004);
#2391=AXIS2_PLACEMENT_3D('',#3633,#3006,#3007);
#2392=AXIS2_PLACEMENT_3D('',#3634,#3008,#3009);
#2393=AXIS2_PLACEMENT_3D('',#3637,#3012,#3013);
#2394=AXIS2_PLACEMENT_3D('',#3639,#3015,#3016);
#2395=AXIS2_PLACEMENT_3D('',#3641,#3018,#3019);
#2396=AXIS2_PLACEMENT_3D('',#3643,#3021,#3022);
#2397=AXIS2_PLACEMENT_3D('',#3645,#3024,#3025);
#2398=AXIS2_PLACEMENT_3D('',#3646,#3026,#3027);
#2399=AXIS2_PLACEMENT_3D('',#3649,#3030,#3031);
#2400=AXIS2_PLACEMENT_3D('',#3651,#3033,#3034);
#2401=AXIS2_PLACEMENT_3D('',#3653,#3036,#3037);
#2402=AXIS2_PLACEMENT_3D('',#3655,#3039,#3040);
#2403=AXIS2_PLACEMENT_3D('',#3657,#3042,#3043);
#2404=AXIS2_PLACEMENT_3D('',#3658,#3044,#3045);
#2405=AXIS2_PLACEMENT_3D('',#3661,#3048,#3049);
#2406=AXIS2_PLACEMENT_3D('',#3662,#3050,#3051);
#2407=AXIS2_PLACEMENT_3D('',#3664,#3053,#3054);
#2408=AXIS2_PLACEMENT_3D('',#3666,#3056,#3057);
#2409=DIRECTION('axis',(0.,0.,1.));
#2410=DIRECTION('refdir',(1.,0.,0.));
#2411=DIRECTION('center_axis',(0.,-9.70017266651368E-18,-1.));
#2412=DIRECTION('ref_axis',(0.,1.,-9.70017266651368E-18));
#2413=DIRECTION('center_axis',(0.,-9.70017266651368E-18,-1.));
#2414=DIRECTION('ref_axis',(0.,1.,-9.70017266651368E-18));
#2415=DIRECTION('',(0.,-9.70017266651368E-18,-1.));
#2416=DIRECTION('center_axis',(0.,-9.70017266651368E-18,-1.));
#2417=DIRECTION('ref_axis',(0.,1.,-9.70017266651368E-18));
#2418=DIRECTION('center_axis',(0.,-9.70017266651368E-18,-1.));
#2419=DIRECTION('ref_axis',(0.,1.,-9.70017266651368E-18));
#2420=DIRECTION('center_axis',(0.,-9.70017266651368E-18,-1.));
#2421=DIRECTION('ref_axis',(0.,1.,-9.70017266651368E-18));
#2422=DIRECTION('',(0.,-9.70017266651368E-18,-1.));
#2423=DIRECTION('center_axis',(0.,-9.70017266651368E-18,-1.));
#2424=DIRECTION('ref_axis',(0.,1.,-9.70017266651368E-18));
#2425=DIRECTION('center_axis',(-1.,0.,-3.49126737303508E-15));
#2426=DIRECTION('ref_axis',(-3.49126737303508E-15,0.,1.));
#2427=DIRECTION('center_axis',(1.,0.,3.53642469233882E-15));
#2428=DIRECTION('ref_axis',(3.53642469233882E-15,0.,-1.));
#2429=DIRECTION('',(-1.,0.,-3.49126737303508E-15));
#2430=DIRECTION('center_axis',(-1.,0.,-3.49126737303508E-15));
#2431=DIRECTION('ref_axis',(-3.49126737303508E-15,0.,1.));
#2432=DIRECTION('center_axis',(-1.,0.,-3.49126737303508E-15));
#2433=DIRECTION('ref_axis',(-3.49126737303508E-15,0.,1.));
#2434=DIRECTION('center_axis',(1.,0.,3.53642469233882E-15));
#2435=DIRECTION('ref_axis',(3.53642469233882E-15,0.,-1.));
#2436=DIRECTION('',(-1.,0.,-3.49126737303508E-15));
#2437=DIRECTION('center_axis',(-1.,0.,-3.49126737303508E-15));
#2438=DIRECTION('ref_axis',(-3.49126737303508E-15,0.,1.));
#2439=DIRECTION('center_axis',(1.,0.,-3.49126737303508E-15));
#2440=DIRECTION('ref_axis',(-3.49126737303508E-15,0.,-1.));
#2441=DIRECTION('center_axis',(-1.,-6.1532674684695E-31,3.53642469233882E-15));
#2442=DIRECTION('ref_axis',(3.53642469233882E-15,-2.63764448655285E-46,
1.));
#2443=DIRECTION('',(1.,0.,-3.49126737303508E-15));
#2444=DIRECTION('center_axis',(1.,0.,-3.49126737303508E-15));
#2445=DIRECTION('ref_axis',(-3.49126737303508E-15,0.,-1.));
#2446=DIRECTION('center_axis',(1.,0.,-3.49126737303508E-15));
#2447=DIRECTION('ref_axis',(-3.49126737303508E-15,0.,-1.));
#2448=DIRECTION('center_axis',(-1.,-6.1532674684695E-31,3.53642469233882E-15));
#2449=DIRECTION('ref_axis',(3.53642469233882E-15,-2.63764448655285E-46,
1.));
#2450=DIRECTION('',(1.,0.,-3.49126737303508E-15));
#2451=DIRECTION('center_axis',(1.,0.,-3.49126737303508E-15));
#2452=DIRECTION('ref_axis',(-3.49126737303508E-15,0.,-1.));
#2453=DIRECTION('center_axis',(0.,0.,1.));
#2454=DIRECTION('ref_axis',(1.,0.,0.));
#2455=DIRECTION('center_axis',(0.,0.,-1.));
#2456=DIRECTION('ref_axis',(-1.,0.,0.));
#2457=DIRECTION('',(0.,0.,1.));
#2458=DIRECTION('center_axis',(0.,0.,1.));
#2459=DIRECTION('ref_axis',(1.,0.,0.));
#2460=DIRECTION('center_axis',(0.,0.,1.));
#2461=DIRECTION('ref_axis',(1.,0.,0.));
#2462=DIRECTION('center_axis',(0.,0.,-1.));
#2463=DIRECTION('ref_axis',(-1.,0.,0.));
#2464=DIRECTION('',(0.,0.,1.));
#2465=DIRECTION('center_axis',(0.,0.,1.));
#2466=DIRECTION('ref_axis',(1.,0.,0.));
#2467=DIRECTION('center_axis',(0.,0.,1.));
#2468=DIRECTION('ref_axis',(1.,0.,0.));
#2469=DIRECTION('center_axis',(0.,0.,-1.));
#2470=DIRECTION('ref_axis',(-1.,0.,0.));
#2471=DIRECTION('',(0.,0.,1.));
#2472=DIRECTION('center_axis',(0.,0.,1.));
#2473=DIRECTION('ref_axis',(1.,0.,0.));
#2474=DIRECTION('center_axis',(0.,0.,1.));
#2475=DIRECTION('ref_axis',(1.,0.,0.));
#2476=DIRECTION('center_axis',(0.,0.,-1.));
#2477=DIRECTION('ref_axis',(-1.,0.,0.));
#2478=DIRECTION('',(0.,0.,1.));
#2479=DIRECTION('center_axis',(0.,0.,1.));
#2480=DIRECTION('ref_axis',(1.,0.,0.));
#2481=DIRECTION('center_axis',(0.,0.,1.));
#2482=DIRECTION('ref_axis',(1.,0.,0.));
#2483=DIRECTION('center_axis',(0.,0.,1.));
#2484=DIRECTION('ref_axis',(-1.,0.,0.));
#2485=DIRECTION('',(0.,0.,1.));
#2486=DIRECTION('center_axis',(0.,0.,1.));
#2487=DIRECTION('ref_axis',(-1.,0.,0.));
#2488=DIRECTION('',(0.,0.,1.));
#2489=DIRECTION('center_axis',(1.,6.13529261273039E-31,-3.49370881875049E-15));
#2490=DIRECTION('ref_axis',(-3.49370881875049E-15,-2.14349259067109E-45,
-1.));
#2491=DIRECTION('center_axis',(1.,0.,3.53642469233882E-15));
#2492=DIRECTION('ref_axis',(3.53642469233882E-15,0.,-1.));
#2493=DIRECTION('',(1.,6.1352926127304E-31,-3.49370881875049E-15));
#2494=DIRECTION('center_axis',(1.,0.,3.53642469233882E-15));
#2495=DIRECTION('ref_axis',(3.53642469233882E-15,0.,-1.));
#2496=DIRECTION('',(1.,6.1352926127304E-31,-3.49370881875049E-15));
#2497=DIRECTION('center_axis',(1.,6.13529261273039E-31,-3.49370881875049E-15));
#2498=DIRECTION('ref_axis',(-3.49370881875049E-15,-2.14349259067109E-45,
-1.));
#2499=DIRECTION('center_axis',(-1.,-6.1532674684695E-31,3.53642469233882E-15));
#2500=DIRECTION('ref_axis',(3.53642469233882E-15,-6.70401306998831E-46,
1.));
#2501=DIRECTION('',(1.,6.1352926127304E-31,-3.49370881875049E-15));
#2502=DIRECTION('center_axis',(1.,6.13529261273039E-31,-3.49370881875049E-15));
#2503=DIRECTION('ref_axis',(3.49370881875049E-15,-6.94650376606363E-46,
1.));
#2504=DIRECTION('',(1.,6.1352926127304E-31,-3.49370881875049E-15));
#2505=DIRECTION('center_axis',(0.,-1.,0.));
#2506=DIRECTION('ref_axis',(0.,0.,-1.));
#2507=DIRECTION('center_axis',(0.,1.,0.));
#2508=DIRECTION('ref_axis',(0.,0.,1.));
#2509=DIRECTION('',(0.,-1.,0.));
#2510=DIRECTION('center_axis',(0.,-1.,0.));
#2511=DIRECTION('ref_axis',(0.,0.,-1.));
#2512=DIRECTION('center_axis',(0.,-1.,0.));
#2513=DIRECTION('ref_axis',(0.,0.,-1.));
#2514=DIRECTION('center_axis',(0.,1.,0.));
#2515=DIRECTION('ref_axis',(0.,0.,1.));
#2516=DIRECTION('',(0.,-1.,0.));
#2517=DIRECTION('center_axis',(0.,-1.,0.));
#2518=DIRECTION('ref_axis',(0.,0.,-1.));
#2519=DIRECTION('center_axis',(0.,-1.,0.));
#2520=DIRECTION('ref_axis',(0.,0.,-1.));
#2521=DIRECTION('center_axis',(0.,1.,0.));
#2522=DIRECTION('ref_axis',(0.,0.,1.));
#2523=DIRECTION('',(0.,-1.,0.));
#2524=DIRECTION('center_axis',(0.,-1.,0.));
#2525=DIRECTION('ref_axis',(0.,0.,-1.));
#2526=DIRECTION('center_axis',(0.,-1.,0.));
#2527=DIRECTION('ref_axis',(0.,0.,-1.));
#2528=DIRECTION('center_axis',(0.,1.,0.));
#2529=DIRECTION('ref_axis',(0.,0.,1.));
#2530=DIRECTION('',(0.,-1.,0.));
#2531=DIRECTION('center_axis',(0.,-1.,0.));
#2532=DIRECTION('ref_axis',(0.,0.,-1.));
#2533=DIRECTION('center_axis',(0.,0.,1.));
#2534=DIRECTION('ref_axis',(1.,0.,0.));
#2535=DIRECTION('center_axis',(0.,0.,1.));
#2536=DIRECTION('ref_axis',(1.,0.,0.));
#2537=DIRECTION('',(0.,0.,1.));
#2538=DIRECTION('center_axis',(0.,0.,1.));
#2539=DIRECTION('ref_axis',(1.,0.,0.));
#2540=DIRECTION('center_axis',(1.15635531907824E-30,-1.,-3.21493153848984E-16));
#2541=DIRECTION('ref_axis',(0.,3.21493153848984E-16,-1.));
#2542=DIRECTION('',(1.,0.,0.));
#2543=DIRECTION('',(3.53642469233882E-15,3.21493153848984E-16,-1.));
#2544=DIRECTION('',(-1.,-3.38679718486888E-32,-3.49148133884313E-15));
#2545=DIRECTION('',(3.53642469233882E-15,3.21493153848984E-16,-1.));
#2546=DIRECTION('center_axis',(2.46753864958697E-31,1.,-8.03732884622454E-17));
#2547=DIRECTION('ref_axis',(0.,8.03732884622454E-17,1.));
#2548=DIRECTION('',(1.,0.,0.));
#2549=DIRECTION('',(-3.53642469233882E-15,8.03732884622454E-17,1.));
#2550=DIRECTION('',(-1.,-3.38679718486888E-32,-3.49148133884313E-15));
#2551=DIRECTION('',(-3.53642469233882E-15,8.03732884622454E-17,1.));
#2552=DIRECTION('center_axis',(1.,0.,3.53642469233882E-15));
#2553=DIRECTION('ref_axis',(3.53642469233882E-15,0.,-1.));
#2554=DIRECTION('',(0.,-1.,0.));
#2555=DIRECTION('',(-3.23335774447204E-29,1.,9.14301314397184E-15));
#2556=DIRECTION('',(-3.26291967583698E-15,-0.385613076387771,0.922660585111751));
#2557=DIRECTION('center_axis',(1.,0.,3.53642469233882E-15));
#2558=DIRECTION('ref_axis',(3.53642469233882E-15,0.,-1.));
#2559=DIRECTION('',(3.53642469233882E-15,1.85675775760518E-16,-1.));
#2560=DIRECTION('center_axis',(1.,0.,3.53642469233882E-15));
#2561=DIRECTION('ref_axis',(3.53642469233882E-15,0.,-1.));
#2562=DIRECTION('',(-3.9278047034254E-31,1.,1.11067110009E-16));
#2563=DIRECTION('center_axis',(1.,0.,3.53642469233882E-15));
#2564=DIRECTION('ref_axis',(3.53642469233882E-15,0.,-1.));
#2565=DIRECTION('',(-3.53642469233882E-15,-1.85675775760518E-16,1.));
#2566=DIRECTION('center_axis',(1.,0.,3.53642469233882E-15));
#2567=DIRECTION('ref_axis',(3.53642469233882E-15,0.,-1.));
#2568=DIRECTION('',(3.14224376274032E-30,-1.,-8.88536880072E-16));
#2569=DIRECTION('center_axis',(1.,0.,3.53642469233882E-15));
#2570=DIRECTION('ref_axis',(3.53642469233882E-15,0.,-1.));
#2571=DIRECTION('',(3.26291967583698E-15,0.385613076387771,-0.922660585111751));
#2572=DIRECTION('center_axis',(1.,0.,3.53642469233882E-15));
#2573=DIRECTION('ref_axis',(3.53642469233882E-15,0.,-1.));
#2574=DIRECTION('',(0.,-1.,0.));
#2575=DIRECTION('',(3.23335774447204E-29,-1.,-9.14301314397184E-15));
#2576=DIRECTION('center_axis',(1.,0.,3.53642469233882E-15));
#2577=DIRECTION('ref_axis',(3.53642469233882E-15,0.,-1.));
#2578=DIRECTION('',(-3.26291967583698E-15,-0.385613076387771,0.922660585111751));
#2579=DIRECTION('center_axis',(1.,0.,3.53642469233882E-15));
#2580=DIRECTION('ref_axis',(3.53642469233882E-15,0.,-1.));
#2581=DIRECTION('',(-3.9278047034254E-31,1.,1.11067110009E-16));
#2582=DIRECTION('center_axis',(1.,0.,3.53642469233882E-15));
#2583=DIRECTION('ref_axis',(3.53642469233882E-15,0.,-1.));
#2584=DIRECTION('',(3.53642469233882E-15,1.85675775760518E-16,-1.));
#2585=DIRECTION('center_axis',(1.,0.,3.53642469233882E-15));
#2586=DIRECTION('ref_axis',(3.53642469233882E-15,0.,-1.));
#2587=DIRECTION('',(-3.53642469233882E-15,-1.85675775760518E-16,1.));
#2588=DIRECTION('',(3.26291967583698E-15,0.385613076387771,-0.922660585111751));
#2589=DIRECTION('center_axis',(1.,0.,3.53642469233882E-15));
#2590=DIRECTION('ref_axis',(3.53642469233882E-15,0.,-1.));
#2591=DIRECTION('',(3.14224376274032E-30,-1.,-8.88536880072E-16));
#2592=DIRECTION('center_axis',(-7.82192870001722E-31,-1.,-2.14328769232656E-16));
#2593=DIRECTION('ref_axis',(0.,2.14328769232656E-16,-1.));
#2594=DIRECTION('',(-1.,0.,0.));
#2595=DIRECTION('',(3.53642469233882E-15,-2.14328769232656E-16,1.));
#2596=DIRECTION('',(1.,-3.38679718486887E-32,-3.49148133884313E-15));
#2597=DIRECTION('',(3.53642469233882E-15,-2.14328769232656E-16,1.));
#2598=DIRECTION('center_axis',(3.38679718486888E-32,1.,-1.19771531925139E-46));
#2599=DIRECTION('ref_axis',(-1.,3.38679718486888E-32,0.));
#2600=DIRECTION('',(-1.,0.,0.));
#2601=DIRECTION('',(-3.53642469233882E-15,1.94469227433161E-62,-1.));
#2602=DIRECTION('',(1.,-3.38679718486888E-32,-3.49148133884313E-15));
#2603=DIRECTION('',(-3.53642469233882E-15,1.94469227433161E-62,-1.));
#2604=DIRECTION('center_axis',(-1.,-6.1532674684695E-31,3.53642469233882E-15));
#2605=DIRECTION('ref_axis',(3.53642469233882E-15,0.,1.));
#2606=DIRECTION('',(0.,1.,0.));
#2607=DIRECTION('',(3.79414353340879E-32,-1.,-1.6326809185664E-16));
#2608=DIRECTION('',(-3.52783973944984E-15,1.85675775760518E-16,-1.));
#2609=DIRECTION('center_axis',(1.,6.13529261273039E-31,-3.49370881875049E-15));
#2610=DIRECTION('ref_axis',(-3.49370881875049E-15,6.94650376606383E-46,
-1.));
#2611=DIRECTION('',(3.25499867818128E-15,-0.385613076387771,0.922660585111751));
#2612=DIRECTION('center_axis',(1.,6.13529261273039E-31,-3.49370881875049E-15));
#2613=DIRECTION('ref_axis',(3.49370881875049E-15,-6.94650376606374E-46,
1.));
#2614=DIRECTION('',(0.,1.,1.11067110009E-16));
#2615=DIRECTION('center_axis',(1.,6.13529261273039E-31,-3.49370881875049E-15));
#2616=DIRECTION('ref_axis',(3.49370881875049E-15,-6.94650376606374E-46,
1.));
#2617=DIRECTION('',(0.,-1.,-8.88536880072E-16));
#2618=DIRECTION('center_axis',(1.,6.13529261273039E-31,-3.49370881875049E-15));
#2619=DIRECTION('ref_axis',(-3.49370881875049E-15,6.9465037660637E-46,-1.));
#2620=DIRECTION('',(3.52783973944984E-15,-1.85675775760518E-16,1.));
#2621=DIRECTION('',(-3.25499867818128E-15,0.385613076387771,-0.922660585111751));
#2622=DIRECTION('center_axis',(1.,6.13529261273039E-31,-3.49370881875049E-15));
#2623=DIRECTION('ref_axis',(3.49370881875049E-15,-6.9465037660637E-46,1.));
#2624=DIRECTION('center_axis',(-1.,-6.1532674684695E-31,3.53642469233882E-15));
#2625=DIRECTION('ref_axis',(3.53642469233882E-15,0.,1.));
#2626=DIRECTION('',(0.,1.,0.));
#2627=DIRECTION('',(-3.79414353340879E-32,1.,1.6326809185664E-16));
#2628=DIRECTION('center_axis',(-1.,-6.1532674684695E-31,3.53642469233882E-15));
#2629=DIRECTION('ref_axis',(3.53642469233882E-15,-6.70401306998851E-46,
1.));
#2630=DIRECTION('',(3.53642469233882E-15,-1.85675775760518E-16,1.));
#2631=DIRECTION('center_axis',(-1.,-6.1532674684695E-31,3.53642469233882E-15));
#2632=DIRECTION('ref_axis',(3.53642469233882E-15,-6.70401306998842E-46,
1.));
#2633=DIRECTION('',(2.2254627650441E-31,-1.,-1.11067110009E-16));
#2634=DIRECTION('center_axis',(-1.,-6.1532674684695E-31,3.53642469233882E-15));
#2635=DIRECTION('ref_axis',(3.53642469233882E-15,-6.70401306998842E-46,
1.));
#2636=DIRECTION('',(-3.26291967583698E-15,0.385613076387771,-0.922660585111751));
#2637=DIRECTION('center_axis',(-1.,-6.1532674684695E-31,3.53642469233882E-15));
#2638=DIRECTION('ref_axis',(3.53642469233882E-15,-6.70401306998838E-46,
1.));
#2639=DIRECTION('',(2.52691701589336E-30,1.,8.88536880072E-16));
#2640=DIRECTION('center_axis',(-1.,-6.1532674684695E-31,3.53642469233882E-15));
#2641=DIRECTION('ref_axis',(3.53642469233882E-15,-6.70401306998838E-46,
1.));
#2642=DIRECTION('',(3.26291967583698E-15,-0.385613076387771,0.922660585111751));
#2643=DIRECTION('',(-3.53642469233882E-15,1.85675775760518E-16,-1.));
#2644=DIRECTION('center_axis',(1.,0.,0.));
#2645=DIRECTION('ref_axis',(0.,0.,-1.));
#2646=DIRECTION('',(0.,-1.,9.70017266651368E-18));
#2647=DIRECTION('',(0.,-4.33680868994202E-16,1.));
#2648=DIRECTION('',(0.,1.,0.));
#2649=DIRECTION('',(0.,0.,1.));
#2650=DIRECTION('center_axis',(1.,0.,0.));
#2651=DIRECTION('ref_axis',(0.,0.,-1.));
#2652=DIRECTION('',(0.,0.,-1.));
#2653=DIRECTION('',(0.,-1.,0.));
#2654=DIRECTION('',(0.,0.,1.));
#2655=DIRECTION('',(0.,1.,0.));
#2656=DIRECTION('center_axis',(-1.,0.,0.));
#2657=DIRECTION('ref_axis',(0.,0.,1.));
#2658=DIRECTION('',(0.,-1.,0.));
#2659=DIRECTION('',(0.,4.33680868994202E-16,-1.));
#2660=DIRECTION('',(0.,1.,-9.70017266651368E-18));
#2661=DIRECTION('',(0.,0.,1.));
#2662=DIRECTION('center_axis',(-1.,0.,0.));
#2663=DIRECTION('ref_axis',(0.,0.,1.));
#2664=DIRECTION('',(0.,0.,1.));
#2665=DIRECTION('',(0.,1.,0.));
#2666=DIRECTION('',(0.,0.,1.));
#2667=DIRECTION('',(0.,-1.,-8.67361737988403E-16));
#2668=DIRECTION('center_axis',(0.,1.,0.));
#2669=DIRECTION('ref_axis',(0.,0.,1.));
#2670=DIRECTION('',(-1.,0.,0.));
#2671=DIRECTION('center_axis',(0.,-1.,0.));
#2672=DIRECTION('ref_axis',(0.,0.,1.));
#2673=DIRECTION('',(-1.,0.,0.));
#2674=DIRECTION('',(0.,0.,-1.));
#2675=DIRECTION('center_axis',(0.,-1.,0.));
#2676=DIRECTION('ref_axis',(1.38777878078145E-15,0.,1.));
#2677=DIRECTION('center_axis',(0.,0.,-1.));
#2678=DIRECTION('ref_axis',(-1.,0.,0.));
#2679=DIRECTION('',(-1.,0.,0.));
#2680=DIRECTION('',(0.,-1.,0.));
#2681=DIRECTION('',(0.,1.,0.));
#2682=DIRECTION('center_axis',(0.,1.,0.));
#2683=DIRECTION('ref_axis',(0.,0.,1.));
#2684=DIRECTION('center_axis',(0.,1.,0.));
#2685=DIRECTION('ref_axis',(0.,0.,1.));
#2686=DIRECTION('center_axis',(0.,1.,0.));
#2687=DIRECTION('ref_axis',(0.,0.,1.));
#2688=DIRECTION('',(0.,0.,-1.));
#2689=DIRECTION('',(-1.,0.,0.));
#2690=DIRECTION('center_axis',(-1.,0.,0.));
#2691=DIRECTION('ref_axis',(0.,0.,1.));
#2692=DIRECTION('center_axis',(-1.,0.,0.));
#2693=DIRECTION('ref_axis',(0.,0.,1.));
#2694=DIRECTION('center_axis',(1.,0.,0.));
#2695=DIRECTION('ref_axis',(0.,0.,-1.));
#2696=DIRECTION('',(-1.,0.,0.));
#2697=DIRECTION('center_axis',(-1.,0.,0.));
#2698=DIRECTION('ref_axis',(0.,0.,1.));
#2699=DIRECTION('center_axis',(-1.,0.,0.));
#2700=DIRECTION('ref_axis',(0.,0.,1.));
#2701=DIRECTION('',(-1.,0.,0.));
#2702=DIRECTION('center_axis',(1.,0.,0.));
#2703=DIRECTION('ref_axis',(0.,0.,1.));
#2704=DIRECTION('center_axis',(1.,0.,0.));
#2705=DIRECTION('ref_axis',(0.,0.,-1.));
#2706=DIRECTION('',(0.,-4.33680868994202E-16,-1.));
#2707=DIRECTION('center_axis',(1.,0.,0.));
#2708=DIRECTION('ref_axis',(0.,0.,1.));
#2709=DIRECTION('',(0.,-1.,0.));
#2710=DIRECTION('center_axis',(1.,0.,0.));
#2711=DIRECTION('ref_axis',(0.,0.,-1.));
#2712=DIRECTION('center_axis',(1.,0.,0.));
#2713=DIRECTION('ref_axis',(0.,0.,-1.));
#2714=DIRECTION('',(0.,0.,-1.));
#2715=DIRECTION('',(0.,-1.,9.70017266651368E-18));
#2716=DIRECTION('',(0.,-1.,9.70017266651368E-18));
#2717=DIRECTION('center_axis',(-1.,0.,0.));
#2718=DIRECTION('ref_axis',(0.,0.,1.));
#2719=DIRECTION('',(0.,1.,0.));
#2720=DIRECTION('',(0.,4.33680868994202E-16,1.));
#2721=DIRECTION('center_axis',(-1.,0.,0.));
#2722=DIRECTION('ref_axis',(0.,0.,1.));
#2723=DIRECTION('',(0.,-1.,0.));
#2724=DIRECTION('center_axis',(0.,1.,0.));
#2725=DIRECTION('ref_axis',(0.,0.,1.));
#2726=DIRECTION('center_axis',(0.,-1.,0.));
#2727=DIRECTION('ref_axis',(6.93889390390723E-16,0.,1.));
#2728=DIRECTION('',(-1.,0.,0.));
#2729=DIRECTION('center_axis',(0.,-1.,0.));
#2730=DIRECTION('ref_axis',(0.,0.,1.));
#2731=DIRECTION('',(0.,0.,-1.));
#2732=DIRECTION('',(-1.,0.,0.));
#2733=DIRECTION('center_axis',(0.,0.,-1.));
#2734=DIRECTION('ref_axis',(-1.,0.,0.));
#2735=DIRECTION('',(0.,1.,0.));
#2736=DIRECTION('',(-1.,0.,0.));
#2737=DIRECTION('',(0.,-1.,0.));
#2738=DIRECTION('center_axis',(0.,1.,0.));
#2739=DIRECTION('ref_axis',(0.,0.,1.));
#2740=DIRECTION('center_axis',(0.,1.,0.));
#2741=DIRECTION('ref_axis',(0.,0.,1.));
#2742=DIRECTION('',(-1.,0.,0.));
#2743=DIRECTION('',(0.,0.,-1.));
#2744=DIRECTION('center_axis',(0.,1.,0.));
#2745=DIRECTION('ref_axis',(0.,0.,1.));
#2746=DIRECTION('center_axis',(-1.,0.,0.));
#2747=DIRECTION('ref_axis',(0.,0.,1.));
#2748=DIRECTION('center_axis',(1.,0.,0.));
#2749=DIRECTION('ref_axis',(0.,0.,-1.));
#2750=DIRECTION('',(-1.,0.,0.));
#2751=DIRECTION('center_axis',(0.,-9.70017266651368E-18,-1.));
#2752=DIRECTION('ref_axis',(0.,1.,-9.70017266651368E-18));
#2753=DIRECTION('',(0.,-1.,9.70017266651368E-18));
#2754=DIRECTION('',(0.,-1.,9.70017266651368E-18));
#2755=DIRECTION('',(-1.,0.,0.));
#2756=DIRECTION('',(0.,-1.,9.70017266651368E-18));
#2757=DIRECTION('',(1.,0.,0.));
#2758=DIRECTION('center_axis',(0.,0.,1.));
#2759=DIRECTION('ref_axis',(1.,0.,0.));
#2760=DIRECTION('',(-3.71025675343606E-16,-1.,0.));
#2761=DIRECTION('center_axis',(0.,0.,1.));
#2762=DIRECTION('ref_axis',(1.,0.,0.));
#2763=DIRECTION('',(0.499999999999994,0.866025403784442,0.));
#2764=DIRECTION('',(-1.,-6.4263532060769E-16,0.));
#2765=DIRECTION('center_axis',(0.,0.,1.));
#2766=DIRECTION('ref_axis',(-1.,0.,0.));
#2767=DIRECTION('',(3.71025675343606E-16,1.,0.));
#2768=DIRECTION('center_axis',(0.,0.,1.));
#2769=DIRECTION('ref_axis',(-1.,0.,0.));
#2770=DIRECTION('',(-1.,-1.28527064121538E-15,0.));
#2771=DIRECTION('center_axis',(0.,0.,1.));
#2772=DIRECTION('ref_axis',(1.,0.,0.));
#2773=DIRECTION('',(0.499999999999994,-0.866025403784442,0.));
#2774=DIRECTION('center_axis',(0.,1.,0.));
#2775=DIRECTION('ref_axis',(0.,0.,1.));
#2776=DIRECTION('',(0.,0.,-1.));
#2777=DIRECTION('',(-1.,0.,0.));
#2778=DIRECTION('',(0.,0.,-1.));
#2779=DIRECTION('center_axis',(0.,-9.70017266651368E-18,-1.));
#2780=DIRECTION('ref_axis',(0.,1.,-9.70017266651368E-18));
#2781=DIRECTION('',(-1.,0.,0.));
#2782=DIRECTION('',(-1.,0.,0.));
#2783=DIRECTION('',(0.,-1.,9.70017266651368E-18));
#2784=DIRECTION('',(0.,-1.,9.70017266651368E-18));
#2785=DIRECTION('',(0.,-1.,9.70017266651368E-18));
#2786=DIRECTION('',(-3.71025675343606E-16,-1.,0.));
#2787=DIRECTION('center_axis',(0.,0.,1.));
#2788=DIRECTION('ref_axis',(1.,0.,0.));
#2789=DIRECTION('',(-1.,-6.4263532060769E-16,0.));
#2790=DIRECTION('',(0.499999999999994,0.866025403784442,0.));
#2791=DIRECTION('center_axis',(0.,0.,1.));
#2792=DIRECTION('ref_axis',(1.,0.,0.));
#2793=DIRECTION('',(3.71025675343606E-16,1.,0.));
#2794=DIRECTION('center_axis',(0.,0.,1.));
#2795=DIRECTION('ref_axis',(-1.,0.,0.));
#2796=DIRECTION('',(0.499999999999994,-0.866025403784442,0.));
#2797=DIRECTION('center_axis',(0.,0.,1.));
#2798=DIRECTION('ref_axis',(1.,0.,0.));
#2799=DIRECTION('',(-1.,-1.28527064121538E-15,0.));
#2800=DIRECTION('center_axis',(0.,0.,1.));
#2801=DIRECTION('ref_axis',(-1.,0.,0.));
#2802=DIRECTION('center_axis',(-1.,0.,0.));
#2803=DIRECTION('ref_axis',(0.,0.,1.));
#2804=DIRECTION('center_axis',(1.,0.,0.));
#2805=DIRECTION('ref_axis',(0.,0.,-1.));
#2806=DIRECTION('center_axis',(1.,0.,0.));
#2807=DIRECTION('ref_axis',(0.,0.,-1.));
#2808=DIRECTION('',(0.,1.,0.));
#2809=DIRECTION('center_axis',(1.,0.,0.));
#2810=DIRECTION('ref_axis',(0.,0.,-1.));
#2811=DIRECTION('',(0.,9.12536828508633E-15,-1.));
#2812=DIRECTION('center_axis',(-1.,0.,0.));
#2813=DIRECTION('ref_axis',(0.,0.,1.));
#2814=DIRECTION('center_axis',(1.,0.,0.));
#2815=DIRECTION('ref_axis',(0.,0.,-1.));
#2816=DIRECTION('center_axis',(0.,1.,0.));
#2817=DIRECTION('ref_axis',(0.,0.,1.));
#2818=DIRECTION('center_axis',(0.,1.,0.));
#2819=DIRECTION('ref_axis',(0.,0.,1.));
#2820=DIRECTION('center_axis',(0.,-1.,0.));
#2821=DIRECTION('ref_axis',(0.,0.,-1.));
#2822=DIRECTION('center_axis',(0.,-1.,0.));
#2823=DIRECTION('ref_axis',(0.,0.,-1.));
#2824=DIRECTION('center_axis',(0.,-1.,0.));
#2825=DIRECTION('ref_axis',(0.,0.,-1.));
#2826=DIRECTION('center_axis',(0.,-1.,-1.80700362080917E-16));
#2827=DIRECTION('ref_axis',(0.,1.80700362080917E-16,-1.));
#2828=DIRECTION('center_axis',(0.,-1.,-1.80700362080917E-16));
#2829=DIRECTION('ref_axis',(0.,-1.80700362080917E-16,1.));
#2830=DIRECTION('center_axis',(0.,-1.,-1.80700362080917E-16));
#2831=DIRECTION('ref_axis',(0.,-1.80700362080917E-16,1.));
#2832=DIRECTION('center_axis',(0.,-1.,-1.80700362080917E-16));
#2833=DIRECTION('ref_axis',(0.,1.80700362080917E-16,-1.));
#2834=DIRECTION('center_axis',(0.,1.,1.80700362080917E-16));
#2835=DIRECTION('ref_axis',(0.,-1.80700362080917E-16,1.));
#2836=DIRECTION('center_axis',(0.,1.,1.80700362080917E-16));
#2837=DIRECTION('ref_axis',(0.,-1.80700362080917E-16,1.));
#2838=DIRECTION('center_axis',(0.,1.,1.80700362080917E-16));
#2839=DIRECTION('ref_axis',(1.,6.41178736812157E-31,-3.54829801904347E-15));
#2840=DIRECTION('center_axis',(0.,1.,1.80700362080917E-16));
#2841=DIRECTION('ref_axis',(1.,6.53052417123494E-31,-3.61400724161835E-15));
#2842=DIRECTION('center_axis',(0.,1.,9.12536828508633E-15));
#2843=DIRECTION('ref_axis',(0.,-9.12536828508633E-15,1.));
#2844=DIRECTION('center_axis',(0.,1.,9.12536828508633E-15));
#2845=DIRECTION('ref_axis',(0.,9.12536828508633E-15,-1.));
#2846=DIRECTION('center_axis',(0.,1.,9.12536828508633E-15));
#2847=DIRECTION('ref_axis',(0.,9.12536828508633E-15,-1.));
#2848=DIRECTION('center_axis',(0.,1.,9.12536828508633E-15));
#2849=DIRECTION('ref_axis',(0.,-9.12536828508633E-15,1.));
#2850=DIRECTION('center_axis',(0.,-1.,-9.12536828508633E-15));
#2851=DIRECTION('ref_axis',(0.,9.12536828508633E-15,-1.));
#2852=DIRECTION('center_axis',(0.,-1.,-9.12536828508633E-15));
#2853=DIRECTION('ref_axis',(0.,9.12536828508633E-15,-1.));
#2854=DIRECTION('center_axis',(0.,-1.,-9.12536828508633E-15));
#2855=DIRECTION('ref_axis',(-1.,3.23795262090139E-29,-3.54829801904347E-15));
#2856=DIRECTION('center_axis',(0.,-1.,-9.12536828508633E-15));
#2857=DIRECTION('ref_axis',(-1.,3.29791470647364E-29,-3.61400724161835E-15));
#2858=DIRECTION('center_axis',(0.,1.,0.));
#2859=DIRECTION('ref_axis',(0.,0.,1.));
#2860=DIRECTION('',(0.,2.3100530488323E-32,1.));
#2861=DIRECTION('center_axis',(0.,1.,0.));
#2862=DIRECTION('ref_axis',(0.,0.,-1.));
#2863=DIRECTION('center_axis',(0.,1.,0.));
#2864=DIRECTION('ref_axis',(0.,0.,-1.));
#2865=DIRECTION('center_axis',(0.,1.,0.));
#2866=DIRECTION('ref_axis',(0.,0.,1.));
#2867=DIRECTION('center_axis',(0.,-1.,0.));
#2868=DIRECTION('ref_axis',(0.,0.,-1.));
#2869=DIRECTION('',(0.,0.,1.));
#2870=DIRECTION('center_axis',(0.,-1.,0.));
#2871=DIRECTION('ref_axis',(0.,0.,-1.));
#2872=DIRECTION('center_axis',(0.,-1.,0.));
#2873=DIRECTION('ref_axis',(0.,0.,1.));
#2874=DIRECTION('',(0.,1.,0.));
#2875=DIRECTION('center_axis',(0.,-1.,0.));
#2876=DIRECTION('ref_axis',(0.,0.,1.));
#2877=DIRECTION('',(0.,-1.,0.));
#2878=DIRECTION('center_axis',(0.,1.,0.));
#2879=DIRECTION('ref_axis',(0.,0.,1.));
#2880=DIRECTION('',(1.,0.,0.));
#2881=DIRECTION('',(4.49433534956857E-17,0.,1.));
#2882=DIRECTION('',(1.,0.,0.));
#2883=DIRECTION('center_axis',(-5.13992141030165E-16,-1.,2.3100530488323E-32));
#2884=DIRECTION('ref_axis',(1.,-5.13992141030165E-16,0.));
#2885=DIRECTION('',(-1.,5.13992141030165E-16,0.));
#2886=DIRECTION('',(-4.49433534956857E-17,-2.73691106313441E-48,-1.));
#2887=DIRECTION('',(-1.,5.13992141030165E-16,0.));
#2888=DIRECTION('center_axis',(0.,0.,-1.));
#2889=DIRECTION('ref_axis',(-1.,0.,0.));
#2890=DIRECTION('center_axis',(0.,0.,1.));
#2891=DIRECTION('ref_axis',(-1.,0.,0.));
#2892=DIRECTION('',(0.,1.,0.));
#2893=DIRECTION('center_axis',(0.,0.,1.));
#2894=DIRECTION('ref_axis',(-1.,0.,0.));
#2895=DIRECTION('center_axis',(0.,0.,-1.));
#2896=DIRECTION('ref_axis',(-1.,0.,0.));
#2897=DIRECTION('',(0.,1.,0.));
#2898=DIRECTION('center_axis',(0.,0.,-1.));
#2899=DIRECTION('ref_axis',(-1.,0.,0.));
#2900=DIRECTION('center_axis',(0.,0.,-1.));
#2901=DIRECTION('ref_axis',(-1.,0.,0.));
#2902=DIRECTION('center_axis',(-1.,0.,4.49433534956857E-17));
#2903=DIRECTION('ref_axis',(4.49433534956857E-17,0.,1.));
#2904=DIRECTION('',(-4.49433534956857E-17,0.,-1.));
#2905=DIRECTION('',(4.49433534956857E-17,2.73691106313441E-48,1.));
#2906=DIRECTION('center_axis',(0.,-1.,0.));
#2907=DIRECTION('ref_axis',(0.,0.,-1.));
#2908=DIRECTION('',(0.,-4.62010609766461E-32,1.));
#2909=DIRECTION('center_axis',(0.,-1.,0.));
#2910=DIRECTION('ref_axis',(0.,0.,1.));
#2911=DIRECTION('center_axis',(0.,-1.,0.));
#2912=DIRECTION('ref_axis',(0.,0.,1.));
#2913=DIRECTION('center_axis',(0.,-1.,0.));
#2914=DIRECTION('ref_axis',(0.,0.,-1.));
#2915=DIRECTION('center_axis',(0.,1.,0.));
#2916=DIRECTION('ref_axis',(0.,0.,1.));
#2917=DIRECTION('',(0.,-2.3100530488323E-32,1.));
#2918=DIRECTION('center_axis',(0.,1.,0.));
#2919=DIRECTION('ref_axis',(0.,0.,1.));
#2920=DIRECTION('center_axis',(0.,1.,0.));
#2921=DIRECTION('ref_axis',(0.,0.,1.));
#2922=DIRECTION('',(0.,-1.,0.));
#2923=DIRECTION('center_axis',(0.,1.,0.));
#2924=DIRECTION('ref_axis',(0.,0.,1.));
#2925=DIRECTION('',(0.,1.,0.));
#2926=DIRECTION('center_axis',(-5.13992141030165E-16,-1.,-2.3100530488323E-32));
#2927=DIRECTION('ref_axis',(1.,-5.13992141030165E-16,0.));
#2928=DIRECTION('',(-1.,5.13992141030165E-16,0.));
#2929=DIRECTION('',(-4.49433534956857E-17,-2.73691106313441E-48,1.));
#2930=DIRECTION('',(-1.,5.13992141030165E-16,0.));
#2931=DIRECTION('center_axis',(1.02798428206033E-15,1.,4.62010609766461E-32));
#2932=DIRECTION('ref_axis',(-1.,1.02798428206033E-15,0.));
#2933=DIRECTION('',(1.,-1.02798428206033E-15,0.));
#2934=DIRECTION('',(4.49433534956857E-17,5.47382212626882E-48,-1.));
#2935=DIRECTION('',(1.,-1.02798428206033E-15,0.));
#2936=DIRECTION('center_axis',(0.,0.,-1.));
#2937=DIRECTION('ref_axis',(-1.,0.,0.));
#2938=DIRECTION('',(0.,-1.,0.));
#2939=DIRECTION('center_axis',(0.,0.,1.));
#2940=DIRECTION('ref_axis',(-1.,0.,0.));
#2941=DIRECTION('center_axis',(0.,0.,1.));
#2942=DIRECTION('ref_axis',(-1.,0.,0.));
#2943=DIRECTION('center_axis',(0.,0.,-1.));
#2944=DIRECTION('ref_axis',(-1.,0.,0.));
#2945=DIRECTION('center_axis',(0.,0.,-1.));
#2946=DIRECTION('ref_axis',(-1.,0.,0.));
#2947=DIRECTION('',(0.,-1.,0.));
#2948=DIRECTION('center_axis',(0.,0.,-1.));
#2949=DIRECTION('ref_axis',(-1.,0.,0.));
#2950=DIRECTION('center_axis',(1.,0.,4.49433534956857E-17));
#2951=DIRECTION('ref_axis',(4.49433534956857E-17,0.,-1.));
#2952=DIRECTION('',(-4.49433534956857E-17,-5.47382212626882E-48,1.));
#2953=DIRECTION('',(4.49433534956857E-17,2.73691106313441E-48,-1.));
#2954=DIRECTION('center_axis',(4.49433534956857E-17,5.47382212626882E-48,
-1.));
#2955=DIRECTION('ref_axis',(-1.,2.46011922793405E-64,-4.49433534956857E-17));
#2956=DIRECTION('center_axis',(4.49433534956857E-17,2.73691106313441E-48,
-1.));
#2957=DIRECTION('ref_axis',(-1.,1.23005961396703E-64,-4.49433534956857E-17));
#2958=DIRECTION('center_axis',(-4.49433534956857E-17,0.,-1.));
#2959=DIRECTION('ref_axis',(-1.,0.,4.49433534956857E-17));
#2960=DIRECTION('center_axis',(-4.49433534956857E-17,-2.73691106313441E-48,
-1.));
#2961=DIRECTION('ref_axis',(-1.,1.23005961396703E-64,4.49433534956857E-17));
#2962=DIRECTION('center_axis',(3.49370881875049E-15,-8.88536880072E-16,
1.));
#2963=DIRECTION('ref_axis',(1.,0.,-3.49370881875049E-15));
#2964=DIRECTION('',(1.,6.1352926127304E-31,-3.49370881875049E-15));
#2965=DIRECTION('',(1.,6.1352926127304E-31,-3.49370881875049E-15));
#2966=DIRECTION('center_axis',(1.,6.13529261273039E-31,-3.49370881875049E-15));
#2967=DIRECTION('ref_axis',(-3.49370881875049E-15,-2.14349259067109E-45,
-1.));
#2968=DIRECTION('',(1.,6.1352926127304E-31,-3.49370881875049E-15));
#2969=DIRECTION('center_axis',(-1.34721980560146E-15,-0.922660585111751,
-0.385613076387771));
#2970=DIRECTION('ref_axis',(0.,0.385613076387771,-0.922660585111751));
#2971=DIRECTION('center_axis',(3.51678339298205E-32,1.,1.85675775760518E-16));
#2972=DIRECTION('ref_axis',(0.,-1.85675775760518E-16,1.));
#2973=DIRECTION('',(1.,6.1352926127304E-31,-3.49370881875049E-15));
#2974=DIRECTION('center_axis',(1.,6.13529261273039E-31,-3.49370881875049E-15));
#2975=DIRECTION('ref_axis',(-3.49370881875049E-15,-2.14349259067109E-45,
-1.));
#2976=DIRECTION('center_axis',(-3.51678339298206E-32,-1.,-1.85675775760518E-16));
#2977=DIRECTION('ref_axis',(0.,1.85675775760518E-16,-1.));
#2978=DIRECTION('',(1.,6.1352926127304E-31,-3.49370881875049E-15));
#2979=DIRECTION('',(1.,6.1352926127304E-31,-3.49370881875049E-15));
#2980=DIRECTION('center_axis',(1.,6.13529261273039E-31,-3.49370881875049E-15));
#2981=DIRECTION('ref_axis',(-3.49370881875049E-15,-2.14349259067109E-45,
-1.));
#2982=DIRECTION('',(1.,6.1352926127304E-31,-3.49370881875049E-15));
#2983=DIRECTION('center_axis',(-3.49370881875049E-15,1.11067110009E-16,
-1.));
#2984=DIRECTION('ref_axis',(-1.,0.,3.49370881875049E-15));
#2985=DIRECTION('',(1.,6.1352926127304E-31,-3.49370881875049E-15));
#2986=DIRECTION('center_axis',(1.,6.13529261273039E-31,-3.49370881875049E-15));
#2987=DIRECTION('ref_axis',(-3.49370881875049E-15,-2.14349259067109E-45,
-1.));
#2988=DIRECTION('',(1.,6.1352926127304E-31,-3.49370881875049E-15));
#2989=DIRECTION('center_axis',(1.34721980560146E-15,0.922660585111751,0.385613076387771));
#2990=DIRECTION('ref_axis',(0.,-0.385613076387771,0.922660585111751));
#2991=DIRECTION('',(1.,6.1352926127304E-31,-3.49370881875049E-15));
#2992=DIRECTION('center_axis',(1.,6.13529261273039E-31,-3.49370881875049E-15));
#2993=DIRECTION('ref_axis',(3.42549249166983E-15,-0.196646147798842,0.980474524174838));
#2994=DIRECTION('center_axis',(1.,6.13529261273039E-31,-3.49370881875049E-15));
#2995=DIRECTION('ref_axis',(-3.49370881875049E-15,-2.14349259067109E-45,
-1.));
#2996=DIRECTION('',(1.,6.1352926127304E-31,-3.49370881875049E-15));
#2997=DIRECTION('',(1.,6.1352926127304E-31,-3.49370881875049E-15));
#2998=DIRECTION('center_axis',(3.51678339298205E-32,1.,1.85675775760518E-16));
#2999=DIRECTION('ref_axis',(0.,-1.85675775760518E-16,1.));
#3000=DIRECTION('center_axis',(-1.34721980560146E-15,-0.922660585111751,
-0.385613076387771));
#3001=DIRECTION('ref_axis',(0.,0.385613076387771,-0.922660585111751));
#3002=DIRECTION('',(1.,6.1352926127304E-31,-3.49370881875049E-15));
#3003=DIRECTION('center_axis',(1.,6.13529261273039E-31,-3.49370881875049E-15));
#3004=DIRECTION('ref_axis',(-3.49370881875049E-15,-2.14349259067109E-45,
-1.));
#3005=DIRECTION('',(1.,6.1352926127304E-31,-3.49370881875049E-15));
#3006=DIRECTION('center_axis',(3.49370881875049E-15,-8.88536880072E-16,
1.));
#3007=DIRECTION('ref_axis',(1.,0.,-3.49370881875049E-15));
#3008=DIRECTION('center_axis',(1.,6.13529261273039E-31,-3.49370881875049E-15));
#3009=DIRECTION('ref_axis',(3.42549249166983E-15,-0.196646147798842,0.980474524174839));
#3010=DIRECTION('',(1.,6.1352926127304E-31,-3.49370881875049E-15));
#3011=DIRECTION('',(1.,6.1352926127304E-31,-3.49370881875049E-15));
#3012=DIRECTION('center_axis',(1.34721980560146E-15,0.922660585111751,0.385613076387771));
#3013=DIRECTION('ref_axis',(0.,-0.385613076387771,0.922660585111751));
#3014=DIRECTION('',(1.,6.1352926127304E-31,-3.49370881875049E-15));
#3015=DIRECTION('center_axis',(1.,6.13529261273039E-31,-3.49370881875049E-15));
#3016=DIRECTION('ref_axis',(-3.49370881875049E-15,-2.14349259067109E-45,
-1.));
#3017=DIRECTION('',(1.,6.1352926127304E-31,-3.49370881875049E-15));
#3018=DIRECTION('center_axis',(-3.49370881875049E-15,1.11067110009E-16,
-1.));
#3019=DIRECTION('ref_axis',(-1.,0.,3.49370881875049E-15));
#3020=DIRECTION('',(1.,6.1352926127304E-31,-3.49370881875049E-15));
#3021=DIRECTION('center_axis',(1.,6.13529261273039E-31,-3.49370881875049E-15));
#3022=DIRECTION('ref_axis',(-3.49370881875049E-15,-2.14349259067109E-45,
-1.));
#3023=DIRECTION('',(1.,6.1352926127304E-31,-3.49370881875049E-15));
#3024=DIRECTION('center_axis',(-3.51678339298206E-32,-1.,-1.85675775760518E-16));
#3025=DIRECTION('ref_axis',(0.,1.85675775760518E-16,-1.));
#3026=DIRECTION('center_axis',(0.,0.,1.));
#3027=DIRECTION('ref_axis',(1.,0.,0.));
#3028=DIRECTION('',(0.,0.,1.));
#3029=DIRECTION('',(0.,0.,1.));
#3030=DIRECTION('center_axis',(-0.866025403784442,-0.499999999999994,0.));
#3031=DIRECTION('ref_axis',(0.499999999999994,-0.866025403784442,0.));
#3032=DIRECTION('',(0.,0.,1.));
#3033=DIRECTION('center_axis',(0.,0.,1.));
#3034=DIRECTION('ref_axis',(-0.866025403784436,0.500000000000004,0.));
#3035=DIRECTION('',(0.,0.,1.));
#3036=DIRECTION('center_axis',(-1.28527064121538E-15,1.,0.));
#3037=DIRECTION('ref_axis',(-1.,-1.28527064121538E-15,0.));
#3038=DIRECTION('',(0.,0.,1.));
#3039=DIRECTION('center_axis',(0.,0.,1.));
#3040=DIRECTION('ref_axis',(1.,0.,0.));
#3041=DIRECTION('',(0.,0.,1.));
#3042=DIRECTION('center_axis',(1.,-3.71025675343606E-16,0.));
#3043=DIRECTION('ref_axis',(3.71025675343606E-16,1.,0.));
#3044=DIRECTION('center_axis',(0.,0.,1.));
#3045=DIRECTION('ref_axis',(1.,0.,0.));
#3046=DIRECTION('',(0.,0.,1.));
#3047=DIRECTION('',(0.,0.,1.));
#3048=DIRECTION('center_axis',(-6.4263532060769E-16,1.,0.));
#3049=DIRECTION('ref_axis',(-1.,-6.4263532060769E-16,0.));
#3050=DIRECTION('center_axis',(0.866025403784442,-0.499999999999994,0.));
#3051=DIRECTION('ref_axis',(0.499999999999994,0.866025403784442,0.));
#3052=DIRECTION('',(0.,0.,1.));
#3053=DIRECTION('center_axis',(0.,0.,1.));
#3054=DIRECTION('ref_axis',(1.,0.,0.));
#3055=DIRECTION('',(0.,0.,1.));
#3056=DIRECTION('center_axis',(-1.,3.71025675343606E-16,0.));
#3057=DIRECTION('ref_axis',(-3.71025675343606E-16,-1.,0.));
#3058=CARTESIAN_POINT('',(0.,0.,0.));
#3059=CARTESIAN_POINT('Origin',(58.5,44.,-2.));
#3060=CARTESIAN_POINT('',(58.5,38.75,-2.77555756156289E-16));
#3061=CARTESIAN_POINT('Origin',(58.5,44.,-4.33680868994202E-16));
#3062=CARTESIAN_POINT('',(58.5,38.75,-2.));
#3063=CARTESIAN_POINT('',(58.5,38.75,-2.));
#3064=CARTESIAN_POINT('Origin',(58.5,44.,-2.));
#3065=CARTESIAN_POINT('Origin',(-58.5,44.,-2.));
#3066=CARTESIAN_POINT('',(-58.5,38.75,-2.77555756156289E-16));
#3067=CARTESIAN_POINT('Origin',(-58.5,44.,-4.33680868994202E-16));
#3068=CARTESIAN_POINT('',(-58.5,38.75,-2.));
#3069=CARTESIAN_POINT('',(-58.5,38.75,-2.));
#3070=CARTESIAN_POINT('Origin',(-58.5,44.,-2.));
#3071=CARTESIAN_POINT('Origin',(-114.4,91.,9.99999999999998));
#3072=CARTESIAN_POINT('',(-112.4,91.,6.49999999999999));
#3073=CARTESIAN_POINT('Origin',(-112.4,91.,9.99999999999999));
#3074=CARTESIAN_POINT('',(-114.4,91.,6.49999999999998));
#3075=CARTESIAN_POINT('',(-114.4,91.,6.49999999999998));
#3076=CARTESIAN_POINT('Origin',(-114.4,91.,9.99999999999998));
#3077=CARTESIAN_POINT('Origin',(-114.4,76.,9.99999999999998));
#3078=CARTESIAN_POINT('',(-112.4,76.,6.49999999999999));
#3079=CARTESIAN_POINT('Origin',(-112.4,76.,9.99999999999999));
#3080=CARTESIAN_POINT('',(-114.4,76.,6.49999999999998));
#3081=CARTESIAN_POINT('',(-114.4,76.,6.49999999999998));
#3082=CARTESIAN_POINT('Origin',(-114.4,76.,9.99999999999998));
#3083=CARTESIAN_POINT('Origin',(114.4,91.,9.99999999999998));
#3084=CARTESIAN_POINT('',(112.4,91.,13.5));
#3085=CARTESIAN_POINT('Origin',(112.4,91.,9.99999999999999));
#3086=CARTESIAN_POINT('',(114.4,91.,13.5));
#3087=CARTESIAN_POINT('',(114.4,91.,13.5));
#3088=CARTESIAN_POINT('Origin',(114.4,91.,9.99999999999998));
#3089=CARTESIAN_POINT('Origin',(114.4,76.,9.99999999999998));
#3090=CARTESIAN_POINT('',(112.4,76.,13.5));
#3091=CARTESIAN_POINT('Origin',(112.4,76.,9.99999999999999));
#3092=CARTESIAN_POINT('',(114.4,76.,13.5));
#3093=CARTESIAN_POINT('',(114.4,76.,13.5));
#3094=CARTESIAN_POINT('Origin',(114.4,76.,9.99999999999998));
#3095=CARTESIAN_POINT('Origin',(-131.4,91.,129.5));
#3096=CARTESIAN_POINT('',(-134.9,91.,127.5));
#3097=CARTESIAN_POINT('Origin',(-131.4,91.,127.5));
#3098=CARTESIAN_POINT('',(-134.9,91.,129.5));
#3099=CARTESIAN_POINT('',(-134.9,91.,129.5));
#3100=CARTESIAN_POINT('Origin',(-131.4,91.,129.5));
#3101=CARTESIAN_POINT('Origin',(-131.4,26.,129.5));
#3102=CARTESIAN_POINT('',(-134.9,26.,127.5));
#3103=CARTESIAN_POINT('Origin',(-131.4,26.,127.5));
#3104=CARTESIAN_POINT('',(-134.9,26.,129.5));
#3105=CARTESIAN_POINT('',(-134.9,26.,129.5));
#3106=CARTESIAN_POINT('Origin',(-131.4,26.,129.5));
#3107=CARTESIAN_POINT('Origin',(131.4,91.,129.5));
#3108=CARTESIAN_POINT('',(127.9,91.,127.5));
#3109=CARTESIAN_POINT('Origin',(131.4,91.,127.5));
#3110=CARTESIAN_POINT('',(127.9,91.,129.5));
#3111=CARTESIAN_POINT('',(127.9,91.,129.5));
#3112=CARTESIAN_POINT('Origin',(131.4,91.,129.5));
#3113=CARTESIAN_POINT('Origin',(131.4,26.,129.5));
#3114=CARTESIAN_POINT('',(127.9,26.,127.5));
#3115=CARTESIAN_POINT('Origin',(131.4,26.,127.5));
#3116=CARTESIAN_POINT('',(127.9,26.,129.5));
#3117=CARTESIAN_POINT('',(127.9,26.,129.5));
#3118=CARTESIAN_POINT('Origin',(131.4,26.,129.5));
#3119=CARTESIAN_POINT('Origin',(-70.4048785325225,82.9999999999999,-2.));
#3120=CARTESIAN_POINT('',(-67.8068023211691,81.5,-2.));
#3121=CARTESIAN_POINT('',(-70.4048785325224,86.,-2.));
#3122=CARTESIAN_POINT('Origin',(-70.4048785325225,82.9999999999999,-2.));
#3123=CARTESIAN_POINT('',(-67.8068023211691,81.5,0.));
#3124=CARTESIAN_POINT('',(-67.8068023211691,81.5,-2.));
#3125=CARTESIAN_POINT('',(-70.4048785325224,86.,0.));
#3126=CARTESIAN_POINT('Origin',(-70.4048785325225,82.9999999999999,0.));
#3127=CARTESIAN_POINT('',(-70.4048785325224,86.,-2.));
#3128=CARTESIAN_POINT('Origin',(-141.400000000001,83.,32.3579516580899));
#3129=CARTESIAN_POINT('',(-114.4,80.2320182446647,31.2011124289265));
#3130=CARTESIAN_POINT('',(-114.4,86.,32.3579516580898));
#3131=CARTESIAN_POINT('Origin',(-114.4,83.,32.3579516580898));
#3132=CARTESIAN_POINT('',(-112.4,80.2320182446647,31.2011124289264));
#3133=CARTESIAN_POINT('',(-141.400000000001,80.2320182446647,31.2011124289265));
#3134=CARTESIAN_POINT('',(-112.4,86.,32.3579516580898));
#3135=CARTESIAN_POINT('Origin',(-112.4,83.,32.3579516580898));
#3136=CARTESIAN_POINT('',(-141.400000000001,86.,32.3579516580899));
#3137=CARTESIAN_POINT('Origin',(-141.400000000001,83.,32.3579516580899));
#3138=CARTESIAN_POINT('',(112.4,86.,32.357951658089));
#3139=CARTESIAN_POINT('',(112.4,80.2320182446647,31.2011124289257));
#3140=CARTESIAN_POINT('Origin',(112.4,83.,32.357951658089));
#3141=CARTESIAN_POINT('',(114.4,80.2320182446647,31.2011124289257));
#3142=CARTESIAN_POINT('',(-141.400000000001,80.2320182446647,31.2011124289265));
#3143=CARTESIAN_POINT('',(114.4,86.,32.357951658089));
#3144=CARTESIAN_POINT('Origin',(114.4,83.,32.357951658089));
#3145=CARTESIAN_POINT('',(-141.400000000001,86.,32.3579516580899));
#3146=CARTESIAN_POINT('Origin',(-95.,0.,-20.));
#3147=CARTESIAN_POINT('',(-95.,2.,-16.5));
#3148=CARTESIAN_POINT('Origin',(-95.,2.,-20.));
#3149=CARTESIAN_POINT('',(-95.,1.10218211923262E-16,-16.5));
#3150=CARTESIAN_POINT('',(-95.,0.,-16.5));
#3151=CARTESIAN_POINT('Origin',(-95.,1.10218211923262E-16,-20.));
#3152=CARTESIAN_POINT('Origin',(-65.,0.,-20.));
#3153=CARTESIAN_POINT('',(-65.,2.,-16.5));
#3154=CARTESIAN_POINT('Origin',(-65.,2.,-20.));
#3155=CARTESIAN_POINT('',(-65.,1.10218211923262E-16,-16.5));
#3156=CARTESIAN_POINT('',(-65.,0.,-16.5));
#3157=CARTESIAN_POINT('Origin',(-65.,1.10218211923262E-16,-20.));
#3158=CARTESIAN_POINT('Origin',(65.,0.,-20.));
#3159=CARTESIAN_POINT('',(65.,2.,-16.5));
#3160=CARTESIAN_POINT('Origin',(65.,2.,-20.));
#3161=CARTESIAN_POINT('',(65.,1.10218211923262E-16,-16.5));
#3162=CARTESIAN_POINT('',(65.,0.,-16.5));
#3163=CARTESIAN_POINT('Origin',(65.,1.10218211923262E-16,-20.));
#3164=CARTESIAN_POINT('Origin',(95.,0.,-20.));
#3165=CARTESIAN_POINT('',(95.,2.,-16.5));
#3166=CARTESIAN_POINT('Origin',(95.,2.,-20.));
#3167=CARTESIAN_POINT('',(95.,1.10218211923262E-16,-16.5));
#3168=CARTESIAN_POINT('',(95.,0.,-16.5));
#3169=CARTESIAN_POINT('Origin',(95.,1.10218211923262E-16,-20.));
#3170=CARTESIAN_POINT('Origin',(0.,44.,-2.));
#3171=CARTESIAN_POINT('',(-17.5,44.,-2.));
#3172=CARTESIAN_POINT('Origin',(0.,44.,-2.));
#3173=CARTESIAN_POINT('',(-17.5,44.,0.));
#3174=CARTESIAN_POINT('',(-17.5,44.,-2.));
#3175=CARTESIAN_POINT('Origin',(0.,44.,0.));
#3176=CARTESIAN_POINT('Origin',(-114.4,101.,-7.96268011700415E-15));
#3177=CARTESIAN_POINT('',(-114.4,101.,125.1));
#3178=CARTESIAN_POINT('',(-112.4,101.,125.1));
#3179=CARTESIAN_POINT('',(-114.4,101.,125.1));
#3180=CARTESIAN_POINT('',(-112.4,101.,2.39999999999998));
#3181=CARTESIAN_POINT('',(-112.4,101.,-8.89830732326505E-16));
#3182=CARTESIAN_POINT('',(-114.4,101.,2.39999999999998));
#3183=CARTESIAN_POINT('',(-114.4,101.,2.39999999999998));
#3184=CARTESIAN_POINT('',(-114.4,101.,-3.63518870296209E-13));
#3185=CARTESIAN_POINT('Origin',(-114.4,16.,129.5));
#3186=CARTESIAN_POINT('',(-114.4,16.,125.1));
#3187=CARTESIAN_POINT('',(-112.4,16.,125.1));
#3188=CARTESIAN_POINT('',(-114.4,16.,125.1));
#3189=CARTESIAN_POINT('',(-114.4,16.,2.3999999999992));
#3190=CARTESIAN_POINT('',(-114.4,16.,-3.97275651450352E-13));
#3191=CARTESIAN_POINT('',(-112.4,16.,2.39999999999921));
#3192=CARTESIAN_POINT('',(-112.4,15.9999999999999,2.39999999999921));
#3193=CARTESIAN_POINT('',(-112.4,16.,129.5));
#3194=CARTESIAN_POINT('Origin',(-114.4,-6.77359436973775E-32,-3.95989678834956E-13));
#3195=CARTESIAN_POINT('',(-114.4,101.,125.1));
#3196=CARTESIAN_POINT('',(-114.4,101.,2.39999999999998));
#3197=CARTESIAN_POINT('',(-114.4,68.0053746403439,21.5568392291641));
#3198=CARTESIAN_POINT('',(-114.4,36.7679817553352,96.2988875710751));
#3199=CARTESIAN_POINT('',(-114.4,65.5628567490857,27.4010782466915));
#3200=CARTESIAN_POINT('',(-114.4,31.,95.1420483419118));
#3201=CARTESIAN_POINT('Origin',(-114.4,34.,95.1420483419118));
#3202=CARTESIAN_POINT('',(-114.4,31.,20.4));
#3203=CARTESIAN_POINT('',(-114.4,31.,-3.9023372978638E-13));
#3204=CARTESIAN_POINT('',(-114.4,34.,17.4000000000008));
#3205=CARTESIAN_POINT('Origin',(-114.4,34.,20.4000000000008));
#3206=CARTESIAN_POINT('',(-114.4,65.2373928850087,17.4000000000008));
#3207=CARTESIAN_POINT('',(-114.4,-1.93256771415673E-15,17.4000000000008));
#3208=CARTESIAN_POINT('Origin',(-114.4,65.2373928850087,20.4000000000008));
#3209=CARTESIAN_POINT('',(-114.4,86.,107.100000000001));
#3210=CARTESIAN_POINT('',(-114.4,86.,-3.80021562119552E-13));
#3211=CARTESIAN_POINT('',(-114.4,83.,110.100000000001));
#3212=CARTESIAN_POINT('Origin',(-114.4,83.,107.100000000001));
#3213=CARTESIAN_POINT('',(-114.4,51.7626071149913,110.100000000001));
#3214=CARTESIAN_POINT('',(-114.4,-9.78279104959282E-14,110.100000000001));
#3215=CARTESIAN_POINT('',(-114.4,48.994625359656,105.943160770837));
#3216=CARTESIAN_POINT('Origin',(-114.4,51.7626071149913,107.100000000001));
#3217=CARTESIAN_POINT('',(-114.4,79.402765525762,33.1852743925081));
#3218=CARTESIAN_POINT('Origin',(-112.4,0.,-3.8900671615727E-13));
#3219=CARTESIAN_POINT('',(-112.4,101.,125.1));
#3220=CARTESIAN_POINT('',(-112.4,101.,2.39999999999999));
#3221=CARTESIAN_POINT('',(-112.4,36.7679817553352,96.2988875710751));
#3222=CARTESIAN_POINT('',(-112.4,31.,95.1420483419119));
#3223=CARTESIAN_POINT('Origin',(-112.4,34.,95.1420483419118));
#3224=CARTESIAN_POINT('',(-112.4,68.0053746403439,21.5568392291641));
#3225=CARTESIAN_POINT('',(-112.4,65.5628567490857,27.4010782466915));
#3226=CARTESIAN_POINT('',(-112.4,65.2373928850087,17.4000000000008));
#3227=CARTESIAN_POINT('Origin',(-112.4,65.2373928850087,20.4000000000008));
#3228=CARTESIAN_POINT('',(-112.4,34.,17.4000000000008));
#3229=CARTESIAN_POINT('',(-112.4,-1.93256771415673E-15,17.4000000000008));
#3230=CARTESIAN_POINT('',(-112.4,31.,20.4000000000008));
#3231=CARTESIAN_POINT('Origin',(-112.4,34.,20.4000000000008));
#3232=CARTESIAN_POINT('',(-112.4,31.,-3.83250767108694E-13));
#3233=CARTESIAN_POINT('',(-112.4,86.,107.100000000001));
#3234=CARTESIAN_POINT('',(-112.4,83.,110.100000000001));
#3235=CARTESIAN_POINT('Origin',(-112.4,83.,107.100000000001));
#3236=CARTESIAN_POINT('',(-112.4,86.,-3.73038599441866E-13));
#3237=CARTESIAN_POINT('',(-112.4,48.994625359656,105.943160770837));
#3238=CARTESIAN_POINT('',(-112.4,79.402765525762,33.1852743925081));
#3239=CARTESIAN_POINT('',(-112.4,51.7626071149913,110.100000000001));
#3240=CARTESIAN_POINT('Origin',(-112.4,51.7626071149913,107.100000000001));
#3241=CARTESIAN_POINT('',(-112.4,-9.78279104959281E-14,110.100000000001));
#3242=CARTESIAN_POINT('Origin',(114.4,101.,129.5));
#3243=CARTESIAN_POINT('',(114.4,101.,125.1));
#3244=CARTESIAN_POINT('',(112.4,101.,125.1));
#3245=CARTESIAN_POINT('',(114.4,101.,125.1));
#3246=CARTESIAN_POINT('',(114.4,101.,2.39999999999998));
#3247=CARTESIAN_POINT('',(114.4,101.,-3.74342473142458E-13));
#3248=CARTESIAN_POINT('',(112.4,101.,2.39999999999999));
#3249=CARTESIAN_POINT('',(112.4,101.,2.39999999999999));
#3250=CARTESIAN_POINT('',(112.4,101.,129.5));
#3251=CARTESIAN_POINT('Origin',(114.4,16.,-2.27524121294792E-14));
#3252=CARTESIAN_POINT('',(114.4,16.,125.1));
#3253=CARTESIAN_POINT('',(112.4,16.,125.1));
#3254=CARTESIAN_POINT('',(114.4,16.,125.1));
#3255=CARTESIAN_POINT('',(112.4,16.,2.39999999999997));
#3256=CARTESIAN_POINT('',(112.4,16.,-1.56795627448016E-14));
#3257=CARTESIAN_POINT('',(114.4,16.,2.39999999999996));
#3258=CARTESIAN_POINT('',(114.4,16.,2.39999999999996));
#3259=CARTESIAN_POINT('',(114.4,16.,-3.95989678834956E-13));
#3260=CARTESIAN_POINT('Origin',(114.4,6.76182062094672E-29,-3.95989678834956E-13));
#3261=CARTESIAN_POINT('',(114.4,16.,125.1));
#3262=CARTESIAN_POINT('',(114.4,16.,2.39999999999996));
#3263=CARTESIAN_POINT('',(114.4,31.,95.1420483419119));
#3264=CARTESIAN_POINT('',(114.4,31.,20.4));
#3265=CARTESIAN_POINT('',(114.4,31.,20.4));
#3266=CARTESIAN_POINT('',(114.4,36.7679817553352,96.2988875710743));
#3267=CARTESIAN_POINT('Origin',(114.4,34.,95.142048341911));
#3268=CARTESIAN_POINT('',(114.4,68.0053746403439,21.5568392291633));
#3269=CARTESIAN_POINT('',(114.4,36.7679817553352,96.2988875710743));
#3270=CARTESIAN_POINT('',(114.4,65.2373928850087,17.4));
#3271=CARTESIAN_POINT('Origin',(114.4,65.2373928850087,20.4));
#3272=CARTESIAN_POINT('',(114.4,34.,17.4));
#3273=CARTESIAN_POINT('',(114.4,65.2373928850087,17.4));
#3274=CARTESIAN_POINT('Origin',(114.4,34.,20.4));
#3275=CARTESIAN_POINT('',(114.4,83.,110.1));
#3276=CARTESIAN_POINT('',(114.4,51.7626071149913,110.1));
#3277=CARTESIAN_POINT('',(114.4,51.7626071149913,110.1));
#3278=CARTESIAN_POINT('',(114.4,86.,107.1));
#3279=CARTESIAN_POINT('Origin',(114.4,83.,107.1));
#3280=CARTESIAN_POINT('',(114.4,86.,107.1));
#3281=CARTESIAN_POINT('',(114.4,48.994625359656,105.943160770837));
#3282=CARTESIAN_POINT('',(114.4,80.2320182446647,31.2011124289257));
#3283=CARTESIAN_POINT('Origin',(114.4,51.7626071149913,107.1));
#3284=CARTESIAN_POINT('Origin',(112.4,6.76859421531646E-29,-3.8900671615727E-13));
#3285=CARTESIAN_POINT('',(112.4,16.,125.1));
#3286=CARTESIAN_POINT('',(112.4,16.,2.39999999999997));
#3287=CARTESIAN_POINT('',(112.4,31.,95.142048341911));
#3288=CARTESIAN_POINT('',(112.4,36.7679817553352,96.2988875710743));
#3289=CARTESIAN_POINT('Origin',(112.4,34.,95.142048341911));
#3290=CARTESIAN_POINT('',(112.4,31.,20.4));
#3291=CARTESIAN_POINT('',(112.4,31.,-3.83250767108694E-13));
#3292=CARTESIAN_POINT('',(112.4,34.,17.4));
#3293=CARTESIAN_POINT('Origin',(112.4,34.,20.4));
#3294=CARTESIAN_POINT('',(112.4,65.2373928850087,17.4));
#3295=CARTESIAN_POINT('',(112.4,-1.93256771415658E-15,17.4));
#3296=CARTESIAN_POINT('',(112.4,68.0053746403439,21.5568392291633));
#3297=CARTESIAN_POINT('Origin',(112.4,65.2373928850087,20.4));
#3298=CARTESIAN_POINT('',(112.4,65.5628567490854,27.4010782466914));
#3299=CARTESIAN_POINT('',(112.4,83.,110.1));
#3300=CARTESIAN_POINT('',(112.4,86.,107.1));
#3301=CARTESIAN_POINT('Origin',(112.4,83.,107.1));
#3302=CARTESIAN_POINT('',(112.4,51.7626071149913,110.1));
#3303=CARTESIAN_POINT('',(112.4,-9.78279104959274E-14,110.1));
#3304=CARTESIAN_POINT('',(112.4,48.994625359656,105.943160770837));
#3305=CARTESIAN_POINT('Origin',(112.4,51.7626071149913,107.1));
#3306=CARTESIAN_POINT('',(112.4,79.4027655257617,33.185274392508));
#3307=CARTESIAN_POINT('',(112.4,86.,-3.73038599441866E-13));
#3308=CARTESIAN_POINT('Origin',(50.,11.,-30.));
#3309=CARTESIAN_POINT('',(50.,11.,-2.));
#3310=CARTESIAN_POINT('',(50.,4.4,-2.));
#3311=CARTESIAN_POINT('',(50.,101.,-2.));
#3312=CARTESIAN_POINT('',(50.,4.4,0.));
#3313=CARTESIAN_POINT('',(50.,4.4,-2.));
#3314=CARTESIAN_POINT('',(50.,11.,0.));
#3315=CARTESIAN_POINT('',(50.,11.,0.));
#3316=CARTESIAN_POINT('',(50.,11.,-30.));
#3317=CARTESIAN_POINT('Origin',(50.,11.,-30.));
#3318=CARTESIAN_POINT('',(50.,2.,-4.4));
#3319=CARTESIAN_POINT('',(50.,2.,-20.));
#3320=CARTESIAN_POINT('',(50.,2.,0.));
#3321=CARTESIAN_POINT('',(50.,0.,-20.));
#3322=CARTESIAN_POINT('',(50.,0.,-20.));
#3323=CARTESIAN_POINT('',(50.,0.,-4.4));
#3324=CARTESIAN_POINT('',(50.,0.,-30.));
#3325=CARTESIAN_POINT('',(50.,0.,-4.4));
#3326=CARTESIAN_POINT('Origin',(-50.,11.,-30.));
#3327=CARTESIAN_POINT('',(-50.,11.,0.));
#3328=CARTESIAN_POINT('',(-50.,4.4,0.));
#3329=CARTESIAN_POINT('',(-50.,11.,0.));
#3330=CARTESIAN_POINT('',(-50.,4.4,-2.));
#3331=CARTESIAN_POINT('',(-50.,4.4,0.));
#3332=CARTESIAN_POINT('',(-50.,11.,-2.));
#3333=CARTESIAN_POINT('',(-50.,101.,-2.));
#3334=CARTESIAN_POINT('',(-50.,11.,-30.));
#3335=CARTESIAN_POINT('Origin',(-50.,11.,-30.));
#3336=CARTESIAN_POINT('',(-50.,0.,-20.));
#3337=CARTESIAN_POINT('',(-50.,0.,-4.4));
#3338=CARTESIAN_POINT('',(-50.,0.,-30.));
#3339=CARTESIAN_POINT('',(-50.,2.,-20.));
#3340=CARTESIAN_POINT('',(-50.,2.,-20.));
#3341=CARTESIAN_POINT('',(-50.,2.,-4.4));
#3342=CARTESIAN_POINT('',(-50.,2.,0.));
#3343=CARTESIAN_POINT('',(-50.,2.,-4.4));
#3344=CARTESIAN_POINT('Origin',(110.,0.,0.));
#3345=CARTESIAN_POINT('',(-60.,0.,-30.));
#3346=CARTESIAN_POINT('',(-100.,0.,-30.));
#3347=CARTESIAN_POINT('',(110.,0.,-30.));
#3348=CARTESIAN_POINT('Origin',(-60.,0.,-20.));
#3349=CARTESIAN_POINT('',(-110.,0.,-4.4));
#3350=CARTESIAN_POINT('',(110.,0.,-4.4));
#3351=CARTESIAN_POINT('',(-110.,0.,-20.));
#3352=CARTESIAN_POINT('',(-110.,0.,0.));
#3353=CARTESIAN_POINT('Origin',(-100.,0.,-20.));
#3354=CARTESIAN_POINT('Origin',(110.,2.,-30.));
#3355=CARTESIAN_POINT('',(-60.,2.,-30.));
#3356=CARTESIAN_POINT('',(-100.,2.,-30.));
#3357=CARTESIAN_POINT('',(110.,2.,-30.));
#3358=CARTESIAN_POINT('',(-60.,0.,-30.));
#3359=CARTESIAN_POINT('',(-100.,2.,-30.));
#3360=CARTESIAN_POINT('Origin',(110.,2.,0.));
#3361=CARTESIAN_POINT('Origin',(-60.,2.,-20.));
#3362=CARTESIAN_POINT('',(-110.,2.,-20.));
#3363=CARTESIAN_POINT('Origin',(-100.,2.,-20.));
#3364=CARTESIAN_POINT('',(-110.,2.,-4.4));
#3365=CARTESIAN_POINT('',(-110.,2.,0.));
#3366=CARTESIAN_POINT('',(110.,2.,-4.4));
#3367=CARTESIAN_POINT('Origin',(110.,4.4,-4.4));
#3368=CARTESIAN_POINT('Origin',(-50.,4.4,-4.4));
#3369=CARTESIAN_POINT('',(-110.,4.4,-2.));
#3370=CARTESIAN_POINT('Origin',(-110.,4.4,-4.4));
#3371=CARTESIAN_POINT('',(110.,4.4,-2.));
#3372=CARTESIAN_POINT('Origin',(110.,4.4,-4.4));
#3373=CARTESIAN_POINT('Origin',(-50.,4.4,-4.4));
#3374=CARTESIAN_POINT('',(-110.,4.4,-4.26807597326601E-17));
#3375=CARTESIAN_POINT('',(110.,4.4,-4.26807597326601E-17));
#3376=CARTESIAN_POINT('Origin',(-110.,4.4,-4.4));
#3377=CARTESIAN_POINT('Origin',(110.,4.4,-4.26807597326601E-17));
#3378=CARTESIAN_POINT('',(110.,4.4,-4.26807597326601E-17));
#3379=CARTESIAN_POINT('',(110.,4.4,-2.));
#3380=CARTESIAN_POINT('',(110.,4.4,-4.26807597326601E-17));
#3381=CARTESIAN_POINT('',(110.,0.,-4.4));
#3382=CARTESIAN_POINT('Origin',(110.,4.4,-4.4));
#3383=CARTESIAN_POINT('',(110.,2.,-4.4));
#3384=CARTESIAN_POINT('',(110.,2.,-4.4));
#3385=CARTESIAN_POINT('Origin',(110.,4.4,-4.4));
#3386=CARTESIAN_POINT('Origin',(110.,2.,-4.4));
#3387=CARTESIAN_POINT('',(110.,16.,-1.55202762664219E-16));
#3388=CARTESIAN_POINT('',(110.,16.,-2.00000000000002));
#3389=CARTESIAN_POINT('',(110.,16.,-1.99493199737333E-14));
#3390=CARTESIAN_POINT('',(110.,101.,-9.79717439317882E-16));
#3391=CARTESIAN_POINT('',(110.,101.,-2.));
#3392=CARTESIAN_POINT('Origin',(-110.,0.,-4.4));
#3393=CARTESIAN_POINT('',(-110.,0.,-4.4));
#3394=CARTESIAN_POINT('',(-110.,4.4,-2.));
#3395=CARTESIAN_POINT('Origin',(-110.,4.4,-2.));
#3396=CARTESIAN_POINT('',(-110.,4.4,-20.));
#3397=CARTESIAN_POINT('Origin',(110.,0.,0.));
#3398=CARTESIAN_POINT('',(60.,0.,-30.));
#3399=CARTESIAN_POINT('Origin',(60.,0.,-20.));
#3400=CARTESIAN_POINT('',(100.,0.,-30.));
#3401=CARTESIAN_POINT('',(110.,0.,-30.));
#3402=CARTESIAN_POINT('',(110.,0.,-20.));
#3403=CARTESIAN_POINT('Origin',(100.,0.,-20.));
#3404=CARTESIAN_POINT('',(110.,0.,0.));
#3405=CARTESIAN_POINT('',(110.,0.,-4.4));
#3406=CARTESIAN_POINT('Origin',(110.,2.,-30.));
#3407=CARTESIAN_POINT('',(60.,2.,-30.));
#3408=CARTESIAN_POINT('',(60.,2.,-30.));
#3409=CARTESIAN_POINT('',(100.,2.,-30.));
#3410=CARTESIAN_POINT('',(110.,2.,-30.));
#3411=CARTESIAN_POINT('',(100.,2.,-30.));
#3412=CARTESIAN_POINT('Origin',(110.,2.,0.));
#3413=CARTESIAN_POINT('Origin',(60.,2.,-20.));
#3414=CARTESIAN_POINT('',(110.,2.,-4.4));
#3415=CARTESIAN_POINT('',(110.,2.,-20.));
#3416=CARTESIAN_POINT('',(110.,2.,0.));
#3417=CARTESIAN_POINT('Origin',(100.,2.,-20.));
#3418=CARTESIAN_POINT('Origin',(110.,4.4,-4.4));
#3419=CARTESIAN_POINT('Origin',(50.,4.4,-4.4));
#3420=CARTESIAN_POINT('',(110.,4.4,-2.));
#3421=CARTESIAN_POINT('Origin',(110.,101.,-2.));
#3422=CARTESIAN_POINT('',(-110.,16.,-2.));
#3423=CARTESIAN_POINT('',(-110.,101.,-2.));
#3424=CARTESIAN_POINT('',(-110.,101.,-2.00000000000001));
#3425=CARTESIAN_POINT('',(-110.,101.,-2.));
#3426=CARTESIAN_POINT('',(110.,101.,-2.));
#3427=CARTESIAN_POINT('',(110.,101.,-2.));
#3428=CARTESIAN_POINT('',(110.,101.,-2.));
#3429=CARTESIAN_POINT('',(110.,11.,-2.));
#3430=CARTESIAN_POINT('',(-92.,86.,-2.));
#3431=CARTESIAN_POINT('',(-95.,83.,-2.));
#3432=CARTESIAN_POINT('Origin',(-92.,83.,-2.));
#3433=CARTESIAN_POINT('',(-95.,45.5961524227069,-2.));
#3434=CARTESIAN_POINT('',(-95.,83.,-2.));
#3435=CARTESIAN_POINT('',(-89.4019237886467,44.0961524227069,-2.));
#3436=CARTESIAN_POINT('Origin',(-92.,45.5961524227069,-2.));
#3437=CARTESIAN_POINT('',(-89.4019237886467,44.0961524227069,-2.));
#3438=CARTESIAN_POINT('',(-70.4048785325224,86.,-2.));
#3439=CARTESIAN_POINT('',(89.4019237886467,44.096152422707,-2.));
#3440=CARTESIAN_POINT('',(95.,45.5961524227069,-2.));
#3441=CARTESIAN_POINT('Origin',(92.,45.5961524227069,-2.));
#3442=CARTESIAN_POINT('',(95.,83.,-2.));
#3443=CARTESIAN_POINT('',(95.,83.,-2.));
#3444=CARTESIAN_POINT('',(92.,86.,-2.));
#3445=CARTESIAN_POINT('Origin',(92.,83.,-2.));
#3446=CARTESIAN_POINT('',(70.4048785325225,85.9999999999999,-2.));
#3447=CARTESIAN_POINT('',(70.4048785325225,85.9999999999999,-2.));
#3448=CARTESIAN_POINT('',(67.8068023211691,81.5,-2.));
#3449=CARTESIAN_POINT('Origin',(70.4048785325225,82.9999999999999,-2.));
#3450=CARTESIAN_POINT('',(89.4019237886467,44.096152422707,-2.));
#3451=CARTESIAN_POINT('Origin',(110.,101.,-9.79717439317882E-16));
#3452=CARTESIAN_POINT('',(-110.,101.,-6.07153216591882E-15));
#3453=CARTESIAN_POINT('',(-110.,101.,-9.79717439317882E-16));
#3454=CARTESIAN_POINT('',(110.,101.,-9.79717439317882E-16));
#3455=CARTESIAN_POINT('',(110.,101.,-9.79717439317882E-16));
#3456=CARTESIAN_POINT('',(110.,101.,-9.79717439317882E-16));
#3457=CARTESIAN_POINT('Origin',(110.,101.,-9.79717439317882E-16));
#3458=CARTESIAN_POINT('',(-50.,11.,0.));
#3459=CARTESIAN_POINT('',(110.,4.4,-4.26807597326601E-17));
#3460=CARTESIAN_POINT('',(110.,101.,-9.79717439317882E-16));
#3461=CARTESIAN_POINT('',(-110.,16.,-7.81926606796546E-13));
#3462=CARTESIAN_POINT('',(-110.,101.,-9.79717439317882E-16));
#3463=CARTESIAN_POINT('',(-110.,101.,-9.79717439317882E-16));
#3464=CARTESIAN_POINT('',(-95.,83.,-8.05114331320635E-16));
#3465=CARTESIAN_POINT('',(-95.,45.5961524227069,0.));
#3466=CARTESIAN_POINT('',(-95.,83.,0.));
#3467=CARTESIAN_POINT('',(-92.,86.,0.));
#3468=CARTESIAN_POINT('Origin',(-92.,83.,0.));
#3469=CARTESIAN_POINT('',(-70.4048785325224,86.,0.));
#3470=CARTESIAN_POINT('',(-89.4019237886467,44.0961524227069,0.));
#3471=CARTESIAN_POINT('',(-89.4019237886467,44.0961524227069,0.));
#3472=CARTESIAN_POINT('Origin',(-92.,45.5961524227069,0.));
#3473=CARTESIAN_POINT('',(95.,45.5961524227069,-4.42290551428933E-16));
#3474=CARTESIAN_POINT('',(95.,83.,0.));
#3475=CARTESIAN_POINT('',(95.,83.,0.));
#3476=CARTESIAN_POINT('',(89.4019237886467,44.096152422707,0.));
#3477=CARTESIAN_POINT('Origin',(92.,45.5961524227069,0.));
#3478=CARTESIAN_POINT('',(67.8068023211691,81.5,0.));
#3479=CARTESIAN_POINT('',(89.4019237886467,44.096152422707,0.));
#3480=CARTESIAN_POINT('',(70.4048785325225,85.9999999999999,0.));
#3481=CARTESIAN_POINT('Origin',(70.4048785325225,82.9999999999999,0.));
#3482=CARTESIAN_POINT('',(92.,86.,0.));
#3483=CARTESIAN_POINT('',(70.4048785325225,85.9999999999999,0.));
#3484=CARTESIAN_POINT('Origin',(92.,83.,0.));
#3485=CARTESIAN_POINT('Origin',(110.,4.4,-4.4));
#3486=CARTESIAN_POINT('Origin',(50.,4.4,-4.4));
#3487=CARTESIAN_POINT('Origin',(110.,4.4,-4.4));
#3488=CARTESIAN_POINT('',(110.,4.4,-20.));
#3489=CARTESIAN_POINT('Origin',(-110.,4.4,-4.4));
#3490=CARTESIAN_POINT('',(-110.,16.,-7.81926606796546E-13));
#3491=CARTESIAN_POINT('Origin',(-50.,11.,-30.));
#3492=CARTESIAN_POINT('Origin',(50.,11.,-30.));
#3493=CARTESIAN_POINT('Origin',(-50.,11.,-30.));
#3494=CARTESIAN_POINT('Origin',(-60.,2.,-20.));
#3495=CARTESIAN_POINT('Origin',(60.,2.,-20.));
#3496=CARTESIAN_POINT('Origin',(-100.,4.4,-20.));
#3497=CARTESIAN_POINT('Origin',(100.,2.,-20.));
#3498=CARTESIAN_POINT('Origin',(110.,16.,2.39999999999998));
#3499=CARTESIAN_POINT('Origin',(110.,16.,2.39999999999998));
#3500=CARTESIAN_POINT('Origin',(110.,16.,2.39999999999998));
#3501=CARTESIAN_POINT('Origin',(110.,101.,2.39999999999999));
#3502=CARTESIAN_POINT('Origin',(110.,101.,2.39999999999999));
#3503=CARTESIAN_POINT('Origin',(110.,101.,2.39999999999999));
#3504=CARTESIAN_POINT('Origin',(110.,101.,2.39999999999999));
#3505=CARTESIAN_POINT('Origin',(110.,101.,2.39999999999999));
#3506=CARTESIAN_POINT('Origin',(-110.,101.,2.39999999999999));
#3507=CARTESIAN_POINT('Origin',(-110.,101.,2.39999999999999));
#3508=CARTESIAN_POINT('Origin',(-110.,101.,2.39999999999999));
#3509=CARTESIAN_POINT('Origin',(-110.,16.,2.39999999999922));
#3510=CARTESIAN_POINT('Origin',(-110.,16.,2.39999999999922));
#3511=CARTESIAN_POINT('Origin',(-110.,16.,2.39999999999922));
#3512=CARTESIAN_POINT('Origin',(-110.,15.9999999999999,2.39999999999922));
#3513=CARTESIAN_POINT('Origin',(-110.,15.9999999999999,2.39999999999922));
#3514=CARTESIAN_POINT('Origin',(116.8,101.,125.1));
#3515=CARTESIAN_POINT('',(116.8,101.,127.5));
#3516=CARTESIAN_POINT('',(116.8,101.,129.5));
#3517=CARTESIAN_POINT('',(116.8,101.,129.5));
#3518=CARTESIAN_POINT('Origin',(116.8,101.,125.1));
#3519=CARTESIAN_POINT('Origin',(116.8,101.,125.1));
#3520=CARTESIAN_POINT('Origin',(116.8,16.,125.1));
#3521=CARTESIAN_POINT('',(116.8,16.,127.5));
#3522=CARTESIAN_POINT('Origin',(116.8,16.,125.1));
#3523=CARTESIAN_POINT('',(116.8,16.,129.5));
#3524=CARTESIAN_POINT('',(116.8,16.,127.5));
#3525=CARTESIAN_POINT('Origin',(116.8,16.,125.1));
#3526=CARTESIAN_POINT('Origin',(116.8,16.,125.1));
#3527=CARTESIAN_POINT('',(116.8,101.,129.5));
#3528=CARTESIAN_POINT('Origin',(116.8,16.,125.1));
#3529=CARTESIAN_POINT('',(116.8,101.,127.5));
#3530=CARTESIAN_POINT('Origin',(141.4,16.,129.5));
#3531=CARTESIAN_POINT('',(131.4,16.,127.5));
#3532=CARTESIAN_POINT('',(141.4,16.,127.5));
#3533=CARTESIAN_POINT('',(131.4,16.,129.5));
#3534=CARTESIAN_POINT('',(131.4,16.,129.5));
#3535=CARTESIAN_POINT('',(-6.98296267768627E-15,16.,129.5));
#3536=CARTESIAN_POINT('Origin',(114.4,101.,129.5));
#3537=CARTESIAN_POINT('',(131.4,101.,129.5));
#3538=CARTESIAN_POINT('',(4.49302435663604E-14,101.,129.5));
#3539=CARTESIAN_POINT('',(131.4,101.,127.5));
#3540=CARTESIAN_POINT('',(131.4,101.,129.5));
#3541=CARTESIAN_POINT('',(114.4,101.,127.5));
#3542=CARTESIAN_POINT('Origin',(-6.98296267768627E-15,0.,129.5));
#3543=CARTESIAN_POINT('',(141.4,26.,129.5));
#3544=CARTESIAN_POINT('Origin',(131.4,26.,129.5));
#3545=CARTESIAN_POINT('',(141.4,91.,129.5));
#3546=CARTESIAN_POINT('',(141.4,0.,129.5));
#3547=CARTESIAN_POINT('Origin',(131.4,91.,129.5));
#3548=CARTESIAN_POINT('Origin',(-7.07284938467764E-15,0.,127.5));
#3549=CARTESIAN_POINT('',(141.4,26.,127.5));
#3550=CARTESIAN_POINT('',(141.4,91.,127.5));
#3551=CARTESIAN_POINT('',(141.4,101.,127.5));
#3552=CARTESIAN_POINT('Origin',(131.4,26.,127.5));
#3553=CARTESIAN_POINT('Origin',(131.4,91.,127.5));
#3554=CARTESIAN_POINT('Origin',(141.4,101.,129.5));
#3555=CARTESIAN_POINT('',(141.4,26.,129.5));
#3556=CARTESIAN_POINT('',(141.4,91.,129.5));
#3557=CARTESIAN_POINT('Origin',(-116.8,16.,125.1));
#3558=CARTESIAN_POINT('',(-116.8,16.,127.5));
#3559=CARTESIAN_POINT('',(-116.8,16.,129.5));
#3560=CARTESIAN_POINT('',(-116.8,16.,129.5));
#3561=CARTESIAN_POINT('Origin',(-116.8,16.,125.1));
#3562=CARTESIAN_POINT('Origin',(-116.8,16.,125.1));
#3563=CARTESIAN_POINT('Origin',(-116.8,101.,125.1));
#3564=CARTESIAN_POINT('',(-116.8,101.,127.5));
#3565=CARTESIAN_POINT('Origin',(-116.8,101.,125.1));
#3566=CARTESIAN_POINT('',(-116.8,101.,129.5));
#3567=CARTESIAN_POINT('',(-116.8,101.,127.5));
#3568=CARTESIAN_POINT('Origin',(-116.8,101.,125.1));
#3569=CARTESIAN_POINT('Origin',(-116.8,101.,125.1));
#3570=CARTESIAN_POINT('',(-116.8,16.,129.5));
#3571=CARTESIAN_POINT('Origin',(-116.8,101.,125.1));
#3572=CARTESIAN_POINT('',(-116.8,16.,127.5));
#3573=CARTESIAN_POINT('Origin',(-141.4,101.,129.5));
#3574=CARTESIAN_POINT('',(-131.4,101.,127.5));
#3575=CARTESIAN_POINT('',(-141.4,101.,127.5));
#3576=CARTESIAN_POINT('',(-131.4,101.,129.5));
#3577=CARTESIAN_POINT('',(-131.4,101.,129.5));
#3578=CARTESIAN_POINT('',(5.88961689217328E-14,101.,129.5));
#3579=CARTESIAN_POINT('Origin',(-114.4,16.,129.5));
#3580=CARTESIAN_POINT('',(-131.4,16.,129.5));
#3581=CARTESIAN_POINT('',(2.34307111906514E-14,15.9999999999998,129.5));
#3582=CARTESIAN_POINT('',(-131.4,16.,127.5));
#3583=CARTESIAN_POINT('',(-131.4,16.,129.5));
#3584=CARTESIAN_POINT('',(-114.4,16.,127.5));
#3585=CARTESIAN_POINT('Origin',(6.98296267768627E-15,0.,129.5));
#3586=CARTESIAN_POINT('',(-141.4,91.,129.5));
#3587=CARTESIAN_POINT('',(-141.4,26.,129.5));
#3588=CARTESIAN_POINT('',(-141.4,0.,129.5));
#3589=CARTESIAN_POINT('Origin',(-131.4,26.,129.5));
#3590=CARTESIAN_POINT('Origin',(-131.4,91.,129.5));
#3591=CARTESIAN_POINT('Origin',(7.07284938467764E-15,0.,127.5));
#3592=CARTESIAN_POINT('',(-141.4,26.,127.5));
#3593=CARTESIAN_POINT('Origin',(-131.4,26.,127.5));
#3594=CARTESIAN_POINT('',(-141.4,91.,127.5));
#3595=CARTESIAN_POINT('',(-141.4,16.,127.5));
#3596=CARTESIAN_POINT('Origin',(-131.4,91.,127.5));
#3597=CARTESIAN_POINT('Origin',(-141.4,16.,129.5));
#3598=CARTESIAN_POINT('',(-141.4,26.,129.5));
#3599=CARTESIAN_POINT('',(-141.4,91.,129.5));
#3600=CARTESIAN_POINT('Origin',(-131.4,26.,129.5));
#3601=CARTESIAN_POINT('Origin',(-131.4,91.,129.5));
#3602=CARTESIAN_POINT('Origin',(131.4,26.,129.5));
#3603=CARTESIAN_POINT('Origin',(131.4,91.,129.5));
#3604=CARTESIAN_POINT('Origin',(-141.400000000001,51.7626071149913,110.100000000001));
#3605=CARTESIAN_POINT('',(-141.400000000001,83.,110.100000000001));
#3606=CARTESIAN_POINT('',(-141.400000000001,51.7626071149913,110.100000000001));
#3607=CARTESIAN_POINT('Origin',(-141.400000000001,51.7626071149913,107.100000000001));
#3608=CARTESIAN_POINT('',(-141.400000000001,48.994625359656,105.943160770838));
#3609=CARTESIAN_POINT('Origin',(-141.400000000001,80.2320182446647,31.2011124289266));
#3610=CARTESIAN_POINT('Origin',(-141.400000000001,86.,107.100000000001));
#3611=CARTESIAN_POINT('',(-141.400000000001,86.,107.100000000001));
#3612=CARTESIAN_POINT('Origin',(-141.400000000001,83.,107.100000000001));
#3613=CARTESIAN_POINT('Origin',(-141.400000000001,31.,20.4000000000009));
#3614=CARTESIAN_POINT('',(-141.400000000001,31.,95.1420483419119));
#3615=CARTESIAN_POINT('',(-141.400000000001,31.,20.4000000000009));
#3616=CARTESIAN_POINT('Origin',(-141.400000000001,34.,20.4000000000009));
#3617=CARTESIAN_POINT('',(-141.400000000001,34.,17.4000000000009));
#3618=CARTESIAN_POINT('Origin',(-141.400000000001,65.2373928850087,17.4000000000009));
#3619=CARTESIAN_POINT('',(-141.400000000001,65.2373928850087,17.4000000000009));
#3620=CARTESIAN_POINT('Origin',(-141.400000000001,65.2373928850087,20.4000000000009));
#3621=CARTESIAN_POINT('',(-141.400000000001,68.0053746403439,21.5568392291642));
#3622=CARTESIAN_POINT('Origin',(-141.400000000001,36.7679817553352,96.2988875710752));
#3623=CARTESIAN_POINT('',(-141.400000000001,36.7679817553352,96.2988875710752));
#3624=CARTESIAN_POINT('Origin',(-141.400000000001,34.,95.1420483419119));
#3625=CARTESIAN_POINT('Origin',(-141.400000000001,83.,107.100000000001));
#3626=CARTESIAN_POINT('',(-141.400000000001,86.,107.100000000001));
#3627=CARTESIAN_POINT('',(-141.400000000001,83.,110.100000000001));
#3628=CARTESIAN_POINT('Origin',(-141.400000000001,86.,107.100000000001));
#3629=CARTESIAN_POINT('Origin',(-141.400000000001,80.2320182446647,31.2011124289266));
#3630=CARTESIAN_POINT('',(-141.400000000001,48.994625359656,105.943160770838));
#3631=CARTESIAN_POINT('Origin',(-141.400000000001,51.7626071149913,107.100000000001));
#3632=CARTESIAN_POINT('',(-141.400000000001,51.7626071149913,110.100000000001));
#3633=CARTESIAN_POINT('Origin',(-141.400000000001,51.7626071149913,110.100000000001));
#3634=CARTESIAN_POINT('Origin',(-141.400000000001,34.,95.1420483419119));
#3635=CARTESIAN_POINT('',(-141.400000000001,36.7679817553352,96.2988875710752));
#3636=CARTESIAN_POINT('',(-141.400000000001,31.,95.1420483419119));
#3637=CARTESIAN_POINT('Origin',(-141.400000000001,36.7679817553352,96.2988875710752));
#3638=CARTESIAN_POINT('',(-141.400000000001,68.0053746403439,21.5568392291642));
#3639=CARTESIAN_POINT('Origin',(-141.400000000001,65.2373928850087,20.4000000000009));
#3640=CARTESIAN_POINT('',(-141.400000000001,65.2373928850087,17.4000000000009));
#3641=CARTESIAN_POINT('Origin',(-141.400000000001,65.2373928850087,17.4000000000009));
#3642=CARTESIAN_POINT('',(-141.400000000001,34.,17.4000000000009));
#3643=CARTESIAN_POINT('Origin',(-141.400000000001,34.,20.4000000000009));
#3644=CARTESIAN_POINT('',(-141.400000000001,31.,20.4000000000009));
#3645=CARTESIAN_POINT('Origin',(-141.400000000001,31.,20.4000000000009));
#3646=CARTESIAN_POINT('Origin',(92.,45.5961524227069,-2.));
#3647=CARTESIAN_POINT('',(95.,45.5961524227069,-2.));
#3648=CARTESIAN_POINT('',(89.4019237886467,44.096152422707,-2.));
#3649=CARTESIAN_POINT('Origin',(89.4019237886467,44.096152422707,-2.));
#3650=CARTESIAN_POINT('',(67.8068023211691,81.5,-2.));
#3651=CARTESIAN_POINT('Origin',(70.4048785325225,82.9999999999999,-2.));
#3652=CARTESIAN_POINT('',(70.4048785325225,85.9999999999999,-2.));
#3653=CARTESIAN_POINT('Origin',(70.4048785325225,85.9999999999999,-2.));
#3654=CARTESIAN_POINT('',(92.,86.,-2.));
#3655=CARTESIAN_POINT('Origin',(92.,83.,-2.));
#3656=CARTESIAN_POINT('',(95.,83.,-2.));
#3657=CARTESIAN_POINT('Origin',(95.,83.,-2.));
#3658=CARTESIAN_POINT('Origin',(-92.,83.,-2.));
#3659=CARTESIAN_POINT('',(-95.,83.,-2.));
#3660=CARTESIAN_POINT('',(-92.,86.,-2.));
#3661=CARTESIAN_POINT('Origin',(-70.4048785325224,86.,-2.));
#3662=CARTESIAN_POINT('Origin',(-89.4019237886467,44.0961524227069,-2.));
#3663=CARTESIAN_POINT('',(-89.4019237886467,44.0961524227069,-2.));
#3664=CARTESIAN_POINT('Origin',(-92.,45.5961524227069,-2.));
#3665=CARTESIAN_POINT('',(-95.,45.5961524227069,-2.));
#3666=CARTESIAN_POINT('Origin',(-95.,83.,-2.));
#3667=UNCERTAINTY_MEASURE_WITH_UNIT(LENGTH_MEASURE(0.01),#3671,
'DISTANCE_ACCURACY_VALUE',
'Maximum model space distance between geometric entities at asserted c
onnectivities');
#3668=UNCERTAINTY_MEASURE_WITH_UNIT(LENGTH_MEASURE(0.01),#3671,
'DISTANCE_ACCURACY_VALUE',
'Maximum model space distance between geometric entities at asserted c
onnectivities');
#3669=(
GEOMETRIC_REPRESENTATION_CONTEXT(3)
GLOBAL_UNCERTAINTY_ASSIGNED_CONTEXT((#3667))
GLOBAL_UNIT_ASSIGNED_CONTEXT((#3671,#3673,#3674))
REPRESENTATION_CONTEXT('','3D')
);
#3670=(
GEOMETRIC_REPRESENTATION_CONTEXT(3)
GLOBAL_UNCERTAINTY_ASSIGNED_CONTEXT((#3668))
GLOBAL_UNIT_ASSIGNED_CONTEXT((#3671,#3673,#3674))
REPRESENTATION_CONTEXT('','3D')
);
#3671=(
LENGTH_UNIT()
NAMED_UNIT(*)
SI_UNIT(.MILLI.,.METRE.)
);
#3672=(
LENGTH_UNIT()
NAMED_UNIT(*)
SI_UNIT($,.METRE.)
);
#3673=(
NAMED_UNIT(*)
PLANE_ANGLE_UNIT()
SI_UNIT($,.RADIAN.)
);
#3674=(
NAMED_UNIT(*)
SI_UNIT($,.STERADIAN.)
SOLID_ANGLE_UNIT()
);
#3675=SHAPE_DEFINITION_REPRESENTATION(#3676,#3677);
#3676=PRODUCT_DEFINITION_SHAPE('',$,#3679);
#3677=SHAPE_REPRESENTATION('',(#2183),#3669);
#3678=PRODUCT_DEFINITION_CONTEXT('part definition',#3683,'design');
#3679=PRODUCT_DEFINITION('MMP.03.00.00.002 Wheel bracket inner',
'Wheel bracket inner v1',#3680,#3678);
#3680=PRODUCT_DEFINITION_FORMATION('',$,#3685);
#3681=PRODUCT_RELATED_PRODUCT_CATEGORY('Wheel bracket inner v1',
'Wheel bracket inner v1',(#3685));
#3682=APPLICATION_PROTOCOL_DEFINITION('international standard',
'automotive_design',2009,#3683);
#3683=APPLICATION_CONTEXT(
'Core Data for Automotive Mechanical Design Process');
#3684=PRODUCT_CONTEXT('part definition',#3683,'mechanical');
#3685=PRODUCT('MMP.03.00.00.002 Wheel bracket inner',
'Wheel bracket inner v1','STEP AP203',(#3684));
#3686=PRESENTATION_STYLE_ASSIGNMENT((#3687));
#3687=SURFACE_STYLE_USAGE(.BOTH.,#3688);
#3688=SURFACE_SIDE_STYLE('',(#3689));
#3689=SURFACE_STYLE_FILL_AREA(#3690);
#3690=FILL_AREA_STYLE('Steel - Satin',(#3691));
#3691=FILL_AREA_STYLE_COLOUR('Steel - Satin',#3692);
#3692=COLOUR_RGB('Steel - Satin',0.627450980392157,0.627450980392157,0.627450980392157);
ENDSEC;
END-ISO-10303-21;
