ISO-10303-21;
HEADER;
/* Generated by software containing ST-Developer
 * from STEP Tools, Inc. (www.steptools.com) 
 */

FILE_DESCRIPTION(
/* description */ ('STEP AP203'),
/* implementation_level */ '2;1');

FILE_NAME(
/* name */ 'Wheel bracket outer.step',
/* time_stamp */ '2026-07-23T10:29:33+08:00',
/* author */ (''),
/* organization */ (''),
/* preprocessor_version */ 'ST-DEVELOPER v20.1',
/* originating_system */ 'Autodesk Translation Framework v15.8.0.0',
/* authorisation */ '');

FILE_SCHEMA (('AUTOMOTIVE_DESIGN { 1 0 10303 214 3 1 1 }'));
ENDSEC;

DATA;
#10=MECHANICAL_DESIGN_GEOMETRIC_PRESENTATION_REPRESENTATION('',(#13),#3090);
#11=SHAPE_REPRESENTATION_RELATIONSHIP('SRR','None',#3097,#12);
#12=ADVANCED_BREP_SHAPE_REPRESENTATION('',(#14),#3089);
#13=STYLED_ITEM('',(#3106),#14);
#14=MANIFOLD_SOLID_BREP('Body1',#1822);
#15=FACE_BOUND('',#226,.T.);
#16=FACE_BOUND('',#227,.T.);
#17=FACE_BOUND('',#230,.T.);
#18=FACE_BOUND('',#231,.T.);
#19=FACE_BOUND('',#235,.T.);
#20=FACE_BOUND('',#236,.T.);
#21=FACE_BOUND('',#237,.T.);
#22=FACE_BOUND('',#238,.T.);
#23=FACE_BOUND('',#239,.T.);
#24=FACE_BOUND('',#240,.T.);
#25=FACE_BOUND('',#241,.T.);
#26=FACE_BOUND('',#242,.T.);
#27=FACE_BOUND('',#243,.T.);
#28=FACE_BOUND('',#244,.T.);
#29=FACE_BOUND('',#245,.T.);
#30=FACE_BOUND('',#246,.T.);
#31=FACE_BOUND('',#247,.T.);
#32=FACE_BOUND('',#248,.T.);
#33=FACE_BOUND('',#254,.T.);
#34=FACE_BOUND('',#255,.T.);
#35=FACE_BOUND('',#258,.T.);
#36=FACE_BOUND('',#259,.T.);
#37=FACE_BOUND('',#262,.T.);
#38=FACE_BOUND('',#263,.T.);
#39=FACE_BOUND('',#264,.T.);
#40=FACE_BOUND('',#265,.T.);
#41=FACE_BOUND('',#266,.T.);
#42=FACE_BOUND('',#267,.T.);
#43=FACE_BOUND('',#268,.T.);
#44=FACE_BOUND('',#269,.T.);
#45=FACE_BOUND('',#270,.T.);
#46=FACE_BOUND('',#271,.T.);
#47=FACE_BOUND('',#272,.T.);
#48=FACE_BOUND('',#273,.T.);
#49=FACE_BOUND('',#274,.T.);
#50=FACE_BOUND('',#275,.T.);
#51=FACE_BOUND('',#293,.T.);
#52=FACE_BOUND('',#294,.T.);
#53=FACE_BOUND('',#295,.T.);
#54=FACE_BOUND('',#296,.T.);
#55=FACE_BOUND('',#298,.T.);
#56=FACE_BOUND('',#299,.T.);
#57=FACE_BOUND('',#300,.T.);
#58=FACE_BOUND('',#301,.T.);
#59=PLANE('',#1896);
#60=PLANE('',#1897);
#61=PLANE('',#1898);
#62=PLANE('',#1899);
#63=PLANE('',#1900);
#64=PLANE('',#1901);
#65=PLANE('',#1904);
#66=PLANE('',#1905);
#67=PLANE('',#1914);
#68=PLANE('',#1932);
#69=PLANE('',#1935);
#70=PLANE('',#1936);
#71=PLANE('',#1937);
#72=PLANE('',#1938);
#73=PLANE('',#1941);
#74=PLANE('',#1942);
#75=PLANE('',#1947);
#76=PLANE('',#1967);
#77=PLANE('',#1968);
#78=PLANE('',#1969);
#79=PLANE('',#1970);
#80=PLANE('',#1971);
#81=PLANE('',#1976);
#82=PLANE('',#1979);
#83=PLANE('',#1984);
#84=PLANE('',#1985);
#85=PLANE('',#1986);
#86=PLANE('',#1989);
#87=PLANE('',#1992);
#88=PLANE('',#1998);
#89=PLANE('',#2001);
#90=PLANE('',#2003);
#91=PLANE('',#2004);
#92=PLANE('',#2006);
#93=PLANE('',#2008);
#94=PLANE('',#2010);
#95=PLANE('',#2012);
#96=PLANE('',#2014);
#97=PLANE('',#2016);
#98=PLANE('',#2018);
#99=PLANE('',#2020);
#100=PLANE('',#2021);
#101=PLANE('',#2023);
#102=PLANE('',#2024);
#103=PLANE('',#2026);
#104=PLANE('',#2028);
#105=FACE_OUTER_BOUND('',#200,.T.);
#106=FACE_OUTER_BOUND('',#201,.T.);
#107=FACE_OUTER_BOUND('',#202,.T.);
#108=FACE_OUTER_BOUND('',#203,.T.);
#109=FACE_OUTER_BOUND('',#204,.T.);
#110=FACE_OUTER_BOUND('',#205,.T.);
#111=FACE_OUTER_BOUND('',#206,.T.);
#112=FACE_OUTER_BOUND('',#207,.T.);
#113=FACE_OUTER_BOUND('',#208,.T.);
#114=FACE_OUTER_BOUND('',#209,.T.);
#115=FACE_OUTER_BOUND('',#210,.T.);
#116=FACE_OUTER_BOUND('',#211,.T.);
#117=FACE_OUTER_BOUND('',#212,.T.);
#118=FACE_OUTER_BOUND('',#213,.T.);
#119=FACE_OUTER_BOUND('',#214,.T.);
#120=FACE_OUTER_BOUND('',#215,.T.);
#121=FACE_OUTER_BOUND('',#216,.T.);
#122=FACE_OUTER_BOUND('',#217,.T.);
#123=FACE_OUTER_BOUND('',#218,.T.);
#124=FACE_OUTER_BOUND('',#219,.T.);
#125=FACE_OUTER_BOUND('',#220,.T.);
#126=FACE_OUTER_BOUND('',#221,.T.);
#127=FACE_OUTER_BOUND('',#222,.T.);
#128=FACE_OUTER_BOUND('',#223,.T.);
#129=FACE_OUTER_BOUND('',#224,.T.);
#130=FACE_OUTER_BOUND('',#225,.T.);
#131=FACE_OUTER_BOUND('',#228,.T.);
#132=FACE_OUTER_BOUND('',#229,.T.);
#133=FACE_OUTER_BOUND('',#232,.T.);
#134=FACE_OUTER_BOUND('',#233,.T.);
#135=FACE_OUTER_BOUND('',#234,.T.);
#136=FACE_OUTER_BOUND('',#249,.T.);
#137=FACE_OUTER_BOUND('',#250,.T.);
#138=FACE_OUTER_BOUND('',#251,.T.);
#139=FACE_OUTER_BOUND('',#252,.T.);
#140=FACE_OUTER_BOUND('',#253,.T.);
#141=FACE_OUTER_BOUND('',#256,.T.);
#142=FACE_OUTER_BOUND('',#257,.T.);
#143=FACE_OUTER_BOUND('',#260,.T.);
#144=FACE_OUTER_BOUND('',#261,.T.);
#145=FACE_OUTER_BOUND('',#276,.T.);
#146=FACE_OUTER_BOUND('',#277,.T.);
#147=FACE_OUTER_BOUND('',#278,.T.);
#148=FACE_OUTER_BOUND('',#279,.T.);
#149=FACE_OUTER_BOUND('',#280,.T.);
#150=FACE_OUTER_BOUND('',#281,.T.);
#151=FACE_OUTER_BOUND('',#282,.T.);
#152=FACE_OUTER_BOUND('',#283,.T.);
#153=FACE_OUTER_BOUND('',#284,.T.);
#154=FACE_OUTER_BOUND('',#285,.T.);
#155=FACE_OUTER_BOUND('',#286,.T.);
#156=FACE_OUTER_BOUND('',#287,.T.);
#157=FACE_OUTER_BOUND('',#288,.T.);
#158=FACE_OUTER_BOUND('',#289,.T.);
#159=FACE_OUTER_BOUND('',#290,.T.);
#160=FACE_OUTER_BOUND('',#291,.T.);
#161=FACE_OUTER_BOUND('',#292,.T.);
#162=FACE_OUTER_BOUND('',#297,.T.);
#163=FACE_OUTER_BOUND('',#302,.T.);
#164=FACE_OUTER_BOUND('',#303,.T.);
#165=FACE_OUTER_BOUND('',#304,.T.);
#166=FACE_OUTER_BOUND('',#305,.T.);
#167=FACE_OUTER_BOUND('',#306,.T.);
#168=FACE_OUTER_BOUND('',#307,.T.);
#169=FACE_OUTER_BOUND('',#308,.T.);
#170=FACE_OUTER_BOUND('',#309,.T.);
#171=FACE_OUTER_BOUND('',#310,.T.);
#172=FACE_OUTER_BOUND('',#311,.T.);
#173=FACE_OUTER_BOUND('',#312,.T.);
#174=FACE_OUTER_BOUND('',#313,.T.);
#175=FACE_OUTER_BOUND('',#314,.T.);
#176=FACE_OUTER_BOUND('',#315,.T.);
#177=FACE_OUTER_BOUND('',#316,.T.);
#178=FACE_OUTER_BOUND('',#317,.T.);
#179=FACE_OUTER_BOUND('',#318,.T.);
#180=FACE_OUTER_BOUND('',#319,.T.);
#181=FACE_OUTER_BOUND('',#320,.T.);
#182=FACE_OUTER_BOUND('',#321,.T.);
#183=FACE_OUTER_BOUND('',#322,.T.);
#184=FACE_OUTER_BOUND('',#323,.T.);
#185=FACE_OUTER_BOUND('',#324,.T.);
#186=FACE_OUTER_BOUND('',#325,.T.);
#187=FACE_OUTER_BOUND('',#326,.T.);
#188=FACE_OUTER_BOUND('',#327,.T.);
#189=FACE_OUTER_BOUND('',#328,.T.);
#190=FACE_OUTER_BOUND('',#329,.T.);
#191=FACE_OUTER_BOUND('',#330,.T.);
#192=FACE_OUTER_BOUND('',#331,.T.);
#193=FACE_OUTER_BOUND('',#332,.T.);
#194=FACE_OUTER_BOUND('',#333,.T.);
#195=FACE_OUTER_BOUND('',#334,.T.);
#196=FACE_OUTER_BOUND('',#335,.T.);
#197=FACE_OUTER_BOUND('',#336,.T.);
#198=FACE_OUTER_BOUND('',#337,.T.);
#199=FACE_OUTER_BOUND('',#338,.T.);
#200=EDGE_LOOP('',(#1168,#1169,#1170,#1171));
#201=EDGE_LOOP('',(#1172,#1173,#1174,#1175));
#202=EDGE_LOOP('',(#1176,#1177,#1178,#1179));
#203=EDGE_LOOP('',(#1180,#1181,#1182,#1183));
#204=EDGE_LOOP('',(#1184,#1185,#1186,#1187));
#205=EDGE_LOOP('',(#1188,#1189,#1190,#1191));
#206=EDGE_LOOP('',(#1192,#1193,#1194,#1195));
#207=EDGE_LOOP('',(#1196,#1197,#1198,#1199));
#208=EDGE_LOOP('',(#1200,#1201,#1202,#1203));
#209=EDGE_LOOP('',(#1204,#1205,#1206,#1207));
#210=EDGE_LOOP('',(#1208,#1209,#1210,#1211));
#211=EDGE_LOOP('',(#1212,#1213,#1214,#1215));
#212=EDGE_LOOP('',(#1216,#1217,#1218,#1219));
#213=EDGE_LOOP('',(#1220,#1221,#1222,#1223));
#214=EDGE_LOOP('',(#1224,#1225,#1226,#1227));
#215=EDGE_LOOP('',(#1228,#1229,#1230,#1231));
#216=EDGE_LOOP('',(#1232,#1233,#1234,#1235));
#217=EDGE_LOOP('',(#1236,#1237,#1238,#1239));
#218=EDGE_LOOP('',(#1240,#1241,#1242,#1243));
#219=EDGE_LOOP('',(#1244,#1245,#1246,#1247));
#220=EDGE_LOOP('',(#1248,#1249,#1250,#1251));
#221=EDGE_LOOP('',(#1252,#1253,#1254,#1255));
#222=EDGE_LOOP('',(#1256,#1257,#1258,#1259));
#223=EDGE_LOOP('',(#1260,#1261,#1262,#1263));
#224=EDGE_LOOP('',(#1264,#1265,#1266,#1267));
#225=EDGE_LOOP('',(#1268,#1269,#1270,#1271,#1272,#1273));
#226=EDGE_LOOP('',(#1274));
#227=EDGE_LOOP('',(#1275));
#228=EDGE_LOOP('',(#1276,#1277,#1278,#1279));
#229=EDGE_LOOP('',(#1280,#1281,#1282,#1283,#1284,#1285));
#230=EDGE_LOOP('',(#1286));
#231=EDGE_LOOP('',(#1287));
#232=EDGE_LOOP('',(#1288,#1289,#1290,#1291));
#233=EDGE_LOOP('',(#1292,#1293,#1294,#1295));
#234=EDGE_LOOP('',(#1296,#1297,#1298,#1299,#1300,#1301,#1302,#1303,#1304,
#1305,#1306,#1307,#1308,#1309));
#235=EDGE_LOOP('',(#1310));
#236=EDGE_LOOP('',(#1311));
#237=EDGE_LOOP('',(#1312));
#238=EDGE_LOOP('',(#1313,#1314,#1315,#1316,#1317,#1318));
#239=EDGE_LOOP('',(#1319,#1320,#1321,#1322,#1323,#1324));
#240=EDGE_LOOP('',(#1325,#1326,#1327,#1328,#1329,#1330));
#241=EDGE_LOOP('',(#1331,#1332,#1333,#1334,#1335,#1336,#1337,#1338));
#242=EDGE_LOOP('',(#1339,#1340,#1341,#1342,#1343,#1344));
#243=EDGE_LOOP('',(#1345));
#244=EDGE_LOOP('',(#1346));
#245=EDGE_LOOP('',(#1347));
#246=EDGE_LOOP('',(#1348));
#247=EDGE_LOOP('',(#1349));
#248=EDGE_LOOP('',(#1350));
#249=EDGE_LOOP('',(#1351,#1352,#1353,#1354));
#250=EDGE_LOOP('',(#1355,#1356,#1357,#1358));
#251=EDGE_LOOP('',(#1359,#1360,#1361,#1362));
#252=EDGE_LOOP('',(#1363,#1364,#1365,#1366));
#253=EDGE_LOOP('',(#1367,#1368,#1369,#1370,#1371,#1372));
#254=EDGE_LOOP('',(#1373));
#255=EDGE_LOOP('',(#1374));
#256=EDGE_LOOP('',(#1375,#1376,#1377,#1378));
#257=EDGE_LOOP('',(#1379,#1380,#1381,#1382,#1383,#1384));
#258=EDGE_LOOP('',(#1385));
#259=EDGE_LOOP('',(#1386));
#260=EDGE_LOOP('',(#1387,#1388,#1389,#1390));
#261=EDGE_LOOP('',(#1391,#1392,#1393,#1394,#1395,#1396,#1397,#1398,#1399,
#1400,#1401,#1402,#1403,#1404));
#262=EDGE_LOOP('',(#1405));
#263=EDGE_LOOP('',(#1406));
#264=EDGE_LOOP('',(#1407));
#265=EDGE_LOOP('',(#1408));
#266=EDGE_LOOP('',(#1409));
#267=EDGE_LOOP('',(#1410));
#268=EDGE_LOOP('',(#1411));
#269=EDGE_LOOP('',(#1412,#1413,#1414,#1415,#1416,#1417));
#270=EDGE_LOOP('',(#1418,#1419,#1420,#1421,#1422,#1423));
#271=EDGE_LOOP('',(#1424,#1425,#1426,#1427,#1428,#1429));
#272=EDGE_LOOP('',(#1430,#1431,#1432,#1433,#1434,#1435,#1436,#1437));
#273=EDGE_LOOP('',(#1438,#1439,#1440,#1441,#1442,#1443));
#274=EDGE_LOOP('',(#1444));
#275=EDGE_LOOP('',(#1445));
#276=EDGE_LOOP('',(#1446,#1447,#1448,#1449));
#277=EDGE_LOOP('',(#1450,#1451,#1452,#1453));
#278=EDGE_LOOP('',(#1454,#1455,#1456,#1457));
#279=EDGE_LOOP('',(#1458,#1459,#1460,#1461));
#280=EDGE_LOOP('',(#1462,#1463,#1464,#1465));
#281=EDGE_LOOP('',(#1466,#1467,#1468,#1469));
#282=EDGE_LOOP('',(#1470,#1471,#1472,#1473));
#283=EDGE_LOOP('',(#1474,#1475,#1476,#1477));
#284=EDGE_LOOP('',(#1478,#1479,#1480,#1481));
#285=EDGE_LOOP('',(#1482,#1483,#1484,#1485));
#286=EDGE_LOOP('',(#1486,#1487,#1488,#1489));
#287=EDGE_LOOP('',(#1490,#1491,#1492,#1493));
#288=EDGE_LOOP('',(#1494,#1495,#1496,#1497));
#289=EDGE_LOOP('',(#1498,#1499,#1500,#1501));
#290=EDGE_LOOP('',(#1502,#1503,#1504,#1505));
#291=EDGE_LOOP('',(#1506,#1507,#1508,#1509));
#292=EDGE_LOOP('',(#1510,#1511,#1512,#1513,#1514,#1515));
#293=EDGE_LOOP('',(#1516));
#294=EDGE_LOOP('',(#1517));
#295=EDGE_LOOP('',(#1518));
#296=EDGE_LOOP('',(#1519));
#297=EDGE_LOOP('',(#1520,#1521,#1522,#1523,#1524,#1525));
#298=EDGE_LOOP('',(#1526));
#299=EDGE_LOOP('',(#1527));
#300=EDGE_LOOP('',(#1528));
#301=EDGE_LOOP('',(#1529));
#302=EDGE_LOOP('',(#1530,#1531,#1532,#1533));
#303=EDGE_LOOP('',(#1534,#1535,#1536,#1537));
#304=EDGE_LOOP('',(#1538,#1539,#1540,#1541));
#305=EDGE_LOOP('',(#1542,#1543,#1544,#1545));
#306=EDGE_LOOP('',(#1546,#1547,#1548,#1549));
#307=EDGE_LOOP('',(#1550,#1551,#1552,#1553));
#308=EDGE_LOOP('',(#1554,#1555,#1556,#1557));
#309=EDGE_LOOP('',(#1558,#1559,#1560,#1561));
#310=EDGE_LOOP('',(#1562,#1563,#1564,#1565));
#311=EDGE_LOOP('',(#1566,#1567,#1568,#1569));
#312=EDGE_LOOP('',(#1570,#1571,#1572,#1573));
#313=EDGE_LOOP('',(#1574,#1575,#1576,#1577));
#314=EDGE_LOOP('',(#1578,#1579,#1580,#1581));
#315=EDGE_LOOP('',(#1582,#1583,#1584,#1585));
#316=EDGE_LOOP('',(#1586,#1587,#1588,#1589));
#317=EDGE_LOOP('',(#1590,#1591,#1592,#1593));
#318=EDGE_LOOP('',(#1594,#1595,#1596,#1597));
#319=EDGE_LOOP('',(#1598,#1599,#1600,#1601));
#320=EDGE_LOOP('',(#1602,#1603,#1604,#1605));
#321=EDGE_LOOP('',(#1606,#1607,#1608,#1609));
#322=EDGE_LOOP('',(#1610,#1611,#1612,#1613));
#323=EDGE_LOOP('',(#1614,#1615,#1616,#1617));
#324=EDGE_LOOP('',(#1618,#1619,#1620,#1621));
#325=EDGE_LOOP('',(#1622,#1623,#1624,#1625));
#326=EDGE_LOOP('',(#1626,#1627,#1628,#1629));
#327=EDGE_LOOP('',(#1630,#1631,#1632,#1633));
#328=EDGE_LOOP('',(#1634,#1635,#1636,#1637));
#329=EDGE_LOOP('',(#1638,#1639,#1640,#1641));
#330=EDGE_LOOP('',(#1642,#1643,#1644,#1645));
#331=EDGE_LOOP('',(#1646,#1647,#1648,#1649));
#332=EDGE_LOOP('',(#1650,#1651,#1652,#1653));
#333=EDGE_LOOP('',(#1654,#1655,#1656,#1657));
#334=EDGE_LOOP('',(#1658,#1659,#1660,#1661));
#335=EDGE_LOOP('',(#1662,#1663,#1664,#1665));
#336=EDGE_LOOP('',(#1666,#1667,#1668,#1669));
#337=EDGE_LOOP('',(#1670,#1671,#1672,#1673));
#338=EDGE_LOOP('',(#1674,#1675,#1676,#1677));
#339=LINE('',#2579,#496);
#340=LINE('',#2585,#497);
#341=LINE('',#2591,#498);
#342=LINE('',#2597,#499);
#343=LINE('',#2603,#500);
#344=LINE('',#2609,#501);
#345=LINE('',#2616,#502);
#346=LINE('',#2619,#503);
#347=LINE('',#2625,#504);
#348=LINE('',#2628,#505);
#349=LINE('',#2634,#506);
#350=LINE('',#2637,#507);
#351=LINE('',#2642,#508);
#352=LINE('',#2648,#509);
#353=LINE('',#2654,#510);
#354=LINE('',#2660,#511);
#355=LINE('',#2666,#512);
#356=LINE('',#2672,#513);
#357=LINE('',#2678,#514);
#358=LINE('',#2684,#515);
#359=LINE('',#2690,#516);
#360=LINE('',#2696,#517);
#361=LINE('',#2702,#518);
#362=LINE('',#2707,#519);
#363=LINE('',#2709,#520);
#364=LINE('',#2711,#521);
#365=LINE('',#2712,#522);
#366=LINE('',#2716,#523);
#367=LINE('',#2718,#524);
#368=LINE('',#2720,#525);
#369=LINE('',#2721,#526);
#370=LINE('',#2725,#527);
#371=LINE('',#2727,#528);
#372=LINE('',#2729,#529);
#373=LINE('',#2730,#530);
#374=LINE('',#2733,#531);
#375=LINE('',#2735,#532);
#376=LINE('',#2736,#533);
#377=LINE('',#2740,#534);
#378=LINE('',#2742,#535);
#379=LINE('',#2744,#536);
#380=LINE('',#2745,#537);
#381=LINE('',#2749,#538);
#382=LINE('',#2752,#539);
#383=LINE('',#2754,#540);
#384=LINE('',#2759,#541);
#385=LINE('',#2760,#542);
#386=LINE('',#2761,#543);
#387=LINE('',#2767,#544);
#388=LINE('',#2768,#545);
#389=LINE('',#2773,#546);
#390=LINE('',#2777,#547);
#391=LINE('',#2785,#548);
#392=LINE('',#2790,#549);
#393=LINE('',#2792,#550);
#394=LINE('',#2794,#551);
#395=LINE('',#2796,#552);
#396=LINE('',#2797,#553);
#397=LINE('',#2799,#554);
#398=LINE('',#2801,#555);
#399=LINE('',#2805,#556);
#400=LINE('',#2809,#557);
#401=LINE('',#2812,#558);
#402=LINE('',#2814,#559);
#403=LINE('',#2818,#560);
#404=LINE('',#2822,#561);
#405=LINE('',#2826,#562);
#406=LINE('',#2830,#563);
#407=LINE('',#2834,#564);
#408=LINE('',#2838,#565);
#409=LINE('',#2842,#566);
#410=LINE('',#2845,#567);
#411=LINE('',#2849,#568);
#412=LINE('',#2852,#569);
#413=LINE('',#2855,#570);
#414=LINE('',#2859,#571);
#415=LINE('',#2863,#572);
#416=LINE('',#2864,#573);
#417=LINE('',#2866,#574);
#418=LINE('',#2867,#575);
#419=LINE('',#2869,#576);
#420=LINE('',#2874,#577);
#421=LINE('',#2877,#578);
#422=LINE('',#2878,#579);
#423=LINE('',#2881,#580);
#424=LINE('',#2883,#581);
#425=LINE('',#2884,#582);
#426=LINE('',#2887,#583);
#427=LINE('',#2889,#584);
#428=LINE('',#2893,#585);
#429=LINE('',#2896,#586);
#430=LINE('',#2897,#587);
#431=LINE('',#2899,#588);
#432=LINE('',#2905,#589);
#433=LINE('',#2910,#590);
#434=LINE('',#2914,#591);
#435=LINE('',#2917,#592);
#436=LINE('',#2922,#593);
#437=LINE('',#2925,#594);
#438=LINE('',#2926,#595);
#439=LINE('',#2931,#596);
#440=LINE('',#2935,#597);
#441=LINE('',#2938,#598);
#442=LINE('',#2943,#599);
#443=LINE('',#2947,#600);
#444=LINE('',#2951,#601);
#445=LINE('',#2954,#602);
#446=LINE('',#2958,#603);
#447=LINE('',#2960,#604);
#448=LINE('',#2963,#605);
#449=LINE('',#2967,#606);
#450=LINE('',#2969,#607);
#451=LINE('',#2973,#608);
#452=LINE('',#2981,#609);
#453=LINE('',#2988,#610);
#454=LINE('',#2991,#611);
#455=LINE('',#2993,#612);
#456=LINE('',#2996,#613);
#457=LINE('',#2998,#614);
#458=LINE('',#2999,#615);
#459=LINE('',#3002,#616);
#460=LINE('',#3004,#617);
#461=LINE('',#3005,#618);
#462=LINE('',#3010,#619);
#463=LINE('',#3015,#620);
#464=LINE('',#3019,#621);
#465=LINE('',#3020,#622);
#466=LINE('',#3024,#623);
#467=LINE('',#3026,#624);
#468=LINE('',#3028,#625);
#469=LINE('',#3030,#626);
#470=LINE('',#3033,#627);
#471=LINE('',#3034,#628);
#472=LINE('',#3036,#629);
#473=LINE('',#3038,#630);
#474=LINE('',#3042,#631);
#475=LINE('',#3043,#632);
#476=LINE('',#3045,#633);
#477=LINE('',#3047,#634);
#478=LINE('',#3049,#635);
#479=LINE('',#3051,#636);
#480=LINE('',#3053,#637);
#481=LINE('',#3055,#638);
#482=LINE('',#3058,#639);
#483=LINE('',#3059,#640);
#484=LINE('',#3061,#641);
#485=LINE('',#3063,#642);
#486=LINE('',#3065,#643);
#487=LINE('',#3067,#644);
#488=LINE('',#3070,#645);
#489=LINE('',#3071,#646);
#490=LINE('',#3074,#647);
#491=LINE('',#3076,#648);
#492=LINE('',#3079,#649);
#493=LINE('',#3081,#650);
#494=LINE('',#3083,#651);
#495=LINE('',#3085,#652);
#496=VECTOR('',#2035,5.25);
#497=VECTOR('',#2042,5.25);
#498=VECTOR('',#2049,3.05);
#499=VECTOR('',#2056,3.05);
#500=VECTOR('',#2063,3.05);
#501=VECTOR('',#2070,3.05);
#502=VECTOR('',#2077,1000.);
#503=VECTOR('',#2080,1000.);
#504=VECTOR('',#2085,1000.);
#505=VECTOR('',#2088,1000.);
#506=VECTOR('',#2093,1000.);
#507=VECTOR('',#2096,1000.);
#508=VECTOR('',#2101,1.24999999999999);
#509=VECTOR('',#2108,1.24999999999999);
#510=VECTOR('',#2115,3.49999999999997);
#511=VECTOR('',#2122,3.49999999999998);
#512=VECTOR('',#2129,3.49999999999998);
#513=VECTOR('',#2136,3.49999999999997);
#514=VECTOR('',#2143,2.75);
#515=VECTOR('',#2150,2.75);
#516=VECTOR('',#2157,2.75);
#517=VECTOR('',#2164,2.75);
#518=VECTOR('',#2171,27.);
#519=VECTOR('',#2176,1000.);
#520=VECTOR('',#2177,1000.);
#521=VECTOR('',#2178,1000.);
#522=VECTOR('',#2179,1000.);
#523=VECTOR('',#2182,1000.);
#524=VECTOR('',#2183,1000.);
#525=VECTOR('',#2184,1000.);
#526=VECTOR('',#2185,1000.);
#527=VECTOR('',#2188,1000.);
#528=VECTOR('',#2189,1000.);
#529=VECTOR('',#2190,1000.);
#530=VECTOR('',#2191,1000.);
#531=VECTOR('',#2194,1000.);
#532=VECTOR('',#2195,1000.);
#533=VECTOR('',#2196,1000.);
#534=VECTOR('',#2199,1000.);
#535=VECTOR('',#2200,1000.);
#536=VECTOR('',#2201,1000.);
#537=VECTOR('',#2202,1000.);
#538=VECTOR('',#2205,1000.);
#539=VECTOR('',#2208,1000.);
#540=VECTOR('',#2209,1000.);
#541=VECTOR('',#2214,1000.);
#542=VECTOR('',#2215,1000.);
#543=VECTOR('',#2216,1000.);
#544=VECTOR('',#2223,1000.);
#545=VECTOR('',#2224,1000.);
#546=VECTOR('',#2231,1000.);
#547=VECTOR('',#2236,1000.);
#548=VECTOR('',#2245,1000.);
#549=VECTOR('',#2250,1000.);
#550=VECTOR('',#2251,1000.);
#551=VECTOR('',#2252,1000.);
#552=VECTOR('',#2253,1000.);
#553=VECTOR('',#2254,1000.);
#554=VECTOR('',#2255,1000.);
#555=VECTOR('',#2256,1000.);
#556=VECTOR('',#2259,1000.);
#557=VECTOR('',#2262,1000.);
#558=VECTOR('',#2265,1000.);
#559=VECTOR('',#2266,1000.);
#560=VECTOR('',#2269,1000.);
#561=VECTOR('',#2272,1000.);
#562=VECTOR('',#2275,1000.);
#563=VECTOR('',#2278,1000.);
#564=VECTOR('',#2281,1000.);
#565=VECTOR('',#2284,1000.);
#566=VECTOR('',#2287,1000.);
#567=VECTOR('',#2290,1000.);
#568=VECTOR('',#2293,1000.);
#569=VECTOR('',#2296,1000.);
#570=VECTOR('',#2299,1000.);
#571=VECTOR('',#2302,1000.);
#572=VECTOR('',#2307,1000.);
#573=VECTOR('',#2308,1000.);
#574=VECTOR('',#2311,1000.);
#575=VECTOR('',#2312,1000.);
#576=VECTOR('',#2315,1000.);
#577=VECTOR('',#2320,1000.);
#578=VECTOR('',#2323,1000.);
#579=VECTOR('',#2324,1000.);
#580=VECTOR('',#2327,1000.);
#581=VECTOR('',#2328,1000.);
#582=VECTOR('',#2329,1000.);
#583=VECTOR('',#2334,1000.);
#584=VECTOR('',#2335,1000.);
#585=VECTOR('',#2342,1000.);
#586=VECTOR('',#2345,1000.);
#587=VECTOR('',#2346,1000.);
#588=VECTOR('',#2347,1000.);
#589=VECTOR('',#2352,1000.);
#590=VECTOR('',#2357,1000.);
#591=VECTOR('',#2360,1000.);
#592=VECTOR('',#2363,1000.);
#593=VECTOR('',#2366,1000.);
#594=VECTOR('',#2369,1000.);
#595=VECTOR('',#2370,1000.);
#596=VECTOR('',#2373,1000.);
#597=VECTOR('',#2376,1000.);
#598=VECTOR('',#2379,1000.);
#599=VECTOR('',#2382,1000.);
#600=VECTOR('',#2385,1000.);
#601=VECTOR('',#2388,1000.);
#602=VECTOR('',#2391,1000.);
#603=VECTOR('',#2394,1000.);
#604=VECTOR('',#2395,1000.);
#605=VECTOR('',#2398,1000.);
#606=VECTOR('',#2405,1000.);
#607=VECTOR('',#2408,1000.);
#608=VECTOR('',#2415,1000.);
#609=VECTOR('',#2426,1000.);
#610=VECTOR('',#2435,1000.);
#611=VECTOR('',#2440,1000.);
#612=VECTOR('',#2443,1000.);
#613=VECTOR('',#2446,1000.);
#614=VECTOR('',#2447,1000.);
#615=VECTOR('',#2448,1000.);
#616=VECTOR('',#2451,1000.);
#617=VECTOR('',#2452,1000.);
#618=VECTOR('',#2453,1000.);
#619=VECTOR('',#2458,1000.);
#620=VECTOR('',#2463,1000.);
#621=VECTOR('',#2470,1000.);
#622=VECTOR('',#2471,1000.);
#623=VECTOR('',#2478,1000.);
#624=VECTOR('',#2481,1000.);
#625=VECTOR('',#2484,1000.);
#626=VECTOR('',#2487,1000.);
#627=VECTOR('',#2492,1000.);
#628=VECTOR('',#2493,1000.);
#629=VECTOR('',#2496,1000.);
#630=VECTOR('',#2499,1000.);
#631=VECTOR('',#2506,1000.);
#632=VECTOR('',#2507,1000.);
#633=VECTOR('',#2510,1000.);
#634=VECTOR('',#2513,1000.);
#635=VECTOR('',#2516,1000.);
#636=VECTOR('',#2519,1000.);
#637=VECTOR('',#2522,1000.);
#638=VECTOR('',#2525,1000.);
#639=VECTOR('',#2530,1000.);
#640=VECTOR('',#2531,1000.);
#641=VECTOR('',#2534,1000.);
#642=VECTOR('',#2537,1000.);
#643=VECTOR('',#2540,1000.);
#644=VECTOR('',#2543,1000.);
#645=VECTOR('',#2548,1000.);
#646=VECTOR('',#2549,1000.);
#647=VECTOR('',#2554,1000.);
#648=VECTOR('',#2557,1000.);
#649=VECTOR('',#2562,1000.);
#650=VECTOR('',#2565,1000.);
#651=VECTOR('',#2568,1000.);
#652=VECTOR('',#2571,1000.);
#653=CIRCLE('',#1837,5.25);
#654=CIRCLE('',#1838,5.25);
#655=CIRCLE('',#1840,5.25);
#656=CIRCLE('',#1841,5.25);
#657=CIRCLE('',#1843,3.05);
#658=CIRCLE('',#1844,3.05);
#659=CIRCLE('',#1846,3.05);
#660=CIRCLE('',#1847,3.05);
#661=CIRCLE('',#1849,3.05);
#662=CIRCLE('',#1850,3.05);
#663=CIRCLE('',#1852,3.05);
#664=CIRCLE('',#1853,3.05);
#665=CIRCLE('',#1855,3.);
#666=CIRCLE('',#1856,3.);
#667=CIRCLE('',#1858,3.);
#668=CIRCLE('',#1859,3.);
#669=CIRCLE('',#1861,3.);
#670=CIRCLE('',#1862,3.);
#671=CIRCLE('',#1864,1.24999999999999);
#672=CIRCLE('',#1865,1.24999999999999);
#673=CIRCLE('',#1867,1.24999999999999);
#674=CIRCLE('',#1868,1.24999999999999);
#675=CIRCLE('',#1870,3.49999999999998);
#676=CIRCLE('',#1871,3.49999999999999);
#677=CIRCLE('',#1873,3.49999999999998);
#678=CIRCLE('',#1874,3.49999999999999);
#679=CIRCLE('',#1876,3.49999999999998);
#680=CIRCLE('',#1877,3.49999999999998);
#681=CIRCLE('',#1879,3.49999999999998);
#682=CIRCLE('',#1880,3.49999999999997);
#683=CIRCLE('',#1882,2.75);
#684=CIRCLE('',#1883,2.75);
#685=CIRCLE('',#1885,2.75);
#686=CIRCLE('',#1886,2.75);
#687=CIRCLE('',#1888,2.75);
#688=CIRCLE('',#1889,2.75);
#689=CIRCLE('',#1891,2.75);
#690=CIRCLE('',#1892,2.75);
#691=CIRCLE('',#1894,27.);
#692=CIRCLE('',#1895,27.);
#693=CIRCLE('',#1902,10.);
#694=CIRCLE('',#1903,10.);
#695=CIRCLE('',#1906,10.);
#696=CIRCLE('',#1907,10.);
#697=CIRCLE('',#1909,2.4);
#698=CIRCLE('',#1910,2.4);
#699=CIRCLE('',#1912,4.4);
#700=CIRCLE('',#1913,4.4);
#701=CIRCLE('',#1915,16.8015151515151);
#702=CIRCLE('',#1916,16.8015151515151);
#703=CIRCLE('',#1917,16.8015151515151);
#704=CIRCLE('',#1918,16.8015151515151);
#705=CIRCLE('',#1919,3.);
#706=CIRCLE('',#1920,3.);
#707=CIRCLE('',#1921,3.);
#708=CIRCLE('',#1922,3.);
#709=CIRCLE('',#1923,3.00000000000002);
#710=CIRCLE('',#1924,3.);
#711=CIRCLE('',#1925,3.);
#712=CIRCLE('',#1926,3.);
#713=CIRCLE('',#1927,3.);
#714=CIRCLE('',#1928,3.);
#715=CIRCLE('',#1929,3.);
#716=CIRCLE('',#1930,3.00000000000002);
#717=CIRCLE('',#1931,3.);
#718=CIRCLE('',#1933,4.4);
#719=CIRCLE('',#1934,2.4);
#720=CIRCLE('',#1939,10.);
#721=CIRCLE('',#1940,10.);
#722=CIRCLE('',#1943,10.);
#723=CIRCLE('',#1944,10.);
#724=CIRCLE('',#1946,2.4);
#725=CIRCLE('',#1948,16.8015151515151);
#726=CIRCLE('',#1949,16.8015151515151);
#727=CIRCLE('',#1950,16.8015151515151);
#728=CIRCLE('',#1951,16.8015151515151);
#729=CIRCLE('',#1952,3.);
#730=CIRCLE('',#1953,3.);
#731=CIRCLE('',#1954,3.);
#732=CIRCLE('',#1955,3.);
#733=CIRCLE('',#1956,3.00000000000002);
#734=CIRCLE('',#1957,3.);
#735=CIRCLE('',#1958,3.);
#736=CIRCLE('',#1959,3.);
#737=CIRCLE('',#1960,3.);
#738=CIRCLE('',#1961,3.);
#739=CIRCLE('',#1962,3.);
#740=CIRCLE('',#1963,3.00000000000002);
#741=CIRCLE('',#1964,3.);
#742=CIRCLE('',#1966,4.4);
#743=CIRCLE('',#1977,2.39999999999999);
#744=CIRCLE('',#1978,4.39999999999999);
#745=CIRCLE('',#1980,2.39999999999999);
#746=CIRCLE('',#1981,4.39999999999999);
#747=CIRCLE('',#1987,5.);
#748=CIRCLE('',#1988,5.);
#749=CIRCLE('',#1990,5.);
#750=CIRCLE('',#1991,5.);
#751=VERTEX_POINT('',#2576);
#752=VERTEX_POINT('',#2578);
#753=VERTEX_POINT('',#2582);
#754=VERTEX_POINT('',#2584);
#755=VERTEX_POINT('',#2588);
#756=VERTEX_POINT('',#2590);
#757=VERTEX_POINT('',#2594);
#758=VERTEX_POINT('',#2596);
#759=VERTEX_POINT('',#2600);
#760=VERTEX_POINT('',#2602);
#761=VERTEX_POINT('',#2606);
#762=VERTEX_POINT('',#2608);
#763=VERTEX_POINT('',#2612);
#764=VERTEX_POINT('',#2613);
#765=VERTEX_POINT('',#2615);
#766=VERTEX_POINT('',#2617);
#767=VERTEX_POINT('',#2621);
#768=VERTEX_POINT('',#2622);
#769=VERTEX_POINT('',#2624);
#770=VERTEX_POINT('',#2626);
#771=VERTEX_POINT('',#2630);
#772=VERTEX_POINT('',#2631);
#773=VERTEX_POINT('',#2633);
#774=VERTEX_POINT('',#2635);
#775=VERTEX_POINT('',#2639);
#776=VERTEX_POINT('',#2641);
#777=VERTEX_POINT('',#2645);
#778=VERTEX_POINT('',#2647);
#779=VERTEX_POINT('',#2651);
#780=VERTEX_POINT('',#2653);
#781=VERTEX_POINT('',#2657);
#782=VERTEX_POINT('',#2659);
#783=VERTEX_POINT('',#2663);
#784=VERTEX_POINT('',#2665);
#785=VERTEX_POINT('',#2669);
#786=VERTEX_POINT('',#2671);
#787=VERTEX_POINT('',#2675);
#788=VERTEX_POINT('',#2677);
#789=VERTEX_POINT('',#2681);
#790=VERTEX_POINT('',#2683);
#791=VERTEX_POINT('',#2687);
#792=VERTEX_POINT('',#2689);
#793=VERTEX_POINT('',#2693);
#794=VERTEX_POINT('',#2695);
#795=VERTEX_POINT('',#2699);
#796=VERTEX_POINT('',#2701);
#797=VERTEX_POINT('',#2705);
#798=VERTEX_POINT('',#2706);
#799=VERTEX_POINT('',#2708);
#800=VERTEX_POINT('',#2710);
#801=VERTEX_POINT('',#2714);
#802=VERTEX_POINT('',#2715);
#803=VERTEX_POINT('',#2717);
#804=VERTEX_POINT('',#2719);
#805=VERTEX_POINT('',#2723);
#806=VERTEX_POINT('',#2724);
#807=VERTEX_POINT('',#2726);
#808=VERTEX_POINT('',#2728);
#809=VERTEX_POINT('',#2732);
#810=VERTEX_POINT('',#2734);
#811=VERTEX_POINT('',#2738);
#812=VERTEX_POINT('',#2739);
#813=VERTEX_POINT('',#2741);
#814=VERTEX_POINT('',#2743);
#815=VERTEX_POINT('',#2747);
#816=VERTEX_POINT('',#2748);
#817=VERTEX_POINT('',#2751);
#818=VERTEX_POINT('',#2753);
#819=VERTEX_POINT('',#2757);
#820=VERTEX_POINT('',#2758);
#821=VERTEX_POINT('',#2764);
#822=VERTEX_POINT('',#2766);
#823=VERTEX_POINT('',#2771);
#824=VERTEX_POINT('',#2776);
#825=VERTEX_POINT('',#2780);
#826=VERTEX_POINT('',#2782);
#827=VERTEX_POINT('',#2784);
#828=VERTEX_POINT('',#2786);
#829=VERTEX_POINT('',#2788);
#830=VERTEX_POINT('',#2791);
#831=VERTEX_POINT('',#2793);
#832=VERTEX_POINT('',#2795);
#833=VERTEX_POINT('',#2798);
#834=VERTEX_POINT('',#2800);
#835=VERTEX_POINT('',#2802);
#836=VERTEX_POINT('',#2804);
#837=VERTEX_POINT('',#2807);
#838=VERTEX_POINT('',#2808);
#839=VERTEX_POINT('',#2810);
#840=VERTEX_POINT('',#2813);
#841=VERTEX_POINT('',#2816);
#842=VERTEX_POINT('',#2817);
#843=VERTEX_POINT('',#2819);
#844=VERTEX_POINT('',#2821);
#845=VERTEX_POINT('',#2823);
#846=VERTEX_POINT('',#2825);
#847=VERTEX_POINT('',#2828);
#848=VERTEX_POINT('',#2829);
#849=VERTEX_POINT('',#2831);
#850=VERTEX_POINT('',#2833);
#851=VERTEX_POINT('',#2835);
#852=VERTEX_POINT('',#2837);
#853=VERTEX_POINT('',#2839);
#854=VERTEX_POINT('',#2841);
#855=VERTEX_POINT('',#2844);
#856=VERTEX_POINT('',#2846);
#857=VERTEX_POINT('',#2848);
#858=VERTEX_POINT('',#2850);
#859=VERTEX_POINT('',#2854);
#860=VERTEX_POINT('',#2856);
#861=VERTEX_POINT('',#2858);
#862=VERTEX_POINT('',#2862);
#863=VERTEX_POINT('',#2871);
#864=VERTEX_POINT('',#2873);
#865=VERTEX_POINT('',#2875);
#866=VERTEX_POINT('',#2880);
#867=VERTEX_POINT('',#2882);
#868=VERTEX_POINT('',#2888);
#869=VERTEX_POINT('',#2895);
#870=VERTEX_POINT('',#2898);
#871=VERTEX_POINT('',#2900);
#872=VERTEX_POINT('',#2902);
#873=VERTEX_POINT('',#2904);
#874=VERTEX_POINT('',#2906);
#875=VERTEX_POINT('',#2909);
#876=VERTEX_POINT('',#2911);
#877=VERTEX_POINT('',#2913);
#878=VERTEX_POINT('',#2915);
#879=VERTEX_POINT('',#2918);
#880=VERTEX_POINT('',#2919);
#881=VERTEX_POINT('',#2921);
#882=VERTEX_POINT('',#2923);
#883=VERTEX_POINT('',#2927);
#884=VERTEX_POINT('',#2928);
#885=VERTEX_POINT('',#2930);
#886=VERTEX_POINT('',#2932);
#887=VERTEX_POINT('',#2934);
#888=VERTEX_POINT('',#2936);
#889=VERTEX_POINT('',#2939);
#890=VERTEX_POINT('',#2940);
#891=VERTEX_POINT('',#2942);
#892=VERTEX_POINT('',#2944);
#893=VERTEX_POINT('',#2946);
#894=VERTEX_POINT('',#2948);
#895=VERTEX_POINT('',#2950);
#896=VERTEX_POINT('',#2952);
#897=VERTEX_POINT('',#2955);
#898=VERTEX_POINT('',#2956);
#899=VERTEX_POINT('',#2959);
#900=VERTEX_POINT('',#2961);
#901=VERTEX_POINT('',#2979);
#902=VERTEX_POINT('',#2980);
#903=VERTEX_POINT('',#2985);
#904=VERTEX_POINT('',#2987);
#905=VERTEX_POINT('',#2995);
#906=VERTEX_POINT('',#2997);
#907=VERTEX_POINT('',#3001);
#908=VERTEX_POINT('',#3003);
#909=VERTEX_POINT('',#3007);
#910=VERTEX_POINT('',#3009);
#911=VERTEX_POINT('',#3013);
#912=VERTEX_POINT('',#3014);
#913=EDGE_CURVE('',#751,#751,#653,.T.);
#914=EDGE_CURVE('',#751,#752,#339,.T.);
#915=EDGE_CURVE('',#752,#752,#654,.T.);
#916=EDGE_CURVE('',#753,#753,#655,.T.);
#917=EDGE_CURVE('',#753,#754,#340,.T.);
#918=EDGE_CURVE('',#754,#754,#656,.T.);
#919=EDGE_CURVE('',#755,#755,#657,.T.);
#920=EDGE_CURVE('',#755,#756,#341,.T.);
#921=EDGE_CURVE('',#756,#756,#658,.T.);
#922=EDGE_CURVE('',#757,#757,#659,.T.);
#923=EDGE_CURVE('',#757,#758,#342,.T.);
#924=EDGE_CURVE('',#758,#758,#660,.T.);
#925=EDGE_CURVE('',#759,#759,#661,.T.);
#926=EDGE_CURVE('',#759,#760,#343,.T.);
#927=EDGE_CURVE('',#760,#760,#662,.T.);
#928=EDGE_CURVE('',#761,#761,#663,.T.);
#929=EDGE_CURVE('',#761,#762,#344,.T.);
#930=EDGE_CURVE('',#762,#762,#664,.T.);
#931=EDGE_CURVE('',#763,#764,#665,.T.);
#932=EDGE_CURVE('',#763,#765,#345,.T.);
#933=EDGE_CURVE('',#765,#766,#666,.T.);
#934=EDGE_CURVE('',#764,#766,#346,.T.);
#935=EDGE_CURVE('',#767,#768,#667,.T.);
#936=EDGE_CURVE('',#767,#769,#347,.T.);
#937=EDGE_CURVE('',#769,#770,#668,.T.);
#938=EDGE_CURVE('',#768,#770,#348,.T.);
#939=EDGE_CURVE('',#771,#772,#669,.T.);
#940=EDGE_CURVE('',#771,#773,#349,.T.);
#941=EDGE_CURVE('',#773,#774,#670,.T.);
#942=EDGE_CURVE('',#772,#774,#350,.T.);
#943=EDGE_CURVE('',#775,#775,#671,.T.);
#944=EDGE_CURVE('',#775,#776,#351,.T.);
#945=EDGE_CURVE('',#776,#776,#672,.T.);
#946=EDGE_CURVE('',#777,#777,#673,.T.);
#947=EDGE_CURVE('',#777,#778,#352,.T.);
#948=EDGE_CURVE('',#778,#778,#674,.T.);
#949=EDGE_CURVE('',#779,#779,#675,.T.);
#950=EDGE_CURVE('',#779,#780,#353,.T.);
#951=EDGE_CURVE('',#780,#780,#676,.T.);
#952=EDGE_CURVE('',#781,#781,#677,.T.);
#953=EDGE_CURVE('',#781,#782,#354,.T.);
#954=EDGE_CURVE('',#782,#782,#678,.T.);
#955=EDGE_CURVE('',#783,#783,#679,.T.);
#956=EDGE_CURVE('',#783,#784,#355,.T.);
#957=EDGE_CURVE('',#784,#784,#680,.T.);
#958=EDGE_CURVE('',#785,#785,#681,.T.);
#959=EDGE_CURVE('',#785,#786,#356,.T.);
#960=EDGE_CURVE('',#786,#786,#682,.T.);
#961=EDGE_CURVE('',#787,#787,#683,.T.);
#962=EDGE_CURVE('',#787,#788,#357,.T.);
#963=EDGE_CURVE('',#788,#788,#684,.T.);
#964=EDGE_CURVE('',#789,#789,#685,.T.);
#965=EDGE_CURVE('',#789,#790,#358,.T.);
#966=EDGE_CURVE('',#790,#790,#686,.T.);
#967=EDGE_CURVE('',#791,#791,#687,.T.);
#968=EDGE_CURVE('',#791,#792,#359,.T.);
#969=EDGE_CURVE('',#792,#792,#688,.T.);
#970=EDGE_CURVE('',#793,#793,#689,.T.);
#971=EDGE_CURVE('',#793,#794,#360,.T.);
#972=EDGE_CURVE('',#794,#794,#690,.T.);
#973=EDGE_CURVE('',#795,#795,#691,.T.);
#974=EDGE_CURVE('',#795,#796,#361,.T.);
#975=EDGE_CURVE('',#796,#796,#692,.T.);
#976=EDGE_CURVE('',#797,#798,#362,.T.);
#977=EDGE_CURVE('',#798,#799,#363,.T.);
#978=EDGE_CURVE('',#800,#799,#364,.T.);
#979=EDGE_CURVE('',#800,#797,#365,.T.);
#980=EDGE_CURVE('',#801,#802,#366,.T.);
#981=EDGE_CURVE('',#802,#803,#367,.T.);
#982=EDGE_CURVE('',#803,#804,#368,.T.);
#983=EDGE_CURVE('',#801,#804,#369,.T.);
#984=EDGE_CURVE('',#805,#806,#370,.T.);
#985=EDGE_CURVE('',#806,#807,#371,.T.);
#986=EDGE_CURVE('',#807,#808,#372,.T.);
#987=EDGE_CURVE('',#808,#805,#373,.T.);
#988=EDGE_CURVE('',#799,#809,#374,.T.);
#989=EDGE_CURVE('',#809,#810,#375,.T.);
#990=EDGE_CURVE('',#810,#800,#376,.T.);
#991=EDGE_CURVE('',#811,#812,#377,.T.);
#992=EDGE_CURVE('',#811,#813,#378,.T.);
#993=EDGE_CURVE('',#813,#814,#379,.T.);
#994=EDGE_CURVE('',#814,#812,#380,.T.);
#995=EDGE_CURVE('',#815,#816,#381,.T.);
#996=EDGE_CURVE('',#815,#811,#693,.T.);
#997=EDGE_CURVE('',#812,#817,#382,.T.);
#998=EDGE_CURVE('',#817,#818,#383,.T.);
#999=EDGE_CURVE('',#818,#816,#694,.T.);
#1000=EDGE_CURVE('',#819,#820,#384,.T.);
#1001=EDGE_CURVE('',#819,#815,#385,.T.);
#1002=EDGE_CURVE('',#816,#820,#386,.T.);
#1003=EDGE_CURVE('',#813,#819,#695,.T.);
#1004=EDGE_CURVE('',#820,#821,#696,.T.);
#1005=EDGE_CURVE('',#822,#821,#387,.T.);
#1006=EDGE_CURVE('',#814,#822,#388,.T.);
#1007=EDGE_CURVE('',#814,#810,#697,.T.);
#1008=EDGE_CURVE('',#823,#822,#698,.T.);
#1009=EDGE_CURVE('',#810,#823,#389,.T.);
#1010=EDGE_CURVE('',#812,#809,#699,.T.);
#1011=EDGE_CURVE('',#809,#824,#390,.T.);
#1012=EDGE_CURVE('',#824,#817,#700,.T.);
#1013=EDGE_CURVE('',#798,#825,#701,.T.);
#1014=EDGE_CURVE('',#825,#826,#702,.T.);
#1015=EDGE_CURVE('',#826,#827,#391,.T.);
#1016=EDGE_CURVE('',#827,#828,#703,.T.);
#1017=EDGE_CURVE('',#828,#829,#704,.T.);
#1018=EDGE_CURVE('',#804,#829,#392,.T.);
#1019=EDGE_CURVE('',#830,#803,#393,.T.);
#1020=EDGE_CURVE('',#831,#830,#394,.T.);
#1021=EDGE_CURVE('',#831,#832,#395,.T.);
#1022=EDGE_CURVE('',#832,#824,#396,.T.);
#1023=EDGE_CURVE('',#766,#833,#397,.T.);
#1024=EDGE_CURVE('',#834,#765,#398,.T.);
#1025=EDGE_CURVE('',#835,#834,#705,.T.);
#1026=EDGE_CURVE('',#836,#835,#399,.T.);
#1027=EDGE_CURVE('',#833,#836,#706,.T.);
#1028=EDGE_CURVE('',#837,#838,#400,.T.);
#1029=EDGE_CURVE('',#839,#837,#707,.T.);
#1030=EDGE_CURVE('',#770,#839,#401,.T.);
#1031=EDGE_CURVE('',#840,#769,#402,.T.);
#1032=EDGE_CURVE('',#838,#840,#708,.T.);
#1033=EDGE_CURVE('',#841,#842,#403,.T.);
#1034=EDGE_CURVE('',#843,#841,#709,.T.);
#1035=EDGE_CURVE('',#844,#843,#404,.T.);
#1036=EDGE_CURVE('',#845,#844,#710,.T.);
#1037=EDGE_CURVE('',#846,#845,#405,.T.);
#1038=EDGE_CURVE('',#842,#846,#711,.T.);
#1039=EDGE_CURVE('',#847,#848,#406,.T.);
#1040=EDGE_CURVE('',#849,#847,#712,.T.);
#1041=EDGE_CURVE('',#850,#849,#407,.T.);
#1042=EDGE_CURVE('',#851,#850,#713,.T.);
#1043=EDGE_CURVE('',#852,#851,#408,.T.);
#1044=EDGE_CURVE('',#853,#852,#714,.T.);
#1045=EDGE_CURVE('',#854,#853,#409,.T.);
#1046=EDGE_CURVE('',#848,#854,#715,.T.);
#1047=EDGE_CURVE('',#855,#773,#410,.T.);
#1048=EDGE_CURVE('',#856,#855,#716,.T.);
#1049=EDGE_CURVE('',#857,#856,#411,.T.);
#1050=EDGE_CURVE('',#858,#857,#717,.T.);
#1051=EDGE_CURVE('',#774,#858,#412,.T.);
#1052=EDGE_CURVE('',#830,#859,#413,.T.);
#1053=EDGE_CURVE('',#830,#860,#718,.T.);
#1054=EDGE_CURVE('',#861,#860,#414,.T.);
#1055=EDGE_CURVE('',#859,#861,#719,.T.);
#1056=EDGE_CURVE('',#862,#859,#415,.T.);
#1057=EDGE_CURVE('',#831,#862,#416,.T.);
#1058=EDGE_CURVE('',#817,#822,#417,.T.);
#1059=EDGE_CURVE('',#823,#824,#418,.T.);
#1060=EDGE_CURVE('',#821,#818,#419,.T.);
#1061=EDGE_CURVE('',#807,#863,#720,.T.);
#1062=EDGE_CURVE('',#864,#863,#420,.T.);
#1063=EDGE_CURVE('',#864,#865,#721,.T.);
#1064=EDGE_CURVE('',#860,#865,#421,.T.);
#1065=EDGE_CURVE('',#860,#808,#422,.T.);
#1066=EDGE_CURVE('',#863,#866,#423,.T.);
#1067=EDGE_CURVE('',#867,#866,#424,.T.);
#1068=EDGE_CURVE('',#867,#864,#425,.T.);
#1069=EDGE_CURVE('',#866,#806,#722,.T.);
#1070=EDGE_CURVE('',#861,#805,#426,.T.);
#1071=EDGE_CURVE('',#861,#868,#427,.T.);
#1072=EDGE_CURVE('',#868,#867,#723,.T.);
#1073=EDGE_CURVE('',#802,#805,#724,.T.);
#1074=EDGE_CURVE('',#859,#802,#428,.T.);
#1075=EDGE_CURVE('',#869,#823,#429,.T.);
#1076=EDGE_CURVE('',#862,#869,#430,.T.);
#1077=EDGE_CURVE('',#870,#801,#431,.T.);
#1078=EDGE_CURVE('',#871,#870,#725,.T.);
#1079=EDGE_CURVE('',#872,#871,#726,.T.);
#1080=EDGE_CURVE('',#873,#872,#432,.T.);
#1081=EDGE_CURVE('',#874,#873,#727,.T.);
#1082=EDGE_CURVE('',#797,#874,#728,.T.);
#1083=EDGE_CURVE('',#764,#875,#433,.T.);
#1084=EDGE_CURVE('',#875,#876,#729,.T.);
#1085=EDGE_CURVE('',#876,#877,#434,.T.);
#1086=EDGE_CURVE('',#877,#878,#730,.T.);
#1087=EDGE_CURVE('',#878,#763,#435,.T.);
#1088=EDGE_CURVE('',#879,#880,#731,.T.);
#1089=EDGE_CURVE('',#880,#881,#436,.T.);
#1090=EDGE_CURVE('',#881,#882,#732,.T.);
#1091=EDGE_CURVE('',#882,#767,#437,.T.);
#1092=EDGE_CURVE('',#768,#879,#438,.T.);
#1093=EDGE_CURVE('',#883,#884,#733,.T.);
#1094=EDGE_CURVE('',#884,#885,#439,.T.);
#1095=EDGE_CURVE('',#885,#886,#734,.T.);
#1096=EDGE_CURVE('',#886,#887,#440,.T.);
#1097=EDGE_CURVE('',#887,#888,#735,.T.);
#1098=EDGE_CURVE('',#888,#883,#441,.T.);
#1099=EDGE_CURVE('',#889,#890,#736,.T.);
#1100=EDGE_CURVE('',#890,#891,#442,.T.);
#1101=EDGE_CURVE('',#891,#892,#737,.T.);
#1102=EDGE_CURVE('',#892,#893,#443,.T.);
#1103=EDGE_CURVE('',#893,#894,#738,.T.);
#1104=EDGE_CURVE('',#894,#895,#444,.T.);
#1105=EDGE_CURVE('',#895,#896,#739,.T.);
#1106=EDGE_CURVE('',#896,#889,#445,.T.);
#1107=EDGE_CURVE('',#897,#898,#740,.T.);
#1108=EDGE_CURVE('',#898,#771,#446,.T.);
#1109=EDGE_CURVE('',#772,#899,#447,.T.);
#1110=EDGE_CURVE('',#899,#900,#741,.T.);
#1111=EDGE_CURVE('',#900,#897,#448,.T.);
#1112=EDGE_CURVE('',#803,#808,#742,.T.);
#1113=EDGE_CURVE('',#865,#868,#449,.T.);
#1114=EDGE_CURVE('',#832,#869,#450,.T.);
#1115=EDGE_CURVE('',#870,#829,#451,.T.);
#1116=EDGE_CURVE('',#901,#902,#452,.T.);
#1117=EDGE_CURVE('',#831,#901,#743,.T.);
#1118=EDGE_CURVE('',#862,#902,#744,.T.);
#1119=EDGE_CURVE('',#903,#832,#745,.T.);
#1120=EDGE_CURVE('',#903,#904,#453,.T.);
#1121=EDGE_CURVE('',#904,#869,#746,.T.);
#1122=EDGE_CURVE('',#904,#902,#454,.T.);
#1123=EDGE_CURVE('',#901,#903,#455,.T.);
#1124=EDGE_CURVE('',#903,#905,#456,.T.);
#1125=EDGE_CURVE('',#905,#906,#457,.T.);
#1126=EDGE_CURVE('',#904,#906,#458,.T.);
#1127=EDGE_CURVE('',#907,#902,#459,.T.);
#1128=EDGE_CURVE('',#907,#908,#460,.T.);
#1129=EDGE_CURVE('',#908,#901,#461,.T.);
#1130=EDGE_CURVE('',#906,#909,#747,.T.);
#1131=EDGE_CURVE('',#909,#910,#462,.T.);
#1132=EDGE_CURVE('',#910,#907,#748,.T.);
#1133=EDGE_CURVE('',#911,#912,#463,.T.);
#1134=EDGE_CURVE('',#911,#905,#749,.T.);
#1135=EDGE_CURVE('',#908,#912,#750,.T.);
#1136=EDGE_CURVE('',#909,#911,#464,.T.);
#1137=EDGE_CURVE('',#912,#910,#465,.T.);
#1138=EDGE_CURVE('',#874,#825,#466,.T.);
#1139=EDGE_CURVE('',#871,#828,#467,.T.);
#1140=EDGE_CURVE('',#872,#827,#468,.T.);
#1141=EDGE_CURVE('',#873,#826,#469,.T.);
#1142=EDGE_CURVE('',#898,#855,#470,.T.);
#1143=EDGE_CURVE('',#897,#856,#471,.T.);
#1144=EDGE_CURVE('',#900,#857,#472,.T.);
#1145=EDGE_CURVE('',#899,#858,#473,.T.);
#1146=EDGE_CURVE('',#890,#847,#474,.T.);
#1147=EDGE_CURVE('',#889,#849,#475,.T.);
#1148=EDGE_CURVE('',#896,#850,#476,.T.);
#1149=EDGE_CURVE('',#895,#851,#477,.T.);
#1150=EDGE_CURVE('',#894,#852,#478,.T.);
#1151=EDGE_CURVE('',#893,#853,#479,.T.);
#1152=EDGE_CURVE('',#892,#854,#480,.T.);
#1153=EDGE_CURVE('',#891,#848,#481,.T.);
#1154=EDGE_CURVE('',#884,#841,#482,.T.);
#1155=EDGE_CURVE('',#883,#843,#483,.T.);
#1156=EDGE_CURVE('',#888,#844,#484,.T.);
#1157=EDGE_CURVE('',#887,#845,#485,.T.);
#1158=EDGE_CURVE('',#886,#846,#486,.T.);
#1159=EDGE_CURVE('',#885,#842,#487,.T.);
#1160=EDGE_CURVE('',#880,#837,#488,.T.);
#1161=EDGE_CURVE('',#879,#839,#489,.T.);
#1162=EDGE_CURVE('',#882,#840,#490,.T.);
#1163=EDGE_CURVE('',#881,#838,#491,.T.);
#1164=EDGE_CURVE('',#878,#834,#492,.T.);
#1165=EDGE_CURVE('',#877,#835,#493,.T.);
#1166=EDGE_CURVE('',#876,#836,#494,.T.);
#1167=EDGE_CURVE('',#875,#833,#495,.T.);
#1168=ORIENTED_EDGE('',*,*,#913,.T.);
#1169=ORIENTED_EDGE('',*,*,#914,.T.);
#1170=ORIENTED_EDGE('',*,*,#915,.T.);
#1171=ORIENTED_EDGE('',*,*,#914,.F.);
#1172=ORIENTED_EDGE('',*,*,#916,.T.);
#1173=ORIENTED_EDGE('',*,*,#917,.T.);
#1174=ORIENTED_EDGE('',*,*,#918,.T.);
#1175=ORIENTED_EDGE('',*,*,#917,.F.);
#1176=ORIENTED_EDGE('',*,*,#919,.T.);
#1177=ORIENTED_EDGE('',*,*,#920,.T.);
#1178=ORIENTED_EDGE('',*,*,#921,.T.);
#1179=ORIENTED_EDGE('',*,*,#920,.F.);
#1180=ORIENTED_EDGE('',*,*,#922,.T.);
#1181=ORIENTED_EDGE('',*,*,#923,.T.);
#1182=ORIENTED_EDGE('',*,*,#924,.T.);
#1183=ORIENTED_EDGE('',*,*,#923,.F.);
#1184=ORIENTED_EDGE('',*,*,#925,.T.);
#1185=ORIENTED_EDGE('',*,*,#926,.T.);
#1186=ORIENTED_EDGE('',*,*,#927,.T.);
#1187=ORIENTED_EDGE('',*,*,#926,.F.);
#1188=ORIENTED_EDGE('',*,*,#928,.T.);
#1189=ORIENTED_EDGE('',*,*,#929,.T.);
#1190=ORIENTED_EDGE('',*,*,#930,.T.);
#1191=ORIENTED_EDGE('',*,*,#929,.F.);
#1192=ORIENTED_EDGE('',*,*,#931,.F.);
#1193=ORIENTED_EDGE('',*,*,#932,.T.);
#1194=ORIENTED_EDGE('',*,*,#933,.T.);
#1195=ORIENTED_EDGE('',*,*,#934,.F.);
#1196=ORIENTED_EDGE('',*,*,#935,.F.);
#1197=ORIENTED_EDGE('',*,*,#936,.T.);
#1198=ORIENTED_EDGE('',*,*,#937,.T.);
#1199=ORIENTED_EDGE('',*,*,#938,.F.);
#1200=ORIENTED_EDGE('',*,*,#939,.F.);
#1201=ORIENTED_EDGE('',*,*,#940,.T.);
#1202=ORIENTED_EDGE('',*,*,#941,.T.);
#1203=ORIENTED_EDGE('',*,*,#942,.F.);
#1204=ORIENTED_EDGE('',*,*,#943,.T.);
#1205=ORIENTED_EDGE('',*,*,#944,.T.);
#1206=ORIENTED_EDGE('',*,*,#945,.T.);
#1207=ORIENTED_EDGE('',*,*,#944,.F.);
#1208=ORIENTED_EDGE('',*,*,#946,.T.);
#1209=ORIENTED_EDGE('',*,*,#947,.T.);
#1210=ORIENTED_EDGE('',*,*,#948,.T.);
#1211=ORIENTED_EDGE('',*,*,#947,.F.);
#1212=ORIENTED_EDGE('',*,*,#949,.T.);
#1213=ORIENTED_EDGE('',*,*,#950,.T.);
#1214=ORIENTED_EDGE('',*,*,#951,.T.);
#1215=ORIENTED_EDGE('',*,*,#950,.F.);
#1216=ORIENTED_EDGE('',*,*,#952,.T.);
#1217=ORIENTED_EDGE('',*,*,#953,.T.);
#1218=ORIENTED_EDGE('',*,*,#954,.T.);
#1219=ORIENTED_EDGE('',*,*,#953,.F.);
#1220=ORIENTED_EDGE('',*,*,#955,.T.);
#1221=ORIENTED_EDGE('',*,*,#956,.T.);
#1222=ORIENTED_EDGE('',*,*,#957,.T.);
#1223=ORIENTED_EDGE('',*,*,#956,.F.);
#1224=ORIENTED_EDGE('',*,*,#958,.T.);
#1225=ORIENTED_EDGE('',*,*,#959,.T.);
#1226=ORIENTED_EDGE('',*,*,#960,.T.);
#1227=ORIENTED_EDGE('',*,*,#959,.F.);
#1228=ORIENTED_EDGE('',*,*,#961,.T.);
#1229=ORIENTED_EDGE('',*,*,#962,.T.);
#1230=ORIENTED_EDGE('',*,*,#963,.T.);
#1231=ORIENTED_EDGE('',*,*,#962,.F.);
#1232=ORIENTED_EDGE('',*,*,#964,.T.);
#1233=ORIENTED_EDGE('',*,*,#965,.T.);
#1234=ORIENTED_EDGE('',*,*,#966,.T.);
#1235=ORIENTED_EDGE('',*,*,#965,.F.);
#1236=ORIENTED_EDGE('',*,*,#967,.T.);
#1237=ORIENTED_EDGE('',*,*,#968,.T.);
#1238=ORIENTED_EDGE('',*,*,#969,.T.);
#1239=ORIENTED_EDGE('',*,*,#968,.F.);
#1240=ORIENTED_EDGE('',*,*,#970,.T.);
#1241=ORIENTED_EDGE('',*,*,#971,.T.);
#1242=ORIENTED_EDGE('',*,*,#972,.T.);
#1243=ORIENTED_EDGE('',*,*,#971,.F.);
#1244=ORIENTED_EDGE('',*,*,#973,.F.);
#1245=ORIENTED_EDGE('',*,*,#974,.T.);
#1246=ORIENTED_EDGE('',*,*,#975,.T.);
#1247=ORIENTED_EDGE('',*,*,#974,.F.);
#1248=ORIENTED_EDGE('',*,*,#976,.T.);
#1249=ORIENTED_EDGE('',*,*,#977,.T.);
#1250=ORIENTED_EDGE('',*,*,#978,.F.);
#1251=ORIENTED_EDGE('',*,*,#979,.T.);
#1252=ORIENTED_EDGE('',*,*,#980,.T.);
#1253=ORIENTED_EDGE('',*,*,#981,.T.);
#1254=ORIENTED_EDGE('',*,*,#982,.T.);
#1255=ORIENTED_EDGE('',*,*,#983,.F.);
#1256=ORIENTED_EDGE('',*,*,#984,.T.);
#1257=ORIENTED_EDGE('',*,*,#985,.T.);
#1258=ORIENTED_EDGE('',*,*,#986,.T.);
#1259=ORIENTED_EDGE('',*,*,#987,.T.);
#1260=ORIENTED_EDGE('',*,*,#988,.T.);
#1261=ORIENTED_EDGE('',*,*,#989,.T.);
#1262=ORIENTED_EDGE('',*,*,#990,.T.);
#1263=ORIENTED_EDGE('',*,*,#978,.T.);
#1264=ORIENTED_EDGE('',*,*,#991,.F.);
#1265=ORIENTED_EDGE('',*,*,#992,.T.);
#1266=ORIENTED_EDGE('',*,*,#993,.T.);
#1267=ORIENTED_EDGE('',*,*,#994,.T.);
#1268=ORIENTED_EDGE('',*,*,#995,.F.);
#1269=ORIENTED_EDGE('',*,*,#996,.T.);
#1270=ORIENTED_EDGE('',*,*,#991,.T.);
#1271=ORIENTED_EDGE('',*,*,#997,.T.);
#1272=ORIENTED_EDGE('',*,*,#998,.T.);
#1273=ORIENTED_EDGE('',*,*,#999,.T.);
#1274=ORIENTED_EDGE('',*,*,#954,.F.);
#1275=ORIENTED_EDGE('',*,*,#951,.F.);
#1276=ORIENTED_EDGE('',*,*,#1000,.F.);
#1277=ORIENTED_EDGE('',*,*,#1001,.T.);
#1278=ORIENTED_EDGE('',*,*,#995,.T.);
#1279=ORIENTED_EDGE('',*,*,#1002,.T.);
#1280=ORIENTED_EDGE('',*,*,#993,.F.);
#1281=ORIENTED_EDGE('',*,*,#1003,.T.);
#1282=ORIENTED_EDGE('',*,*,#1000,.T.);
#1283=ORIENTED_EDGE('',*,*,#1004,.T.);
#1284=ORIENTED_EDGE('',*,*,#1005,.F.);
#1285=ORIENTED_EDGE('',*,*,#1006,.F.);
#1286=ORIENTED_EDGE('',*,*,#952,.F.);
#1287=ORIENTED_EDGE('',*,*,#949,.F.);
#1288=ORIENTED_EDGE('',*,*,#1007,.F.);
#1289=ORIENTED_EDGE('',*,*,#1006,.T.);
#1290=ORIENTED_EDGE('',*,*,#1008,.F.);
#1291=ORIENTED_EDGE('',*,*,#1009,.F.);
#1292=ORIENTED_EDGE('',*,*,#997,.F.);
#1293=ORIENTED_EDGE('',*,*,#1010,.T.);
#1294=ORIENTED_EDGE('',*,*,#1011,.T.);
#1295=ORIENTED_EDGE('',*,*,#1012,.T.);
#1296=ORIENTED_EDGE('',*,*,#1011,.F.);
#1297=ORIENTED_EDGE('',*,*,#988,.F.);
#1298=ORIENTED_EDGE('',*,*,#977,.F.);
#1299=ORIENTED_EDGE('',*,*,#1013,.T.);
#1300=ORIENTED_EDGE('',*,*,#1014,.T.);
#1301=ORIENTED_EDGE('',*,*,#1015,.T.);
#1302=ORIENTED_EDGE('',*,*,#1016,.T.);
#1303=ORIENTED_EDGE('',*,*,#1017,.T.);
#1304=ORIENTED_EDGE('',*,*,#1018,.F.);
#1305=ORIENTED_EDGE('',*,*,#982,.F.);
#1306=ORIENTED_EDGE('',*,*,#1019,.F.);
#1307=ORIENTED_EDGE('',*,*,#1020,.F.);
#1308=ORIENTED_EDGE('',*,*,#1021,.T.);
#1309=ORIENTED_EDGE('',*,*,#1022,.T.);
#1310=ORIENTED_EDGE('',*,*,#969,.F.);
#1311=ORIENTED_EDGE('',*,*,#915,.F.);
#1312=ORIENTED_EDGE('',*,*,#918,.F.);
#1313=ORIENTED_EDGE('',*,*,#1023,.F.);
#1314=ORIENTED_EDGE('',*,*,#933,.F.);
#1315=ORIENTED_EDGE('',*,*,#1024,.F.);
#1316=ORIENTED_EDGE('',*,*,#1025,.F.);
#1317=ORIENTED_EDGE('',*,*,#1026,.F.);
#1318=ORIENTED_EDGE('',*,*,#1027,.F.);
#1319=ORIENTED_EDGE('',*,*,#1028,.F.);
#1320=ORIENTED_EDGE('',*,*,#1029,.F.);
#1321=ORIENTED_EDGE('',*,*,#1030,.F.);
#1322=ORIENTED_EDGE('',*,*,#937,.F.);
#1323=ORIENTED_EDGE('',*,*,#1031,.F.);
#1324=ORIENTED_EDGE('',*,*,#1032,.F.);
#1325=ORIENTED_EDGE('',*,*,#1033,.F.);
#1326=ORIENTED_EDGE('',*,*,#1034,.F.);
#1327=ORIENTED_EDGE('',*,*,#1035,.F.);
#1328=ORIENTED_EDGE('',*,*,#1036,.F.);
#1329=ORIENTED_EDGE('',*,*,#1037,.F.);
#1330=ORIENTED_EDGE('',*,*,#1038,.F.);
#1331=ORIENTED_EDGE('',*,*,#1039,.F.);
#1332=ORIENTED_EDGE('',*,*,#1040,.F.);
#1333=ORIENTED_EDGE('',*,*,#1041,.F.);
#1334=ORIENTED_EDGE('',*,*,#1042,.F.);
#1335=ORIENTED_EDGE('',*,*,#1043,.F.);
#1336=ORIENTED_EDGE('',*,*,#1044,.F.);
#1337=ORIENTED_EDGE('',*,*,#1045,.F.);
#1338=ORIENTED_EDGE('',*,*,#1046,.F.);
#1339=ORIENTED_EDGE('',*,*,#1047,.F.);
#1340=ORIENTED_EDGE('',*,*,#1048,.F.);
#1341=ORIENTED_EDGE('',*,*,#1049,.F.);
#1342=ORIENTED_EDGE('',*,*,#1050,.F.);
#1343=ORIENTED_EDGE('',*,*,#1051,.F.);
#1344=ORIENTED_EDGE('',*,*,#941,.F.);
#1345=ORIENTED_EDGE('',*,*,#945,.F.);
#1346=ORIENTED_EDGE('',*,*,#948,.F.);
#1347=ORIENTED_EDGE('',*,*,#963,.F.);
#1348=ORIENTED_EDGE('',*,*,#966,.F.);
#1349=ORIENTED_EDGE('',*,*,#972,.F.);
#1350=ORIENTED_EDGE('',*,*,#975,.F.);
#1351=ORIENTED_EDGE('',*,*,#1052,.F.);
#1352=ORIENTED_EDGE('',*,*,#1053,.T.);
#1353=ORIENTED_EDGE('',*,*,#1054,.F.);
#1354=ORIENTED_EDGE('',*,*,#1055,.F.);
#1355=ORIENTED_EDGE('',*,*,#1020,.T.);
#1356=ORIENTED_EDGE('',*,*,#1052,.T.);
#1357=ORIENTED_EDGE('',*,*,#1056,.F.);
#1358=ORIENTED_EDGE('',*,*,#1057,.F.);
#1359=ORIENTED_EDGE('',*,*,#1058,.F.);
#1360=ORIENTED_EDGE('',*,*,#1012,.F.);
#1361=ORIENTED_EDGE('',*,*,#1059,.F.);
#1362=ORIENTED_EDGE('',*,*,#1008,.T.);
#1363=ORIENTED_EDGE('',*,*,#1005,.T.);
#1364=ORIENTED_EDGE('',*,*,#1060,.T.);
#1365=ORIENTED_EDGE('',*,*,#998,.F.);
#1366=ORIENTED_EDGE('',*,*,#1058,.T.);
#1367=ORIENTED_EDGE('',*,*,#986,.F.);
#1368=ORIENTED_EDGE('',*,*,#1061,.T.);
#1369=ORIENTED_EDGE('',*,*,#1062,.F.);
#1370=ORIENTED_EDGE('',*,*,#1063,.T.);
#1371=ORIENTED_EDGE('',*,*,#1064,.F.);
#1372=ORIENTED_EDGE('',*,*,#1065,.T.);
#1373=ORIENTED_EDGE('',*,*,#957,.F.);
#1374=ORIENTED_EDGE('',*,*,#960,.F.);
#1375=ORIENTED_EDGE('',*,*,#1062,.T.);
#1376=ORIENTED_EDGE('',*,*,#1066,.T.);
#1377=ORIENTED_EDGE('',*,*,#1067,.F.);
#1378=ORIENTED_EDGE('',*,*,#1068,.T.);
#1379=ORIENTED_EDGE('',*,*,#1067,.T.);
#1380=ORIENTED_EDGE('',*,*,#1069,.T.);
#1381=ORIENTED_EDGE('',*,*,#984,.F.);
#1382=ORIENTED_EDGE('',*,*,#1070,.F.);
#1383=ORIENTED_EDGE('',*,*,#1071,.T.);
#1384=ORIENTED_EDGE('',*,*,#1072,.T.);
#1385=ORIENTED_EDGE('',*,*,#955,.F.);
#1386=ORIENTED_EDGE('',*,*,#958,.F.);
#1387=ORIENTED_EDGE('',*,*,#1073,.F.);
#1388=ORIENTED_EDGE('',*,*,#1074,.F.);
#1389=ORIENTED_EDGE('',*,*,#1055,.T.);
#1390=ORIENTED_EDGE('',*,*,#1070,.T.);
#1391=ORIENTED_EDGE('',*,*,#990,.F.);
#1392=ORIENTED_EDGE('',*,*,#1009,.T.);
#1393=ORIENTED_EDGE('',*,*,#1075,.F.);
#1394=ORIENTED_EDGE('',*,*,#1076,.F.);
#1395=ORIENTED_EDGE('',*,*,#1056,.T.);
#1396=ORIENTED_EDGE('',*,*,#1074,.T.);
#1397=ORIENTED_EDGE('',*,*,#980,.F.);
#1398=ORIENTED_EDGE('',*,*,#1077,.F.);
#1399=ORIENTED_EDGE('',*,*,#1078,.F.);
#1400=ORIENTED_EDGE('',*,*,#1079,.F.);
#1401=ORIENTED_EDGE('',*,*,#1080,.F.);
#1402=ORIENTED_EDGE('',*,*,#1081,.F.);
#1403=ORIENTED_EDGE('',*,*,#1082,.F.);
#1404=ORIENTED_EDGE('',*,*,#979,.F.);
#1405=ORIENTED_EDGE('',*,*,#961,.F.);
#1406=ORIENTED_EDGE('',*,*,#964,.F.);
#1407=ORIENTED_EDGE('',*,*,#967,.F.);
#1408=ORIENTED_EDGE('',*,*,#970,.F.);
#1409=ORIENTED_EDGE('',*,*,#973,.T.);
#1410=ORIENTED_EDGE('',*,*,#913,.F.);
#1411=ORIENTED_EDGE('',*,*,#916,.F.);
#1412=ORIENTED_EDGE('',*,*,#931,.T.);
#1413=ORIENTED_EDGE('',*,*,#1083,.T.);
#1414=ORIENTED_EDGE('',*,*,#1084,.T.);
#1415=ORIENTED_EDGE('',*,*,#1085,.T.);
#1416=ORIENTED_EDGE('',*,*,#1086,.T.);
#1417=ORIENTED_EDGE('',*,*,#1087,.T.);
#1418=ORIENTED_EDGE('',*,*,#1088,.T.);
#1419=ORIENTED_EDGE('',*,*,#1089,.T.);
#1420=ORIENTED_EDGE('',*,*,#1090,.T.);
#1421=ORIENTED_EDGE('',*,*,#1091,.T.);
#1422=ORIENTED_EDGE('',*,*,#935,.T.);
#1423=ORIENTED_EDGE('',*,*,#1092,.T.);
#1424=ORIENTED_EDGE('',*,*,#1093,.T.);
#1425=ORIENTED_EDGE('',*,*,#1094,.T.);
#1426=ORIENTED_EDGE('',*,*,#1095,.T.);
#1427=ORIENTED_EDGE('',*,*,#1096,.T.);
#1428=ORIENTED_EDGE('',*,*,#1097,.T.);
#1429=ORIENTED_EDGE('',*,*,#1098,.T.);
#1430=ORIENTED_EDGE('',*,*,#1099,.T.);
#1431=ORIENTED_EDGE('',*,*,#1100,.T.);
#1432=ORIENTED_EDGE('',*,*,#1101,.T.);
#1433=ORIENTED_EDGE('',*,*,#1102,.T.);
#1434=ORIENTED_EDGE('',*,*,#1103,.T.);
#1435=ORIENTED_EDGE('',*,*,#1104,.T.);
#1436=ORIENTED_EDGE('',*,*,#1105,.T.);
#1437=ORIENTED_EDGE('',*,*,#1106,.T.);
#1438=ORIENTED_EDGE('',*,*,#1107,.T.);
#1439=ORIENTED_EDGE('',*,*,#1108,.T.);
#1440=ORIENTED_EDGE('',*,*,#939,.T.);
#1441=ORIENTED_EDGE('',*,*,#1109,.T.);
#1442=ORIENTED_EDGE('',*,*,#1110,.T.);
#1443=ORIENTED_EDGE('',*,*,#1111,.T.);
#1444=ORIENTED_EDGE('',*,*,#943,.F.);
#1445=ORIENTED_EDGE('',*,*,#946,.F.);
#1446=ORIENTED_EDGE('',*,*,#1019,.T.);
#1447=ORIENTED_EDGE('',*,*,#1112,.T.);
#1448=ORIENTED_EDGE('',*,*,#1065,.F.);
#1449=ORIENTED_EDGE('',*,*,#1053,.F.);
#1450=ORIENTED_EDGE('',*,*,#1064,.T.);
#1451=ORIENTED_EDGE('',*,*,#1113,.T.);
#1452=ORIENTED_EDGE('',*,*,#1071,.F.);
#1453=ORIENTED_EDGE('',*,*,#1054,.T.);
#1454=ORIENTED_EDGE('',*,*,#1075,.T.);
#1455=ORIENTED_EDGE('',*,*,#1059,.T.);
#1456=ORIENTED_EDGE('',*,*,#1022,.F.);
#1457=ORIENTED_EDGE('',*,*,#1114,.T.);
#1458=ORIENTED_EDGE('',*,*,#989,.F.);
#1459=ORIENTED_EDGE('',*,*,#1010,.F.);
#1460=ORIENTED_EDGE('',*,*,#994,.F.);
#1461=ORIENTED_EDGE('',*,*,#1007,.T.);
#1462=ORIENTED_EDGE('',*,*,#981,.F.);
#1463=ORIENTED_EDGE('',*,*,#1073,.T.);
#1464=ORIENTED_EDGE('',*,*,#987,.F.);
#1465=ORIENTED_EDGE('',*,*,#1112,.F.);
#1466=ORIENTED_EDGE('',*,*,#1018,.T.);
#1467=ORIENTED_EDGE('',*,*,#1115,.F.);
#1468=ORIENTED_EDGE('',*,*,#1077,.T.);
#1469=ORIENTED_EDGE('',*,*,#983,.T.);
#1470=ORIENTED_EDGE('',*,*,#1003,.F.);
#1471=ORIENTED_EDGE('',*,*,#992,.F.);
#1472=ORIENTED_EDGE('',*,*,#996,.F.);
#1473=ORIENTED_EDGE('',*,*,#1001,.F.);
#1474=ORIENTED_EDGE('',*,*,#1061,.F.);
#1475=ORIENTED_EDGE('',*,*,#985,.F.);
#1476=ORIENTED_EDGE('',*,*,#1069,.F.);
#1477=ORIENTED_EDGE('',*,*,#1066,.F.);
#1478=ORIENTED_EDGE('',*,*,#1004,.F.);
#1479=ORIENTED_EDGE('',*,*,#1002,.F.);
#1480=ORIENTED_EDGE('',*,*,#999,.F.);
#1481=ORIENTED_EDGE('',*,*,#1060,.F.);
#1482=ORIENTED_EDGE('',*,*,#1072,.F.);
#1483=ORIENTED_EDGE('',*,*,#1113,.F.);
#1484=ORIENTED_EDGE('',*,*,#1063,.F.);
#1485=ORIENTED_EDGE('',*,*,#1068,.F.);
#1486=ORIENTED_EDGE('',*,*,#1116,.F.);
#1487=ORIENTED_EDGE('',*,*,#1117,.F.);
#1488=ORIENTED_EDGE('',*,*,#1057,.T.);
#1489=ORIENTED_EDGE('',*,*,#1118,.T.);
#1490=ORIENTED_EDGE('',*,*,#1119,.F.);
#1491=ORIENTED_EDGE('',*,*,#1120,.T.);
#1492=ORIENTED_EDGE('',*,*,#1121,.T.);
#1493=ORIENTED_EDGE('',*,*,#1114,.F.);
#1494=ORIENTED_EDGE('',*,*,#1076,.T.);
#1495=ORIENTED_EDGE('',*,*,#1121,.F.);
#1496=ORIENTED_EDGE('',*,*,#1122,.T.);
#1497=ORIENTED_EDGE('',*,*,#1118,.F.);
#1498=ORIENTED_EDGE('',*,*,#1021,.F.);
#1499=ORIENTED_EDGE('',*,*,#1117,.T.);
#1500=ORIENTED_EDGE('',*,*,#1123,.T.);
#1501=ORIENTED_EDGE('',*,*,#1119,.T.);
#1502=ORIENTED_EDGE('',*,*,#1124,.T.);
#1503=ORIENTED_EDGE('',*,*,#1125,.T.);
#1504=ORIENTED_EDGE('',*,*,#1126,.F.);
#1505=ORIENTED_EDGE('',*,*,#1120,.F.);
#1506=ORIENTED_EDGE('',*,*,#1127,.F.);
#1507=ORIENTED_EDGE('',*,*,#1128,.T.);
#1508=ORIENTED_EDGE('',*,*,#1129,.T.);
#1509=ORIENTED_EDGE('',*,*,#1116,.T.);
#1510=ORIENTED_EDGE('',*,*,#1126,.T.);
#1511=ORIENTED_EDGE('',*,*,#1130,.T.);
#1512=ORIENTED_EDGE('',*,*,#1131,.T.);
#1513=ORIENTED_EDGE('',*,*,#1132,.T.);
#1514=ORIENTED_EDGE('',*,*,#1127,.T.);
#1515=ORIENTED_EDGE('',*,*,#1122,.F.);
#1516=ORIENTED_EDGE('',*,*,#921,.F.);
#1517=ORIENTED_EDGE('',*,*,#924,.F.);
#1518=ORIENTED_EDGE('',*,*,#927,.F.);
#1519=ORIENTED_EDGE('',*,*,#930,.F.);
#1520=ORIENTED_EDGE('',*,*,#1133,.F.);
#1521=ORIENTED_EDGE('',*,*,#1134,.T.);
#1522=ORIENTED_EDGE('',*,*,#1124,.F.);
#1523=ORIENTED_EDGE('',*,*,#1123,.F.);
#1524=ORIENTED_EDGE('',*,*,#1129,.F.);
#1525=ORIENTED_EDGE('',*,*,#1135,.T.);
#1526=ORIENTED_EDGE('',*,*,#919,.F.);
#1527=ORIENTED_EDGE('',*,*,#922,.F.);
#1528=ORIENTED_EDGE('',*,*,#925,.F.);
#1529=ORIENTED_EDGE('',*,*,#928,.F.);
#1530=ORIENTED_EDGE('',*,*,#1131,.F.);
#1531=ORIENTED_EDGE('',*,*,#1136,.T.);
#1532=ORIENTED_EDGE('',*,*,#1133,.T.);
#1533=ORIENTED_EDGE('',*,*,#1137,.T.);
#1534=ORIENTED_EDGE('',*,*,#1130,.F.);
#1535=ORIENTED_EDGE('',*,*,#1125,.F.);
#1536=ORIENTED_EDGE('',*,*,#1134,.F.);
#1537=ORIENTED_EDGE('',*,*,#1136,.F.);
#1538=ORIENTED_EDGE('',*,*,#1132,.F.);
#1539=ORIENTED_EDGE('',*,*,#1137,.F.);
#1540=ORIENTED_EDGE('',*,*,#1135,.F.);
#1541=ORIENTED_EDGE('',*,*,#1128,.F.);
#1542=ORIENTED_EDGE('',*,*,#1013,.F.);
#1543=ORIENTED_EDGE('',*,*,#976,.F.);
#1544=ORIENTED_EDGE('',*,*,#1082,.T.);
#1545=ORIENTED_EDGE('',*,*,#1138,.T.);
#1546=ORIENTED_EDGE('',*,*,#1017,.F.);
#1547=ORIENTED_EDGE('',*,*,#1139,.F.);
#1548=ORIENTED_EDGE('',*,*,#1078,.T.);
#1549=ORIENTED_EDGE('',*,*,#1115,.T.);
#1550=ORIENTED_EDGE('',*,*,#1016,.F.);
#1551=ORIENTED_EDGE('',*,*,#1140,.F.);
#1552=ORIENTED_EDGE('',*,*,#1079,.T.);
#1553=ORIENTED_EDGE('',*,*,#1139,.T.);
#1554=ORIENTED_EDGE('',*,*,#1015,.F.);
#1555=ORIENTED_EDGE('',*,*,#1141,.F.);
#1556=ORIENTED_EDGE('',*,*,#1080,.T.);
#1557=ORIENTED_EDGE('',*,*,#1140,.T.);
#1558=ORIENTED_EDGE('',*,*,#1014,.F.);
#1559=ORIENTED_EDGE('',*,*,#1138,.F.);
#1560=ORIENTED_EDGE('',*,*,#1081,.T.);
#1561=ORIENTED_EDGE('',*,*,#1141,.T.);
#1562=ORIENTED_EDGE('',*,*,#1048,.T.);
#1563=ORIENTED_EDGE('',*,*,#1142,.F.);
#1564=ORIENTED_EDGE('',*,*,#1107,.F.);
#1565=ORIENTED_EDGE('',*,*,#1143,.T.);
#1566=ORIENTED_EDGE('',*,*,#1049,.T.);
#1567=ORIENTED_EDGE('',*,*,#1143,.F.);
#1568=ORIENTED_EDGE('',*,*,#1111,.F.);
#1569=ORIENTED_EDGE('',*,*,#1144,.T.);
#1570=ORIENTED_EDGE('',*,*,#1050,.T.);
#1571=ORIENTED_EDGE('',*,*,#1144,.F.);
#1572=ORIENTED_EDGE('',*,*,#1110,.F.);
#1573=ORIENTED_EDGE('',*,*,#1145,.T.);
#1574=ORIENTED_EDGE('',*,*,#1051,.T.);
#1575=ORIENTED_EDGE('',*,*,#1145,.F.);
#1576=ORIENTED_EDGE('',*,*,#1109,.F.);
#1577=ORIENTED_EDGE('',*,*,#942,.T.);
#1578=ORIENTED_EDGE('',*,*,#1047,.T.);
#1579=ORIENTED_EDGE('',*,*,#940,.F.);
#1580=ORIENTED_EDGE('',*,*,#1108,.F.);
#1581=ORIENTED_EDGE('',*,*,#1142,.T.);
#1582=ORIENTED_EDGE('',*,*,#1040,.T.);
#1583=ORIENTED_EDGE('',*,*,#1146,.F.);
#1584=ORIENTED_EDGE('',*,*,#1099,.F.);
#1585=ORIENTED_EDGE('',*,*,#1147,.T.);
#1586=ORIENTED_EDGE('',*,*,#1041,.T.);
#1587=ORIENTED_EDGE('',*,*,#1147,.F.);
#1588=ORIENTED_EDGE('',*,*,#1106,.F.);
#1589=ORIENTED_EDGE('',*,*,#1148,.T.);
#1590=ORIENTED_EDGE('',*,*,#1042,.T.);
#1591=ORIENTED_EDGE('',*,*,#1148,.F.);
#1592=ORIENTED_EDGE('',*,*,#1105,.F.);
#1593=ORIENTED_EDGE('',*,*,#1149,.T.);
#1594=ORIENTED_EDGE('',*,*,#1043,.T.);
#1595=ORIENTED_EDGE('',*,*,#1149,.F.);
#1596=ORIENTED_EDGE('',*,*,#1104,.F.);
#1597=ORIENTED_EDGE('',*,*,#1150,.T.);
#1598=ORIENTED_EDGE('',*,*,#1044,.T.);
#1599=ORIENTED_EDGE('',*,*,#1150,.F.);
#1600=ORIENTED_EDGE('',*,*,#1103,.F.);
#1601=ORIENTED_EDGE('',*,*,#1151,.T.);
#1602=ORIENTED_EDGE('',*,*,#1045,.T.);
#1603=ORIENTED_EDGE('',*,*,#1151,.F.);
#1604=ORIENTED_EDGE('',*,*,#1102,.F.);
#1605=ORIENTED_EDGE('',*,*,#1152,.T.);
#1606=ORIENTED_EDGE('',*,*,#1046,.T.);
#1607=ORIENTED_EDGE('',*,*,#1152,.F.);
#1608=ORIENTED_EDGE('',*,*,#1101,.F.);
#1609=ORIENTED_EDGE('',*,*,#1153,.T.);
#1610=ORIENTED_EDGE('',*,*,#1039,.T.);
#1611=ORIENTED_EDGE('',*,*,#1153,.F.);
#1612=ORIENTED_EDGE('',*,*,#1100,.F.);
#1613=ORIENTED_EDGE('',*,*,#1146,.T.);
#1614=ORIENTED_EDGE('',*,*,#1034,.T.);
#1615=ORIENTED_EDGE('',*,*,#1154,.F.);
#1616=ORIENTED_EDGE('',*,*,#1093,.F.);
#1617=ORIENTED_EDGE('',*,*,#1155,.T.);
#1618=ORIENTED_EDGE('',*,*,#1035,.T.);
#1619=ORIENTED_EDGE('',*,*,#1155,.F.);
#1620=ORIENTED_EDGE('',*,*,#1098,.F.);
#1621=ORIENTED_EDGE('',*,*,#1156,.T.);
#1622=ORIENTED_EDGE('',*,*,#1036,.T.);
#1623=ORIENTED_EDGE('',*,*,#1156,.F.);
#1624=ORIENTED_EDGE('',*,*,#1097,.F.);
#1625=ORIENTED_EDGE('',*,*,#1157,.T.);
#1626=ORIENTED_EDGE('',*,*,#1037,.T.);
#1627=ORIENTED_EDGE('',*,*,#1157,.F.);
#1628=ORIENTED_EDGE('',*,*,#1096,.F.);
#1629=ORIENTED_EDGE('',*,*,#1158,.T.);
#1630=ORIENTED_EDGE('',*,*,#1038,.T.);
#1631=ORIENTED_EDGE('',*,*,#1158,.F.);
#1632=ORIENTED_EDGE('',*,*,#1095,.F.);
#1633=ORIENTED_EDGE('',*,*,#1159,.T.);
#1634=ORIENTED_EDGE('',*,*,#1033,.T.);
#1635=ORIENTED_EDGE('',*,*,#1159,.F.);
#1636=ORIENTED_EDGE('',*,*,#1094,.F.);
#1637=ORIENTED_EDGE('',*,*,#1154,.T.);
#1638=ORIENTED_EDGE('',*,*,#1029,.T.);
#1639=ORIENTED_EDGE('',*,*,#1160,.F.);
#1640=ORIENTED_EDGE('',*,*,#1088,.F.);
#1641=ORIENTED_EDGE('',*,*,#1161,.T.);
#1642=ORIENTED_EDGE('',*,*,#1030,.T.);
#1643=ORIENTED_EDGE('',*,*,#1161,.F.);
#1644=ORIENTED_EDGE('',*,*,#1092,.F.);
#1645=ORIENTED_EDGE('',*,*,#938,.T.);
#1646=ORIENTED_EDGE('',*,*,#1031,.T.);
#1647=ORIENTED_EDGE('',*,*,#936,.F.);
#1648=ORIENTED_EDGE('',*,*,#1091,.F.);
#1649=ORIENTED_EDGE('',*,*,#1162,.T.);
#1650=ORIENTED_EDGE('',*,*,#1032,.T.);
#1651=ORIENTED_EDGE('',*,*,#1162,.F.);
#1652=ORIENTED_EDGE('',*,*,#1090,.F.);
#1653=ORIENTED_EDGE('',*,*,#1163,.T.);
#1654=ORIENTED_EDGE('',*,*,#1028,.T.);
#1655=ORIENTED_EDGE('',*,*,#1163,.F.);
#1656=ORIENTED_EDGE('',*,*,#1089,.F.);
#1657=ORIENTED_EDGE('',*,*,#1160,.T.);
#1658=ORIENTED_EDGE('',*,*,#1024,.T.);
#1659=ORIENTED_EDGE('',*,*,#932,.F.);
#1660=ORIENTED_EDGE('',*,*,#1087,.F.);
#1661=ORIENTED_EDGE('',*,*,#1164,.T.);
#1662=ORIENTED_EDGE('',*,*,#1025,.T.);
#1663=ORIENTED_EDGE('',*,*,#1164,.F.);
#1664=ORIENTED_EDGE('',*,*,#1086,.F.);
#1665=ORIENTED_EDGE('',*,*,#1165,.T.);
#1666=ORIENTED_EDGE('',*,*,#1026,.T.);
#1667=ORIENTED_EDGE('',*,*,#1165,.F.);
#1668=ORIENTED_EDGE('',*,*,#1085,.F.);
#1669=ORIENTED_EDGE('',*,*,#1166,.T.);
#1670=ORIENTED_EDGE('',*,*,#1027,.T.);
#1671=ORIENTED_EDGE('',*,*,#1166,.F.);
#1672=ORIENTED_EDGE('',*,*,#1084,.F.);
#1673=ORIENTED_EDGE('',*,*,#1167,.T.);
#1674=ORIENTED_EDGE('',*,*,#1023,.T.);
#1675=ORIENTED_EDGE('',*,*,#1167,.F.);
#1676=ORIENTED_EDGE('',*,*,#1083,.F.);
#1677=ORIENTED_EDGE('',*,*,#934,.T.);
#1678=CYLINDRICAL_SURFACE('',#1836,5.25);
#1679=CYLINDRICAL_SURFACE('',#1839,5.25);
#1680=CYLINDRICAL_SURFACE('',#1842,3.05);
#1681=CYLINDRICAL_SURFACE('',#1845,3.05);
#1682=CYLINDRICAL_SURFACE('',#1848,3.05);
#1683=CYLINDRICAL_SURFACE('',#1851,3.05);
#1684=CYLINDRICAL_SURFACE('',#1854,3.);
#1685=CYLINDRICAL_SURFACE('',#1857,3.);
#1686=CYLINDRICAL_SURFACE('',#1860,3.);
#1687=CYLINDRICAL_SURFACE('',#1863,1.24999999999999);
#1688=CYLINDRICAL_SURFACE('',#1866,1.24999999999999);
#1689=CYLINDRICAL_SURFACE('',#1869,3.49999999999997);
#1690=CYLINDRICAL_SURFACE('',#1872,3.49999999999998);
#1691=CYLINDRICAL_SURFACE('',#1875,3.49999999999998);
#1692=CYLINDRICAL_SURFACE('',#1878,3.49999999999997);
#1693=CYLINDRICAL_SURFACE('',#1881,2.75);
#1694=CYLINDRICAL_SURFACE('',#1884,2.75);
#1695=CYLINDRICAL_SURFACE('',#1887,2.75);
#1696=CYLINDRICAL_SURFACE('',#1890,2.75);
#1697=CYLINDRICAL_SURFACE('',#1893,27.);
#1698=CYLINDRICAL_SURFACE('',#1908,2.4);
#1699=CYLINDRICAL_SURFACE('',#1911,4.4);
#1700=CYLINDRICAL_SURFACE('',#1945,2.4);
#1701=CYLINDRICAL_SURFACE('',#1965,4.4);
#1702=CYLINDRICAL_SURFACE('',#1972,10.);
#1703=CYLINDRICAL_SURFACE('',#1973,10.);
#1704=CYLINDRICAL_SURFACE('',#1974,10.);
#1705=CYLINDRICAL_SURFACE('',#1975,10.);
#1706=CYLINDRICAL_SURFACE('',#1982,4.39999999999999);
#1707=CYLINDRICAL_SURFACE('',#1983,2.39999999999999);
#1708=CYLINDRICAL_SURFACE('',#1993,5.);
#1709=CYLINDRICAL_SURFACE('',#1994,5.);
#1710=CYLINDRICAL_SURFACE('',#1995,16.8015151515151);
#1711=CYLINDRICAL_SURFACE('',#1996,16.8015151515151);
#1712=CYLINDRICAL_SURFACE('',#1997,16.8015151515151);
#1713=CYLINDRICAL_SURFACE('',#1999,16.8015151515151);
#1714=CYLINDRICAL_SURFACE('',#2000,3.00000000000002);
#1715=CYLINDRICAL_SURFACE('',#2002,3.);
#1716=CYLINDRICAL_SURFACE('',#2005,3.);
#1717=CYLINDRICAL_SURFACE('',#2007,3.);
#1718=CYLINDRICAL_SURFACE('',#2009,3.);
#1719=CYLINDRICAL_SURFACE('',#2011,3.);
#1720=CYLINDRICAL_SURFACE('',#2013,3.00000000000002);
#1721=CYLINDRICAL_SURFACE('',#2015,3.);
#1722=CYLINDRICAL_SURFACE('',#2017,3.);
#1723=CYLINDRICAL_SURFACE('',#2019,3.);
#1724=CYLINDRICAL_SURFACE('',#2022,3.);
#1725=CYLINDRICAL_SURFACE('',#2025,3.);
#1726=CYLINDRICAL_SURFACE('',#2027,3.);
#1727=ADVANCED_FACE('',(#105),#1678,.F.);
#1728=ADVANCED_FACE('',(#106),#1679,.F.);
#1729=ADVANCED_FACE('',(#107),#1680,.F.);
#1730=ADVANCED_FACE('',(#108),#1681,.F.);
#1731=ADVANCED_FACE('',(#109),#1682,.F.);
#1732=ADVANCED_FACE('',(#110),#1683,.F.);
#1733=ADVANCED_FACE('',(#111),#1684,.F.);
#1734=ADVANCED_FACE('',(#112),#1685,.F.);
#1735=ADVANCED_FACE('',(#113),#1686,.F.);
#1736=ADVANCED_FACE('',(#114),#1687,.F.);
#1737=ADVANCED_FACE('',(#115),#1688,.F.);
#1738=ADVANCED_FACE('',(#116),#1689,.F.);
#1739=ADVANCED_FACE('',(#117),#1690,.F.);
#1740=ADVANCED_FACE('',(#118),#1691,.F.);
#1741=ADVANCED_FACE('',(#119),#1692,.F.);
#1742=ADVANCED_FACE('',(#120),#1693,.F.);
#1743=ADVANCED_FACE('',(#121),#1694,.F.);
#1744=ADVANCED_FACE('',(#122),#1695,.F.);
#1745=ADVANCED_FACE('',(#123),#1696,.F.);
#1746=ADVANCED_FACE('',(#124),#1697,.F.);
#1747=ADVANCED_FACE('',(#125),#59,.F.);
#1748=ADVANCED_FACE('',(#126),#60,.F.);
#1749=ADVANCED_FACE('',(#127),#61,.F.);
#1750=ADVANCED_FACE('',(#128),#62,.F.);
#1751=ADVANCED_FACE('',(#129),#63,.F.);
#1752=ADVANCED_FACE('',(#130,#15,#16),#64,.F.);
#1753=ADVANCED_FACE('',(#131),#65,.T.);
#1754=ADVANCED_FACE('',(#132,#17,#18),#66,.T.);
#1755=ADVANCED_FACE('',(#133),#1698,.F.);
#1756=ADVANCED_FACE('',(#134),#1699,.T.);
#1757=ADVANCED_FACE('',(#135,#19,#20,#21,#22,#23,#24,#25,#26,#27,#28,#29,
#30,#31,#32),#67,.F.);
#1758=ADVANCED_FACE('',(#136),#68,.T.);
#1759=ADVANCED_FACE('',(#137),#69,.T.);
#1760=ADVANCED_FACE('',(#138),#70,.T.);
#1761=ADVANCED_FACE('',(#139),#71,.T.);
#1762=ADVANCED_FACE('',(#140,#33,#34),#72,.F.);
#1763=ADVANCED_FACE('',(#141),#73,.T.);
#1764=ADVANCED_FACE('',(#142,#35,#36),#74,.T.);
#1765=ADVANCED_FACE('',(#143),#1700,.F.);
#1766=ADVANCED_FACE('',(#144,#37,#38,#39,#40,#41,#42,#43,#44,#45,#46,#47,
#48,#49,#50),#75,.T.);
#1767=ADVANCED_FACE('',(#145),#1701,.T.);
#1768=ADVANCED_FACE('',(#146),#76,.T.);
#1769=ADVANCED_FACE('',(#147),#77,.F.);
#1770=ADVANCED_FACE('',(#148),#78,.F.);
#1771=ADVANCED_FACE('',(#149),#79,.F.);
#1772=ADVANCED_FACE('',(#150),#80,.F.);
#1773=ADVANCED_FACE('',(#151),#1702,.T.);
#1774=ADVANCED_FACE('',(#152),#1703,.T.);
#1775=ADVANCED_FACE('',(#153),#1704,.T.);
#1776=ADVANCED_FACE('',(#154),#1705,.T.);
#1777=ADVANCED_FACE('',(#155),#81,.T.);
#1778=ADVANCED_FACE('',(#156),#82,.F.);
#1779=ADVANCED_FACE('',(#157),#1706,.T.);
#1780=ADVANCED_FACE('',(#158),#1707,.F.);
#1781=ADVANCED_FACE('',(#159),#83,.F.);
#1782=ADVANCED_FACE('',(#160),#84,.F.);
#1783=ADVANCED_FACE('',(#161,#51,#52,#53,#54),#85,.F.);
#1784=ADVANCED_FACE('',(#162,#55,#56,#57,#58),#86,.T.);
#1785=ADVANCED_FACE('',(#163),#87,.F.);
#1786=ADVANCED_FACE('',(#164),#1708,.T.);
#1787=ADVANCED_FACE('',(#165),#1709,.T.);
#1788=ADVANCED_FACE('',(#166),#1710,.F.);
#1789=ADVANCED_FACE('',(#167),#1711,.F.);
#1790=ADVANCED_FACE('',(#168),#1712,.T.);
#1791=ADVANCED_FACE('',(#169),#88,.T.);
#1792=ADVANCED_FACE('',(#170),#1713,.T.);
#1793=ADVANCED_FACE('',(#171),#1714,.F.);
#1794=ADVANCED_FACE('',(#172),#89,.F.);
#1795=ADVANCED_FACE('',(#173),#1715,.F.);
#1796=ADVANCED_FACE('',(#174),#90,.F.);
#1797=ADVANCED_FACE('',(#175),#91,.F.);
#1798=ADVANCED_FACE('',(#176),#1716,.F.);
#1799=ADVANCED_FACE('',(#177),#92,.F.);
#1800=ADVANCED_FACE('',(#178),#1717,.F.);
#1801=ADVANCED_FACE('',(#179),#93,.F.);
#1802=ADVANCED_FACE('',(#180),#1718,.F.);
#1803=ADVANCED_FACE('',(#181),#94,.F.);
#1804=ADVANCED_FACE('',(#182),#1719,.F.);
#1805=ADVANCED_FACE('',(#183),#95,.F.);
#1806=ADVANCED_FACE('',(#184),#1720,.F.);
#1807=ADVANCED_FACE('',(#185),#96,.F.);
#1808=ADVANCED_FACE('',(#186),#1721,.F.);
#1809=ADVANCED_FACE('',(#187),#97,.F.);
#1810=ADVANCED_FACE('',(#188),#1722,.F.);
#1811=ADVANCED_FACE('',(#189),#98,.F.);
#1812=ADVANCED_FACE('',(#190),#1723,.F.);
#1813=ADVANCED_FACE('',(#191),#99,.F.);
#1814=ADVANCED_FACE('',(#192),#100,.F.);
#1815=ADVANCED_FACE('',(#193),#1724,.F.);
#1816=ADVANCED_FACE('',(#194),#101,.F.);
#1817=ADVANCED_FACE('',(#195),#102,.F.);
#1818=ADVANCED_FACE('',(#196),#1725,.F.);
#1819=ADVANCED_FACE('',(#197),#103,.F.);
#1820=ADVANCED_FACE('',(#198),#1726,.F.);
#1821=ADVANCED_FACE('',(#199),#104,.F.);
#1822=CLOSED_SHELL('',(#1727,#1728,#1729,#1730,#1731,#1732,#1733,#1734,
#1735,#1736,#1737,#1738,#1739,#1740,#1741,#1742,#1743,#1744,#1745,#1746,
#1747,#1748,#1749,#1750,#1751,#1752,#1753,#1754,#1755,#1756,#1757,#1758,
#1759,#1760,#1761,#1762,#1763,#1764,#1765,#1766,#1767,#1768,#1769,#1770,
#1771,#1772,#1773,#1774,#1775,#1776,#1777,#1778,#1779,#1780,#1781,#1782,
#1783,#1784,#1785,#1786,#1787,#1788,#1789,#1790,#1791,#1792,#1793,#1794,
#1795,#1796,#1797,#1798,#1799,#1800,#1801,#1802,#1803,#1804,#1805,#1806,
#1807,#1808,#1809,#1810,#1811,#1812,#1813,#1814,#1815,#1816,#1817,#1818,
#1819,#1820,#1821));
#1823=DERIVED_UNIT_ELEMENT(#1825,1.);
#1824=DERIVED_UNIT_ELEMENT(#3092,-3.);
#1825=(
MASS_UNIT()
NAMED_UNIT(*)
SI_UNIT(.KILO.,.GRAM.)
);
#1826=DERIVED_UNIT((#1823,#1824));
#1827=MEASURE_REPRESENTATION_ITEM('density measure',
POSITIVE_RATIO_MEASURE(7850.),#1826);
#1828=PROPERTY_DEFINITION_REPRESENTATION(#1833,#1830);
#1829=PROPERTY_DEFINITION_REPRESENTATION(#1834,#1831);
#1830=REPRESENTATION('material name',(#1832),#3089);
#1831=REPRESENTATION('density',(#1827),#3089);
#1832=DESCRIPTIVE_REPRESENTATION_ITEM('Steel','Steel');
#1833=PROPERTY_DEFINITION('material property','material name',#3099);
#1834=PROPERTY_DEFINITION('material property','density of part',#3099);
#1835=AXIS2_PLACEMENT_3D('',#2574,#2029,#2030);
#1836=AXIS2_PLACEMENT_3D('',#2575,#2031,#2032);
#1837=AXIS2_PLACEMENT_3D('',#2577,#2033,#2034);
#1838=AXIS2_PLACEMENT_3D('',#2580,#2036,#2037);
#1839=AXIS2_PLACEMENT_3D('',#2581,#2038,#2039);
#1840=AXIS2_PLACEMENT_3D('',#2583,#2040,#2041);
#1841=AXIS2_PLACEMENT_3D('',#2586,#2043,#2044);
#1842=AXIS2_PLACEMENT_3D('',#2587,#2045,#2046);
#1843=AXIS2_PLACEMENT_3D('',#2589,#2047,#2048);
#1844=AXIS2_PLACEMENT_3D('',#2592,#2050,#2051);
#1845=AXIS2_PLACEMENT_3D('',#2593,#2052,#2053);
#1846=AXIS2_PLACEMENT_3D('',#2595,#2054,#2055);
#1847=AXIS2_PLACEMENT_3D('',#2598,#2057,#2058);
#1848=AXIS2_PLACEMENT_3D('',#2599,#2059,#2060);
#1849=AXIS2_PLACEMENT_3D('',#2601,#2061,#2062);
#1850=AXIS2_PLACEMENT_3D('',#2604,#2064,#2065);
#1851=AXIS2_PLACEMENT_3D('',#2605,#2066,#2067);
#1852=AXIS2_PLACEMENT_3D('',#2607,#2068,#2069);
#1853=AXIS2_PLACEMENT_3D('',#2610,#2071,#2072);
#1854=AXIS2_PLACEMENT_3D('',#2611,#2073,#2074);
#1855=AXIS2_PLACEMENT_3D('',#2614,#2075,#2076);
#1856=AXIS2_PLACEMENT_3D('',#2618,#2078,#2079);
#1857=AXIS2_PLACEMENT_3D('',#2620,#2081,#2082);
#1858=AXIS2_PLACEMENT_3D('',#2623,#2083,#2084);
#1859=AXIS2_PLACEMENT_3D('',#2627,#2086,#2087);
#1860=AXIS2_PLACEMENT_3D('',#2629,#2089,#2090);
#1861=AXIS2_PLACEMENT_3D('',#2632,#2091,#2092);
#1862=AXIS2_PLACEMENT_3D('',#2636,#2094,#2095);
#1863=AXIS2_PLACEMENT_3D('',#2638,#2097,#2098);
#1864=AXIS2_PLACEMENT_3D('',#2640,#2099,#2100);
#1865=AXIS2_PLACEMENT_3D('',#2643,#2102,#2103);
#1866=AXIS2_PLACEMENT_3D('',#2644,#2104,#2105);
#1867=AXIS2_PLACEMENT_3D('',#2646,#2106,#2107);
#1868=AXIS2_PLACEMENT_3D('',#2649,#2109,#2110);
#1869=AXIS2_PLACEMENT_3D('',#2650,#2111,#2112);
#1870=AXIS2_PLACEMENT_3D('',#2652,#2113,#2114);
#1871=AXIS2_PLACEMENT_3D('',#2655,#2116,#2117);
#1872=AXIS2_PLACEMENT_3D('',#2656,#2118,#2119);
#1873=AXIS2_PLACEMENT_3D('',#2658,#2120,#2121);
#1874=AXIS2_PLACEMENT_3D('',#2661,#2123,#2124);
#1875=AXIS2_PLACEMENT_3D('',#2662,#2125,#2126);
#1876=AXIS2_PLACEMENT_3D('',#2664,#2127,#2128);
#1877=AXIS2_PLACEMENT_3D('',#2667,#2130,#2131);
#1878=AXIS2_PLACEMENT_3D('',#2668,#2132,#2133);
#1879=AXIS2_PLACEMENT_3D('',#2670,#2134,#2135);
#1880=AXIS2_PLACEMENT_3D('',#2673,#2137,#2138);
#1881=AXIS2_PLACEMENT_3D('',#2674,#2139,#2140);
#1882=AXIS2_PLACEMENT_3D('',#2676,#2141,#2142);
#1883=AXIS2_PLACEMENT_3D('',#2679,#2144,#2145);
#1884=AXIS2_PLACEMENT_3D('',#2680,#2146,#2147);
#1885=AXIS2_PLACEMENT_3D('',#2682,#2148,#2149);
#1886=AXIS2_PLACEMENT_3D('',#2685,#2151,#2152);
#1887=AXIS2_PLACEMENT_3D('',#2686,#2153,#2154);
#1888=AXIS2_PLACEMENT_3D('',#2688,#2155,#2156);
#1889=AXIS2_PLACEMENT_3D('',#2691,#2158,#2159);
#1890=AXIS2_PLACEMENT_3D('',#2692,#2160,#2161);
#1891=AXIS2_PLACEMENT_3D('',#2694,#2162,#2163);
#1892=AXIS2_PLACEMENT_3D('',#2697,#2165,#2166);
#1893=AXIS2_PLACEMENT_3D('',#2698,#2167,#2168);
#1894=AXIS2_PLACEMENT_3D('',#2700,#2169,#2170);
#1895=AXIS2_PLACEMENT_3D('',#2703,#2172,#2173);
#1896=AXIS2_PLACEMENT_3D('',#2704,#2174,#2175);
#1897=AXIS2_PLACEMENT_3D('',#2713,#2180,#2181);
#1898=AXIS2_PLACEMENT_3D('',#2722,#2186,#2187);
#1899=AXIS2_PLACEMENT_3D('',#2731,#2192,#2193);
#1900=AXIS2_PLACEMENT_3D('',#2737,#2197,#2198);
#1901=AXIS2_PLACEMENT_3D('',#2746,#2203,#2204);
#1902=AXIS2_PLACEMENT_3D('',#2750,#2206,#2207);
#1903=AXIS2_PLACEMENT_3D('',#2755,#2210,#2211);
#1904=AXIS2_PLACEMENT_3D('',#2756,#2212,#2213);
#1905=AXIS2_PLACEMENT_3D('',#2762,#2217,#2218);
#1906=AXIS2_PLACEMENT_3D('',#2763,#2219,#2220);
#1907=AXIS2_PLACEMENT_3D('',#2765,#2221,#2222);
#1908=AXIS2_PLACEMENT_3D('',#2769,#2225,#2226);
#1909=AXIS2_PLACEMENT_3D('',#2770,#2227,#2228);
#1910=AXIS2_PLACEMENT_3D('',#2772,#2229,#2230);
#1911=AXIS2_PLACEMENT_3D('',#2774,#2232,#2233);
#1912=AXIS2_PLACEMENT_3D('',#2775,#2234,#2235);
#1913=AXIS2_PLACEMENT_3D('',#2778,#2237,#2238);
#1914=AXIS2_PLACEMENT_3D('',#2779,#2239,#2240);
#1915=AXIS2_PLACEMENT_3D('',#2781,#2241,#2242);
#1916=AXIS2_PLACEMENT_3D('',#2783,#2243,#2244);
#1917=AXIS2_PLACEMENT_3D('',#2787,#2246,#2247);
#1918=AXIS2_PLACEMENT_3D('',#2789,#2248,#2249);
#1919=AXIS2_PLACEMENT_3D('',#2803,#2257,#2258);
#1920=AXIS2_PLACEMENT_3D('',#2806,#2260,#2261);
#1921=AXIS2_PLACEMENT_3D('',#2811,#2263,#2264);
#1922=AXIS2_PLACEMENT_3D('',#2815,#2267,#2268);
#1923=AXIS2_PLACEMENT_3D('',#2820,#2270,#2271);
#1924=AXIS2_PLACEMENT_3D('',#2824,#2273,#2274);
#1925=AXIS2_PLACEMENT_3D('',#2827,#2276,#2277);
#1926=AXIS2_PLACEMENT_3D('',#2832,#2279,#2280);
#1927=AXIS2_PLACEMENT_3D('',#2836,#2282,#2283);
#1928=AXIS2_PLACEMENT_3D('',#2840,#2285,#2286);
#1929=AXIS2_PLACEMENT_3D('',#2843,#2288,#2289);
#1930=AXIS2_PLACEMENT_3D('',#2847,#2291,#2292);
#1931=AXIS2_PLACEMENT_3D('',#2851,#2294,#2295);
#1932=AXIS2_PLACEMENT_3D('',#2853,#2297,#2298);
#1933=AXIS2_PLACEMENT_3D('',#2857,#2300,#2301);
#1934=AXIS2_PLACEMENT_3D('',#2860,#2303,#2304);
#1935=AXIS2_PLACEMENT_3D('',#2861,#2305,#2306);
#1936=AXIS2_PLACEMENT_3D('',#2865,#2309,#2310);
#1937=AXIS2_PLACEMENT_3D('',#2868,#2313,#2314);
#1938=AXIS2_PLACEMENT_3D('',#2870,#2316,#2317);
#1939=AXIS2_PLACEMENT_3D('',#2872,#2318,#2319);
#1940=AXIS2_PLACEMENT_3D('',#2876,#2321,#2322);
#1941=AXIS2_PLACEMENT_3D('',#2879,#2325,#2326);
#1942=AXIS2_PLACEMENT_3D('',#2885,#2330,#2331);
#1943=AXIS2_PLACEMENT_3D('',#2886,#2332,#2333);
#1944=AXIS2_PLACEMENT_3D('',#2890,#2336,#2337);
#1945=AXIS2_PLACEMENT_3D('',#2891,#2338,#2339);
#1946=AXIS2_PLACEMENT_3D('',#2892,#2340,#2341);
#1947=AXIS2_PLACEMENT_3D('',#2894,#2343,#2344);
#1948=AXIS2_PLACEMENT_3D('',#2901,#2348,#2349);
#1949=AXIS2_PLACEMENT_3D('',#2903,#2350,#2351);
#1950=AXIS2_PLACEMENT_3D('',#2907,#2353,#2354);
#1951=AXIS2_PLACEMENT_3D('',#2908,#2355,#2356);
#1952=AXIS2_PLACEMENT_3D('',#2912,#2358,#2359);
#1953=AXIS2_PLACEMENT_3D('',#2916,#2361,#2362);
#1954=AXIS2_PLACEMENT_3D('',#2920,#2364,#2365);
#1955=AXIS2_PLACEMENT_3D('',#2924,#2367,#2368);
#1956=AXIS2_PLACEMENT_3D('',#2929,#2371,#2372);
#1957=AXIS2_PLACEMENT_3D('',#2933,#2374,#2375);
#1958=AXIS2_PLACEMENT_3D('',#2937,#2377,#2378);
#1959=AXIS2_PLACEMENT_3D('',#2941,#2380,#2381);
#1960=AXIS2_PLACEMENT_3D('',#2945,#2383,#2384);
#1961=AXIS2_PLACEMENT_3D('',#2949,#2386,#2387);
#1962=AXIS2_PLACEMENT_3D('',#2953,#2389,#2390);
#1963=AXIS2_PLACEMENT_3D('',#2957,#2392,#2393);
#1964=AXIS2_PLACEMENT_3D('',#2962,#2396,#2397);
#1965=AXIS2_PLACEMENT_3D('',#2964,#2399,#2400);
#1966=AXIS2_PLACEMENT_3D('',#2965,#2401,#2402);
#1967=AXIS2_PLACEMENT_3D('',#2966,#2403,#2404);
#1968=AXIS2_PLACEMENT_3D('',#2968,#2406,#2407);
#1969=AXIS2_PLACEMENT_3D('',#2970,#2409,#2410);
#1970=AXIS2_PLACEMENT_3D('',#2971,#2411,#2412);
#1971=AXIS2_PLACEMENT_3D('',#2972,#2413,#2414);
#1972=AXIS2_PLACEMENT_3D('',#2974,#2416,#2417);
#1973=AXIS2_PLACEMENT_3D('',#2975,#2418,#2419);
#1974=AXIS2_PLACEMENT_3D('',#2976,#2420,#2421);
#1975=AXIS2_PLACEMENT_3D('',#2977,#2422,#2423);
#1976=AXIS2_PLACEMENT_3D('',#2978,#2424,#2425);
#1977=AXIS2_PLACEMENT_3D('',#2982,#2427,#2428);
#1978=AXIS2_PLACEMENT_3D('',#2983,#2429,#2430);
#1979=AXIS2_PLACEMENT_3D('',#2984,#2431,#2432);
#1980=AXIS2_PLACEMENT_3D('',#2986,#2433,#2434);
#1981=AXIS2_PLACEMENT_3D('',#2989,#2436,#2437);
#1982=AXIS2_PLACEMENT_3D('',#2990,#2438,#2439);
#1983=AXIS2_PLACEMENT_3D('',#2992,#2441,#2442);
#1984=AXIS2_PLACEMENT_3D('',#2994,#2444,#2445);
#1985=AXIS2_PLACEMENT_3D('',#3000,#2449,#2450);
#1986=AXIS2_PLACEMENT_3D('',#3006,#2454,#2455);
#1987=AXIS2_PLACEMENT_3D('',#3008,#2456,#2457);
#1988=AXIS2_PLACEMENT_3D('',#3011,#2459,#2460);
#1989=AXIS2_PLACEMENT_3D('',#3012,#2461,#2462);
#1990=AXIS2_PLACEMENT_3D('',#3016,#2464,#2465);
#1991=AXIS2_PLACEMENT_3D('',#3017,#2466,#2467);
#1992=AXIS2_PLACEMENT_3D('',#3018,#2468,#2469);
#1993=AXIS2_PLACEMENT_3D('',#3021,#2472,#2473);
#1994=AXIS2_PLACEMENT_3D('',#3022,#2474,#2475);
#1995=AXIS2_PLACEMENT_3D('',#3023,#2476,#2477);
#1996=AXIS2_PLACEMENT_3D('',#3025,#2479,#2480);
#1997=AXIS2_PLACEMENT_3D('',#3027,#2482,#2483);
#1998=AXIS2_PLACEMENT_3D('',#3029,#2485,#2486);
#1999=AXIS2_PLACEMENT_3D('',#3031,#2488,#2489);
#2000=AXIS2_PLACEMENT_3D('',#3032,#2490,#2491);
#2001=AXIS2_PLACEMENT_3D('',#3035,#2494,#2495);
#2002=AXIS2_PLACEMENT_3D('',#3037,#2497,#2498);
#2003=AXIS2_PLACEMENT_3D('',#3039,#2500,#2501);
#2004=AXIS2_PLACEMENT_3D('',#3040,#2502,#2503);
#2005=AXIS2_PLACEMENT_3D('',#3041,#2504,#2505);
#2006=AXIS2_PLACEMENT_3D('',#3044,#2508,#2509);
#2007=AXIS2_PLACEMENT_3D('',#3046,#2511,#2512);
#2008=AXIS2_PLACEMENT_3D('',#3048,#2514,#2515);
#2009=AXIS2_PLACEMENT_3D('',#3050,#2517,#2518);
#2010=AXIS2_PLACEMENT_3D('',#3052,#2520,#2521);
#2011=AXIS2_PLACEMENT_3D('',#3054,#2523,#2524);
#2012=AXIS2_PLACEMENT_3D('',#3056,#2526,#2527);
#2013=AXIS2_PLACEMENT_3D('',#3057,#2528,#2529);
#2014=AXIS2_PLACEMENT_3D('',#3060,#2532,#2533);
#2015=AXIS2_PLACEMENT_3D('',#3062,#2535,#2536);
#2016=AXIS2_PLACEMENT_3D('',#3064,#2538,#2539);
#2017=AXIS2_PLACEMENT_3D('',#3066,#2541,#2542);
#2018=AXIS2_PLACEMENT_3D('',#3068,#2544,#2545);
#2019=AXIS2_PLACEMENT_3D('',#3069,#2546,#2547);
#2020=AXIS2_PLACEMENT_3D('',#3072,#2550,#2551);
#2021=AXIS2_PLACEMENT_3D('',#3073,#2552,#2553);
#2022=AXIS2_PLACEMENT_3D('',#3075,#2555,#2556);
#2023=AXIS2_PLACEMENT_3D('',#3077,#2558,#2559);
#2024=AXIS2_PLACEMENT_3D('',#3078,#2560,#2561);
#2025=AXIS2_PLACEMENT_3D('',#3080,#2563,#2564);
#2026=AXIS2_PLACEMENT_3D('',#3082,#2566,#2567);
#2027=AXIS2_PLACEMENT_3D('',#3084,#2569,#2570);
#2028=AXIS2_PLACEMENT_3D('',#3086,#2572,#2573);
#2029=DIRECTION('axis',(0.,0.,1.));
#2030=DIRECTION('refdir',(1.,0.,0.));
#2031=DIRECTION('center_axis',(0.,0.,1.));
#2032=DIRECTION('ref_axis',(1.,0.,0.));
#2033=DIRECTION('center_axis',(0.,-6.81249855546624E-19,-1.));
#2034=DIRECTION('ref_axis',(0.,1.,-6.81249855546624E-19));
#2035=DIRECTION('',(0.,0.,1.));
#2036=DIRECTION('center_axis',(0.,0.,1.));
#2037=DIRECTION('ref_axis',(1.,0.,0.));
#2038=DIRECTION('center_axis',(0.,0.,1.));
#2039=DIRECTION('ref_axis',(1.,0.,0.));
#2040=DIRECTION('center_axis',(0.,-6.81249855546624E-19,-1.));
#2041=DIRECTION('ref_axis',(0.,1.,-6.81249855546624E-19));
#2042=DIRECTION('',(0.,0.,1.));
#2043=DIRECTION('center_axis',(0.,0.,1.));
#2044=DIRECTION('ref_axis',(1.,0.,0.));
#2045=DIRECTION('center_axis',(0.,1.,-3.62029247160377E-15));
#2046=DIRECTION('ref_axis',(0.,3.62029247160377E-15,1.));
#2047=DIRECTION('center_axis',(0.,-1.,3.62029247160377E-15));
#2048=DIRECTION('ref_axis',(0.,-3.62029247160377E-15,-1.));
#2049=DIRECTION('',(0.,1.,-3.62029247160377E-15));
#2050=DIRECTION('center_axis',(0.,1.,-3.62029247160377E-15));
#2051=DIRECTION('ref_axis',(0.,3.62029247160377E-15,1.));
#2052=DIRECTION('center_axis',(0.,1.,-3.62029247160377E-15));
#2053=DIRECTION('ref_axis',(0.,3.62029247160377E-15,1.));
#2054=DIRECTION('center_axis',(0.,-1.,3.62029247160377E-15));
#2055=DIRECTION('ref_axis',(0.,-3.62029247160377E-15,-1.));
#2056=DIRECTION('',(0.,1.,-3.62029247160377E-15));
#2057=DIRECTION('center_axis',(0.,1.,-3.62029247160377E-15));
#2058=DIRECTION('ref_axis',(0.,3.62029247160377E-15,1.));
#2059=DIRECTION('center_axis',(0.,1.,-3.62029247160377E-15));
#2060=DIRECTION('ref_axis',(0.,3.62029247160377E-15,1.));
#2061=DIRECTION('center_axis',(0.,-1.,3.62029247160377E-15));
#2062=DIRECTION('ref_axis',(0.,-3.62029247160377E-15,-1.));
#2063=DIRECTION('',(0.,1.,-3.62029247160377E-15));
#2064=DIRECTION('center_axis',(0.,1.,-3.62029247160377E-15));
#2065=DIRECTION('ref_axis',(0.,3.62029247160377E-15,1.));
#2066=DIRECTION('center_axis',(0.,1.,-3.62029247160377E-15));
#2067=DIRECTION('ref_axis',(0.,3.62029247160377E-15,1.));
#2068=DIRECTION('center_axis',(0.,-1.,3.62029247160377E-15));
#2069=DIRECTION('ref_axis',(0.,-3.62029247160377E-15,-1.));
#2070=DIRECTION('',(0.,1.,-3.62029247160377E-15));
#2071=DIRECTION('center_axis',(0.,1.,-3.62029247160377E-15));
#2072=DIRECTION('ref_axis',(0.,3.62029247160377E-15,1.));
#2073=DIRECTION('center_axis',(0.,0.,1.));
#2074=DIRECTION('ref_axis',(1.,0.,0.));
#2075=DIRECTION('center_axis',(0.,0.,1.));
#2076=DIRECTION('ref_axis',(1.,0.,0.));
#2077=DIRECTION('',(0.,0.,1.));
#2078=DIRECTION('center_axis',(0.,0.,1.));
#2079=DIRECTION('ref_axis',(1.,0.,0.));
#2080=DIRECTION('',(0.,0.,1.));
#2081=DIRECTION('center_axis',(0.,0.,1.));
#2082=DIRECTION('ref_axis',(1.,0.,0.));
#2083=DIRECTION('center_axis',(0.,0.,1.));
#2084=DIRECTION('ref_axis',(1.,0.,0.));
#2085=DIRECTION('',(0.,0.,1.));
#2086=DIRECTION('center_axis',(0.,0.,1.));
#2087=DIRECTION('ref_axis',(1.,0.,0.));
#2088=DIRECTION('',(0.,0.,1.));
#2089=DIRECTION('center_axis',(0.,0.,1.));
#2090=DIRECTION('ref_axis',(1.,0.,0.));
#2091=DIRECTION('center_axis',(0.,0.,1.));
#2092=DIRECTION('ref_axis',(1.,0.,0.));
#2093=DIRECTION('',(0.,0.,1.));
#2094=DIRECTION('center_axis',(0.,0.,1.));
#2095=DIRECTION('ref_axis',(1.,0.,0.));
#2096=DIRECTION('',(0.,0.,1.));
#2097=DIRECTION('center_axis',(0.,0.,1.));
#2098=DIRECTION('ref_axis',(1.,0.,0.));
#2099=DIRECTION('center_axis',(0.,-6.81249855546624E-19,-1.));
#2100=DIRECTION('ref_axis',(0.,1.,-6.81249855546624E-19));
#2101=DIRECTION('',(0.,0.,1.));
#2102=DIRECTION('center_axis',(0.,0.,1.));
#2103=DIRECTION('ref_axis',(1.,0.,0.));
#2104=DIRECTION('center_axis',(0.,0.,1.));
#2105=DIRECTION('ref_axis',(1.,0.,0.));
#2106=DIRECTION('center_axis',(0.,-6.81249855546624E-19,-1.));
#2107=DIRECTION('ref_axis',(0.,1.,-6.81249855546624E-19));
#2108=DIRECTION('',(0.,0.,1.));
#2109=DIRECTION('center_axis',(0.,0.,1.));
#2110=DIRECTION('ref_axis',(1.,0.,0.));
#2111=DIRECTION('center_axis',(0.,-1.,0.));
#2112=DIRECTION('ref_axis',(0.,0.,-1.));
#2113=DIRECTION('center_axis',(0.,1.,0.));
#2114=DIRECTION('ref_axis',(0.,0.,1.));
#2115=DIRECTION('',(0.,-1.,0.));
#2116=DIRECTION('center_axis',(0.,-1.,0.));
#2117=DIRECTION('ref_axis',(0.,0.,-1.));
#2118=DIRECTION('center_axis',(0.,-1.,0.));
#2119=DIRECTION('ref_axis',(0.,0.,-1.));
#2120=DIRECTION('center_axis',(0.,1.,0.));
#2121=DIRECTION('ref_axis',(0.,0.,1.));
#2122=DIRECTION('',(0.,-1.,0.));
#2123=DIRECTION('center_axis',(0.,-1.,0.));
#2124=DIRECTION('ref_axis',(0.,0.,-1.));
#2125=DIRECTION('center_axis',(0.,-1.,0.));
#2126=DIRECTION('ref_axis',(0.,0.,-1.));
#2127=DIRECTION('center_axis',(0.,1.,0.));
#2128=DIRECTION('ref_axis',(0.,0.,1.));
#2129=DIRECTION('',(0.,-1.,0.));
#2130=DIRECTION('center_axis',(0.,-1.,0.));
#2131=DIRECTION('ref_axis',(0.,0.,-1.));
#2132=DIRECTION('center_axis',(0.,-1.,0.));
#2133=DIRECTION('ref_axis',(0.,0.,-1.));
#2134=DIRECTION('center_axis',(0.,1.,0.));
#2135=DIRECTION('ref_axis',(0.,0.,1.));
#2136=DIRECTION('',(0.,-1.,0.));
#2137=DIRECTION('center_axis',(0.,-1.,0.));
#2138=DIRECTION('ref_axis',(0.,0.,-1.));
#2139=DIRECTION('center_axis',(0.,0.,1.));
#2140=DIRECTION('ref_axis',(1.,0.,0.));
#2141=DIRECTION('center_axis',(0.,-6.81249855546624E-19,-1.));
#2142=DIRECTION('ref_axis',(0.,1.,-6.81249855546624E-19));
#2143=DIRECTION('',(0.,0.,1.));
#2144=DIRECTION('center_axis',(0.,0.,1.));
#2145=DIRECTION('ref_axis',(1.,0.,0.));
#2146=DIRECTION('center_axis',(0.,0.,1.));
#2147=DIRECTION('ref_axis',(1.,0.,0.));
#2148=DIRECTION('center_axis',(0.,-6.81249855546624E-19,-1.));
#2149=DIRECTION('ref_axis',(0.,1.,-6.81249855546624E-19));
#2150=DIRECTION('',(0.,0.,1.));
#2151=DIRECTION('center_axis',(0.,0.,1.));
#2152=DIRECTION('ref_axis',(1.,0.,0.));
#2153=DIRECTION('center_axis',(0.,0.,1.));
#2154=DIRECTION('ref_axis',(1.,0.,0.));
#2155=DIRECTION('center_axis',(0.,-6.81249855546624E-19,-1.));
#2156=DIRECTION('ref_axis',(0.,1.,-6.81249855546624E-19));
#2157=DIRECTION('',(0.,0.,1.));
#2158=DIRECTION('center_axis',(0.,0.,1.));
#2159=DIRECTION('ref_axis',(1.,0.,0.));
#2160=DIRECTION('center_axis',(0.,0.,1.));
#2161=DIRECTION('ref_axis',(1.,0.,0.));
#2162=DIRECTION('center_axis',(0.,-6.81249855546624E-19,-1.));
#2163=DIRECTION('ref_axis',(0.,1.,-6.81249855546624E-19));
#2164=DIRECTION('',(0.,0.,1.));
#2165=DIRECTION('center_axis',(0.,0.,1.));
#2166=DIRECTION('ref_axis',(1.,0.,0.));
#2167=DIRECTION('center_axis',(0.,0.,1.));
#2168=DIRECTION('ref_axis',(1.,0.,0.));
#2169=DIRECTION('center_axis',(0.,0.,1.));
#2170=DIRECTION('ref_axis',(1.,0.,0.));
#2171=DIRECTION('',(0.,0.,1.));
#2172=DIRECTION('center_axis',(0.,0.,1.));
#2173=DIRECTION('ref_axis',(1.,0.,0.));
#2174=DIRECTION('center_axis',(0.,1.,0.));
#2175=DIRECTION('ref_axis',(0.,0.,1.));
#2176=DIRECTION('',(0.,0.,1.));
#2177=DIRECTION('',(-1.,0.,0.));
#2178=DIRECTION('',(0.,0.,1.));
#2179=DIRECTION('',(1.,0.,0.));
#2180=DIRECTION('center_axis',(1.,0.,0.));
#2181=DIRECTION('ref_axis',(0.,0.,-1.));
#2182=DIRECTION('',(0.,-1.,6.81249855546624E-19));
#2183=DIRECTION('',(0.,3.03576608295941E-15,1.));
#2184=DIRECTION('',(0.,1.,0.));
#2185=DIRECTION('',(0.,0.,1.));
#2186=DIRECTION('center_axis',(1.,0.,0.));
#2187=DIRECTION('ref_axis',(0.,0.,-1.));
#2188=DIRECTION('',(0.,0.,-1.));
#2189=DIRECTION('',(0.,-1.,0.));
#2190=DIRECTION('',(0.,0.,1.));
#2191=DIRECTION('',(0.,1.,0.));
#2192=DIRECTION('center_axis',(-1.,0.,0.));
#2193=DIRECTION('ref_axis',(0.,0.,1.));
#2194=DIRECTION('',(0.,-1.,0.));
#2195=DIRECTION('',(-6.93889390390723E-15,-3.03576608295941E-15,-1.));
#2196=DIRECTION('',(0.,1.,-6.81249855546624E-19));
#2197=DIRECTION('center_axis',(-1.,0.,0.));
#2198=DIRECTION('ref_axis',(0.,0.,1.));
#2199=DIRECTION('',(0.,0.,1.));
#2200=DIRECTION('',(0.,1.,0.));
#2201=DIRECTION('',(0.,0.,1.));
#2202=DIRECTION('',(6.93889390390725E-15,-1.,-8.67361737988406E-16));
#2203=DIRECTION('center_axis',(0.,1.,0.));
#2204=DIRECTION('ref_axis',(0.,0.,1.));
#2205=DIRECTION('',(-1.,0.,0.));
#2206=DIRECTION('center_axis',(0.,-1.,0.));
#2207=DIRECTION('ref_axis',(0.,0.,1.));
#2208=DIRECTION('',(-1.,0.,0.));
#2209=DIRECTION('',(0.,0.,-1.));
#2210=DIRECTION('center_axis',(0.,-1.,0.));
#2211=DIRECTION('ref_axis',(0.,0.,1.));
#2212=DIRECTION('center_axis',(0.,0.,-1.));
#2213=DIRECTION('ref_axis',(-1.,0.,0.));
#2214=DIRECTION('',(-1.,0.,0.));
#2215=DIRECTION('',(0.,-1.,0.));
#2216=DIRECTION('',(0.,1.,0.));
#2217=DIRECTION('center_axis',(0.,1.,0.));
#2218=DIRECTION('ref_axis',(0.,0.,1.));
#2219=DIRECTION('center_axis',(0.,1.,0.));
#2220=DIRECTION('ref_axis',(0.,0.,1.));
#2221=DIRECTION('center_axis',(0.,1.,0.));
#2222=DIRECTION('ref_axis',(0.,0.,1.));
#2223=DIRECTION('',(0.,0.,-1.));
#2224=DIRECTION('',(-1.,0.,0.));
#2225=DIRECTION('center_axis',(-1.,0.,0.));
#2226=DIRECTION('ref_axis',(0.,0.,1.));
#2227=DIRECTION('center_axis',(-1.,0.,0.));
#2228=DIRECTION('ref_axis',(0.,0.,1.));
#2229=DIRECTION('center_axis',(1.,0.,0.));
#2230=DIRECTION('ref_axis',(0.,0.,-1.));
#2231=DIRECTION('',(-1.,0.,0.));
#2232=DIRECTION('center_axis',(-1.,0.,0.));
#2233=DIRECTION('ref_axis',(0.,0.,1.));
#2234=DIRECTION('center_axis',(-1.,0.,0.));
#2235=DIRECTION('ref_axis',(0.,0.,1.));
#2236=DIRECTION('',(-1.,0.,0.));
#2237=DIRECTION('center_axis',(1.,0.,0.));
#2238=DIRECTION('ref_axis',(0.,-1.77414900952173E-15,1.));
#2239=DIRECTION('center_axis',(0.,-6.81249855546624E-19,-1.));
#2240=DIRECTION('ref_axis',(0.,1.,-6.81249855546624E-19));
#2241=DIRECTION('center_axis',(0.,0.,-1.));
#2242=DIRECTION('ref_axis',(-1.,0.,0.));
#2243=DIRECTION('center_axis',(0.,0.,1.));
#2244=DIRECTION('ref_axis',(1.,0.,0.));
#2245=DIRECTION('',(1.,0.,0.));
#2246=DIRECTION('center_axis',(0.,0.,1.));
#2247=DIRECTION('ref_axis',(-1.,0.,0.));
#2248=DIRECTION('center_axis',(0.,0.,-1.));
#2249=DIRECTION('ref_axis',(1.,0.,0.));
#2250=DIRECTION('',(-1.,0.,0.));
#2251=DIRECTION('',(-1.,0.,0.));
#2252=DIRECTION('',(0.,-1.,6.81249855546624E-19));
#2253=DIRECTION('',(-1.,0.,0.));
#2254=DIRECTION('',(0.,-1.,6.81249855546624E-19));
#2255=DIRECTION('',(-0.411913559778763,-0.911222925123368,0.));
#2256=DIRECTION('',(0.222645011025125,0.97489958409347,0.));
#2257=DIRECTION('center_axis',(0.,0.,1.));
#2258=DIRECTION('ref_axis',(1.,0.,0.));
#2259=DIRECTION('',(1.,3.8623452607844E-16,0.));
#2260=DIRECTION('center_axis',(0.,0.,1.));
#2261=DIRECTION('ref_axis',(-1.,0.,0.));
#2262=DIRECTION('',(0.222645011025125,-0.97489958409347,0.));
#2263=DIRECTION('center_axis',(0.,0.,1.));
#2264=DIRECTION('ref_axis',(-1.,0.,0.));
#2265=DIRECTION('',(-0.411913559778763,0.911222925123368,0.));
#2266=DIRECTION('',(1.,-3.8623452607844E-16,0.));
#2267=DIRECTION('center_axis',(0.,0.,1.));
#2268=DIRECTION('ref_axis',(-1.,0.,0.));
#2269=DIRECTION('',(0.,1.,0.));
#2270=DIRECTION('center_axis',(0.,0.,1.));
#2271=DIRECTION('ref_axis',(-1.,0.,0.));
#2272=DIRECTION('',(0.411913559778762,-0.911222925123368,0.));
#2273=DIRECTION('center_axis',(0.,0.,1.));
#2274=DIRECTION('ref_axis',(-1.,0.,0.));
#2275=DIRECTION('',(-1.,0.,0.));
#2276=DIRECTION('center_axis',(0.,0.,1.));
#2277=DIRECTION('ref_axis',(1.,0.,0.));
#2278=DIRECTION('',(1.,0.,0.));
#2279=DIRECTION('center_axis',(0.,0.,1.));
#2280=DIRECTION('ref_axis',(1.,0.,0.));
#2281=DIRECTION('',(0.,-1.,0.));
#2282=DIRECTION('center_axis',(0.,0.,1.));
#2283=DIRECTION('ref_axis',(1.,0.,0.));
#2284=DIRECTION('',(-1.,0.,0.));
#2285=DIRECTION('center_axis',(0.,0.,1.));
#2286=DIRECTION('ref_axis',(-1.,0.,0.));
#2287=DIRECTION('',(0.,1.,0.));
#2288=DIRECTION('center_axis',(0.,0.,1.));
#2289=DIRECTION('ref_axis',(1.,0.,0.));
#2290=DIRECTION('',(0.411913559778762,0.911222925123368,0.));
#2291=DIRECTION('center_axis',(0.,0.,1.));
#2292=DIRECTION('ref_axis',(1.,0.,0.));
#2293=DIRECTION('',(0.,-1.,0.));
#2294=DIRECTION('center_axis',(0.,0.,1.));
#2295=DIRECTION('ref_axis',(-1.,0.,0.));
#2296=DIRECTION('',(-1.,0.,0.));
#2297=DIRECTION('center_axis',(1.,0.,0.));
#2298=DIRECTION('ref_axis',(0.,0.,-1.));
#2299=DIRECTION('',(0.,1.73472347597681E-15,-1.));
#2300=DIRECTION('center_axis',(1.,0.,0.));
#2301=DIRECTION('ref_axis',(0.,-1.77414900952173E-15,1.));
#2302=DIRECTION('',(0.,-1.,0.));
#2303=DIRECTION('center_axis',(1.,0.,0.));
#2304=DIRECTION('ref_axis',(0.,0.,-1.));
#2305=DIRECTION('center_axis',(1.,0.,0.));
#2306=DIRECTION('ref_axis',(0.,0.,-1.));
#2307=DIRECTION('',(0.,-1.,6.81249855546624E-19));
#2308=DIRECTION('',(0.,0.,-1.));
#2309=DIRECTION('center_axis',(-1.,0.,0.));
#2310=DIRECTION('ref_axis',(0.,0.,1.));
#2311=DIRECTION('',(0.,1.,0.));
#2312=DIRECTION('',(0.,-1.73472347597681E-15,1.));
#2313=DIRECTION('center_axis',(-1.,0.,0.));
#2314=DIRECTION('ref_axis',(0.,0.,1.));
#2315=DIRECTION('',(0.,-1.,0.));
#2316=DIRECTION('center_axis',(0.,1.,0.));
#2317=DIRECTION('ref_axis',(0.,0.,1.));
#2318=DIRECTION('center_axis',(0.,-1.,0.));
#2319=DIRECTION('ref_axis',(1.38777878078145E-15,0.,1.));
#2320=DIRECTION('',(-1.,0.,0.));
#2321=DIRECTION('center_axis',(0.,-1.,0.));
#2322=DIRECTION('ref_axis',(0.,0.,1.));
#2323=DIRECTION('',(0.,0.,-1.));
#2324=DIRECTION('',(-1.,0.,0.));
#2325=DIRECTION('center_axis',(0.,0.,-1.));
#2326=DIRECTION('ref_axis',(-1.,0.,0.));
#2327=DIRECTION('',(0.,1.,0.));
#2328=DIRECTION('',(-1.,0.,0.));
#2329=DIRECTION('',(0.,-1.,0.));
#2330=DIRECTION('center_axis',(0.,1.,0.));
#2331=DIRECTION('ref_axis',(0.,0.,1.));
#2332=DIRECTION('center_axis',(0.,1.,0.));
#2333=DIRECTION('ref_axis',(0.,0.,1.));
#2334=DIRECTION('',(-1.,0.,0.));
#2335=DIRECTION('',(0.,0.,-1.));
#2336=DIRECTION('center_axis',(0.,1.,0.));
#2337=DIRECTION('ref_axis',(0.,0.,1.));
#2338=DIRECTION('center_axis',(-1.,0.,0.));
#2339=DIRECTION('ref_axis',(0.,0.,1.));
#2340=DIRECTION('center_axis',(1.,0.,0.));
#2341=DIRECTION('ref_axis',(0.,0.,-1.));
#2342=DIRECTION('',(-1.,0.,0.));
#2343=DIRECTION('center_axis',(0.,-6.81249855546624E-19,-1.));
#2344=DIRECTION('ref_axis',(0.,1.,-6.81249855546624E-19));
#2345=DIRECTION('',(0.,-1.,6.81249855546624E-19));
#2346=DIRECTION('',(-1.,0.,0.));
#2347=DIRECTION('',(1.,0.,0.));
#2348=DIRECTION('center_axis',(0.,0.,-1.));
#2349=DIRECTION('ref_axis',(1.,0.,0.));
#2350=DIRECTION('center_axis',(0.,0.,1.));
#2351=DIRECTION('ref_axis',(-1.,0.,0.));
#2352=DIRECTION('',(1.,0.,0.));
#2353=DIRECTION('center_axis',(0.,0.,1.));
#2354=DIRECTION('ref_axis',(1.,0.,0.));
#2355=DIRECTION('center_axis',(0.,0.,-1.));
#2356=DIRECTION('ref_axis',(-1.,0.,0.));
#2357=DIRECTION('',(-0.411913559778763,-0.911222925123368,0.));
#2358=DIRECTION('center_axis',(0.,0.,1.));
#2359=DIRECTION('ref_axis',(-1.,0.,0.));
#2360=DIRECTION('',(1.,3.8623452607844E-16,0.));
#2361=DIRECTION('center_axis',(0.,0.,1.));
#2362=DIRECTION('ref_axis',(1.,0.,0.));
#2363=DIRECTION('',(0.222645011025125,0.97489958409347,0.));
#2364=DIRECTION('center_axis',(0.,0.,1.));
#2365=DIRECTION('ref_axis',(-1.,0.,0.));
#2366=DIRECTION('',(0.222645011025125,-0.97489958409347,0.));
#2367=DIRECTION('center_axis',(0.,0.,1.));
#2368=DIRECTION('ref_axis',(-1.,0.,0.));
#2369=DIRECTION('',(1.,-3.8623452607844E-16,0.));
#2370=DIRECTION('',(-0.411913559778763,0.911222925123368,0.));
#2371=DIRECTION('center_axis',(0.,0.,1.));
#2372=DIRECTION('ref_axis',(-1.,0.,0.));
#2373=DIRECTION('',(0.,1.,0.));
#2374=DIRECTION('center_axis',(0.,0.,1.));
#2375=DIRECTION('ref_axis',(1.,0.,0.));
#2376=DIRECTION('',(-1.,0.,0.));
#2377=DIRECTION('center_axis',(0.,0.,1.));
#2378=DIRECTION('ref_axis',(-1.,0.,0.));
#2379=DIRECTION('',(0.411913559778762,-0.911222925123368,0.));
#2380=DIRECTION('center_axis',(0.,0.,1.));
#2381=DIRECTION('ref_axis',(1.,0.,0.));
#2382=DIRECTION('',(1.,0.,0.));
#2383=DIRECTION('center_axis',(0.,0.,1.));
#2384=DIRECTION('ref_axis',(1.,0.,0.));
#2385=DIRECTION('',(0.,1.,0.));
#2386=DIRECTION('center_axis',(0.,0.,1.));
#2387=DIRECTION('ref_axis',(-1.,0.,0.));
#2388=DIRECTION('',(-1.,0.,0.));
#2389=DIRECTION('center_axis',(0.,0.,1.));
#2390=DIRECTION('ref_axis',(1.,0.,0.));
#2391=DIRECTION('',(0.,-1.,0.));
#2392=DIRECTION('center_axis',(0.,0.,1.));
#2393=DIRECTION('ref_axis',(1.,0.,0.));
#2394=DIRECTION('',(0.411913559778762,0.911222925123368,0.));
#2395=DIRECTION('',(-1.,0.,0.));
#2396=DIRECTION('center_axis',(0.,0.,1.));
#2397=DIRECTION('ref_axis',(-1.,0.,0.));
#2398=DIRECTION('',(0.,-1.,0.));
#2399=DIRECTION('center_axis',(-1.,0.,0.));
#2400=DIRECTION('ref_axis',(0.,0.,1.));
#2401=DIRECTION('center_axis',(1.,0.,0.));
#2402=DIRECTION('ref_axis',(0.,0.,-1.));
#2403=DIRECTION('center_axis',(1.,0.,0.));
#2404=DIRECTION('ref_axis',(0.,0.,-1.));
#2405=DIRECTION('',(0.,1.,0.));
#2406=DIRECTION('center_axis',(1.,0.,0.));
#2407=DIRECTION('ref_axis',(0.,0.,-1.));
#2408=DIRECTION('',(0.,0.,-1.));
#2409=DIRECTION('center_axis',(-1.,0.,0.));
#2410=DIRECTION('ref_axis',(0.,0.,1.));
#2411=DIRECTION('center_axis',(1.,0.,0.));
#2412=DIRECTION('ref_axis',(0.,0.,-1.));
#2413=DIRECTION('center_axis',(0.,1.,0.));
#2414=DIRECTION('ref_axis',(0.,0.,1.));
#2415=DIRECTION('',(0.,0.,1.));
#2416=DIRECTION('center_axis',(0.,1.,0.));
#2417=DIRECTION('ref_axis',(0.,0.,1.));
#2418=DIRECTION('center_axis',(0.,-1.,0.));
#2419=DIRECTION('ref_axis',(0.,0.,-1.));
#2420=DIRECTION('center_axis',(0.,-1.,0.));
#2421=DIRECTION('ref_axis',(0.,0.,-1.));
#2422=DIRECTION('center_axis',(0.,-1.,0.));
#2423=DIRECTION('ref_axis',(0.,0.,-1.));
#2424=DIRECTION('center_axis',(1.,0.,0.));
#2425=DIRECTION('ref_axis',(0.,0.,-1.));
#2426=DIRECTION('',(0.,1.,-3.71352594376817E-15));
#2427=DIRECTION('center_axis',(1.,0.,0.));
#2428=DIRECTION('ref_axis',(0.,0.,1.));
#2429=DIRECTION('center_axis',(1.,0.,0.));
#2430=DIRECTION('ref_axis',(0.,0.,1.));
#2431=DIRECTION('center_axis',(1.,0.,0.));
#2432=DIRECTION('ref_axis',(0.,0.,-1.));
#2433=DIRECTION('center_axis',(-1.,0.,0.));
#2434=DIRECTION('ref_axis',(0.,0.,1.));
#2435=DIRECTION('',(0.,1.,-3.71352594376817E-15));
#2436=DIRECTION('center_axis',(-1.,0.,0.));
#2437=DIRECTION('ref_axis',(0.,0.,1.));
#2438=DIRECTION('center_axis',(-1.,0.,0.));
#2439=DIRECTION('ref_axis',(0.,1.,-3.6468618529058E-15));
#2440=DIRECTION('',(1.,0.,0.));
#2441=DIRECTION('center_axis',(-1.,0.,0.));
#2442=DIRECTION('ref_axis',(0.,1.,-3.61400724161837E-15));
#2443=DIRECTION('',(-1.,0.,0.));
#2444=DIRECTION('center_axis',(1.,0.,0.));
#2445=DIRECTION('ref_axis',(0.,0.,-1.));
#2446=DIRECTION('',(0.,3.62029247160377E-15,1.));
#2447=DIRECTION('',(0.,1.,-3.49216258869868E-15));
#2448=DIRECTION('',(0.,3.62029247160377E-15,1.));
#2449=DIRECTION('center_axis',(-1.,0.,0.));
#2450=DIRECTION('ref_axis',(0.,0.,1.));
#2451=DIRECTION('',(0.,-3.62029247160377E-15,-1.));
#2452=DIRECTION('',(0.,-1.,3.49216258869868E-15));
#2453=DIRECTION('',(0.,-3.62029247160377E-15,-1.));
#2454=DIRECTION('center_axis',(0.,-1.,3.62029247160377E-15));
#2455=DIRECTION('ref_axis',(0.,-3.62029247160377E-15,-1.));
#2456=DIRECTION('center_axis',(0.,1.,-3.62029247160377E-15));
#2457=DIRECTION('ref_axis',(0.,-3.62029247160377E-15,-1.));
#2458=DIRECTION('',(1.,0.,0.));
#2459=DIRECTION('center_axis',(0.,1.,-3.62029247160377E-15));
#2460=DIRECTION('ref_axis',(0.,-3.62029247160377E-15,-1.));
#2461=DIRECTION('center_axis',(0.,-1.,3.62029247160377E-15));
#2462=DIRECTION('ref_axis',(0.,-3.62029247160377E-15,-1.));
#2463=DIRECTION('',(1.,0.,0.));
#2464=DIRECTION('center_axis',(0.,-1.,3.62029247160377E-15));
#2465=DIRECTION('ref_axis',(0.,-3.62029247160377E-15,-1.));
#2466=DIRECTION('center_axis',(0.,-1.,3.62029247160377E-15));
#2467=DIRECTION('ref_axis',(0.,-3.62029247160377E-15,-1.));
#2468=DIRECTION('center_axis',(0.,-3.49216258869868E-15,-1.));
#2469=DIRECTION('ref_axis',(0.,1.,-3.49216258869868E-15));
#2470=DIRECTION('',(0.,-1.,3.49216258869868E-15));
#2471=DIRECTION('',(0.,1.,-3.49216258869868E-15));
#2472=DIRECTION('center_axis',(0.,-1.,3.49216258869868E-15));
#2473=DIRECTION('ref_axis',(0.,-3.49216258869868E-15,-1.));
#2474=DIRECTION('center_axis',(0.,-1.,3.49216258869868E-15));
#2475=DIRECTION('ref_axis',(0.,-3.49216258869868E-15,-1.));
#2476=DIRECTION('center_axis',(0.,0.,1.));
#2477=DIRECTION('ref_axis',(1.,0.,0.));
#2478=DIRECTION('',(0.,0.,1.));
#2479=DIRECTION('center_axis',(0.,0.,1.));
#2480=DIRECTION('ref_axis',(1.,0.,0.));
#2481=DIRECTION('',(0.,0.,1.));
#2482=DIRECTION('center_axis',(0.,0.,1.));
#2483=DIRECTION('ref_axis',(1.,0.,0.));
#2484=DIRECTION('',(0.,0.,1.));
#2485=DIRECTION('center_axis',(0.,-1.,0.));
#2486=DIRECTION('ref_axis',(0.,0.,-1.));
#2487=DIRECTION('',(0.,0.,1.));
#2488=DIRECTION('center_axis',(0.,0.,1.));
#2489=DIRECTION('ref_axis',(1.,0.,0.));
#2490=DIRECTION('center_axis',(0.,0.,1.));
#2491=DIRECTION('ref_axis',(1.,0.,0.));
#2492=DIRECTION('',(0.,0.,1.));
#2493=DIRECTION('',(0.,0.,1.));
#2494=DIRECTION('center_axis',(-1.,0.,0.));
#2495=DIRECTION('ref_axis',(0.,0.,1.));
#2496=DIRECTION('',(0.,0.,1.));
#2497=DIRECTION('center_axis',(0.,0.,1.));
#2498=DIRECTION('ref_axis',(1.,0.,0.));
#2499=DIRECTION('',(0.,0.,1.));
#2500=DIRECTION('center_axis',(0.,1.,0.));
#2501=DIRECTION('ref_axis',(0.,0.,1.));
#2502=DIRECTION('center_axis',(0.911222925123368,-0.411913559778762,0.));
#2503=DIRECTION('ref_axis',(0.411913559778763,0.911222925123368,0.));
#2504=DIRECTION('center_axis',(0.,0.,1.));
#2505=DIRECTION('ref_axis',(1.,0.,0.));
#2506=DIRECTION('',(0.,0.,1.));
#2507=DIRECTION('',(0.,0.,1.));
#2508=DIRECTION('center_axis',(-1.,0.,0.));
#2509=DIRECTION('ref_axis',(0.,0.,1.));
#2510=DIRECTION('',(0.,0.,1.));
#2511=DIRECTION('center_axis',(0.,0.,1.));
#2512=DIRECTION('ref_axis',(1.,0.,0.));
#2513=DIRECTION('',(0.,0.,1.));
#2514=DIRECTION('center_axis',(0.,1.,0.));
#2515=DIRECTION('ref_axis',(0.,0.,1.));
#2516=DIRECTION('',(0.,0.,1.));
#2517=DIRECTION('center_axis',(0.,0.,1.));
#2518=DIRECTION('ref_axis',(1.,0.,0.));
#2519=DIRECTION('',(0.,0.,1.));
#2520=DIRECTION('center_axis',(1.,0.,0.));
#2521=DIRECTION('ref_axis',(0.,0.,-1.));
#2522=DIRECTION('',(0.,0.,1.));
#2523=DIRECTION('center_axis',(0.,0.,1.));
#2524=DIRECTION('ref_axis',(1.,0.,0.));
#2525=DIRECTION('',(0.,0.,1.));
#2526=DIRECTION('center_axis',(0.,-1.,0.));
#2527=DIRECTION('ref_axis',(0.,0.,-1.));
#2528=DIRECTION('center_axis',(0.,0.,1.));
#2529=DIRECTION('ref_axis',(1.,0.,0.));
#2530=DIRECTION('',(0.,0.,1.));
#2531=DIRECTION('',(0.,0.,1.));
#2532=DIRECTION('center_axis',(-0.911222925123368,-0.411913559778762,0.));
#2533=DIRECTION('ref_axis',(0.411913559778763,-0.911222925123368,0.));
#2534=DIRECTION('',(0.,0.,1.));
#2535=DIRECTION('center_axis',(0.,0.,1.));
#2536=DIRECTION('ref_axis',(-0.840212342142976,0.542257521949317,0.));
#2537=DIRECTION('',(0.,0.,1.));
#2538=DIRECTION('center_axis',(0.,1.,0.));
#2539=DIRECTION('ref_axis',(0.,0.,1.));
#2540=DIRECTION('',(0.,0.,1.));
#2541=DIRECTION('center_axis',(0.,0.,1.));
#2542=DIRECTION('ref_axis',(1.,0.,0.));
#2543=DIRECTION('',(0.,0.,1.));
#2544=DIRECTION('center_axis',(1.,0.,0.));
#2545=DIRECTION('ref_axis',(0.,0.,-1.));
#2546=DIRECTION('center_axis',(0.,0.,1.));
#2547=DIRECTION('ref_axis',(-0.318872739771786,0.947797539472663,0.));
#2548=DIRECTION('',(0.,0.,1.));
#2549=DIRECTION('',(0.,0.,1.));
#2550=DIRECTION('center_axis',(0.911222925123368,0.411913559778763,0.));
#2551=DIRECTION('ref_axis',(-0.411913559778763,0.911222925123368,0.));
#2552=DIRECTION('center_axis',(-3.86234526078439E-16,-1.,0.));
#2553=DIRECTION('ref_axis',(1.,-3.86234526078439E-16,0.));
#2554=DIRECTION('',(0.,0.,1.));
#2555=DIRECTION('center_axis',(0.,0.,1.));
#2556=DIRECTION('ref_axis',(1.,0.,0.));
#2557=DIRECTION('',(0.,0.,1.));
#2558=DIRECTION('center_axis',(-0.974899584093471,-0.222645011025125,0.));
#2559=DIRECTION('ref_axis',(0.222645011025125,-0.974899584093471,0.));
#2560=DIRECTION('center_axis',(0.974899584093471,-0.222645011025125,0.));
#2561=DIRECTION('ref_axis',(0.222645011025125,0.974899584093471,0.));
#2562=DIRECTION('',(0.,0.,1.));
#2563=DIRECTION('center_axis',(0.,0.,1.));
#2564=DIRECTION('ref_axis',(1.,0.,0.));
#2565=DIRECTION('',(0.,0.,1.));
#2566=DIRECTION('center_axis',(3.86234526078439E-16,-1.,0.));
#2567=DIRECTION('ref_axis',(1.,3.86234526078439E-16,0.));
#2568=DIRECTION('',(0.,0.,1.));
#2569=DIRECTION('center_axis',(0.,0.,1.));
#2570=DIRECTION('ref_axis',(-0.840212342142974,-0.542257521949321,0.));
#2571=DIRECTION('',(0.,0.,1.));
#2572=DIRECTION('center_axis',(-0.911222925123368,0.411913559778763,0.));
#2573=DIRECTION('ref_axis',(-0.411913559778763,-0.911222925123368,0.));
#2574=CARTESIAN_POINT('',(0.,0.,0.));
#2575=CARTESIAN_POINT('Origin',(-49.5,44.,0.));
#2576=CARTESIAN_POINT('',(-54.75,44.,-2.));
#2577=CARTESIAN_POINT('Origin',(-49.5,44.,-2.));
#2578=CARTESIAN_POINT('',(-54.75,44.,-5.81707229594993E-16));
#2579=CARTESIAN_POINT('',(-54.75,44.,0.));
#2580=CARTESIAN_POINT('Origin',(-49.5,44.,-5.81707229594993E-16));
#2581=CARTESIAN_POINT('Origin',(49.5,44.,0.));
#2582=CARTESIAN_POINT('',(44.25,44.,-2.));
#2583=CARTESIAN_POINT('Origin',(49.5,44.,-2.));
#2584=CARTESIAN_POINT('',(44.25,44.,-5.81707229594993E-16));
#2585=CARTESIAN_POINT('',(44.25,44.,0.));
#2586=CARTESIAN_POINT('Origin',(49.5,44.,-5.81707229594993E-16));
#2587=CARTESIAN_POINT('Origin',(-129.000000000005,157.2,13.4999999999994));
#2588=CARTESIAN_POINT('',(-129.000000000005,155.2,10.4499999999994));
#2589=CARTESIAN_POINT('Origin',(-129.000000000005,155.2,13.4999999999994));
#2590=CARTESIAN_POINT('',(-129.000000000005,157.2,10.4499999999994));
#2591=CARTESIAN_POINT('',(-129.000000000005,157.2,10.4499999999994));
#2592=CARTESIAN_POINT('Origin',(-129.000000000005,157.2,13.4999999999994));
#2593=CARTESIAN_POINT('Origin',(-43.0000000000051,157.2,13.4999999999994));
#2594=CARTESIAN_POINT('',(-43.0000000000051,155.2,10.4499999999995));
#2595=CARTESIAN_POINT('Origin',(-43.0000000000051,155.2,13.4999999999994));
#2596=CARTESIAN_POINT('',(-43.0000000000051,157.2,10.4499999999994));
#2597=CARTESIAN_POINT('',(-43.0000000000051,157.2,10.4499999999994));
#2598=CARTESIAN_POINT('Origin',(-43.0000000000051,157.2,13.4999999999994));
#2599=CARTESIAN_POINT('Origin',(42.9999999999949,157.2,13.4999999999994));
#2600=CARTESIAN_POINT('',(42.9999999999949,155.2,10.4499999999995));
#2601=CARTESIAN_POINT('Origin',(42.9999999999949,155.2,13.4999999999994));
#2602=CARTESIAN_POINT('',(42.9999999999949,157.2,10.4499999999994));
#2603=CARTESIAN_POINT('',(42.9999999999949,157.2,10.4499999999994));
#2604=CARTESIAN_POINT('Origin',(42.9999999999949,157.2,13.4999999999994));
#2605=CARTESIAN_POINT('Origin',(128.999999999995,157.2,13.4999999999994));
#2606=CARTESIAN_POINT('',(128.999999999995,155.2,10.4499999999995));
#2607=CARTESIAN_POINT('Origin',(128.999999999995,155.2,13.4999999999994));
#2608=CARTESIAN_POINT('',(128.999999999995,157.2,10.4499999999994));
#2609=CARTESIAN_POINT('',(128.999999999995,157.2,10.4499999999994));
#2610=CARTESIAN_POINT('Origin',(128.999999999995,157.2,13.4999999999994));
#2611=CARTESIAN_POINT('Origin',(-54.5808881132386,109.322362851747,-2.));
#2612=CARTESIAN_POINT('',(-51.6561893609582,108.654427818671,-2.));
#2613=CARTESIAN_POINT('',(-57.3145568886087,110.558103531083,-2.));
#2614=CARTESIAN_POINT('Origin',(-54.5808881132386,109.322362851747,-2.));
#2615=CARTESIAN_POINT('',(-51.6561893609582,108.654427818671,0.));
#2616=CARTESIAN_POINT('',(-51.6561893609582,108.654427818671,-2.));
#2617=CARTESIAN_POINT('',(-57.3145568886087,110.558103531083,-7.5317692060059E-17));
#2618=CARTESIAN_POINT('Origin',(-54.5808881132386,109.322362851747,0.));
#2619=CARTESIAN_POINT('',(-57.3145568886087,110.558103531083,-2.));
#2620=CARTESIAN_POINT('Origin',(90.8901923459267,29.,-2.));
#2621=CARTESIAN_POINT('',(90.8901923459267,26.,-2.));
#2622=CARTESIAN_POINT('',(93.6238611212969,30.2357406793363,-2.));
#2623=CARTESIAN_POINT('Origin',(90.8901923459267,29.,-2.));
#2624=CARTESIAN_POINT('',(90.8901923459267,26.,0.));
#2625=CARTESIAN_POINT('',(90.8901923459267,26.,-2.));
#2626=CARTESIAN_POINT('',(93.6238611212969,30.2357406793363,0.));
#2627=CARTESIAN_POINT('Origin',(90.8901923459267,29.,0.));
#2628=CARTESIAN_POINT('',(93.6238611212969,30.2357406793363,-2.));
#2629=CARTESIAN_POINT('Origin',(-66.1098076540732,134.8,-2.));
#2630=CARTESIAN_POINT('',(-63.3761388787031,133.564259320664,-2.));
#2631=CARTESIAN_POINT('',(-66.1098076540732,137.8,-2.));
#2632=CARTESIAN_POINT('Origin',(-66.1098076540732,134.8,-2.));
#2633=CARTESIAN_POINT('',(-63.3761388787031,133.564259320664,0.));
#2634=CARTESIAN_POINT('',(-63.3761388787031,133.564259320664,-2.));
#2635=CARTESIAN_POINT('',(-66.1098076540732,137.8,0.));
#2636=CARTESIAN_POINT('Origin',(-66.1098076540732,134.8,0.));
#2637=CARTESIAN_POINT('',(-66.1098076540732,137.8,-2.));
#2638=CARTESIAN_POINT('Origin',(-11.5,85.,0.));
#2639=CARTESIAN_POINT('',(-12.75,85.,-2.));
#2640=CARTESIAN_POINT('Origin',(-11.5,85.,-2.));
#2641=CARTESIAN_POINT('',(-12.75,85.,1.40222058502372E-15));
#2642=CARTESIAN_POINT('',(-12.75,85.,0.));
#2643=CARTESIAN_POINT('Origin',(-11.5,85.,1.40222058502372E-15));
#2644=CARTESIAN_POINT('Origin',(11.5,85.,0.));
#2645=CARTESIAN_POINT('',(10.25,85.,-2.));
#2646=CARTESIAN_POINT('Origin',(11.5,85.,-2.));
#2647=CARTESIAN_POINT('',(10.25,85.,1.40222058502372E-15));
#2648=CARTESIAN_POINT('',(10.25,85.,0.));
#2649=CARTESIAN_POINT('Origin',(11.5,85.,1.40222058502372E-15));
#2650=CARTESIAN_POINT('Origin',(-126.,0.,-28.));
#2651=CARTESIAN_POINT('',(-126.,2.,-24.5));
#2652=CARTESIAN_POINT('Origin',(-126.,2.,-28.));
#2653=CARTESIAN_POINT('',(-126.,1.10218211923262E-16,-24.5));
#2654=CARTESIAN_POINT('',(-126.,0.,-24.5));
#2655=CARTESIAN_POINT('Origin',(-126.,1.10218211923262E-16,-28.));
#2656=CARTESIAN_POINT('Origin',(-126.,0.,-13.));
#2657=CARTESIAN_POINT('',(-126.,2.,-9.50000000000003));
#2658=CARTESIAN_POINT('Origin',(-126.,2.,-13.));
#2659=CARTESIAN_POINT('',(-126.,1.10218211923262E-16,-9.50000000000003));
#2660=CARTESIAN_POINT('',(-126.,0.,-9.50000000000003));
#2661=CARTESIAN_POINT('Origin',(-126.,1.10218211923262E-16,-13.));
#2662=CARTESIAN_POINT('Origin',(126.,0.,-13.));
#2663=CARTESIAN_POINT('',(126.,2.,-9.50000000000003));
#2664=CARTESIAN_POINT('Origin',(126.,2.,-13.));
#2665=CARTESIAN_POINT('',(126.,1.10218211923262E-16,-9.50000000000003));
#2666=CARTESIAN_POINT('',(126.,0.,-9.50000000000003));
#2667=CARTESIAN_POINT('Origin',(126.,1.10218211923262E-16,-13.));
#2668=CARTESIAN_POINT('Origin',(126.,0.,-28.));
#2669=CARTESIAN_POINT('',(126.,2.,-24.5));
#2670=CARTESIAN_POINT('Origin',(126.,2.,-28.));
#2671=CARTESIAN_POINT('',(126.,1.10218211923262E-16,-24.5));
#2672=CARTESIAN_POINT('',(126.,0.,-24.5));
#2673=CARTESIAN_POINT('Origin',(126.,1.10218211923262E-16,-28.));
#2674=CARTESIAN_POINT('Origin',(131.35,91.,0.));
#2675=CARTESIAN_POINT('',(128.6,91.,-2.));
#2676=CARTESIAN_POINT('Origin',(131.35,91.,-2.));
#2677=CARTESIAN_POINT('',(128.6,91.,4.28626379701575E-17));
#2678=CARTESIAN_POINT('',(128.6,91.,0.));
#2679=CARTESIAN_POINT('Origin',(131.35,91.,4.28626379701575E-17));
#2680=CARTESIAN_POINT('Origin',(-131.35,90.9999999999999,0.));
#2681=CARTESIAN_POINT('',(-134.1,90.9999999999999,-2.));
#2682=CARTESIAN_POINT('Origin',(-131.35,90.9999999999999,-2.));
#2683=CARTESIAN_POINT('',(-134.1,90.9999999999999,4.28626379701575E-17));
#2684=CARTESIAN_POINT('',(-134.1,90.9999999999999,0.));
#2685=CARTESIAN_POINT('Origin',(-131.35,90.9999999999999,4.28626379701575E-17));
#2686=CARTESIAN_POINT('Origin',(-131.35,26.,0.));
#2687=CARTESIAN_POINT('',(-134.1,26.,-2.));
#2688=CARTESIAN_POINT('Origin',(-131.35,26.,-2.));
#2689=CARTESIAN_POINT('',(-134.1,26.,4.28626379701575E-17));
#2690=CARTESIAN_POINT('',(-134.1,26.,0.));
#2691=CARTESIAN_POINT('Origin',(-131.35,26.,4.28626379701575E-17));
#2692=CARTESIAN_POINT('Origin',(131.35,26.,0.));
#2693=CARTESIAN_POINT('',(128.6,26.,-2.));
#2694=CARTESIAN_POINT('Origin',(131.35,26.,-2.));
#2695=CARTESIAN_POINT('',(128.6,26.,4.28626379701575E-17));
#2696=CARTESIAN_POINT('',(128.6,26.,0.));
#2697=CARTESIAN_POINT('Origin',(131.35,26.,4.28626379701575E-17));
#2698=CARTESIAN_POINT('Origin',(0.,44.,-2.));
#2699=CARTESIAN_POINT('',(-27.,44.,-2.));
#2700=CARTESIAN_POINT('Origin',(0.,44.,-2.));
#2701=CARTESIAN_POINT('',(-27.,44.,0.));
#2702=CARTESIAN_POINT('',(-27.,44.,-2.));
#2703=CARTESIAN_POINT('Origin',(0.,44.,0.));
#2704=CARTESIAN_POINT('Origin',(-105.,11.,-40.));
#2705=CARTESIAN_POINT('',(-40.,11.,-2.));
#2706=CARTESIAN_POINT('',(-40.,11.,0.));
#2707=CARTESIAN_POINT('',(-40.,11.,-2.));
#2708=CARTESIAN_POINT('',(-105.,11.,0.));
#2709=CARTESIAN_POINT('',(-105.,11.,0.));
#2710=CARTESIAN_POINT('',(-105.,11.,-2.));
#2711=CARTESIAN_POINT('',(-105.,11.,-40.));
#2712=CARTESIAN_POINT('',(142.,11.,-2.));
#2713=CARTESIAN_POINT('Origin',(105.,11.,-40.));
#2714=CARTESIAN_POINT('',(105.,11.,-2.));
#2715=CARTESIAN_POINT('',(105.,4.39999999999999,-2.));
#2716=CARTESIAN_POINT('',(105.,152.8,-2.));
#2717=CARTESIAN_POINT('',(105.,4.39999999999999,0.));
#2718=CARTESIAN_POINT('',(105.,4.39999999999999,-2.));
#2719=CARTESIAN_POINT('',(105.,11.,0.));
#2720=CARTESIAN_POINT('',(105.,11.,0.));
#2721=CARTESIAN_POINT('',(105.,11.,-40.));
#2722=CARTESIAN_POINT('Origin',(105.,11.,-40.));
#2723=CARTESIAN_POINT('',(105.,1.99999999999999,-4.4));
#2724=CARTESIAN_POINT('',(105.,2.,-30.));
#2725=CARTESIAN_POINT('',(105.,2.,0.));
#2726=CARTESIAN_POINT('',(105.,0.,-30.));
#2727=CARTESIAN_POINT('',(105.,0.,-30.));
#2728=CARTESIAN_POINT('',(105.,0.,-4.4));
#2729=CARTESIAN_POINT('',(105.,0.,-40.));
#2730=CARTESIAN_POINT('',(105.,0.,-4.4));
#2731=CARTESIAN_POINT('Origin',(-105.,11.,-40.));
#2732=CARTESIAN_POINT('',(-105.,4.39999999999999,0.));
#2733=CARTESIAN_POINT('',(-105.,11.,0.));
#2734=CARTESIAN_POINT('',(-105.,4.39999999999999,-2.));
#2735=CARTESIAN_POINT('',(-105.,4.39999999999999,0.));
#2736=CARTESIAN_POINT('',(-105.,152.8,-2.));
#2737=CARTESIAN_POINT('Origin',(-105.,11.,-40.));
#2738=CARTESIAN_POINT('',(-105.,0.,-30.));
#2739=CARTESIAN_POINT('',(-105.,0.,-4.4));
#2740=CARTESIAN_POINT('',(-105.,0.,-40.));
#2741=CARTESIAN_POINT('',(-105.,2.,-30.));
#2742=CARTESIAN_POINT('',(-105.,2.,-30.));
#2743=CARTESIAN_POINT('',(-105.,1.99999999999999,-4.4));
#2744=CARTESIAN_POINT('',(-105.,2.,0.));
#2745=CARTESIAN_POINT('',(-105.,1.99999999999999,-4.4));
#2746=CARTESIAN_POINT('Origin',(142.,0.,0.));
#2747=CARTESIAN_POINT('',(-115.,0.,-40.));
#2748=CARTESIAN_POINT('',(-132.,0.,-40.));
#2749=CARTESIAN_POINT('',(142.,0.,-40.));
#2750=CARTESIAN_POINT('Origin',(-115.,0.,-30.));
#2751=CARTESIAN_POINT('',(-142.,0.,-4.4));
#2752=CARTESIAN_POINT('',(142.,0.,-4.4));
#2753=CARTESIAN_POINT('',(-142.,0.,-30.));
#2754=CARTESIAN_POINT('',(-142.,0.,0.));
#2755=CARTESIAN_POINT('Origin',(-132.,0.,-30.));
#2756=CARTESIAN_POINT('Origin',(142.,2.,-40.));
#2757=CARTESIAN_POINT('',(-115.,2.,-40.));
#2758=CARTESIAN_POINT('',(-132.,2.,-40.));
#2759=CARTESIAN_POINT('',(142.,2.,-40.));
#2760=CARTESIAN_POINT('',(-115.,0.,-40.));
#2761=CARTESIAN_POINT('',(-132.,2.,-40.));
#2762=CARTESIAN_POINT('Origin',(142.,2.,0.));
#2763=CARTESIAN_POINT('Origin',(-115.,2.,-30.));
#2764=CARTESIAN_POINT('',(-142.,2.,-30.));
#2765=CARTESIAN_POINT('Origin',(-132.,2.,-30.));
#2766=CARTESIAN_POINT('',(-142.,2.,-4.4));
#2767=CARTESIAN_POINT('',(-142.,2.,0.));
#2768=CARTESIAN_POINT('',(142.,2.,-4.4));
#2769=CARTESIAN_POINT('Origin',(142.,4.39999999999999,-4.4));
#2770=CARTESIAN_POINT('Origin',(-105.,4.39999999999999,-4.4));
#2771=CARTESIAN_POINT('',(-142.,4.39999999999999,-2.));
#2772=CARTESIAN_POINT('Origin',(-142.,4.39999999999999,-4.4));
#2773=CARTESIAN_POINT('',(142.,4.39999999999999,-2.));
#2774=CARTESIAN_POINT('Origin',(142.,4.39999999999999,-4.4));
#2775=CARTESIAN_POINT('Origin',(-105.,4.39999999999999,-4.4));
#2776=CARTESIAN_POINT('',(-142.,4.39999999999999,-2.99749936440514E-18));
#2777=CARTESIAN_POINT('',(142.,4.39999999999999,-2.99749936440514E-18));
#2778=CARTESIAN_POINT('Origin',(-142.,4.39999999999999,-4.4));
#2779=CARTESIAN_POINT('Origin',(142.,152.8,-1.04094977927524E-16));
#2780=CARTESIAN_POINT('',(-30.,7.70000000000001,0.));
#2781=CARTESIAN_POINT('Origin',(-40.,-5.80151515151513,0.));
#2782=CARTESIAN_POINT('',(-20.,4.39999999999999,0.));
#2783=CARTESIAN_POINT('Origin',(-20.,21.2015151515151,0.));
#2784=CARTESIAN_POINT('',(20.,4.39999999999999,0.));
#2785=CARTESIAN_POINT('',(-20.,4.39999999999999,0.));
#2786=CARTESIAN_POINT('',(30.,7.69999999999999,0.));
#2787=CARTESIAN_POINT('Origin',(20.,21.2015151515151,0.));
#2788=CARTESIAN_POINT('',(40.,11.,0.));
#2789=CARTESIAN_POINT('Origin',(40.,-5.80151515151513,0.));
#2790=CARTESIAN_POINT('',(-105.,11.,0.));
#2791=CARTESIAN_POINT('',(142.,4.39999999999999,-2.99749936440514E-18));
#2792=CARTESIAN_POINT('',(142.,4.39999999999999,-2.99749936440514E-18));
#2793=CARTESIAN_POINT('',(142.,152.8,-1.04094977927524E-16));
#2794=CARTESIAN_POINT('',(142.,152.8,-1.04094977927524E-16));
#2795=CARTESIAN_POINT('',(-142.,152.8,-1.04094977927524E-16));
#2796=CARTESIAN_POINT('',(142.,152.8,-1.04094977927524E-16));
#2797=CARTESIAN_POINT('',(-142.,152.8,-1.04094977927524E-16));
#2798=CARTESIAN_POINT('',(-93.6238611212969,30.2357406793363,0.));
#2799=CARTESIAN_POINT('',(-57.3145568886087,110.558103531083,0.));
#2800=CARTESIAN_POINT('',(-70.,28.3320649669246,0.));
#2801=CARTESIAN_POINT('',(-70.,28.3320649669246,0.));
#2802=CARTESIAN_POINT('',(-72.9246987522804,26.,0.));
#2803=CARTESIAN_POINT('Origin',(-72.9246987522804,29.,0.));
#2804=CARTESIAN_POINT('',(-90.8901923459267,26.,0.));
#2805=CARTESIAN_POINT('',(-90.8901923459267,26.,0.));
#2806=CARTESIAN_POINT('Origin',(-90.8901923459267,29.,0.));
#2807=CARTESIAN_POINT('',(51.6561893609582,108.654427818671,-7.40208132559709E-17));
#2808=CARTESIAN_POINT('',(70.,28.3320649669246,0.));
#2809=CARTESIAN_POINT('',(70.,28.3320649669246,0.));
#2810=CARTESIAN_POINT('',(57.3145568886087,110.558103531083,0.));
#2811=CARTESIAN_POINT('Origin',(54.5808881132386,109.322362851747,0.));
#2812=CARTESIAN_POINT('',(57.3145568886087,110.558103531083,0.));
#2813=CARTESIAN_POINT('',(72.9246987522804,26.,0.));
#2814=CARTESIAN_POINT('',(90.8901923459267,26.,0.));
#2815=CARTESIAN_POINT('Origin',(72.9246987522804,29.,0.));
#2816=CARTESIAN_POINT('',(112.,39.9195922038829,-2.71952164223754E-17));
#2817=CARTESIAN_POINT('',(112.,134.8,0.));
#2818=CARTESIAN_POINT('',(112.,134.8,0.));
#2819=CARTESIAN_POINT('',(106.26633122463,38.6838515245466,0.));
#2820=CARTESIAN_POINT('Origin',(109.,39.9195922038829,0.));
#2821=CARTESIAN_POINT('',(63.3761388787031,133.564259320664,0.));
#2822=CARTESIAN_POINT('',(106.26633122463,38.6838515245466,0.));
#2823=CARTESIAN_POINT('',(66.1098076540732,137.8,0.));
#2824=CARTESIAN_POINT('Origin',(66.1098076540732,134.8,0.));
#2825=CARTESIAN_POINT('',(109.,137.8,0.));
#2826=CARTESIAN_POINT('',(66.1098076540732,137.8,0.));
#2827=CARTESIAN_POINT('Origin',(109.,134.8,0.));
#2828=CARTESIAN_POINT('',(-27.,102.8,-7.0032485150193E-17));
#2829=CARTESIAN_POINT('',(27.,102.8,0.));
#2830=CARTESIAN_POINT('',(-27.,102.8,0.));
#2831=CARTESIAN_POINT('',(-30.,105.8,0.));
#2832=CARTESIAN_POINT('Origin',(-27.,105.8,0.));
#2833=CARTESIAN_POINT('',(-30.,134.8,0.));
#2834=CARTESIAN_POINT('',(-30.,134.8,0.));
#2835=CARTESIAN_POINT('',(-27.,137.8,0.));
#2836=CARTESIAN_POINT('Origin',(-27.,134.8,0.));
#2837=CARTESIAN_POINT('',(27.,137.8,0.));
#2838=CARTESIAN_POINT('',(-27.,137.8,0.));
#2839=CARTESIAN_POINT('',(30.,134.8,0.));
#2840=CARTESIAN_POINT('Origin',(27.,134.8,0.));
#2841=CARTESIAN_POINT('',(30.,105.8,0.));
#2842=CARTESIAN_POINT('',(30.,134.8,0.));
#2843=CARTESIAN_POINT('Origin',(27.,105.8,0.));
#2844=CARTESIAN_POINT('',(-106.26633122463,38.6838515245466,-2.63533682630844E-17));
#2845=CARTESIAN_POINT('',(-106.26633122463,38.6838515245466,0.));
#2846=CARTESIAN_POINT('',(-112.,39.9195922038829,0.));
#2847=CARTESIAN_POINT('Origin',(-109.,39.9195922038829,0.));
#2848=CARTESIAN_POINT('',(-112.,134.8,0.));
#2849=CARTESIAN_POINT('',(-112.,134.8,0.));
#2850=CARTESIAN_POINT('',(-109.,137.8,0.));
#2851=CARTESIAN_POINT('Origin',(-109.,134.8,0.));
#2852=CARTESIAN_POINT('',(-66.1098076540732,137.8,0.));
#2853=CARTESIAN_POINT('Origin',(142.,4.39999999999999,-2.99749936440514E-18));
#2854=CARTESIAN_POINT('',(142.,4.39999999999999,-2.));
#2855=CARTESIAN_POINT('',(142.,4.39999999999999,-2.99749936440514E-18));
#2856=CARTESIAN_POINT('',(142.,0.,-4.4));
#2857=CARTESIAN_POINT('Origin',(142.,4.39999999999999,-4.4));
#2858=CARTESIAN_POINT('',(142.,2.,-4.4));
#2859=CARTESIAN_POINT('',(142.,2.,-4.4));
#2860=CARTESIAN_POINT('Origin',(142.,4.39999999999999,-4.4));
#2861=CARTESIAN_POINT('Origin',(142.,2.,-4.4));
#2862=CARTESIAN_POINT('',(142.,152.8,-2.));
#2863=CARTESIAN_POINT('',(142.,152.8,-2.));
#2864=CARTESIAN_POINT('',(142.,152.8,-1.04094977927524E-16));
#2865=CARTESIAN_POINT('Origin',(-142.,0.,-4.4));
#2866=CARTESIAN_POINT('',(-142.,0.,-4.4));
#2867=CARTESIAN_POINT('',(-142.,4.39999999999999,-2.));
#2868=CARTESIAN_POINT('Origin',(-142.,4.39999999999999,-2.));
#2869=CARTESIAN_POINT('',(-142.,4.39999999999999,-30.));
#2870=CARTESIAN_POINT('Origin',(142.,0.,0.));
#2871=CARTESIAN_POINT('',(115.,0.,-40.));
#2872=CARTESIAN_POINT('Origin',(115.,0.,-30.));
#2873=CARTESIAN_POINT('',(132.,0.,-40.));
#2874=CARTESIAN_POINT('',(142.,0.,-40.));
#2875=CARTESIAN_POINT('',(142.,0.,-30.));
#2876=CARTESIAN_POINT('Origin',(132.,0.,-30.));
#2877=CARTESIAN_POINT('',(142.,0.,0.));
#2878=CARTESIAN_POINT('',(142.,0.,-4.4));
#2879=CARTESIAN_POINT('Origin',(142.,2.,-40.));
#2880=CARTESIAN_POINT('',(115.,2.,-40.));
#2881=CARTESIAN_POINT('',(115.,2.,-40.));
#2882=CARTESIAN_POINT('',(132.,2.,-40.));
#2883=CARTESIAN_POINT('',(142.,2.,-40.));
#2884=CARTESIAN_POINT('',(132.,2.,-40.));
#2885=CARTESIAN_POINT('Origin',(142.,2.,0.));
#2886=CARTESIAN_POINT('Origin',(115.,2.,-30.));
#2887=CARTESIAN_POINT('',(142.,2.,-4.4));
#2888=CARTESIAN_POINT('',(142.,2.,-30.));
#2889=CARTESIAN_POINT('',(142.,2.,0.));
#2890=CARTESIAN_POINT('Origin',(132.,2.,-30.));
#2891=CARTESIAN_POINT('Origin',(142.,4.39999999999999,-4.4));
#2892=CARTESIAN_POINT('Origin',(105.,4.39999999999999,-4.4));
#2893=CARTESIAN_POINT('',(142.,4.39999999999999,-2.));
#2894=CARTESIAN_POINT('Origin',(142.,152.8,-2.));
#2895=CARTESIAN_POINT('',(-142.,152.8,-1.99999999999999));
#2896=CARTESIAN_POINT('',(-142.,152.8,-2.));
#2897=CARTESIAN_POINT('',(142.,152.8,-2.));
#2898=CARTESIAN_POINT('',(40.,11.,-2.));
#2899=CARTESIAN_POINT('',(142.,11.,-2.));
#2900=CARTESIAN_POINT('',(30.,7.69999999999999,-2.));
#2901=CARTESIAN_POINT('Origin',(40.,-5.80151515151513,-2.));
#2902=CARTESIAN_POINT('',(20.,4.39999999999999,-2.));
#2903=CARTESIAN_POINT('Origin',(20.,21.2015151515151,-2.));
#2904=CARTESIAN_POINT('',(-20.,4.39999999999999,-2.));
#2905=CARTESIAN_POINT('',(-20.,4.39999999999999,-2.));
#2906=CARTESIAN_POINT('',(-30.,7.70000000000001,-2.));
#2907=CARTESIAN_POINT('Origin',(-20.,21.2015151515151,-2.));
#2908=CARTESIAN_POINT('Origin',(-40.,-5.80151515151513,-2.));
#2909=CARTESIAN_POINT('',(-93.6238611212969,30.2357406793363,-2.));
#2910=CARTESIAN_POINT('',(-57.3145568886087,110.558103531083,-2.));
#2911=CARTESIAN_POINT('',(-90.8901923459267,26.,-2.));
#2912=CARTESIAN_POINT('Origin',(-90.8901923459267,29.,-2.));
#2913=CARTESIAN_POINT('',(-72.9246987522804,26.,-2.));
#2914=CARTESIAN_POINT('',(-90.8901923459267,26.,-2.));
#2915=CARTESIAN_POINT('',(-70.,28.3320649669246,-2.));
#2916=CARTESIAN_POINT('Origin',(-72.9246987522804,29.,-2.));
#2917=CARTESIAN_POINT('',(-70.,28.3320649669246,-2.));
#2918=CARTESIAN_POINT('',(57.3145568886087,110.558103531083,-2.));
#2919=CARTESIAN_POINT('',(51.6561893609582,108.654427818671,-2.));
#2920=CARTESIAN_POINT('Origin',(54.5808881132386,109.322362851747,-2.));
#2921=CARTESIAN_POINT('',(70.,28.3320649669246,-2.));
#2922=CARTESIAN_POINT('',(70.,28.3320649669246,-2.));
#2923=CARTESIAN_POINT('',(72.9246987522804,26.,-2.));
#2924=CARTESIAN_POINT('Origin',(72.9246987522804,29.,-2.));
#2925=CARTESIAN_POINT('',(90.8901923459267,26.,-2.));
#2926=CARTESIAN_POINT('',(57.3145568886087,110.558103531083,-2.));
#2927=CARTESIAN_POINT('',(106.26633122463,38.6838515245466,-2.));
#2928=CARTESIAN_POINT('',(112.,39.9195922038829,-2.));
#2929=CARTESIAN_POINT('Origin',(109.,39.9195922038829,-2.));
#2930=CARTESIAN_POINT('',(112.,134.8,-2.));
#2931=CARTESIAN_POINT('',(112.,134.8,-2.));
#2932=CARTESIAN_POINT('',(109.,137.8,-2.));
#2933=CARTESIAN_POINT('Origin',(109.,134.8,-2.));
#2934=CARTESIAN_POINT('',(66.1098076540732,137.8,-2.));
#2935=CARTESIAN_POINT('',(66.1098076540732,137.8,-2.));
#2936=CARTESIAN_POINT('',(63.3761388787031,133.564259320664,-2.));
#2937=CARTESIAN_POINT('Origin',(66.1098076540732,134.8,-2.));
#2938=CARTESIAN_POINT('',(106.26633122463,38.6838515245466,-2.));
#2939=CARTESIAN_POINT('',(-30.,105.8,-2.));
#2940=CARTESIAN_POINT('',(-27.,102.8,-2.));
#2941=CARTESIAN_POINT('Origin',(-27.,105.8,-2.));
#2942=CARTESIAN_POINT('',(27.,102.8,-2.));
#2943=CARTESIAN_POINT('',(-27.,102.8,-2.));
#2944=CARTESIAN_POINT('',(30.,105.8,-2.));
#2945=CARTESIAN_POINT('Origin',(27.,105.8,-2.));
#2946=CARTESIAN_POINT('',(30.,134.8,-2.));
#2947=CARTESIAN_POINT('',(30.,134.8,-2.));
#2948=CARTESIAN_POINT('',(27.,137.8,-2.));
#2949=CARTESIAN_POINT('Origin',(27.,134.8,-2.));
#2950=CARTESIAN_POINT('',(-27.,137.8,-2.));
#2951=CARTESIAN_POINT('',(-27.,137.8,-2.));
#2952=CARTESIAN_POINT('',(-30.,134.8,-2.));
#2953=CARTESIAN_POINT('Origin',(-27.,134.8,-2.));
#2954=CARTESIAN_POINT('',(-30.,134.8,-2.));
#2955=CARTESIAN_POINT('',(-112.,39.9195922038829,-2.));
#2956=CARTESIAN_POINT('',(-106.26633122463,38.6838515245466,-2.));
#2957=CARTESIAN_POINT('Origin',(-109.,39.9195922038829,-2.));
#2958=CARTESIAN_POINT('',(-106.26633122463,38.6838515245466,-2.));
#2959=CARTESIAN_POINT('',(-109.,137.8,-2.));
#2960=CARTESIAN_POINT('',(-66.1098076540732,137.8,-2.));
#2961=CARTESIAN_POINT('',(-112.,134.8,-2.));
#2962=CARTESIAN_POINT('Origin',(-109.,134.8,-2.));
#2963=CARTESIAN_POINT('',(-112.,134.8,-2.));
#2964=CARTESIAN_POINT('Origin',(142.,4.39999999999999,-4.4));
#2965=CARTESIAN_POINT('Origin',(105.,4.39999999999999,-4.4));
#2966=CARTESIAN_POINT('Origin',(142.,4.39999999999999,-4.4));
#2967=CARTESIAN_POINT('',(142.,4.39999999999999,-30.));
#2968=CARTESIAN_POINT('Origin',(-142.,4.39999999999999,-4.4));
#2969=CARTESIAN_POINT('',(-142.,152.8,-1.04094977927524E-16));
#2970=CARTESIAN_POINT('Origin',(-105.,11.,-40.));
#2971=CARTESIAN_POINT('Origin',(105.,11.,-40.));
#2972=CARTESIAN_POINT('Origin',(-105.,11.,-40.));
#2973=CARTESIAN_POINT('',(40.,11.,-2.));
#2974=CARTESIAN_POINT('Origin',(-115.,2.,-30.));
#2975=CARTESIAN_POINT('Origin',(115.,2.,-30.));
#2976=CARTESIAN_POINT('Origin',(-132.,4.39999999999999,-30.));
#2977=CARTESIAN_POINT('Origin',(132.,2.,-30.));
#2978=CARTESIAN_POINT('Origin',(142.,152.8,2.39999999999999));
#2979=CARTESIAN_POINT('',(142.,155.2,2.39999999999999));
#2980=CARTESIAN_POINT('',(142.,157.2,2.39999999999998));
#2981=CARTESIAN_POINT('',(142.,157.2,2.39999999999998));
#2982=CARTESIAN_POINT('Origin',(142.,152.8,2.39999999999999));
#2983=CARTESIAN_POINT('Origin',(142.,152.8,2.39999999999999));
#2984=CARTESIAN_POINT('Origin',(-142.,152.8,2.39999999999999));
#2985=CARTESIAN_POINT('',(-142.,155.2,2.39999999999999));
#2986=CARTESIAN_POINT('Origin',(-142.,152.8,2.39999999999999));
#2987=CARTESIAN_POINT('',(-142.,157.2,2.39999999999998));
#2988=CARTESIAN_POINT('',(-142.,155.2,2.39999999999999));
#2989=CARTESIAN_POINT('Origin',(-142.,152.8,2.39999999999999));
#2990=CARTESIAN_POINT('Origin',(-142.,152.8,2.39999999999999));
#2991=CARTESIAN_POINT('',(142.,157.2,2.39999999999998));
#2992=CARTESIAN_POINT('Origin',(-142.,152.8,2.39999999999999));
#2993=CARTESIAN_POINT('',(142.,155.2,2.39999999999999));
#2994=CARTESIAN_POINT('Origin',(-142.,157.2,23.));
#2995=CARTESIAN_POINT('',(-142.,155.2,18.));
#2996=CARTESIAN_POINT('',(-142.,155.2,23.));
#2997=CARTESIAN_POINT('',(-142.,157.2,18.));
#2998=CARTESIAN_POINT('',(-142.,157.2,18.));
#2999=CARTESIAN_POINT('',(-142.,157.2,-5.60166649838107E-13));
#3000=CARTESIAN_POINT('Origin',(142.,157.2,-7.09005515497824E-15));
#3001=CARTESIAN_POINT('',(142.,157.2,18.));
#3002=CARTESIAN_POINT('',(142.,157.2,-5.60166649838107E-13));
#3003=CARTESIAN_POINT('',(142.,155.2,18.));
#3004=CARTESIAN_POINT('',(142.,157.2,18.));
#3005=CARTESIAN_POINT('',(142.,155.2,1.50529788229307E-16));
#3006=CARTESIAN_POINT('Origin',(0.,157.2,-5.60166649838107E-13));
#3007=CARTESIAN_POINT('',(-137.,157.2,23.));
#3008=CARTESIAN_POINT('Origin',(-137.,157.2,18.));
#3009=CARTESIAN_POINT('',(137.,157.2,23.));
#3010=CARTESIAN_POINT('',(0.,157.2,23.));
#3011=CARTESIAN_POINT('Origin',(137.,157.2,18.));
#3012=CARTESIAN_POINT('Origin',(0.,155.2,-5.5318232466071E-13));
#3013=CARTESIAN_POINT('',(-137.,155.2,23.));
#3014=CARTESIAN_POINT('',(137.,155.2,23.));
#3015=CARTESIAN_POINT('',(142.,155.2,23.));
#3016=CARTESIAN_POINT('Origin',(-137.,155.2,18.));
#3017=CARTESIAN_POINT('Origin',(137.,155.2,18.));
#3018=CARTESIAN_POINT('Origin',(142.,157.2,23.));
#3019=CARTESIAN_POINT('',(-137.,157.2,23.));
#3020=CARTESIAN_POINT('',(137.,157.2,23.));
#3021=CARTESIAN_POINT('Origin',(-137.,157.2,18.));
#3022=CARTESIAN_POINT('Origin',(137.,157.2,18.));
#3023=CARTESIAN_POINT('Origin',(-40.,-5.80151515151513,-2.));
#3024=CARTESIAN_POINT('',(-30.,7.70000000000001,-2.));
#3025=CARTESIAN_POINT('Origin',(40.,-5.80151515151513,-2.));
#3026=CARTESIAN_POINT('',(30.,7.69999999999999,-2.));
#3027=CARTESIAN_POINT('Origin',(20.,21.2015151515151,-2.));
#3028=CARTESIAN_POINT('',(20.,4.39999999999999,-2.));
#3029=CARTESIAN_POINT('Origin',(-20.,4.39999999999999,-2.));
#3030=CARTESIAN_POINT('',(-20.,4.39999999999999,-2.));
#3031=CARTESIAN_POINT('Origin',(-20.,21.2015151515151,-2.));
#3032=CARTESIAN_POINT('Origin',(-109.,39.9195922038829,-2.));
#3033=CARTESIAN_POINT('',(-106.26633122463,38.6838515245466,-2.));
#3034=CARTESIAN_POINT('',(-112.,39.9195922038829,-2.));
#3035=CARTESIAN_POINT('Origin',(-112.,134.8,-2.));
#3036=CARTESIAN_POINT('',(-112.,134.8,-2.));
#3037=CARTESIAN_POINT('Origin',(-109.,134.8,-2.));
#3038=CARTESIAN_POINT('',(-109.,137.8,-2.));
#3039=CARTESIAN_POINT('Origin',(-66.1098076540732,137.8,-2.));
#3040=CARTESIAN_POINT('Origin',(-106.26633122463,38.6838515245466,-2.));
#3041=CARTESIAN_POINT('Origin',(-27.,105.8,-2.));
#3042=CARTESIAN_POINT('',(-27.,102.8,-2.));
#3043=CARTESIAN_POINT('',(-30.,105.8,-2.));
#3044=CARTESIAN_POINT('Origin',(-30.,134.8,-2.));
#3045=CARTESIAN_POINT('',(-30.,134.8,-2.));
#3046=CARTESIAN_POINT('Origin',(-27.,134.8,-2.));
#3047=CARTESIAN_POINT('',(-27.,137.8,-2.));
#3048=CARTESIAN_POINT('Origin',(-27.,137.8,-2.));
#3049=CARTESIAN_POINT('',(27.,137.8,-2.));
#3050=CARTESIAN_POINT('Origin',(27.,134.8,-2.));
#3051=CARTESIAN_POINT('',(30.,134.8,-2.));
#3052=CARTESIAN_POINT('Origin',(30.,134.8,-2.));
#3053=CARTESIAN_POINT('',(30.,105.8,-2.));
#3054=CARTESIAN_POINT('Origin',(27.,105.8,-2.));
#3055=CARTESIAN_POINT('',(27.,102.8,-2.));
#3056=CARTESIAN_POINT('Origin',(-27.,102.8,-2.));
#3057=CARTESIAN_POINT('Origin',(109.,39.9195922038829,-2.));
#3058=CARTESIAN_POINT('',(112.,39.9195922038829,-2.));
#3059=CARTESIAN_POINT('',(106.26633122463,38.6838515245466,-2.));
#3060=CARTESIAN_POINT('Origin',(106.26633122463,38.6838515245466,-2.));
#3061=CARTESIAN_POINT('',(63.3761388787031,133.564259320664,-2.));
#3062=CARTESIAN_POINT('Origin',(66.1098076540732,134.8,-2.));
#3063=CARTESIAN_POINT('',(66.1098076540732,137.8,-2.));
#3064=CARTESIAN_POINT('Origin',(66.1098076540732,137.8,-2.));
#3065=CARTESIAN_POINT('',(109.,137.8,-2.));
#3066=CARTESIAN_POINT('Origin',(109.,134.8,-2.));
#3067=CARTESIAN_POINT('',(112.,134.8,-2.));
#3068=CARTESIAN_POINT('Origin',(112.,134.8,-2.));
#3069=CARTESIAN_POINT('Origin',(54.5808881132386,109.322362851747,-2.));
#3070=CARTESIAN_POINT('',(51.6561893609582,108.654427818671,-2.));
#3071=CARTESIAN_POINT('',(57.3145568886087,110.558103531083,-2.));
#3072=CARTESIAN_POINT('Origin',(57.3145568886087,110.558103531083,-2.));
#3073=CARTESIAN_POINT('Origin',(90.8901923459267,26.,-2.));
#3074=CARTESIAN_POINT('',(72.9246987522804,26.,-2.));
#3075=CARTESIAN_POINT('Origin',(72.9246987522804,29.,-2.));
#3076=CARTESIAN_POINT('',(70.,28.3320649669246,-2.));
#3077=CARTESIAN_POINT('Origin',(70.,28.3320649669246,-2.));
#3078=CARTESIAN_POINT('Origin',(-70.,28.3320649669246,-2.));
#3079=CARTESIAN_POINT('',(-70.,28.3320649669246,-2.));
#3080=CARTESIAN_POINT('Origin',(-72.9246987522804,29.,-2.));
#3081=CARTESIAN_POINT('',(-72.9246987522804,26.,-2.));
#3082=CARTESIAN_POINT('Origin',(-90.8901923459267,26.,-2.));
#3083=CARTESIAN_POINT('',(-90.8901923459267,26.,-2.));
#3084=CARTESIAN_POINT('Origin',(-90.8901923459267,29.,-2.));
#3085=CARTESIAN_POINT('',(-93.6238611212969,30.2357406793363,-2.));
#3086=CARTESIAN_POINT('Origin',(-57.3145568886087,110.558103531083,-2.));
#3087=UNCERTAINTY_MEASURE_WITH_UNIT(LENGTH_MEASURE(0.01),#3091,
'DISTANCE_ACCURACY_VALUE',
'Maximum model space distance between geometric entities at asserted c
onnectivities');
#3088=UNCERTAINTY_MEASURE_WITH_UNIT(LENGTH_MEASURE(0.01),#3091,
'DISTANCE_ACCURACY_VALUE',
'Maximum model space distance between geometric entities at asserted c
onnectivities');
#3089=(
GEOMETRIC_REPRESENTATION_CONTEXT(3)
GLOBAL_UNCERTAINTY_ASSIGNED_CONTEXT((#3087))
GLOBAL_UNIT_ASSIGNED_CONTEXT((#3091,#3093,#3094))
REPRESENTATION_CONTEXT('','3D')
);
#3090=(
GEOMETRIC_REPRESENTATION_CONTEXT(3)
GLOBAL_UNCERTAINTY_ASSIGNED_CONTEXT((#3088))
GLOBAL_UNIT_ASSIGNED_CONTEXT((#3091,#3093,#3094))
REPRESENTATION_CONTEXT('','3D')
);
#3091=(
LENGTH_UNIT()
NAMED_UNIT(*)
SI_UNIT(.MILLI.,.METRE.)
);
#3092=(
LENGTH_UNIT()
NAMED_UNIT(*)
SI_UNIT($,.METRE.)
);
#3093=(
NAMED_UNIT(*)
PLANE_ANGLE_UNIT()
SI_UNIT($,.RADIAN.)
);
#3094=(
NAMED_UNIT(*)
SI_UNIT($,.STERADIAN.)
SOLID_ANGLE_UNIT()
);
#3095=SHAPE_DEFINITION_REPRESENTATION(#3096,#3097);
#3096=PRODUCT_DEFINITION_SHAPE('',$,#3099);
#3097=SHAPE_REPRESENTATION('',(#1835),#3089);
#3098=PRODUCT_DEFINITION_CONTEXT('part definition',#3103,'design');
#3099=PRODUCT_DEFINITION('MMP.03.00.00.001 Wheel bracket outer',
'Wheel bracket outer v1',#3100,#3098);
#3100=PRODUCT_DEFINITION_FORMATION('',$,#3105);
#3101=PRODUCT_RELATED_PRODUCT_CATEGORY('Wheel bracket outer v1',
'Wheel bracket outer v1',(#3105));
#3102=APPLICATION_PROTOCOL_DEFINITION('international standard',
'automotive_design',2009,#3103);
#3103=APPLICATION_CONTEXT(
'Core Data for Automotive Mechanical Design Process');
#3104=PRODUCT_CONTEXT('part definition',#3103,'mechanical');
#3105=PRODUCT('MMP.03.00.00.001 Wheel bracket outer',
'Wheel bracket outer v1','STEP AP203',(#3104));
#3106=PRESENTATION_STYLE_ASSIGNMENT((#3107));
#3107=SURFACE_STYLE_USAGE(.BOTH.,#3108);
#3108=SURFACE_SIDE_STYLE('',(#3109));
#3109=SURFACE_STYLE_FILL_AREA(#3110);
#3110=FILL_AREA_STYLE('Steel - Satin',(#3111));
#3111=FILL_AREA_STYLE_COLOUR('Steel - Satin',#3112);
#3112=COLOUR_RGB('Steel - Satin',0.627450980392157,0.627450980392157,0.627450980392157);
ENDSEC;
END-ISO-10303-21;
